/*--------------------------------*- C++ -*----------------------------------*\
  =========                 |
  \\      /  F ield         | OpenFOAM: The Open Source CFD Toolbox
   \\    /   O peration     | Website:  https://openfoam.org
    \\  /    A nd           | Version:  7
     \\/     M anipulation  |
\*---------------------------------------------------------------------------*/
FoamFile
{
    version     2.0;
    format      ascii;
    class       volScalarField;
    location    "1.6";
    object      p;
}
// * * * * * * * * * * * * * * * * * * * * * * * * * * * * * * * * * * * * * //

dimensions      [1 -1 -2 0 0 0 0];

internalField   nonuniform List<scalar> 
59904
(
1
1
1
1
1
1
1
1
1
1
1
1
1
1
1
1
1
1
1
1
1
1
1
1
1
1
1
1
1
1
1
1
1
1
1
1
1
1
1
1
1
1
1
1
1
1
1
1
1
1
1
6.29597
10.5452
10.6068
10.6588
10.7242
10.7894
10.8512
10.9066
10.9565
11.0055
11.0584
11.1164
11.1766
11.2343
11.2881
11.3363
11.3763
11.4111
11.4422
11.4722
11.5082
11.5513
11.5998
11.6483
11.6879
11.717
11.7419
11.7676
11.7958
11.8247
11.8514
11.8771
11.9057
11.9396
11.9756
12.0063
12.0278
12.0425
12.0545
12.0675
12.0845
12.0986
12.1053
12.1044
12.1021
1
1
1
1
1
1
1
1
1
1
1
1
1
1
1
1
1
1
1
1
1
1
1
1
1
1
1
1
1
1
1
1
1
1
1
1
1
1
1
1
1
1
1
1
1
1
1
1
1
1
1
6.24923
10.5235
10.6096
10.659
10.7246
10.7898
10.8513
10.9065
10.9565
11.0052
11.0574
11.1146
11.1742
11.2314
11.2851
11.3332
11.3734
11.4088
11.4409
11.4717
11.5079
11.5505
11.5979
11.6454
11.6856
11.7167
11.7433
11.7695
11.7968
11.8243
11.8505
11.8764
11.9051
11.9379
11.9719
12.0011
12.0225
12.0382
12.0514
12.0648
12.0814
12.095
12.1019
12.1022
12.1004
1
1
1
1
1
1
1
1
1
1
1
1
1
1
1
1
1
1
1
1
1
1
1
1
1
1
1
1
1
1
1
1
1
1
1
1
1
1
1
1
1
1
1
1
1
1
1
1
1
1
1
6.15737
10.5057
10.607
10.6558
10.7221
10.7878
10.8498
10.9054
10.9556
11.0042
11.0552
11.1107
11.1689
11.2253
11.2791
11.3273
11.3678
11.404
11.4375
11.4695
11.5064
11.5481
11.5938
11.6397
11.6807
11.7146
11.7439
11.7709
11.7972
11.8234
11.8492
11.8756
11.9039
11.9348
11.9659
11.9932
12.0147
12.0321
12.0467
12.0604
12.0757
12.0882
12.0958
12.0987
12.0988
1
1
1
1
1
1
1
1
1
1
1
1
1
1
1
1
1
1
1
1
1
1
1
1
1
1
1
1
1
1
1
1
1
1
1
1
1
1
1
1
1
1
1
1
1
1
1
1
1
1
1
6.02021
10.4818
10.6026
10.6517
10.7186
10.7843
10.8465
10.9026
10.9532
11.0015
11.0514
11.105
11.1613
11.2163
11.2701
11.3188
11.3598
11.3969
11.4316
11.4648
11.5027
11.544
11.5883
11.6326
11.6741
11.7105
11.7425
11.7707
11.7967
11.8221
11.8477
11.8737
11.9006
11.9286
11.9566
11.9827
12.0053
12.0245
12.0402
12.0535
12.0669
12.0783
12.0869
12.0928
12.095
1
1
1
1
1
1
1
1
1
1
1
1
1
1
1
1
1
1
1
1
1
1
1
1
1
1
1
1
1
1
1
1
1
1
1
1
1
1
1
1
1
1
1
1
1
1
1
1
1
1
1
5.83598
10.4536
10.5972
10.6478
10.7147
10.7788
10.8399
10.896
10.9475
10.9967
11.0463
11.0986
11.153
11.2065
11.2602
11.3093
11.351
11.3888
11.4243
11.4581
11.4969
11.5382
11.5815
11.6242
11.6655
11.7034
11.7374
11.767
11.7936
11.8193
11.845
11.8702
11.8948
11.9195
11.9448
11.9706
11.9952
12.016
12.032
12.0444
12.0557
12.0661
12.0759
12.0846
12.0889
1
1
1
1
1
1
1
1
1
1
1
1
1
1
1
1
1
1
1
1
1
1
1
1
1
1
1
1
1
1
1
1
1
1
1
1
1
1
1
1
1
1
1
1
1
1
1
1
1
1
1
5.60567
10.4186
10.5911
10.644
10.7099
10.7716
10.8305
10.886
10.9386
10.9898
11.0406
11.0929
11.1455
11.197
11.2491
11.2979
11.3398
11.378
11.414
11.4482
11.4882
11.5305
11.5738
11.6154
11.6559
11.6939
11.7287
11.7591
11.7868
11.8136
11.84
11.8643
11.8864
11.9081
11.9316
11.9577
11.9841
12.0061
12.0216
12.0328
12.0425
12.0524
12.0631
12.0736
12.0791
1
1
1
1
1
1
1
1
1
1
1
1
1
1
1
1
1
1
1
1
1
1
1
1
1
1
1
1
1
1
1
1
1
1
1
1
1
1
1
1
1
1
1
1
1
1
1
1
1
1
1
5.33304
10.3725
10.5838
10.6394
10.7037
10.7631
10.8197
10.874
10.9275
10.981
11.0339
11.0869
11.1377
11.1871
11.2371
11.2854
11.3273
11.366
11.4019
11.4366
11.4777
11.5216
11.5656
11.6064
11.6453
11.6821
11.7164
11.7469
11.7755
11.8035
11.8307
11.8546
11.8752
11.8951
11.9176
11.9438
11.9711
11.9931
12.0078
12.0185
12.0278
12.0379
12.0491
12.0596
12.0654
1
1
1
1
1
1
1
1
1
1
1
1
1
1
1
1
1
1
1
1
1
1
1
1
1
1
1
1
1
1
1
1
1
1
1
1
1
1
1
1
1
1
1
1
1
1
1
1
1
1
1
5.02035
10.3129
10.5749
10.6331
10.6953
10.753
10.8075
10.8604
10.9146
10.9703
11.0256
11.0797
11.1289
11.1764
11.2242
11.2724
11.3146
11.3536
11.3891
11.4235
11.465
11.5104
11.5553
11.5958
11.6331
11.6681
11.7012
11.7315
11.7604
11.7889
11.8166
11.8409
11.8616
11.8815
11.9038
11.9292
11.9555
11.9763
11.9903
12.0013
12.0117
12.0227
12.0336
12.0425
12.0474
1
1
1
1
1
1
1
1
1
1
1
1
1
1
1
1
1
1
1
1
1
1
1
1
1
1
1
1
1
1
1
1
1
1
1
1
1
1
1
1
1
1
1
1
1
1
1
1
1
1
1
4.67247
10.2328
10.5641
10.624
10.6847
10.742
10.7956
10.8472
10.9013
10.9581
11.0153
11.07
11.118
11.1637
11.2106
11.2594
11.3025
11.3417
11.3756
11.4088
11.4497
11.4961
11.5422
11.5828
11.619
11.6521
11.6839
11.7135
11.7422
11.7703
11.798
11.8233
11.8456
11.8672
11.8897
11.9134
11.9365
11.9551
11.9688
11.9811
11.9937
12.0061
12.0163
12.0224
12.0256
1
1
1
1
1
1
1
1
1
1
1
1
1
1
1
1
1
1
1
1
1
1
1
1
1
1
1
1
1
1
1
1
1
1
1
1
1
1
1
1
1
1
1
1
1
1
1
1
1
1
1
4.29356
10.1254
10.5521
10.6129
10.6735
10.7301
10.783
10.8333
10.8872
10.9449
11.0039
11.0585
11.1053
11.1487
11.1952
11.2451
11.2897
11.3298
11.3619
11.3932
11.4324
11.4789
11.5258
11.5669
11.6024
11.6339
11.664
11.6927
11.7209
11.7485
11.776
11.8026
11.8273
11.8512
11.8742
11.8956
11.9146
11.9305
11.944
11.9579
11.973
11.9868
11.9962
11.9994
12.001
1
1
1
1
1
1
1
1
1
1
1
1
1
1
1
1
1
1
1
1
1
1
1
1
1
1
1
1
1
1
1
1
1
1
1
1
1
1
1
1
1
1
1
1
1
1
1
1
1
1
1
3.88755
9.98412
10.5389
10.6007
10.6618
10.7179
10.7703
10.8198
10.8728
10.9308
10.9907
11.0443
11.0889
11.1303
11.1765
11.2276
11.275
11.317
11.348
11.3773
11.4143
11.4592
11.5059
11.5477
11.5833
11.6136
11.642
11.6693
11.697
11.7244
11.7517
11.7792
11.8059
11.8319
11.8552
11.8742
11.8896
11.9033
11.9165
11.9314
11.9486
11.9636
11.9728
11.9743
11.9751
1
1
1
1
1
1
1
1
1
1
1
1
1
1
1
1
1
1
1
1
1
1
1
1
1
1
1
1
1
1
1
1
1
1
1
1
1
1
1
1
1
1
1
1
1
1
1
1
1
1
1
3.46185
9.8053
10.53
10.5862
10.6475
10.7015
10.753
10.8028
10.8558
10.9151
10.9756
11.0286
11.0712
11.1104
11.1547
11.2053
11.2561
11.3006
11.3329
11.3609
11.3959
11.4381
11.484
11.5267
11.5629
11.5919
11.6182
11.6437
11.6706
11.698
11.7253
11.753
11.7805
11.8079
11.8313
11.8487
11.8622
11.8749
11.8878
11.9027
11.9202
11.9354
11.9448
11.9465
11.9479
1
1
1
1
1
1
1
1
1
1
1
1
1
1
1
1
1
1
1
1
1
1
1
1
1
1
1
1
1
1
1
1
1
1
1
1
1
1
1
1
1
1
1
1
1
1
1
1
1
1
1
3.02182
9.57442
10.5254
10.5721
10.6341
10.686
10.7353
10.7852
10.8392
10.8998
10.9611
11.0133
11.0539
11.0898
11.1303
11.1788
11.2319
11.279
11.3143
11.3434
11.3768
11.4162
11.4608
11.5043
11.5411
11.5689
11.5928
11.6159
11.6417
11.6691
11.6964
11.7241
11.7514
11.7788
11.8022
11.8194
11.8329
11.8453
11.8577
11.8713
11.887
11.9013
11.9116
11.9154
11.9189
1
1
1
1
1
1
1
1
1
1
1
1
1
1
1
1
1
1
1
1
1
1
1
1
1
1
1
1
1
1
1
1
1
1
1
1
1
1
1
1
1
1
1
1
1
1
1
1
1
1
1
2.58031
9.27423
10.5256
10.5582
10.618
10.6683
10.7168
10.7665
10.821
10.8834
10.9454
10.9971
11.0365
11.0697
11.1063
11.152
11.2048
11.2533
11.291
11.3222
11.3555
11.3935
11.4368
11.4811
11.5187
11.5453
11.5668
11.5869
11.6108
11.6374
11.6645
11.6918
11.7181
11.7445
11.7675
11.7859
11.8011
11.814
11.8256
11.837
11.8496
11.8622
11.8736
11.881
11.8876
1
1
1
1
1
1
1
1
1
1
1
1
1
1
1
1
1
1
1
1
1
1
1
1
1
1
1
1
1
1
1
1
1
1
1
1
1
1
1
1
1
1
1
1
1
1
1
1
1
1
1
2.16458
8.90104
10.5295
10.5455
10.6048
10.6505
10.6968
10.7467
10.8025
10.8652
10.9277
10.9793
11.0182
11.05
11.0842
11.1271
11.1776
11.2247
11.2639
11.2969
11.3312
11.3691
11.4112
11.456
11.4945
11.5207
11.5404
11.5575
11.5786
11.6033
11.6292
11.6557
11.6807
11.7055
11.7283
11.7484
11.7658
11.7799
11.7909
11.7998
11.8088
11.8196
11.8322
11.8429
11.8527
1
1
1
1
1
1
1
1
1
1
1
1
1
1
1
1
1
1
1
1
1
1
1
1
1
1
1
1
1
1
1
1
1
1
1
1
1
1
1
1
1
1
1
1
1
1
1
1
1
1
1
1.788
8.43529
10.5194
10.5272
10.5869
10.6283
10.6731
10.7215
10.7785
10.8426
10.906
10.9575
10.9959
11.027
11.0603
11.1019
11.1499
11.1968
11.2369
11.2704
11.3049
11.3423
11.3822
11.4276
11.4677
11.495
11.5138
11.5283
11.5456
11.5667
11.5902
11.6155
11.6394
11.663
11.6859
11.7075
11.7269
11.7424
11.7528
11.7592
11.7649
11.7739
11.7867
11.7994
11.8114
1
1
1
1
1
1
1
1
1
1
1
1
1
1
1
1
1
1
1
1
1
1
1
1
1
1
1
1
1
1
1
1
1
1
1
1
1
1
1
1
1
1
1
1
1
1
1
1
1
1
1
1.4691
7.88413
10.4875
10.5064
10.5617
10.6012
10.6489
10.6994
10.7574
10.822
10.8852
10.9363
10.974
11.0043
11.0363
11.0755
11.1208
11.1669
11.2067
11.2396
11.2734
11.3094
11.3471
11.3931
11.4357
11.466
11.4856
11.4986
11.5119
11.5281
11.548
11.5717
11.5948
11.618
11.6409
11.6631
11.6833
11.6992
11.709
11.7139
11.7178
11.7258
11.7382
11.751
11.764
1
1
1
1
1
1
1
1
1
1
1
1
1
1
1
1
1
1
1
1
1
1
1
1
1
1
1
1
1
1
1
1
1
1
1
1
1
1
1
1
1
1
1
1
1
1
1
1
1
1
1
1.18828
7.25362
10.4588
10.4874
10.5369
10.5782
10.6225
10.6697
10.7242
10.7876
10.8514
10.9045
10.9439
10.9749
11.0066
11.0449
11.0894
11.1359
11.1761
11.2085
11.2409
11.2749
11.3108
11.3567
11.4015
11.4347
11.4554
11.4663
11.4747
11.4856
11.502
11.5246
11.548
11.5717
11.5942
11.6153
11.6347
11.6502
11.6597
11.6644
11.668
11.6751
11.686
11.6965
11.7085
1
1
1
1
1
1
1
1
1
1
1
1
1
1
1
1
1
1
1
1
1
1
1
1
1
1
1
1
1
1
1
1
1
1
1
1
1
1
1
1
1
1
1
1
1
1
1
1
1
1
1
1.0093
6.52334
10.3908
10.4476
10.5009
10.5513
10.5995
10.6492
10.7035
10.7646
10.8269
10.8806
10.9208
10.9507
10.9799
11.0145
11.0564
11.1029
11.1447
11.1779
11.2087
11.2392
11.2702
11.3122
11.3574
11.3936
11.4166
11.4278
11.4336
11.4408
11.455
11.4767
11.5001
11.5237
11.5447
11.5628
11.58
11.5947
11.6049
11.6108
11.615
11.6212
11.6292
11.6356
11.6452
1
1
1
1
1
1
1
1
1
1
1
1
1
1
1
1
1
1
1
1
1
1
1
1
1
1
1
1
1
1
1
1
1
1
1
1
1
1
1
1
1
1
1
1
1
1
1
1
1
1
1
1.00006
5.66759
10.2466
10.3981
10.4619
10.5242
10.5751
10.6239
10.6751
10.7327
10.793
10.8477
10.8891
10.9186
10.946
10.978
11.0183
11.0656
11.1098
11.1445
11.1743
11.202
11.2289
11.267
11.3113
11.3493
11.3739
11.3852
11.3892
11.3939
11.4063
11.4272
11.4503
11.4731
11.4917
11.5058
11.5203
11.5342
11.5457
11.5532
11.5578
11.5618
11.5656
11.5668
11.5732
1
1
1
1
1
1
1
1
1
1
1
1
1
1
1
1
1
1
1
1
1
1
1
1
1
1
1
1
1
1
1
1
1
1
1
1
1
1
1
1
1
1
1
1
1
1
1
1
1
1
1
1
4.74262
10.0589
10.3681
10.4355
10.5023
10.5543
10.6026
10.6514
10.7053
10.7631
10.8181
10.8599
10.8891
10.9146
10.944
10.9818
11.0286
11.0742
11.11
11.139
11.1641
11.1877
11.2212
11.2626
11.3003
11.3255
11.337
11.3403
11.3439
11.3553
11.3757
11.3981
11.4196
11.4345
11.4433
11.4541
11.4669
11.4798
11.4891
11.4939
11.4954
11.4947
11.4913
11.4948
1
1
1
1
1
1
1
1
1
1
1
1
1
1
1
1
1
1
1
1
1
1
1
1
1
1
1
1
1
1
1
1
1
1
1
1
1
1
1
1
1
1
1
1
1
1
1
1
1
1
1
1
3.81691
9.77844
10.3568
10.4309
10.4884
10.5337
10.5788
10.626
10.6782
10.7348
10.79
10.8316
10.8603
10.8843
10.9116
10.9463
10.9912
11.0369
11.0734
11.1021
11.1251
11.1468
11.176
11.2126
11.248
11.2725
11.2836
11.287
11.2909
11.302
11.3213
11.3423
11.3614
11.3711
11.3752
11.3823
11.3939
11.4081
11.4189
11.4227
11.4205
11.4147
11.4068
11.4072
1
1
1
1
1
1
1
1
1
1
1
1
1
1
1
1
1
1
1
1
1
1
1
1
1
1
1
1
1
1
1
1
1
1
1
1
1
1
1
1
1
1
1
1
1
1
1
1
1
1
1
1
2.95358
9.34414
10.3758
10.4334
10.4839
10.5218
10.5603
10.6029
10.651
10.7043
10.7581
10.8004
10.8301
10.8541
10.8797
10.9115
10.9537
10.9981
11.0347
11.0627
11.0843
11.1057
11.1305
11.1619
11.1932
11.2157
11.226
11.2299
11.2345
11.2452
11.2624
11.2809
11.2962
11.3009
11.3013
11.3048
11.3143
11.3276
11.3378
11.3399
11.3344
11.325
11.3144
11.3127
1
1
1
1
1
1
1
1
1
1
1
1
1
1
1
1
1
1
1
1
1
1
1
1
1
1
1
1
1
1
1
1
1
1
1
1
1
1
1
1
1
1
1
1
1
1
1
1
1
1
1
1
2.15695
8.74307
10.4356
10.4267
10.461
10.4942
10.5319
10.5747
10.6215
10.6725
10.7245
10.7664
10.7968
10.8217
10.8459
10.8757
10.9145
10.9568
10.9929
11.0201
11.0414
11.0622
11.0832
11.11
11.1358
11.1557
11.165
11.1695
11.1749
11.1846
11.1984
11.2131
11.2235
11.2235
11.221
11.2214
11.228
11.2387
11.2467
11.2457
11.2362
11.2229
11.2099
11.2054
1
1
1
1
1
1
1
1
1
1
1
1
1
1
1
1
1
1
1
1
1
1
1
1
1
1
1
1
1
1
1
1
1
1
1
1
1
1
1
1
1
1
1
1
1
1
1
1
1
1
1
1
1.46923
7.99358
10.5097
10.4141
10.4333
10.4587
10.4898
10.5299
10.5772
10.6304
10.6852
10.7299
10.7624
10.7881
10.8115
10.8392
10.8746
10.9137
10.948
10.9741
10.995
11.0137
11.0321
11.0546
11.0754
11.0923
11.1006
11.1059
11.1116
11.1194
11.1288
11.1381
11.1419
11.1389
11.1339
11.1311
11.1328
11.1375
11.1396
11.134
11.1211
11.1061
11.0926
11.0866
1
1
1
1
1
1
1
1
1
1
1
1
1
1
1
1
1
1
1
1
1
1
1
1
1
1
1
1
1
1
1
1
1
1
1
1
1
1
1
1
1
1
1
1
1
1
1
1
1
1
1
1
1.04858
7.11046
10.405
10.338
10.3821
10.4192
10.4583
10.4992
10.5456
10.5965
10.6454
10.6858
10.7178
10.7448
10.7691
10.7959
10.8293
10.8671
10.9014
10.9267
10.9457
10.9609
10.9765
10.9942
11.0113
11.0243
11.0322
11.0379
11.0435
11.049
11.0538
11.0557
11.0531
11.0468
11.0391
11.0324
11.0278
11.0246
11.0192
11.0076
10.9897
10.9702
10.9538
10.944
1
1
1
1
1
1
1
1
1
1
1
1
1
1
1
1
1
1
1
1
1
1
1
1
1
1
1
1
1
1
1
1
1
1
1
1
1
1
1
1
1
1
1
1
1
1
1
1
1
1
1
1
1.00046
5.93962
10.132
10.2571
10.3221
10.3713
10.4165
10.4608
10.5102
10.5626
10.6147
10.6571
10.6871
10.7106
10.7307
10.7523
10.7809
10.8154
10.8485
10.8732
10.8908
10.9034
10.9168
10.9301
10.9429
10.9523
10.9588
10.9641
10.9691
10.9724
10.972
10.966
10.9567
10.946
10.935
10.9234
10.9104
10.8956
10.8777
10.8561
10.8315
10.8085
10.7908
10.7806
1
1
1
1
1
1
1
1
1
1
1
1
1
1
1
1
1
1
1
1
1
1
1
1
1
1
1
1
1
1
1
1
1
1
1
1
1
1
1
1
1
1
1
1
1
1
1
1
1
1
1
1
1
4.822
9.89604
10.1807
10.2694
10.3343
10.3859
10.4314
10.4766
10.5227
10.5697
10.6098
10.6403
10.6646
10.6854
10.7063
10.7329
10.7654
10.7974
10.8201
10.8344
10.843
10.852
10.8603
10.8694
10.8753
10.8792
10.8831
10.8865
10.8873
10.8822
10.8692
10.8528
10.8365
10.8202
10.802
10.7784
10.7502
10.7192
10.687
10.653
10.618
10.588
10.5661
1
1
1
1
1
1
1
1
1
1
1
1
1
1
1
1
1
1
1
1
1
1
1
1
1
1
1
1
1
1
1
1
1
1
1
1
1
1
1
1
1
1
1
1
1
1
1
1
1
1
1
1
1
3.68047
9.44114
10.155
10.2582
10.3316
10.375
10.4121
10.4499
10.4908
10.5326
10.5698
10.6003
10.6247
10.6444
10.6623
10.6829
10.7085
10.7355
10.7578
10.7728
10.7814
10.7869
10.789
10.7929
10.7934
10.7937
10.7943
10.795
10.7926
10.7832
10.7643
10.7408
10.7174
10.6938
10.6666
10.6303
10.5862
10.5366
10.4827
10.4268
10.3737
10.3302
10.3096
1
1
1
1
1
1
1
1
1
1
1
1
1
1
1
1
1
1
1
1
1
1
1
1
1
1
1
1
1
1
1
1
1
1
1
1
1
1
1
1
1
1
1
1
1
1
1
1
1
1
1
1
1
2.51472
8.78007
10.2597
10.2649
10.3083
10.3398
10.3755
10.4139
10.4543
10.493
10.528
10.5579
10.5826
10.6032
10.6202
10.6364
10.6562
10.6784
10.6992
10.7133
10.7202
10.7206
10.7169
10.7154
10.7103
10.7058
10.7012
10.697
10.69
10.6756
10.6513
10.6209
10.5891
10.556
10.5165
10.4649
10.4012
10.329
10.2521
10.1737
10.0918
10.0041
9.92787
1
1
1
1
1
1
1
1
1
1
1
1
1
1
1
1
1
1
1
1
1
1
1
1
1
1
1
1
1
1
1
1
1
1
1
1
1
1
1
1
1
1
1
1
1
1
1
1
1
1
1
1
1
1.49488
7.99209
10.3969
10.2586
10.2658
10.2996
10.3413
10.3807
10.418
10.4519
10.4831
10.5113
10.5359
10.5579
10.5754
10.5892
10.6047
10.6226
10.641
10.6538
10.6593
10.6552
10.6469
10.6393
10.6295
10.6198
10.6081
10.5965
10.5824
10.5615
10.5316
10.4941
10.4527
10.4071
10.3524
10.2829
10.1976
10.0973
9.98259
9.84468
9.68067
9.51714
9.39936
1
1
1
1
1
1
1
1
1
1
1
1
1
1
1
1
1
1
1
1
1
1
1
1
1
1
1
1
1
1
1
1
1
1
1
1
1
1
1
1
1
1
1
1
1
1
1
1
1
1
1
1
1
1.02849
6.8619
10.2203
10.1631
10.2209
10.263
10.3034
10.3401
10.3738
10.4056
10.4348
10.4614
10.4851
10.5078
10.5268
10.5409
10.5547
10.5695
10.5845
10.5944
10.5973
10.5887
10.5772
10.5643
10.5513
10.5364
10.5171
10.4965
10.4731
10.444
10.4073
10.3619
10.3093
10.249
10.1765
10.0858
9.97363
9.8363
9.67009
9.4683
9.22376
8.95712
8.78259
1
1
1
1
1
1
1
1
1
1
1
1
1
1
1
1
1
1
1
1
1
1
1
1
1
1
1
1
1
1
1
1
1
1
1
1
1
1
1
1
1
1
1
1
1
1
1
1
1
1
1
1
1
1.00008
5.36109
9.84026
10.0962
10.1869
10.2275
10.2578
10.2898
10.3221
10.3549
10.3842
10.4098
10.4317
10.4533
10.4727
10.4881
10.5024
10.5154
10.5267
10.5326
10.5322
10.5202
10.5054
10.489
10.4737
10.4538
10.4278
10.398
10.3642
10.3261
10.2809
10.2263
10.1609
10.0839
9.99123
9.87595
9.73296
9.55529
9.33459
9.04144
8.59781
7.73963
5.77256
1
1
1
1
1
1
1
1
1
1
1
1
1
1
1
1
1
1
1
1
1
1
1
1
1
1
1
1
1
1
1
1
1
1
1
1
1
1
1
1
1
1
1
1
1
1
1
1
1
1
1
1
1
1
3.98927
9.49653
10.084
10.1561
10.2051
10.2336
10.2507
10.2744
10.304
10.3331
10.3587
10.3795
10.399
10.4172
10.4329
10.4475
10.4596
10.468
10.4713
10.4671
10.4517
10.4329
10.4135
10.3951
10.3701
10.3379
10.2995
10.2556
10.2077
10.1531
10.0882
10.0096
9.91489
9.80035
9.65852
9.48228
9.25955
8.96616
8.554
7.9096
6.92435
4.7579
1
1
1
1
1
1
1
1
1
1
1
1
1
1
1
1
1
1
1
1
1
1
1
1
1
1
1
1
1
1
1
1
1
1
1
1
1
1
1
1
1
1
1
1
1
1
1
1
1
1
1
1
1
1
2.61229
8.77458
10.1388
10.1424
10.1674
10.1886
10.2104
10.2355
10.2622
10.2878
10.3109
10.3297
10.3464
10.3618
10.3759
10.3891
10.3998
10.406
10.4077
10.4005
10.3821
10.3589
10.3358
10.3129
10.2831
10.2462
10.2011
10.1487
10.0912
10.0266
9.9506
9.85814
9.74538
9.60835
9.43908
9.22933
8.96096
8.61149
8.10884
7.44997
6.18001
4.35072
1
1
1
1
1
1
1
1
1
1
1
1
1
1
1
1
1
1
1
1
1
1
1
1
1
1
1
1
1
1
1
1
1
1
1
1
1
1
1
1
1
1
1
1
1
1
1
1
1
1
1
1
1
1
1.45348
7.90432
10.2805
10.1495
10.1182
10.1359
10.1646
10.1904
10.2172
10.2428
10.266
10.2837
10.2971
10.308
10.3177
10.3276
10.3366
10.3418
10.3422
10.333
10.3123
10.2851
10.2566
10.2275
10.1924
10.1513
10.1011
10.0419
9.97548
9.9008
9.81346
9.70777
9.57804
9.41996
9.22443
8.9842
8.6775
8.28703
7.74572
6.97731
5.76077
4.30223
1
1
1
1
1
1
1
1
1
1
1
1
1
1
1
1
1
1
1
1
1
1
1
1
1
1
1
1
1
1
1
1
1
1
1
1
1
1
1
1
1
1
1
1
1
1
1
1
1
1
1
1
1
1
1.02261
6.57765
10.0036
10.015
10.0509
10.0753
10.1106
10.1396
10.1694
10.1974
10.2221
10.2392
10.2499
10.2564
10.2598
10.2641
10.2701
10.274
10.2735
10.2638
10.2417
10.2108
10.1759
10.1397
10.0988
10.0534
9.99916
9.93477
9.8604
9.77586
9.67735
9.55939
9.41474
9.23862
9.02088
8.75409
8.41901
7.99263
7.43397
6.63856
5.5761
4.39642
1
1
1
1
1
1
1
1
1
1
1
1
1
1
1
1
1
1
1
1
1
1
1
1
1
1
1
1
1
1
1
1
1
1
1
1
1
1
1
1
1
1
1
1
1
1
1
1
1
1
1
1
1
1
1.00002
4.89162
9.59597
9.94721
10.0125
10.0503
10.0683
10.0922
10.1211
10.1502
10.1758
10.1922
10.2009
10.2041
10.2024
10.2014
10.2032
10.2051
10.2035
10.1933
10.1705
10.136
10.094
10.0499
10.003
9.95308
9.89553
9.82684
9.74552
9.6516
9.54223
9.41295
9.25598
9.06566
8.83168
8.54465
8.18953
7.74332
7.18242
6.42923
5.51747
4.53535
1
1
1
1
1
1
1
1
1
1
1
1
1
1
1
1
1
1
1
1
1
1
1
1
1
1
1
1
1
1
1
1
1
1
1
1
1
1
1
1
1
1
1
1
1
1
1
1
1
1
1
1
1
1
0.999999
3.26561
9.07149
9.96566
9.98619
10.0042
10.025
10.052
10.0787
10.1058
10.1292
10.1434
10.1504
10.1508
10.146
10.1406
10.1378
10.136
10.1317
10.12
10.0966
10.0589
10.0116
9.96041
9.90785
9.85321
9.79177
9.71854
9.63039
9.52728
9.40727
9.26743
9.10066
8.90038
8.65659
8.35831
7.9928
7.54003
6.99399
6.29949
5.5226
4.68377
1
1
1
1
1
1
1
1
1
1
1
1
1
1
1
1
1
1
1
1
1
1
1
1
1
1
1
1
1
1
1
1
1
1
1
1
1
1
1
1
1
1
1
1
1
1
1
1
1
1
1
1
1
1
0.999999
1.83858
8.28724
10.0274
9.94417
9.94593
9.98044
10.0105
10.0353
10.0595
10.0797
10.0915
10.0965
10.0951
10.0887
10.0805
10.0736
10.0673
10.0599
10.0462
10.022
9.98147
9.92908
9.87144
9.81331
9.75378
9.68804
9.6104
9.51618
9.40487
9.27501
9.12516
8.9499
8.74255
8.49372
8.19231
7.82707
7.38192
6.85297
6.2242
5.5577
4.82225
1
1
1
1
1
1
1
1
1
1
1
1
1
1
1
1
1
1
1
1
1
1
1
1
1
1
1
1
1
1
1
1
1
1
1
1
1
1
1
1
1
1
1
1
1
1
1
1
1
1
1
1
1
1
1
1.07263
6.89642
9.95793
9.88334
9.90707
9.94216
9.97025
9.98995
10.0082
10.0246
10.0357
10.0408
10.0393
10.0318
10.0207
10.0089
9.99743
9.98614
9.96973
9.94415
9.90238
9.84652
9.78417
9.72097
9.65636
9.58554
9.50302
9.40303
9.28434
9.14552
8.98661
8.80406
8.59177
8.3412
8.04246
7.68572
7.25768
6.75072
6.18714
5.60404
4.94412
1
1
1
1
1
1
1
1
1
1
1
1
1
1
1
1
1
1
1
1
1
1
1
1
1
1
1
1
1
1
1
1
1
1
1
1
1
1
1
1
1
1
1
1
1
1
1
1
1
1
1
1
1
1
1
1.00044
5.02829
9.47297
9.79885
9.89284
9.93228
9.94268
9.9478
9.95682
9.96751
9.97695
9.98268
9.9823
9.9746
9.96073
9.94394
9.92759
9.91176
9.89233
9.86514
9.82351
9.7663
9.70026
9.63132
9.56039
9.48366
9.39618
9.29153
9.16745
9.02192
8.85598
8.66749
8.45116
8.19992
7.90594
7.56136
7.1562
6.68224
6.17394
5.64805
5.04644
1
1
1
1
1
1
1
1
1
1
1
1
1
1
1
1
1
1
1
1
1
1
1
1
1
1
1
1
1
1
1
1
1
1
1
1
1
1
1
1
1
1
1
1
1
1
1
1
1
1
1
1
1
1
1
0.999998
3.14878
8.95271
9.86748
9.89225
9.90129
9.90075
9.90098
9.9039
9.90923
9.91613
9.92181
9.92244
9.91456
9.89823
9.87683
9.85566
9.83522
9.81235
9.78343
9.74302
9.6873
9.6193
9.54457
9.46652
9.38322
9.29057
9.18201
9.05403
8.90382
8.73312
8.54085
8.32231
8.07153
7.78227
7.45078
7.07121
6.63269
6.16796
5.6816
5.13742
1
1
1
1
1
1
1
1
1
1
1
1
1
1
1
1
1
1
1
1
1
1
1
1
1
1
1
1
1
1
1
1
1
1
1
1
1
1
1
1
1
1
1
1
1
1
1
1
1
1
1
1
1
1
1
1
1.59898
8.0456
10.0073
9.87237
9.84042
9.83985
9.84327
9.84672
9.85079
9.85624
9.86061
9.86022
9.85126
9.83315
9.8089
9.78436
9.75958
9.73208
9.70026
9.66061
9.60794
9.54068
9.46166
9.37621
9.28521
9.1864
9.07422
8.94393
8.79217
8.61974
8.42591
8.20719
7.9588
7.67321
7.35523
6.99759
6.58947
6.16739
5.71465
5.22699
1
1
1
1
1
1
1
1
1
1
1
1
1
1
1
1
1
1
1
1
1
1
1
1
1
1
1
1
1
1
1
1
1
1
1
1
1
1
1
1
1
1
1
1
1
1
1
1
1
1
1
1
1
1
1
1
1.03544
6.48605
9.70868
9.74726
9.75977
9.77055
9.78267
9.79068
9.79591
9.80085
9.80267
9.79884
9.78709
9.76676
9.74034
9.71319
9.68409
9.65143
9.61617
9.57648
9.52696
9.46248
9.38207
9.29099
9.1921
9.08562
8.9688
8.83681
8.6858
8.51494
8.32231
8.10517
7.86173
7.57871
7.27389
6.93286
6.55355
6.17112
5.74642
5.31108
1
1
1
1
1
1
1
1
1
1
1
1
1
1
1
1
1
1
1
1
1
1
1
1
1
1
1
1
1
1
1
1
1
1
1
1
1
1
1
1
1
1
1
1
1
1
1
1
1
1
1
1
1
1
1
1
1.00004
4.44338
9.2896
9.67631
9.71384
9.73422
9.74699
9.75093
9.75303
9.75452
9.75202
9.74329
9.72741
9.70447
9.67606
9.64627
9.61273
9.57426
9.53401
9.4917
9.44306
9.3817
9.30311
9.2101
9.10509
8.99025
8.86711
8.73312
8.58391
8.41653
8.22776
8.01436
7.77678
7.49828
7.20802
6.87971
6.52713
6.17537
5.77929
5.38618
1
1
1
1
1
1
1
1
1
1
1
1
1
1
1
1
1
1
1
1
1
1
1
1
1
1
1
1
1
1
1
1
1
1
1
1
1
1
1
1
1
1
1
1
1
1
1
1
1
1
1
1
1
1
1
1
0.999997
2.46367
8.62111
9.73756
9.69195
9.68955
9.70813
9.71271
9.71039
9.70522
9.69683
9.6841
9.66596
9.64247
9.61363
9.58194
9.5447
9.50113
9.45568
9.40938
9.35947
9.30021
9.22499
9.13299
9.02443
8.90232
8.77185
8.63467
8.48688
8.32338
8.13944
7.93135
7.69803
7.43168
7.1552
6.83527
6.51048
6.18307
5.81448
5.44954
1
1
1
1
1
1
1
1
1
1
1
1
1
1
1
1
1
1
1
1
1
1
1
1
1
1
1
1
1
1
1
1
1
1
1
1
1
1
1
1
1
1
1
1
1
1
1
1
1
1
1
1
1
1
1
1
0.999999
1.18115
7.22895
9.78002
9.67618
9.66262
9.66099
9.66645
9.6624
9.6541
9.6414
9.6249
9.60472
9.58183
9.55368
9.52115
9.48153
9.43411
9.38365
9.33191
9.27789
9.21821
9.1461
9.05707
8.94795
8.82171
8.68494
8.54297
8.39461
8.23406
8.05532
7.85264
7.62523
7.37509
7.10485
6.79917
6.50651
6.19144
5.84376
5.50276
1
1
1
1
1
1
1
1
1
1
1
1
1
1
1
1
1
1
1
1
1
1
1
1
1
1
1
1
1
1
1
1
1
1
1
1
1
1
1
1
1
1
1
1
1
1
1
1
1
1
1
1
1
1
1
1
1
1.00287
5.24114
9.28297
9.51508
9.58455
9.61567
9.6166
9.60867
9.59785
9.58299
9.56502
9.54437
9.52265
9.49548
9.46292
9.42203
9.37228
9.31766
9.26047
9.20121
9.13909
9.06838
8.98207
8.87431
8.74732
8.60748
8.46068
8.30954
8.14999
7.97579
7.77883
7.56029
7.32056
7.05794
6.7787
6.50485
6.18998
5.87072
5.55475
1
1
1
1
1
1
1
1
1
1
1
1
1
1
1
1
1
1
1
1
1
1
1
1
1
1
1
1
1
1
1
1
1
1
1
1
1
1
1
1
1
1
1
1
1
1
1
1
1
1
1
1
1
1
1
1
1
0.999983
2.97658
8.73581
9.60468
9.58273
9.57098
9.57006
9.5632
9.5504
9.53357
9.51282
9.48892
9.46595
9.43856
9.4061
9.36488
9.31439
9.25681
9.19444
9.12906
9.06228
8.99017
8.90536
8.80053
8.67645
8.53765
8.38823
8.23286
8.07127
7.89976
7.70899
7.49857
7.26882
7.02224
6.76278
6.49009
6.18752
5.905
5.60257
1
1
1
1
1
1
1
1
1
1
1
1
1
1
1
1
1
1
1
1
1
1
1
1
1
1
1
1
1
1
1
1
1
1
1
1
1
1
1
1
1
1
1
1
1
1
1
1
1
1
1
1
1
1
1
1
1
0.999997
1.30373
7.55559
9.69656
9.55176
9.51381
9.51223
9.50852
9.49922
9.48513
9.46496
9.43929
9.41391
9.38472
9.35121
9.30984
9.25942
9.19948
9.13243
9.06124
8.98847
8.91222
8.82673
8.72503
8.60676
8.47227
8.32503
8.16635
8.00041
7.82872
7.64289
7.44209
7.22715
6.98898
6.73691
6.47438
6.20293
5.93491
5.63999
1
1
1
1
1
1
1
1
1
1
1
1
1
1
1
1
1
1
1
1
1
1
1
1
1
1
1
1
1
1
1
1
1
1
1
1
1
1
1
1
1
1
1
1
1
1
1
1
1
1
1
1
1
1
1
1
1
1
1.00825
5.59904
9.22009
9.38203
9.4474
9.46887
9.46239
9.45255
9.43934
9.419
9.3915
9.36231
9.33061
9.29531
9.25369
9.20387
9.14287
9.07236
8.99593
8.91665
8.83434
8.7461
8.64668
8.53525
8.40719
8.26742
8.10702
7.93636
7.76256
7.57969
7.39197
7.18523
6.9496
6.7157
6.47155
6.21745
5.95031
5.66574
1
1
1
1
1
1
1
1
1
1
1
1
1
1
1
1
1
1
1
1
1
1
1
1
1
1
1
1
1
1
1
1
1
1
1
1
1
1
1
1
1
1
1
1
1
1
1
1
1
1
1
1
1
1
1
1
1
1
0.99995
3.15609
8.68911
9.45884
9.44466
9.43003
9.42419
9.41428
9.39931
9.3774
9.34751
9.31328
9.27683
9.23767
9.19423
9.14486
9.08379
9.01162
8.93169
8.84723
8.75905
8.66696
8.56817
8.46195
8.34111
8.21094
8.05299
7.88128
7.70573
7.52281
7.34431
7.14
6.9193
6.70531
6.46873
6.21886
5.95616
5.7015
1
1
1
1
1
1
1
1
1
1
1
1
1
1
1
1
1
1
1
1
1
1
1
1
1
1
1
1
1
1
1
1
1
1
1
1
1
1
1
1
1
1
1
1
1
1
1
1
1
1
1
1
1
1
1
1
1
1
0.999988
1.33002
7.53341
9.57012
9.42644
9.37861
9.37193
9.36226
9.34647
9.32468
9.29501
9.25893
9.21884
9.17597
9.12987
9.08028
9.02018
8.94865
8.86803
8.78033
8.68779
8.59175
8.49215
8.3883
8.27331
8.15127
7.99968
7.83313
7.65738
7.47443
7.29653
7.0968
6.89703
6.68982
6.45336
6.21446
5.97502
5.74436
1
1
1
1
1
1
1
1
1
1
1
1
1
1
1
1
1
1
1
1
1
1
1
1
1
1
1
1
1
1
1
1
1
1
1
1
1
1
1
1
1
1
1
1
1
1
1
1
1
1
1
1
1
1
1
1
1
1
0.999998
1.0099
5.49112
9.10611
9.25795
9.31387
9.3324
9.31776
9.29937
9.27672
9.24587
9.20692
9.16264
9.11479
9.0647
9.0137
8.95507
8.8852
8.8058
8.71741
8.62259
8.52338
8.42238
8.31827
8.20653
8.08835
7.94701
7.79038
7.6179
7.43787
7.25704
7.06343
6.87435
6.66639
6.44048
6.22207
6.00086
5.77688
1
1
1
1
1
1
1
1
1
1
1
1
1
1
1
1
1
1
1
1
1
1
1
1
1
1
1
1
1
1
1
1
1
1
1
1
1
1
1
1
1
1
1
1
1
1
1
1
1
1
1
1
1
1
1
1
1
1
1
0.99995
2.92573
8.51747
9.34052
9.32129
9.30428
9.27585
9.25485
9.23084
9.19831
9.15613
9.10814
9.05567
9.00122
8.94771
8.89011
8.82288
8.74614
8.65983
8.56416
8.46259
8.35969
8.2536
8.14266
8.02545
7.89397
7.74742
7.58153
7.40807
7.22788
7.03808
6.84901
6.64378
6.43738
6.23131
6.01402
5.79138
1
1
1
1
1
1
1
1
1
1
1
1
1
1
1
1
1
1
1
1
1
1
1
1
1
1
1
1
1
1
1
1
1
1
1
1
1
1
1
1
1
1
1
1
1
1
1
1
1
1
1
1
1
1
1
1
1
1
1
0.999989
1.2635
7.15561
9.38991
9.30154
9.24919
9.22309
9.20312
9.17906
9.14547
9.10265
9.05413
9.00023
8.94346
8.88795
8.83071
8.76516
8.691
8.60775
8.5135
8.41074
8.30555
8.19677
8.08417
7.96703
7.84138
7.70201
7.5449
7.38111
7.20536
7.01923
6.82951
6.63327
6.43844
6.23159
6.01747
5.80623
1
1
1
1
1
1
1
1
1
1
1
1
1
1
1
1
1
1
1
1
1
1
1
1
1
1
1
1
1
1
1
1
1
1
1
1
1
1
1
1
1
1
1
1
1
1
1
1
1
1
1
1
1
1
1
1
1
1
1
0.999998
1.00573
4.83294
8.91796
9.16054
9.17031
9.16504
9.15906
9.13576
9.09924
9.05493
9.00583
8.95188
8.89393
8.83607
8.7769
8.7113
8.63855
8.55784
8.46694
8.36539
8.25812
8.14793
8.03258
7.91438
7.79001
7.65469
7.50618
7.35132
7.18163
7.00235
6.81808
6.62976
6.43354
6.22689
6.02671
5.83047
1
1
1
1
1
1
1
1
1
1
1
1
1
1
1
1
1
1
1
1
1
1
1
1
1
1
1
1
1
1
1
1
1
1
1
1
1
1
1
1
1
1
1
1
1
1
1
1
1
1
1
1
1
1
1
1
1
1
1
1
0.999979
2.25602
8.29765
9.27914
9.17542
9.14478
9.12077
9.08611
9.04423
8.99955
8.95312
8.90319
8.8473
8.78945
8.72818
8.66108
8.58813
8.50917
8.4221
8.32344
8.2159
8.10547
7.98766
7.86691
7.74209
7.60866
7.46619
7.31702
7.15579
6.98689
6.81023
6.62633
6.43007
6.23389
6.04652
5.85757
1
1
1
1
1
1
1
1
1
1
1
1
1
1
1
1
1
1
1
1
1
1
1
1
1
1
1
1
1
1
1
1
1
1
1
1
1
1
1
1
1
1
1
1
1
1
1
1
1
1
1
1
1
1
1
1
1
1
1
1
0.999995
1.11735
6.55972
9.05362
9.05121
9.07204
9.05955
9.02561
8.98505
8.94504
8.9037
8.85759
8.80349
8.74493
8.68093
8.61187
8.53801
8.45922
8.37476
8.28038
8.17582
8.0659
7.94787
7.82483
7.69871
7.56633
7.42767
7.28237
7.13017
6.96988
6.79929
6.6205
6.43191
6.24929
6.066
5.87679
1
1
1
1
1
1
1
1
1
1
1
1
1
1
1
1
1
1
1
1
1
1
1
1
1
1
1
1
1
1
1
1
1
1
1
1
1
1
1
1
1
1
1
1
1
1
1
1
1
1
1
1
1
1
1
1
1
1
1
1
0.999999
1.00092
3.77518
8.53437
9.01771
9.03465
9.02232
8.98395
8.94382
8.90547
8.86492
8.81798
8.76337
8.70244
8.63516
8.56315
8.48809
8.40956
8.32612
8.23614
8.1356
8.02778
7.91056
7.78577
7.65778
7.5259
7.39005
7.24922
7.10445
6.94982
6.78604
6.61524
6.43778
6.26357
6.07993
5.89376
1
1
1
1
1
1
1
1
1
1
1
1
1
1
1
1
1
1
1
1
1
1
1
1
1
1
1
1
1
1
1
1
1
1
1
1
1
1
1
1
1
1
1
1
1
1
1
1
1
1
1
1
1
1
1
1
1
1
1
1
1
0.999997
1.47318
7.51096
9.17535
9.04589
8.98106
8.93507
8.89907
8.86382
8.82329
8.77464
8.71851
8.65586
8.5874
8.51479
8.43971
8.36152
8.27825
8.19075
8.0945
7.98953
7.87477
7.75027
7.62097
7.48941
7.35613
7.22066
7.08126
6.93059
6.7739
6.61088
6.44114
6.26919
6.08807
5.91235
1
1
1
1
1
1
1
1
1
1
1
1
1
1
1
1
1
1
1
1
1
1
1
1
1
1
1
1
1
1
1
1
1
1
1
1
1
1
1
1
1
1
1
1
1
1
1
1
1
1
1
1
1
1
1
1
1
1
1
1
1
0.999999
1.01906
5.27979
8.74736
8.89624
8.90309
8.88814
8.86731
8.83332
8.78828
8.73512
8.67617
8.61192
8.54276
8.46954
8.39392
8.3152
8.2315
8.14422
8.0517
7.94971
7.83814
7.71628
7.58749
7.45644
7.32484
7.19344
7.05745
6.91105
6.76151
6.60461
6.44003
6.27092
6.09836
5.93398
1
1
1
1
1
1
1
1
1
1
1
1
1
1
1
1
1
1
1
1
1
1
1
1
1
1
1
1
1
1
1
1
1
1
1
1
1
1
1
1
1
1
1
1
1
1
1
1
1
1
1
1
1
1
1
1
1
1
1
1
1
1
0.999959
2.42238
8.15399
8.99153
8.9033
8.86518
8.84085
8.79915
8.74737
8.69088
8.63128
8.56741
8.49942
8.42743
8.35199
8.27239
8.18764
8.09992
8.00935
7.91036
7.80232
7.68482
7.55929
7.43021
7.30013
7.17074
7.0365
6.89431
6.74926
6.5955
6.43561
6.27381
6.11342
5.95528
1
1
1
1
1
1
1
1
1
1
1
1
1
1
1
1
1
1
1
1
1
1
1
1
1
1
1
1
1
1
1
1
1
1
1
1
1
1
1
1
1
1
1
1
1
1
1
1
1
1
1
1
1
1
1
1
1
1
1
1
1
1
0.999989
1.14299
6.4238
8.88525
8.84068
8.82329
8.79244
8.74754
8.6975
8.64536
8.58839
8.52606
8.45873
8.38706
8.31088
8.22982
8.14383
8.05587
7.96578
7.86897
7.76455
7.6518
7.53155
7.40663
7.2791
7.15023
7.01628
6.87676
6.73368
6.58365
6.43175
6.2804
6.12987
5.97354
1
1
1
1
1
1
1
1
1
1
1
1
1
1
1
1
1
1
1
1
1
1
1
1
1
1
1
1
1
1
1
1
1
1
1
1
1
1
1
1
1
1
1
1
1
1
1
1
1
1
1
1
1
1
1
1
1
1
1
1
1
1
0.999998
1.00143
3.50084
8.28051
8.79255
8.78229
8.75443
8.70943
8.66304
8.61319
8.55576
8.49352
8.42621
8.35441
8.27697
8.19391
8.10642
8.01784
7.92704
7.83121
7.72971
7.62132
7.50667
7.38695
7.26248
7.13375
6.99968
6.86042
6.71667
6.57202
6.43062
6.28892
6.14288
5.98659
1
1
1
1
1
1
1
1
1
1
1
1
1
1
1
1
1
1
1
1
1
1
1
1
1
1
1
1
1
1
1
1
1
1
1
1
1
1
1
1
1
1
1
1
1
1
1
1
1
1
1
1
1
1
1
1
1
1
1
1
1
1
1
0.999998
1.38844
7.02123
8.90289
8.77099
8.70548
8.65687
8.61231
8.56686
8.51221
8.45178
8.38618
8.31559
8.23942
8.15677
8.06962
7.98083
7.88931
7.79395
7.69452
7.59008
7.48056
7.36586
7.2445
7.11649
6.98256
6.84222
6.69832
6.56115
6.42963
6.29528
6.15217
5.99771
1
1
1
1
1
1
1
1
1
1
1
1
1
1
1
1
1
1
1
1
1
1
1
1
1
1
1
1
1
1
1
1
1
1
1
1
1
1
1
1
1
1
1
1
1
1
1
1
1
1
1
1
1
1
1
1
1
1
1
1
1
1
1
1
1.01195
4.40554
8.38399
8.62674
8.63471
8.61095
8.57913
8.53594
8.4814
8.42036
8.35391
8.28305
8.2074
8.12592
8.04015
7.951
7.85825
7.76225
7.66361
7.56191
7.45628
7.3452
7.22667
7.10033
6.96713
6.82694
6.68642
6.55561
6.42927
6.29761
6.15599
6.00652
1
1
1
1
1
1
1
1
1
1
1
1
1
1
1
1
1
1
1
1
1
1
1
1
1
1
1
1
1
1
1
1
1
1
1
1
1
1
1
1
1
1
1
1
1
1
1
1
1
1
1
1
1
1
1
1
1
1
1
1
1
1
1
1
0.999999
1.68674
7.39118
8.78882
8.66086
8.59693
8.55356
8.50321
8.4467
8.38463
8.31698
8.24595
8.17056
8.09096
8.00777
7.92021
7.82783
7.73162
7.63351
7.53371
7.43055
7.32151
7.20504
7.08131
6.95077
6.81485
6.6806
6.55411
6.42916
6.29763
6.15714
6.014
1
1
1
1
1
1
1
1
1
1
1
1
1
1
1
1
1
1
1
1
1
1
1
1
1
1
1
1
1
1
1
1
1
1
1
1
1
1
1
1
1
1
1
1
1
1
1
1
1
1
1
1
1
1
1
1
1
1
1
1
1
1
1
1
0.999999
1.03671
5.04926
8.41367
8.52562
8.53023
8.50416
8.46048
8.40983
8.35109
8.28491
8.21416
8.13875
8.06034
7.97891
7.89298
7.80158
7.70551
7.60751
7.50859
7.40644
7.29824
7.18323
7.0622
6.93642
6.80804
6.68139
6.55775
6.43155
6.29804
6.15856
6.02122
1
1
1
1
1
1
1
1
1
1
1
1
1
1
1
1
1
1
1
1
1
1
1
1
1
1
1
1
1
1
1
1
1
1
1
1
1
1
1
1
1
1
1
1
1
1
1
1
1
1
1
1
1
1
1
1
1
1
1
1
1
1
1
1
1
1.00008
1.9972
7.61987
8.66843
8.56007
8.49236
8.43709
8.38111
8.32015
8.25426
8.18377
8.10877
8.03095
7.95035
7.86551
7.77548
7.68071
7.58336
7.48473
7.3829
7.27522
7.16131
7.04325
6.92317
6.80248
6.68289
6.56195
6.43477
6.29995
6.16241
6.02941
1
1
1
1
1
1
1
1
1
1
1
1
1
1
1
1
1
1
1
1
1
1
1
1
1
1
1
1
1
1
1
1
1
1
1
1
1
1
1
1
1
1
1
1
1
1
1
1
1
1
1
1
1
1
1
1
1
1
1
1
1
1
1
1
1
1
1.07219
5.49979
8.3994
8.44417
8.42927
8.39099
8.34166
8.28452
8.22201
8.15396
8.08105
8.00392
7.92325
7.83867
7.74957
7.6564
7.56058
7.46271
7.36132
7.25453
7.14246
7.02766
6.91233
6.79785
6.68382
6.56555
6.43864
6.3048
6.17085
6.04063
1
1
1
1
1
1
1
1
1
1
1
1
1
1
1
1
1
1
1
1
1
1
1
1
1
1
1
1
1
1
1
1
1
1
1
1
1
1
1
1
1
1
1
1
1
1
1
1
1
1
1
1
1
1
1
1
1
1
1
1
1
1
1
1
1
1
1.00034
2.32104
7.70113
8.52087
8.43755
8.37695
8.32078
8.26048
8.1964
8.12795
8.05564
7.97917
7.8985
7.8139
7.72581
7.63433
7.53969
7.44239
7.34191
7.23726
7.1284
7.01688
6.90421
6.79178
6.67906
6.56229
6.43818
6.30925
6.18093
6.0534
1
1
1
1
1
1
1
1
1
1
1
1
1
1
1
1
1
1
1
1
1
1
1
1
1
1
1
1
1
1
1
1
1
1
1
1
1
1
1
1
1
1
1
1
1
1
1
1
1
1
1
1
1
1
1
1
1
1
1
1
1
1
1
1
1
1
1
1.11885
5.72281
8.3539
8.36429
8.32862
8.28106
8.22449
8.16296
8.09693
8.02725
7.9533
7.87434
7.79066
7.7031
7.61224
7.51788
7.42035
7.32091
7.22007
7.11666
7.00972
6.89946
6.78717
6.67351
6.55731
6.4372
6.31448
6.1913
6.06664
1
1
1
1
1
1
1
1
1
1
1
1
1
1
1
1
1
1
1
1
1
1
1
1
1
1
1
1
1
1
1
1
1
1
1
1
1
1
1
1
1
1
1
1
1
1
1
1
1
1
1
1
1
1
1
1
1
1
1
1
1
1
1
1
1
1
1
1.00104
2.5069
7.67984
8.37876
8.31211
8.25945
8.20211
8.14082
8.07472
8.00438
7.93018
7.85174
7.76913
7.68282
7.59325
7.49975
7.40215
7.30299
7.20473
7.10598
7.00352
6.89586
6.78347
6.66833
6.55228
6.43608
6.3189
6.19974
6.07864
1
1
1
1
1
1
1
1
1
1
1
1
1
1
1
1
1
1
1
1
1
1
1
1
1
1
1
1
1
1
1
1
1
1
1
1
1
1
1
1
1
1
1
1
1
1
1
1
1
1
1
1
1
1
1
1
1
1
1
1
1
1
1
1
1
1
1
1
1.15018
5.75007
8.28071
8.2729
8.22169
8.16874
8.10891
8.0439
7.97564
7.90362
7.82718
7.74597
7.66057
7.57217
7.48058
7.38499
7.28741
7.191
7.09516
6.99595
6.89079
6.77955
6.66444
6.54913
6.43655
6.32395
6.20783
6.09009
1
1
1
1
1
1
1
1
1
1
1
1
1
1
1
1
1
1
1
1
1
1
1
1
1
1
1
1
1
1
1
1
1
1
1
1
1
1
1
1
1
1
1
1
1
1
1
1
1
1
1
1
1
1
1
1
1
1
1
1
1
1
1
1
1
1
1
1
1.00172
2.51369
7.59544
8.27333
8.20372
8.15261
8.08896
8.0226
7.95489
7.88322
7.8073
7.72662
7.64176
7.5543
7.4647
7.37195
7.2766
7.18087
7.08528
6.98712
6.88403
6.77536
6.66225
6.54869
6.43876
6.32914
6.21573
6.10107
1
1
1
1
1
1
1
1
1
1
1
1
1
1
1
1
1
1
1
1
1
1
1
1
1
1
1
1
1
1
1
1
1
1
1
1
1
1
1
1
1
1
1
1
1
1
1
1
1
1
1
1
1
1
1
1
1
1
1
1
1
1
1
1
1
1
1
1
1
1.15152
5.63004
8.173
8.17028
8.11821
8.05918
7.99525
7.92784
7.85672
7.7814
7.70247
7.62069
7.53654
7.45011
7.36057
7.26741
7.17145
7.07431
6.97586
6.87499
6.7703
6.66094
6.54922
6.44001
6.33212
6.22158
6.11059
1
1
1
1
1
1
1
1
1
1
1
1
1
1
1
1
1
1
1
1
1
1
1
1
1
1
1
1
1
1
1
1
1
1
1
1
1
1
1
1
1
1
1
1
1
1
1
1
1
1
1
1
1
1
1
1
1
1
1
1
1
1
1
1
1
1
1
1
1
1.00179
2.37463
7.44642
8.17531
8.10153
8.04676
7.98119
7.91118
7.83971
7.76402
7.68521
7.60464
7.52257
7.43862
7.35168
7.26029
7.16412
7.06533
6.96628
6.86703
6.76573
6.66012
6.55075
6.44243
6.33641
6.22895
6.12096
1
1
1
1
1
1
1
1
1
1
1
1
1
1
1
1
1
1
1
1
1
1
1
1
1
1
1
1
1
1
1
1
1
1
1
1
1
1
1
1
1
1
1
1
1
1
1
1
1
1
1
1
1
1
1
1
1
1
1
1
1
1
1
1
1
1
1
1
1
1
1.12808
5.3625
8.03815
8.0643
8.01382
7.95477
7.88754
7.81671
7.74213
7.66459
7.58597
7.50651
7.42519
7.34058
7.25103
7.15591
7.05726
6.95835
6.86001
6.76076
6.65784
6.55032
6.44207
6.33682
6.2328
6.12915
1
1
1
1
1
1
1
1
1
1
1
1
1
1
1
1
1
1
1
1
1
1
1
1
1
1
1
1
1
1
1
1
1
1
1
1
1
1
1
1
1
1
1
1
1
1
1
1
1
1
1
1
1
1
1
1
1
1
1
1
1
1
1
1
1
1
1
1
1
1
1.00136
2.20638
7.18386
8.09238
8.00794
7.94565
7.87813
7.80522
7.73006
7.65232
7.574
7.49515
7.41406
7.32954
7.24111
7.14872
7.05336
6.95655
6.85842
6.75873
6.65678
6.55198
6.44615
6.3421
6.24013
6.1391
1
1
1
1
1
1
1
1
1
1
1
1
1
1
1
1
1
1
1
1
1
1
1
1
1
1
1
1
1
1
1
1
1
1
1
1
1
1
1
1
1
1
1
1
1
1
1
1
1
1
1
1
1
1
1
1
1
1
1
1
1
1
1
1
1
1
1
1
1
1
1
1.0995
4.9
7.87864
7.95252
7.91178
7.85732
7.78958
7.71513
7.63802
7.5594
7.48024
7.39887
7.31392
7.22621
7.13741
7.04756
6.95515
6.85826
6.75708
6.65395
6.55059
6.44746
6.34554
6.24605
6.14759
1
1
1
1
1
1
1
1
1
1
1
1
1
1
1
1
1
1
1
1
1
1
1
1
1
1
1
1
1
1
1
1
1
1
1
1
1
1
1
1
1
1
1
1
1
1
1
1
1
1
1
1
1
1
1
1
1
1
1
1
1
1
1
1
1
1
1
1
1
1
1
1.00096
1.95319
6.81319
7.99963
7.92724
7.85868
7.78569
7.70735
7.62956
7.54992
7.46922
7.38661
7.301
7.2138
7.12789
7.04292
6.95499
6.86026
6.75876
6.65514
6.55381
6.45422
6.35503
6.25694
6.15868
1
1
1
1
1
1
1
1
1
1
1
1
1
1
1
1
1
1
1
1
1
1
1
1
1
1
1
1
1
1
1
1
1
1
1
1
1
1
1
1
1
1
1
1
1
1
1
1
1
1
1
1
1
1
1
1
1
1
1
1
1
1
1
1
1
1
1
1
1
1
1
1
1.06347
4.2267
7.67428
7.86227
7.82005
7.7615
7.69115
7.61588
7.53757
7.4561
7.37202
7.28593
7.19948
7.11578
7.0343
6.94976
6.85774
6.75796
6.65496
6.55465
6.45772
6.36165
6.26546
6.16846
1
1
1
1
1
1
1
1
1
1
1
1
1
1
1
1
1
1
1
1
1
1
1
1
1
1
1
1
1
1
1
1
1
1
1
1
1
1
1
1
1
1
1
1
1
1
1
1
1
1
1
1
1
1
1
1
1
1
1
1
1
1
1
1
1
1
1
1
1
1
1
1
1.00053
1.65331
6.33082
7.92253
7.84119
7.76188
7.68696
7.60938
7.53191
7.45134
7.36772
7.28264
7.19771
7.1141
7.03091
6.94538
6.85539
6.76021
6.6618
6.56403
6.46884
6.3738
6.277
6.17967
1
1
1
1
1
1
1
1
1
1
1
1
1
1
1
1
1
1
1
1
1
1
1
1
1
1
1
1
1
1
1
1
1
1
1
1
1
1
1
1
1
1
1
1
1
1
1
1
1
1
1
1
1
1
1
1
1
1
1
1
1
1
1
1
1
1
1
1
1
1
1
1
1
1.03108
3.37959
7.37948
7.75831
7.71298
7.66047
7.59426
7.52134
7.44243
7.35926
7.27483
7.19156
7.10906
7.02446
6.93639
6.84617
6.75496
6.66263
6.56941
6.47659
6.38269
6.28614
6.18922
1
1
1
1
1
1
1
1
1
1
1
1
1
1
1
1
1
1
1
1
1
1
1
1
1
1
1
1
1
1
1
1
1
1
1
1
1
1
1
1
1
1
1
1
1
1
1
1
1
1
1
1
1
1
1
1
1
1
1
1
1
1
1
1
1
1
1
1
1
1
1
1
1
1.00021
1.36339
5.71942
7.80299
7.74052
7.66878
7.5955
7.52057
7.44195
7.36001
7.27655
7.19331
7.11007
7.0247
6.93613
6.84628
6.75755
6.66931
6.57937
6.48709
6.39237
6.29549
6.19847
1
1
1
1
1
1
1
1
1
1
1
1
1
1
1
1
1
1
1
1
1
1
1
1
1
1
1
1
1
1
1
1
1
1
1
1
1
1
1
1
1
1
1
1
1
1
1
1
1
1
1
1
1
1
1
1
1
1
1
1
1
1
1
1
1
1
1
1
1
1
1
1
1
1
1.01029
2.61854
7.01468
7.67903
7.61553
7.56444
7.49828
7.42312
7.34475
7.26553
7.18463
7.10138
7.01604
6.92885
6.8412
6.7552
6.67029
6.58329
6.49227
6.39793
6.30196
6.20654
1
1
1
1
1
1
1
1
1
1
1
1
1
1
1
1
1
1
1
1
1
1
1
1
1
1
1
1
1
1
1
1
1
1
1
1
1
1
1
1
1
1
1
1
1
1
1
1
1
1
1
1
1
1
1
1
1
1
1
1
1
1
1
1
1
1
1
1
1
1
1
1
1
1
1.00005
1.17158
4.77327
7.54101
7.62657
7.56826
7.50091
7.42572
7.34927
7.27151
7.19038
7.1055
7.01882
6.93175
6.84462
6.75866
6.67404
6.5877
6.49736
6.40377
6.30851
6.21381
1
1
1
1
1
1
1
1
1
1
1
1
1
1
1
1
1
1
1
1
1
1
1
1
1
1
1
1
1
1
1
1
1
1
1
1
1
1
1
1
1
1
1
1
1
1
1
1
1
1
1
1
1
1
1
1
1
1
1
1
1
1
1
1
1
1
1
1
1
1
1
1
1
1
1
1.00285
1.93331
6.37025
7.6589
7.57989
7.48975
7.41588
7.34759
7.27487
7.19474
7.10941
7.02241
6.93611
6.85063
6.7653
6.67958
6.59274
6.50382
6.41237
6.31886
6.2256
1
1
1
1
1
1
1
1
1
1
1
1
1
1
1
1
1
1
1
1
1
1
1
1
1
1
1
1
1
1
1
1
1
1
1
1
1
1
1
1
1
1
1
1
1
1
1
1
1
1
1
1
1
1
1
1
1
1
1
1
1
1
1
1
1
1
1
1
1
1
1
1
1
1
1
1.00001
1.06038
3.54747
7.23776
7.52229
7.46511
7.41167
7.34879
7.27342
7.19007
7.10527
7.02031
6.9353
6.85109
6.76665
6.67986
6.59184
6.50425
6.41575
6.32564
6.23571
1
1
1
1
1
1
1
1
1
1
1
1
1
1
1
1
1
1
1
1
1
1
1
1
1
1
1
1
1
1
1
1
1
1
1
1
1
1
1
1
1
1
1
1
1
1
1
1
1
1
1
1
1
1
1
1
1
1
1
1
1
1
1
1
1
1
1
1
1
1
1
1
1
1
1
1
1.00062
1.41722
5.53705
7.54216
7.49227
7.42797
7.35239
7.26944
7.18433
7.10443
7.02463
6.94196
6.85803
6.77367
6.68684
6.59782
6.50992
6.42288
6.33553
6.24845
1
1
1
1
1
1
1
1
1
1
1
1
1
1
1
1
1
1
1
1
1
1
1
1
1
1
1
1
1
1
1
1
1
1
1
1
1
1
1
1
1
1
1
1
1
1
1
1
1
1
1
1
1
1
1
1
1
1
1
1
1
1
1
1
1
1
1
1
1
1
1
1
1
1
1
1
1
1.01363
2.51287
6.70755
7.45202
7.38964
7.3231
7.24679
7.17047
7.09816
7.02316
6.9434
6.8603
6.77567
6.68995
6.60274
6.51423
6.42597
6.34041
6.25584
1
1
1
1
1
1
1
1
1
1
1
1
1
1
1
1
1
1
1
1
1
1
1
1
1
1
1
1
1
1
1
1
1
1
1
1
1
1
1
1
1
1
1
1
1
1
1
1
1
1
1
1
1
1
1
1
1
1
1
1
1
1
1
1
1
1
1
1
1
1
1
1
1
1
1
1
1
1.00008
1.15088
4.27892
7.23848
7.38658
7.31524
7.25023
7.18324
7.11312
7.03641
6.9545
6.86982
6.78472
6.70066
6.61464
6.52484
6.43557
6.35041
6.26485
1
1
1
1
1
1
1
1
1
1
1
1
1
1
1
1
1
1
1
1
1
1
1
1
1
1
1
1
1
1
1
1
1
1
1
1
1
1
1
1
1
1
1
1
1
1
1
1
1
1
1
1
1
1
1
1
1
1
1
1
1
1
1
1
1
1
1
1
1
1
1
1
1
1
1
1
1
1
1.00251
1.70592
5.84521
7.41541
7.34182
7.2577
7.1875
7.1127
7.03322
6.95345
6.87275
6.79064
6.70861
6.62457
6.53637
6.44763
6.3615
6.27527
1
1
1
1
1
1
1
1
1
1
1
1
1
1
1
1
1
1
1
1
1
1
1
1
1
1
1
1
1
1
1
1
1
1
1
1
1
1
1
1
1
1
1
1
1
1
1
1
1
1
1
1
1
1
1
1
1
1
1
1
1
1
1
1
1
1
1
1
1
1
1
1
1
1
1
1
1
1
1.00001
1.03622
2.91312
6.7965
7.28377
7.22595
7.16869
7.09788
7.02158
6.94716
6.87433
6.79763
6.71573
6.63177
6.54699
6.46006
6.37169
6.28497
1
1
1
1
1
1
1
1
1
1
1
1
1
1
1
1
1
1
1
1
1
1
1
1
1
1
1
1
1
1
1
1
1
1
1
1
1
1
1
1
1
1
1
1
1
1
1
1
1
1
1
1
1
1
1
1
1
1
1
1
1
1
1
1
1
1
1
1
1
1
1
1
1
1
1
1
1
1
1
1.00034
1.2391
4.61837
7.13986
7.24841
7.18264
7.10513
7.03261
6.96304
6.89167
6.81381
6.73044
6.64585
6.56179
6.47552
6.38599
6.30091
1
1
1
1
1
1
1
1
1
1
1
1
1
1
1
1
1
1
1
1
1
1
1
1
1
1
1
1
1
1
1
1
1
1
1
1
1
1
1
1
1
1
1
1
1
1
1
1
1
1
1
1
1
1
1
1
1
1
1
1
1
1
1
1
1
1
1
1
1
1
1
1
1
1
1
1
1
1
1
1
1.00546
1.89004
5.9061
7.24452
7.17289
7.09385
7.02463
6.95753
6.88736
6.81129
6.72982
6.64847
6.56753
6.48365
6.39807
6.3148
1
1
1
1
1
1
1
1
1
1
1
1
1
1
1
1
1
1
1
1
1
1
1
1
1
1
1
1
1
1
1
1
1
1
1
1
1
1
1
1
1
1
1
1
1
1
1
1
1
1
1
1
1
1
1
1
1
1
1
1
1
1
1
1
1
1
1
1
1
1
1
1
1
1
1
1
1
1
1
1
1.00003
1.05596
3.07596
6.71015
7.1452
7.08696
7.02076
6.95197
6.8784
6.8044
6.73007
6.6518
6.57122
6.49195
6.41301
6.32922
1
1
1
1
1
1
1
1
1
1
1
1
1
1
1
1
1
1
1
1
1
1
1
1
1
1
1
1
1
1
1
1
1
1
1
1
1
1
1
1
1
1
1
1
1
1
1
1
1
1
1
1
1
1
1
1
1
1
1
1
1
1
1
1
1
1
1
1
1
1
1
1
1
1
1
1
1
1
1
1
1
1.00064
1.28291
4.61258
6.9928
7.1089
7.03997
6.96453
6.88808
6.81376
6.74066
6.66515
6.5848
6.50729
6.42906
6.34733
1
1
1
1
1
1
1
1
1
1
1
1
1
1
1
1
1
1
1
1
1
1
1
1
1
1
1
1
1
1
1
1
1
1
1
1
1
1
1
1
1
1
1
1
1
1
1
1
1
1
1
1
1
1
1
1
1
1
1
1
1
1
1
1
1
1
1
1
1
1
1
1
1
1
1
1
1
1
1
1
1
1
1.00739
1.90311
5.77259
7.08018
7.03555
6.96067
6.88637
6.81321
6.74047
6.66364
6.5861
6.51121
6.43505
6.35435
1
1
1
1
1
1
1
1
1
1
1
1
1
1
1
1
1
1
1
1
1
1
1
1
1
1
1
1
1
1
1
1
1
1
1
1
1
1
1
1
1
1
1
1
1
1
1
1
1
1
1
1
1
1
1
1
1
1
1
1
1
1
1
1
1
1
1
1
1
1
1
1
1
1
1
1
1
1
1
1
1
1
1.00004
1.05772
2.97122
6.5169
7.0173
6.96399
6.88913
6.81261
6.73698
6.66441
6.59184
6.51555
6.43852
6.36534
1
1
1
1
1
1
1
1
1
1
1
1
1
1
1
1
1
1
1
1
1
1
1
1
1
1
1
1
1
1
1
1
1
1
1
1
1
1
1
1
1
1
1
1
1
1
1
1
1
1
1
1
1
1
1
1
1
1
1
1
1
1
1
1
1
1
1
1
1
1
1
1
1
1
1
1
1
1
1
1
1
1
1
1.0007
1.25746
4.33352
6.8365
6.98428
6.90384
6.82568
6.74931
6.67644
6.60359
6.5269
6.44869
6.37498
1
1
1
1
1
1
1
1
1
1
1
1
1
1
1
1
1
1
1
1
1
1
1
1
1
1
1
1
1
1
1
1
1
1
1
1
1
1
1
1
1
1
1
1
1
1
1
1
1
1
1
1
1
1
1
1
1
1
1
1
1
1
1
1
1
1
1
1
1
1
1
1
1
1
1
1
1
1
1
1
1
1
1
1
1.00645
1.7681
5.48078
6.91697
6.90498
6.8297
6.75553
6.68207
6.60691
6.52786
6.45462
6.38103
1
1
1
1
1
1
1
1
1
1
1
1
1
1
1
1
1
1
1
1
1
1
1
1
1
1
1
1
1
1
1
1
1
1
1
1
1
1
1
1
1
1
1
1
1
1
1
1
1
1
1
1
1
1
1
1
1
1
1
1
1
1
1
1
1
1
1
1
1
1
1
1
1
1
1
1
1
1
1
1
1
1
1
1
1.00004
1.04349
2.66383
6.2006
6.89249
6.83631
6.76201
6.68758
6.61122
6.5367
6.46158
6.38561
1
1
1
1
1
1
1
1
1
1
1
1
1
1
1
1
1
1
1
1
1
1
1
1
1
1
1
1
1
1
1
1
1
1
1
1
1
1
1
1
1
1
1
1
1
1
1
1
1
1
1
1
1
1
1
1
1
1
1
1
1
1
1
1
1
1
1
1
1
1
1
1
1
1
1
1
1
1
1
1
1
1
1
1
1
1.00049
1.18584
3.81605
6.62602
6.85411
6.77928
6.70103
6.62653
6.55289
6.47666
6.39693
1
1
1
1
1
1
1
1
1
1
1
1
1
1
1
1
1
1
1
1
1
1
1
1
1
1
1
1
1
1
1
1
1
1
1
1
1
1
1
1
1
1
1
1
1
1
1
1
1
1
1
1
1
1
1
1
1
1
1
1
1
1
1
1
1
1
1
1
1
1
1
1
1
1
1
1
1
1
1
1
1
1
1
1
1
1
1.00395
1.54337
4.96154
6.71932
6.79548
6.72395
6.64253
6.56608
6.48839
6.40696
1
1
1
1
1
1
1
1
1
1
1
1
1
1
1
1
1
1
1
1
1
1
1
1
1
1
1
1
1
1
1
1
1
1
1
1
1
1
1
1
1
1
1
1
1
1
1
1
1
1
1
1
1
1
1
1
1
1
1
1
1
1
1
1
1
1
1
1
1
1
1
1
1
1
1
1
1
1
1
1
1
1
1
1
1
1
1.00002
1.02383
2.20488
5.72661
6.77148
6.73533
6.65534
6.57851
6.50093
6.42786
1
1
1
1
1
1
1
1
1
1
1
1
1
1
1
1
1
1
1
1
1
1
1
1
1
1
1
1
1
1
1
1
1
1
1
1
1
1
1
1
1
1
1
1
1
1
1
1
1
1
1
1
1
1
1
1
1
1
1
1
1
1
1
1
1
1
1
1
1
1
1
1
1
1
1
1
1
1
1
1
1
1
1
1
1
1
1
1.00022
1.10102
3.11523
6.26708
6.71712
6.67067
6.59256
6.52013
6.44922
1
1
1
1
1
1
1
1
1
1
1
1
1
1
1
1
1
1
1
1
1
1
1
1
1
1
1
1
1
1
1
1
1
1
1
1
1
1
1
1
1
1
1
1
1
1
1
1
1
1
1
1
1
1
1
1
1
1
1
1
1
1
1
1
1
1
1
1
1
1
1
1
1
1
1
1
1
1
1
1
1
1
1
1
1
1
1
1
1.00167
1.30548
4.15456
6.51873
6.69314
6.61269
6.53887
6.46948
1
1
1
1
1
1
1
1
1
1
1
1
1
1
1
1
1
1
1
1
1
1
1
1
1
1
1
1
1
1
1
1
1
1
1
1
1
1
1
1
1
1
1
1
1
1
1
1
1
1
1
1
1
1
1
1
1
1
1
1
1
1
1
1
1
1
1
1
1
1
1
1
1
1
1
1
1
1
1
1
1
1
1
1
1
1
1
1
1.00001
1.00902
1.71614
5.06611
6.57216
6.63138
6.56836
6.48422
1
1
1
1
1
1
1
1
1
1
1
1
1
1
1
1
1
1
1
1
1
1
1
1
1
1
1
1
1
1
1
1
1
1
1
1
1
1
1
1
1
1
1
1
1
1
1
1
1
1
1
1
1
1
1
1
1
1
1
1
1
1
1
1
1
1
1
1
1
1
1
1
1
1
1
1
1
1
1
1
1
1
1
1
1
1
1
1
1
1.00006
1.03963
2.35604
5.66629
6.60253
6.58507
6.49763
1
1
1
1
1
1
1
1
1
1
1
1
1
1
1
1
1
1
1
1
1
1
1
1
1
1
1
1
1
1
1
1
1
1
1
1
1
1
1
1
1
1
1
1
1
1
1
1
1
1
1
1
1
1
1
1
1
1
1
1
1
1
1
1
1
1
1
1
1
1
1
1
1
1
1
1
1
1
1
1
1
1
1
1
1
1
1
1
1
1
1.00046
1.12854
3.15429
6.10874
6.55643
6.50596
1
1
1
1
1
1
1
1
1
1
1
1
1
1
1
1
1
1
1
1
1
1
1
1
1
1
1
1
1
1
1
1
1
1
1
1
1
1
1
1
1
1
1
1
1
1
1
1
1
1
1
1
1
1
1
1
1
1
1
1
1
1
1
1
1
1
1
1
1
1
1
1
1
1
1
1
1
1
1
1
1
1
1
1
1
1
1
1
1
1
1
1.00246
1.32409
4.02482
6.32922
6.52541
1
1
1
1
1
1
1
1
1
1
1
1
1
1
1
1
1
1
1
1
1
1
1
1
1
1
1
1
1
1
1
1
1
1
1
1
1
1
1
1
1
1
1
1
1
1
1
1
1
1
1
1
1
1
1
1
1
1
1
1
1
1
1
1
1
1
1
1
1
1
1
1
1
1
1
1
1
1
1
1
1
1
1
1
1
1
1
1
1
1
1
1.00001
1.01024
1.67139
4.81743
6.37183
1
1
1
1
1
1
1
1
1
1
1
1
1
1
1
1
1
1
1
1
1
1
1
1
1
1
1
1
1
1
1
1
1
1
1
1
1
1
1
1
1
1
1
1
1
1
1
1
1
1
1
1
1
1
1
1
1
1
1
1
1
1
1
1
1
1
1
1
1
1
1
1
1
1
1
1
1
1
1
1
1
1
1
1
1
1
1
1
1
1
1
1
1.00008
1.03581
2.18708
5.39364
1
1
1
1
1
1
1
1
1
1
1
1
1
1
1
1
1
1
1
1
1
1
1
1
1
1
1
1
1
1
1
1
1
1
1
1
1
1
1
1
1
1
1
1
1
1
1
1
1
1
1
1
1
1
1
1
1
1
1
1
1
1
1
1
1
1
1
1
1
1
1
1
1
1
1
1
1
1
1
1
1
1
1
1
1
1
1
1
1
1
1
1
1
1.00041
1.10125
2.85412
1
1
1
1
1
1
1
1
1
1
1
1
1
1
1
1
1
1
1
1
1
1
1
1
1
1
1
1
1
1
1
1
1
1
1
1
1
1
1
1
1
1
1
1
1
1
1
1
1
1
1
1
1
1
1
1
1
1
1
1
1
1
1
1
1
1
1
1
1
1
1
1
1
1
1
1
1
1
1
1
1
1
1
1
1
1
1
1
1
1
1
1
1
1
1.00178
1.24115
1
1
1
1
1
1
1
1
1
1
1
1
1
1
1
1
1
1
1
1
1
1
1
1
1
1
1
1
1
1
1
1
1
1
1
1
1
1
1
1
1
1
1
1
1
1
1
1
1
1
1
1
1
1
1
1
1
1
1
1
1
1
1
1
1
1
1
1
1
1
1
1
1
1
1
1
1
1
1
1
1
1
1
1
1
1
1
1
1
1
1
1
1
1
1.00001
1.00625
1
1
1
1
1
1
1
1
1
1
1
1
1
1
1
1
1
1
1
1
1
1
1
1
1
1
1
1
1
1
1
1
1
1
1
1
1
1
1
1
1
1
1
1
1
1
1
1
1
1
1
1
1
1
1
1
1
1
1
1
1
1
1
1
1
1
1
1
1
1
1
1
1
1
1
1
1
1
1
1
1
1
1
1
1
1
1
1
1
1
1
1
1
1
1
1.00004
1
1
1
1
1
1
1
1
1
1
1
1
1
1
1
1
1
1
1
1
1
1
1
1
1
1
1
1
1
1
1
1
1
1
1
1
1
1
1
1
1
1
1
1
1
1
1
1
1
1
1
1
1
1
1
1
1
1
1
1
1
1
1
1
1
1
1
1
1
1
1
1
1
1
1
1
1
1
1
1
1
1
1
1
1
1
1
1
1
1
1
1
1
1
1
1
1
1
1
1
1
1
1
1
1
1
1
1
1
1
1
1
1
1
1
1
1
1
1
1
1
1
1
1
1
1
1
1
1
1
1
1
1
1
1
1
1
1
1
1
1
1
1
1
1
1
1
1
1
1
1
1
1
1
1
1
1
1
1
1
1
1
1
1
1
1
1
1
1
1
1
1
1
1
1
1
1
1
1
1
1
1
1
1
1
1
1
1
1
1
1
1
1
1
1
1
1
1
1
1
1
1
1
1
1
1
1
1
1
1
1
1
1
1
1
1
1
1
1
1
1
1
1
1
1
1
1
1
1
1
1
1
1
1
1
1
1
1
1
1
1
1
1
1
1
1
1
1
1
1
1
1
1
1
1
1
1
1
1
1
1
1
1
1
1
1
1
1
1
1
1
1
1
1
1
1
1
1
1
1
1
1
1
1
1
1
1
1
1
1
1
1
1
1
1
1
1
1
1
1
1
1
1
1
1
1
1
1
1
1
1
1
1
1
1
1
1
1
1
1
1
1
1
1
1
1
1
1
1
1
1
1
1
1
1
1
1
1
1
1
1
1
1
1
1
1
1
1
1
1
1
1
1
1
1
1
1
1
1
1
1
1
1
1
1
1
1
1
1
1
1
1
1
1
1
1
1
1
1
1
1
1
1
1
1
1
1
1
1
1
1
1
1
1
1
1
1
1
1
1
1
1
1
1
1
1
1
1
1
1
1
1
1
1
1
1
1
1
1
1
1
1
1
1
1
1
1
1
1
1
1
1
1
1
1
1
1
1
1
1
1
1
1
1
1
1
1
1
1
1
1
1
1
1
1
1
1
1
1
1
1
1
1
1
1
1
1
1
1
1
1
1
1
1
1
1
1
1
1
1
1
1
1
1
1
1
1
1
1
1
1
1
1
1
1
1
1
1
1
1
1
1
1
1
1
1
1
1
1
1
1
1
1
1
1
1
1
1
1
1
1
1
1
1
1
1
1
1
1
1
1
1
1
1
1
1
1
1
1
1
1
1
1
1
1
1
1
1
1
1
1
1
1
1
1
1
1
1
1
1
1
1
1
1
1
1
1
1
1
1
1
1
1
1
1
1
1
1
1
1
1
1
1
1
1
1
1
1
1
1
1
1
1
1
1
1
1
1
1
1
1
1
1
1
1
1
1
1
1
1
1
1
1
1
1
1
1
1
1
1
1
1
1
1
1
1
1
1
1
1
1
1
1
1
1
1
1
1
1
1
1
1
1
1
1
1
1
1
1
1
1
1
1
1
1
1
1
1
1
1
1
1
1
1
1
1
1
1
1
1
1
1
1
1
1
1
1
1
1
1
1
1
1
1
1
1
1
1
1
1
1
1
1
1
1
1
1
1
1
1
1
1
1
1
1
1
1
1
1
1
1
1
1
1
1
1
1
1
1
1
1
1
1
1
1
1
1
1
1
1
1
1
1
1
1
1
1
1
1
1
1
1
1
1
1
1
1
1
1
1
1
1
1
1
1
1
1
1
1
1
1
1
1
1
1
1
1
1
1
1
1
1
1
1
1
1
1
1
1
1
1
1
1
1
1
1
1
1
1
1
1
1
1
1
1
1
1
1
1
1
1
1
1
1
1
1
1
1
1
1
1
1
1
1
1
1
1
1
1
1
1
1
1
1
1
1
1
1
1
1
1
1
1
1
1
1
1
1
1
1
1
1
1
1
1
1
1
1
1
1
1
1
1
1
1
1
1
1
1
1
1
1
1
1
1
1
1
1
1
1
1
1
1
1
1
1
1
1
1
1
1
1
1
1
1
1
1
1
1
1
1
1
1
1
1
1
1
1
1
1
1
1
1
1
1
1
1
1
1
1
1
1
1
1
1
1
1
1
1
1
1
1
1
1
1
1
1
1
1
1
1
1
1
1
1
1
1
1
1
1
1
1
1
1
1
1
1
1
1
1
1
1
1
1
1
1
1
1
1
1
1
1
1
1
1
1
1
1
1
1
1
1
1
1
1
1
1
1
1
1
1
1
1
1
1
1
1
1
1
1
1
1
1
1
1
1
1
1
1
1
1
1
1
1
1
1
1
1
1
1
1
1
1
1
1
1
1
1
1
1
1
1
1
1
1
1
1
1
1
1
1
1
1
1
1
1
1
1
1
1
1
1
1
1
1
1
1
1
1
1
1
1
1
1
1
1
1
1
1
1
1
1
1
1
1
1
1
1
1
1
1
1
1
1
1
1
1
1
1
1
1
1
1
1
1
1
1
1
1
1
1
1
1
1
1
1
1
1
1
1
1
1
1
1
1
1
1
1
1
1
1
1
1
1
1
1
1
1
1
1
1
1
1
1
1
1
1
1
1
1
1
1
1
1
1
1
1
1
1
1
1
1
1
1
1
1
1
1
1
1
1
1
1
1
1
1
1
1
1
1
1
1
1
1
1
1
1
1
1
1
1
1
1
1
1
1
1
1
1
1
1
1
1
1
1
1
1
1
1
1
1
1
1
1
1
1
1
1
1
1
1
1
1
1
1
1
1
1
1
1
1
1
1
1
1
1
1
1
1
1
1
1
1
1
1
1
1
1
1
1
1
1
1
1
1
1
1
1
1
1
1
1
1
1
1
1
1
1
1
1
1
1
1
1
1
1
1
1
1
1
1
1
1
1
1
1
1
1
1
1
1
1
1
1
1
1
1
1
1
1
1
1
1
1
1
1
1
1
1
1
1
1
1
1
1
1
1
1
1
1
1
1
1
1
1
1
1
1
1
1
1
1
1
1
1
1
1
1
1
1
1
1
1
1
1
1
1
1
1
1
1
1
1
1
1
1
1
1
1
1
1
1
1
1
1
1
1
1
1
1
1
1
1
1
1
1
1
1
1
1
1
1
1
1
1
1
1
1
1
1
1
1
1
1
1
1
1
1
1
1
1
1
1
1
1
1
1
1
1
1
1
1
1
1
1
1
1
1
1
1
1
1
1
1
1
1
1
1
1
1
1
1
1
1
1
1
1
1
1
1
1
1
1
1
1
1
1
1
1
1
1
1
1
1
1
1
1
1
1
1
1
1
1
1
1
1
1
1
1
1
1
1
1
1
1
1
1
1
1
1
1
1
1
1
1
1
1
1
1
1
1
1
1
1
1
1
1
1
1
1
1
1
1
1
1
1
1
1
1
1
1
1
1
1
1
1
1
1
1
1
1
1
1
1
1
1
1
1
1
1
1
1
1
1
1
1
1
1
1
1
1
1
1
1
1
1
1
1
1
1
1
1
1
1
1
1
1
1
1
1
1
1
1
1
1
1
1
1
1
1
1
1
1
1
1
1
1
1
1
1
1
1
1
1
1
1
1
1
1
1
1
1
1
1
1
1
1
1
1
1
1
1
1
1
1
1
1
1
1
1
1
1
1
1
1
1
1
1
1
1
1
1
1
1
1
1
1
1
1
1
1
1
1
1
1
1
1
1
1
1
1
1
1
1
1
1
1
1
1
1
1
1
1
1
1
1
1
1
1
1
1
1
1
1
1
1
1
1
1
1
1
1
1
1
1
1
1
1
1
1
1
1
1
1
1
1
1
1
1
1
1
1
1
1
1
1
1
1
1
1
1
1
1
1
1
1
1
1
1
1
1
1
1
1
1
1
1
1
1
1
1
1
1
1
1
1
1
1
1
1
1
1
1
1
1
1
1
1
1
1
1
1
1
1
1
1
1
1
1
1
1
1
1
1
1
1
1
1
1
1
1
1
1
1
1
1
1
1
1
1
1
1
1
1
1
1
1
1
1
1
1
1
1
1
1
1
1
1
1
1
1
1
1
1
1
1
1
1
1
1
1
1
1
1
1
1
1
1
1
1
1
1
1
1
1
1
1
1
1
1
1
1
1
1
1
1
1
1
1
1
1
1
1
1
1
1
1
1
1
1
1
1
1
1
1
1
1
1
1
1
1
1
1
1
1
1
1
1
1
1
1
1
1
1
1
1
1
1
1
1
1
1
1
1
1
1
1
1
1
1
1
1
1
1
1
1
1
1
1
1
1
1
1
1
1
1
1
1
1
1
1
1
1
1
1
1
1
1
1
1
1
1
1
1
1
1
1
1
1
1
1
1
1
1
1
1
1
1
1
1
1
1
1
1
1
1
1
1
1
1
1
1
1
1
1
1
1
1
1
1
1
1
1
1
1
1
1
1
1
1
1
1
1
1
1
1
1
1
1
1
1
1
1
1
1
1
1
1
1
1
1
1
1
1
1
1
1
1
1
1
1
1
1
1
1
1
1
1
1
1
1
1
1
1
1
1
1
1
1
1
1
1
1
1
1
1
1
1
1
1
1
1
1
1
1
1
1
1
1
1
1
1
1
1
1
1
1
1
1
1
1
1
1
1
1
1
1
1
1
1
1
1
1
1
1
1
1
1
1
1
1
1
1
1
1
1
1
1
1
1
1
1
1
1
1
1
1
1
1
1
1
1
1
1
1
1
1
1
1
1
1
1
1
1
1
1
1
1
1
1
1
1
1
1
1
1
1
1
1
1
1
1
1
1
1
1
1
1
1
1
1
1
1
1
1
1
1
1
1
1
1
1
1
1
1
1
1
1
1
1
1
1
1
1
1
1
1
1
1
1
1
1
1
1
1
1
1
1
1
1
1
1
1
1
1
1
1
1
1
1
1
1
1
1
1
1
1
1
1
1
1
1
1
1
1
1
1
1
1
1
1
1
1
1
1
1
1
1
1
1
1
1
1
1
1
1
1
1
1
1
1
1
1
1
1
1
1
1
1
1
1
1
1
1
1
1
1
1
1
1
1
1
1
1
1
1
1
1
1
1
1
1
1
1
1
1
1
1
1
1
1
1
1
1
1
1
1
1
1
1
1
1
1
1
1
1
1
1
1
1
1
1
1
1
1
1
1
1
1
1
1
1
1
1
1
1
1
1
1
1
1
1
1
1
1
1
1
1
1
1
1
1
1
1
1
1
1
1
1
1
1
1
1
1
1
1
1
1
1
1
1
1
1
1
1
1
1
1
1
1
1
1
1
1
1
1
1
1
1
1
1
1
1
1
1
1
1
1
1
1
1
1
1
1
1
1
1
1
1
1
1
1
1
1
1
1
1
1
1
1
1
1
1
1
1
1
1
1
1
1
1
1
1
1
1
1
1
1
1
1
1
1
1
1
1
1
1
1
1
1
1
1
1
1
1
1
1
1
1
1
1
1
1
1
1
1
1
1
1
1
1
1
1
1
1
1
1
1
1
1
1
1
1
1
1
1
1
1
1
1
1
1
1
1
1
1
1
1
1
1
1
1
1
1
1
1
1
1
1
1
1
1
1
1
1
1
1
1
1
1
1
1
1
1
1
1
1
1
1
1
1
1
1
1
1
1
1
1
1
1
1
1
1
1
1
1
1
1
1
1
1
1
1
1
1
1
1
1
1
1
1
1
1
1
1
1
1
1
1
1
1
1
1
1
1
1
1
1
1
1
1
1
1
1
1
1
1
1
1
1
1
1
1
1
1
1
1
1
1
1
1
1
1
1
1
1
1
1
1
1
1
1
1
1
1
1
1
1
1
1
1
1
1
1
1
1
1
1
1
1
1
1
1
1
1
1
1
1
1
1
1
1
1
1
1
1
1
1
1
1
1
1
1
1
1
1
1
1
1
1
1
1
1
1
1
1
1
1
1
1
1
1
1
1
1
1
1
1
1
1
1
1
1
1
1
1
1
1
1
1
1
1
1
1
1
1
1
1
1
1
1
1
1
1
1
1
1
1
1
1
1
1
1
1
1
1
1
1
1
1
1
1
1
1
1
1
1
1
1
1
1
1
1
1
1
1
1
1
1
1
1
1
1
1
1
1
1
1
1
1
1
1
1
1
1
1
1
1
1
1
1
1
1
1
1
1
1
1
1
1
1
1
1
1
1
1
1
1
1
1
1
1
1
1
1
1
1
1
1
1
1
1
1
1
1
1
1
1
1
1
1
1
1
1
1
1
1
1
1
1
1
1
1
1
1
1
1
1
1
1
1
1
1
1
1
1
1
1
1
1
1
1
1
1
1
1
1
1
1
1
1
1
1
1
1
1
1
1
1
1
1
1
1
1
1
1
1
1
1
1
1
1
1
1
1
1
1
1
1
1
1
1
1
1
1
1
1
1
1
1
1
1
1
1
1
1
1
1
1
1
1
1
1
1
1
1
1
1
1
1
1
1
1
1
1
1
1
1
1
1
1
1
1
1
1
1
1
1
1
1
1
1
1
1
1
1
1
1
1
1
1
1
1
1
1
1
1
1
1
1
1
1
1
1
1
1
1
1
1
1
1
1
1
1
1
1
1
1
1
1
1
1
1
1
1
1
1
1
1
1
1
1
1
1
1
1
1
1
1
1
1
1
1
1
1
1
1
1
1
1
1
1
1
1
1
1
1
1
1
1
1
1
1
1
1
1
1
1
1
1
1
1
1
1
1
1
1
1
1
1
1
1
1
1
1
1
1
1
1
1
1
1
1
1
1
1
1
1
1
1
1
1
1
1
1
1
1
1
1
1
1
1
1
1
1
1
1
1
1
1
1
1
1
1
1
1
1
1
1
1
1
1
1
1
1
1
1
1
1
1
1
1
1
1
1
1
1
1
1
1
1
1
1
1
1
1
1
1
1
1
1
1
1
1
1
1
1
1
1
1
1
1
1
1
1
1
1
1
1
1
1
1
1
1
1
1
1
1
1
1
1
1
1
1
1
1
1
1
1
1
1
1
1
1
1
1
1
1
1
1
1
1
1
1
1
1
1
1
1
1
1
1
1
1
1
1
1
1
1
1
1
1
1
1
1
1
1
1
1
1
1
1
1
1
1
1
1
1
1
1
1
1
1
1
1
1
1
1
1
1
1
1
1
1
1
1
1
1
1
1
1
1
1
1
1
1
1
1
1
1
1
1
1
1
1
1
1
1
1
1
1
1
1
1
1
1
1
1
1
1
1
1
1
1
1
1
1
1
1
1
1
1
1
1
1
1
1
1
1
1
1
1
1
1
1
1
1
1
1
1
1
1
1
1
1
1
1
1
1
1
1
1
1
1
1
1
1
1
1
1
1
1
1
1
1
1
1
1
1
1
1
1
1
1
1
1
1
1
1
1
1
1
1
1
1
1
1
1
1
1
1
1
1
1
1
1
1
1
1
1
1
1
1
1
1
1
1
1
1
1
1
1
1
1
1
1
1
1
1
1
1
1
1
1
1
1
1
1
1
1
1
1
1
1
1
1
1
1
1
1
1
1
1
1
1
1
1
1
1
1
1
1
1
1
1
1
1
1
1
1
1
1
1
1
1
1
1
1
1
1
1
1
1
1
1
1
1
1
1
1
1
1
1
1
1
1
1
1
1
1
1
1
1
1
1
1
1
1
1
1
1
1
1
1
1
1
1
1
1
1
1
1
1
1
1
1
1
1
1
1
1
1
1
1
1
1
1
1
1
1
1
1
1
1
1
1
1
1
1
1
1
1
1
1
1
1
1
1
1
1
1
1
1
1
1
1
1
1
1
1
1
1
1
1
1
1
1
1
1
1
1
1
1
1
1
1
1
1
1
1
1
1
1
1
1
1
1
1
1
1
1
1
1
1
1
1
1
1
1
1
1
1
1
1
1
1
1
1
1
1
1
1
1
1
1
1
1
1
1
1
1
1
1
1
1
1
1
1
1
1
1
1
1
1
1
1
1
1
1
1
1
1
1
1
1
1
1
1
1
1
1
1
1
1
1
1
1
1
1
1
1
1
1
1
1
1
1
1
1
1
1
1
1
1
1
1
1
1
1
1
1
1
1
1
1
1
1
1
1
1
1
1
1
1
1
1
1
1
1
1
1
1
1
1
1
1
1
1
1
1
1
1
1
1
1
1
1
1
1
1
1
1
1
1
1
1
1
1
1
1
1
1
1
1
1
1
1
1
1
1
1
1
1
1
1
1
1
1
1
1
1
1
1
1
1
1
1
1
1
1
1
1
1
1
1
1
1
1
1
1
1
1
1
1
1
1
1
1
1
1
1
1
1
1
1
1
1
1
1
1
1
1
1
1
1
1
1
1
1
1
1
1
1
1
1
1
1
1
1
1
1
1
1
1
1
1
1
1
1
1
1
1
1
1
1
1
1
1
1
1
1
1
1
1
1
1
1
1
1
1
1
1
1
1
1
1
1
1
1
1
1
1
1
1
1
1
1
1
1
1
1
1
1
1
1
1
1
1
1
1
1
1
1
1
1
1
1
1
1
1
1
1
1
1
1
1
1
1
1
1
1
1
1
1
1
1
1
1
1
1
1
1
1
1
1
1
1
1
1
1
1
1
1
1
1
1
1
1
1
1
1
1
1
1
1
1
1
1
1
1
1
1
1
1
1
1
1
1
1
1
1
1
1
1
1
1
1
1
1
1
1
1
1
1
1
1
1
1
1
1
1
1
1
1
1
1
1
1
1
1
1
1
1
1
1
1
1
1
1
1
0.902584
0.148652
0.0132302
0.00948631
0.0259194
0.0337041
0.0321456
0.0397369
0.0699041
0.101479
0.118524
0.133654
0.162056
0.215691
0.279301
0.303399
0.326692
0.367334
0.410967
0.4499
0.471148
0.499424
0.541519
0.574356
0.601169
0.613265
0.618584
0.633058
0.649044
0.67145
0.704163
0.742756
0.79395
0.841758
0.873147
0.888355
0.893629
0.896949
0.896201
0.903375
0.92743
0.979272
1.02048
1.02789
1.02878
1.02361
1.00805
1.00255
1.00993
1.02571
1.06089
1.0945
1.10253
1.10722
1.10902
1.10876
1.11232
1.11609
1.125
1.14686
1.16877
1.17571
1.17792
1.17774
1.17652
1.17652
1.17994
1.19064
1.20754
1.21516
1.21595
1.21436
1.20771
1.20052
1.19862
1.19955
1.20739
1.22294
1.23255
1.23416
1.23364
1.2319
1.22842
1.22774
1.23046
1.23509
1.24196
1.24541
1.24435
1.24201
1.23804
1.23499
1.23549
1.23781
1.2423
1.24899
1.25487
1.25868
1.25839
1.25628
1.2545
1.25314
1.25222
1.25204
1.25304
1.25224
1.25034
1.24846
1.24737
1.24697
1.24707
1.24844
1.25081
1.25313
1.25447
1.25492
1.25447
1.25222
1.24819
1.24417
1.24081
1.23807
1.23635
1.23594
1.23788
1.24071
1.24211
1.24264
1.24252
1.24138
1.23964
1.23686
1.23277
1.22825
1.22404
1.22153
1.22045
1.2211
1.22271
1.22215
1.22119
1.22027
1.21936
1.21858
1.21812
1.21808
1.2188
1.21962
1.21812
1.21505
1.21078
1.20607
1.20299
1.2014
1.20031
1.19978
1.19938
1.19854
1.19741
1.19579
1.194
1.1928
1.1919
1.19174
1.19159
1.18978
1.18784
1.18609
1.1844
1.18247
1.17997
1.17734
1.17477
1.17158
1.16746
1.16362
1.16095
1.15843
1.15735
1.16134
1.20419
1.41412
1.99486
2.94841
3.98028
4.86005
5.63782
5.91283
5.84843
5.59325
5.32376
5.24544
5.222
5.19375
5.15728
5.13147
5.11859
5.10937
5.10097
5.08938
5.05915
5.01916
4.97709
4.93676
4.90255
4.86586
4.82626
4.79007
4.75871
4.73443
4.71511
4.69546
4.67141
4.64348
4.60968
4.56748
4.52359
4.48682
4.45668
4.42929
4.40608
4.38758
4.36996
4.35307
4.33549
4.316
4.29445
4.26909
4.23847
4.20269
4.16375
4.1264
4.09377
4.06507
4.03787
4.01838
4.00244
3.98699
3.97249
3.95673
3.93418
3.90805
3.87515
3.83432
3.7959
3.76806
3.74982
3.73608
3.72542
3.71653
3.70323
3.68657
3.66526
3.63469
3.59699
3.56327
3.53619
3.51535
3.5008
3.48821
3.47676
3.46831
3.4589
3.44665
3.43098
3.40497
3.36582
3.32915
3.30555
3.2911
3.28047
3.27104
3.2649
3.26559
3.26913
3.26208
3.24683
3.22545
3.18248
3.12369
3.09206
3.07811
3.06849
3.06469
3.06108
3.05486
3.0498
3.04478
3.03837
3.02897
3.01649
3.00288
2.98627
2.96196
2.92279
2.87621
2.84061
2.81896
2.80638
2.79763
2.79007
2.78459
2.78323
2.78591
2.78844
2.79046
2.79327
2.79527
2.79065
2.77982
2.75894
2.71147
2.62576
2.55014
2.517
2.50761
2.50419
2.50449
2.51846
2.54485
2.57429
2.60336
2.6185
2.61617
2.606
2.58579
2.53877
2.45661
2.39639
2.37618
2.369
2.36321
2.36408
2.38149
2.40826
2.42076
2.42041
2.41916
2.41692
2.40597
2.37624
2.31499
2.24511
2.214
2.2062
2.20412
2.20045
2.20038
1.70851
0.5984
0.133886
0.092273
0.130758
0.119637
0.0782752
0.0647152
0.0682617
0.074837
0.0818318
0.0889371
0.0989786
0.114166
0.143528
0.183253
0.225671
0.269637
0.309648
0.338876
0.372312
0.425155
0.476571
0.511072
0.550194
0.587148
0.60109
0.609175
0.622202
0.64379
0.691077
0.738114
0.774247
0.8095
0.83629
0.849518
0.858192
0.873572
0.885867
0.90066
0.93154
0.970175
0.993327
1.00523
1.0071
1.00614
1.00355
1.00638
1.0168
1.03228
1.06346
1.09179
1.09757
1.10063
1.10195
1.10168
1.10406
1.10635
1.11443
1.13468
1.15611
1.168
1.17447
1.17909
1.18118
1.1818
1.18406
1.19033
1.19746
1.20033
1.20163
1.20303
1.20421
1.20477
1.20508
1.20706
1.21539
1.22623
1.22901
1.22998
1.23057
1.22931
1.22643
1.22428
1.22602
1.23023
1.23757
1.2452
1.24855
1.24813
1.246
1.24091
1.23707
1.23767
1.24027
1.24627
1.25327
1.25659
1.25518
1.25301
1.25136
1.25104
1.25144
1.25291
1.25521
1.25463
1.25263
1.24946
1.24565
1.24396
1.24342
1.24361
1.24443
1.24567
1.24747
1.24896
1.24936
1.24879
1.24846
1.24846
1.24821
1.2473
1.24486
1.24125
1.23727
1.23458
1.23328
1.23319
1.23526
1.23673
1.23655
1.23609
1.23495
1.23305
1.23071
1.22899
1.22873
1.22963
1.22897
1.22731
1.22543
1.223
1.21986
1.21668
1.21433
1.21296
1.21225
1.21253
1.21316
1.21214
1.21013
1.20699
1.20238
1.19764
1.19478
1.19375
1.19355
1.1945
1.19569
1.19589
1.19519
1.19406
1.19239
1.19027
1.18814
1.18592
1.18369
1.18139
1.17853
1.17549
1.17343
1.17212
1.17123
1.17074
1.16936
1.1669
1.16319
1.15945
1.17033
1.24631
1.52939
1.96831
2.38636
2.66748
3.07683
3.66793
4.17993
4.68271
5.09349
5.25361
5.29252
5.28338
5.28384
5.24605
5.19175
5.14635
5.12579
5.10895
5.08229
5.04611
5.00917
4.97965
4.95125
4.92688
4.90658
4.88477
4.8532
4.81694
4.78221
4.74829
4.7125
4.67611
4.64337
4.61528
4.58825
4.55914
4.5283
4.49932
4.47312
4.44681
4.41928
4.39312
4.36721
4.34133
4.31656
4.29365
4.2728
4.25228
4.22913
4.20202
4.17154
4.13902
4.10689
4.07624
4.04566
4.01953
4.00105
3.98504
3.97109
3.95861
3.94019
3.91624
3.88792
3.85267
3.81298
3.77647
3.7473
3.7259
3.71
3.69573
3.68296
3.66966
3.65358
3.63245
3.60788
3.58234
3.556
3.53022
3.50934
3.49445
3.48132
3.46785
3.45344
3.43847
3.42199
3.40037
3.37187
3.34421
3.32041
3.29988
3.28489
3.27451
3.26681
3.26347
3.25796
3.24505
3.23044
3.21271
3.1853
3.15221
3.11943
3.09286
3.078
3.06961
3.06119
3.05375
3.04812
3.04248
3.03417
3.02084
3.00267
2.98238
2.96557
2.94889
2.92778
2.90392
2.87699
2.84694
2.82066
2.80394
2.79385
2.78644
2.78178
2.78081
2.78337
2.78567
2.78099
2.77057
2.75879
2.74547
2.72377
2.68805
2.6487
2.60952
2.56522
2.52998
2.51707
2.51466
2.52397
2.54924
2.57562
2.58829
2.58882
2.5827
2.57221
2.55325
2.51965
2.48114
2.44474
2.40825
2.38275
2.37179
2.36859
2.38217
2.40966
2.41612
2.4108
2.40391
2.39454
2.37889
2.35247
2.31678
2.2826
2.24971
2.22384
2.21358
2.2087
2.20717
2.2431
1.18896
0.489164
0.281883
0.286285
0.257969
0.176725
0.119959
0.123854
0.141474
0.139765
0.132522
0.129723
0.137036
0.154044
0.173936
0.187689
0.19833
0.214235
0.246507
0.294168
0.343256
0.38281
0.413588
0.455669
0.504398
0.541478
0.574216
0.603659
0.637785
0.694579
0.74642
0.77227
0.793859
0.822463
0.842432
0.847614
0.868299
0.898132
0.92279
0.961066
0.993454
0.998312
0.999224
0.995879
0.991725
0.992545
1.00269
1.01588
1.03394
1.06629
1.08779
1.09107
1.0935
1.09448
1.09826
1.1081
1.12093
1.139
1.16546
1.175
1.17518
1.17069
1.16798
1.16836
1.17174
1.18176
1.19777
1.20625
1.20896
1.20892
1.20436
1.20145
1.20235
1.2042
1.20962
1.22214
1.2332
1.23641
1.237
1.2351
1.23087
1.22749
1.22514
1.22428
1.22655
1.2312
1.23799
1.24302
1.24539
1.24577
1.24544
1.24379
1.24336
1.24494
1.249
1.25462
1.25702
1.25632
1.2545
1.25173
1.25016
1.24999
1.25135
1.25505
1.256
1.25515
1.25346
1.24979
1.24757
1.24717
1.24716
1.24718
1.24713
1.24649
1.24466
1.24191
1.24018
1.24042
1.2418
1.24447
1.24794
1.24985
1.24904
1.24668
1.24293
1.23849
1.23455
1.23164
1.22995
1.22928
1.22869
1.22809
1.22762
1.22755
1.22814
1.2298
1.23183
1.23181
1.23142
1.23112
1.23029
1.22822
1.22445
1.21989
1.21534
1.21084
1.20839
1.20819
1.20827
1.20849
1.20803
1.20674
1.20405
1.19977
1.19515
1.19225
1.19119
1.19078
1.1915
1.19332
1.1949
1.19542
1.19506
1.1942
1.19273
1.18967
1.18443
1.17759
1.1718
1.16804
1.16516
1.16343
1.16263
1.16124
1.15987
1.16412
1.19184
1.33962
1.69734
2.17341
2.49686
2.68891
2.68117
2.65603
2.74499
3.05964
3.64634
4.36458
4.90766
5.24803
5.29972
5.34353
5.31171
5.23778
5.14347
5.10686
5.08034
5.05574
5.03236
5.00563
4.98684
4.96831
4.94267
4.90886
4.87663
4.84503
4.81188
4.78307
4.75646
4.72562
4.68863
4.64792
4.6094
4.57653
4.54928
4.52466
4.50141
4.4804
4.4596
4.43666
4.40961
4.37736
4.34224
4.30719
4.27279
4.24323
4.22123
4.20328
4.18518
4.16411
4.14117
4.11662
4.08934
4.0591
4.02719
3.9965
3.97123
3.95245
3.93606
3.92161
3.90417
3.88457
3.86324
3.83892
3.81085
3.77738
3.74033
3.70671
3.68057
3.65907
3.63869
3.61969
3.60496
3.59297
3.58087
3.56727
3.55016
3.53023
3.51104
3.49367
3.47654
3.45709
3.43235
3.40258
3.37621
3.35882
3.34414
3.33017
3.31486
3.29663
3.28202
3.27141
3.25964
3.24478
3.22695
3.20586
3.18242
3.16815
3.15615
3.14093
3.12337
3.10261
3.08201
3.06617
3.05451
3.04535
3.03643
3.02381
3.00618
2.98492
2.9626
2.94058
2.9226
2.91442
2.90756
2.89795
2.88408
2.86223
2.83551
2.81174
2.79532
2.78455
2.77774
2.77459
2.76805
2.7588
2.74815
2.73344
2.7102
2.68313
2.65977
2.64659
2.63416
2.61588
2.58625
2.55451
2.54084
2.5404
2.55158
2.56313
2.56682
2.56328
2.55527
2.54103
2.51851
2.49361
2.47981
2.46744
2.44822
2.4191
2.39439
2.38489
2.3879
2.40108
2.40196
2.39576
2.38808
2.37549
2.35309
2.32535
2.30683
2.29778
2.28307
2.25623
2.22621
2.21673
2.21268
2.62814
1.76011
1.11727
0.64434
0.492817
0.447975
0.342722
0.238636
0.244184
0.251968
0.244195
0.219131
0.21414
0.21704
0.212729
0.201195
0.199384
0.207545
0.223248
0.230215
0.235807
0.24256
0.251899
0.269682
0.30888
0.373157
0.440401
0.491131
0.525222
0.558611
0.618602
0.679561
0.707939
0.72275
0.755316
0.804354
0.829005
0.862908
0.905198
0.930789
0.954374
0.977312
0.983199
0.987626
0.991596
0.989309
0.992658
0.998764
1.00839
1.02969
1.06005
1.07261
1.07487
1.07709
1.0793
1.08543
1.09661
1.11243
1.13705
1.16582
1.17364
1.1744
1.16789
1.16017
1.15932
1.16262
1.17611
1.19481
1.20418
1.20788
1.20803
1.20184
1.19595
1.1963
1.19859
1.20487
1.21533
1.22166
1.22494
1.22639
1.22609
1.22742
1.22967
1.23298
1.23746
1.2428
1.2458
1.24534
1.24269
1.23887
1.23803
1.23923
1.24101
1.24246
1.24496
1.24981
1.25175
1.25193
1.25156
1.24967
1.24818
1.24819
1.24873
1.25116
1.2549
1.25558
1.25482
1.2525
1.24786
1.24426
1.24364
1.24453
1.24621
1.24808
1.24943
1.24946
1.24773
1.24641
1.24588
1.24513
1.24436
1.2442
1.24409
1.24262
1.24035
1.23827
1.23682
1.23563
1.23454
1.23411
1.23369
1.23246
1.23083
1.22901
1.22812
1.22825
1.22916
1.22976
1.22934
1.22894
1.22838
1.22702
1.22458
1.22111
1.21725
1.21384
1.21154
1.21042
1.20923
1.20762
1.20621
1.20508
1.20395
1.20225
1.1999
1.19805
1.19679
1.19561
1.19476
1.19461
1.19455
1.19392
1.19324
1.19272
1.19228
1.19139
1.18951
1.18591
1.18071
1.17639
1.17366
1.17065
1.16704
1.16269
1.15903
1.16771
1.2215
1.4301
1.88846
2.31653
2.63359
2.72311
2.67719
2.64708
2.62462
2.64441
2.6564
2.78391
3.16936
3.82425
4.54791
4.94183
5.15337
5.17375
5.23002
5.23016
5.19197
5.1291
5.07259
5.03061
4.99332
4.96761
4.94728
4.92794
4.90167
4.8716
4.83875
4.80544
4.77314
4.74302
4.71402
4.68634
4.6577
4.62601
4.59037
4.5571
4.52899
4.50045
4.47198
4.44731
4.42515
4.40145
4.37547
4.34937
4.3227
4.29294
4.26062
4.22871
4.2004
4.17676
4.15495
4.13397
4.11379
4.09355
4.07244
4.0491
4.0217
3.9896
3.95627
3.93091
3.91137
3.89055
3.86835
3.84774
3.82872
3.8088
3.78582
3.75757
3.72544
3.6954
3.66889
3.64444
3.62339
3.60692
3.59337
3.58188
3.57093
3.5584
3.54308
3.5227
3.49866
3.47478
3.45069
3.42355
3.39704
3.37937
3.36668
3.3554
3.34397
3.33093
3.31365
3.29072
3.26685
3.24628
3.22636
3.2043
3.1831
3.1697
3.16231
3.1597
3.15645
3.14679
3.13038
3.10561
3.07685
3.05434
3.03646
3.01955
3.00204
2.98328
2.96324
2.94175
2.9239
2.91444
2.90857
2.9053
2.903
2.89662
2.88623
2.87057
2.84781
2.82203
2.79775
2.77728
2.76032
2.74507
2.7307
2.7155
2.69651
2.67381
2.65587
2.64864
2.64648
2.64816
2.64686
2.63861
2.61985
2.58725
2.56228
2.55338
2.5465
2.53959
2.53028
2.51774
2.50228
2.4887
2.48323
2.48081
2.47849
2.47252
2.45937
2.43569
2.41158
2.39827
2.3911
2.38529
2.37651
2.36452
2.34752
2.32481
2.30679
2.30435
2.30484
2.30214
2.29127
2.26929
2.24826
2.23611
3.06933
2.242
1.61623
1.06132
0.820432
0.706703
0.556902
0.420192
0.400495
0.387366
0.351546
0.301929
0.296539
0.297866
0.288135
0.273303
0.274616
0.284059
0.283162
0.277722
0.272511
0.266537
0.266995
0.271254
0.276128
0.290336
0.317496
0.354125
0.383539
0.405431
0.438368
0.492934
0.553473
0.603676
0.659998
0.7389
0.787144
0.821575
0.864701
0.892037
0.915842
0.940227
0.947422
0.960186
0.983307
0.996077
1.00474
1.01383
1.02317
1.03461
1.04448
1.05095
1.05734
1.06484
1.07088
1.08053
1.09636
1.11775
1.14561
1.16567
1.16981
1.16849
1.1626
1.16249
1.16738
1.17594
1.19012
1.20131
1.20421
1.20343
1.1959
1.18582
1.18309
1.18499
1.19173
1.20585
1.21911
1.22388
1.22621
1.22539
1.2212
1.21997
1.22172
1.22647
1.23605
1.24817
1.25382
1.25422
1.25134
1.24337
1.23701
1.23622
1.23686
1.23942
1.24508
1.25021
1.25195
1.25233
1.25035
1.24731
1.24695
1.24748
1.24921
1.2531
1.25567
1.25543
1.25408
1.2512
1.24646
1.24302
1.24277
1.24448
1.2473
1.24865
1.24924
1.2493
1.2481
1.24713
1.24698
1.24705
1.24694
1.24669
1.24576
1.24393
1.24076
1.23698
1.23433
1.2326
1.23224
1.23285
1.23336
1.23375
1.23397
1.23359
1.23309
1.23335
1.23367
1.23333
1.23234
1.23068
1.2283
1.22492
1.22052
1.21605
1.21176
1.20846
1.20856
1.20923
1.20928
1.20864
1.2076
1.20598
1.20303
1.19907
1.19615
1.19469
1.19388
1.19373
1.19469
1.19553
1.19529
1.19488
1.19415
1.19272
1.19046
1.18783
1.18508
1.18163
1.17731
1.17433
1.17215
1.16907
1.16554
1.16667
1.18629
1.28891
1.58793
2.04881
2.51054
2.66582
2.66874
2.67099
2.6786
2.69085
2.6901
2.66857
2.64013
2.60918
2.62637
2.76591
3.193
3.847
4.51474
4.84587
5.0692
5.12759
5.12087
5.12729
5.11991
5.07671
5.01845
4.96651
4.93022
4.90736
4.88884
4.86472
4.83234
4.79959
4.76835
4.73685
4.70532
4.67393
4.64479
4.61421
4.58036
4.55573
4.53502
4.51407
4.48922
4.4587
4.42453
4.39271
4.36447
4.33833
4.31357
4.28972
4.26424
4.23442
4.20087
4.17039
4.14575
4.12417
4.10472
4.08644
4.06946
4.05333
4.03558
4.0115
3.97814
3.9407
3.90823
3.88161
3.85695
3.83457
3.81507
3.79646
3.77662
3.75383
3.72693
3.69804
3.67145
3.649
3.63034
3.61487
3.60198
3.59082
3.58081
3.56979
3.55542
3.53444
3.50421
3.46662
3.42873
3.40021
3.38327
3.37209
3.3656
3.36177
3.35658
3.34834
3.33572
3.31052
3.26897
3.22675
3.19478
3.17374
3.16221
3.15663
3.15688
3.1634
3.16666
3.15938
3.1471
3.12969
3.09796
3.06012
3.02934
3.00177
2.97491
2.9517
2.93468
2.92443
2.91821
2.91453
2.91313
2.91251
2.91002
2.90358
2.89481
2.88472
2.87137
2.85197
2.82527
2.79174
2.75569
2.72294
2.6946
2.66981
2.64979
2.63948
2.63812
2.64611
2.65938
2.67099
2.6766
2.67477
2.66568
2.64363
2.6005
2.55598
2.53016
2.51164
2.49243
2.47291
2.46192
2.46349
2.47622
2.48815
2.49075
2.48813
2.48241
2.47039
2.44703
2.41359
2.38341
2.36395
2.34919
2.33354
2.3163
2.30631
2.30628
2.30826
2.3074
2.30451
2.29973
2.29209
2.28286
2.26071
3.43466
2.66346
2.06556
1.51166
1.20717
1.00323
0.793156
0.629826
0.601908
0.571213
0.499678
0.411661
0.396574
0.400407
0.387733
0.356064
0.349729
0.356603
0.357234
0.345239
0.329486
0.318296
0.317564
0.319781
0.318003
0.317575
0.33313
0.337921
0.336393
0.331764
0.333248
0.343653
0.367588
0.4081
0.461269
0.539836
0.636009
0.698688
0.766558
0.820614
0.856834
0.892639
0.910305
0.930375
0.964142
0.984344
0.997692
1.01142
1.01731
1.01975
1.02621
1.0344
1.04338
1.05336
1.0599
1.06864
1.08296
1.10303
1.1277
1.14785
1.15429
1.15597
1.15928
1.16579
1.17263
1.17931
1.18688
1.1915
1.19142
1.18911
1.18366
1.1806
1.18248
1.18802
1.19986
1.21642
1.22592
1.22864
1.22938
1.22608
1.21656
1.21198
1.21341
1.21998
1.23481
1.24827
1.25078
1.24994
1.24667
1.24007
1.23557
1.23646
1.23885
1.24468
1.25222
1.25362
1.25288
1.25011
1.24442
1.24102
1.24112
1.24236
1.24595
1.25113
1.25348
1.25364
1.25311
1.25164
1.24915
1.24704
1.24665
1.24703
1.24718
1.24647
1.24535
1.24412
1.24324
1.24349
1.24482
1.24739
1.2506
1.25154
1.24966
1.24509
1.23928
1.23481
1.23237
1.23165
1.2324
1.23475
1.23809
1.23962
1.23923
1.23712
1.23403
1.23155
1.2301
1.22884
1.22745
1.22591
1.22434
1.22265
1.22027
1.21738
1.21465
1.21225
1.21185
1.21191
1.21119
1.20987
1.20766
1.20415
1.19972
1.19618
1.19447
1.19357
1.19373
1.19553
1.19706
1.19704
1.19655
1.19577
1.19442
1.19241
1.19024
1.18811
1.18588
1.18334
1.17983
1.17519
1.17102
1.16833
1.17306
1.20668
1.37139
1.77103
2.25138
2.60612
2.64807
2.67661
2.70204
2.72452
2.73495
2.72422
2.69915
2.66098
2.62729
2.60583
2.60016
2.59146
2.62029
2.77843
3.18959
3.82746
4.41143
4.81138
4.95313
5.05165
5.0685
5.05945
5.04135
5.00576
4.96851
4.92968
4.89209
4.85264
4.81072
4.77872
4.76233
4.7472
4.72255
4.69201
4.6531
4.60713
4.56427
4.53289
4.51139
4.49493
4.47778
4.45617
4.42972
4.40246
4.37438
4.34627
4.31891
4.29203
4.26389
4.23204
4.19547
4.16122
4.13574
4.1165
4.10085
4.08786
4.07538
4.0609
4.04504
4.02331
3.99109
3.94749
3.90163
3.86811
3.84481
3.825
3.8072
3.78971
3.7713
3.75152
3.73001
3.70712
3.68411
3.66263
3.6436
3.62706
3.61232
3.59854
3.58465
3.5688
3.54845
3.52226
3.4919
3.45951
3.42863
3.40484
3.38829
3.37633
3.36988
3.36922
3.36801
3.35973
3.34389
3.31185
3.26449
3.21885
3.18586
3.16729
3.15699
3.15026
3.15061
3.1617
3.16981
3.16634
3.15632
3.13879
3.10353
3.05869
3.02094
2.99075
2.96416
2.94238
2.9293
2.92293
2.91857
2.91584
2.91465
2.91355
2.91034
2.90488
2.89774
2.88984
2.88104
2.86923
2.84794
2.80771
2.75522
2.7053
2.66561
2.63815
2.62513
2.62092
2.62376
2.6432
2.67013
2.69004
2.69816
2.6973
2.69214
2.67915
2.64104
2.57359
2.51788
2.48401
2.45845
2.44261
2.43824
2.44577
2.47059
2.495
2.50677
2.50904
2.50586
2.49663
2.47241
2.42313
2.37318
2.34095
2.31966
2.30394
2.29735
2.29916
2.30823
2.3181
2.31889
2.31808
2.31759
2.31479
2.31113
2.28476
3.75262
3.05438
2.46208
1.93727
1.59033
1.3194
1.08081
0.877645
0.801101
0.748564
0.66683
0.555454
0.51669
0.513909
0.502581
0.455953
0.424667
0.429383
0.434986
0.424455
0.396878
0.380359
0.379507
0.385476
0.385309
0.379205
0.376469
0.377714
0.375553
0.362973
0.358463
0.359808
0.3649
0.369657
0.378067
0.395192
0.429083
0.467785
0.516221
0.595784
0.671221
0.747111
0.82142
0.868354
0.915037
0.951899
0.977056
1.00566
1.01273
1.01196
1.01495
1.02151
1.02934
1.03882
1.05151
1.06195
1.07134
1.08449
1.1045
1.12946
1.14208
1.14636
1.15551
1.1649
1.16981
1.17331
1.17814
1.18032
1.18054
1.17865
1.18044
1.18577
1.19261
1.20097
1.20933
1.2156
1.21936
1.22104
1.22186
1.22051
1.21479
1.21193
1.21394
1.22188
1.23325
1.23862
1.23905
1.23837
1.23744
1.23594
1.23516
1.23835
1.24401
1.25064
1.25282
1.25189
1.24858
1.24265
1.23656
1.23537
1.23655
1.24035
1.24765
1.25412
1.25617
1.25647
1.25547
1.25235
1.24919
1.24619
1.24423
1.24369
1.24392
1.24456
1.24506
1.24588
1.2474
1.2497
1.25227
1.25321
1.25195
1.24863
1.24192
1.23432
1.23038
1.22922
1.22919
1.23104
1.23535
1.23983
1.24114
1.23985
1.23602
1.23042
1.22666
1.22511
1.22455
1.22438
1.22456
1.22454
1.22416
1.22298
1.22015
1.21678
1.21426
1.21242
1.21134
1.21027
1.20872
1.20673
1.20375
1.20012
1.19777
1.19691
1.19724
1.19919
1.20144
1.20177
1.20085
1.19922
1.19716
1.19514
1.19312
1.19135
1.19031
1.18916
1.18774
1.18547
1.18104
1.17621
1.17437
1.18304
1.24692
1.4809
1.95817
2.45501
2.60144
2.67773
2.72954
2.75343
2.76023
2.74625
2.71998
2.69434
2.67033
2.65172
2.64459
2.63718
2.61974
2.59706
2.57201
2.55911
2.58364
2.74859
3.12918
3.74324
4.30921
4.76175
4.88872
4.96853
4.98197
4.99805
4.98807
4.96804
4.92326
4.86762
4.81552
4.77759
4.75531
4.73759
4.71442
4.68773
4.65358
4.60969
4.56502
4.5292
4.50311
4.48135
4.46147
4.44234
4.42196
4.39913
4.37852
4.35736
4.33194
4.30276
4.26943
4.23249
4.19437
4.15973
4.13125
4.11047
4.09446
4.08249
4.07256
4.05961
4.04377
4.02204
3.99221
3.95185
3.90342
3.86139
3.83442
3.81483
3.79788
3.78156
3.76476
3.74779
3.73085
3.71379
3.69632
3.6794
3.66382
3.64812
3.63026
3.60871
3.58208
3.55059
3.51899
3.49137
3.46776
3.44876
3.43453
3.42244
3.41206
3.40353
3.39484
3.3836
3.36622
3.34203
3.31319
3.28146
3.24939
3.22
3.19555
3.17717
3.16512
3.15882
3.15916
3.16822
3.17078
3.16059
3.14209
3.11352
3.07938
3.04509
3.01192
2.98324
2.96459
2.9535
2.94525
2.93749
2.93085
2.9244
2.91757
2.91156
2.90628
2.90179
2.89774
2.89186
2.88337
2.86963
2.84086
2.79506
2.74319
2.69555
2.65761
2.63597
2.62728
2.62296
2.62373
2.64178
2.67288
2.69789
2.70957
2.70989
2.70388
2.68992
2.65154
2.58272
2.51247
2.46859
2.44784
2.43961
2.43565
2.44241
2.47023
2.50194
2.51966
2.52296
2.51735
2.50218
2.46543
2.40676
2.35454
2.32341
2.30472
2.29556
2.29426
2.29641
2.30571
2.31831
2.32699
2.33578
2.34282
2.34091
2.33479
2.28981
4.0245
3.39222
2.80906
2.31065
1.94113
1.62959
1.35221
1.16371
1.03601
0.919429
0.836537
0.743454
0.643095
0.617264
0.612689
0.593718
0.548017
0.514329
0.513382
0.502745
0.467718
0.444921
0.441763
0.443737
0.448725
0.442376
0.430451
0.430657
0.429343
0.415318
0.405313
0.403193
0.402852
0.402964
0.403509
0.410431
0.411226
0.408774
0.408758
0.41818
0.443518
0.49006
0.579897
0.679576
0.766332
0.839436
0.89579
0.951747
0.983515
0.991558
1.00441
1.0152
1.02705
1.04449
1.05511
1.05694
1.05451
1.05924
1.07748
1.10024
1.12108
1.13622
1.15228
1.16201
1.16342
1.16269
1.16321
1.16208
1.16216
1.16674
1.17828
1.19086
1.1989
1.20365
1.20797
1.21038
1.21111
1.21141
1.21217
1.21324
1.21503
1.21771
1.22339
1.22797
1.22781
1.22813
1.22941
1.2302
1.23023
1.23075
1.23395
1.2392
1.24468
1.24721
1.24765
1.2472
1.24422
1.23878
1.23583
1.23611
1.23878
1.24545
1.25245
1.25437
1.25435
1.253
1.24995
1.24565
1.24234
1.24134
1.24119
1.24327
1.24815
1.25212
1.25351
1.25347
1.25229
1.25047
1.2488
1.24713
1.24408
1.23916
1.23406
1.2305
1.22959
1.22982
1.23175
1.23504
1.23764
1.23796
1.23663
1.23347
1.22901
1.22553
1.22436
1.22413
1.22459
1.22511
1.22488
1.22443
1.22326
1.22056
1.2168
1.21423
1.21307
1.21247
1.21225
1.21178
1.21078
1.20934
1.20702
1.20481
1.20377
1.20332
1.20344
1.20343
1.20237
1.20069
1.19848
1.19647
1.19515
1.19429
1.19353
1.19285
1.19227
1.19118
1.18903
1.18564
1.18108
1.18111
1.1994
1.30816
1.64958
2.16099
2.52275
2.6556
2.73997
2.78034
2.78463
2.77165
2.74478
2.71861
2.69702
2.68084
2.67486
2.67112
2.65729
2.63857
2.61649
2.59279
2.56726
2.55117
2.54633
2.54247
2.57082
2.71265
3.05946
3.63358
4.20357
4.67017
4.81126
4.9044
4.90799
4.92538
4.90584
4.874
4.8327
4.7898
4.75453
4.73007
4.70389
4.6761
4.63966
4.60413
4.57709
4.55029
4.52148
4.49122
4.46197
4.43554
4.41119
4.38653
4.36554
4.3457
4.32491
4.30203
4.27478
4.24309
4.21031
4.17922
4.15028
4.124
4.10179
4.08046
4.05898
4.04268
4.02609
4.00656
3.98245
3.95197
3.91368
3.87188
3.83714
3.81118
3.79226
3.77617
3.75994
3.74458
3.72942
3.71494
3.70137
3.68714
3.6714
3.65289
3.6301
3.60124
3.56608
3.5295
3.49753
3.47527
3.46237
3.45402
3.45142
3.44999
3.44153
3.42651
3.40153
3.36907
3.337
3.30574
3.27968
3.25801
3.2415
3.22955
3.21893
3.20873
3.19785
3.18646
3.17577
3.16348
3.14527
3.12559
3.10471
3.08231
3.05924
3.03831
3.01714
2.99742
2.98509
2.97711
2.96902
2.95838
2.9439
2.9268
2.91356
2.90427
2.89666
2.89157
2.88808
2.881
2.8676
2.84499
2.81114
2.77393
2.74032
2.70974
2.6824
2.66127
2.64796
2.6412
2.64024
2.65463
2.68667
2.70877
2.70787
2.70005
2.68673
2.66428
2.62892
2.57943
2.52575
2.4817
2.45938
2.45173
2.44946
2.46029
2.48992
2.51893
2.52357
2.51545
2.50044
2.47532
2.43641
2.38807
2.34855
2.32429
2.3114
2.30537
2.30381
2.30598
2.31629
2.33115
2.34565
2.35719
2.35763
2.34722
2.32475
2.26189
4.2501
3.65922
3.09063
2.63028
2.25533
1.92718
1.61206
1.43615
1.28141
1.10557
0.996697
0.935839
0.844314
0.733154
0.701442
0.705308
0.688503
0.638316
0.597499
0.578773
0.55121
0.519089
0.508956
0.508635
0.515334
0.518197
0.508265
0.491269
0.47881
0.461269
0.449433
0.448163
0.448386
0.451384
0.452049
0.451168
0.449072
0.440852
0.428529
0.426911
0.428486
0.433183
0.445677
0.4745
0.525561
0.608961
0.692974
0.766613
0.83603
0.889298
0.935991
0.964747
0.990563
1.02201
1.04101
1.05456
1.06169
1.05816
1.06284
1.08082
1.10203
1.12981
1.14959
1.15063
1.14838
1.14385
1.14485
1.14703
1.14785
1.16015
1.1795
1.18988
1.19603
1.19934
1.19897
1.19766
1.19585
1.1955
1.19808
1.20429
1.21495
1.22651
1.23125
1.23134
1.22815
1.22247
1.2211
1.22174
1.22341
1.22756
1.23408
1.2392
1.24124
1.24236
1.24277
1.24138
1.23985
1.23927
1.23858
1.23939
1.24301
1.24787
1.24989
1.2504
1.25026
1.24846
1.24379
1.24015
1.23935
1.23938
1.24263
1.24994
1.25426
1.25471
1.25416
1.25225
1.24922
1.24639
1.24381
1.24075
1.23825
1.23612
1.23517
1.23515
1.23582
1.23728
1.23852
1.23829
1.23755
1.23621
1.23394
1.23089
1.22942
1.22907
1.22852
1.22783
1.22707
1.22612
1.22483
1.22327
1.22127
1.21864
1.21692
1.21656
1.21673
1.21717
1.21714
1.21641
1.21523
1.2127
1.20856
1.20515
1.20289
1.20115
1.1999
1.19902
1.19813
1.19712
1.19624
1.19572
1.19533
1.19479
1.19381
1.19266
1.19129
1.18942
1.18717
1.18417
1.18795
1.22038
1.41061
1.8599
2.31671
2.59706
2.75794
2.79296
2.79786
2.78793
2.7648
2.7424
2.72369
2.71268
2.70637
2.69817
2.68319
2.66479
2.64486
2.62676
2.60792
2.59079
2.57989
2.56827
2.55579
2.54094
2.5246
2.51092
2.52883
2.65112
2.97762
3.51939
4.09424
4.58569
4.79582
4.85143
4.85793
4.83255
4.80914
4.75869
4.7305
4.71157
4.68805
4.66043
4.62724
4.60383
4.58527
4.56507
4.54027
4.50928
4.47495
4.43899
4.40293
4.37144
4.34859
4.328
4.30927
4.29123
4.2711
4.25014
4.22959
4.20659
4.17786
4.14173
4.10295
4.06624
4.03409
4.01014
3.99463
3.9821
3.96671
3.94753
3.9229
3.88947
3.85362
3.82196
3.79563
3.7756
3.75998
3.74622
3.73552
3.72306
3.70751
3.69034
3.67059
3.64829
3.62277
3.59287
3.55916
3.52534
3.49944
3.48427
3.47527
3.47227
3.47204
3.46454
3.44812
3.42285
3.38772
3.34626
3.30907
3.28184
3.2611
3.24971
3.2456
3.2511
3.25422
3.24684
3.23235
3.2075
3.17236
3.13701
3.10536
3.08224
3.06698
3.0561
3.04766
3.04074
3.03359
3.02588
3.01483
3.00106
2.98656
2.97002
2.94933
2.92778
2.91048
2.8973
2.88692
2.87793
2.86984
2.85664
2.83849
2.81332
2.78652
2.76287
2.74443
2.72816
2.71187
2.69626
2.68355
2.676
2.67428
2.67682
2.67391
2.67037
2.66868
2.66249
2.64954
2.62817
2.60021
2.5736
2.5485
2.52214
2.49802
2.48561
2.48493
2.49668
2.50461
2.49894
2.49195
2.48123
2.46387
2.43765
2.40577
2.37732
2.35485
2.33868
2.32902
2.32376
2.32276
2.32804
2.34056
2.353
2.35875
2.35497
2.34399
2.32297
2.29276
2.2275
4.43776
3.87603
3.33976
2.91276
2.54206
2.19069
1.87631
1.68483
1.51128
1.33082
1.16391
1.09817
1.03241
0.921095
0.824474
0.80767
0.804177
0.770594
0.703357
0.65511
0.633705
0.606683
0.593477
0.589012
0.583349
0.584166
0.579899
0.561418
0.540535
0.515898
0.499201
0.497946
0.49675
0.496967
0.496543
0.496249
0.497197
0.490581
0.470851
0.460451
0.459769
0.461163
0.462798
0.463829
0.465901
0.471986
0.48714
0.515378
0.576645
0.65978
0.743144
0.819696
0.878066
0.932813
0.980232
1.02586
1.04667
1.05186
1.06793
1.08994
1.1077
1.12561
1.13879
1.13548
1.12539
1.12355
1.13071
1.14038
1.15262
1.17162
1.18453
1.18569
1.1862
1.18539
1.18228
1.18092
1.18027
1.18108
1.18679
1.19767
1.21279
1.22393
1.22813
1.22901
1.22861
1.22562
1.21972
1.21831
1.22081
1.2272
1.23391
1.23572
1.2369
1.23766
1.23724
1.23756
1.23788
1.23817
1.23889
1.24026
1.24375
1.24684
1.24722
1.24719
1.24651
1.24326
1.2396
1.23881
1.23867
1.24083
1.24705
1.25124
1.25162
1.25137
1.25085
1.24875
1.24503
1.24126
1.23945
1.23896
1.23877
1.23977
1.2412
1.24127
1.24041
1.23919
1.2382
1.23731
1.2363
1.23499
1.23354
1.23298
1.23286
1.23208
1.23009
1.22826
1.22691
1.22558
1.22411
1.2225
1.22104
1.22038
1.22001
1.2192
1.21841
1.21759
1.21648
1.21492
1.2128
1.20969
1.20508
1.20128
1.1991
1.19762
1.19672
1.19638
1.19674
1.19707
1.19696
1.19668
1.19567
1.19374
1.19187
1.19012
1.18849
1.18687
1.18622
1.19503
1.26409
1.53552
2.04922
2.47493
2.69544
2.80835
2.8101
2.79117
2.77454
2.7594
2.74836
2.74358
2.73592
2.72469
2.7091
2.68915
2.66867
2.65175
2.63573
2.62206
2.61274
2.60395
2.59296
2.57783
2.5578
2.53776
2.51827
2.50298
2.49445
2.48316
2.49822
2.59657
2.90249
3.42305
3.99963
4.45404
4.74537
4.77851
4.78416
4.75141
4.727
4.69362
4.64602
4.61894
4.60455
4.59266
4.57716
4.56135
4.54098
4.51347
4.48289
4.449
4.41331
4.37927
4.34621
4.31288
4.28348
4.26467
4.25358
4.2461
4.23379
4.21626
4.19259
4.15728
4.10997
4.06572
4.02967
3.99978
3.9776
3.96287
3.95471
3.94371
3.92506
3.8997
3.87391
3.84695
3.81536
3.78617
3.76634
3.74902
3.73049
3.71015
3.69072
3.67151
3.65169
3.63048
3.60668
3.5816
3.55677
3.53927
3.52631
3.51369
3.50032
3.48633
3.47104
3.45107
3.42978
3.40326
3.36948
3.33189
3.29719
3.2742
3.26385
3.26185
3.27523
3.2832
3.27309
3.2587
3.23809
3.20617
3.16255
3.11919
3.08603
3.06356
3.05238
3.04882
3.06119
3.06698
3.05996
3.04883
3.03123
3.00519
2.97964
2.95957
2.94187
2.92615
2.91292
2.90064
2.88793
2.8728
2.85285
2.83013
2.80627
2.78516
2.76808
2.75783
2.74952
2.74178
2.73507
2.73042
2.72694
2.72153
2.71062
2.69211
2.66671
2.64391
2.62424
2.6052
2.59067
2.5838
2.58103
2.5757
2.57065
2.56593
2.55639
2.5401
2.52392
2.50908
2.4924
2.47505
2.45693
2.43734
2.41674
2.39796
2.38284
2.37407
2.36728
2.35987
2.35479
2.35405
2.3595
2.36689
2.36693
2.36116
2.35083
2.33288
2.31012
2.27952
2.24212
2.20212
4.60235
4.0695
3.57682
3.17087
2.80136
2.42174
2.14394
1.92413
1.72635
1.5509
1.39089
1.26658
1.18495
1.10313
0.991725
0.928471
0.910574
0.881876
0.826395
0.747718
0.710474
0.694061
0.68402
0.67427
0.660405
0.64466
0.638559
0.626786
0.607139
0.579913
0.557765
0.555386
0.555696
0.552621
0.546809
0.543214
0.541953
0.535183
0.513557
0.501392
0.499956
0.500458
0.498702
0.494198
0.490729
0.486082
0.479753
0.479386
0.484349
0.500169
0.531479
0.59021
0.668537
0.751237
0.822058
0.884824
0.947629
1.00208
1.04
1.06016
1.08248
1.10386
1.10978
1.10832
1.10434
1.10975
1.12258
1.13871
1.15907
1.17982
1.18357
1.18088
1.1766
1.1732
1.17404
1.17335
1.17011
1.17261
1.18332
1.19615
1.20502
1.21137
1.21776
1.22164
1.22307
1.22137
1.22179
1.22299
1.22461
1.22862
1.2303
1.2311
1.23264
1.23305
1.23308
1.23422
1.23486
1.23496
1.2358
1.23875
1.24327
1.24538
1.24555
1.24501
1.24245
1.2398
1.239
1.2389
1.24012
1.24481
1.24893
1.24898
1.24811
1.24688
1.24429
1.24031
1.23819
1.23821
1.23885
1.24066
1.2437
1.24518
1.24471
1.24211
1.23916
1.23755
1.23638
1.23538
1.2344
1.23376
1.23353
1.23321
1.23232
1.2303
1.2278
1.22644
1.22573
1.22493
1.2239
1.22287
1.22198
1.22089
1.21907
1.21699
1.21573
1.21474
1.21349
1.21171
1.20896
1.20498
1.20169
1.19945
1.19797
1.19698
1.19664
1.19754
1.19901
1.1992
1.1988
1.19739
1.19438
1.19158
1.1899
1.18835
1.18718
1.18813
1.20678
1.33693
1.71228
2.2215
2.61336
2.78335
2.79744
2.79454
2.78596
2.77769
2.77462
2.7696
2.761
2.74705
2.7304
2.7112
2.69128
2.67471
2.65914
2.64567
2.63797
2.63135
2.62154
2.60841
2.59245
2.57309
2.55246
2.53381
2.51926
2.50647
2.49339
2.47807
2.46281
2.44703
2.45987
2.54968
2.83472
3.31849
3.91027
4.33749
4.63757
4.70795
4.72694
4.69555
4.63828
4.61197
4.58679
4.56691
4.54774
4.52909
4.51319
4.49618
4.47527
4.45186
4.42533
4.39713
4.36136
4.32001
4.28189
4.25076
4.23011
4.21657
4.21054
4.20498
4.18913
4.16368
4.12624
4.08397
4.04481
4.00967
3.98167
3.95984
3.9395
3.92094
3.90722
3.89637
3.88273
3.86611
3.84161
3.80843
3.77562
3.74857
3.72447
3.70244
3.6823
3.66266
3.64127
3.61665
3.59206
3.57207
3.55944
3.55217
3.5453
3.53246
3.51399
3.4888
3.46046
3.43239
3.40399
3.37706
3.35305
3.32621
3.30429
3.29185
3.28493
3.28336
3.28095
3.27128
3.25982
3.24583
3.22634
3.19765
3.16091
3.11923
3.08401
3.06424
3.05523
3.05036
3.04735
3.04923
3.04665
3.03695
3.02164
2.99687
2.97036
2.94971
2.93644
2.9263
2.91633
2.90505
2.88953
2.86702
2.83816
2.80919
2.78537
2.76983
2.76261
2.7586
2.7556
2.75449
2.7612
2.7684
2.76536
2.7545
2.73115
2.69374
2.65097
2.60644
2.57505
2.56026
2.55409
2.55724
2.57412
2.59806
2.61456
2.61831
2.61006
2.58858
2.54737
2.50447
2.47208
2.44228
2.4139
2.39362
2.38298
2.37772
2.37595
2.38048
2.38743
2.39206
2.39344
2.39283
2.38985
2.38387
2.37068
2.35218
2.33024
2.30072
2.26399
2.23145
2.21059
2.19607
4.74491
4.24211
3.7934
3.40364
3.02278
2.65166
2.39832
2.16241
1.94544
1.75686
1.62467
1.46673
1.33338
1.26284
1.1764
1.07686
1.01326
0.975175
0.934621
0.870012
0.8015
0.780463
0.773539
0.765787
0.748654
0.721215
0.694752
0.679172
0.664165
0.642936
0.617788
0.608001
0.609526
0.609574
0.602599
0.593633
0.58771
0.579436
0.559667
0.545362
0.543163
0.542154
0.539718
0.534345
0.530035
0.522384
0.505698
0.496335
0.496753
0.503942
0.51258
0.518303
0.526341
0.545049
0.58225
0.638971
0.714006
0.802729
0.885156
0.954096
0.997732
1.03882
1.06552
1.07652
1.08675
1.0994
1.11628
1.13736
1.15712
1.17057
1.17169
1.17016
1.16479
1.15959
1.16238
1.16483
1.17062
1.18658
1.20213
1.20613
1.20407
1.20127
1.2027
1.20411
1.20633
1.20949
1.2144
1.22148
1.22829
1.23043
1.23028
1.2296
1.22935
1.22889
1.22921
1.22976
1.23009
1.23098
1.23345
1.23819
1.24196
1.24314
1.24346
1.24227
1.24012
1.23875
1.23845
1.23913
1.24269
1.24715
1.24779
1.24655
1.24467
1.241
1.23642
1.23482
1.23522
1.23656
1.24012
1.2449
1.24653
1.24606
1.24423
1.24064
1.23677
1.23553
1.23483
1.2341
1.23323
1.23266
1.2322
1.23135
1.22968
1.22694
1.22526
1.22477
1.22467
1.22484
1.22444
1.2236
1.22213
1.21949
1.21678
1.21441
1.21236
1.21067
1.20896
1.20699
1.20495
1.20294
1.20119
1.20006
1.19951
1.19983
1.20101
1.20161
1.20129
1.20066
1.19892
1.19541
1.19196
1.19007
1.18867
1.18824
1.19168
1.23377
1.4408
1.9088
2.40803
2.73273
2.76765
2.78563
2.79572
2.80112
2.80528
2.79821
2.78493
2.76631
2.74825
2.73394
2.71935
2.70262
2.68345
2.66935
2.66055
2.65053
2.64142
2.63102
2.61839
2.60347
2.58551
2.56555
2.54763
2.53467
2.52196
2.50785
2.4922
2.47554
2.45818
2.44032
2.43374
2.42693
2.43825
2.51596
2.77534
3.22753
3.789
4.21912
4.5068
4.60675
4.61801
4.62492
4.59983
4.57387
4.54889
4.51754
4.48517
4.45412
4.43339
4.42116
4.41638
4.40163
4.37585
4.3425
4.30093
4.25831
4.22807
4.20616
4.18741
4.17202
4.16161
4.14903
4.12922
4.10325
4.07608
4.04352
4.00619
3.96904
3.9363
3.91181
3.89625
3.88604
3.87944
3.86838
3.85031
3.82488
3.78972
3.75243
3.72327
3.69937
3.67736
3.65553
3.63159
3.60498
3.58524
3.57367
3.56915
3.56581
3.55303
3.53708
3.51476
3.48475
3.45075
3.41846
3.39108
3.36516
3.34418
3.33284
3.32579
3.31822
3.3082
3.2953
3.27563
3.25741
3.24066
3.22222
3.20133
3.18027
3.15808
3.13489
3.11373
3.09085
3.06901
3.05664
3.04797
3.03778
3.02731
3.0161
3.00234
2.98424
2.96446
2.95159
2.94191
2.93237
2.92224
2.90716
2.88551
2.85983
2.8328
2.80638
2.78611
2.77355
2.76528
2.75971
2.7608
2.77932
2.7935
2.78978
2.78
2.76346
2.73237
2.68331
2.62531
2.5865
2.56351
2.5501
2.54444
2.55134
2.59819
2.6436
2.65062
2.64185
2.62747
2.60181
2.55359
2.48878
2.43475
2.40511
2.3906
2.38077
2.3748
2.37205
2.38046
2.40316
2.42346
2.43137
2.42841
2.41982
2.40251
2.37577
2.35137
2.32499
2.29149
2.25537
2.22943
2.21346
2.20328
2.19861
4.86438
4.39212
3.98311
3.60695
3.21564
2.89385
2.6348
2.39628
2.15551
1.97082
1.8214
1.66329
1.50071
1.41034
1.3387
1.24594
1.13864
1.06534
1.03291
0.994211
0.929624
0.868618
0.85007
0.84658
0.83774
0.815407
0.776419
0.732696
0.710386
0.700843
0.688014
0.672496
0.66779
0.66355
0.655334
0.6443
0.633232
0.621942
0.604142
0.589805
0.586905
0.584561
0.582292
0.576561
0.57062
0.56411
0.548452
0.53289
0.53004
0.53014
0.532296
0.530776
0.530208
0.527733
0.525367
0.527612
0.539056
0.575092
0.636484
0.722151
0.818352
0.902453
0.982345
1.02999
1.06214
1.0753
1.09998
1.13064
1.13494
1.14009
1.14539
1.14656
1.13882
1.1365
1.14053
1.14849
1.16828
1.19788
1.21234
1.21647
1.21711
1.20827
1.19685
1.19177
1.19003
1.19229
1.20441
1.22006
1.22828
1.2311
1.23241
1.2309
1.22713
1.2248
1.22422
1.22447
1.22584
1.22902
1.23374
1.23804
1.23951
1.24002
1.24022
1.23948
1.23869
1.23754
1.23708
1.23827
1.24211
1.24513
1.2446
1.24304
1.2403
1.23641
1.23359
1.23314
1.23445
1.23797
1.2431
1.24517
1.24507
1.24418
1.2417
1.23724
1.23511
1.23441
1.23412
1.23387
1.23305
1.23209
1.23076
1.22869
1.22563
1.22404
1.22359
1.22351
1.22451
1.2254
1.22503
1.22381
1.22124
1.21755
1.2134
1.21019
1.2082
1.20681
1.20578
1.20498
1.20409
1.20357
1.20338
1.20354
1.20423
1.20479
1.20429
1.20327
1.20178
1.19957
1.19625
1.19227
1.18985
1.18923
1.1894
1.19829
1.27784
1.57699
2.10835
2.59815
2.72641
2.77638
2.81669
2.82796
2.82978
2.82067
2.80165
2.78052
2.76062
2.74605
2.73521
2.72726
2.71658
2.70311
2.68869
2.67156
2.65733
2.646
2.63563
2.62478
2.61247
2.59808
2.57878
2.55582
2.54266
2.53252
2.52083
2.50772
2.49319
2.4788
2.4625
2.44751
2.4324
2.41742
2.41053
2.40299
2.40996
2.47564
2.69437
3.12288
3.63324
4.06317
4.35332
4.50199
4.55515
4.57659
4.56599
4.53594
4.49512
4.44784
4.40951
4.38647
4.36963
4.36136
4.36017
4.34615
4.32015
4.28623
4.24888
4.21331
4.18563
4.16173
4.13911
4.12217
4.11149
4.10431
4.08634
4.06223
4.03054
3.98772
3.94688
3.91951
3.89899
3.88116
3.86519
3.85198
3.84025
3.8236
3.79647
3.76457
3.73422
3.70644
3.67946
3.65153
3.6222
3.59927
3.58633
3.57625
3.56614
3.55296
3.5385
3.52357
3.50596
3.47984
3.44581
3.41341
3.38701
3.37048
3.36025
3.35458
3.34606
3.33353
3.31554
3.28668
3.25847
3.23658
3.21761
3.2002
3.18355
3.16634
3.1541
3.14649
3.13694
3.12086
3.09413
3.06295
3.0374
3.01872
3.00334
2.99038
2.98032
2.97346
2.96624
2.95769
2.94719
2.93239
2.91333
2.89511
2.87611
2.85464
2.83212
2.81432
2.80054
2.78782
2.77776
2.77257
2.77526
2.78018
2.77722
2.77317
2.7664
2.75119
2.71808
2.66906
2.62569
2.59148
2.56892
2.55836
2.55511
2.56719
2.5937
2.61811
2.63002
2.62814
2.61726
2.59442
2.5488
2.47831
2.42254
2.39663
2.38442
2.37868
2.3752
2.3807
2.40915
2.44529
2.45767
2.45362
2.44538
2.42876
2.39549
2.35335
2.31434
2.2814
2.25509
2.23616
2.22073
2.21107
2.20697
2.2067
4.96079
4.52375
4.14825
3.77855
3.40843
3.12224
2.85363
2.60154
2.35569
2.17524
1.99821
1.83683
1.68343
1.56908
1.46626
1.38672
1.29988
1.17898
1.11946
1.09936
1.05689
0.997092
0.941967
0.919283
0.912679
0.897241
0.863914
0.811931
0.765232
0.757484
0.755404
0.74365
0.73166
0.719926
0.70603
0.69272
0.68053
0.666465
0.646274
0.635297
0.631603
0.625199
0.620709
0.615659
0.608792
0.603562
0.593767
0.576545
0.568865
0.567973
0.567647
0.564047
0.554526
0.548726
0.543232
0.535583
0.535185
0.537211
0.544248
0.557322
0.583363
0.627501
0.701568
0.802008
0.895267
0.978511
1.02964
1.08435
1.1051
1.11842
1.12807
1.12559
1.11443
1.11539
1.12314
1.1377
1.16318
1.19122
1.20539
1.20951
1.21016
1.20076
1.18858
1.18192
1.17837
1.18397
1.20317
1.21977
1.22766
1.23041
1.23074
1.22656
1.22019
1.21772
1.21791
1.22
1.2256
1.23126
1.23546
1.23686
1.23666
1.2365
1.23611
1.2363
1.23651
1.23602
1.23549
1.23646
1.2395
1.24071
1.23975
1.23837
1.23721
1.23626
1.23526
1.23538
1.23786
1.24112
1.24228
1.24221
1.24174
1.24029
1.23713
1.23464
1.23406
1.23378
1.23417
1.23431
1.23338
1.23174
1.22906
1.22521
1.22307
1.22255
1.22236
1.22324
1.225
1.22505
1.22438
1.22292
1.2195
1.21342
1.20957
1.20817
1.20698
1.206
1.20554
1.20639
1.20793
1.20834
1.20773
1.20689
1.20578
1.20442
1.20306
1.20177
1.20023
1.1976
1.19328
1.19008
1.1897
1.19094
1.21192
1.34267
1.75266
2.30996
2.64139
2.769
2.84689
2.85648
2.85407
2.83862
2.81617
2.79417
2.77642
2.76208
2.74986
2.74036
2.73768
2.73425
2.72138
2.70373
2.6816
2.66233
2.65
2.64097
2.63088
2.61998
2.60759
2.59169
2.57109
2.54663
2.53102
2.52338
2.51676
2.50694
2.49653
2.4851
2.47001
2.45153
2.43165
2.41459
2.40179
2.39092
2.38547
2.37789
2.37743
2.42561
2.59803
2.99329
3.48293
3.92461
4.20875
4.41191
4.48164
4.51154
4.50409
4.47095
4.42924
4.38803
4.35798
4.33724
4.3188
4.30798
4.30628
4.29207
4.26706
4.23673
4.20231
4.16632
4.13603
4.11635
4.10044
4.0846
4.0703
4.05509
4.03252
3.99926
3.96409
3.93258
3.90611
3.88417
3.8645
3.84323
3.81915
3.79883
3.7845
3.76619
3.74215
3.71763
3.68789
3.65451
3.62598
3.60519
3.58783
3.57219
3.5572
3.54278
3.52792
3.50981
3.48774
3.46401
3.43857
3.41643
3.40268
3.39223
3.38257
3.37031
3.3547
3.3345
3.30755
3.27367
3.23998
3.21625
3.19876
3.18383
3.17208
3.16364
3.16073
3.15799
3.14947
3.13778
3.11557
3.07393
3.03366
3.00968
2.99418
2.98225
2.97292
2.96778
2.96957
2.96294
2.9498
2.93057
2.90534
2.88139
2.8628
2.84664
2.83493
2.8267
2.81847
2.81061
2.80421
2.79844
2.78976
2.77857
2.76984
2.75911
2.74209
2.71643
2.68443
2.6555
2.63257
2.61597
2.60292
2.59343
2.59109
2.59457
2.59719
2.59756
2.59626
2.59122
2.58088
2.56195
2.52931
2.4864
2.43763
2.40246
2.39017
2.38627
2.38831
2.41281
2.4526
2.46611
2.46218
2.45374
2.44094
2.41798
2.373
2.31405
2.27355
2.25317
2.23997
2.22807
2.22164
2.21805
2.21698
2.22376
5.04301
4.64695
4.29417
3.92786
3.59766
3.31592
3.0448
2.76631
2.54719
2.35293
2.17146
1.98963
1.85286
1.73912
1.60226
1.49643
1.43744
1.34018
1.2388
1.19273
1.15597
1.11507
1.06824
1.01478
0.974345
0.956928
0.932872
0.891899
0.842244
0.820353
0.816905
0.813073
0.800442
0.78483
0.762761
0.736907
0.724088
0.714321
0.698824
0.687689
0.680682
0.669061
0.658336
0.653955
0.645524
0.637227
0.630507
0.619941
0.606817
0.602377
0.60235
0.600495
0.592058
0.583786
0.578427
0.570908
0.556764
0.551039
0.551761
0.551324
0.550506
0.552425
0.562056
0.594095
0.655908
0.757342
0.868672
0.970966
1.05151
1.08695
1.10904
1.10703
1.09238
1.09732
1.11426
1.13779
1.154
1.16666
1.17491
1.17967
1.18094
1.1744
1.16951
1.16962
1.17323
1.18999
1.21386
1.22287
1.226
1.22657
1.22131
1.21123
1.20855
1.20893
1.21126
1.22104
1.23154
1.23513
1.23567
1.23469
1.2328
1.23174
1.23166
1.23268
1.23395
1.23443
1.23463
1.23538
1.23665
1.23697
1.23639
1.23554
1.23503
1.23551
1.23693
1.23885
1.24078
1.24168
1.24155
1.24068
1.23914
1.23671
1.2347
1.23407
1.23417
1.23486
1.23517
1.23441
1.23312
1.23074
1.22647
1.22299
1.22217
1.22189
1.22187
1.22296
1.22385
1.22348
1.22272
1.22107
1.21642
1.21099
1.20837
1.20718
1.20627
1.20642
1.20888
1.21185
1.21228
1.21099
1.20852
1.20577
1.20386
1.2024
1.20089
1.19935
1.19756
1.19485
1.19165
1.19115
1.19468
1.23328
1.45439
1.94297
2.44334
2.71643
2.85625
2.88107
2.87853
2.85868
2.83044
2.80983
2.79395
2.77955
2.76833
2.76514
2.7576
2.74715
2.73722
2.72515
2.71073
2.69397
2.67271
2.65444
2.64369
2.6331
2.62197
2.61105
2.5989
2.58411
2.56468
2.5436
2.52643
2.51589
2.5115
2.50589
2.49686
2.48575
2.47141
2.45369
2.43263
2.41343
2.39844
2.38608
2.37493
2.36514
2.35875
2.34811
2.34308
2.38205
2.52602
2.86991
3.34352
3.79278
4.06878
4.27264
4.39303
4.42149
4.4325
4.41748
4.38423
4.34711
4.31512
4.29645
4.28075
4.26708
4.25751
4.23889
4.21226
4.17997
4.14725
4.11985
4.09872
4.07912
4.05841
4.03468
4.00921
3.98742
3.965
3.93985
3.91443
3.89
3.86583
3.84068
3.81539
3.79029
3.76848
3.75308
3.73879
3.71732
3.69033
3.66651
3.64676
3.62533
3.60046
3.57415
3.55024
3.53063
3.51391
3.49593
3.4738
3.44951
3.4334
3.42399
3.41478
3.40321
3.39001
3.3747
3.356
3.33217
3.30201
3.26595
3.23061
3.20381
3.18756
3.17653
3.16793
3.16443
3.16549
3.16115
3.1524
3.142
3.12406
3.09007
3.04338
3.00812
2.99131
2.98161
2.97423
2.96696
2.958
2.9482
2.93601
2.92009
2.89847
2.8738
2.85337
2.84249
2.83593
2.83115
2.82935
2.82982
2.82836
2.82043
2.80697
2.78755
2.76234
2.73417
2.70182
2.67299
2.65549
2.64615
2.64102
2.63849
2.63996
2.63872
2.63065
2.61568
2.59411
2.57667
2.56325
2.54928
2.53427
2.51855
2.50265
2.48427
2.46083
2.43569
2.41822
2.41302
2.42309
2.44894
2.45589
2.45409
2.44968
2.44089
2.42479
2.39255
2.34098
2.29252
2.26349
2.24471
2.23246
2.22716
2.22468
2.22565
2.23629
2.2471
5.12275
4.76418
4.42076
4.0674
3.76355
3.47863
3.19362
2.92784
2.72221
2.51528
2.32971
2.14631
2.00766
1.88122
1.7527
1.63037
1.55924
1.47801
1.3919
1.32066
1.25025
1.2059
1.17821
1.13285
1.0608
1.01916
0.994777
0.965134
0.928363
0.89123
0.875619
0.871479
0.865674
0.853516
0.833446
0.79463
0.762503
0.75408
0.745379
0.736547
0.730444
0.721631
0.70154
0.68953
0.683277
0.673401
0.664879
0.657915
0.648057
0.636831
0.632325
0.630888
0.625679
0.617307
0.613381
0.610475
0.602721
0.588385
0.577981
0.569798
0.560759
0.558826
0.561029
0.566423
0.574214
0.591093
0.629427
0.679589
0.758887
0.840886
0.921792
0.99838
1.02716
1.06105
1.11917
1.16095
1.16811
1.16834
1.15693
1.14557
1.13574
1.13441
1.14325
1.15599
1.17667
1.20838
1.22399
1.2246
1.22321
1.21482
1.20024
1.19495
1.19598
1.19847
1.20944
1.22652
1.23369
1.23424
1.23353
1.23078
1.22791
1.22685
1.22702
1.22814
1.23004
1.23203
1.23376
1.23565
1.23687
1.23654
1.23572
1.23485
1.23417
1.23428
1.23562
1.23722
1.23839
1.23923
1.23926
1.23808
1.23643
1.23562
1.23547
1.23598
1.23694
1.23691
1.23593
1.234
1.23169
1.22838
1.22408
1.22228
1.22185
1.22158
1.22153
1.22197
1.2219
1.2212
1.22015
1.21786
1.21397
1.21051
1.20893
1.2081
1.20836
1.21095
1.21344
1.21314
1.2116
1.20938
1.20637
1.20344
1.20152
1.20005
1.19865
1.19698
1.19527
1.19326
1.19325
1.20092
1.27629
1.57256
2.13971
2.59003
2.82536
2.87768
2.86764
2.85951
2.84728
2.83002
2.81789
2.80631
2.79606
2.78314
2.77287
2.76522
2.75362
2.73988
2.72714
2.71475
2.70113
2.6859
2.66761
2.64607
2.63207
2.62205
2.6127
2.6031
2.59149
2.57869
2.5658
2.5506
2.53017
2.51049
2.4968
2.48923
2.48315
2.47746
2.46833
2.45465
2.43752
2.41701
2.39799
2.38352
2.36966
2.35615
2.34517
2.33903
2.33404
2.32549
2.31635
2.34207
2.4532
2.72065
3.16386
3.61079
3.93825
4.13909
4.30042
4.34556
4.37027
4.3661
4.33615
4.30563
4.28374
4.26528
4.24781
4.22539
4.20052
4.1752
4.14872
4.12197
4.09869
4.07708
4.05375
4.02839
4.00275
3.9777
3.95455
3.93413
3.91292
3.88854
3.86319
3.83976
3.81635
3.79126
3.76737
3.74361
3.71728
3.69366
3.67824
3.66688
3.65384
3.63865
3.61938
3.59316
3.5601
3.528
3.50052
3.4776
3.4588
3.44572
3.43713
3.4281
3.4167
3.40276
3.38693
3.37041
3.35242
3.33154
3.30619
3.27217
3.23186
3.20026
3.18331
3.17326
3.16688
3.16699
3.16573
3.15717
3.14635
3.13435
3.11927
3.09728
3.06644
3.03057
3.0011
2.9818
2.967
2.95406
2.94143
2.93031
2.91935
2.90647
2.89076
2.87039
2.85473
2.84716
2.84138
2.83782
2.83944
2.84565
2.84297
2.83327
2.81736
2.78782
2.74453
2.69843
2.6697
2.65384
2.64588
2.64324
2.65139
2.66978
2.67776
2.67164
2.65628
2.62596
2.58758
2.5513
2.52362
2.50416
2.49227
2.48689
2.48373
2.48047
2.47873
2.47675
2.47265
2.46424
2.45527
2.4479
2.4418
2.43537
2.42636
2.41181
2.38675
2.35139
2.31806
2.28974
2.2626
2.24408
2.23644
2.23301
2.23173
2.23824
2.25849
2.26127
5.20729
4.87209
4.5286
4.19887
3.90574
3.61994
3.32776
3.09582
2.88066
2.67728
2.46975
2.3089
2.15811
2.0216
1.88665
1.78573
1.69676
1.59843
1.51716
1.4594
1.37729
1.29303
1.26553
1.2306
1.16814
1.10155
1.05788
1.02992
1.01023
0.985767
0.947715
0.925028
0.920095
0.910805
0.893731
0.864957
0.820988
0.794336
0.787213
0.781745
0.778076
0.772501
0.758986
0.733527
0.718065
0.710396
0.700532
0.6932
0.688018
0.680074
0.666718
0.658913
0.655771
0.648583
0.642676
0.641134
0.63831
0.629428
0.613484
0.601634
0.593504
0.586141
0.582039
0.582064
0.582157
0.583293
0.58191
0.580585
0.587344
0.61495
0.669216
0.767919
0.886197
0.990958
1.08489
1.142
1.16162
1.16258
1.15684
1.13164
1.10699
1.10932
1.12713
1.15736
1.19357
1.22011
1.22234
1.21878
1.2099
1.19536
1.18349
1.18356
1.18549
1.19571
1.21424
1.22853
1.2297
1.22905
1.22708
1.2248
1.22473
1.2247
1.22385
1.22438
1.22729
1.23027
1.23229
1.23396
1.23613
1.23694
1.23683
1.23648
1.23521
1.23356
1.2332
1.23344
1.23343
1.23347
1.23341
1.23367
1.23439
1.23549
1.23769
1.23898
1.23884
1.23757
1.23558
1.23274
1.22861
1.22552
1.2233
1.22168
1.22106
1.2207
1.22048
1.22022
1.21952
1.21855
1.21694
1.21474
1.21297
1.21201
1.21137
1.2118
1.21324
1.21381
1.21257
1.21075
1.20868
1.20582
1.20208
1.20007
1.19951
1.1989
1.19761
1.19564
1.19465
1.1959
1.21284
1.33831
1.74578
2.29766
2.74612
2.85912
2.86733
2.86202
2.85229
2.85195
2.84587
2.83401
2.82235
2.80866
2.79345
2.77745
2.76715
2.75836
2.74565
2.7316
2.71854
2.70646
2.69281
2.67737
2.65982
2.63954
2.62228
2.60938
2.59948
2.59222
2.5862
2.57827
2.568
2.55475
2.53596
2.51006
2.48812
2.47549
2.4683
2.46249
2.45839
2.45002
2.43758
2.42346
2.40546
2.3845
2.36591
2.35122
2.33909
2.33002
2.32441
2.31935
2.31062
2.29812
2.28262
2.29277
2.37409
2.58167
2.97921
3.42773
3.81345
4.02764
4.19455
4.27626
4.29095
4.30078
4.2988
4.28066
4.2592
4.23055
4.19956
4.16722
4.13482
4.10548
4.08578
4.07105
4.0542
4.03227
4.01047
3.98967
3.96708
3.94053
3.91032
3.87971
3.85276
3.83211
3.81296
3.79285
3.77024
3.74221
3.71026
3.68637
3.67015
3.6563
3.64687
3.63619
3.62307
3.60756
3.58135
3.53841
3.49598
3.46883
3.45371
3.44436
3.43707
3.42697
3.41227
3.39249
3.37092
3.35278
3.33909
3.32574
3.30657
3.28243
3.25536
3.22517
3.19561
3.17734
3.16709
3.15987
3.15511
3.14835
3.13825
3.12635
3.11387
3.10087
3.08424
3.05673
3.01729
2.98197
2.95828
2.94023
2.9253
2.91295
2.90332
2.8935
2.88204
2.87198
2.86272
2.8546
2.84959
2.84887
2.8551
2.85414
2.84573
2.83362
2.81412
2.78008
2.72915
2.68722
2.66179
2.65116
2.64704
2.65484
2.68323
2.69447
2.68789
2.67648
2.65714
2.62247
2.57036
2.52594
2.49747
2.48066
2.47256
2.46925
2.47495
2.4926
2.51244
2.5247
2.5236
2.51243
2.48609
2.44955
2.42487
2.40774
2.38913
2.36609
2.34285
2.32492
2.30856
2.29176
2.27497
2.25994
2.24947
2.24511
2.24743
2.26498
2.27799
2.2688
5.27919
4.95548
4.62394
4.32228
4.03545
3.74538
3.47989
3.25563
3.03565
2.81948
2.62117
2.46271
2.30498
2.16129
2.03227
1.93352
1.83427
1.73168
1.63444
1.57276
1.49925
1.41253
1.35753
1.30708
1.25103
1.19809
1.14654
1.09353
1.0776
1.06641
1.03619
0.998657
0.977966
0.958958
0.941186
0.921206
0.888282
0.84968
0.832233
0.826306
0.82181
0.81806
0.810389
0.792765
0.761149
0.742908
0.735207
0.725143
0.720982
0.71814
0.710641
0.69592
0.686075
0.681867
0.674233
0.66848
0.665104
0.658767
0.645447
0.629275
0.623811
0.622085
0.617767
0.614513
0.612805
0.608997
0.600981
0.587105
0.581158
0.581241
0.585867
0.606399
0.663066
0.747131
0.854869
0.953443
1.03256
1.07977
1.10272
1.11114
1.10094
1.10293
1.1319
1.17763
1.21235
1.22112
1.215
1.20054
1.18672
1.17358
1.17322
1.17815
1.18663
1.20244
1.22158
1.22406
1.22186
1.22075
1.21897
1.21819
1.21949
1.22037
1.22115
1.22355
1.22652
1.22849
1.22993
1.23128
1.23312
1.23523
1.23592
1.23606
1.23582
1.23474
1.23299
1.23086
1.22887
1.22752
1.22844
1.23056
1.23278
1.23642
1.23819
1.23799
1.23737
1.2361
1.23333
1.22897
1.22636
1.22457
1.22262
1.22093
1.21984
1.21924
1.21869
1.21792
1.21676
1.21553
1.21446
1.21354
1.21337
1.21453
1.21606
1.21656
1.21545
1.21325
1.21049
1.20765
1.20408
1.20041
1.19854
1.19789
1.19778
1.19816
1.19773
1.19754
1.19978
1.23473
1.43142
1.91156
2.50722
2.79809
2.84791
2.87464
2.89315
2.88934
2.87718
2.86255
2.84083
2.82106
2.80949
2.80018
2.78774
2.77338
2.76317
2.75445
2.74078
2.72454
2.70803
2.69508
2.68248
2.66847
2.65254
2.63389
2.6166
2.60271
2.59005
2.57953
2.57306
2.56947
2.56328
2.55206
2.53622
2.51371
2.48579
2.46679
2.45576
2.44831
2.4424
2.43921
2.4332
2.4222
2.40816
2.38949
2.3681
2.35077
2.33754
2.32527
2.31315
2.30391
2.29688
2.29031
2.27871
2.27009
2.25528
2.25132
2.30404
2.46578
2.79225
3.2481
3.6675
3.92062
4.07548
4.18211
4.22792
4.25661
4.26039
4.24252
4.2151
4.18322
4.1453
4.1066
4.07214
4.04202
4.02231
4.01671
4.01517
4.0022
3.98301
3.95866
3.92452
3.88366
3.84774
3.81995
3.80065
3.78562
3.76743
3.74342
3.71632
3.69274
3.6734
3.6565
3.64219
3.63215
3.62127
3.60745
3.58659
3.55659
3.51995
3.48594
3.45962
3.43704
3.41581
3.40097
3.39058
3.37747
3.35988
3.34277
3.32762
3.31406
3.3031
3.29084
3.27666
3.25825
3.2314
3.19824
3.16932
3.1486
3.13504
3.12724
3.12571
3.12503
3.11768
3.10767
3.09327
3.06944
3.03244
2.98768
2.95347
2.93254
2.91652
2.90371
2.89326
2.88556
2.88201
2.8791
2.87402
2.86875
2.86246
2.85391
2.84327
2.83397
2.82509
2.81286
2.79275
2.76227
2.72853
2.69777
2.67775
2.66763
2.66405
2.6673
2.67088
2.67253
2.66909
2.66065
2.64378
2.61341
2.57333
2.5292
2.49613
2.47792
2.46939
2.46618
2.48168
2.52992
2.55676
2.55455
2.54497
2.52908
2.49845
2.45159
2.40409
2.36799
2.34121
2.3231
2.31307
2.30738
2.3044
2.30047
2.29519
2.28922
2.27939
2.27033
2.2678
2.26365
2.26052
2.25265
5.33729
5.02737
4.72088
4.44079
4.15756
3.87246
3.63365
3.40036
3.17914
2.95635
2.77704
2.6084
2.45573
2.29651
2.18683
2.07138
1.96208
1.85086
1.76387
1.68044
1.59739
1.52372
1.46212
1.39481
1.32461
1.28266
1.24305
1.18328
1.14666
1.13246
1.11256
1.08302
1.05223
1.01544
0.980818
0.964184
0.945102
0.916223
0.891647
0.879377
0.865506
0.855617
0.850683
0.840396
0.818903
0.786692
0.772723
0.761389
0.751584
0.750187
0.747773
0.738143
0.723696
0.71613
0.708052
0.697015
0.690216
0.68354
0.673256
0.660961
0.653501
0.651478
0.648734
0.643347
0.639011
0.634764
0.626578
0.613292
0.601897
0.596133
0.595716
0.597153
0.601733
0.614422
0.645137
0.698925
0.760458
0.839763
0.91473
0.995158
1.04889
1.08235
1.12483
1.17702
1.19569
1.19605
1.1898
1.17888
1.16343
1.15768
1.16208
1.17044
1.18562
1.20941
1.21965
1.21882
1.21827
1.21583
1.21083
1.20904
1.20966
1.21138
1.21652
1.22351
1.22453
1.22467
1.22586
1.22703
1.2285
1.23086
1.23227
1.23281
1.23312
1.2323
1.23019
1.22769
1.22577
1.22481
1.22699
1.23056
1.23455
1.23654
1.23571
1.23428
1.23297
1.23062
1.22631
1.22413
1.22353
1.22316
1.22195
1.22036
1.21897
1.21749
1.21623
1.21544
1.21476
1.21395
1.21335
1.21409
1.21636
1.21857
1.21871
1.21715
1.21445
1.2115
1.2082
1.2038
1.19993
1.19804
1.19693
1.19647
1.19731
1.20011
1.20123
1.20748
1.26166
1.54445
2.13063
2.60396
2.7831
2.89821
2.93343
2.93351
2.92035
2.89298
2.86159
2.83754
2.81982
2.80804
2.80001
2.7963
2.78884
2.77509
2.76251
2.74992
2.7337
2.71522
2.69725
2.68388
2.67266
2.66002
2.64688
2.63282
2.61748
2.60159
2.58572
2.57052
2.55798
2.55073
2.54588
2.54048
2.53096
2.51475
2.49023
2.46423
2.44823
2.43742
2.42939
2.42329
2.41901
2.41195
2.40194
2.38863
2.37383
2.35802
2.34058
2.32262
2.30604
2.29197
2.28235
2.27599
2.27104
2.26432
2.25345
2.24492
2.22367
2.20907
2.2388
2.36649
2.62935
3.04402
3.48436
3.80047
3.95535
4.08152
4.15637
4.18712
4.19695
4.19124
4.17433
4.14377
4.09536
4.04674
4.01523
3.99139
3.97449
3.97417
3.97665
3.96224
3.93761
3.90235
3.86001
3.82148
3.79314
3.76711
3.74647
3.73285
3.71746
3.70014
3.68244
3.66321
3.64321
3.62305
3.60229
3.58551
3.57355
3.55935
3.53998
3.51288
3.47591
3.43824
3.4101
3.38561
3.36351
3.35055
3.34067
3.3294
3.31809
3.30942
3.30472
3.30147
3.29162
3.27759
3.25844
3.22765
3.18569
3.14792
3.12407
3.10916
3.09983
3.09505
3.09482
3.09014
3.08045
3.06381
3.03668
3.00116
2.96247
2.9327
2.91569
2.90493
2.89617
2.88931
2.88593
2.88601
2.88469
2.87899
2.87042
2.858
2.83979
2.82013
2.80166
2.78141
2.75906
2.73901
2.72599
2.7179
2.71104
2.7025
2.69135
2.6782
2.66682
2.65612
2.64464
2.63028
2.61196
2.59169
2.57019
2.54603
2.5214
2.49936
2.48641
2.48485
2.49923
2.51887
2.53508
2.53979
2.53411
2.51977
2.48984
2.43961
2.38186
2.34371
2.32163
2.30847
2.30141
2.2976
2.29891
2.30829
2.31733
2.31838
2.31402
2.30553
2.28937
2.26733
2.24987
2.23299
5.39094
5.0983
4.81808
4.54918
4.26189
3.99996
3.76728
3.53306
3.30285
3.10682
2.92158
2.75706
2.59272
2.4392
2.32299
2.20182
2.07858
1.96822
1.8825
1.79145
1.69889
1.62122
1.5591
1.49049
1.40962
1.36591
1.32945
1.2825
1.23633
1.1992
1.17386
1.153
1.1278
1.09297
1.0357
0.998733
0.987721
0.972202
0.956285
0.944261
0.927654
0.899728
0.883837
0.876071
0.86193
0.837594
0.815849
0.8029
0.788809
0.782317
0.781557
0.777441
0.764968
0.752978
0.743495
0.728077
0.714206
0.707632
0.701172
0.692526
0.68677
0.68487
0.682185
0.675831
0.666604
0.657803
0.646766
0.63339
0.627451
0.623835
0.620569
0.61642
0.613477
0.614628
0.616298
0.61756
0.621101
0.638327
0.681902
0.75682
0.866855
0.964544
1.0557
1.11045
1.14243
1.15241
1.15955
1.16063
1.15034
1.14629
1.14898
1.15963
1.18403
1.20498
1.21231
1.21617
1.21733
1.21181
1.20018
1.19558
1.19622
1.20205
1.21372
1.22157
1.22211
1.22196
1.22353
1.22432
1.22496
1.22561
1.22487
1.22415
1.22435
1.22327
1.22111
1.2204
1.22109
1.22484
1.22974
1.23511
1.23827
1.23827
1.23574
1.23199
1.22815
1.22352
1.2212
1.22085
1.22119
1.22256
1.2219
1.22021
1.21805
1.21506
1.21334
1.21275
1.21225
1.21224
1.2137
1.21674
1.21872
1.2184
1.21699
1.21489
1.2122
1.20863
1.20429
1.20078
1.19903
1.1979
1.19728
1.19807
1.20221
1.20429
1.2169
1.31583
1.67767
2.28497
2.67887
2.87068
2.94629
2.95041
2.94015
2.91965
2.89532
2.86824
2.84247
2.82435
2.81373
2.80524
2.79866
2.79328
2.78083
2.76602
2.75439
2.74233
2.7266
2.70774
2.68937
2.67418
2.66245
2.65239
2.64106
2.62887
2.61685
2.60315
2.58612
2.56714
2.55028
2.5377
2.53047
2.52461
2.51783
2.50833
2.49268
2.47019
2.44655
2.43087
2.41936
2.41008
2.4018
2.39491
2.38879
2.38201
2.3728
2.36049
2.34396
2.32207
2.30067
2.2848
2.27347
2.26568
2.26045
2.25577
2.24971
2.24078
2.22795
2.2096
2.18238
2.17325
2.19168
2.27969
2.48683
2.83355
3.26963
3.64659
3.8229
3.9555
4.05261
4.11051
4.14468
4.14571
4.12512
4.08921
4.04128
3.99711
3.96765
3.9429
3.92592
3.92181
3.9198
3.90562
3.88031
3.84611
3.80316
3.76551
3.73893
3.71735
3.70255
3.69456
3.6824
3.66454
3.64314
3.61944
3.59605
3.57469
3.55909
3.54996
3.53986
3.52228
3.49717
3.45997
3.41718
3.38203
3.35663
3.33478
3.31814
3.30922
3.30762
3.31144
3.31191
3.30804
3.29853
3.2863
3.2693
3.24741
3.21665
3.17206
3.12511
3.09877
3.08633
3.07799
3.07046
3.06427
3.05649
3.04477
3.02935
3.0089
2.98267
2.95255
2.92928
2.91671
2.90816
2.90128
2.89601
2.89144
2.88489
2.87623
2.86422
2.84742
2.82666
2.80126
2.77479
2.75339
2.73719
2.72782
2.72573
2.7348
2.7388
2.73124
2.71654
2.69007
2.65835
2.633
2.61382
2.59786
2.58412
2.57134
2.56023
2.55299
2.54571
2.53733
2.52622
2.52009
2.51863
2.51651
2.51092
2.5059
2.49811
2.48421
2.46067
2.42814
2.39159
2.34956
2.31811
2.30461
2.29894
2.29648
2.30949
2.33985
2.34918
2.34447
2.33655
2.32437
2.30038
2.26513
2.23281
2.20514
5.44673
5.16823
4.90211
4.6338
4.35816
4.11681
3.88343
3.64683
3.43289
3.25105
3.06019
2.89052
2.72789
2.57363
2.44354
2.32646
2.18284
2.08658
1.99039
1.89705
1.79851
1.72369
1.65238
1.58185
1.5099
1.45965
1.41203
1.36585
1.32844
1.28734
1.23637
1.20886
1.18669
1.15471
1.10891
1.05859
1.03346
1.01999
1.00826
0.999646
0.988615
0.966051
0.929796
0.904416
0.890828
0.877253
0.86187
0.84978
0.834308
0.817717
0.81286
0.812223
0.803917
0.788991
0.778509
0.764989
0.74217
0.730323
0.727325
0.723194
0.717111
0.715491
0.714123
0.708713
0.696937
0.682203
0.669313
0.659404
0.654087
0.651897
0.649327
0.645814
0.640377
0.633752
0.627739
0.620604
0.614816
0.613854
0.616352
0.628638
0.671124
0.744119
0.839841
0.940071
1.02271
1.09176
1.12083
1.13555
1.13254
1.12573
1.1332
1.15349
1.17818
1.19774
1.20758
1.21153
1.20947
1.19353
1.18023
1.17921
1.18487
1.19876
1.21507
1.22087
1.22115
1.22202
1.225
1.22581
1.22576
1.22421
1.22131
1.21826
1.21572
1.21239
1.21139
1.21242
1.21614
1.22379
1.23316
1.23758
1.23884
1.2379
1.23438
1.22859
1.22252
1.21913
1.21865
1.21946
1.2224
1.22411
1.22273
1.22003
1.21606
1.21232
1.21108
1.21059
1.21036
1.21168
1.21542
1.21828
1.21815
1.21664
1.21394
1.21063
1.20686
1.20333
1.20107
1.1997
1.19914
1.19909
1.20099
1.20481
1.20752
1.23226
1.3981
1.85365
2.43073
2.82081
2.91465
2.93825
2.93314
2.91994
2.91001
2.89992
2.8885
2.86943
2.84724
2.82625
2.80854
2.79375
2.78336
2.7748
2.76507
2.75397
2.74481
2.73606
2.72302
2.70553
2.6854
2.66502
2.64849
2.63647
2.62794
2.62069
2.61223
2.60194
2.58858
2.57034
2.5484
2.52991
2.51778
2.51014
2.5033
2.49624
2.48678
2.47238
2.45269
2.43056
2.41317
2.39937
2.38881
2.38003
2.3731
2.36781
2.36206
2.35394
2.34009
2.32026
2.29825
2.28092
2.26917
2.26008
2.25304
2.24736
2.24292
2.2379
2.22894
2.21276
2.1876
2.16392
2.15304
2.14711
2.15494
2.20424
2.35602
2.63025
3.02018
3.42177
3.69229
3.83401
3.96171
4.04319
4.07826
4.08564
4.07012
4.03828
3.99687
3.94764
3.91047
3.88705
3.87181
3.87097
3.87196
3.85547
3.82984
3.79546
3.75311
3.71829
3.69504
3.67588
3.65938
3.64732
3.63462
3.61689
3.59517
3.57408
3.55466
3.53733
3.52649
3.51886
3.50277
3.47726
3.44382
3.40405
3.36445
3.3346
3.31399
3.29778
3.28691
3.27824
3.2735
3.27885
3.29129
3.28689
3.27187
3.25625
3.23662
3.20697
3.1604
3.10974
3.07632
3.05565
3.04323
3.03363
3.02804
3.02538
3.01974
3.01177
3.00226
2.98711
2.96364
2.93752
2.92047
2.91058
2.9022
2.89247
2.87958
2.86536
2.85059
2.83367
2.81252
2.78767
2.7619
2.74056
2.73089
2.72915
2.74653
2.76353
2.75771
2.74519
2.72462
2.68969
2.64485
2.60948
2.58544
2.57099
2.56314
2.56015
2.56205
2.56766
2.57407
2.5767
2.57101
2.5566
2.53287
2.50675
2.48773
2.47149
2.45525
2.4389
2.42382
2.41003
2.39313
2.37094
2.34484
2.3229
2.31335
2.31226
2.32278
2.33339
2.3391
2.33728
2.33052
2.31851
2.29575
2.26389
2.22638
2.19464
5.49466
5.22553
4.96812
4.70614
4.45518
4.22011
3.98743
3.75717
3.56471
3.37368
3.18444
3.00579
2.8584
2.69268
2.55752
2.4371
2.29398
2.1964
2.10219
1.99527
1.89758
1.82742
1.75254
1.67314
1.60932
1.55806
1.50393
1.44266
1.40603
1.36979
1.31621
1.27499
1.24095
1.20103
1.16369
1.13082
1.09848
1.07267
1.06112
1.04937
1.03865
1.0243
0.995127
0.947674
0.917777
0.909367
0.901757
0.894412
0.885786
0.871048
0.84863
0.840886
0.835721
0.821423
0.807747
0.796898
0.780474
0.762526
0.756219
0.754765
0.749229
0.743142
0.741161
0.737777
0.726946
0.705358
0.687762
0.683551
0.682225
0.680485
0.678714
0.676172
0.671191
0.663162
0.652916
0.63673
0.625489
0.622643
0.622143
0.62316
0.626215
0.634935
0.655686
0.697297
0.750147
0.825237
0.907006
0.984825
1.05228
1.07553
1.10862
1.1538
1.18969
1.21091
1.21274
1.20783
1.19237
1.16915
1.16519
1.16821
1.18238
1.2015
1.21422
1.21791
1.21852
1.22084
1.22405
1.22522
1.22569
1.22566
1.22366
1.21815
1.20917
1.20498
1.20568
1.20833
1.21523
1.22716
1.23339
1.2354
1.23605
1.23354
1.22632
1.21943
1.21678
1.21635
1.21786
1.22276
1.22701
1.22668
1.22396
1.21869
1.21255
1.20929
1.20865
1.20836
1.20907
1.21232
1.21673
1.21768
1.21654
1.21415
1.21017
1.2053
1.20201
1.20035
1.19937
1.19905
1.20012
1.2035
1.20723
1.21104
1.25549
1.49973
2.04609
2.58206
2.90718
2.92768
2.91939
2.91562
2.91085
2.91999
2.91694
2.90511
2.89072
2.86687
2.84086
2.8172
2.79689
2.78322
2.77192
2.76138
2.75269
2.74551
2.73863
2.7307
2.71885
2.70236
2.68011
2.65562
2.63697
2.62324
2.61274
2.60708
2.60444
2.59783
2.58683
2.57143
2.55003
2.52592
2.50788
2.49683
2.48904
2.48257
2.47557
2.46589
2.45279
2.43532
2.41336
2.39364
2.38005
2.37017
2.36215
2.3537
2.34439
2.33549
2.32709
2.31502
2.29738
2.28096
2.26829
2.25815
2.24992
2.24307
2.23632
2.22912
2.22132
2.21067
2.19168
2.16567
2.14819
2.13989
2.13215
2.12603
2.12154
2.14482
2.2426
2.44704
2.78802
3.18842
3.54751
3.72221
3.86048
3.96692
4.00599
4.01838
4.01088
3.98003
3.93463
3.88961
3.86145
3.84433
3.83106
3.83246
3.82986
3.80994
3.7833
3.74899
3.70743
3.67373
3.65132
3.63145
3.61277
3.59839
3.58741
3.57344
3.5537
3.53414
3.516
3.50025
3.48941
3.47686
3.45782
3.43279
3.40167
3.36513
3.32715
3.29671
3.27609
3.26338
3.25368
3.24485
3.24328
3.25959
3.2732
3.26176
3.24771
3.23
3.19842
3.14235
3.07967
3.04382
3.02495
3.01454
3.00686
3.00388
3.01235
3.01868
3.01666
3.01033
2.99776
2.97082
2.93521
2.91023
2.89309
2.87893
2.8656
2.85091
2.83528
2.81847
2.80058
2.77916
2.75817
2.7461
2.74065
2.74105
2.74472
2.74567
2.74212
2.73222
2.71446
2.68314
2.64334
2.60484
2.57893
2.56307
2.55511
2.55212
2.56651
2.59349
2.60906
2.60873
2.59876
2.57556
2.5335
2.48981
2.45514
2.42989
2.4133
2.4037
2.39716
2.3914
2.38694
2.38147
2.37499
2.36294
2.34766
2.34056
2.33788
2.33559
2.32955
2.3222
2.31303
2.30027
2.28287
2.26054
2.2307
2.19453
5.52968
5.2761
5.02785
4.78054
4.54779
4.31521
4.08017
3.8716
3.67387
3.48141
3.28691
3.12428
2.97099
2.80871
2.66885
2.55138
2.40737
2.29857
2.21354
2.09096
2.00062
1.92497
1.85245
1.77079
1.70967
1.65089
1.59004
1.52755
1.48235
1.44077
1.3937
1.3467
1.30265
1.25265
1.21286
1.19309
1.17002
1.13874
1.12119
1.10178
1.07884
1.06541
1.04454
1.00388
0.961206
0.947011
0.937942
0.931291
0.928627
0.922687
0.907144
0.881379
0.863904
0.84779
0.83038
0.820962
0.813769
0.801707
0.789594
0.786544
0.782913
0.774467
0.768604
0.763848
0.752442
0.73011
0.712001
0.708203
0.706922
0.704359
0.703087
0.70226
0.699881
0.694042
0.681398
0.66102
0.647576
0.643851
0.639755
0.635067
0.634549
0.637073
0.638867
0.639787
0.64285
0.65236
0.689984
0.758929
0.861429
0.966106
1.06003
1.12987
1.17016
1.19019
1.1914
1.18368
1.16366
1.15386
1.15705
1.17001
1.18964
1.20062
1.20667
1.20994
1.2124
1.21594
1.21681
1.21848
1.22147
1.22237
1.21972
1.2118
1.2056
1.20471
1.2062
1.21101
1.22133
1.22934
1.23019
1.22985
1.22875
1.22308
1.21527
1.21256
1.21175
1.21374
1.22162
1.22912
1.23018
1.22873
1.22347
1.21459
1.20776
1.20614
1.20568
1.20587
1.20846
1.21366
1.21615
1.21565
1.21404
1.2107
1.2057
1.20227
1.20096
1.2003
1.20015
1.20154
1.20579
1.20802
1.21634
1.28655
1.60815
2.24715
2.74546
2.87104
2.91575
2.94731
2.94697
2.94257
2.93022
2.91602
2.90003
2.88524
2.87139
2.85406
2.83551
2.81262
2.78897
2.77346
2.76355
2.7539
2.7456
2.73997
2.73298
2.72357
2.71183
2.69647
2.67492
2.64886
2.62877
2.61563
2.60536
2.59773
2.592
2.58612
2.57839
2.56701
2.54768
2.52292
2.50095
2.48595
2.47643
2.46898
2.46321
2.45597
2.44661
2.4344
2.41764
2.39419
2.37536
2.36364
2.35306
2.34218
2.33047
2.31709
2.3068
2.30019
2.29255
2.28174
2.27173
2.26128
2.25025
2.23987
2.2302
2.22058
2.21122
2.20137
2.18893
2.17097
2.15077
2.13718
2.12852
2.12118
2.11355
2.10475
2.0943
2.09548
2.14929
2.29844
2.57167
2.95684
3.33909
3.60975
3.74477
3.86586
3.92669
3.9383
3.93779
3.91749
3.88039
3.84777
3.82564
3.80821
3.79396
3.79365
3.78594
3.76394
3.73566
3.70215
3.66201
3.62882
3.60576
3.58524
3.56443
3.54905
3.54083
3.52998
3.51009
3.4915
3.47976
3.46967
3.45821
3.4437
3.4263
3.40137
3.36427
3.31843
3.2792
3.25407
3.23699
3.22501
3.21538
3.21281
3.22902
3.25547
3.25366
3.23604
3.21474
3.17828
3.1158
3.05013
3.01885
3.00627
2.99941
2.99503
2.9997
3.02339
3.03103
3.02239
3.01128
2.99254
2.95636
2.91382
2.88549
2.86575
2.85021
2.83604
2.821
2.80511
2.78852
2.77689
2.77048
2.76838
2.76546
2.75765
2.74693
2.73527
2.72156
2.70613
2.68726
2.66523
2.64091
2.61587
2.59271
2.57531
2.5673
2.56684
2.58275
2.61253
2.62087
2.61291
2.59743
2.56968
2.52088
2.46128
2.42402
2.40323
2.39091
2.38319
2.37864
2.37999
2.38963
2.39787
2.40108
2.39801
2.39014
2.37239
2.34586
2.32535
2.31237
2.30048
2.28793
2.27438
2.26148
2.2496
2.23349
2.21003
5.55933
5.32593
5.08718
4.85442
4.62898
4.39531
4.17218
3.97211
3.77057
3.57233
3.39605
3.23545
3.07772
2.91649
2.78262
2.66274
2.52305
2.40617
2.31397
2.19265
2.10332
2.02815
1.94489
1.86593
1.80626
1.74324
1.67108
1.61144
1.5604
1.5105
1.46222
1.41592
1.36965
1.31342
1.27287
1.25155
1.23284
1.20815
1.1868
1.16424
1.1292
1.09706
1.07416
1.04466
1.01316
1.00026
0.989009
0.972496
0.963958
0.962193
0.955267
0.932929
0.903435
0.879796
0.855513
0.844479
0.842609
0.838595
0.828997
0.820782
0.81515
0.80525
0.793473
0.785319
0.773394
0.75508
0.743563
0.739501
0.735991
0.730451
0.724769
0.722583
0.720069
0.713777
0.69971
0.682343
0.676234
0.674483
0.67126
0.666095
0.660071
0.654781
0.649953
0.644878
0.639502
0.634639
0.635641
0.643989
0.67375
0.742439
0.831232
0.933328
1.01411
1.08393
1.1103
1.11665
1.13284
1.1498
1.16506
1.18517
1.19721
1.19713
1.19488
1.19871
1.2026
1.206
1.20587
1.20564
1.20698
1.20606
1.20008
1.1969
1.19651
1.19925
1.20734
1.21984
1.23015
1.23196
1.23061
1.22705
1.22021
1.21101
1.20874
1.20964
1.21235
1.21989
1.23007
1.23164
1.23077
1.22739
1.21875
1.20735
1.20311
1.20199
1.20137
1.20376
1.21016
1.21458
1.21477
1.21341
1.20999
1.20516
1.20246
1.20215
1.20218
1.2028
1.20515
1.2088
1.21017
1.22756
1.36113
1.751
2.39521
2.85772
2.91014
2.9385
2.96577
2.98051
2.97292
2.94569
2.90877
2.88931
2.87955
2.87198
2.85872
2.84635
2.83483
2.81515
2.7879
2.76742
2.75702
2.74744
2.73844
2.7323
2.72651
2.71612
2.70388
2.68933
2.66923
2.64464
2.62611
2.61396
2.60313
2.59313
2.58288
2.57203
2.56174
2.55175
2.53952
2.51906
2.49549
2.47812
2.46685
2.45835
2.4514
2.44507
2.43766
2.4291
2.41617
2.39778
2.37625
2.35865
2.34488
2.33268
2.32
2.30532
2.29229
2.28441
2.2799
2.2775
2.27212
2.26246
2.24965
2.23593
2.22226
2.21041
2.2006
2.19152
2.18218
2.17129
2.15679
2.13938
2.12783
2.11972
2.11134
2.10293
2.09207
2.08537
2.0666
2.05102
2.07435
2.17223
2.37957
2.71946
3.10533
3.4462
3.61625
3.74307
3.83602
3.86065
3.87231
3.8709
3.8455
3.81372
3.79107
3.76805
3.74946
3.74457
3.73648
3.71476
3.68745
3.65609
3.61878
3.5849
3.55875
3.53651
3.51454
3.5004
3.49449
3.48438
3.47282
3.46447
3.45695
3.44732
3.43428
3.41739
3.39243
3.35507
3.30603
3.25837
3.22946
3.2133
3.20187
3.19301
3.18849
3.19679
3.21802
3.22899
3.21606
3.19153
3.15748
3.1053
3.04352
3.00871
2.9985
2.9934
2.99128
2.99129
2.99935
3.01021
3.00677
2.99268
2.96929
2.93277
2.88884
2.8577
2.83686
2.82086
2.80673
2.79383
2.78478
2.78074
2.78613
2.78928
2.78134
2.76862
2.74835
2.72043
2.69498
2.67483
2.65726
2.64098
2.63052
2.62462
2.61854
2.61
2.60173
2.59917
2.59935
2.59437
2.59315
2.58839
2.57516
2.54919
2.5056
2.45734
2.41856
2.39626
2.38352
2.37634
2.37241
2.37703
2.40398
2.4237
2.4264
2.42283
2.41532
2.39541
2.35289
2.31177
2.28757
2.27296
2.26269
2.25404
2.24526
2.23713
2.23223
2.22671
5.59525
5.37516
5.14256
4.91875
4.69565
4.46713
4.26113
4.06092
3.85881
3.66929
3.50575
3.33807
3.17634
3.02574
2.89495
2.76611
2.6282
2.51677
2.41425
2.2929
2.20268
2.13197
2.03702
1.95755
1.89224
1.82846
1.75308
1.69432
1.63864
1.58145
1.5271
1.47894
1.43278
1.38181
1.34771
1.31856
1.28913
1.26564
1.24488
1.22102
1.19059
1.144
1.10528
1.07766
1.06037
1.05256
1.04339
1.02962
1.01063
0.994389
0.985494
0.969064
0.938614
0.913122
0.893874
0.878396
0.872748
0.872173
0.867885
0.857676
0.849908
0.841127
0.823065
0.802396
0.789829
0.779737
0.772907
0.769461
0.766487
0.762263
0.755582
0.748172
0.740634
0.729235
0.71012
0.698404
0.697045
0.696778
0.694701
0.692092
0.688641
0.683523
0.676473
0.663497
0.645776
0.640745
0.64012
0.642579
0.645235
0.652005
0.668793
0.710947
0.775963
0.853139
0.941023
1.01542
1.08902
1.12981
1.14809
1.17231
1.17813
1.17451
1.1823
1.19403
1.19822
1.2004
1.20138
1.19966
1.19694
1.19034
1.18552
1.18457
1.18556
1.19353
1.21061
1.22375
1.22825
1.22866
1.22629
1.21843
1.20827
1.20637
1.20937
1.21313
1.21973
1.23108
1.23373
1.23128
1.22751
1.22169
1.20978
1.20025
1.19792
1.19643
1.19833
1.20592
1.21325
1.21435
1.21374
1.21015
1.20386
1.19985
1.19942
1.20011
1.20217
1.20639
1.21244
1.21569
1.24426
1.45561
1.97728
2.54402
2.9143
2.90997
2.94733
2.96775
2.98722
2.96872
2.94028
2.9079
2.88594
2.87521
2.86842
2.86901
2.85988
2.84778
2.83301
2.81345
2.78862
2.7624
2.74844
2.73979
2.73249
2.72742
2.72104
2.70973
2.69686
2.68208
2.66256
2.64131
2.62642
2.61402
2.60153
2.58883
2.57528
2.56095
2.54725
2.5345
2.52162
2.50758
2.4903
2.47271
2.4602
2.45146
2.44365
2.43495
2.42583
2.41744
2.40902
2.39645
2.37756
2.35567
2.33838
2.32462
2.31144
2.29759
2.28498
2.27627
2.26998
2.26515
2.26077
2.2546
2.2443
2.22715
2.20829
2.19581
2.18814
2.18154
2.17557
2.16854
2.15934
2.14608
2.12836
2.11664
2.10843
2.09971
2.08984
2.07966
2.06708
2.05573
2.03382
2.01105
2.0153
2.07044
2.22165
2.49158
2.86699
3.22692
3.47624
3.62098
3.74512
3.80058
3.81762
3.82294
3.80739
3.77261
3.74349
3.71583
3.69638
3.69202
3.68705
3.66614
3.64312
3.61621
3.58112
3.54131
3.50831
3.48487
3.4656
3.45625
3.45419
3.45332
3.45024
3.44425
3.43373
3.41926
3.40067
3.37456
3.3394
3.29625
3.25044
3.21511
3.19518
3.18256
3.17218
3.16394
3.16369
3.17671
3.19107
3.1862
3.17243
3.15033
3.10839
3.04796
3.00492
2.99068
2.98351
2.97867
2.97559
2.97471
2.9777
2.9761
2.96488
2.94423
2.91179
2.86636
2.82955
2.80798
2.79575
2.78874
2.78697
2.79822
2.80576
2.79821
2.78695
2.77174
2.74385
2.70618
2.67347
2.65223
2.63775
2.6294
2.62703
2.63238
2.63819
2.63878
2.6366
2.62911
2.61134
2.58892
2.57164
2.55657
2.53606
2.50861
2.48059
2.45456
2.42851
2.40506
2.39073
2.38465
2.38376
2.39426
2.41019
2.4294
2.43523
2.42807
2.41603
2.39625
2.3597
2.31089
2.27761
2.25926
2.24865
2.24139
2.23662
2.23658
2.24569
2.2454
5.63137
5.41179
5.18504
4.97158
4.75329
4.5396
4.3446
4.14529
3.94457
3.77258
3.60359
3.43464
3.27013
3.1343
2.9962
2.86324
2.73186
2.62105
2.51401
2.39542
2.30235
2.22312
2.12796
2.04826
1.9772
1.90187
1.83013
1.77292
1.71679
1.65167
1.59481
1.54479
1.49742
1.45293
1.42246
1.39156
1.35372
1.32365
1.29681
1.26612
1.23538
1.1953
1.1509
1.11988
1.10869
1.10049
1.09069
1.08095
1.06575
1.04045
1.01356
0.99441
0.968316
0.943446
0.932887
0.923266
0.909278
0.903021
0.901773
0.89345
0.881084
0.871488
0.855627
0.826582
0.809529
0.805626
0.800766
0.796737
0.793787
0.79068
0.785454
0.777564
0.76743
0.750824
0.728434
0.720157
0.719009
0.719077
0.717543
0.714635
0.711571
0.706918
0.699194
0.685188
0.666894
0.660109
0.658432
0.655283
0.654468
0.655405
0.657161
0.659263
0.664678
0.678333
0.711378
0.776059
0.861021
0.967358
1.03836
1.10772
1.13184
1.15382
1.18473
1.20385
1.20791
1.21012
1.20918
1.20176
1.18686
1.1787
1.17999
1.18091
1.18645
1.20131
1.21316
1.21539
1.21665
1.21603
1.20954
1.19833
1.19402
1.19647
1.20437
1.21528
1.2295
1.23624
1.23438
1.22957
1.22352
1.21243
1.1987
1.19413
1.19272
1.19425
1.20161
1.2121
1.21484
1.21484
1.21246
1.20577
1.19861
1.19651
1.19654
1.19797
1.20226
1.21083
1.22132
1.27081
1.52677
2.18401
2.71041
2.90471
2.97658
2.98587
2.99141
2.99369
2.97859
2.94276
2.90716
2.8861
2.87642
2.87544
2.87095
2.85592
2.84328
2.83211
2.82047
2.80734
2.79079
2.76643
2.74382
2.73309
2.72522
2.72048
2.71353
2.70252
2.69033
2.6759
2.657
2.63811
2.62427
2.61131
2.59742
2.58264
2.56716
2.55127
2.53612
2.52218
2.50811
2.49343
2.48093
2.46846
2.4554
2.44716
2.43812
2.42647
2.41463
2.40436
2.39537
2.38634
2.37306
2.35318
2.33361
2.31866
2.30512
2.29169
2.28006
2.27181
2.26536
2.25806
2.24902
2.23944
2.22802
2.21186
2.19181
2.17994
2.17357
2.16872
2.16751
2.16519
2.15717
2.14705
2.13262
2.11392
2.10124
2.09232
2.08345
2.07388
2.06373
2.05429
2.04283
2.02832
2.00761
1.97962
1.97363
1.99965
2.10134
2.30442
2.63218
3.00006
3.31255
3.49441
3.63951
3.73672
3.75937
3.768
3.75551
3.71669
3.68382
3.65837
3.64375
3.64624
3.64361
3.62412
3.60501
3.5781
3.53734
3.49006
3.45753
3.43772
3.42319
3.41619
3.42034
3.42737
3.42472
3.41533
3.40201
3.38277
3.3583
3.32714
3.28884
3.24605
3.20709
3.17962
3.16234
3.1497
3.13953
3.13482
3.14634
3.17254
3.17282
3.1627
3.14616
3.11114
3.05303
2.99988
2.97525
2.96383
2.95581
2.94884
2.94391
2.94398
2.94647
2.93899
2.91877
2.88827
2.84716
2.81099
2.79525
2.78979
2.78794
2.78979
2.79458
2.79042
2.77946
2.76389
2.73921
2.70077
2.66438
2.64224
2.63241
2.62776
2.63074
2.64905
2.65908
2.65997
2.65558
2.64551
2.62131
2.58095
2.5425
2.51465
2.4928
2.47493
2.45951
2.44679
2.43626
2.42418
2.4145
2.41025
2.41155
2.41759
2.42088
2.41633
2.41365
2.4094
2.39989
2.38379
2.35784
2.3221
2.28124
2.2552
2.24541
2.2401
2.2375
2.24664
2.26764
2.26014
5.65921
5.43843
5.2232
5.02019
4.81062
4.61335
4.42267
4.22159
4.03315
3.86522
3.69341
3.51761
3.37043
3.2311
3.09259
2.95213
2.83519
2.71936
2.60518
2.49217
2.40035
2.3092
2.2093
2.13167
2.06115
1.97706
1.90616
1.84658
1.78895
1.72293
1.66714
1.61723
1.5673
1.52628
1.49284
1.4591
1.4187
1.38407
1.35121
1.31474
1.26993
1.23445
1.20397
1.1763
1.16473
1.1534
1.13617
1.12369
1.11219
1.09127
1.05319
1.02004
0.99771
0.976724
0.969664
0.966411
0.957288
0.94153
0.934205
0.926674
0.910857
0.895265
0.878956
0.85458
0.837441
0.834878
0.832308
0.826458
0.82143
0.817122
0.811677
0.802261
0.78848
0.770652
0.751382
0.744195
0.742176
0.741431
0.739962
0.737444
0.734684
0.72977
0.719235
0.700406
0.686607
0.683773
0.682468
0.679367
0.674942
0.672655
0.669935
0.666728
0.663785
0.655635
0.651788
0.657187
0.679418
0.742118
0.836127
0.941163
1.04008
1.11548
1.16589
1.18254
1.19389
1.19759
1.19668
1.18761
1.17533
1.17721
1.18409
1.19209
1.2044
1.21809
1.21855
1.21432
1.2104
1.2045
1.19199
1.1838
1.1827
1.18674
1.19886
1.2196
1.23211
1.23382
1.23182
1.22642
1.21464
1.19774
1.19011
1.18985
1.1916
1.19806
1.21091
1.21603
1.21595
1.21443
1.209
1.20029
1.19571
1.19481
1.19482
1.19721
1.20472
1.22271
1.335
1.66472
2.28224
2.8391
2.94711
2.98734
2.9975
3.00292
2.99431
2.97397
2.93731
2.91031
2.89798
2.89704
2.89506
2.88193
2.86202
2.83956
2.82583
2.81643
2.8103
2.80124
2.78687
2.76816
2.74363
2.72582
2.71509
2.70687
2.70067
2.6907
2.67902
2.66562
2.64976
2.633
2.61818
2.60413
2.58974
2.57486
2.55936
2.54358
2.52836
2.51481
2.50137
2.48704
2.47371
2.46173
2.45105
2.44143
2.43097
2.41862
2.40557
2.39269
2.38075
2.3703
2.3604
2.34762
2.33088
2.31524
2.30226
2.29104
2.28047
2.27057
2.26137
2.25157
2.24019
2.22724
2.21289
2.19669
2.18041
2.16795
2.16
2.15443
2.15134
2.15317
2.15162
2.14276
2.13029
2.11244
2.0939
2.08163
2.07207
2.06374
2.05674
2.05047
2.04401
2.03586
2.02291
2.00193
1.97388
1.94582
1.93797
1.94904
2.00697
2.15249
2.40531
2.75926
3.10345
3.3521
3.50811
3.64267
3.68353
3.6971
3.68942
3.65105
3.62447
3.60852
3.60199
3.61399
3.60676
3.5866
3.56427
3.53219
3.48725
3.44065
3.4117
3.3946
3.38196
3.37617
3.38531
3.40348
3.40075
3.38898
3.37317
3.35026
3.31902
3.27977
3.2368
3.19603
3.16367
3.14169
3.1283
3.11935
3.11407
3.12103
3.15279
3.16361
3.15357
3.13901
3.10744
3.0474
2.9834
2.95309
2.93954
2.92966
2.92102
2.91429
2.91155
2.91275
2.90755
2.89398
2.8764
2.84775
2.81402
2.79691
2.78978
2.78349
2.77554
2.76813
2.76012
2.74869
2.73062
2.70469
2.67678
2.65637
2.64592
2.64139
2.64249
2.64856
2.66135
2.66066
2.65075
2.63664
2.61197
2.56722
2.51632
2.48196
2.46344
2.4526
2.44719
2.44746
2.45049
2.45198
2.45023
2.44451
2.43436
2.41994
2.40674
2.39902
2.3914
2.38331
2.37351
2.36065
2.34663
2.32892
2.30571
2.27777
2.25868
2.2516
2.25055
2.25425
2.25661
2.24727
5.68007
5.46602
5.26505
5.06946
4.86818
4.68004
4.48937
4.29026
4.11577
3.94692
3.77029
3.60379
3.46483
3.32132
3.17556
3.04657
2.92914
2.81204
2.6897
2.58601
2.48888
2.39159
2.29334
2.21157
2.13619
2.05189
1.9842
1.92183
1.8547
1.79098
1.74017
1.69361
1.64206
1.60153
1.56139
1.52153
1.48036
1.44241
1.40461
1.36244
1.31178
1.27724
1.25581
1.23594
1.2246
1.21123
1.18899
1.16258
1.14518
1.12489
1.09228
1.05334
1.0334
1.01774
1.00827
1.00547
0.999799
0.98797
0.973444
0.959266
0.939954
0.916369
0.898219
0.882056
0.86916
0.866327
0.864929
0.859565
0.850923
0.843376
0.835607
0.824753
0.80642
0.787671
0.778141
0.771923
0.768328
0.766
0.762903
0.758764
0.754951
0.749397
0.737909
0.719375
0.709179
0.707289
0.706104
0.704048
0.700423
0.69588
0.690523
0.683303
0.673814
0.661799
0.653467
0.654027
0.655467
0.661333
0.680498
0.724212
0.811958
0.904252
0.999394
1.05598
1.10087
1.13386
1.1418
1.14833
1.15391
1.1647
1.17998
1.2003
1.21744
1.22398
1.2234
1.21846
1.20714
1.18915
1.17966
1.17851
1.17956
1.18822
1.20758
1.22253
1.22734
1.22886
1.22755
1.21793
1.19772
1.18457
1.18398
1.18632
1.19331
1.20783
1.21739
1.21721
1.21534
1.21074
1.20122
1.19422
1.19362
1.19358
1.19473
1.20114
1.22591
1.37863
1.91101
2.43713
2.88571
2.99774
3.00577
3.00608
2.99639
2.98657
2.95875
2.933
2.91205
2.90658
2.91035
2.90558
2.88589
2.86399
2.84424
2.82652
2.81256
2.80321
2.79754
2.78832
2.77548
2.76013
2.74162
2.72176
2.70667
2.69622
2.68504
2.67168
2.65843
2.64563
2.63052
2.61461
2.60239
2.59092
2.57924
2.56714
2.55322
2.53821
2.52317
2.51008
2.49802
2.48549
2.47151
2.45565
2.44068
2.43112
2.42113
2.40916
2.39598
2.3823
2.36834
2.35434
2.34316
2.33527
2.32606
2.31416
2.30329
2.2931
2.28267
2.27151
2.25953
2.24657
2.23255
2.21669
2.20028
2.18547
2.17217
2.16099
2.15176
2.14386
2.13681
2.13068
2.12696
2.12473
2.11771
2.10608
2.088
2.07237
2.06207
2.05411
2.04819
2.04451
2.04073
2.03504
2.02732
2.01497
1.99348
1.96308
1.93355
1.91403
1.90717
1.90969
1.93769
2.03265
2.21642
2.51865
2.84938
3.14769
3.34413
3.49747
3.60206
3.61837
3.61891
3.59548
3.57279
3.56617
3.56817
3.5805
3.56635
3.5463
3.52216
3.48709
3.44142
3.39637
3.36703
3.34944
3.33949
3.33768
3.36219
3.38701
3.3791
3.3653
3.34393
3.30963
3.26501
3.22057
3.18185
3.14946
3.12567
3.11084
3.10208
3.09707
3.09896
3.12361
3.14781
3.14009
3.12212
3.09121
3.03546
2.96847
2.92995
2.91469
2.90492
2.89632
2.8883
2.8834
2.88863
2.89583
2.88946
2.87702
2.85595
2.82214
2.7889
2.76709
2.75296
2.74214
2.7314
2.72149
2.71217
2.70356
2.69544
2.68789
2.67643
2.66152
2.65307
2.64886
2.64163
2.6364
2.6302
2.61845
2.597
2.5609
2.51133
2.47219
2.45276
2.44419
2.44067
2.44847
2.46675
2.47538
2.47349
2.46604
2.44867
2.41943
2.39485
2.37942
2.36799
2.3581
2.35123
2.34365
2.33555
2.32914
2.32204
2.3109
2.29063
2.26523
2.25541
2.2493
2.24388
2.23217
5.70339
5.50188
5.31146
5.11531
4.91942
4.73575
4.54508
4.35845
4.19185
4.02179
3.84218
3.69271
3.5492
3.40255
3.25591
3.13884
3.01614
2.89369
2.77577
2.67446
2.57356
2.46671
2.376
2.29239
2.20951
2.126
2.05884
1.99635
1.92365
1.86405
1.81432
1.76683
1.71612
1.67422
1.62999
1.58216
1.53732
1.49585
1.45476
1.40527
1.3622
1.33348
1.31151
1.29433
1.28047
1.26249
1.24232
1.2142
1.18106
1.14666
1.11497
1.0903
1.07624
1.06603
1.05609
1.04542
1.03551
1.02498
1.00998
0.992166
0.970048
0.937874
0.918775
0.912169
0.904256
0.898209
0.896371
0.891925
0.882151
0.871369
0.859999
0.844891
0.82284
0.806345
0.80336
0.80005
0.795959
0.792733
0.789428
0.784287
0.776738
0.765482
0.747419
0.731626
0.727877
0.727095
0.727798
0.72696
0.723913
0.720223
0.715075
0.705131
0.687546
0.673003
0.669654
0.667465
0.665345
0.665651
0.66778
0.671891
0.684439
0.712352
0.757622
0.834136
0.917303
1.01335
1.06403
1.10393
1.11975
1.13484
1.17082
1.19517
1.20703
1.21546
1.21614
1.20966
1.19048
1.17239
1.17228
1.17685
1.1866
1.20689
1.2231
1.22574
1.22668
1.22653
1.21912
1.19876
1.18245
1.179
1.17998
1.187
1.20312
1.21703
1.21854
1.21634
1.21188
1.20248
1.19071
1.18784
1.18799
1.18976
1.19779
1.24098
1.43203
2.03163
2.65228
2.91784
3.0197
3.01724
3.00477
2.99762
2.98316
2.96106
2.94623
2.92562
2.91401
2.91345
2.90724
2.89218
2.86975
2.8494
2.83257
2.81959
2.80707
2.7945
2.78237
2.7696
2.75698
2.74581
2.73408
2.72077
2.70774
2.69366
2.6771
2.6596
2.64333
2.62744
2.60965
2.59584
2.58612
2.57536
2.56406
2.55519
2.54649
2.53381
2.51887
2.50812
2.49791
2.4855
2.46974
2.45123
2.43288
2.4207
2.41068
2.39908
2.38608
2.37255
2.35838
2.34311
2.32884
2.31942
2.31271
2.30759
2.3
2.29089
2.28143
2.27166
2.26066
2.2469
2.22877
2.2087
2.1909
2.17748
2.16667
2.15708
2.14798
2.138
2.12713
2.11644
2.10849
2.10217
2.09701
2.08978
2.07954
2.06496
2.05359
2.04579
2.04093
2.03849
2.0347
2.02937
2.0224
2.01273
1.99985
1.98071
1.95408
1.92494
1.90199
1.89023
1.88466
1.88417
1.8965
1.94829
2.06413
2.27277
2.57652
2.87977
3.15139
3.33306
3.48722
3.53765
3.5433
3.54135
3.52599
3.52426
3.53393
3.54615
3.53028
3.50789
3.48079
3.44419
3.39316
3.34632
3.32061
3.30903
3.3033
3.31657
3.35732
3.36619
3.35162
3.33101
3.29454
3.24603
3.20194
3.16753
3.13816
3.11313
3.09579
3.08549
3.0791
3.07697
3.08964
3.11583
3.11531
3.09928
3.07196
3.02299
2.95578
2.9107
2.89376
2.88365
2.8755
2.87019
2.87205
2.88604
2.89274
2.88774
2.87591
2.85142
2.80419
2.75935
2.73628
2.72139
2.71031
2.70258
2.69957
2.70608
2.71316
2.70914
2.70006
2.68594
2.66327
2.63976
2.62264
2.61141
2.6005
2.58652
2.56893
2.54726
2.51872
2.4869
2.46345
2.45439
2.4526
2.46272
2.48252
2.48931
2.48288
2.47125
2.45143
2.41893
2.38707
2.36892
2.35589
2.34572
2.33832
2.33461
2.33834
2.33858
2.33381
2.32752
2.31495
2.28774
2.25741
2.2395
2.22976
2.21666
5.73151
5.54025
5.35109
5.15375
4.96626
4.78636
4.60064
4.42929
4.26452
4.08893
3.91804
3.77402
3.62769
3.47271
3.34317
3.22292
3.09967
2.96845
2.86269
2.75647
2.65086
2.54459
2.45699
2.37196
2.28312
2.20563
2.13519
2.06789
1.99429
1.94047
1.88997
1.83592
1.78551
1.73953
1.69315
1.64148
1.59423
1.54869
1.50314
1.45163
1.41945
1.39679
1.37373
1.35493
1.33532
1.30854
1.28132
1.25478
1.22118
1.17891
1.14346
1.12997
1.11856
1.10968
1.10299
1.09052
1.0739
1.05912
1.04127
1.01917
0.995089
0.966558
0.950189
0.944936
0.939969
0.932638
0.926302
0.920596
0.911342
0.899952
0.886706
0.86676
0.841111
0.830338
0.827867
0.824097
0.819415
0.816838
0.814352
0.809895
0.80224
0.788833
0.765856
0.75051
0.747228
0.745713
0.746014
0.746617
0.744664
0.741789
0.736826
0.724676
0.704848
0.693036
0.690428
0.688138
0.684145
0.681519
0.680393
0.679136
0.678695
0.676506
0.67373
0.681295
0.706309
0.766608
0.869064
0.972466
1.06164
1.09836
1.14368
1.1782
1.18587
1.19082
1.18909
1.17634
1.15755
1.15191
1.158
1.17213
1.19646
1.22253
1.22955
1.23015
1.22723
1.21594
1.19479
1.18009
1.17776
1.17803
1.18418
1.20119
1.21664
1.22008
1.21889
1.2142
1.204
1.1891
1.181
1.18078
1.18266
1.1901
1.26955
1.56603
2.12889
2.81269
2.95578
3.02624
3.01599
2.99479
2.98645
2.98232
2.97807
2.95872
2.94089
2.9314
2.91836
2.90188
2.8871
2.86828
2.8535
2.84228
2.83149
2.81886
2.80339
2.78592
2.77057
2.75719
2.74499
2.73445
2.72663
2.71839
2.70682
2.6919
2.67389
2.65259
2.63112
2.61109
2.59282
2.58235
2.57485
2.56521
2.55439
2.54463
2.53399
2.5222
2.51317
2.50533
2.4964
2.48502
2.46997
2.44911
2.42608
2.41099
2.40054
2.38946
2.37721
2.36416
2.35001
2.33501
2.32043
2.30842
2.29985
2.29306
2.28768
2.28098
2.27368
2.26606
2.2571
2.24566
2.22884
2.20428
2.18345
2.17456
2.16727
2.15912
2.14888
2.13615
2.12166
2.10721
2.09418
2.08466
2.07663
2.07011
2.06477
2.05688
2.04819
2.04111
2.03427
2.02673
2.0193
2.01334
2.00821
2.00236
1.99387
1.98223
1.96867
1.95095
1.92557
1.89674
1.87763
1.86712
1.86055
1.858
1.8611
1.88198
1.94413
2.075
2.31853
2.60942
2.92057
3.16115
3.33711
3.4677
3.47116
3.47648
3.48343
3.48536
3.50154
3.50534
3.49525
3.46989
3.43666
3.39291
3.33818
3.30023
3.28526
3.27648
3.27751
3.30952
3.34016
3.33096
3.3112
3.27781
3.23035
3.18615
3.15378
3.12707
3.10187
3.08046
3.06662
3.05792
3.05288
3.05736
3.08058
3.08792
3.07566
3.0528
3.00932
2.94419
2.89633
2.88109
2.87474
2.86961
2.86762
2.87307
2.88809
2.8888
2.877
2.85783
2.82699
2.77798
2.72997
2.70697
2.69814
2.69342
2.69757
2.71511
2.72039
2.71582
2.70713
2.69541
2.67297
2.6371
2.60714
2.58682
2.57292
2.55987
2.54531
2.52931
2.51884
2.50888
2.49524
2.4842
2.48111
2.48358
2.48079
2.47274
2.46377
2.45382
2.44003
2.41934
2.39319
2.36734
2.34954
2.34041
2.33562
2.33373
2.33322
2.33483
2.33357
2.32705
2.31644
2.29904
2.27102
2.2381
2.22065
2.20589
5.75969
5.57248
5.38231
5.19152
5.01501
4.83974
4.66361
4.49853
4.32969
4.14958
3.99406
3.84779
3.69755
3.54881
3.42949
3.30393
3.17236
3.04786
2.94309
2.83566
2.72062
2.62673
2.53804
2.45114
2.36005
2.28627
2.21366
2.13831
2.0694
2.01439
1.96159
1.90181
1.85113
1.80103
1.75059
1.69711
1.64854
1.60228
1.55218
1.50896
1.48317
1.46045
1.43533
1.41254
1.38675
1.35656
1.32
1.28588
1.25278
1.21318
1.18505
1.17596
1.16575
1.15386
1.14573
1.13338
1.11187
1.08931
1.06896
1.04538
1.0164
0.997138
0.988192
0.981254
0.975812
0.969582
0.959313
0.947713
0.93538
0.921893
0.907941
0.889004
0.86735
0.860797
0.858496
0.854302
0.847686
0.841358
0.835522
0.828678
0.81805
0.802653
0.786463
0.776202
0.772557
0.770608
0.769048
0.766885
0.764136
0.760262
0.752431
0.735957
0.717976
0.71324
0.711877
0.710885
0.708802
0.705705
0.702045
0.697195
0.689639
0.679311
0.667966
0.66451
0.665807
0.673025
0.703182
0.761975
0.85936
0.964143
1.06422
1.14643
1.1699
1.17877
1.17008
1.14719
1.1361
1.13892
1.15049
1.17208
1.20007
1.21999
1.22415
1.22299
1.21409
1.19138
1.17417
1.17421
1.17588
1.18154
1.19836
1.21638
1.22034
1.22028
1.21724
1.20711
1.18944
1.17662
1.17471
1.17631
1.18507
1.28169
1.74276
2.34933
2.84994
3.05199
3.03966
3.02057
3.00073
2.97906
2.97443
2.96749
2.9597
2.94902
2.93143
2.91751
2.90153
2.88246
2.86585
2.85349
2.84558
2.83984
2.8306
2.81566
2.79866
2.78012
2.76445
2.7508
2.73863
2.72776
2.71783
2.70951
2.7003
2.68726
2.66924
2.64433
2.61816
2.59864
2.58417
2.57461
2.56771
2.55866
2.54864
2.53815
2.52493
2.511
2.50138
2.49519
2.48924
2.47959
2.46651
2.44903
2.42446
2.40344
2.39105
2.38021
2.36933
2.3576
2.34458
2.33042
2.31536
2.30126
2.29034
2.28176
2.27383
2.26626
2.26024
2.25458
2.24775
2.23879
2.22524
2.20214
2.18222
2.17438
2.16821
2.16097
2.15108
2.13867
2.12256
2.10307
2.08551
2.0714
2.0608
2.05304
2.04717
2.04605
2.04494
2.03809
2.02899
2.01887
2.00878
1.99917
1.99157
1.98575
1.98087
1.97548
1.96847
1.95992
1.94744
1.92513
1.89071
1.86291
1.84859
1.83867
1.83237
1.82762
1.82754
1.83799
1.87455
1.9535
2.11031
2.38367
2.6823
2.97949
3.17046
3.3355
3.39867
3.41291
3.44203
3.44943
3.4563
3.45206
3.4441
3.42227
3.38705
3.34389
3.29461
3.2646
3.25244
3.24546
3.2607
3.30101
3.30682
3.29109
3.26464
3.22066
3.17411
3.14012
3.11411
3.0887
3.06405
3.04613
3.03599
3.02958
3.02958
3.04927
3.06348
3.05428
3.03426
2.9975
2.93927
2.89147
2.87606
2.86966
2.86387
2.85899
2.85406
2.85501
2.85499
2.84601
2.82865
2.80354
2.76503
2.72159
2.70078
2.69489
2.69169
2.68937
2.69919
2.71015
2.70391
2.69111
2.67347
2.64406
2.60292
2.57229
2.55318
2.53958
2.52869
2.52362
2.52314
2.52607
2.52525
2.51937
2.50618
2.48571
2.46658
2.45328
2.44212
2.43149
2.42145
2.41101
2.39818
2.38279
2.3626
2.3444
2.33696
2.33199
2.32838
2.32447
2.31839
2.30961
2.3018
2.29227
2.27746
2.25285
2.22329
2.20004
5.78112
5.59612
5.41089
5.23372
5.06674
4.89381
4.72301
4.55678
4.38152
4.21175
4.06625
3.91983
3.76566
3.63393
3.50984
3.38117
3.23937
3.12752
3.01844
2.9076
2.79466
2.70906
2.62039
2.52606
2.44243
2.36565
2.29103
2.20885
2.1468
2.08685
2.02749
1.96448
1.91244
1.85978
1.80424
1.75074
1.70181
1.65674
1.60648
1.57548
1.54951
1.52368
1.49558
1.4673
1.43359
1.39772
1.35905
1.32026
1.28506
1.24948
1.23595
1.2266
1.21403
1.19882
1.18516
1.16894
1.1488
1.12283
1.09659
1.07002
1.0417
1.03073
1.02553
1.01803
1.01079
1.00431
0.993271
0.978198
0.963081
0.944801
0.923718
0.903823
0.890108
0.886708
0.885862
0.883491
0.878146
0.870776
0.861976
0.850155
0.830524
0.810324
0.805071
0.800896
0.796258
0.794037
0.791935
0.789172
0.78569
0.779823
0.767728
0.746328
0.733572
0.731156
0.729619
0.728755
0.728385
0.726807
0.724927
0.721622
0.713655
0.695331
0.67315
0.667943
0.667708
0.67036
0.676299
0.686029
0.710694
0.760242
0.824929
0.913973
0.993565
1.06126
1.10322
1.12492
1.13862
1.14739
1.1623
1.18062
1.1925
1.19897
1.19723
1.1916
1.18279
1.16856
1.16894
1.17488
1.18249
1.19641
1.2147
1.21708
1.21607
1.21447
1.20747
1.18909
1.17332
1.16862
1.16973
1.18756
1.31692
1.80174
2.56387
2.90378
3.06609
3.05971
3.04036
3.0092
2.98887
2.9774
2.98246
2.97089
2.95221
2.93678
2.91798
2.89608
2.88226
2.86632
2.84869
2.83902
2.83481
2.83124
2.8239
2.81177
2.79723
2.78203
2.76627
2.75073
2.73442
2.71919
2.70425
2.69352
2.68365
2.6735
2.65775
2.63094
2.60831
2.59307
2.57915
2.57128
2.56405
2.55386
2.54272
2.52991
2.51501
2.50166
2.48998
2.47924
2.47064
2.46392
2.45562
2.44316
2.42459
2.40173
2.38303
2.3716
2.36223
2.35206
2.34074
2.32815
2.31356
2.29783
2.28373
2.27243
2.26326
2.25539
2.24882
2.24206
2.23418
2.22598
2.21566
2.19644
2.1769
2.16879
2.16366
2.15749
2.14905
2.13882
2.12579
2.10714
2.08389
2.06463
2.0512
2.04077
2.03323
2.02895
2.03196
2.0311
2.02278
2.01226
2.00022
1.98869
1.9791
1.97223
1.96701
1.96396
1.96181
1.95697
1.94906
1.93719
1.91457
1.87724
1.84442
1.82844
1.81804
1.8099
1.80386
1.80003
1.80525
1.82469
1.8456
1.88628
1.98452
2.18056
2.45694
2.73575
2.96112
3.13946
3.31091
3.35785
3.39576
3.40247
3.40178
3.39362
3.38875
3.37428
3.34186
3.29819
3.25168
3.22949
3.21812
3.22036
3.25889
3.2848
3.27331
3.25262
3.21293
3.16212
3.12352
3.09732
3.07313
3.04801
3.02711
3.01537
3.00839
3.00515
3.01684
3.03662
3.03273
3.01967
2.99098
2.93882
2.88679
2.8639
2.85424
2.84555
2.83743
2.83012
2.8268
2.82652
2.82051
2.81027
2.7968
2.77066
2.72837
2.6958
2.68376
2.67792
2.67266
2.67138
2.67656
2.6723
2.66013
2.64132
2.61136
2.57087
2.5411
2.52827
2.52395
2.52397
2.53361
2.54346
2.54427
2.5375
2.52078
2.48648
2.45401
2.43543
2.42328
2.41333
2.40711
2.40453
2.40107
2.39461
2.38255
2.36051
2.33713
2.32096
2.31038
2.30387
2.29969
2.29451
2.28744
2.28011
2.27232
2.26063
2.24147
2.21067
5.79884
5.61758
5.44308
5.27987
5.11541
4.94139
4.77154
4.60203
4.42921
4.27968
4.13679
3.98923
3.84181
3.71547
3.58396
3.4453
3.3117
3.20294
3.09297
2.97377
2.8762
2.78964
2.69988
2.60003
2.52237
2.44337
2.36153
2.28249
2.22
2.15654
2.08855
2.02662
1.97071
1.91648
1.85706
1.80521
1.75744
1.71349
1.67045
1.64391
1.61508
1.58334
1.54981
1.51529
1.47689
1.43593
1.39535
1.35701
1.32245
1.29623
1.28767
1.27683
1.26207
1.24501
1.22511
1.20063
1.1747
1.14997
1.12419
1.09855
1.07605
1.06918
1.06381
1.05497
1.0433
1.03369
1.02258
1.00698
0.990646
0.973393
0.950089
0.926684
0.917863
0.913515
0.909682
0.907657
0.904208
0.89809
0.888678
0.872115
0.84561
0.830038
0.827598
0.825948
0.82179
0.817928
0.814529
0.810373
0.804689
0.794646
0.778768
0.76335
0.755074
0.752151
0.750331
0.748378
0.746176
0.743906
0.741804
0.738553
0.729914
0.712153
0.695512
0.688949
0.685852
0.684501
0.68409
0.685885
0.6895
0.692147
0.698477
0.717809
0.757559
0.818586
0.909421
0.999643
1.07316
1.11813
1.16511
1.18743
1.19514
1.1943
1.18581
1.17137
1.16004
1.15905
1.16683
1.17709
1.19112
1.21148
1.21725
1.21449
1.21174
1.20674
1.18928
1.16895
1.16232
1.16295
1.19441
1.40697
1.90221
2.67519
2.9687
3.06569
3.07221
3.03374
2.99932
2.99416
2.98731
2.98568
2.98381
2.97765
2.9497
2.92642
2.90684
2.88266
2.86666
2.8527
2.83891
2.82753
2.81886
2.81465
2.81361
2.80763
2.79541
2.77999
2.76184
2.74349
2.72735
2.71189
2.69642
2.67992
2.66509
2.65156
2.63632
2.61961
2.60797
2.59771
2.5875
2.57693
2.56433
2.55021
2.53557
2.52037
2.50582
2.49313
2.48114
2.46919
2.45632
2.44447
2.43538
2.42681
2.41628
2.4005
2.38089
2.36335
2.3522
2.34351
2.33423
2.3234
2.31083
2.2963
2.28112
2.26671
2.25533
2.24708
2.24027
2.23265
2.22388
2.21385
2.20129
2.18502
2.1681
2.15807
2.1527
2.14873
2.14207
2.13311
2.12273
2.1099
2.09188
2.06949
2.04913
2.03436
2.02354
2.01489
2.00817
2.00576
2.00571
2.00087
1.99263
1.9808
1.97037
1.96319
1.95796
1.95434
1.95147
1.94715
1.9413
1.9328
1.91909
1.89638
1.85984
1.82614
1.80927
1.79945
1.793
1.78779
1.78413
1.79
1.80769
1.82274
1.82659
1.83627
1.88489
2.00207
2.21423
2.45236
2.71229
2.94331
3.14791
3.28343
3.31597
3.34158
3.34508
3.33786
3.33508
3.32589
3.29396
3.24578
3.20809
3.19532
3.19056
3.2217
3.26374
3.25614
3.23899
3.20235
3.14774
3.10408
3.07811
3.05642
3.03283
3.01
2.99537
2.9886
2.98519
2.99293
3.0169
3.01585
3.00352
2.97736
2.92718
2.87225
2.8447
2.83178
2.82096
2.81301
2.81037
2.81881
2.81944
2.8138
2.80632
2.7926
2.76455
2.72108
2.6821
2.66214
2.6513
2.64486
2.64201
2.64049
2.63593
2.62615
2.61041
2.58598
2.55655
2.54099
2.53645
2.53701
2.54841
2.55411
2.54749
2.53611
2.51736
2.48723
2.45006
2.42306
2.40927
2.40245
2.39893
2.40051
2.40166
2.3965
2.38804
2.37125
2.34106
2.31242
2.29855
2.29125
2.28418
2.27997
2.27874
2.27451
2.2696
2.2646
2.2583
2.23425
5.81465
5.64144
5.47841
5.32044
5.15269
4.97972
4.81229
4.64329
4.48567
4.34847
4.20703
4.05507
3.91692
3.78442
3.64924
3.50424
3.38814
3.27623
3.16481
3.04531
2.95792
2.86803
2.77018
2.67491
2.59688
2.51682
2.42572
2.35567
2.28873
2.22196
2.148
2.08909
2.03023
1.97211
1.91105
1.86259
1.81797
1.77364
1.73879
1.7096
1.6771
1.63936
1.59963
1.55773
1.51676
1.47235
1.43153
1.39911
1.37071
1.3511
1.33997
1.32515
1.30579
1.28531
1.26166
1.23502
1.20574
1.17484
1.14805
1.12664
1.11431
1.10939
1.10227
1.09337
1.08104
1.06354
1.04609
1.02888
1.00996
0.993028
0.976318
0.959937
0.951881
0.946933
0.94067
0.933246
0.927446
0.920402
0.909859
0.890153
0.863409
0.85316
0.850661
0.849364
0.846605
0.842404
0.838618
0.833737
0.824702
0.805948
0.784681
0.779429
0.776413
0.772487
0.770109
0.768059
0.765359
0.762725
0.759144
0.752611
0.738828
0.71965
0.712264
0.709453
0.707315
0.705974
0.704098
0.701263
0.698276
0.696088
0.690954
0.682908
0.683567
0.693221
0.732116
0.801196
0.896924
0.994244
1.08061
1.1542
1.1765
1.18551
1.18654
1.1713
1.15636
1.15896
1.16383
1.17905
1.19989
1.21141
1.21254
1.21068
1.20625
1.19065
1.16687
1.15977
1.16054
1.20048
1.50342
2.11883
2.68784
3.07567
3.07878
3.04967
3.02929
2.99331
2.97925
2.98751
2.99015
2.98997
2.98449
2.97297
2.94773
2.91929
2.89202
2.8678
2.85376
2.8426
2.83487
2.82791
2.81804
2.8083
2.80079
2.79054
2.77809
2.76472
2.75052
2.73495
2.72083
2.70776
2.69132
2.66898
2.64435
2.62393
2.6127
2.60577
2.60061
2.59664
2.59077
2.57876
2.56346
2.54548
2.52677
2.51115
2.49901
2.4873
2.47532
2.46212
2.4472
2.43149
2.41899
2.4093
2.40026
2.39104
2.37828
2.36082
2.34334
2.33165
2.32303
2.31438
2.30398
2.29189
2.27828
2.26318
2.25082
2.24181
2.23356
2.22516
2.21597
2.2048
2.19065
2.17415
2.15899
2.1472
2.13755
2.13062
2.12691
2.12222
2.11488
2.10508
2.094
2.08001
2.0617
2.04085
2.02182
2.00708
1.99453
1.98549
1.98111
1.97941
1.97751
1.97189
1.96399
1.95692
1.9516
1.94766
1.94256
1.93482
1.926
1.91806
1.91027
1.89675
1.8752
1.84334
1.81177
1.79425
1.7859
1.78077
1.77731
1.77713
1.7795
1.78674
1.79899
1.8047
1.80108
1.79533
1.80718
1.85918
1.98041
2.18248
2.42818
2.70358
2.94103
3.16599
3.22592
3.26182
3.28213
3.28143
3.27989
3.27225
3.23869
3.19314
3.17164
3.16513
3.18925
3.24209
3.23921
3.22277
3.19045
3.13627
3.08614
3.05807
3.03819
3.01595
2.99266
2.97713
2.97006
2.96634
2.96915
2.99063
2.9936
2.98148
2.95653
2.9094
2.85198
2.82042
2.80945
2.80376
2.80046
2.79914
2.80456
2.80645
2.79921
2.78931
2.77491
2.74833
2.70166
2.65583
2.63643
2.62504
2.61545
2.60867
2.60808
2.61215
2.60694
2.59896
2.59019
2.57571
2.55768
2.54976
2.54477
2.53605
2.52489
2.51271
2.49896
2.48051
2.45773
2.43132
2.41006
2.40105
2.3965
2.39244
2.39178
2.39157
2.38332
2.36823
2.34527
2.31741
2.29672
2.28528
2.27853
2.27437
2.27234
2.27478
2.27527
2.27249
2.27064
2.24989
5.83264
5.66874
5.51209
5.35289
5.18382
5.01543
4.85217
4.69223
4.54951
4.41087
4.26539
4.11767
3.98216
3.84392
3.70319
3.57265
3.46243
3.35007
3.23043
3.12447
3.03417
2.94091
2.83472
2.74752
2.66701
2.58173
2.49011
2.42361
2.35512
2.28115
2.21102
2.1515
2.0923
2.0277
1.971
1.92377
1.88165
1.83807
1.80636
1.771
1.73216
1.68756
1.64338
1.59838
1.55521
1.50904
1.47295
1.44673
1.4234
1.40834
1.39327
1.37328
1.34698
1.31973
1.29266
1.26562
1.2352
1.20588
1.18414
1.16567
1.15355
1.14675
1.13649
1.12378
1.11229
1.0957
1.07676
1.05972
1.03684
1.00832
0.994553
0.988309
0.98243
0.977155
0.971872
0.964278
0.954765
0.943457
0.925587
0.903115
0.885194
0.877893
0.87494
0.873491
0.871106
0.866801
0.861924
0.855343
0.842227
0.818163
0.801786
0.799557
0.798156
0.794281
0.790459
0.787803
0.7848
0.781409
0.776416
0.765915
0.750703
0.738341
0.732121
0.729378
0.7272
0.724933
0.722965
0.720351
0.715429
0.707932
0.697786
0.686136
0.684083
0.684106
0.687432
0.699746
0.735811
0.809466
0.886167
0.969047
1.02963
1.08241
1.11644
1.13282
1.14003
1.14676
1.16079
1.1817
1.19577
1.20198
1.20466
1.20337
1.19106
1.16676
1.15615
1.15955
1.22038
1.53974
2.31491
2.77571
3.04545
3.09294
3.07583
3.02513
2.9949
2.98238
2.97328
2.98738
2.99776
2.99249
2.97927
2.96215
2.93902
2.90893
2.87716
2.85896
2.85024
2.84349
2.84316
2.8403
2.82951
2.81359
2.79248
2.76913
2.75182
2.73974
2.73151
2.72759
2.71977
2.70697
2.68854
2.6593
2.62488
2.60124
2.58929
2.58105
2.58094
2.59091
2.58676
2.5736
2.55685
2.53552
2.51447
2.50208
2.49284
2.48349
2.47295
2.45947
2.44235
2.42275
2.4069
2.3962
2.38659
2.37826
2.36924
2.35698
2.34016
2.32279
2.3095
2.29971
2.29113
2.2821
2.2705
2.25765
2.24712
2.2373
2.22831
2.21984
2.21034
2.19791
2.18237
2.16617
2.15239
2.14037
2.12894
2.11772
2.10869
2.10328
2.09927
2.09531
2.08804
2.07986
2.06968
2.05535
2.0349
2.01004
1.98832
1.97231
1.96154
1.95686
1.95549
1.95979
1.95801
1.95238
1.94731
1.94178
1.93465
1.92582
1.9154
1.90351
1.89229
1.88411
1.8735
1.85685
1.83473
1.81001
1.78984
1.77872
1.77319
1.76957
1.76642
1.76396
1.76506
1.7732
1.7842
1.78165
1.77848
1.76569
1.74268
1.75107
1.80656
1.952
2.16197
2.44107
2.71574
2.9811
3.09917
3.15154
3.20188
3.21937
3.22039
3.21346
3.17517
3.14658
3.13803
3.15467
3.21567
3.22737
3.21036
3.18295
3.13124
3.07207
3.03553
3.01515
2.99597
2.97469
2.95855
2.95073
2.94644
2.94661
2.96244
2.96704
2.95639
2.93445
2.8922
2.83715
2.80579
2.79603
2.78915
2.78615
2.78778
2.7879
2.78396
2.77698
2.76738
2.75211
2.72436
2.68012
2.63552
2.61118
2.59931
2.59296
2.59014
2.59814
2.61317
2.61705
2.61288
2.60395
2.58465
2.5546
2.53179
2.51727
2.50485
2.49207
2.47834
2.46743
2.45819
2.447
2.42982
2.40813
2.39279
2.38494
2.37838
2.37027
2.36225
2.35341
2.34187
2.32731
2.31003
2.29283
2.2826
2.27732
2.27493
2.27606
2.27813
2.27509
2.26952
2.24573
5.85161
5.69504
5.53958
5.37907
5.2144
5.0543
4.89769
4.74758
4.60638
4.46135
4.31197
4.17522
4.03857
3.90089
3.75961
3.64538
3.53199
3.4186
3.29655
3.20195
3.10477
3.0064
2.90006
2.81639
2.73283
2.63909
2.55505
2.48796
2.41901
2.33936
2.27691
2.21587
2.15513
2.08507
2.0357
1.9892
1.94578
1.90322
1.86878
1.82742
1.78178
1.73094
1.68231
1.63809
1.59218
1.55098
1.52314
1.50177
1.4792
1.4622
1.44182
1.41656
1.3851
1.35346
1.32316
1.29599
1.26465
1.23782
1.22185
1.20855
1.19715
1.18693
1.17473
1.1543
1.13239
1.11705
1.10216
1.08649
1.06704
1.04117
1.02249
1.01633
1.01141
1.00421
0.998519
0.992604
0.982989
0.967858
0.94154
0.918052
0.91047
0.904753
0.900442
0.898479
0.896272
0.89166
0.884475
0.873447
0.853699
0.829309
0.821628
0.820393
0.819742
0.817085
0.812734
0.808802
0.804731
0.798928
0.789053
0.772841
0.760124
0.756092
0.751869
0.748219
0.746364
0.744724
0.742154
0.739323
0.73474
0.723416
0.707925
0.696063
0.690845
0.689958
0.691173
0.694875
0.699553
0.708547
0.726487
0.756829
0.807237
0.867102
0.941938
1.01384
1.07874
1.10368
1.13897
1.18294
1.20354
1.21046
1.20982
1.19762
1.16986
1.15186
1.15644
1.2619
1.65682
2.3743
2.87137
3.02389
3.10524
3.08488
3.02247
2.97965
2.97146
2.97101
2.97699
2.99287
2.98676
2.97379
2.95622
2.93906
2.91798
2.88645
2.86126
2.85219
2.84704
2.84429
2.85152
2.85375
2.84042
2.81415
2.77631
2.74136
2.72403
2.71335
2.70837
2.71623
2.71672
2.70225
2.6831
2.65147
2.61141
2.5881
2.57504
2.56628
2.56479
2.56839
2.56516
2.55506
2.54136
2.52045
2.49943
2.48962
2.48245
2.47568
2.46694
2.45468
2.43893
2.41912
2.39859
2.38564
2.37568
2.36684
2.35881
2.34881
2.33617
2.31935
2.30107
2.28765
2.27803
2.2683
2.25761
2.24828
2.23937
2.22997
2.22142
2.2137
2.20321
2.18945
2.17439
2.16134
2.1501
2.13882
2.12552
2.11054
2.09749
2.0878
2.08181
2.07764
2.07663
2.07373
2.06701
2.05817
2.04569
2.02603
1.99717
1.96872
1.95003
1.9394
1.93561
1.93585
1.9436
1.94692
1.94181
1.93536
1.92797
1.91875
1.90729
1.89422
1.87981
1.86625
1.85942
1.85329
1.84277
1.82892
1.8105
1.78913
1.77199
1.76281
1.75676
1.75139
1.74704
1.74544
1.7513
1.76348
1.76665
1.75867
1.74946
1.72781
1.6873
1.67934
1.70367
1.78607
1.94145
2.17129
2.4521
2.72835
2.91742
3.00713
3.09393
3.14584
3.15753
3.14454
3.11262
3.10732
3.11718
3.17354
3.21414
3.2028
3.17585
3.12948
3.0609
3.01161
2.98854
2.97192
2.95415
2.93994
2.93201
2.92734
2.9262
2.9378
2.94146
2.93386
2.91823
2.88555
2.83455
2.79386
2.77777
2.77098
2.76708
2.76646
2.76639
2.76264
2.75506
2.74389
2.72821
2.70232
2.66132
2.61782
2.59761
2.59086
2.58717
2.59379
2.61365
2.62179
2.61981
2.61326
2.59887
2.56421
2.52318
2.50049
2.4862
2.47408
2.46591
2.46154
2.45863
2.453
2.44361
2.42478
2.39712
2.37697
2.36509
2.35452
2.34666
2.34261
2.33844
2.33269
2.3256
2.31449
2.29571
2.28163
2.27769
2.27336
2.26597
2.25728
2.24928
2.22979
5.86861
5.71711
5.56194
5.40388
5.24802
5.09707
4.94756
4.79927
4.64978
4.49938
4.35944
4.22822
4.09452
3.95625
3.82795
3.71229
3.59642
3.47523
3.36845
3.27192
3.17241
3.06557
2.96745
2.88003
2.7931
2.69442
2.61956
2.55206
2.47997
2.40321
2.34365
2.28261
2.21401
2.14871
2.10124
2.0552
2.00723
1.96639
1.92456
1.87753
1.82457
1.7722
1.72262
1.6796
1.63164
1.60163
1.57894
1.55789
1.53488
1.5133
1.48568
1.45239
1.4165
1.38553
1.35718
1.32671
1.30017
1.28029
1.26498
1.25115
1.23944
1.22365
1.20536
1.18561
1.16284
1.1434
1.12703
1.1071
1.08717
1.07115
1.05922
1.05147
1.044
1.03417
1.02373
1.01478
1.00315
0.98427
0.956701
0.940607
0.93677
0.932423
0.926655
0.923031
0.920866
0.91645
0.908085
0.892507
0.86472
0.844884
0.841522
0.840229
0.840556
0.83944
0.835594
0.830956
0.825715
0.817588
0.800777
0.78017
0.773819
0.772686
0.770207
0.765781
0.763168
0.761784
0.759446
0.755775
0.748954
0.735269
0.724199
0.719103
0.714293
0.709305
0.706591
0.705144
0.703739
0.704757
0.703949
0.697951
0.699003
0.709863
0.752366
0.827703
0.92735
1.02207
1.10595
1.16086
1.19102
1.19417
1.19291
1.17217
1.14858
1.15783
1.30173
1.824
2.44534
2.92942
3.12038
3.11395
3.08473
3.0254
2.96766
2.95659
2.95837
2.97773
2.99472
2.99108
2.96676
2.94167
2.92301
2.90287
2.88422
2.86602
2.8495
2.83753
2.8343
2.84626
2.85955
2.85153
2.83235
2.80619
2.76127
2.72223
2.70632
2.69799
2.69468
2.70348
2.70446
2.69056
2.67211
2.6445
2.60845
2.58304
2.56859
2.55999
2.55756
2.55515
2.54438
2.53306
2.52149
2.50685
2.48991
2.4803
2.47289
2.46417
2.45494
2.44342
2.42926
2.41307
2.39479
2.37888
2.3677
2.35794
2.34898
2.33987
2.32965
2.31679
2.29871
2.27998
2.26829
2.25781
2.24741
2.23835
2.22898
2.21915
2.20957
2.19929
2.18696
2.17412
2.16419
2.15547
2.14724
2.13878
2.12826
2.11271
2.09228
2.07654
2.06687
2.06099
2.05678
2.05743
2.05956
2.05362
2.04526
2.03444
2.01656
1.9853
1.94985
1.93015
1.92104
1.91666
1.91482
1.9201
1.92779
1.92683
1.92083
1.91368
1.90351
1.88941
1.87256
1.85643
1.84516
1.84002
1.83691
1.83044
1.82078
1.80664
1.78611
1.7633
1.74887
1.74088
1.73524
1.73064
1.72781
1.73145
1.74299
1.74874
1.74298
1.73143
1.71244
1.67679
1.64541
1.64033
1.64917
1.68452
1.77692
1.93564
2.17141
2.43516
2.66879
2.82267
2.94866
3.05829
3.08602
3.06234
3.05755
3.07411
3.12444
3.17623
3.18054
3.16484
3.12353
3.05573
2.9913
2.9613
2.94619
2.93299
2.92191
2.9151
2.91124
2.91063
2.92312
2.9276
2.92009
2.90416
2.87554
2.82999
2.78401
2.75915
2.74823
2.74184
2.74308
2.74814
2.7437
2.7362
2.72591
2.71088
2.68618
2.65027
2.61671
2.60232
2.5981
2.59753
2.59863
2.61223
2.61733
2.6097
2.59447
2.56743
2.52707
2.49151
2.47402
2.46582
2.46057
2.45723
2.45537
2.45046
2.44361
2.43117
2.40616
2.37426
2.35396
2.34429
2.33941
2.33614
2.33597
2.33811
2.33456
2.32716
2.31192
2.28685
2.2667
2.25468
2.24571
2.23853
2.23081
2.21495
5.88173
5.73359
5.58094
5.42998
5.28396
5.1381
4.99011
4.84026
4.68578
4.53771
4.4089
4.28183
4.15193
4.01621
3.89393
3.7721
3.65212
3.53526
3.43961
3.33738
3.23637
3.12444
3.03146
2.93886
2.84734
2.75282
2.68525
2.61736
2.54094
2.47116
2.40993
2.34726
2.27051
2.21453
2.16564
2.11805
2.06541
2.02289
1.97391
1.92256
1.8647
1.8131
1.76641
1.72339
1.68106
1.65898
1.63634
1.61212
1.58637
1.55814
1.52444
1.48518
1.4474
1.4165
1.39101
1.36209
1.33986
1.32456
1.31053
1.2938
1.27771
1.25873
1.2325
1.20838
1.19134
1.17377
1.15628
1.13702
1.11466
1.09856
1.09098
1.0838
1.07575
1.06636
1.05441
1.0404
1.02257
0.995888
0.973537
0.967736
0.963927
0.959532
0.953932
0.948439
0.944013
0.938437
0.926976
0.905546
0.879156
0.867248
0.864281
0.86243
0.861858
0.860674
0.857207
0.85197
0.844303
0.830962
0.809163
0.795221
0.79274
0.791669
0.790745
0.787274
0.783598
0.780593
0.776596
0.769128
0.756301
0.74238
0.738269
0.737016
0.734171
0.730553
0.727688
0.724563
0.720416
0.714301
0.707771
0.69766
0.688033
0.687134
0.690515
0.706448
0.749158
0.831624
0.921375
1.00122
1.07179
1.11452
1.13041
1.12114
1.16238
1.37488
1.94139
2.5831
2.9703
3.09776
3.08849
3.06765
3.02618
2.97645
2.96592
2.97201
2.99232
3.00943
3.00448
2.981
2.94988
2.9181
2.89481
2.87632
2.86413
2.85463
2.84242
2.83423
2.83321
2.83533
2.83842
2.82876
2.81123
2.78892
2.76015
2.72461
2.69989
2.69065
2.68874
2.69084
2.6828
2.67071
2.65541
2.63476
2.61367
2.59645
2.58455
2.57241
2.55744
2.54306
2.52969
2.51754
2.50815
2.49806
2.48891
2.47877
2.46691
2.45335
2.43748
2.42311
2.41214
2.40096
2.38751
2.37482
2.36416
2.35397
2.34352
2.33295
2.32277
2.31168
2.29765
2.27963
2.26387
2.2524
2.24208
2.23191
2.2215
2.21096
2.19998
2.1865
2.17032
2.15786
2.15074
2.14456
2.13932
2.13361
2.12598
2.11527
2.09726
2.07233
2.05543
2.04593
2.04018
2.03643
2.03922
2.04513
2.04046
2.03262
2.02271
2.0056
1.97307
1.93396
1.91301
1.90344
1.89796
1.89501
1.89771
1.90723
1.91178
1.90719
1.89954
1.88964
1.87438
1.85468
1.83873
1.82966
1.82427
1.82156
1.81681
1.8091
1.79785
1.77949
1.75388
1.73428
1.72447
1.71836
1.71394
1.71066
1.71222
1.72315
1.73065
1.7263
1.71648
1.69813
1.66389
1.63119
1.6202
1.61617
1.61781
1.62999
1.67491
1.76915
1.92428
2.14647
2.37026
2.59028
2.75384
2.92337
2.97786
2.98322
3.00794
3.05226
3.11582
3.13711
3.13302
3.11011
3.05236
2.97875
2.94007
2.92293
2.91251
2.90497
2.90019
2.89904
2.8994
2.89973
2.89895
2.89509
2.88509
2.86274
2.82164
2.77156
2.74044
2.72856
2.72053
2.71476
2.72146
2.72903
2.72499
2.71661
2.70494
2.68611
2.65777
2.62433
2.60215
2.59375
2.58857
2.58274
2.57981
2.57717
2.56991
2.55586
2.5311
2.50226
2.47995
2.46821
2.46088
2.45419
2.44705
2.44011
2.43345
2.42455
2.40915
2.38465
2.35803
2.3453
2.34047
2.33787
2.34291
2.34674
2.3411
2.33111
2.31522
2.28881
2.25852
2.24055
2.22964
2.22072
2.21363
2.20746
5.89257
5.7467
5.59999
5.45739
5.31654
5.17315
5.0253
4.87428
4.72422
4.58693
4.45841
4.3332
4.20397
4.07613
3.94899
3.82594
3.70528
3.60474
3.50446
3.40188
3.28983
3.18475
3.08825
2.99604
2.89879
2.81998
2.75228
2.68311
2.60386
2.53767
2.47304
2.40478
2.32958
2.27839
2.22808
2.17412
2.12017
2.07217
2.01917
1.96262
1.9066
1.85805
1.81596
1.77154
1.74023
1.71772
1.69207
1.66232
1.63145
1.5956
1.55725
1.51504
1.48118
1.45243
1.42651
1.40016
1.3848
1.36961
1.35475
1.33739
1.314
1.28729
1.26072
1.23664
1.21937
1.20371
1.18447
1.16471
1.14755
1.13263
1.12277
1.11427
1.1043
1.09412
1.0817
1.06461
1.04069
1.01109
0.99842
0.995077
0.991338
0.987017
0.981809
0.975667
0.968641
0.959343
0.940753
0.912472
0.898306
0.892757
0.888929
0.886402
0.884868
0.882696
0.878973
0.872568
0.860867
0.839384
0.817774
0.812132
0.809849
0.808356
0.808652
0.807106
0.803363
0.799584
0.794011
0.781518
0.762172
0.754139
0.752924
0.752394
0.750368
0.747527
0.745652
0.743475
0.740558
0.734535
0.721314
0.70405
0.692172
0.6902
0.69044
0.692808
0.698205
0.71299
0.741924
0.795537
0.862981
0.949773
1.01996
1.1012
1.43621
2.05614
2.635
2.98467
3.14059
3.15424
3.12186
3.05956
2.97487
2.95127
2.95949
2.98383
3.01162
3.01382
2.99922
2.97011
2.93141
2.89036
2.87061
2.86672
2.86199
2.85739
2.85495
2.84749
2.8365
2.82202
2.80429
2.78587
2.77088
2.761
2.75147
2.73915
2.72241
2.7081
2.69326
2.67513
2.66016
2.64662
2.6326
2.6219
2.61077
2.60326
2.59929
2.58754
2.5665
2.53845
2.51802
2.50708
2.49869
2.49555
2.49044
2.47974
2.46593
2.44699
2.42347
2.40213
2.38923
2.38114
2.3734
2.36556
2.3581
2.34912
2.33782
2.32565
2.31461
2.30375
2.2918
2.27895
2.26617
2.25402
2.24205
2.22995
2.21799
2.206
2.19241
2.17471
2.15612
2.14516
2.13761
2.13181
2.12822
2.12402
2.11774
2.10927
2.09677
2.07597
2.05056
2.03493
2.02567
2.02018
2.0171
2.02066
2.02982
2.02771
2.01895
2.00933
1.99354
1.96278
1.92267
1.89721
1.88549
1.87863
1.87496
1.87417
1.88008
1.8892
1.89118
1.8848
1.87496
1.86212
1.84461
1.82708
1.81612
1.81005
1.80654
1.80279
1.79564
1.78574
1.76941
1.74292
1.7192
1.70752
1.70071
1.69641
1.6929
1.69339
1.70409
1.71366
1.71024
1.70159
1.68554
1.65197
1.6177
1.60483
1.59986
1.59669
1.59541
1.60317
1.6281
1.67193
1.74671
1.89315
2.07701
2.30041
2.50396
2.71055
2.82903
2.88038
2.94575
3.02031
3.07468
3.08089
3.07646
3.03904
2.9749
2.92316
2.89765
2.89259
2.89402
2.88838
2.88493
2.88718
2.88362
2.87689
2.8704
2.86077
2.84097
2.80841
2.76621
2.72933
2.71066
2.70374
2.69923
2.70412
2.71879
2.72135
2.71614
2.70654
2.68882
2.65644
2.61765
2.59097
2.57596
2.56358
2.55291
2.54588
2.54071
2.53402
2.52556
2.51422
2.49753
2.4768
2.4618
2.4519
2.44279
2.43287
2.42228
2.41348
2.40549
2.39512
2.37999
2.36012
2.34435
2.33782
2.33162
2.32534
2.3206
2.31487
2.30478
2.28551
2.25874
2.23261
2.21743
2.209
2.20486
2.20393
5.90451
5.76138
5.62176
5.48474
5.34441
5.20103
5.05546
4.90957
4.77072
4.63899
4.5074
4.37567
4.24968
4.12626
4.00173
3.87831
3.76964
3.67131
3.56556
3.45647
3.34031
3.24138
3.1431
3.05218
2.96013
2.89204
2.81958
2.74543
2.66536
2.59838
2.53127
2.45719
2.39173
2.33958
2.28686
2.22491
2.17039
2.11657
2.06282
2.00218
1.95279
1.90831
1.86996
1.82751
1.8018
1.77398
1.74353
1.70711
1.66965
1.62859
1.58802
1.54646
1.51671
1.49162
1.46624
1.44492
1.43089
1.41378
1.39299
1.37134
1.34506
1.31545
1.28926
1.2695
1.25124
1.23347
1.21411
1.1948
1.18019
1.16836
1.15744
1.14598
1.13279
1.11907
1.1046
1.08539
1.0576
1.03289
1.02685
1.02313
1.0186
1.01401
1.00904
1.00252
0.992926
0.976513
0.947686
0.925127
0.921022
0.918334
0.9142
0.910388
0.907556
0.904744
0.90053
0.892258
0.873921
0.848769
0.837417
0.833621
0.830591
0.828505
0.827493
0.825839
0.822015
0.816611
0.808197
0.790554
0.774804
0.771896
0.770983
0.769832
0.766957
0.764109
0.762232
0.759828
0.756399
0.749362
0.733626
0.716948
0.708622
0.703475
0.700901
0.700701
0.701287
0.704045
0.706441
0.710907
0.724131
0.766674
0.828817
1.15033
1.88346
2.45938
2.80915
2.99808
3.09977
3.09494
3.05719
2.97888
2.93257
2.93117
2.9479
2.98807
3.01249
3.0046
2.98617
2.95071
2.89719
2.86246
2.85615
2.85596
2.86294
2.87214
2.87929
2.86775
2.84246
2.80436
2.76629
2.74359
2.73148
2.72781
2.73789
2.74461
2.73842
2.72276
2.69606
2.66135
2.63615
2.62111
2.6095
2.60236
2.60247
2.60808
2.60325
2.58868
2.56887
2.54084
2.51458
2.50328
2.4969
2.49502
2.48924
2.47724
2.46268
2.44189
2.41182
2.38664
2.37219
2.36172
2.35417
2.34821
2.34159
2.33302
2.32243
2.31024
2.29999
2.29055
2.28107
2.27273
2.26486
2.25555
2.2444
2.23152
2.21741
2.20216
2.18533
2.16454
2.14634
2.13675
2.1296
2.12391
2.11955
2.1124
2.10408
2.09648
2.08778
2.07393
2.05359
2.03136
2.01631
2.00699
2.0013
1.99804
1.99979
2.00835
2.01112
2.00311
1.99464
1.98083
1.95432
1.91559
1.88342
1.86822
1.86039
1.85619
1.85373
1.85503
1.86148
1.86856
1.86808
1.85999
1.85032
1.837
1.81945
1.80481
1.7976
1.79257
1.78799
1.78093
1.77148
1.75612
1.72963
1.70335
1.69013
1.68303
1.67878
1.67543
1.67571
1.6868
1.69773
1.69488
1.68701
1.67214
1.6401
1.60443
1.59084
1.58593
1.58147
1.57831
1.58097
1.59546
1.60666
1.61152
1.63611
1.70086
1.82182
1.98938
2.2038
2.43699
2.62564
2.74962
2.85418
2.96339
3.01137
3.00983
3.00574
2.96718
2.905
2.87588
2.86064
2.85736
2.87349
2.88094
2.8753
2.86952
2.85991
2.84776
2.83409
2.81696
2.7928
2.76044
2.7258
2.7031
2.69404
2.69035
2.69501
2.71495
2.71728
2.71185
2.70064
2.67914
2.64331
2.60195
2.569
2.54799
2.53485
2.52549
2.51843
2.51676
2.5188
2.51427
2.50483
2.48827
2.46601
2.44954
2.43854
2.42784
2.41731
2.40986
2.40439
2.39871
2.39095
2.37559
2.35164
2.33171
2.31918
2.31003
2.30167
2.29366
2.28441
2.27252
2.25564
2.23501
2.21763
2.20919
2.20613
2.20659
5.91825
5.77906
5.64488
5.50989
5.36881
5.22424
5.08292
4.95036
4.82143
4.6877
4.54829
4.41458
4.29149
4.17003
4.05257
3.93915
3.83499
3.7253
3.61563
3.49754
3.39386
3.29402
3.20351
3.11078
3.03452
2.95966
2.88435
2.79891
2.72357
2.65355
2.58601
2.51109
2.45382
2.39767
2.33951
2.27303
2.21725
2.16131
2.10572
2.04737
2.00446
1.96409
1.92541
1.88797
1.85984
1.82626
1.78871
1.74573
1.70235
1.66032
1.61891
1.58298
1.55715
1.53442
1.50999
1.49193
1.47534
1.45562
1.42988
1.39943
1.36888
1.34234
1.32155
1.30569
1.28793
1.26505
1.2416
1.22462
1.21146
1.20063
1.19023
1.17807
1.16373
1.14668
1.12621
1.10194
1.07555
1.06158
1.05757
1.05334
1.04816
1.04243
1.0368
1.02952
1.01658
0.988453
0.95654
0.947613
0.944897
0.942711
0.939714
0.935403
0.931185
0.926962
0.91983
0.904032
0.87765
0.860866
0.858373
0.855055
0.851355
0.849294
0.847907
0.845374
0.841375
0.832964
0.815077
0.793603
0.787364
0.786211
0.786303
0.787082
0.784108
0.780599
0.778434
0.775859
0.771124
0.759841
0.741034
0.730886
0.727472
0.723486
0.71833
0.715678
0.714372
0.712396
0.710386
0.70788
0.704108
0.736434
0.979867
1.55543
2.04953
2.26945
2.50015
2.6541
2.72493
2.77172
2.81387
2.85635
2.89865
2.92861
2.95513
2.99753
2.99148
2.974
2.95258
2.91308
2.86105
2.84182
2.83969
2.84668
2.86612
2.88785
2.88245
2.86379
2.83018
2.77862
2.72978
2.71105
2.70483
2.70614
2.72955
2.74691
2.73658
2.71701
2.68574
2.64538
2.61879
2.60665
2.59632
2.59092
2.60049
2.60312
2.59072
2.57473
2.55661
2.53666
2.51837
2.50614
2.49815
2.49279
2.48096
2.46642
2.45061
2.43089
2.40502
2.37778
2.36102
2.3502
2.34413
2.33742
2.32512
2.31143
2.2983
2.28769
2.27866
2.27126
2.26624
2.26179
2.25729
2.25065
2.24128
2.22964
2.21451
2.19616
2.17412
2.15285
2.14001
2.13297
2.12747
2.12247
2.11414
2.1034
2.09225
2.08107
2.07195
2.06379
2.05252
2.03683
2.0176
1.99986
1.98821
1.98179
1.97699
1.97507
1.98181
1.99166
1.98731
1.97941
1.96784
1.94689
1.91194
1.87319
1.85232
1.84358
1.83863
1.8352
1.83301
1.83416
1.84181
1.84931
1.84519
1.83883
1.82925
1.8131
1.79433
1.78457
1.77836
1.7723
1.76512
1.75558
1.74071
1.71545
1.68783
1.6733
1.6663
1.6622
1.65921
1.65967
1.67032
1.68205
1.68029
1.67201
1.65747
1.62725
1.59233
1.57794
1.57251
1.56872
1.56487
1.56541
1.57532
1.5841
1.58391
1.57632
1.5648
1.5799
1.63114
1.74075
1.91734
2.15392
2.38159
2.58431
2.73372
2.8675
2.93285
2.92958
2.92199
2.89794
2.8555
2.82815
2.82056
2.82415
2.85619
2.87019
2.86044
2.84977
2.83408
2.8139
2.79458
2.77598
2.75434
2.7258
2.69882
2.68643
2.68203
2.68081
2.70069
2.70758
2.7002
2.68724
2.66247
2.62228
2.57698
2.54315
2.52413
2.51339
2.50766
2.50423
2.50545
2.50667
2.50085
2.4904
2.47287
2.45079
2.43586
2.42736
2.42052
2.41342
2.4061
2.39899
2.39067
2.37715
2.35529
2.32911
2.30877
2.29574
2.2855
2.27575
2.26656
2.25804
2.25051
2.24274
2.23271
2.22288
2.21887
2.21671
5.93445
5.79953
5.66789
5.5323
5.39044
5.24727
5.11374
4.99135
4.86619
4.72885
4.58252
4.45259
4.33273
4.21842
4.10736
4.00039
3.88732
3.77028
3.65063
3.54434
3.44687
3.35398
3.26552
3.18069
3.10325
3.02072
2.93798
2.84959
2.77914
2.70792
2.63835
2.56977
2.51248
2.4522
2.38661
2.32126
2.26386
2.2096
2.15005
2.10033
2.05949
2.02169
1.98054
1.94692
1.9122
1.87384
1.82819
1.7802
1.73366
1.694
1.65254
1.62476
1.60213
1.58066
1.55738
1.5389
1.51679
1.49061
1.45765
1.42578
1.39769
1.37485
1.3556
1.33892
1.32026
1.29708
1.2755
1.26007
1.24575
1.23153
1.21827
1.20448
1.19019
1.17324
1.14929
1.11979
1.09848
1.0917
1.08758
1.08295
1.07755
1.07119
1.06399
1.05291
1.02833
0.993167
0.977084
0.97349
0.969835
0.967189
0.964535
0.960442
0.955532
0.949837
0.939073
0.912987
0.886036
0.880477
0.879141
0.875907
0.871584
0.869031
0.867254
0.864335
0.859641
0.848882
0.825279
0.806559
0.802914
0.801206
0.800911
0.802659
0.800709
0.796663
0.793687
0.790258
0.783496
0.769004
0.752369
0.747097
0.744814
0.741744
0.737843
0.733914
0.730115
0.724504
0.721639
0.71569
0.748267
1.02713
1.47714
1.90708
2.08781
2.10513
2.13569
2.17127
2.21991
2.30054
2.41751
2.55225
2.677
2.77957
2.86916
2.91346
2.93097
2.92005
2.90367
2.87015
2.83304
2.82407
2.82509
2.84543
2.87431
2.86936
2.85893
2.84125
2.80424
2.75147
2.7199
2.70371
2.69499
2.69815
2.71319
2.71926
2.7115
2.69651
2.66753
2.63112
2.60872
2.59626
2.58915
2.59015
2.59209
2.57988
2.56304
2.54671
2.53394
2.52191
2.51101
2.50461
2.49663
2.48379
2.4651
2.44558
2.43006
2.41475
2.39667
2.37829
2.36441
2.3563
2.34818
2.33366
2.316
2.29926
2.28327
2.27105
2.26144
2.25328
2.24712
2.24489
2.24627
2.24319
2.2349
2.2237
2.2068
2.18294
2.1588
2.1417
2.13416
2.12898
2.12553
2.12015
2.11084
2.09879
2.08401
2.07013
2.05968
2.05163
2.04453
2.03591
2.02304
2.00325
1.98088
1.96626
1.95929
1.95334
1.94959
1.95612
1.97257
1.97232
1.96541
1.95577
1.93971
1.90869
1.86494
1.83725
1.82658
1.82027
1.81581
1.81153
1.80985
1.81825
1.83347
1.83421
1.82721
1.81739
1.80147
1.7805
1.76895
1.76192
1.75507
1.74799
1.73922
1.72549
1.70229
1.67399
1.65773
1.65095
1.64717
1.64462
1.6448
1.65318
1.66373
1.66335
1.65578
1.64175
1.61522
1.58163
1.56585
1.56019
1.55618
1.55272
1.55145
1.55583
1.56489
1.56458
1.55754
1.54182
1.51599
1.50437
1.52136
1.58237
1.70294
1.89607
2.13931
2.3825
2.58537
2.71937
2.82082
2.84534
2.84604
2.82343
2.80251
2.78419
2.78193
2.80256
2.84627
2.85664
2.84483
2.82869
2.80517
2.78032
2.76169
2.74387
2.72196
2.69532
2.67544
2.66889
2.66501
2.6764
2.69127
2.68398
2.66902
2.64016
2.59608
2.55491
2.52849
2.51174
2.50234
2.49718
2.49331
2.49176
2.49051
2.48427
2.47405
2.45731
2.43876
2.42939
2.42343
2.41675
2.4082
2.39675
2.38357
2.36892
2.35107
2.32833
2.30331
2.28416
2.27135
2.26176
2.25494
2.25095
2.25115
2.25425
2.25148
2.2457
2.23741
2.21869
5.95144
5.82001
5.68865
5.55238
5.41086
5.27315
5.14815
5.02781
4.90117
4.76136
4.61992
4.49092
4.37508
4.26934
4.16361
4.04836
3.92529
3.80196
3.6929
3.59762
3.50419
3.41843
3.32942
3.24598
3.15812
3.07425
2.98218
2.90644
2.83328
2.76476
2.69037
2.62857
2.5653
2.5029
2.43265
2.37224
2.31434
2.2607
2.19959
2.1565
2.1152
2.07632
2.03461
2.00019
1.95942
1.91613
1.86344
1.81332
1.76852
1.73106
1.69351
1.67196
1.65
1.62787
1.60427
1.58157
1.55399
1.52038
1.481
1.45175
1.42982
1.41105
1.39416
1.37524
1.35194
1.32541
1.30693
1.29351
1.28028
1.26532
1.2495
1.23252
1.21395
1.1929
1.16692
1.14206
1.12943
1.12439
1.11964
1.1138
1.10711
1.09951
1.08953
1.06998
1.03287
1.00624
1.0027
0.999499
0.995399
0.992863
0.98995
0.985482
0.979406
0.969341
0.947498
0.916445
0.903906
0.90205
0.901303
0.898547
0.893955
0.890619
0.887267
0.882567
0.874261
0.857778
0.838113
0.826436
0.822383
0.820017
0.819012
0.819352
0.817426
0.813496
0.809461
0.803962
0.7924
0.773283
0.762489
0.761085
0.759385
0.756791
0.754298
0.751684
0.747895
0.744033
0.738362
0.765356
1.01799
1.59233
1.9045
2.09273
2.10238
2.0826
2.07202
2.04746
2.03442
2.0331
2.05845
2.10841
2.18665
2.29271
2.42054
2.54283
2.66491
2.73582
2.77242
2.79048
2.78438
2.79752
2.8264
2.84031
2.83057
2.81902
2.81443
2.80164
2.7744
2.74132
2.72949
2.72507
2.71794
2.71212
2.69985
2.68597
2.67191
2.65721
2.63918
2.6206
2.60932
2.60232
2.60193
2.59603
2.58073
2.56256
2.53826
2.51638
2.5028
2.49641
2.49901
2.49629
2.4859
2.47043
2.44706
2.42053
2.40221
2.39193
2.38433
2.37808
2.37487
2.37375
2.36444
2.34573
2.32017
2.29225
2.27166
2.25889
2.2485
2.2395
2.23323
2.23008
2.23154
2.22903
2.22078
2.20942
2.19145
2.16695
2.14434
2.13063
2.12308
2.11874
2.11641
2.11157
2.10347
2.09285
2.07998
2.06523
2.05437
2.04667
2.03952
2.03134
2.02065
2.00456
1.98044
1.95671
1.94278
1.93569
1.92973
1.9266
1.93669
1.95857
1.95954
1.95277
1.94383
1.92941
1.8994
1.85278
1.82047
1.80845
1.80212
1.7977
1.79436
1.79477
1.80246
1.8124
1.81579
1.81087
1.7998
1.78207
1.76251
1.75247
1.74575
1.73895
1.73199
1.72381
1.71152
1.69056
1.662
1.64376
1.63675
1.63318
1.63065
1.63016
1.63603
1.64454
1.64413
1.63826
1.62622
1.60392
1.57206
1.55411
1.54758
1.54366
1.53986
1.53718
1.53909
1.54563
1.547
1.53891
1.52592
1.50758
1.48072
1.47119
1.47592
1.5027
1.57168
1.70067
1.90794
2.13694
2.36344
2.52794
2.64122
2.73768
2.77166
2.75925
2.74154
2.74011
2.75467
2.79671
2.83495
2.83573
2.82258
2.80015
2.77071
2.74847
2.73262
2.71452
2.68988
2.66443
2.65312
2.64748
2.64922
2.66755
2.66344
2.64856
2.62107
2.58101
2.54403
2.52055
2.5045
2.49189
2.48419
2.47906
2.47532
2.4744
2.47088
2.46354
2.45021
2.43199
2.41998
2.41271
2.40344
2.3906
2.37568
2.36047
2.34449
2.32521
2.30069
2.27651
2.26277
2.25669
2.25264
2.2502
2.25445
2.26217
2.26142
2.25526
2.24657
2.2162
5.96777
5.83861
5.70589
5.5698
5.43305
5.30326
5.18138
5.05861
4.92848
4.79157
4.65862
4.53388
4.42142
4.31799
4.20927
4.08754
3.95807
3.84066
3.74696
3.65585
3.56984
3.47788
3.38725
3.29609
3.20654
3.11782
3.03688
2.96448
2.891
2.81798
2.74418
2.68115
2.61502
2.54982
2.48426
2.42608
2.36964
2.31055
2.25385
2.21096
2.16938
2.1265
2.08712
2.04781
2.00312
1.95289
1.89727
1.84815
1.80903
1.7719
1.74275
1.72227
1.69913
1.6742
1.64817
1.61817
1.58447
1.54375
1.5083
1.48545
1.46703
1.44778
1.42935
1.40859
1.38474
1.36059
1.34349
1.32723
1.30904
1.29224
1.2767
1.26024
1.2403
1.21395
1.18478
1.16796
1.16121
1.15618
1.15089
1.14432
1.13631
1.12612
1.10916
1.07476
1.03957
1.03129
1.02918
1.02611
1.02191
1.01889
1.01534
1.01016
1.00231
0.986765
0.95401
0.927883
0.923719
0.92173
0.9218
0.92067
0.916573
0.912766
0.908229
0.900979
0.886739
0.862523
0.850758
0.846696
0.842175
0.839227
0.837832
0.83682
0.834281
0.830458
0.825879
0.818699
0.802657
0.78202
0.776367
0.775115
0.773163
0.77046
0.768115
0.76542
0.763999
0.7654
0.803089
1.02273
1.63573
1.98734
2.1001
2.14534
2.1447
2.10768
2.07163
2.05058
2.03624
2.02525
2.01412
2.0117
2.00813
2.01051
2.02519
2.05569
2.11219
2.20437
2.32574
2.47118
2.61091
2.68741
2.74707
2.774
2.7751
2.771
2.76162
2.74533
2.72829
2.72623
2.73631
2.74724
2.7438
2.72411
2.69147
2.66065
2.63808
2.61879
2.60728
2.60308
2.60234
2.60821
2.60911
2.59313
2.57309
2.5485
2.51981
2.49747
2.4851
2.4793
2.48037
2.47908
2.46935
2.45507
2.43202
2.40128
2.3813
2.37246
2.36763
2.3696
2.378
2.38041
2.36981
2.35294
2.32867
2.29371
2.26462
2.25032
2.2394
2.22913
2.22234
2.22126
2.21821
2.2103
2.20115
2.18987
2.17284
2.15273
2.13746
2.12602
2.11527
2.10463
2.09413
2.08783
2.08421
2.08006
2.07329
2.06583
2.05893
2.05184
2.04325
2.03224
2.01884
2.00223
1.97923
1.9515
1.93149
1.92107
1.91471
1.90995
1.91039
1.92612
1.94808
1.94843
1.94005
1.929
1.91241
1.8812
1.83486
1.80384
1.79329
1.78832
1.785
1.78404
1.78558
1.78703
1.7882
1.7891
1.78582
1.77714
1.76124
1.74521
1.73702
1.73063
1.72414
1.71761
1.71019
1.69926
1.67977
1.65036
1.63017
1.62242
1.61887
1.61618
1.61516
1.61907
1.62576
1.62485
1.6205
1.61085
1.59185
1.56108
1.54145
1.534
1.5298
1.52571
1.52203
1.52236
1.52862
1.52967
1.52325
1.51352
1.49655
1.47189
1.45943
1.45557
1.45524
1.46377
1.49465
1.56508
1.69012
1.87693
2.0683
2.27628
2.43073
2.55977
2.67971
2.68876
2.68119
2.70092
2.74102
2.78905
2.80692
2.80249
2.78241
2.75508
2.73525
2.72069
2.70446
2.68417
2.65702
2.63653
2.62973
2.62611
2.64143
2.64295
2.63181
2.60904
2.57104
2.53449
2.51179
2.49503
2.48014
2.47126
2.46695
2.46657
2.46953
2.46358
2.45422
2.44103
2.41986
2.39903
2.38732
2.37867
2.36677
2.35342
2.33914
2.32284
2.30249
2.27818
2.26368
2.25978
2.2575
2.25595
2.25907
2.26648
2.26589
2.25733
2.24605
2.21125
5.9823
5.85526
5.72167
5.5854
5.45637
5.33506
5.21217
5.0839
4.9518
4.82295
4.69895
4.57959
4.46886
4.36079
4.24345
4.11917
3.99733
3.8991
3.80694
3.71863
3.62657
3.52988
3.43333
3.3372
3.24947
3.16788
3.09702
3.02117
2.94873
2.86471
2.79701
2.72861
2.66522
2.5987
2.54113
2.48091
2.42474
2.35789
2.3081
2.26254
2.22051
2.17524
2.13634
2.09094
2.04349
1.98575
1.93292
1.88846
1.85486
1.81904
1.79599
1.77208
1.74649
1.71711
1.68572
1.64874
1.61072
1.56774
1.54215
1.52368
1.50582
1.48553
1.46431
1.44056
1.41577
1.39447
1.37871
1.36181
1.34177
1.32137
1.303
1.28398
1.25999
1.23264
1.21108
1.20077
1.19489
1.18923
1.18268
1.17447
1.1638
1.14806
1.11768
1.07829
1.06124
1.05809
1.05614
1.05319
1.049
1.04521
1.04056
1.03353
1.0205
0.99299
0.961273
0.950248
0.946917
0.944515
0.943976
0.942295
0.938609
0.934509
0.928469
0.916207
0.892259
0.871377
0.867472
0.86617
0.862909
0.860609
0.858441
0.855525
0.852456
0.848147
0.841106
0.828779
0.808866
0.794476
0.792647
0.791459
0.789262
0.786338
0.78293
0.780108
0.782262
0.839918
1.11096
1.61836
2.07882
2.17445
2.18157
2.16625
2.15529
2.14063
2.11406
2.09149
2.06192
2.04112
2.03337
2.0263
2.01149
1.99628
1.97999
1.96432
1.95752
1.95993
1.97902
2.03366
2.13866
2.25672
2.36533
2.47313
2.571
2.64066
2.65711
2.65268
2.66588
2.70659
2.74112
2.74432
2.73354
2.71606
2.69218
2.65459
2.61449
2.5953
2.58799
2.5866
2.59803
2.60722
2.59543
2.57803
2.56001
2.5376
2.50846
2.48697
2.4759
2.47043
2.46857
2.46037
2.45014
2.43842
2.41948
2.39177
2.37044
2.36141
2.35828
2.36451
2.37832
2.37497
2.36217
2.34506
2.32285
2.29588
2.26903
2.25143
2.23975
2.22986
2.22434
2.21733
2.20605
2.19552
2.18466
2.17116
2.15662
2.147
2.13886
2.12821
2.11402
2.09806
2.08241
2.06682
2.05788
2.05309
2.0532
2.0585
2.05797
2.05315
2.04607
2.03648
2.02254
2.00301
1.97856
1.94966
1.92468
1.91138
1.90392
1.89872
1.89652
1.90139
1.91382
1.92344
1.92198
1.91528
1.90578
1.88884
1.86125
1.82345
1.79482
1.78395
1.77985
1.7777
1.77639
1.77343
1.76944
1.76595
1.76347
1.76031
1.75398
1.7419
1.73061
1.72363
1.71737
1.71127
1.70518
1.69834
1.68802
1.66805
1.63666
1.61535
1.60737
1.60384
1.60096
1.59952
1.60203
1.60802
1.60654
1.60293
1.5951
1.57808
1.54811
1.52744
1.51949
1.51492
1.51024
1.5058
1.50586
1.51416
1.51689
1.51215
1.5044
1.49031
1.46598
1.44884
1.44371
1.44064
1.43857
1.44012
1.452
1.48121
1.53721
1.64632
1.80563
1.9866
2.18259
2.34919
2.53086
2.58226
2.6092
2.65288
2.7193
2.76048
2.76423
2.7553
2.72492
2.70989
2.70444
2.69461
2.67683
2.65142
2.62377
2.61391
2.60966
2.62351
2.62736
2.61766
2.59692
2.55956
2.52258
2.50039
2.48546
2.47314
2.46194
2.45374
2.44769
2.4482
2.45053
2.44164
2.42284
2.39843
2.37579
2.36033
2.35112
2.34271
2.33303
2.32235
2.30967
2.29352
2.27401
2.26418
2.26123
2.25965
2.25941
2.2556
2.24826
2.23883
2.22949
2.20063
5.99498
5.86957
5.73641
5.60248
5.47983
5.36263
5.23918
5.1068
4.97718
4.85744
4.74161
4.62411
4.51086
4.39548
4.27527
4.15601
4.05549
3.96233
3.86931
3.77132
3.67082
3.57331
3.47417
3.38248
3.2982
3.22796
3.15286
3.0778
2.99294
2.91474
2.84625
2.77896
2.71495
2.65501
2.59543
2.53446
2.47046
2.40694
2.35952
2.31358
2.26846
2.22458
2.18102
2.13151
2.07874
2.01945
1.97307
1.93529
1.90292
1.87134
1.84799
1.81948
1.79
1.75513
1.71691
1.67597
1.63642
1.60063
1.58219
1.56404
1.54339
1.52051
1.49752
1.47344
1.44988
1.42996
1.41249
1.39176
1.36911
1.34943
1.33118
1.30974
1.27833
1.25345
1.24216
1.23427
1.22795
1.22176
1.21427
1.20409
1.18858
1.16022
1.12121
1.09451
1.08899
1.08584
1.08403
1.08075
1.0764
1.07171
1.06547
1.05429
1.02929
0.996028
0.979465
0.974399
0.97042
0.967896
0.966774
0.963951
0.960032
0.955296
0.946775
0.925968
0.897119
0.887299
0.88578
0.883865
0.881351
0.880653
0.878416
0.874994
0.871637
0.866661
0.856967
0.837711
0.814191
0.807551
0.806493
0.805839
0.803829
0.800655
0.799019
0.802276
0.860383
1.2271
1.71843
2.1177
2.18804
2.17829
2.19422
2.20264
2.20549
2.18147
2.14622
2.11609
2.08886
2.07393
2.0644
2.05767
2.04402
2.01517
1.98434
1.96552
1.95347
1.9464
1.94879
1.95086
1.94703
1.94763
1.95876
1.98857
2.05153
2.15059
2.27554
2.40952
2.51513
2.5913
2.6444
2.66674
2.68109
2.6819
2.67028
2.64147
2.60125
2.57878
2.57343
2.57989
2.59365
2.59217
2.57618
2.56049
2.54264
2.52431
2.50722
2.49427
2.48734
2.47888
2.46113
2.44484
2.43354
2.42019
2.40405
2.38991
2.37359
2.36286
2.36051
2.36533
2.36371
2.35333
2.34196
2.32757
2.30768
2.28905
2.27176
2.25608
2.24506
2.23616
2.22662
2.21376
2.19796
2.1813
2.16601
2.15326
2.1462
2.14196
2.13952
2.1317
2.11986
2.10239
2.0784
2.05645
2.03984
2.03113
2.02701
2.02957
2.04303
2.04773
2.04178
2.03312
2.02191
2.00467
1.98077
1.95444
1.92718
1.90607
1.89601
1.89048
1.88739
1.88788
1.89137
1.89513
1.89612
1.893
1.88652
1.87923
1.86656
1.84661
1.81936
1.79223
1.77876
1.77381
1.76934
1.76323
1.75638
1.75031
1.74491
1.74061
1.73714
1.73226
1.72508
1.71826
1.71239
1.70633
1.70013
1.69397
1.68698
1.67606
1.65421
1.6205
1.5993
1.59176
1.58834
1.58544
1.58385
1.58627
1.5913
1.58889
1.58572
1.57912
1.56385
1.53512
1.51303
1.50433
1.49939
1.49438
1.4903
1.49339
1.50638
1.50831
1.50346
1.49596
1.4821
1.45733
1.43761
1.4308
1.42731
1.42451
1.4245
1.42804
1.42913
1.4342
1.45183
1.49745
1.58916
1.72146
1.9025
2.0979
2.30179
2.42584
2.4978
2.57686
2.67272
2.70806
2.70823
2.68762
2.67328
2.67099
2.67189
2.6651
2.64498
2.61575
2.59962
2.59544
2.60985
2.61518
2.60479
2.58569
2.54879
2.50949
2.48803
2.47526
2.46187
2.44692
2.43623
2.42848
2.42164
2.41965
2.41554
2.39998
2.37673
2.35336
2.33967
2.33243
2.32691
2.32188
2.31661
2.30866
2.29297
2.27154
2.2584
2.2531
2.24734
2.24056
2.23289
2.22275
2.20967
2.18353
6.00739
5.88277
5.75057
5.6212
5.50271
5.3859
5.26163
5.13162
5.00785
4.89345
4.78243
4.66695
4.54562
4.42224
4.30716
4.21109
4.11967
4.02277
3.91895
3.81138
3.71188
3.6124
3.52088
3.43416
3.35956
3.28331
3.20344
3.12042
3.03511
2.9663
2.89616
2.83332
2.76833
2.70885
2.64326
2.58158
2.51101
2.45921
2.40969
2.3649
2.3157
2.27127
2.22076
2.17006
2.1104
2.05996
2.01882
1.98626
1.95174
1.92363
1.89478
1.86274
1.82762
1.78788
1.74463
1.70492
1.66747
1.64245
1.62417
1.60394
1.57943
1.55406
1.52991
1.50653
1.48358
1.46413
1.44488
1.42258
1.39811
1.377
1.35681
1.32986
1.29783
1.28448
1.27699
1.26875
1.26125
1.25362
1.2441
1.22995
1.20454
1.16421
1.13223
1.12257
1.11758
1.11433
1.11189
1.10787
1.10299
1.09727
1.08831
1.0682
1.03208
1.00763
1.00403
0.99976
0.995091
0.992526
0.989923
0.986022
0.981057
0.973951
0.95858
0.929212
0.91003
0.907406
0.905915
0.902566
0.899656
0.89887
0.89679
0.892937
0.88898
0.8825
0.868901
0.845216
0.828412
0.825517
0.823876
0.82138
0.817729
0.815302
0.820245
0.879933
1.22495
1.91232
2.16295
2.20342
2.22124
2.23881
2.24697
2.24819
2.23298
2.19001
2.15664
2.13944
2.12904
2.12284
2.11244
2.09631
2.0736
2.03566
1.9985
1.98483
1.97591
1.96946
1.95727
1.94729
1.93825
1.93161
1.9149
1.89303
1.88689
1.8916
1.91699
1.98587
2.09443
2.19946
2.29251
2.37955
2.44959
2.511
2.56508
2.58418
2.57214
2.56891
2.57749
2.58008
2.58018
2.56644
2.55327
2.54032
2.52321
2.5087
2.50163
2.49832
2.4934
2.48137
2.46218
2.43728
2.41683
2.40269
2.39232
2.38292
2.3757
2.37203
2.37246
2.36191
2.34416
2.32819
2.31387
2.29859
2.28551
2.27568
2.26508
2.25569
2.24732
2.2374
2.22452
2.20824
2.18805
2.16445
2.14631
2.13853
2.13342
2.13248
2.13548
2.13007
2.12117
2.10907
2.08688
2.05546
2.03169
2.01856
2.01104
2.00695
2.00876
2.01937
2.02654
2.02259
2.01278
1.99857
1.98009
1.9601
1.93981
1.91655
1.89598
1.88581
1.88058
1.87765
1.87554
1.87256
1.86976
1.86879
1.86707
1.86126
1.85564
1.84741
1.83402
1.81176
1.78419
1.76849
1.7608
1.7536
1.74595
1.73883
1.73275
1.72686
1.72103
1.71575
1.71246
1.71067
1.70699
1.70114
1.69523
1.68884
1.68223
1.67459
1.66245
1.63797
1.60219
1.58281
1.57644
1.57319
1.57042
1.56909
1.57228
1.57507
1.57278
1.57008
1.56381
1.54971
1.52168
1.49853
1.48972
1.48499
1.48034
1.47754
1.48434
1.49909
1.4992
1.49306
1.48469
1.46907
1.44251
1.4242
1.41742
1.41457
1.413
1.41506
1.41459
1.41031
1.40919
1.40744
1.40116
1.40932
1.43757
1.51627
1.64565
1.82236
2.02547
2.19822
2.3374
2.45422
2.58589
2.64086
2.63352
2.62546
2.62938
2.63599
2.63897
2.6307
2.60486
2.58343
2.57689
2.59028
2.6067
2.59508
2.57559
2.54217
2.49939
2.47084
2.45637
2.4445
2.43155
2.4176
2.40677
2.39761
2.39152
2.38793
2.37607
2.3582
2.34208
2.33129
2.3242
2.31967
2.3167
2.3119
2.30366
2.28714
2.25952
2.24007
2.23368
2.2277
2.21904
2.20811
2.19407
2.17323
6.01825
5.89513
5.76566
5.64063
5.5237
5.40675
5.28341
5.15902
5.04152
4.93124
4.82113
4.70334
4.57678
4.45208
4.35354
4.26929
4.17583
4.07211
3.95452
3.84979
3.75168
3.66078
3.57545
3.49691
3.41728
3.33144
3.24536
3.15638
3.08688
3.01736
2.95334
2.8855
2.82097
2.75315
2.68733
2.61949
2.56078
2.5113
2.46266
2.41364
2.36288
2.31245
2.25857
2.20462
2.14743
2.10608
2.06857
2.03598
2.00059
1.97149
1.93664
1.90187
1.86014
1.81688
1.7732
1.73872
1.70663
1.68706
1.66572
1.64233
1.61334
1.58737
1.56304
1.53998
1.51712
1.49675
1.47482
1.45033
1.42655
1.40581
1.38233
1.3488
1.32543
1.31885
1.31131
1.30238
1.29388
1.28481
1.27243
1.25128
1.21045
1.17006
1.15875
1.15271
1.14733
1.14442
1.14054
1.1354
1.12941
1.12139
1.1056
1.07114
1.03749
1.0305
1.02888
1.02492
1.02018
1.01711
1.01337
1.00819
1.00086
0.988247
0.963094
0.935629
0.928925
0.927283
0.925418
0.921341
0.918723
0.917476
0.914458
0.909252
0.903092
0.893557
0.876825
0.854821
0.845482
0.843551
0.84139
0.837778
0.834298
0.839699
0.919262
1.23295
1.92952
2.24557
2.30543
2.30435
2.29906
2.28988
2.26935
2.25359
2.22676
2.19492
2.18319
2.17487
2.16737
2.15509
2.13912
2.11843
2.09051
2.06088
2.0379
2.02204
2.01018
2.00086
1.98661
1.9712
1.95606
1.93694
1.91361
1.89319
1.88347
1.88186
1.88343
1.87753
1.87065
1.87848
1.90013
1.94273
2.01341
2.10751
2.21684
2.32193
2.42058
2.49705
2.53682
2.54533
2.53204
2.52356
2.51818
2.51023
2.49729
2.48537
2.4878
2.49463
2.49036
2.47401
2.45324
2.4277
2.40182
2.38413
2.37382
2.36631
2.36962
2.3789
2.37219
2.35354
2.33015
2.30877
2.2913
2.27748
2.26782
2.26084
2.25851
2.25394
2.24391
2.23081
2.21393
2.19565
2.17393
2.14954
2.13103
2.12308
2.11936
2.12171
2.1262
2.12255
2.11493
2.10507
2.08995
2.06684
2.03871
2.01576
2.00186
1.9938
1.98804
1.9859
1.98938
1.995
1.99463
1.9864
1.97425
1.96027
1.94536
1.92787
1.90603
1.88511
1.87247
1.86578
1.8603
1.85442
1.84984
1.84722
1.84746
1.84696
1.8434
1.8399
1.83346
1.81988
1.79392
1.76579
1.75181
1.74416
1.73712
1.73007
1.72396
1.71811
1.71183
1.70505
1.69823
1.6929
1.69071
1.6919
1.68953
1.68305
1.67608
1.66873
1.66022
1.64647
1.61806
1.58237
1.56729
1.56229
1.55904
1.55644
1.55633
1.56063
1.56014
1.55768
1.5553
1.54906
1.53472
1.50652
1.48478
1.47741
1.47301
1.46889
1.4677
1.47561
1.48784
1.48764
1.48038
1.46928
1.45178
1.4263
1.41069
1.40537
1.40313
1.40272
1.40447
1.40065
1.39715
1.39392
1.3899
1.38063
1.35942
1.35063
1.35945
1.39385
1.46587
1.57893
1.75036
1.92606
2.11279
2.27751
2.44059
2.52494
2.53457
2.5564
2.58744
2.59892
2.59939
2.58329
2.5604
2.55425
2.5612
2.58795
2.58664
2.56859
2.53731
2.4912
2.45253
2.43516
2.42466
2.41366
2.40149
2.38896
2.37667
2.3661
2.36056
2.3534
2.34587
2.33948
2.3299
2.32004
2.31329
2.30741
2.30109
2.29062
2.26863
2.23977
2.21954
2.20503
2.19441
2.18696
2.18095
2.17531
6.02908
5.90677
5.78108
5.65949
5.54245
5.42577
5.30666
5.18733
5.07292
4.96588
4.85688
4.73696
4.60828
4.49374
4.40598
4.31619
4.21784
4.10459
3.99273
3.89054
3.79683
3.71374
3.63554
3.55407
3.4636
3.37318
3.27966
3.20702
3.14015
3.07341
3.00598
2.93321
2.86393
2.79279
2.72773
2.66437
2.61597
2.56386
2.51549
2.45874
2.40624
2.34987
2.2976
2.23914
2.19364
2.15319
2.11853
2.08095
2.04772
2.01353
1.97602
1.93664
1.89075
1.84642
1.80774
1.77726
1.75112
1.73052
1.70524
1.67821
1.64656
1.62109
1.59725
1.5735
1.54909
1.52751
1.50411
1.47946
1.45527
1.43245
1.40438
1.37234
1.36096
1.35461
1.3457
1.33559
1.32511
1.31288
1.29466
1.25896
1.2134
1.19358
1.18968
1.1831
1.1779
1.17416
1.16892
1.16268
1.15491
1.14236
1.11211
1.07242
1.05688
1.05495
1.05404
1.0501
1.04541
1.04158
1.03695
1.02992
1.01782
0.99458
0.967152
0.953602
0.949802
0.947443
0.944948
0.940768
0.93823
0.936241
0.932684
0.92723
0.91851
0.903434
0.883652
0.867178
0.862052
0.860212
0.857902
0.854679
0.860378
0.957622
1.35083
1.87884
2.34795
2.38278
2.36422
2.34711
2.33171
2.32398
2.29761
2.27125
2.24673
2.21659
2.20249
2.19724
2.19428
2.18092
2.16275
2.1412
2.11557
2.08802
2.0666
2.05306
2.04246
2.03235
2.01695
1.99926
1.98207
1.95995
1.93376
1.91935
1.91035
1.90071
1.88941
1.87618
1.86183
1.84735
1.829
1.81672
1.81433
1.82371
1.85676
1.92044
2.00484
2.10296
2.20098
2.28691
2.36061
2.41709
2.44277
2.44043
2.43633
2.4546
2.47881
2.48004
2.47067
2.45632
2.43964
2.41791
2.39172
2.36535
2.35109
2.34659
2.35436
2.36467
2.35661
2.33765
2.31277
2.28978
2.2765
2.26591
2.25729
2.25425
2.25362
2.24491
2.23288
2.21847
2.19881
2.17622
2.15591
2.13625
2.11838
2.10969
2.10639
2.10584
2.10296
2.09777
2.09377
2.08892
2.0814
2.06853
2.05363
2.03483
2.01108
1.98889
1.97518
1.96648
1.9611
1.95838
1.96206
1.96843
1.96596
1.95936
1.94986
1.93739
1.91909
1.8925
1.86618
1.85074
1.84338
1.83781
1.83302
1.83027
1.83142
1.83523
1.83597
1.83213
1.82565
1.81582
1.79566
1.76521
1.74344
1.73476
1.72889
1.72289
1.71733
1.71222
1.70618
1.69895
1.69061
1.682
1.67569
1.67118
1.6705
1.67093
1.66546
1.65999
1.65381
1.64424
1.62779
1.59545
1.56327
1.5525
1.54856
1.54557
1.54445
1.5491
1.54926
1.54578
1.54307
1.54051
1.53435
1.51935
1.49209
1.47336
1.46717
1.46295
1.45912
1.45853
1.46469
1.47085
1.46794
1.46195
1.45205
1.43465
1.41095
1.39813
1.39366
1.39138
1.39176
1.39198
1.38838
1.38512
1.38176
1.37628
1.36304
1.34051
1.32978
1.32787
1.32948
1.33788
1.3646
1.42099
1.52365
1.6677
1.84359
2.03054
2.21874
2.35357
2.40856
2.46498
2.52906
2.5507
2.54836
2.52626
2.52076
2.52757
2.55159
2.56233
2.55412
2.53122
2.49017
2.44372
2.41602
2.40552
2.39743
2.38619
2.3731
2.36051
2.34998
2.34317
2.34367
2.34036
2.33217
2.32579
2.31713
2.30503
2.29346
2.2823
2.26716
2.2437
2.21363
2.1914
2.17962
2.1735
2.17159
2.17504
6.03913
5.91842
5.79592
5.6767
5.56058
5.44584
5.33156
5.21683
5.10283
4.99474
4.88705
4.77145
4.64863
4.54337
4.44929
4.35081
4.24517
4.13693
4.03478
3.93742
3.84898
3.76708
3.68783
3.59833
3.50614
3.41012
3.3306
3.26462
3.1949
3.12659
3.0471
2.97511
2.90117
2.83515
2.7708
2.72125
2.66882
2.61699
2.55916
2.50208
2.4458
2.39057
2.33657
2.28318
2.2403
2.19959
2.16235
2.12374
2.09098
2.0521
2.01453
1.9683
1.92236
1.87977
1.84832
1.81877
1.79578
1.77068
1.7428
1.71153
1.68072
1.65546
1.6313
1.60604
1.58048
1.55708
1.5327
1.50798
1.4835
1.45843
1.4293
1.40547
1.39722
1.38938
1.37888
1.36725
1.35477
1.33858
1.30825
1.26147
1.22977
1.22538
1.2208
1.21429
1.20939
1.20419
1.19772
1.18955
1.17756
1.15227
1.1126
1.08603
1.08238
1.08115
1.07962
1.07489
1.0701
1.0656
1.05983
1.04932
1.02655
0.996882
0.981702
0.97607
0.971745
0.968526
0.964582
0.959249
0.955928
0.953036
0.94868
0.942306
0.931991
0.914714
0.897595
0.884697
0.878527
0.875853
0.874171
0.881939
0.974087
1.45871
1.99211
2.32829
2.4286
2.42223
2.38997
2.37518
2.37351
2.36684
2.34249
2.30611
2.26917
2.24375
2.23135
2.22325
2.2193
2.20841
2.18926
2.1603
2.12854
2.10754
2.09234
2.08048
2.06943
2.05539
2.03762
2.0169
1.99593
1.97725
1.96117
1.95048
1.94155
1.93214
1.92007
1.90361
1.87768
1.84816
1.82654
1.81139
1.80329
1.80175
1.79971
1.79268
1.7866
1.79438
1.81654
1.86083
1.92728
2.01316
2.11712
2.21739
2.29931
2.35255
2.39185
2.39483
2.39486
2.39776
2.40074
2.39703
2.37989
2.35232
2.33823
2.33188
2.32693
2.32543
2.32052
2.31068
2.29596
2.27693
2.26757
2.26109
2.25629
2.25661
2.25144
2.23778
2.22096
2.20129
2.1753
2.15044
2.13544
2.12311
2.1094
2.1024
2.10105
2.09628
2.08775
2.0778
2.06863
2.06267
2.05961
2.05933
2.05246
2.04341
2.02881
2.00307
1.97126
1.95139
1.94052
1.93435
1.93108
1.93897
1.95681
1.95887
1.95281
1.94349
1.92954
1.90375
1.86734
1.84046
1.82719
1.82047
1.81622
1.81378
1.81671
1.82697
1.82942
1.82428
1.81692
1.80772
1.79127
1.76241
1.73488
1.72503
1.72179
1.71824
1.71429
1.70979
1.70322
1.69527
1.68586
1.67523
1.66587
1.65945
1.65471
1.65316
1.6508
1.64456
1.63926
1.63428
1.62576
1.60687
1.57245
1.54688
1.53962
1.5366
1.53504
1.53744
1.53771
1.53449
1.53157
1.52843
1.52534
1.51936
1.50521
1.48095
1.46403
1.45791
1.45359
1.45017
1.44974
1.45406
1.45489
1.44929
1.44326
1.43462
1.41831
1.39716
1.38677
1.38243
1.37987
1.37946
1.37965
1.37864
1.376
1.37144
1.36317
1.34504
1.32492
1.31858
1.31681
1.31549
1.31442
1.31484
1.31942
1.33649
1.37819
1.46132
1.586
1.75387
1.94705
2.11288
2.23434
2.33281
2.43548
2.4854
2.47674
2.47411
2.47901
2.50183
2.52457
2.52383
2.51343
2.4855
2.44102
2.40344
2.3876
2.38228
2.374
2.36196
2.35118
2.3413
2.3316
2.32447
2.32494
2.32492
2.31659
2.30791
2.2947
2.27664
2.25829
2.23822
2.21408
2.19107
2.17926
2.1747
2.1736
2.17586
6.05074
5.93191
5.81128
5.69243
5.57758
5.46683
5.35669
5.24505
5.13282
5.02092
4.91021
4.80194
4.6955
4.59093
4.48288
4.37296
4.26765
4.17437
4.08068
3.99051
3.89949
3.81529
3.72718
3.63472
3.54353
3.45901
3.39097
3.3186
3.2466
3.16265
3.08637
3.0134
2.94459
2.88097
2.82692
2.7751
2.71813
2.66015
2.5984
2.54388
2.48693
2.43601
2.37882
2.33007
2.28315
2.24329
2.20107
2.16731
2.13058
2.09133
2.05022
2.00064
1.95688
1.91935
1.89088
1.86206
1.83775
1.80743
1.77829
1.744
1.71612
1.69044
1.6655
1.63713
1.61032
1.58559
1.56183
1.53693
1.51045
1.4844
1.46006
1.44294
1.43383
1.42397
1.41087
1.39628
1.37968
1.35433
1.3109
1.26942
1.26091
1.25852
1.25272
1.24605
1.24046
1.2342
1.22608
1.21403
1.19171
1.15426
1.11959
1.1115
1.10864
1.10793
1.10516
1.09995
1.09464
1.08918
1.08098
1.06245
1.02914
1.00575
1.00234
0.998457
0.994156
0.991309
0.987287
0.981334
0.975852
0.970537
0.962775
0.952034
0.939556
0.924851
0.913827
0.905396
0.897268
0.893815
0.90519
1.01583
1.46631
2.13156
2.42929
2.48314
2.4522
2.40515
2.39264
2.39678
2.40165
2.39497
2.37062
2.32653
2.29397
2.27664
2.26627
2.26264
2.25592
2.24007
2.21498
2.17658
2.14583
2.13112
2.12065
2.10963
2.0963
2.08104
2.06209
2.03285
2.00076
1.98531
1.97613
1.96881
1.96282
1.95475
1.94429
1.92956
1.90402
1.8673
1.84641
1.83701
1.82656
1.8139
1.80155
1.78881
1.77454
1.75954
1.75017
1.74484
1.74281
1.75194
1.78217
1.83967
1.92275
2.01463
2.09819
2.17612
2.23035
2.27709
2.3012
2.31039
2.33015
2.33987
2.33985
2.33226
2.31631
2.29714
2.28741
2.28308
2.27828
2.27027
2.26418
2.26052
2.25839
2.25468
2.24494
2.23147
2.21309
2.18724
2.15687
2.13263
2.11931
2.11007
2.10759
2.10348
2.09583
2.08632
2.07629
2.06556
2.05333
2.04429
2.03903
2.0391
2.0455
2.03943
2.0278
2.01148
1.98209
1.94566
1.92609
1.91685
1.91235
1.91252
1.93031
1.95376
1.95215
1.94267
1.9309
1.91181
1.87728
1.83866
1.8163
1.80514
1.79969
1.79704
1.79974
1.81389
1.82056
1.81621
1.80933
1.8006
1.78702
1.76265
1.7318
1.71504
1.70867
1.70667
1.70839
1.70609
1.69957
1.69201
1.68308
1.67155
1.6597
1.65051
1.64373
1.63932
1.63706
1.63207
1.62617
1.62078
1.61524
1.6062
1.587
1.55451
1.5336
1.52799
1.52582
1.52563
1.5248
1.52215
1.52019
1.51735
1.51395
1.51089
1.50546
1.49335
1.4726
1.45555
1.44798
1.44315
1.43872
1.43713
1.44
1.43821
1.43243
1.42775
1.42047
1.40654
1.38862
1.37685
1.37034
1.36715
1.36588
1.36696
1.36539
1.36299
1.35842
1.34851
1.32991
1.31384
1.30883
1.30704
1.3061
1.30533
1.30307
1.29848
1.29359
1.29295
1.30174
1.33251
1.40127
1.50815
1.66856
1.83216
2.00461
2.15195
2.28354
2.39308
2.39059
2.41159
2.43933
2.46912
2.48084
2.477
2.46591
2.43492
2.39232
2.36329
2.35445
2.35653
2.35531
2.34437
2.32954
2.31733
2.30787
2.30093
2.30324
2.30298
2.2942
2.28043
2.26073
2.23772
2.21424
2.19747
2.18789
2.1824
2.18049
2.17601
6.06257
5.94668
5.82842
5.71023
5.59634
5.4885
5.3825
5.27429
5.16225
5.04633
4.93373
4.83286
4.73483
4.62901
4.51325
4.39471
4.3005
4.21548
4.13116
4.04111
3.94671
3.85523
3.75992
3.67091
3.58735
3.51831
3.44462
3.36787
3.28147
3.19795
3.12784
3.05758
2.99622
2.93596
2.88187
2.81983
2.75913
2.69411
2.64091
2.58656
2.53517
2.47997
2.42328
2.37069
2.32461
2.28156
2.24412
2.21036
2.16985
2.13133
2.08191
2.03556
1.9942
1.96321
1.93265
1.90501
1.87522
1.84265
1.81138
1.77837
1.75221
1.72539
1.69833
1.66695
1.63931
1.61353
1.59057
1.56521
1.53891
1.51545
1.49625
1.48097
1.46943
1.45669
1.44051
1.42272
1.40062
1.36179
1.31473
1.29694
1.29391
1.29125
1.28452
1.27767
1.27132
1.26379
1.25255
1.23136
1.19387
1.1575
1.14384
1.13946
1.13635
1.13479
1.13073
1.125
1.11887
1.11144
1.09785
1.06614
1.03351
1.02601
1.02416
1.01994
1.01567
1.01322
1.00972
1.00419
0.997443
0.990397
0.978613
0.959152
0.942937
0.934668
0.928939
0.923166
0.917241
0.927445
1.08182
1.53534
2.19966
2.54462
2.5634
2.49928
2.45037
2.42668
2.43249
2.45405
2.44642
2.42692
2.38616
2.33925
2.31662
2.30263
2.2995
2.28947
2.27438
2.25654
2.22747
2.19432
2.17813
2.16717
2.1573
2.14385
2.12863
2.1096
2.082
2.04864
2.02304
2.00821
1.99768
1.98886
1.97896
1.96812
1.95569
1.94039
1.91836
1.89467
1.87924
1.86642
1.85358
1.84059
1.82703
1.80984
1.788
1.76611
1.74969
1.73916
1.73402
1.73196
1.72951
1.7213
1.71558
1.72319
1.74235
1.78273
1.85113
1.93974
2.04201
2.12068
2.19722
2.26895
2.31006
2.31761
2.30369
2.27499
2.26288
2.26184
2.26463
2.25984
2.25525
2.25466
2.25335
2.2434
2.23199
2.21853
2.20247
2.18197
2.15219
2.12765
2.11923
2.11599
2.11128
2.10245
2.09252
2.081
2.06866
2.05692
2.0449
2.03488
2.02853
2.0243
2.02411
2.02297
2.01467
2.00303
1.98402
1.95307
1.9219
1.90753
1.90086
1.89836
1.90414
1.92383
1.93892
1.93395
1.92243
1.908
1.88537
1.85121
1.81749
1.79649
1.78699
1.78291
1.78244
1.78824
1.79946
1.80489
1.80027
1.79269
1.78311
1.76933
1.7472
1.71999
1.70253
1.69409
1.68922
1.68757
1.68886
1.68606
1.67858
1.6698
1.65822
1.64523
1.63472
1.62696
1.62219
1.6182
1.61375
1.60842
1.60319
1.59785
1.58874
1.57014
1.5405
1.52189
1.51675
1.51454
1.51164
1.50875
1.50691
1.50574
1.50349
1.50093
1.49832
1.4935
1.48349
1.46425
1.44422
1.43373
1.42862
1.42421
1.42222
1.42504
1.42369
1.41944
1.41598
1.41038
1.39942
1.38107
1.36486
1.35702
1.35402
1.35263
1.35252
1.35108
1.3488
1.34467
1.33569
1.31924
1.30517
1.30096
1.29971
1.29857
1.29544
1.29058
1.28581
1.27972
1.27046
1.26358
1.26255
1.27079
1.29692
1.3496
1.4426
1.58391
1.74609
1.92536
2.08528
2.22568
2.29674
2.33259
2.37425
2.41893
2.42893
2.42499
2.41416
2.37916
2.33987
2.32612
2.32545
2.33655
2.33413
2.32033
2.30333
2.29224
2.28331
2.27699
2.27939
2.27645
2.26752
2.25588
2.23833
2.21616
2.19598
2.18587
2.18237
2.173
6.07535
5.96205
5.84612
5.73037
5.61766
5.50938
5.40546
5.30109
5.18997
5.07239
4.96132
4.86448
4.76671
4.66048
4.54012
4.42944
4.34186
4.25837
4.17622
4.08498
3.98917
3.88853
3.7941
3.70866
3.63974
3.56853
3.48936
3.40374
3.31177
3.24262
3.17384
3.1132
3.05043
2.9901
2.92397
2.85807
2.79123
2.73545
2.68683
2.63465
2.58262
2.51897
2.46118
2.40852
2.36495
2.32367
2.29161
2.25205
2.21181
2.16585
2.115
2.07228
2.03566
2.00637
1.97389
1.9441
1.90891
1.87769
1.84432
1.81619
1.78854
1.7606
1.72916
1.69485
1.66709
1.64209
1.61979
1.59437
1.57081
1.55068
1.53319
1.51805
1.50403
1.48726
1.46697
1.44365
1.41063
1.36528
1.33621
1.33135
1.32864
1.32448
1.31624
1.30846
1.30079
1.29062
1.27287
1.23588
1.19395
1.17694
1.17281
1.16747
1.16453
1.16192
1.15689
1.15031
1.1424
1.13051
1.10384
1.06712
1.05069
1.04848
1.04693
1.04254
1.03826
1.03526
1.03165
1.02627
1.01799
1.00715
0.988832
0.965503
0.953933
0.949491
0.9452
0.939471
0.948508
1.09222
1.66992
2.24305
2.60181
2.60283
2.56612
2.53596
2.52137
2.50748
2.49632
2.4854
2.46217
2.43458
2.39076
2.36086
2.35246
2.34927
2.33757
2.31382
2.29053
2.26629
2.23676
2.21258
2.19979
2.18957
2.18031
2.16735
2.1521
2.13368
2.10619
2.07238
2.05264
2.0391
2.02715
2.01557
2.00148
1.98572
1.96845
1.947
1.92182
1.90457
1.89465
1.88505
1.87435
1.86128
1.84465
1.82393
1.8043
1.78819
1.7776
1.76804
1.75823
1.74706
1.73449
1.7202
1.70684
1.69171
1.67881
1.66802
1.66861
1.67992
1.71303
1.76905
1.84048
1.93173
2.02233
2.10103
2.17568
2.21305
2.21796
2.22093
2.21403
2.21149
2.22025
2.23223
2.2265
2.21782
2.21226
2.20317
2.19002
2.17498
2.1587
2.14628
2.14208
2.13681
2.12082
2.10226
2.08762
2.07554
2.06553
2.05625
2.04564
2.03394
2.02412
2.01555
2.00773
2.00031
1.99165
1.98308
1.9737
1.95776
1.93297
1.90846
1.89524
1.88924
1.88695
1.88995
1.90024
1.91181
1.9093
1.89833
1.88287
1.86182
1.83518
1.80659
1.78493
1.77511
1.76946
1.7661
1.7658
1.77083
1.77806
1.78042
1.77581
1.769
1.7596
1.74234
1.71487
1.69031
1.67753
1.67037
1.66667
1.66625
1.66956
1.66468
1.65547
1.64438
1.6302
1.61682
1.60794
1.60287
1.59948
1.59758
1.59289
1.5874
1.58145
1.57301
1.55596
1.52747
1.50855
1.50295
1.49992
1.49649
1.49353
1.49177
1.49239
1.49322
1.4911
1.48766
1.48237
1.47183
1.45051
1.42805
1.41623
1.41121
1.40685
1.40561
1.41176
1.41467
1.41216
1.40798
1.40179
1.38964
1.3682
1.35062
1.34319
1.34042
1.3386
1.33859
1.33822
1.33642
1.33314
1.32571
1.31026
1.29555
1.28981
1.28771
1.28543
1.2824
1.27815
1.27287
1.26543
1.25611
1.24748
1.24354
1.24109
1.24302
1.2529
1.27277
1.31382
1.39164
1.52182
1.66996
1.83877
2.00552
2.14471
2.22227
2.27865
2.34984
2.36839
2.36366
2.3454
2.31965
2.29741
2.29002
2.29626
2.31196
2.30952
2.29532
2.27977
2.27147
2.26586
2.26393
2.27043
2.2675
2.26106
2.24878
2.2234
2.19105
2.17118
2.16003
6.08707
5.97732
5.8641
5.75038
5.63938
5.53141
5.4272
5.32375
5.21565
5.10185
4.99458
4.89548
4.79615
4.68916
4.57403
4.47473
4.38439
4.29881
4.21236
4.12293
4.02535
3.92689
3.83333
3.7569
3.68724
3.60798
3.52498
3.43091
3.35836
3.2932
3.2298
3.16836
3.09956
3.03039
2.95821
2.89209
2.83046
2.78586
2.73537
2.68381
2.61662
2.55201
2.49558
2.44978
2.40727
2.37446
2.33763
2.29443
2.25016
2.19603
2.15148
2.11124
2.07977
2.04577
2.01273
1.97751
1.94246
1.91185
1.88168
1.85512
1.82459
1.79443
1.75575
1.7219
1.69505
1.6724
1.64999
1.62686
1.60636
1.58756
1.56982
1.55277
1.53512
1.51436
1.4903
1.4583
1.41702
1.38057
1.37114
1.3665
1.36314
1.35712
1.34754
1.33849
1.32895
1.31367
1.28024
1.23473
1.2078
1.20519
1.20181
1.19639
1.19282
1.18871
1.18286
1.1749
1.16364
1.14207
1.10545
1.07825
1.07385
1.07194
1.06988
1.06553
1.062
1.05864
1.05452
1.04787
1.03455
1.01251
0.993162
0.980099
0.974189
0.970854
0.965485
0.978597
1.11976
1.7073
2.34288
2.60743
2.68509
2.65556
2.59551
2.55492
2.5485
2.54783
2.52751
2.50209
2.48045
2.45524
2.42825
2.40826
2.39815
2.38624
2.3673
2.34044
2.30964
2.28025
2.25475
2.23478
2.22136
2.20992
2.19973
2.18678
2.17023
2.14989
2.12187
2.09293
2.07612
2.06412
2.05371
2.04239
2.0283
2.01071
1.98785
1.95796
1.93478
1.92194
1.91097
1.90001
1.88775
1.87374
1.85616
1.83133
1.81212
1.80246
1.79388
1.78665
1.77809
1.76729
1.75557
1.74057
1.7198
1.69511
1.67632
1.66404
1.65959
1.65543
1.64911
1.63983
1.6384
1.64953
1.67731
1.72217
1.79284
1.88001
1.96716
2.02599
2.07311
2.11255
2.13758
2.15051
2.14833
2.14979
2.15998
2.1729
2.17696
2.16363
2.1616
2.16113
2.15845
2.14774
2.1268
2.09973
2.07817
2.06529
2.05732
2.0508
2.04579
2.03981
2.02881
2.01155
1.99497
1.98331
1.97385
1.96526
1.95745
1.9501
1.93974
1.92402
1.90297
1.88461
1.8739
1.86683
1.86237
1.86722
1.87965
1.8813
1.87164
1.85944
1.84558
1.82857
1.80469
1.778
1.76076
1.75043
1.74483
1.74124
1.74012
1.74672
1.76022
1.76257
1.75775
1.75062
1.7365
1.70962
1.67783
1.66042
1.65245
1.64802
1.64675
1.65063
1.64865
1.63933
1.62678
1.61128
1.59639
1.58826
1.58372
1.58238
1.58488
1.58011
1.57497
1.56936
1.56038
1.53977
1.50796
1.49296
1.48936
1.48622
1.48272
1.47977
1.47961
1.48482
1.48382
1.48072
1.4765
1.4691
1.45514
1.43007
1.4088
1.39897
1.3943
1.39073
1.39205
1.40452
1.40855
1.40416
1.39911
1.39167
1.37587
1.35075
1.33569
1.33079
1.32837
1.32667
1.32774
1.3285
1.32676
1.32244
1.31348
1.29577
1.28304
1.27911
1.27691
1.27451
1.27118
1.26717
1.2618
1.25316
1.24295
1.23432
1.23
1.22711
1.22765
1.23339
1.23543
1.234
1.2443
1.27382
1.33799
1.44064
1.57843
1.75389
1.91201
2.05694
2.14976
2.22494
2.28386
2.29549
2.28308
2.25609
2.25301
2.25456
2.26969
2.28782
2.28849
2.27535
2.2684
2.26818
2.27097
2.27721
2.27376
2.2625
2.24235
2.21082
2.17676
2.15088
6.09771
5.99126
5.88083
5.76733
5.6561
5.55143
5.4493
5.34377
5.2352
5.12855
5.02678
4.92352
4.82048
4.71683
4.61631
4.51962
4.42524
4.33249
4.24553
4.15528
4.0606
3.96859
3.88038
3.80472
3.72422
3.64133
3.5511
3.47459
3.41386
3.34845
3.2867
3.2099
3.13612
3.06128
2.99477
2.93085
2.88466
2.83715
2.78348
2.71784
2.64219
2.585
2.53629
2.49497
2.45889
2.42518
2.38029
2.33452
2.27951
2.23105
2.19003
2.15417
2.1202
2.08197
2.04663
2.00904
1.97844
1.94881
1.92331
1.89306
1.86049
1.82279
1.77967
1.74988
1.72563
1.70532
1.68269
1.66303
1.64296
1.62337
1.60447
1.58533
1.56337
1.53761
1.50591
1.46476
1.42918
1.41525
1.40772
1.40261
1.39831
1.38985
1.37825
1.36546
1.35078
1.32433
1.28075
1.24238
1.23555
1.23387
1.23008
1.22481
1.22023
1.21496
1.20789
1.19721
1.17856
1.14465
1.11066
1.10163
1.09855
1.09692
1.09341
1.08859
1.08484
1.08104
1.07551
1.06389
1.04036
1.01481
1.00379
0.999168
0.996019
0.993612
1.01655
1.22065
1.72735
2.46115
2.72851
2.73861
2.6897
2.64597
2.60746
2.57572
2.56885
2.56954
2.55657
2.52233
2.49507
2.47528
2.45946
2.4454
2.43274
2.41814
2.39667
2.36493
2.33115
2.30586
2.28654
2.26863
2.25421
2.24187
2.22768
2.21031
2.18784
2.15985
2.12864
2.10592
2.09356
2.08363
2.07382
2.06219
2.04864
2.03201
2.00901
1.9803
1.95926
1.94534
1.9331
1.9208
1.90698
1.89006
1.86826
1.84654
1.83105
1.81888
1.80987
1.80202
1.79163
1.77924
1.76619
1.75046
1.73429
1.71861
1.70413
1.69124
1.6774
1.66404
1.65028
1.63693
1.62205
1.61096
1.60516
1.60221
1.60695
1.62142
1.65578
1.71039
1.76968
1.8392
1.90736
1.96106
2.00937
2.04537
2.06607
2.08278
2.11049
2.14262
2.15408
2.1564
2.15447
2.14398
2.12276
2.09336
2.06928
2.05068
2.04006
2.03711
2.03696
2.03283
2.02331
2.00588
1.98315
1.96875
1.95998
1.9522
1.94594
1.94053
1.93565
1.92825
1.9145
1.88947
1.86254
1.8479
1.8394
1.83287
1.83387
1.84952
1.85802
1.85432
1.84877
1.84068
1.82559
1.79719
1.76233
1.74051
1.7292
1.72311
1.71908
1.71714
1.72402
1.74242
1.75032
1.74596
1.73799
1.72577
1.70119
1.66674
1.6451
1.63576
1.63046
1.62767
1.62863
1.62632
1.61872
1.60663
1.59032
1.57699
1.57089
1.56696
1.56745
1.57326
1.57074
1.56494
1.5579
1.54546
1.51678
1.48751
1.47942
1.47671
1.47356
1.47039
1.469
1.47164
1.47213
1.469
1.46584
1.46193
1.45351
1.43552
1.40878
1.39106
1.38413
1.38012
1.37757
1.38135
1.39249
1.39772
1.39454
1.38823
1.37708
1.35709
1.33387
1.32383
1.32046
1.31846
1.31797
1.31946
1.31779
1.31561
1.31055
1.30013
1.28257
1.27118
1.26771
1.26526
1.26267
1.25906
1.25488
1.24962
1.24071
1.23026
1.2237
1.22042
1.2175
1.21786
1.22196
1.2203
1.21587
1.20949
1.19943
1.20305
1.22195
1.27483
1.36488
1.49085
1.65898
1.8158
1.96673
2.0593
2.13681
2.20704
2.2167
2.19058
2.2004
2.23009
2.25484
2.25888
2.26592
2.27322
2.27635
2.27425
2.26732
2.25641
2.24192
2.22076
2.19513
2.15617
6.10844
6.00531
5.89716
5.78328
5.6717
5.57019
5.47068
5.36646
5.25816
5.15422
5.05268
4.94993
4.84701
4.74939
4.65517
4.5616
4.46272
4.36789
4.27937
4.18764
4.10027
4.01152
3.92802
3.84393
3.75738
3.66932
3.58995
3.53233
3.46811
3.404
3.32496
3.24102
3.16643
3.09617
3.03582
2.98509
2.93966
2.88291
2.81907
2.73557
2.67369
2.62543
2.58548
2.54585
2.5125
2.46876
2.41925
2.36497
2.31177
2.27029
2.23141
2.19623
2.15259
2.11485
2.07758
2.04459
2.01643
1.99177
1.96413
1.92924
1.89207
1.84216
1.80649
1.78116
1.76044
1.7402
1.71919
1.70009
1.67848
1.65758
1.63614
1.61342
1.58755
1.55624
1.51444
1.47417
1.46168
1.45346
1.44407
1.43816
1.43149
1.42083
1.40655
1.38858
1.36565
1.32976
1.2848
1.26851
1.26543
1.26339
1.25839
1.25218
1.24616
1.23952
1.23044
1.21505
1.18426
1.14718
1.13083
1.12681
1.12377
1.12202
1.11782
1.11246
1.10745
1.10194
1.09219
1.06938
1.04254
1.02949
1.02544
1.02121
1.01821
1.03979
1.29659
1.92377
2.4538
2.8007
2.80988
2.77085
2.71041
2.67751
2.66129
2.64614
2.62188
2.60591
2.58284
2.53707
2.50436
2.48849
2.48119
2.47222
2.45829
2.44517
2.42515
2.38845
2.34837
2.32629
2.31107
2.29782
2.28538
2.27143
2.25416
2.23288
2.2042
2.16865
2.14839
2.13641
2.12512
2.11428
2.10195
2.08675
2.0683
2.0436
2.01654
1.99549
1.97974
1.96583
1.95234
1.93804
1.9224
1.90399
1.88067
1.86012
1.84946
1.84073
1.83267
1.82316
1.81128
1.79686
1.77754
1.75406
1.73837
1.72991
1.72074
1.70991
1.69821
1.68594
1.6716
1.65333
1.63172
1.6115
1.60116
1.59513
1.59166
1.58986
1.58376
1.5742
1.56493
1.56949
1.58788
1.62851
1.69397
1.77491
1.85312
1.91695
1.97634
2.02557
2.06009
2.09156
2.10689
2.11086
2.10228
2.084
2.06808
2.04358
2.02234
2.01311
2.01048
2.01098
2.00546
1.99347
1.97354
1.95805
1.94974
1.94258
1.93709
1.93591
1.93269
1.9252
1.91439
1.89497
1.86217
1.83434
1.822
1.81492
1.81009
1.81457
1.83779
1.85282
1.84942
1.84247
1.83222
1.81327
1.77868
1.7408
1.7209
1.71181
1.70612
1.70231
1.70043
1.70408
1.71708
1.72952
1.72994
1.72319
1.71209
1.69155
1.65827
1.63085
1.61762
1.61072
1.60649
1.60424
1.602
1.59571
1.58501
1.57129
1.56292
1.55852
1.55655
1.55987
1.56125
1.55655
1.55111
1.54304
1.5253
1.4918
1.47211
1.4681
1.46578
1.46314
1.46134
1.46274
1.46292
1.45904
1.45495
1.45057
1.44501
1.43439
1.41332
1.38935
1.37852
1.37398
1.37071
1.36974
1.37216
1.37563
1.37754
1.37492
1.36994
1.35936
1.33999
1.32065
1.31343
1.31107
1.31085
1.31046
1.3074
1.30494
1.30275
1.29702
1.28454
1.26747
1.25912
1.25637
1.25391
1.25151
1.24778
1.24384
1.23868
1.22973
1.22026
1.21487
1.21177
1.20905
1.20924
1.20925
1.20554
1.20042
1.19376
1.18241
1.16862
1.16544
1.17142
1.18969
1.23129
1.30326
1.4194
1.56256
1.70421
1.83583
1.94379
2.05134
2.10918
2.1258
2.14758
2.18724
2.22446
2.24403
2.25987
2.26615
2.26431
2.25302
2.23301
2.21433
2.19992
2.17107
6.11724
6.01595
5.90931
5.79713
5.68852
5.5875
5.48908
5.38792
5.28372
5.17843
5.07368
4.97204
4.87704
4.78387
4.69022
4.59484
4.49719
4.40614
4.31393
4.22457
4.13763
4.05143
3.9653
3.87617
3.78881
3.70663
3.648
3.58619
3.51927
3.44308
3.34841
3.27251
3.20013
3.14146
3.08657
3.0412
2.98344
2.91812
2.83786
2.76208
2.7173
2.6768
2.6377
2.59842
2.55728
2.50484
2.45142
2.39525
2.35187
2.31151
2.27366
2.22722
2.18183
2.14676
2.11253
2.08475
2.06064
2.0362
2.00186
1.96278
1.9103
1.86424
1.83934
1.81714
1.79841
1.77691
1.75761
1.7357
1.71246
1.68945
1.6654
1.63806
1.60664
1.56597
1.52175
1.50543
1.50033
1.49069
1.48059
1.47414
1.46291
1.44745
1.42909
1.40537
1.37386
1.33504
1.30711
1.30009
1.29577
1.29189
1.28558
1.27834
1.27086
1.26207
1.24893
1.22335
1.18586
1.16263
1.15725
1.15276
1.14976
1.14688
1.14192
1.13583
1.12877
1.11804
1.09626
1.06923
1.05492
1.05252
1.05044
1.04895
1.07819
1.30514
2.06505
2.57509
2.80544
2.83987
2.80752
2.76859
2.73229
2.71334
2.70598
2.69475
2.66292
2.63084
2.59714
2.55607
2.53394
2.52236
2.51731
2.50507
2.48504
2.4638
2.43508
2.39762
2.36592
2.34719
2.33429
2.32417
2.31055
2.29533
2.27858
2.25461
2.21817
2.18565
2.16997
2.15891
2.14955
2.1399
2.12752
2.11163
2.09129
2.06062
2.02593
2.01
1.99883
1.98687
1.97399
1.95894
1.93972
1.91462
1.88855
1.8731
1.86273
1.85413
1.8459
1.83587
1.82404
1.81009
1.79138
1.77068
1.75466
1.74285
1.73281
1.72307
1.71245
1.69964
1.68388
1.66537
1.64777
1.63303
1.62006
1.60877
1.59907
1.59065
1.58175
1.57251
1.5618
1.5409
1.52143
1.51268
1.51165
1.52407
1.5554
1.61129
1.6828
1.7523
1.81226
1.87407
1.93633
1.98889
2.03222
2.05927
2.05952
2.04361
2.02449
2.00278
1.98295
1.96986
1.96596
1.9643
1.96133
1.95146
1.94307
1.93793
1.93423
1.93413
1.92954
1.92063
1.9094
1.8933
1.8667
1.83378
1.81431
1.8061
1.80138
1.8002
1.80778
1.82779
1.84135
1.83708
1.82658
1.81124
1.7894
1.75751
1.72504
1.70566
1.69733
1.69223
1.68787
1.6847
1.68419
1.69007
1.70262
1.71011
1.70656
1.69627
1.67903
1.64825
1.61462
1.59678
1.58875
1.58398
1.58085
1.58078
1.57591
1.56803
1.5587
1.55344
1.55093
1.55307
1.55097
1.54494
1.5396
1.53422
1.52468
1.50398
1.47455
1.46125
1.45829
1.45672
1.45539
1.45454
1.45343
1.45025
1.44626
1.44175
1.4363
1.42933
1.41763
1.3977
1.3786
1.37117
1.36738
1.36516
1.36369
1.36172
1.36078
1.35934
1.35543
1.35111
1.34234
1.32533
1.30936
1.304
1.3029
1.30098
1.29787
1.29529
1.29297
1.28982
1.28263
1.26891
1.25448
1.24799
1.24542
1.24283
1.24087
1.2381
1.23451
1.22985
1.22188
1.21159
1.20562
1.20283
1.20056
1.20022
1.19651
1.19093
1.18619
1.1787
1.16554
1.15538
1.15217
1.1515
1.15147
1.15527
1.16679
1.19612
1.24874
1.33537
1.43725
1.57212
1.70325
1.8265
1.949
2.05284
2.08478
2.11827
2.16014
2.21545
2.23886
2.24097
2.23326
2.21569
2.19709
2.16773
6.12956
6.02797
5.92173
5.81289
5.70871
5.60928
5.51157
5.41255
5.30988
5.20358
5.09697
4.99953
4.90922
4.81744
4.72352
4.62462
4.53155
4.44106
4.35134
4.26387
4.1755
4.08663
3.99516
3.90781
3.82497
3.7635
3.70296
3.63257
3.55708
3.46001
3.37808
3.30756
3.24643
3.19132
3.14101
3.08441
3.01516
2.94179
2.8565
2.80966
2.77053
2.73198
2.68664
2.64226
2.59091
2.53655
2.48118
2.43535
2.39463
2.35287
2.30683
2.24917
2.21437
2.18269
2.15423
2.13026
2.10957
2.07812
2.03484
1.98106
1.92287
1.89805
1.87713
1.85698
1.83644
1.81493
1.79429
1.76934
1.74476
1.71861
1.69046
1.65789
1.61994
1.57373
1.55002
1.54629
1.53884
1.52741
1.51551
1.50679
1.49082
1.46727
1.44468
1.41679
1.37997
1.35316
1.34261
1.33368
1.32621
1.31934
1.31079
1.30207
1.29308
1.28178
1.26248
1.22729
1.19443
1.18797
1.18328
1.17871
1.17561
1.17132
1.16556
1.15824
1.14765
1.12673
1.09774
1.07983
1.07618
1.07438
1.07777
1.12845
1.39823
2.07789
2.69783
2.85807
2.898
2.90557
2.85631
2.80458
2.7661
2.74285
2.73602
2.71886
2.68631
2.64667
2.61254
2.5865
2.56963
2.55573
2.54454
2.53111
2.51111
2.48542
2.44959
2.40547
2.3839
2.37026
2.35883
2.35022
2.33469
2.31509
2.29224
2.26194
2.22896
2.20458
2.1917
2.18169
2.17111
2.15856
2.1443
2.12742
2.10627
2.07802
2.05281
2.03644
2.02226
2.00733
1.99161
1.97509
1.95551
1.9314
1.90852
1.89484
1.88523
1.87503
1.86272
1.84884
1.83269
1.81333
1.79647
1.78423
1.7735
1.76338
1.75363
1.74381
1.73289
1.71962
1.7007
1.67482
1.6539
1.64265
1.63367
1.6234
1.6113
1.59991
1.59001
1.57853
1.56479
1.54863
1.53187
1.5176
1.50612
1.49197
1.47879
1.47256
1.47611
1.491
1.52095
1.56809
1.63649
1.71585
1.8065
1.89684
1.97289
2.00237
2.00784
2.0004
1.96125
1.93257
1.92623
1.92583
1.93228
1.9377
1.93421
1.92933
1.93211
1.93298
1.92454
1.91447
1.90254
1.88741
1.86757
1.84255
1.81938
1.805
1.79783
1.79404
1.79419
1.79785
1.80699
1.81443
1.81018
1.79973
1.78442
1.76638
1.74414
1.71808
1.69637
1.68551
1.67905
1.67257
1.66768
1.66511
1.66632
1.67632
1.68755
1.68718
1.6781
1.66167
1.63242
1.59551
1.57694
1.56958
1.56525
1.56374
1.56873
1.56546
1.55885
1.55191
1.548
1.54497
1.5408
1.53558
1.53041
1.52469
1.51784
1.5062
1.48634
1.46351
1.45119
1.44772
1.44583
1.4436
1.44238
1.44089
1.43755
1.43323
1.42809
1.42315
1.41737
1.40775
1.39073
1.37303
1.36574
1.36149
1.35705
1.35215
1.34793
1.34536
1.34289
1.33884
1.3348
1.32687
1.31228
1.30018
1.29417
1.29044
1.28743
1.28453
1.28186
1.27929
1.27585
1.26822
1.25458
1.24271
1.23762
1.23502
1.2337
1.2338
1.23042
1.22685
1.22168
1.21242
1.20114
1.19532
1.1925
1.19047
1.18774
1.18253
1.1775
1.17258
1.16371
1.15106
1.1432
1.14108
1.14013
1.13934
1.13823
1.13791
1.14039
1.14377
1.15357
1.18189
1.235
1.32706
1.45479
1.59295
1.73812
1.8938
1.9687
2.03114
2.09854
2.17046
2.19603
2.19207
2.18887
2.16425
6.14035
6.03698
5.93044
5.82591
5.72706
5.63161
5.53606
5.43685
5.33294
5.22551
5.12272
5.03026
4.93907
4.84798
4.75222
4.65651
4.56426
4.4741
4.38859
4.30224
4.21149
4.1165
4.02543
3.94097
3.87594
3.81716
3.74622
3.67027
3.57642
3.48452
3.41554
3.35124
3.29789
3.24084
3.18456
3.11425
3.04213
2.96222
2.90215
2.86697
2.82612
2.78031
2.72564
2.67549
2.62068
2.56847
2.51985
2.47969
2.43511
2.38698
2.32549
2.27911
2.25386
2.22668
2.20116
2.18112
2.15545
2.10949
2.05105
1.9885
1.95352
1.93871
1.91809
1.89708
1.87328
1.85205
1.82816
1.80186
1.77501
1.74471
1.71013
1.67209
1.63012
1.59792
1.59153
1.58767
1.57723
1.56435
1.54919
1.53375
1.51182
1.48075
1.45383
1.42706
1.39701
1.38373
1.37669
1.36679
1.3552
1.34482
1.33435
1.32425
1.31373
1.29882
1.27085
1.23161
1.21732
1.21403
1.20896
1.20476
1.20088
1.19562
1.18847
1.17739
1.15691
1.12748
1.10778
1.10372
1.10095
1.10318
1.16127
1.56688
2.1887
2.75287
2.98339
2.9891
2.96415
2.91977
2.88072
2.82392
2.78922
2.77809
2.76539
2.74219
2.70805
2.66725
2.63893
2.62204
2.60566
2.5887
2.57102
2.55189
2.53178
2.50614
2.46899
2.43371
2.41327
2.40066
2.39021
2.37585
2.35719
2.33359
2.30423
2.26802
2.24478
2.23228
2.22079
2.21017
2.19692
2.18024
2.16071
2.1353
2.1056
2.08309
2.07003
2.05874
2.04683
2.03336
2.01613
1.99225
1.96266
1.94117
1.92867
1.9173
1.90699
1.89616
1.88373
1.86907
1.84948
1.82146
1.8005
1.78957
1.78068
1.77223
1.76284
1.75252
1.74111
1.72946
1.71439
1.69521
1.67838
1.66437
1.65071
1.63573
1.61905
1.6026
1.58965
1.58182
1.57419
1.56473
1.55374
1.54136
1.5252
1.50222
1.47943
1.46651
1.45747
1.45031
1.4457
1.4443
1.45133
1.47325
1.51513
1.57437
1.64603
1.72877
1.81405
1.88247
1.90373
1.89862
1.88477
1.87693
1.87651
1.8826
1.89615
1.91637
1.92299
1.91831
1.91312
1.90674
1.8969
1.88196
1.86379
1.84628
1.83088
1.81683
1.80295
1.7915
1.78392
1.77752
1.77438
1.77732
1.78098
1.77726
1.77025
1.76062
1.74772
1.7305
1.70778
1.6871
1.67372
1.66439
1.65719
1.65183
1.64854
1.64771
1.65303
1.66209
1.6628
1.65563
1.64032
1.61291
1.57828
1.56142
1.55483
1.55119
1.55263
1.56065
1.55834
1.55077
1.54061
1.5332
1.52857
1.52404
1.51945
1.51406
1.50757
1.50033
1.49025
1.47311
1.45008
1.43719
1.43369
1.43209
1.43059
1.42881
1.42661
1.42382
1.42028
1.41732
1.41469
1.40982
1.40062
1.38245
1.36418
1.35661
1.35089
1.34494
1.33958
1.3351
1.33234
1.32946
1.32482
1.32049
1.31373
1.30138
1.28842
1.28082
1.27734
1.27414
1.27068
1.26767
1.26568
1.26309
1.25632
1.24343
1.23235
1.22752
1.22451
1.22341
1.22359
1.22009
1.21627
1.21076
1.19986
1.18768
1.18327
1.18034
1.17772
1.1737
1.16883
1.16413
1.15851
1.14879
1.13862
1.13227
1.13048
1.13043
1.13055
1.13014
1.13036
1.12839
1.12692
1.11977
1.10259
1.10395
1.12352
1.17187
1.2546
1.36531
1.50252
1.64396
1.77951
1.90699
1.99669
2.05878
2.1191
2.13495
6.15452
6.05091
5.94443
5.84218
5.74659
5.65469
5.5611
5.46163
5.35629
5.25058
5.15356
5.06033
4.9683
4.87511
4.78151
4.6889
4.59649
4.50822
4.42376
4.33715
4.24294
4.14779
4.05761
3.98536
3.92632
3.8574
3.78169
3.69461
3.59621
3.52318
3.45735
3.40211
3.34264
3.28237
3.2156
3.14048
3.07021
3.00152
2.96468
2.92177
2.8743
2.81361
2.75648
2.70536
2.65466
2.6064
2.56469
2.51974
2.46725
2.40752
2.3471
2.32267
2.30079
2.27624
2.25191
2.2287
2.18556
2.12173
2.06003
2.0109
1.99661
1.98076
1.96009
1.93438
1.90884
1.88628
1.85991
1.83265
1.80162
1.76517
1.72389
1.68561
1.65276
1.63998
1.63479
1.62762
1.61549
1.59912
1.57835
1.55334
1.52516
1.49319
1.46486
1.4455
1.42973
1.41794
1.40769
1.39527
1.38058
1.3674
1.35603
1.34505
1.33265
1.31279
1.27688
1.24891
1.24409
1.2399
1.23406
1.22915
1.22445
1.21841
1.20931
1.19265
1.16176
1.13452
1.12862
1.12686
1.13163
1.19397
1.61818
2.45789
2.83909
3.02689
3.02816
3.00047
2.97355
2.94019
2.91487
2.88255
2.8438
2.81882
2.79931
2.77049
2.72706
2.69646
2.67564
2.66066
2.64396
2.6251
2.60526
2.57981
2.54561
2.51045
2.4807
2.46054
2.44624
2.43429
2.41972
2.39996
2.37725
2.34821
2.30933
2.28594
2.27125
2.25833
2.24706
2.23495
2.22077
2.20343
2.18109
2.15007
2.11397
2.09324
2.08108
2.07018
2.05951
2.04811
2.03381
2.01238
1.98175
1.95727
1.94297
1.93112
1.91975
1.90765
1.89434
1.8802
1.86335
1.84145
1.82187
1.80959
1.79989
1.78956
1.77716
1.7623
1.74505
1.72583
1.7121
1.70325
1.69494
1.68594
1.67556
1.66258
1.64368
1.61677
1.5948
1.58316
1.5756
1.56995
1.56342
1.55573
1.54602
1.5308
1.50441
1.47452
1.45641
1.44662
1.44074
1.43737
1.43581
1.43346
1.432
1.43464
1.4428
1.46234
1.49691
1.5439
1.60636
1.67777
1.73248
1.7681
1.78523
1.80223
1.82156
1.84329
1.85738
1.86339
1.8713
1.88235
1.88336
1.87145
1.85788
1.85048
1.83883
1.8232
1.8074
1.78999
1.77455
1.76148
1.75118
1.74571
1.74335
1.7476
1.7516
1.74854
1.7405
1.7279
1.71057
1.69109
1.67525
1.66219
1.65109
1.64364
1.63791
1.63339
1.63084
1.63104
1.63503
1.63614
1.63137
1.61895
1.59581
1.56544
1.54907
1.54325
1.54032
1.54255
1.54345
1.53726
1.52775
1.5171
1.51117
1.50713
1.50428
1.50402
1.50031
1.49573
1.49009
1.47917
1.45703
1.43253
1.41987
1.4168
1.41437
1.412
1.4104
1.41017
1.41172
1.41239
1.41193
1.40823
1.40213
1.39072
1.36775
1.34752
1.34048
1.33552
1.33039
1.32585
1.32293
1.32253
1.3191
1.314
1.30886
1.30066
1.28655
1.27421
1.26841
1.26474
1.26084
1.25721
1.2554
1.25426
1.25195
1.24475
1.2313
1.22234
1.21866
1.2167
1.21818
1.21598
1.2115
1.20628
1.19728
1.18374
1.17353
1.16998
1.16663
1.16297
1.15898
1.1549
1.15088
1.14551
1.13653
1.12763
1.12279
1.12215
1.12304
1.12572
1.12546
1.12394
1.12183
1.11719
1.1084
1.08746
1.0717
1.07096
1.07602
1.09156
1.12642
1.18668
1.28003
1.39457
1.54812
1.69652
1.81523
1.94698
6.16379
6.06247
5.95972
5.86076
5.76723
5.67637
5.58248
5.48211
5.37643
5.27665
5.18236
5.08934
4.99546
4.90217
4.81077
4.71902
4.62966
4.54315
4.45754
4.36594
4.2714
4.17989
4.09815
4.03367
3.96567
3.88998
3.80914
3.71338
3.63391
3.56609
3.50605
3.44652
3.37956
3.31516
3.24119
3.17407
3.10857
3.06424
3.0203
2.96782
2.90655
2.83869
2.78901
2.74054
2.69567
2.65054
2.60459
2.54881
2.4887
2.42522
2.3901
2.37476
2.35258
2.32726
2.29929
2.259
2.19447
2.13163
2.07694
2.05552
2.04197
2.02213
2.00009
1.96962
1.94295
1.91791
1.89009
1.86051
1.82206
1.77821
1.7368
1.70962
1.69404
1.68466
1.67659
1.66584
1.65197
1.62913
1.59809
1.56512
1.53629
1.50832
1.48554
1.47557
1.46575
1.45241
1.43598
1.4183
1.40135
1.38717
1.37652
1.36567
1.35065
1.32513
1.28871
1.275
1.27082
1.26558
1.25909
1.25286
1.24664
1.23877
1.2251
1.19765
1.16761
1.15794
1.15494
1.16157
1.24973
1.66093
2.58531
2.99309
3.09104
3.07581
3.0506
3.01817
2.99938
2.97504
2.94857
2.92598
2.89178
2.85395
2.8228
2.78888
2.75079
2.72866
2.71283
2.70169
2.68437
2.66072
2.6362
2.6056
2.55957
2.51874
2.50114
2.48962
2.48002
2.46532
2.44701
2.42284
2.38788
2.34744
2.31978
2.3048
2.29299
2.28193
2.26939
2.2556
2.24039
2.22189
2.19714
2.16545
2.13854
2.12022
2.10502
2.09061
2.07504
2.05808
2.03946
2.0198
2.0012
1.98611
1.97331
1.95985
1.94492
1.92777
1.90594
1.88228
1.86413
1.85191
1.84101
1.83075
1.82106
1.81113
1.7998
1.78473
1.76257
1.73368
1.71366
1.70382
1.69665
1.69136
1.68483
1.67601
1.66291
1.64179
1.61162
1.59068
1.58053
1.57316
1.56672
1.56085
1.5536
1.54435
1.52824
1.50331
1.47958
1.4627
1.45127
1.44366
1.43693
1.43133
1.42678
1.42117
1.41321
1.40846
1.40747
1.40973
1.41922
1.43877
1.47082
1.51588
1.56081
1.60758
1.65931
1.70263
1.74102
1.77152
1.79525
1.8146
1.82929
1.84068
1.84719
1.84648
1.83675
1.82057
1.80482
1.78722
1.7702
1.75358
1.73682
1.72884
1.72512
1.72609
1.73347
1.73304
1.72572
1.71707
1.70397
1.68628
1.67196
1.66207
1.65286
1.64236
1.63197
1.62351
1.61748
1.61359
1.61087
1.61109
1.61353
1.61108
1.60132
1.58414
1.55898
1.53988
1.53199
1.52758
1.5231
1.51628
1.50865
1.4993
1.49286
1.48903
1.48664
1.48973
1.49625
1.49533
1.49014
1.48113
1.46227
1.43323
1.41234
1.40319
1.39984
1.39715
1.39518
1.39431
1.39733
1.4067
1.40971
1.40622
1.40012
1.39025
1.37033
1.34247
1.32629
1.32149
1.31758
1.31415
1.31312
1.31635
1.31646
1.31111
1.30557
1.29821
1.2852
1.26945
1.26044
1.25619
1.25235
1.24866
1.24666
1.24575
1.24437
1.24179
1.2347
1.22225
1.21422
1.21053
1.2077
1.20405
1.19998
1.1962
1.19125
1.18049
1.1658
1.15887
1.15562
1.15204
1.14826
1.14575
1.14264
1.13998
1.13626
1.12832
1.11855
1.11412
1.11373
1.11429
1.11565
1.11524
1.11374
1.11178
1.10701
1.09501
1.07339
1.06118
1.05891
1.05827
1.05844
1.06035
1.06877
1.08922
1.13438
1.20809
1.3033
1.50798
6.17299
6.07609
5.9785
5.88201
5.78914
5.69714
5.60106
5.49887
5.3983
5.30264
5.20948
5.11631
5.02186
4.92975
4.83834
4.74974
4.66298
4.57709
4.48725
4.392
4.30001
4.2155
4.14523
4.07508
3.99779
3.91771
3.82742
3.74678
3.6773
3.61289
3.55291
3.48021
3.41321
3.34339
3.27448
3.2159
3.16559
3.12068
3.06211
3.00061
2.92648
2.87113
2.82887
2.78356
2.74009
2.6904
2.63075
2.56873
2.5082
2.46229
2.44578
2.42879
2.40413
2.37391
2.33078
2.26765
2.20182
2.14744
2.11783
2.10512
2.08517
2.0616
2.03595
2.00433
1.97563
1.94785
1.91807
1.88263
1.8333
1.79047
1.76397
1.74981
1.7395
1.72914
1.71636
1.70199
1.68337
1.6474
1.60656
1.57517
1.55335
1.53341
1.51884
1.51015
1.49985
1.48293
1.45824
1.43662
1.42088
1.40706
1.39653
1.38552
1.36856
1.34046
1.31062
1.30169
1.29647
1.29019
1.28319
1.27588
1.26761
1.25566
1.23189
1.19976
1.18613
1.18434
1.19457
1.32768
1.82298
2.60572
3.16533
3.19165
3.15328
3.12267
3.09276
3.05332
3.02698
3.01111
2.98852
2.96213
2.92523
2.88023
2.8425
2.81191
2.7847
2.76448
2.74932
2.7365
2.71714
2.69134
2.65831
2.6176
2.57586
2.55051
2.53444
2.52292
2.5127
2.49639
2.47641
2.44662
2.39647
2.35152
2.33359
2.32078
2.31056
2.30022
2.28743
2.27254
2.25482
2.2307
2.2005
2.17488
2.15732
2.14399
2.13081
2.11624
2.09938
2.07844
2.05159
2.02228
2.00683
1.99662
1.98791
1.97786
1.96641
1.95251
1.93211
1.89994
1.87164
1.85791
1.84789
1.83804
1.82741
1.81678
1.80679
1.79517
1.77702
1.75344
1.73122
1.71566
1.70426
1.69463
1.68598
1.67851
1.67073
1.65789
1.63559
1.60769
1.59055
1.58166
1.575
1.5684
1.5609
1.55262
1.54186
1.5243
1.49907
1.4784
1.4666
1.45745
1.44876
1.43994
1.43086
1.42106
1.41071
1.40303
1.39817
1.39437
1.39312
1.39467
1.39398
1.38943
1.38399
1.38516
1.3989
1.43524
1.4912
1.55847
1.61892
1.66956
1.71362
1.75872
1.80273
1.81726
1.81068
1.79894
1.78913
1.77689
1.76515
1.75176
1.73183
1.72266
1.71878
1.7185
1.72386
1.72211
1.71455
1.70589
1.69309
1.67578
1.66194
1.65496
1.64908
1.64128
1.63076
1.61735
1.60752
1.60158
1.59741
1.59414
1.59321
1.59587
1.59464
1.58635
1.57297
1.55093
1.52808
1.51554
1.50719
1.49965
1.49232
1.48436
1.47772
1.4739
1.47273
1.47856
1.49044
1.49271
1.48827
1.48128
1.46697
1.43901
1.41023
1.39469
1.38924
1.38711
1.38553
1.38477
1.38671
1.39159
1.3935
1.39192
1.38758
1.38122
1.36754
1.3421
1.31893
1.30754
1.30354
1.30058
1.30215
1.31161
1.31297
1.30733
1.30156
1.29528
1.28486
1.26805
1.25445
1.24806
1.24483
1.24186
1.23975
1.23877
1.23758
1.23575
1.23246
1.22443
1.21195
1.20471
1.20105
1.19671
1.1923
1.18821
1.18307
1.17447
1.1601
1.14941
1.14625
1.14341
1.13987
1.13718
1.13669
1.13483
1.13244
1.12721
1.11705
1.1087
1.10662
1.10681
1.10768
1.10799
1.10658
1.10465
1.10227
1.09576
1.08103
1.0608
1.04977
1.0472
1.04529
1.04358
1.04207
1.0403
1.04092
1.0488
1.06537
1.12976
6.18425
6.08978
5.99553
5.90232
5.81018
5.71616
5.61672
5.51569
5.41962
5.32682
5.23472
5.14106
5.04889
4.95666
4.86631
4.77985
4.69592
4.60789
4.51232
4.4165
4.32908
4.25711
4.18692
4.11021
4.02931
3.93862
3.85704
3.78823
3.72182
3.66117
3.58849
3.51465
3.44598
3.37587
3.31952
3.26651
3.21931
3.15865
3.09285
3.02171
2.95405
2.91575
2.874
2.82907
2.77973
2.71521
2.64781
2.59129
2.54193
2.51744
2.50286
2.48003
2.45011
2.407
2.3415
2.27163
2.21735
2.18427
2.16727
2.15051
2.12595
2.09823
2.06878
2.03791
2.00716
1.9765
1.9414
1.89428
1.84277
1.81685
1.80705
1.7956
1.78366
1.77117
1.7556
1.73484
1.69751
1.65186
1.61426
1.59341
1.58157
1.56873
1.55621
1.54488
1.53123
1.50734
1.47436
1.45326
1.44107
1.429
1.41754
1.40539
1.38741
1.35968
1.33568
1.32765
1.32146
1.3144
1.30659
1.29797
1.28687
1.26696
1.23479
1.21451
1.21256
1.22673
1.38043
2.04902
2.75283
3.22116
3.24684
3.19171
3.16112
3.14811
3.14402
3.11254
3.07275
3.04667
3.02318
2.99114
2.94953
2.90372
2.86165
2.83669
2.8195
2.80373
2.78846
2.76988
2.74543
2.71767
2.68001
2.62947
2.59827
2.58126
2.56566
2.55277
2.53737
2.51887
2.49746
2.46619
2.41862
2.37604
2.35563
2.34101
2.32859
2.31851
2.30629
2.29193
2.27435
2.24692
2.20687
2.18316
2.17108
2.15991
2.14777
2.13365
2.11762
2.09572
2.06528
2.04092
2.02444
2.00972
1.99795
1.98725
1.97594
1.96342
1.94743
1.9234
1.89961
1.88396
1.87018
1.85545
1.83973
1.82335
1.8067
1.79122
1.78029
1.76816
1.75457
1.74176
1.72792
1.71155
1.69425
1.67997
1.66988
1.66129
1.64843
1.62827
1.60567
1.59024
1.58042
1.57332
1.56654
1.55977
1.55185
1.54085
1.52514
1.50481
1.48323
1.46566
1.45292
1.44393
1.43745
1.42952
1.4194
1.40882
1.40048
1.39434
1.38982
1.38641
1.383
1.38078
1.37707
1.3566
1.32121
1.31054
1.31466
1.33228
1.36602
1.41537
1.47964
1.54761
1.62015
1.69473
1.71945
1.73728
1.74639
1.74425
1.74407
1.74118
1.72494
1.72159
1.72099
1.71935
1.72007
1.71476
1.70829
1.70004
1.68825
1.67162
1.65438
1.64154
1.63508
1.63164
1.6239
1.61107
1.59892
1.59188
1.58676
1.58279
1.58013
1.57902
1.58016
1.57835
1.5709
1.55719
1.53313
1.5077
1.49424
1.48688
1.48142
1.47579
1.4701
1.46574
1.4641
1.47244
1.48761
1.49015
1.48491
1.47762
1.4667
1.44697
1.41761
1.39161
1.38268
1.38072
1.37958
1.37905
1.38085
1.38561
1.38375
1.37989
1.37533
1.36921
1.35985
1.34258
1.31859
1.30107
1.29331
1.29055
1.29016
1.29704
1.30534
1.30395
1.29826
1.29208
1.28398
1.27137
1.25347
1.24158
1.23761
1.23578
1.23407
1.23334
1.23192
1.22966
1.2269
1.22214
1.21199
1.20021
1.19435
1.18987
1.1852
1.18072
1.17555
1.1676
1.15511
1.14263
1.13839
1.13612
1.13329
1.13117
1.13234
1.131
1.12721
1.12382
1.11847
1.10845
1.10062
1.09962
1.09973
1.09882
1.09727
1.09558
1.09312
1.08965
1.08116
1.06384
1.04572
1.03681
1.03418
1.03254
1.03065
1.02853
1.02617
1.02738
1.03572
1.04949
6.19746
6.10447
6.01118
5.91924
5.82641
5.72935
5.62924
5.53328
5.44052
5.34957
5.25826
5.16626
5.07286
4.98064
4.89316
4.81123
4.72599
4.63235
4.53459
4.44094
4.36644
4.29743
4.22321
4.14533
4.05469
3.96691
3.89673
3.82965
3.76841
3.70037
3.62255
3.55072
3.47969
3.42088
3.36648
3.31521
3.25558
3.18502
3.11722
3.04306
3.0004
2.96344
2.91797
2.86885
2.80432
2.73117
2.67086
2.628
2.59382
2.57518
2.55458
2.52468
2.48479
2.4185
2.34362
2.28393
2.25344
2.2326
2.21435
2.19072
2.163
2.13218
2.10065
2.0689
2.03636
2.00176
1.95583
1.90149
1.87051
1.8606
1.85169
1.84006
1.82633
1.80998
1.78648
1.74533
1.69764
1.65804
1.6351
1.62603
1.61881
1.6086
1.59591
1.58157
1.55808
1.52091
1.48991
1.47329
1.46321
1.45279
1.44095
1.42761
1.40865
1.38055
1.35943
1.35221
1.34578
1.33832
1.32964
1.3188
1.30127
1.27107
1.24495
1.24214
1.26174
1.44545
2.1406
3.06387
3.22892
3.26132
3.23718
3.22235
3.22026
3.21053
3.19078
3.16161
3.12482
3.08305
3.04275
3.0074
2.96814
2.92667
2.89823
2.87698
2.86104
2.84785
2.8312
2.80977
2.77891
2.73421
2.69063
2.65351
2.6284
2.61219
2.59781
2.58009
2.55887
2.53587
2.5102
2.47949
2.44279
2.40828
2.38623
2.37092
2.35674
2.34164
2.32573
2.30941
2.28984
2.26321
2.23123
2.20723
2.19332
2.18203
2.16924
2.1537
2.13441
2.10759
2.07675
2.05769
2.04497
2.03253
2.0191
2.00399
1.98738
1.96889
1.9496
1.93225
1.92002
1.90933
1.89722
1.88332
1.86715
1.8461
1.81915
1.79284
1.7764
1.76887
1.76352
1.75661
1.74704
1.73417
1.71676
1.69282
1.67157
1.65972
1.65198
1.64309
1.62878
1.60657
1.58484
1.57239
1.5644
1.55763
1.55317
1.54896
1.54179
1.53203
1.51656
1.49184
1.46333
1.44552
1.43561
1.42964
1.42407
1.41725
1.41125
1.40565
1.39922
1.39176
1.38472
1.37907
1.37322
1.36243
1.33695
1.30947
1.29519
1.28766
1.28568
1.28827
1.29978
1.32302
1.35946
1.40925
1.47226
1.54056
1.6023
1.634
1.64977
1.66895
1.6877
1.69739
1.70405
1.70074
1.69923
1.70193
1.70203
1.69643
1.68959
1.67839
1.65904
1.63696
1.61841
1.60727
1.60362
1.59929
1.59135
1.58381
1.57839
1.57378
1.57038
1.56749
1.56417
1.56121
1.55781
1.55084
1.53536
1.50823
1.48795
1.4802
1.47528
1.47044
1.46597
1.46225
1.45963
1.46215
1.46814
1.47337
1.47236
1.46716
1.45979
1.44651
1.42701
1.40222
1.3832
1.37812
1.3765
1.37596
1.37819
1.37769
1.37396
1.36988
1.36535
1.35941
1.35156
1.34081
1.32369
1.30164
1.28881
1.28443
1.28194
1.28106
1.28282
1.28586
1.28731
1.28433
1.27929
1.27133
1.25791
1.24016
1.23135
1.22918
1.22954
1.22837
1.22601
1.22323
1.22007
1.21565
1.20862
1.19696
1.18673
1.18187
1.17733
1.17278
1.16801
1.16132
1.15042
1.13823
1.13275
1.1306
1.1284
1.12669
1.12947
1.13071
1.12597
1.12144
1.11659
1.10777
1.09618
1.09231
1.09208
1.09103
1.08945
1.08785
1.08536
1.08158
1.07565
1.06361
1.04461
1.03043
1.02525
1.02322
1.02139
1.01934
1.0169
1.01655
1.02316
1.0372
6.2144
6.12159
6.02896
5.93729
5.84252
5.74253
5.64449
5.55131
5.46155
5.37242
5.28274
5.19104
5.09748
5.00594
4.92253
4.84111
4.75191
4.65558
4.55598
4.47494
4.40597
4.33363
4.2592
4.17476
4.08235
4.00565
3.93616
3.87297
3.80917
3.73484
3.65962
3.58587
3.52204
3.46544
3.4097
3.35142
3.28064
3.21129
3.13918
3.08499
3.0509
3.00584
2.95651
2.89612
2.81888
2.75421
2.71155
2.67799
2.64991
2.62756
2.59856
2.55954
2.50063
2.41925
2.35193
2.32213
2.30142
2.28009
2.25656
2.22822
2.19675
2.16406
2.13159
2.0976
2.06113
2.01669
1.96293
1.92649
1.9164
1.90685
1.89485
1.88179
1.86545
1.83877
1.79366
1.74396
1.70122
1.68141
1.67355
1.66668
1.65919
1.64953
1.63487
1.60666
1.56398
1.52913
1.511
1.49846
1.48762
1.47748
1.46546
1.45067
1.43014
1.40153
1.38324
1.3763
1.3694
1.36137
1.35145
1.33675
1.30889
1.27737
1.2728
1.30089
1.55214
2.24185
3.1641
3.37557
3.37878
3.3522
3.32387
3.2987
3.27662
3.24697
3.20686
3.1808
3.15284
3.11985
3.08283
3.04092
2.9936
2.95166
2.92895
2.91142
2.90124
2.88981
2.86967
2.84294
2.80225
2.74278
2.6992
2.68017
2.6642
2.64957
2.63219
2.61035
2.58476
2.5562
2.52377
2.48995
2.45968
2.43307
2.41085
2.3941
2.37882
2.36257
2.3452
2.3253
2.29938
2.27092
2.25135
2.23631
2.22156
2.20675
2.1905
2.17167
2.14939
2.12036
2.09292
2.07627
2.06296
2.04936
2.03473
2.01869
1.99986
1.97656
1.94995
1.93566
1.92631
1.9183
1.90895
1.89782
1.88479
1.86683
1.8396
1.80775
1.78621
1.77439
1.76566
1.75851
1.75298
1.74517
1.73335
1.71322
1.6839
1.66434
1.65537
1.64856
1.64104
1.62761
1.60346
1.57935
1.56761
1.5595
1.5521
1.54745
1.5468
1.54118
1.5322
1.51983
1.49796
1.46416
1.44032
1.42906
1.42203
1.4169
1.41283
1.41026
1.40654
1.40076
1.39449
1.38793
1.38081
1.37077
1.35265
1.32532
1.29911
1.28429
1.27904
1.27664
1.27303
1.27027
1.27003
1.2746
1.28557
1.30763
1.34079
1.38782
1.43509
1.46938
1.51427
1.55357
1.58685
1.61184
1.62929
1.64844
1.67043
1.68324
1.68299
1.67649
1.66601
1.64564
1.61742
1.59319
1.57867
1.57495
1.57449
1.57552
1.57142
1.5679
1.56394
1.55937
1.55357
1.54797
1.54369
1.53796
1.52792
1.50786
1.48574
1.47782
1.47374
1.47061
1.46734
1.4635
1.45936
1.45457
1.45198
1.45111
1.45139
1.44863
1.44333
1.43689
1.42579
1.41119
1.39333
1.37851
1.37404
1.37238
1.37
1.3672
1.36362
1.3598
1.35557
1.3508
1.3449
1.33812
1.32918
1.31385
1.29301
1.28058
1.27532
1.27164
1.26832
1.26615
1.26666
1.26947
1.26828
1.26395
1.25738
1.24598
1.23135
1.22216
1.21862
1.2179
1.21741
1.21621
1.21401
1.21
1.20349
1.19333
1.18035
1.17175
1.16716
1.16291
1.15865
1.15363
1.14616
1.13614
1.12932
1.12677
1.12496
1.12345
1.12414
1.12512
1.12147
1.11626
1.11136
1.1049
1.0932
1.08448
1.08371
1.08322
1.08201
1.08061
1.07834
1.07499
1.06997
1.06072
1.04336
1.02593
1.01844
1.01586
1.01407
1.01226
1.01035
1.01009
1.01475
1.02575
6.22695
6.135
6.04386
5.95081
5.854
5.75688
5.6625
5.57053
5.48094
5.39411
5.30599
5.21419
5.12193
5.03343
4.95174
4.86649
4.77478
4.67566
4.5857
4.51416
4.44312
4.3709
4.29252
4.20197
4.11758
4.04278
3.97583
3.91281
3.84496
3.77145
3.69515
3.62508
3.56373
3.50296
3.44521
3.37794
3.30656
3.2392
3.17406
3.13719
3.09294
3.04209
2.98632
2.9103
2.84228
2.79495
2.76328
2.73018
2.70136
2.6718
2.63432
2.58134
2.50243
2.42274
2.38785
2.37098
2.34811
2.32381
2.29599
2.26421
2.22912
2.19444
2.15988
2.12223
2.07697
2.0239
1.98434
1.9728
1.96409
1.9512
1.93682
1.91985
1.89197
1.8447
1.79162
1.74782
1.72841
1.72196
1.7176
1.70946
1.70002
1.68751
1.65791
1.60812
1.56671
1.54575
1.53597
1.52629
1.51514
1.5043
1.49121
1.47309
1.44856
1.42146
1.40766
1.4007
1.39323
1.38395
1.37121
1.34761
1.31422
1.30545
1.34579
1.67245
2.48034
3.20718
3.51421
3.48218
3.41741
3.37688
3.35917
3.32314
3.29144
3.26535
3.23308
3.20849
3.18555
3.15703
3.12111
3.06482
3.00584
2.98028
2.96267
2.95258
2.94596
2.92635
2.90243
2.86835
2.8123
2.76234
2.73674
2.71856
2.70285
2.68529
2.66452
2.63913
2.60782
2.57118
2.53529
2.50696
2.48626
2.46771
2.44707
2.42357
2.40009
2.37906
2.36027
2.34059
2.31268
2.28462
2.26973
2.25743
2.24367
2.22714
2.20753
2.18289
2.15537
2.13166
2.1143
2.10039
2.08689
2.07274
2.05704
2.03879
2.01585
1.98797
1.9636
1.94687
1.93465
1.92415
1.9141
1.9035
1.89197
1.87654
1.85494
1.83268
1.81382
1.79571
1.7787
1.76488
1.75414
1.7459
1.73758
1.72535
1.70514
1.68159
1.66456
1.65247
1.64217
1.63188
1.61622
1.59171
1.57364
1.56451
1.55701
1.5505
1.54636
1.5439
1.53818
1.53072
1.52068
1.50083
1.46442
1.43556
1.42363
1.4163
1.41076
1.40665
1.40527
1.40273
1.39801
1.39347
1.38886
1.38105
1.36719
1.3463
1.31994
1.29702
1.283
1.27384
1.26789
1.26456
1.26199
1.2587
1.25577
1.25485
1.25666
1.25897
1.26582
1.27899
1.30092
1.33013
1.37092
1.42098
1.46617
1.50812
1.54875
1.58699
1.6257
1.64781
1.64931
1.64084
1.62209
1.59739
1.57082
1.55549
1.55094
1.55165
1.56204
1.56463
1.55986
1.5539
1.54706
1.54026
1.53359
1.52551
1.51562
1.50262
1.48589
1.47662
1.47176
1.47008
1.46885
1.46248
1.45169
1.44182
1.43601
1.4313
1.42715
1.42675
1.42599
1.42132
1.41721
1.41044
1.39757
1.37925
1.36273
1.35668
1.3542
1.35114
1.34732
1.34414
1.3417
1.34014
1.33851
1.33503
1.33054
1.32244
1.30691
1.28523
1.27042
1.26308
1.25885
1.25511
1.25149
1.25021
1.25343
1.25234
1.2492
1.24511
1.23576
1.22141
1.21113
1.20731
1.20585
1.20432
1.20324
1.20167
1.19823
1.1902
1.17621
1.16096
1.15414
1.15096
1.14759
1.14364
1.13974
1.13446
1.12915
1.12542
1.12358
1.1213
1.11889
1.12079
1.11975
1.1143
1.10822
1.1008
1.08961
1.07794
1.07434
1.07452
1.07432
1.07326
1.07153
1.06898
1.06514
1.05782
1.04311
1.02353
1.01349
1.01038
1.0088
1.00753
1.00639
1.00658
1.00934
1.01608
6.24015
6.15045
6.05966
5.96437
5.86802
5.77502
5.68299
5.59127
5.50187
5.41499
5.32601
5.23614
5.14669
5.0629
4.97782
4.88799
4.79301
4.70025
4.62388
4.5515
4.48006
4.40593
4.32021
4.232
4.15135
4.08021
4.01434
3.94923
3.88053
3.80529
3.73055
3.66319
3.59632
3.53785
3.47448
3.40377
3.33941
3.27055
3.2241
3.18067
3.12738
3.07378
3.00608
2.93171
2.88234
2.84519
2.81308
2.77823
2.74624
2.70872
2.66094
2.58775
2.50125
2.4513
2.43704
2.41705
2.39202
2.36463
2.33388
2.29863
2.26036
2.22299
2.18448
2.13862
2.0847
2.04257
2.02903
2.02099
2.00856
1.99369
1.97563
1.94604
1.89636
1.84009
1.79649
1.7785
1.77215
1.76813
1.76126
1.75169
1.73847
1.70839
1.65575
1.60412
1.58261
1.57392
1.56495
1.55596
1.54515
1.53362
1.51896
1.49514
1.4648
1.44246
1.43178
1.42416
1.41567
1.40437
1.38552
1.35312
1.34162
1.38458
1.76756
2.68446
3.43494
3.52861
3.49316
3.45454
3.43906
3.42255
3.41232
3.38313
3.33835
3.30075
3.27202
3.24699
3.2212
3.18711
3.13783
3.07979
3.04073
3.01981
3.00605
3.00201
2.98584
2.96007
2.92384
2.86781
2.81498
2.78836
2.77012
2.7564
2.7404
2.7198
2.69565
2.66441
2.62157
2.57824
2.54921
2.53047
2.51415
2.49803
2.48022
2.45935
2.43539
2.40708
2.37507
2.34594
2.32301
2.30717
2.29387
2.2808
2.2666
2.25005
2.22945
2.19813
2.15986
2.13976
2.1269
2.11392
2.10066
2.08749
2.07304
2.05399
2.02737
1.999
1.9812
1.96727
1.95311
1.93918
1.92534
1.91072
1.89537
1.87761
1.85957
1.84601
1.8349
1.8218
1.80444
1.78216
1.76102
1.74601
1.73592
1.72746
1.71602
1.7014
1.68685
1.67168
1.6556
1.63892
1.62044
1.59827
1.57903
1.56913
1.56197
1.55532
1.55021
1.54801
1.54419
1.53761
1.52998
1.51963
1.4994
1.46356
1.43355
1.42091
1.41364
1.40845
1.40422
1.40173
1.39721
1.39168
1.38744
1.38387
1.37777
1.36488
1.34617
1.32049
1.29415
1.28023
1.27275
1.26659
1.26044
1.25423
1.25019
1.24732
1.2447
1.24189
1.23975
1.23617
1.22824
1.21639
1.21401
1.22501
1.25342
1.29884
1.34931
1.39821
1.44776
1.49685
1.5496
1.59022
1.59585
1.59182
1.57423
1.54772
1.53112
1.52675
1.5296
1.54458
1.55389
1.55018
1.54303
1.53573
1.52717
1.51542
1.50328
1.49173
1.47862
1.46547
1.45818
1.45424
1.45
1.44526
1.44062
1.43283
1.42372
1.41871
1.41471
1.41279
1.41585
1.41443
1.41022
1.40437
1.39368
1.37576
1.35515
1.34148
1.33532
1.33124
1.3281
1.32569
1.32379
1.32337
1.32757
1.332
1.32977
1.32261
1.3114
1.29286
1.26977
1.25743
1.25203
1.24808
1.24427
1.24136
1.24184
1.24364
1.24075
1.23758
1.23385
1.22446
1.20987
1.20047
1.19793
1.19656
1.19488
1.19206
1.18825
1.18258
1.17121
1.15415
1.14301
1.14009
1.13766
1.13419
1.13174
1.13109
1.12832
1.12289
1.11691
1.11382
1.11133
1.10943
1.109
1.10554
1.10034
1.0944
1.08633
1.07497
1.06631
1.0647
1.06489
1.06464
1.06362
1.06192
1.05903
1.05377
1.04389
1.02728
1.01191
1.00672
1.00513
1.00408
1.00317
1.00311
1.00533
1.0099
6.25896
6.16835
6.07546
5.97874
5.88511
5.79548
5.70633
5.61537
5.52455
5.43421
5.34459
5.25661
5.17308
5.08897
5.00052
4.90722
4.81388
4.73432
4.66064
4.58864
4.51647
4.43707
4.34901
4.26173
4.18441
4.11596
4.05052
3.98507
3.91306
3.83683
3.76464
3.69084
3.62945
3.56964
3.50216
3.43873
3.37221
3.31433
3.26913
3.21462
3.16025
3.10033
3.02653
2.97146
2.92817
2.89344
2.85617
2.82221
2.78471
2.73949
2.67535
2.58757
2.51939
2.50082
2.48476
2.46055
2.43348
2.40317
2.36896
2.32992
2.28892
2.24817
2.20233
2.14748
2.10222
2.08608
2.07721
2.0652
2.05065
2.03274
2.0026
1.95016
1.8899
1.84505
1.82894
1.824
1.82062
1.81282
1.80294
1.78971
1.75964
1.70502
1.64655
1.61803
1.61186
1.60533
1.59681
1.58907
1.57963
1.56663
1.54588
1.51047
1.48092
1.46728
1.45771
1.44841
1.43716
1.42022
1.39084
1.38172
1.44435
1.85349
2.85567
3.51117
3.65965
3.64785
3.56799
3.51621
3.50124
3.48194
3.45867
3.42645
3.38301
3.3355
3.3012
3.27419
3.24407
3.19804
3.13625
3.09715
3.07797
3.06614
3.06166
3.0454
3.01937
2.98404
2.93
2.86897
2.83915
2.82155
2.81041
2.7963
2.77465
2.74916
2.71592
2.67425
2.6315
2.59836
2.57481
2.55394
2.53456
2.51633
2.4986
2.48049
2.46021
2.43481
2.4005
2.36352
2.34201
2.32737
2.31334
2.29881
2.28269
2.26468
2.24318
2.21384
2.18305
2.16441
2.15078
2.13702
2.12165
2.10459
2.08645
2.06589
2.04085
2.01698
2.00009
1.98573
1.97126
1.95613
1.93999
1.9218
1.90178
1.87937
1.86284
1.85502
1.848
1.83912
1.82743
1.81072
1.78441
1.75265
1.73004
1.71843
1.71281
1.7084
1.70038
1.69017
1.67824
1.66246
1.63803
1.60631
1.58322
1.57145
1.56327
1.5563
1.55157
1.55188
1.54778
1.54027
1.53371
1.52613
1.51544
1.49567
1.46254
1.43276
1.41925
1.41158
1.40613
1.4021
1.39863
1.39399
1.389
1.383
1.3767
1.37021
1.36074
1.34628
1.32545
1.30149
1.28417
1.27279
1.26342
1.25581
1.24969
1.24454
1.23993
1.23567
1.23136
1.22708
1.22381
1.21767
1.20218
1.18388
1.17417
1.17522
1.18438
1.2046
1.23577
1.27621
1.3277
1.37949
1.43339
1.50247
1.53096
1.53011
1.5153
1.49989
1.49963
1.50501
1.51751
1.53303
1.53558
1.53174
1.51993
1.50611
1.49582
1.48525
1.47283
1.46043
1.44615
1.43648
1.43267
1.43115
1.42854
1.42378
1.41593
1.41086
1.40769
1.40602
1.40937
1.4114
1.4083
1.40137
1.38887
1.36931
1.34761
1.33164
1.32268
1.31816
1.31512
1.3125
1.31024
1.30931
1.31292
1.31876
1.3194
1.31557
1.30843
1.2938
1.27118
1.25392
1.24734
1.24308
1.23926
1.23646
1.23585
1.23771
1.23565
1.23202
1.22895
1.22423
1.21358
1.19812
1.19062
1.1891
1.18692
1.18369
1.1797
1.1738
1.16376
1.14897
1.13756
1.13261
1.13056
1.12866
1.12687
1.12448
1.1219
1.11863
1.11353
1.10837
1.10557
1.10257
1.09935
1.09797
1.09438
1.08941
1.08317
1.07402
1.06267
1.05555
1.05463
1.05449
1.05378
1.05262
1.05063
1.0474
1.04205
1.03264
1.0166
1.00465
1.00194
1.00099
1.00016
1.0003
1.00224
1.00503
6.2704
6.18036
6.08637
5.99294
5.90378
5.81517
5.72667
5.63789
5.54719
5.45424
5.36288
5.27898
5.19839
5.11361
5.02238
4.92684
4.84338
4.76884
4.69697
4.62524
4.54866
4.46399
4.37501
4.29149
4.21808
4.15202
4.08957
4.01996
3.94347
3.86766
3.78795
3.72089
3.66351
3.59979
3.53756
3.47499
3.40927
3.35839
3.3036
3.24719
3.1926
3.12506
3.06392
3.01516
2.97315
2.93422
2.89683
2.86171
2.81742
2.76075
2.67869
2.59595
2.56735
2.55342
2.53071
2.50312
2.47267
2.43777
2.39872
2.35682
2.31355
2.26681
2.21205
2.16375
2.1452
2.13512
2.12236
2.10759
2.08999
2.06061
2.0073
1.9432
1.89487
1.87886
1.87481
1.87353
1.86522
1.85437
1.84042
1.81059
1.75598
1.69304
1.65747
1.65025
1.64584
1.63899
1.63159
1.62463
1.61546
1.59759
1.5598
1.51989
1.50167
1.49284
1.4836
1.47231
1.45654
1.42782
1.41934
1.52672
2.04324
2.95112
3.70914
3.80607
3.74141
3.63656
3.57746
3.54367
3.52045
3.50458
3.48411
3.4568
3.42311
3.38045
3.33858
3.30064
3.25739
3.20123
3.1517
3.12882
3.11471
3.11053
3.1004
3.07426
3.04289
2.9908
2.93049
2.8991
2.87968
2.86674
2.85389
2.83168
2.80443
2.76905
2.72102
2.6763
2.65011
2.63012
2.60905
2.58579
2.56102
2.53684
2.51465
2.49324
2.47088
2.44385
2.41116
2.3852
2.3687
2.35406
2.33946
2.32315
2.30335
2.27684
2.2453
2.21864
2.20071
2.18605
2.17178
2.15746
2.14223
2.12432
2.10198
2.07274
2.04715
2.03303
2.01984
2.00525
1.98905
1.97132
1.95276
1.93318
1.91086
1.8899
1.87538
1.86553
1.85768
1.85036
1.84186
1.83029
1.81107
1.77661
1.73964
1.72094
1.71024
1.70292
1.69965
1.6963
1.68927
1.67865
1.66283
1.63861
1.60679
1.58196
1.56933
1.56069
1.55388
1.54974
1.54737
1.54259
1.53771
1.53228
1.52491
1.51386
1.49692
1.46958
1.43699
1.41767
1.4076
1.39971
1.39332
1.38822
1.38484
1.38129
1.37705
1.37048
1.36303
1.35468
1.34177
1.32198
1.30219
1.28899
1.27836
1.26779
1.2578
1.24943
1.24259
1.23681
1.23089
1.22466
1.21885
1.21379
1.20617
1.19032
1.17249
1.16111
1.15401
1.14948
1.1488
1.1521
1.16373
1.18462
1.21699
1.26754
1.32267
1.37981
1.42971
1.44924
1.44837
1.45628
1.46675
1.48006
1.49427
1.49476
1.49419
1.49614
1.49213
1.48376
1.47605
1.46553
1.44795
1.43128
1.42595
1.42361
1.42101
1.41641
1.40954
1.4047
1.4018
1.4009
1.40462
1.40941
1.4073
1.40073
1.38951
1.36917
1.34344
1.32506
1.31511
1.31039
1.30782
1.30541
1.30329
1.3025
1.30585
1.31104
1.30959
1.30437
1.29755
1.2879
1.27024
1.2519
1.24428
1.23978
1.23565
1.23219
1.2306
1.23238
1.23128
1.22763
1.22455
1.22132
1.21474
1.20027
1.18475
1.17972
1.17721
1.17398
1.17008
1.16491
1.15733
1.14657
1.13538
1.12858
1.12579
1.12453
1.12365
1.12053
1.11765
1.11511
1.11111
1.10412
1.09908
1.09614
1.09265
1.08989
1.08837
1.08383
1.07837
1.07246
1.06304
1.05124
1.04507
1.04375
1.0428
1.04153
1.04034
1.03901
1.03675
1.03261
1.02305
1.00691
0.998758
0.997484
0.997417
0.996778
0.99737
0.999574
6.28307
6.19093
6.09885
6.01216
5.92447
5.83533
5.74728
5.65979
5.56847
5.47452
5.38543
5.3049
5.22298
5.13606
5.04256
4.95518
4.87697
4.80297
4.73146
4.65698
4.57573
4.4878
4.40054
4.32241
4.25222
4.19073
4.12494
4.0514
3.97504
3.89048
3.81494
3.75702
3.69597
3.63529
3.57635
3.50823
3.44965
3.39331
3.33497
3.28239
3.22239
3.16023
3.10584
3.0564
3.01461
2.97278
2.93768
2.89516
2.84095
2.76702
2.68172
2.63773
2.62417
2.60447
2.57655
2.54454
2.50763
2.46609
2.42315
2.37985
2.33205
2.27657
2.22607
2.2052
2.19455
2.18115
2.16587
2.14802
2.1197
2.06655
2.0002
1.948
1.93042
1.9256
1.92541
1.91754
1.90571
1.89111
1.86197
1.80741
1.74069
1.7
1.69099
1.68713
1.68231
1.6755
1.66826
1.65987
1.64558
1.6083
1.5614
1.53766
1.52847
1.51967
1.50913
1.49439
1.46652
1.46038
1.57932
2.25912
3.17512
3.83122
3.89072
3.82153
3.71536
3.65313
3.61812
3.59442
3.56985
3.54491
3.5237
3.49769
3.46559
3.42221
3.37225
3.32275
3.26561
3.21875
3.19832
3.18357
3.17408
3.15697
3.13261
3.10122
3.04465
2.98262
2.94824
2.92909
2.91697
2.90593
2.88545
2.861
2.82724
2.77745
2.72916
2.70201
2.68197
2.66134
2.63913
2.6149
2.58922
2.56432
2.54048
2.51517
2.48668
2.45238
2.41529
2.39419
2.38068
2.36827
2.35513
2.3404
2.32324
2.29779
2.25845
2.23136
2.2186
2.20621
2.19241
2.17681
2.16004
2.14099
2.117
2.08899
2.06749
2.05268
2.03858
2.02367
2.00713
1.98731
1.96206
1.93306
1.91087
1.89893
1.88877
1.87776
1.869
1.86119
1.85231
1.84187
1.82766
1.80535
1.77368
1.73994
1.7169
1.70311
1.6939
1.68829
1.68576
1.68129
1.67291
1.65893
1.64016
1.61575
1.59036
1.57306
1.56245
1.55306
1.54433
1.5359
1.52863
1.52361
1.52132
1.51709
1.50989
1.49846
1.478
1.4463
1.41936
1.4053
1.39584
1.38771
1.38011
1.37395
1.36987
1.36956
1.36865
1.36342
1.35331
1.33801
1.31645
1.29706
1.28505
1.27501
1.26463
1.2547
1.24622
1.23925
1.23395
1.22908
1.2232
1.21776
1.21251
1.20312
1.18262
1.16064
1.14952
1.14374
1.13997
1.13609
1.13244
1.13135
1.13256
1.13985
1.15475
1.18001
1.21716
1.25999
1.29693
1.32716
1.35706
1.38029
1.40568
1.42368
1.43926
1.45885
1.4754
1.48045
1.48084
1.47635
1.4635
1.4436
1.42797
1.42073
1.41634
1.41174
1.40639
1.40235
1.39905
1.39826
1.4017
1.40595
1.40307
1.39649
1.388
1.37293
1.3473
1.32284
1.31028
1.3053
1.30303
1.30096
1.29899
1.2981
1.30133
1.30557
1.30252
1.29711
1.2906
1.2811
1.26501
1.24457
1.23385
1.22968
1.22532
1.22204
1.22096
1.22364
1.22663
1.22433
1.22112
1.21747
1.2111
1.20023
1.18349
1.17002
1.16475
1.16117
1.15757
1.1539
1.14978
1.1446
1.13786
1.12888
1.12354
1.12203
1.12001
1.11625
1.11303
1.11003
1.10593
1.09947
1.0929
1.08982
1.08668
1.08326
1.082
1.07958
1.0754
1.07002
1.06262
1.05014
1.03718
1.03359
1.03272
1.03179
1.03078
1.03009
1.0298
1.028
1.02323
1.01318
0.99897
0.990926
0.988933
0.988834
0.989981
0.991904
6.29476
6.20389
6.11588
6.03071
5.94417
5.85472
5.76639
5.67808
5.58846
5.49897
5.41401
5.33039
5.24584
5.15679
5.06864
4.98744
4.91086
4.83744
4.76324
4.68496
4.59884
4.50946
4.42747
4.35243
4.28982
4.22696
4.15634
4.08222
3.99813
3.91336
3.85179
3.79214
3.73244
3.67574
3.60941
3.54508
3.48458
3.4236
3.37001
3.31518
3.25608
3.19839
3.14351
3.09758
3.05369
3.01561
2.97398
2.9198
2.84935
2.76769
2.71138
2.69556
2.67977
2.65319
2.62063
2.58113
2.53578
2.48995
2.44593
2.39884
2.34223
2.28834
2.26471
2.25404
2.2407
2.22513
2.20735
2.18014
2.1276
2.05966
2.00441
1.98484
1.97882
1.97756
1.97006
1.9576
1.94231
1.91327
1.8596
1.79067
1.74406
1.73294
1.72915
1.72685
1.72084
1.71342
1.70462
1.69093
1.65675
1.60522
1.57219
1.56397
1.55612
1.54565
1.53288
1.50764
1.50703
1.66925
2.38369
3.40458
3.85951
3.98264
3.93207
3.8322
3.73604
3.69878
3.68446
3.66856
3.63168
3.59385
3.562
3.5299
3.49593
3.45204
3.39097
3.3279
3.28576
3.26241
3.24639
3.23685
3.22049
3.19325
3.15582
3.1006
3.03877
2.99512
2.97454
2.96125
2.95341
2.93507
2.91062
2.88053
2.83313
2.78237
2.75483
2.73532
2.7142
2.69043
2.66467
2.6377
2.61145
2.58818
2.56656
2.54256
2.51181
2.47402
2.43948
2.417
2.40014
2.38366
2.36621
2.34744
2.32797
2.305
2.27514
2.24913
2.23326
2.22048
2.20783
2.19341
2.17472
2.15021
2.1211
2.1029
2.09116
2.07936
2.0667
2.05194
2.03411
2.01155
1.98068
1.94368
1.91586
1.89989
1.88891
1.88068
1.87448
1.86723
1.85859
1.84887
1.8365
1.82051
1.80153
1.77766
1.74607
1.71503
1.69574
1.68392
1.67594
1.66988
1.66686
1.66255
1.65388
1.6405
1.62232
1.59837
1.5744
1.55771
1.54599
1.53729
1.5298
1.5234
1.51911
1.51732
1.51481
1.50933
1.50036
1.48227
1.44835
1.41543
1.39883
1.38889
1.38081
1.37345
1.3675
1.36285
1.36017
1.36006
1.35726
1.34902
1.33463
1.31272
1.29168
1.28026
1.27199
1.26325
1.25362
1.24439
1.23801
1.23405
1.23138
1.22676
1.22059
1.21247
1.19898
1.17753
1.15488
1.14332
1.13738
1.13212
1.12779
1.12554
1.12327
1.12082
1.11989
1.12055
1.12187
1.12492
1.13476
1.14581
1.16363
1.19541
1.23731
1.28859
1.33217
1.36632
1.40604
1.44155
1.45424
1.45706
1.45596
1.44353
1.42685
1.41837
1.40863
1.40046
1.39725
1.39088
1.38288
1.37991
1.38209
1.38748
1.39088
1.38814
1.38119
1.36923
1.34923
1.32652
1.31352
1.30618
1.30216
1.3
1.29812
1.29697
1.29948
1.3002
1.29604
1.29119
1.28553
1.27688
1.26211
1.24103
1.22224
1.21427
1.21085
1.20793
1.20584
1.20629
1.2106
1.21158
1.2085
1.20546
1.20259
1.1966
1.18312
1.16442
1.15207
1.14793
1.14512
1.14245
1.14055
1.13968
1.13679
1.13117
1.12403
1.11613
1.11201
1.11027
1.10827
1.10582
1.10203
1.09532
1.08796
1.08334
1.08043
1.07733
1.07589
1.0737
1.0689
1.06469
1.05873
1.04785
1.03194
1.02505
1.02431
1.0242
1.02364
1.02323
1.02348
1.02239
1.01967
1.01428
1.00345
0.989559
0.982035
0.980037
0.980059
0.98025
6.3002
6.21387
6.13099
6.04728
5.96121
5.87358
5.78592
5.69717
5.60861
5.52401
5.44085
5.35588
5.26782
5.18094
5.09818
5.01869
4.943
4.86701
4.79037
4.70805
4.61983
4.53539
4.45586
4.39011
4.32735
4.2577
4.18544
4.1062
4.01753
3.94887
3.88819
3.82862
3.77332
3.70989
3.6439
3.57936
3.51515
3.45897
3.4048
3.3483
3.29002
3.23152
3.18109
3.13664
3.09719
3.05531
3.00133
2.9312
2.85138
2.78705
2.76705
2.75371
2.72879
2.69641
2.65606
2.60762
2.55885
2.5139
2.46819
2.41234
2.35331
2.32465
2.31324
2.30039
2.28511
2.26721
2.24072
2.18884
2.11994
2.06236
2.04095
2.03452
2.03213
2.02337
2.01011
1.99416
1.96515
1.91228
1.84131
1.78938
1.77539
1.77153
1.77119
1.76727
1.75993
1.75091
1.73715
1.70444
1.65093
1.60925
1.59877
1.5925
1.58285
1.57112
1.54804
1.55936
1.80102
2.57544
3.61337
4.0412
4.05321
4.0134
3.93561
3.85213
3.787
3.7559
3.7371
3.71255
3.67542
3.634
3.59317
3.55488
3.51597
3.46687
3.40501
3.35449
3.32835
3.31154
3.30049
3.28171
3.2564
3.22305
3.16783
3.09925
3.05483
3.03246
3.01688
3.00402
2.98294
2.95931
2.93037
2.88627
2.83544
2.80639
2.78743
2.76758
2.74473
2.71707
2.68436
2.65168
2.62469
2.60254
2.58239
2.56044
2.53142
2.49456
2.46416
2.44634
2.4306
2.41323
2.39308
2.36792
2.33711
2.30595
2.28472
2.26922
2.25252
2.23364
2.21401
2.19749
2.18286
2.16004
2.13065
2.11358
2.10194
2.09238
2.0831
2.06973
2.0519
2.0275
1.99539
1.96263
1.93743
1.91813
1.90205
1.88801
1.87558
1.86402
1.85242
1.84132
1.83221
1.82365
1.81344
1.79955
1.78
1.74902
1.71069
1.68723
1.67518
1.66747
1.66164
1.65796
1.6559
1.65
1.64053
1.62542
1.60081
1.57082
1.55124
1.5406
1.53285
1.52581
1.52038
1.51831
1.51841
1.51491
1.50858
1.49871
1.47915
1.44306
1.4096
1.39425
1.38482
1.37663
1.36904
1.36274
1.3579
1.35373
1.35126
1.35008
1.34456
1.33222
1.31187
1.28834
1.2746
1.26705
1.26049
1.25377
1.24651
1.2381
1.22937
1.22216
1.21609
1.21023
1.204
1.19296
1.17233
1.15289
1.14212
1.13536
1.13062
1.12633
1.12059
1.11632
1.11456
1.11154
1.10797
1.10729
1.10532
1.09463
1.07619
1.07168
1.07829
1.10143
1.13872
1.1794
1.22403
1.27847
1.32637
1.35784
1.39265
1.40552
1.40014
1.39379
1.38553
1.36937
1.36663
1.36276
1.35463
1.35199
1.35316
1.35552
1.36021
1.36672
1.36523
1.35815
1.34388
1.3244
1.31149
1.3045
1.29817
1.29516
1.29354
1.29207
1.29208
1.29332
1.29083
1.28784
1.28351
1.27646
1.26438
1.24386
1.22014
1.20735
1.20282
1.19983
1.19621
1.19339
1.19341
1.19308
1.19161
1.18959
1.18714
1.18412
1.17742
1.16093
1.14361
1.1384
1.13638
1.13336
1.13088
1.12981
1.13002
1.12902
1.12369
1.11321
1.10134
1.09698
1.09523
1.09344
1.09134
1.08907
1.084
1.07731
1.0738
1.07121
1.06946
1.06738
1.06278
1.05824
1.05322
1.044
1.02819
1.01704
1.01603
1.01643
1.01677
1.01693
1.01796
1.01721
1.01444
1.01099
1.00505
0.993848
0.980435
0.973038
0.971166
0.970669
6.30639
6.22887
6.14718
6.06194
5.97569
5.89099
5.80353
5.71439
5.63051
5.55059
5.46792
5.38032
5.29186
5.20809
5.12678
5.0494
4.97185
4.89489
4.81449
4.72797
4.64359
4.56182
4.49073
4.4278
4.3596
4.28825
4.21205
4.12469
4.04965
3.98513
3.92347
3.86779
3.80679
3.7423
3.67671
3.60978
3.55085
3.49574
3.43931
3.38062
3.3196
3.26421
3.21782
3.17863
3.13775
3.08505
3.01668
2.93615
2.8655
2.84053
2.82685
2.80301
2.76991
2.72835
2.67751
2.62699
2.58219
2.5389
2.48659
2.42445
2.38776
2.37469
2.36165
2.34609
2.32799
2.3016
2.24938
2.17995
2.12052
2.09694
2.09036
2.0878
2.07831
2.06386
2.04645
2.01734
1.96603
1.8956
1.83788
1.8188
1.81454
1.8145
1.81387
1.80691
1.79804
1.78493
1.75386
1.69878
1.64964
1.63429
1.6287
1.61998
1.60966
1.59015
1.61457
1.93041
2.85159
3.76934
4.19822
4.16785
4.0547
3.98373
3.92538
3.87838
3.84264
3.81859
3.79375
3.75614
3.71169
3.66902
3.62576
3.58063
3.53226
3.47602
3.42698
3.40043
3.38033
3.3651
3.34447
3.31852
3.28352
3.22763
3.15775
3.1107
3.08675
3.07052
3.05958
3.03832
3.01142
2.97873
2.931
2.87758
2.84938
2.83208
2.81713
2.79963
2.7777
2.74933
2.71081
2.67158
2.64188
2.61665
2.59265
2.56822
2.54072
2.50988
2.48365
2.46523
2.4496
2.43368
2.41582
2.39157
2.35559
2.32324
2.30585
2.29102
2.27578
2.25834
2.23503
2.20485
2.17558
2.1568
2.14388
2.13226
2.12153
2.11145
2.0996
2.08582
2.06855
2.04287
2.00887
1.97846
1.95671
1.93789
1.91911
1.90112
1.88553
1.87154
1.85723
1.84255
1.8322
1.82399
1.81705
1.80915
1.79862
1.78167
1.74979
1.70531
1.67871
1.66768
1.66115
1.65601
1.65456
1.65522
1.64894
1.63936
1.62493
1.59956
1.56597
1.54695
1.53775
1.53078
1.52413
1.51782
1.51356
1.51297
1.51006
1.50334
1.49335
1.47379
1.4397
1.40892
1.3936
1.38338
1.37388
1.36523
1.35888
1.35385
1.3493
1.34513
1.34183
1.33751
1.32805
1.31049
1.28903
1.27314
1.2634
1.2553
1.24723
1.23908
1.23041
1.22323
1.21855
1.21444
1.20965
1.20247
1.18856
1.16648
1.14833
1.13876
1.13159
1.1252
1.12048
1.11715
1.11423
1.10967
1.10446
1.10162
1.09851
1.09465
1.08432
1.05989
1.04435
1.04085
1.04282
1.05118
1.07012
1.10076
1.14249
1.18114
1.21729
1.25779
1.28595
1.30568
1.31756
1.32529
1.33644
1.34507
1.34376
1.3413
1.33801
1.33422
1.33305
1.33758
1.34196
1.33819
1.32981
1.32049
1.30825
1.29561
1.28318
1.27391
1.27004
1.26782
1.26702
1.27023
1.27974
1.28453
1.28106
1.27496
1.26795
1.25401
1.22825
1.20635
1.19916
1.19557
1.19189
1.18814
1.18529
1.18266
1.18086
1.17927
1.17675
1.17309
1.16731
1.15605
1.14012
1.13271
1.13048
1.12771
1.1248
1.12371
1.12312
1.12117
1.11775
1.11047
1.09793
1.08895
1.08604
1.08338
1.08006
1.07721
1.07473
1.07149
1.06796
1.06529
1.06256
1.0596
1.05579
1.05144
1.04691
1.04
1.02621
1.01159
1.00711
1.00733
1.00803
1.00883
1.01074
1.01161
1.01037
1.00748
1.0035
0.997131
0.98537
0.971502
0.965206
0.963542
6.32128
6.24292
6.16138
6.0766
5.99284
5.90756
5.82118
5.7367
5.65629
5.57436
5.48917
5.40088
5.31733
5.23582
5.15692
5.07753
4.99926
4.92065
4.8359
4.75095
4.66821
4.59311
4.52859
4.4602
4.38883
4.31539
4.23258
4.15529
4.086
4.02061
3.96243
3.90079
3.83705
3.77291
3.70494
3.64369
3.58811
3.53134
3.47238
3.4092
3.34938
3.29857
3.25789
3.21882
3.16806
3.10266
3.02343
2.94792
2.91762
2.90291
2.87893
2.84405
2.79981
2.74544
2.69229
2.64781
2.60765
2.56074
2.49996
2.45475
2.43942
2.42604
2.40982
2.39119
2.36375
2.31104
2.24059
2.1789
2.15263
2.14577
2.14295
2.13302
2.11797
2.09965
2.07045
2.02041
1.9518
1.88974
1.86496
1.85972
1.85825
1.85994
1.85438
1.84566
1.83298
1.80332
1.74828
1.69269
1.67114
1.66573
1.6579
1.64914
1.63396
1.66958
2.06665
3.09445
3.93091
4.2613
4.26002
4.19265
4.05327
3.97981
3.95922
3.94677
3.9179
3.88089
3.84433
3.7964
3.74695
3.7065
3.66526
3.61466
3.54991
3.49585
3.46764
3.44602
3.43113
3.41103
3.38275
3.3493
3.29849
3.22659
3.16894
3.1428
3.12489
3.11505
3.09619
3.07025
3.03827
2.99155
2.93056
2.89006
2.87025
2.85433
2.84151
2.82323
2.80166
2.77435
2.73929
2.70576
2.67748
2.64895
2.61777
2.58437
2.54951
2.51847
2.49549
2.47726
2.46125
2.44487
2.42549
2.40024
2.36988
2.34873
2.33277
2.31647
2.30005
2.28215
2.25827
2.22155
2.17985
2.1554
2.1429
2.13441
2.13181
2.125
2.11187
2.09725
2.07934
2.0548
2.02734
2.00446
1.98409
1.96205
1.93792
1.91412
1.89373
1.87747
1.86224
1.84859
1.83847
1.82988
1.8221
1.81522
1.80711
1.79635
1.77748
1.74061
1.69543
1.67353
1.66427
1.65776
1.65212
1.64905
1.64895
1.64355
1.63485
1.62159
1.59588
1.56079
1.54221
1.53334
1.52653
1.52103
1.51744
1.51416
1.50973
1.50441
1.49776
1.48701
1.46833
1.43671
1.40674
1.39174
1.38172
1.37214
1.36311
1.35624
1.35085
1.34572
1.34015
1.33405
1.32774
1.31796
1.30041
1.28289
1.27154
1.26254
1.25338
1.24433
1.23704
1.23189
1.22718
1.22127
1.21412
1.20601
1.19582
1.18076
1.16236
1.14887
1.13991
1.13214
1.12516
1.11884
1.114
1.11046
1.10819
1.10597
1.1028
1.09793
1.08837
1.07023
1.04691
1.03685
1.03243
1.02918
1.02756
1.0288
1.03392
1.04521
1.06107
1.08336
1.11484
1.15064
1.19225
1.23208
1.2615
1.2994
1.32047
1.3276
1.3268
1.31719
1.31452
1.31972
1.32477
1.32376
1.32168
1.3182
1.30911
1.29279
1.27747
1.26678
1.25912
1.25338
1.24864
1.24587
1.24861
1.25896
1.26866
1.26979
1.26556
1.25624
1.23918
1.21526
1.19866
1.19228
1.18871
1.18548
1.18059
1.17698
1.17476
1.17245
1.16921
1.16455
1.15898
1.15166
1.13982
1.13027
1.1274
1.12388
1.1202
1.11895
1.11811
1.11599
1.11255
1.10634
1.09526
1.08494
1.08005
1.07644
1.07302
1.06996
1.06695
1.0644
1.06161
1.05874
1.05593
1.05297
1.049
1.04403
1.03852
1.03236
1.02289
1.00925
1.00037
0.998293
0.999012
0.999822
1.0004
1.00182
1.0043
1.00403
1.00056
0.996254
0.990084
0.97801
0.964322
0.958385
6.33284
6.25522
6.17252
6.08925
6.00683
5.92313
5.8384
5.75873
5.67839
5.59495
5.50775
5.42421
5.34181
5.26076
5.18173
5.10363
5.02755
4.9452
4.86086
4.77795
4.69779
4.62915
4.55973
4.48796
4.41604
4.337
4.26143
4.19055
4.12172
4.06081
3.99706
3.9302
3.8665
3.79881
3.73528
3.67915
3.62268
3.56454
3.5007
3.43783
3.38296
3.33814
3.29948
3.24956
3.18602
3.10976
3.03234
2.99581
2.98022
2.95673
2.9211
2.87573
2.81746
2.75872
2.7124
2.67394
2.63185
2.57512
2.52342
2.50513
2.49204
2.476
2.45699
2.42897
2.37604
2.30362
2.23871
2.20963
2.20192
2.19805
2.18719
2.17137
2.15215
2.12293
2.0745
2.00946
1.94511
1.9141
1.90755
1.90476
1.90651
1.90228
1.8936
1.88122
1.85246
1.79811
1.73767
1.70982
1.70371
1.69604
1.68939
1.68078
1.74819
2.22875
3.28445
4.09342
4.39737
4.40172
4.33072
4.20038
4.06924
4.01808
3.99889
4.00368
3.97604
3.92991
3.88004
3.82404
3.77466
3.73139
3.68663
3.63684
3.5835
3.54667
3.52381
3.5059
3.48437
3.45634
3.42074
3.3654
3.28914
3.23014
3.20402
3.18405
3.17271
3.15679
3.13066
3.09997
3.0555
2.99021
2.93987
2.91573
2.89586
2.87879
2.85905
2.83775
2.81397
2.78468
2.75439
2.73005
2.70798
2.68394
2.65518
2.62056
2.58288
2.54806
2.51852
2.49241
2.46919
2.44981
2.43015
2.40332
2.37721
2.36238
2.34878
2.33544
2.32054
2.30083
2.27323
2.23523
2.19686
2.17238
2.15646
2.14383
2.1331
2.12426
2.11359
2.10067
2.08491
2.06155
2.03938
2.02361
2.00806
1.98849
1.96242
1.93263
1.90628
1.88615
1.87032
1.85748
1.84637
1.83618
1.82678
1.81797
1.80944
1.80017
1.78883
1.76859
1.73135
1.69084
1.67149
1.66205
1.65504
1.64871
1.64385
1.64341
1.64029
1.6322
1.61904
1.59491
1.5607
1.53931
1.52886
1.52106
1.51388
1.50745
1.50232
1.49842
1.49552
1.49098
1.48196
1.46455
1.43465
1.40327
1.38727
1.37789
1.37002
1.36283
1.3562
1.3503
1.34471
1.33899
1.33198
1.32147
1.30605
1.2916
1.28253
1.27485
1.26576
1.25451
1.24252
1.23171
1.22242
1.21515
1.20858
1.20173
1.19542
1.18828
1.17554
1.1578
1.14574
1.1384
1.13288
1.12775
1.12169
1.11444
1.10727
1.1014
1.09644
1.09178
1.08742
1.07973
1.06307
1.04186
1.02958
1.0241
1.02133
1.01949
1.01808
1.01651
1.01605
1.01653
1.01918
1.02493
1.03721
1.05928
1.08295
1.11526
1.15477
1.18993
1.2304
1.26454
1.2799
1.29391
1.30454
1.31049
1.31539
1.317
1.31395
1.30112
1.28343
1.26856
1.25647
1.24959
1.24389
1.2375
1.23318
1.23222
1.2377
1.24922
1.25174
1.24813
1.23928
1.22293
1.20441
1.19157
1.1871
1.18263
1.17636
1.17224
1.16925
1.1659
1.16095
1.15518
1.1501
1.14493
1.13768
1.13175
1.12741
1.12213
1.11804
1.1154
1.11353
1.11141
1.10869
1.10363
1.09374
1.08295
1.07632
1.07165
1.0686
1.06606
1.06338
1.06036
1.05662
1.05296
1.05025
1.04731
1.0432
1.03787
1.03164
1.02475
1.01722
1.00761
0.997647
0.991974
0.991173
0.991731
0.99115
0.99062
0.992995
0.998008
0.997482
0.993648
0.989475
0.983251
0.971199
0.956282
6.34766
6.26136
6.17849
6.10085
6.02048
5.93824
5.86016
5.78194
5.69986
5.61375
5.52926
5.44799
5.36608
5.28561
5.20436
5.12943
5.05149
4.96958
4.88887
4.80663
4.73401
4.66221
4.58772
4.51405
4.43589
4.36308
4.2941
4.22351
4.16008
4.09662
4.02718
3.96142
3.89302
3.82681
3.76891
3.71203
3.65507
3.59213
3.5279
3.47102
3.42152
3.38221
3.33261
3.27056
3.19648
3.11748
3.07325
3.05538
3.03234
2.99753
2.95374
2.89554
2.83224
2.78169
2.74243
2.70267
2.64952
2.59338
2.56999
2.55734
2.54179
2.5228
2.49497
2.44215
2.36918
2.30199
2.26979
2.26079
2.25584
2.24344
2.22536
2.20303
2.17293
2.12656
2.06601
2.00189
1.96527
1.9572
1.9537
1.95481
1.9515
1.94274
1.92988
1.90128
1.84696
1.78366
1.75054
1.74306
1.73519
1.72976
1.72902
1.83723
2.46721
3.50853
4.28249
4.49559
4.48587
4.42106
4.29743
4.1671
4.1013
4.0802
4.08159
4.06345
4.01999
3.96597
3.906
3.85284
3.80778
3.75953
3.69957
3.6472
3.61617
3.59184
3.57435
3.55399
3.52608
3.49031
3.4395
3.36544
3.29277
3.25896
3.23744
3.22395
3.21161
3.18749
3.15889
3.11832
3.05965
3.00301
2.97216
2.9495
2.9256
2.89938
2.87277
2.84658
2.81894
2.78883
2.76496
2.74579
2.72669
2.70593
2.68087
2.64963
2.61602
2.58586
2.55825
2.52842
2.49199
2.45608
2.4297
2.40901
2.39291
2.37946
2.36668
2.35245
2.33578
2.31452
2.28534
2.25126
2.222
2.19802
2.17714
2.15823
2.14047
2.12697
2.11735
2.10508
2.08956
2.07217
2.0577
2.04568
2.0322
2.01592
1.99272
1.95591
1.91407
1.88634
1.87164
1.86279
1.85459
1.84525
1.83416
1.82342
1.81381
1.80416
1.79415
1.78205
1.76208
1.72662
1.68835
1.66976
1.66011
1.65286
1.64628
1.64009
1.6356
1.63119
1.62363
1.61202
1.59113
1.56012
1.53673
1.52488
1.51643
1.50935
1.50287
1.49698
1.49174
1.48724
1.4825
1.47558
1.46222
1.43615
1.40389
1.38313
1.37138
1.36354
1.35872
1.35476
1.35043
1.3456
1.33941
1.32892
1.311
1.29379
1.28557
1.27993
1.27364
1.26512
1.25305
1.23748
1.22359
1.21436
1.2085
1.20437
1.20012
1.19477
1.18633
1.17375
1.15619
1.14071
1.13125
1.125
1.12071
1.11624
1.10959
1.10259
1.09742
1.09358
1.09013
1.08621
1.07877
1.0605
1.03584
1.0247
1.01951
1.0157
1.01308
1.01106
1.00939
1.00618
1.00199
1.00015
0.998995
0.9965
0.992875
0.995473
1.00426
1.01995
1.04883
1.09308
1.13564
1.17056
1.20406
1.23883
1.27733
1.29556
1.2965
1.29145
1.28006
1.27051
1.25786
1.25251
1.24888
1.23885
1.22782
1.22486
1.22379
1.22688
1.23156
1.22913
1.22484
1.21887
1.20462
1.18752
1.17831
1.17286
1.16744
1.16191
1.15701
1.15223
1.14603
1.14119
1.13695
1.13233
1.12995
1.12841
1.1243
1.11966
1.116
1.11227
1.10917
1.10764
1.10526
1.10057
1.09255
1.08219
1.07293
1.06793
1.06514
1.06301
1.06063
1.05743
1.05222
1.04683
1.04399
1.04111
1.03712
1.03179
1.02578
1.01954
1.01277
1.00562
0.997141
0.989155
0.985563
0.985244
0.984595
0.983757
0.983154
0.984975
0.98729
0.986268
0.985056
0.981918
0.974677
0.958232
6.36936
6.28246
6.20115
6.11902
6.03607
5.95548
5.87988
5.80064
5.71704
5.63096
5.5523
5.47183
5.39148
5.30723
5.22938
5.15349
5.07241
4.99345
4.91339
4.83992
4.76686
4.68993
4.61533
4.53637
4.46266
4.3953
4.32416
4.2581
4.19462
4.12446
4.05762
3.98926
3.92143
3.86128
3.8024
3.74575
3.68337
3.61764
3.55872
3.50621
3.46573
3.41823
3.35723
3.28702
3.20727
3.15282
3.13115
3.106
3.06981
3.02732
2.97287
2.91013
2.85691
2.81631
2.77748
2.72684
2.66725
2.63661
2.62318
2.60726
2.58734
2.55908
2.50633
2.43409
2.366
2.33176
2.32199
2.3166
2.30332
2.28371
2.25762
2.22358
2.17802
2.12106
2.05861
2.01745
2.00772
2.00365
2.00425
2.0018
1.993
1.98
1.95171
1.89679
1.83035
1.79286
1.78431
1.77634
1.77205
1.77899
1.93019
2.70892
3.77299
4.39317
4.62987
4.62131
4.53259
4.38301
4.25849
4.19508
4.16407
4.1639
4.15845
4.12133
4.06164
3.98653
3.92756
3.88272
3.84102
3.79333
3.73473
3.68789
3.65991
3.63947
3.61806
3.59088
3.55914
3.51068
3.43323
3.36049
3.32689
3.30376
3.28704
3.27144
3.24696
3.21784
3.17869
3.11822
3.06143
3.03523
3.01521
2.99312
2.96642
2.93429
2.89753
2.857
2.81754
2.79239
2.77323
2.75528
2.73759
2.71962
2.69905
2.67232
2.6403
2.61005
2.5853
2.56066
2.52645
2.47516
2.43229
2.41413
2.40191
2.39241
2.38189
2.36797
2.35161
2.32998
2.29984
2.27135
2.25178
2.23356
2.21176
2.18451
2.15535
2.12926
2.1048
2.08632
2.07415
2.06705
2.06506
2.05949
2.04992
2.0387
2.02351
1.99849
1.9522
1.89905
1.87199
1.85919
1.85107
1.84534
1.83865
1.82978
1.81876
1.80827
1.7989
1.78974
1.7787
1.76047
1.72668
1.68645
1.66605
1.65628
1.64907
1.64201
1.63571
1.63012
1.62449
1.61759
1.60783
1.59066
1.56135
1.53315
1.52058
1.51374
1.50818
1.50208
1.49619
1.49105
1.48553
1.47915
1.47055
1.45606
1.43303
1.40493
1.38554
1.37269
1.36274
1.357
1.35232
1.34685
1.34029
1.33041
1.31268
1.29308
1.28339
1.27808
1.27371
1.26915
1.26307
1.25304
1.23802
1.22193
1.21058
1.20325
1.19771
1.19286
1.18857
1.18233
1.17147
1.15511
1.13803
1.12666
1.11943
1.1142
1.10859
1.10141
1.0984
1.09703
1.09552
1.09275
1.08775
1.07731
1.0581
1.03631
1.02389
1.0176
1.01356
1.01044
1.00758
1.0036
0.998265
0.994336
0.991151
0.987118
0.984038
0.979307
0.967987
0.957047
0.957114
0.964784
0.98394
1.01172
1.04309
1.07696
1.1196
1.16676
1.20286
1.223
1.23984
1.2446
1.23958
1.23932
1.24254
1.2383
1.22642
1.22371
1.21978
1.21734
1.21627
1.21378
1.21094
1.20676
1.19618
1.18029
1.16568
1.15528
1.14752
1.14061
1.13446
1.13003
1.1272
1.12534
1.12366
1.12132
1.11949
1.11753
1.11328
1.10859
1.10456
1.10147
1.10082
1.10093
1.0992
1.09563
1.09043
1.08115
1.06905
1.06176
1.05996
1.05894
1.05695
1.05278
1.04605
1.03851
1.03491
1.0321
1.02859
1.02443
1.01996
1.01555
1.01025
1.00459
0.997675
0.988318
0.982235
0.981008
0.980303
0.979446
0.978236
0.977212
0.978678
0.97773
0.97587
0.973959
0.971297
0.958505
6.3872
6.30314
6.22266
6.14007
6.05594
5.9787
5.89854
5.81526
5.72697
5.64613
5.56863
5.49196
5.4135
5.33326
5.25671
5.17567
5.09629
5.01543
4.94003
4.86925
4.79318
4.71846
4.63948
4.56388
4.49813
4.42708
4.35754
4.29129
4.21923
4.15181
4.08448
4.01637
3.95573
3.89619
3.83957
3.77703
3.70929
3.64711
3.58954
3.54607
3.50181
3.44416
3.37855
3.30353
3.23753
3.21136
3.18319
3.14322
3.09828
3.04474
2.98478
2.93231
2.89169
2.85425
2.80659
2.74516
2.70683
2.69168
2.67476
2.65302
2.6232
2.56963
2.49658
2.42833
2.39279
2.38291
2.37835
2.36521
2.34502
2.3166
2.27852
2.23329
2.178
2.11638
2.06997
2.05819
2.05364
2.05384
2.05199
2.04364
2.03097
2.00317
1.9481
1.87852
1.83665
1.8265
1.819
1.81524
1.83684
2.05822
2.92096
4.06071
4.55343
4.71087
4.67429
4.60555
4.48947
4.35092
4.28144
4.25244
4.25685
4.2507
4.21283
4.16254
4.08095
4.00595
3.96079
3.92019
3.87619
3.82678
3.78097
3.74794
3.72076
3.69433
3.66349
3.62701
3.57725
3.5048
3.42411
3.38012
3.3558
3.33912
3.32496
3.3004
3.27211
3.23688
3.1814
3.11885
3.08661
3.06709
3.05027
3.02977
3.00468
2.9718
2.92395
2.8688
2.83101
2.80706
2.78581
2.76622
2.74861
2.7316
2.71413
2.69363
2.66657
2.63661
2.60943
2.58243
2.54921
2.5039
2.45663
2.42747
2.40993
2.39587
2.3838
2.37227
2.35832
2.33945
2.31282
2.29054
2.27524
2.26048
2.24344
2.22
2.18522
2.14143
2.10521
2.08562
2.0732
2.06204
2.05268
2.05078
2.05188
2.04501
2.03405
2.01861
1.99453
1.95401
1.90143
1.86814
1.85231
1.84155
1.83387
1.8283
1.82102
1.8111
1.80279
1.79566
1.78789
1.77808
1.76156
1.72986
1.68642
1.66124
1.65034
1.64279
1.63517
1.62742
1.62102
1.61714
1.61216
1.60429
1.59051
1.56393
1.53148
1.51219
1.50124
1.49404
1.48795
1.4821
1.47695
1.47227
1.46782
1.46251
1.45348
1.43351
1.40369
1.38198
1.3688
1.35924
1.35334
1.34831
1.34193
1.33223
1.31694
1.29946
1.28999
1.28438
1.27856
1.27221
1.26596
1.2594
1.24972
1.23423
1.21771
1.20677
1.19966
1.19333
1.1867
1.18005
1.17369
1.16504
1.14932
1.13078
1.11932
1.11316
1.1094
1.10629
1.10308
1.09932
1.09524
1.09131
1.08643
1.08043
1.0709
1.05323
1.03512
1.02622
1.02122
1.01669
1.01115
1.0055
0.999828
0.994497
0.99029
0.985549
0.980174
0.973996
0.96635
0.955174
0.942012
0.935904
0.934298
0.936026
0.941719
0.953337
0.97322
1.00077
1.03625
1.07066
1.10306
1.1273
1.14755
1.165
1.18507
1.20709
1.21307
1.2154
1.21452
1.20932
1.20764
1.20675
1.20591
1.20303
1.19417
1.18006
1.16411
1.14866
1.13555
1.12587
1.1196
1.11679
1.11618
1.11589
1.11549
1.11479
1.11465
1.1135
1.10908
1.1031
1.09625
1.09148
1.0897
1.0888
1.08698
1.08438
1.08123
1.07549
1.06523
1.05437
1.0484
1.0457
1.04357
1.04072
1.03567
1.02847
1.0236
1.02061
1.01729
1.01462
1.01394
1.01127
1.0078
1.0043
0.999401
0.989779
0.979983
0.977931
0.977127
0.975985
0.974572
0.97339
0.974701
0.973559
0.970401
0.966731
0.963256
0.953346
6.39641
6.31611
6.23708
6.15372
6.07265
5.99616
5.91681
5.83087
5.74351
5.66421
5.58619
5.51004
5.43185
5.35902
5.28015
5.1998
5.11865
5.04034
4.97077
4.89465
4.81833
4.74119
4.66396
4.59934
4.53026
4.45963
4.3934
4.31871
4.24693
4.17798
4.10906
4.04747
3.9881
3.93269
3.87276
3.80557
3.74169
3.67825
3.62688
3.58304
3.52805
3.46447
3.3981
3.3268
3.29407
3.26456
3.22198
3.17501
3.11969
3.05836
3.00608
2.96512
2.92856
2.8845
2.82333
2.77778
2.7613
2.74415
2.72138
2.69062
2.63616
2.56053
2.48983
2.45244
2.44216
2.43856
2.42628
2.40606
2.37684
2.33668
2.29145
2.23904
2.17772
2.12494
2.10952
2.10417
2.1036
2.10171
2.09364
2.08128
2.05448
2.00029
1.92845
1.88218
1.87039
1.86349
1.85988
1.89592
2.23184
3.22108
4.27903
4.71646
4.79469
4.76888
4.67625
4.57481
4.46609
4.37548
4.344
4.33731
4.3423
4.30189
4.2439
4.1621
4.07888
4.02762
3.99011
3.95099
3.90836
3.86476
3.83143
3.80311
3.77336
3.7396
3.70149
3.65299
3.58303
3.4998
3.45089
3.42426
3.40366
3.38609
3.36024
3.3294
3.2914
3.23719
3.17396
3.13826
3.11778
3.10157
3.08341
3.06059
3.03334
2.99514
2.94167
2.8905
2.85684
2.83058
2.80577
2.78184
2.76015
2.74167
2.72431
2.70709
2.68827
2.66511
2.63723
2.60484
2.5676
2.5263
2.48609
2.45458
2.42964
2.40645
2.38739
2.37269
2.35822
2.34135
2.32416
2.31001
2.29607
2.2819
2.26694
2.24724
2.21378
2.1606
2.11418
2.09192
2.0777
2.06596
2.05637
2.04883
2.04199
2.03584
2.03028
2.02288
2.01112
1.99142
1.9581
1.90788
1.8663
1.8456
1.83175
1.82073
1.81138
1.80369
1.79863
1.79562
1.79182
1.78498
1.77541
1.75897
1.72719
1.68185
1.65524
1.64448
1.63757
1.63095
1.62405
1.61849
1.61516
1.60906
1.60025
1.58562
1.5548
1.519
1.50096
1.49178
1.48505
1.47925
1.47494
1.47366
1.47338
1.46957
1.46341
1.45235
1.43398
1.40606
1.37863
1.36293
1.35254
1.34355
1.33477
1.32466
1.31201
1.30132
1.29603
1.29197
1.28718
1.28129
1.27441
1.26663
1.25703
1.24271
1.22338
1.2086
1.20083
1.1952
1.19
1.18471
1.17905
1.17218
1.16123
1.14428
1.12564
1.11416
1.10808
1.10316
1.09863
1.09602
1.09444
1.09317
1.09128
1.08755
1.08093
1.06836
1.04719
1.02834
1.0197
1.01474
1.00906
1.00282
0.999221
0.997144
0.994647
0.990812
0.9856
0.978485
0.968809
0.954803
0.94039
0.931178
0.925453
0.923263
0.922435
0.921513
0.92186
0.923495
0.928814
0.939829
0.959729
0.99049
1.02197
1.03979
1.05809
1.0894
1.12114
1.14283
1.16554
1.18425
1.19484
1.20166
1.20275
1.20171
1.19866
1.19143
1.17592
1.15065
1.13082
1.12024
1.11448
1.11307
1.11294
1.1131
1.11254
1.11204
1.11278
1.11145
1.10701
1.1003
1.09256
1.08758
1.08481
1.08268
1.08002
1.07755
1.07521
1.07084
1.06214
1.05101
1.04053
1.03358
1.02999
1.0269
1.0232
1.01914
1.01494
1.01135
1.00793
1.00464
1.00389
1.00513
1.00453
1.00293
0.999021
0.990388
0.978869
0.973463
0.972705
0.972044
0.971187
0.970723
0.972237
0.970472
0.96609
0.961668
0.958757
0.949277
6.41457
6.33322
6.25061
6.16962
6.09402
6.01407
5.93248
5.84839
5.76797
5.68608
5.60693
5.52679
5.45518
5.38104
5.30209
5.22441
5.14255
5.07094
4.99662
4.9201
4.84414
4.76348
4.69684
4.63077
4.56035
4.4941
4.4212
4.34851
4.27679
4.20471
4.13894
4.07588
4.02037
3.96463
3.90027
3.83734
3.77501
3.71624
3.66881
3.61306
3.54926
3.48594
3.41595
3.37354
3.34361
3.30107
3.25468
3.20063
3.13949
3.08615
3.04179
3.00262
2.95945
2.89906
2.84624
2.82781
2.81154
2.78877
2.75847
2.70587
2.6296
2.55485
2.51422
2.50259
2.49836
2.48644
2.46595
2.43576
2.39459
2.34986
2.30196
2.24266
2.18413
2.16304
2.15669
2.15499
2.15234
2.14355
2.13095
2.10477
2.05183
1.97963
1.92949
1.91535
1.90987
1.90897
1.96326
2.40567
3.58123
4.4333
4.84089
4.9312
4.91663
4.83577
4.69769
4.56102
4.48137
4.44377
4.42465
4.4248
4.39396
4.33996
4.26394
4.16497
4.09846
4.06021
4.02227
3.9796
3.93948
3.9077
3.87996
3.85195
3.81942
3.78146
3.73103
3.65846
3.57377
3.5206
3.49264
3.47059
3.45344
3.42764
3.39453
3.35404
3.29918
3.23145
3.1892
3.16748
3.15052
3.13449
3.1125
3.08711
3.05444
3.008
2.95505
2.91691
2.88769
2.85847
2.82834
2.79907
2.77254
2.75045
2.73268
2.71654
2.70032
2.68229
2.66056
2.63217
2.59632
2.55715
2.5193
2.4839
2.45164
2.42194
2.39642
2.37386
2.35251
2.33873
2.32924
2.32203
2.31366
2.30278
2.28931
2.27156
2.24251
2.19485
2.14184
2.10838
2.08936
2.07489
2.06308
2.05218
2.04159
2.0314
2.02257
2.017
2.01208
2.00194
1.98512
1.95564
1.9065
1.86023
1.83691
1.82293
1.8111
1.80142
1.79386
1.78818
1.78608
1.78408
1.77787
1.76865
1.75316
1.7207
1.67358
1.64941
1.64106
1.63579
1.63168
1.62851
1.62393
1.6167
1.60816
1.59679
1.57739
1.54547
1.51226
1.49701
1.48924
1.48272
1.47631
1.47082
1.46605
1.4617
1.45769
1.45334
1.4463
1.43218
1.40597
1.37576
1.35642
1.34401
1.33403
1.32552
1.31627
1.30576
1.29783
1.29247
1.28802
1.28429
1.27923
1.27327
1.26585
1.25391
1.23501
1.21509
1.2033
1.19618
1.19002
1.18371
1.17705
1.17077
1.16474
1.15508
1.1381
1.12105
1.1114
1.10572
1.10165
1.09841
1.09587
1.0934
1.09028
1.08682
1.08243
1.07529
1.05939
1.03551
1.02055
1.01507
1.01141
1.00722
1.00349
1.00043
0.997457
0.99507
0.991467
0.986123
0.978148
0.964438
0.946079
0.931747
0.923541
0.918425
0.915966
0.914832
0.914034
0.9132
0.912123
0.911281
0.911853
0.912763
0.914757
0.919535
0.927597
0.947334
0.980881
1.01213
1.0439
1.07946
1.10804
1.1391
1.17076
1.18214
1.18448
1.18452
1.17652
1.15436
1.13306
1.12306
1.11749
1.11551
1.11482
1.11335
1.1099
1.10711
1.10712
1.10934
1.10676
1.10044
1.09224
1.0861
1.08239
1.07918
1.07564
1.07311
1.07118
1.06773
1.05999
1.04843
1.03722
1.02839
1.02234
1.01856
1.01568
1.01283
1.00942
1.00613
1.00268
0.999013
0.995575
0.993237
0.992396
0.991779
0.990744
0.988163
0.980113
0.969368
0.963217
0.961807
0.960811
0.961252
0.965793
0.966194
0.96147
0.95758
0.955022
0.945929
6.42947
6.35181
6.27022
6.19247
6.11352
6.03269
5.94926
5.87147
5.79315
5.71426
5.63073
5.5515
5.47953
5.40205
5.32576
5.24394
5.17042
5.09811
5.02089
4.94604
4.86505
4.79418
4.72755
4.65559
4.5876
4.51657
4.44627
4.37696
4.3055
4.23937
4.17206
4.10937
4.05257
3.99019
3.92786
3.86839
3.80868
3.759
3.70385
3.64074
3.57746
3.50634
3.45304
3.42001
3.37699
3.32996
3.2785
3.21959
3.1696
3.12501
3.08325
3.03937
2.97852
2.91631
2.89244
2.87634
2.85328
2.82346
2.7746
2.7006
2.62361
2.57927
2.56626
2.56075
2.54817
2.5269
2.49481
2.45212
2.40751
2.36323
2.30821
2.24688
2.21843
2.21109
2.20853
2.20521
2.19518
2.18169
2.15519
2.10267
2.03028
1.97733
1.96047
1.95663
1.96047
2.05421
2.60539
3.86712
4.7537
5.02005
5.0266
4.97059
4.89861
4.79658
4.67542
4.58616
4.54175
4.52289
4.51882
4.4869
4.4381
4.3623
4.26804
4.19532
4.15119
4.1121
4.07063
4.02228
3.97753
3.94434
3.91552
3.88477
3.85048
3.80854
3.7462
3.65744
3.5891
3.55944
3.53664
3.51954
3.49604
3.46487
3.42651
3.36879
3.29258
3.24135
3.21761
3.19846
3.18262
3.16237
3.13906
3.11098
3.07057
3.01665
2.97274
2.94439
2.91707
2.88645
2.85299
2.81871
2.78482
2.75654
2.73631
2.7192
2.70359
2.6882
2.6707
2.64962
2.62329
2.59283
2.56029
2.52448
2.48629
2.44788
2.41017
2.37679
2.35361
2.33901
2.32621
2.31735
2.31646
2.31065
2.29793
2.28208
2.25872
2.22371
2.18242
2.1434
2.11102
2.08755
2.07047
2.05661
2.04351
2.03167
2.02171
2.01276
2.00654
2.00159
1.99186
1.97628
1.94746
1.89815
1.85181
1.82924
1.81538
1.80447
1.79597
1.78887
1.78298
1.77992
1.77833
1.77328
1.7648
1.74909
1.71774
1.67231
1.64727
1.63756
1.6304
1.6231
1.61596
1.6093
1.60191
1.59438
1.58561
1.56947
1.53826
1.50596
1.49144
1.48286
1.47546
1.46953
1.46482
1.46142
1.45878
1.45489
1.4499
1.44252
1.42826
1.40247
1.37249
1.35431
1.34252
1.33111
1.32203
1.31494
1.30845
1.30171
1.29503
1.28843
1.28134
1.27352
1.26509
1.25586
1.24217
1.22337
1.20786
1.19839
1.19185
1.18617
1.1806
1.17475
1.16816
1.15986
1.14709
1.13009
1.11706
1.10989
1.10542
1.10203
1.09924
1.09666
1.09374
1.08966
1.08395
1.07638
1.06516
1.04652
1.02533
1.01412
1.01029
1.00806
1.00644
1.00524
1.0047
1.00327
0.999057
0.993052
0.983845
0.969088
0.951093
0.93678
0.926777
0.919767
0.915345
0.912836
0.910826
0.908743
0.906388
0.904492
0.902652
0.900612
0.898499
0.893822
0.881648
0.874996
0.877967
0.889595
0.911861
0.943051
0.974263
1.00445
1.04406
1.08406
1.11178
1.13565
1.14009
1.13337
1.12006
1.11516
1.117
1.11652
1.11411
1.10758
1.09745
1.09381
1.09539
1.10294
1.10475
1.09889
1.09179
1.08734
1.08435
1.08023
1.07455
1.0716
1.07013
1.06673
1.05918
1.04844
1.03613
1.02386
1.0172
1.01436
1.01201
1.00903
1.00557
1.00291
0.999981
0.996302
0.992473
0.99003
0.988235
0.986007
0.983271
0.979893
0.975565
0.968294
0.959133
0.952744
0.950427
0.949313
0.951426
0.955554
0.954289
0.952316
0.951097
0.943402
6.45822
6.36965
6.29227
6.21808
6.14037
6.05637
5.97402
5.89513
5.81562
5.73709
5.65469
5.57866
5.49932
5.42172
5.34247
5.26564
5.19453
5.11899
5.04626
4.96817
4.89436
4.82618
4.75332
4.68213
4.60734
4.5354
4.4704
4.40273
4.33848
4.27459
4.20975
4.14898
4.08361
4.01788
3.95589
3.89473
3.84472
3.79245
3.73166
3.67123
3.6042
3.54124
3.50072
3.45434
3.40434
3.35289
3.29355
3.24672
3.20532
3.16374
3.1222
3.06497
2.99478
2.96069
2.94257
2.91824
2.8875
2.84202
2.77069
2.69297
2.64537
2.6311
2.62477
2.61152
2.58959
2.55551
2.51089
2.46596
2.4239
2.3738
2.31143
2.27428
2.2656
2.26248
2.25945
2.24874
2.23433
2.2075
2.15454
2.08144
2.02654
2.00593
2.00297
2.01492
2.15153
2.9048
4.12417
5.00993
5.12588
5.11737
5.05376
4.95454
4.86115
4.76221
4.67767
4.64067
4.62759
4.62415
4.58839
4.53038
4.44178
4.34786
4.2777
4.23825
4.20097
4.16126
4.11645
4.06294
4.01559
3.97978
3.94578
3.91045
3.87055
3.81756
3.74334
3.67272
3.63784
3.6126
3.59164
3.56795
3.5367
3.49851
3.44479
3.36992
3.30396
3.27019
3.24757
3.22744
3.20438
3.17984
3.15445
3.12359
3.07864
3.03106
3.00111
2.97672
2.95075
2.92132
2.88694
2.84798
2.80693
2.76835
2.73952
2.71938
2.70201
2.68596
2.67026
2.65413
2.63671
2.61714
2.59435
2.56567
2.52608
2.47418
2.41984
2.38226
2.36317
2.34886
2.33611
2.32416
2.31244
2.30383
2.29504
2.28175
2.26345
2.23768
2.21209
2.18806
2.15785
2.1168
2.07959
2.05792
2.04407
2.03285
2.02276
2.01354
2.00543
1.99802
1.98942
1.979
1.96484
1.93717
1.88759
1.84474
1.82496
1.81219
1.80169
1.79326
1.78599
1.77924
1.77294
1.76852
1.76353
1.75554
1.7415
1.7122
1.66917
1.64364
1.63224
1.62391
1.61612
1.60845
1.60144
1.59441
1.58752
1.57908
1.56202
1.53109
1.50167
1.48732
1.47862
1.47232
1.46692
1.46176
1.45679
1.45345
1.45212
1.44765
1.44015
1.42604
1.39672
1.35963
1.3355
1.32265
1.31453
1.30928
1.30566
1.30305
1.299
1.29427
1.28839
1.28057
1.27021
1.2572
1.24277
1.22791
1.21229
1.20137
1.19482
1.18977
1.18548
1.18105
1.17595
1.16914
1.15802
1.13874
1.11889
1.1094
1.10473
1.1008
1.09713
1.09401
1.09166
1.09071
1.08852
1.0837
1.0727
1.05176
1.03089
1.01954
1.01348
1.01058
1.00833
1.00604
1.00338
1.00057
0.998312
0.994481
0.988584
0.976665
0.95534
0.939873
0.93352
0.927489
0.921365
0.916684
0.912486
0.908346
0.904986
0.902636
0.900151
0.897306
0.893697
0.888558
0.881437
0.870934
0.860483
0.855262
0.855629
0.858909
0.867232
0.88411
0.909519
0.943221
0.977029
1.00843
1.03381
1.04803
1.05973
1.07156
1.08309
1.08916
1.08866
1.08233
1.07166
1.06767
1.07045
1.0803
1.0857
1.08329
1.08202
1.0829
1.08269
1.07886
1.07308
1.06936
1.06661
1.06251
1.05603
1.04691
1.03536
1.0215
1.01375
1.01142
1.00937
1.00585
1.00273
1.00098
0.998519
0.994758
0.990816
0.988507
0.986602
0.983322
0.979594
0.975801
0.971429
0.96558
0.957658
0.949099
0.942937
0.940134
0.938065
0.937132
0.939857
0.942216
0.942584
0.937922
6.4665
6.38379
6.3054
6.23632
6.16065
6.07704
5.99708
5.91654
5.83621
5.7525
5.67633
5.60022
5.52138
5.44131
5.36277
5.29215
5.21625
5.1407
5.065
4.99284
4.92564
4.85335
4.78166
4.70637
4.62781
4.5598
4.49299
4.42904
4.36771
4.30535
4.24582
4.18176
4.11622
4.05278
3.98468
3.92971
3.87692
3.81664
3.75699
3.69655
3.63282
3.58647
3.53758
3.48549
3.43317
3.3694
3.3204
3.28168
3.23923
3.19817
3.14621
3.07543
3.03199
3.01167
2.98551
2.95424
2.91199
2.84301
2.76399
2.71253
2.6962
2.6884
2.67415
2.65162
2.61606
2.57048
2.52596
2.48612
2.44096
2.37834
2.33083
2.31938
2.31515
2.31281
2.3023
2.2877
2.26166
2.20883
2.13454
2.07769
2.0531
2.05067
2.07221
2.28124
3.21075
4.47595
5.10513
5.27192
5.24151
5.19108
5.10699
4.97533
4.85379
4.78359
4.74921
4.73985
4.73221
4.68992
4.62568
4.53307
4.43113
4.35892
4.31935
4.28849
4.25046
4.20634
4.15169
4.09398
4.0485
4.00949
3.97097
3.9304
3.88304
3.81755
3.74521
3.70811
3.68308
3.66169
3.63699
3.60599
3.56913
3.51961
3.449
3.3784
3.34212
3.31644
3.29012
3.26192
3.23201
3.19953
3.16266
3.11998
3.07588
3.04768
3.02608
3.00396
2.98035
2.95417
2.92397
2.88661
2.83984
2.79134
2.75436
2.72698
2.70451
2.68487
2.66693
2.65215
2.64165
2.6315
2.61668
2.59644
2.56492
2.51177
2.44589
2.40013
2.37611
2.36085
2.34836
2.33549
2.3188
2.30076
2.28556
2.26942
2.2532
2.24133
2.22996
2.21646
2.19743
2.16553
2.11471
2.0714
2.04991
2.03555
2.02352
2.01323
2.00481
1.99899
1.99224
1.98347
1.97291
1.9553
1.92443
1.87877
1.84046
1.82149
1.80879
1.7981
1.78873
1.78054
1.77339
1.76739
1.76223
1.75638
1.74846
1.7332
1.7045
1.66483
1.6412
1.63025
1.62148
1.61265
1.6036
1.59427
1.58541
1.57716
1.56874
1.5532
1.52242
1.49604
1.48332
1.47568
1.46961
1.46381
1.45858
1.45394
1.45054
1.44904
1.44436
1.43485
1.41479
1.37503
1.33662
1.32264
1.31724
1.31281
1.30836
1.30408
1.30053
1.29616
1.29099
1.28465
1.27463
1.26075
1.24817
1.23684
1.22447
1.21086
1.19935
1.19166
1.18524
1.17927
1.17425
1.16984
1.16376
1.14898
1.12575
1.11171
1.10626
1.10292
1.10049
1.09784
1.09469
1.09092
1.08663
1.082
1.07493
1.06068
1.03746
1.02207
1.01715
1.01475
1.01245
1.0097
1.00638
1.00336
1.00006
0.995752
0.990586
0.983058
0.967738
0.946559
0.933388
0.92648
0.920301
0.915265
0.911653
0.907593
0.903819
0.901482
0.899498
0.897285
0.894293
0.889994
0.883645
0.873073
0.859173
0.850808
0.847149
0.844898
0.842344
0.841869
0.843941
0.849095
0.859842
0.876978
0.902588
0.932724
0.96614
0.986077
0.996131
1.01054
1.02441
1.03621
1.04735
1.05466
1.05691
1.06099
1.0638
1.06209
1.06044
1.06116
1.06329
1.06004
1.05603
1.05263
1.04921
1.047
1.04483
1.04022
1.03028
1.01513
1.00823
1.00684
1.00422
0.999438
0.997009
0.995872
0.994582
0.992286
0.989314
0.987653
0.985911
0.98174
0.977123
0.97283
0.968501
0.963774
0.956751
0.947611
0.939268
0.93352
0.929917
0.926886
0.926232
0.928887
0.92984
0.926567
6.40503
6.4062
6.3289
6.2506
6.17385
6.09601
6.01411
5.93293
5.85199
5.77531
5.69813
5.61803
5.54189
5.46292
5.38999
5.31538
5.23999
5.16297
5.08613
5.01932
4.95055
4.87993
4.80776
4.73044
4.65857
4.58847
4.52142
4.45719
4.39391
4.3353
4.27363
4.20941
4.1501
4.08501
4.0248
3.96733
3.90401
3.84074
3.77893
3.71493
3.66719
3.61953
3.56737
3.51739
3.45491
3.39942
3.36035
3.31586
3.27256
3.22431
3.15381
3.10108
3.07799
3.05154
3.02138
2.98367
2.92023
2.83979
2.78369
2.76471
2.75386
2.73705
2.71232
2.67453
2.62851
2.58529
2.54882
2.50947
2.44871
2.3907
2.37408
2.36761
2.36505
2.35485
2.34026
2.31547
2.26371
2.18905
2.13015
2.10304
2.10033
2.13535
2.45165
3.52577
4.85457
5.22967
5.35687
5.3527
5.29694
5.22971
5.11977
4.98056
4.89554
4.85466
4.84238
4.83192
4.78894
4.72287
4.62387
4.5232
4.45976
4.41965
4.38698
4.34803
4.30187
4.2381
4.17094
4.12208
4.08151
4.04103
3.99913
3.95024
3.88295
3.81105
3.77215
3.74656
3.72617
3.70456
3.67518
3.64089
3.59389
3.52414
3.4516
3.41051
3.3822
3.35434
3.32556
3.29448
3.26011
3.2193
3.16649
3.11284
3.08261
3.06167
3.04211
3.02268
3.00135
2.97826
2.9514
2.91709
2.87388
2.82715
2.78375
2.74635
2.71503
2.68963
2.67006
2.65383
2.6403
2.63281
2.62314
2.60707
2.5834
2.54458
2.49467
2.44866
2.41002
2.37779
2.35525
2.33989
2.32643
2.30977
2.28555
2.26197
2.24895
2.24082
2.23673
2.22827
2.21444
2.1946
2.16004
2.10621
2.06479
2.04569
2.03179
2.01821
2.00602
1.99525
1.98423
1.97352
1.96382
1.95426
1.94118
1.91598
1.87348
1.83636
1.81834
1.80714
1.79724
1.78675
1.77581
1.76633
1.7582
1.75071
1.74481
1.7385
1.72662
1.70135
1.66184
1.63533
1.62211
1.61222
1.60392
1.59708
1.59152
1.58556
1.57804
1.56555
1.54255
1.50955
1.48803
1.47864
1.47193
1.46573
1.45997
1.4545
1.44904
1.44411
1.4394
1.43346
1.42236
1.39688
1.35642
1.33017
1.32152
1.31699
1.31427
1.31257
1.30975
1.30502
1.29927
1.29181
1.28028
1.26274
1.247
1.23817
1.23104
1.22181
1.20989
1.19856
1.19004
1.18342
1.17727
1.17048
1.16227
1.15263
1.13913
1.12392
1.11563
1.11209
1.10921
1.10602
1.10216
1.09719
1.09078
1.08397
1.07883
1.07026
1.05275
1.02984
1.01826
1.01417
1.01124
1.0084
1.00612
1.00512
1.00377
1.00032
0.995697
0.988658
0.974574
0.951847
0.934745
0.927815
0.922949
0.917965
0.913864
0.909407
0.906107
0.903823
0.9016
0.899328
0.89726
0.89383
0.88954
0.882075
0.866627
0.851489
0.844365
0.840432
0.838034
0.835944
0.834819
0.833847
0.833602
0.834621
0.837565
0.842237
0.84975
0.861642
0.874593
0.894723
0.923876
0.956615
0.997774
1.03078
1.03405
1.03688
1.04604
1.04688
1.04771
1.05017
1.04895
1.04483
1.04219
1.03916
1.03525
1.03181
1.02933
1.0262
1.01931
1.00532
0.994322
0.99205
0.990177
0.986733
0.983092
0.98109
0.980145
0.978935
0.976835
0.97666
0.977105
0.973398
0.969996
0.967799
0.96569
0.961633
0.954799
0.946324
0.938349
0.930618
0.925393
0.922318
0.920812
0.920804
0.919573
0.91524
5.84618
6.39914
6.35037
6.25816
6.18033
6.10909
6.03424
5.95341
5.87519
5.79986
5.72139
5.64268
5.56387
5.49142
5.41753
5.34057
5.26383
5.18611
5.11654
5.04575
4.97228
4.90041
4.82598
4.75581
4.68683
4.621
4.55746
4.49061
4.42737
4.36252
4.29581
4.23495
4.17342
4.11524
4.05983
3.99766
3.93416
3.86994
3.79837
3.74515
3.69721
3.64446
3.59619
3.54037
3.48181
3.44257
3.39766
3.35167
3.30535
3.23693
3.17296
3.14357
3.11425
3.08272
3.04884
2.994
2.918
2.85899
2.83769
2.82382
2.80451
2.77597
2.73339
2.68524
2.64306
2.60969
2.57554
2.51907
2.45471
2.43024
2.42209
2.41869
2.40831
2.39278
2.36886
2.31808
2.24391
2.18259
2.15505
2.15254
2.20699
2.64552
3.92489
5.09906
5.42737
5.47987
5.46393
5.41349
5.33514
5.21853
5.08695
4.99653
4.95572
4.9419
4.93303
4.88808
4.8176
4.71446
4.60979
4.54953
4.51353
4.48492
4.44661
4.39724
4.32982
4.25457
4.20099
4.16141
4.12218
4.08052
4.03251
3.96989
3.88684
3.82823
3.7984
3.77318
3.75332
3.72883
3.69809
3.66101
3.60403
3.53282
3.48711
3.45752
3.42695
3.39499
3.36208
3.32651
3.283
3.22601
3.16387
3.12466
3.10182
3.08147
3.06303
3.0428
3.02037
2.99638
2.96807
2.93328
2.89506
2.8573
2.81858
2.77633
2.73444
2.70203
2.68003
2.66227
2.6462
2.63173
2.61788
2.60215
2.58292
2.55675
2.5252
2.49414
2.4622
2.42586
2.38847
2.35656
2.32826
2.29982
2.27488
2.25866
2.24759
2.23892
2.2357
2.23083
2.22083
2.20793
2.18883
2.15554
2.10366
2.05973
2.03691
2.02117
2.00751
1.99409
1.98193
1.97228
1.96396
1.95631
1.94745
1.93307
1.90774
1.86901
1.83257
1.81364
1.80169
1.7905
1.7786
1.76779
1.75923
1.75181
1.74487
1.7389
1.7323
1.72137
1.69663
1.6558
1.62967
1.61665
1.60563
1.59497
1.58554
1.57721
1.56973
1.56314
1.55381
1.53358
1.50304
1.48409
1.47568
1.4691
1.4622
1.45531
1.44884
1.4432
1.43774
1.43064
1.42165
1.40968
1.38699
1.3537
1.33045
1.31988
1.31292
1.30802
1.30411
1.30295
1.30066
1.29491
1.2844
1.26891
1.25495
1.24468
1.23557
1.22643
1.2164
1.20518
1.1946
1.18617
1.17942
1.1738
1.16853
1.16208
1.15311
1.13824
1.12034
1.10898
1.10228
1.09789
1.09448
1.09085
1.08648
1.08075
1.07469
1.06949
1.06067
1.04421
1.02632
1.01819
1.01488
1.01263
1.01042
1.00792
1.00509
1.00119
0.996498
0.991204
0.982624
0.964424
0.94064
0.928569
0.924524
0.922693
0.920661
0.917288
0.914501
0.912675
0.91106
0.909082
0.905517
0.901033
0.895659
0.887847
0.87525
0.859421
0.847061
0.840758
0.836679
0.834053
0.832535
0.831133
0.830055
0.828993
0.826401
0.823507
0.820736
0.815742
0.808954
0.809781
0.815672
0.829737
0.855361
0.890095
0.9213
0.945665
0.978999
1.01173
1.02704
1.03786
1.03883
1.03737
1.03654
1.03455
1.03311
1.0291
1.02529
1.02105
1.01374
1.00018
0.987622
0.985486
0.984953
0.983024
0.979167
0.974201
0.97132
0.969195
0.966244
0.963234
0.961231
0.957148
0.954179
0.95292
0.952198
0.950811
0.94822
0.944024
0.937759
0.930292
0.923567
0.920104
0.918112
0.915839
0.913213
0.908103
3.7983
6.19543
6.34626
6.2825
6.20061
6.12587
6.05016
5.97333
5.90038
5.82383
5.74659
5.66417
5.58656
5.51293
5.43737
5.36332
5.2874
5.21498
5.14442
5.07253
4.99734
4.91665
4.84624
4.78027
4.71518
4.65402
4.59087
4.5278
4.46065
4.39011
4.32311
4.25522
4.19534
4.14308
4.08438
4.02352
3.96614
3.89784
3.83592
3.78119
3.72398
3.67182
3.61864
3.5595
3.51994
3.47795
3.43116
3.38804
3.32725
3.25551
3.21538
3.18095
3.14502
3.10827
3.05922
2.98926
2.93218
2.91162
2.89581
2.87445
2.84322
2.797
2.74509
2.70186
2.66991
2.63895
2.58735
2.52015
2.48618
2.47728
2.47404
2.46417
2.44784
2.42424
2.37426
2.2993
2.23421
2.20748
2.20839
2.29299
2.88469
4.28631
5.39912
5.58694
5.5978
5.58724
5.53373
5.45557
5.32972
5.19045
5.10319
5.0641
5.0509
5.03886
4.99197
4.9193
4.81073
4.70094
4.64272
4.60832
4.58091
4.53956
4.48605
4.41213
4.33085
4.27631
4.23696
4.20018
4.1612
4.11872
4.06114
3.9785
3.90674
3.86805
3.83748
3.80925
3.77825
3.74543
3.70861
3.65974
3.59883
3.55619
3.53015
3.50319
3.47274
3.43917
3.40133
3.35535
3.29653
3.22959
3.17903
3.15041
3.12695
3.10479
3.08237
3.05928
3.03519
3.00867
2.97757
2.94279
2.9107
2.88118
2.84908
2.81009
2.76522
2.72584
2.69856
2.67689
2.65646
2.63613
2.6159
2.59638
2.57816
2.56072
2.54267
2.52255
2.49907
2.46942
2.42893
2.38069
2.33524
2.29702
2.27455
2.26303
2.25235
2.24141
2.23148
2.22444
2.21783
2.20938
2.19807
2.17995
2.15003
2.10707
2.06085
2.02872
2.00751
1.99183
1.97954
1.96881
1.95827
1.94812
1.93988
1.9333
1.92249
1.90098
1.86443
1.82862
1.80973
1.79733
1.78491
1.7722
1.76262
1.75487
1.74753
1.74143
1.73635
1.72934
1.71594
1.68678
1.64504
1.62054
1.60697
1.59493
1.58405
1.57507
1.56765
1.56148
1.55555
1.54522
1.52537
1.49983
1.48157
1.47268
1.46727
1.46319
1.45846
1.45217
1.44516
1.4377
1.428
1.41589
1.39961
1.37929
1.35465
1.33177
1.31806
1.31031
1.30505
1.29988
1.29378
1.28653
1.27757
1.26863
1.26176
1.25512
1.24797
1.23951
1.22765
1.21149
1.1969
1.18742
1.18011
1.17378
1.16914
1.16531
1.1599
1.14829
1.12957
1.11191
1.10162
1.0954
1.0915
1.08881
1.08708
1.08412
1.07774
1.06963
1.06183
1.05186
1.03931
1.02812
1.0229
1.02025
1.01787
1.01498
1.01123
1.00669
1.00126
0.994498
0.985655
0.971723
0.953838
0.939331
0.929824
0.923344
0.918794
0.91442
0.910236
0.908187
0.906412
0.90375
0.899631
0.894729
0.889331
0.883688
0.877672
0.868185
0.854905
0.845833
0.842319
0.840095
0.83758
0.834704
0.831211
0.826793
0.822267
0.81765
0.812979
0.808151
0.803294
0.795758
0.785438
0.780401
0.781571
0.788472
0.802788
0.820405
0.84322
0.879528
0.915498
0.948284
0.977653
1.00085
1.01295
1.01959
1.02492
1.02707
1.02597
1.01992
1.01087
1.00063
0.990958
0.986342
0.983933
0.980473
0.976178
0.971988
0.968956
0.966432
0.963568
0.959494
0.953969
0.947915
0.942418
0.938905
0.936577
0.934839
0.933189
0.931602
0.929861
0.92716
0.922271
0.917436
0.913989
0.910732
0.908009
0.903345
1.62057
4.79488
6.23269
6.3003
6.23229
6.13981
6.05535
5.98913
5.92423
5.8536
5.77455
5.6934
5.61394
5.53376
5.45396
5.37705
5.30893
5.24105
5.17067
5.10043
5.02326
4.94522
4.87387
4.80565
4.74251
4.67967
4.61974
4.55753
4.48861
4.42262
4.35348
4.28382
4.22539
4.16521
4.10387
4.04875
3.98913
3.92903
3.87231
3.8125
3.75693
3.70107
3.63729
3.5951
3.55579
3.5075
3.46435
3.41238
3.34157
3.29438
3.25417
3.21426
3.1748
3.12621
3.05796
3.00139
2.98031
2.96357
2.94146
2.90994
2.8633
2.81009
2.76586
2.73391
2.70415
2.65617
2.5862
2.54133
2.53096
2.5284
2.52103
2.50458
2.48168
2.43421
2.35832
2.28767
2.26013
2.26648
2.39793
3.18394
4.66954
5.63405
5.74482
5.71788
5.69279
5.63704
5.56134
5.44454
5.3057
5.21354
5.17357
5.16124
5.14826
5.09841
5.01841
4.90464
4.79724
4.73845
4.70222
4.67303
4.63228
4.57949
4.50121
4.41471
4.35727
4.31693
4.28093
4.2422
4.19921
4.14261
4.06414
3.98798
3.94612
3.91374
3.87984
3.84357
3.80426
3.76071
3.70564
3.64414
3.60504
3.57957
3.55631
3.53068
3.50358
3.47224
3.4316
3.37584
3.30752
3.2516
3.21763
3.18809
3.15817
3.12849
3.09936
3.07126
3.04353
3.01299
2.98004
2.95041
2.92553
2.9012
2.8736
2.84017
2.80197
2.76256
2.72572
2.69515
2.66927
2.64531
2.6215
2.59485
2.57292
2.5593
2.54915
2.5372
2.52204
2.50142
2.46938
2.41551
2.34833
2.30452
2.28465
2.27052
2.25837
2.24733
2.23641
2.22523
2.21349
2.20188
2.19136
2.18123
2.16739
2.14437
2.10142
2.04859
2.01219
1.99199
1.97853
1.96824
1.95883
1.94921
1.93957
1.93034
1.92164
1.91185
1.89401
1.85725
1.82126
1.80464
1.79411
1.78357
1.77216
1.76093
1.75078
1.74208
1.73402
1.72675
1.71951
1.7055
1.67489
1.63627
1.6131
1.59897
1.58723
1.57754
1.56944
1.56145
1.55339
1.54555
1.53591
1.52154
1.50275
1.48455
1.47104
1.46066
1.45181
1.44292
1.43226
1.42168
1.41317
1.40549
1.40001
1.39321
1.38062
1.35572
1.32682
1.31174
1.30385
1.29783
1.29186
1.28482
1.27739
1.27269
1.26806
1.262
1.25431
1.24496
1.2323
1.21465
1.19818
1.18869
1.18274
1.17762
1.17183
1.16468
1.15665
1.14855
1.13812
1.12317
1.10851
1.09927
1.09322
1.08845
1.08409
1.07873
1.07196
1.06483
1.05959
1.05596
1.05072
1.04049
1.02585
1.01587
1.01109
1.0083
1.00528
1.00143
0.996566
0.990549
0.983093
0.974073
0.962582
0.948757
0.936174
0.92684
0.920711
0.915514
0.910276
0.907759
0.905905
0.903131
0.899075
0.894107
0.888798
0.884022
0.880227
0.876048
0.867777
0.854135
0.843389
0.837642
0.833871
0.830459
0.827541
0.824285
0.82006
0.815391
0.810406
0.80546
0.800651
0.794894
0.787503
0.778263
0.7704
0.766665
0.76501
0.765556
0.770185
0.782278
0.800989
0.822487
0.848158
0.875219
0.904239
0.934653
0.961343
0.979076
0.993118
0.997344
0.996557
0.993942
0.991189
0.988489
0.98424
0.977881
0.974287
0.972133
0.969841
0.966588
0.962128
0.956739
0.951004
0.945659
0.940159
0.933309
0.928231
0.926247
0.92477
0.922745
0.919683
0.91528
0.910463
0.906095
0.901591
0.899126
0.897916
0.896398
1.03426
2.30396
5.42356
6.28409
6.25211
6.15954
6.07489
6.00274
5.92958
5.85786
5.78451
5.71268
5.63687
5.55919
5.47928
5.40622
5.33385
5.26215
5.19231
5.12118
5.04731
4.97599
4.90927
4.84396
4.77462
4.70787
4.64669
4.57978
4.51316
4.44973
4.38159
4.31943
4.25497
4.1886
4.12673
4.06556
4.01039
3.9591
3.90064
3.84437
3.79225
3.72666
3.67646
3.63544
3.58473
3.53801
3.49111
3.42233
3.37135
3.33007
3.28685
3.24739
3.2002
3.13392
3.07592
3.04894
3.02794
3.00382
2.97183
2.92617
2.87447
2.83199
2.8018
2.77402
2.72933
2.65681
2.59984
2.58501
2.58084
2.57638
2.56082
2.53904
2.49458
2.42139
2.34521
2.31488
2.32923
2.53393
3.51719
5.06663
5.83666
5.89091
5.83784
5.8039
5.74836
5.66915
5.5544
5.42111
5.33144
5.28947
5.27409
5.2537
5.19939
5.11469
4.9978
4.8855
4.82754
4.79382
4.77038
4.72967
4.6734
4.59415
4.50776
4.44874
4.40845
4.37055
4.32917
4.28273
4.22123
4.13843
4.06124
4.02058
3.98997
3.95691
3.92102
3.88063
3.83023
3.76614
3.70108
3.65774
3.62997
3.60495
3.57822
3.55062
3.52121
3.48571
3.43918
3.38138
3.32686
3.29286
3.26575
3.236
3.20161
3.16293
3.12195
3.08196
3.04462
3.00988
2.97878
2.9555
2.93502
2.91362
2.8892
2.86108
2.83159
2.80088
2.7664
2.72694
2.68819
2.65566
2.6262
2.59696
2.57593
2.56202
2.54973
2.54009
2.53127
2.51625
2.49089
2.44466
2.38353
2.33588
2.30522
2.28232
2.2642
2.25
2.23838
2.22841
2.21832
2.20702
2.19651
2.18749
2.17704
2.15973
2.12999
2.08758
2.04077
2.00615
1.98484
1.97051
1.95984
1.95064
1.94318
1.936
1.92895
1.92173
1.91073
1.88749
1.84777
1.81184
1.79606
1.78664
1.7782
1.76921
1.759
1.74748
1.73647
1.72675
1.71737
1.70736
1.692
1.66214
1.62661
1.60739
1.59726
1.58904
1.58035
1.5708
1.55965
1.54945
1.54129
1.53194
1.51896
1.50078
1.47902
1.46171
1.45036
1.4413
1.43025
1.41702
1.40907
1.40514
1.40249
1.39835
1.39124
1.37697
1.35064
1.32188
1.30976
1.30506
1.29988
1.29371
1.28694
1.28139
1.27664
1.27109
1.26324
1.25207
1.23643
1.21684
1.20033
1.18942
1.18085
1.17392
1.169
1.16458
1.1594
1.15289
1.14461
1.13217
1.11502
1.10141
1.094
1.08817
1.08276
1.07719
1.07095
1.06502
1.06089
1.05738
1.05357
1.04651
1.0326
1.01763
1.00958
1.00569
1.00346
1.00113
0.997845
0.993575
0.987527
0.979865
0.969313
0.956852
0.943851
0.932776
0.926033
0.921372
0.916022
0.912237
0.910246
0.90771
0.904411
0.900365
0.895828
0.89163
0.887584
0.882437
0.874035
0.861259
0.847201
0.838306
0.833147
0.829272
0.826079
0.822908
0.819048
0.81454
0.809966
0.80576
0.801809
0.79776
0.791883
0.781567
0.770361
0.764898
0.762393
0.759859
0.756389
0.754167
0.753964
0.755925
0.762139
0.775498
0.797623
0.825406
0.85211
0.869853
0.887826
0.912465
0.935506
0.953515
0.968304
0.972288
0.968425
0.962759
0.964885
0.96931
0.968669
0.965019
0.959896
0.955897
0.952223
0.947464
0.939869
0.928955
0.924468
0.923238
0.921953
0.919944
0.916715
0.911535
0.904165
0.89594
0.888146
0.883316
0.882465
0.883261
1.00042
1.13753
3.17369
5.83357
6.23275
6.1891
6.11081
6.03272
5.95552
5.8785
5.8028
5.72702
5.65499
5.58148
5.51105
5.43869
5.36539
5.28863
5.21668
5.14668
5.07255
5.0023
4.94311
4.8812
4.80906
4.73987
4.67178
4.60022
4.53281
4.46708
4.41005
4.35021
4.28384
4.22124
4.15345
4.08776
4.03637
3.98182
3.92543
3.87659
3.81715
3.76296
3.72109
3.66958
3.61846
3.57054
3.50006
3.44241
3.40352
3.35847
3.31837
3.27557
3.21503
3.15928
3.12627
3.09852
3.07007
3.03459
2.9864
2.93485
2.89516
2.86789
2.84296
2.80256
2.73136
2.66475
2.64364
2.63623
2.63157
2.61706
2.5953
2.55228
2.48334
2.4044
2.37183
2.39866
2.71214
3.90242
5.46928
5.96373
6.00674
5.95724
5.91452
5.8599
5.78381
5.6701
5.53677
5.44924
5.4062
5.38786
5.35948
5.3007
5.2081
5.08631
4.98263
4.92994
4.89913
4.87664
4.83445
4.77557
4.68856
4.59609
4.5367
4.49629
4.45644
4.41322
4.36429
4.30176
4.22037
4.14467
4.10424
4.07435
4.04113
4.00241
3.9564
3.90007
3.83399
3.76913
3.72547
3.69451
3.6632
3.63112
3.5973
3.56139
3.52342
3.48101
3.43002
3.38053
3.35185
3.32995
3.30625
3.27877
3.24608
3.20631
3.15606
3.09735
3.04369
3.0051
2.9801
2.96019
2.94117
2.92109
2.89834
2.87388
2.85096
2.82769
2.80077
2.76563
2.71824
2.66727
2.62796
2.60232
2.58355
2.56806
2.55531
2.5435
2.53036
2.51529
2.49362
2.45588
2.41179
2.37651
2.34675
2.31732
2.28916
2.26482
2.24365
2.22545
2.21101
2.19871
2.18683
2.17486
2.16306
2.15117
2.13722
2.11443
2.08018
2.04162
2.00759
1.98348
1.96643
1.95365
1.94336
1.93346
1.92388
1.91436
1.90488
1.89478
1.8757
1.84168
1.81007
1.79193
1.77867
1.76699
1.75771
1.75011
1.74267
1.73364
1.72348
1.71335
1.70213
1.68448
1.65592
1.62158
1.59772
1.5827
1.57068
1.55991
1.55037
1.54276
1.53659
1.53126
1.52472
1.51434
1.4955
1.47057
1.45123
1.4391
1.43046
1.4218
1.41386
1.40727
1.40153
1.39594
1.39091
1.3854
1.37388
1.34667
1.31302
1.29633
1.29062
1.28571
1.27984
1.27381
1.26895
1.26454
1.26089
1.25474
1.24364
1.22578
1.20775
1.19611
1.18666
1.17735
1.17016
1.16542
1.16162
1.15799
1.15293
1.14228
1.12396
1.10833
1.10002
1.09332
1.0861
1.07981
1.07504
1.07011
1.06402
1.05723
1.05092
1.04594
1.04037
1.03055
1.01681
1.00524
0.999315
0.996429
0.992913
0.987895
0.980777
0.972994
0.968534
0.964209
0.957197
0.945963
0.931788
0.92075
0.912759
0.907083
0.904565
0.902332
0.899363
0.895724
0.89135
0.886977
0.882765
0.878076
0.873002
0.866017
0.854708
0.842846
0.835021
0.829883
0.826278
0.823361
0.820471
0.817323
0.813609
0.809122
0.804079
0.798764
0.79292
0.785437
0.77522
0.766812
0.762208
0.758103
0.753914
0.750525
0.747734
0.74429
0.742743
0.743133
0.745928
0.750759
0.756939
0.768523
0.787069
0.811197
0.842761
0.869759
0.887909
0.897527
0.906017
0.917433
0.929349
0.941183
0.941927
0.940417
0.944689
0.947621
0.946352
0.942416
0.93413
0.92592
0.923152
0.922172
0.921022
0.919435
0.916393
0.910791
0.90256
0.893153
0.885214
0.878019
0.871564
0.870756
1
1.00319
1.37877
4.0566
6.0323
6.21084
6.14525
6.05934
5.97984
5.90539
5.82739
5.74829
5.67031
5.60191
5.53561
5.46627
5.39579
5.31816
5.24326
5.16836
5.09593
5.02855
4.9736
4.91199
4.84251
4.77335
4.69989
4.62284
4.54368
4.48158
4.43387
4.37611
4.3172
4.25715
4.18655
4.12597
4.06544
4.00201
3.94765
3.89264
3.84166
3.80508
3.75723
3.70365
3.65558
3.58861
3.51785
3.47647
3.43042
3.38678
3.34714
3.29129
3.23943
3.20628
3.17322
3.14175
3.10536
3.05375
2.99785
2.95706
2.93061
2.90701
2.87022
2.80231
2.73188
2.70453
2.69603
2.69039
2.67584
2.65394
2.61034
2.5417
2.46337
2.42935
2.47428
2.93463
4.32762
5.79339
6.17521
6.1703
6.10013
6.04128
5.98029
5.89823
5.7841
5.65477
5.57108
5.52584
5.50442
5.46988
5.40593
5.30566
5.17723
5.07083
5.01986
4.99378
4.97919
4.93953
4.87989
4.78831
4.69188
4.63223
4.59058
4.54856
4.50041
4.44291
4.3698
4.2875
4.22167
4.18286
4.15376
4.12383
4.08845
4.04315
3.97754
3.90298
3.84015
3.79842
3.76473
3.72977
3.69396
3.65726
3.61772
3.57457
3.52963
3.48291
3.43431
3.39933
3.37692
3.35555
3.33347
3.30885
3.27822
3.2364
3.18074
3.11859
3.06556
3.02639
2.99412
2.96544
2.94058
2.91913
2.89833
2.88058
2.86489
2.84695
2.82476
2.79497
2.74856
2.69033
2.64682
2.62151
2.60048
2.57991
2.56052
2.54366
2.52668
2.50601
2.4798
2.45166
2.42509
2.40299
2.38147
2.35542
2.32245
2.28547
2.25156
2.22609
2.20909
2.19695
2.18701
2.1774
2.16537
2.15303
2.14107
2.12606
2.10424
2.07906
2.04728
2.00782
1.97553
1.95832
1.94855
1.94067
1.93141
1.921
1.9111
1.90027
1.88471
1.86076
1.83169
1.80528
1.78831
1.77601
1.76391
1.75109
1.74003
1.73098
1.72131
1.71038
1.69986
1.6901
1.67447
1.64335
1.60663
1.58393
1.56972
1.55748
1.54872
1.54283
1.53792
1.53346
1.52766
1.52013
1.50709
1.48382
1.45713
1.43733
1.42789
1.42287
1.41794
1.41178
1.40565
1.40074
1.39585
1.3904
1.38253
1.36383
1.32523
1.29565
1.28729
1.28328
1.27873
1.27366
1.26869
1.26367
1.25806
1.25237
1.24613
1.23545
1.21658
1.19992
1.18966
1.18139
1.17527
1.17136
1.16752
1.16268
1.15696
1.14873
1.13224
1.10814
1.09419
1.08811
1.08263
1.07659
1.07167
1.06847
1.0651
1.06027
1.05503
1.05086
1.04642
1.03885
1.02462
1.00817
0.997837
0.99323
0.99016
0.985958
0.979834
0.972415
0.967886
0.964596
0.961051
0.954002
0.940582
0.925102
0.913721
0.906126
0.902885
0.900726
0.898019
0.894633
0.89047
0.886004
0.881755
0.877696
0.873129
0.866975
0.85794
0.847236
0.839855
0.835332
0.832282
0.829921
0.827314
0.824139
0.820022
0.815003
0.810127
0.805236
0.798625
0.788966
0.777338
0.76883
0.763571
0.758735
0.753776
0.749553
0.745739
0.741973
0.739024
0.73747
0.736814
0.73561
0.733095
0.731537
0.732199
0.737116
0.745591
0.759545
0.777705
0.798398
0.824492
0.857967
0.874441
0.881446
0.889606
0.902422
0.916832
0.919505
0.915894
0.908578
0.907289
0.911847
0.914637
0.915387
0.917964
0.919404
0.917892
0.913356
0.905461
0.894808
0.885438
0.877531
0.86909
0.865343
1
1.00002
1.01534
1.80477
4.85105
6.06398
6.14176
6.07865
5.99851
5.92625
5.85016
5.76595
5.68413
5.62202
5.55818
5.49289
5.42157
5.34938
5.27205
5.19634
5.11748
5.05145
4.99527
4.93305
4.86818
4.80483
4.73365
4.65207
4.5645
4.50288
4.44871
4.39236
4.34224
4.2861
4.22867
4.16693
4.09796
4.03503
3.97175
3.91337
3.87731
3.83816
3.78732
3.74068
3.6822
3.60279
3.55499
3.50936
3.46103
3.41987
3.36514
3.31056
3.27999
3.24501
3.21043
3.17671
3.12848
3.07089
3.02619
2.99595
2.96972
2.9344
2.86952
2.79707
2.76346
2.75454
2.75014
2.73765
2.71663
2.673
2.60083
2.52193
2.48973
2.55843
3.19448
4.79629
6.0647
6.27534
6.29693
6.25175
6.18607
6.11547
6.01528
5.89453
5.77678
5.69844
5.64999
5.62475
5.58489
5.51683
5.41033
5.27401
5.16419
5.11326
5.08808
5.07419
5.03306
4.97312
4.88114
4.78536
4.72844
4.68709
4.64634
4.5987
4.53828
4.45642
4.36679
4.29822
4.25838
4.2264
4.19334
4.15714
4.11295
4.05159
3.98194
3.92336
3.88368
3.84801
3.80875
3.76505
3.71718
3.66775
3.62113
3.57809
3.53663
3.4951
3.45544
3.42686
3.40441
3.38164
3.35679
3.3286
3.29323
3.24654
3.19184
3.14263
3.1024
3.06515
3.02779
2.98969
2.95212
2.9209
2.89848
2.88077
2.86744
2.85484
2.83668
2.80959
2.76819
2.72002
2.68025
2.65145
2.62714
2.60338
2.57905
2.55401
2.52721
2.49658
2.46763
2.44559
2.43158
2.41906
2.40472
2.38527
2.35644
2.31688
2.27532
2.2436
2.22048
2.19999
2.18001
2.16142
2.1457
2.13256
2.12144
2.11427
2.10817
2.09651
2.07942
2.0529
2.01336
1.97412
1.94873
1.93037
1.91521
1.90176
1.88996
1.88042
1.87341
1.86649
1.85269
1.83054
1.80482
1.78348
1.76749
1.75366
1.74025
1.73068
1.72328
1.7155
1.70638
1.69545
1.6805
1.65578
1.62068
1.59123
1.57538
1.56542
1.55689
1.54945
1.54333
1.5374
1.53074
1.52251
1.51072
1.49087
1.46375
1.44084
1.42798
1.42098
1.41547
1.4124
1.41139
1.40754
1.40137
1.39445
1.3868
1.37435
1.34707
1.30799
1.28617
1.2787
1.27487
1.27118
1.26759
1.26422
1.25973
1.25538
1.25062
1.24377
1.22794
1.20536
1.19578
1.19119
1.18515
1.17855
1.17375
1.16929
1.16377
1.15572
1.14022
1.11203
1.09283
1.08656
1.08184
1.0773
1.07276
1.06799
1.06471
1.06243
1.06051
1.05744
1.05284
1.04542
1.03241
1.01595
1.00439
0.996358
0.987695
0.981517
0.977753
0.97395
0.969922
0.965605
0.960696
0.9548
0.946383
0.934769
0.922601
0.912078
0.90601
0.903151
0.900287
0.896682
0.892702
0.888101
0.882879
0.878217
0.874139
0.869951
0.864441
0.855334
0.843419
0.832985
0.827927
0.825284
0.82259
0.819568
0.816147
0.812174
0.808357
0.805171
0.801719
0.79559
0.785163
0.773307
0.765434
0.759983
0.755029
0.750511
0.746294
0.742357
0.738655
0.736056
0.734428
0.731951
0.728743
0.72605
0.7235
0.719745
0.716959
0.716589
0.718679
0.723192
0.731716
0.744967
0.761966
0.783237
0.809517
0.842063
0.872699
0.880404
0.87931
0.878742
0.881384
0.884352
0.885638
0.887415
0.896158
0.908474
0.911001
0.909088
0.903596
0.896202
0.889832
0.881637
0.869207
0.862853
1
1
1.00016
1.05788
2.43932
5.33664
6.1101
6.09168
6.01685
5.94957
5.87946
5.7964
5.71676
5.64021
5.56701
5.50038
5.43793
5.37227
5.30163
5.23039
5.1532
5.0852
5.01544
4.94342
4.87984
4.82587
4.76321
4.688
4.60739
4.53974
4.47242
4.41109
4.35736
4.31086
4.26553
4.20389
4.14018
4.07479
4.00073
3.95639
3.91733
3.86406
3.81148
3.75947
3.68532
3.63186
3.59039
3.54134
3.50021
3.45038
3.38682
3.3519
3.31638
3.27519
3.24064
3.19691
3.14358
3.10063
3.06753
3.03723
3.00072
2.93794
2.8633
2.82228
2.81156
2.80711
2.79659
2.7786
2.73824
2.66396
2.58208
2.55585
2.67437
3.51496
5.23904
6.30789
6.57238
6.52207
6.43908
6.35623
6.2564
6.12868
6.00325
5.90014
5.82971
5.78308
5.75458
5.7049
5.63122
5.51906
5.37911
5.26646
5.21308
5.18536
5.16903
5.12561
5.06404
4.96684
4.86791
4.81411
4.77733
4.74412
4.69897
4.63872
4.5524
4.46002
4.39459
4.35417
4.31602
4.27444
4.22832
4.17392
4.10288
4.03324
3.99222
3.96268
3.93346
3.89667
3.84894
3.79034
3.73013
3.67616
3.63056
3.59113
3.55302
3.51306
3.47744
3.45143
3.42796
3.4035
3.37608
3.34326
3.29976
3.24679
3.20094
3.16605
3.13296
3.09778
3.05871
3.0151
2.97203
2.93812
2.91237
2.88953
2.86803
2.84685
2.82392
2.79849
2.77185
2.74267
2.713
2.68249
2.65195
2.62424
2.59905
2.57144
2.53384
2.48999
2.46076
2.44749
2.43757
2.42846
2.41838
2.40413
2.37944
2.34356
2.3044
2.27017
2.23898
2.20854
2.18057
2.15695
2.13913
2.12705
2.11712
2.10824
2.10295
2.09892
2.08988
2.07535
2.04915
2.00548
1.95899
1.93066
1.91276
1.8982
1.8857
1.87642
1.869
1.86316
1.85752
1.84811
1.83129
1.80766
1.78278
1.76222
1.74555
1.73167
1.71978
1.71
1.70097
1.69103
1.67925
1.66447
1.63877
1.60306
1.58179
1.57134
1.56223
1.5527
1.54551
1.53982
1.53435
1.52853
1.5201
1.50177
1.46798
1.44185
1.43249
1.42625
1.41889
1.41322
1.40874
1.4068
1.40748
1.40322
1.39582
1.38453
1.36133
1.32327
1.29046
1.2788
1.27473
1.27263
1.27428
1.27648
1.27204
1.26677
1.26124
1.25349
1.23953
1.22088
1.20413
1.19091
1.18048
1.17276
1.1689
1.16607
1.16273
1.15805
1.14815
1.12498
1.09862
1.08675
1.08051
1.07545
1.07187
1.07056
1.06893
1.0663
1.06296
1.05932
1.05541
1.0504
1.04105
1.02191
1.0006
0.989801
0.984019
0.98024
0.977147
0.973973
0.969901
0.96549
0.960975
0.956834
0.952477
0.94418
0.927731
0.909544
0.901731
0.899028
0.896462
0.893598
0.891094
0.890982
0.889108
0.885646
0.882031
0.877546
0.870965
0.861412
0.848536
0.834326
0.827346
0.824526
0.821661
0.818519
0.815479
0.812696
0.810018
0.806626
0.801791
0.79644
0.78888
0.778338
0.769137
0.762799
0.758376
0.755145
0.752013
0.747819
0.742982
0.738644
0.734895
0.730798
0.726823
0.72432
0.721767
0.717935
0.714341
0.710969
0.708025
0.705876
0.70353
0.700887
0.701852
0.707639
0.718169
0.733187
0.755523
0.777792
0.798791
0.827621
0.850173
0.853198
0.854527
0.861442
0.87127
0.88277
0.885998
0.885424
0.885647
0.885958
0.884426
0.877631
0.866577
0.862103
1
1
1
1.00095
1.16846
3.1715
5.71551
6.07532
6.036
5.96654
5.89788
5.82845
5.75371
5.6736
5.58706
5.51135
5.45587
5.39517
5.33257
5.26412
5.19715
5.12314
5.04488
4.95729
4.88964
4.8397
4.7845
4.72101
4.65676
4.58786
4.51327
4.4368
4.37328
4.33523
4.29137
4.23439
4.18128
4.11212
4.05025
4.00551
3.94968
3.88969
3.83359
3.76127
3.70049
3.66494
3.6197
3.5779
3.53721
3.47256
3.42773
3.39362
3.34763
3.30725
3.26328
3.20765
3.16776
3.13658
3.1047
3.06927
3.01169
2.93564
2.88706
2.87274
2.86509
2.85336
2.83597
2.79934
2.72763
2.64293
2.62691
2.81868
3.91936
5.73055
6.53692
6.61046
6.59984
6.56684
6.4872
6.39043
6.26215
6.11983
6.01976
5.95634
5.91912
5.89303
5.83615
5.75118
5.62668
5.48349
5.37473
5.32031
5.29134
5.27108
5.22327
5.15502
5.05201
4.94957
4.8957
4.86079
4.83166
4.78823
4.73174
4.64912
4.55468
4.49208
4.45123
4.41012
4.36453
4.31262
4.24898
4.16932
4.09672
4.0552
4.02681
4.00307
3.97305
3.93534
3.87946
3.80702
3.74238
3.69282
3.65175
3.61422
3.5766
3.53831
3.50474
3.47531
3.44612
3.41615
3.38427
3.34632
3.30055
3.25854
3.22854
3.19963
3.16537
3.12408
3.07792
3.03347
2.99641
2.96463
2.93403
2.90409
2.87537
2.84842
2.82264
2.79573
2.77308
2.75524
2.73673
2.71399
2.6845
2.64978
2.61128
2.56965
2.5278
2.49207
2.47128
2.45639
2.44248
2.42894
2.41537
2.40228
2.38461
2.35284
2.31886
2.29255
2.26772
2.23709
2.19957
2.16647
2.14477
2.13009
2.11862
2.10858
2.09917
2.09188
2.08581
2.07646
2.0631
2.03757
1.993
1.94865
1.922
1.90477
1.89074
1.87908
1.86962
1.86187
1.85469
1.84757
1.83903
1.82508
1.80016
1.77245
1.75139
1.73436
1.71925
1.70696
1.69795
1.69053
1.6834
1.67432
1.65587
1.62263
1.59175
1.57726
1.56739
1.55619
1.54636
1.53968
1.5339
1.52805
1.52079
1.50834
1.48396
1.45439
1.43624
1.42798
1.4226
1.41788
1.4134
1.40858
1.40247
1.39472
1.38675
1.37713
1.36276
1.33935
1.31144
1.2905
1.28048
1.27602
1.27346
1.2702
1.2652
1.25926
1.25298
1.24586
1.23797
1.22775
1.21186
1.19392
1.18161
1.17454
1.1702
1.16728
1.16377
1.15886
1.15095
1.13381
1.10544
1.08755
1.08101
1.07679
1.07309
1.07029
1.06986
1.06827
1.06521
1.06237
1.05939
1.05571
1.04831
1.02883
1.00156
0.988215
0.983895
0.980336
0.97679
0.974249
0.970734
0.966422
0.963033
0.960742
0.958103
0.951749
0.934166
0.911347
0.90209
0.89905
0.896597
0.894201
0.892954
0.891271
0.887065
0.882214
0.878002
0.873889
0.868673
0.861899
0.851937
0.837069
0.828771
0.827018
0.825533
0.823257
0.820582
0.818079
0.815215
0.811375
0.805601
0.796711
0.787327
0.780469
0.774884
0.769652
0.764048
0.757682
0.751272
0.74531
0.740028
0.735627
0.733472
0.732539
0.731049
0.728348
0.724889
0.720636
0.714811
0.708957
0.704161
0.701257
0.698177
0.69552
0.693845
0.691146
0.68748
0.686054
0.687586
0.693391
0.70322
0.720754
0.74413
0.766462
0.791662
0.819633
0.837207
0.845916
0.853312
0.861364
0.86479
0.862016
0.857185
0.853217
0.854601
0.857619
1
1
1
1
1.00444
1.38693
3.99085
5.81231
6.05133
6.00561
5.92325
5.85823
5.7947
5.71909
5.6279
5.5442
5.46708
5.39492
5.33462
5.28217
5.22657
5.1592
5.08513
4.99185
4.91403
4.85084
4.79206
4.73825
4.68942
4.62918
4.56094
4.47876
4.41083
4.36538
4.31048
4.25803
4.20568
4.14419
4.096
4.04132
3.97906
3.91917
3.84457
3.77054
3.73514
3.6946
3.64956
3.6135
3.55926
3.50255
3.47057
3.42667
3.38245
3.34074
3.28205
3.23299
3.19872
3.16597
3.13157
3.08088
3.00996
2.95773
2.94093
2.93024
2.91473
2.89437
2.8572
2.78656
2.70261
2.699
3.02171
4.35267
6.1134
6.81004
6.91879
6.81813
6.6812
6.59976
6.51179
6.38982
6.24991
6.1499
6.08832
6.05356
6.0288
5.96834
5.87682
5.74559
5.59586
5.48739
5.43219
5.40434
5.38249
5.33171
5.25881
5.14669
5.03158
4.97273
4.93644
4.90884
4.86765
4.8151
4.73495
4.64285
4.58745
4.55051
4.51384
4.46912
4.41248
4.33345
4.23996
4.16444
4.12278
4.09323
4.06644
4.03489
3.99865
3.9509
3.88794
3.82505
3.77386
3.72767
3.68218
3.63746
3.59455
3.55847
3.52918
3.5006
3.46895
3.43177
3.38714
3.33614
3.29777
3.27503
3.25316
3.22687
3.19231
3.14548
3.09203
3.0495
3.01956
2.99208
2.96181
2.92822
2.89201
2.85304
2.81824
2.79589
2.77903
2.76311
2.74684
2.72969
2.70504
2.66705
2.6202
2.56911
2.53212
2.513
2.49689
2.47962
2.46071
2.4411
2.42027
2.39483
2.3686
2.34609
2.32426
2.30726
2.29055
2.26631
2.22814
2.18568
2.15526
2.13515
2.12098
2.1109
2.104
2.09929
2.09309
2.08473
2.07358
2.05376
2.02422
1.98437
1.94282
1.91297
1.89373
1.88049
1.87176
1.86566
1.86068
1.85451
1.84562
1.82951
1.80453
1.77651
1.75723
1.74262
1.72766
1.71255
1.69972
1.68964
1.6809
1.67167
1.66042
1.6409
1.60983
1.58335
1.57168
1.56545
1.55933
1.55191
1.54435
1.53631
1.52655
1.51252
1.49203
1.46952
1.45162
1.43762
1.425
1.41455
1.4077
1.4027
1.39802
1.39242
1.38459
1.3741
1.3629
1.34982
1.33375
1.31486
1.29425
1.27905
1.27172
1.26804
1.2643
1.25898
1.25249
1.246
1.239
1.22999
1.21713
1.20335
1.19342
1.18558
1.17877
1.17437
1.17079
1.16595
1.15814
1.1438
1.11937
1.09338
1.08186
1.0779
1.07599
1.07649
1.07816
1.07571
1.07172
1.0681
1.0645
1.06026
1.05278
1.03545
1.00785
0.993073
0.988683
0.98455
0.979863
0.975882
0.972904
0.968961
0.966229
0.964146
0.961543
0.956061
0.942906
0.922535
0.910082
0.906414
0.904007
0.901505
0.898135
0.89357
0.888516
0.882772
0.877326
0.873578
0.870311
0.865849
0.856992
0.842129
0.830209
0.825452
0.822296
0.819003
0.815806
0.812922
0.809998
0.806743
0.802962
0.797083
0.788327
0.781254
0.777012
0.773099
0.768303
0.761552
0.753389
0.745487
0.739542
0.736693
0.734812
0.732101
0.728513
0.72501
0.721689
0.717888
0.713104
0.707904
0.702652
0.698689
0.695098
0.692854
0.691055
0.687356
0.683056
0.678214
0.673985
0.67181
0.67052
0.672078
0.676387
0.684476
0.696426
0.713935
0.734432
0.755923
0.781656
0.818718
0.836456
0.834031
0.828948
0.830439
0.835426
0.839338
1
1
1
1
1.00003
1.0166
1.76814
4.63286
5.90352
6.00234
5.93573
5.87597
5.82339
5.75333
5.67005
5.58389
5.49665
5.41038
5.33719
5.29061
5.24831
5.19132
5.12315
5.04182
4.95716
4.87797
4.80017
4.74287
4.70388
4.65673
4.59988
4.52725
4.46145
4.39994
4.33488
4.27709
4.21982
4.17609
4.12879
4.06698
4.00587
3.93828
3.85481
3.81115
3.77523
3.72873
3.69021
3.64249
3.5752
3.5382
3.50109
3.45617
3.42015
3.37086
3.31407
3.26963
3.22789
3.18725
3.13902
3.07516
3.02472
3.0087
2.99936
2.9827
2.96074
2.91984
2.84693
2.76009
2.77569
3.25826
4.86087
6.52466
6.94526
6.95819
6.92055
6.84387
6.74612
6.63384
6.51229
6.3802
6.285
6.22286
6.18544
6.15907
6.09745
6.00132
5.86198
5.71215
5.61115
5.5562
5.52985
5.50539
5.45134
5.37166
5.2508
5.12829
5.06302
5.02212
4.98837
4.94576
4.89402
4.81336
4.7215
4.66606
4.63093
4.60236
4.56417
4.51623
4.44457
4.34268
4.25046
4.20121
4.16531
4.13018
4.09508
4.05756
4.00988
3.94633
3.89066
3.85307
3.81731
3.77381
3.71884
3.66066
3.61388
3.57997
3.55103
3.52212
3.48899
3.44466
3.3862
3.34037
3.31617
3.29352
3.26841
3.24069
3.20625
3.1581
3.10576
3.06847
3.0411
3.01509
2.98571
2.94861
2.9032
2.8593
2.82876
2.80799
2.79066
2.77402
2.75517
2.73345
2.70904
2.67048
2.61432
2.57107
2.55165
2.5371
2.52198
2.50582
2.48714
2.46424
2.43477
2.3942
2.3526
2.33443
2.32664
2.31809
2.30395
2.28227
2.25158
2.21604
2.18281
2.156
2.13436
2.11545
2.09869
2.08392
2.07144
2.06131
2.05426
2.04884
2.03633
2.01107
1.97867
1.94302
1.91229
1.89006
1.87383
1.86271
1.85462
1.84767
1.84086
1.83044
1.81133
1.78608
1.76734
1.75388
1.74087
1.72768
1.71551
1.70353
1.69097
1.67842
1.66497
1.64862
1.62814
1.6083
1.58859
1.57101
1.55621
1.54418
1.53483
1.52565
1.51557
1.50394
1.49127
1.4777
1.46277
1.44751
1.43225
1.41914
1.40917
1.40152
1.3954
1.38927
1.38144
1.37105
1.36006
1.35159
1.34387
1.33303
1.3158
1.29173
1.27285
1.26596
1.26342
1.26183
1.25843
1.25242
1.24512
1.23673
1.22754
1.2175
1.20517
1.18986
1.1759
1.16637
1.16091
1.15645
1.15043
1.14162
1.12858
1.10974
1.08982
1.07954
1.07589
1.07349
1.07148
1.06844
1.06519
1.06205
1.05888
1.05544
1.05085
1.04134
1.01923
0.994019
0.984859
0.981561
0.978513
0.97589
0.974468
0.970522
0.966504
0.963047
0.959183
0.95477
0.949324
0.938134
0.919254
0.906108
0.900554
0.897086
0.893481
0.889812
0.886866
0.884718
0.882569
0.880138
0.877203
0.87198
0.861515
0.844913
0.831753
0.825431
0.821228
0.817347
0.813942
0.81111
0.808349
0.805046
0.801086
0.797339
0.793008
0.787744
0.781342
0.774509
0.768575
0.763807
0.758974
0.752579
0.74555
0.741596
0.738095
0.733173
0.728667
0.72463
0.72085
0.717219
0.713177
0.708229
0.703036
0.698735
0.695916
0.694162
0.691314
0.686331
0.680351
0.675629
0.672092
0.669596
0.667642
0.665312
0.662494
0.659108
0.656581
0.657951
0.662217
0.669479
0.682446
0.706142
0.731991
0.759192
0.779844
0.801482
0.811429
0.814233
1
1
1
1
1
1.00018
1.05313
2.29212
5.15043
5.93062
5.94834
5.88835
5.80925
5.75159
5.69748
5.62964
5.54796
5.44329
5.36497
5.30673
5.24358
5.19367
5.14115
5.07531
4.99703
4.91501
4.82451
4.76581
4.72261
4.67886
4.62995
4.5697
4.50549
4.43205
4.36171
4.29184
4.24204
4.20469
4.15021
4.08879
4.02758
3.9445
3.88717
3.85743
3.814
3.77376
3.73279
3.6636
3.60729
3.56982
3.52305
3.48558
3.44987
3.40097
3.35213
3.30124
3.25398
3.20459
3.14201
3.08903
3.07229
3.06474
3.0489
3.02811
2.9887
2.91488
2.82515
2.86366
3.54567
5.38979
6.75212
7.24008
7.2403
7.09995
6.94588
6.84995
6.75471
6.6372
6.5159
6.42601
6.36303
6.32209
6.2865
6.22016
6.12117
5.97946
5.82739
5.72842
5.67663
5.65499
5.63197
5.5763
5.49364
5.36754
5.23618
5.16316
5.11882
5.07882
5.03004
4.96955
4.88183
4.78787
4.73212
4.69833
4.67377
4.64071
4.59627
4.53624
4.4475
4.35807
4.30428
4.26226
4.21743
4.17046
4.12216
4.067
4.0009
3.94694
3.91493
3.88609
3.85351
3.81191
3.75366
3.6884
3.63911
3.60267
3.56901
3.53472
3.49493
3.44288
3.39597
3.37001
3.3463
3.31964
3.28917
3.25352
3.21101
3.16276
3.11984
3.08827
3.06045
3.03183
2.99934
2.95878
2.91457
2.88112
2.8568
2.8327
2.80836
2.78822
2.77101
2.74973
2.71174
2.65688
2.60712
2.58349
2.56789
2.55243
2.53691
2.52121
2.50427
2.48189
2.44755
2.39717
2.35396
2.3313
2.3156
2.30181
2.28912
2.27679
2.26215
2.2407
2.21481
2.18652
2.15495
2.12408
2.09979
2.08272
2.06873
2.05449
2.0412
2.03079
2.02339
2.01609
2.00205
1.97827
1.94532
1.91124
1.88585
1.86797
1.85364
1.83876
1.82298
1.80962
1.79945
1.7936
1.78694
1.77836
1.76429
1.74254
1.71741
1.69434
1.67504
1.65866
1.64539
1.63678
1.63128
1.62256
1.60745
1.58538
1.56206
1.54463
1.53343
1.52483
1.51474
1.50426
1.49507
1.48467
1.47286
1.46093
1.44715
1.4303
1.41358
1.40112
1.39307
1.38742
1.38235
1.37583
1.36752
1.35991
1.35221
1.34277
1.32957
1.30909
1.28395
1.2692
1.26319
1.25759
1.25047
1.24426
1.23806
1.23219
1.22785
1.22255
1.21384
1.19841
1.17946
1.16632
1.15831
1.15294
1.14869
1.14389
1.13637
1.12351
1.10271
1.08441
1.07686
1.07305
1.07016
1.06678
1.06365
1.06085
1.0579
1.05466
1.05058
1.04362
1.02714
0.999771
0.985539
0.981737
0.979244
0.978946
0.98038
0.97691
0.972256
0.968145
0.96405
0.960223
0.955485
0.946286
0.930664
0.912161
0.902091
0.897159
0.89368
0.890745
0.887631
0.88394
0.879865
0.87553
0.870861
0.865147
0.857268
0.847177
0.836274
0.827917
0.821978
0.816898
0.812898
0.810352
0.808182
0.805499
0.801382
0.796964
0.794102
0.790926
0.786318
0.780675
0.775186
0.769255
0.76119
0.751932
0.743499
0.737987
0.736603
0.735756
0.733298
0.729408
0.724365
0.718222
0.712976
0.709283
0.706329
0.703365
0.700439
0.697723
0.694058
0.68665
0.678376
0.675194
0.673448
0.670948
0.667281
0.663033
0.659225
0.655066
0.651005
0.64727
0.643649
0.642143
0.642553
0.646702
0.654234
0.666923
0.685008
0.70679
0.724863
0.755248
1
1
1
1
1
1
1.00087
1.14015
2.92058
5.43618
5.97945
5.92989
5.83125
5.75093
5.69258
5.64661
5.58459
5.49835
5.41516
5.33465
5.25128
5.18887
5.15143
5.10166
5.03866
4.96194
4.8706
4.80665
4.75076
4.69781
4.64435
4.59513
4.53589
4.46521
4.39114
4.3152
4.2746
4.23062
4.17024
4.11137
4.03833
3.9622
3.92984
3.89282
3.85159
3.819
3.76675
3.69685
3.64865
3.59947
3.55271
3.51511
3.47075
3.42673
3.37689
3.32538
3.27859
3.22145
3.16301
3.14123
3.13023
3.11183
3.08914
3.05149
2.98218
2.89925
2.99772
3.89435
5.86199
7.16579
7.34239
7.32654
7.26283
7.16839
7.00997
6.86221
6.74345
6.64087
6.56188
6.50183
6.46118
6.41578
6.3416
6.23329
6.08711
5.93963
5.84725
5.79875
5.77902
5.75444
5.69564
5.60915
5.4843
5.35499
5.27851
5.23244
5.18681
5.13456
5.06878
4.9716
4.86225
4.79783
4.76167
4.73709
4.70748
4.6642
4.61255
4.5307
4.44386
4.39753
4.36054
4.31784
4.26684
4.20623
4.13625
4.06069
4.00224
3.96876
3.93941
3.90894
3.87587
3.83573
3.78256
3.72499
3.67587
3.63299
3.59112
3.54469
3.486
3.43538
3.41184
3.3923
3.37072
3.34566
3.315
3.27361
3.22019
3.16916
3.13206
3.1014
3.07174
3.04079
3.00269
2.96074
2.92826
2.90573
2.88397
2.86045
2.83515
2.80772
2.77643
2.73838
2.69346
2.64728
2.62152
2.60392
2.58506
2.56745
2.55087
2.53348
2.51641
2.49584
2.46144
2.41263
2.36781
2.33632
2.31531
2.30112
2.28907
2.27642
2.26358
2.24979
2.23318
2.21269
2.18581
2.15027
2.11354
2.08578
2.06577
2.04923
2.03623
2.02637
2.01871
2.01339
2.00615
1.9943
1.9742
1.94382
1.90719
1.87659
1.8542
1.83375
1.81324
1.80085
1.79581
1.79414
1.79421
1.7889
1.7784
1.75903
1.72794
1.69572
1.67236
1.65492
1.64275
1.63546
1.62981
1.62505
1.6177
1.60461
1.5837
1.55752
1.53488
1.51843
1.50529
1.49372
1.4852
1.47942
1.47539
1.46935
1.4599
1.44572
1.42797
1.41077
1.39791
1.38824
1.37665
1.36574
1.35846
1.35242
1.34627
1.34035
1.33434
1.32381
1.30329
1.27932
1.26483
1.25511
1.24748
1.24289
1.23833
1.23329
1.22706
1.21994
1.21294
1.20393
1.18881
1.17218
1.16076
1.1535
1.14925
1.14643
1.1424
1.13343
1.11533
1.09347
1.08351
1.08028
1.077
1.07325
1.06999
1.06712
1.06404
1.06028
1.05504
1.04677
1.03284
1.01194
0.993397
0.985598
0.982151
0.978776
0.974622
0.97005
0.96632
0.962543
0.958163
0.953639
0.949592
0.945604
0.93725
0.92372
0.911326
0.904347
0.899828
0.895715
0.89118
0.886098
0.880867
0.875405
0.869111
0.862415
0.854489
0.846956
0.839838
0.832463
0.825686
0.819404
0.81391
0.810663
0.808466
0.806555
0.804642
0.801561
0.79654
0.792272
0.788782
0.785546
0.781596
0.774995
0.764895
0.753584
0.744318
0.738874
0.735805
0.732736
0.728626
0.72468
0.720744
0.716364
0.711726
0.709588
0.708897
0.708122
0.706387
0.70198
0.693671
0.685006
0.679605
0.676393
0.672837
0.668486
0.664088
0.660442
0.657315
0.653496
0.649291
0.64521
0.641746
0.638249
0.634023
0.631748
0.630756
0.631412
0.63395
0.639299
0.647554
0.668699
1
1
1
1
1
1
1
1.00339
1.30589
3.52021
5.70393
5.93134
5.86239
5.77195
5.70465
5.6481
5.59116
5.53146
5.46373
5.38547
5.29295
5.21552
5.1553
5.10678
5.06362
5.00312
4.93009
4.8554
4.78469
4.71477
4.65623
4.61354
4.55687
4.4948
4.42066
4.35034
4.30676
4.25178
4.19357
4.13331
4.05505
4.01021
3.97387
3.92674
3.88696
3.84229
3.77924
3.72998
3.68375
3.63484
3.59511
3.54472
3.49232
3.44532
3.39198
3.34591
3.29983
3.24423
3.21903
3.20435
3.17962
3.15063
3.10901
3.03466
2.97788
3.15826
4.37017
6.32478
7.50427
7.68142
7.56668
7.38344
7.25038
7.15741
7.02957
6.88659
6.76928
6.69097
6.63236
6.59334
6.5434
6.46394
6.34727
6.19625
6.04723
5.95613
5.91078
5.89475
5.86809
5.80698
5.71813
5.59156
5.46465
5.39305
5.34852
5.30522
5.25273
5.18151
5.07334
4.95226
4.8793
4.83837
4.80837
4.7777
4.73611
4.68562
4.60466
4.51884
4.47409
4.44244
4.40962
4.36924
4.31626
4.23673
4.13571
4.06198
4.02602
3.99537
3.96351
3.93058
3.89432
3.85168
3.8048
3.75945
3.71474
3.6666
3.6108
3.54245
3.47827
3.44794
3.42777
3.40773
3.38605
3.36193
3.33162
3.28993
3.24053
3.19719
3.15992
3.12248
3.08198
3.03704
2.99153
2.9602
2.94166
2.92295
2.90198
2.87829
2.85125
2.82181
2.78495
2.73433
2.68393
2.6585
2.6431
2.62535
2.60425
2.58079
2.56149
2.54729
2.53089
2.5063
2.4713
2.43191
2.39891
2.36753
2.33363
2.30273
2.28206
2.268
2.25594
2.24757
2.23931
2.22666
2.20887
2.17988
2.13507
2.0913
2.06636
2.05195
2.04027
2.02939
2.01956
2.01094
2.00445
1.99812
1.98812
1.97187
1.94049
1.89397
1.85542
1.83065
1.81382
1.80436
1.79763
1.79176
1.78578
1.78069
1.77552
1.7662
1.74538
1.70719
1.67498
1.65993
1.64965
1.6395
1.63143
1.62482
1.61863
1.61111
1.59763
1.57142
1.53838
1.5149
1.50164
1.49307
1.4869
1.48067
1.47327
1.46618
1.46017
1.4536
1.44275
1.42602
1.40782
1.39077
1.37488
1.36362
1.35787
1.35298
1.34751
1.34176
1.33653
1.33082
1.31772
1.2871
1.25895
1.25095
1.2476
1.24481
1.24126
1.23587
1.22983
1.22355
1.21677
1.20794
1.19278
1.17275
1.16225
1.15829
1.15373
1.14779
1.14146
1.13439
1.12497
1.10959
1.08965
1.07766
1.0712
1.06671
1.06288
1.05913
1.05535
1.05091
1.0445
1.03561
1.02676
1.01878
1.00832
0.995118
0.984636
0.978087
0.973037
0.968289
0.964172
0.960891
0.957024
0.951848
0.947047
0.943017
0.938462
0.93229
0.921858
0.907782
0.897055
0.891364
0.887255
0.882886
0.878357
0.874517
0.870183
0.862867
0.85453
0.847453
0.84088
0.83463
0.82905
0.823521
0.818295
0.816088
0.814938
0.813309
0.810367
0.806009
0.801731
0.798058
0.793922
0.78836
0.781267
0.773732
0.76636
0.759173
0.751867
0.744189
0.737456
0.732
0.727007
0.72312
0.720077
0.716958
0.714749
0.713117
0.711375
0.709046
0.70547
0.699832
0.691628
0.684591
0.681326
0.678371
0.67421
0.668614
0.663429
0.659564
0.656306
0.652659
0.648812
0.645168
0.641608
0.637148
0.632455
0.629196
0.627286
0.625591
0.624004
0.62292
0.621964
0.623223
1
1
1
1
1
1
1
1.00002
1.0111
1.56263
4.14477
5.83222
5.88273
5.80596
5.7189
5.6415
5.58544
5.54443
5.4957
5.42815
5.34267
5.25853
5.18023
5.11645
5.06816
5.02486
4.96942
4.90022
4.82574
4.73506
4.67553
4.63115
4.5757
4.52143
4.45469
4.39439
4.33395
4.26777
4.21146
4.14513
4.09314
4.06388
4.01788
3.97111
3.91983
3.84592
3.79093
3.75522
3.71207
3.67473
3.63771
3.579
3.51759
3.45754
3.40388
3.3646
3.31752
3.2887
3.27762
3.25303
3.22052
3.17423
3.08853
3.05955
3.37764
4.8798
6.83483
7.7269
7.73263
7.661
7.54151
7.39016
7.24392
7.13552
7.02473
6.92021
6.83981
6.7763
6.72851
6.67142
6.58848
6.46399
6.30818
6.16241
6.07442
6.02785
6.01073
5.98041
5.91702
5.82094
5.68935
5.56704
5.49983
5.45745
5.42101
5.37042
5.30273
5.19201
5.05755
4.97299
4.92725
4.89344
4.85654
4.81083
4.75565
4.67243
4.5827
4.53283
4.50243
4.47837
4.44491
4.40408
4.34567
4.25314
4.1512
4.08983
4.05036
4.015
3.98088
3.94624
3.90893
3.86854
3.82923
3.79205
3.75137
3.69814
3.62343
3.54122
3.49242
3.46612
3.44267
3.41958
3.3964
3.3713
3.33878
3.29839
3.26051
3.22751
3.19221
3.14892
3.09515
3.03524
2.99269
2.97299
2.95528
2.93651
2.91576
2.89158
2.86134
2.82111
2.77204
2.72368
2.69714
2.68205
2.66542
2.64879
2.63015
2.60679
2.57761
2.54389
2.50735
2.47605
2.45466
2.43831
2.41928
2.39438
2.35665
2.30994
2.28181
2.26874
2.25798
2.24746
2.23854
2.22997
2.21739
2.1995
2.16473
2.10949
2.07086
2.05534
2.04434
2.03351
2.02319
2.01395
2.0063
2.00017
1.99146
1.98019
1.96099
1.91809
1.86177
1.83042
1.81847
1.80977
1.80142
1.79431
1.78825
1.78187
1.77479
1.76603
1.75142
1.71949
1.68267
1.66633
1.65644
1.64688
1.63777
1.62955
1.62135
1.6116
1.59848
1.57803
1.54704
1.51708
1.50336
1.49666
1.49043
1.48424
1.47807
1.47144
1.465
1.45867
1.45007
1.43361
1.40707
1.38655
1.37941
1.37482
1.36995
1.36475
1.35937
1.35371
1.34798
1.34092
1.32573
1.29499
1.26243
1.25191
1.24801
1.24403
1.23936
1.23513
1.23122
1.22655
1.22156
1.21325
1.19922
1.18059
1.1647
1.15594
1.14986
1.14374
1.13909
1.13551
1.13112
1.12152
1.10261
1.0822
1.07141
1.06557
1.06144
1.0573
1.0526
1.04743
1.0408
1.03272
1.02556
1.02158
1.01719
1.00838
0.993646
0.980781
0.97345
0.96843
0.963875
0.959775
0.955447
0.949951
0.94534
0.943054
0.941247
0.937959
0.930511
0.915825
0.899407
0.891335
0.887276
0.883163
0.878537
0.873644
0.866915
0.860474
0.854001
0.848203
0.843919
0.840122
0.835686
0.828392
0.818002
0.812959
0.811671
0.810471
0.808892
0.806153
0.802509
0.798675
0.794149
0.788528
0.782066
0.775719
0.768852
0.760716
0.751911
0.742196
0.73284
0.727776
0.725339
0.723538
0.722136
0.722687
0.721928
0.71925
0.716358
0.712601
0.706384
0.697973
0.691515
0.688111
0.68496
0.680862
0.67614
0.671027
0.665787
0.661899
0.658722
0.655662
0.652717
0.64963
0.645774
0.640418
0.633986
0.628676
0.625355
0.622809
0.620661
0.618968
0.617307
0.614111
1
1
1
1
1
1
1
1
1.0001
1.03241
1.93703
4.65361
5.85446
5.87157
5.77245
5.65385
5.57893
5.54797
5.51465
5.46206
5.38964
5.30377
5.21495
5.12762
5.07188
5.0401
4.99484
4.93589
4.86302
4.76621
4.69819
4.64205
4.59352
4.54402
4.49038
4.43461
4.36339
4.2943
4.22384
4.15877
4.13414
4.10386
4.05897
4.01548
3.94653
3.86154
3.81532
3.77328
3.73313
3.70494
3.66839
3.60982
3.54145
3.4757
3.42796
3.38356
3.34936
3.33839
3.32245
3.29367
3.2509
3.15805
3.15851
3.65048
5.46573
7.22173
7.93192
8.10021
7.9171
7.68322
7.51478
7.40077
7.27385
7.15791
7.06693
6.98816
6.92331
6.86712
6.80049
6.71398
6.58682
6.42887
6.28388
6.19913
6.15144
6.13313
6.09749
6.03083
5.92943
5.79049
5.66198
5.59515
5.5541
5.52337
5.47398
5.41149
5.30986
5.17587
5.08183
5.03346
4.99548
4.95327
4.90328
4.84427
4.75478
4.65379
4.59398
4.56003
4.53478
4.50703
4.46777
4.4209
4.35202
4.25986
4.18418
4.13157
4.08353
4.03798
3.99632
3.95705
3.91846
3.88147
3.84702
3.8121
3.77095
3.71442
3.63803
3.56819
3.5247
3.49016
3.45785
3.42664
3.39572
3.36585
3.33573
3.30556
3.27994
3.25436
3.22346
3.17748
3.10833
3.04133
3.00803
2.98753
2.96845
2.94929
2.92862
2.90384
2.8694
2.81527
2.75593
2.72946
2.71669
2.70307
2.6886
2.67326
2.65496
2.63153
2.59813
2.55232
2.50306
2.46465
2.44662
2.43591
2.42464
2.40812
2.37747
2.3307
2.29339
2.27548
2.26301
2.25183
2.24275
2.23341
2.22054
2.20608
2.18296
2.13826
2.08637
2.05956
2.04651
2.03619
2.02629
2.01665
2.00803
2.00116
1.9951
1.98611
1.96794
1.9326
1.88417
1.84576
1.82523
1.8135
1.8048
1.79705
1.79173
1.7888
1.78387
1.77448
1.75777
1.72966
1.69732
1.67466
1.66021
1.64947
1.64053
1.63265
1.62548
1.61755
1.60571
1.584
1.55109
1.52369
1.51085
1.50276
1.49486
1.4876
1.48196
1.4798
1.47703
1.47037
1.45883
1.43816
1.41027
1.38927
1.37865
1.37153
1.36435
1.35647
1.35005
1.34468
1.33836
1.33152
1.32406
1.3065
1.27734
1.25773
1.25121
1.24698
1.24313
1.23847
1.2328
1.22662
1.2202
1.21508
1.20571
1.18793
1.16815
1.15572
1.14909
1.14455
1.1404
1.13569
1.13018
1.12372
1.11383
1.0969
1.07936
1.07051
1.06584
1.0614
1.05542
1.04667
1.03762
1.03094
1.02745
1.02476
1.02124
1.0149
1.00317
0.987874
0.978041
0.973447
0.968871
0.96191
0.953587
0.948586
0.94627
0.943748
0.940843
0.937773
0.933281
0.924295
0.908692
0.896852
0.89314
0.889315
0.882839
0.874855
0.866386
0.859453
0.855177
0.851616
0.847858
0.844043
0.839792
0.832601
0.820555
0.812864
0.810731
0.809735
0.809363
0.809486
0.807504
0.803833
0.799354
0.794015
0.787475
0.780014
0.771837
0.762832
0.753619
0.742938
0.732949
0.728613
0.726743
0.725058
0.723791
0.722926
0.71989
0.716483
0.7131
0.708587
0.70202
0.695127
0.691891
0.690355
0.688386
0.685118
0.678981
0.669611
0.662182
0.658588
0.655859
0.653143
0.650587
0.647863
0.644098
0.63838
0.630709
0.625057
0.622529
0.620755
0.619063
0.617472
0.615388
0.610969
1
1
1
1
1
1
1
1
1
1.00045
1.08036
2.39133
5.0692
5.82967
5.8162
5.71407
5.61451
5.54441
5.50055
5.46994
5.42078
5.35446
5.27189
5.16041
5.08413
5.04724
5.00976
4.96432
4.89969
4.81778
4.73829
4.66473
4.59781
4.54438
4.50881
4.46042
4.3965
4.33229
4.24841
4.19562
4.16738
4.12932
4.09773
4.05589
3.97626
3.90536
3.85296
3.80269
3.76137
3.72514
3.68184
3.62547
3.55984
3.50682
3.46206
3.42011
3.40153
3.38347
3.35169
3.31708
3.23259
3.28078
4.04843
6.10131
7.57952
8.09414
8.16951
8.14753
8.00168
7.75795
7.53259
7.41079
7.32365
7.23737
7.15742
7.0862
7.01531
6.93673
6.84271
6.71183
6.55424
6.41367
6.33376
6.28477
6.26276
6.22084
6.14895
6.04226
5.89829
5.76643
5.6981
5.65381
5.62022
5.56928
5.50517
5.40624
5.2805
5.18712
5.14023
5.10463
5.06284
5.00904
4.93834
4.83726
4.72955
4.66046
4.62436
4.5954
4.56663
4.52735
4.48402
4.42748
4.34795
4.27176
4.21909
4.17166
4.12108
4.06786
4.01586
3.96814
3.92532
3.88721
3.85221
3.8168
3.77531
3.7213
3.66005
3.60812
3.56497
3.52453
3.48487
3.44617
3.40565
3.36215
3.33043
3.30958
3.29029
3.2688
3.24071
3.19466
3.1277
3.06762
3.03111
3.00472
2.98151
2.95956
2.93776
2.91238
2.87276
2.80865
2.75664
2.7383
2.72435
2.71309
2.70281
2.68969
2.67302
2.65259
2.6225
2.56944
2.50358
2.46422
2.44783
2.43493
2.42209
2.40735
2.38512
2.34992
2.31284
2.28826
2.27195
2.25871
2.24701
2.23619
2.2259
2.21313
2.19188
2.15742
2.11201
2.07204
2.05158
2.03991
2.03038
2.02082
2.01041
1.99871
1.98573
1.97214
1.95595
1.93463
1.9057
1.87187
1.84257
1.82479
1.81366
1.80361
1.79257
1.78134
1.77087
1.75926
1.74299
1.72483
1.70843
1.69281
1.67674
1.66098
1.64714
1.63542
1.62604
1.61757
1.60557
1.58357
1.54891
1.52514
1.51726
1.51126
1.50474
1.49766
1.49015
1.48203
1.47286
1.46301
1.45171
1.43686
1.41524
1.39354
1.38199
1.37429
1.36574
1.35628
1.34816
1.34212
1.3358
1.32659
1.3159
1.30498
1.28936
1.27055
1.26095
1.25721
1.25299
1.24734
1.24092
1.23389
1.22532
1.21393
1.20131
1.18548
1.16814
1.15673
1.1511
1.14662
1.14183
1.1371
1.13269
1.12815
1.12188
1.1105
1.09085
1.07064
1.05838
1.05269
1.04886
1.04418
1.03772
1.03287
1.0291
1.02506
1.02061
1.01615
1.0106
0.999903
0.982949
0.968782
0.962496
0.958841
0.953995
0.950243
0.947647
0.944942
0.941851
0.938272
0.934323
0.929613
0.920031
0.902006
0.887782
0.882488
0.876139
0.869055
0.866965
0.865249
0.862732
0.85878
0.854084
0.848921
0.842694
0.834167
0.823729
0.816449
0.813537
0.811972
0.810502
0.808563
0.805433
0.801121
0.795918
0.790225
0.783675
0.775851
0.768505
0.762079
0.753846
0.744363
0.737892
0.734785
0.732675
0.730578
0.728479
0.725428
0.721619
0.717823
0.713106
0.706789
0.7003
0.696842
0.69494
0.692423
0.689273
0.685368
0.678979
0.668763
0.660803
0.6575
0.655068
0.652536
0.650191
0.647822
0.644475
0.638586
0.63027
0.624138
0.621604
0.61997
0.618418
0.616859
0.614778
0.610128
1
1
1
1
1
1
1
1
1
1
1.00157
1.16938
2.95165
5.31239
5.79339
5.77659
5.69476
5.58605
5.50873
5.46137
5.42266
5.37985
5.31854
5.22229
5.1283
5.06086
5.00984
4.96762
4.91662
4.85171
4.77866
4.70521
4.61898
4.55881
4.52477
4.48005
4.433
4.37729
4.30385
4.25645
4.20698
4.15345
4.10349
4.04781
3.99027
3.94275
3.89222
3.84576
3.79677
3.74042
3.69077
3.63561
3.58066
3.54528
3.50072
3.47511
3.45417
3.41393
3.37576
3.30704
3.41862
4.50626
6.73762
8.04054
8.4616
8.46258
8.29373
8.13559
7.99376
7.78434
7.58987
7.47848
7.39954
7.32926
7.25558
7.17028
7.07919
6.97285
6.83984
6.68364
6.54343
6.4672
6.41823
6.39102
6.34302
6.26713
6.1586
6.01463
5.88096
5.80963
5.76342
5.72515
5.66968
5.59965
5.49333
5.36912
5.27928
5.23593
5.20628
5.17043
5.12126
5.05366
4.9468
4.8171
4.73076
4.69062
4.65891
4.6306
4.59231
4.54883
4.49289
4.41671
4.343
4.29507
4.25425
4.20904
4.15719
4.10075
4.04327
3.98785
3.93767
3.89288
3.85085
3.80923
3.76697
3.72427
3.68227
3.6416
3.60138
3.55981
3.5151
3.46656
3.41537
3.37015
3.33968
3.31523
3.29107
3.26503
3.23399
3.19385
3.1438
3.0965
3.0589
3.0279
3.00047
2.97417
2.94689
2.91474
2.87005
2.81629
2.77914
2.75672
2.73913
2.72261
2.7064
2.69414
2.68487
2.66984
2.63828
2.58381
2.52683
2.48801
2.46046
2.4382
2.41958
2.40287
2.385
2.36148
2.33423
2.31125
2.29143
2.27265
2.25413
2.23507
2.21544
2.19955
2.18686
2.16899
2.13934
2.10107
2.06574
2.04485
2.03224
2.02215
2.01263
2.00227
1.98792
1.96868
1.9524
1.93837
1.91968
1.89903
1.87476
1.84498
1.8215
1.80912
1.80014
1.7887
1.77103
1.75174
1.7365
1.72437
1.71498
1.70527
1.69214
1.6748
1.65872
1.64687
1.63589
1.62409
1.6089
1.5864
1.55793
1.53624
1.52356
1.51503
1.50805
1.5015
1.49434
1.48548
1.47365
1.46123
1.44975
1.43716
1.41962
1.40004
1.38882
1.38153
1.37429
1.36591
1.35591
1.34541
1.3361
1.32575
1.31435
1.3062
1.30038
1.29042
1.27166
1.25478
1.24568
1.23973
1.23358
1.22623
1.21741
1.20824
1.19933
1.18984
1.17659
1.16264
1.15458
1.14894
1.14378
1.13898
1.13447
1.13012
1.12557
1.11882
1.10274
1.07613
1.05845
1.05055
1.04646
1.04452
1.04312
1.04006
1.03598
1.03178
1.0282
1.0246
1.01937
1.00908
0.990943
0.970415
0.960381
0.958398
0.958564
0.956399
0.953344
0.951165
0.948957
0.946167
0.94274
0.937955
0.928617
0.909694
0.888088
0.87812
0.873385
0.867675
0.864158
0.86206
0.859528
0.855705
0.851281
0.846471
0.840579
0.832201
0.824126
0.821926
0.821034
0.818096
0.814311
0.810256
0.806011
0.80084
0.794958
0.788998
0.783164
0.776432
0.767466
0.758734
0.752362
0.748585
0.744857
0.737832
0.729773
0.726176
0.72351
0.720591
0.717045
0.713059
0.708605
0.703854
0.701455
0.700115
0.698204
0.695721
0.692544
0.687913
0.679828
0.667749
0.659975
0.657508
0.655452
0.653329
0.651257
0.648761
0.645533
0.64114
0.634412
0.627585
0.62416
0.622002
0.619863
0.617618
0.615551
0.611119
1
1
1
1
1
1
1
1
1
1
1.00001
1.00478
1.3332
3.52425
5.40589
5.80234
5.75426
5.64636
5.53535
5.45654
5.42965
5.40806
5.35867
5.2875
5.19215
5.08549
5.00802
4.96331
4.92203
4.87084
4.81554
4.75204
4.66582
4.60304
4.5443
4.49071
4.45604
4.41211
4.36488
4.31387
4.25122
4.18805
4.11587
4.0429
4.00491
3.96874
3.92635
3.88728
3.83324
3.76556
3.70695
3.64786
3.61171
3.58084
3.54908
3.52917
3.48725
3.4433
3.3904
3.62244
5.0251
7.36519
8.25153
8.48361
8.53312
8.4728
8.31151
8.09598
7.90349
7.77292
7.66524
7.5758
7.49884
7.42001
7.33235
7.22577
7.09625
6.95717
6.81332
6.68302
6.60647
6.55504
6.51864
6.46345
6.38388
6.26749
6.12531
6.00008
5.93032
5.88406
5.84287
5.78462
5.70751
5.59124
5.45828
5.36263
5.31692
5.28983
5.26464
5.21838
5.16091
5.06786
4.92882
4.81926
4.7707
4.73454
4.69924
4.6593
4.61606
4.56113
4.48243
4.40331
4.35947
4.32564
4.28797
4.24323
4.18685
4.12112
4.05751
4.00175
3.95328
3.90847
3.86388
3.81791
3.77107
3.72763
3.69144
3.6587
3.62485
3.58735
3.5442
3.49364
3.43898
3.3906
3.35263
3.32178
3.29426
3.26656
3.23358
3.19295
3.15266
3.11703
3.08332
3.0502
3.01783
2.98579
2.95208
2.91307
2.86951
2.83288
2.80474
2.77873
2.7567
2.73831
2.71832
2.69437
2.67235
2.65124
2.62352
2.58793
2.55345
2.52411
2.49228
2.45712
2.42319
2.39393
2.37039
2.35394
2.34118
2.32672
2.30909
2.28881
2.26649
2.2422
2.21709
2.19453
2.17829
2.16593
2.15205
2.12935
2.09688
2.06506
2.04342
2.02832
2.01474
1.99926
1.97865
1.9542
1.93426
1.92408
1.91904
1.91205
1.89781
1.87606
1.84863
1.82113
1.79751
1.77733
1.75978
1.744
1.73341
1.72665
1.72169
1.71483
1.70595
1.69257
1.67306
1.64985
1.62714
1.60713
1.58966
1.5723
1.55752
1.54597
1.5358
1.52622
1.51617
1.50518
1.49379
1.48441
1.47792
1.471
1.45985
1.44209
1.42342
1.41116
1.40202
1.3913
1.37775
1.36339
1.35093
1.3398
1.33221
1.32904
1.32573
1.32111
1.31458
1.30282
1.28294
1.25998
1.24549
1.23746
1.23127
1.22399
1.21459
1.2053
1.19915
1.19392
1.18462
1.17129
1.16309
1.15794
1.15302
1.14827
1.14347
1.13849
1.13286
1.12482
1.11021
1.08696
1.06465
1.0537
1.04815
1.04245
1.03654
1.03229
1.02873
1.02559
1.02245
1.01863
1.01397
1.00866
0.999664
0.984496
0.968329
0.958947
0.953767
0.950575
0.94852
0.946712
0.94464
0.941751
0.938236
0.934116
0.928417
0.916335
0.893898
0.875293
0.869002
0.865428
0.863128
0.861141
0.858782
0.855288
0.850794
0.845644
0.839709
0.834446
0.830714
0.826062
0.820101
0.814951
0.810734
0.808313
0.805609
0.801446
0.795919
0.789751
0.782594
0.774677
0.766069
0.757793
0.753884
0.751922
0.748836
0.741568
0.730842
0.724942
0.721881
0.718799
0.715357
0.7113
0.707044
0.705274
0.704113
0.701687
0.698405
0.695241
0.692167
0.687812
0.679195
0.667754
0.661936
0.659266
0.657457
0.655784
0.654032
0.651714
0.64766
0.641599
0.633421
0.626
0.622325
0.620372
0.618645
0.616347
0.61495
0.612837
1
1
1
1
1
1
1
1
1
1
1
1.00004
1.01372
1.58412
3.9305
5.57411
5.76677
5.71211
5.61978
5.50416
5.40644
5.36185
5.35251
5.32452
5.25002
5.14371
5.03443
4.95491
4.91701
4.89405
4.86089
4.80333
4.72892
4.66191
4.5872
4.51705
4.46261
4.427
4.39841
4.35199
4.29389
4.2256
4.1322
4.06567
4.03072
3.98979
3.95326
3.91758
3.86157
3.79488
3.73144
3.68046
3.64826
3.61854
3.59799
3.56449
3.51128
3.50115
3.89881
5.72869
7.77959
8.7596
8.91139
8.78678
8.60266
8.48205
8.31305
8.06697
7.89347
7.80034
7.73476
7.67625
7.59261
7.49999
7.38914
7.24585
7.08786
6.94017
6.82211
6.74455
6.68988
6.64644
6.58592
6.5045
6.38096
6.23187
6.10792
6.0396
5.99548
5.96011
5.90379
5.83231
5.72094
5.57173
5.45915
5.40448
5.36737
5.34092
5.2985
5.24904
5.17499
5.05148
4.92959
4.87086
4.82679
4.78255
4.7362
4.68738
4.62783
4.54719
4.46593
4.42003
4.38755
4.3546
4.31815
4.27466
4.21353
4.13166
4.05676
4.00594
3.96529
3.92564
3.8831
3.83605
3.78691
3.74033
3.69822
3.66186
3.63087
3.60032
3.56474
3.52235
3.47574
3.42791
3.38081
3.33629
3.29442
3.25416
3.21853
3.18842
3.15983
3.13099
3.10149
3.07058
3.03751
3.00112
2.95904
2.9115
2.87192
2.84894
2.8293
2.80577
2.77458
2.74535
2.72598
2.70668
2.67891
2.64231
2.60837
2.58325
2.56656
2.54836
2.52272
2.48254
2.42975
2.38684
2.36577
2.35445
2.343
2.32984
2.31495
2.2978
2.27667
2.25019
2.22002
2.19465
2.1774
2.16355
2.15082
2.13777
2.11843
2.08939
2.06211
2.04153
2.0223
2.00046
1.97572
1.95078
1.93328
1.92183
1.91226
1.90402
1.89759
1.88918
1.87203
1.84108
1.80405
1.77343
1.75301
1.74341
1.73767
1.73063
1.72159
1.71232
1.70422
1.69561
1.68182
1.65754
1.62895
1.60297
1.5824
1.5683
1.55899
1.55036
1.54002
1.52884
1.51919
1.51034
1.50088
1.49003
1.47761
1.46402
1.44845
1.43116
1.41842
1.41357
1.40846
1.39963
1.38503
1.36683
1.35085
1.34023
1.33353
1.32684
1.31964
1.3136
1.30743
1.29978
1.28903
1.27285
1.25493
1.24117
1.23053
1.22165
1.21373
1.20722
1.20187
1.19639
1.18999
1.1798
1.16452
1.15316
1.14701
1.14153
1.13627
1.13098
1.12522
1.1184
1.10982
1.09668
1.07774
1.06259
1.05342
1.04437
1.03482
1.02913
1.02585
1.02293
1.02013
1.017
1.01298
1.00796
1.00226
0.99433
0.979908
0.96184
0.951379
0.948239
0.946605
0.945135
0.943551
0.94122
0.937976
0.934313
0.929067
0.918592
0.898026
0.875466
0.86676
0.864114
0.861981
0.859965
0.858697
0.85562
0.850923
0.846229
0.842708
0.840301
0.836752
0.829928
0.821247
0.81518
0.81038
0.807364
0.805198
0.802973
0.799436
0.793446
0.784378
0.773685
0.76517
0.760889
0.758419
0.755312
0.750798
0.744126
0.734668
0.725841
0.721118
0.717712
0.713986
0.709899
0.707322
0.706369
0.705404
0.703753
0.701103
0.698034
0.694783
0.689873
0.680315
0.667699
0.660705
0.65822
0.656427
0.654547
0.652771
0.651238
0.649104
0.644011
0.634993
0.626523
0.622564
0.620453
0.619053
0.617855
0.616947
0.613943
1
1
1
1
1
1
1
1
1
1
1
1
1.00015
1.03475
1.8736
4.2551
5.63334
5.76243
5.71069
5.58809
5.43189
5.36293
5.33544
5.32294
5.27443
5.19839
5.10462
5.0057
4.93974
4.89308
4.85921
4.81928
4.77207
4.70865
4.63696
4.56093
4.48175
4.43913
4.41069
4.37151
4.32444
4.25607
4.16619
4.11233
4.06497
4.01789
3.97703
3.93427
3.88087
3.8209
3.763
3.72338
3.68489
3.66036
3.63534
3.57255
3.60441
4.23925
6.3875
8.4656
8.87801
8.89812
8.95066
8.88553
8.68792
8.46638
8.26603
8.09186
7.9721
7.88561
7.83209
7.76692
7.67642
7.56899
7.42363
7.24858
7.09183
6.97843
6.89635
6.83331
6.77916
6.71121
6.62819
6.50235
6.34637
6.21985
6.15
6.10255
6.06827
6.01305
5.94582
5.84886
5.70593
5.58075
5.51941
5.47407
5.43134
5.37844
5.32212
5.24756
5.14141
5.0288
4.97328
4.93394
4.88831
4.834
4.77072
4.69686
4.61096
4.52771
4.48028
4.44855
4.41871
4.38352
4.34417
4.2942
4.22138
4.13216
4.06427
4.02155
3.98489
3.94786
3.90776
3.86117
3.80722
3.75323
3.70725
3.66784
3.63241
3.60235
3.57486
3.54175
3.50245
3.45952
3.41161
3.36025
3.30776
3.25756
3.21378
3.18171
3.15825
3.13529
3.10971
3.08145
3.04984
3.01268
2.96698
2.92065
2.89017
2.86788
2.84665
2.82525
2.80027
2.76949
2.73412
2.69659
2.65727
2.61983
2.59459
2.5828
2.57363
2.5612
2.54303
2.5114
2.45666
2.39962
2.37006
2.35553
2.34416
2.33215
2.31747
2.30116
2.28203
2.25615
2.22737
2.20394
2.18572
2.1707
2.15822
2.1458
2.13044
2.1058
2.0684
2.03407
2.01201
1.9937
1.97433
1.95529
1.93764
1.92308
1.91355
1.90682
1.90094
1.89398
1.88314
1.85903
1.81547
1.77212
1.75237
1.74531
1.73953
1.73329
1.72571
1.71739
1.70862
1.69826
1.68395
1.66216
1.63334
1.60432
1.5826
1.5702
1.5623
1.55545
1.54812
1.53807
1.52528
1.5136
1.50429
1.49462
1.48207
1.46474
1.44413
1.42779
1.42068
1.4152
1.40914
1.40157
1.3893
1.37104
1.35503
1.3457
1.33674
1.32719
1.31904
1.31231
1.30725
1.3026
1.2961
1.28309
1.25977
1.23794
1.22723
1.22041
1.21433
1.20829
1.20245
1.19771
1.1933
1.1854
1.16857
1.15302
1.1458
1.14004
1.13465
1.12941
1.12381
1.11807
1.11279
1.1059
1.09095
1.0659
1.04669
1.03811
1.03096
1.02484
1.0212
1.01846
1.01624
1.01498
1.01416
1.01143
1.00737
1.00156
0.989988
0.969672
0.953128
0.947779
0.945322
0.943182
0.941502
0.941402
0.941931
0.939612
0.934536
0.924235
0.902635
0.876571
0.867733
0.865814
0.864153
0.862367
0.860873
0.858178
0.85352
0.84907
0.845403
0.841315
0.835993
0.82942
0.823058
0.817929
0.813565
0.809478
0.805789
0.802168
0.797125
0.78998
0.780394
0.771182
0.766742
0.764806
0.762494
0.759608
0.755857
0.749398
0.737032
0.724506
0.719894
0.717577
0.715128
0.71253
0.709957
0.70698
0.7051
0.703982
0.703657
0.70276
0.700288
0.695028
0.683756
0.668318
0.660677
0.658546
0.656888
0.655296
0.653715
0.651619
0.648188
0.64158
0.633168
0.629582
0.627975
0.626223
0.624617
0.623045
0.621193
0.616581
1
1
1
1
1
1
1
1
1
1
1
1
1
1.00052
1.06959
2.16629
4.64217
5.69306
5.69638
5.62572
5.49355
5.39814
5.34899
5.30563
5.26286
5.21692
5.15643
5.07851
4.99073
4.91219
4.86324
4.83095
4.79771
4.73876
4.67861
4.60819
4.5185
4.45974
4.4166
4.37671
4.33546
4.27175
4.20661
4.15274
4.10006
4.05211
3.9993
3.94975
3.90287
3.84824
3.80668
3.76675
3.72868
3.70236
3.64297
3.70629
4.64909
7.05241
8.80179
9.30042
9.25519
9.01403
8.91896
8.86191
8.70021
8.44561
8.24765
8.14636
8.06112
7.9946
7.92409
7.83274
7.73119
7.60204
7.43396
7.26391
7.1487
7.0651
6.99163
6.91905
6.83984
6.75059
6.62544
6.46855
6.33553
6.2661
6.21468
6.17437
6.11661
6.04833
5.95586
5.82623
5.70265
5.64078
5.59375
5.54651
5.48754
5.41601
5.32649
5.2162
5.10644
5.04905
5.01454
4.97864
4.93339
4.87415
4.79133
4.68645
4.59336
4.54401
4.5115
4.48273
4.44902
4.41127
4.36664
4.30307
4.21244
4.12802
4.07807
4.04159
4.00752
3.97224
3.93208
3.88348
3.82623
3.77044
3.72419
3.68466
3.64627
3.60665
3.57227
3.54671
3.5163
3.47494
3.42985
3.38477
3.33635
3.28296
3.23061
3.18803
3.15658
3.13161
3.10804
3.08322
3.05378
3.01279
2.96472
2.93134
2.91091
2.89068
2.8678
2.84334
2.81847
2.78995
2.7519
2.69939
2.64707
2.61048
2.59423
2.58263
2.57359
2.5666
2.55433
2.53038
2.4849
2.42974
2.38917
2.36317
2.34673
2.3364
2.32923
2.31698
2.29465
2.26258
2.23267
2.21265
2.19684
2.18214
2.1686
2.1559
2.1411
2.1167
2.07554
2.03458
2.00913
1.9923
1.97754
1.96269
1.94755
1.93359
1.92134
1.91113
1.90331
1.89642
1.88693
1.86562
1.82339
1.78362
1.76323
1.74948
1.74015
1.73379
1.73114
1.72978
1.7217
1.71124
1.69677
1.6711
1.6343
1.60551
1.59141
1.58174
1.57069
1.55755
1.54716
1.54035
1.53343
1.52365
1.51122
1.49795
1.48123
1.46054
1.44205
1.43178
1.42525
1.41807
1.41028
1.4024
1.39365
1.38067
1.36149
1.34644
1.33978
1.33427
1.32748
1.32239
1.31842
1.31345
1.30604
1.29167
1.26606
1.23897
1.22572
1.22023
1.21675
1.21364
1.21029
1.20654
1.20139
1.19271
1.17605
1.15547
1.14672
1.14302
1.13905
1.13491
1.13103
1.12716
1.12249
1.11567
1.1007
1.07248
1.04564
1.03449
1.0292
1.02382
1.02079
1.01867
1.017
1.01614
1.01589
1.01264
1.00796
1.0031
0.995744
0.979177
0.959171
0.949934
0.946406
0.944172
0.942151
0.940007
0.937201
0.934162
0.929629
0.920467
0.90308
0.882954
0.875866
0.874095
0.872241
0.870145
0.868459
0.865531
0.860349
0.854544
0.8487
0.842782
0.837289
0.831672
0.823145
0.814875
0.812434
0.811225
0.809402
0.805565
0.79863
0.788868
0.779547
0.77376
0.770331
0.766347
0.762048
0.758687
0.755928
0.750932
0.738487
0.725034
0.720736
0.718593
0.716292
0.714228
0.711956
0.709574
0.707886
0.706415
0.704654
0.702137
0.69841
0.691898
0.680063
0.668269
0.665594
0.664416
0.662592
0.66055
0.658251
0.654883
0.649186
0.641465
0.63463
0.630678
0.627501
0.624782
0.622266
0.619944
0.617821
0.613497
1
1
1
1
1
1
1
1
1
1
1
1
1
1
1.00126
1.12404
2.52967
5.03311
5.61917
5.627
5.55518
5.44602
5.37731
5.32079
5.26918
5.22245
5.17498
5.11945
5.0431
4.9437
4.8834
4.84838
4.80313
4.75389
4.71087
4.6515
4.56875
4.49015
4.42846
4.38429
4.34203
4.29415
4.24352
4.19058
4.14243
4.08761
4.01863
3.96974
3.92591
3.88409
3.85349
3.81139
3.77838
3.72292
3.85808
5.09957
7.7742
9.07478
9.27814
9.30774
9.32006
9.13848
8.93537
8.81588
8.65729
8.43335
8.29188
8.20868
8.14874
8.08511
7.98402
7.87317
7.74992
7.59849
7.43552
7.32222
7.23975
7.16199
7.08108
6.98671
6.87338
6.73704
6.58645
6.45415
6.38454
6.33227
6.28515
6.22318
6.14868
6.05077
5.925
5.80535
5.74417
5.69942
5.65656
5.60342
5.53807
5.4475
5.32428
5.19474
5.12101
5.08252
5.04759
5.00767
4.96071
4.8926
4.78144
4.66637
4.60993
4.57695
4.54824
4.51578
4.47873
4.43653
4.38003
4.29818
4.20866
4.14605
4.10146
4.0605
4.02059
3.98328
3.94212
3.89341
3.84372
3.7997
3.75657
3.71163
3.66881
3.62895
3.58564
3.53597
3.49413
3.46243
3.43312
3.4015
3.36357
3.31509
3.25867
3.20498
3.16444
3.13579
3.1119
3.0861
3.05672
3.01644
2.96446
2.9363
2.9192
2.90283
2.88586
2.8662
2.84164
2.80634
2.74878
2.68284
2.6384
2.61702
2.60084
2.58667
2.57442
2.56157
2.54663
2.52751
2.49816
2.45798
2.41862
2.3883
2.36459
2.34311
2.32222
2.30009
2.27435
2.24828
2.22923
2.21623
2.2047
2.19322
2.1805
2.16464
2.14343
2.11543
2.08093
2.04255
2.01197
1.99396
1.98149
1.9698
1.95845
1.94772
1.93789
1.92841
1.91779
1.90568
1.89089
1.86701
1.83013
1.79801
1.77655
1.7605
1.74902
1.74091
1.73359
1.72465
1.71427
1.7033
1.68897
1.66499
1.63235
1.60895
1.59759
1.58863
1.57926
1.56889
1.55711
1.54334
1.53312
1.52663
1.51934
1.50629
1.48561
1.45977
1.44108
1.43341
1.42771
1.42147
1.41432
1.40661
1.39801
1.38687
1.37154
1.35438
1.33911
1.32744
1.32035
1.31506
1.31001
1.30434
1.29718
1.28865
1.27423
1.25243
1.23397
1.22421
1.2182
1.21342
1.20851
1.20302
1.19668
1.18819
1.1768
1.16338
1.15111
1.14053
1.13266
1.12812
1.1244
1.12094
1.11647
1.11104
1.10246
1.08181
1.05036
1.03224
1.02792
1.02675
1.02611
1.02459
1.02322
1.02242
1.02191
1.01826
1.01281
1.00654
0.997951
0.985062
0.969549
0.958204
0.953459
0.950403
0.946986
0.942936
0.938387
0.932889
0.92618
0.917696
0.907155
0.893677
0.878773
0.871088
0.868608
0.866334
0.863847
0.861331
0.856978
0.851249
0.846244
0.843162
0.840019
0.833908
0.823767
0.817108
0.814106
0.810867
0.806941
0.802164
0.794778
0.785627
0.779766
0.776537
0.77289
0.768461
0.764278
0.760728
0.756954
0.750879
0.739571
0.727327
0.722862
0.720536
0.718234
0.716444
0.714068
0.711182
0.709076
0.70716
0.704827
0.701875
0.697998
0.691126
0.680124
0.671104
0.666361
0.663287
0.660627
0.657754
0.65467
0.651428
0.646646
0.640551
0.635914
0.632201
0.628811
0.625442
0.622088
0.619072
0.61688
0.612963
1
1
1
1
1
1
1
1
1
1
1
1
1
1
1.00001
1.00303
1.21202
3.05924
5.16017
5.61466
5.60448
5.50519
5.39864
5.32252
5.27761
5.24333
5.2073
5.16441
5.09706
5.00061
4.94212
4.8866
4.81905
4.75618
4.70732
4.66521
4.6071
4.53249
4.45901
4.40365
4.35794
4.31359
4.26605
4.22586
4.18717
4.12219
4.04789
3.99661
3.94993
3.91819
3.88264
3.85353
3.81272
4.04414
5.73884
8.30448
9.64881
9.84309
9.58557
9.34195
9.31273
9.19227
8.9794
8.78814
8.62218
8.47312
8.36612
8.28282
8.22215
8.13885
8.02803
7.89887
7.74643
7.58459
7.46455
7.38675
7.3172
7.23881
7.14939
7.03544
6.88094
6.70954
6.57095
6.49605
6.43973
6.38904
6.32788
6.25405
6.15723
6.02981
5.90361
5.83494
5.78554
5.73868
5.68685
5.62814
5.55425
5.45426
5.33205
5.23401
5.17414
5.12002
5.06867
5.01825
4.96129
4.8808
4.76511
4.67882
4.64063
4.60821
4.57451
4.53829
4.49883
4.4499
4.3793
4.29589
4.23033
4.17955
4.12922
4.08094
4.03701
3.98803
3.936
3.89143
3.85931
3.83066
3.79838
3.7568
3.70204
3.63866
3.57674
3.52017
3.47801
3.4526
3.43169
3.40796
3.37735
3.3364
3.28794
3.24088
3.19672
3.15533
3.12148
3.09493
3.06188
3.01825
2.97737
2.95157
2.93251
2.91517
2.89789
2.87847
2.85379
2.81666
2.74957
2.67839
2.64622
2.62648
2.60675
2.58911
2.57343
2.55762
2.54037
2.52253
2.50277
2.47764
2.44872
2.41783
2.388
2.35995
2.32749
2.29314
2.26554
2.24815
2.23633
2.22446
2.21219
2.19914
2.18542
2.16984
2.14828
2.11771
2.07945
2.04232
2.01767
2.00561
1.99579
1.98474
1.97242
1.95906
1.94414
1.92683
1.90729
1.8862
1.86349
1.84298
1.82788
1.8108
1.79447
1.77864
1.76215
1.74667
1.73382
1.72391
1.71458
1.70264
1.68609
1.66463
1.63937
1.619
1.60482
1.59237
1.58101
1.57182
1.56309
1.55267
1.54142
1.5296
1.51462
1.49499
1.47496
1.45894
1.44635
1.43564
1.42665
1.42027
1.41512
1.40952
1.40267
1.3928
1.37835
1.36039
1.34086
1.32641
1.3184
1.31263
1.30703
1.30092
1.29338
1.28351
1.27235
1.25974
1.24484
1.23318
1.2257
1.21913
1.21307
1.20679
1.19991
1.19166
1.18145
1.16941
1.15545
1.14247
1.13323
1.12722
1.1231
1.11957
1.11537
1.11003
1.10225
1.087
1.06123
1.04035
1.03159
1.02557
1.02034
1.018
1.0161
1.01414
1.01217
1.0103
1.00668
1.00144
0.994416
0.987838
0.980968
0.968997
0.954172
0.945208
0.94046
0.936091
0.931364
0.926257
0.92058
0.914112
0.907281
0.898802
0.884577
0.872098
0.868001
0.865559
0.862879
0.860256
0.857018
0.852128
0.847602
0.843393
0.838153
0.832183
0.827532
0.823435
0.819287
0.814522
0.808637
0.801305
0.793207
0.786333
0.782037
0.777449
0.772074
0.768071
0.76598
0.763846
0.759896
0.752536
0.741113
0.73192
0.728982
0.726816
0.724887
0.723058
0.719866
0.716405
0.713598
0.71096
0.707951
0.704156
0.69857
0.690627
0.682075
0.674388
0.668522
0.664467
0.661108
0.657766
0.65384
0.650052
0.646329
0.640756
0.634362
0.631342
0.630127
0.628687
0.625758
0.621644
0.619233
0.615477
1
1
1
1
1
1
1
1
1
1
1
1
1
1
1
1.00002
1.0071
1.38398
3.47047
5.25538
5.62786
5.5784
5.47487
5.37678
5.29769
5.25367
5.22531
5.18893
5.1231
5.04162
4.983
4.91653
4.84599
4.77464
4.71574
4.67337
4.62937
4.56952
4.50006
4.44664
4.39807
4.34438
4.29305
4.24943
4.2078
4.14659
4.08277
4.02632
3.98414
3.94127
3.91604
3.90017
4.31157
6.36079
9.13473
9.74662
9.74484
9.81144
9.69467
9.45945
9.31104
9.18727
9.0056
8.7972
8.64131
8.53974
8.45065
8.36644
8.2809
8.17563
8.05189
7.9046
7.74043
7.60543
7.51564
7.43886
7.36763
7.28142
7.1779
7.04512
6.88095
6.72489
6.62724
6.55526
6.4891
6.42343
6.34984
6.25758
6.13772
6.01386
5.93929
5.88137
5.81929
5.75669
5.69293
5.62375
5.54316
5.45057
5.3642
5.29693
5.23284
5.16689
5.09939
5.0299
4.95271
4.86148
4.77497
4.71909
4.67368
4.63095
4.58923
4.54881
4.50235
4.4412
4.37143
4.31535
4.27194
4.22407
4.16531
4.09729
4.02607
3.9672
3.92719
3.90047
3.87695
3.85287
3.82624
3.79193
3.73352
3.64783
3.56894
3.51691
3.48053
3.45013
3.42687
3.40558
3.37869
3.34507
3.30773
3.27294
3.23708
3.19515
3.14635
3.08887
3.03069
2.99225
2.97463
2.96009
2.94456
2.92853
2.91159
2.89339
2.87009
2.8249
2.75027
2.68989
2.66291
2.64148
2.61938
2.59765
2.57844
2.5599
2.53851
2.51649
2.50173
2.49035
2.47522
2.44957
2.40835
2.35821
2.3154
2.2824
2.2632
2.25287
2.24377
2.23448
2.22396
2.21134
2.19352
2.17312
2.15011
2.12137
2.08291
2.04529
2.02721
2.0185
2.00947
1.99791
1.98405
1.96888
1.95199
1.93184
1.90935
1.88457
1.85552
1.83111
1.8204
1.81441
1.8067
1.7946
1.7778
1.75895
1.74122
1.72521
1.70896
1.69045
1.66868
1.64648
1.63254
1.62377
1.61463
1.60492
1.59354
1.57923
1.56606
1.5573
1.54939
1.53818
1.51922
1.49216
1.46851
1.4563
1.4494
1.44253
1.43513
1.42635
1.41783
1.41045
1.40287
1.3959
1.38816
1.37193
1.35005
1.33323
1.32206
1.31239
1.30371
1.29627
1.28908
1.28235
1.27641
1.26858
1.25557
1.23804
1.22264
1.21216
1.20438
1.19743
1.19007
1.18167
1.17223
1.16286
1.15556
1.14898
1.14204
1.13505
1.12927
1.12503
1.12061
1.11402
1.1034
1.08871
1.0712
1.05376
1.03811
1.02662
1.0194
1.01616
1.01425
1.01218
1.0096
1.00649
1.00411
1.00298
1.00065
0.996958
0.990909
0.97834
0.959017
0.945137
0.938902
0.934342
0.92932
0.923408
0.917219
0.91308
0.909641
0.903131
0.890682
0.876625
0.869635
0.866392
0.863235
0.860183
0.858703
0.855001
0.850063
0.844776
0.839381
0.833953
0.826794
0.818356
0.812933
0.808768
0.802615
0.794697
0.790048
0.78767
0.784697
0.780618
0.776125
0.772088
0.767794
0.763135
0.758657
0.753973
0.747714
0.737917
0.728344
0.724781
0.722377
0.719601
0.716163
0.712738
0.709543
0.706456
0.703325
0.699886
0.696161
0.691751
0.6833
0.673526
0.6699
0.668191
0.666012
0.662458
0.65749
0.650659
0.644001
0.63899
0.63543
0.633284
0.631134
0.628107
0.624004
0.618568
0.615555
0.612567
1
1
1
1
1
1
1
1
1
1
1
1
1
1
1
1
1.00007
1.01777
1.59928
3.7845
5.39595
5.56354
5.52188
5.43015
5.33925
5.29465
5.25447
5.19734
5.11354
5.05108
5.00979
4.95282
4.88643
4.80978
4.73739
4.692
4.65094
4.59617
4.53719
4.48572
4.42917
4.37516
4.32743
4.2755
4.22406
4.17025
4.11704
4.0712
4.01984
3.97172
3.99123
4.62656
7.13134
9.50947
10.3635
10.3482
9.89058
9.78424
9.73317
9.5433
9.31218
9.15504
9.01851
8.85334
8.7175
8.61137
8.5219
8.42898
8.32244
8.1968
8.05708
7.90568
7.76143
7.65461
7.56297
7.47583
7.39114
7.29508
7.17871
7.04083
6.90727
6.80794
6.71651
6.61873
6.52525
6.43951
6.34921
6.2417
6.12508
6.04486
5.98465
5.91976
5.84865
5.77222
5.69378
5.61561
5.53793
5.46543
5.40105
5.3362
5.26788
5.19831
5.12597
5.04734
4.96194
4.88043
4.8146
4.75382
4.69737
4.64834
4.6013
4.54704
4.48292
4.41975
4.37965
4.35008
4.31576
4.26992
4.20055
4.10214
4.01046
3.95949
3.93113
3.90802
3.89151
3.86868
3.83801
3.80409
3.74901
3.66688
3.58683
3.53186
3.49735
3.47219
3.44405
3.40893
3.36872
3.33951
3.31903
3.2983
3.27232
3.23427
3.17197
3.08771
3.02368
2.99669
2.97826
2.96067
2.94495
2.93048
2.91439
2.89318
2.85896
2.80937
2.75477
2.71213
2.68046
2.65529
2.63527
2.61774
2.59739
2.57133
2.5411
2.51761
2.50635
2.49693
2.48554
2.46655
2.42676
2.36378
2.31112
2.28621
2.27348
2.26125
2.24844
2.23414
2.2205
2.21046
2.20106
2.18436
2.15818
2.12826
2.09813
2.06795
2.038
2.01583
2.00341
1.99454
1.98582
1.97541
1.96203
1.94461
1.91981
1.88417
1.84804
1.82909
1.82001
1.81177
1.80393
1.7962
1.78604
1.77
1.74882
1.72727
1.70717
1.68617
1.66216
1.64047
1.62778
1.62023
1.61422
1.60839
1.60082
1.59057
1.57997
1.56783
1.55125
1.53058
1.50826
1.4868
1.46969
1.45987
1.45136
1.44342
1.43604
1.4272
1.41994
1.41565
1.41109
1.40343
1.38863
1.36774
1.34683
1.333
1.32265
1.31237
1.30265
1.29541
1.29034
1.28577
1.28049
1.27394
1.26309
1.24446
1.22508
1.21207
1.20291
1.19551
1.18795
1.17922
1.17044
1.16439
1.16004
1.15453
1.14596
1.13479
1.12382
1.11457
1.10776
1.10222
1.09507
1.08477
1.0768
1.06864
1.05324
1.03047
1.01925
1.01655
1.01436
1.01203
1.00954
1.00688
1.00402
1.00048
0.996215
0.991978
0.986896
0.979753
0.966772
0.950421
0.94067
0.935419
0.929798
0.923854
0.917971
0.91295
0.907448
0.900292
0.890734
0.879949
0.873053
0.869002
0.865384
0.861806
0.858411
0.85351
0.849115
0.846717
0.844523
0.839399
0.828822
0.817012
0.809777
0.805091
0.799931
0.793418
0.789972
0.787329
0.784323
0.780804
0.777449
0.774401
0.770491
0.765553
0.760691
0.754432
0.744519
0.734991
0.728689
0.725529
0.722562
0.718974
0.715374
0.711927
0.708576
0.705362
0.702358
0.699375
0.69557
0.689434
0.681949
0.676644
0.673308
0.669728
0.665116
0.659665
0.653623
0.647491
0.641815
0.638877
0.637275
0.635582
0.633112
0.629472
0.624635
0.618984
0.615852
0.61293
1
1
1
1
1
1
1
1
1
1
1
1
1
1
1
1
1
1.00021
1.03895
1.7701
4.19255
5.38473
5.49656
5.46268
5.38702
5.33964
5.29075
5.22064
5.13463
5.07725
5.02049
4.95617
4.90199
4.83812
4.77381
4.7269
4.68211
4.63047
4.57818
4.51762
4.45603
4.40592
4.35218
4.29896
4.24874
4.19513
4.14768
4.1067
4.05168
4.10503
5.04744
7.87434
10.1296
10.3411
10.3033
10.3746
10.0715
9.82132
9.73925
9.58001
9.33698
9.15767
9.04406
8.92348
8.80209
8.6854
8.57259
8.46049
8.34032
8.20303
8.05814
7.92401
7.81241
7.7066
7.59966
7.49608
7.3962
7.29248
7.17411
7.0559
6.97082
6.89274
6.80217
6.69203
6.56765
6.44827
6.33823
6.23303
6.14792
6.08077
6.01177
5.93806
5.8616
5.78407
5.70536
5.62677
5.55255
5.48475
5.417
5.34525
5.27505
5.20966
5.14523
5.07735
5.00707
4.93927
4.86901
4.79163
4.7144
4.64679
4.58511
4.5225
4.46173
4.4236
4.39845
4.37527
4.3434
4.30004
4.22379
4.10612
4.01618
3.97431
3.94296
3.91423
3.88769
3.87137
3.84835
3.80132
3.74104
3.68073
3.63033
3.58182
3.52645
3.4679
3.42122
3.38808
3.36498
3.34776
3.33338
3.31901
3.29629
3.26029
3.18817
3.08715
3.02849
3.00301
2.98408
2.96824
2.95304
2.93631
2.9174
2.89514
2.85574
2.79815
2.75518
2.72973
2.70688
2.68159
2.65061
2.61524
2.58478
2.55958
2.53695
2.52291
2.51096
2.49936
2.48774
2.47144
2.4362
2.37223
2.32007
2.29742
2.28066
2.2648
2.25131
2.23961
2.22665
2.21069
2.19283
2.17161
2.14537
2.12008
2.10072
2.07989
2.0521
2.02621
2.00841
1.99513
1.98422
1.97365
1.96154
1.94657
1.92206
1.88226
1.84772
1.83269
1.82318
1.8154
1.80827
1.80084
1.79264
1.78138
1.76265
1.73739
1.71166
1.68602
1.66024
1.64051
1.62964
1.62186
1.61397
1.60549
1.59859
1.59339
1.58787
1.57916
1.56149
1.53073
1.49989
1.48289
1.4755
1.46902
1.46167
1.453
1.44267
1.43322
1.42592
1.418
1.40732
1.39546
1.38258
1.36697
1.34956
1.33454
1.32352
1.31625
1.31085
1.30519
1.29998
1.29473
1.28774
1.27761
1.26421
1.24782
1.23075
1.21759
1.20727
1.19805
1.19099
1.18572
1.18158
1.17741
1.17171
1.1635
1.15213
1.13803
1.12444
1.11306
1.10335
1.09623
1.09224
1.09029
1.08713
1.07979
1.06563
1.04193
1.02282
1.01712
1.01423
1.01146
1.00876
1.00576
1.00207
0.998013
0.994188
0.990625
0.987
0.982385
0.974035
0.957902
0.940405
0.934248
0.932614
0.929042
0.923649
0.916794
0.908632
0.900767
0.89335
0.884992
0.878004
0.873082
0.868974
0.864913
0.860611
0.855832
0.851671
0.848181
0.843544
0.836337
0.827545
0.819088
0.809516
0.800366
0.795958
0.793949
0.792146
0.790476
0.788397
0.784738
0.779868
0.774807
0.771943
0.769998
0.766248
0.758315
0.745783
0.733561
0.729508
0.727434
0.725394
0.722566
0.718983
0.715511
0.712248
0.709206
0.706197
0.702552
0.697418
0.689741
0.681466
0.67715
0.67469
0.671558
0.666662
0.659375
0.651541
0.645626
0.642871
0.641131
0.638805
0.635793
0.632238
0.628668
0.626062
0.62393
0.621171
0.616519
1
1
1
1
1
1
1
1
1
1
1
1
1
1
1
1
1
1
1.00061
1.05774
2.04958
4.5474
5.30448
5.38594
5.39324
5.35709
5.30832
5.24721
5.18512
5.12613
5.05439
4.98504
4.91833
4.85379
4.80175
4.75897
4.71612
4.67145
4.61398
4.54722
4.49083
4.43865
4.37136
4.31915
4.27366
4.22189
4.18132
4.13258
4.21961
5.53378
8.55268
10.5682
10.9888
10.7232
10.3109
10.3203
10.1674
9.91061
9.74762
9.60221
9.41362
9.2395
9.10789
8.99323
8.8643
8.73089
8.5971
8.46578
8.33882
8.2054
8.07233
7.95902
7.85563
7.74679
7.62973
7.5097
7.3928
7.28024
7.17566
7.09484
7.02173
6.9456
6.85988
6.75263
6.61723
6.4702
6.34367
6.25054
6.17685
6.10335
6.02466
5.94456
5.86934
5.79892
5.72922
5.65643
5.57925
5.49669
5.41229
5.33766
5.27525
5.21999
5.16796
5.11672
5.0623
4.99804
4.91982
4.82806
4.72982
4.64051
4.56757
4.50927
4.47017
4.44111
4.41527
4.38906
4.36237
4.31725
4.23675
4.13847
4.06105
4.00222
3.95838
3.92685
3.89971
3.86152
3.81585
3.76638
3.71726
3.68979
3.66538
3.62861
3.5622
3.4757
3.41691
3.38792
3.36884
3.3539
3.34261
3.32685
3.30848
3.27499
3.19983
3.10578
3.05045
3.01755
2.99182
2.97237
2.95701
2.94303
2.9248
2.89055
2.83986
2.79126
2.7621
2.74087
2.72041
2.69788
2.66603
2.6229
2.58222
2.55661
2.54319
2.53099
2.5163
2.50006
2.48462
2.46634
2.43636
2.38823
2.34174
2.31409
2.29355
2.27336
2.25402
2.24129
2.23275
2.21894
2.19313
2.16567
2.14378
2.12516
2.10632
2.0819
2.0557
2.03236
2.01097
1.99316
1.98261
1.97571
1.96859
1.9556
1.92592
1.88158
1.85629
1.84722
1.84087
1.83392
1.82597
1.81772
1.80834
1.79552
1.77522
1.74744
1.71662
1.68693
1.66113
1.64272
1.6304
1.62156
1.6149
1.60962
1.60552
1.60028
1.59323
1.58128
1.55622
1.52062
1.49469
1.48442
1.47732
1.47092
1.46577
1.46025
1.45264
1.44322
1.43314
1.42293
1.41088
1.39315
1.37588
1.3634
1.3532
1.34337
1.33202
1.31843
1.30577
1.297
1.28956
1.28286
1.27732
1.27094
1.26217
1.25181
1.23908
1.22164
1.20397
1.19196
1.1844
1.1796
1.1763
1.17263
1.16763
1.1606
1.15164
1.14102
1.12772
1.11287
1.1021
1.09593
1.0919
1.08758
1.08239
1.0765
1.06885
1.05542
1.03421
1.01988
1.01502
1.01203
1.0087
1.00513
1.00141
0.997313
0.993109
0.989902
0.987275
0.984491
0.979811
0.967689
0.94765
0.934001
0.9269
0.921958
0.916672
0.909707
0.899915
0.891022
0.887848
0.886216
0.882665
0.877432
0.873713
0.871439
0.868437
0.863161
0.857901
0.852561
0.845535
0.836675
0.826201
0.814517
0.804308
0.797221
0.79486
0.793414
0.792325
0.793759
0.792201
0.788393
0.784069
0.780008
0.776255
0.771022
0.762721
0.751511
0.74022
0.733885
0.73178
0.729309
0.725612
0.721196
0.716559
0.712221
0.70829
0.704639
0.701152
0.697161
0.691788
0.686695
0.682985
0.67974
0.676959
0.673802
0.66794
0.657888
0.64934
0.64636
0.644522
0.642092
0.639204
0.636343
0.633863
0.6317
0.629075
0.624707
0.61926
0.612736
1
1
1
1
1
1
1
1
1
1
1
1
1
1
1
1
1
1
1
1.00105
1.10059
2.40122
4.51782
5.3885
5.47105
5.40973
5.33502
5.26941
5.21364
5.15299
5.08363
5.00925
4.93772
4.87743
4.82974
4.78949
4.75382
4.70572
4.63486
4.5669
4.51843
4.46324
4.40536
4.3516
4.29722
4.25022
4.20923
4.37589
6.00739
9.35454
10.6369
10.8441
10.9086
10.8147
10.4126
10.2927
10.205
10.0088
9.78227
9.64753
9.52403
9.37281
9.22108
9.07623
8.91646
8.7525
8.60423
8.4658
8.33954
8.22188
8.10867
8.00111
7.89295
7.7783
7.65389
7.52352
7.39559
7.28263
7.1985
7.12582
7.0491
6.96914
6.88199
6.77978
6.6561
6.51443
6.38054
6.27858
6.19476
6.11295
6.03126
5.95641
5.8902
5.82621
5.75939
5.68378
5.59222
5.49163
5.40629
5.34276
5.29062
5.24307
5.19643
5.14715
5.09235
5.02623
4.94519
4.85516
4.75476
4.64831
4.56703
4.52411
4.49449
4.47142
4.44538
4.41061
4.35444
4.28194
4.21377
4.16221
4.11547
4.06143
4.00076
3.93994
3.87908
3.8224
3.77429
3.74286
3.72211
3.70429
3.68125
3.64973
3.58804
3.49872
3.43622
3.40298
3.3798
3.36114
3.34396
3.32411
3.2977
3.25189
3.18711
3.12844
3.08737
3.05226
3.01906
2.98777
2.95983
2.93893
2.91579
2.87298
2.819
2.79174
2.77676
2.75907
2.73538
2.70575
2.67131
2.63017
2.5931
2.56893
2.54975
2.53356
2.52096
2.51009
2.49703
2.47704
2.44469
2.39928
2.35792
2.32994
2.3093
2.2921
2.27639
2.258
2.23359
2.20665
2.17917
2.15465
2.1421
2.13354
2.12096
2.09636
2.0605
2.03156
2.01548
2.00246
1.98856
1.97508
1.96245
1.94671
1.92414
1.89938
1.87704
1.85727
1.84008
1.82542
1.81503
1.80638
1.79712
1.78571
1.77237
1.75356
1.72464
1.68989
1.66479
1.65235
1.64422
1.63743
1.63178
1.62719
1.62164
1.6146
1.60465
1.58659
1.55382
1.51468
1.4983
1.49185
1.48449
1.47577
1.4672
1.46111
1.45569
1.44913
1.43981
1.42648
1.40708
1.38373
1.36758
1.36123
1.35713
1.35119
1.34055
1.32317
1.30546
1.29463
1.28655
1.27816
1.2714
1.26689
1.263
1.25814
1.24809
1.22816
1.20478
1.19053
1.18274
1.17752
1.17392
1.17086
1.16736
1.16261
1.15541
1.14404
1.12937
1.11748
1.10899
1.1017
1.09364
1.08585
1.07997
1.07591
1.0713
1.06253
1.04564
1.02658
1.01934
1.01635
1.013
1.00984
1.00735
1.00386
0.999897
0.996918
0.994021
0.990541
0.985125
0.974583
0.955531
0.93553
0.925184
0.919179
0.913533
0.906836
0.897949
0.889925
0.887612
0.886342
0.885239
0.88339
0.879481
0.873505
0.866017
0.859129
0.853475
0.848572
0.844026
0.83834
0.828438
0.81225
0.799316
0.796272
0.795308
0.794342
0.793347
0.79179
0.790436
0.78992
0.787145
0.783241
0.778457
0.772108
0.762167
0.749052
0.73961
0.736307
0.733577
0.730174
0.726293
0.722144
0.717324
0.712444
0.708156
0.704064
0.70013
0.696024
0.691001
0.685127
0.681451
0.679731
0.677948
0.67499
0.668321
0.657547
0.650942
0.648597
0.646384
0.643449
0.639758
0.636755
0.635373
0.634204
0.631914
0.626713
0.619717
0.611586
1
1
1
1
1
1
1
1
1
1
1
1
1
1
1
1
1
1
1
1
1.00228
1.16688
2.57386
4.67025
5.45912
5.45876
5.39725
5.31031
5.24564
5.19057
5.11659
5.02659
4.94779
4.89782
4.85818
4.82497
4.79627
4.74054
4.66453
4.59779
4.53058
4.47187
4.43102
4.38258
4.33336
4.29497
4.54849
6.63086
9.82129
11.3581
11.4362
10.9914
10.8495
10.8229
10.5351
10.2922
10.1941
10.0535
9.85663
9.7174
9.61505
9.48523
9.33325
9.16053
8.96246
8.76611
8.61367
8.48142
8.36265
8.2585
8.1543
8.04467
7.92902
7.80564
7.67565
7.5443
7.41827
7.31228
7.2278
7.14594
7.0613
6.97316
6.8811
6.78444
6.67981
6.56169
6.43209
6.30961
6.20779
6.12107
6.04626
5.98239
5.92116
5.85626
5.7825
5.69261
5.58497
5.48678
5.41827
5.36556
5.31713
5.27113
5.22444
5.17467
5.10718
5.02317
4.94204
4.86538
4.78433
4.696
4.6195
4.56417
4.51873
4.47372
4.42407
4.37157
4.31642
4.25419
4.21039
4.18279
4.15126
4.1092
4.0445
3.95571
3.86902
3.80295
3.76265
3.7402
3.73188
3.72647
3.70197
3.661
3.59689
3.52718
3.47774
3.43833
3.40268
3.37057
3.34273
3.31447
3.27415
3.22439
3.17581
3.14575
3.11912
3.08626
3.04782
3.01243
2.98215
2.94404
2.90021
2.85775
2.82166
2.80153
2.78323
2.7658
2.74856
2.72406
2.68019
2.63542
2.6086
2.58976
2.571
2.55138
2.52961
2.50458
2.47714
2.4476
2.41842
2.39253
2.37204
2.35263
2.32899
2.30183
2.27557
2.25127
2.22542
2.19738
2.17392
2.15863
2.1452
2.12992
2.11344
2.09453
2.06946
2.04461
2.02485
2.00958
1.99748
1.98601
1.96961
1.94881
1.9316
1.91496
1.89585
1.87403
1.84904
1.82704
1.81257
1.80345
1.79598
1.78769
1.77672
1.76112
1.73594
1.70276
1.67212
1.65444
1.64346
1.63352
1.62472
1.61776
1.61167
1.60565
1.59718
1.58143
1.55123
1.51518
1.50077
1.49485
1.48826
1.48033
1.47336
1.46764
1.46158
1.4548
1.44668
1.43194
1.40437
1.37688
1.36602
1.36164
1.35682
1.35129
1.34381
1.33047
1.3107
1.29512
1.28552
1.27745
1.27117
1.26633
1.26131
1.25482
1.24539
1.22959
1.20922
1.19581
1.18807
1.18053
1.17368
1.16946
1.16624
1.16291
1.15843
1.14997
1.13399
1.11445
1.10247
1.09533
1.08929
1.08326
1.07745
1.07306
1.06939
1.06464
1.05591
1.03963
1.02013
1.00921
1.00558
1.00298
1.001
0.999792
0.996325
0.99281
0.989757
0.986305
0.981427
0.973288
0.959595
0.94123
0.926743
0.917791
0.910239
0.902443
0.89511
0.892215
0.890792
0.889652
0.889104
0.887234
0.883244
0.876143
0.866806
0.858703
0.852948
0.84849
0.843826
0.836869
0.824714
0.807929
0.798008
0.796641
0.795552
0.794297
0.792985
0.791634
0.791799
0.792138
0.789569
0.786564
0.782728
0.773846
0.758347
0.745917
0.742104
0.739802
0.73694
0.733209
0.727961
0.722911
0.719699
0.716671
0.712469
0.707532
0.702513
0.697507
0.691212
0.685722
0.682641
0.68035
0.677892
0.674481
0.668485
0.65881
0.651752
0.649085
0.64704
0.644443
0.642037
0.640264
0.638233
0.635481
0.632779
0.629698
0.62437
0.614152
1
1
1
1
1
1
1
1
1
1
1
1
1
1
1
1
1
1
1
1
1.00001
1.00445
1.22977
2.75878
5.03651
5.3531
5.34762
5.3233
5.27221
5.22004
5.13916
5.05301
4.98456
4.92927
4.88407
4.85315
4.82055
4.75907
4.69218
4.62707
4.5524
4.49609
4.44412
4.40301
4.37817
4.78927
7.27333
10.6113
11.3108
11.3885
11.4699
11.1959
10.864
10.8054
10.6226
10.3322
10.1769
10.0623
9.91643
9.78604
9.67767
9.55329
9.40772
9.2273
9.01558
8.80148
8.63576
8.5093
8.39669
8.29658
8.19353
8.08081
7.96059
7.83316
7.70323
7.57887
7.4633
7.35768
7.26086
7.16642
7.07069
6.974
6.87848
6.78541
6.69138
6.5871
6.46433
6.33423
6.2241
6.14265
6.07808
6.01729
5.95452
5.8827
5.79136
5.67763
5.57323
5.50206
5.44895
5.39866
5.3475
5.29557
5.2433
5.16766
5.08115
5.00081
4.93286
4.87289
4.81249
4.74606
4.67368
4.60307
4.53935
4.47865
4.41363
4.34281
4.2809
4.24534
4.22378
4.20436
4.17595
4.13537
4.07225
3.96883
3.86687
3.81243
3.78194
3.75344
3.72516
3.69694
3.66326
3.62038
3.57552
3.544
3.51519
3.48014
3.43585
3.38898
3.34524
3.29517
3.24103
3.19986
3.18024
3.16507
3.14604
3.12032
3.0835
3.03241
2.97264
2.91567
2.87017
2.8441
2.83069
2.81668
2.80031
2.77969
2.7503
2.70947
2.66564
2.63468
2.61765
2.60183
2.58539
2.56583
2.54014
2.5092
2.47454
2.43703
2.40743
2.3937
2.38239
2.36806
2.34591
2.31339
2.27888
2.24986
2.22215
2.19489
2.17486
2.16238
2.15211
2.13955
2.11804
2.09397
2.07523
2.05915
2.04319
2.02533
2.00313
1.9766
1.95049
1.92773
1.91133
1.90281
1.89642
1.88703
1.87056
1.84525
1.81853
1.79785
1.7831
1.77109
1.75949
1.74855
1.73774
1.71665
1.68545
1.6606
1.64671
1.63614
1.62602
1.61629
1.60802
1.60141
1.59457
1.58325
1.5602
1.52726
1.50229
1.49102
1.48529
1.48037
1.47558
1.47181
1.46615
1.45842
1.44571
1.42299
1.39595
1.37906
1.37279
1.36689
1.36069
1.35433
1.34636
1.33385
1.31414
1.29612
1.28743
1.28061
1.27265
1.26628
1.26068
1.25456
1.24693
1.23477
1.21394
1.19447
1.186
1.18063
1.17596
1.17212
1.16835
1.16416
1.15835
1.1491
1.13422
1.1147
1.10106
1.09381
1.08801
1.0823
1.07692
1.07255
1.0688
1.06495
1.0598
1.04854
1.0255
1.00813
1.0032
1.00077
0.999047
0.999561
0.999097
0.995453
0.992035
0.988756
0.98441
0.977465
0.964868
0.945388
0.927417
0.916859
0.908608
0.899696
0.895251
0.894145
0.893621
0.893567
0.892374
0.889655
0.885758
0.880773
0.872345
0.862905
0.856393
0.851376
0.845751
0.837733
0.823884
0.8071
0.803722
0.802584
0.80125
0.799848
0.798539
0.797167
0.795273
0.793094
0.790205
0.786707
0.780729
0.769184
0.754972
0.74717
0.744139
0.740761
0.736811
0.732885
0.729492
0.726156
0.721475
0.715533
0.709649
0.703588
0.697779
0.693603
0.691968
0.689861
0.687129
0.684447
0.681913
0.678728
0.673404
0.663958
0.654012
0.649934
0.647697
0.645463
0.643469
0.641497
0.639555
0.637563
0.634933
0.629857
0.621911
0.611794
1
1
1
1
1
1
1
1
1
1
1
1
1
1
1
1
1
1
1
1
1
1.00003
1.00799
1.29881
3.20828
5.13455
5.33011
5.30032
5.2589
5.22153
5.14088
5.0687
5.01837
4.9666
4.9197
4.8941
4.85031
4.77979
4.71587
4.64708
4.57988
4.51977
4.46978
4.46214
5.09012
8.00803
11.1033
12.0768
11.8893
11.4383
11.4129
11.2747
10.9147
10.7708
10.6507
10.4234
10.2149
10.0858
9.96355
9.84449
9.72141
9.58288
9.43434
9.2606
9.06451
8.86511
8.68286
8.53678
8.42115
8.31755
8.21342
8.09983
7.98075
7.8591
7.73937
7.62478
7.51357
7.40271
7.29341
7.18706
7.08264
6.98076
6.88296
6.78826
6.69232
6.58845
6.47212
6.35344
6.2536
6.177
6.11115
6.0469
5.97872
5.89635
5.78391
5.67192
5.59455
5.53553
5.47938
5.42513
5.37441
5.317
5.23025
5.1411
5.06148
4.99777
4.94471
4.89452
4.84151
4.77781
4.70176
4.62661
4.55413
4.48161
4.40752
4.33598
4.28595
4.25506
4.22846
4.20196
4.17808
4.14576
4.07884
3.98486
3.90784
3.85597
3.81089
3.7718
3.73635
3.69304
3.64306
3.59706
3.57301
3.55524
3.53524
3.50905
3.47121
3.41292
3.33496
3.26519
3.22113
3.20079
3.18658
3.17585
3.16245
3.14247
3.11231
3.05368
2.96784
2.89991
2.8647
2.84947
2.83597
2.82251
2.80668
2.78633
2.75169
2.69748
2.66077
2.64562
2.6302
2.61314
2.59523
2.57531
2.54963
2.51293
2.46438
2.4258
2.41102
2.4003
2.38543
2.3672
2.3469
2.31924
2.28239
2.24659
2.22103
2.20355
2.18842
2.17089
2.14883
2.12532
2.10594
2.08536
2.07077
2.06052
2.05038
2.0362
2.01074
1.97479
1.94234
1.92168
1.91048
1.90246
1.89411
1.88541
1.87575
1.85813
1.82642
1.7968
1.77869
1.76595
1.7547
1.74343
1.73098
1.7172
1.69683
1.67346
1.6543
1.64058
1.63049
1.62198
1.61376
1.60421
1.59068
1.57073
1.54709
1.52712
1.50908
1.49558
1.48866
1.48516
1.48555
1.48288
1.47572
1.4655
1.44655
1.41675
1.39325
1.38553
1.37926
1.37221
1.36531
1.35895
1.35203
1.34177
1.32356
1.30047
1.28811
1.28367
1.27981
1.27455
1.26902
1.26287
1.25519
1.2437
1.22293
1.19841
1.18532
1.18137
1.17917
1.17603
1.17188
1.16714
1.1612
1.15182
1.13523
1.11684
1.1066
1.10022
1.09455
1.08916
1.08423
1.07991
1.07611
1.07198
1.06588
1.05482
1.03559
1.0159
1.00587
1.00194
0.999806
0.997116
0.992768
0.987908
0.983443
0.979679
0.975719
0.970073
0.960269
0.944254
0.92732
0.915842
0.908576
0.905786
0.904839
0.904568
0.904447
0.903342
0.901155
0.897806
0.892158
0.88136
0.867147
0.855968
0.849732
0.845082
0.840186
0.834192
0.824309
0.810283
0.800837
0.798944
0.797746
0.796536
0.795421
0.794603
0.796382
0.7972
0.794126
0.789183
0.781416
0.767605
0.753495
0.748296
0.745842
0.743159
0.739939
0.736081
0.731854
0.727924
0.723633
0.717724
0.709691
0.702282
0.696732
0.692723
0.688778
0.685355
0.682554
0.680297
0.677957
0.674904
0.670143
0.663217
0.656998
0.654877
0.653287
0.651407
0.649279
0.647134
0.645079
0.642674
0.638774
0.631343
0.621276
0.611934
1
1
1
1
1
1
1
1
1
1
1
1
1
1
1
1
1
1
1
1
1
1
1.00007
1.01363
1.46123
3.7004
4.97427
5.2817
5.31391
5.24242
5.15049
5.10692
5.05952
4.98547
4.93553
4.91787
4.87188
4.80222
4.73615
4.66886
4.60005
4.53995
4.55196
5.37283
8.75094
11.6029
12.0313
12.1007
12.0093
11.5574
11.3736
11.2714
10.9805
10.7716
10.6698
10.5166
10.312
10.1401
10.0059
9.87863
9.74304
9.5892
9.43324
9.27071
9.09996
8.92711
8.7526
8.58008
8.43537
8.32147
8.21486
8.10408
7.99077
7.87973
7.77258
7.66621
7.55582
7.43868
7.31796
7.20214
7.09522
6.99468
6.89708
6.7983
6.69353
6.58166
6.47105
6.37284
6.28811
6.21126
6.13735
6.06795
5.98501
5.8781
5.77426
5.70101
5.6407
5.57712
5.51165
5.45014
5.38002
5.28618
5.19405
5.11886
5.06679
5.02241
4.97498
4.92145
4.85909
4.78916
4.71824
4.64232
4.56325
4.48435
4.41419
4.36178
4.31948
4.27781
4.2396
4.20855
4.1694
4.1071
4.03664
3.97977
3.94321
3.90515
3.85622
3.79488
3.72212
3.65675
3.61206
3.58912
3.57487
3.56632
3.54882
3.52357
3.48827
3.4244
3.32808
3.24991
3.21992
3.20451
3.19651
3.19292
3.17727
3.15616
3.12362
3.0603
2.9614
2.89133
2.86965
2.85622
2.8445
2.8325
2.81745
2.7969
2.75751
2.69903
2.66531
2.64933
2.63554
2.62307
2.6088
2.59023
2.56197
2.51754
2.46178
2.42712
2.4136
2.40279
2.39317
2.38196
2.36371
2.33221
2.28585
2.24458
2.22374
2.21177
2.19985
2.18353
2.15592
2.11841
2.09515
2.08579
2.07779
2.06646
2.05232
2.0368
2.01356
1.97359
1.93525
1.92366
1.91956
1.91377
1.90642
1.89773
1.88522
1.86377
1.83078
1.80204
1.78625
1.7735
1.76059
1.7454
1.72718
1.71019
1.69696
1.68397
1.67017
1.65557
1.64049
1.62564
1.61055
1.59496
1.57795
1.56047
1.54136
1.52538
1.51536
1.50792
1.50027
1.49129
1.48178
1.47252
1.46337
1.45287
1.43727
1.4157
1.4016
1.39273
1.38468
1.37709
1.3693
1.3614
1.3535
1.34313
1.32802
1.30959
1.29507
1.28418
1.27427
1.2665
1.25965
1.25219
1.24241
1.23006
1.21884
1.20628
1.19484
1.18525
1.17943
1.17526
1.17047
1.16485
1.159
1.15076
1.13689
1.11837
1.10398
1.09576
1.0892
1.08319
1.07781
1.07283
1.06801
1.06325
1.05721
1.0488
1.03827
1.02583
1.01503
1.00769
1.00145
0.995707
0.990737
0.985915
0.980972
0.976253
0.971836
0.966634
0.958863
0.946736
0.93095
0.916934
0.90906
0.905027
0.903079
0.901913
0.901205
0.899723
0.897489
0.894221
0.888792
0.879476
0.865928
0.854503
0.848096
0.843419
0.838528
0.833132
0.826673
0.814827
0.802059
0.798637
0.797479
0.796386
0.795496
0.795412
0.796231
0.7942
0.789994
0.784633
0.777606
0.767485
0.754934
0.747112
0.74414
0.742965
0.741858
0.739902
0.736457
0.731542
0.724839
0.715823
0.707576
0.7015
0.696318
0.691351
0.687094
0.683676
0.680897
0.678952
0.677086
0.674132
0.669989
0.664146
0.658425
0.654399
0.651863
0.649723
0.647539
0.645303
0.642987
0.640376
0.63698
0.631065
0.62191
0.610405
1
1
1
1
1
1
1
1
1
1
1
1
1
1
1
1
1
1
1
1
1
1
1
1.00017
1.02738
1.71478
3.83413
4.97379
5.27923
5.24884
5.20264
5.1793
5.11432
5.01044
4.95248
4.9306
4.88114
4.81942
4.76322
4.69976
4.61735
4.64142
5.78627
9.31286
12.0388
12.5895
12.2847
12.1173
12.0509
11.7179
11.3929
11.2549
11.048
10.811
10.6974
10.5772
10.4094
10.2184
10.0364
9.88008
9.7359
9.58633
9.42993
9.27687
9.1257
8.97304
8.81427
8.64426
8.46984
8.32632
8.21296
8.10526
7.99801
7.89383
7.79226
7.68909
7.5795
7.46132
7.33761
7.21723
7.10831
7.00905
6.91202
6.80971
6.69797
6.58541
6.48737
6.40221
6.31873
6.23569
6.15975
6.06662
5.95627
5.85454
5.79312
5.7435
5.68738
5.62309
5.54794
5.4556
5.34907
5.25007
5.1725
5.12469
5.08641
5.04756
5.0043
4.95221
4.88382
4.79461
4.69202
4.60542
4.54084
4.48431
4.44248
4.40805
4.36849
4.32218
4.26929
4.20492
4.13362
4.06735
4.01784
3.99152
3.96668
3.93679
3.89251
3.8198
3.72582
3.6498
3.61145
3.58874
3.56916
3.55553
3.54847
3.53102
3.49846
3.42776
3.32994
3.27171
3.24208
3.21852
3.19906
3.18103
3.16687
3.15127
3.12305
3.05953
2.97304
2.91844
2.88686
2.86299
2.84573
2.83003
2.81257
2.79047
2.75811
2.71547
2.68373
2.66264
2.64325
2.6233
2.60389
2.58241
2.55296
2.51183
2.46917
2.44285
2.42441
2.40775
2.39231
2.37382
2.34876
2.31308
2.27682
2.25472
2.24072
2.22532
2.20734
2.18482
2.15323
2.11701
2.09626
2.08605
2.07821
2.07366
2.06441
2.04828
2.02025
1.97803
1.94459
1.92715
1.91323
1.90132
1.89348
1.88598
1.87673
1.86254
1.83909
1.80852
1.78119
1.76148
1.74563
1.73239
1.71999
1.70566
1.69441
1.68677
1.67926
1.66884
1.6532
1.63561
1.61744
1.59145
1.56415
1.54726
1.53907
1.53348
1.52684
1.51844
1.50828
1.49561
1.48143
1.46957
1.45871
1.44394
1.42857
1.41737
1.40876
1.39967
1.39085
1.38362
1.37791
1.37217
1.36352
1.35112
1.33545
1.31848
1.30173
1.28638
1.27388
1.2645
1.25685
1.24917
1.23939
1.22541
1.21303
1.20833
1.20289
1.19229
1.18065
1.17529
1.1724
1.16934
1.16453
1.15632
1.14135
1.12115
1.10506
1.09585
1.08834
1.08158
1.07592
1.07089
1.06545
1.05958
1.05413
1.04808
1.04249
1.03555
1.02438
1.01075
1.00043
0.994052
0.989461
0.984993
0.980124
0.97491
0.969776
0.964414
0.957804
0.949184
0.935416
0.920306
0.911248
0.906835
0.904288
0.902508
0.900943
0.899226
0.897067
0.893787
0.888122
0.878861
0.867465
0.857472
0.851087
0.846582
0.842059
0.836546
0.829097
0.818092
0.807306
0.804385
0.803277
0.802243
0.80125
0.80051
0.798465
0.795219
0.790851
0.784285
0.774048
0.763037
0.755468
0.751361
0.747755
0.744022
0.741897
0.74078
0.739629
0.737055
0.729741
0.716832
0.70631
0.700551
0.696023
0.691326
0.686943
0.683643
0.681001
0.678579
0.677044
0.675646
0.672086
0.665901
0.659646
0.655573
0.652639
0.650129
0.647858
0.645583
0.643139
0.640231
0.636648
0.632008
0.623502
0.610866
1
1
1
1
1
1
1
1
1
1
1
1
1
1
1
1
1
1
1
1
1
1
1
1
1.00044
1.05308
1.86754
3.80089
5.05163
5.30336
5.27964
5.2448
5.16578
5.04268
4.98507
4.95072
4.89145
4.83115
4.77783
4.72388
4.77697
6.19345
10.2833
12.3537
12.5839
12.603
12.4149
12.1452
12.0799
11.8433
11.444
11.2503
11.1015
10.8838
10.732
10.6219
10.4775
10.29
10.0732
9.87299
9.7182
9.57952
9.43533
9.28972
9.1486
9.00668
8.85893
8.70107
8.52782
8.35215
8.21504
8.10849
8.00661
7.90351
7.79916
7.69265
7.58278
7.46973
7.35516
7.2406
7.12886
7.02239
6.91956
6.8137
6.70382
6.60479
6.52223
6.44314
6.3582
6.26321
6.14769
6.02476
5.92311
5.86245
5.81767
5.77375
5.72224
5.65904
5.57183
5.44599
5.31832
5.23216
5.18439
5.14612
5.10911
5.0689
5.02648
4.97048
4.88837
4.78776
4.68431
4.58997
4.52879
4.49542
4.46874
4.44164
4.40747
4.35965
4.28828
4.19139
4.09984
4.047
4.02303
4.00349
3.97755
3.94848
3.91304
3.83906
3.73961
3.66869
3.62532
3.59264
3.56886
3.55064
3.53056
3.50293
3.46077
3.40208
3.34532
3.31171
3.28102
3.24727
3.21257
3.18314
3.15864
3.1301
3.08243
3.02312
2.97885
2.9486
2.91732
2.88355
2.85467
2.83404
2.81525
2.79014
2.75383
2.71854
2.69402
2.6735
2.6514
2.62692
2.60376
2.58239
2.55305
2.50856
2.47191
2.45306
2.43869
2.42444
2.40478
2.37745
2.34276
2.3052
2.27906
2.26573
2.25431
2.24211
2.22273
2.18828
2.14748
2.12103
2.10785
2.09535
2.08208
2.06866
2.05366
2.03527
2.00703
1.97381
1.94879
1.93098
1.91588
1.90189
1.8907
1.88317
1.87446
1.86289
1.84542
1.81674
1.78295
1.75843
1.74045
1.72314
1.71047
1.70357
1.69879
1.69393
1.68769
1.67886
1.66478
1.64081
1.60792
1.5797
1.55948
1.54651
1.53876
1.53358
1.53032
1.52519
1.51787
1.50637
1.49047
1.47248
1.45107
1.43288
1.42071
1.41465
1.40972
1.40467
1.39917
1.39205
1.38191
1.36808
1.35373
1.3402
1.3263
1.31414
1.30375
1.29221
1.27923
1.26678
1.25669
1.24672
1.23606
1.2249
1.21546
1.20718
1.19906
1.1922
1.18629
1.1807
1.17399
1.16592
1.15723
1.14594
1.12895
1.1143
1.1072
1.10033
1.09198
1.08363
1.07679
1.07162
1.06631
1.05815
1.05192
1.05022
1.04883
1.04478
1.0327
1.01388
1.00261
0.9972
0.992973
0.989148
0.984746
0.979302
0.97261
0.964986
0.957491
0.948433
0.937148
0.927445
0.921055
0.915641
0.911752
0.908967
0.906662
0.904439
0.901759
0.897737
0.89101
0.88016
0.866304
0.854069
0.846293
0.841165
0.837222
0.833314
0.828231
0.82178
0.814116
0.804428
0.799371
0.797954
0.796572
0.794742
0.792284
0.789277
0.785605
0.780127
0.77101
0.760797
0.757019
0.754835
0.75138
0.74785
0.745643
0.743748
0.741037
0.73602
0.727136
0.714787
0.705465
0.699785
0.695362
0.692383
0.690088
0.687712
0.685085
0.68211
0.678473
0.673547
0.667259
0.664285
0.662923
0.66071
0.658137
0.655593
0.653096
0.650385
0.647364
0.643782
0.638634
0.630746
0.622497
0.613144
1
1
1
1
1
1
1
1
1
1
1
1
1
1
1
1
1
1
1
1
1
1
1
1
1
1.00098
1.06687
1.86587
3.8574
5.21476
5.29567
5.25729
5.17823
5.06179
5.02454
4.97849
4.91235
4.84629
4.79979
4.8938
6.64553
10.9143
12.9237
13.0739
12.7116
12.6164
12.4832
12.1786
12.0524
11.8619
11.5047
11.2599
11.1243
10.949
10.7714
10.6437
10.507
10.3321
10.1138
9.88452
9.71161
9.57311
9.44457
9.30938
9.17396
9.03767
8.89676
8.74712
8.58366
8.40498
8.23728
8.11201
8.0081
7.90538
7.79883
7.68778
7.57588
7.46957
7.36872
7.26706
7.15895
7.04357
6.92452
6.80945
6.71081
6.63242
6.56062
6.48539
6.3949
6.27095
6.11785
5.99119
5.92355
5.87724
5.8349
5.78881
5.73876
5.68467
5.58757
5.44218
5.31597
5.2506
5.20722
5.17368
5.14327
5.10476
5.05381
4.98341
4.89008
4.78917
4.68383
4.58955
4.54223
4.51245
4.48576
4.45774
4.42586
4.38136
4.29673
4.18699
4.1013
4.05668
4.02835
4.0079
3.99335
3.96266
3.90412
3.83184
3.76512
3.72055
3.67782
3.63016
3.58202
3.54217
3.51209
3.47239
3.41812
3.37575
3.35808
3.33936
3.3152
3.28394
3.24501
3.20343
3.16019
3.10526
3.04728
3.00213
2.98148
2.96377
2.94185
2.9123
2.87521
2.83892
2.80964
2.78382
2.75867
2.73361
2.70389
2.67376
2.65074
2.63336
2.61511
2.58525
2.54759
2.51361
2.49186
2.47163
2.44724
2.41815
2.38602
2.35218
2.32316
2.30624
2.29624
2.28268
2.26389
2.24029
2.2126
2.18072
2.149
2.13038
2.11628
2.10309
2.09025
2.07588
2.05526
2.02913
2.0021
1.97785
1.95889
1.94002
1.92121
1.90779
1.90075
1.89386
1.8841
1.87065
1.85213
1.82518
1.7929
1.76041
1.73425
1.71969
1.71108
1.70448
1.6988
1.69522
1.69125
1.68551
1.67494
1.6481
1.5995
1.56773
1.55837
1.55241
1.54483
1.53786
1.53308
1.52845
1.52311
1.51632
1.50237
1.47022
1.44034
1.42653
1.42007
1.41439
1.4094
1.40645
1.40284
1.39745
1.38705
1.36941
1.34975
1.33471
1.32399
1.31448
1.30506
1.29523
1.28403
1.27162
1.25904
1.24672
1.23506
1.22608
1.21833
1.21028
1.20258
1.19606
1.19008
1.18347
1.17683
1.16957
1.15793
1.14234
1.12672
1.11439
1.10697
1.10207
1.0979
1.09223
1.08495
1.077
1.06905
1.0607
1.05578
1.05285
1.04951
1.04485
1.03651
1.02159
1.00415
0.992072
0.98465
0.979905
0.976578
0.973034
0.968453
0.963455
0.957292
0.949542
0.94126
0.931781
0.921025
0.91226
0.906813
0.903684
0.901208
0.898691
0.895768
0.892045
0.886797
0.878502
0.866049
0.854101
0.845933
0.840342
0.835951
0.832148
0.829063
0.826241
0.819783
0.807918
0.799897
0.797357
0.79588
0.793971
0.79133
0.787845
0.783199
0.776553
0.769692
0.764203
0.758169
0.753192
0.752013
0.752526
0.751966
0.749396
0.745576
0.738248
0.725646
0.713746
0.706913
0.702209
0.697431
0.692835
0.688836
0.685558
0.682726
0.679917
0.676798
0.672227
0.667043
0.663697
0.661216
0.659156
0.657029
0.654546
0.651686
0.648324
0.644396
0.63983
0.634957
0.62884
0.623025
0.61499
1
1
1
1
1
1
1
1
1
1
1
1
1
1
1
1
1
1
1
1
1
1
1
1
1
1
1.00109
1.06934
1.93303
4.20223
5.19798
5.25652
5.20658
5.12268
5.08102
5.00704
4.897
4.85761
5.01258
7.18525
11.602
13.2573
13.4557
13.2486
12.8835
12.7013
12.5558
12.2373
12.0133
11.8419
11.566
11.2814
11.125
10.976
10.8019
10.6576
10.5259
10.3625
10.1607
9.92889
9.72465
9.57469
9.44563
9.32186
9.19317
9.06361
8.9302
8.78745
8.6292
8.45303
8.27505
8.13623
8.02307
7.9105
7.79568
7.68009
7.5699
7.46978
7.37789
7.28744
7.18812
7.07077
6.93801
6.81755
6.73206
6.66273
6.59176
6.51334
6.41739
6.27581
6.10692
5.99725
5.94023
5.89053
5.84299
5.79794
5.74399
5.66043
5.55799
5.45267
5.37788
5.31439
5.2479
5.18363
5.12476
5.06691
5.00615
4.94099
4.87606
4.80329
4.71301
4.61992
4.56934
4.54224
4.51735
4.4816
4.43154
4.36331
4.28748
4.21216
4.15733
4.10621
4.05344
4.00544
3.96439
3.9183
3.85945
3.80428
3.77837
3.75459
3.72391
3.67927
3.61711
3.54949
3.48546
3.43085
3.39009
3.37148
3.35954
3.3514
3.33518
3.3117
3.27717
3.21937
3.13952
3.06912
3.0227
3.0013
2.98719
2.97179
2.95379
2.93023
2.89451
2.84782
2.80594
2.77934
2.76092
2.74034
2.71508
2.68873
2.66276
2.63237
2.59688
2.56525
2.53504
2.51767
2.50405
2.48754
2.46324
2.42476
2.37801
2.34093
2.32016
2.30927
2.30062
2.2893
2.27327
2.24428
2.20358
2.17321
2.15859
2.14725
2.13342
2.116
2.09264
2.06352
2.03402
2.00784
1.992
1.98262
1.97199
1.9584
1.94136
1.91936
1.89324
1.87337
1.86127
1.8486
1.83361
1.81957
1.80147
1.76935
1.73339
1.71812
1.71382
1.71285
1.7137
1.70971
1.70425
1.69769
1.68385
1.64695
1.59466
1.56826
1.55957
1.55221
1.54537
1.54102
1.53843
1.53581
1.53136
1.5208
1.49534
1.46026
1.43642
1.42864
1.4234
1.41869
1.41367
1.40838
1.40287
1.39675
1.38793
1.37274
1.34884
1.3292
1.3197
1.31364
1.30781
1.30109
1.29104
1.27347
1.25567
1.24806
1.243
1.23755
1.23153
1.22522
1.21845
1.21064
1.20176
1.19078
1.17875
1.16584
1.14978
1.13255
1.1212
1.11574
1.11143
1.10607
1.09826
1.08844
1.07778
1.06866
1.06444
1.06413
1.06384
1.06069
1.0571
1.05257
1.04441
1.02814
1.0068
0.99215
0.983935
0.977758
0.973835
0.971438
0.969871
0.967084
0.962678
0.956649
0.948554
0.936965
0.923841
0.913072
0.906101
0.902616
0.900133
0.897533
0.894381
0.890471
0.885336
0.878551
0.870576
0.860592
0.851997
0.845906
0.840865
0.835763
0.830474
0.824485
0.817893
0.810629
0.804787
0.801416
0.799179
0.797084
0.793981
0.789182
0.782177
0.774654
0.768476
0.763697
0.7592
0.756784
0.75544
0.753341
0.750221
0.746804
0.741866
0.733124
0.720791
0.71304
0.709804
0.70646
0.702059
0.696777
0.691582
0.687344
0.684009
0.681088
0.67797
0.673995
0.669202
0.664465
0.661214
0.659202
0.657373
0.655128
0.652211
0.648639
0.64439
0.638967
0.63335
0.629185
0.625651
0.618066
1
1
1
1
1
1
1
1
1
1
1
1
1
1
1
1
1
1
1
1
1
1
1
1
1
1
1
1.00126
1.09391
2.22347
4.43881
5.09462
5.19847
5.17087
5.12937
5.0345
4.91407
5.10706
7.64108
12.2896
13.8656
13.771
13.5156
13.3155
13.0123
12.7611
12.5812
12.2946
12.0043
11.8288
11.6228
11.3441
11.1405
10.9997
10.8393
10.6846
10.544
10.3791
10.1912
9.98024
9.76291
9.58806
9.44727
9.32002
9.20362
9.08505
8.95994
8.82255
8.67334
8.50629
8.32099
8.13824
7.99514
7.88186
7.77606
7.67204
7.57184
7.47741
7.38687
7.29714
7.20204
7.09085
6.96345
6.8485
6.757
6.68042
6.61346
6.5338
6.42049
6.27751
6.14069
6.04568
5.96877
5.90538
5.85348
5.79236
5.71169
5.61782
5.52773
5.47602
5.43058
5.37262
5.29512
5.20639
5.12087
5.0408
4.97084
4.90998
4.85943
4.81395
4.76115
4.6917
4.60481
4.52384
4.47075
4.43122
4.38513
4.32421
4.26933
4.23852
4.20744
4.1644
4.10324
4.02372
3.93375
3.86665
3.82818
3.80709
3.79234
3.77503
3.74862
3.71406
3.65485
3.55575
3.45226
3.39961
3.38045
3.37073
3.37027
3.36284
3.34589
3.32418
3.29165
3.22281
3.12139
3.05188
3.02726
3.01241
2.99583
2.97828
2.95919
2.93649
2.90586
2.85889
2.80396
2.76806
2.74674
2.7307
2.71557
2.69795
2.67353
2.63713
2.58752
2.55086
2.53735
2.52679
2.51145
2.49194
2.46016
2.40951
2.36392
2.34253
2.33103
2.31994
2.30688
2.29193
2.27225
2.23874
2.19248
2.17048
2.16365
2.15573
2.14399
2.12644
2.09927
2.0612
2.02526
2.00285
1.98961
1.97955
1.97169
1.96424
1.95403
1.93211
1.89675
1.86742
1.84994
1.83781
1.82636
1.81281
1.79435
1.77045
1.74625
1.73138
1.72106
1.71283
1.70553
1.69944
1.69325
1.68512
1.669
1.63372
1.5939
1.57846
1.57055
1.56195
1.55125
1.54235
1.53766
1.53382
1.52851
1.51643
1.4875
1.45361
1.44389
1.44068
1.43833
1.4329
1.42615
1.4197
1.41323
1.4062
1.3958
1.37491
1.34641
1.329
1.32171
1.31563
1.30872
1.30115
1.29116
1.27546
1.25868
1.24674
1.23964
1.23404
1.22826
1.22213
1.21547
1.20715
1.1972
1.19096
1.18255
1.16464
1.14215
1.12769
1.12226
1.11846
1.11337
1.10683
1.09894
1.08936
1.07655
1.06797
1.06566
1.06334
1.05956
1.05559
1.05152
1.04658
1.03941
1.02784
1.01009
0.993163
0.983566
0.978754
0.97508
0.970543
0.965081
0.960131
0.955247
0.949454
0.942262
0.93533
0.92873
0.920791
0.91201
0.906744
0.904295
0.901864
0.898661
0.894254
0.888248
0.880082
0.869773
0.858692
0.849577
0.843236
0.83811
0.833544
0.828985
0.824057
0.819035
0.813654
0.806825
0.799288
0.794064
0.790931
0.78763
0.783312
0.778343
0.773724
0.768885
0.763846
0.761239
0.75952
0.757412
0.754294
0.750582
0.746875
0.740441
0.729143
0.719732
0.715401
0.711834
0.707258
0.701582
0.695067
0.688643
0.683478
0.679496
0.676027
0.672382
0.668173
0.664474
0.661775
0.660102
0.658678
0.656926
0.654581
0.651733
0.648696
0.645038
0.639631
0.632405
0.625936
0.621997
0.616618
1
1
1
1
1
1
1
1
1
1
1
1
1
1
1
1
1
1
1
1
1
1
1
1
1
1
1
1.00001
1.00255
1.15394
2.55569
4.4683
5.10605
5.17128
5.13694
5.01844
5.26803
8.05399
12.7314
14.2712
14.2293
13.8933
13.4984
13.3016
13.0491
12.7736
12.5886
12.3585
12.067
11.855
11.6821
11.4371
11.1672
10.9644
10.8005
10.647
10.5248
10.3902
10.2255
10.0338
9.81949
9.62971
9.4815
9.34538
9.21612
9.09678
8.98617
8.86796
8.72929
8.56192
8.36483
8.15965
7.99166
7.86706
7.76377
7.67287
7.58877
7.50687
7.422
7.32794
7.22163
7.10202
6.98043
6.88207
6.79991
6.7133
6.61283
6.50164
6.38293
6.26923
6.18366
6.10466
6.02299
5.9401
5.84561
5.74574
5.65502
5.58511
5.53999
5.50422
5.46018
5.40717
5.33313
5.21704
5.09535
5.01378
4.95144
4.90251
4.86257
4.82478
4.7859
4.73279
4.64119
4.53163
4.44606
4.38521
4.33749
4.30462
4.28387
4.26654
4.2394
4.20088
4.13693
4.023
3.90154
3.83964
3.81533
3.80276
3.80386
3.79021
3.76413
3.7321
3.67609
3.56344
3.44891
3.402
3.38172
3.36503
3.35437
3.36379
3.36071
3.33756
3.29953
3.22142
3.11128
3.05624
3.03804
3.02067
3.00315
2.98697
2.97175
2.95471
2.92487
2.86688
2.80128
2.76516
2.74723
2.73318
2.71968
2.70561
2.68574
2.64252
2.58321
2.55064
2.53872
2.52947
2.52049
2.50421
2.46532
2.40044
2.36165
2.35204
2.34723
2.33993
2.32468
2.30437
2.27311
2.23132
2.19812
2.18119
2.16781
2.15897
2.15133
2.13949
2.10946
2.0578
2.01808
2.00303
1.99381
1.98595
1.97794
1.96885
1.95735
1.93828
1.90598
1.86915
1.84367
1.8286
1.81695
1.80522
1.79176
1.77572
1.75879
1.7433
1.72898
1.71533
1.7039
1.69576
1.68989
1.6799
1.65692
1.62203
1.59727
1.58839
1.57985
1.56942
1.56001
1.55313
1.54717
1.54034
1.53051
1.51399
1.48577
1.45877
1.44611
1.4395
1.43304
1.42566
1.41829
1.4113
1.40394
1.39456
1.38278
1.36533
1.34378
1.32971
1.32357
1.31935
1.31522
1.30871
1.29768
1.27989
1.25958
1.24688
1.24085
1.23552
1.22975
1.22369
1.21728
1.20977
1.20021
1.18723
1.17137
1.15419
1.13618
1.12831
1.12539
1.12167
1.11664
1.11047
1.10266
1.09118
1.07796
1.07144
1.06763
1.06345
1.05928
1.05524
1.05085
1.04553
1.0388
1.02989
1.01658
0.999845
0.987082
0.979497
0.974441
0.969378
0.964094
0.959165
0.954174
0.948464
0.942249
0.936337
0.929835
0.921453
0.910587
0.901677
0.897803
0.895484
0.893038
0.889768
0.885391
0.88072
0.871955
0.859924
0.850401
0.84411
0.838844
0.833864
0.829181
0.825138
0.821398
0.816621
0.808883
0.799712
0.794173
0.789313
0.784285
0.779847
0.776266
0.773148
0.771476
0.771476
0.76963
0.76696
0.764242
0.760923
0.756263
0.748292
0.735851
0.724778
0.719965
0.717461
0.713982
0.7093
0.703594
0.696432
0.688905
0.68319
0.679055
0.675164
0.670979
0.666413
0.663098
0.66144
0.660423
0.659556
0.658325
0.656304
0.653537
0.650076
0.645293
0.638463
0.630975
0.62498
0.621638
0.617035
1
1
1
1
1
1
1
1
1
1
1
1
1
1
1
1
1
1
1
1
1
1
1
1
1
1
1
1
1.00002
1.00521
1.23905
2.71832
4.51505
5.1184
5.11402
5.51023
8.49269
13.0088
14.4703
14.5748
14.205
13.8492
13.4834
13.2943
13.093
12.8544
12.6571
12.4471
12.1648
11.9115
11.7146
11.4724
11.1925
10.9644
10.7994
10.6544
10.5234
10.3797
10.214
10.0313
9.82891
9.63664
9.47934
9.34258
9.21416
9.09301
8.97653
8.85772
8.73215
8.58962
8.40402
8.18251
7.99962
7.87557
7.7722
7.67491
7.58177
7.4912
7.40086
7.30848
7.20819
7.09996
6.99822
6.9002
6.79682
6.69236
6.58577
6.47607
6.36999
6.29045
6.22571
6.15292
6.06322
5.94482
5.81463
5.71119
5.63405
5.58206
5.54493
5.52392
5.48997
5.44318
5.36378
5.22809
5.08325
5.00018
4.95962
4.9333
4.90381
4.8654
4.82378
4.76356
4.66434
4.54065
4.43445
4.36371
4.32203
4.29526
4.28747
4.2956
4.27144
4.22976
4.1544
4.02189
3.89896
3.84709
3.82149
3.80128
3.78691
3.78371
3.76907
3.74062
3.68403
3.58529
3.48849
3.42576
3.38809
3.36675
3.35225
3.33544
3.31844
3.29795
3.26673
3.21116
3.13798
3.08792
3.05265
3.02538
3.00512
2.98881
2.97222
2.949
2.90987
2.85248
2.80251
2.77522
2.75706
2.7408
2.72439
2.70326
2.67148
2.62797
2.58782
2.56447
2.54598
2.52952
2.5133
2.492
2.45702
2.40701
2.37465
2.35978
2.34669
2.32973
2.31068
2.28683
2.25468
2.22095
2.20431
2.19247
2.17898
2.16535
2.14991
2.12795
2.09451
2.05366
2.02704
2.01205
1.99898
1.98804
1.97936
1.97069
1.9596
1.94268
1.91135
1.87131
1.84498
1.82978
1.81749
1.80588
1.79346
1.78065
1.76777
1.75376
1.73806
1.72188
1.70794
1.69543
1.68135
1.66271
1.63929
1.61722
1.60961
1.6033
1.59253
1.5788
1.56505
1.55232
1.54134
1.53025
1.51715
1.50062
1.48425
1.46698
1.45445
1.44457
1.43457
1.42512
1.4171
1.40958
1.40214
1.39284
1.37614
1.35642
1.34143
1.33397
1.32885
1.32309
1.31516
1.30473
1.29312
1.28157
1.26762
1.25868
1.25298
1.24739
1.24156
1.2355
1.22903
1.22136
1.20919
1.18656
1.158
1.14408
1.14116
1.13872
1.13553
1.13168
1.12687
1.12089
1.11274
1.10129
1.08939
1.0809
1.07474
1.0697
1.06527
1.06072
1.05557
1.04985
1.04346
1.03535
1.02307
1.00732
0.993217
0.984107
0.977642
0.972698
0.967863
0.962837
0.957645
0.952286
0.946694
0.940579
0.933821
0.925019
0.913258
0.902783
0.897479
0.894398
0.89172
0.889494
0.885867
0.876578
0.865019
0.860093
0.856323
0.851688
0.84654
0.841368
0.836874
0.833101
0.829184
0.824098
0.81673
0.806043
0.792965
0.784769
0.781106
0.778452
0.775725
0.773522
0.772488
0.769884
0.766812
0.76408
0.761497
0.75774
0.751526
0.740442
0.728202
0.724435
0.723812
0.723155
0.720203
0.715635
0.710385
0.702884
0.693479
0.686527
0.682138
0.67746
0.671052
0.667507
0.666621
0.666031
0.665654
0.665494
0.664293
0.662027
0.658859
0.654525
0.648245
0.639588
0.632374
0.628517
0.626462
0.622418
1
1
1
1
1
1
1
1
1
1
1
1
1
1
1
1
1
1
1
1
1
1
1
1
1
1
1
1
1
1.00005
1.00948
1.29305
2.82149
4.30119
5.41873
9.11772
13.2765
14.5571
14.7286
14.3901
14.0393
13.7517
13.4639
13.2696
13.1037
12.9354
12.7805
12.5699
12.2901
12.0134
11.7711
11.5096
11.2261
10.9981
10.8285
10.6893
10.5438
10.3863
10.224
10.051
9.8698
9.68774
9.50901
9.34976
9.21049
9.08344
8.96453
8.84789
8.72472
8.5835
8.40654
8.19559
8.0178
7.89444
7.78705
7.6859
7.59067
7.49813
7.40519
7.31054
7.2148
7.11874
7.01533
6.90025
6.78364
6.67473
6.56961
6.46721
6.38824
6.32777
6.26292
6.19352
6.08195
5.93005
5.79748
5.70537
5.64367
5.59388
5.55694
5.51781
5.47118
5.41448
5.33883
5.23207
5.11951
5.03635
4.96821
4.91036
4.86805
4.8288
4.7864
4.73579
4.6621
4.55295
4.4457
4.37372
4.33156
4.30367
4.28973
4.27694
4.247
4.20103
4.12617
4.02789
3.94812
3.88902
3.84061
3.80909
3.78903
3.77013
3.74196
3.69652
3.63677
3.58262
3.5362
3.48726
3.42611
3.3749
3.35075
3.3354
3.31183
3.2759
3.228
3.18525
3.15341
3.11869
3.07713
3.04131
3.02129
3.00711
2.98836
2.95772
2.90843
2.85102
2.81041
2.78923
2.77462
2.76156
2.74341
2.71151
2.66243
2.61772
2.59514
2.57978
2.56361
2.54375
2.51814
2.48749
2.45282
2.41689
2.39291
2.37638
2.35839
2.33519
2.30664
2.27767
2.25033
2.23031
2.21223
2.195
2.18518
2.17641
2.15849
2.12281
2.0811
2.0538
2.03929
2.02552
2.01156
1.99961
1.99112
1.98287
1.97011
1.94601
1.90907
1.87154
1.85141
1.84161
1.83203
1.81919
1.80524
1.79159
1.77753
1.76139
1.74494
1.73169
1.71921
1.70155
1.67208
1.64146
1.62524
1.62041
1.61853
1.6142
1.60385
1.59007
1.57384
1.55931
1.5473
1.53239
1.51034
1.48551
1.46965
1.46476
1.46003
1.45255
1.44345
1.43463
1.42654
1.41836
1.40523
1.38432
1.36252
1.34693
1.34106
1.33795
1.3336
1.32674
1.31718
1.30639
1.29342
1.27627
1.26193
1.25425
1.24862
1.2431
1.23742
1.23129
1.22414
1.21496
1.20096
1.17715
1.15165
1.13951
1.13591
1.1334
1.1307
1.12736
1.1229
1.11734
1.10986
1.09941
1.08698
1.07557
1.06755
1.06196
1.05714
1.05225
1.04704
1.04159
1.03587
1.02942
1.02213
1.01282
0.999802
0.983884
0.970651
0.963212
0.958374
0.953957
0.949551
0.945072
0.940204
0.934717
0.92876
0.922762
0.915758
0.907663
0.902076
0.899059
0.896139
0.890429
0.881343
0.871032
0.863501
0.858608
0.854443
0.850251
0.845415
0.839972
0.834445
0.829497
0.824939
0.819742
0.812286
0.800467
0.787995
0.782657
0.78064
0.778417
0.775873
0.774635
0.773773
0.770139
0.76688
0.764139
0.761539
0.757526
0.749466
0.735795
0.726088
0.723868
0.722569
0.721138
0.718104
0.71375
0.708832
0.701464
0.691152
0.68226
0.676552
0.67102
0.665566
0.663602
0.663133
0.662888
0.663054
0.663175
0.661802
0.65942
0.656161
0.651529
0.643989
0.633962
0.628809
0.62627
0.624598
0.620937
1
1
1
1
1
1
1
1
1
1
1
1
1
1
1
1
1
1
1
1
1
1
1
1
1
1
1
1
1
1
1.00009
1.01293
1.29749
2.74266
8.67772
14.1395
14.9322
14.6128
14.5018
14.3537
14.1256
13.8522
13.5574
13.3181
13.1358
12.9538
12.8136
12.6668
12.4159
12.0972
11.7948
11.5283
11.2661
11.0331
10.8572
10.725
10.5813
10.4229
10.2584
10.0862
9.90637
9.71958
9.5334
9.36163
9.21099
9.07756
8.95559
8.83604
8.70953
8.56695
8.39785
8.2076
8.04288
7.91804
7.80577
7.70016
7.60249
7.51036
7.41938
7.32483
7.22458
7.12033
7.00336
6.87664
6.76076
6.65843
6.56573
6.49036
6.42756
6.36351
6.2956
6.18603
6.04153
5.9022
5.80231
5.73998
5.68326
5.62193
5.5579
5.50346
5.44764
5.37437
5.28895
5.21561
5.156
5.08846
5.00398
4.91925
4.85659
4.8156
4.76333
4.69361
4.62183
4.55639
4.49828
4.4458
4.3862
4.32267
4.27607
4.24514
4.20474
4.14511
4.07414
4.02722
3.99411
3.95506
3.90394
3.8435
3.78925
3.75166
3.70928
3.65414
3.6019
3.57336
3.5524
3.52471
3.48064
3.41869
3.35405
3.30946
3.27892
3.24131
3.19777
3.16905
3.15143
3.13343
3.10923
3.0742
3.02527
2.97952
2.95477
2.92864
2.88926
2.85168
2.83347
2.81569
2.78672
2.74707
2.71811
2.68897
2.65011
2.62063
2.60428
2.58599
2.56222
2.53418
2.50716
2.47958
2.45158
2.42948
2.40555
2.37235
2.34245
2.32056
2.29616
2.2701
2.25059
2.23726
2.22437
2.21026
2.18955
2.16124
2.13635
2.10603
2.07356
2.05947
2.05048
2.03843
2.02099
1.99647
1.97182
1.95857
1.94712
1.92858
1.90115
1.88093
1.86623
1.84681
1.82677
1.81443
1.80371
1.79188
1.77873
1.76527
1.75158
1.73379
1.70989
1.6858
1.65878
1.635
1.62751
1.62444
1.62142
1.61615
1.60701
1.59619
1.58183
1.55889
1.53361
1.51586
1.4981
1.48026
1.47088
1.46627
1.46129
1.45578
1.44795
1.43567
1.41839
1.4044
1.39212
1.37614
1.35882
1.35018
1.34715
1.34317
1.33776
1.33049
1.32085
1.3082
1.29179
1.2741
1.26162
1.25446
1.24881
1.24336
1.2378
1.23173
1.22428
1.21371
1.19681
1.17082
1.14784
1.13895
1.13599
1.13328
1.13048
1.12702
1.12258
1.11739
1.11087
1.10173
1.08905
1.07617
1.06733
1.06145
1.05632
1.0511
1.04581
1.0405
1.03502
1.02948
1.02397
1.01662
1.00435
0.986932
0.971486
0.961914
0.956288
0.951866
0.947707
0.943549
0.939055
0.934064
0.928891
0.923964
0.919171
0.91353
0.905249
0.894746
0.888122
0.883367
0.876543
0.868496
0.86244
0.858327
0.85498
0.851478
0.847316
0.842085
0.835931
0.830052
0.824878
0.81941
0.81152
0.79855
0.786607
0.783393
0.78178
0.779606
0.77719
0.776871
0.775588
0.771521
0.76823
0.765266
0.762069
0.757394
0.748564
0.733902
0.725866
0.72437
0.723069
0.72139
0.718523
0.71449
0.7098
0.702661
0.692043
0.68233
0.675519
0.669384
0.664469
0.66329
0.662919
0.66289
0.663507
0.663514
0.661993
0.659709
0.656598
0.651818
0.64344
0.632923
0.62856
0.626474
0.624858
0.621354
1
1
1
1
1
1
1
1
1
1
1
1
1
1
1
1
1
1
1
1
1
1
1
1
1
1
1
1
1
1
1
1.00013
1.00951
3.1214
12.0407
14.6064
14.612
14.5343
14.5642
14.4042
14.1214
13.8135
13.5287
13.3207
13.169
13.0125
12.8619
12.6782
12.4039
12.0579
11.7244
11.4474
11.2157
11.019
10.8736
10.7384
10.5827
10.4162
10.2492
10.0835
9.91865
9.74837
9.57057
9.40002
9.23908
9.09005
8.95067
8.81521
8.6806
8.54123
8.38761
8.21772
8.06087
7.93458
7.82061
7.71372
7.61539
7.52439
7.43844
7.35137
7.25023
7.12036
6.97466
6.84842
6.74906
6.66506
6.59272
6.53321
6.47141
6.39709
6.28948
6.1412
5.98394
5.8981
5.85011
5.80138
5.73968
5.66877
5.58814
5.49866
5.411
5.32976
5.25699
5.2071
5.16556
5.1185
5.05426
4.97038
4.87785
4.78858
4.71764
4.65231
4.59641
4.56037
4.53426
4.50177
4.45315
4.38113
4.2925
4.20184
4.12926
4.08012
4.05381
4.03425
4.02163
4.00216
3.96794
3.90772
3.81208
3.71167
3.64876
3.61706
3.59925
3.58165
3.56073
3.53923
3.51229
3.46675
3.38479
3.29309
3.23645
3.20653
3.18752
3.17237
3.15609
3.13913
3.12469
3.10312
3.05743
2.9863
2.93217
2.90841
2.89443
2.88298
2.8698
2.85025
2.81718
2.76194
2.70321
2.67508
2.65943
2.6451
2.62837
2.60752
2.57963
2.54373
2.51102
2.48856
2.47201
2.45524
2.43016
2.38988
2.34144
2.31294
2.29716
2.28254
2.27079
2.25986
2.24911
2.23522
2.21048
2.16504
2.11676
2.099
2.09101
2.08379
2.07352
2.05943
2.03928
2.00992
1.97686
1.94787
1.92894
1.9179
1.91115
1.90343
1.88917
1.86301
1.83504
1.82201
1.81219
1.80145
1.79015
1.7789
1.766
1.74679
1.71444
1.67246
1.65267
1.6474
1.64382
1.63976
1.63612
1.63261
1.62481
1.61385
1.59822
1.57078
1.53214
1.50318
1.49223
1.48648
1.48287
1.47939
1.47613
1.47108
1.46255
1.4483
1.42472
1.39706
1.38136
1.37407
1.36935
1.36634
1.3624
1.35763
1.35177
1.34368
1.33186
1.31555
1.29699
1.28128
1.27111
1.26407
1.25816
1.25254
1.24675
1.24023
1.23173
1.21813
1.19474
1.16897
1.15362
1.14808
1.14501
1.14212
1.13926
1.13603
1.13186
1.12706
1.12114
1.11223
1.09829
1.08286
1.07243
1.06595
1.06048
1.055
1.0498
1.04542
1.04161
1.03782
1.0332
1.02609
1.01391
0.995777
0.976826
0.964272
0.957805
0.953699
0.950248
0.946969
0.94366
0.940319
0.937114
0.93396
0.930352
0.924833
0.914416
0.898994
0.884508
0.877758
0.874699
0.871441
0.868439
0.865726
0.862984
0.859902
0.856028
0.850401
0.842594
0.834695
0.82835
0.822276
0.813586
0.799855
0.791049
0.789273
0.787729
0.78563
0.783398
0.783322
0.781461
0.777029
0.773177
0.769553
0.765683
0.760634
0.750855
0.736022
0.730691
0.729452
0.728267
0.726843
0.724736
0.720927
0.716049
0.708506
0.696585
0.685252
0.676858
0.67008
0.668052
0.667452
0.667236
0.667537
0.668486
0.668001
0.666318
0.664071
0.66084
0.655204
0.645118
0.63567
0.633092
0.631258
0.629559
0.626159
1
1
1
1
1
1
1
1
1
1
1
1
1
1
1
1
1
1
1
1
1
1
1
1
1
1
1
1
1
1
1
1
1.00012
4.31166
12.3442
14.2046
14.7454
14.9661
14.8763
14.5685
14.2354
13.9536
13.715
13.5218
13.3399
13.1239
12.8794
12.6458
12.3911
12.0728
11.7396
11.4655
11.2665
11.1092
10.9725
10.7821
10.5889
10.4192
10.2537
10.0857
9.93213
9.78366
9.59855
9.41746
9.24106
9.07762
8.93158
8.79492
8.65988
8.52237
8.37819
8.22817
8.08132
7.95211
7.83526
7.72691
7.62761
7.53524
7.44435
7.34802
7.2385
7.09879
6.93955
6.82847
6.75021
6.68334
6.62231
6.55493
6.48004
6.38715
6.26486
6.10778
5.9704
5.90081
5.84607
5.78691
5.72471
5.65633
5.57414
5.47117
5.36621
5.29482
5.25049
5.21215
5.17264
5.12954
5.07574
4.98954
4.86422
4.74061
4.66342
4.62141
4.59551
4.58526
4.56579
4.53171
4.48414
4.39853
4.26917
4.1433
4.07699
4.04713
4.03366
4.05475
4.06251
4.03685
3.99952
3.92743
3.79755
3.67372
3.62117
3.59573
3.57628
3.57356
3.57695
3.55561
3.52737
3.47923
3.38347
3.27195
3.21366
3.18827
3.17103
3.1599
3.16009
3.15021
3.13147
3.10447
3.05327
2.97327
2.91501
2.8919
2.87724
2.86615
2.85293
2.83534
2.80755
2.75448
2.68849
2.65591
2.64005
2.62535
2.60917
2.59061
2.56582
2.53033
2.49309
2.47017
2.45499
2.43859
2.41622
2.38099
2.33116
2.2946
2.27774
2.26558
2.25503
2.24506
2.23521
2.22322
2.20203
2.15616
2.10205
2.08358
2.07626
2.06922
2.05873
2.04532
2.02757
2.00211
1.96929
1.93722
1.91658
1.90547
1.89776
1.88965
1.87644
1.8519
1.82265
1.80855
1.79874
1.78819
1.77717
1.76636
1.75477
1.73821
1.70685
1.66068
1.63872
1.63422
1.63026
1.62615
1.62322
1.62176
1.61452
1.60354
1.58959
1.56558
1.52596
1.49075
1.47808
1.47389
1.47069
1.4679
1.46603
1.46161
1.45397
1.44219
1.41996
1.38875
1.3705
1.364
1.36008
1.35648
1.35273
1.34862
1.34328
1.33521
1.32257
1.30481
1.28545
1.27074
1.26172
1.25525
1.24963
1.24418
1.23843
1.23182
1.22321
1.2095
1.18542
1.15795
1.14343
1.13881
1.13594
1.13317
1.13057
1.12801
1.12417
1.11944
1.11364
1.10486
1.09082
1.07471
1.06372
1.05712
1.05151
1.04583
1.04095
1.03766
1.03481
1.03143
1.02688
1.01992
1.00836
0.991019
0.971803
0.957221
0.949073
0.944481
0.941122
0.938351
0.936038
0.933829
0.931485
0.928731
0.925392
0.920431
0.911594
0.896755
0.879642
0.870648
0.867205
0.864667
0.862182
0.859622
0.856883
0.853874
0.850354
0.845266
0.837733
0.829571
0.822792
0.816328
0.807116
0.793275
0.785391
0.783733
0.782196
0.780135
0.777941
0.777943
0.776292
0.771881
0.767774
0.763846
0.759828
0.754843
0.744754
0.730203
0.725332
0.724146
0.722972
0.72163
0.719858
0.716084
0.711308
0.704287
0.692678
0.68074
0.670752
0.664262
0.66292
0.662355
0.662255
0.662678
0.663974
0.663703
0.66208
0.659852
0.656561
0.650529
0.63949
0.630984
0.628945
0.627163
0.625528
0.622379
)
;

boundaryField
{
    inlet
    {
        type            fixedValue;
        value           uniform 1;
    }
    outlet
    {
        type            zeroGradient;
    }
    bottom
    {
        type            symmetryPlane;
    }
    top
    {
        type            symmetryPlane;
    }
    obstacle
    {
        type            zeroGradient;
    }
    defaultFaces
    {
        type            empty;
    }
}


// ************************************************************************* //
