/*--------------------------------*- C++ -*----------------------------------*\
  =========                 |
  \\      /  F ield         | OpenFOAM: The Open Source CFD Toolbox
   \\    /   O peration     | Website:  https://openfoam.org
    \\  /    A nd           | Version:  7
     \\/     M anipulation  |
\*---------------------------------------------------------------------------*/
FoamFile
{
    version     2.0;
    format      ascii;
    class       volScalarField;
    location    "2.6";
    object      rho;
}
// * * * * * * * * * * * * * * * * * * * * * * * * * * * * * * * * * * * * * //

dimensions      [1 -3 0 0 0 0 0];

internalField   nonuniform List<scalar> 
16128
(
1.40001
1.40001
1.40001
1.40001
1.40001
1.40001
1.40001
1.40001
1.40001
1.40001
1.40001
1.40001
1.40001
1.40001
1.40001
1.40001
1.40001
1.40001
1.40001
1.40001
1.40001
1.40001
1.40001
1.40001
1.40001
1.40001
1.40001
1.40001
1.40001
3.2686
6.76282
7.00085
7.03974
7.09922
7.15913
7.21788
7.27157
7.31699
7.35076
7.37303
7.38999
7.40983
7.43527
7.46255
7.48673
7.50463
7.51607
7.5239
1.40001
1.40001
1.40001
1.40001
1.40001
1.40001
1.40001
1.40001
1.40001
1.40001
1.40001
1.40001
1.40001
1.40001
1.40001
1.40001
1.40001
1.40001
1.40001
1.40001
1.40001
1.40001
1.40001
1.40001
1.40001
1.40001
1.40001
1.40001
1.40001
3.2145
6.72033
6.9964
7.03925
7.09938
7.15941
7.21796
7.27113
7.31573
7.34845
7.36972
7.38602
7.40549
7.43054
7.45716
7.48062
7.49803
7.50936
7.51713
1.40001
1.40001
1.40001
1.40001
1.40001
1.40001
1.40001
1.40001
1.40001
1.40001
1.40001
1.40001
1.40001
1.40001
1.40001
1.40001
1.40001
1.40001
1.40001
1.40001
1.40001
1.40001
1.40001
1.40001
1.40001
1.40001
1.40001
1.40001
1.40001
3.09752
6.67089
6.99041
7.03489
7.09594
7.15606
7.21441
7.26708
7.31065
7.34196
7.36202
7.37771
7.39699
7.4216
7.44737
7.46998
7.48681
7.49807
7.50604
1.40001
1.40001
1.40001
1.40001
1.40001
1.40001
1.40001
1.40001
1.40001
1.40001
1.40001
1.40001
1.40001
1.40001
1.40001
1.40001
1.40001
1.40001
1.40001
1.40001
1.40001
1.40001
1.40001
1.40001
1.40001
1.40001
1.40001
1.40001
1.40001
2.92586
6.61289
6.99379
7.03616
7.09622
7.15533
7.21288
7.26446
7.30633
7.33543
7.35355
7.36821
7.38713
7.41096
7.43491
7.45535
7.47042
7.48056
7.48798
1.40001
1.40001
1.40001
1.40001
1.40001
1.40001
1.40001
1.40001
1.40001
1.40001
1.40001
1.40001
1.40001
1.40001
1.40001
1.40001
1.40001
1.40001
1.40001
1.40001
1.40001
1.40001
1.40001
1.40001
1.40001
1.40001
1.40001
1.40001
1.40001
2.70201
6.52439
7.00413
7.03649
7.09319
7.15019
7.20647
7.2568
7.29697
7.32397
7.34028
7.35402
7.37274
7.39627
7.41923
7.43814
7.45156
7.46002
7.46654
1.40001
1.40001
1.40001
1.40001
1.40001
1.40001
1.40001
1.40001
1.40001
1.40001
1.40001
1.40001
1.40001
1.40001
1.40001
1.40001
1.40001
1.40001
1.40001
1.40001
1.40001
1.40001
1.40001
1.40001
1.40001
1.40001
1.40001
1.40001
1.40001
2.43336
6.37112
7.02205
7.03953
7.09044
7.14384
7.19801
7.24673
7.28529
7.31057
7.32526
7.33778
7.35555
7.37801
7.39951
7.41667
7.4286
7.43531
7.4409
1.40001
1.40001
1.40001
1.40001
1.40001
1.40001
1.40001
1.40001
1.40001
1.40001
1.40001
1.40001
1.40001
1.40001
1.40001
1.40001
1.40001
1.40001
1.40001
1.40001
1.40001
1.40001
1.40001
1.40001
1.40001
1.40001
1.40001
1.40001
1.40001
2.14504
6.14912
7.05133
7.04922
7.09422
7.14186
7.19239
7.23841
7.27465
7.29754
7.30959
7.31937
7.33456
7.3548
7.37445
7.38997
7.4009
7.40642
7.4117
1.40001
1.40001
1.40001
1.40001
1.40001
1.40001
1.40001
1.40001
1.40001
1.40001
1.40001
1.40001
1.40001
1.40001
1.40001
1.40001
1.40001
1.40001
1.40001
1.40001
1.40001
1.40001
1.40001
1.40001
1.40001
1.40001
1.40001
1.40001
1.40001
1.84209
5.88042
7.08996
7.05973
7.10125
7.13964
7.18441
7.22756
7.2618
7.28297
7.2928
7.29968
7.31152
7.32863
7.34561
7.35859
7.36767
7.37141
7.37572
1.40001
1.40001
1.40001
1.40001
1.40001
1.40001
1.40001
1.40001
1.40001
1.40001
1.40001
1.40001
1.40001
1.40001
1.40001
1.40001
1.40001
1.40001
1.40001
1.40001
1.40001
1.40001
1.40001
1.40001
1.40001
1.40001
1.40001
1.40001
1.40001
1.54436
5.51161
7.10392
7.04695
7.09242
7.12764
7.16891
7.20885
7.24176
7.26241
7.27096
7.27505
7.28277
7.29565
7.30937
7.31985
7.32758
7.33028
7.33448
1.40001
1.40001
1.40001
1.40001
1.40001
1.40001
1.40001
1.40001
1.40001
1.40001
1.40001
1.40001
1.40001
1.40001
1.40001
1.40001
1.40001
1.40001
1.40001
1.40001
1.40001
1.40001
1.40001
1.40001
1.40001
1.40001
1.40001
1.40001
1.40001
1.40352
5.03815
6.9677
6.97871
7.04211
7.08812
7.13378
7.17902
7.21457
7.2368
7.2455
7.24738
7.25078
7.25867
7.26824
7.27464
7.27889
7.27892
7.28112
1.40001
1.40001
1.40001
1.40001
1.40001
1.40001
1.40001
1.40001
1.40001
1.40001
1.40001
1.40001
1.40001
1.40001
1.40001
1.40001
1.40001
1.40001
1.40001
1.40001
1.40001
1.40001
1.40001
1.40001
1.40001
1.40001
1.40001
1.40001
1.40001
1.40001
4.48307
6.81694
6.91426
6.98975
7.05029
7.10325
7.14125
7.17716
7.20128
7.21131
7.2119
7.21053
7.21166
7.21512
7.21653
7.21798
7.2167
7.21933
1.40001
1.40001
1.40001
1.40001
1.40001
1.40001
1.40001
1.40001
1.40001
1.40001
1.40001
1.40001
1.40001
1.40001
1.40001
1.40001
1.40001
1.40001
1.40001
1.40001
1.40001
1.40001
1.40001
1.40001
1.40001
1.40001
1.40001
1.40001
1.40001
1.40001
3.87394
6.62762
6.83782
6.92252
6.99151
7.0442
7.08723
7.12328
7.14971
7.16341
7.1654
7.16033
7.15548
7.15359
7.14989
7.1445
7.13581
7.13129
1.40001
1.40001
1.40001
1.40001
1.40001
1.40001
1.40001
1.40001
1.40001
1.40001
1.40001
1.40001
1.40001
1.40001
1.40001
1.40001
1.40001
1.40001
1.40001
1.40001
1.40001
1.40001
1.40001
1.40001
1.40001
1.40001
1.40001
1.40001
1.40001
1.40001
3.23905
6.43226
6.82955
6.90717
6.964
7.00193
7.03213
7.06147
7.08883
7.10399
7.10772
7.09935
7.08687
7.07447
7.05807
7.04326
7.02758
7.02669
1.40001
1.40001
1.40001
1.40001
1.40001
1.40001
1.40001
1.40001
1.40001
1.40001
1.40001
1.40001
1.40001
1.40001
1.40001
1.40001
1.40001
1.40001
1.40001
1.40001
1.40001
1.40001
1.40001
1.40001
1.40001
1.40001
1.40001
1.40001
1.40001
1.40001
2.50491
6.15748
6.91789
6.91462
6.93031
6.95465
6.97952
7.00168
7.02137
7.03403
7.03693
7.02378
7.00282
6.97993
6.95284
6.92771
6.89352
6.85923
1.40001
1.40001
1.40001
1.40001
1.40001
1.40001
1.40001
1.40001
1.40001
1.40001
1.40001
1.40001
1.40001
1.40001
1.40001
1.40001
1.40001
1.40001
1.40001
1.40001
1.40001
1.40001
1.40001
1.40001
1.40001
1.40001
1.40001
1.40001
1.40001
1.40001
1.69256
5.87274
7.13015
6.97549
6.93876
6.9254
6.92761
6.93801
6.94856
6.95655
6.95432
6.9366
6.90795
6.86819
6.81216
6.74126
6.67202
6.62372
1.40001
1.40001
1.40001
1.40001
1.40001
1.40001
1.40001
1.40001
1.40001
1.40001
1.40001
1.40001
1.40001
1.40001
1.40001
1.40001
1.40001
1.40001
1.40001
1.40001
1.40001
1.40001
1.40001
1.40001
1.40001
1.40001
1.40001
1.40001
1.40001
1.40001
1.40887
5.11223
6.97116
6.91377
6.90245
6.8879
6.87629
6.87482
6.87527
6.8723
6.86187
6.83613
6.79291
6.72893
6.64298
6.53945
6.42325
6.3542
1.40001
1.40001
1.40001
1.40001
1.40001
1.40001
1.40001
1.40001
1.40001
1.40001
1.40001
1.40001
1.40001
1.40001
1.40001
1.40001
1.40001
1.40001
1.40001
1.40001
1.40001
1.40001
1.40001
1.40001
1.40001
1.40001
1.40001
1.40001
1.40001
1.40001
1.39987
4.06352
6.66372
6.84149
6.86812
6.85914
6.83958
6.8204
6.80425
6.78605
6.76097
6.72467
6.6665
6.58346
6.4573
6.2606
5.80653
4.69615
1.40001
1.40001
1.40001
1.40001
1.40001
1.40001
1.40001
1.40001
1.40001
1.40001
1.40001
1.40001
1.40001
1.40001
1.40001
1.40001
1.40001
1.40001
1.40001
1.40001
1.40001
1.40001
1.40001
1.40001
1.40001
1.40001
1.40001
1.40001
1.40001
1.40001
1.39998
3.06244
6.38058
6.8587
6.86891
6.85282
6.81783
6.77789
6.74038
6.70424
6.65806
6.60428
6.52719
6.41461
6.23553
5.92852
5.42164
4.20334
1.40001
1.40001
1.40001
1.40001
1.40001
1.40001
1.40001
1.40001
1.40001
1.40001
1.40001
1.40001
1.40001
1.40001
1.40001
1.40001
1.40001
1.40001
1.40001
1.40001
1.40001
1.40001
1.40001
1.40001
1.40001
1.40001
1.40001
1.40001
1.40001
1.40001
1.4
2.03589
6.08379
6.95037
6.8742
6.83754
6.79671
6.74402
6.68659
6.62851
6.56059
6.4828
6.38254
6.2432
6.02449
5.69381
5.09139
4.04434
1.40001
1.40001
1.40001
1.40001
1.40001
1.40001
1.40001
1.40001
1.40001
1.40001
1.40001
1.40001
1.40001
1.40001
1.40001
1.40001
1.40001
1.40001
1.40001
1.40001
1.40001
1.40001
1.40001
1.40001
1.40001
1.40001
1.40001
1.40001
1.40001
1.40001
1.40001
1.45844
5.14027
6.85697
6.79949
6.78771
6.76024
6.70607
6.63664
6.55951
6.47031
6.36762
6.24008
6.07722
5.83116
5.4878
4.87068
4.054
1.40001
1.40001
1.40001
1.40001
1.40001
1.40001
1.40001
1.40001
1.40001
1.40001
1.40001
1.40001
1.40001
1.40001
1.40001
1.40001
1.40001
1.40001
1.40001
1.40001
1.40001
1.40001
1.40001
1.40001
1.40001
1.40001
1.40001
1.40001
1.40001
1.40001
1.40001
1.39923
3.89142
6.4998
6.73158
6.75089
6.71893
6.66462
6.58919
6.49796
6.39194
6.26736
6.11552
5.92878
5.67304
5.31577
4.7601
4.10358
1.40001
1.40001
1.40001
1.40001
1.40001
1.40001
1.40001
1.40001
1.40001
1.40001
1.40001
1.40001
1.40001
1.40001
1.40001
1.40001
1.40001
1.40001
1.40001
1.40001
1.40001
1.40001
1.40001
1.40001
1.40001
1.40001
1.40001
1.40001
1.40001
1.40001
1.40001
1.39988
2.54149
6.23471
6.77988
6.73362
6.69174
6.63324
6.5512
6.44729
6.32412
6.18061
6.00812
5.80334
5.54244
5.18735
4.70065
4.1614
1.40001
1.40001
1.40001
1.40001
1.40001
1.40001
1.40001
1.40001
1.40001
1.40001
1.40001
1.40001
1.40001
1.40001
1.40001
1.40001
1.40001
1.40001
1.40001
1.40001
1.40001
1.40001
1.40001
1.40001
1.40001
1.40001
1.40001
1.40001
1.40001
1.40001
1.40001
1.4
1.56973
5.39273
6.83575
6.73543
6.65429
6.58377
6.49824
6.39163
6.26235
6.10758
5.9231
5.70631
5.43837
5.0939
4.67669
4.22641
1.40001
1.40001
1.40001
1.40001
1.40001
1.40001
1.40001
1.40001
1.40001
1.40001
1.40001
1.40001
1.40001
1.40001
1.40001
1.40001
1.40001
1.40001
1.40001
1.40001
1.40001
1.40001
1.40001
1.40001
1.40001
1.40001
1.40001
1.40001
1.40001
1.40001
1.40001
1.4
1.40015
4.04773
6.47356
6.616
6.58763
6.5203
6.43177
6.3267
6.19669
6.04108
5.8512
5.63138
5.35985
5.03744
4.67422
4.27559
1.40001
1.40001
1.40001
1.40001
1.40001
1.40001
1.40001
1.40001
1.40001
1.40001
1.40001
1.40001
1.40001
1.40001
1.40001
1.40001
1.40001
1.40001
1.40001
1.40001
1.40001
1.40001
1.40001
1.40001
1.40001
1.40001
1.40001
1.40001
1.40001
1.40001
1.40001
1.40001
1.39999
2.38869
6.2505
6.70823
6.60261
6.50362
6.40339
6.28921
6.15406
5.9941
5.7992
5.57641
5.31016
5.01104
4.6817
4.33117
1.40001
1.40001
1.40001
1.40001
1.40001
1.40001
1.40001
1.40001
1.40001
1.40001
1.40001
1.40001
1.40001
1.40001
1.40001
1.40001
1.40001
1.40001
1.40001
1.40001
1.40001
1.40001
1.40001
1.40001
1.40001
1.40001
1.40001
1.40001
1.40001
1.40001
1.40001
1.40001
1.4
1.50797
5.19151
6.66543
6.56418
6.47365
6.36402
6.24444
6.10555
5.94481
5.75456
5.53443
5.27923
4.99785
4.69438
4.37517
1.40001
1.40001
1.40001
1.40001
1.40001
1.40001
1.40001
1.40001
1.40001
1.40001
1.40001
1.40001
1.40001
1.40001
1.40001
1.40001
1.40001
1.40001
1.40001
1.40001
1.40001
1.40001
1.40001
1.40001
1.40001
1.40001
1.40001
1.40001
1.40001
1.40001
1.40001
1.40001
1.4
1.3991
3.43002
6.27396
6.50261
6.4483
6.34775
6.22588
6.07974
5.91207
5.72113
5.5057
5.26248
4.99702
4.71607
4.4184
1.40001
1.40001
1.40001
1.40001
1.40001
1.40001
1.40001
1.40001
1.40001
1.40001
1.40001
1.40001
1.40001
1.40001
1.40001
1.40001
1.40001
1.40001
1.40001
1.40001
1.40001
1.40001
1.40001
1.40001
1.40001
1.40001
1.40001
1.40001
1.40001
1.40001
1.40001
1.40001
1.40001
1.39986
1.80075
5.63442
6.67918
6.52045
6.37691
6.23582
6.07237
5.89159
5.69557
5.48418
5.25201
5.00168
4.73973
4.46154
1.40001
1.40001
1.40001
1.40001
1.40001
1.40001
1.40001
1.40001
1.40001
1.40001
1.40001
1.40001
1.40001
1.40001
1.40001
1.40001
1.40001
1.40001
1.40001
1.40001
1.40001
1.40001
1.40001
1.40001
1.40001
1.40001
1.40001
1.40001
1.40001
1.40001
1.40001
1.40001
1.40001
1.4
1.40994
4.12806
6.34909
6.40495
6.34532
6.22033
6.05395
5.87031
5.67426
5.46682
5.24355
5.00723
4.76098
4.50145
1.40001
1.40001
1.40001
1.40001
1.40001
1.40001
1.40001
1.40001
1.40001
1.40001
1.40001
1.40001
1.40001
1.40001
1.40001
1.40001
1.40001
1.40001
1.40001
1.40001
1.40001
1.40001
1.40001
1.40001
1.40001
1.40001
1.40001
1.40001
1.40001
1.40001
1.40001
1.40001
1.40001
1.4
1.39991
2.0989
5.81824
6.56393
6.41815
6.24801
6.06698
5.87916
5.68028
5.46989
5.24716
5.01833
4.78459
4.54048
1.40001
1.40001
1.40001
1.40001
1.40001
1.40001
1.40001
1.40001
1.40001
1.40001
1.40001
1.40001
1.40001
1.40001
1.40001
1.40001
1.40001
1.40001
1.40001
1.40001
1.40001
1.40001
1.40001
1.40001
1.40001
1.40001
1.40001
1.40001
1.40001
1.40001
1.40001
1.40001
1.40001
1.40001
1.39999
1.44054
4.46854
6.4291
6.36595
6.22301
6.05356
5.87231
5.677
5.46943
5.25175
5.02939
4.80595
4.57774
1.40001
1.40001
1.40001
1.40001
1.40001
1.40001
1.40001
1.40001
1.40001
1.40001
1.40001
1.40001
1.40001
1.40001
1.40001
1.40001
1.40001
1.40001
1.40001
1.40001
1.40001
1.40001
1.40001
1.40001
1.40001
1.40001
1.40001
1.40001
1.40001
1.40001
1.40001
1.40001
1.40001
1.40001
1.4
1.39965
2.28928
5.88103
6.44455
6.27232
6.09132
5.90097
5.70081
5.49332
5.28065
5.0634
4.84495
4.62671
1.40001
1.40001
1.40001
1.40001
1.40001
1.40001
1.40001
1.40001
1.40001
1.40001
1.40001
1.40001
1.40001
1.40001
1.40001
1.40001
1.40001
1.40001
1.40001
1.40001
1.40001
1.40001
1.40001
1.40001
1.40001
1.40001
1.40001
1.40001
1.40001
1.40001
1.40001
1.40001
1.40001
1.40001
1.40001
1.39995
1.466
4.51486
6.38703
6.28235
6.10627
5.91198
5.71191
5.5076
5.3003
5.09062
4.87907
4.66534
1.40001
1.40001
1.40001
1.40001
1.40001
1.40001
1.40001
1.40001
1.40001
1.40001
1.40001
1.40001
1.40001
1.40001
1.40001
1.40001
1.40001
1.40001
1.40001
1.40001
1.40001
1.40001
1.40001
1.40001
1.40001
1.40001
1.40001
1.40001
1.40001
1.40001
1.40001
1.40001
1.40001
1.40001
1.40001
1.4
1.39964
2.31326
5.73445
6.31045
6.13329
5.94912
5.75124
5.54781
5.34214
5.13615
4.93033
4.72005
1.40001
1.40001
1.40001
1.40001
1.40001
1.40001
1.40001
1.40001
1.40001
1.40001
1.40001
1.40001
1.40001
1.40001
1.40001
1.40001
1.40001
1.40001
1.40001
1.40001
1.40001
1.40001
1.40001
1.40001
1.40001
1.40001
1.40001
1.40001
1.40001
1.40001
1.40001
1.40001
1.40001
1.40001
1.40001
1.40001
1.39995
1.46581
4.18698
6.26099
6.17735
6.00182
5.79724
5.59201
5.38716
5.18237
4.97783
4.77446
1.40001
1.40001
1.40001
1.40001
1.40001
1.40001
1.40001
1.40001
1.40001
1.40001
1.40001
1.40001
1.40001
1.40001
1.40001
1.40001
1.40001
1.40001
1.40001
1.40001
1.40001
1.40001
1.40001
1.40001
1.40001
1.40001
1.40001
1.40001
1.40001
1.40001
1.40001
1.40001
1.40001
1.40001
1.40001
1.40001
1.4
1.39985
2.12766
5.4653
6.21841
6.02746
5.8388
5.63999
5.4401
5.23998
5.03739
4.83728
1.40001
1.40001
1.40001
1.40001
1.40001
1.40001
1.40001
1.40001
1.40001
1.40001
1.40001
1.40001
1.40001
1.40001
1.40001
1.40001
1.40001
1.40001
1.40001
1.40001
1.40001
1.40001
1.40001
1.40001
1.40001
1.40001
1.40001
1.40001
1.40001
1.40001
1.40001
1.40001
1.40001
1.40001
1.40001
1.40001
1.40001
1.39998
1.43659
3.49338
6.04442
6.05771
5.90152
5.71064
5.51122
5.31
5.11024
4.91038
1.40001
1.40001
1.40001
1.40001
1.40001
1.40001
1.40001
1.40001
1.40001
1.40001
1.40001
1.40001
1.40001
1.40001
1.40001
1.40001
1.40001
1.40001
1.40001
1.40001
1.40001
1.40001
1.40001
1.40001
1.40001
1.40001
1.40001
1.40001
1.40001
1.40001
1.40001
1.40001
1.40001
1.40001
1.40001
1.40001
1.40001
1.4
1.40002
1.79233
4.95059
6.28019
6.03531
5.81357
5.59814
5.38684
5.18585
4.98907
1.40001
1.40001
1.40001
1.40001
1.40001
1.40001
1.40001
1.40001
1.40001
1.40001
1.40001
1.40001
1.40001
1.40001
1.40001
1.40001
1.40001
1.40001
1.40001
1.40001
1.40001
1.40001
1.40001
1.40001
1.40001
1.40001
1.40001
1.40001
1.40001
1.40001
1.40001
1.40001
1.40001
1.40001
1.40001
1.40001
1.40001
1.40001
1.40001
1.40794
2.70087
5.67327
6.05339
5.86035
5.65265
5.44633
5.24225
5.04496
1.40001
1.40001
1.40001
1.40001
1.40001
1.40001
1.40001
1.40001
1.40001
1.40001
1.40001
1.40001
1.40001
1.40001
1.40001
1.40001
1.40001
1.40001
1.40001
1.40001
1.40001
1.40001
1.40001
1.40001
1.40001
1.40001
1.40001
1.40001
1.40001
1.40001
1.40001
1.40001
1.40001
1.40001
1.40001
1.40001
1.40001
1.40001
1.40001
1.40002
1.52824
3.97824
6.00866
5.95698
5.77664
5.5743
5.36621
5.15985
1.40001
1.40001
1.40001
1.40001
1.40001
1.40001
1.40001
1.40001
1.40001
1.40001
1.40001
1.40001
1.40001
1.40001
1.40001
1.40001
1.40001
1.40001
1.40001
1.40001
1.40001
1.40001
1.40001
1.40001
1.40001
1.40001
1.40001
1.40001
1.40001
1.40001
1.40001
1.40001
1.40001
1.40001
1.40001
1.40001
1.40001
1.40001
1.40001
1.40001
1.40063
1.99829
5.01134
6.0922
5.89827
5.67529
5.45716
5.24422
1.40001
1.40001
1.40001
1.40001
1.40001
1.40001
1.40001
1.40001
1.40001
1.40001
1.40001
1.40001
1.40001
1.40001
1.40001
1.40001
1.40001
1.40001
1.40001
1.40001
1.40001
1.40001
1.40001
1.40001
1.40001
1.40001
1.40001
1.40001
1.40001
1.40001
1.40001
1.40001
1.40001
1.40001
1.40001
1.40001
1.40001
1.40001
1.40001
1.40001
1.40001
1.42197
2.7819
5.55632
5.9752
5.77025
5.54036
5.3248
1.40001
1.40001
1.40001
1.40001
1.40001
1.40001
1.40001
1.40001
1.40001
1.40001
1.40001
1.40001
1.40001
1.40001
1.40001
1.40001
1.40001
1.40001
1.40001
1.40001
1.40001
1.40001
1.40001
1.40001
1.40001
1.40001
1.40001
1.40001
1.40001
1.40001
1.40001
1.40001
1.40001
1.40001
1.40001
1.40001
1.40001
1.40001
1.40001
1.40001
1.40001
1.40008
1.5393
3.75561
5.80756
5.86552
5.68392
5.46836
1.40001
1.40001
1.40001
1.40001
1.40001
1.40001
1.40001
1.40001
1.40001
1.40001
1.40001
1.40001
1.40001
1.40001
1.40001
1.40001
1.40001
1.40001
1.40001
1.40001
1.40001
1.40001
1.40001
1.40001
1.40001
1.40001
1.40001
1.40001
1.40001
1.40001
1.40001
1.40001
1.40001
1.40001
1.40001
1.40001
1.40001
1.40001
1.40001
1.40001
1.40001
1.40001
1.40108
1.87287
4.60254
5.91456
5.82553
5.61679
1.40001
1.40001
1.40001
1.40001
1.40001
1.40001
1.40001
1.40001
1.40001
1.40001
1.40001
1.40001
1.40001
1.40001
1.40001
1.40001
1.40001
1.40001
1.40001
1.40001
1.40001
1.40001
1.40001
1.40001
1.40001
1.40001
1.40001
1.40001
1.40001
1.40001
1.40001
1.40001
1.40001
1.40001
1.40001
1.40001
1.40001
1.40001
1.40001
1.40001
1.40001
1.40001
1.40001
1.41328
2.39399
5.16026
5.88737
5.73643
1.40001
1.40001
1.40001
1.40001
1.40001
1.40001
1.40001
1.40001
1.40001
1.40001
1.40001
1.40001
1.40001
1.40001
1.40001
1.40001
1.40001
1.40001
1.40001
1.40001
1.40001
1.40001
1.40001
1.40001
1.40001
1.40001
1.40001
1.40001
1.40001
1.40001
1.40001
1.40001
1.40001
1.40001
1.40001
1.40001
1.40001
1.40001
1.40001
1.40001
1.40001
1.40001
1.40001
1.40005
1.46613
3.01245
5.47453
5.86518
1.40001
1.40001
1.40001
1.40001
1.40001
1.40001
1.40001
1.40001
1.40001
1.40001
1.40001
1.40001
1.40001
1.40001
1.40001
1.40001
1.40001
1.40001
1.40001
1.40001
1.40001
1.40001
1.40001
1.40001
1.40001
1.40001
1.40001
1.40001
1.40001
1.40001
1.40001
1.40001
1.40001
1.40001
1.40001
1.40001
1.40001
1.40001
1.40001
1.40001
1.40001
1.40001
1.40001
1.40001
1.40041
1.59022
3.66704
5.62212
1.40001
1.40001
1.40001
1.40001
1.40001
1.40001
1.40001
1.40001
1.40001
1.40001
1.40001
1.40001
1.40001
1.40001
1.40001
1.40001
1.40001
1.40001
1.40001
1.40001
1.40001
1.40001
1.40001
1.40001
1.40001
1.40001
1.40001
1.40001
1.40001
1.40001
1.40001
1.40001
1.40001
1.40001
1.40001
1.40001
1.40001
1.40001
1.40001
1.40001
1.40001
1.40001
1.40001
1.40001
1.40001
1.40235
1.8144
4.22477
1.40001
1.40001
1.40001
1.40001
1.40001
1.40001
1.40001
1.40001
1.40001
1.40001
1.40001
1.40001
1.40001
1.40001
1.40001
1.40001
1.40001
1.40001
1.40001
1.40001
1.40001
1.40001
1.40001
1.40001
1.40001
1.40001
1.40001
1.40001
1.40001
1.40001
1.40001
1.40001
1.40001
1.40001
1.40001
1.40001
1.40001
1.40001
1.40001
1.40001
1.40001
1.40001
1.40001
1.40001
1.40001
1.40001
1.4106
2.12046
1.40001
1.40001
1.40001
1.40001
1.40001
1.40001
1.40001
1.40001
1.40001
1.40001
1.40001
1.40001
1.40001
1.40001
1.40001
1.40001
1.40001
1.40001
1.40001
1.40001
1.40001
1.40001
1.40001
1.40001
1.40001
1.40001
1.40001
1.40001
1.40001
1.40001
1.40001
1.40001
1.40001
1.40001
1.40001
1.40001
1.40001
1.40001
1.40001
1.40001
1.40001
1.40001
1.40001
1.40001
1.40001
1.40001
1.40004
1.4333
1.40001
1.40001
1.40001
1.40001
1.40001
1.40001
1.40001
1.40001
1.40001
1.40001
1.40001
1.40001
1.40001
1.40001
1.40001
1.40001
1.40001
1.40001
1.40001
1.40001
1.40001
1.40001
1.40001
1.40001
1.40001
1.40001
1.40001
1.40001
1.40001
1.40001
1.40001
1.40001
1.40001
1.40001
1.40001
1.40001
1.40001
1.40001
1.40001
1.40001
1.40001
1.40001
1.40001
1.40001
1.40001
1.40001
1.40001
1.40018
1.40001
1.40001
1.40001
1.40001
1.40001
1.40001
1.40001
1.40001
1.40001
1.40001
1.40001
1.40001
1.40001
1.40001
1.40001
1.40001
1.40001
1.40001
1.40001
1.40001
1.40001
1.40001
1.40001
1.40001
1.40001
1.40001
1.40001
1.40001
1.40001
1.40001
1.40001
1.40001
1.40001
1.40001
1.40001
1.40001
1.40001
1.40001
1.40001
1.40001
1.40001
1.40001
1.40001
1.40001
1.40001
1.40001
1.40001
1.40001
1.40001
1.40001
1.40001
1.40001
1.40001
1.40001
1.40001
1.40001
1.40001
1.40001
1.40001
1.40001
1.40001
1.40001
1.40001
1.40001
1.40001
1.40001
1.40001
1.40001
1.40001
1.40001
1.40001
1.40001
1.40001
1.40001
1.40001
1.40001
1.40001
1.40001
1.40001
1.40001
1.40001
1.40001
1.40001
1.40001
1.40001
1.40001
1.40001
1.40001
1.40001
1.40001
1.40001
1.40001
1.40001
1.40001
1.40001
1.40001
1.40001
1.40001
1.40001
1.40001
1.40001
1.40001
1.40001
1.40001
1.40001
1.40001
1.40001
1.40001
1.40001
1.40001
1.40001
1.40001
1.40001
1.40001
1.40001
1.40001
1.40001
1.40001
1.40001
1.40001
1.40001
1.40001
1.40001
1.40001
1.40001
1.40001
1.40001
1.40001
1.40001
1.40001
1.40001
1.40001
1.40001
1.40001
1.40001
1.40001
1.40001
1.40001
1.40001
1.40001
1.40001
1.40001
1.40001
1.40001
1.40001
1.40001
1.40001
1.40001
1.40001
1.40001
1.40001
1.40001
1.40001
1.40001
1.40001
1.40001
1.40001
1.40001
1.40001
1.40001
1.40001
1.40001
1.40001
1.40001
1.40001
1.40001
1.40001
1.40001
1.40001
1.40001
1.40001
1.40001
1.40001
1.40001
1.40001
1.40001
1.40001
1.40001
1.40001
1.40001
1.40001
1.40001
1.40001
1.40001
1.40001
1.40001
1.40001
1.40001
1.40001
1.40001
1.40001
1.40001
1.40001
1.40001
1.40001
1.40001
1.40001
1.40001
1.40001
1.40001
1.40001
1.40001
1.40001
1.40001
1.40001
1.40001
1.40001
1.40001
1.40001
1.40001
1.40001
1.40001
1.40001
1.40001
1.40001
1.40001
1.40001
1.40001
1.40001
1.40001
1.40001
1.40001
1.40001
1.40001
1.40001
1.40001
1.40001
1.40001
1.40001
1.40001
1.40001
1.40001
1.40001
1.40001
1.40001
1.40001
1.40001
1.40001
1.40001
1.40001
1.40001
1.40001
1.40001
1.40001
1.40001
1.40001
1.40001
1.40001
1.40001
1.40001
1.40001
1.40001
1.40001
1.40001
1.40001
1.40001
1.40001
1.40001
1.40001
1.40001
1.40001
1.40001
1.40001
1.40001
1.40001
1.40001
1.40001
1.40001
1.40001
1.40001
1.40001
1.40001
1.40001
1.40001
1.40001
1.40001
1.40001
1.40001
1.40001
1.40001
1.40001
1.40001
1.40001
1.40001
1.40001
1.40001
1.40001
1.40001
1.40001
1.40001
1.40001
1.40001
1.40001
1.40001
1.40001
1.40001
1.40001
1.40001
1.40001
1.40001
1.40001
1.40001
1.40001
1.40001
1.40001
1.40001
1.40001
1.40001
1.40001
1.40001
1.40001
1.40001
1.40001
1.40001
1.40001
1.40001
1.40001
1.40001
1.40001
1.40001
1.40001
1.40001
1.40001
1.40001
1.40001
1.40001
1.40001
1.40001
1.40001
1.40001
1.40001
1.40001
1.40001
1.40001
1.40001
1.40001
1.40001
1.40001
1.40001
1.40001
1.40001
1.40001
1.40001
1.40001
1.40001
1.40001
1.40001
1.40001
1.40001
1.40001
1.40001
1.40001
1.40001
1.40001
1.40001
1.40001
1.40001
1.40001
1.40001
1.40001
1.40001
1.40001
1.40001
1.40001
1.40001
1.40001
1.40001
1.40001
1.40001
1.40001
1.40001
1.40001
1.40001
1.40001
1.40001
1.40001
1.40001
1.40001
1.40001
1.40001
1.40001
1.40001
1.40001
1.40001
1.40001
1.40001
1.40001
1.40001
1.40001
1.40001
1.40001
1.40001
1.40001
1.40001
1.40001
1.40001
1.40001
1.40001
1.40001
1.40001
1.40001
1.40001
1.40001
1.40001
1.40001
1.40001
1.40001
1.40001
1.40001
1.40001
1.40001
1.40001
1.40001
1.40001
1.40001
1.40001
1.40001
1.40001
1.40001
1.40001
1.40001
1.40001
1.40001
1.40001
1.40001
1.40001
1.40001
1.40001
1.40001
1.40001
1.40001
1.40001
1.40001
1.40001
1.40001
1.40001
1.40001
1.40001
1.40001
1.40001
1.40001
1.40001
1.40001
1.40001
1.40001
1.40001
1.40001
1.40001
1.40001
1.40001
1.40001
1.40001
1.40001
1.40001
1.40001
1.40001
1.40001
1.40001
1.40001
1.40001
1.40001
1.40001
1.40001
1.40001
1.40001
1.40001
1.40001
1.40001
1.40001
1.40001
1.40001
1.40001
1.40001
1.40001
1.40001
1.40001
1.40001
1.40001
1.40001
1.40001
1.40001
1.40001
1.40001
1.40001
1.40001
1.40001
1.40001
1.40001
1.40001
1.40001
1.40001
1.40001
1.40001
1.40001
1.40001
1.40001
1.40001
1.40001
1.40001
1.40001
1.40001
1.40001
1.40001
1.40001
1.40001
1.40001
1.40001
1.40001
1.40001
1.40001
1.40001
1.40001
1.40001
1.40001
1.40001
1.40001
1.40001
1.40001
1.40001
1.40001
1.40001
1.40001
1.40001
1.40001
1.40001
1.40001
1.40001
1.40001
1.40001
1.40001
1.40001
1.40001
1.40001
1.40001
1.40001
1.40001
1.40001
1.40001
1.40001
1.40001
1.40001
1.40001
1.40001
1.40001
1.40001
1.40001
1.40001
1.40001
1.40001
1.40001
1.40001
1.40001
1.40001
1.40001
1.40001
1.40001
1.40001
1.40001
1.40001
1.40001
1.40001
1.40001
1.40001
1.40001
1.40001
1.40001
1.40001
1.40001
1.40001
1.40001
1.40001
1.40001
1.40001
1.40001
1.40001
1.40001
1.40001
1.40001
1.40001
1.40001
1.40001
1.40001
1.40001
1.40001
1.40001
1.40001
1.40001
1.40001
1.40001
1.40001
1.40001
1.40001
1.40001
1.40001
1.40001
1.40001
1.40001
1.40001
1.40001
1.40001
1.40001
1.40001
1.40001
1.40001
1.40001
1.40001
1.40001
1.40001
1.40001
1.40001
1.40001
1.40001
1.40001
1.40001
1.40001
1.40001
1.40001
1.40001
1.40001
1.40001
1.40001
1.40001
1.40001
1.40001
1.40001
1.40001
1.40001
1.40001
1.40001
1.40001
1.40001
1.40001
1.40001
1.40001
1.40001
1.40001
1.40001
1.40001
1.40001
1.40001
1.40001
1.40001
1.40001
1.40001
1.40001
1.40001
1.40001
1.40001
1.40001
1.40001
1.40001
1.40001
1.40001
1.40001
1.40001
1.40001
1.40001
1.40001
1.40001
1.40001
1.40001
1.40001
1.40001
1.40001
1.40001
1.40001
1.40001
1.40001
1.40001
1.40001
1.40001
1.40001
1.40001
1.40001
1.40001
1.40001
1.40001
1.40001
1.40001
1.40001
1.40001
1.40001
1.40001
1.40001
1.40001
1.40001
1.40001
1.40001
1.40001
1.40001
1.40001
1.40001
1.40001
1.40001
1.40001
1.40001
1.40001
1.40001
1.40001
1.40001
1.40001
1.40001
1.40001
1.40001
1.40001
1.40001
1.40001
1.40001
1.40001
1.40001
1.40001
1.40001
1.40001
1.40001
1.40001
1.40001
1.40001
1.40001
1.40001
1.40001
1.40001
1.40001
1.40001
1.40001
1.40001
1.40001
1.40001
1.40001
1.40001
1.40001
1.40001
1.40001
1.40001
1.40001
1.40001
1.40001
1.40001
1.40001
1.40001
1.40001
1.40001
1.40001
1.40001
1.40001
1.40001
1.40001
1.40001
1.40001
1.40001
1.40001
1.40001
1.40001
1.40001
1.40001
1.40001
1.40001
1.40001
1.40001
1.40001
1.40001
1.40001
1.40001
1.40001
1.40001
1.40001
1.40001
1.40001
1.40001
1.40001
1.40001
1.40001
1.40001
1.40001
1.40001
1.40001
1.40001
1.40001
1.40001
1.40001
1.40001
1.40001
1.40001
1.40001
1.40001
1.40001
1.40001
1.40001
1.40001
1.40001
1.40001
1.40001
1.40001
1.40001
1.40001
1.40001
1.40001
1.40001
1.40001
1.40001
1.40001
1.40001
1.40001
1.40001
1.40001
1.40001
1.40001
1.40001
1.40001
1.40001
1.40001
1.40001
1.40001
1.40001
1.40001
1.40001
1.40001
1.40001
1.40001
1.40001
1.40001
1.40001
1.40001
1.40001
1.40001
1.40001
1.40001
1.40001
1.40001
1.40001
1.40001
1.40001
1.40001
1.40001
1.40001
1.40001
1.40001
1.40001
1.40001
1.40001
1.40001
1.40001
1.40001
1.40001
1.40001
1.40001
1.40001
1.40001
1.40001
1.40001
1.40001
1.40001
1.40001
1.40001
1.40001
1.40001
1.40001
1.40001
1.40001
1.40001
1.40001
1.40001
1.40001
1.40001
1.40001
1.40001
1.40001
1.40001
1.40001
1.40001
1.40001
1.40001
1.40001
1.40001
1.40001
1.40001
1.40001
1.40001
1.40001
1.40001
1.40001
1.40001
1.40001
1.40001
1.40001
1.40001
1.40001
1.40001
1.40001
1.40001
1.40001
1.40001
1.40001
1.40001
1.40001
1.40001
1.40001
1.40001
1.40001
1.40001
1.40001
1.40001
1.40001
1.40001
1.40001
1.40001
1.40001
1.40001
1.40001
1.40001
1.40001
1.40001
1.40001
1.40001
1.40001
1.40001
1.40001
1.40001
1.40001
1.40001
1.40001
1.40001
1.40001
1.40001
1.40001
1.40001
1.40001
1.40001
1.40001
1.40001
1.40001
1.40001
1.40001
1.40001
1.40001
1.40001
1.40001
1.40001
1.40001
1.40001
1.40001
1.40001
1.40001
1.40001
1.40001
1.40001
1.40001
1.40001
1.40001
1.40001
1.40001
1.40001
1.40001
1.40001
1.40001
1.40001
1.40001
1.40001
1.40001
1.40001
1.40001
1.40001
1.40001
1.40001
1.40001
1.40001
1.40001
1.40001
1.40001
1.40001
1.40001
1.40001
1.40001
1.40001
1.40001
1.40001
1.40001
1.40001
1.40001
1.40001
1.40001
1.40001
1.40001
1.40001
1.40001
1.40001
1.40001
1.40001
1.40001
1.40001
1.40001
1.40001
1.40001
1.40001
1.40001
1.40001
1.40001
1.40001
1.40001
1.40001
1.40001
1.40001
1.40001
1.40001
1.40001
1.40001
1.40001
1.40001
1.40001
1.40001
1.40001
1.40001
1.40001
1.40001
1.40001
1.40001
1.40001
1.40001
1.40001
1.40001
1.40001
1.40001
1.40001
1.40001
1.40001
1.40001
1.40001
1.40001
1.40001
1.40001
1.40001
1.40001
1.40001
1.40001
1.40001
1.40001
1.40001
1.40001
1.40001
1.40001
1.40001
1.40001
1.40001
1.40001
1.40001
1.40001
1.40001
1.40001
1.40001
1.40001
1.40001
1.40001
1.40001
1.40001
1.40001
1.40001
1.40001
1.40001
1.40001
1.40001
1.40001
1.40001
1.40001
1.40001
1.40001
1.40001
1.40001
1.40001
1.40001
1.40001
1.40001
1.40001
1.40001
1.40001
1.40001
1.40001
1.40001
1.40001
1.40001
1.40001
1.40001
1.40001
1.40001
1.40001
1.40001
1.40001
1.40001
1.40001
1.40001
1.40001
1.40001
1.40001
1.40001
1.40001
1.40001
1.40001
1.40001
1.40001
1.40001
1.40001
1.40001
1.40001
1.40001
1.40001
1.40001
1.40001
1.40001
1.40001
1.40001
1.40001
1.40001
1.40001
1.40001
1.40001
1.40001
1.40001
1.40001
1.40001
1.40001
1.40001
1.40001
1.40001
1.40001
1.40001
1.40001
1.40001
1.40001
1.40001
1.40001
1.40001
1.40001
1.40001
1.40001
1.40001
1.40001
1.40001
1.40001
1.40001
1.40001
1.40001
1.40001
1.40001
1.40001
1.40001
1.40001
1.40001
1.40001
1.40001
1.40001
1.40001
1.40001
1.40001
1.40001
1.40001
1.40001
1.40001
1.40001
1.40001
1.40001
1.40001
1.40001
1.40001
1.40001
1.40001
1.40001
1.40001
1.40001
1.40001
1.40001
1.40001
1.40001
1.40001
1.40001
1.40001
1.40001
1.40001
1.40001
1.40001
1.40001
1.40001
1.40001
1.40001
1.40001
1.40001
1.40001
1.40001
1.40001
1.40001
1.40001
1.40001
1.40001
1.40001
1.40001
1.40001
1.40001
1.40001
1.40001
1.40001
1.40001
1.40001
1.40001
1.40001
1.40001
1.40001
1.40001
1.40001
1.40001
1.40001
1.40001
1.40001
1.40001
1.40001
1.40001
1.40001
1.40001
1.40001
1.40001
1.40001
1.40001
1.40001
1.40001
1.40001
1.40001
1.40001
1.40001
1.40001
1.40001
1.40001
1.40001
1.40001
1.40001
1.40001
1.40001
1.40001
1.40001
1.40001
1.40001
1.40001
1.40001
1.40001
1.40001
1.40001
1.40001
1.40001
1.40001
1.40001
1.40001
1.40001
1.40001
1.40001
1.40001
1.40001
1.40001
1.40001
1.40001
1.40001
1.40001
1.40001
1.40001
1.40001
1.40001
1.40001
1.40001
1.40001
1.40001
1.40001
1.40001
1.40001
1.40001
1.40001
1.40001
1.40001
1.40001
1.40001
1.40001
1.40001
1.40001
1.40001
1.40001
1.40001
1.40001
1.40001
1.40001
1.40001
1.40001
1.40001
1.40001
1.40001
1.40001
1.40001
1.40001
1.40001
1.40001
1.40001
1.40001
1.40001
1.40001
1.40001
1.40001
1.40001
1.40001
1.40001
1.40001
1.40001
1.40001
1.40001
1.40001
1.40001
1.40001
1.40001
1.40001
1.40001
1.40001
1.40001
1.40001
1.40001
1.40001
1.40001
1.40001
1.40001
1.40001
1.40001
1.40001
1.40001
1.40001
1.40001
1.40001
1.40001
1.40001
1.40001
1.40001
1.40001
1.40001
1.40001
1.40001
1.40001
1.40001
1.40001
1.40001
1.40001
1.40001
1.40001
1.40001
1.40001
1.40001
1.40001
1.40001
1.40001
1.40001
1.40001
1.40001
1.40001
1.40001
1.40001
1.40001
1.40001
1.40001
1.40001
1.40001
1.40001
1.40001
1.40001
1.40001
1.40001
1.40001
1.40001
1.40001
1.40001
1.40001
1.40001
1.40001
1.40001
1.40001
1.40001
1.40001
1.40001
1.40001
1.40001
1.40001
1.40001
1.40001
1.40001
1.40001
1.40001
1.40001
1.40001
1.40001
1.40001
1.40001
1.40001
1.40001
1.40001
1.40001
1.4106
0.405699
0.105898
0.115493
0.16014
0.151064
0.153344
0.198497
0.282368
0.347791
0.401601
0.462015
0.541885
0.601522
0.653309
0.719422
0.786004
0.829422
0.86609
0.90372
0.907479
0.89274
0.896067
0.914915
0.927171
0.938796
0.974556
1.00821
1.01424
1.01758
1.02561
1.03639
1.04592
1.05455
1.06471
1.07565
1.07644
1.07446
1.07466
1.07831
1.08817
1.09818
1.10052
1.10078
1.09626
1.09107
1.09138
1.09512
1.10461
1.11825
1.12462
1.12434
1.12095
1.11485
1.11042
1.10927
1.11008
1.11446
1.12433
1.12811
1.12565
1.12154
1.11507
1.1059
1.09843
1.0971
1.09842
1.10243
1.10852
1.11123
1.1103
1.10772
1.10212
1.09729
1.09619
1.09615
1.09863
1.10055
1.10027
1.09868
1.09416
1.09045
1.08939
1.08843
1.08698
1.08519
1.08246
1.07739
1.0713
1.06778
1.06591
1.06443
1.06315
1.062
1.0608
1.0589
1.05636
1.05535
1.05514
1.0553
1.05565
1.05455
2.19295
3.11782
3.14699
3.15147
3.15856
3.15642
3.15505
3.15404
3.15249
3.14834
3.14323
3.13904
3.13642
3.13533
3.13409
3.12738
3.11348
3.0943
3.07351
3.05431
3.03809
3.02501
3.01448
3.0061
3.0004
2.9964
2.98895
2.97031
2.94268
2.9151
2.8905
2.8712
2.85923
2.85376
2.85113
2.84741
2.84069
2.83061
2.8173
2.8018
2.78434
2.76495
2.74175
2.71582
2.69191
2.67378
2.66171
2.65326
2.64525
2.6382
2.63276
2.62389
2.60804
2.58234
2.55427
2.53605
2.52416
2.51716
2.51759
2.52403
2.5298
2.52258
2.5052
2.4757
2.43197
2.39875
2.38148
2.3705
2.36497
2.3667
2.3705
2.36397
2.35164
2.33606
2.3168
2.29786
2.28466
2.27556
2.2697
2.26849
2.26385
2.25369
2.23771
2.21579
2.19786
2.18648
2.17788
2.17177
2.17174
2.16272
2.13399
1.11572
0.566102
0.497741
0.47198
0.404119
0.343276
0.338064
0.342597
0.359436
0.382391
0.39793
0.428538
0.478028
0.535914
0.593941
0.678603
0.742651
0.78361
0.834123
0.870096
0.874055
0.883136
0.908501
0.947442
0.965444
0.987992
1.02216
1.03539
1.0386
1.04574
1.05391
1.05836
1.0613
1.06895
1.0822
1.09215
1.0942
1.0947
1.09748
1.10451
1.11013
1.112
1.11317
1.1122
1.11196
1.11255
1.11325
1.11676
1.12253
1.1246
1.12502
1.12478
1.12571
1.12746
1.12771
1.12681
1.12723
1.129
1.12972
1.12865
1.12658
1.1242
1.12196
1.11887
1.11374
1.10994
1.10904
1.10939
1.11147
1.11413
1.11389
1.11243
1.10978
1.10694
1.10598
1.10579
1.10668
1.10706
1.1062
1.10393
1.10002
1.09564
1.09217
1.08998
1.08839
1.08645
1.08362
1.07969
1.07552
1.07197
1.06912
1.06744
1.06669
1.06626
1.06554
1.06435
1.0628
1.06157
1.06098
1.06064
1.05935
2.15584
3.1207
3.17495
3.18272
3.181
3.17063
3.16882
3.17281
3.18038
3.18305
3.17415
3.1564
3.13965
3.12944
3.12692
3.12877
3.12712
3.11638
3.09965
3.08236
3.0668
3.05276
3.03884
3.0245
3.01074
2.99961
2.99187
2.98175
2.96306
2.94022
2.91882
2.90148
2.8897
2.88328
2.87906
2.87118
2.85655
2.83718
2.815
2.79359
2.7756
2.76109
2.74863
2.73855
2.7295
2.71525
2.69434
2.67026
2.64839
2.63304
2.62178
2.61369
2.60748
2.59949
2.58738
2.57047
2.55103
2.53571
2.52525
2.51808
2.51261
2.50525
2.4931
2.47679
2.4601
2.43761
2.40997
2.38704
2.37426
2.36702
2.36319
2.36212
2.35809
2.3483
2.33544
2.31783
2.29705
2.27998
2.27022
2.26248
2.25712
2.25244
2.24333
2.23255
2.21788
2.20084
2.18688
2.17736
2.17043
2.15758
2.60956
1.82734
1.33654
0.993313
0.773259
0.643587
0.565126
0.54016
0.518514
0.486027
0.464572
0.475089
0.501333
0.532983
0.566202
0.576746
0.592046
0.643232
0.705125
0.760332
0.821263
0.865606
0.899129
0.93475
0.995083
1.03198
1.05014
1.07778
1.09331
1.09797
1.10427
1.10938
1.109
1.10792
1.1128
1.12327
1.13439
1.14185
1.14495
1.14763
1.14964
1.14907
1.14631
1.14683
1.14836
1.15066
1.15496
1.16073
1.16491
1.16463
1.1611
1.15518
1.15223
1.15286
1.15565
1.16031
1.16476
1.16597
1.16423
1.15921
1.15103
1.14349
1.14208
1.14306
1.14533
1.14619
1.1458
1.14348
1.13875
1.13451
1.13213
1.13106
1.13146
1.13214
1.13158
1.13009
1.12677
1.12329
1.12227
1.12216
1.12168
1.12022
1.11765
1.11332
1.10691
1.10132
1.09916
1.09815
1.09699
1.09563
1.09398
1.09107
1.08672
1.08289
1.08131
1.08053
1.07941
1.07813
1.07681
1.07473
1.06984
1.06793
2.02767
3.14387
3.27146
3.25711
3.24988
3.23056
3.22188
3.22615
3.24648
3.27106
3.28504
3.27766
3.25493
3.23078
3.21271
3.20471
3.20419
3.20105
3.18961
3.17456
3.16005
3.14725
3.1358
3.12316
3.10554
3.08395
3.06252
3.04209
3.02065
2.9982
2.97728
2.96038
2.94948
2.94427
2.94352
2.94294
2.93337
2.91311
2.88824
2.85638
2.81901
2.78878
2.7712
2.76538
2.77332
2.77595
2.76306
2.74303
2.71467
2.67522
2.63524
2.61232
2.60203
2.60515
2.61732
2.62087
2.6125
2.59729
2.57231
2.54011
2.51327
2.4954
2.48452
2.48334
2.48633
2.47825
2.46483
2.44502
2.41517
2.38407
2.36747
2.35882
2.3565
2.35999
2.35917
2.35081
2.33794
2.317
2.28854
2.26563
2.25427
2.2466
2.24473
2.24757
2.24292
2.23371
2.22051
2.20003
2.17861
2.15821
3.07159
2.33273
1.81717
1.49439
1.255
1.02403
0.835333
0.779961
0.753094
0.722569
0.668614
0.640143
0.638818
0.62999
0.607682
0.605236
0.612643
0.618928
0.630116
0.647975
0.693471
0.766703
0.828296
0.874576
0.941744
1.00456
1.02552
1.04929
1.07657
1.09148
1.11461
1.14202
1.15241
1.15342
1.15735
1.16682
1.18133
1.19339
1.19783
1.19969
1.19899
1.19142
1.18251
1.18031
1.18065
1.18364
1.19145
1.20091
1.2054
1.20592
1.20424
1.19813
1.1936
1.19342
1.19438
1.19672
1.19973
1.20012
1.19878
1.19502
1.18893
1.18275
1.18022
1.17966
1.17965
1.18028
1.1799
1.17819
1.17548
1.17325
1.17129
1.16915
1.16728
1.16564
1.16368
1.16055
1.15508
1.15076
1.14954
1.14874
1.148
1.14737
1.14641
1.14431
1.13968
1.13332
1.12903
1.12664
1.12486
1.12352
1.12221
1.12023
1.11698
1.11324
1.10991
1.107
1.10466
1.10302
1.10157
1.09859
1.09266
1.09421
1.83984
3.33266
3.53539
3.4374
3.41684
3.39725
3.38071
3.36702
3.36578
3.37929
3.40093
3.41058
3.39638
3.37047
3.34585
3.32765
3.3191
3.31962
3.31621
3.30445
3.28875
3.27084
3.25228
3.23297
3.21229
3.19165
3.1705
3.14908
3.12781
3.10556
3.08172
3.05806
3.03802
3.02135
3.01058
3.00455
2.99681
2.9845
2.96814
2.94725
2.91928
2.88841
2.86291
2.8474
2.83931
2.83201
2.82042
2.80482
2.78343
2.75276
2.71626
2.68498
2.66575
2.65783
2.66016
2.66488
2.66025
2.64866
2.62709
2.59538
2.56555
2.54519
2.53215
2.52987
2.53104
2.52535
2.51579
2.50244
2.47937
2.44665
2.41613
2.39591
2.38495
2.37941
2.37883
2.37695
2.36947
2.35776
2.33785
2.30974
2.28483
2.2722
2.26671
2.26644
2.26603
2.26056
2.25192
2.23616
2.21325
2.18274
3.37444
2.78486
2.27678
1.86856
1.63227
1.43189
1.23822
1.06621
0.9714
0.913841
0.868977
0.817114
0.785033
0.766188
0.724102
0.703316
0.700873
0.694487
0.685085
0.689243
0.689623
0.692308
0.70381
0.726729
0.769771
0.843678
0.901134
0.942179
0.998055
1.04389
1.08357
1.12679
1.1454
1.15198
1.1582
1.17173
1.19149
1.20782
1.21564
1.2185
1.21814
1.21393
1.2126
1.21371
1.21338
1.21714
1.22941
1.23689
1.23645
1.23417
1.2307
1.22484
1.2218
1.22306
1.22362
1.22261
1.22117
1.2204
1.21977
1.21831
1.21785
1.21907
1.21942
1.21824
1.21673
1.21504
1.21098
1.20391
1.19997
1.19889
1.19833
1.19909
1.2004
1.1998
1.19742
1.19184
1.18253
1.17716
1.176
1.17537
1.17497
1.17449
1.17379
1.17249
1.16946
1.16391
1.15868
1.15565
1.15358
1.15152
1.14922
1.14676
1.14418
1.1418
1.13971
1.13766
1.13542
1.1322
1.12745
1.12172
1.12347
1.15447
1.68965
3.55067
3.91447
3.70716
3.58455
3.55852
3.54526
3.53633
3.53666
3.53973
3.55406
3.56257
3.54728
3.52327
3.49331
3.47092
3.45845
3.45546
3.44864
3.43131
3.41273
3.39623
3.3796
3.35768
3.33032
3.30277
3.28103
3.26109
3.2406
3.21948
3.19723
3.172
3.14373
3.12006
3.10374
3.09145
3.07816
3.06353
3.0469
3.02676
3.00583
2.98916
2.97237
2.95125
2.92802
2.90741
2.8877
2.86533
2.84022
2.81492
2.79294
2.77431
2.75653
2.7423
2.73275
2.723
2.7099
2.69046
2.66545
2.64121
2.62371
2.61125
2.60252
2.59683
2.58917
2.57947
2.56807
2.55267
2.5316
2.50723
2.48339
2.46078
2.44095
2.42771
2.41835
2.40975
2.40069
2.39004
2.37701
2.36094
2.34188
2.32313
2.3111
2.30366
2.29688
2.28888
2.2782
2.26335
2.24576
2.22129
3.57491
3.06917
2.61797
2.26671
1.98902
1.73405
1.51997
1.36721
1.25228
1.13113
1.06543
1.01483
0.951243
0.912438
0.879756
0.840713
0.826334
0.809697
0.77814
0.759782
0.748973
0.731534
0.717332
0.720481
0.726376
0.741054
0.758551
0.780034
0.819724
0.873909
0.923454
0.990296
1.05408
1.10242
1.13411
1.16362
1.18603
1.20724
1.21826
1.21946
1.21662
1.2128
1.21436
1.21924
1.22582
1.23562
1.2445
1.24557
1.24453
1.24183
1.23796
1.23385
1.23327
1.23411
1.23396
1.23257
1.23129
1.23148
1.23446
1.2386
1.24279
1.24455
1.24379
1.24044
1.23484
1.22915
1.22272
1.21584
1.21311
1.21259
1.2137
1.21935
1.22378
1.22367
1.22129
1.21355
1.20326
1.19921
1.19796
1.19712
1.19715
1.19727
1.19634
1.19453
1.19009
1.18236
1.17671
1.1745
1.17323
1.17198
1.17064
1.16967
1.16887
1.1676
1.16567
1.16335
1.1593
1.15382
1.14715
1.14812
1.1837
1.44262
1.87928
3.08663
3.9473
3.96226
3.81321
3.74202
3.67864
3.65155
3.64591
3.6492
3.6573
3.65257
3.63322
3.60983
3.5799
3.55582
3.54342
3.53392
3.51704
3.50004
3.48683
3.47743
3.46353
3.44246
3.41152
3.3743
3.34747
3.32717
3.30855
3.29152
3.27321
3.25249
3.22835
3.20051
3.17294
3.14918
3.12597
3.10408
3.08717
3.07423
3.06536
3.06152
3.05216
3.03279
2.99957
2.95973
2.92754
2.90303
2.88477
2.87068
2.86116
2.8542
2.84294
2.82505
2.79878
2.76926
2.7415
2.71731
2.70118
2.69131
2.68503
2.68002
2.67045
2.65544
2.63704
2.62151
2.60644
2.58894
2.57052
2.55363
2.53776
2.51994
2.4979
2.47432
2.45661
2.44412
2.4327
2.42189
2.41251
2.40431
2.3952
2.38188
2.36209
2.34228
2.32772
2.31436
2.30033
2.2867
2.27637
2.26269
3.73903
3.30274
2.90347
2.53854
2.25956
2.03753
1.82186
1.6156
1.47427
1.34886
1.26396
1.21134
1.15294
1.07691
1.01042
0.959845
0.931979
0.918767
0.896514
0.865346
0.844111
0.820643
0.786404
0.777322
0.771723
0.759115
0.757463
0.760877
0.766211
0.771684
0.780926
0.811332
0.869168
0.940326
1.01063
1.07812
1.13094
1.16816
1.19473
1.19848
1.19376
1.19552
1.20406
1.21268
1.22545
1.23978
1.24309
1.24303
1.24094
1.23769
1.23474
1.23248
1.23274
1.23361
1.23378
1.23473
1.23744
1.24107
1.24651
1.24883
1.24818
1.24683
1.24435
1.23995
1.23433
1.22879
1.22446
1.22226
1.22172
1.22281
1.22882
1.23583
1.23616
1.2337
1.22707
1.2157
1.20909
1.20783
1.20706
1.20681
1.20798
1.20749
1.2058
1.2027
1.19648
1.18867
1.18568
1.18477
1.18415
1.18388
1.18348
1.18275
1.18121
1.17831
1.17525
1.17187
1.16827
1.16301
1.16427
1.20696
1.46558
2.04668
2.26125
2.48821
3.24662
3.84261
3.86147
3.86386
3.80049
3.74872
3.70734
3.68897
3.6814
3.68251
3.67397
3.65653
3.63043
3.60464
3.58832
3.57238
3.55696
3.54533
3.53501
3.51952
3.49924
3.47458
3.43971
3.39842
3.37135
3.35496
3.34346
3.33467
3.31983
3.30084
3.27757
3.24494
3.20328
3.16349
3.13476
3.11663
3.10423
3.09942
3.10613
3.1083
3.0963
3.07603
3.03471
2.97678
2.93732
2.91918
2.90756
2.90396
2.91109
2.91029
2.89652
2.87493
2.83341
2.78232
2.75051
2.73552
2.727
2.72581
2.7307
2.72797
2.71816
2.70295
2.67551
2.64418
2.62135
2.60496
2.59301
2.58288
2.5719
2.55843
2.53958
2.51264
2.48457
2.46668
2.4567
2.45005
2.44761
2.44615
2.43898
2.42642
2.40142
2.36758
2.34151
2.3253
2.31461
2.30714
2.30513
2.29791
3.85808
3.47971
3.10685
2.78749
2.51965
2.26774
2.04208
1.86292
1.71603
1.57782
1.442
1.37144
1.31265
1.24555
1.18873
1.13696
1.06259
1.0105
0.989546
0.968979
0.947174
0.922964
0.881207
0.858469
0.847455
0.831557
0.810516
0.798542
0.791383
0.780995
0.772966
0.772745
0.77801
0.793941
0.829159
0.880772
0.945994
1.00342
1.06334
1.10512
1.13092
1.14661
1.16123
1.18626
1.21901
1.24128
1.2456
1.24536
1.23968
1.22842
1.22221
1.22124
1.22105
1.22251
1.22721
1.23276
1.23806
1.24386
1.24743
1.24727
1.24516
1.24184
1.23808
1.23291
1.22797
1.22557
1.22515
1.22548
1.22837
1.23445
1.23734
1.23678
1.23491
1.23077
1.2218
1.21184
1.20915
1.20834
1.20777
1.20861
1.21002
1.20924
1.20753
1.20424
1.19796
1.19324
1.19244
1.19208
1.19145
1.1903
1.18868
1.18634
1.18327
1.17994
1.17678
1.17321
1.16906
1.16977
1.20922
1.5319
2.02374
2.39777
2.44365
2.43684
2.5636
3.0977
3.61141
3.79639
3.83983
3.79844
3.73664
3.69612
3.67981
3.68158
3.68043
3.66587
3.63595
3.60381
3.58565
3.57477
3.56642
3.5523
3.53281
3.51117
3.48841
3.46426
3.43719
3.40623
3.38055
3.36512
3.35462
3.34305
3.32579
3.30724
3.28602
3.25684
3.2166
3.17501
3.14616
3.12988
3.12071
3.12347
3.12978
3.11974
3.1026
3.07854
3.04156
2.9941
2.95548
2.9364
2.92733
2.92946
2.93481
2.92337
2.90542
2.87982
2.84117
2.79751
2.77008
2.75724
2.75024
2.75106
2.75594
2.75159
2.74086
2.72471
2.69435
2.65152
2.62211
2.60861
2.59944
2.59177
2.58268
2.57177
2.55819
2.53953
2.51663
2.49611
2.48426
2.47819
2.47526
2.46688
2.45299
2.43321
2.40829
2.37936
2.35344
2.33814
2.33036
2.32594
2.33109
2.32541
3.96139
3.6204
3.29445
2.9821
2.70883
2.48033
2.27073
2.07925
1.91432
1.76227
1.64707
1.56829
1.48452
1.36638
1.3036
1.26768
1.21798
1.15928
1.09994
1.05297
1.02224
1.00167
0.976096
0.950269
0.92772
0.904086
0.882159
0.865806
0.852484
0.837976
0.822015
0.805863
0.789499
0.790262
0.794172
0.801218
0.811068
0.830703
0.868254
0.924373
0.991271
1.04679
1.08023
1.12337
1.17309
1.21381
1.23265
1.23778
1.23671
1.22571
1.21489
1.2133
1.2116
1.21155
1.21664
1.22509
1.23371
1.24095
1.24281
1.24014
1.23593
1.23216
1.22752
1.22242
1.22093
1.22128
1.22287
1.22722
1.23539
1.2391
1.23853
1.23651
1.23278
1.22494
1.21391
1.2087
1.2074
1.20655
1.20636
1.20855
1.20938
1.20832
1.20688
1.20476
1.20126
1.19743
1.19399
1.19136
1.18949
1.18793
1.18623
1.18448
1.18266
1.18048
1.17777
1.1747
1.17383
1.20624
1.50864
2.11724
2.37155
2.4555
2.46667
2.44952
2.43024
2.50848
2.88228
3.39382
3.72283
3.77307
3.73505
3.69386
3.67683
3.68048
3.67847
3.66264
3.62784
3.59427
3.57779
3.56958
3.55605
3.53342
3.51058
3.49018
3.47089
3.45243
3.43581
3.41668
3.39217
3.36912
3.35006
3.33166
3.31687
3.30224
3.28354
3.25966
3.23111
3.20249
3.17695
3.15547
3.13997
3.12566
3.11132
3.09919
3.08486
3.06595
3.04242
3.01812
2.99379
2.96866
2.94966
2.93537
2.92153
2.90946
2.89417
2.87367
2.84873
2.82536
2.80376
2.78509
2.77295
2.76316
2.75535
2.74949
2.73749
2.7204
2.69562
2.66077
2.62709
2.6079
2.59662
2.58764
2.58183
2.57564
2.5675
2.55908
2.54927
2.53539
2.51522
2.49124
2.47012
2.45484
2.43977
2.42351
2.40633
2.3893
2.37317
2.35959
2.3513
2.34794
2.3501
2.33705
4.03981
3.73637
3.43632
3.13374
2.89277
2.66925
2.44554
2.26391
2.11259
1.9577
1.8068
1.71672
1.63352
1.54128
1.46338
1.37864
1.30521
1.25475
1.21414
1.17404
1.1336
1.09602
1.0607
1.03092
1.00982
0.993901
0.967389
0.937667
0.912522
0.892163
0.878306
0.86229
0.844496
0.828996
0.821146
0.810536
0.808354
0.809536
0.815324
0.824833
0.841844
0.875281
0.928945
0.992033
1.05298
1.10662
1.15065
1.18713
1.20606
1.20949
1.21437
1.21632
1.2133
1.21077
1.21073
1.21431
1.22073
1.229
1.23203
1.23073
1.22883
1.22639
1.22023
1.21465
1.21404
1.21459
1.21812
1.22801
1.23718
1.23851
1.23765
1.2345
1.22807
1.2177
1.21012
1.2074
1.20603
1.20522
1.20613
1.20895
1.20927
1.20876
1.20782
1.20619
1.20293
1.19688
1.19114
1.18857
1.18694
1.18548
1.1843
1.18344
1.18263
1.18166
1.18078
1.18162
1.21736
1.47221
2.11559
2.4217
2.47522
2.46701
2.45746
2.42713
2.40125
2.39571
2.43352
2.69521
3.19525
3.60507
3.68422
3.68318
3.66887
3.67525
3.66739
3.64946
3.61616
3.58901
3.57545
3.56529
3.54367
3.51374
3.4856
3.46796
3.45463
3.44692
3.43949
3.42536
3.40494
3.37762
3.34875
3.32358
3.30216
3.28573
3.27095
3.25654
3.24228
3.22854
3.2108
3.1857
3.15249
3.11989
3.09354
3.0739
3.05872
3.04806
3.04139
3.03606
3.0244
3.00493
2.97299
2.93652
2.90838
2.8899
2.87527
2.86426
2.85502
2.84457
2.8305
2.80968
2.78228
2.75647
2.73894
2.72755
2.71782
2.70676
2.69259
2.67234
2.64762
2.62068
2.59955
2.58709
2.57913
2.57815
2.58476
2.58092
2.5702
2.55516
2.52975
2.49245
2.45681
2.43312
2.41928
2.40978
2.40354
2.40174
2.39958
2.39409
2.38466
2.36885
2.34941
2.32376
4.11224
3.83146
3.54958
3.27889
3.0419
2.819
2.604
2.43348
2.28168
2.11648
1.97117
1.86999
1.76704
1.66578
1.5946
1.5146
1.43635
1.3523
1.29853
1.26349
1.22606
1.19216
1.16117
1.12587
1.08892
1.06385
1.04114
1.01089
0.981628
0.957602
0.93655
0.915424
0.899385
0.8871
0.87958
0.868134
0.849507
0.829523
0.822825
0.818903
0.814726
0.815623
0.823285
0.84331
0.878892
0.935441
1.00045
1.06424
1.10856
1.14267
1.18161
1.19975
1.20172
1.20612
1.20767
1.20665
1.21173
1.21947
1.22427
1.22544
1.22549
1.22256
1.21484
1.20819
1.20673
1.20707
1.21236
1.2235
1.23197
1.2336
1.23358
1.23026
1.22037
1.21089
1.20779
1.20618
1.2048
1.2047
1.20779
1.20887
1.20813
1.20695
1.20527
1.20272
1.19864
1.19224
1.18737
1.18577
1.1848
1.18384
1.1831
1.18338
1.18436
1.18561
1.18807
1.23484
1.51421
2.04533
2.454
2.50625
2.49974
2.47216
2.44732
2.42606
2.39993
2.38264
2.38058
2.39732
2.56286
2.99667
3.46035
3.58771
3.64275
3.66382
3.64897
3.62754
3.59707
3.57798
3.56926
3.5618
3.54014
3.50484
3.47143
3.45379
3.44217
3.43913
3.43776
3.42558
3.40926
3.38687
3.35792
3.32608
3.29657
3.27256
3.25758
3.24858
3.2463
3.23621
3.22078
3.2004
3.16602
3.11957
3.08316
3.05915
3.04477
3.03674
3.04339
3.04742
3.03504
3.01661
2.98809
2.94378
2.90333
2.87838
2.86455
2.85579
2.85464
2.849
2.83645
2.81987
2.794
2.76071
2.73158
2.71056
2.69807
2.689
2.68279
2.67526
2.66297
2.64236
2.61456
2.59311
2.58223
2.57458
2.57139
2.57177
2.56402
2.55071
2.52672
2.48822
2.4489
2.42402
2.41096
2.40495
2.4106
2.42689
2.42696
2.41808
2.40412
2.37759
2.34239
2.30433
4.17839
3.91
3.65416
3.40555
3.1619
2.95236
2.76553
2.58443
2.41826
2.26488
2.12445
2.0085
1.89474
1.791
1.70906
1.62885
1.53979
1.46304
1.41144
1.37014
1.32176
1.26536
1.23477
1.20888
1.18068
1.14899
1.11714
1.07991
1.0415
1.01811
1.00365
0.987148
0.965648
0.947719
0.936649
0.921924
0.90413
0.885609
0.86904
0.848985
0.825378
0.820702
0.82139
0.823517
0.830115
0.838372
0.859278
0.896682
0.953163
1.00582
1.06128
1.10764
1.14071
1.17334
1.19222
1.19465
1.20346
1.22047
1.22819
1.22847
1.22642
1.22082
1.20925
1.20143
1.20176
1.20335
1.21025
1.22309
1.22851
1.22856
1.22691
1.22025
1.20883
1.20331
1.20323
1.20341
1.20367
1.20704
1.21002
1.20891
1.20724
1.20596
1.20395
1.20049
1.19467
1.18772
1.18436
1.18361
1.18312
1.18256
1.18266
1.1859
1.18919
1.19112
1.23849
1.58671
2.08572
2.41238
2.5177
2.52288
2.51169
2.47571
2.43695
2.41995
2.40588
2.39112
2.38119
2.36556
2.36704
2.45576
2.7984
3.26453
3.51743
3.62623
3.62732
3.59848
3.56938
3.55776
3.55654
3.55742
3.54153
3.50999
3.47061
3.44906
3.43759
3.43242
3.42842
3.41967
3.40568
3.38843
3.36786
3.33982
3.30275
3.26868
3.2483
3.23504
3.22619
3.22593
3.21721
3.19967
3.174
3.13233
3.08566
3.05725
3.04169
3.03096
3.02454
3.02311
3.02043
3.0085
2.98911
2.95668
2.91031
2.87603
2.8594
2.84798
2.83943
2.83772
2.83289
2.82027
2.80334
2.77528
2.73583
2.70597
2.68998
2.68019
2.67389
2.67153
2.66458
2.65383
2.6375
2.61444
2.58998
2.57353
2.56391
2.55727
2.549
2.53613
2.51649
2.48805
2.45563
2.43009
2.41762
2.41264
2.4145
2.42307
2.42428
2.41591
2.40172
2.37442
2.33335
2.29593
4.23718
3.98531
3.74055
3.5063
3.28638
3.07577
2.87886
2.7129
2.5567
2.39189
2.24695
2.1361
2.0236
1.90281
1.8126
1.73737
1.65291
1.56783
1.51077
1.46456
1.41725
1.37149
1.32822
1.28872
1.25003
1.21229
1.17788
1.14455
1.11094
1.08433
1.06714
1.04717
1.02481
1.0052
0.991855
0.975561
0.954839
0.934474
0.91941
0.899346
0.876574
0.861508
0.852364
0.842215
0.833936
0.835663
0.841099
0.844763
0.849326
0.864058
0.894517
0.952871
1.01579
1.07019
1.11521
1.15504
1.18815
1.20722
1.21709
1.2192
1.21708
1.20772
1.19687
1.19627
1.19886
1.20523
1.21737
1.22476
1.22499
1.22318
1.21644
1.20531
1.19739
1.1973
1.19953
1.20183
1.20484
1.21006
1.21136
1.20956
1.20644
1.20369
1.20155
1.19803
1.19148
1.18526
1.18274
1.18192
1.18148
1.18156
1.18476
1.19059
1.19271
1.23149
1.57273
2.16886
2.42719
2.50734
2.50845
2.49318
2.48165
2.46558
2.444
2.42781
2.41456
2.39609
2.37675
2.35702
2.34283
2.3357
2.37654
2.62431
3.04848
3.42588
3.58391
3.56802
3.54142
3.53081
3.54068
3.55161
3.54009
3.51581
3.4815
3.45876
3.44397
3.42705
3.40748
3.39412
3.38431
3.37893
3.36584
3.34903
3.3234
3.28407
3.24755
3.22721
3.21253
3.2007
3.19404
3.18623
3.17056
3.14604
3.11449
3.07981
3.04924
3.03
3.0164
3.00536
2.99738
2.9911
2.97907
2.95983
2.93103
2.89267
2.86041
2.8433
2.83177
2.82436
2.82336
2.81739
2.80556
2.78946
2.76019
2.71852
2.6903
2.67705
2.66775
2.66177
2.66141
2.65653
2.64679
2.63328
2.61092
2.58199
2.55685
2.54002
2.5275
2.51439
2.50056
2.48664
2.47439
2.46114
2.44461
2.43117
2.42395
2.41829
2.41177
2.40258
2.38766
2.36296
2.33157
2.29905
4.2942
4.05634
3.81974
3.59931
3.39219
3.18189
2.99212
2.82816
2.66441
2.50351
2.37329
2.25195
2.13183
2.00933
1.92198
1.84212
1.75467
1.67563
1.61978
1.56705
1.50313
1.45489
1.4138
1.37215
1.33526
1.2888
1.23741
1.19651
1.16474
1.14963
1.13593
1.11784
1.09259
1.06868
1.04941
1.02815
1.00681
0.983728
0.96091
0.937975
0.919335
0.90718
0.898927
0.889615
0.879865
0.868631
0.856171
0.847499
0.839178
0.833826
0.83474
0.843985
0.869183
0.909416
0.970104
1.03356
1.092
1.12697
1.1531
1.17749
1.1825
1.18419
1.18821
1.19529
1.20334
1.21408
1.22286
1.22298
1.21947
1.21262
1.20268
1.19461
1.19228
1.19386
1.19753
1.20164
1.20648
1.2102
1.20981
1.20731
1.20399
1.20146
1.19977
1.19685
1.1907
1.18498
1.18283
1.18164
1.18094
1.18169
1.18693
1.19147
1.23118
1.5263
2.18665
2.46631
2.52188
2.50382
2.49301
2.48733
2.47175
2.46142
2.4518
2.43823
2.41726
2.39053
2.36595
2.3467
2.33417
2.32596
2.31716
2.33724
2.4772
2.82454
3.26063
3.47685
3.49628
3.51424
3.52726
3.54158
3.53302
3.50948
3.48843
3.47701
3.4583
3.42992
3.39821
3.37489
3.36184
3.353
3.3554
3.34814
3.33327
3.30943
3.27007
3.23076
3.20535
3.18685
3.17173
3.15968
3.153
3.14531
3.13169
3.11238
3.08285
3.04471
3.01263
2.99142
2.97725
2.96695
2.96187
2.95456
2.94042
2.91903
2.88614
2.85164
2.83179
2.82017
2.81153
2.81137
2.80953
2.79738
2.77808
2.74709
2.70559
2.67793
2.66424
2.65477
2.64914
2.65146
2.64947
2.6402
2.62665
2.59953
2.55955
2.52771
2.5092
2.49796
2.49066
2.48797
2.48898
2.48479
2.4755
2.45942
2.43433
2.40982
2.39334
2.37902
2.364
2.34918
2.33596
2.32038
4.34573
4.11802
3.89811
3.68891
3.48381
3.28228
3.10517
2.93529
2.76862
2.61848
2.48845
2.36123
2.23731
2.1243
2.02847
1.94382
1.8638
1.78931
1.72177
1.656
1.59527
1.54827
1.50294
1.44743
1.39497
1.35208
1.30849
1.27361
1.23775
1.21241
1.19218
1.16942
1.14624
1.12771
1.10865
1.08734
1.05792
1.02798
1.00419
0.986919
0.972464
0.960442
0.947873
0.932761
0.921802
0.912836
0.899898
0.88321
0.860222
0.840445
0.836455
0.835249
0.838073
0.847203
0.86304
0.889685
0.92936
0.985223
1.04033
1.0964
1.13342
1.16173
1.17571
1.183
1.19476
1.21021
1.21295
1.2119
1.20836
1.20086
1.1927
1.18977
1.18893
1.19078
1.19616
1.20088
1.20411
1.20648
1.20631
1.20482
1.20285
1.20021
1.19772
1.19483
1.18969
1.18543
1.1841
1.1828
1.18208
1.18424
1.1908
1.24535
1.54212
2.15306
2.50695
2.53064
2.52994
2.51698
2.51328
2.49754
2.48033
2.46771
2.45387
2.43705
2.41153
2.38115
2.35772
2.34272
2.33257
2.32496
2.31575
2.30244
2.30071
2.36143
2.60965
3.04361
3.34649
3.45371
3.52113
3.51884
3.50811
3.48969
3.48024
3.47903
3.47245
3.4509
3.41224
3.36919
3.3473
3.33387
3.32764
3.33516
3.33155
3.31687
3.29449
3.25846
3.21683
3.18434
3.16254
3.14752
3.13714
3.13688
3.13754
3.12617
3.10843
3.07652
3.02799
2.98879
2.96824
2.95511
2.94636
2.94601
2.94336
2.93193
2.91438
2.88515
2.84815
2.8227
2.81002
2.80026
2.79406
2.78991
2.78075
2.76262
2.7326
2.69378
2.66681
2.65386
2.64585
2.6447
2.6524
2.64718
2.63423
2.6123
2.57167
2.52772
2.50473
2.49417
2.48843
2.49321
2.50241
2.49929
2.49084
2.47661
2.44541
2.40239
2.37227
2.35707
2.34698
2.34042
2.33996
2.33554
4.40302
4.18079
3.97494
3.77357
3.56808
3.38069
3.2084
3.03764
2.86958
2.73175
2.59865
2.47067
2.33748
2.23566
2.14147
2.05273
1.96271
1.88935
1.81991
1.74817
1.67916
1.62682
1.57785
1.52279
1.46993
1.41153
1.36588
1.33378
1.30573
1.28624
1.26544
1.23937
1.19949
1.17292
1.15177
1.13221
1.10802
1.07889
1.0545
1.03709
1.02077
1.0095
0.996731
0.982787
0.967401
0.951393
0.935049
0.917001
0.89686
0.875822
0.86397
0.854944
0.847219
0.848459
0.85271
0.85785
0.864228
0.875403
0.894613
0.926877
0.977533
1.03313
1.08166
1.11974
1.15415
1.18112
1.19656
1.20204
1.20462
1.2004
1.1963
1.19299
1.18895
1.1874
1.19195
1.19785
1.20124
1.20317
1.20412
1.20449
1.20337
1.20012
1.196
1.19128
1.18705
1.18617
1.1854
1.18417
1.18415
1.18959
1.25208
1.6223
2.16029
2.50355
2.57006
2.56079
2.54667
2.52902
2.51922
2.50375
2.47724
2.45868
2.44374
2.42594
2.40287
2.37922
2.36227
2.34805
2.33237
2.31695
2.30262
2.28758
2.27978
2.27233
2.29672
2.45536
2.83504
3.20917
3.44219
3.48101
3.48157
3.4589
3.45135
3.46356
3.47843
3.46924
3.44587
3.39646
3.3486
3.32793
3.31653
3.31021
3.3111
3.31016
3.29878
3.28158
3.2522
3.21103
3.17073
3.14699
3.13375
3.12451
3.12535
3.12794
3.11588
3.09745
3.06543
3.0171
2.97558
2.95594
2.94414
2.93757
2.94038
2.93868
2.92773
2.91206
2.88622
2.84859
2.81556
2.7964
2.78473
2.77647
2.7693
2.7599
2.74507
2.72308
2.69327
2.66573
2.65114
2.64255
2.63539
2.63367
2.62713
2.61264
2.58653
2.55155
2.52077
2.50481
2.4979
2.49616
2.50356
2.50432
2.49418
2.47891
2.45094
2.40564
2.36873
2.35067
2.34248
2.33848
2.34912
2.34851
4.45082
4.24338
4.04148
3.84351
3.65343
3.47738
3.3023
3.12934
2.97877
2.84093
2.70363
2.56463
2.44754
2.34768
2.24615
2.14909
2.06008
1.98708
1.90747
1.83102
1.76291
1.70952
1.65102
1.58576
1.52947
1.48727
1.44783
1.41368
1.37453
1.34579
1.32007
1.29487
1.26561
1.23744
1.20978
1.174
1.13674
1.11803
1.10183
1.08878
1.07448
1.05988
1.04103
1.02195
1.00888
0.998103
0.983717
0.963051
0.932711
0.909856
0.900959
0.893921
0.885481
0.875315
0.870676
0.866639
0.864136
0.861732
0.852231
0.847839
0.85551
0.879996
0.928627
0.994665
1.06846
1.12464
1.16525
1.19333
1.19344
1.19002
1.18958
1.18803
1.17909
1.18
1.18789
1.19628
1.20228
1.20509
1.20613
1.20592
1.20364
1.19894
1.19324
1.18794
1.18545
1.18539
1.18495
1.18458
1.189
1.239
1.63012
2.2476
2.50029
2.57353
2.57387
2.56407
2.55256
2.52867
2.50836
2.49601
2.47473
2.45044
2.43633
2.42035
2.39673
2.37827
2.36861
2.35694
2.33796
2.31689
2.29457
2.27578
2.26569
2.25847
2.26008
2.27647
2.36513
2.64422
3.05859
3.37092
3.43431
3.43136
3.4327
3.45061
3.47189
3.46952
3.45995
3.43597
3.39455
3.35246
3.32336
3.30763
3.29547
3.28603
3.28593
3.28687
3.27433
3.25327
3.21676
3.16898
3.13717
3.12304
3.11299
3.11052
3.11401
3.10468
3.08923
3.06333
3.02158
2.97688
2.9523
2.94045
2.93191
2.93246
2.9336
2.92421
2.91017
2.88667
2.84574
2.80442
2.78004
2.76532
2.75527
2.75052
2.74912
2.74014
2.72677
2.70479
2.67312
2.64639
2.63215
2.62174
2.61264
2.60261
2.59078
2.57698
2.5596
2.53648
2.51484
2.50384
2.49499
2.48852
2.48156
2.46872
2.44718
2.41634
2.38261
2.35937
2.34993
2.34629
2.35704
2.35962
4.51036
4.31255
4.11483
3.91674
3.73903
3.56832
3.39319
3.22404
3.08196
2.94008
2.8005
2.66346
2.557
2.44756
2.34689
2.23888
2.15567
2.07252
1.99415
1.91788
1.84837
1.78357
1.71873
1.6585
1.60429
1.55938
1.52039
1.4837
1.44732
1.41696
1.38655
1.34563
1.30938
1.28388
1.25727
1.22542
1.18803
1.16687
1.15004
1.13195
1.11677
1.10393
1.08707
1.06729
1.04927
1.03618
1.01954
0.999455
0.9771
0.960004
0.947316
0.935615
0.925713
0.914431
0.902938
0.893083
0.883432
0.874103
0.857612
0.845881
0.84512
0.846716
0.855577
0.877657
0.920466
0.981943
1.03387
1.09287
1.11981
1.13501
1.15318
1.16166
1.16481
1.17488
1.1899
1.20043
1.20537
1.20566
1.20499
1.20395
1.19994
1.19404
1.18891
1.1858
1.18539
1.18594
1.18613
1.18914
1.23517
1.57013
2.27545
2.52903
2.57601
2.584
2.57371
2.55397
2.53948
2.51848
2.50406
2.49393
2.47655
2.44806
2.42316
2.40558
2.38955
2.37885
2.3747
2.36957
2.35222
2.32587
2.29326
2.26865
2.25729
2.24956
2.24598
2.26158
2.26732
2.30424
2.47478
2.83574
3.20936
3.37605
3.4127
3.44084
3.45669
3.45803
3.45291
3.44646
3.43497
3.41295
3.37686
3.32906
3.29266
3.27849
3.27005
3.27123
3.28395
3.27774
3.25928
3.22467
3.17051
3.12881
3.11203
3.10172
3.0973
3.10314
3.1001
3.08837
3.069
3.0336
2.98397
2.94897
2.93473
2.92568
2.92573
2.92873
2.92064
2.90722
2.88218
2.83482
2.78499
2.76215
2.75137
2.74543
2.74918
2.75415
2.74773
2.73583
2.71362
2.67468
2.63838
2.61609
2.60245
2.5948
2.59376
2.59262
2.58418
2.57143
2.54924
2.51902
2.49463
2.47745
2.46507
2.45197
2.43708
2.42305
2.41025
2.39399
2.37499
2.36442
2.35907
2.34828
4.57364
4.37539
4.17945
3.99496
3.82085
3.6474
3.4748
3.32359
3.17619
3.0314
2.88636
2.76961
2.65642
2.54563
2.43232
2.3309
2.24553
2.15722
2.07844
1.9976
1.92993
1.85923
1.79446
1.72587
1.6789
1.638
1.59649
1.55741
1.51694
1.47848
1.44168
1.40642
1.37178
1.3375
1.30019
1.25727
1.235
1.22058
1.20567
1.18869
1.16785
1.14635
1.12422
1.10436
1.08987
1.07654
1.05856
1.03114
1.0101
1.00101
0.990984
0.979632
0.968954
0.957689
0.945386
0.934002
0.921063
0.903338
0.88018
0.860795
0.857414
0.856758
0.858454
0.862282
0.869065
0.882204
0.905305
0.937238
0.985251
1.03466
1.07803
1.11812
1.14938
1.16896
1.18067
1.19588
1.1977
1.19604
1.19329
1.19388
1.19208
1.1876
1.18511
1.18515
1.18541
1.18617
1.19095
1.24992
1.55547
2.25304
2.5949
2.60484
2.58923
2.57216
2.56465
2.5474
2.52877
2.5158
2.50346
2.49192
2.47123
2.43792
2.40701
2.39248
2.38445
2.38105
2.38408
2.38282
2.36807
2.34305
2.30407
2.27106
2.25635
2.24764
2.24246
2.24783
2.25152
2.2579
2.26805
2.35032
2.61411
3.02089
3.29373
3.39064
3.44913
3.45444
3.44805
3.44453
3.45038
3.44609
3.43012
3.38963
3.3232
3.2788
3.26507
3.26279
3.27904
3.28867
3.2791
3.26175
3.22845
3.17387
3.12471
3.10325
3.09308
3.08867
3.09713
3.10146
3.09252
3.07603
3.04341
2.98898
2.94443
2.92737
2.91742
2.91697
2.92231
2.91288
2.8969
2.87068
2.82722
2.78111
2.75922
2.75056
2.74756
2.75541
2.7611
2.75455
2.74165
2.71238
2.65943
2.61764
2.60206
2.59425
2.59305
2.60062
2.59942
2.59036
2.57686
2.54891
2.50651
2.4749
2.45527
2.44232
2.43493
2.43273
2.43153
2.42426
2.41236
2.39159
2.36618
2.34451
4.64266
4.44698
4.25219
4.07394
3.90087
3.72403
3.56108
3.41595
3.26727
3.11418
2.97868
2.86581
2.74791
2.63474
2.51734
2.42526
2.32844
2.24206
2.15374
2.08036
2.00831
1.93569
1.86991
1.80565
1.76253
1.7143
1.66847
1.6224
1.58538
1.54352
1.50114
1.45672
1.42328
1.38715
1.35051
1.31149
1.28727
1.27078
1.25237
1.23177
1.21447
1.19471
1.17376
1.14946
1.12735
1.10704
1.08743
1.06689
1.05266
1.04338
1.03324
1.01961
1.00562
0.993693
0.982313
0.970999
0.955997
0.932593
0.905857
0.889274
0.880485
0.87665
0.872643
0.869246
0.870422
0.874917
0.875205
0.874377
0.879972
0.897484
0.932908
0.989133
1.0486
1.10327
1.13466
1.16353
1.1803
1.18424
1.18916
1.19408
1.19343
1.19017
1.18633
1.1828
1.18034
1.18491
1.25345
1.62475
2.20497
2.63771
2.63837
2.58756
2.56493
2.55235
2.55453
2.55353
2.53416
2.51916
2.5053
2.48659
2.46127
2.42943
2.40073
2.38831
2.38293
2.38448
2.39097
2.38707
2.37459
2.35851
2.33352
2.29937
2.2703
2.25367
2.24402
2.23848
2.23381
2.22873
2.23479
2.2416
2.27401
2.44129
2.78994
3.15171
3.35766
3.4171
3.43628
3.446
3.45413
3.45543
3.44803
3.43116
3.38808
3.32472
3.28559
3.27318
3.26992
3.28035
3.28432
3.27478
3.25939
3.23072
3.18198
3.12778
3.09899
3.08819
3.0853
3.09654
3.10349
3.09532
3.07972
3.04787
2.99003
2.93775
2.91799
2.90791
2.90368
2.90778
2.90188
2.88921
2.86992
2.83552
2.79174
2.76673
2.75841
2.75847
2.76789
2.76471
2.75115
2.72989
2.6948
2.64917
2.61571
2.60272
2.59665
2.59661
2.60395
2.59979
2.58973
2.57251
2.53412
2.48251
2.45418
2.44447
2.44
2.44323
2.44891
2.44468
2.43534
2.41959
2.38899
2.34612
4.70928
4.51374
4.33127
4.15481
3.97402
3.79578
3.64709
3.50204
3.35103
3.19691
3.07521
2.95155
2.83062
2.70761
2.61001
2.5125
2.41415
2.31982
2.23084
2.1607
2.08222
2.01692
1.94672
1.89387
1.84208
1.7901
1.73942
1.68971
1.64593
1.59938
1.55796
1.51664
1.47792
1.43699
1.39716
1.3611
1.34538
1.32855
1.3092
1.28221
1.25694
1.23421
1.21408
1.19348
1.17178
1.14765
1.12243
1.09912
1.0902
1.08171
1.07016
1.05718
1.04453
1.03268
1.02122
1.0081
0.984246
0.953459
0.939126
0.933264
0.926649
0.920879
0.914188
0.904844
0.895525
0.888391
0.880309
0.866591
0.855333
0.855336
0.85956
0.875658
0.914765
0.971996
1.03942
1.09464
1.14229
1.17072
1.18123
1.18859
1.18834
1.18625
1.18018
1.17096
1.17445
1.22964
1.6456
2.25809
2.58844
2.64997
2.62927
2.58531
2.55721
2.55078
2.5478
2.54749
2.53207
2.51385
2.49782
2.47858
2.45473
2.42655
2.40333
2.3913
2.38666
2.38796
2.3889
2.38259
2.37238
2.36272
2.35247
2.33675
2.31346
2.28319
2.25371
2.23559
2.22438
2.21489
2.20973
2.21083
2.23595
2.25016
2.32436
2.56999
2.94219
3.26703
3.35295
3.40655
3.44176
3.46583
3.44962
3.44027
3.42734
3.39889
3.35088
3.3039
3.28262
3.27365
3.27234
3.27657
3.27133
3.25923
3.23566
3.19201
3.13532
3.10046
3.08865
3.08479
3.09532
3.10235
3.09392
3.078
3.04595
2.98911
2.93361
2.90957
2.89982
2.89535
2.90215
2.90398
2.89489
2.88051
2.85353
2.81081
2.7754
2.76158
2.75049
2.74537
2.74207
2.73116
2.71421
2.6908
2.65816
2.6244
2.60747
2.60121
2.60135
2.60399
2.59569
2.58027
2.55445
2.51651
2.47971
2.46092
2.45371
2.45019
2.45234
2.4529
2.44552
2.43414
2.41422
2.36201
4.78488
4.58443
4.40756
4.23841
4.05984
3.8818
3.72703
3.58399
3.43381
3.29303
3.16563
3.03624
2.90408
2.78792
2.69706
2.59527
2.50013
2.39537
2.31882
2.23933
2.16423
2.09442
2.0297
1.97889
1.91788
1.86455
1.8046
1.75476
1.70619
1.65823
1.6137
1.57028
1.5302
1.49
1.45579
1.42374
1.40327
1.38086
1.35557
1.32839
1.30574
1.28324
1.25863
1.22839
1.20204
1.17892
1.16083
1.14489
1.13556
1.12445
1.10857
1.08722
1.07364
1.06394
1.05324
1.03822
1.01081
0.984982
0.976031
0.970522
0.964491
0.958326
0.951207
0.942286
0.931576
0.919141
0.900587
0.873026
0.857625
0.856445
0.85738
0.862689
0.87291
0.889483
0.923398
0.965683
1.00752
1.05611
1.09499
1.12479
1.1409
1.159
1.15911
1.15929
1.21479
1.57194
2.30264
2.58263
2.64665
2.63617
2.59555
2.56804
2.54787
2.53687
2.52956
2.5274
2.52441
2.50954
2.49407
2.47491
2.44972
2.43271
2.41643
2.40201
2.39595
2.39228
2.38355
2.3741
2.3661
2.3597
2.35678
2.35386
2.34303
2.32346
2.28915
2.24576
2.22101
2.2087
2.20163
2.19699
2.20616
2.23395
2.23387
2.25957
2.39345
2.70227
3.05336
3.28003
3.37375
3.41424
3.44664
3.45195
3.4442
3.43773
3.41764
3.37163
3.31479
3.28096
3.26898
3.26399
3.27231
3.27315
3.26172
3.24138
3.2027
3.14671
3.10527
3.09102
3.08586
3.09259
3.09737
3.08921
3.07298
3.04286
2.99181
2.93575
2.90738
2.89857
2.89587
2.90514
2.91388
2.90832
2.89514
2.86898
2.82001
2.77044
2.74743
2.7355
2.7285
2.72809
2.72419
2.71469
2.70072
2.67521
2.63889
2.61337
2.60348
2.59464
2.58639
2.5754
2.56186
2.54589
2.52506
2.49659
2.47113
2.46026
2.45403
2.45092
2.44761
2.43899
2.42637
2.38736
4.85443
4.66614
4.47869
4.30103
4.13586
3.97713
3.81339
3.65018
3.50046
3.37898
3.25077
3.1199
2.97827
2.87466
2.77517
2.67705
2.57353
2.48329
2.40709
2.32238
2.24662
2.16638
2.11298
2.05128
1.98909
1.92823
1.8677
1.81842
1.76365
1.71676
1.66676
1.62601
1.5844
1.54648
1.51071
1.48494
1.46459
1.43839
1.40819
1.37364
1.34828
1.32536
1.30097
1.27157
1.24255
1.21841
1.1963
1.18331
1.17549
1.16284
1.14675
1.12895
1.11452
1.10162
1.08396
1.05345
1.02517
1.01801
1.01422
1.00929
1.0036
0.997342
0.989193
0.977899
0.964303
0.948964
0.925884
0.893822
0.88089
0.878074
0.876611
0.877672
0.881026
0.886907
0.88991
0.892243
0.900846
0.917856
0.949603
0.994262
1.04388
1.09792
1.12622
1.19659
1.55284
2.21472
2.61729
2.69287
2.66391
2.61768
2.57095
2.55231
2.54154
2.53257
2.52279
2.51864
2.51931
2.51376
2.49927
2.47675
2.45183
2.43713
2.42937
2.42605
2.41463
2.39567
2.37931
2.36655
2.35601
2.34832
2.3485
2.35912
2.35759
2.34664
2.32775
2.28552
2.23205
2.20799
2.19858
2.19381
2.19682
2.21797
2.22595
2.23125
2.22957
2.27996
2.46704
2.78901
3.15172
3.28745
3.37032
3.43939
3.45703
3.4583
3.45055
3.42228
3.37665
3.31623
3.27735
3.26587
3.2608
3.26931
3.27569
3.26691
3.24876
3.21511
3.16302
3.11511
3.09544
3.08741
3.08778
3.09131
3.08382
3.06909
3.04467
3.00172
2.94689
2.91458
2.90519
2.9036
2.91575
2.92049
2.91176
2.89662
2.86687
2.81256
2.75836
2.73567
2.72682
2.72292
2.72901
2.73443
2.72758
2.71554
2.69099
2.64774
2.60976
2.5919
2.58112
2.57475
2.57063
2.56318
2.55266
2.53528
2.50535
2.47379
2.45868
2.45185
2.44648
2.43949
2.43128
2.40644
4.96451
4.77576
4.58092
4.38834
4.22185
4.06475
3.90472
3.73145
3.58394
3.45497
3.33065
3.20055
3.07468
2.96896
2.85982
2.75786
2.65126
2.5745
2.48925
2.40852
2.32055
2.24825
2.18849
2.11769
2.05576
1.98598
1.93356
1.87881
1.82572
1.77677
1.72492
1.68555
1.64271
1.60854
1.57381
1.54853
1.52
1.4883
1.4541
1.42419
1.39814
1.37166
1.33632
1.30391
1.27995
1.26151
1.24472
1.23068
1.21744
1.19933
1.17515
1.15861
1.14828
1.1358
1.11382
1.07657
1.05715
1.05278
1.04704
1.04166
1.03679
1.03078
1.02257
1.01179
0.996631
0.973064
0.943667
0.923042
0.917297
0.913913
0.909085
0.901
0.89409
0.892428
0.890863
0.889146
0.882532
0.873525
0.875416
0.887133
0.916248
0.966466
1.03767
1.44922
2.06916
2.51203
2.61944
2.63072
2.60739
2.57258
2.56184
2.55849
2.56783
2.56218
2.54405
2.53036
2.52166
2.50824
2.4921
2.47321
2.45877
2.45257
2.45893
2.46272
2.44346
2.40641
2.36832
2.34743
2.33727
2.32991
2.33441
2.3585
2.36393
2.35512
2.34409
2.31939
2.2681
2.2218
2.20364
2.19682
2.19815
2.21147
2.21688
2.21309
2.21275
2.20789
2.21732
2.29509
2.53685
2.90285
3.17498
3.35987
3.42661
3.4714
3.46997
3.44832
3.42485
3.38246
3.31618
3.27706
3.26476
3.26359
3.27493
3.27872
3.27168
3.25716
3.2304
3.18247
3.12655
3.09618
3.08488
3.07851
3.08402
3.08303
3.07174
3.05352
3.01848
2.9651
2.92648
2.91456
2.90864
2.91255
2.91371
2.90288
2.8857
2.85618
2.80766
2.75954
2.73784
2.73077
2.73136
2.74194
2.74337
2.7357
2.72265
2.69169
2.63875
2.59899
2.58475
2.57763
2.57578
2.57507
2.56742
2.55716
2.54107
2.51075
2.47532
2.45718
2.44852
2.4406
2.43404
2.41677
5.03843
4.84104
4.64974
4.46699
4.29333
4.12683
3.96672
3.8157
3.67856
3.53795
3.40275
3.27251
3.16954
3.05761
2.94965
2.83179
2.7375
2.65535
2.56487
2.48112
2.3895
2.32627
2.25413
2.18503
2.11318
2.04864
1.9979
1.9389
1.88976
1.83126
1.78749
1.7471
1.70646
1.67143
1.63551
1.6081
1.57247
1.53729
1.49875
1.46899
1.44126
1.41328
1.37695
1.34574
1.32422
1.30567
1.28508
1.27241
1.25794
1.23839
1.2172
1.20027
1.18422
1.16297
1.12978
1.10185
1.09687
1.09275
1.08627
1.07913
1.07113
1.06123
1.04905
1.03539
1.01918
0.994472
0.969419
0.959387
0.95541
0.952017
0.946355
0.93863
0.929753
0.919246
0.908302
0.896969
0.883093
0.869539
0.86773
0.867754
0.871576
0.90116
1.22568
1.91461
2.22402
2.40303
2.41447
2.41158
2.43354
2.47223
2.51254
2.55712
2.59788
2.60241
2.58184
2.55074
2.51418
2.48902
2.47243
2.46326
2.46449
2.47873
2.49725
2.4897
2.46464
2.42306
2.36944
2.34177
2.33033
2.32285
2.32914
2.36122
2.36731
2.35705
2.34491
2.32611
2.29946
2.26523
2.23858
2.22187
2.21342
2.21359
2.20984
2.20132
2.19606
2.19289
2.19904
2.19044
2.2088
2.33813
2.62588
3.00933
3.25159
3.37309
3.4483
3.4688
3.4543
3.42935
3.37976
3.32975
3.29288
3.27693
3.27046
3.26946
3.28059
3.27914
3.26666
3.24289
3.1951
3.1316
3.09379
3.08222
3.07696
3.08422
3.08856
3.07997
3.06488
3.03395
2.98123
2.93374
2.91465
2.90614
2.9028
2.89954
2.88995
2.87592
2.8538
2.81845
2.77778
2.75457
2.74612
2.74383
2.74646
2.74224
2.73172
2.71188
2.67649
2.63226
2.60212
2.59014
2.58392
2.58061
2.57929
2.57354
2.56431
2.54843
2.51559
2.47648
2.45504
2.44444
2.43673
2.42256
5.11827
4.9175
4.72654
4.55198
4.3828
4.21497
4.05329
3.91281
3.77401
3.63408
3.48745
3.3692
3.25846
3.14224
3.02697
2.90946
2.82574
2.73113
2.64277
2.54475
2.46575
2.39726
2.31959
2.25068
2.17259
2.121
2.06347
2.00695
1.95187
1.89305
1.85492
1.80989
1.77243
1.73271
1.69852
1.66301
1.62179
1.58347
1.54634
1.51798
1.48666
1.45325
1.41289
1.39049
1.3735
1.35631
1.33451
1.31514
1.29391
1.27004
1.24969
1.2366
1.21996
1.19345
1.1541
1.13632
1.13279
1.12729
1.1198
1.11378
1.10615
1.09461
1.07984
1.06059
1.03404
1.00889
0.996986
0.991411
0.987679
0.98367
0.977759
0.969446
0.960842
0.950727
0.938797
0.922484
0.897307
0.87543
0.869538
0.869403
0.890231
1.12078
1.72191
2.12682
2.20338
2.19735
2.17387
2.17293
2.1953
2.26027
2.35017
2.45379
2.53107
2.54488
2.54237
2.52984
2.49644
2.45619
2.44346
2.44182
2.4728
2.50913
2.51124
2.49345
2.46673
2.43108
2.38931
2.35051
2.33279
2.3281
2.33434
2.34979
2.34732
2.3345
2.32363
2.31401
2.30415
2.29165
2.27751
2.2654
2.24504
2.21806
2.20173
2.19381
2.18795
2.18333
2.18581
2.18662
2.19106
2.18063
2.2219
2.39774
2.75581
3.06778
3.31781
3.42298
3.4411
3.44966
3.43037
3.40245
3.36309
3.31036
3.28002
3.27128
3.27276
3.28403
3.28172
3.26901
3.245
3.20076
3.1417
3.09997
3.08637
3.08213
3.08947
3.0917
3.08277
3.06728
3.03784
2.98978
2.94035
2.91298
2.90191
2.89542
2.89315
2.88789
2.87892
2.86584
2.84273
2.80787
2.773
2.75377
2.74274
2.73297
2.72393
2.71239
2.69538
2.67196
2.64349
2.61601
2.59995
2.59262
2.58811
2.58565
2.57931
2.56856
2.54702
2.509
2.4724
2.45224
2.44287
2.43111
5.25719
5.05047
4.85661
4.67585
4.49924
4.32425
4.16451
4.01879
3.87355
3.7242
3.57719
3.45935
3.33772
3.22358
3.09556
2.99392
2.89988
2.80263
2.71177
2.61422
2.54596
2.46619
2.3918
2.31014
2.24402
2.19309
2.13036
2.07703
2.01013
1.96382
1.92077
1.8742
1.83436
1.78963
1.75435
1.71082
1.6699
1.62981
1.59541
1.56335
1.52889
1.49323
1.45687
1.43955
1.42235
1.40126
1.37709
1.35698
1.33426
1.31174
1.29012
1.27007
1.24507
1.21508
1.18587
1.17881
1.17526
1.16813
1.15757
1.14565
1.13367
1.12033
1.10538
1.08456
1.0561
1.03786
1.0295
1.02292
1.01879
1.01476
1.0089
1.00128
0.992182
0.981538
0.968908
0.948721
0.921162
0.90267
0.897884
0.915467
1.10972
1.66657
2.1389
2.19089
2.17336
2.11636
2.06964
2.05888
2.06719
2.10474
2.16462
2.23942
2.3034
2.32744
2.34576
2.37312
2.38403
2.38026
2.38817
2.42916
2.48343
2.50338
2.49984
2.48515
2.45871
2.42566
2.41142
2.39705
2.38152
2.37086
2.35937
2.34408
2.32247
2.30289
2.29018
2.28267
2.28654
2.29734
2.30078
2.29502
2.2748
2.23619
2.2017
2.18944
2.18271
2.17678
2.1727
2.17975
2.18597
2.18535
2.16743
2.16531
2.23979
2.4631
2.81962
3.14767
3.30162
3.39462
3.4664
3.46354
3.43488
3.384
3.31975
3.28519
3.27524
3.27184
3.27955
3.28051
3.26736
3.24628
3.21286
3.16264
3.11531
3.09776
3.09099
3.0886
3.08552
3.07572
3.06121
3.03785
2.99978
2.95262
2.91903
2.90632
2.90023
2.899
2.89947
2.89249
2.88184
2.86209
2.82417
2.77854
2.74817
2.7317
2.71989
2.7107
2.70248
2.69394
2.6824
2.66287
2.63466
2.60978
2.5985
2.59179
2.58514
2.57519
2.55857
2.53247
2.50061
2.47008
2.45529
2.4437
5.39682
5.18059
4.98239
4.79147
4.60021
4.41647
4.25911
4.10493
3.95275
3.79496
3.66432
3.53765
3.41333
3.28836
3.17078
3.0788
2.97426
2.88091
2.77523
2.69553
2.6224
2.53999
2.4654
2.37875
2.32438
2.26232
2.20102
2.1388
2.07597
2.03504
1.98389
1.93972
1.89005
1.84646
1.80577
1.75815
1.71893
1.67783
1.6464
1.60975
1.57408
1.53585
1.5084
1.49268
1.4727
1.4483
1.41893
1.3945
1.37124
1.34895
1.32867
1.30596
1.27639
1.24457
1.22371
1.21876
1.21369
1.20456
1.19459
1.18218
1.16562
1.14694
1.12602
1.09897
1.07612
1.06728
1.06172
1.05638
1.05135
1.04559
1.038
1.02744
1.01681
1.0065
0.993756
0.971311
0.942525
0.933454
0.943574
1.12581
1.65186
2.16152
2.25723
2.23623
2.1855
2.12291
2.0958
2.08272
2.08961
2.11647
2.12011
2.10924
2.10016
2.09261
2.09352
2.10448
2.14449
2.2166
2.29094
2.35596
2.3953
2.40496
2.40875
2.41206
2.4151
2.40751
2.40487
2.42225
2.42609
2.41028
2.38478
2.34769
2.30661
2.2825
2.27114
2.2673
2.27321
2.30069
2.31503
2.30869
2.2936
2.26132
2.21023
2.18284
2.17441
2.16774
2.16374
2.17298
2.19565
2.1982
2.18843
2.17828
2.14079
2.14601
2.24832
2.5252
2.86943
3.16287
3.38152
3.44531
3.46649
3.44852
3.40096
3.33509
3.28612
3.27323
3.27132
3.28018
3.2816
3.27119
3.25839
3.23484
3.18894
3.1326
3.10208
3.09114
3.08437
3.07953
3.07113
3.05963
3.04314
3.01312
2.96773
2.93224
2.91995
2.9146
2.91299
2.90872
2.8993
2.88615
2.86152
2.81911
2.77245
2.74308
2.72899
2.72083
2.71518
2.71085
2.70525
2.69593
2.67712
2.6479
2.62045
2.60088
2.58638
2.573
2.55865
2.54261
2.52464
2.50136
2.48058
2.46212
5.5084
5.29075
5.08517
4.88315
4.68732
4.51597
4.35083
4.18585
4.02302
3.88395
3.75815
3.62291
3.49332
3.3615
3.26673
3.16363
3.06041
2.95611
2.85441
2.78424
2.69781
2.6197
2.53182
2.45895
2.40129
2.3312
2.27086
2.19689
2.14762
2.09919
2.04591
1.99851
1.94293
1.90207
1.85416
1.80987
1.76803
1.7288
1.69528
1.6547
1.62083
1.58397
1.56429
1.54456
1.5202
1.48948
1.45901
1.43455
1.41192
1.38725
1.36076
1.33218
1.30542
1.28238
1.26861
1.26401
1.25604
1.24224
1.22385
1.20865
1.1936
1.17626
1.15248
1.12135
1.10552
1.09841
1.09091
1.08637
1.08252
1.07667
1.06885
1.05855
1.04645
1.03194
1.01022
0.981197
0.969414
0.976067
1.12859
1.67415
2.18163
2.33288
2.31353
2.2687
2.20159
2.15386
2.14259
2.13727
2.14278
2.1413
2.12209
2.1016
2.07473
2.05399
2.04593
2.04666
2.05266
2.06484
2.10432
2.13278
2.14966
2.16725
2.19156
2.22508
2.26369
2.30641
2.35661
2.40889
2.41974
2.4108
2.38929
2.35397
2.30498
2.27542
2.26373
2.25907
2.28315
2.32599
2.33074
2.32087
2.30695
2.28043
2.23007
2.18357
2.16753
2.15976
2.15549
2.16896
2.20377
2.21348
2.20532
2.19338
2.17675
2.13088
2.09998
2.12544
2.27449
2.57167
2.96362
3.26158
3.3866
3.44919
3.45784
3.41762
3.34684
3.29474
3.27881
3.27553
3.28784
3.29955
3.29638
3.28439
3.25801
3.20122
3.1342
3.10459
3.09445
3.08862
3.08626
3.07917
3.06975
3.05633
3.02815
2.98335
2.94909
2.93656
2.92906
2.92043
2.90935
2.89561
2.87686
2.8489
2.81164
2.77647
2.75607
2.74583
2.73869
2.7321
2.72517
2.71664
2.70272
2.67885
2.6476
2.61863
2.59576
2.5777
2.5631
2.55121
2.54077
2.52905
2.51581
2.49054
5.66515
5.42666
5.21382
5.00087
4.80174
4.63134
4.46169
4.2899
4.12243
3.99117
3.85543
3.72411
3.58182
3.46387
3.36172
3.24945
3.14877
3.03189
2.94898
2.86439
2.77479
2.69332
2.60036
2.54066
2.47022
2.40223
2.33218
2.2633
2.21795
2.16007
2.1091
2.04965
1.99913
1.95606
1.9053
1.86521
1.81864
1.783
1.74405
1.70449
1.67079
1.63901
1.61998
1.59348
1.56493
1.52979
1.49963
1.47543
1.45278
1.4256
1.39582
1.36535
1.34312
1.3232
1.3122
1.30629
1.29488
1.27967
1.25995
1.23852
1.21861
1.19872
1.17284
1.14798
1.13956
1.13395
1.12677
1.12019
1.11335
1.1043
1.09304
1.08053
1.06896
1.05359
1.0265
1.00213
1.00619
1.12651
1.66574
2.23381
2.40781
2.39159
2.34311
2.28093
2.23488
2.21934
2.21029
2.21097
2.20648
2.18456
2.15281
2.11406
2.07651
2.05818
2.04922
2.04947
2.06318
2.06751
2.04969
2.01858
1.983
1.97383
1.97839
2.00078
2.04839
2.11871
2.20534
2.30152
2.34524
2.34632
2.33995
2.32107
2.2938
2.27042
2.265
2.27019
2.3046
2.34147
2.33815
2.32658
2.31229
2.28993
2.25291
2.206
2.17351
2.16221
2.15909
2.17099
2.20572
2.22001
2.21295
2.2038
2.193
2.16949
2.12705
2.08695
2.08577
2.13009
2.32736
2.6906
3.03111
3.29771
3.41958
3.42659
3.41646
3.37027
3.31559
3.29671
3.30078
3.31953
3.32641
3.31767
3.30038
3.26111
3.18946
3.13499
3.12018
3.11261
3.10874
3.1036
3.09489
3.08544
3.06984
3.0383
2.99586
2.96662
2.95098
2.93745
2.92235
2.90534
2.88714
2.86789
2.84674
2.82423
2.80348
2.7864
2.77203
2.75892
2.74656
2.73341
2.71621
2.69214
2.66273
2.63466
2.61274
2.59638
2.5835
2.57308
2.56365
2.55424
2.54473
2.52047
5.81718
5.61199
5.37305
5.14527
4.94676
4.76533
4.58559
4.39821
4.24429
4.10528
3.96126
3.81693
3.67496
3.56967
3.45154
3.34102
3.22221
3.11746
3.03554
2.93749
2.85394
2.75566
2.68003
2.61527
2.53734
2.47191
2.39083
2.33694
2.28284
2.22279
2.16756
2.10231
2.05943
2.00985
1.96324
1.91833
1.87227
1.83742
1.79375
1.75915
1.7229
1.69716
1.67179
1.63858
1.60541
1.5685
1.54262
1.51786
1.49316
1.46021
1.42745
1.40206
1.38593
1.3687
1.35819
1.3479
1.3316
1.30804
1.28673
1.26879
1.25027
1.22688
1.19442
1.17708
1.17229
1.16556
1.15868
1.15345
1.14669
1.13631
1.12339
1.10863
1.08835
1.06286
1.03886
1.0412
1.1519
1.65875
2.28851
2.48843
2.47063
2.41954
2.34984
2.3076
2.29053
2.28852
2.29697
2.29053
2.27213
2.24604
2.19529
2.13435
2.11201
2.09999
2.09577
2.101
2.09901
2.0854
2.07048
2.0482
2.00626
1.96931
1.95154
1.94519
1.94687
1.9645
2.00049
2.03935
2.06793
2.08789
2.11561
2.14988
2.18545
2.2127
2.22337
2.24626
2.27316
2.29548
2.31367
2.31429
2.30753
2.29093
2.26702
2.24216
2.21522
2.19429
2.18344
2.18098
2.18964
2.20521
2.20572
2.19783
2.1898
2.18215
2.16575
2.13634
2.10351
2.08619
2.0923
2.17429
2.40136
2.72747
3.09462
3.30285
3.3752
3.42027
3.38928
3.34194
3.34343
3.34896
3.34871
3.33499
3.32205
3.29955
3.24941
3.18662
3.15937
3.15036
3.14337
3.13454
3.12432
3.11449
3.10164
3.07907
3.04154
3.0017
2.97769
2.9619
2.94542
2.92641
2.90727
2.89027
2.87546
2.86156
2.84642
2.82966
2.81247
2.79482
2.77596
2.75515
2.73126
2.70374
2.67384
2.64739
2.63074
2.62045
2.61241
2.6052
2.59716
2.58749
2.57539
2.54583
5.70483
5.75407
5.55749
5.30792
5.10451
4.91183
4.71502
4.523
4.37363
4.21888
4.06822
3.90601
3.78395
3.6672
3.54284
3.42459
3.29929
3.21346
3.11417
3.01763
2.92336
2.82602
2.76357
2.68366
2.61061
2.53365
2.45931
2.40965
2.34473
2.28788
2.22059
2.16416
2.12017
2.06701
2.02376
1.97007
1.93061
1.89103
1.84851
1.81455
1.77795
1.75284
1.71816
1.68241
1.64472
1.61222
1.58731
1.56072
1.53265
1.49478
1.46642
1.44687
1.43149
1.41333
1.40174
1.38712
1.36681
1.34161
1.31704
1.29662
1.27718
1.25241
1.22341
1.21521
1.21026
1.2026
1.19325
1.1844
1.17393
1.16045
1.14664
1.1316
1.10827
1.07613
1.07461
1.18187
1.68186
2.32593
2.57622
2.56539
2.51887
2.43305
2.37608
2.35305
2.34295
2.35489
2.36407
2.34791
2.32734
2.29891
2.24568
2.18614
2.16047
2.14822
2.14354
2.14305
2.13159
2.11704
2.10189
2.08364
2.05745
2.02437
1.99112
1.96708
1.9541
1.94767
1.93957
1.93666
1.93814
1.94446
1.95863
1.97381
1.99392
2.03253
2.08022
2.12116
2.15874
2.18662
2.20429
2.22387
2.2524
2.26198
2.25912
2.25951
2.26133
2.24827
2.22216
2.19585
2.18201
2.17513
2.17376
2.179
2.18243
2.18208
2.18008
2.17441
2.16004
2.127
2.08797
2.07779
2.09389
2.1781
2.41186
2.77888
3.08509
3.31567
3.39138
3.38087
3.39757
3.38987
3.37434
3.35186
3.33697
3.3222
3.29195
3.24696
3.21065
3.19394
3.18366
3.17208
3.16034
3.14961
3.13738
3.11782
3.08148
3.03253
2.99964
2.98413
2.97093
2.9566
2.94377
2.931
2.91549
2.8965
2.87548
2.8552
2.83776
2.82155
2.8039
2.78321
2.75888
2.73036
2.69619
2.66595
2.652
2.64539
2.63999
2.63528
2.62968
2.62255
2.6119
2.57497
4.65348
5.72721
5.69578
5.47944
5.26384
5.06199
4.84698
4.66554
4.50351
4.33989
4.16993
4.0104
3.895
3.76264
3.63934
3.50088
3.39617
3.30295
3.19425
3.10119
2.98957
2.91479
2.84016
2.75448
2.68279
2.59352
2.5377
2.47693
2.40981
2.34955
2.2762
2.23155
2.18004
2.12996
2.08032
2.02626
1.99024
1.94514
1.90767
1.86774
1.83455
1.80297
1.76166
1.7254
1.68609
1.65986
1.63207
1.60352
1.56957
1.53201
1.51115
1.49395
1.4777
1.45899
1.4433
1.42264
1.39712
1.3696
1.34897
1.32959
1.30749
1.27641
1.25566
1.25126
1.2456
1.23682
1.22818
1.21867
1.20563
1.1894
1.17144
1.14673
1.11512
1.11053
1.21069
1.726
2.36355
2.65756
2.65014
2.60705
2.5399
2.45821
2.41791
2.39968
2.39273
2.4089
2.41087
2.39283
2.37414
2.34727
2.30078
2.24908
2.21473
2.19415
2.18242
2.17383
2.15935
2.145
2.13086
2.11593
2.10144
2.08601
2.06713
2.04289
2.00756
1.96336
1.94131
1.93251
1.9295
1.9267
1.92602
1.93953
1.94294
1.93155
1.92544
1.92274
1.93081
1.95227
1.98251
2.0211
2.07122
2.13051
2.18693
2.21739
2.23796
2.24374
2.23459
2.21164
2.18112
2.15914
2.15057
2.15182
2.16658
2.1849
2.20141
2.2008
2.19111
2.17047
2.13107
2.08191
2.06517
2.06297
2.08028
2.19581
2.45531
2.79987
3.17465
3.31676
3.37079
3.41434
3.40435
3.37742
3.35732
3.34008
3.31303
3.28674
3.26453
3.24413
3.22618
3.21014
3.19584
3.18399
3.17235
3.15485
3.12048
3.0683
3.02369
3.0033
2.99441
2.9893
2.9842
2.97644
2.96357
2.94261
2.91052
2.87221
2.84626
2.83195
2.81981
2.80636
2.79059
2.77088
2.74262
2.70667
2.67872
2.66833
2.6627
2.65863
2.65481
2.64939
2.64127
2.6029
2.45853
4.95048
5.71286
5.62911
5.42482
5.20349
4.98388
4.81233
4.638
4.46558
4.27412
4.13722
4.00626
3.86855
3.72963
3.5913
3.50111
3.38966
3.28606
3.17459
3.07428
3.00509
2.91343
2.83516
2.74645
2.66955
2.61458
2.54072
2.47916
2.40506
2.34483
2.29938
2.24176
2.19452
2.13366
2.08933
2.04907
2.00349
1.96545
1.92066
1.88879
1.84827
1.80737
1.7682
1.73419
1.7085
1.67624
1.64611
1.60555
1.5785
1.56064
1.54218
1.52257
1.50212
1.48204
1.4564
1.4294
1.40316
1.38153
1.35994
1.33656
1.30762
1.29627
1.29196
1.28412
1.27257
1.2594
1.24583
1.23078
1.21402
1.19482
1.16389
1.14745
1.22666
1.75881
2.40115
2.69857
2.73205
2.70209
2.64811
2.5768
2.5018
2.4658
2.44724
2.44002
2.45408
2.45124
2.43102
2.41109
2.382
2.34249
2.31281
2.29022
2.26886
2.24369
2.21349
2.18823
2.17074
2.15418
2.14123
2.13269
2.12793
2.11794
2.10094
2.07368
2.02689
1.98257
1.96343
1.95144
1.94214
1.93537
1.93532
1.94039
1.93826
1.93332
1.9174
1.86953
1.84609
1.84414
1.85208
1.87613
1.9192
1.98036
2.05245
2.12817
2.1752
2.18155
2.17697
2.16268
2.1305
2.11216
2.113
2.13226
2.17504
2.2046
2.20756
2.20062
2.18627
2.16159
2.12164
2.07817
2.05831
2.0576
2.06458
2.1069
2.23827
2.52555
2.87861
3.12424
3.32723
3.36701
3.35143
3.36018
3.36162
3.34616
3.3288
3.31406
3.29784
3.27613
3.25197
3.23035
3.21311
3.19822
3.17965
3.15041
3.10846
3.06173
3.03098
3.02173
3.01847
3.01805
3.01524
3.00421
2.98779
2.95762
2.90403
2.85398
2.83647
2.83024
2.82524
2.81772
2.80695
2.79202
2.76742
2.72814
2.69301
2.68101
2.67506
2.6699
2.66405
2.655
2.61941
1.47577
2.786
5.15209
5.70169
5.59768
5.36143
5.13519
4.95868
4.78224
4.58883
4.40521
4.27468
4.12413
3.98418
3.82174
3.70746
3.60444
3.48534
3.37728
3.25172
3.17548
3.08876
2.99529
2.91272
2.81413
2.75596
2.68504
2.611
2.54475
2.46502
2.41998
2.36381
2.30817
2.25389
2.19197
2.15421
2.10664
2.06443
2.01814
1.97527
1.93928
1.89362
1.85566
1.81388
1.7864
1.7556
1.72146
1.68717
1.64821
1.63022
1.60989
1.58946
1.56643
1.54298
1.51711
1.48882
1.46114
1.43773
1.4166
1.39275
1.36667
1.34303
1.33628
1.33081
1.32062
1.30797
1.29319
1.27563
1.25656
1.2357
1.20686
1.19125
1.26703
1.75852
2.47301
2.75943
2.8132
2.79362
2.74831
2.68911
2.61825
2.55787
2.53018
2.51365
2.50518
2.50795
2.49126
2.46653
2.44047
2.40519
2.37625
2.36232
2.35346
2.33935
2.31434
2.27526
2.22536
2.1931
2.17752
2.16459
2.15615
2.15743
2.15877
2.14694
2.12784
2.09151
2.02935
1.99457
1.9826
1.97435
1.97203
1.97443
1.97057
1.96176
1.95034
1.93501
1.90553
1.8584
1.8342
1.82649
1.82302
1.82501
1.8412
1.87053
1.9038
1.93695
1.96195
1.98912
2.01229
2.02778
2.04155
2.05609
2.07423
2.10032
2.12878
2.1557
2.17063
2.17212
2.16293
2.13908
2.10588
2.08628
2.07795
2.07503
2.07948
2.08908
2.12845
2.26107
2.48753
2.79537
3.12568
3.25408
3.31145
3.36868
3.39484
3.38079
3.36893
3.35324
3.32944
3.30043
3.26956
3.24052
3.21701
3.19504
3.17092
3.14306
3.1115
3.07794
3.05269
3.04457
3.04186
3.0407
3.03206
3.01882
2.99684
2.9518
2.88817
2.85462
2.84618
2.84141
2.83966
2.83293
2.82478
2.81391
2.78934
2.74567
2.70597
2.68755
2.67806
2.66849
2.65736
2.62847
1.40058
1.53559
3.09171
5.28232
5.68889
5.55708
5.31691
5.11914
4.93286
4.71645
4.55859
4.41058
4.25622
4.09786
3.93436
3.83361
3.7087
3.59197
3.46041
3.35215
3.27512
3.17175
3.08477
2.98042
2.9016
2.83903
2.75486
2.68742
2.60296
2.54161
2.49301
2.42799
2.3756
2.30717
2.25922
2.21718
2.16618
2.12318
2.06852
2.03029
1.9876
1.94425
1.90456
1.86615
1.83879
1.80188
1.76857
1.7279
1.701
1.68259
1.65836
1.63497
1.60715
1.58098
1.55112
1.52363
1.49773
1.47468
1.44997
1.42479
1.40159
1.38526
1.37941
1.37119
1.3576
1.33897
1.32062
1.30163
1.28191
1.25991
1.23977
1.31943
1.82924
2.52859
2.85669
2.88238
2.86521
2.82921
2.7731
2.7089
2.66097
2.63413
2.62024
2.61584
2.59726
2.56494
2.53004
2.49136
2.44912
2.42868
2.41477
2.40822
2.40911
2.39897
2.37875
2.34453
2.27975
2.22792
2.20956
2.19727
2.1897
2.19309
2.19636
2.18442
2.16938
2.14942
2.10527
2.04097
2.0129
2.00196
1.99517
1.99874
2.00209
1.99506
1.9859
1.97566
1.96175
1.93322
1.87746
1.83427
1.82483
1.82252
1.82484
1.82884
1.83181
1.83831
1.84607
1.85058
1.85421
1.85802
1.8654
1.88716
1.92699
1.96696
2.00178
2.03317
2.06149
2.09179
2.1082
2.10777
2.09673
2.09199
2.09699
2.10337
2.09759
2.08562
2.07363
2.07282
2.0998
2.19664
2.44064
2.7889
3.03294
3.25735
3.37482
3.37408
3.40726
3.40769
3.38991
3.35735
3.31874
3.27436
3.23644
3.21036
3.19109
3.17444
3.15648
3.1328
3.10208
3.07491
3.06358
3.0577
3.04983
3.03794
3.0205
2.99138
2.94647
2.89951
2.87401
2.86542
2.85859
2.85168
2.84563
2.83861
2.82701
2.80199
2.75887
2.71544
2.69068
2.67453
2.65984
2.63733
1.40001
1.40146
1.60988
3.35606
5.3511
5.6775
5.53146
5.31296
5.08371
4.86414
4.71387
4.55059
4.39524
4.20549
4.07336
3.95922
3.82321
3.69903
3.55274
3.46717
3.36992
3.26618
3.16775
3.05898
2.99795
2.91601
2.83489
2.75855
2.67133
2.62462
2.56069
2.49814
2.43663
2.36825
2.32926
2.27677
2.22818
2.1754
2.1232
2.08581
2.03825
1.99946
1.95488
1.92225
1.88922
1.85037
1.81558
1.77556
1.75643
1.73219
1.70573
1.67694
1.64599
1.61752
1.58683
1.56138
1.5356
1.5119
1.48496
1.46073
1.44018
1.42893
1.4217
1.4092
1.39266
1.371
1.3481
1.32593
1.30366
1.28982
1.37884
1.93484
2.6305
2.9509
2.98513
2.95849
2.91426
2.85789
2.78637
2.73572
2.71394
2.70704
2.71064
2.70117
2.67671
2.64131
2.5794
2.50737
2.47303
2.45628
2.4445
2.44363
2.44997
2.43853
2.41986
2.39716
2.35186
2.28251
2.24886
2.23525
2.22466
2.22084
2.22028
2.21133
2.19995
2.18736
2.16759
2.12457
2.07467
2.05141
2.03955
2.03114
2.02457
2.02003
2.01479
2.00606
1.99618
1.98358
1.95877
1.91313
1.87257
1.85174
1.83904
1.83123
1.82807
1.82743
1.82569
1.82357
1.82666
1.82753
1.81079
1.7866
1.78409
1.79202
1.81311
1.8456
1.88205
1.92321
1.96131
1.99159
2.02131
2.04699
2.07059
2.08146
2.08136
2.07726
2.06749
2.05939
2.04715
2.04425
2.06663
2.18348
2.4332
2.768
3.14554
3.2966
3.35225
3.41341
3.41877
3.40441
3.36644
3.31038
3.26349
3.23054
3.2118
3.2008
3.1932
3.18074
3.15803
3.12781
3.09976
3.07866
3.06349
3.0496
3.03362
3.01353
2.98784
2.95693
2.92452
2.89941
2.88321
2.87084
2.86097
2.85394
2.84647
2.83342
2.80507
2.75831
2.71436
2.6874
2.67231
2.65735
1.40001
1.40001
1.40307
1.69383
3.56187
5.39778
5.64425
5.51903
5.2628
5.03509
4.87046
4.70663
4.52574
4.33338
4.22168
4.08111
3.949
3.80039
3.66791
3.58396
3.46939
3.36801
3.24531
3.16035
3.09052
2.99583
2.92013
2.8229
2.75901
2.70411
2.62951
2.57082
2.49325
2.44182
2.39613
2.33771
2.28906
2.22528
2.18387
2.14144
2.09522
2.05488
2.00908
1.97857
1.93864
1.90211
1.86186
1.8311
1.80978
1.77975
1.75099
1.71528
1.68498
1.65509
1.62687
1.60183
1.57476
1.54858
1.52131
1.501
1.48384
1.47458
1.46335
1.44588
1.42369
1.3985
1.37323
1.35282
1.34428
1.43237
1.99736
2.78903
3.08101
3.08597
3.03624
2.97937
2.92557
2.86301
2.81426
2.79007
2.77395
2.77355
2.77947
2.75985
2.73197
2.69859
2.63988
2.55492
2.51113
2.49476
2.48318
2.47971
2.48059
2.46745
2.44962
2.43208
2.40727
2.35731
2.30415
2.28402
2.27184
2.26029
2.24778
2.23574
2.22455
2.21308
2.20078
2.18181
2.14629
2.10827
2.08495
2.06937
2.05671
2.0459
2.03629
2.0282
2.02109
2.01325
2.00374
1.98385
1.94351
1.90728
1.888
1.87318
1.85873
1.84341
1.8318
1.82414
1.81953
1.81506
1.80787
1.78673
1.77286
1.76715
1.76017
1.75707
1.7581
1.76506
1.7926
1.82739
1.84999
1.87188
1.90333
1.93985
1.96826
2.00258
2.03467
2.0381
2.03341
2.01698
2.00296
2.00332
2.04087
2.18552
2.49518
2.88299
3.10983
3.30282
3.38617
3.383
3.34949
3.3297
3.30334
3.26453
3.24027
3.22985
3.22902
3.22088
3.20349
3.17924
3.14849
3.11729
3.09177
3.07005
3.04942
3.0296
3.01064
2.99199
2.97014
2.94521
2.92247
2.90217
2.884
2.86952
2.85847
2.84659
2.8256
2.7891
2.74684
2.7152
2.7017
2.68884
1.40001
1.40001
1.40001
1.4058
1.77415
3.73079
5.40958
5.61604
5.47887
5.23846
5.04776
4.87487
4.65322
4.49121
4.36337
4.21256
4.07709
3.90169
3.80163
3.70002
3.58052
3.46618
3.33797
3.26933
3.17957
3.08863
2.99742
2.90241
2.85243
2.77796
2.70713
2.63749
2.56094
2.51913
2.45973
2.40386
2.34448
2.28419
2.24801
2.1989
2.15684
2.10761
2.06777
2.03369
1.99069
1.95482
1.91177
1.88765
1.8593
1.8267
1.79207
1.75429
1.72622
1.69591
1.67064
1.64195
1.61363
1.58702
1.56297
1.54456
1.52958
1.51915
1.50267
1.47909
1.45303
1.42478
1.40014
1.391
1.49928
2.07834
2.85793
3.16332
3.18816
3.15862
3.09568
3.02832
2.96612
2.90722
2.87083
2.8477
2.82906
2.81832
2.81633
2.80181
2.77561
2.74796
2.71175
2.64962
2.57777
2.54601
2.52952
2.51773
2.50916
2.49638
2.47944
2.46191
2.44379
2.41759
2.37267
2.33327
2.31401
2.29636
2.27963
2.26487
2.25133
2.23902
2.22914
2.21975
2.20614
2.17926
2.13999
2.10847
2.08918
2.07512
2.06341
2.05313
2.04438
2.03833
2.03212
2.02308
2.0028
1.96241
1.93047
1.91495
1.90266
1.89009
1.8776
1.86542
1.85246
1.8374
1.82142
1.80037
1.77827
1.76522
1.75463
1.74936
1.75067
1.75102
1.7467
1.74156
1.73567
1.73299
1.73541
1.74706
1.7711
1.80386
1.84705
1.90892
1.96289
1.98113
1.98531
1.96681
1.9617
1.9806
2.04104
2.21446
2.48892
2.78132
3.13528
3.26543
3.28127
3.32004
3.32734
3.29538
3.26869
3.27462
3.28234
3.26992
3.24301
3.21359
3.18242
3.1498
3.1206
3.09669
3.07599
3.05645
3.03637
3.01626
2.99765
2.98005
2.96255
2.94409
2.92443
2.90369
2.88109
2.85696
2.8312
2.80315
2.77657
2.75645
2.74467
2.72709
1.40001
1.40001
1.40001
1.40002
1.40932
1.84389
3.85213
5.37734
5.60977
5.46418
5.25432
5.03725
4.80138
4.65832
4.50765
4.36332
4.19063
4.03097
3.94302
3.81353
3.69752
3.56213
3.45035
3.37819
3.27653
3.18614
3.07268
3.00251
2.9409
2.85554
2.78834
2.69972
2.6447
2.59401
2.52597
2.47177
2.39901
2.35412
2.31234
2.26134
2.21694
2.16184
2.1286
2.08766
2.04667
2.00493
1.96671
1.94189
1.90647
1.87263
1.83056
1.79785
1.77013
1.74096
1.71508
1.68083
1.6542
1.62916
1.60834
1.59038
1.57582
1.56191
1.53803
1.50925
1.47869
1.45062
1.44791
1.55858
2.17617
2.952
3.31091
3.31398
3.26982
3.21273
3.16116
3.10546
3.05054
2.99853
2.94593
2.90408
2.87712
2.85567
2.84212
2.83271
2.81401
2.79122
2.76792
2.73583
2.679
2.61759
2.5876
2.56954
2.55409
2.53781
2.51968
2.50229
2.48609
2.46996
2.44876
2.41275
2.36809
2.33369
2.3152
2.30132
2.28783
2.2754
2.26618
2.26049
2.2514
2.23589
2.2047
2.15494
2.12049
2.10434
2.09289
2.08264
2.07338
2.06632
2.06008
2.05145
2.0394
2.01373
1.97177
1.94432
1.93117
1.92238
1.91452
1.90632
1.897
1.88589
1.87108
1.84575
1.80318
1.77137
1.7628
1.759
1.7585
1.75547
1.74894
1.74394
1.73985
1.72731
1.6956
1.67597
1.67233
1.67629
1.68988
1.72008
1.76415
1.80854
1.85616
1.89834
1.90445
1.88931
1.8898
1.91045
1.97597
2.12351
2.39638
2.78982
3.01191
3.19303
3.30514
3.27841
3.28253
3.31655
3.32744
3.30967
3.28428
3.2608
3.22091
3.16737
3.12929
3.1113
3.09982
3.08684
3.07213
3.05367
3.03036
3.00621
2.98604
2.96974
2.95612
2.94129
2.91854
2.8852
2.84828
2.81769
2.80199
2.79142
2.78383
2.76683
1.40001
1.40001
1.40001
1.40001
1.40004
1.41263
1.91435
3.88327
5.3874
5.57712
5.46564
5.22854
4.97633
4.82594
4.6737
4.51866
4.30692
4.18829
4.07477
3.93651
3.81797
3.6601
3.57577
3.48877
3.38352
3.27845
3.16392
3.10644
3.02662
2.9456
2.86211
2.77741
2.73329
2.6647
2.60023
2.53538
2.46547
2.42915
2.37656
2.32788
2.27302
2.2235
2.18953
2.14331
2.10333
2.05434
2.02405
1.99291
1.95427
1.91624
1.8727
1.84638
1.8169
1.78914
1.75678
1.72137
1.69881
1.67545
1.65598
1.6366
1.62076
1.5991
1.56927
1.53717
1.50628
1.49996
1.63902
2.29915
3.0992
3.39086
3.39176
3.34825
3.28487
3.23843
3.20271
3.16708
3.13295
3.0979
3.0529
2.99237
2.93836
2.90809
2.88299
2.86152
2.84695
2.83004
2.80937
2.78759
2.75817
2.70836
2.65296
2.62153
2.60217
2.58391
2.56509
2.54722
2.53189
2.51958
2.50485
2.48235
2.44104
2.38254
2.34873
2.33313
2.32019
2.30866
2.30124
2.30004
2.29502
2.28261
2.26396
2.22375
2.15993
2.12749
2.11601
2.10694
2.09953
2.09547
2.09117
2.08243
2.07191
2.05634
2.02277
1.97445
1.95187
1.94264
1.93512
1.9287
1.92163
1.91428
1.9062
1.89399
1.87008
1.82579
1.78882
1.77515
1.76776
1.76112
1.75817
1.75699
1.75206
1.74316
1.72322
1.68666
1.66452
1.65802
1.6551
1.65488
1.66179
1.67597
1.6918
1.7167
1.73263
1.73883
1.74648
1.76272
1.77957
1.81182
1.88466
2.06789
2.36173
2.66456
3.0408
3.19827
3.22776
3.2732
3.3126
3.33186
3.33166
3.31371
3.26533
3.19864
3.14095
3.11576
3.11104
3.10944
3.10639
3.09683
3.07854
3.05165
3.01419
2.98317
2.97224
2.96315
2.94511
2.91798
2.88593
2.85711
2.83672
2.82118
2.81189
2.79509
1.40001
1.40001
1.40001
1.40001
1.40001
1.40005
1.4175
1.94068
3.91858
5.38685
5.53122
5.41614
5.18178
5.00726
4.85384
4.65511
4.45313
4.34647
4.20715
4.07943
3.92491
3.78171
3.71078
3.59808
3.49253
3.37078
3.27135
3.20997
3.12082
3.0389
2.93463
2.87324
2.81849
2.74032
2.67874
2.59623
2.54734
2.50394
2.44379
2.39484
2.33025
2.2907
2.24989
2.20296
2.15749
2.10888
2.08121
2.04269
2.00415
1.95815
1.9228
1.89783
1.86623
1.83735
1.79579
1.76779
1.74705
1.72446
1.70328
1.68152
1.66149
1.63188
1.59801
1.56258
1.56542
1.72445
2.46132
3.22454
3.54315
3.55022
3.49281
3.41484
3.33806
3.28044
3.24697
3.22049
3.20578
3.18639
3.15181
3.10323
3.02773
2.96526
2.93347
2.90745
2.88522
2.86952
2.85436
2.83613
2.81562
2.78832
2.7407
2.67814
2.64382
2.62426
2.60644
2.5896
2.57691
2.57108
2.56116
2.54231
2.51415
2.45784
2.38698
2.35728
2.34386
2.33337
2.32767
2.32938
2.32824
2.31819
2.30579
2.28764
2.2452
2.17805
2.14376
2.13187
2.12283
2.11658
2.11416
2.10804
2.09916
2.08932
2.07263
2.03461
1.98524
1.96146
1.9506
1.94193
1.9342
1.92716
1.92073
1.91494
1.90599
1.88337
1.84637
1.81949
1.8026
1.78701
1.7762
1.76933
1.76347
1.75745
1.74949
1.73066
1.68897
1.65759
1.65193
1.6508
1.65274
1.65246
1.64917
1.64854
1.65015
1.64784
1.6408
1.63925
1.64531
1.6603
1.68342
1.72558
1.81287
1.97274
2.25609
2.70123
2.96978
3.12491
3.26954
3.29232
3.28579
3.28654
3.28027
3.23881
3.1842
3.13791
3.12213
3.12135
3.12358
3.11769
3.10434
3.08898
3.06484
3.02611
2.98041
2.95349
2.94101
2.92882
2.91247
2.89714
2.88121
2.8605
2.83989
2.8143
1.40001
1.40001
1.40001
1.40001
1.40001
1.40001
1.40008
1.41969
1.94777
3.94934
5.27423
5.53855
5.41256
5.21061
5.0313
4.79499
4.62412
4.50501
4.36314
4.2244
4.02939
3.93146
3.83945
3.71284
3.60805
3.46749
3.38809
3.31592
3.22329
3.12707
3.0224
2.97233
2.90188
2.82794
2.75149
2.67222
2.63504
2.57521
2.51665
2.45814
2.39607
2.36117
2.31133
2.2649
2.21046
2.16925
2.1381
2.09555
2.05453
2.00438
1.97854
1.95001
1.9176
1.88193
1.83853
1.81949
1.79703
1.77383
1.74831
1.72436
1.69713
1.66206
1.62566
1.6302
1.83502
2.62109
3.44224
3.68176
3.6699
3.62045
3.55256
3.46415
3.3797
3.33118
3.29966
3.28241
3.28131
3.2647
3.23229
3.19507
3.13626
3.05025
2.9943
2.96519
2.94037
2.91995
2.90944
2.90056
2.8813
2.85661
2.82239
2.75782
2.68618
2.65651
2.64009
2.62647
2.61999
2.62154
2.61171
2.5935
2.57339
2.54129
2.47452
2.40113
2.37254
2.35974
2.35071
2.34852
2.34874
2.34089
2.33126
2.31997
2.30141
2.2587
2.19712
2.16498
2.15207
2.14237
2.13516
2.127
2.11792
2.10963
2.10043
2.08279
2.04704
2.00722
1.98516
1.97043
1.95625
1.94223
1.9301
1.92094
1.91445
1.90767
1.89049
1.86376
1.84243
1.82591
1.81016
1.79467
1.78139
1.77257
1.76555
1.75629
1.73456
1.70035
1.67959
1.66942
1.65991
1.65071
1.64489
1.64064
1.63354
1.6265
1.62361
1.61695
1.60589
1.60204
1.60032
1.60045
1.61228
1.64068
1.69723
1.86902
2.19437
2.50116
2.91147
3.11892
3.15732
3.21216
3.25227
3.25059
3.23155
3.1879
3.16775
3.15793
3.14178
3.12634
3.11998
3.11625
3.10486
3.07106
3.01469
2.96454
2.93871
2.92386
2.91614
2.912
2.90646
2.8977
2.88242
2.84538
1.40001
1.40001
1.40001
1.40001
1.40001
1.40001
1.40001
1.4001
1.41919
1.97847
3.8032
5.29958
5.50711
5.41924
5.23128
4.9553
4.79894
4.67002
4.53239
4.34756
4.16505
4.08665
3.9661
3.84732
3.7167
3.57604
3.5152
3.42358
3.3262
3.21567
3.12344
3.07137
2.9939
2.91912
2.82102
2.76453
2.71958
2.64983
2.5937
2.51918
2.47278
2.43171
2.37514
2.3271
2.26758
2.23362
2.19588
2.15212
2.10413
2.05955
2.03653
2.0034
1.96965
1.92273
1.89045
1.87316
1.84727
1.8219
1.79134
1.7628
1.73009
1.6906
1.70152
1.96498
2.84572
3.55045
3.81309
3.83206
3.78047
3.70761
3.63837
3.53975
3.44257
3.39611
3.36544
3.35263
3.35432
3.33518
3.30283
3.26819
3.22366
3.14916
3.06466
3.02165
2.99726
2.97824
2.97002
2.96637
2.94673
2.92177
2.89427
2.85154
2.77358
2.70154
2.67501
2.66032
2.65258
2.6544
2.64772
2.63253
2.61627
2.59725
2.56434
2.50111
2.43318
2.4026
2.38823
2.37696
2.36815
2.35901
2.34768
2.33673
2.32566
2.30805
2.26865
2.21525
2.18596
2.17224
2.15984
2.14626
2.13204
2.11974
2.11005
2.10072
2.08303
2.05054
2.02564
2.01187
1.99894
1.98349
1.9646
1.94398
1.926
1.91271
1.90198
1.88785
1.87085
1.8581
1.84657
1.83227
1.81449
1.79695
1.78332
1.77157
1.75666
1.73332
1.71449
1.70553
1.69682
1.6865
1.67345
1.65542
1.63731
1.62469
1.61291
1.6015
1.59467
1.59078
1.5912
1.59394
1.59212
1.5856
1.57445
1.57773
1.62106
1.73203
1.9868
2.43326
2.75817
2.95666
3.16722
3.21208
3.19154
3.21231
3.22371
3.20624
3.17798
3.15113
3.1172
3.09596
3.07953
3.065
3.03846
2.9962
2.95705
2.93862
2.93128
2.92543
2.9219
2.91887
2.91373
2.88255
1.40001
1.40001
1.40001
1.40001
1.40001
1.40001
1.40001
1.40001
1.40009
1.42246
1.91567
3.76133
5.27239
5.44355
5.39364
5.17615
4.98654
4.8364
4.68896
4.47347
4.33149
4.23813
4.10585
3.98736
3.81415
3.71295
3.64379
3.53117
3.43439
3.31229
3.23286
3.17331
3.0928
3.0042
2.90369
2.86047
2.80268
2.73514
2.66561
2.58943
2.55425
2.50063
2.44482
2.38867
2.33218
2.30115
2.25584
2.2111
2.15669
2.12179
2.09575
2.05908
2.01984
1.96804
1.94742
1.92657
1.89817
1.86725
1.83134
1.79913
1.76123
1.78012
2.12018
3.06803
3.81428
3.98267
3.94457
3.89443
3.84699
3.79555
3.73251
3.64594
3.54343
3.47788
3.44039
3.41868
3.41218
3.39015
3.35871
3.3264
3.29135
3.24387
3.17137
3.09838
3.06223
3.04062
3.02623
3.01653
2.9965
2.97267
2.94891
2.92222
2.87961
2.80712
2.73953
2.71095
2.69463
2.68218
2.67225
2.65769
2.64223
2.62689
2.60975
2.58146
2.5311
2.47235
2.43993
2.42164
2.40442
2.3863
2.36827
2.35299
2.34108
2.33036
2.31402
2.27706
2.23669
2.2179
2.2044
2.18921
2.17102
2.15061
2.1304
2.11134
2.0907
2.06648
2.0467
2.03711
2.02992
2.02176
2.0112
1.99606
1.97368
1.94254
1.91022
1.8898
1.88037
1.87457
1.86895
1.8615
1.85126
1.83785
1.81946
1.79659
1.77177
1.74987
1.73571
1.72844
1.72269
1.71655
1.70904
1.6982
1.68173
1.65837
1.6269
1.59858
1.58912
1.58747
1.58985
1.5945
1.59244
1.58634
1.58196
1.57586
1.55236
1.53669
1.55195
1.65162
1.92065
2.23984
2.67772
2.98375
3.05847
3.12723
3.18806
3.21589
3.21612
3.19624
3.13966
3.09812
3.07215
3.04676
3.02701
3.01237
2.99343
2.96615
2.94973
2.94455
2.94331
2.94958
2.94705
2.90852
1.40001
1.40001
1.40001
1.40001
1.40001
1.40001
1.40001
1.40001
1.40001
1.40012
1.41833
1.87241
3.70335
5.1117
5.46095
5.39924
5.19321
5.02039
4.84487
4.61536
4.50364
4.39252
4.26496
4.11006
3.92888
3.86401
3.7693
3.65437
3.54733
3.41019
3.34835
3.27911
3.19215
3.09002
2.99989
2.95609
2.88972
2.82229
2.73276
2.6747
2.63591
2.57236
2.51868
2.45039
2.40563
2.37059
2.3198
2.27219
2.21542
2.18755
2.15616
2.11669
2.06777
2.02221
2.00604
1.97975
1.94955
1.90837
1.86977
1.83546
1.86765
2.29461
3.39682
4.00426
4.10248
4.03717
3.97717
3.92476
3.89465
3.86005
3.81054
3.75519
3.68497
3.60449
3.5464
3.5104
3.48009
3.44746
3.41483
3.3835
3.35222
3.31999
3.27877
3.21383
3.14327
3.10474
3.08139
3.06012
3.03868
3.01611
2.99398
2.97269
2.94996
2.91499
2.85292
2.78273
2.74317
2.71983
2.69961
2.68075
2.6637
2.64846
2.63561
2.62229
2.60153
2.55855
2.50483
2.47191
2.45057
2.43011
2.40857
2.3868
2.36681
2.34951
2.33228
2.30663
2.26865
2.24827
2.23894
2.22917
2.21772
2.20342
2.18516
2.15912
2.11694
2.07013
2.05034
2.04315
2.03898
2.03773
2.03559
2.02976
2.01881
1.99899
1.96118
1.91009
1.88506
1.87811
1.87448
1.87223
1.86829
1.86269
1.85528
1.8417
1.81425
1.77255
1.74701
1.73821
1.73346
1.73038
1.72885
1.7261
1.72004
1.70811
1.6818
1.63648
1.60185
1.59293
1.59047
1.58829
1.58721
1.59044
1.58934
1.5835
1.57187
1.54991
1.52302
1.519
1.53319
1.5993
1.7963
2.18333
2.6507
2.84931
3.03446
3.17196
3.17689
3.16942
3.15605
3.13267
3.0923
3.05124
3.02271
3.0192
3.01309
2.99398
2.97555
2.96295
2.95587
2.94833
2.94381
2.91073
1.40001
1.40001
1.40001
1.40001
1.40001
1.40001
1.40001
1.40001
1.40001
1.40001
1.40009
1.41436
1.86433
3.45479
5.10201
5.44522
5.39516
5.23703
4.99607
4.76792
4.672
4.55082
4.41958
4.2246
4.08346
4.01365
3.89429
3.78677
3.64728
3.52769
3.47643
3.3874
3.29314
3.18195
3.1011
3.05376
2.9875
2.90668
2.80612
2.76505
2.71717
2.65408
2.59317
2.51818
2.48511
2.44117
2.38802
2.33556
2.28209
2.25576
2.21762
2.17422
2.11725
2.08406
2.06452
2.03525
1.99809
1.94801
1.91178
1.97742
2.53438
3.62613
4.33831
4.33818
4.24987
4.13711
4.07127
4.02314
3.98424
3.94221
3.89812
3.85549
3.8091
3.74819
3.66712
3.59601
3.55064
3.51414
3.48119
3.45159
3.42441
3.39715
3.36737
3.32787
3.26348
3.18348
3.13173
3.10222
3.07799
3.0556
3.03494
3.0168
3.0001
2.98056
2.95033
2.89123
2.81688
2.77096
2.74395
2.72196
2.70168
2.68314
2.66747
2.65303
2.63734
2.61231
2.56325
2.51409
2.49008
2.47342
2.45672
2.43849
2.41806
2.3956
2.37017
2.333
2.2843
2.26238
2.25422
2.24777
2.24349
2.23746
2.22734
2.21154
2.18464
2.13557
2.07707
2.05156
2.04293
2.03736
2.03662
2.04091
2.03582
2.02647
2.01198
1.97923
1.92393
1.89144
1.88154
1.87504
1.86979
1.86896
1.86883
1.86277
1.8516
1.82806
1.78637
1.75444
1.74567
1.74191
1.74043
1.74125
1.73761
1.73044
1.71848
1.69628
1.65711
1.62207
1.60863
1.60226
1.59817
1.59619
1.59549
1.59163
1.58591
1.5748
1.54932
1.51817
1.51429
1.51267
1.51909
1.57629
1.79525
2.11538
2.46661
2.87243
2.97574
3.03731
3.10211
3.13175
3.12873
3.10363
3.06019
3.05232
3.04302
3.02297
3.00429
2.98789
2.96997
2.94693
2.93057
2.89868
1.40001
1.40001
1.40001
1.40001
1.40001
1.40001
1.40001
1.40001
1.40001
1.40001
1.40001
1.40006
1.41486
1.76342
3.28972
5.09228
5.34016
5.33396
5.1928
4.96022
4.83635
4.70828
4.56266
4.34635
4.24226
4.15649
4.03633
3.91737
3.74575
3.67149
3.60405
3.49393
3.40287
3.28453
3.20682
3.15668
3.08701
2.99003
2.89411
2.85577
2.80296
2.74296
2.6597
2.59657
2.56721
2.51352
2.46128
2.39915
2.35281
2.32456
2.28015
2.23179
2.17479
2.14659
2.12425
2.08795
2.04353
2.00445
2.09924
2.82793
3.97128
4.54735
4.53401
4.42727
4.34215
4.26089
4.1882
4.13309
4.07845
4.0293
3.98787
3.95138
3.91301
3.87001
3.80951
3.7164
3.63213
3.58534
3.54978
3.51756
3.49212
3.47189
3.44656
3.41753
3.37703
3.30133
3.20596
3.1547
3.12842
3.10631
3.08569
3.0681
3.05279
3.03372
3.01051
2.97285
2.89765
2.82037
2.78705
2.76897
2.75226
2.73511
2.7172
2.69813
2.67714
2.6496
2.60179
2.54025
2.51358
2.5018
2.49056
2.47954
2.46773
2.45315
2.43206
2.39544
2.33139
2.27932
2.26377
2.25552
2.24939
2.24734
2.24208
2.23327
2.22229
2.2019
2.15598
2.09441
2.06576
2.05598
2.04869
2.0414
2.03727
2.03497
2.02953
2.01858
1.98915
1.93741
1.90566
1.89378
1.88494
1.87772
1.87281
1.87143
1.86771
1.86069
1.84371
1.80549
1.76816
1.75712
1.75239
1.74758
1.74157
1.73609
1.73214
1.72613
1.71087
1.68124
1.64666
1.62645
1.61795
1.61228
1.60577
1.59707
1.5896
1.58448
1.57496
1.55553
1.53325
1.51265
1.51111
1.51289
1.52278
1.56736
1.68596
1.9798
2.4327
2.68821
2.8929
3.09543
3.10636
3.08332
3.0904
3.09198
3.07531
3.04997
3.03499
3.02106
2.99825
2.9596
2.92484
2.88754
1.40001
1.40001
1.40001
1.40001
1.40001
1.40001
1.40001
1.40001
1.40001
1.40001
1.40001
1.40001
1.40007
1.40975
1.67951
3.2411
4.83017
5.29942
5.36495
5.19418
5.01041
4.87866
4.72345
4.50179
4.40414
4.30997
4.19656
4.02517
3.87098
3.82185
3.72882
3.62052
3.5132
3.38021
3.32747
3.26769
3.18108
3.07992
2.98767
2.94674
2.89747
2.83088
2.72908
2.68168
2.64636
2.5898
2.53623
2.46428
2.42818
2.39464
2.34449
2.29192
2.23841
2.21404
2.18274
2.13499
2.1143
2.28468
3.17799
4.31041
4.68863
4.71823
4.65087
4.55381
4.49017
4.41871
4.30809
4.21947
4.16063
4.11209
4.07641
4.04935
4.0133
3.9724
3.92587
3.84814
3.73278
3.65664
3.6182
3.58642
3.56073
3.54473
3.5245
3.49668
3.46421
3.41163
3.31355
3.21637
3.1761
3.1532
3.1335
3.11906
3.1078
3.08927
3.06759
3.03906
2.98204
2.8846
2.82757
2.80911
2.79414
2.78043
2.76751
2.75237
2.73352
2.70664
2.65572
2.57739
2.5369
2.52317
2.51191
2.50303
2.49874
2.49029
2.476
2.45468
2.41189
2.33737
2.2918
2.27908
2.27009
2.26068
2.25171
2.24519
2.23795
2.22896
2.21121
2.16895
2.11741
2.09052
2.07566
2.06359
2.05346
2.04524
2.03843
2.03184
2.02096
1.99221
1.95444
1.93122
1.91444
1.89841
1.88731
1.8809
1.8764
1.8727
1.8663
1.84852
1.8169
1.79002
1.77548
1.76493
1.75476
1.74375
1.73361
1.72856
1.72572
1.71658
1.69284
1.66554
1.64928
1.6393
1.62951
1.61779
1.60613
1.59577
1.58584
1.57486
1.56053
1.54602
1.53756
1.52998
1.52282
1.51414
1.51451
1.53616
1.66308
1.92547
2.22447
2.68165
2.94535
2.99262
3.04695
3.09434
3.09428
3.08855
3.07372
3.04689
3.01457
2.97571
2.9384
2.89379
1.40001
1.40001
1.40001
1.40001
1.40001
1.40001
1.40001
1.40001
1.40001
1.40001
1.40001
1.40001
1.40001
1.40004
1.40571
1.66073
2.96863
4.60582
5.34848
5.37919
5.2693
5.10822
4.85182
4.63921
4.56605
4.46451
4.33546
4.14359
4.0172
3.95605
3.85236
3.75474
3.61155
3.50383
3.45878
3.36995
3.27508
3.17916
3.08725
3.04524
2.99744
2.91611
2.80585
2.76542
2.72896
2.67933
2.60958
2.53244
2.50542
2.46523
2.41404
2.35835
2.30638
2.28029
2.23126
2.23933
2.51862
3.58448
4.74133
4.95474
4.88209
4.81583
4.76718
4.71506
4.65431
4.57428
4.44472
4.32101
4.25728
4.21007
4.1776
4.15395
4.11808
4.07746
4.0343
3.97284
3.86978
3.7524
3.68856
3.65347
3.62424
3.60375
3.58352
3.55604
3.52688
3.49105
3.43013
3.33003
3.24388
3.2073
3.1851
3.16543
3.14837
3.13007
3.10973
3.08691
3.05111
2.97803
2.88741
2.84967
2.83359
2.81955
2.8081
2.79544
2.77902
2.7583
2.72188
2.64915
2.57575
2.55047
2.53823
2.52797
2.52189
2.51464
2.50211
2.48868
2.46721
2.41631
2.34613
2.31328
2.29942
2.28813
2.27766
2.26701
2.25628
2.2461
2.23446
2.20992
2.16459
2.13211
2.11752
2.10552
2.09208
2.07705
2.0617
2.0472
2.03293
2.01546
1.98982
1.9674
1.95289
1.94029
1.92611
1.90949
1.8933
1.87931
1.86702
1.85724
1.84294
1.82087
1.8037
1.7923
1.78143
1.76862
1.754
1.74012
1.72905
1.72116
1.71125
1.69441
1.68022
1.67041
1.66054
1.64883
1.63638
1.624
1.61224
1.59882
1.5828
1.56874
1.56091
1.55451
1.54745
1.53809
1.52426
1.50709
1.49954
1.51612
1.59198
1.8082
2.23728
2.60341
2.84062
3.05638
3.08864
3.0477
3.01973
3.01148
2.99842
2.97031
2.95627
2.9344
1.40001
1.40001
1.40001
1.40001
1.40001
1.40001
1.40001
1.40001
1.40001
1.40001
1.40001
1.40001
1.40001
1.40001
1.40002
1.40479
1.5974
2.61075
4.56294
5.24513
5.32087
5.28925
5.04429
4.80862
4.70316
4.57542
4.45035
4.28327
4.17139
4.09864
4.00099
3.87296
3.69795
3.63972
3.58396
3.47989
3.39239
3.27631
3.19214
3.15403
3.0918
3.00203
2.90013
2.85125
2.81776
2.76995
2.67973
2.61034
2.58442
2.5388
2.48939
2.42179
2.38013
2.33827
2.37529
2.86997
4.16303
5.0875
5.20289
5.07521
4.95999
4.9008
4.87296
4.8377
4.77672
4.69775
4.59644
4.47937
4.38823
4.33298
4.29202
4.25329
4.20945
4.1651
4.11806
4.06475
3.99688
3.90193
3.79867
3.73861
3.70097
3.66676
3.63622
3.60727
3.57771
3.54676
3.50996
3.44994
3.35607
3.27628
3.23783
3.2125
3.18995
3.16901
3.14869
3.1275
3.10164
3.05802
2.97867
2.90625
2.87905
2.863
2.84789
2.83281
2.81678
2.79934
2.77528
2.72761
2.64748
2.59444
2.57584
2.56309
2.551
2.53871
2.52625
2.51349
2.49846
2.4709
2.4133
2.35853
2.33867
2.32736
2.31586
2.30333
2.28961
2.27417
2.25501
2.22693
2.1865
2.15727
2.14715
2.13922
2.13042
2.12015
2.10721
2.08976
2.06515
2.03168
2.00059
1.98495
1.97662
1.96906
1.96018
1.94837
1.93235
1.91226
1.8892
1.86469
1.84452
1.83141
1.82159
1.8153
1.80964
1.80284
1.79343
1.77822
1.75558
1.73031
1.71149
1.70367
1.69853
1.69286
1.68671
1.6809
1.67416
1.66148
1.63765
1.60765
1.58578
1.5772
1.57191
1.56676
1.56302
1.55826
1.54738
1.52768
1.50236
1.48609
1.48163
1.4927
1.58501
1.82178
2.11433
2.49963
2.90537
2.96895
2.99057
3.00795
2.99908
2.98683
2.99313
2.98904
1.40001
1.40001
1.40001
1.40001
1.40001
1.40001
1.40001
1.40001
1.40001
1.40001
1.40001
1.40001
1.40001
1.40001
1.40001
1.40002
1.40346
1.5028
2.48289
4.3539
5.06382
5.34196
5.2608
5.02896
4.86049
4.73306
4.60496
4.40823
4.31062
4.24929
4.15381
3.98664
3.82311
3.77631
3.7009
3.60415
3.50616
3.36907
3.31915
3.27139
3.18297
3.09437
2.99643
2.94475
2.91404
2.86064
2.7532
2.69145
2.65996
2.62076
2.57011
2.49231
2.44911
2.55581
3.32914
4.6914
5.57804
5.60704
5.44848
5.23551
5.1225
5.06045
5.01916
4.9677
4.90025
4.82874
4.75412
4.6679
4.56259
4.46537
4.39698
4.34129
4.28934
4.23857
4.18905
4.14267
4.09738
4.04064
3.95138
3.84293
3.77317
3.72974
3.69305
3.65971
3.62809
3.59834
3.56931
3.53371
3.47402
3.38257
3.30749
3.26745
3.23809
3.21175
3.18739
3.16387
3.13945
3.10915
3.05758
2.97957
2.92786
2.90625
2.88899
2.87193
2.85463
2.83655
2.81578
2.78418
2.72366
2.65301
2.62177
2.60578
2.59075
2.57663
2.56308
2.54909
2.53406
2.51389
2.47323
2.40878
2.37493
2.36356
2.35368
2.34384
2.33352
2.32051
2.30122
2.26589
2.20698
2.17365
2.16543
2.15844
2.15163
2.14607
2.13997
2.13113
2.11331
2.07592
2.02552
2.00015
1.99153
1.98504
1.97933
1.97383
1.96767
1.95824
1.93899
1.89883
1.85407
1.83608
1.83105
1.82823
1.82618
1.8239
1.8201
1.81293
1.79701
1.76292
1.72263
1.70906
1.70551
1.70333
1.70149
1.69845
1.69385
1.68373
1.66128
1.62715
1.60358
1.59259
1.58506
1.57834
1.57171
1.56432
1.55577
1.54481
1.52811
1.50383
1.47968
1.47686
1.47752
1.48944
1.55131
1.70489
2.06904
2.44041
2.67412
2.90563
2.98943
2.94378
2.94773
2.96263
1.40001
1.40001
1.40001
1.40001
1.40001
1.40001
1.40001
1.40001
1.40001
1.40001
1.40001
1.40001
1.40001
1.40001
1.40001
1.40001
1.40001
1.40116
1.47691
2.38645
3.87431
5.09854
5.34481
5.27003
5.10212
4.95374
4.74189
4.5445
4.49021
4.40988
4.28244
4.1075
3.96486
3.9103
3.82747
3.73612
3.59469
3.48577
3.45412
3.37831
3.28261
3.20207
3.0951
3.0449
3.01266
2.9465
2.8404
2.77983
2.74144
2.70517
2.63996
2.60585
2.8177
3.86065
5.31941
5.88937
5.93519
5.76245
5.57103
5.41197
5.29177
5.21306
5.14095
5.08467
5.02238
4.95736
4.8957
4.83132
4.74903
4.63284
4.50873
4.41713
4.35321
4.30384
4.26191
4.22287
4.18379
4.14226
4.08381
3.98213
3.86888
3.80374
3.75999
3.72056
3.68604
3.6556
3.62689
3.59715
3.55678
3.48128
3.38118
3.32389
3.29421
3.2689
3.24457
3.2204
3.19562
3.16794
3.12836
3.0589
2.9814
2.94769
2.93032
2.91368
2.89674
2.87923
2.86027
2.83661
2.7968
2.72773
2.66829
2.64441
2.62937
2.61572
2.60276
2.58951
2.57475
2.55619
2.52364
2.46008
2.40491
2.38866
2.38017
2.37221
2.36532
2.35762
2.34624
2.32105
2.26424
2.20735
2.18958
2.18111
2.17297
2.16528
2.15822
2.15139
2.14208
2.12039
2.07148
2.02485
2.00981
2.00251
1.99628
1.99122
1.98819
1.98368
1.97332
1.94617
1.90039
1.86673
1.85096
1.84118
1.83523
1.8318
1.83196
1.82949
1.81836
1.79119
1.75363
1.73049
1.71823
1.70768
1.70113
1.69675
1.69294
1.68881
1.67777
1.64773
1.61845
1.6092
1.60355
1.59863
1.59386
1.58874
1.58288
1.57409
1.55671
1.52319
1.49151
1.47906
1.47469
1.47637
1.47821
1.48525
1.53253
1.69561
1.922
2.23535
2.63685
2.87283
2.91181
2.9421
1.40001
1.40001
1.40001
1.40001
1.40001
1.40001
1.40001
1.40001
1.40001
1.40001
1.40001
1.40001
1.40001
1.40001
1.40001
1.40001
1.40001
1.40001
1.40064
1.47282
2.04185
3.50317
5.11197
5.29627
5.2175
5.11765
4.86915
4.6969
4.64247
4.52931
4.40585
4.27299
4.11272
4.03078
3.96582
3.86332
3.68345
3.61979
3.5806
3.49009
3.40681
3.29844
3.19126
3.16184
3.11286
3.02896
2.93667
2.86435
2.83526
2.78268
2.80914
3.29293
4.64042
5.83337
6.29111
6.2381
6.09003
5.89933
5.74303
5.61347
5.4792
5.35336
5.26562
5.20319
5.14588
5.08899
5.03093
4.96787
4.89458
4.78805
4.63964
4.5102
4.43748
4.38952
4.34899
4.31306
4.27658
4.23611
4.18616
4.10302
3.97209
3.87225
3.82264
3.7857
3.75504
3.72798
3.70204
3.67399
3.63775
3.57427
3.46677
3.38202
3.34723
3.32316
3.30116
3.28046
3.25966
3.23582
3.20168
3.14069
3.05196
2.99446
2.97269
2.95623
2.93947
2.92205
2.90402
2.88408
2.85613
2.80427
2.72992
2.68654
2.66968
2.65671
2.64445
2.63211
2.61856
2.60183
2.5754
2.52398
2.45599
2.42243
2.41074
2.40198
2.39405
2.38633
2.3766
2.36066
2.32445
2.25974
2.22022
2.20989
2.20153
2.19205
2.18204
2.17293
2.16424
2.15122
2.12032
2.07004
2.04172
2.03152
2.0216
2.00953
1.99906
1.99183
1.98436
1.96855
1.92989
1.8913
1.87454
1.86486
1.85721
1.85057
1.84277
1.83116
1.815
1.79475
1.768
1.74324
1.72891
1.71931
1.71269
1.70674
1.69951
1.68952
1.67544
1.65895
1.63806
1.61144
1.59748
1.59327
1.58915
1.58391
1.57727
1.56796
1.55164
1.52979
1.51545
1.50732
1.50066
1.49495
1.48652
1.47838
1.47536
1.47239
1.49497
1.58193
1.84159
2.2459
2.57468
2.84581
1.40001
1.40001
1.40001
1.40001
1.40001
1.40001
1.40001
1.40001
1.40001
1.40001
1.40001
1.40001
1.40001
1.40001
1.40001
1.40001
1.40001
1.40001
1.40001
1.40067
1.43037
1.76446
3.50963
4.89157
5.07442
5.2008
5.07961
4.90157
4.78118
4.66578
4.57892
4.41533
4.2195
4.15333
4.10814
3.98426
3.81301
3.75046
3.69276
3.61047
3.5251
3.37938
3.31506
3.28388
3.20209
3.12083
3.03451
2.9528
2.93111
3.07431
3.97384
5.56594
6.57257
6.59194
6.42888
6.24336
6.10579
6.01771
5.93088
5.82869
5.69718
5.53071
5.3993
5.32789
5.26672
5.20448
5.13945
5.07165
4.99859
4.9115
4.79314
4.64429
4.53429
4.48027
4.43841
4.39907
4.35956
4.31732
4.26939
4.20319
4.0946
3.96408
3.89312
3.85773
3.82659
3.79786
3.77024
3.74159
3.70809
3.6585
3.5695
3.46117
3.40678
3.38196
3.36131
3.34166
3.32231
3.30129
3.27302
3.22344
3.13532
3.05106
3.01742
2.9994
2.98227
2.96491
2.94739
2.92874
2.90559
2.86757
2.80048
2.7376
2.71195
2.69698
2.68292
2.66901
2.65465
2.63821
2.61506
2.57468
2.5127
2.46536
2.44501
2.43198
2.42098
2.4105
2.39873
2.38423
2.36026
2.3106
2.25649
2.23667
2.22686
2.21587
2.20369
2.19126
2.17875
2.16432
2.1399
2.09883
2.06917
2.05701
2.04773
2.03653
2.02373
2.01007
1.99471
1.97353
1.94179
1.90862
1.89111
1.88022
1.86977
1.85973
1.84974
1.83957
1.82802
1.8062
1.76984
1.74788
1.73935
1.72807
1.71368
1.70631
1.70133
1.69809
1.69618
1.68787
1.66226
1.62271
1.60081
1.59529
1.59125
1.58619
1.57945
1.56988
1.55542
1.53548
1.51319
1.50169
1.496
1.49073
1.48471
1.47968
1.47371
1.46571
1.44994
1.43508
1.45634
1.5901
1.80977
2.3041
1.40001
1.40001
1.40001
1.40001
1.40001
1.40001
1.40001
1.40001
1.40001
1.40001
1.40001
1.40001
1.40001
1.40001
1.40001
1.40001
1.40001
1.40001
1.40001
1.40001
1.40017
1.41004
1.77483
3.23289
4.42596
5.13973
5.26704
5.14086
4.98421
4.86924
4.72708
4.49096
4.3875
4.34377
4.23976
4.0922
3.94373
3.87559
3.82101
3.75621
3.61373
3.46056
3.43706
3.39395
3.29984
3.23784
3.12623
3.12155
3.52318
4.8865
6.56752
7.15586
7.1154
6.89286
6.56242
6.27827
6.1693
6.14034
6.11468
6.04085
5.93799
5.79081
5.606
5.47123
5.38748
5.31243
5.23599
5.16023
5.09041
5.02532
4.95081
4.83728
4.68986
4.59281
4.54132
4.4953
4.44809
4.39922
4.3488
4.29501
4.22346
4.11
3.9948
3.94016
3.90782
3.87797
3.84826
3.81729
3.78337
3.74183
3.67616
3.56861
3.47992
3.44388
3.41961
3.39774
3.3777
3.35826
3.33598
3.30082
3.23119
3.13139
3.07375
3.05111
3.03283
3.01452
2.9958
2.97597
2.95297
2.92053
2.86468
2.79199
2.7509
2.73339
2.71906
2.70444
2.68845
2.66995
2.64683
2.61277
2.55889
2.50605
2.48027
2.46551
2.45254
2.44008
2.42631
2.40871
2.38322
2.34113
2.285
2.25627
2.24802
2.24037
2.22827
2.2139
2.19861
2.18133
2.16127
2.13475
2.09913
2.0779
2.06364
2.04919
2.03411
2.02004
2.00636
1.9878
1.95498
1.91781
1.89885
1.88739
1.87691
1.86704
1.85724
1.84653
1.83269
1.81261
1.78632
1.76392
1.75165
1.73856
1.72492
1.71762
1.71241
1.70635
1.69674
1.67763
1.64364
1.61476
1.60391
1.59929
1.59478
1.58862
1.58192
1.57664
1.56916
1.54932
1.51962
1.50309
1.49762
1.49316
1.48884
1.4845
1.47812
1.46756
1.45172
1.42725
1.41673
1.42153
1.44299
1.65737
1.40001
1.40001
1.40001
1.40001
1.40001
1.40001
1.40001
1.40001
1.40001
1.40001
1.40001
1.40001
1.40001
1.40001
1.40001
1.40001
1.40001
1.40001
1.40001
1.40001
1.40001
1.40005
1.40978
1.70506
2.63752
4.0957
5.19363
5.26498
5.17123
5.03804
4.82059
4.59952
4.5671
4.47899
4.33323
4.22748
4.11158
3.97901
3.94292
3.88687
3.72611
3.59858
3.55757
3.48208
3.41879
3.34129
3.4558
4.37797
6.02699
7.36317
7.60389
7.4194
7.20253
6.9638
6.69119
6.48551
6.39424
6.34261
6.28827
6.20759
6.11681
6.00099
5.82659
5.62739
5.49692
5.41298
5.33893
5.26849
5.20448
5.14615
5.08534
5.00291
4.86895
4.71583
4.63102
4.58181
4.5356
4.48873
4.44242
4.39662
4.34318
4.25916
4.12833
4.02604
3.98329
3.95213
3.92096
3.88928
3.85685
3.8211
3.77244
3.68886
3.57629
3.51103
3.48261
3.45823
3.43381
3.41031
3.38689
3.35874
3.3109
3.22114
3.13357
3.09828
3.07785
3.0585
3.03919
3.01935
2.99707
2.96787
2.9201
2.84689
2.78865
2.76365
2.74745
2.73203
2.71599
2.69929
2.68029
2.65041
2.59504
2.53167
2.50252
2.48837
2.47469
2.46126
2.44884
2.4331
2.4074
2.36749
2.31455
2.26835
2.25363
2.24999
2.25229
2.24834
2.23463
2.21679
2.18771
2.13143
2.07996
2.05989
2.05292
2.04977
2.05037
2.04517
2.03193
2.00784
1.96072
1.92642
1.91553
1.90591
1.89738
1.88984
1.88177
1.87174
1.85717
1.8305
1.78642
1.75431
1.7459
1.7444
1.7464
1.74182
1.73392
1.72467
1.71018
1.68176
1.64063
1.6171
1.61009
1.60524
1.60045
1.59507
1.58953
1.58234
1.56917
1.54416
1.51568
1.50445
1.50035
1.49658
1.49243
1.48745
1.48111
1.47132
1.45371
1.42878
1.40929
1.40525
1.40386
1.4221
1.40001
1.40001
1.40001
1.40001
1.40001
1.40001
1.40001
1.40001
1.40001
1.40001
1.40001
1.40001
1.40001
1.40001
1.40001
1.40001
1.40001
1.40001
1.40001
1.40001
1.40001
1.40001
1.40004
1.40733
1.52158
2.11878
4.0967
5.03363
5.03063
5.09229
4.97902
4.79533
4.69748
4.56133
4.47086
4.40974
4.23055
4.09736
4.0778
4.00498
3.84811
3.72579
3.67376
3.59103
3.61506
4.02954
5.55441
7.23038
7.97334
8.27219
8.07633
7.68587
7.35667
7.07265
6.85146
6.72341
6.63374
6.55098
6.45501
6.36006
6.26847
6.17218
6.03872
5.84028
5.64736
5.53272
5.45866
5.3972
5.34065
5.28502
5.22692
5.15641
5.04634
4.879
4.73769
4.66905
4.62185
4.57925
4.54
4.50169
4.45837
4.39416
4.27826
4.13315
4.057
4.0212
3.98953
3.9588
3.92935
3.89836
3.8593
3.79436
3.68124
3.58014
3.53964
3.51341
3.48797
3.46347
3.43952
3.41392
3.37646
3.30161
3.20006
3.14317
3.11831
3.09823
3.0774
3.05665
3.03361
3.00467
2.96001
2.88662
2.82695
2.80315
2.78436
2.76491
2.74521
2.72184
2.69279
2.66161
2.62452
2.57168
2.52413
2.50184
2.4871
2.4723
2.4579
2.44118
2.41713
2.38647
2.34577
2.29822
2.2756
2.26422
2.25179
2.23727
2.22296
2.20617
2.17959
2.13085
2.08276
2.06896
2.06283
2.05704
2.04976
2.0385
2.02098
1.99523
1.96385
1.93204
1.90661
1.89544
1.88868
1.8816
1.87356
1.86393
1.84984
1.82366
1.78275
1.76103
1.75553
1.74978
1.74077
1.73232
1.72447
1.71562
1.70173
1.67561
1.64893
1.63823
1.63264
1.62705
1.62154
1.61518
1.60723
1.59657
1.5782
1.54866
1.51827
1.50779
1.5036
1.49954
1.49504
1.4896
1.48293
1.47371
1.45756
1.43102
1.40979
1.40233
1.40021
1.39951
1.40001
1.40001
1.40001
1.40001
1.40001
1.40001
1.40001
1.40001
1.40001
1.40001
1.40001
1.40001
1.40001
1.40001
1.40001
1.40001
1.40001
1.40001
1.40001
1.40001
1.40001
1.40001
1.40001
1.40002
1.40147
1.43343
2.15616
3.83142
4.5807
5.02037
5.23179
5.09336
4.90815
4.75209
4.65184
4.48158
4.3287
4.29861
4.23745
4.1073
3.97353
3.86564
3.79544
4.00834
5.08426
7.14251
8.38908
8.41463
8.32645
8.22956
8.04647
7.79245
7.5696
7.34947
7.11805
6.92497
6.81374
6.7248
6.63042
6.53178
6.43528
6.33739
6.22015
6.05803
5.85517
5.69613
5.61178
5.55122
5.49453
5.43683
5.37455
5.30141
5.20109
5.04882
4.87715
4.77697
4.72419
4.6804
4.63919
4.59868
4.55479
4.49719
4.40322
4.25683
4.13038
4.07898
4.04964
4.02337
3.99702
3.96818
3.931
3.86956
3.76155
3.64335
3.58174
3.55133
3.52825
3.50687
3.48193
3.44811
3.40288
3.33763
3.24516
3.18671
3.16038
3.14495
3.13339
3.11767
3.097
3.06869
3.02357
2.94785
2.85513
2.80417
2.78111
2.76282
2.74744
2.73322
2.71504
2.68504
2.6322
2.57407
2.54986
2.53086
2.51098
2.49094
2.47327
2.45827
2.44138
2.40658
2.34501
2.2994
2.28218
2.26895
2.254
2.23949
2.22522
2.20743
2.17996
2.14476
2.11903
2.10186
2.08841
2.07575
2.06322
2.04678
2.027
2.00562
1.97779
1.93798
1.90946
1.89922
1.8923
1.88485
1.87653
1.86669
1.85242
1.82851
1.79951
1.78491
1.77242
1.75686
1.74347
1.73346
1.72527
1.71639
1.70276
1.67806
1.64518
1.62673
1.61984
1.61431
1.60843
1.60174
1.59426
1.58696
1.57986
1.56361
1.53505
1.5212
1.51674
1.51249
1.50749
1.50172
1.49468
1.48405
1.46517
1.43798
1.41385
1.40546
1.40282
1.39765
1.40001
1.40001
1.40001
1.40001
1.40001
1.40001
1.40001
1.40001
1.40001
1.40001
1.40001
1.40001
1.40001
1.40001
1.40001
1.40001
1.40001
1.40001
1.40001
1.40001
1.40001
1.40001
1.40001
1.40001
1.40001
1.40025
1.44044
2.0582
3.14852
4.33752
5.19028
5.25234
5.14929
4.96854
4.76779
4.54514
4.50756
4.46696
4.31677
4.20082
4.10736
4.16295
4.82532
6.78549
8.58503
9.60074
9.50323
8.98823
8.48079
8.15538
8.00537
7.93353
7.84364
7.68498
7.45867
7.21042
7.00647
6.89773
6.80828
6.71076
6.60743
6.49927
6.38501
6.25503
6.08323
5.8915
5.77048
5.69906
5.63639
5.57256
5.50381
5.42649
5.33171
5.19978
5.03151
4.89632
4.82091
4.76699
4.71886
4.67156
4.62149
4.56193
4.47772
4.35022
4.21734
4.14377
4.10367
4.07098
4.03983
4.00738
3.97004
3.91527
3.81482
3.68708
3.61358
3.58107
3.55485
3.53013
3.50776
3.4886
3.46357
3.40631
3.30019
3.20225
3.16485
3.1442
3.12471
3.10546
3.08399
3.05495
3.00553
2.92468
2.84719
2.80922
2.79203
2.77758
2.76119
2.74633
2.73397
2.71433
2.66698
2.59779
2.54002
2.51759
2.50431
2.4912
2.47561
2.45829
2.43962
2.41324
2.36645
2.32381
2.30284
2.28828
2.27575
2.26447
2.25277
2.23789
2.21467
2.17117
2.11317
2.08353
2.06915
2.05749
2.05034
2.04896
2.04673
2.03601
2.00944
1.96326
1.93294
1.92299
1.9155
1.90745
1.89868
1.88815
1.87233
1.83983
1.79156
1.77055
1.7695
1.76739
1.75929
1.7518
1.74525
1.7371
1.72311
1.69462
1.65189
1.62659
1.61856
1.61301
1.60692
1.60064
1.59519
1.58963
1.57902
1.55379
1.5207
1.50819
1.50385
1.4993
1.49413
1.48924
1.48433
1.48021
1.47457
1.45795
1.43438
1.42203
1.4179
1.40944
1.40001
1.40001
1.40001
1.40001
1.40001
1.40001
1.40001
1.40001
1.40001
1.40001
1.40001
1.40001
1.40001
1.40001
1.40001
1.40001
1.40001
1.40001
1.40001
1.40001
1.40001
1.40001
1.40001
1.40001
1.40001
1.40001
1.40031
1.43406
1.70138
2.44873
4.30838
5.15194
5.07133
4.97293
4.85743
4.71298
4.63851
4.50922
4.40041
4.38011
4.79965
6.40285
8.72296
10.0489
10.0415
9.84194
9.51571
9.17291
8.80132
8.4693
8.25457
8.17308
8.09736
7.97745
7.81395
7.60509
7.34246
7.1272
6.99435
6.89135
6.79254
6.68854
6.57986
6.46006
6.30144
6.09365
5.92331
5.83038
5.75892
5.68624
5.60812
5.52346
5.42731
5.3039
5.14496
5.00905
4.93627
4.88062
4.82271
4.76063
4.69449
4.62057
4.52758
4.40714
4.29697
4.22912
4.17917
4.13472
4.09236
4.04794
3.99339
3.92063
3.83222
3.74719
3.69005
3.65267
3.62082
3.58631
3.55006
3.50867
3.45322
3.37795
3.28375
3.20962
3.17361
3.15087
3.12977
3.1091
3.08726
3.05876
3.00848
2.9201
2.84492
2.81913
2.8049
2.79195
2.7794
2.76501
2.74323
2.70449
2.64162
2.56939
2.53065
2.51823
2.50914
2.49925
2.48724
2.47343
2.45511
2.41703
2.35076
2.30304
2.28414
2.27148
2.26001
2.24945
2.23915
2.2267
2.20609
2.16512
2.10986
2.07975
2.06731
2.05994
2.05385
2.04655
2.0354
2.01955
1.98918
1.94457
1.91812
1.90862
1.90104
1.89318
1.88485
1.87482
1.86032
1.83573
1.80069
1.77504
1.7631
1.75457
1.74717
1.74047
1.73378
1.72547
1.71161
1.68314
1.64382
1.62519
1.61927
1.61408
1.6085
1.60404
1.60025
1.59459
1.58279
1.55518
1.51921
1.5072
1.50295
1.49835
1.49381
1.49003
1.48591
1.47983
1.4678
1.44684
1.42321
1.41173
1.40789
1.4006
1.40001
1.40001
1.40001
1.40001
1.40001
1.40001
1.40001
1.40001
1.40001
1.40001
1.40001
1.40001
1.40001
1.40001
1.40001
1.40001
1.40001
1.40001
1.40001
1.40001
1.40001
1.40001
1.40001
1.40001
1.40001
1.40001
1.40001
1.40019
1.40687
1.47352
2.33013
4.22975
4.67143
4.84861
5.06749
5.00229
4.86808
4.6956
4.88325
6.0175
8.55252
10.4811
11.405
11.3237
10.7365
10.0383
9.5715
9.29153
9.01996
8.79502
8.58218
8.39768
8.2509
8.13079
8.01696
7.85006
7.58526
7.29109
7.0887
6.96893
6.87228
6.77629
6.67621
6.56346
6.41957
6.22537
6.01515
5.87056
5.78119
5.70516
5.62938
5.55043
5.46426
5.36204
5.22844
5.06885
4.94522
4.87439
4.82009
4.76773
4.71161
4.64638
4.56484
4.45935
4.33344
4.23436
4.18163
4.14301
4.10384
4.05922
4.00557
3.94231
3.86672
3.76958
3.6802
3.63231
3.60124
3.57411
3.54595
3.50911
3.45864
3.39093
3.30755
3.23095
3.18891
3.16517
3.14475
3.12421
3.10091
3.0693
3.01788
2.93895
2.8691
2.83877
2.82233
2.80762
2.79235
2.77436
2.7498
2.71188
2.64923
2.57782
2.54387
2.53152
2.52087
2.50918
2.49702
2.48316
2.46122
2.41773
2.35064
2.30284
2.28501
2.27372
2.26342
2.25387
2.24418
2.23187
2.21061
2.16787
2.11174
2.08422
2.07497
2.0676
2.05918
2.04985
2.03903
2.0218
1.98846
1.94309
1.9185
1.90966
1.90264
1.89559
1.88801
1.87859
1.86532
1.84377
1.80774
1.7758
1.76346
1.75679
1.75052
1.74415
1.73733
1.72868
1.71445
1.68585
1.64661
1.62979
1.62481
1.62014
1.61581
1.61189
1.60703
1.59989
1.58628
1.55571
1.52074
1.50967
1.50552
1.50171
1.4983
1.49464
1.48966
1.48229
1.47
1.44783
1.42337
1.4118
1.40773
1.40055
1.40001
1.40001
1.40001
1.40001
1.40001
1.40001
1.40001
1.40001
1.40001
1.40001
1.40001
1.40001
1.40001
1.40001
1.40001
1.40001
1.40001
1.40001
1.40001
1.40001
1.40001
1.40001
1.40001
1.40001
1.40001
1.40001
1.40001
1.40001
1.40002
1.4007
1.46187
2.32486
3.51731
4.31643
5.02479
5.57055
5.90536
6.76741
8.79094
10.6681
11.4529
11.5603
11.2669
10.979
10.847
10.501
10.0518
9.62244
9.22973
9.02845
8.89826
8.74488
8.58248
8.41811
8.25853
8.08544
7.82298
7.49884
7.27353
7.14408
7.04164
6.94626
6.84938
6.73904
6.5963
6.39144
6.14424
5.96835
5.87233
5.7999
5.73313
5.66699
5.5945
5.50064
5.35731
5.16171
5.00703
4.93127
4.88117
4.8353
4.78737
4.73244
4.66158
4.55552
4.40669
4.28537
4.22759
4.18856
4.15033
4.11068
4.06857
4.01856
3.94548
3.83419
3.72235
3.66239
3.62999
3.6027
3.57447
3.54304
3.50454
3.45091
3.3717
3.28605
3.23669
3.21112
3.19022
3.16917
3.14541
3.11473
3.06812
2.9938
2.9169
2.88046
2.86212
2.8453
2.82764
2.80827
2.78459
2.74797
2.68295
2.60958
2.57731
2.56334
2.55059
2.53812
2.52589
2.51053
2.48556
2.44031
2.37362
2.3292
2.31451
2.30499
2.29592
2.28671
2.27614
2.26182
2.23767
2.19269
2.13866
2.11276
2.10216
2.09272
2.08304
2.07315
2.06036
2.03911
2.0013
1.95652
1.93597
1.92842
1.92238
1.91662
1.91052
1.90283
1.8908
1.86653
1.82357
1.79146
1.78182
1.77598
1.76956
1.76277
1.75562
1.74678
1.73266
1.70373
1.66357
1.64832
1.64405
1.63988
1.63541
1.63043
1.62441
1.61604
1.60035
1.56915
1.53755
1.52732
1.52366
1.52013
1.51605
1.51131
1.50549
1.49748
1.48382
1.45944
1.43459
1.42308
1.41868
1.41165
1.40001
1.40001
1.40001
1.40001
1.40001
1.40001
1.40001
1.40001
1.40001
1.40001
1.40001
1.40001
1.40001
1.40001
1.40001
1.40001
1.40001
1.40001
1.40001
1.40001
1.40001
1.40001
1.40001
1.40001
1.40001
1.40001
1.40001
1.40001
1.40001
1.40001
1.40059
1.47061
1.9692
2.88026
5.0408
8.49278
11.4585
13.738
15.5658
15.4279
14.0135
12.1491
10.854
10.4401
10.4901
10.41
10.1829
9.75108
9.19895
8.91867
8.81329
8.69358
8.54899
8.41541
8.26135
8.05546
7.76904
7.43543
7.20011
7.06434
6.9606
6.86774
6.77342
6.66441
6.52131
6.31341
6.06036
5.88018
5.78352
5.71289
5.65001
5.58848
5.51932
5.42605
5.28108
5.08396
4.92813
4.85216
4.80343
4.7594
4.71411
4.66208
4.59363
4.48972
4.34287
4.22044
4.16096
4.12153
4.08436
4.04723
4.00798
3.96019
3.89005
3.78325
3.67031
3.60596
3.57213
3.54394
3.51529
3.48461
3.44845
3.3988
3.32479
3.24169
3.19172
3.16499
3.14284
3.12123
3.0984
3.07
3.02555
2.95213
2.87714
2.84183
2.82321
2.80625
2.78906
2.77048
2.74701
2.70956
2.64346
2.57142
2.54064
2.52692
2.51477
2.50355
2.49208
2.47701
2.45258
2.40784
2.34101
2.29716
2.28351
2.27484
2.26627
2.25699
2.24609
2.2317
2.20811
2.16411
2.11109
2.084
2.07249
2.06366
2.05542
2.04646
2.03379
2.01237
1.97426
1.92946
1.90893
1.90175
1.89661
1.89196
1.88697
1.88023
1.86831
1.84323
1.80018
1.76879
1.76011
1.75485
1.74887
1.74239
1.73558
1.7272
1.71328
1.68401
1.64429
1.62998
1.62582
1.62151
1.61672
1.61172
1.60594
1.59751
1.58136
1.55009
1.51874
1.50933
1.50614
1.50261
1.49863
1.49433
1.48891
1.48117
1.46783
1.44383
1.41928
1.40783
1.40308
1.39593
)
;

boundaryField
{
    inlet
    {
        type            calculated;
        value           uniform 1.40001;
    }
    outlet
    {
        type            calculated;
        value           nonuniform List<scalar> 
64
(
2.16236
2.15716
2.15811
2.18327
2.22162
2.26251
2.29735
2.32471
2.33686
2.32405
2.30504
2.29662
2.29951
2.32018
2.33476
2.34765
2.35891
2.34779
2.34458
2.34716
2.36425
2.38883
2.40681
2.41655
2.42215
2.43061
2.44313
2.46172
2.49065
2.52059
2.54625
2.57604
2.60421
2.62053
2.62902
2.6371
2.65655
2.6878
2.72628
2.76602
2.79432
2.81404
2.84613
2.88335
2.9097
2.9127
2.90007
2.88879
2.89458
2.93362
2.98766
2.96066
2.94349
2.84797
2.30552
1.65813
1.42185
1.39914
1.39726
1.40906
1.40016
1.4001
1.41116
1.39546
)
;
    }
    bottom
    {
        type            symmetryPlane;
    }
    top
    {
        type            symmetryPlane;
    }
    obstacle
    {
        type            calculated;
        value           nonuniform List<scalar> 
208
(
7.5239
7.51713
7.50604
7.48798
7.46654
7.4409
7.4117
7.37572
7.33448
7.28112
7.21933
7.13129
7.02669
6.85923
6.62372
6.3542
1.4106
0.405699
0.105898
0.115493
0.16014
0.151064
0.153344
0.198497
0.282368
0.347791
0.401601
0.462015
0.541885
0.601522
0.653309
0.719422
0.786004
0.829422
0.86609
0.90372
0.907479
0.89274
0.896067
0.914915
0.927171
0.938796
0.974556
1.00821
1.01424
1.01758
1.02561
1.03639
1.04592
1.05455
1.06471
1.07565
1.07644
1.07446
1.07466
1.07831
1.08817
1.09818
1.10052
1.10078
1.09626
1.09107
1.09138
1.09512
1.10461
1.11825
1.12462
1.12434
1.12095
1.11485
1.11042
1.10927
1.11008
1.11446
1.12433
1.12811
1.12565
1.12154
1.11507
1.1059
1.09843
1.0971
1.09842
1.10243
1.10852
1.11123
1.1103
1.10772
1.10212
1.09729
1.09619
1.09615
1.09863
1.10055
1.10027
1.09868
1.09416
1.09045
1.08939
1.08843
1.08698
1.08519
1.08246
1.07739
1.0713
1.06778
1.06591
1.06443
1.06315
1.062
1.0608
1.0589
1.05636
1.05535
1.05514
1.0553
1.05565
1.05455
2.19295
3.11782
3.14699
3.15147
3.15856
3.15642
3.15505
3.15404
3.15249
3.14834
3.14323
3.13904
3.13642
3.13533
3.13409
3.12738
3.11348
3.0943
3.07351
3.05431
3.03809
3.02501
3.01448
3.0061
3.0004
2.9964
2.98895
2.97031
2.94268
2.9151
2.8905
2.8712
2.85923
2.85376
2.85113
2.84741
2.84069
2.83061
2.8173
2.8018
2.78434
2.76495
2.74175
2.71582
2.69191
2.67378
2.66171
2.65326
2.64525
2.6382
2.63276
2.62389
2.60804
2.58234
2.55427
2.53605
2.52416
2.51716
2.51759
2.52403
2.5298
2.52258
2.5052
2.4757
2.43197
2.39875
2.38148
2.3705
2.36497
2.3667
2.3705
2.36397
2.35164
2.33606
2.3168
2.29786
2.28466
2.27556
2.2697
2.26849
2.26385
2.25369
2.23771
2.21579
2.19786
2.18648
2.17788
2.17177
2.17174
2.16272
)
;
    }
    defaultFaces
    {
        type            empty;
    }
}


// ************************************************************************* //
