/*--------------------------------*- C++ -*----------------------------------*\
  =========                 |
  \\      /  F ield         | OpenFOAM: The Open Source CFD Toolbox
   \\    /   O peration     | Website:  https://openfoam.org
    \\  /    A nd           | Version:  7
     \\/     M anipulation  |
\*---------------------------------------------------------------------------*/
FoamFile
{
    version     2.0;
    format      ascii;
    class       volScalarField;
    location    "0.7";
    object      p;
}
// * * * * * * * * * * * * * * * * * * * * * * * * * * * * * * * * * * * * * //

dimensions      [1 -1 -2 0 0 0 0];

internalField   nonuniform List<scalar> 
16128
(
1
1
1
1
1
1
1
1
1
1
1
1
1
1
1
1
1
1
1
1
1
1
1
1
1
1
1
1
1
1
5.62234
26.1991
29.994
30.0843
30.4845
30.8065
31.1466
31.4706
31.7299
31.9062
31.9923
32.0426
32.1094
32.2266
32.4086
32.5225
32.5521
32.5581
1
1
1
1
1
1
1
1
1
1
1
1
1
1
1
1
1
1
1
1
1
1
1
1
1
1
1
1
1
1
5.42881
26.0245
29.9509
30.1111
30.4867
30.7972
31.1213
31.4373
31.6924
31.8684
31.9511
31.9981
32.0652
32.1909
32.3753
32.4993
32.543
32.5569
1
1
1
1
1
1
1
1
1
1
1
1
1
1
1
1
1
1
1
1
1
1
1
1
1
1
1
1
1
1
4.92715
25.6506
29.9224
30.1036
30.4611
30.7502
31.0553
31.3622
31.6155
31.8031
31.8986
31.9499
32.015
32.1371
32.3081
32.4391
32.5005
32.53
1
1
1
1
1
1
1
1
1
1
1
1
1
1
1
1
1
1
1
1
1
1
1
1
1
1
1
1
1
1
4.28338
24.9955
29.9089
30.1026
30.4234
30.6955
30.9683
31.2618
31.5101
31.7066
31.8182
31.8797
31.9485
32.0669
32.2257
32.3611
32.4347
32.4754
1
1
1
1
1
1
1
1
1
1
1
1
1
1
1
1
1
1
1
1
1
1
1
1
1
1
1
1
1
1
3.62257
24.0748
29.8361
30.0665
30.3594
30.6185
30.8867
31.1712
31.409
31.6051
31.729
31.8004
31.8709
31.9773
32.1189
32.251
32.3291
32.3795
1
1
1
1
1
1
1
1
1
1
1
1
1
1
1
1
1
1
1
1
1
1
1
1
1
1
1
1
1
1
2.92872
22.7947
29.736
29.9891
30.2739
30.5355
30.8027
31.0793
31.3001
31.4829
31.6131
31.6953
31.7692
31.8644
31.9873
32.1092
32.1786
32.2332
1
1
1
1
1
1
1
1
1
1
1
1
1
1
1
1
1
1
1
1
1
1
1
1
1
1
1
1
1
1
2.18749
21.1358
29.5955
29.8855
30.1675
30.4376
30.7136
30.9839
31.1885
31.358
31.4889
31.5733
31.6423
31.722
31.8271
31.9332
31.9859
32.0385
1
1
1
1
1
1
1
1
1
1
1
1
1
1
1
1
1
1
1
1
1
1
1
1
1
1
1
1
1
1
1.39041
19.0649
29.5869
29.7958
30.0747
30.3307
30.5786
30.8085
30.9916
31.1608
31.306
31.409
31.4857
31.555
31.6393
31.721
31.7483
31.7894
1
1
1
1
1
1
1
1
1
1
1
1
1
1
1
1
1
1
1
1
1
1
1
1
1
1
1
1
1
1
1.00784
16.6404
29.2457
29.5177
29.802
30.0891
30.3692
30.6189
30.8145
31.0086
31.1619
31.2571
31.3049
31.3339
31.3894
31.4536
31.4706
31.5124
1
1
1
1
1
1
1
1
1
1
1
1
1
1
1
1
1
1
1
1
1
1
1
1
1
1
1
1
1
1
1.00001
13.7687
28.688
29.3076
29.5955
29.8933
30.1639
30.3812
30.5518
30.7389
30.8901
30.9879
31.0365
31.054
31.0959
31.1477
31.1572
31.1919
1
1
1
1
1
1
1
1
1
1
1
1
1
1
1
1
1
1
1
1
1
1
1
1
1
1
1
1
1
1
1
10.7671
27.7773
29.1244
29.4014
29.7076
29.9743
30.1746
30.3267
30.4959
30.6268
30.7042
30.7326
30.7144
30.7361
30.7801
30.7946
30.8337
1
1
1
1
1
1
1
1
1
1
1
1
1
1
1
1
1
1
1
1
1
1
1
1
1
1
1
1
1
1
1
7.67476
26.1767
28.9341
29.2225
29.5217
29.7531
29.9479
30.0869
30.2257
30.3233
30.3773
30.3893
30.3478
30.3494
30.3654
30.3529
30.3543
1
1
1
1
1
1
1
1
1
1
1
1
1
1
1
1
1
1
1
1
1
1
1
1
1
1
1
1
1
1
1
4.2607
23.6572
29.1507
29.0841
29.3309
29.5286
29.712
29.8326
29.9361
29.9973
30.0215
29.9963
29.9062
29.8375
29.804
29.7702
29.8005
1
1
1
1
1
1
1
1
1
1
1
1
1
1
1
1
1
1
1
1
1
1
1
1
1
1
1
1
1
1
1
1.50394
20.4091
29.5172
29.1687
29.1403
29.2514
29.3833
29.4765
29.5523
29.5837
29.5719
29.5027
29.3703
29.2571
29.1873
29.0739
28.9071
1
1
1
1
1
1
1
1
1
1
1
1
1
1
1
1
1
1
1
1
1
1
1
1
1
1
1
1
1
1
1
1.00689
16.601
28.1559
28.1778
28.4739
28.7123
28.9032
29.0092
29.0864
29.1042
29.0553
28.936
28.7339
28.4778
28.1544
27.8599
27.6295
1
1
1
1
1
1
1
1
1
1
1
1
1
1
1
1
1
1
1
1
1
1
1
1
1
1
1
1
1
1
1
0.99999
11.8896
26.9796
27.9932
28.2891
28.4625
28.5287
28.5774
28.5908
28.553
28.4431
28.2419
27.9199
27.5177
27.0347
26.5549
26.4018
1
1
1
1
1
1
1
1
1
1
1
1
1
1
1
1
1
1
1
1
1
1
1
1
1
1
1
1
1
1
1
0.999999
6.97257
24.5736
27.7035
27.9937
28.1305
28.1635
28.1565
28.0875
27.9695
27.7757
27.4798
27.046
26.4111
25.392
22.9723
17.8505
1
1
1
1
1
1
1
1
1
1
1
1
1
1
1
1
1
1
1
1
1
1
1
1
1
1
1
1
1
1
1
1
2.57466
21.8123
28.3294
27.9607
27.8316
27.7425
27.6692
27.5386
27.3365
27.0636
26.6599
26.0459
25.0745
23.4593
20.828
15.1044
1
1
1
1
1
1
1
1
1
1
1
1
1
1
1
1
1
1
1
1
1
1
1
1
1
1
1
1
1
1
1
1
1.07417
17.3962
27.1322
27.0569
27.1066
27.0838
27.0251
26.887
26.6355
26.2954
25.7904
25.0268
23.8322
22.0795
19.0335
14.0065
1
1
1
1
1
1
1
1
1
1
1
1
1
1
1
1
1
1
1
1
1
1
1
1
1
1
1
1
1
1
1
1
0.999825
11.3166
25.8347
26.7321
26.761
26.7041
26.5794
26.3644
26.0288
25.5798
24.9508
24.0719
22.7307
20.9639
17.7588
13.722
1
1
1
1
1
1
1
1
1
1
1
1
1
1
1
1
1
1
1
1
1
1
1
1
1
1
1
1
1
1
1
1
0.999969
4.99567
23.3314
26.4946
26.4002
26.3401
26.1512
25.8779
25.437
24.8868
24.1595
23.1996
21.8411
19.9607
17.0318
13.8251
1
1
1
1
1
1
1
1
1
1
1
1
1
1
1
1
1
1
1
1
1
1
1
1
1
1
1
1
1
1
1
1
0.999998
1.34363
18.2577
26.4578
26.0633
25.9362
25.6972
25.3814
24.8844
24.2652
23.4694
22.4483
21.1139
19.2126
16.7267
14.0806
1
1
1
1
1
1
1
1
1
1
1
1
1
1
1
1
1
1
1
1
1
1
1
1
1
1
1
1
1
1
1
1
1
1.00223
11.2299
24.4747
25.5691
25.6391
25.3525
24.9873
24.4433
23.7518
22.8681
21.8375
20.4522
18.654
16.5479
14.33
1
1
1
1
1
1
1
1
1
1
1
1
1
1
1
1
1
1
1
1
1
1
1
1
1
1
1
1
1
1
1
1
1
0.999992
3.61229
21.9225
26.1423
25.5564
25.0356
24.5554
23.9818
23.2612
22.3407
21.292
19.9287
18.3195
16.5009
14.5792
1
1
1
1
1
1
1
1
1
1
1
1
1
1
1
1
1
1
1
1
1
1
1
1
1
1
1
1
1
1
1
1
1
0.999999
1.15137
16.9156
25.1799
24.726
24.3947
23.9055
23.357
22.6848
21.8147
20.7824
19.5178
18.082
16.4547
14.7575
1
1
1
1
1
1
1
1
1
1
1
1
1
1
1
1
1
1
1
1
1
1
1
1
1
1
1
1
1
1
1
1
1
1
0.999805
8.36477
22.8497
24.3188
24.1244
23.6749
23.0911
22.3762
21.4953
20.4744
19.2864
17.9505
16.4563
14.9517
1
1
1
1
1
1
1
1
1
1
1
1
1
1
1
1
1
1
1
1
1
1
1
1
1
1
1
1
1
1
1
1
1
1
0.999935
1.90302
18.8234
24.8171
24.0848
23.4729
22.7914
22.0221
21.1403
20.1545
19.0496
17.8095
16.4614
15.1052
1
1
1
1
1
1
1
1
1
1
1
1
1
1
1
1
1
1
1
1
1
1
1
1
1
1
1
1
1
1
1
1
1
1
0.999996
1.01904
11.4328
22.7983
23.2386
22.9259
22.3391
21.6254
20.7999
19.868
18.8346
17.6942
16.4917
15.2441
1
1
1
1
1
1
1
1
1
1
1
1
1
1
1
1
1
1
1
1
1
1
1
1
1
1
1
1
1
1
1
1
1
1
1
0.999942
2.81476
18.8796
23.7675
22.9605
22.214
21.4731
20.649
19.7277
18.7075
17.6048
16.4801
15.3056
1
1
1
1
1
1
1
1
1
1
1
1
1
1
1
1
1
1
1
1
1
1
1
1
1
1
1
1
1
1
1
1
1
1
1
0.999992
1.07122
12.0932
22.3826
22.3511
21.8373
21.1673
20.3697
19.492
18.5305
17.5076
16.4678
15.3756
1
1
1
1
1
1
1
1
1
1
1
1
1
1
1
1
1
1
1
1
1
1
1
1
1
1
1
1
1
1
1
1
1
1
1
1
0.999888
3.12599
17.9719
22.6304
21.8799
21.1069
20.2842
19.4322
18.5043
17.5189
16.5073
15.468
1
1
1
1
1
1
1
1
1
1
1
1
1
1
1
1
1
1
1
1
1
1
1
1
1
1
1
1
1
1
1
1
1
1
1
1
0.999979
1.08985
10.6746
21.358
21.5278
20.8647
20.0925
19.2683
18.3825
17.4478
16.4833
15.5064
1
1
1
1
1
1
1
1
1
1
1
1
1
1
1
1
1
1
1
1
1
1
1
1
1
1
1
1
1
1
1
1
1
1
1
1
0.999999
1.00001
2.68097
16.5129
21.7186
20.9406
20.118
19.2525
18.3737
17.4826
16.5709
15.643
1
1
1
1
1
1
1
1
1
1
1
1
1
1
1
1
1
1
1
1
1
1
1
1
1
1
1
1
1
1
1
1
1
1
1
1
1
0.999991
1.05452
7.56385
19.5096
20.5321
19.8202
19.029
18.2113
17.3859
16.5383
15.6687
1
1
1
1
1
1
1
1
1
1
1
1
1
1
1
1
1
1
1
1
1
1
1
1
1
1
1
1
1
1
1
1
1
1
1
1
1
0.999999
1.00006
1.80504
13.9301
21.1591
20.1429
19.3212
18.4241
17.566
16.7099
15.8478
1
1
1
1
1
1
1
1
1
1
1
1
1
1
1
1
1
1
1
1
1
1
1
1
1
1
1
1
1
1
1
1
1
1
1
1
1
1
1
1.01212
4.6223
16.8927
19.9599
18.996
18.2287
17.4474
16.6388
15.8168
1
1
1
1
1
1
1
1
1
1
1
1
1
1
1
1
1
1
1
1
1
1
1
1
1
1
1
1
1
1
1
1
1
1
1
1
1
1
1
1.00001
1.24409
9.33961
18.6583
18.9878
18.2914
17.5352
16.7522
15.9588
1
1
1
1
1
1
1
1
1
1
1
1
1
1
1
1
1
1
1
1
1
1
1
1
1
1
1
1
1
1
1
1
1
1
1
1
1
1
1
1
1.00123
2.37096
13.2392
19.3669
18.618
17.8542
17.0454
16.2421
1
1
1
1
1
1
1
1
1
1
1
1
1
1
1
1
1
1
1
1
1
1
1
1
1
1
1
1
1
1
1
1
1
1
1
1
1
1
1
1
1
1.03535
4.48486
15.565
18.7298
17.8581
17.0598
16.2856
1
1
1
1
1
1
1
1
1
1
1
1
1
1
1
1
1
1
1
1
1
1
1
1
1
1
1
1
1
1
1
1
1
1
1
1
1
1
1
1
1
1.00009
1.22256
7.5514
16.4705
18.0187
17.1705
16.3765
1
1
1
1
1
1
1
1
1
1
1
1
1
1
1
1
1
1
1
1
1
1
1
1
1
1
1
1
1
1
1
1
1
1
1
1
1
1
1
1
1
1
1.00135
1.83201
10.4474
17.2142
17.4778
16.6608
1
1
1
1
1
1
1
1
1
1
1
1
1
1
1
1
1
1
1
1
1
1
1
1
1
1
1
1
1
1
1
1
1
1
1
1
1
1
1
1
1
1
1
1.01384
2.97665
12.538
17.1287
16.9733
1
1
1
1
1
1
1
1
1
1
1
1
1
1
1
1
1
1
1
1
1
1
1
1
1
1
1
1
1
1
1
1
1
1
1
1
1
1
1
1
1
1
1
1.00003
1.07354
4.38961
13.6916
16.847
1
1
1
1
1
1
1
1
1
1
1
1
1
1
1
1
1
1
1
1
1
1
1
1
1
1
1
1
1
1
1
1
1
1
1
1
1
1
1
1
1
1
1
1
1.0003
1.21531
5.85451
14.2903
1
1
1
1
1
1
1
1
1
1
1
1
1
1
1
1
1
1
1
1
1
1
1
1
1
1
1
1
1
1
1
1
1
1
1
1
1
1
1
1
1
1
1
1
1
1.00152
1.4615
7.21099
1
1
1
1
1
1
1
1
1
1
1
1
1
1
1
1
1
1
1
1
1
1
1
1
1
1
1
1
1
1
1
1
1
1
1
1
1
1
1
1
1
1
1
1
1
1
1.00539
1.80569
1
1
1
1
1
1
1
1
1
1
1
1
1
1
1
1
1
1
1
1
1
1
1
1
1
1
1
1
1
1
1
1
1
1
1
1
1
1
1
1
1
1
1
1
1
1
1.00001
1.01445
1
1
1
1
1
1
1
1
1
1
1
1
1
1
1
1
1
1
1
1
1
1
1
1
1
1
1
1
1
1
1
1
1
1
1
1
1
1
1
1
1
1
1
1
1
1
1
1.00003
1
1
1
1
1
1
1
1
1
1
1
1
1
1
1
1
1
1
1
1
1
1
1
1
1
1
1
1
1
1
1
1
1
1
1
1
1
1
1
1
1
1
1
1
1
1
1
1
1
1
1
1
1
1
1
1
1
1
1
1
1
1
1
1
1
1
1
1
1
1
1
1
1
1
1
1
1
1
1
1
1
1
1
1
1
1
1
1
1
1
1
1
1
1
1
1
1
1
1
1
1
1
1
1
1
1
1
1
1
1
1
1
1
1
1
1
1
1
1
1
1
1
1
1
1
1
1
1
1
1
1
1
1
1
1
1
1
1
1
1
1
1
1
1
1
1
1
1
1
1
1
1
1
1
1
1
1
1
1
1
1
1
1
1
1
1
1
1
1
1
1
1
1
1
1
1
1
1
1
1
1
1
1
1
1
1
1
1
1
1
1
1
1
1
1
1
1
1
1
1
1
1
1
1
1
1
1
1
1
1
1
1
1
1
1
1
1
1
1
1
1
1
1
1
1
1
1
1
1
1
1
1
1
1
1
1
1
1
1
1
1
1
1
1
1
1
1
1
1
1
1
1
1
1
1
1
1
1
1
1
1
1
1
1
1
1
1
1
1
1
1
1
1
1
1
1
1
1
1
1
1
1
1
1
1
1
1
1
1
1
1
1
1
1
1
1
1
1
1
1
1
1
1
1
1
1
1
1
1
1
1
1
1
1
1
1
1
1
1
1
1
1
1
1
1
1
1
1
1
1
1
1
1
1
1
1
1
1
1
1
1
1
1
1
1
1
1
1
1
1
1
1
1
1
1
1
1
1
1
1
1
1
1
1
1
1
1
1
1
1
1
1
1
1
1
1
1
1
1
1
1
1
1
1
1
1
1
1
1
1
1
1
1
1
1
1
1
1
1
1
1
1
1
1
1
1
1
1
1
1
1
1
1
1
1
1
1
1
1
1
1
1
1
1
1
1
1
1
1
1
1
1
1
1
1
1
1
1
1
1
1
1
1
1
1
1
1
1
1
1
1
1
1
1
1
1
1
1
1
1
1
1
1
1
1
1
1
1
1
1
1
1
1
1
1
1
1
1
1
1
1
1
1
1
1
1
1
1
1
1
1
1
1
1
1
1
1
1
1
1
1
1
1
1
1
1
1
1
1
1
1
1
1
1
1
1
1
1
1
1
1
1
1
1
1
1
1
1
1
1
1
1
1
1
1
1
1
1
1
1
1
1
1
1
1
1
1
1
1
1
1
1
1
1
1
1
1
1
1
1
1
1
1
1
1
1
1
1
1
1
1
1
1
1
1
1
1
1
1
1
1
1
1
1
1
1
1
1
1
1
1
1
1
1
1
1
1
1
1
1
1
1
1
1
1
1
1
1
1
1
1
1
1
1
1
1
1
1
1
1
1
1
1
1
1
1
1
1
1
1
1
1
1
1
1
1
1
1
1
1
1
1
1
1
1
1
1
1
1
1
1
1
1
1
1
1
1
1
1
1
1
1
1
1
1
1
1
1
1
1
1
1
1
1
1
1
1
1
1
1
1
1
1
1
1
1
1
1
1
1
1
1
1
1
1
1
1
1
1
1
1
1
1
1
1
1
1
1
1
1
1
1
1
1
1
1
1
1
1
1
1
1
1
1
1
1
1
1
1
1
1
1
1
1
1
1
1
1
1
1
1
1
1
1
1
1
1
1
1
1
1
1
1
1
1
1
1
1
1
1
1
1
1
1
1
1
1
1
1
1
1
1
1
1
1
1
1
1
1
1
1
1
1
1
1
1
1
1
1
1
1
1
1
1
1
1
1
1
1
1
1
1
1
1
1
1
1
1
1
1
1
1
1
1
1
1
1
1
1
1
1
1
1
1
1
1
1
1
1
1
1
1
1
1
1
1
1
1
1
1
1
1
1
1
1
1
1
1
1
1
1
1
1
1
1
1
1
1
1
1
1
1
1
1
1
1
1
1
1
1
1
1
1
1
1
1
1
1
1
1
1
1
1
1
1
1
1
1
1
1
1
1
1
1
1
1
1
1
1
1
1
1
1
1
1
1
1
1
1
1
1
1
1
1
1
1
1
1
1
1
1
1
1
1
1
1
1
1
1
1
1
1
1
1
1
1
1
1
1
1
1
1
1
1
1
1
1
1
1
1
1
1
1
1
1
1
1
1
1
1
1
1
1
1
1
1
1
1
1
1
1
1
1
1
1
1
1
1
1
1
1
1
1
1
1
1
1
1
1
1
1
1
1
1
1
1
1
1
1
1
1
1
1
1
1
1
1
1
1
1
1
1
1
1
1
1
1
1
1
1
1
1
1
1
1
1
1
1
1
1
1
1
1
1
1
1
1
1
1
1
1
1
1
1
1
1
1
1
1
1
1
1
1
1
1
1
1
1
1
1
1
1
1
1
1
1
1
1
1
1
1
1
1
1
1
1
1
1
1
1
1
1
1
1
1
1
1
1
1
1
1
1
1
1
1
1
1
1
1
1
1
1
1
1
1
1
1
1
1
1
1
1
1
1
1
1
1
1
1
1
1
1
1
1
1
1
1
1
1
1
1
1
1
1
1
1
1
1
1
1
1
1
1
1
1
1
1
1
1
1
1
1
1
1
1
1
1
1
1
1
1
1
1
1
1
1
1
1
1
1
1
1
1
1
1
1
1
1
1
1
1
1
1
1
1
1
1
1
1
1
1
1
1
1
1
1
1
1
1
1
1
1
1
1
1
1
1
1
1
1
1
1
1
1
1
1
1
1
1
1
1
1
1
1
1
1
1
1
1
1
1
1
1
1
1
1
1
1
1
1
1
1
1
1
1
1
1
1
1
1
1
1
1
1
1
1
1
1
1
1
1
1
1
1
1
1
1
1
1
1
1
1
1
1
1
1
1
1
1
1
1
1
1
1
1
1
1
1
1
1
1
1
1
1
1
1
1
1
1
1
1
1
1
1
1
1
1
1
1
1
1
1
1
1
1
1
1
1
1
1
1
1
1
1
1
1
1
1
1
1
1
1
1
1
1
1
1
1
1
1
1
1
1
1
1
1
1
1
1
1
1
1
1
1
1
1
1
1
1
1
1
1
1
1
1
1
1
1
1
1
1
1
1
1
1
1
1
1
1
1
1
1
1
1
1
1
1
1
1
1
1
1
1
1
1
1
1
1
1
1
1
1
1
1
1
1
1
1
1
1
1
1
1
1
1
1
1
1
1
1
1
1
1
1
1
1
1
1
1
1
1
1
1
1
1
1
1
1
1
1
1
1
1
1
1
1
1
1
1
1
1
1
1
1
1
1
1
1
1
1
1
1
1
1
1
1
1
1
1
1
1
1
1
1
1
1
1
1
1
1
1
1
1
1
1
1
1
1
1
1
1
1
1
1
1
1
1
1
1
1
1
1
1
1
1
1
1
1
1
1
1
1
1
1
1
1
1
1
1
1
1
1
1
1
1
1
1
1
1
1
1
1
1
1
1
1
3.42116
0.763504
0.10191
0.0597009
0.124069
0.165058
0.178944
0.235522
0.355147
0.533154
0.768014
1.0401
1.39405
1.57899
1.66499
1.73062
1.80803
1.86595
1.92316
1.94692
2.02682
2.07745
2.0639
2.04939
2.01171
2.01613
2.03549
2.06414
2.18482
2.32087
2.37281
2.40302
2.38689
2.35307
2.33321
2.32892
2.33151
2.33854
2.33448
2.31964
2.3022
2.28441
2.27619
2.28721
2.31981
2.36122
2.38496
2.38564
2.3729
2.35885
2.34301
2.32134
2.30504
2.30606
2.31071
2.29578
2.28485
2.28209
2.28179
2.28187
2.27607
2.26404
2.2446
2.21498
2.18309
2.15443
2.128
2.11055
2.10692
2.11044
2.11472
2.11367
2.10843
2.09135
2.05188
1.99973
1.97467
1.96639
1.96292
1.96825
1.97663
1.97426
1.96743
1.95522
1.92246
1.87101
1.84011
1.82881
1.82216
1.8281
1.84694
1.84467
1.82804
1.80761
1.77896
1.74465
1.71958
1.70835
1.70745
1.71165
1.71861
1.71771
1.71089
1.6998
1.67556
1.63989
1.60587
1.58542
1.58522
1.59077
1.59359
1.59373
1.59056
1.58384
1.56932
1.54031
1.50854
1.48816
1.47402
1.46461
1.45786
1.45291
1.45206
1.45058
1.44442
1.43718
1.42863
1.4156
1.39705
1.37818
1.36034
1.34267
1.326
1.31087
1.29475
1.2869
1.29387
1.30268
1.30798
1.30604
1.29812
1.27679
1.24809
1.23072
1.21936
1.20836
1.19957
1.19555
1.19295
1.18974
1.18649
1.18339
1.17859
1.17044
1.15448
1.13242
1.11431
1.09953
1.08666
1.07795
1.0711
1.06492
1.06169
1.06068
1.05352
1.03442
1.0154
1.0106
1.00675
1.00222
0.999651
0.994746
0.989778
0.98602
0.983658
0.97912
0.971636
0.960558
0.941741
0.920238
0.912855
0.911479
0.910051
0.907922
0.906354
0.906829
0.908554
0.909944
0.906558
0.901185
0.896107
0.892334
6.0386
2.69821
0.972413
0.604531
0.685775
0.616349
0.459896
0.42147
0.437555
0.487275
0.553217
0.62414
0.754116
0.954913
1.15732
1.33705
1.48009
1.5649
1.64037
1.74046
1.84221
1.89377
1.90238
1.91948
1.9431
1.97092
2.016
2.07001
2.17412
2.30227
2.35868
2.38235
2.3808
2.35452
2.31232
2.2929
2.29224
2.30455
2.32502
2.32137
2.31338
2.29815
2.27437
2.26923
2.27861
2.30755
2.35112
2.37797
2.38385
2.37872
2.36625
2.34507
2.32496
2.31662
2.31106
2.2943
2.282
2.27366
2.26293
2.25314
2.24473
2.23452
2.22384
2.21234
2.20296
2.19442
2.17885
2.15324
2.12302
2.10318
2.09598
2.09634
2.09573
2.08627
2.06921
2.04273
2.00869
1.98257
1.96642
1.95635
1.95253
1.9561
1.95423
1.94665
1.93375
1.91393
1.88582
1.85868
1.84212
1.8332
1.83109
1.82997
1.81871
1.80337
1.78701
1.76864
1.74773
1.72531
1.70623
1.69971
1.70105
1.70188
1.69644
1.68599
1.67066
1.65269
1.63481
1.6141
1.59426
1.58841
1.58664
1.58141
1.57346
1.56485
1.55204
1.53621
1.525
1.51236
1.49495
1.4756
1.46048
1.45007
1.44299
1.43665
1.42978
1.42144
1.41313
1.40474
1.39519
1.3841
1.37244
1.36086
1.34769
1.33045
1.31056
1.29583
1.29378
1.29593
1.29233
1.28708
1.28095
1.27201
1.26011
1.24755
1.23465
1.22147
1.20896
1.199
1.19226
1.18714
1.18181
1.17509
1.16741
1.15994
1.15084
1.13958
1.12724
1.11271
1.09624
1.08196
1.07194
1.06412
1.05719
1.04936
1.04318
1.03472
1.02361
1.0181
1.01359
1.00737
0.99996
0.994201
0.989437
0.984794
0.981054
0.975536
0.964361
0.951914
0.940124
0.929112
0.918468
0.913521
0.911757
0.909596
0.907317
0.907094
0.906681
0.904419
0.903527
0.901572
0.898965
0.896054
7.73471
4.59201
2.64019
1.7671
1.38361
1.1875
1.02652
0.854839
0.781147
0.730957
0.713121
0.725952
0.752063
0.833596
0.957327
1.07277
1.17328
1.2638
1.35165
1.46336
1.58336
1.69245
1.73473
1.77753
1.84366
1.92117
2.01105
2.11581
2.19845
2.29279
2.3814
2.41942
2.43203
2.4115
2.35827
2.29652
2.27368
2.27576
2.28537
2.29212
2.28809
2.28736
2.28464
2.28219
2.28664
2.30144
2.3339
2.36278
2.37848
2.38277
2.37731
2.36215
2.3455
2.33194
2.31721
2.2977
2.28589
2.27772
2.26667
2.25073
2.22773
2.20046
2.18306
2.17616
2.17715
2.1842
2.19228
2.19371
2.18028
2.15172
2.11443
2.07607
2.05063
2.04711
2.04731
2.04002
2.03258
2.02315
2.00826
1.98557
1.95722
1.92993
1.91235
1.90638
1.90561
1.90815
1.90715
1.89929
1.88706
1.86728
1.83845
1.81092
1.79432
1.78276
1.77414
1.76632
1.76028
1.75525
1.74571
1.72724
1.70141
1.67699
1.66026
1.64833
1.64215
1.63914
1.63671
1.63406
1.62909
1.61852
1.60199
1.57833
1.55156
1.53087
1.51799
1.51165
1.51375
1.51413
1.50539
1.49657
1.48651
1.47228
1.45316
1.43271
1.41404
1.39617
1.38391
1.37909
1.37701
1.37241
1.36758
1.36459
1.36126
1.35276
1.33929
1.32341
1.30445
1.28721
1.27735
1.26909
1.26018
1.2547
1.2512
1.24562
1.23954
1.23369
1.22742
1.21852
1.20582
1.18944
1.17331
1.16155
1.15291
1.14382
1.13712
1.13406
1.13043
1.1234
1.11229
1.09538
1.07647
1.06201
1.05048
1.0394
1.02982
1.02569
1.02433
1.02335
1.02182
1.01862
1.00947
1.00223
0.996141
0.98777
0.978566
0.969015
0.955913
0.941431
0.931
0.926826
0.923461
0.921199
0.919842
0.917712
0.91464
0.910939
0.905241
0.898189
0.894676
0.895562
0.896028
0.895149
9.04829
6.27461
4.54934
3.37765
2.40677
1.77874
1.65677
1.58458
1.43052
1.24553
1.16728
1.12886
1.06234
1.00151
0.994573
1.01889
1.04362
1.06731
1.08617
1.12276
1.19508
1.31373
1.43243
1.52194
1.61372
1.70759
1.80587
1.93545
2.03099
2.10992
2.19647
2.31106
2.37172
2.40307
2.40733
2.36542
2.30633
2.29587
2.29365
2.28383
2.26409
2.25011
2.24304
2.23973
2.24546
2.2629
2.29531
2.33399
2.36511
2.38926
2.3909
2.38124
2.36372
2.34194
2.31955
2.29722
2.28384
2.2758
2.26899
2.25723
2.23733
2.20955
2.18515
2.17028
2.16362
2.16569
2.17553
2.1856
2.18502
2.16422
2.12803
2.08934
2.05611
2.03483
2.02749
2.02382
2.02033
2.01633
2.00619
1.99188
1.97679
1.95756
1.93485
1.91884
1.91127
1.90736
1.90725
1.90244
1.88789
1.86705
1.84187
1.81865
1.79967
1.78258
1.76859
1.75855
1.75376
1.75323
1.75184
1.74199
1.71786
1.68655
1.66074
1.64464
1.63512
1.62858
1.62523
1.62722
1.62877
1.62329
1.61033
1.59146
1.56564
1.54223
1.52987
1.52013
1.51345
1.50779
1.49862
1.49038
1.48054
1.46852
1.45711
1.44606
1.43227
1.41459
1.39783
1.38614
1.377
1.36875
1.363
1.3601
1.35741
1.35213
1.34425
1.33427
1.31751
1.2928
1.27478
1.26526
1.258
1.2504
1.24263
1.23772
1.23391
1.23017
1.2264
1.22107
1.2121
1.1986
1.18161
1.16635
1.15312
1.14155
1.13683
1.13407
1.13021
1.124
1.11403
1.09786
1.07848
1.06461
1.05399
1.04168
1.0304
1.02343
1.02176
1.02082
1.02082
1.02003
1.01078
1.00226
0.994887
0.985906
0.977323
0.969449
0.957686
0.943809
0.93295
0.925827
0.921063
0.919796
0.91892
0.917335
0.915361
0.913212
0.909441
0.902997
0.898244
0.898451
0.897142
0.8937
10.3767
7.77862
5.83328
4.74334
3.89949
3.05569
2.39595
2.1566
1.98257
1.80497
1.70985
1.6006
1.4348
1.27886
1.25604
1.2223
1.16895
1.12881
1.11846
1.10039
1.10388
1.12363
1.1589
1.21709
1.29857
1.40552
1.51803
1.65303
1.78673
1.87505
1.97572
2.13495
2.21925
2.26976
2.31184
2.31516
2.31162
2.32997
2.33797
2.32519
2.29217
2.26334
2.24489
2.23574
2.23629
2.24641
2.27845
2.31758
2.34283
2.36283
2.3788
2.38375
2.37831
2.36754
2.35312
2.33251
2.30728
2.28194
2.25752
2.23299
2.20985
2.1913
2.18072
2.17965
2.18027
2.17852
2.17948
2.18245
2.17451
2.14825
2.11757
2.09374
2.07616
2.06257
2.04917
2.03514
2.01808
1.99726
1.98013
1.96862
1.96188
1.9589
1.95357
1.94941
1.94476
1.93718
1.92375
1.90026
1.86948
1.84342
1.82698
1.8157
1.80609
1.79718
1.78936
1.7811
1.76988
1.7546
1.73574
1.71439
1.69316
1.67718
1.66832
1.66288
1.65796
1.65216
1.6444
1.63283
1.61586
1.59631
1.57863
1.56653
1.55889
1.55268
1.54776
1.54486
1.53684
1.52265
1.50369
1.48354
1.46383
1.44699
1.43639
1.43086
1.42634
1.42053
1.41349
1.4047
1.39528
1.38606
1.37644
1.36638
1.35577
1.34416
1.3326
1.32017
1.30106
1.2827
1.27677
1.27403
1.27057
1.26405
1.25663
1.25013
1.24322
1.23409
1.22225
1.20971
1.198
1.18636
1.17578
1.16761
1.15996
1.15258
1.14703
1.1424
1.13608
1.12455
1.10624
1.0843
1.06632
1.05582
1.04804
1.04133
1.03835
1.03499
1.02846
1.0242
1.02223
1.01787
1.00784
0.995819
0.984839
0.975435
0.967678
0.961335
0.955652
0.950302
0.944441
0.935832
0.924067
0.917068
0.914855
0.912964
0.910658
0.907563
0.903984
0.901686
0.903872
0.906411
0.904446
0.898836
11.3246
9.13675
7.30448
5.87123
4.92445
4.18444
3.56747
3.09705
2.68393
2.29852
2.12873
2.01423
1.8586
1.70895
1.62719
1.54385
1.46087
1.40161
1.33887
1.25459
1.17105
1.15743
1.16681
1.17742
1.19038
1.21509
1.24942
1.2972
1.37059
1.4552
1.53802
1.6919
1.87092
2.01596
2.17425
2.23538
2.25319
2.28179
2.29679
2.28469
2.25553
2.2408
2.23831
2.23726
2.23643
2.2467
2.27822
2.31603
2.34502
2.36194
2.37633
2.38358
2.37865
2.36591
2.33977
2.29793
2.26036
2.23598
2.21621
2.20072
2.19129
2.19128
2.1991
2.2055
2.20235
2.1857
2.16404
2.1504
2.14075
2.12937
2.11838
2.10843
2.0977
2.08266
2.05911
2.02617
1.99579
1.97727
1.96569
1.95716
1.9597
1.97678
1.98719
1.98137
1.96718
1.94267
1.90655
1.87114
1.84847
1.83511
1.82629
1.81894
1.8124
1.80373
1.78919
1.76975
1.74948
1.73047
1.71272
1.69649
1.68697
1.68714
1.68813
1.68302
1.67054
1.65465
1.6372
1.61715
1.59451
1.57585
1.56694
1.56254
1.56257
1.56994
1.57485
1.56736
1.54679
1.51261
1.48274
1.46532
1.45276
1.44149
1.43125
1.42921
1.43067
1.43194
1.43171
1.42664
1.41261
1.39225
1.37088
1.35364
1.34069
1.32953
1.31592
1.29681
1.27896
1.27661
1.2781
1.28003
1.28128
1.27688
1.26922
1.2601
1.24837
1.23258
1.21593
1.2022
1.19031
1.17988
1.17326
1.17003
1.16737
1.16397
1.15958
1.15327
1.14087
1.11894
1.09504
1.07672
1.06383
1.05439
1.04668
1.04286
1.04356
1.04329
1.03927
1.03433
1.02839
1.01775
1.00263
0.989001
0.981217
0.975619
0.969595
0.964274
0.961476
0.957461
0.949824
0.936823
0.923037
0.917763
0.915848
0.914109
0.911841
0.908516
0.90429
0.902038
0.906838
0.91008
0.907657
0.90216
12.0859
10.077
8.41581
7.1506
6.03545
5.07255
4.42848
3.90185
3.45105
3.0194
2.68788
2.42842
2.21277
2.0866
2.00077
1.90232
1.75518
1.64504
1.56193
1.47935
1.40227
1.35611
1.31856
1.26413
1.22887
1.235
1.24919
1.25204
1.26073
1.27329
1.28309
1.32171
1.42634
1.58004
1.75844
1.95019
2.07752
2.18001
2.24019
2.23881
2.22291
2.21931
2.22129
2.21516
2.20894
2.21862
2.25601
2.29092
2.32029
2.34702
2.36475
2.37182
2.36282
2.33824
2.29931
2.25004
2.21315
2.19625
2.18747
2.18405
2.19245
2.20642
2.2117
2.21043
2.19717
2.17008
2.13439
2.10971
2.10667
2.11223
2.11077
2.10473
2.09383
2.07649
2.0498
2.01323
1.98734
1.97611
1.96733
1.96393
1.97783
1.9913
1.98188
1.96355
1.94071
1.91006
1.87891
1.85825
1.84519
1.8345
1.82512
1.81626
1.80569
1.78903
1.76785
1.74797
1.73334
1.72455
1.71937
1.71643
1.71452
1.70716
1.69048
1.67128
1.64944
1.62808
1.60971
1.59537
1.58679
1.5821
1.58211
1.59154
1.59891
1.59439
1.57842
1.55155
1.51398
1.47895
1.4641
1.4587
1.45528
1.45278
1.45021
1.45086
1.45172
1.44987
1.44229
1.42809
1.40594
1.37613
1.35135
1.33545
1.32476
1.31647
1.30389
1.28907
1.28988
1.29605
1.30375
1.30595
1.30136
1.29067
1.2711
1.24801
1.22854
1.21313
1.202
1.19405
1.18791
1.18636
1.18949
1.19242
1.19118
1.1841
1.1697
1.14761
1.11934
1.09435
1.08018
1.07198
1.06485
1.05961
1.05782
1.05799
1.05825
1.05612
1.05052
1.0397
1.02272
1.00506
0.99093
0.983347
0.981776
0.98157
0.979396
0.976359
0.973003
0.964407
0.945428
0.923619
0.915954
0.914251
0.913126
0.911526
0.90996
0.90824
0.907029
0.909168
0.914496
0.91554
0.911462
0.90338
12.6647
10.8692
9.27822
8.02964
6.92369
5.97107
5.29195
4.65626
3.97859
3.56892
3.27953
3.00161
2.68545
2.50133
2.37106
2.24174
2.11508
1.98416
1.86233
1.7395
1.64966
1.58433
1.52299
1.45863
1.39818
1.36622
1.33285
1.2871
1.27908
1.29384
1.29855
1.28962
1.29085
1.31184
1.36596
1.4805
1.64999
1.82081
1.98763
2.08086
2.13096
2.15173
2.15822
2.16497
2.17198
2.19047
2.22995
2.26785
2.29324
2.32437
2.34085
2.34136
2.32836
2.30209
2.26872
2.22896
2.19798
2.18317
2.1758
2.17379
2.17928
2.18851
2.19365
2.1923
2.17965
2.15259
2.12252
2.09664
2.0951
2.09899
2.09786
2.09161
2.08031
2.06466
2.04463
2.02224
2.00715
1.99781
1.99012
1.98392
1.97936
1.96608
1.94802
1.92903
1.91011
1.89317
1.87989
1.86815
1.85431
1.83804
1.82303
1.80994
1.79497
1.77549
1.75674
1.74882
1.74867
1.7492
1.74671
1.73754
1.71761
1.69221
1.66521
1.63981
1.62355
1.61373
1.60661
1.60131
1.60223
1.6131
1.6217
1.61878
1.60429
1.57798
1.54543
1.51259
1.48781
1.47828
1.47637
1.47989
1.48202
1.47879
1.47072
1.45767
1.44339
1.42992
1.4174
1.40282
1.38343
1.36424
1.35138
1.3425
1.33399
1.32587
1.31882
1.31759
1.31906
1.31772
1.31202
1.30199
1.28659
1.26598
1.24564
1.22824
1.2158
1.20895
1.20501
1.20294
1.20504
1.20876
1.20989
1.20707
1.19762
1.18009
1.15394
1.1235
1.09712
1.08544
1.08084
1.07768
1.07606
1.07653
1.07646
1.07423
1.06963
1.06111
1.04606
1.02536
1.00712
0.997656
0.993802
0.992432
0.994395
0.995895
0.993142
0.986454
0.975425
0.95428
0.925787
0.914316
0.912825
0.912354
0.912221
0.911858
0.911414
0.912814
0.916815
0.920889
0.921297
0.916666
0.910443
0.89907
13.068
11.451
10.0272
8.81821
7.69026
6.70909
5.95174
5.33194
4.71862
4.15949
3.76766
3.46386
3.16783
2.97553
2.81038
2.61499
2.43315
2.26273
2.108
1.99096
1.89153
1.82264
1.75822
1.6765
1.5984
1.54817
1.50445
1.46604
1.42807
1.40435
1.37383
1.33133
1.32353
1.32753
1.31878
1.31955
1.34721
1.41838
1.53327
1.67632
1.81126
1.90544
1.95639
2.01471
2.07172
2.10865
2.15216
2.20775
2.25638
2.31641
2.3364
2.32993
2.30592
2.27625
2.24899
2.23411
2.22681
2.21457
2.2011
2.19073
2.17795
2.16299
2.15133
2.1415
2.13117
2.12457
2.12052
2.11493
2.1136
2.11186
2.10536
2.09326
2.07726
2.06353
2.05221
2.04088
2.0294
2.01595
1.99822
1.97763
1.95826
1.94033
1.9229
1.90716
1.89882
1.89533
1.89001
1.88131
1.86627
1.84474
1.82259
1.8039
1.78698
1.77072
1.7674
1.7699
1.77164
1.76916
1.75718
1.73447
1.70399
1.66916
1.64203
1.62822
1.62211
1.61844
1.62047
1.63127
1.64291
1.64348
1.63266
1.61228
1.58308
1.54647
1.51524
1.49878
1.49454
1.49629
1.50408
1.50615
1.50033
1.48524
1.46495
1.44486
1.42629
1.41114
1.3984
1.38453
1.37248
1.37166
1.37199
1.36816
1.35997
1.35029
1.34236
1.33492
1.32364
1.30798
1.29032
1.27452
1.2602
1.24568
1.23526
1.23081
1.22905
1.23041
1.22925
1.2267
1.22373
1.21809
1.20792
1.19381
1.17779
1.15955
1.13911
1.11738
1.10549
1.10409
1.10286
1.09869
1.09319
1.08672
1.07884
1.06905
1.05752
1.04427
1.02871
1.01542
1.0103
1.00921
1.00999
1.01045
1.00833
1.0008
0.987511
0.972246
0.955709
0.93293
0.915548
0.912953
0.912664
0.913416
0.915361
0.919144
0.923086
0.926412
0.926625
0.923223
0.918555
0.912052
0.903817
0.894124
13.414
11.9429
10.6571
9.45722
8.31125
7.41794
6.64046
5.88716
5.25969
4.79627
4.35333
3.98101
3.63249
3.37792
3.17007
2.97274
2.78786
2.61269
2.42111
2.20305
2.11336
2.05814
1.99297
1.92643
1.85115
1.78179
1.71352
1.6411
1.59809
1.55936
1.51419
1.45218
1.38712
1.37598
1.3556
1.33911
1.3455
1.35548
1.36327
1.3798
1.4208
1.49217
1.59836
1.72613
1.83697
1.91076
1.97343
2.05559
2.1481
2.24066
2.28725
2.29783
2.29496
2.27057
2.25311
2.25033
2.25365
2.24844
2.23405
2.22104
2.20169
2.1611
2.11218
2.0888
2.08587
2.09346
2.1117
2.12954
2.13962
2.13876
2.13044
2.11478
2.09246
2.07502
2.06126
2.04416
2.02189
2.00111
1.98426
1.96723
1.9472
1.92692
1.9134
1.90886
1.91237
1.91397
1.91066
1.89932
1.87685
1.84811
1.82506
1.80762
1.79349
1.78729
1.787
1.7861
1.78084
1.7687
1.74973
1.72171
1.68739
1.6604
1.64898
1.64405
1.64112
1.6438
1.65369
1.65948
1.65219
1.63794
1.61861
1.59156
1.55726
1.53002
1.51783
1.51459
1.5167
1.51841
1.51764
1.51217
1.49819
1.47756
1.45389
1.43437
1.41964
1.40643
1.39448
1.38663
1.38764
1.38846
1.38413
1.37359
1.35961
1.3469
1.33642
1.32543
1.31069
1.29127
1.27309
1.26095
1.25361
1.24929
1.24774
1.24992
1.25115
1.24843
1.24272
1.23301
1.22064
1.2074
1.19354
1.17905
1.16504
1.15324
1.1445
1.13713
1.13007
1.11979
1.10691
1.09602
1.0866
1.07798
1.06906
1.05806
1.04535
1.03408
1.02741
1.02552
1.02611
1.02646
1.02447
1.01654
1.00285
0.987436
0.970724
0.955593
0.942097
0.925117
0.919105
0.918728
0.919725
0.922591
0.929038
0.934182
0.933507
0.929886
0.924649
0.918541
0.912298
0.906246
0.901514
0.897689
13.686
12.3813
11.1727
9.98326
8.94178
8.06196
7.23517
6.46012
5.88265
5.37198
4.89006
4.42987
4.11287
3.86373
3.59777
3.29413
3.06006
2.8854
2.71554
2.53822
2.41879
2.32487
2.2198
2.10415
2.03473
1.97299
1.9151
1.85222
1.78248
1.7243
1.66714
1.6154
1.56358
1.51737
1.46466
1.39595
1.37831
1.38627
1.38389
1.37705
1.35836
1.34948
1.36
1.39542
1.4627
1.55731
1.67815
1.79555
1.88762
1.98865
2.09807
2.19707
2.24552
2.24848
2.23159
2.22369
2.24028
2.26413
2.25682
2.23864
2.20963
2.15341
2.08622
2.06734
2.0676
2.07466
2.09361
2.12549
2.14743
2.14934
2.14398
2.13119
2.11053
2.08401
2.05641
2.02992
2.00234
1.97766
1.96428
1.95395
1.94297
1.93372
1.93124
1.93715
1.93561
1.92483
1.9053
1.88287
1.86141
1.84556
1.8315
1.81981
1.8096
1.8007
1.79328
1.78498
1.77258
1.75559
1.73159
1.70523
1.68757
1.67948
1.67476
1.67183
1.66964
1.66849
1.66362
1.65297
1.63931
1.62203
1.59849
1.57023
1.54971
1.54276
1.54015
1.53693
1.5317
1.5248
1.51367
1.49809
1.47838
1.4579
1.44371
1.43318
1.42414
1.41652
1.41042
1.40629
1.40049
1.39002
1.37518
1.3586
1.34536
1.33595
1.3272
1.31732
1.30355
1.28704
1.27859
1.27535
1.2725
1.26947
1.2658
1.26106
1.25382
1.24459
1.23434
1.2233
1.21156
1.19932
1.18726
1.1783
1.1722
1.16773
1.16334
1.1528
1.1336
1.11183
1.09493
1.08336
1.07625
1.07115
1.06554
1.05657
1.04741
1.04433
1.04421
1.04359
1.04139
1.03533
1.0232
1.00616
0.984841
0.96764
0.958334
0.951019
0.941928
0.933433
0.931323
0.932043
0.934671
0.937315
0.937493
0.935623
0.930885
0.924446
0.918578
0.914119
0.91101
0.908717
0.908074
0.904751
13.9304
12.7509
11.6094
10.4566
9.50224
8.64417
7.8092
7.02993
6.44614
5.89861
5.41372
4.9415
4.57139
4.24911
3.95707
3.66679
3.4224
3.19795
2.94519
2.769
2.67964
2.59139
2.49988
2.38477
2.27277
2.16813
2.0731
1.99204
1.93488
1.87747
1.82689
1.78301
1.74273
1.69757
1.63834
1.56754
1.4965
1.46227
1.43606
1.40352
1.36965
1.35167
1.34729
1.34072
1.34012
1.35277
1.38818
1.4478
1.51554
1.60454
1.72189
1.86923
2.00418
2.10182
2.13946
2.17351
2.21256
2.23475
2.23154
2.21932
2.19304
2.1385
2.08293
2.06948
2.06936
2.07222
2.0832
2.10573
2.12634
2.13127
2.12763
2.11794
2.10229
2.08044
2.05168
2.01494
1.97968
1.9582
1.94664
1.93822
1.93534
1.94546
1.9558
1.95483
1.94287
1.91918
1.89113
1.86639
1.84804
1.83502
1.82969
1.82394
1.81472
1.80443
1.79418
1.78094
1.76252
1.73872
1.71799
1.70802
1.70421
1.70157
1.69544
1.68753
1.67846
1.66728
1.65435
1.64002
1.62413
1.60516
1.58307
1.56822
1.5636
1.56108
1.5557
1.54693
1.53394
1.51725
1.49782
1.47462
1.45545
1.44582
1.44166
1.43915
1.43639
1.4329
1.42679
1.41579
1.40089
1.38263
1.36132
1.34439
1.33641
1.33115
1.32512
1.31789
1.31091
1.30715
1.30486
1.29963
1.29033
1.27727
1.26397
1.25319
1.24349
1.23378
1.22387
1.21503
1.20715
1.19938
1.19634
1.19463
1.18958
1.17999
1.16554
1.14685
1.12183
1.09594
1.08256
1.07589
1.07246
1.07168
1.0714
1.0678
1.06425
1.06256
1.05995
1.05343
1.04185
1.02725
1.00861
0.986686
0.970364
0.963293
0.960314
0.957367
0.952337
0.948358
0.946196
0.944919
0.942314
0.938004
0.933454
0.929478
0.925396
0.921492
0.918083
0.916108
0.91733
0.918364
0.916951
0.909641
14.1019
13.0055
11.9004
10.8541
9.97864
9.13193
8.27253
7.58751
6.99411
6.41179
5.82966
5.38256
5.02768
4.66419
4.31667
3.9641
3.71287
3.4969
3.29733
3.12733
2.97887
2.82522
2.67662
2.58243
2.50033
2.40465
2.30827
2.20046
2.0919
1.99423
1.9357
1.909
1.88555
1.8432
1.78713
1.73331
1.6754
1.62264
1.57185
1.51099
1.42745
1.38828
1.37809
1.36287
1.35423
1.35608
1.37004
1.36941
1.36019
1.36288
1.38195
1.44076
1.56326
1.72469
1.9198
2.09672
2.20107
2.2017
2.18123
2.15766
2.12667
2.08147
2.06246
2.06258
2.07065
2.08591
2.09267
2.10059
2.1046
2.10136
2.09462
2.0877
2.07786
2.06217
2.03902
2.00911
1.9791
1.95956
1.94542
1.9392
1.94765
1.96291
1.96213
1.95009
1.92611
1.89521
1.87362
1.85925
1.84488
1.83432
1.82721
1.81939
1.81111
1.80296
1.79371
1.77918
1.7547
1.73113
1.72251
1.71784
1.71212
1.70325
1.69213
1.68002
1.66857
1.65743
1.64544
1.63127
1.61433
1.5982
1.5887
1.58347
1.57815
1.57061
1.55765
1.54062
1.52306
1.50366
1.48227
1.46228
1.45056
1.44799
1.44745
1.44559
1.44153
1.4336
1.42175
1.40811
1.39379
1.37713
1.35653
1.34529
1.34209
1.33917
1.33586
1.33334
1.33032
1.32434
1.31381
1.30058
1.28652
1.2715
1.25626
1.24495
1.23578
1.22606
1.21833
1.21733
1.217
1.21424
1.21211
1.20831
1.19658
1.17659
1.1546
1.13067
1.10297
1.0868
1.08167
1.07997
1.08009
1.08361
1.08787
1.08559
1.08095
1.07403
1.06278
1.04714
1.02867
1.00927
0.99156
0.979178
0.973905
0.971564
0.97125
0.968597
0.963695
0.957263
0.950378
0.943661
0.936824
0.931617
0.928615
0.926397
0.924298
0.922731
0.923901
0.928145
0.929909
0.9269
0.921926
0.906308
14.2747
13.2299
12.1637
11.1969
10.3502
9.51684
8.70479
8.0526
7.43415
6.84409
6.25809
5.83424
5.40573
5.00178
4.63124
4.33379
4.07329
3.80462
3.55818
3.41671
3.28737
3.13909
2.97818
2.82064
2.67896
2.55759
2.46752
2.39039
2.30227
2.21689
2.13295
2.04689
2.00933
1.9607
1.90971
1.86899
1.82442
1.76679
1.70227
1.62882
1.54376
1.51501
1.49702
1.47177
1.44536
1.42661
1.40857
1.38335
1.3565
1.33761
1.33184
1.33467
1.34784
1.38486
1.4964
1.67522
1.87867
2.03489
2.0863
2.0797
2.04375
2.01817
2.01706
2.02655
2.05506
2.07886
2.09035
2.09753
2.09916
2.08686
2.06821
2.05432
2.04206
2.02989
2.01517
2.00068
1.98996
1.98134
1.97198
1.96402
1.95849
1.95172
1.94164
1.92255
1.89169
1.87326
1.86554
1.85853
1.84971
1.83839
1.82865
1.82086
1.81342
1.80561
1.79522
1.77635
1.75121
1.73853
1.73097
1.72162
1.70881
1.69468
1.68205
1.6696
1.65778
1.64829
1.63922
1.62888
1.62011
1.61361
1.60521
1.59332
1.57842
1.56162
1.54351
1.52509
1.51041
1.49724
1.48225
1.46984
1.4657
1.46359
1.45888
1.45022
1.43705
1.4224
1.40972
1.3994
1.38898
1.37636
1.36696
1.36414
1.36243
1.35912
1.35342
1.34415
1.33142
1.318
1.30476
1.29062
1.27556
1.26131
1.25087
1.24257
1.23492
1.23009
1.23058
1.23378
1.23307
1.22875
1.22128
1.20901
1.19144
1.16399
1.13298
1.11314
1.09999
1.09402
1.09283
1.09429
1.09862
1.1018
1.10046
1.09627
1.08655
1.07134
1.05358
1.03205
1.01088
0.99701
0.989903
0.987761
0.986494
0.983313
0.977899
0.970829
0.963021
0.954221
0.944669
0.936658
0.931499
0.929109
0.927657
0.926707
0.927545
0.931638
0.938617
0.941571
0.937766
0.928928
0.917296
0.89619
14.4395
13.4273
12.422
11.5281
10.6812
9.82624
9.10411
8.47572
7.85255
7.21436
6.67779
6.23624
5.7923
5.38084
4.96565
4.66448
4.39021
4.14577
3.92686
3.73325
3.53373
3.35415
3.21865
3.0962
2.96042
2.81628
2.62233
2.48772
2.43231
2.38626
2.33479
2.2616
2.18983
2.10827
2.0215
1.95886
1.92863
1.883
1.81816
1.72903
1.65612
1.63691
1.61671
1.58755
1.55221
1.51702
1.47218
1.41616
1.36726
1.35776
1.36259
1.36151
1.35292
1.34503
1.35174
1.38365
1.46391
1.59117
1.71655
1.85362
1.91588
1.94388
1.96421
1.97718
2.00674
2.04173
2.06151
2.07004
2.0729
2.07127
2.06332
2.0395
2.01549
2.00264
1.99287
1.98631
1.99127
1.99894
1.99566
1.98519
1.97174
1.95297
1.92195
1.88364
1.86607
1.86176
1.86001
1.86046
1.85729
1.84941
1.8429
1.83694
1.82814
1.8139
1.7907
1.76385
1.74618
1.73682
1.72775
1.71626
1.70232
1.69081
1.68078
1.66823
1.65415
1.64513
1.64027
1.63698
1.63287
1.62428
1.60854
1.58889
1.57056
1.55267
1.53414
1.51746
1.50683
1.49953
1.49486
1.49264
1.48851
1.48059
1.46698
1.44767
1.42887
1.41544
1.40659
1.39964
1.39276
1.38818
1.38741
1.38652
1.38304
1.37382
1.35618
1.33697
1.32029
1.3049
1.29069
1.2771
1.26382
1.25602
1.25246
1.24995
1.24856
1.2501
1.25196
1.25003
1.24399
1.2332
1.21748
1.19764
1.17196
1.14379
1.12515
1.11686
1.11501
1.11491
1.11618
1.11797
1.1168
1.11245
1.10489
1.09297
1.07704
1.05723
1.03668
1.02033
1.00835
1.00337
1.00215
1.00121
0.998106
0.988386
0.973161
0.962021
0.955271
0.947784
0.939174
0.933953
0.932199
0.931166
0.930582
0.932736
0.9389
0.947299
0.950887
0.947096
0.936544
0.922738
0.904988
0.888327
14.5356
13.5802
12.6657
11.8148
10.9749
10.1529
9.48147
8.84003
8.2059
7.58104
7.10146
6.61573
6.16352
5.70249
5.34259
5.03946
4.73415
4.4495
4.20782
4.02683
3.8271
3.6384
3.42894
3.26778
3.14591
3.02347
2.86125
2.72223
2.62659
2.53166
2.44389
2.40098
2.34818
2.27515
2.19944
2.11151
2.04154
1.971
1.90611
1.83097
1.78428
1.76834
1.74411
1.71359
1.67828
1.63907
1.58674
1.51724
1.43945
1.41677
1.41543
1.40813
1.38776
1.37237
1.36457
1.36673
1.36902
1.37939
1.4052
1.47215
1.58831
1.708
1.82974
1.89384
1.93693
1.97063
1.98675
1.9987
2.01782
2.03326
2.03334
2.02934
2.01421
1.9923
1.98206
1.9819
1.99717
2.0141
2.00709
1.99303
1.97544
1.94503
1.89782
1.86889
1.8622
1.85934
1.85918
1.8664
1.86722
1.86126
1.85817
1.85386
1.84128
1.81362
1.77695
1.75076
1.73634
1.72559
1.71631
1.70737
1.69972
1.69355
1.68616
1.67565
1.66557
1.65708
1.65042
1.64297
1.63142
1.61664
1.59927
1.58108
1.56459
1.54812
1.52999
1.52145
1.51944
1.51685
1.51263
1.5056
1.49378
1.47859
1.46228
1.44433
1.43021
1.42311
1.4172
1.41171
1.40715
1.40471
1.40303
1.39871
1.38781
1.37047
1.34736
1.32354
1.30678
1.29347
1.28109
1.2704
1.26446
1.26243
1.26262
1.26477
1.2678
1.26873
1.26607
1.25842
1.24483
1.22731
1.20477
1.17724
1.15665
1.14492
1.13876
1.1378
1.13888
1.13788
1.13525
1.12909
1.11951
1.10839
1.09652
1.08162
1.0617
1.04165
1.02884
1.0236
1.02145
1.01975
1.01746
1.01161
0.997937
0.978044
0.963091
0.957141
0.952477
0.946021
0.940477
0.937798
0.936656
0.936269
0.938912
0.946459
0.954675
0.957722
0.954238
0.943783
0.929498
0.91067
0.896124
0.890317
14.6961
13.7738
12.9228
12.0962
11.2587
10.5185
9.86323
9.20836
8.53723
7.97554
7.47759
6.9814
6.50814
6.05636
5.72094
5.37153
5.06597
4.76536
4.52796
4.29271
4.0519
3.85966
3.68629
3.52254
3.35094
3.15543
3.00704
2.92508
2.84518
2.75719
2.64242
2.5442
2.46025
2.38348
2.32664
2.26641
2.18681
2.09555
2.00708
1.92689
1.89862
1.8807
1.84983
1.81238
1.77945
1.74242
1.69042
1.63025
1.57064
1.52394
1.49587
1.46505
1.42143
1.39948
1.40027
1.40434
1.40138
1.38918
1.35724
1.34069
1.35721
1.40551
1.49768
1.62353
1.74841
1.86884
1.89157
1.89992
1.91511
1.93028
1.96865
1.99617
1.99387
1.98459
1.98658
1.99424
2.00289
2.00746
1.99963
1.9807
1.95532
1.91934
1.87864
1.86275
1.86295
1.86496
1.87149
1.88343
1.88087
1.87266
1.86402
1.85273
1.83299
1.79974
1.76692
1.74671
1.73086
1.71796
1.70905
1.70172
1.69768
1.69869
1.69585
1.68861
1.68
1.66833
1.65187
1.63339
1.61829
1.60432
1.58896
1.57393
1.55973
1.54857
1.54523
1.54516
1.54225
1.53301
1.51504
1.49546
1.4808
1.46806
1.45592
1.44679
1.44142
1.43653
1.43134
1.42569
1.4193
1.41237
1.40495
1.39479
1.38045
1.35974
1.33622
1.31943
1.30524
1.29304
1.28384
1.27792
1.27512
1.27475
1.27677
1.27823
1.27686
1.27322
1.26622
1.25433
1.23707
1.21393
1.19084
1.1746
1.16841
1.16663
1.16289
1.15822
1.15212
1.14264
1.13198
1.1225
1.11327
1.1025
1.08887
1.07124
1.0523
1.0414
1.03784
1.0364
1.03455
1.03077
1.02182
1.00682
0.985177
0.966642
0.96111
0.958083
0.955204
0.953139
0.949234
0.946206
0.945316
0.946762
0.954169
0.961751
0.963003
0.959191
0.949637
0.935568
0.917579
0.904867
0.900288
0.898518
14.7792
13.9249
13.1155
12.3102
11.5042
10.8103
10.1592
9.50828
8.86463
8.33302
7.79859
7.30612
6.799
6.41706
6.05802
5.70145
5.37582
5.05307
4.8133
4.55595
4.31641
4.08034
3.89101
3.72476
3.55047
3.38286
3.23228
3.11147
2.99935
2.91268
2.83384
2.74375
2.64398
2.54486
2.42465
2.34913
2.28347
2.21387
2.14509
2.0739
2.04584
2.01594
1.97371
1.91896
1.86549
1.8211
1.76692
1.71568
1.67747
1.64736
1.61919
1.58412
1.54103
1.48489
1.45461
1.45102
1.4425
1.41628
1.37123
1.33911
1.33374
1.3334
1.34216
1.3787
1.45143
1.55058
1.63176
1.70609
1.7628
1.78716
1.83034
1.88138
1.92041
1.95182
1.98486
2.01502
2.01422
2.01026
2.00077
1.97441
1.92815
1.88049
1.8623
1.86086
1.86104
1.86814
1.88675
1.89289
1.88509
1.87364
1.85946
1.83927
1.80587
1.77304
1.75847
1.74794
1.73616
1.72348
1.71367
1.70609
1.70276
1.70446
1.7021
1.69625
1.68512
1.66766
1.64598
1.62623
1.61223
1.59928
1.58426
1.57199
1.56559
1.56394
1.56448
1.56254
1.55339
1.53083
1.50083
1.48069
1.4706
1.46353
1.45678
1.45172
1.44761
1.44315
1.43814
1.43184
1.42377
1.41366
1.40024
1.38302
1.36147
1.33984
1.32716
1.31896
1.31174
1.30467
1.29769
1.29194
1.28881
1.28692
1.28517
1.28209
1.27645
1.26822
1.25742
1.2439
1.22607
1.20658
1.19531
1.19469
1.1943
1.18918
1.17868
1.16237
1.14538
1.13246
1.12383
1.11698
1.10905
1.09892
1.08518
1.06924
1.05931
1.05501
1.05029
1.04373
1.03577
1.02657
1.01381
0.993317
0.974697
0.968289
0.966453
0.96435
0.962165
0.96331
0.963978
0.959895
0.958272
0.960452
0.964972
0.964508
0.960748
0.95335
0.940439
0.924387
0.914249
0.910141
0.909197
0.910378
14.9896
14.1676
13.3596
12.5586
11.8198
11.1257
10.4413
9.77573
9.21403
8.66451
8.1182
7.57363
7.10518
6.74232
6.35138
6.00552
5.63883
5.35174
5.07455
4.79448
4.55004
4.31501
4.13332
3.93331
3.74065
3.56116
3.44885
3.34133
3.22588
3.09634
2.96076
2.8764
2.79563
2.70855
2.59147
2.48284
2.39092
2.31677
2.24714
2.19988
2.18043
2.1481
2.10058
2.05037
1.99276
1.91635
1.82435
1.74828
1.72693
1.71824
1.70755
1.68622
1.65457
1.6132
1.57789
1.54891
1.50888
1.45307
1.38964
1.3643
1.36207
1.35562
1.35208
1.35804
1.37148
1.38449
1.40242
1.42059
1.45637
1.51516
1.58889
1.67684
1.7544
1.8398
1.92602
1.98807
2.01114
2.01422
2.00986
1.9765
1.90862
1.86333
1.84984
1.84738
1.85035
1.86809
1.89063
1.88822
1.87736
1.86421
1.84614
1.81419
1.77571
1.757
1.74735
1.7412
1.73963
1.73487
1.72982
1.72633
1.72092
1.71444
1.70557
1.69061
1.67203
1.65325
1.63693
1.62468
1.61625
1.6071
1.5966
1.59037
1.58586
1.58036
1.57385
1.56223
1.54055
1.50955
1.48734
1.47778
1.47258
1.46829
1.46204
1.4549
1.44941
1.44475
1.43963
1.43293
1.42372
1.41098
1.39325
1.36825
1.34279
1.331
1.32841
1.32697
1.32307
1.31734
1.30967
1.30194
1.29596
1.29123
1.28637
1.28056
1.27302
1.26352
1.25192
1.23858
1.22475
1.2182
1.21987
1.21962
1.21233
1.19628
1.17423
1.15226
1.13441
1.12473
1.12062
1.11716
1.11061
1.10171
1.09196
1.08282
1.07372
1.06267
1.04991
1.03781
1.02816
1.01755
1.0018
0.985329
0.978675
0.977001
0.975779
0.974322
0.973115
0.976079
0.976164
0.969927
0.966733
0.964951
0.963067
0.959592
0.953416
0.942759
0.93032
0.922247
0.919032
0.918605
0.921773
0.914906
15.0171
14.2526
13.4805
12.7072
12.0142
11.349
10.665
10.0238
9.48101
8.93549
8.40368
7.84625
7.43076
7.02177
6.64495
6.27803
5.93385
5.6428
5.32178
5.05899
4.7935
4.57431
4.36748
4.15442
3.9759
3.79821
3.67189
3.53508
3.40872
3.29106
3.1642
3.04855
2.93378
2.81751
2.71067
2.62419
2.5414
2.47489
2.40028
2.33425
2.29572
2.24792
2.19414
2.14962
2.10106
2.01973
1.93527
1.86891
1.81832
1.79817
1.78846
1.7659
1.73654
1.71079
1.68434
1.64905
1.59888
1.5258
1.43356
1.40248
1.39959
1.39144
1.38344
1.38504
1.39138
1.38919
1.36411
1.32471
1.30942
1.31712
1.3442
1.4058
1.51014
1.63239
1.75576
1.85321
1.93817
1.96022
1.96388
1.95367
1.91423
1.87185
1.84332
1.84015
1.85045
1.87505
1.88586
1.88242
1.87002
1.85063
1.82147
1.78635
1.76072
1.74785
1.73893
1.73144
1.73355
1.74143
1.74252
1.73787
1.73106
1.72347
1.70567
1.67636
1.65243
1.63681
1.62831
1.62597
1.6249
1.62125
1.61751
1.61471
1.60848
1.59498
1.57096
1.53869
1.50577
1.48907
1.48188
1.4767
1.47373
1.47229
1.46618
1.45861
1.45255
1.44756
1.44185
1.43364
1.42087
1.40256
1.37953
1.35434
1.34021
1.33827
1.33886
1.33651
1.33145
1.32322
1.31344
1.30417
1.29645
1.29027
1.28472
1.27918
1.27285
1.2658
1.25869
1.25254
1.24869
1.24612
1.2406
1.22805
1.20927
1.18656
1.16255
1.14073
1.1308
1.12884
1.12818
1.12624
1.12063
1.11172
1.10042
1.08601
1.0699
1.05462
1.04145
1.03086
1.02129
1.01025
0.997034
0.990405
0.988466
0.986769
0.985422
0.983699
0.983175
0.98401
0.978457
0.971063
0.966693
0.962563
0.95704
0.950212
0.94249
0.934716
0.929826
0.927685
0.928297
0.929927
0.925157
0.910056
15.1724
14.4059
13.6574
12.9508
12.2716
11.5911
10.9164
10.3365
9.76628
9.20576
8.63993
8.17366
7.75441
7.3171
6.91266
6.51893
6.22705
5.90054
5.59285
5.31426
5.04146
4.83193
4.59252
4.38877
4.18473
4.02596
3.8894
3.73279
3.58403
3.42326
3.32157
3.21006
3.08827
2.96224
2.82556
2.73943
2.66741
2.60405
2.54376
2.49355
2.44296
2.38176
2.31486
2.21372
2.11686
2.06162
2.02121
1.98582
1.94914
1.92354
1.8992
1.86141
1.81167
1.76827
1.74546
1.71827
1.67257
1.60242
1.52129
1.49883
1.48989
1.47377
1.44137
1.4218
1.42013
1.41089
1.37728
1.32961
1.30345
1.29961
1.29675
1.29885
1.31828
1.37022
1.47254
1.59592
1.71067
1.77415
1.81186
1.84011
1.85524
1.84502
1.82661
1.83086
1.86774
1.88919
1.88751
1.87791
1.85933
1.82699
1.79202
1.76863
1.75421
1.74511
1.73699
1.73068
1.73751
1.75197
1.74839
1.74078
1.73567
1.72734
1.70022
1.66362
1.64504
1.63675
1.63242
1.63171
1.63243
1.63249
1.6309
1.62625
1.61589
1.59402
1.55616
1.51158
1.489
1.48067
1.47559
1.47162
1.47477
1.47677
1.47089
1.46455
1.45969
1.45503
1.44693
1.43249
1.41231
1.38904
1.36633
1.35257
1.35101
1.35196
1.35015
1.34544
1.33684
1.32539
1.31436
1.30464
1.29609
1.29006
1.28681
1.2846
1.28277
1.28178
1.27996
1.2761
1.26884
1.25642
1.24065
1.22142
1.19766
1.17295
1.15246
1.14309
1.14054
1.13954
1.13761
1.13229
1.12175
1.10832
1.09351
1.07699
1.0603
1.04639
1.03506
1.02519
1.01594
1.00864
1.00432
1.00114
0.998351
0.996356
0.994879
0.993297
0.99314
0.990576
0.983759
0.977375
0.972805
0.967392
0.959842
0.953305
0.950522
0.949201
0.949058
0.951879
0.952279
0.946623
0.935771
0.916495
15.4523
14.6723
13.9295
13.2439
12.5639
11.8647
11.2223
10.6516
10.0732
9.48682
8.92837
8.49858
8.05435
7.63463
7.18344
6.83016
6.50506
6.15453
5.86419
5.54662
5.30575
5.05989
4.81691
4.6164
4.40183
4.25009
4.07297
3.90752
3.75164
3.60704
3.48814
3.34975
3.2219
3.07568
2.97144
2.89999
2.82563
2.74717
2.65985
2.60633
2.55386
2.49044
2.42131
2.3076
2.19691
2.14898
2.11288
2.07121
2.04067
2.02367
1.99929
1.96102
1.91698
1.86577
1.8178
1.76222
1.7045
1.65289
1.60893
1.59773
1.58878
1.57187
1.54385
1.50932
1.47543
1.43315
1.38294
1.34177
1.32417
1.32053
1.31435
1.30263
1.30241
1.30702
1.32153
1.35772
1.40314
1.45711
1.53445
1.60921
1.6917
1.73378
1.75952
1.801
1.84852
1.86652
1.86307
1.84929
1.82421
1.79311
1.77
1.75509
1.74807
1.74329
1.74335
1.75115
1.76558
1.76558
1.74894
1.73154
1.71728
1.70301
1.67698
1.65811
1.65467
1.6539
1.64939
1.64382
1.64052
1.63866
1.63443
1.62618
1.60737
1.5726
1.5286
1.5031
1.49244
1.48607
1.47981
1.4768
1.48249
1.48385
1.47803
1.47289
1.46945
1.46306
1.44855
1.42442
1.39833
1.38045
1.36739
1.36365
1.36502
1.36472
1.36145
1.35501
1.34437
1.33194
1.31974
1.30937
1.30116
1.29728
1.29668
1.29714
1.29807
1.29721
1.29069
1.27826
1.26447
1.24968
1.23254
1.2118
1.18836
1.16883
1.16057
1.15684
1.15295
1.14756
1.13846
1.12613
1.11118
1.09603
1.0815
1.06806
1.05553
1.04488
1.03656
1.02997
1.02571
1.02479
1.02267
1.01929
1.02078
1.02729
1.04075
1.05934
1.08307
1.10867
1.12914
1.14112
1.14536
1.1453
1.14612
1.14845
1.15225
1.15839
1.16719
1.17714
1.18179
1.17629
1.15616
1.14813
15.511
14.7503
14.0372
13.3599
12.6834
12.0065
11.4086
10.8195
10.2356
9.63837
9.16523
8.72277
8.27668
7.83301
7.40996
7.08028
6.71017
6.39785
6.08438
5.78696
5.53942
5.25872
5.03624
4.79919
4.61143
4.439
4.24092
4.07955
3.90217
3.77451
3.64026
3.49291
3.36407
3.2043
3.11921
3.04956
2.96633
2.88761
2.81366
2.74912
2.66681
2.57548
2.47486
2.35782
2.30447
2.2716
2.23639
2.19761
2.14835
2.10719
2.06955
2.02498
1.98557
1.94797
1.89728
1.82409
1.75687
1.70827
1.68675
1.67912
1.67072
1.65435
1.63177
1.60234
1.56139
1.50449
1.4348
1.3679
1.34826
1.34451
1.34271
1.33321
1.32515
1.32036
1.32028
1.31465
1.29715
1.2868
1.29888
1.3438
1.42241
1.54053
1.65164
1.73611
1.78399
1.79489
1.79549
1.78669
1.76322
1.7487
1.74382
1.73386
1.72535
1.72826
1.74918
1.77921
1.78941
1.77907
1.75884
1.73721
1.71325
1.68074
1.65769
1.65264
1.65323
1.66035
1.65704
1.65299
1.65152
1.64732
1.63724
1.61534
1.57617
1.53145
1.51073
1.50332
1.49802
1.49257
1.48954
1.49333
1.49866
1.49561
1.48959
1.48351
1.47559
1.46231
1.43909
1.40942
1.39306
1.38643
1.38168
1.37856
1.37843
1.37693
1.37355
1.36664
1.3559
1.34357
1.33098
1.32049
1.31332
1.30955
1.30795
1.30653
1.30359
1.29654
1.28516
1.27069
1.25372
1.23831
1.223
1.20476
1.18868
1.18211
1.17773
1.1707
1.16004
1.1449
1.12661
1.11398
1.10535
1.09596
1.08401
1.07509
1.07912
1.09129
1.10725
1.12625
1.14939
1.17393
1.19842
1.22925
1.28038
1.35835
1.45726
1.55943
1.65397
1.74124
1.82131
1.87231
1.88852
1.89391
1.89653
1.89733
1.89533
1.88907
1.87631
1.86121
1.85194
1.84227
1.82942
1.82164
15.6132
14.8784
14.1877
13.4988
12.8043
12.1765
11.6025
11.0141
10.4108
9.85399
9.41816
8.95344
8.49132
8.02017
7.68125
7.31989
6.94685
6.6132
6.27249
6.02842
5.7429
5.47774
5.24142
4.99492
4.82325
4.61184
4.42233
4.24272
4.07953
3.95356
3.79302
3.65035
3.49068
3.36044
3.2976
3.20729
3.11356
3.00921
2.93408
2.86786
2.77226
2.67434
2.5528
2.43775
2.4076
2.37751
2.3385
2.30484
2.26612
2.21755
2.16172
2.10427
2.04633
1.9947
1.94321
1.88138
1.83819
1.80579
1.78172
1.76821
1.75185
1.72785
1.69527
1.65935
1.61603
1.55979
1.5042
1.45536
1.42829
1.41431
1.39768
1.37582
1.35788
1.35095
1.3454
1.33166
1.3038
1.27079
1.26018
1.26329
1.27681
1.32332
1.41195
1.51678
1.60724
1.66101
1.7089
1.72184
1.71293
1.71639
1.71612
1.69905
1.69557
1.71052
1.75237
1.79187
1.79544
1.7853
1.76716
1.74492
1.71212
1.67116
1.65118
1.64851
1.64793
1.65648
1.65862
1.65544
1.65397
1.64861
1.63426
1.59799
1.54184
1.51163
1.50304
1.49814
1.49557
1.49953
1.50855
1.51555
1.51411
1.50849
1.50054
1.48717
1.47023
1.4507
1.4254
1.40645
1.40144
1.39932
1.39658
1.39383
1.39255
1.39119
1.38763
1.37749
1.36411
1.35229
1.341
1.33118
1.32282
1.31635
1.31179
1.30722
1.30033
1.28884
1.27351
1.25811
1.24601
1.23389
1.22159
1.21309
1.20869
1.20306
1.19527
1.18355
1.16731
1.14885
1.15014
1.16154
1.18217
1.21793
1.27581
1.35647
1.45799
1.57571
1.68801
1.78455
1.87475
1.95137
2.01642
2.07106
2.121
2.17179
2.23329
2.29547
2.3447
2.38173
2.41317
2.44351
2.46034
2.46488
2.46289
2.45452
2.4392
2.41658
2.38091
2.32742
2.2905
2.27122
2.26257
2.24347
15.867
15.1546
14.4476
13.7258
13.0325
12.4427
11.8491
11.2619
10.6511
10.1553
9.68845
9.2214
8.72719
8.30079
7.95391
7.55851
7.21197
6.82333
6.53897
6.26999
5.9618
5.71076
5.42274
5.22036
5.01983
4.79416
4.62078
4.41821
4.27649
4.12285
3.95402
3.81288
3.63837
3.55151
3.46973
3.35861
3.26024
3.15531
3.07552
2.97826
2.86482
2.75873
2.627
2.56879
2.54649
2.50302
2.45496
2.40151
2.34574
2.29619
2.24001
2.18683
2.13161
2.06376
1.99259
1.93475
1.90928
1.89206
1.87754
1.86116
1.83806
1.81024
1.77029
1.71181
1.64712
1.5918
1.5617
1.53689
1.51104
1.49566
1.47845
1.45493
1.42427
1.39943
1.3827
1.3571
1.3181
1.2803
1.26776
1.26725
1.27166
1.27775
1.29087
1.31898
1.36948
1.40586
1.44332
1.48507
1.5296
1.57936
1.64341
1.67002
1.6869
1.71641
1.75392
1.76758
1.76577
1.76164
1.75455
1.73704
1.70396
1.66693
1.65157
1.6486
1.64822
1.6565
1.65773
1.65143
1.64472
1.63626
1.61774
1.57459
1.53085
1.51464
1.50667
1.49984
1.4995
1.51297
1.5272
1.52754
1.52313
1.51484
1.49983
1.48105
1.4598
1.43936
1.42402
1.41927
1.41675
1.41469
1.41323
1.41115
1.40846
1.40406
1.39109
1.3711
1.35722
1.34773
1.33796
1.329
1.32057
1.31358
1.30883
1.30399
1.29591
1.2812
1.26462
1.25796
1.256
1.2519
1.25023
1.25531
1.26958
1.2911
1.32667
1.38323
1.46122
1.54575
1.63928
1.73974
1.85215
1.97871
2.11803
2.25605
2.38748
2.48864
2.55572
2.60807
2.66291
2.70628
2.73878
2.74547
2.72774
2.68487
2.62847
2.59644
2.57545
2.5599
2.55004
2.55178
2.56771
2.57425
2.57471
2.57189
2.55925
2.53875
2.50649
2.45661
2.40305
2.37703
2.36641
2.33677
16.1509
15.4261
14.7139
13.9803
13.3269
12.7211
12.1058
11.4844
10.9365
10.4693
9.96156
9.46126
8.95948
8.59555
8.19723
7.80872
7.42376
7.05207
6.78629
6.46441
6.18399
5.9024
5.62865
5.43339
5.19142
4.99193
4.79323
4.60753
4.46594
4.28312
4.12995
3.96333
3.81658
3.7397
3.62341
3.50474
3.391
3.2836
3.19762
3.08034
2.96594
2.84611
2.73224
2.7045
2.6714
2.6166
2.57328
2.52067
2.44522
2.37147
2.30541
2.25458
2.20256
2.13516
2.06284
2.01747
1.99441
1.97009
1.95214
1.93359
1.90756
1.87486
1.82858
1.75489
1.68189
1.6459
1.62935
1.6093
1.58544
1.56876
1.55307
1.53284
1.50634
1.47806
1.44408
1.39182
1.32355
1.2944
1.29238
1.29741
1.2989
1.29532
1.29367
1.29005
1.28324
1.26822
1.26014
1.272
1.30545
1.35509
1.43827
1.53539
1.61558
1.6877
1.73305
1.73653
1.72941
1.718
1.7132
1.70088
1.67451
1.65078
1.6464
1.64738
1.65868
1.6676
1.66111
1.64656
1.62988
1.61172
1.5853
1.55094
1.53191
1.52542
1.51884
1.51386
1.52106
1.53658
1.53779
1.53362
1.52515
1.5073
1.48439
1.4661
1.45295
1.44174
1.43793
1.43732
1.43503
1.43202
1.42967
1.42602
1.42004
1.40448
1.37818
1.35658
1.34488
1.33738
1.3298
1.32208
1.31448
1.30867
1.30693
1.30507
1.29962
1.30678
1.32467
1.3563
1.40181
1.46116
1.54316
1.65379
1.79256
1.95017
2.11344
2.27331
2.43357
2.57833
2.70919
2.80042
2.85705
2.87036
2.87205
2.87917
2.89271
2.88665
2.86786
2.86894
2.89861
2.92329
2.9214
2.90526
2.87231
2.81051
2.70408
2.60713
2.5644
2.54038
2.52342
2.51408
2.52612
2.54875
2.55436
2.56324
2.56746
2.55222
2.51784
2.45931
2.38996
2.34919
2.33009
2.30127
16.3977
15.6305
14.8874
14.1496
13.5284
12.9271
12.318
11.678
11.1818
10.6968
10.2014
9.67315
9.24347
8.87066
8.4437
8.05103
7.62004
7.33108
7.02348
6.68634
6.39644
6.06644
5.85037
5.61766
5.37152
5.18551
4.95742
4.80279
4.63089
4.44463
4.29508
4.11577
4.01303
3.90689
3.76394
3.65212
3.52316
3.42037
3.31169
3.1774
3.07027
2.94522
2.8805
2.85384
2.7974
2.73531
2.67809
2.61259
2.53745
2.45602
2.38813
2.33729
2.27002
2.20142
2.1433
2.11118
2.09165
2.07097
2.0454
2.00944
1.96561
1.91781
1.85764
1.7824
1.73656
1.71934
1.70384
1.67915
1.65157
1.63535
1.6194
1.59865
1.57289
1.54134
1.49537
1.436
1.38128
1.35794
1.3531
1.35207
1.34566
1.33384
1.32175
1.31066
1.29325
1.25854
1.22757
1.21805
1.21577
1.22544
1.26758
1.34513
1.44458
1.54942
1.6225
1.67122
1.68633
1.68719
1.67551
1.64529
1.62296
1.61805
1.61874
1.63821
1.67165
1.67862
1.67199
1.65535
1.62731
1.59185
1.55629
1.5339
1.52597
1.52257
1.52388
1.53335
1.55067
1.55319
1.54634
1.53554
1.5165
1.4881
1.46602
1.45823
1.45595
1.45513
1.45283
1.45156
1.45043
1.44696
1.44186
1.43307
1.41574
1.38776
1.36275
1.3493
1.33942
1.33226
1.32832
1.32527
1.32509
1.33374
1.36386
1.43087
1.54549
1.71209
1.90434
2.10129
2.27424
2.42459
2.56805
2.70486
2.82653
2.91745
2.991
3.0502
3.11295
3.1961
3.24515
3.24157
3.2198
3.1697
3.08391
3.00162
2.93322
2.89935
2.88852
2.88623
2.91287
2.924
2.9101
2.88039
2.83235
2.75746
2.65157
2.54868
2.49263
2.46452
2.44937
2.44525
2.45713
2.50064
2.53416
2.52676
2.50482
2.47721
2.43895
2.39413
2.34144
2.28251
2.24416
2.21348
16.5348
15.9048
15.0707
14.3584
13.749
13.1355
12.4773
11.8865
11.4205
10.9167
10.4011
9.85808
9.48282
9.06948
8.6611
8.22699
7.85294
7.5783
7.22757
6.9257
6.59116
6.30811
6.08897
5.81257
5.59514
5.35707
5.14827
4.99492
4.79135
4.62677
4.45115
4.29687
4.19647
4.04842
3.90744
3.77932
3.64459
3.54725
3.41566
3.2879
3.18306
3.07406
3.03792
2.98965
2.91152
2.85126
2.78467
2.70395
2.61499
2.52618
2.46873
2.41565
2.34189
2.28338
2.23616
2.2049
2.17733
2.15731
2.12991
2.0863
2.03233
1.96627
1.88165
1.82177
1.80454
1.79228
1.77712
1.75657
1.73033
1.70557
1.68115
1.65337
1.62108
1.58181
1.52399
1.47339
1.44821
1.43205
1.42754
1.42417
1.41312
1.39178
1.36488
1.33861
1.3039
1.26522
1.23826
1.22484
1.21593
1.21741
1.22666
1.24689
1.2881
1.35832
1.40546
1.43517
1.46425
1.49488
1.52922
1.55475
1.56753
1.57729
1.59067
1.62229
1.65469
1.66216
1.66066
1.64937
1.6214
1.57858
1.5475
1.53145
1.52164
1.51981
1.53382
1.5608
1.56911
1.55972
1.54556
1.5256
1.49524
1.47069
1.46452
1.46368
1.46649
1.47077
1.46642
1.46168
1.45972
1.4564
1.44731
1.42651
1.3935
1.36406
1.35233
1.34992
1.35337
1.36531
1.39481
1.45855
1.57756
1.75759
1.99259
2.27848
2.58504
2.84596
3.0395
3.18211
3.27447
3.32354
3.3356
3.34378
3.34178
3.32808
3.30432
3.29062
3.28919
3.2898
3.27493
3.24978
3.20859
3.13436
3.02774
2.93034
2.87325
2.85091
2.84634
2.86162
2.85534
2.82884
2.79473
2.75498
2.70433
2.64177
2.56098
2.47932
2.43163
2.41334
2.4079
2.41563
2.44834
2.46143
2.45767
2.44059
2.41587
2.38429
2.34645
2.30037
2.25666
2.21266
2.17402
2.14788
14.5382
16.1512
15.4124
14.6128
14.0014
13.3672
12.6837
12.1634
11.6593
11.1321
10.5532
10.1032
9.73906
9.29831
8.86288
8.3838
8.1009
7.78341
7.43217
7.11721
6.76699
6.54944
6.28687
6.02096
5.80769
5.53877
5.37003
5.17311
4.96464
4.79874
4.60394
4.48797
4.35799
4.18804
4.06363
3.90743
3.78343
3.67071
3.52462
3.41689
3.30118
3.22958
3.19045
3.11047
3.02821
2.9496
2.86976
2.79197
2.6951
2.61187
2.55366
2.4801
2.42531
2.38182
2.33978
2.30912
2.27466
2.24658
2.20493
2.14496
2.07977
2.0016
1.92207
1.89327
1.877
1.85796
1.83957
1.82081
1.80003
1.77752
1.75149
1.71931
1.6716
1.60407
1.54804
1.52617
1.50985
1.49528
1.49212
1.48994
1.47919
1.45816
1.42519
1.37616
1.31119
1.27437
1.26208
1.25027
1.24104
1.23806
1.24143
1.2499
1.25644
1.25977
1.25929
1.24919
1.24909
1.26334
1.30014
1.36299
1.43484
1.505
1.56192
1.59815
1.60885
1.61167
1.61832
1.61623
1.58924
1.55313
1.53677
1.52768
1.52416
1.53613
1.56122
1.57668
1.57087
1.55264
1.53176
1.50433
1.47465
1.46326
1.46319
1.46675
1.47861
1.48142
1.47418
1.46849
1.46508
1.46046
1.44422
1.40779
1.39263
1.40903
1.45654
1.54396
1.67874
1.87688
2.12714
2.39749
2.67746
2.9434
3.17313
3.36425
3.48117
3.52177
3.56814
3.57729
3.57602
3.56185
3.53487
3.50042
3.46047
3.4088
3.33203
3.26352
3.22821
3.19905
3.16338
3.11993
3.06378
2.99698
2.93237
2.86409
2.82737
2.80918
2.78289
2.75515
2.73384
2.71141
2.68506
2.64997
2.60553
2.56228
2.53209
2.48767
2.44042
2.41888
2.41164
2.4191
2.42648
2.40918
2.39252
2.3775
2.35267
2.3106
2.26692
2.23125
2.19687
2.16002
2.13104
2.10822
8.36249
14.472
15.7156
14.965
14.2569
13.5957
12.9319
12.421
11.907
11.3608
10.7515
10.3574
9.94774
9.51469
9.02339
8.62534
8.36214
7.99445
7.65726
7.26971
6.99546
6.77558
6.47383
6.23812
5.96263
5.73965
5.57017
5.33853
5.15561
4.95573
4.78613
4.66712
4.49202
4.33318
4.19225
4.02842
3.92499
3.79029
3.65688
3.55625
3.44097
3.39287
3.32711
3.22553
3.14418
3.04579
2.96755
2.87943
2.77715
2.7049
2.62673
2.55364
2.52476
2.48654
2.44317
2.40235
2.36145
2.32997
2.27858
2.20531
2.12068
2.02967
1.98598
1.97662
1.9624
1.9383
1.91412
1.88925
1.86191
1.83499
1.80527
1.76826
1.70616
1.63036
1.60156
1.59238
1.57549
1.55877
1.55515
1.5512
1.53859
1.51267
1.46976
1.4052
1.34938
1.33556
1.32794
1.31252
1.28846
1.2729
1.26646
1.26398
1.26189
1.25998
1.24822
1.21096
1.18296
1.18028
1.18558
1.21063
1.26186
1.34017
1.43976
1.52109
1.5406
1.54489
1.5444
1.53512
1.51586
1.50749
1.50294
1.50739
1.53411
1.56737
1.58067
1.5811
1.57392
1.5508
1.51688
1.48313
1.46464
1.46268
1.46317
1.46991
1.48623
1.48752
1.48044
1.47779
1.48104
1.48375
1.51284
1.59556
1.75572
2.01401
2.3101
2.62409
2.93532
3.26186
3.51228
3.6608
3.72428
3.7223
3.73005
3.72041
3.67879
3.6232
3.60334
3.59194
3.58686
3.57778
3.54703
3.50682
3.4502
3.3626
3.23685
3.11814
3.06802
3.04327
3.01515
2.98591
2.94813
2.92365
2.90604
2.88255
2.84094
2.76444
2.69138
2.658
2.64057
2.62497
2.60712
2.58371
2.56484
2.55658
2.55062
2.53417
2.50173
2.46412
2.42804
2.39643
2.3713
2.34627
2.32411
2.30307
2.27844
2.24783
2.21455
2.19618
2.18032
2.16314
2.14405
2.1258
2.22252
9.12414
14.3066
15.3263
14.6746
13.84
13.1958
12.6823
12.1554
11.5499
10.9931
10.6215
10.1836
9.7245
9.1809
8.87926
8.58003
8.21534
7.85424
7.46059
7.25285
6.97957
6.68726
6.42656
6.12012
5.95544
5.74356
5.51173
5.32508
5.10628
4.97893
4.82681
4.63386
4.49366
4.31061
4.17518
4.06393
3.91272
3.80255
3.68154
3.59544
3.54385
3.4432
3.34166
3.23845
3.13048
3.06595
2.97094
2.87035
2.78985
2.69839
2.66248
2.64557
2.60169
2.55378
2.49994
2.43919
2.39401
2.33425
2.2559
2.16322
2.08283
2.06216
2.05473
2.0383
2.01155
1.98673
1.96412
1.93818
1.90478
1.85942
1.79256
1.70963
1.67156
1.66514
1.65619
1.63888
1.62024
1.61346
1.60563
1.58866
1.55317
1.49285
1.42548
1.40058
1.39524
1.39149
1.37897
1.35648
1.33452
1.31668
1.30248
1.29009
1.27488
1.25232
1.21323
1.18324
1.17625
1.17502
1.17656
1.1867
1.21795
1.27341
1.32711
1.34198
1.34995
1.36317
1.38619
1.41489
1.43184
1.44919
1.47741
1.51969
1.55455
1.56057
1.56165
1.56021
1.54365
1.50184
1.47307
1.46698
1.46617
1.46787
1.48246
1.50511
1.52746
1.57145
1.65814
1.80024
2.01624
2.29011
2.61416
2.9416
3.26616
3.52227
3.74286
3.9441
4.10777
4.14224
4.11714
4.02989
3.88663
3.76329
3.67664
3.59949
3.55511
3.53091
3.52842
3.53422
3.5264
3.50113
3.44679
3.35037
3.22028
3.09166
2.9981
2.9645
2.95087
2.93445
2.92311
2.93365
2.94453
2.92549
2.88311
2.80503
2.68609
2.60967
2.59322
2.58671
2.59174
2.60345
2.61893
2.61003
2.58937
2.57747
2.5706
2.55594
2.50887
2.42056
2.35819
2.3314
2.30901
2.2798
2.2633
2.25601
2.24672
2.23708
2.23663
2.24303
2.23069
2.20349
2.1676
1.03147
2.61474
9.59975
14.1847
14.9681
14.2483
13.4671
12.9398
12.4134
11.7587
11.264
10.8635
10.422
9.90921
9.40065
9.14111
8.79742
8.43818
8.00663
7.69303
7.48971
7.18093
6.90693
6.56551
6.31898
6.1562
5.9056
5.69969
5.47261
5.28705
5.16018
4.96444
4.78999
4.62998
4.44229
4.3396
4.2003
4.05841
3.95028
3.81573
3.75304
3.67504
3.55308
3.45587
3.32104
3.22507
3.16328
3.06481
2.96576
2.86229
2.78915
2.78091
2.76559
2.71024
2.65178
2.58817
2.51701
2.45986
2.39102
2.30668
2.21471
2.15666
2.14514
2.13969
2.12287
2.09111
2.05787
2.02781
1.99776
1.95805
1.89951
1.81478
1.74569
1.73469
1.72954
1.71903
1.70227
1.68384
1.67309
1.66275
1.63972
1.58555
1.50735
1.46773
1.45949
1.45464
1.45171
1.43834
1.41472
1.39121
1.37221
1.3544
1.33562
1.30856
1.26231
1.21919
1.19288
1.18069
1.17502
1.17502
1.18114
1.19339
1.19926
1.19831
1.18812
1.17841
1.182
1.20016
1.24276
1.30692
1.3712
1.43471
1.4938
1.5146
1.51679
1.51919
1.52218
1.50929
1.47182
1.45711
1.45966
1.47097
1.5114
1.6032
1.77254
2.05719
2.43282
2.77781
3.09258
3.37999
3.56717
3.69986
3.83808
3.90629
3.99249
4.13253
4.26044
4.25994
4.22746
4.14758
3.9993
3.8083
3.65332
3.56081
3.4972
3.4646
3.45967
3.47611
3.46169
3.42797
3.384
3.3114
3.2112
3.10938
3.00381
2.94844
2.93145
2.92306
2.93153
2.96682
2.98126
2.95965
2.92125
2.85986
2.74083
2.63308
2.60584
2.59367
2.5903
2.59403
2.60423
2.63361
2.63815
2.61415
2.59949
2.59709
2.58212
2.53125
2.42749
2.35592
2.32616
2.30441
2.28475
2.27166
2.26574
2.26162
2.25381
2.25632
2.27322
2.27867
2.26716
2.21915
1.0001
1.05403
2.9319
9.96475
13.8185
14.5439
13.8539
13.2036
12.6361
12.0042
11.5461
11.1096
10.6572
10.0843
9.66639
9.39309
9.024
8.63983
8.17698
7.93894
7.70331
7.3969
7.0889
6.71058
6.5363
6.33734
6.08527
5.87016
5.61519
5.48157
5.32535
5.11466
4.95461
4.74505
4.6085
4.49856
4.33346
4.21353
4.07781
3.96543
3.90167
3.78991
3.6681
3.5625
3.40158
3.32132
3.26185
3.16889
3.07308
2.95601
2.90393
2.90403
2.88432
2.81537
2.73546
2.65647
2.57663
2.5114
2.44351
2.36917
2.29005
2.23935
2.22704
2.22207
2.20515
2.17288
2.13844
2.10364
2.06219
1.99806
1.91276
1.84204
1.81239
1.80448
1.79733
1.78373
1.76367
1.74262
1.72692
1.71132
1.67685
1.60082
1.53329
1.51784
1.51111
1.50732
1.50772
1.4958
1.4718
1.44702
1.42894
1.41129
1.38206
1.33724
1.2903
1.26281
1.24584
1.22813
1.21796
1.21326
1.20973
1.20749
1.20525
1.18966
1.14643
1.12105
1.11872
1.12009
1.13008
1.16488
1.23289
1.31903
1.40542
1.43568
1.44408
1.4525
1.45754
1.45419
1.43477
1.44666
1.51103
1.70122
2.08851
2.58016
3.10327
3.52246
3.80524
3.98309
4.07731
4.08601
4.09851
4.07626
4.05364
4.06699
4.14198
4.26694
4.27826
4.22005
4.11007
3.99035
3.83566
3.65271
3.5235
3.46259
3.44184
3.4513
3.46554
3.43973
3.40135
3.35404
3.28453
3.21008
3.12633
3.0522
3.01303
2.98587
2.9689
2.96029
2.97164
2.9899
2.97357
2.94074
2.89887
2.82519
2.71423
2.65127
2.63009
2.61213
2.59065
2.57276
2.58122
2.62057
2.62403
2.60847
2.60405
2.60394
2.58118
2.52022
2.413
2.34084
2.30976
2.28539
2.26505
2.2501
2.24429
2.24999
2.2566
2.26497
2.27575
2.27928
2.26874
2.22037
1
1.00022
1.07811
3.22646
9.84723
13.4685
14.2561
13.679
12.9067
12.2603
11.82
11.372
10.8925
10.2951
9.95617
9.62999
9.24397
8.82607
8.3911
8.18805
7.91143
7.60201
7.23795
6.90178
6.7487
6.51135
6.27438
6.0161
5.78889
5.67074
5.47601
5.28196
5.09271
4.88594
4.78995
4.6444
4.48202
4.35775
4.20071
4.12233
4.03386
3.89512
3.78544
3.66745
3.49072
3.41669
3.36106
3.27749
3.19255
3.07694
3.02179
3.01983
2.99109
2.90683
2.8079
2.72279
2.6439
2.56962
2.50102
2.4396
2.37832
2.32698
2.3136
2.30727
2.28715
2.24905
2.20608
2.16219
2.10921
2.02438
1.93533
1.90174
1.88883
1.87954
1.86824
1.8506
1.82685
1.80339
1.78176
1.7561
1.69696
1.60699
1.57598
1.56839
1.56167
1.55992
1.55852
1.54351
1.51834
1.49519
1.47629
1.45491
1.41641
1.36301
1.33083
1.31661
1.30256
1.28351
1.26827
1.25797
1.24873
1.23789
1.22518
1.19894
1.14325
1.11366
1.1107
1.1096
1.1112
1.11996
1.14464
1.19203
1.23389
1.24833
1.2617
1.29118
1.35037
1.38777
1.52314
1.81722
2.33947
2.97253
3.57909
4.05063
4.27115
4.35367
4.33018
4.30695
4.26173
4.19095
4.13466
4.08739
4.05442
4.08972
4.18763
4.16906
4.09396
3.99844
3.90069
3.79353
3.67851
3.5372
3.4686
3.46008
3.47665
3.47109
3.42124
3.36471
3.31819
3.26276
3.19409
3.13984
3.11609
3.0924
3.05543
3.0266
3.01147
3.00015
2.99086
2.97713
2.95286
2.91933
2.87687
2.81167
2.72455
2.67638
2.64821
2.61492
2.58075
2.56102
2.56799
2.60196
2.60475
2.5969
2.59099
2.57645
2.54261
2.47343
2.3715
2.30854
2.28657
2.26876
2.25266
2.24124
2.23968
2.25026
2.24853
2.23604
2.22979
2.22592
2.21717
2.17478
1
1
1.00038
1.10436
3.27554
9.64852
13.3638
14.0406
13.4288
12.5644
12.0763
11.6536
11.1116
10.5541
10.2482
9.86734
9.48098
8.98787
8.63319
8.43388
8.11749
7.79671
7.37854
7.12073
6.95463
6.69471
6.45556
6.15182
5.98563
5.85107
5.63459
5.45064
5.21299
5.0657
4.96312
4.7818
4.6353
4.47665
4.3424
4.27781
4.15204
4.00164
3.90547
3.77553
3.58579
3.51294
3.46893
3.40212
3.32622
3.21752
3.13573
3.12046
3.07999
2.98308
2.87464
2.78595
2.70898
2.63549
2.57062
2.52493
2.47663
2.42125
2.4042
2.39552
2.36908
2.32385
2.27392
2.2162
2.13399
2.03918
1.98795
1.97051
1.95875
1.95084
1.93864
1.91791
1.8909
1.86373
1.83386
1.79118
1.71199
1.64297
1.62947
1.62246
1.61663
1.61752
1.61136
1.59251
1.56597
1.54356
1.52012
1.4815
1.42758
1.39714
1.38679
1.37594
1.35955
1.34056
1.32574
1.31437
1.30218
1.28444
1.25178
1.20478
1.15422
1.13424
1.13062
1.12881
1.12812
1.13055
1.14118
1.14231
1.13281
1.11828
1.12475
1.18276
1.33141
1.75314
2.32142
2.98137
3.51795
3.97521
4.22479
4.34485
4.34451
4.30346
4.22837
4.19945
4.16616
4.12887
4.11725
4.11452
4.13753
4.12979
4.04152
3.95218
3.8702
3.7904
3.72486
3.65797
3.57728
3.55463
3.54165
3.53764
3.52401
3.46622
3.3619
3.28162
3.21773
3.18984
3.17405
3.1631
3.16166
3.16665
3.15164
3.11077
3.06353
3.02589
2.99622
2.96049
2.91512
2.86978
2.83021
2.78548
2.7246
2.6821
2.65525
2.62666
2.59871
2.5819
2.59026
2.59431
2.57999
2.568
2.55186
2.52433
2.48236
2.4178
2.33903
2.29216
2.27189
2.25486
2.24104
2.24425
2.25435
2.24202
2.2209
2.20149
2.18365
2.168
2.14835
2.10993
1
1
1
1.00059
1.11178
3.21473
9.63503
12.9847
13.6967
13.0771
12.399
11.9208
11.3274
10.849
10.512
10.1144
9.70966
9.16964
8.91272
8.66708
8.32223
7.97674
7.54011
7.34721
7.15609
6.89753
6.62253
6.31162
6.18801
6.02558
5.81553
5.6034
5.35399
5.25713
5.12144
4.92995
4.779
4.58592
4.49711
4.42246
4.27194
4.11285
4.01122
3.89619
3.7067
3.61203
3.5792
3.52712
3.45883
3.36026
3.25158
3.21212
3.15855
3.0493
2.93732
2.85052
2.77793
2.70913
2.65822
2.61922
2.57356
2.51922
2.49693
2.4821
2.44998
2.39732
2.33182
2.24757
2.14877
2.08602
2.06529
2.04862
2.0365
2.02746
2.01136
1.98411
1.95014
1.91445
1.87013
1.80558
1.73116
1.69483
1.68349
1.67588
1.67115
1.67131
1.66225
1.64006
1.61361
1.58747
1.54995
1.49127
1.45145
1.44537
1.44034
1.42838
1.41037
1.39167
1.37766
1.3671
1.3543
1.32718
1.27412
1.21991
1.19197
1.17355
1.16534
1.16133
1.15898
1.15738
1.15743
1.15843
1.19204
1.28171
1.50717
1.93857
2.42637
2.95088
3.41001
3.66096
3.81393
3.90823
3.95201
3.96862
3.94085
3.87505
3.79265
3.79363
3.84573
3.86219
3.88345
3.94792
3.93257
3.85588
3.80057
3.74659
3.67749
3.63137
3.59634
3.57715
3.59732
3.63834
3.65811
3.63252
3.58557
3.4952
3.33621
3.22961
3.18153
3.15769
3.14267
3.13933
3.17003
3.21406
3.20336
3.15239
3.09334
3.02597
2.96074
2.91082
2.86142
2.81143
2.77774
2.75192
2.72439
2.70006
2.67944
2.65712
2.63725
2.6268
2.60828
2.58142
2.55605
2.52678
2.48945
2.45156
2.42189
2.3851
2.33098
2.29371
2.27363
2.25518
2.24194
2.24839
2.24813
2.2226
2.19798
2.18219
2.16405
2.13612
2.1059
2.07473
1
1
1
1
1.00068
1.10887
3.24312
9.2026
12.5887
13.3756
12.9094
12.2844
11.5717
11.1332
10.7751
10.3966
9.91371
9.41046
9.19902
8.8727
8.52975
8.1565
7.74201
7.5925
7.36628
7.09221
6.7834
6.50849
6.3907
6.2059
5.99893
5.74266
5.52989
5.4378
5.2651
5.08179
4.89823
4.71923
4.66076
4.55686
4.39775
4.24127
4.10529
4.00553
3.85348
3.73355
3.6977
3.65663
3.59234
3.48328
3.34802
3.2884
3.23047
3.12511
3.01618
2.92402
2.84287
2.79662
2.7614
2.72069
2.67617
2.62096
2.58963
2.56627
2.5217
2.45524
2.3715
2.25936
2.17873
2.15955
2.14376
2.12066
2.10753
2.10089
2.08527
2.0551
2.01586
1.96749
1.89655
1.8219
1.7774
1.75653
1.7436
1.73375
1.72901
1.72423
1.71094
1.68869
1.66191
1.62318
1.55631
1.50418
1.49645
1.49564
1.48993
1.47613
1.45767
1.44012
1.42581
1.41234
1.39265
1.34844
1.28359
1.25504
1.2445
1.22767
1.21642
1.2114
1.21244
1.23378
1.30603
1.48505
1.86316
2.28045
2.83513
3.18629
3.49286
3.71971
3.78839
3.73668
3.6572
3.58912
3.50524
3.40994
3.32584
3.28694
3.26323
3.26812
3.32529
3.43136
3.53579
3.60117
3.57265
3.51109
3.49883
3.49531
3.4872
3.48541
3.50505
3.58192
3.697
3.74082
3.72516
3.68472
3.605
3.47168
3.32712
3.22003
3.14134
3.09997
3.08345
3.08311
3.12795
3.19057
3.18722
3.14251
3.09331
3.03128
2.94292
2.87011
2.82006
2.77161
2.7422
2.7255
2.71807
2.71506
2.70387
2.68719
2.6711
2.65148
2.61747
2.55741
2.49628
2.45515
2.41791
2.38525
2.37522
2.36762
2.3486
2.32252
2.29881
2.27518
2.25665
2.24904
2.22705
2.18847
2.15669
2.14561
2.13791
2.12247
2.10292
2.07778
1
1
1
1
1
1.00067
1.11196
3.07847
8.58232
12.2879
13.0697
12.767
11.9761
11.4142
11.0576
10.6897
10.0878
9.69963
9.45691
9.09227
8.75978
8.28029
8.00047
7.86256
7.56379
7.28167
6.94513
6.72122
6.60029
6.39342
6.17041
5.87667
5.71174
5.60732
5.41157
5.22931
5.00542
4.87582
4.82294
4.69044
4.53312
4.35977
4.1986
4.12752
4.02232
3.8716
3.81072
3.77824
3.72088
3.60715
3.44472
3.36008
3.30478
3.21127
3.10147
3.0056
2.92732
2.8941
2.86623
2.82231
2.76911
2.71238
2.67567
2.64928
2.60292
2.51581
2.38743
2.28057
2.25355
2.24117
2.223
2.20062
2.1863
2.17396
2.1509
2.11236
2.06328
1.99988
1.91529
1.85995
1.8366
1.81981
1.80675
1.7945
1.78597
1.7774
1.76305
1.73965
1.70153
1.63293
1.56293
1.54678
1.54624
1.54703
1.54072
1.5257
1.50594
1.48817
1.47342
1.45595
1.42023
1.35298
1.30844
1.30179
1.29628
1.28373
1.28738
1.32775
1.4676
1.8141
2.25681
2.82678
3.28154
3.64652
3.85271
3.85239
3.90984
3.9269
3.86585
3.7506
3.55665
3.38904
3.286
3.20628
3.14489
3.11136
3.09446
3.08353
3.09082
3.12387
3.15328
3.12909
3.08842
3.0444
3.03443
3.06737
3.12778
3.22358
3.32743
3.44795
3.56341
3.59058
3.57959
3.55538
3.4882
3.37282
3.29585
3.23114
3.13897
3.07787
3.05966
3.07419
3.13562
3.17335
3.1701
3.13706
3.09242
3.02783
2.92528
2.82929
2.7864
2.75644
2.72526
2.69929
2.69506
2.73067
2.74787
2.72289
2.69234
2.65945
2.5948
2.47993
2.40223
2.38298
2.37158
2.36238
2.36054
2.37061
2.38282
2.37082
2.33435
2.28962
2.25776
2.23331
2.19977
2.14354
2.11096
2.10832
2.10649
2.09931
2.09322
2.08247
1
1
1
1
1
1
1.0007
1.09749
2.72408
8.00425
11.9468
12.7494
12.4704
11.7915
11.3661
10.9314
10.313
9.96752
9.68967
9.37242
8.97453
8.4516
8.30405
8.09262
7.75712
7.47924
7.10859
6.94294
6.80663
6.58248
6.33374
6.02598
5.89457
5.76838
5.56676
5.37088
5.12961
5.04921
4.98233
4.82902
4.66691
4.46413
4.30305
4.25971
4.17208
4.02878
3.93695
3.89746
3.83203
3.69898
3.51499
3.4329
3.39166
3.31728
3.21101
3.09173
3.01138
2.99801
2.97783
2.92558
2.86674
2.80651
2.75905
2.72315
2.66004
2.55189
2.41055
2.34911
2.34055
2.32788
2.30578
2.27514
2.25683
2.24262
2.21623
2.1714
2.1075
2.01772
1.94305
1.91721
1.89909
1.88359
1.87257
1.85858
1.84446
1.83242
1.81548
1.78376
1.71659
1.62805
1.59717
1.59371
1.59362
1.59558
1.58941
1.57354
1.55185
1.53077
1.51289
1.48647
1.43008
1.36481
1.35314
1.35547
1.37623
1.45313
1.68761
2.12539
2.80276
3.40874
3.72066
4.04659
4.12624
4.17487
4.13991
4.08959
4.03498
3.95543
3.81861
3.62493
3.41828
3.27734
3.19489
3.12279
3.08225
3.05613
3.05107
3.05578
3.07032
3.06827
3.03175
2.97998
2.9255
2.87207
2.83042
2.81104
2.82029
2.87166
2.98863
3.15085
3.28463
3.3348
3.32402
3.30098
3.2549
3.20116
3.19439
3.17777
3.11888
3.07795
3.07161
3.11558
3.18879
3.19572
3.17209
3.13719
3.08866
3.01325
2.89506
2.7822
2.74306
2.72641
2.70444
2.68789
2.71878
2.77491
2.76826
2.72854
2.68908
2.62648
2.51132
2.39844
2.35982
2.34946
2.34527
2.35192
2.38544
2.41271
2.40971
2.3862
2.34494
2.2868
2.23282
2.19455
2.15773
2.11582
2.09508
2.09168
2.08891
2.08629
2.08793
2.08162
1
1
1
1
1
1
1
1.0006
1.06635
2.44747
7.322
11.4395
12.4822
12.2959
11.7681
11.2052
10.5749
10.2125
9.97831
9.68704
9.1591
8.7198
8.57713
8.28536
7.98735
7.66888
7.28671
7.18544
7.02437
6.77273
6.49432
6.19223
6.07194
5.92739
5.72942
5.51417
5.28729
5.22769
5.13822
4.97113
4.78878
4.55009
4.44694
4.41056
4.31465
4.15831
4.04952
4.00869
3.94099
3.79819
3.59199
3.49752
3.47509
3.42336
3.32664
3.2007
3.11781
3.10805
3.08316
3.02315
2.95885
2.89444
2.84102
2.78868
2.70245
2.56827
2.45523
2.43577
2.43011
2.41586
2.39052
2.36055
2.33097
2.30489
2.2707
2.21638
2.13565
2.04164
1.99812
1.98308
1.96574
1.95051
1.93834
1.92272
1.90489
1.89076
1.87002
1.81685
1.71208
1.65432
1.64823
1.64638
1.6477
1.64613
1.63812
1.62309
1.60136
1.57576
1.54614
1.50107
1.43075
1.41768
1.453
1.58858
1.9302
2.51603
3.19485
3.85798
4.39246
4.40498
4.40803
4.41825
4.35046
4.26217
4.17922
4.10133
3.99757
3.87941
3.73674
3.57972
3.41295
3.25661
3.20611
3.18062
3.16571
3.18462
3.22084
3.19629
3.14466
3.11044
3.07999
3.03476
2.98662
2.94306
2.89804
2.85227
2.82157
2.80678
2.79285
2.78877
2.79742
2.80421
2.79748
2.80595
2.83618
2.86347
2.89846
2.96486
2.97787
2.9778
2.99647
3.04705
3.11314
3.12811
3.11369
3.08678
3.04157
2.97038
2.87319
2.77728
2.73048
2.71585
2.71107
2.72929
2.76164
2.77679
2.74042
2.68382
2.61674
2.52794
2.43044
2.3862
2.37136
2.36211
2.36114
2.3866
2.42391
2.42557
2.40259
2.36607
2.31188
2.2484
2.19893
2.16639
2.13587
2.10624
2.09221
2.08981
2.08778
2.08417
2.08457
2.06732
1
1
1
1
1
1
1
1
1.00034
1.0488
2.21408
6.43936
11.0455
12.1387
12.1978
11.6812
10.9226
10.488
10.2775
9.93657
9.32042
8.98443
8.81528
8.5239
8.24076
7.78729
7.53224
7.45789
7.20935
6.93141
6.65293
6.36976
6.26073
6.1018
5.89773
5.65844
5.46128
5.40718
5.29342
5.11633
4.9014
4.65838
4.60338
4.56235
4.45299
4.30149
4.16902
4.10579
4.02825
3.884
3.68315
3.59279
3.57616
3.53419
3.44657
3.30281
3.21874
3.21649
3.19368
3.12473
3.05115
2.97914
2.90414
2.82683
2.7339
2.62795
2.55595
2.53862
2.52718
2.50519
2.46818
2.42619
2.39582
2.36634
2.32452
2.25621
2.15446
2.08181
2.06481
2.05063
2.03336
2.02052
2.00645
1.98935
1.96879
1.94675
1.9142
1.82926
1.7234
1.70197
1.69819
1.70014
1.69993
1.69458
1.68684
1.672
1.64744
1.62024
1.57398
1.52281
1.56453
1.74858
2.23524
2.93449
3.70136
4.23112
4.68953
4.83824
4.77053
4.66936
4.59567
4.46321
4.26926
4.15543
4.10027
4.03921
3.94853
3.84035
3.72616
3.58407
3.44343
3.36357
3.32829
3.30051
3.2746
3.28583
3.3168
3.28529
3.23286
3.18392
3.1332
3.08794
3.04552
2.99794
2.95659
2.9072
2.83012
2.77184
2.73605
2.7056
2.67533
2.64503
2.61035
2.58732
2.5982
2.61154
2.60966
2.63956
2.70886
2.79172
2.84469
2.89763
2.9531
2.95374
2.93027
2.91273
2.91065
2.89464
2.84132
2.8013
2.77087
2.75857
2.77606
2.80353
2.77963
2.73023
2.67623
2.6179
2.53979
2.45202
2.42761
2.42098
2.40879
2.39772
2.40169
2.4183
2.41191
2.39083
2.36342
2.3215
2.2635
2.22037
2.19188
2.16388
2.13792
2.11399
2.09137
2.0838
2.08045
2.07317
2.06326
2.03728
1
1
1
1
1
1
1
1
1
1.00021
1.03728
1.85497
5.68399
10.4595
11.5706
12.0003
11.5506
10.8236
10.4581
10.1101
9.61603
9.24204
9.03792
8.82636
8.48274
7.9469
7.81539
7.67309
7.37174
7.12586
6.79528
6.56916
6.48168
6.28228
6.06114
5.81556
5.64567
5.58166
5.4423
5.25383
5.0109
4.80565
4.77724
4.71876
4.58989
4.42649
4.2806
4.21508
4.12576
3.97912
3.78789
3.68586
3.67447
3.64556
3.5687
3.42606
3.32715
3.319
3.29221
3.21638
3.13358
3.04921
2.95532
2.86217
2.77782
2.71131
2.65415
2.63641
2.62636
2.60035
2.55422
2.49884
2.45457
2.41852
2.37117
2.28906
2.18597
2.1468
2.13743
2.12412
2.10845
2.09431
2.07512
2.05161
2.02583
1.98879
1.93272
1.84029
1.77408
1.75982
1.75521
1.75589
1.75139
1.74466
1.73682
1.72481
1.70428
1.67767
1.75069
2.00243
2.58284
3.35775
4.12618
4.66254
5.0822
5.15776
5.04702
4.89947
4.79416
4.7236
4.54222
4.29815
4.15658
4.10633
4.08474
4.02166
3.94137
3.85866
3.7598
3.65311
3.57034
3.5243
3.48832
3.4545
3.425
3.41817
3.39856
3.34241
3.27093
3.19871
3.1429
3.11125
3.07857
3.04899
3.01751
2.966
2.87971
2.75917
2.6808
2.64788
2.62293
2.59345
2.55612
2.52728
2.50987
2.5279
2.55074
2.53843
2.5005
2.48542
2.50801
2.54106
2.59282
2.64796
2.65943
2.6624
2.68969
2.74495
2.7556
2.74979
2.74752
2.74717
2.75397
2.75146
2.72257
2.67768
2.624
2.56468
2.50941
2.47198
2.46379
2.46554
2.46807
2.44945
2.41471
2.38845
2.3696
2.3434
2.30776
2.26751
2.23306
2.20874
2.18456
2.15888
2.13691
2.11644
2.08685
2.06491
2.05842
2.05184
2.04102
2.01223
1
1
1
1
1
1
1
1
1
1
1.00015
1.0195
1.57717
5.02812
9.19088
11.3281
11.9378
11.4455
10.9249
10.4968
9.9563
9.49077
9.30559
9.17434
8.73539
8.17973
8.04204
7.86161
7.617
7.32351
6.91311
6.8021
6.69697
6.45172
6.23818
5.97277
5.82709
5.75121
5.5828
5.38298
5.12658
4.97689
4.95527
4.87274
4.72822
4.55475
4.38446
4.31179
4.22879
4.09459
3.91712
3.80213
3.7851
3.75543
3.68196
3.54374
3.43607
3.42559
3.39648
3.31022
3.20392
3.09254
2.97641
2.9114
2.87134
2.82394
2.76548
2.73653
2.71874
2.68335
2.62537
2.5613
2.51731
2.47723
2.42065
2.32478
2.23533
2.21611
2.20807
2.19441
2.1815
2.17183
2.15173
2.1221
2.08331
2.0151
1.93062
1.88159
1.84379
1.82331
1.81338
1.80961
1.80518
1.80298
1.808
1.8356
1.9865
2.37004
3.05468
3.98443
4.58463
5.01292
5.39503
5.50148
5.43313
5.22151
4.97854
4.87441
4.75686
4.57809
4.36512
4.22364
4.18098
4.17241
4.12016
4.05017
3.98256
3.90361
3.81086
3.743
3.71188
3.68156
3.64004
3.58742
3.54233
3.49591
3.44257
3.37815
3.29122
3.22211
3.19362
3.17375
3.15807
3.1355
3.09961
3.04967
2.97648
2.85502
2.74241
2.69816
2.67234
2.64043
2.60049
2.56508
2.53908
2.52256
2.51086
2.49973
2.48046
2.4334
2.38291
2.36013
2.34429
2.3466
2.36625
2.38192
2.40549
2.4615
2.5405
2.59498
2.63399
2.65445
2.64455
2.60829
2.5753
2.54561
2.52744
2.5252
2.50666
2.50481
2.52377
2.53842
2.53182
2.50306
2.45036
2.37404
2.30575
2.26069
2.23842
2.22717
2.21081
2.18691
2.16531
2.14863
2.13132
2.10622
2.07452
2.04669
2.03379
2.02694
2.0188
1.98755
1
1
1
1
1
1
1
1
1
1
1
1.00006
1.0097
1.4314
3.90087
8.2967
11.2639
11.7076
11.442
10.9704
10.3442
9.77966
9.60098
9.35042
8.86504
8.42244
8.25037
8.11953
7.9277
7.48258
7.08991
7.0347
6.87987
6.63623
6.42451
6.13152
6.02443
5.92423
5.72358
5.51835
5.26249
5.15306
5.12815
5.0216
4.86239
4.67441
4.48739
4.42412
4.35477
4.22719
4.054
3.92426
3.89505
3.86365
3.79415
3.66715
3.55137
3.53019
3.49451
3.40031
3.26504
3.11897
3.02587
3.0052
2.97868
2.92958
2.86647
2.83516
2.81367
2.76858
2.69394
2.61684
2.56818
2.53113
2.47254
2.37022
2.3046
2.29314
2.28471
2.27027
2.25714
2.24674
2.22389
2.18256
2.11769
2.0212
1.95092
1.94067
1.92296
1.89021
1.87202
1.86865
1.88318
1.94937
2.18875
2.74899
3.57028
4.48768
5.24452
5.47662
5.5934
5.75413
5.75971
5.60286
5.31722
5.07616
4.93951
4.79591
4.61927
4.43124
4.33735
4.30546
4.301
4.26638
4.19143
4.11977
4.05124
3.96316
3.88305
3.83852
3.79762
3.7693
3.75321
3.70622
3.63048
3.55185
3.47389
3.39138
3.30959
3.2549
3.22491
3.2061
3.18868
3.16149
3.1275
3.08412
3.02735
2.93691
2.82922
2.75201
2.70211
2.66605
2.63411
2.60174
2.5696
2.54398
2.51904
2.49702
2.47395
2.43503
2.36934
2.32646
2.31
2.29512
2.26285
2.23489
2.2457
2.2715
2.29701
2.32586
2.3737
2.40934
2.40465
2.38444
2.36686
2.35736
2.35626
2.38056
2.44021
2.49582
2.52589
2.52875
2.52149
2.49455
2.4251
2.3227
2.25891
2.23006
2.2187
2.21762
2.20509
2.18171
2.15898
2.13929
2.11745
2.08694
2.05769
2.03539
2.01045
1.99854
1.99075
1.96127
1
1
1
1
1
1
1
1
1
1
1
1
1.00002
1.00621
1.23005
2.81867
7.80849
10.6977
11.0378
11.2177
10.8401
10.0621
9.71895
9.40633
9.1186
8.77697
8.50516
8.40777
8.17971
7.62933
7.31827
7.25295
7.0757
6.86648
6.57815
6.29981
6.24171
6.09437
5.86822
5.67448
5.41771
5.33454
5.29777
5.16548
4.99344
4.79426
4.60012
4.55314
4.50101
4.37432
4.19513
4.05736
4.01522
3.97488
3.89914
3.78063
3.66537
3.63237
3.58764
3.48129
3.31534
3.15798
3.11554
3.11476
3.09017
3.03778
2.96615
2.92641
2.89343
2.83507
2.75376
2.67721
2.62608
2.58935
2.53237
2.42933
2.37551
2.36668
2.35924
2.34541
2.33372
2.32271
2.294
2.23285
2.12477
2.02508
2.00335
2.00238
1.99712
1.97174
1.98477
2.08729
2.44367
3.19912
4.22289
5.07453
5.81522
6.00989
5.96173
5.89438
5.94779
5.8951
5.70237
5.41855
5.18192
5.01369
4.86273
4.6892
4.5401
4.48409
4.45824
4.45791
4.44722
4.385
4.30585
4.21742
4.1102
4.01176
3.94842
3.89999
3.86312
3.85482
3.84337
3.78508
3.70111
3.60024
3.48669
3.3873
3.33466
3.30307
3.27847
3.26359
3.23738
3.1993
3.15356
3.10296
3.04174
2.96607
2.89643
2.83795
2.77042
2.70074
2.66379
2.63553
2.60803
2.57541
2.53027
2.48804
2.45932
2.43008
2.38431
2.3375
2.30883
2.27988
2.23128
2.17999
2.17403
2.18822
2.18814
2.16717
2.15965
2.15616
2.14816
2.1328
2.12187
2.13152
2.15926
2.20417
2.28118
2.36865
2.39832
2.39928
2.39263
2.37067
2.31895
2.26971
2.24442
2.22574
2.22418
2.22535
2.20854
2.18616
2.16466
2.13919
2.10793
2.07529
2.05094
2.03029
2.00453
1.9785
1.96735
1.94144
1
1
1
1
1
1
1
1
1
1
1
1
1
1.00001
1.00233
1.07961
2.55577
6.91379
9.6261
10.9318
11.1832
10.664
10.1323
9.77448
9.42463
9.01472
8.84292
8.67981
8.35269
7.81842
7.52276
7.44028
7.30759
7.12443
6.71948
6.50664
6.43393
6.23925
6.0554
5.85049
5.59061
5.52243
5.44593
5.29561
5.12633
4.90127
4.72266
4.70446
4.65961
4.52673
4.33937
4.19018
4.13869
4.0881
4.00271
3.88832
3.77596
3.7327
3.67861
3.56145
3.37178
3.23755
3.22598
3.23025
3.20092
3.14472
3.06601
3.01013
2.96606
2.8952
2.81437
2.74447
2.69033
2.64861
2.59506
2.50547
2.45513
2.44337
2.43455
2.41893
2.40601
2.39264
2.35498
2.26715
2.13346
2.07258
2.06898
2.07606
2.11423
2.27756
2.77935
3.73646
4.92651
5.8233
6.46673
6.69234
6.52809
6.22723
6.04496
5.99944
5.95133
5.75543
5.51666
5.30271
5.1535
5.01996
4.84893
4.72696
4.67242
4.6312
4.62778
4.65078
4.61128
4.5285
4.40942
4.26445
4.12702
4.05087
4.0057
3.96781
3.95144
3.9579
3.92089
3.85601
3.76981
3.63693
3.49017
3.42072
3.38624
3.3573
3.33666
3.31379
3.2693
3.21682
3.16075
3.10409
3.04691
2.98954
2.93657
2.88695
2.82917
2.76468
2.72215
2.69232
2.66031
2.62566
2.58526
2.54502
2.51295
2.4823
2.44223
2.3948
2.35682
2.32127
2.27706
2.21314
2.16735
2.15355
2.13688
2.1129
2.08885
2.07826
2.06718
2.04956
2.02734
2.0132
2.02005
2.04735
2.09366
2.15592
2.19137
2.20513
2.21291
2.20366
2.19028
2.16843
2.14624
2.13297
2.1381
2.17227
2.19754
2.19423
2.18371
2.16356
2.12704
2.09104
2.06163
2.03279
2.00412
1.96751
1.94228
1.91669
1
1
1
1
1
1
1
1
1
1
1
1
1
1
1
1.00048
1.0657
2.32629
5.27782
8.91164
10.7191
10.9429
10.6395
10.3091
9.76725
9.22036
9.06942
8.83172
8.50882
8.10958
7.77347
7.65038
7.56919
7.36327
6.92138
6.70002
6.57721
6.4246
6.29773
6.01954
5.80311
5.69776
5.56422
5.43376
5.3001
5.03026
4.85238
4.84458
4.79693
4.67437
4.49067
4.32464
4.26731
4.20716
4.11188
3.99884
3.88649
3.82741
3.75951
3.63715
3.45102
3.34727
3.34348
3.34866
3.31633
3.25385
3.15781
3.07849
3.02729
2.95884
2.88364
2.82136
2.76015
2.70876
2.66213
2.59677
2.54071
2.52272
2.51388
2.4969
2.47775
2.45643
2.39499
2.28083
2.16401
2.15976
2.20775
2.43209
3.05636
4.2205
5.56779
6.44866
6.99921
7.25474
7.18807
6.87062
6.41583
6.18437
6.11337
6.01519
5.81265
5.62049
5.446
5.3144
5.21395
5.10261
4.97681
4.89265
4.83874
4.79911
4.80588
4.79931
4.72403
4.62189
4.47567
4.27463
4.15531
4.10624
4.06527
4.0324
4.0224
4.01356
3.96372
3.89939
3.8132
3.67152
3.52904
3.47593
3.45035
3.4283
3.39633
3.3519
3.29617
3.22301
3.1458
3.09421
3.05389
3.00633
2.95152
2.89991
2.84403
2.78117
2.7396
2.70679
2.669
2.63192
2.59521
2.55952
2.53186
2.5017
2.45807
2.41417
2.39181
2.3698
2.33625
2.2866
2.22793
2.18942
2.15753
2.10478
2.05118
2.03373
2.0233
2.00884
1.98775
1.96974
1.97752
1.97889
1.97666
1.97869
1.98204
1.98709
1.98899
1.99011
1.99691
2.00465
2.017
2.03096
2.04035
2.06795
2.09884
2.10235
2.09749
2.08384
2.08203
2.07916
2.06803
2.04134
2.01184
1.96478
1.93822
1.91801
1
1
1
1
1
1
1
1
1
1
1
1
1
1
1
1
1.00038
1.0495
1.59597
3.68896
8.20162
10.0114
10.5069
10.6679
10.2271
9.52504
9.24713
9.01191
8.76925
8.40679
8.07723
7.93492
7.80515
7.52735
7.1272
6.87896
6.73612
6.65447
6.52288
6.22456
5.98562
5.84371
5.71074
5.59049
5.4698
5.2281
5.00704
4.9659
4.92433
4.83538
4.64657
4.45342
4.39497
4.32979
4.22722
4.11001
3.99297
3.91903
3.84108
3.72526
3.55475
3.46434
3.46319
3.47027
3.43174
3.35529
3.23964
3.13585
3.08653
3.03421
2.96446
2.89983
2.83296
2.77089
2.73763
2.69398
2.63201
2.6053
2.59278
2.5744
2.5481
2.51015
2.42393
2.32604
2.36661
2.64084
3.42446
4.67281
6.04425
6.90177
7.38927
7.68056
7.658
7.41627
6.99955
6.53975
6.36534
6.28014
6.13546
5.94231
5.74917
5.60149
5.52466
5.46039
5.35972
5.21364
5.09374
5.02039
4.96149
4.93521
4.93594
4.87463
4.78079
4.67213
4.52641
4.34713
4.22747
4.17212
4.13058
4.09561
4.07319
4.03282
3.97198
3.90841
3.82942
3.7085
3.58978
3.53779
3.50421
3.46756
3.42601
3.3817
3.32243
3.23979
3.16491
3.11441
3.07191
3.02663
2.97539
2.91917
2.8537
2.80404
2.7762
2.74377
2.69739
2.65472
2.62309
2.59866
2.57734
2.55068
2.50226
2.43268
2.38635
2.35862
2.32909
2.29062
2.23939
2.1944
2.16644
2.13357
2.08901
2.05789
2.04287
2.02811
2.00941
1.98914
1.95671
1.93657
1.93224
1.93312
1.92639
1.92035
1.91332
1.90674
1.90141
1.88724
1.87316
1.87207
1.87606
1.89237
1.92604
1.9662
1.98889
2.00321
2.01017
2.00725
1.99097
1.95543
1.93034
1.92727
1.92425
1.92071
1
1
1
1
1
1
1
1
1
1
1
1
1
1
1
1
1
1.00021
1.01063
1.18404
3.11757
6.75305
9.34468
10.5328
10.5671
10.1445
9.65275
9.3435
9.06038
8.66936
8.38646
8.20768
8.00429
7.70011
7.36543
7.09536
6.92783
6.86482
6.70736
6.40719
6.15683
6.01437
5.89593
5.75712
5.60921
5.40362
5.18163
5.0818
5.06264
5.00529
4.80576
4.5806
4.5194
4.45536
4.35179
4.22389
4.09008
4.00782
3.93593
3.8347
3.68019
3.58671
3.58652
3.59114
3.54335
3.44748
3.30051
3.19106
3.15948
3.12265
3.05598
2.97872
2.90008
2.83549
2.81962
2.79308
2.72937
2.68421
2.66638
2.65161
2.62607
2.57083
2.66422
3.03694
3.90019
5.37845
6.92758
7.55066
7.90636
8.0186
7.97866
7.84018
7.48778
6.99807
6.65364
6.54121
6.44385
6.32176
6.1297
5.93487
5.85969
5.79748
5.70858
5.61736
5.4734
5.29866
5.19179
5.11807
5.06954
5.04501
4.97703
4.89136
4.80982
4.7142
4.58319
4.43587
4.33018
4.26428
4.21858
4.17678
4.12043
4.0526
3.98229
3.91044
3.83425
3.75141
3.66633
3.5905
3.5298
3.48035
3.43464
3.38444
3.32543
3.27128
3.22434
3.17141
3.11001
3.05465
3.00169
2.92056
2.84046
2.81312
2.79309
2.76473
2.7226
2.6784
2.65275
2.63814
2.62518
2.60993
2.58754
2.54103
2.46524
2.39423
2.35397
2.32377
2.28299
2.22793
2.18887
2.16892
2.14675
2.11331
2.08068
2.05359
2.02484
1.98651
1.94115
1.9147
1.90264
1.89741
1.89338
1.88769
1.87946
1.87066
1.86127
1.84027
1.81358
1.79476
1.78217
1.77782
1.78059
1.79217
1.81106
1.83866
1.8728
1.8841
1.8795
1.86933
1.85802
1.85384
1.84676
1.84177
1
1
1
1
1
1
1
1
1
1
1
1
1
1
1
1
1
1
1.00002
1.00166
1.12139
2.40176
5.16108
8.9178
10.2579
10.2455
10.082
9.82525
9.39834
8.87385
8.55529
8.39822
8.21635
7.95889
7.6588
7.31163
7.15442
7.07516
6.8524
6.55524
6.36536
6.20921
6.0493
5.93021
5.75924
5.55048
5.38246
5.2372
5.20246
5.1597
4.97295
4.71147
4.63809
4.58762
4.49567
4.33422
4.17495
4.11328
4.05154
3.95777
3.81245
3.7094
3.70895
3.70957
3.64767
3.52859
3.36497
3.26369
3.24489
3.21652
3.15058
3.05662
2.96375
2.90975
2.90433
2.88778
2.82096
2.76912
2.76104
2.77994
2.9438
3.51513
4.76909
6.15683
7.57864
8.46081
8.67402
8.6329
8.54284
8.31381
7.88009
7.37805
6.97897
6.8056
6.71386
6.64427
6.52875
6.35745
6.21972
6.12788
6.06531
5.9675
5.84155
5.70348
5.54159
5.41685
5.33282
5.25612
5.17647
5.09298
5.00363
4.90791
4.80963
4.70782
4.59934
4.50854
4.44216
4.37929
4.30969
4.22918
4.13872
4.06016
3.99042
3.91776
3.84454
3.77895
3.71894
3.65371
3.5757
3.49504
3.41926
3.35624
3.3163
3.28662
3.25685
3.21285
3.16319
3.11806
3.0637
2.97245
2.86298
2.81129
2.78703
2.76143
2.72047
2.67231
2.65193
2.64407
2.64011
2.63602
2.62462
2.60067
2.55162
2.4512
2.34879
2.31036
2.27735
2.23069
2.20742
2.20167
2.19521
2.1851
2.16982
2.14658
2.11306
2.06541
2.01194
1.97303
1.93456
1.89727
1.88891
1.88533
1.87615
1.86166
1.845
1.8139
1.78009
1.76044
1.74551
1.73692
1.73504
1.73554
1.73935
1.75055
1.76825
1.77084
1.76521
1.76186
1.75148
1.73966
1.73917
1.75756
1
1
1
1
1
1
1
1
1
1
1
1
1
1
1
1
1
1
1
1
1.00091
1.05884
1.58568
3.98022
8.0602
9.40334
9.82024
10.1431
9.80411
9.22583
8.80299
8.61341
8.44958
8.24531
7.93827
7.57972
7.43843
7.26363
6.98507
6.78355
6.61498
6.34261
6.22056
6.1181
5.89459
5.71424
5.59106
5.42905
5.36133
5.29742
5.12034
4.85654
4.75285
4.72161
4.64851
4.43995
4.27051
4.22933
4.17259
4.08543
3.94781
3.83506
3.83215
3.81898
3.73571
3.59737
3.43758
3.3562
3.34556
3.32028
3.25453
3.14511
3.03112
2.9893
2.98936
2.98443
2.94394
2.98208
3.30368
4.0627
5.39559
7.11661
8.52449
8.90376
9.22404
9.25215
9.14897
8.95232
8.62151
8.07304
7.46823
7.06186
6.93907
6.91282
6.83313
6.72515
6.61434
6.49284
6.38759
6.30775
6.20908
6.07313
5.90987
5.73944
5.63844
5.57221
5.49218
5.38827
5.26992
5.15639
5.03875
4.91017
4.79495
4.70447
4.63267
4.57237
4.5102
4.44028
4.36366
4.27477
4.16685
4.08752
4.02616
3.95958
3.88653
3.82135
3.77308
3.72623
3.65549
3.52966
3.41223
3.36108
3.32801
3.30376
3.28561
3.24415
3.19937
3.15893
3.11131
3.0362
2.9237
2.84474
2.80889
2.77737
2.7328
2.68244
2.65603
2.65094
2.65291
2.65236
2.64866
2.62938
2.58971
2.5265
2.44061
2.37127
2.31722
2.25031
2.2
2.18625
2.17681
2.16833
2.16302
2.14389
2.11466
2.07917
2.03704
2.00113
1.97146
1.94253
1.9283
1.9247
1.9195
1.90491
1.87315
1.82687
1.77755
1.74427
1.7223
1.71286
1.71017
1.70974
1.71283
1.7195
1.72678
1.72218
1.70959
1.69927
1.68662
1.66719
1.65558
1.66158
1
1
1
1
1
1
1
1
1
1
1
1
1
1
1
1
1
1
1
1
1
1.00028
1.01176
1.25172
3.27185
6.35151
8.55671
9.86033
10.0888
9.87752
9.32684
8.88911
8.73812
8.57392
8.19738
7.85388
7.63534
7.39493
7.20733
7.08559
6.75898
6.51315
6.45538
6.26632
6.00718
5.91997
5.80526
5.60857
5.53283
5.42154
5.23765
5.01474
4.87161
4.85735
4.80535
4.57276
4.39021
4.34647
4.29457
4.22328
4.08447
3.95571
3.94349
3.9158
3.81453
3.67633
3.54297
3.47035
3.45074
3.42101
3.34785
3.23654
3.11582
3.09359
3.13093
3.27711
3.77421
4.89939
6.61195
8.17026
9.46364
9.68862
9.66719
9.57999
9.61072
9.5488
9.23452
8.81401
8.31529
7.68886
7.31674
7.19733
7.16198
7.04486
6.92219
6.80379
6.70776
6.63058
6.57408
6.47413
6.31088
6.11597
5.897
5.78479
5.73185
5.67333
5.59378
5.4868
5.35584
5.22112
5.08132
4.90542
4.79386
4.73314
4.67987
4.62117
4.55622
4.49009
4.4041
4.26758
4.1612
4.1098
4.06203
4.00538
3.94003
3.88538
3.84198
3.79407
3.72487
3.6035
3.44739
3.35899
3.31754
3.29441
3.29258
3.25936
3.21796
3.18216
3.14447
3.08347
2.97909
2.88732
2.83779
2.80026
2.75513
2.68919
2.64404
2.64344
2.65461
2.65865
2.65424
2.62774
2.58157
2.53318
2.46688
2.38213
2.30564
2.2453
2.22532
2.2216
2.21834
2.21748
2.20394
2.17263
2.12767
2.07339
2.01429
1.97435
1.9693
1.9713
1.9624
1.94948
1.93849
1.91824
1.88354
1.83551
1.77544
1.72754
1.71123
1.70846
1.70599
1.70371
1.70201
1.69918
1.69691
1.68702
1.67202
1.66122
1.64985
1.63473
1.62023
1.61143
1
1
1
1
1
1
1
1
1
1
1
1
1
1
1
1
1
1
1
1
1
1
1.00003
1.00305
1.14428
2.26027
4.39747
7.81648
9.74076
9.72544
9.54132
9.3904
9.2193
8.82204
8.31677
8.00669
7.78622
7.63458
7.55569
7.24899
6.86571
6.80249
6.65356
6.33458
6.209
6.21156
5.97063
5.79544
5.71346
5.53972
5.35388
5.18293
5.01425
4.98971
4.94391
4.73105
4.51365
4.45868
4.429
4.37247
4.20944
4.06164
4.04079
4.00206
3.89614
3.77074
3.65756
3.58404
3.56234
3.52081
3.44092
3.33444
3.34168
3.57104
4.50099
6.04693
7.80431
9.63253
10.7377
10.6927
10.4867
10.0746
9.77933
9.69974
9.56806
9.27476
8.86601
8.41413
8.02935
7.7748
7.63299
7.49189
7.3014
7.12564
7.00579
6.93269
6.87508
6.83715
6.74144
6.57446
6.36323
6.1117
5.93052
5.86444
5.81524
5.75411
5.67699
5.56857
5.42139
5.25812
5.10184
4.93788
4.84752
4.79458
4.74288
4.67738
4.60549
4.53159
4.43565
4.2888
4.17468
4.12028
4.07304
4.04079
3.99527
3.94396
3.89249
3.84021
3.77808
3.67318
3.50728
3.37781
3.31231
3.27493
3.26935
3.25361
3.22379
3.19947
3.17644
3.13411
3.05289
2.94253
2.86856
2.82111
2.78025
2.73095
2.67325
2.64137
2.6451
2.64254
2.63705
2.63286
2.59193
2.53114
2.47508
2.40551
2.33216
2.26006
2.23268
2.22869
2.2247
2.227
2.22938
2.20906
2.17474
2.12786
2.06796
2.00389
1.96827
1.96526
1.97391
1.98536
1.98453
1.97043
1.93574
1.88693
1.81947
1.73052
1.69322
1.69022
1.69351
1.69642
1.69212
1.68057
1.6691
1.65483
1.64088
1.63293
1.62428
1.60906
1.5926
1.58214
1
1
1
1
1
1
1
1
1
1
1
1
1
1
1
1
1
1
1
1
1
1
1
1.00001
1.00116
1.04497
1.38541
3.05439
7.29671
8.67397
9.10524
9.58775
9.59979
9.15306
8.59363
8.2408
8.04577
7.97169
7.71557
7.33688
7.24224
7.10774
6.73079
6.50637
6.56781
6.42972
6.08942
6.01064
5.87945
5.64936
5.50677
5.35349
5.17931
5.15242
5.07702
4.87166
4.65611
4.58488
4.57945
4.53024
4.33969
4.14892
4.11976
4.08613
4.00158
3.88854
3.7788
3.69827
3.67414
3.6363
3.68701
4.08126
5.1662
7.27524
9.38828
10.8205
11.8564
11.9423
11.5659
10.971
10.6175
10.3773
10.0676
9.64833
9.28687
8.93125
8.50885
8.25757
8.16704
8.12483
8.00283
7.73698
7.39619
7.21594
7.13763
7.0783
7.04046
6.9548
6.82408
6.65015
6.42052
6.18408
6.02214
5.9309
5.8577
5.78469
5.70229
5.6024
5.47414
5.30724
5.10391
4.97179
4.91145
4.86088
4.81567
4.76623
4.709
4.6291
4.4828
4.28112
4.18248
4.1293
4.07348
4.0457
4.01137
3.97061
3.92227
3.88081
3.82973
3.74216
3.5941
3.45678
3.36208
3.30207
3.26641
3.23433
3.19714
3.18261
3.18293
3.16071
3.10115
3.01932
2.94018
2.87175
2.81058
2.7621
2.72217
2.70374
2.69661
2.67801
2.66258
2.63313
2.5756
2.50495
2.45272
2.40795
2.35604
2.30437
2.27985
2.27648
2.27409
2.26293
2.23926
2.20744
2.17286
2.13331
2.08602
2.0442
2.01895
2.00392
1.99072
1.977
1.96803
1.95944
1.94071
1.90687
1.84601
1.76756
1.74101
1.73888
1.73915
1.73294
1.71594
1.69508
1.67728
1.65804
1.63581
1.61449
1.59533
1.5748
1.56704
1.5617
1
1
1
1
1
1
1
1
1
1
1
1
1
1
1
1
1
1
1
1
1
1
1
1
1
1.00016
1.00566
1.12816
2.60511
5.86285
7.59202
8.88616
9.48011
9.54829
9.16687
8.68393
8.40568
8.09536
7.74975
7.68661
7.64483
7.21048
6.84439
6.86237
6.86472
6.45806
6.29303
6.22466
5.99719
5.77379
5.68694
5.49779
5.37554
5.33991
5.19909
4.99672
4.81744
4.72821
4.73328
4.67914
4.48328
4.25766
4.20803
4.18631
4.116
4.0207
3.91526
3.92382
4.13169
4.82797
6.27427
8.55288
10.5641
12.5457
12.7914
12.5204
12.2058
11.7209
11.1896
10.8049
10.5368
10.2726
9.91062
9.45472
9.03611
8.78299
8.60331
8.49784
8.4397
8.3502
8.16653
7.85245
7.54427
7.40147
7.31792
7.22296
7.11632
6.99167
6.84704
6.68401
6.49978
6.29828
6.10514
5.96789
5.87115
5.79204
5.72141
5.65531
5.565
5.38447
5.1262
5.0051
4.95257
4.90714
4.8776
4.84238
4.79354
4.72922
4.60694
4.38279
4.2166
4.14935
4.08152
4.03655
4.00658
3.97215
3.92649
3.88155
3.82254
3.74276
3.63176
3.53083
3.44309
3.37791
3.3247
3.26914
3.21163
3.17105
3.14255
3.10051
3.07198
3.02761
2.96437
2.90518
2.84719
2.7742
2.71311
2.70478
2.71489
2.71365
2.70285
2.67606
2.61969
2.55196
2.48687
2.41401
2.32383
2.28093
2.28285
2.28924
2.29748
2.30472
2.29379
2.26184
2.21166
2.14086
2.0649
2.03758
2.03188
2.02823
2.02433
2.01578
2.00325
1.97963
1.93721
1.88633
1.84318
1.80299
1.77722
1.77492
1.77592
1.77483
1.76764
1.75123
1.7255
1.69684
1.66921
1.64264
1.61404
1.58492
1.56628
1.55258
1
1
1
1
1
1
1
1
1
1
1
1
1
1
1
1
1
1
1
1
1
1
1
1
1
1
1.00001
1.00124
1.07869
2.0641
3.92602
5.90978
8.47795
9.42104
9.43679
9.08234
8.63801
8.18776
8.04034
8.10081
7.73556
7.22332
7.1217
7.20816
6.90881
6.58153
6.56738
6.42373
6.09217
5.96385
5.85617
5.63292
5.59722
5.51756
5.3077
5.13309
4.95752
4.88697
4.89315
4.81861
4.60355
4.3802
4.30473
4.30266
4.27043
4.32477
4.69677
6.08771
8.29359
10.384
12.3939
13.8738
14.1438
13.8567
13.1904
12.5533
12.1368
11.7241
11.2722
10.89
10.565
10.1974
9.68949
9.31353
9.12465
8.98294
8.86343
8.75184
8.61185
8.39618
8.10351
7.89926
7.77801
7.64986
7.50552
7.34926
7.17686
6.99262
6.81623
6.6611
6.52739
6.3812
6.16753
5.98439
5.90402
5.83822
5.77608
5.71541
5.63093
5.46783
5.2055
5.04359
4.98221
4.93079
4.89066
4.85169
4.80995
4.76115
4.66825
4.47703
4.29477
4.21924
4.15117
4.08818
4.02775
3.97911
3.92937
3.884
3.80194
3.68887
3.62803
3.55502
3.47816
3.41633
3.37374
3.32552
3.2747
3.23502
3.18066
3.11037
3.06226
3.01471
2.96594
2.92419
2.88337
2.84016
2.78777
2.7243
2.6955
2.69282
2.688
2.67652
2.63542
2.57425
2.50683
2.43527
2.37258
2.33065
2.29666
2.28563
2.282
2.27574
2.27629
2.26823
2.23503
2.1691
2.08885
2.04286
2.02894
2.02279
2.01842
2.01649
2.01677
2.00482
1.96774
1.90348
1.84212
1.80822
1.7883
1.77563
1.76845
1.76771
1.77539
1.77609
1.76394
1.73705
1.69598
1.65574
1.62579
1.60429
1.59641
1.58164
1
1
1
1
1
1
1
1
1
1
1
1
1
1
1
1
1
1
1
1
1
1
1
1
1
1
1
1
1.00059
1.0337
1.28578
2.04901
4.40183
8.24435
9.07348
8.74963
8.61964
8.58799
8.62194
8.37351
7.73165
7.39365
7.46973
7.39398
6.95439
6.85655
6.83547
6.53414
6.24397
6.17897
5.97895
5.84009
5.84004
5.6797
5.45079
5.28248
5.09102
5.06379
5.06504
4.93573
4.7217
4.53962
4.53117
4.70737
5.60367
7.4667
10.0397
12.7656
14.1981
15.0462
15.1068
14.7537
13.971
13.1451
12.4819
12.1325
11.7953
11.4829
11.2192
10.9352
10.6101
10.2188
9.8857
9.62914
9.41403
9.26657
9.12774
8.95305
8.70049
8.37507
8.13902
7.98078
7.83184
7.70076
7.57583
7.40831
7.18779
6.99904
6.86917
6.75533
6.62657
6.43889
6.16624
6.01
5.95155
5.90335
5.86316
5.80409
5.70425
5.54111
5.29634
5.10297
5.01949
4.95913
4.89839
4.84356
4.80268
4.7607
4.67992
4.51049
4.33377
4.26484
4.21212
4.15743
4.08316
4.01686
3.96111
3.90258
3.81979
3.71053
3.64248
3.57865
3.50866
3.44485
3.39597
3.34382
3.28973
3.24634
3.20599
3.15466
3.09575
3.03315
2.97706
2.93666
2.91307
2.88979
2.84789
2.79878
2.76471
2.73352
2.69841
2.66971
2.63314
2.5922
2.5556
2.50328
2.43655
2.37579
2.33883
2.33107
2.32554
2.31511
2.29725
2.27448
2.24644
2.19411
2.12122
2.09334
2.08382
2.07567
2.06393
2.0453
2.01516
1.98664
1.95316
1.88882
1.83063
1.81079
1.80048
1.80072
1.80363
1.803
1.79724
1.78288
1.75986
1.72737
1.68607
1.64774
1.63106
1.62636
1.62673
1.6122
1
1
1
1
1
1
1
1
1
1
1
1
1
1
1
1
1
1
1
1
1
1
1
1
1
1
1
1
1
1.00011
1.00267
1.03418
1.42008
3.86787
7.25118
7.81641
8.21255
8.89379
9.06986
8.71348
8.07417
7.86872
7.77138
7.41659
7.16887
7.20102
7.06551
6.62012
6.4871
6.38398
6.11225
6.08558
6.05305
5.82054
5.61303
5.41759
5.24934
5.23903
5.22743
5.07408
5.08329
5.61576
6.99939
9.46508
12.6679
14.4788
16.2585
16.7301
16.4264
16.1166
15.5876
14.7895
13.8569
12.9492
12.3473
11.9592
11.5919
11.3294
11.1064
10.9239
10.7005
10.4727
10.2926
10.0264
9.70666
9.46363
9.27641
9.07337
8.80812
8.54275
8.33642
8.12893
7.90214
7.69631
7.54848
7.36187
7.16048
7.07199
7.01003
6.9118
6.74595
6.51344
6.19883
6.01214
5.96442
5.93616
5.91794
5.86068
5.75616
5.61584
5.42929
5.21166
5.05321
4.96515
4.90912
4.8576
4.80798
4.7581
4.68883
4.55245
4.37191
4.28054
4.23791
4.18916
4.12738
4.06156
3.99074
3.91519
3.84341
3.76464
3.67054
3.5956
3.52561
3.45241
3.39665
3.36321
3.32924
3.27791
3.2186
3.17204
3.13394
3.08603
3.02956
2.97943
2.93196
2.87701
2.81216
2.76949
2.77046
2.76573
2.74485
2.71098
2.66472
2.60922
2.54173
2.45563
2.381
2.34125
2.3312
2.32709
2.33974
2.34434
2.32951
2.3065
2.25618
2.15154
2.08326
2.06976
2.06186
2.0553
2.06037
2.05443
2.0361
2.02061
1.99271
1.91419
1.84089
1.82099
1.81087
1.80806
1.81006
1.80463
1.79227
1.77309
1.75234
1.73078
1.70715
1.68325
1.66361
1.65433
1.64713
1.62222
1
1
1
1
1
1
1
1
1
1
1
1
1
1
1
1
1
1
1
1
1
1
1
1
1
1
1
1
1
1
1
1.00013
1.00992
1.26682
3.03209
5.4875
6.74467
8.12629
8.90584
9.08443
8.94584
8.45947
7.83304
7.45101
7.42785
7.48977
7.14748
6.78776
6.73977
6.54877
6.27919
6.30618
6.23315
5.98805
5.76764
5.51558
5.44843
5.5116
5.83309
6.983
9.46267
12.8956
15.3731
17.6189
17.9716
17.3175
16.8585
16.3416
15.6011
15.0506
14.7055
14.3377
13.8502
13.2999
12.623
12.0045
11.6489
11.4217
11.2379
11.0823
10.9443
10.778
10.5119
10.1367
9.71776
9.37208
9.18028
9.02549
8.84487
8.67815
8.53275
8.35474
8.09871
7.78618
7.52963
7.31755
7.17185
7.11724
7.07925
6.98389
6.81572
6.58813
6.3363
6.1021
5.98218
5.94324
5.90701
5.83891
5.73855
5.62175
5.48631
5.3318
5.17198
5.02639
4.93698
4.88598
4.83054
4.75542
4.64395
4.51011
4.41105
4.35084
4.29943
4.23779
4.16633
4.09171
4.01151
3.92094
3.8179
3.72374
3.67265
3.64175
3.59273
3.51601
3.43648
3.37713
3.32185
3.2605
3.20443
3.15248
3.10658
3.08029
3.05248
3.02757
2.99827
2.93807
2.86213
2.81835
2.77605
2.73592
2.71154
2.688
2.65475
2.60957
2.54992
2.45238
2.37587
2.36398
2.35775
2.3577
2.3609
2.34655
2.32549
2.30345
2.24934
2.13988
2.08479
2.07531
2.06815
2.06991
2.07534
2.0608
2.03321
2.00087
1.95877
1.89207
1.84773
1.83513
1.82626
1.8226
1.82246
1.81353
1.80127
1.78379
1.76382
1.7338
1.6856
1.6686
1.67415
1.68263
1.6795
1.65768
1
1
1
1
1
1
1
1
1
1
1
1
1
1
1
1
1
1
1
1
1
1
1
1
1
1
1
1
1
1
1
1
1.00004
1.00413
1.14027
2.09502
3.36771
5.07554
7.80003
8.83034
8.86992
8.35955
7.83253
7.64087
7.72947
7.60908
7.09915
6.94736
6.92144
6.72652
6.52304
6.5198
6.39038
6.14183
5.98776
6.09961
6.83972
9.02599
12.2387
15.5553
18.687
20.3308
20.8978
20.6238
19.8912
18.5667
17.0055
15.7729
14.8849
14.3272
14.0837
13.8815
13.5661
13.1648
12.7337
12.3669
12.0402
11.7329
11.4304
11.2392
11.1027
10.8968
10.5851
10.2123
9.82073
9.41022
9.15502
9.02661
8.8849
8.7436
8.6383
8.49769
8.27314
7.96377
7.61906
7.32944
7.19736
7.15497
7.09956
6.98506
6.81927
6.62423
6.42774
6.23683
6.06688
5.96966
5.92536
5.85782
5.75442
5.62196
5.47212
5.33705
5.22008
5.13718
5.06243
4.98783
4.90741
4.80809
4.68095
4.55595
4.44909
4.36708
4.31557
4.30341
4.28774
4.22022
4.11805
4.00263
3.89153
3.80581
3.7367
3.67142
3.62662
3.59047
3.53611
3.46005
3.38371
3.30959
3.24431
3.20277
3.17259
3.13534
3.08554
3.02833
2.97277
2.90455
2.81779
2.77426
2.76879
2.76712
2.75622
2.73993
2.71416
2.67884
2.62174
2.50464
2.44892
2.44052
2.43437
2.43462
2.42369
2.4025
2.3783
2.35022
2.28324
2.1758
2.14383
2.13648
2.12998
2.13382
2.12893
2.10503
2.07078
2.02656
1.95196
1.88957
1.87802
1.87246
1.86573
1.86224
1.8697
1.87294
1.86449
1.84932
1.82134
1.77233
1.70757
1.66902
1.65946
1.65593
1.65221
1.63447
1
1
1
1
1
1
1
1
1
1
1
1
1
1
1
1
1
1
1
1
1
1
1
1
1
1
1
1
1
1
1
1
1
1.00001
1.00143
1.03673
1.20823
1.70669
3.74016
7.53255
8.17466
7.88866
7.80972
8.08558
8.12992
7.72339
7.35599
7.30053
7.18797
6.85566
6.7481
6.81999
6.76608
7.05765
8.95057
12.4256
16.6229
19.355
20.5411
21.0448
20.8614
20.657
20.093
19.3739
18.5285
17.5201
16.6534
15.9749
15.3973
14.8669
14.3933
13.9898
13.5983
13.1668
12.7522
12.487
12.2396
11.9603
11.6649
11.4
11.1737
10.9269
10.6348
10.3274
9.99126
9.60074
9.30494
9.14525
8.95675
8.75851
8.65792
8.54319
8.36324
8.14674
7.90197
7.56716
7.23093
7.10983
7.05226
6.96753
6.83385
6.70997
6.61958
6.48826
6.27963
6.09449
5.99548
5.90908
5.80082
5.6738
5.54779
5.43083
5.31255
5.15071
4.97177
4.87517
4.80771
4.7342
4.67159
4.61704
4.56219
4.50648
4.44534
4.36396
4.2245
4.08523
3.98376
3.90453
3.82847
3.75442
3.6984
3.66343
3.63393
3.58655
3.50183
3.3958
3.30443
3.22325
3.16497
3.14707
3.13771
3.13246
3.11146
3.06405
2.99666
2.90584
2.81832
2.77912
2.7555
2.73262
2.71516
2.69657
2.66963
2.6334
2.57876
2.47176
2.40969
2.39906
2.39116
2.38635
2.37558
2.35558
2.33082
2.30041
2.23598
2.1385
2.11236
2.1063
2.10042
2.10147
2.09346
2.06965
2.03515
1.99147
1.92191
1.85325
1.84196
1.83797
1.83313
1.83344
1.84479
1.84797
1.83747
1.8204
1.78816
1.73049
1.6757
1.66068
1.65398
1.64766
1.64432
1.62871
1
1
1
1
1
1
1
1
1
1
1
1
1
1
1
1
1
1
1
1
1
1
1
1
1
1
1
1
1
1
1
1
1
1
1
1.00011
1.00164
1.01802
1.27987
3.32526
6.05021
6.82431
7.4631
8.23196
8.47954
8.31196
8.19114
7.78421
7.31786
7.40805
8.06531
9.86448
12.5317
16.4113
21.3638
24.8885
25.9121
25.3836
24.2504
23.2958
22.254
20.4233
18.9276
18.0097
17.3974
16.9304
16.4122
15.767
15.4108
15.0651
14.6283
14.1996
13.7793
13.3356
12.9314
12.5437
12.1264
11.7851
11.5371
11.3047
11.0741
10.8337
10.6043
10.3727
10.0635
9.67908
9.36387
9.13184
8.90983
8.76402
8.68551
8.57762
8.381
8.13496
7.84541
7.50497
7.23087
7.14506
7.09703
7.02952
6.88293
6.72893
6.61453
6.44789
6.20735
6.04613
5.99105
5.9331
5.83522
5.70578
5.58867
5.49
5.36396
5.16759
4.96798
4.88519
4.84102
4.79247
4.72245
4.63449
4.55661
4.48623
4.40583
4.30435
4.17465
4.05609
3.97307
3.90378
3.83206
3.77169
3.73831
3.71054
3.67314
3.61289
3.5172
3.39853
3.2981
3.21381
3.16621
3.15792
3.15382
3.14226
3.11315
3.06745
3.00103
2.91211
2.83407
2.79159
2.76184
2.73656
2.71776
2.69891
2.67133
2.63373
2.57833
2.47552
2.41032
2.39909
2.39089
2.38441
2.37322
2.35147
2.32588
2.29421
2.23126
2.13843
2.11352
2.10839
2.10345
2.10361
2.09334
2.07125
2.03974
1.99556
1.92769
1.85783
1.84329
1.8382
1.83278
1.8327
1.84671
1.84776
1.83519
1.81824
1.78643
1.72379
1.67444
1.66587
1.66042
1.65431
1.6539
1.64009
1
1
1
1
1
1
1
1
1
1
1
1
1
1
1
1
1
1
1
1
1
1
1
1
1
1
1
1
1
1
1
1
1
1
1
1
1
1.00006
1.00577
1.182
2.52521
4.35506
5.43844
7.0722
8.2508
8.76971
9.49178
10.2573
11.6895
14.7981
17.9236
20.3666
22.1225
24.2874
25.181
25.5087
25.1777
24.2345
22.695
21.2261
20.433
20.2275
19.6812
18.9439
18.3595
17.8242
16.8466
15.7615
15.4679
15.3175
15.1391
14.8658
14.514
14.1648
13.7658
13.1919
12.5467
12.1078
11.802
11.5345
11.3136
11.1429
10.9989
10.7957
10.4528
10.0027
9.62819
9.33446
9.13988
9.07976
9.02301
8.89293
8.6552
8.35745
8.0051
7.58897
7.36541
7.32336
7.28634
7.20571
7.03484
6.87073
6.75307
6.56806
6.27338
6.13662
6.1031
6.06401
5.9853
5.85809
5.75328
5.66108
5.51508
5.27673
5.10027
5.05485
5.01653
4.94637
4.84195
4.73949
4.66168
4.5873
4.47853
4.29184
4.14807
4.09728
4.06368
4.01958
3.96527
3.9245
3.8907
3.8528
3.80425
3.73022
3.61096
3.46457
3.34972
3.28417
3.25784
3.24285
3.2263
3.20291
3.17165
3.12364
3.04911
2.95929
2.88993
2.8501
2.82409
2.80397
2.78792
2.76973
2.74194
2.70108
2.64135
2.53939
2.46304
2.44869
2.43937
2.43112
2.41578
2.39051
2.36414
2.3336
2.27823
2.1905
2.16315
2.15785
2.15216
2.14678
2.13271
2.11134
2.07863
2.03295
1.97193
1.90393
1.88782
1.88314
1.87821
1.8812
1.8932
1.8858
1.87016
1.84892
1.80912
1.74053
1.71395
1.70877
1.70339
1.6983
1.70089
1.68716
1
1
1
1
1
1
1
1
1
1
1
1
1
1
1
1
1
1
1
1
1
1
1
1
1
1
1
1
1
1
1
1
1
1
1
1
1
1
1.00002
1.00273
1.09772
1.65468
2.34983
4.10802
9.04626
15.9466
20.8487
24.6261
30.2692
34.0751
35.008
34.9695
34.7279
33.1113
30.2796
26.9834
24.0428
22.0078
20.5754
19.337
18.8561
18.8224
18.659
18.2721
17.9271
17.5486
16.6514
15.3777
14.8969
14.78
14.6811
14.4659
14.1685
13.8933
13.5342
12.9296
12.2249
11.7854
11.4836
11.2068
10.9763
10.8128
10.6816
10.4949
10.1764
9.73995
9.33572
9.01052
8.86982
8.83453
8.80326
8.6885
8.46084
8.15841
7.76561
7.29328
7.11535
7.08897
7.06727
7.00955
6.84593
6.67674
6.55179
6.35783
6.06101
5.95013
5.92089
5.88642
5.82426
5.70475
5.60448
5.51412
5.36737
5.12567
4.96211
4.92245
4.88507
4.81164
4.70864
4.61867
4.55492
4.49054
4.38584
4.18497
4.01019
3.96405
3.94062
3.90666
3.86315
3.83107
3.8002
3.76495
3.71792
3.64079
3.50982
3.3498
3.2362
3.18877
3.1682
3.1505
3.13244
3.11432
3.08786
3.04009
2.96121
2.86655
2.80206
2.77271
2.75138
2.73219
2.71602
2.69869
2.67124
2.62685
2.56073
2.45609
2.38786
2.37559
2.36719
2.36066
2.34687
2.32263
2.29762
2.26723
2.21069
2.12611
2.10313
2.09817
2.09262
2.08609
2.07115
2.05077
2.01934
1.97453
1.91618
1.85268
1.8377
1.83325
1.82854
1.83111
1.84242
1.83573
1.81965
1.79682
1.75398
1.68609
1.66313
1.65847
1.65358
1.64986
1.6563
1.6459
)
;

boundaryField
{
    inlet
    {
        type            fixedValue;
        value           uniform 1;
    }
    outlet
    {
        type            zeroGradient;
    }
    bottom
    {
        type            symmetryPlane;
    }
    top
    {
        type            symmetryPlane;
    }
    obstacle
    {
        type            zeroGradient;
    }
    defaultFaces
    {
        type            empty;
    }
}


// ************************************************************************* //
