/*--------------------------------*- C++ -*----------------------------------*\
  =========                 |
  \\      /  F ield         | OpenFOAM: The Open Source CFD Toolbox
   \\    /   O peration     | Website:  https://openfoam.org
    \\  /    A nd           | Version:  7
     \\/     M anipulation  |
\*---------------------------------------------------------------------------*/
FoamFile
{
    version     2.0;
    format      ascii;
    class       volVectorField;
    location    "3.5";
    object      U;
}
// * * * * * * * * * * * * * * * * * * * * * * * * * * * * * * * * * * * * * //

dimensions      [0 1 -1 0 0 0 0];

internalField   nonuniform List<vector> 
4608
(
(-0.929454 0.000443666 0)
(0.198335 0.00073381 0)
(0.539288 0.000869353 0)
(0.535811 0.00105401 0)
(0.531949 0.000940908 0)
(0.528496 0.000754679 0)
(0.527105 0.000558897 0)
(0.527357 0.000372391 0)
(0.528288 2.34617e-05 0)
(0.529056 -0.000242243 0)
(0.528306 -0.000314187 0)
(0.526781 -0.000313682 0)
(0.52457 -0.00026694 0)
(0.523992 -0.000147674 0)
(0.524041 0.000176255 0)
(0.523783 0.000674404 0)
(0.52231 0.00125478 0)
(0.519209 0.00174075 0)
(0.514613 0.00191355 0)
(0.509677 0.00141732 0)
(0.506035 0.000723105 0)
(0.504177 0.000428646 0)
(0.50369 0.000403791 0)
(0.504177 0.000396878 0)
(0.504413 0.000428249 0)
(0.504468 0.000530877 0)
(0.503858 0.000658389 0)
(0.502128 0.000771194 0)
(0.498323 0.000891143 0)
(0.493529 0.000990435 0)
(0.489628 0.00107463 0)
(0.487051 0.00111564 0)
(0.48522 0.0011327 0)
(0.483969 0.0011357 0)
(0.482892 0.00122653 0)
(0.481182 0.00125064 0)
(0.479068 0.001288 0)
(0.475374 0.00132907 0)
(0.470329 0.0013703 0)
(0.465152 0.00143508 0)
(0.460594 0.00149869 0)
(0.456802 0.00151212 0)
(0.453679 0.00152928 0)
(0.450998 0.00157881 0)
(0.448746 0.00173126 0)
(0.446175 0.00191137 0)
(0.443227 0.00198753 0)
(0.438825 0.00193355 0)
(0.4332 0.00192488 0)
(0.426952 0.00198405 0)
(0.421095 0.00212952 0)
(0.415569 0.00225754 0)
(0.410168 0.00234422 0)
(0.405195 0.00237542 0)
(0.400207 0.00248098 0)
(0.394797 0.00259842 0)
(0.389076 0.00272164 0)
(0.383195 0.00280437 0)
(0.377202 0.0029199 0)
(0.370876 0.00303635 0)
(0.363978 0.00310829 0)
(0.356948 0.00317766 0)
(0.349826 0.00329687 0)
(0.342441 0.00343016 0)
(0.334631 0.00356398 0)
(0.326683 0.00368199 0)
(0.318583 0.00376014 0)
(0.310432 0.0038105 0)
(0.302329 0.00384631 0)
(0.294331 0.00391252 0)
(0.286343 0.00401351 0)
(0.278135 0.00411688 0)
(0.269424 0.00422521 0)
(0.260221 0.00431192 0)
(0.250144 0.00440757 0)
(0.239194 0.00454158 0)
(0.228095 0.00469383 0)
(0.217852 0.00486596 0)
(0.208747 0.00501967 0)
(0.200252 0.00514276 0)
(0.19103 0.00519489 0)
(0.181031 0.00520539 0)
(0.169459 0.00522272 0)
(0.156889 0.00531617 0)
(0.143577 0.00544544 0)
(0.130988 0.00557254 0)
(0.11929 0.00568274 0)
(0.108189 0.00577586 0)
(0.0970773 0.00581047 0)
(0.0853106 0.00580319 0)
(0.0723879 0.00582855 0)
(0.0592117 0.00595061 0)
(0.0456522 0.00614868 0)
(0.031954 0.00639995 0)
(0.0186249 0.00661556 0)
(0.00598966 0.00697212 0)
(-0.929161 0.00157502 0)
(0.197505 0.00279568 0)
(0.539324 0.0016769 0)
(0.536243 0.00184778 0)
(0.532522 0.00129474 0)
(0.529277 0.000711027 0)
(0.527826 0.000405534 0)
(0.527931 0.000228224 0)
(0.528609 -9.79292e-05 0)
(0.528919 -0.00043265 0)
(0.52806 -0.000590258 0)
(0.52662 -0.000580454 0)
(0.524545 -0.000419365 0)
(0.524026 4.56939e-05 0)
(0.523989 0.000834933 0)
(0.523633 0.00219366 0)
(0.522078 0.00382631 0)
(0.518938 0.0051409 0)
(0.514437 0.00553015 0)
(0.509671 0.00422239 0)
(0.505989 0.00235674 0)
(0.504091 0.00118819 0)
(0.503677 0.000992679 0)
(0.504166 0.00110514 0)
(0.504305 0.00127605 0)
(0.504355 0.00164939 0)
(0.503792 0.00206606 0)
(0.502081 0.00243651 0)
(0.498266 0.00277104 0)
(0.493423 0.00305524 0)
(0.489451 0.00327201 0)
(0.486813 0.00338612 0)
(0.484953 0.0034461 0)
(0.483693 0.00345452 0)
(0.482682 0.00366824 0)
(0.481054 0.00375874 0)
(0.478942 0.00385324 0)
(0.475262 0.00399287 0)
(0.470182 0.00415625 0)
(0.464994 0.00438254 0)
(0.46047 0.0045907 0)
(0.456756 0.00461143 0)
(0.453731 0.00462805 0)
(0.451062 0.00475704 0)
(0.448808 0.00519474 0)
(0.446245 0.00571702 0)
(0.443287 0.0059748 0)
(0.438921 0.00589561 0)
(0.433307 0.00593992 0)
(0.427064 0.00615826 0)
(0.421208 0.00658863 0)
(0.415712 0.00693287 0)
(0.410296 0.0071549 0)
(0.405303 0.00721484 0)
(0.400284 0.00751944 0)
(0.394825 0.00788166 0)
(0.389038 0.00827713 0)
(0.383064 0.00855369 0)
(0.376986 0.00889955 0)
(0.370598 0.00924044 0)
(0.36368 0.00945474 0)
(0.356665 0.00964325 0)
(0.349583 0.00996749 0)
(0.342223 0.0103468 0)
(0.334378 0.0107459 0)
(0.326351 0.0111248 0)
(0.318152 0.0114065 0)
(0.30993 0.0116114 0)
(0.301829 0.011754 0)
(0.293893 0.0119619 0)
(0.285963 0.0122542 0)
(0.277756 0.0125386 0)
(0.269015 0.0128272 0)
(0.259769 0.0130326 0)
(0.249699 0.0132551 0)
(0.238832 0.0136187 0)
(0.227827 0.014101 0)
(0.21758 0.0147102 0)
(0.208313 0.0153145 0)
(0.19956 0.0157984 0)
(0.190235 0.0159815 0)
(0.18018 0.0158401 0)
(0.168814 0.0157422 0)
(0.156412 0.0158678 0)
(0.143407 0.0162529 0)
(0.130959 0.0166946 0)
(0.119246 0.0171189 0)
(0.108015 0.0174934 0)
(0.0967041 0.0176824 0)
(0.0847737 0.0177217 0)
(0.0717586 0.0178402 0)
(0.0586096 0.0181709 0)
(0.0451359 0.0186367 0)
(0.0316121 0.0192147 0)
(0.0184516 0.0197465 0)
(0.00593883 0.0207094 0)
(-0.928761 0.00214252 0)
(0.196866 0.00305217 0)
(0.538563 0.00318371 0)
(0.535656 0.00345714 0)
(0.532126 0.00290221 0)
(0.529621 0.00190779 0)
(0.528595 0.00101197 0)
(0.528655 0.000307448 0)
(0.529097 -0.000378212 0)
(0.529059 -0.00088935 0)
(0.527981 -0.00101228 0)
(0.526571 -0.000921105 0)
(0.524636 -0.000575032 0)
(0.524059 0.000142938 0)
(0.523939 0.00147105 0)
(0.523526 0.00365288 0)
(0.521971 0.00628035 0)
(0.518854 0.00834583 0)
(0.514461 0.00880282 0)
(0.509866 0.00696229 0)
(0.506177 0.0042719 0)
(0.504237 0.00225542 0)
(0.503803 0.00166817 0)
(0.504205 0.00179459 0)
(0.504243 0.00208117 0)
(0.504269 0.00266466 0)
(0.503787 0.00339345 0)
(0.50213 0.0041297 0)
(0.4983 0.00468243 0)
(0.49345 0.00513246 0)
(0.489433 0.00543427 0)
(0.486747 0.00559932 0)
(0.484862 0.00570249 0)
(0.483577 0.00574932 0)
(0.482623 0.00610106 0)
(0.481072 0.00630034 0)
(0.478961 0.00644682 0)
(0.475302 0.00662944 0)
(0.470182 0.00688546 0)
(0.464944 0.00722368 0)
(0.460396 0.00759404 0)
(0.456692 0.0076849 0)
(0.453726 0.00775015 0)
(0.451041 0.00795056 0)
(0.44877 0.00860696 0)
(0.446205 0.00940987 0)
(0.443196 0.00982719 0)
(0.438842 0.00972562 0)
(0.4332 0.00984348 0)
(0.426912 0.0102352 0)
(0.421003 0.0109782 0)
(0.415508 0.0115749 0)
(0.410092 0.0119842 0)
(0.405119 0.0121103 0)
(0.400163 0.0126155 0)
(0.394758 0.0131922 0)
(0.389002 0.0138158 0)
(0.383014 0.0142514 0)
(0.376918 0.0148044 0)
(0.370548 0.0154035 0)
(0.363686 0.0158266 0)
(0.356754 0.0161958 0)
(0.349785 0.0167436 0)
(0.342531 0.0173019 0)
(0.334745 0.017857 0)
(0.326693 0.0184086 0)
(0.318434 0.0188558 0)
(0.310157 0.0192385 0)
(0.302057 0.0195556 0)
(0.294183 0.0199607 0)
(0.286326 0.0204542 0)
(0.278147 0.0209023 0)
(0.269392 0.0213852 0)
(0.260103 0.0217835 0)
(0.250073 0.0222264 0)
(0.239356 0.0228482 0)
(0.228538 0.0235738 0)
(0.218349 0.0245032 0)
(0.208927 0.0253803 0)
(0.199826 0.026106 0)
(0.190299 0.0264578 0)
(0.180123 0.0263629 0)
(0.168976 0.0262894 0)
(0.156833 0.0264919 0)
(0.144251 0.0270983 0)
(0.132003 0.0277947 0)
(0.120242 0.0284833 0)
(0.108782 0.0291488 0)
(0.0971422 0.0295266 0)
(0.084899 0.0296532 0)
(0.0717009 0.0298654 0)
(0.0584616 0.0303765 0)
(0.0449665 0.0310845 0)
(0.0315502 0.0319786 0)
(0.0184926 0.0327828 0)
(0.00599254 0.0342038 0)
(-0.92841 0.00273304 0)
(0.196346 0.00293032 0)
(0.538303 0.00532389 0)
(0.535423 0.00548149 0)
(0.532619 0.00436154 0)
(0.530713 0.00264881 0)
(0.529602 0.00123595 0)
(0.529337 0.000133299 0)
(0.529567 -0.000720716 0)
(0.529224 -0.00130621 0)
(0.528061 -0.00138543 0)
(0.526599 -0.0012081 0)
(0.524847 -0.000682642 0)
(0.52421 0.000358608 0)
(0.523944 0.00216615 0)
(0.523463 0.00508775 0)
(0.521984 0.00861134 0)
(0.519006 0.0113188 0)
(0.514834 0.0117419 0)
(0.51043 0.00954885 0)
(0.506562 0.00636854 0)
(0.504526 0.0035324 0)
(0.503906 0.0024354 0)
(0.504088 0.00250922 0)
(0.504117 0.00289629 0)
(0.504126 0.00367513 0)
(0.503737 0.00469324 0)
(0.502239 0.00579759 0)
(0.498421 0.00654708 0)
(0.493579 0.00716934 0)
(0.489524 0.00756376 0)
(0.486809 0.00778952 0)
(0.484951 0.00796345 0)
(0.483663 0.00806394 0)
(0.482768 0.00852053 0)
(0.48126 0.0088624 0)
(0.47911 0.00907674 0)
(0.47545 0.00928304 0)
(0.470299 0.00962997 0)
(0.465039 0.01006 0)
(0.460504 0.0105959 0)
(0.456814 0.0107795 0)
(0.453865 0.0109184 0)
(0.451138 0.0112078 0)
(0.448832 0.0120427 0)
(0.446296 0.013077 0)
(0.443301 0.0136462 0)
(0.439008 0.0135503 0)
(0.433386 0.0137593 0)
(0.427082 0.0143224 0)
(0.421134 0.0153724 0)
(0.41564 0.0162231 0)
(0.410252 0.0168423 0)
(0.405298 0.0170578 0)
(0.400415 0.0177512 0)
(0.395074 0.0185178 0)
(0.389351 0.019342 0)
(0.383347 0.0199179 0)
(0.377238 0.0206484 0)
(0.370895 0.0215066 0)
(0.364104 0.0221709 0)
(0.357245 0.0227462 0)
(0.350348 0.0235285 0)
(0.343142 0.024263 0)
(0.335374 0.0249426 0)
(0.327278 0.0256174 0)
(0.318963 0.0262017 0)
(0.310656 0.0267737 0)
(0.302571 0.0273087 0)
(0.29474 0.0279559 0)
(0.286919 0.0286763 0)
(0.278747 0.0292883 0)
(0.269997 0.0299662 0)
(0.26068 0.0305817 0)
(0.250702 0.0312892 0)
(0.240159 0.032172 0)
(0.22952 0.0331614 0)
(0.219349 0.0343536 0)
(0.209713 0.0354418 0)
(0.200209 0.0363082 0)
(0.190394 0.0368222 0)
(0.180065 0.0368957 0)
(0.169022 0.0368907 0)
(0.157147 0.0372095 0)
(0.144954 0.0380338 0)
(0.132871 0.0389837 0)
(0.120985 0.0399566 0)
(0.109157 0.0409319 0)
(0.0970588 0.0415305 0)
(0.084362 0.0417762 0)
(0.0711112 0.0420611 0)
(0.0578639 0.0427041 0)
(0.0445528 0.0436143 0)
(0.0314149 0.0447905 0)
(0.0185547 0.0457774 0)
(0.00606563 0.0475053 0)
(-0.928125 0.00344093 0)
(0.196202 0.00294376 0)
(0.538099 0.00792865 0)
(0.534814 0.0074878 0)
(0.532994 0.00574686 0)
(0.531885 0.00334588 0)
(0.530622 0.00136486 0)
(0.529902 -7.22599e-05 0)
(0.529971 -0.000977731 0)
(0.529518 -0.00157694 0)
(0.528323 -0.00164513 0)
(0.526808 -0.00140572 0)
(0.525189 -0.000732687 0)
(0.52446 0.000553148 0)
(0.524062 0.00280764 0)
(0.52351 0.00636265 0)
(0.52219 0.0106673 0)
(0.519451 0.0139129 0)
(0.515523 0.0143445 0)
(0.511162 0.0121357 0)
(0.507072 0.00866358 0)
(0.504722 0.00514934 0)
(0.503871 0.00334393 0)
(0.503702 0.00326857 0)
(0.503897 0.00378721 0)
(0.503901 0.00468524 0)
(0.50362 0.00593606 0)
(0.502413 0.00736793 0)
(0.498666 0.00830847 0)
(0.493834 0.00909961 0)
(0.489754 0.00961095 0)
(0.487034 0.00993336 0)
(0.485238 0.0102143 0)
(0.483976 0.0104123 0)
(0.483133 0.0109319 0)
(0.481665 0.0114105 0)
(0.479487 0.0116801 0)
(0.475823 0.0118991 0)
(0.470675 0.0123454 0)
(0.465437 0.0128774 0)
(0.460947 0.0135804 0)
(0.457272 0.0138674 0)
(0.454311 0.0140839 0)
(0.451538 0.0144496 0)
(0.449192 0.0154234 0)
(0.446716 0.0166755 0)
(0.443777 0.0174205 0)
(0.439554 0.0173712 0)
(0.433961 0.0176752 0)
(0.427641 0.0183941 0)
(0.421648 0.0197315 0)
(0.416124 0.0208396 0)
(0.410775 0.0216926 0)
(0.405804 0.02204 0)
(0.400968 0.0229235 0)
(0.395666 0.023866 0)
(0.389953 0.0248739 0)
(0.383917 0.0255816 0)
(0.37779 0.0264611 0)
(0.371471 0.0275624 0)
(0.364756 0.0284934 0)
(0.357953 0.0292949 0)
(0.351073 0.0303154 0)
(0.343843 0.0312187 0)
(0.336051 0.0319939 0)
(0.327914 0.0327601 0)
(0.319583 0.0334645 0)
(0.31131 0.0342271 0)
(0.303284 0.0350005 0)
(0.295494 0.0359163 0)
(0.287682 0.0368953 0)
(0.279515 0.037696 0)
(0.270819 0.0385804 0)
(0.26156 0.0394251 0)
(0.25172 0.0403755 0)
(0.241409 0.0415316 0)
(0.230983 0.0427632 0)
(0.220838 0.0441539 0)
(0.21097 0.0454021 0)
(0.201084 0.0464105 0)
(0.190907 0.0471236 0)
(0.180363 0.0474511 0)
(0.169286 0.0476738 0)
(0.157675 0.0481803 0)
(0.145807 0.0491784 0)
(0.133844 0.0503844 0)
(0.121776 0.0516253 0)
(0.109492 0.0528456 0)
(0.0968591 0.053592 0)
(0.0836406 0.0539679 0)
(0.0703391 0.0543265 0)
(0.0571577 0.0550754 0)
(0.0441385 0.056167 0)
(0.0313383 0.0575625 0)
(0.0186826 0.0586458 0)
(0.00615512 0.0605046 0)
(-0.92786 0.00428032 0)
(0.196411 0.00386057 0)
(0.537563 0.0100674 0)
(0.534319 0.00854505 0)
(0.533804 0.00590546 0)
(0.532807 0.00322752 0)
(0.531269 0.00146223 0)
(0.530327 7.07591e-06 0)
(0.530292 -0.00101505 0)
(0.52995 -0.00165163 0)
(0.528742 -0.00174632 0)
(0.527171 -0.00148143 0)
(0.525588 -0.000739519 0)
(0.524744 0.000733749 0)
(0.524217 0.0033651 0)
(0.523584 0.00745285 0)
(0.522447 0.0124166 0)
(0.519982 0.0161101 0)
(0.516279 0.0167285 0)
(0.511947 0.0147586 0)
(0.507736 0.0111338 0)
(0.505077 0.00699402 0)
(0.503831 0.00451525 0)
(0.503344 0.00410685 0)
(0.50361 0.00471336 0)
(0.50377 0.00575035 0)
(0.503374 0.00711981 0)
(0.502545 0.00877912 0)
(0.498938 0.0099677 0)
(0.494115 0.010915 0)
(0.490051 0.0115838 0)
(0.487365 0.0120486 0)
(0.485652 0.0124589 0)
(0.484422 0.0127873 0)
(0.48359 0.0133186 0)
(0.48215 0.0139039 0)
(0.47996 0.0142242 0)
(0.476303 0.0144796 0)
(0.471192 0.0150364 0)
(0.465998 0.0156918 0)
(0.461542 0.0165484 0)
(0.457844 0.0169383 0)
(0.454818 0.0172351 0)
(0.451989 0.017681 0)
(0.449608 0.0187911 0)
(0.447232 0.020275 0)
(0.444359 0.021218 0)
(0.440196 0.0212556 0)
(0.434628 0.0216455 0)
(0.428292 0.0224931 0)
(0.422267 0.024089 0)
(0.416712 0.0254531 0)
(0.411403 0.0265512 0)
(0.406399 0.0270687 0)
(0.401585 0.028145 0)
(0.396304 0.0292546 0)
(0.390602 0.0304359 0)
(0.384566 0.0312688 0)
(0.378476 0.0322676 0)
(0.372234 0.0335725 0)
(0.365647 0.0347753 0)
(0.358918 0.0358048 0)
(0.352026 0.0370537 0)
(0.344711 0.0381312 0)
(0.336856 0.0390129 0)
(0.328689 0.0398799 0)
(0.320389 0.0407032 0)
(0.312211 0.0416469 0)
(0.304271 0.0426507 0)
(0.296503 0.0438335 0)
(0.288647 0.045094 0)
(0.280427 0.046115 0)
(0.271747 0.0472237 0)
(0.262547 0.0482971 0)
(0.252842 0.0494819 0)
(0.242727 0.0509039 0)
(0.23244 0.0523366 0)
(0.222246 0.0539159 0)
(0.21212 0.0553286 0)
(0.201901 0.0565216 0)
(0.191429 0.0574657 0)
(0.180653 0.0580776 0)
(0.169559 0.0586551 0)
(0.158212 0.0593944 0)
(0.146747 0.0605654 0)
(0.135038 0.0620334 0)
(0.122896 0.0635016 0)
(0.110233 0.064889 0)
(0.0970231 0.0657068 0)
(0.0835507 0.0662513 0)
(0.0701358 0.0666999 0)
(0.0570633 0.0675257 0)
(0.0443292 0.0687887 0)
(0.0317642 0.0703449 0)
(0.0191385 0.0714548 0)
(0.00634689 0.0732968 0)
(-0.927579 0.00526454 0)
(0.195754 0.00576328 0)
(0.537601 0.0125004 0)
(0.535528 0.00862652 0)
(0.535013 0.0049797 0)
(0.533309 0.00317449 0)
(0.531556 0.00166245 0)
(0.530582 0.000104144 0)
(0.530595 -0.000972395 0)
(0.530472 -0.00154775 0)
(0.529275 -0.00163438 0)
(0.527628 -0.00136525 0)
(0.525977 -0.00062795 0)
(0.524953 0.000957287 0)
(0.524261 0.00385599 0)
(0.523532 0.00837839 0)
(0.522575 0.0138889 0)
(0.52041 0.0179813 0)
(0.517001 0.0188672 0)
(0.512855 0.0172058 0)
(0.508595 0.0136771 0)
(0.505488 0.00924185 0)
(0.503715 0.00614166 0)
(0.503052 0.0050972 0)
(0.503115 0.00568688 0)
(0.503544 0.00683952 0)
(0.503072 0.00823733 0)
(0.502599 0.0100226 0)
(0.499215 0.0115373 0)
(0.494407 0.0126422 0)
(0.490402 0.0135134 0)
(0.487767 0.0141609 0)
(0.486093 0.0146922 0)
(0.484882 0.0151514 0)
(0.484026 0.015662 0)
(0.482616 0.0163262 0)
(0.480479 0.0167139 0)
(0.476868 0.0170464 0)
(0.471821 0.0177182 0)
(0.466671 0.0185076 0)
(0.462221 0.0194903 0)
(0.458472 0.0199764 0)
(0.455376 0.0203581 0)
(0.452521 0.0209171 0)
(0.450147 0.0221775 0)
(0.447898 0.0238959 0)
(0.445073 0.0250484 0)
(0.440964 0.025199 0)
(0.435428 0.0256598 0)
(0.429103 0.0266077 0)
(0.423094 0.0284306 0)
(0.417556 0.0300483 0)
(0.412304 0.0313835 0)
(0.407285 0.0321001 0)
(0.402476 0.0333531 0)
(0.397201 0.0346148 0)
(0.391505 0.0359586 0)
(0.385486 0.0369186 0)
(0.379474 0.0380246 0)
(0.373345 0.0394954 0)
(0.366927 0.0409658 0)
(0.360278 0.0422199 0)
(0.353346 0.0436842 0)
(0.345896 0.044953 0)
(0.337926 0.0459798 0)
(0.329713 0.0469918 0)
(0.321462 0.0479604 0)
(0.313412 0.0490875 0)
(0.30558 0.0503118 0)
(0.297823 0.0517489 0)
(0.289887 0.0533029 0)
(0.281556 0.0545731 0)
(0.272836 0.0559279 0)
(0.263671 0.0572346 0)
(0.254089 0.0586326 0)
(0.244149 0.0602707 0)
(0.233953 0.0618684 0)
(0.223698 0.0636321 0)
(0.21337 0.0652372 0)
(0.202909 0.0666471 0)
(0.192228 0.0678548 0)
(0.181315 0.0687679 0)
(0.170296 0.0697172 0)
(0.159263 0.0707275 0)
(0.148219 0.0720886 0)
(0.136795 0.07382 0)
(0.12459 0.0754453 0)
(0.111558 0.0769255 0)
(0.0978212 0.0778042 0)
(0.0841204 0.078574 0)
(0.0705969 0.0791752 0)
(0.0576048 0.0801065 0)
(0.0450644 0.0815619 0)
(0.0325923 0.0832505 0)
(0.0198299 0.0843506 0)
(0.00661224 0.0861278 0)
(-0.927642 0.00647239 0)
(0.194864 0.00771295 0)
(0.537954 0.014598 0)
(0.538144 0.00708579 0)
(0.535877 0.00479368 0)
(0.533578 0.00322158 0)
(0.531649 0.00168025 0)
(0.530948 0.000173029 0)
(0.530989 -0.000808014 0)
(0.53104 -0.00128645 0)
(0.529889 -0.00137754 0)
(0.528132 -0.00109918 0)
(0.526304 -0.00035769 0)
(0.524999 0.00128292 0)
(0.524107 0.0043624 0)
(0.523277 0.00919291 0)
(0.522532 0.0151139 0)
(0.520739 0.0195241 0)
(0.517701 0.0206713 0)
(0.513813 0.0194177 0)
(0.509608 0.0162071 0)
(0.506113 0.0117723 0)
(0.503831 0.0081311 0)
(0.502984 0.00635883 0)
(0.502909 0.00673874 0)
(0.503355 0.00787626 0)
(0.502897 0.00932739 0)
(0.502563 0.0111777 0)
(0.499503 0.0130638 0)
(0.494735 0.0143512 0)
(0.490814 0.0154559 0)
(0.488217 0.0162858 0)
(0.486496 0.0168947 0)
(0.485279 0.0174495 0)
(0.484397 0.0179519 0)
(0.483049 0.0186892 0)
(0.481024 0.0191922 0)
(0.477503 0.0196369 0)
(0.472521 0.0204013 0)
(0.467386 0.0213067 0)
(0.462901 0.0223869 0)
(0.459075 0.0229752 0)
(0.455916 0.0234705 0)
(0.453085 0.0242071 0)
(0.450728 0.0256279 0)
(0.448577 0.0275559 0)
(0.445758 0.0289111 0)
(0.441688 0.0291955 0)
(0.436185 0.0297121 0)
(0.429903 0.0307403 0)
(0.423959 0.0327619 0)
(0.418486 0.0346423 0)
(0.413283 0.0362011 0)
(0.408246 0.0371407 0)
(0.403385 0.0385463 0)
(0.398076 0.0399414 0)
(0.39235 0.0414291 0)
(0.386344 0.0425276 0)
(0.380437 0.0437541 0)
(0.374447 0.0453786 0)
(0.368226 0.0471142 0)
(0.361668 0.0485876 0)
(0.354701 0.0502413 0)
(0.347119 0.0517022 0)
(0.339034 0.0528989 0)
(0.330798 0.0540968 0)
(0.322647 0.0552486 0)
(0.314788 0.0565739 0)
(0.307129 0.0580123 0)
(0.299436 0.0596809 0)
(0.291456 0.0615226 0)
(0.283016 0.0630544 0)
(0.27423 0.0646635 0)
(0.265084 0.0662003 0)
(0.255608 0.067779 0)
(0.245812 0.0695976 0)
(0.235682 0.071354 0)
(0.22537 0.0733159 0)
(0.214868 0.0751518 0)
(0.20417 0.076804 0)
(0.193261 0.0783027 0)
(0.182207 0.0795348 0)
(0.171253 0.0808464 0)
(0.160482 0.0821673 0)
(0.149758 0.0837957 0)
(0.13851 0.0857837 0)
(0.126185 0.0874778 0)
(0.112702 0.0890189 0)
(0.0986327 0.0899552 0)
(0.0846768 0.090955 0)
(0.0711333 0.0917979 0)
(0.0582761 0.0929105 0)
(0.0459045 0.0945551 0)
(0.0334544 0.0963339 0)
(0.0204974 0.0973882 0)
(0.00686419 0.099062 0)
(-0.927519 0.00785997 0)
(0.194539 0.00958625 0)
(0.539007 0.013902 0)
(0.539518 0.00637621 0)
(0.535977 0.00482335 0)
(0.533654 0.00323121 0)
(0.531762 0.00173336 0)
(0.53146 0.000446514 0)
(0.53167 -0.00041254 0)
(0.531731 -0.00093156 0)
(0.530542 -0.00101416 0)
(0.528602 -0.000698322 0)
(0.526472 3.84709e-05 0)
(0.524816 0.00172386 0)
(0.523718 0.0049537 0)
(0.522819 0.00999359 0)
(0.522315 0.0161563 0)
(0.52097 0.0207828 0)
(0.518336 0.0221628 0)
(0.514794 0.021302 0)
(0.510791 0.0185103 0)
(0.506986 0.0144198 0)
(0.504215 0.010485 0)
(0.50316 0.00792084 0)
(0.502902 0.00787003 0)
(0.503189 0.0089283 0)
(0.502853 0.0104264 0)
(0.502474 0.0123226 0)
(0.49986 0.0145647 0)
(0.495157 0.0160871 0)
(0.49129 0.017433 0)
(0.48868 0.0184092 0)
(0.486858 0.0190454 0)
(0.485625 0.0196588 0)
(0.484776 0.0202193 0)
(0.48355 0.0210407 0)
(0.481647 0.0216869 0)
(0.478244 0.0222608 0)
(0.473306 0.0230775 0)
(0.468148 0.0240624 0)
(0.463608 0.0252281 0)
(0.459725 0.0259441 0)
(0.456533 0.0265974 0)
(0.453803 0.0275571 0)
(0.451457 0.0291221 0)
(0.449365 0.0312078 0)
(0.446545 0.0327588 0)
(0.442525 0.033183 0)
(0.437081 0.0337492 0)
(0.430895 0.0348525 0)
(0.425067 0.037045 0)
(0.419702 0.039202 0)
(0.414525 0.0409662 0)
(0.409467 0.0421425 0)
(0.404498 0.0436818 0)
(0.399107 0.0451912 0)
(0.393328 0.0467944 0)
(0.387351 0.04805 0)
(0.381595 0.049419 0)
(0.375771 0.0512182 0)
(0.369752 0.0532164 0)
(0.363276 0.0549059 0)
(0.356262 0.0567191 0)
(0.348543 0.058361 0)
(0.340331 0.0597315 0)
(0.332069 0.0611386 0)
(0.324026 0.0625143 0)
(0.316368 0.0640737 0)
(0.308894 0.065745 0)
(0.301282 0.0676351 0)
(0.293276 0.0697541 0)
(0.284723 0.0715456 0)
(0.275846 0.0733997 0)
(0.266698 0.0751595 0)
(0.257319 0.0768956 0)
(0.247675 0.0788936 0)
(0.23764 0.0808311 0)
(0.227315 0.0830109 0)
(0.216686 0.0851085 0)
(0.20577 0.0870241 0)
(0.194646 0.0888333 0)
(0.183485 0.0903979 0)
(0.172617 0.0920607 0)
(0.162106 0.0937341 0)
(0.151666 0.095635 0)
(0.140475 0.0978214 0)
(0.12792 0.0995203 0)
(0.114042 0.101172 0)
(0.0996781 0.102201 0)
(0.0855561 0.10342 0)
(0.0720445 0.104589 0)
(0.0593194 0.105954 0)
(0.0470112 0.107763 0)
(0.034421 0.109584 0)
(0.0211489 0.110558 0)
(0.0071115 0.11213 0)
(-0.927215 0.00925952 0)
(0.194937 0.0114795 0)
(0.539694 0.0125851 0)
(0.53972 0.00584607 0)
(0.535869 0.00469341 0)
(0.533674 0.00345372 0)
(0.53225 0.00213513 0)
(0.532079 0.00100033 0)
(0.532639 0.000201198 0)
(0.532575 -0.000509337 0)
(0.531127 -0.000583052 0)
(0.52888 -0.000270546 0)
(0.52639 0.000492553 0)
(0.524403 0.00229574 0)
(0.523141 0.00573451 0)
(0.522238 0.010955 0)
(0.522008 0.0171814 0)
(0.521148 0.0218475 0)
(0.518965 0.0233169 0)
(0.515846 0.0227325 0)
(0.512036 0.0204953 0)
(0.50809 0.0169729 0)
(0.505019 0.0130033 0)
(0.503672 0.00978217 0)
(0.503145 0.00913588 0)
(0.503169 0.0100456 0)
(0.502981 0.0115572 0)
(0.502464 0.0134784 0)
(0.500322 0.0160175 0)
(0.495689 0.0178183 0)
(0.4918 0.0193855 0)
(0.489138 0.0204844 0)
(0.48725 0.0211414 0)
(0.486031 0.0218119 0)
(0.485307 0.0225173 0)
(0.484222 0.0234193 0)
(0.482415 0.0241909 0)
(0.479115 0.0248903 0)
(0.47419 0.0257283 0)
(0.468986 0.0267541 0)
(0.464404 0.0280173 0)
(0.460506 0.0288979 0)
(0.457329 0.0297476 0)
(0.454693 0.0309255 0)
(0.452351 0.0326213 0)
(0.450238 0.0347979 0)
(0.44742 0.0365257 0)
(0.443444 0.0371138 0)
(0.438092 0.037749 0)
(0.432047 0.0389457 0)
(0.426347 0.04129 0)
(0.421098 0.0437343 0)
(0.415898 0.045687 0)
(0.4108 0.0470936 0)
(0.40566 0.0487458 0)
(0.40014 0.0503609 0)
(0.394314 0.0520515 0)
(0.388437 0.0535048 0)
(0.38287 0.0550626 0)
(0.377239 0.057071 0)
(0.371415 0.0593311 0)
(0.365009 0.0612333 0)
(0.357934 0.0631685 0)
(0.350089 0.0649655 0)
(0.341766 0.0664934 0)
(0.333508 0.0681107 0)
(0.325604 0.0697399 0)
(0.318164 0.0715707 0)
(0.310881 0.0735035 0)
(0.303357 0.0756082 0)
(0.295353 0.0779804 0)
(0.286714 0.0800055 0)
(0.277751 0.0820741 0)
(0.268604 0.0840516 0)
(0.259329 0.0859537 0)
(0.249857 0.0881634 0)
(0.239941 0.0903137 0)
(0.229628 0.0927192 0)
(0.218903 0.0950922 0)
(0.207772 0.0972902 0)
(0.196429 0.0994372 0)
(0.185172 0.101359 0)
(0.174373 0.103386 0)
(0.164065 0.105486 0)
(0.153749 0.107645 0)
(0.142403 0.109957 0)
(0.129495 0.111642 0)
(0.115258 0.113437 0)
(0.100644 0.114609 0)
(0.0864508 0.116085 0)
(0.0730444 0.117637 0)
(0.0604471 0.119288 0)
(0.0481035 0.12121 0)
(0.0352601 0.123014 0)
(0.0216382 0.123877 0)
(0.00731284 0.125372 0)
(-0.926728 0.0104719 0)
(0.195284 0.0131601 0)
(0.53992 0.010845 0)
(0.53953 0.00607247 0)
(0.535924 0.00473516 0)
(0.533958 0.00398522 0)
(0.533264 0.00281439 0)
(0.532796 0.00169893 0)
(0.533597 0.000825337 0)
(0.533358 -1.339e-05 0)
(0.531604 -0.000177144 0)
(0.528999 0.000116806 0)
(0.526154 0.00101576 0)
(0.523869 0.00308923 0)
(0.522485 0.00684199 0)
(0.521627 0.0122157 0)
(0.521713 0.0183294 0)
(0.521334 0.0227666 0)
(0.519615 0.0241111 0)
(0.516882 0.0237228 0)
(0.513244 0.0220838 0)
(0.509334 0.0192246 0)
(0.506112 0.0155641 0)
(0.504439 0.0120021 0)
(0.503607 0.0106422 0)
(0.503344 0.011254 0)
(0.503283 0.0127281 0)
(0.502547 0.0146609 0)
(0.500822 0.0173312 0)
(0.496271 0.0194354 0)
(0.492293 0.021193 0)
(0.489594 0.0224591 0)
(0.487739 0.0232141 0)
(0.486564 0.0239893 0)
(0.486014 0.0248897 0)
(0.485027 0.0258598 0)
(0.48327 0.0267104 0)
(0.48004 0.0275051 0)
(0.475111 0.0283492 0)
(0.469859 0.0293918 0)
(0.465278 0.03078 0)
(0.461414 0.0318565 0)
(0.45829 0.0329229 0)
(0.455672 0.0342774 0)
(0.453322 0.0360823 0)
(0.451109 0.0382722 0)
(0.44834 0.0401669 0)
(0.444415 0.0409714 0)
(0.439201 0.041716 0)
(0.433331 0.0430359 0)
(0.427752 0.0455151 0)
(0.422615 0.0482328 0)
(0.417349 0.0503591 0)
(0.412207 0.0519587 0)
(0.40686 0.0536834 0)
(0.401199 0.0554147 0)
(0.395388 0.0571969 0)
(0.389743 0.0589014 0)
(0.384378 0.0607171 0)
(0.378951 0.062947 0)
(0.373301 0.0654558 0)
(0.366937 0.0675552 0)
(0.359786 0.0695691 0)
(0.351835 0.0714932 0)
(0.34344 0.0731638 0)
(0.335233 0.0749874 0)
(0.327511 0.0768918 0)
(0.320297 0.0790221 0)
(0.31318 0.0812419 0)
(0.305708 0.0835555 0)
(0.297687 0.086157 0)
(0.288955 0.0883959 0)
(0.279893 0.0906643 0)
(0.270734 0.0928864 0)
(0.261545 0.0950025 0)
(0.252235 0.0974694 0)
(0.242433 0.0998567 0)
(0.232145 0.102477 0)
(0.221371 0.10512 0)
(0.210065 0.107613 0)
(0.198547 0.110132 0)
(0.187247 0.112453 0)
(0.176544 0.114869 0)
(0.166382 0.117439 0)
(0.156001 0.119818 0)
(0.144364 0.122184 0)
(0.131093 0.123857 0)
(0.116618 0.125822 0)
(0.101869 0.127215 0)
(0.0877339 0.129017 0)
(0.0744748 0.130965 0)
(0.0619321 0.132885 0)
(0.0493949 0.134854 0)
(0.0361569 0.136592 0)
(0.0221157 0.137348 0)
(0.00752975 0.138819 0)
(-0.926144 0.011369 0)
(0.195359 0.0144138 0)
(0.540119 0.00991744 0)
(0.53954 0.00616937 0)
(0.536372 0.00508552 0)
(0.534668 0.00462553 0)
(0.534137 0.00349679 0)
(0.533675 0.00227693 0)
(0.534443 0.00122188 0)
(0.533974 0.000407125 0)
(0.531999 0.000218085 0)
(0.529082 0.000603043 0)
(0.525915 0.0017651 0)
(0.523344 0.00422457 0)
(0.521862 0.00834867 0)
(0.521079 0.0138069 0)
(0.521469 0.019606 0)
(0.521501 0.0235307 0)
(0.520205 0.0245878 0)
(0.51778 0.0243468 0)
(0.514356 0.0232469 0)
(0.510598 0.0210985 0)
(0.507409 0.0180026 0)
(0.505498 0.0144754 0)
(0.504386 0.0124179 0)
(0.503802 0.0125748 0)
(0.503702 0.0139851 0)
(0.502756 0.015847 0)
(0.501296 0.0184919 0)
(0.496856 0.0208503 0)
(0.492761 0.0227874 0)
(0.490091 0.0243171 0)
(0.488365 0.0253163 0)
(0.487226 0.0262617 0)
(0.486805 0.0273455 0)
(0.485868 0.0283516 0)
(0.48411 0.0292155 0)
(0.480942 0.0300664 0)
(0.476058 0.0309358 0)
(0.470802 0.0319923 0)
(0.466287 0.0335229 0)
(0.462501 0.0347995 0)
(0.459438 0.0360721 0)
(0.45675 0.0375587 0)
(0.454351 0.0394291 0)
(0.452012 0.0416029 0)
(0.449375 0.0436776 0)
(0.445518 0.0447665 0)
(0.440466 0.0456655 0)
(0.434771 0.0471299 0)
(0.429288 0.0497214 0)
(0.424253 0.0526578 0)
(0.418889 0.0549707 0)
(0.413685 0.0567018 0)
(0.40812 0.0584507 0)
(0.402353 0.0603368 0)
(0.396639 0.0622877 0)
(0.391323 0.0642859 0)
(0.386129 0.0664207 0)
(0.380868 0.0688671 0)
(0.375339 0.0715889 0)
(0.368981 0.0738507 0)
(0.361733 0.0759017 0)
(0.353702 0.0779371 0)
(0.345293 0.0797557 0)
(0.337207 0.081796 0)
(0.329718 0.083996 0)
(0.32273 0.0864352 0)
(0.315733 0.0889469 0)
(0.308256 0.0914536 0)
(0.300189 0.0942626 0)
(0.29137 0.0967157 0)
(0.282234 0.0991923 0)
(0.273099 0.101702 0)
(0.264008 0.104076 0)
(0.254855 0.106819 0)
(0.245166 0.109442 0)
(0.234931 0.112255 0)
(0.22417 0.115155 0)
(0.212767 0.117958 0)
(0.201158 0.120892 0)
(0.189869 0.123677 0)
(0.179254 0.126524 0)
(0.169096 0.129539 0)
(0.158394 0.132106 0)
(0.146364 0.1345 0)
(0.132751 0.136186 0)
(0.118183 0.138354 0)
(0.103431 0.140087 0)
(0.0894419 0.142287 0)
(0.0762775 0.144613 0)
(0.0636545 0.146765 0)
(0.0507643 0.14872 0)
(0.0370532 0.150373 0)
(0.0225918 0.151056 0)
(0.00776168 0.152561 0)
(-0.925512 0.012174 0)
(0.195392 0.015419 0)
(0.54048 0.00978086 0)
(0.53989 0.00621735 0)
(0.537133 0.00554703 0)
(0.535537 0.00514418 0)
(0.534846 0.00394938 0)
(0.534533 0.00265975 0)
(0.535205 0.00147284 0)
(0.534509 0.000798725 0)
(0.532376 0.000711553 0)
(0.529207 0.0012958 0)
(0.525756 0.00283304 0)
(0.522908 0.00573631 0)
(0.521327 0.0102104 0)
(0.52065 0.0156213 0)
(0.521227 0.0208759 0)
(0.521559 0.0241026 0)
(0.520622 0.0248094 0)
(0.518486 0.0246944 0)
(0.515348 0.0240469 0)
(0.511813 0.0226283 0)
(0.508779 0.0202735 0)
(0.506739 0.017148 0)
(0.505447 0.01458 0)
(0.504592 0.0140806 0)
(0.504303 0.0152963 0)
(0.503153 0.0170162 0)
(0.501753 0.019506 0)
(0.497474 0.0221069 0)
(0.493272 0.02421 0)
(0.490721 0.0260816 0)
(0.489186 0.0274643 0)
(0.487999 0.0285974 0)
(0.487641 0.0298234 0)
(0.486711 0.0308156 0)
(0.484946 0.0316834 0)
(0.481866 0.0325388 0)
(0.47711 0.0334803 0)
(0.471903 0.0345689 0)
(0.467482 0.0362372 0)
(0.463764 0.0376919 0)
(0.460718 0.0391327 0)
(0.457866 0.0407239 0)
(0.455388 0.0426526 0)
(0.452962 0.0448419 0)
(0.450548 0.0471238 0)
(0.44679 0.0485359 0)
(0.441899 0.0496138 0)
(0.436366 0.0512175 0)
(0.430954 0.0539109 0)
(0.425934 0.0569903 0)
(0.420514 0.0594931 0)
(0.415195 0.061327 0)
(0.409421 0.0630698 0)
(0.403649 0.0651663 0)
(0.398185 0.0673966 0)
(0.393146 0.0697151 0)
(0.388114 0.0721804 0)
(0.382945 0.0748132 0)
(0.377473 0.0776871 0)
(0.371095 0.0800633 0)
(0.363751 0.0821267 0)
(0.355693 0.0842761 0)
(0.347355 0.0862768 0)
(0.339471 0.0885666 0)
(0.332256 0.0910782 0)
(0.325466 0.0938069 0)
(0.318537 0.0965837 0)
(0.311007 0.0992511 0)
(0.302886 0.102247 0)
(0.294021 0.104943 0)
(0.284865 0.107663 0)
(0.275791 0.110511 0)
(0.266777 0.113178 0)
(0.257725 0.116198 0)
(0.248108 0.119046 0)
(0.237948 0.122038 0)
(0.227227 0.125204 0)
(0.215825 0.128361 0)
(0.204238 0.131756 0)
(0.19301 0.135074 0)
(0.182425 0.138386 0)
(0.172092 0.141744 0)
(0.160887 0.144466 0)
(0.148486 0.146897 0)
(0.13465 0.148672 0)
(0.120167 0.151087 0)
(0.105619 0.153255 0)
(0.0918129 0.155896 0)
(0.0786267 0.158564 0)
(0.0657284 0.160898 0)
(0.0523223 0.162826 0)
(0.0380767 0.164425 0)
(0.0232308 0.165093 0)
(0.00802516 0.166678 0)
(-0.924821 0.0129762 0)
(0.195537 0.016473 0)
(0.540905 0.00982621 0)
(0.540506 0.00612003 0)
(0.537937 0.00592985 0)
(0.536355 0.00544519 0)
(0.535481 0.00422839 0)
(0.535374 0.00299158 0)
(0.535914 0.00179102 0)
(0.535046 0.00129791 0)
(0.532778 0.00136401 0)
(0.529393 0.00220673 0)
(0.525711 0.00420365 0)
(0.522612 0.00756399 0)
(0.520894 0.0122807 0)
(0.520314 0.0174447 0)
(0.520935 0.021932 0)
(0.521494 0.0243652 0)
(0.520871 0.0248362 0)
(0.519024 0.0248423 0)
(0.516228 0.0246084 0)
(0.512964 0.0238914 0)
(0.51016 0.0223437 0)
(0.508139 0.0198371 0)
(0.506757 0.0170936 0)
(0.505728 0.01582 0)
(0.505098 0.0166272 0)
(0.503753 0.0181991 0)
(0.502093 0.0204774 0)
(0.498059 0.0232946 0)
(0.493812 0.0255739 0)
(0.491447 0.0278177 0)
(0.49009 0.029601 0)
(0.488815 0.0309008 0)
(0.488443 0.0322074 0)
(0.487507 0.0331884 0)
(0.48581 0.0340823 0)
(0.482816 0.0349452 0)
(0.478248 0.0360179 0)
(0.473117 0.0371643 0)
(0.468783 0.0389436 0)
(0.465105 0.0405253 0)
(0.461973 0.0420727 0)
(0.458983 0.0437522 0)
(0.456449 0.0457848 0)
(0.454052 0.0480817 0)
(0.451901 0.050573 0)
(0.448259 0.0522978 0)
(0.443499 0.0535499 0)
(0.438098 0.0552786 0)
(0.432748 0.0580588 0)
(0.427589 0.0612346 0)
(0.422174 0.0638859 0)
(0.416676 0.0658683 0)
(0.410773 0.0676108 0)
(0.40518 0.0699827 0)
(0.400077 0.0725673 0)
(0.395211 0.0751876 0)
(0.39032 0.0779491 0)
(0.385172 0.0807228 0)
(0.379673 0.0836751 0)
(0.373258 0.0861304 0)
(0.365857 0.0882108 0)
(0.357857 0.0905024 0)
(0.349694 0.09275 0)
(0.342074 0.0953379 0)
(0.335111 0.0981657 0)
(0.328446 0.101139 0)
(0.321518 0.104134 0)
(0.313918 0.106927 0)
(0.305773 0.110101 0)
(0.296936 0.113097 0)
(0.287819 0.116108 0)
(0.278817 0.119336 0)
(0.269831 0.122309 0)
(0.260819 0.125577 0)
(0.251194 0.128647 0)
(0.241169 0.131823 0)
(0.230592 0.135275 0)
(0.219338 0.138851 0)
(0.207905 0.142742 0)
(0.196771 0.14662 0)
(0.186069 0.150397 0)
(0.175324 0.153982 0)
(0.163512 0.15685 0)
(0.150769 0.159368 0)
(0.136899 0.161363 0)
(0.122533 0.164137 0)
(0.108333 0.166788 0)
(0.0946221 0.169894 0)
(0.0812426 0.172876 0)
(0.0678308 0.175329 0)
(0.0538226 0.177252 0)
(0.0390901 0.178866 0)
(0.0239154 0.179559 0)
(0.00827808 0.181224 0)
(-0.924036 0.013755 0)
(0.195806 0.0175547 0)
(0.541394 0.00958614 0)
(0.541325 0.00632233 0)
(0.538639 0.00624607 0)
(0.537091 0.00562918 0)
(0.536129 0.00449919 0)
(0.536192 0.00340339 0)
(0.536582 0.00227043 0)
(0.53559 0.00192565 0)
(0.533217 0.00218651 0)
(0.529659 0.00332958 0)
(0.525783 0.00579002 0)
(0.52251 0.00959228 0)
(0.520523 0.0143239 0)
(0.520066 0.019083 0)
(0.520612 0.0226065 0)
(0.521408 0.0243008 0)
(0.521054 0.0247129 0)
(0.519468 0.0249087 0)
(0.517013 0.0250626 0)
(0.514018 0.0249668 0)
(0.511489 0.024193 0)
(0.50961 0.0223814 0)
(0.508185 0.0198177 0)
(0.507032 0.0179201 0)
(0.505955 0.0181095 0)
(0.50448 0.0195043 0)
(0.502344 0.0215103 0)
(0.498742 0.0244653 0)
(0.4945 0.0269033 0)
(0.492321 0.0294975 0)
(0.491011 0.0315889 0)
(0.489741 0.0330658 0)
(0.489253 0.0344035 0)
(0.488337 0.0354407 0)
(0.486749 0.0364201 0)
(0.48384 0.0373315 0)
(0.479477 0.0385729 0)
(0.474426 0.0397772 0)
(0.470171 0.0416218 0)
(0.4665 0.0432558 0)
(0.463222 0.044869 0)
(0.460159 0.0466562 0)
(0.457657 0.0488834 0)
(0.455458 0.0513786 0)
(0.45339 0.0540729 0)
(0.449889 0.0560642 0)
(0.445216 0.0574689 0)
(0.439903 0.0593147 0)
(0.434592 0.0621376 0)
(0.429239 0.0653798 0)
(0.423786 0.0681433 0)
(0.418166 0.0703359 0)
(0.412278 0.0721648 0)
(0.407045 0.0748426 0)
(0.402268 0.0777893 0)
(0.397529 0.0806591 0)
(0.392719 0.0836596 0)
(0.387521 0.0865184 0)
(0.381898 0.0894782 0)
(0.375446 0.0920175 0)
(0.368062 0.0941595 0)
(0.360236 0.0966552 0)
(0.352345 0.0992296 0)
(0.344996 0.10215 0)
(0.338209 0.10527 0)
(0.331569 0.108419 0)
(0.324607 0.111581 0)
(0.316987 0.114482 0)
(0.308902 0.117836 0)
(0.300214 0.121196 0)
(0.291184 0.12453 0)
(0.282224 0.128145 0)
(0.273185 0.131419 0)
(0.264116 0.134881 0)
(0.254515 0.138185 0)
(0.24468 0.141605 0)
(0.234318 0.145404 0)
(0.223357 0.149484 0)
(0.212152 0.153897 0)
(0.201057 0.158299 0)
(0.190056 0.162485 0)
(0.178626 0.166231 0)
(0.166335 0.169254 0)
(0.153235 0.17199 0)
(0.139532 0.174319 0)
(0.125504 0.177543 0)
(0.111681 0.180724 0)
(0.0979664 0.184251 0)
(0.0842061 0.187512 0)
(0.0701117 0.19007 0)
(0.0554833 0.192052 0)
(0.0402988 0.19377 0)
(0.024733 0.19451 0)
(0.00855574 0.196228 0)
(-0.923143 0.0144534 0)
(0.196281 0.0185603 0)
(0.541818 0.00866715 0)
(0.541876 0.00720207 0)
(0.539248 0.00665107 0)
(0.537805 0.00587837 0)
(0.536846 0.00489612 0)
(0.536941 0.00395614 0)
(0.537185 0.00291666 0)
(0.536112 0.00267824 0)
(0.533682 0.00316832 0)
(0.530026 0.00466852 0)
(0.525948 0.00752279 0)
(0.522478 0.0116171 0)
(0.520308 0.0162041 0)
(0.519816 0.0203342 0)
(0.520447 0.0229486 0)
(0.521401 0.0240334 0)
(0.521258 0.0244467 0)
(0.519905 0.024866 0)
(0.517721 0.0253919 0)
(0.514933 0.0258605 0)
(0.512681 0.0257907 0)
(0.511006 0.0246834 0)
(0.509615 0.0225413 0)
(0.508383 0.0203346 0)
(0.506927 0.0197905 0)
(0.505284 0.0209206 0)
(0.50285 0.0226214 0)
(0.49967 0.0255815 0)
(0.495421 0.0281658 0)
(0.493296 0.0310772 0)
(0.491887 0.0333859 0)
(0.490691 0.0350783 0)
(0.490087 0.0364508 0)
(0.489244 0.0376153 0)
(0.487799 0.0387408 0)
(0.484996 0.0397097 0)
(0.48082 0.0411183 0)
(0.475825 0.0423551 0)
(0.471619 0.044231 0)
(0.467887 0.0458716 0)
(0.464488 0.0475691 0)
(0.461417 0.0495336 0)
(0.45908 0.0520526 0)
(0.457048 0.0547734 0)
(0.455015 0.0576381 0)
(0.451598 0.0598221 0)
(0.446989 0.0613607 0)
(0.441735 0.0633134 0)
(0.436451 0.0661006 0)
(0.430909 0.0694007 0)
(0.425402 0.0722579 0)
(0.419771 0.0747447 0)
(0.414069 0.0767963 0)
(0.409246 0.079747 0)
(0.404696 0.0830243 0)
(0.400031 0.0860918 0)
(0.395227 0.0892564 0)
(0.389917 0.09215 0)
(0.384111 0.0950632 0)
(0.377674 0.097733 0)
(0.370431 0.100032 0)
(0.362909 0.102802 0)
(0.355362 0.105745 0)
(0.348237 0.108975 0)
(0.34152 0.112329 0)
(0.334817 0.115582 0)
(0.327824 0.118889 0)
(0.320272 0.121937 0)
(0.312347 0.125495 0)
(0.303912 0.12927 0)
(0.294964 0.132926 0)
(0.285965 0.136893 0)
(0.276796 0.140451 0)
(0.267558 0.144076 0)
(0.258094 0.147653 0)
(0.248534 0.151415 0)
(0.23849 0.155662 0)
(0.227933 0.160309 0)
(0.216949 0.165225 0)
(0.205749 0.170056 0)
(0.194305 0.174521 0)
(0.182079 0.178443 0)
(0.169364 0.181682 0)
(0.156148 0.184823 0)
(0.1425 0.187655 0)
(0.128969 0.191396 0)
(0.11548 0.195139 0)
(0.101453 0.19902 0)
(0.08717 0.202502 0)
(0.0723215 0.205237 0)
(0.0571045 0.20736 0)
(0.041525 0.20924 0)
(0.0255235 0.210006 0)
(0.00879045 0.21174 0)
(-0.922135 0.0150118 0)
(0.197024 0.0192818 0)
(0.542166 0.0086874 0)
(0.542187 0.00763732 0)
(0.54005 0.00701433 0)
(0.53865 0.00628735 0)
(0.537598 0.0054784 0)
(0.537576 0.00464814 0)
(0.537689 0.00370021 0)
(0.53658 0.00357154 0)
(0.534143 0.00432303 0)
(0.530448 0.00620965 0)
(0.526219 0.00942054 0)
(0.522397 0.0134971 0)
(0.520211 0.0178337 0)
(0.51969 0.0211933 0)
(0.520419 0.0229267 0)
(0.521551 0.0237139 0)
(0.521566 0.0241207 0)
(0.520367 0.024673 0)
(0.518321 0.0255367 0)
(0.515744 0.0265647 0)
(0.513659 0.0271543 0)
(0.512197 0.0267306 0)
(0.510972 0.0250856 0)
(0.509771 0.0228691 0)
(0.508132 0.021604 0)
(0.506293 0.0223701 0)
(0.503619 0.0238086 0)
(0.500723 0.0266931 0)
(0.496425 0.0294443 0)
(0.494173 0.0325573 0)
(0.49268 0.0350284 0)
(0.49163 0.0369514 0)
(0.491028 0.0384177 0)
(0.490309 0.0397301 0)
(0.489 0.0410163 0)
(0.486305 0.0420464 0)
(0.482256 0.0436072 0)
(0.477263 0.0448572 0)
(0.473055 0.0467511 0)
(0.469207 0.0484047 0)
(0.465786 0.0502614 0)
(0.462843 0.0524874 0)
(0.460749 0.0553229 0)
(0.458784 0.0582458 0)
(0.456756 0.061209 0)
(0.453391 0.0635116 0)
(0.448842 0.0651588 0)
(0.443615 0.0672257 0)
(0.438223 0.0699368 0)
(0.432686 0.0733049 0)
(0.427075 0.0762737 0)
(0.421563 0.079136 0)
(0.416205 0.081512 0)
(0.411664 0.0846759 0)
(0.407293 0.088223 0)
(0.402617 0.0914421 0)
(0.397755 0.0946907 0)
(0.392324 0.0975939 0)
(0.386359 0.100448 0)
(0.380069 0.103325 0)
(0.373097 0.105901 0)
(0.365966 0.108985 0)
(0.358755 0.112274 0)
(0.35175 0.115742 0)
(0.344992 0.119264 0)
(0.338163 0.122585 0)
(0.331186 0.126071 0)
(0.3238 0.129365 0)
(0.316121 0.133153 0)
(0.307992 0.137343 0)
(0.299074 0.141274 0)
(0.289955 0.145518 0)
(0.280605 0.149334 0)
(0.271246 0.153141 0)
(0.262011 0.157077 0)
(0.25281 0.161305 0)
(0.243247 0.166118 0)
(0.233092 0.171319 0)
(0.222205 0.176656 0)
(0.210713 0.181818 0)
(0.198615 0.186466 0)
(0.185858 0.190598 0)
(0.172726 0.194228 0)
(0.159532 0.197938 0)
(0.146127 0.2014 0)
(0.133092 0.205743 0)
(0.119718 0.209952 0)
(0.105412 0.214093 0)
(0.0905356 0.217795 0)
(0.0749795 0.220838 0)
(0.0591391 0.223236 0)
(0.0430529 0.225332 0)
(0.0264588 0.226093 0)
(0.00905081 0.227829 0)
(-0.921009 0.0154213 0)
(0.197833 0.0197493 0)
(0.542681 0.0089061 0)
(0.542645 0.00807434 0)
(0.540903 0.00746412 0)
(0.539477 0.00683401 0)
(0.538291 0.00614325 0)
(0.538089 0.00540049 0)
(0.53809 0.00458809 0)
(0.536976 0.00462298 0)
(0.534562 0.00567505 0)
(0.530827 0.00792994 0)
(0.526552 0.0115028 0)
(0.522379 0.0153207 0)
(0.520221 0.0192278 0)
(0.519625 0.0216942 0)
(0.52051 0.0228429 0)
(0.521757 0.0233131 0)
(0.521858 0.0237041 0)
(0.520797 0.024375 0)
(0.518847 0.0255638 0)
(0.516484 0.0271263 0)
(0.514483 0.0282592 0)
(0.51322 0.0285059 0)
(0.51223 0.0273536 0)
(0.511146 0.025384 0)
(0.509524 0.0235979 0)
(0.507484 0.0238733 0)
(0.504577 0.0250576 0)
(0.501796 0.0277772 0)
(0.497466 0.0307126 0)
(0.494946 0.0339712 0)
(0.493449 0.03656 0)
(0.492611 0.0387144 0)
(0.492103 0.0403642 0)
(0.491513 0.0418318 0)
(0.490278 0.0432589 0)
(0.487675 0.0443297 0)
(0.483709 0.0460135 0)
(0.478685 0.0472648 0)
(0.474448 0.0491677 0)
(0.470527 0.050892 0)
(0.467249 0.0530179 0)
(0.464513 0.0555529 0)
(0.46261 0.0586654 0)
(0.460652 0.0617373 0)
(0.458552 0.0647276 0)
(0.455224 0.0670959 0)
(0.450729 0.0688277 0)
(0.445523 0.0710114 0)
(0.439958 0.0736939 0)
(0.434487 0.0771389 0)
(0.428849 0.0802845 0)
(0.423606 0.0835444 0)
(0.418653 0.0862716 0)
(0.414265 0.0895718 0)
(0.409985 0.0932988 0)
(0.405249 0.0966378 0)
(0.400288 0.0999088 0)
(0.394745 0.102863 0)
(0.388775 0.105714 0)
(0.382744 0.108884 0)
(0.376133 0.111829 0)
(0.369394 0.115209 0)
(0.362432 0.118761 0)
(0.355433 0.122371 0)
(0.348579 0.126015 0)
(0.341643 0.129427 0)
(0.334766 0.133154 0)
(0.327646 0.13682 0)
(0.320237 0.140831 0)
(0.312384 0.145367 0)
(0.303441 0.149506 0)
(0.294158 0.153944 0)
(0.284645 0.158028 0)
(0.275292 0.162097 0)
(0.266401 0.166521 0)
(0.25764 0.17135 0)
(0.248649 0.176804 0)
(0.238741 0.182452 0)
(0.227752 0.188084 0)
(0.215878 0.193469 0)
(0.203089 0.198317 0)
(0.189986 0.202749 0)
(0.176688 0.206958 0)
(0.163481 0.211423 0)
(0.150425 0.215641 0)
(0.137676 0.220604 0)
(0.124011 0.225194 0)
(0.109402 0.229579 0)
(0.0939185 0.233592 0)
(0.0777331 0.237059 0)
(0.0612133 0.239822 0)
(0.0444834 0.242149 0)
(0.0272181 0.242859 0)
(0.00924242 0.244602 0)
(-0.919767 0.0157391 0)
(0.198608 0.0199604 0)
(0.543432 0.00928829 0)
(0.543293 0.00855867 0)
(0.541731 0.0079014 0)
(0.540181 0.00731936 0)
(0.538873 0.00672364 0)
(0.538497 0.00610828 0)
(0.5384 0.00553063 0)
(0.537294 0.0058068 0)
(0.53491 0.00721035 0)
(0.531124 0.00982809 0)
(0.526848 0.0137143 0)
(0.52256 0.0172438 0)
(0.520326 0.0204859 0)
(0.519724 0.0220191 0)
(0.520739 0.0227633 0)
(0.521992 0.0230034 0)
(0.522135 0.0233426 0)
(0.5212 0.0240954 0)
(0.519324 0.0255293 0)
(0.517191 0.0275691 0)
(0.515174 0.029185 0)
(0.514114 0.0300932 0)
(0.513341 0.0294296 0)
(0.512452 0.0278501 0)
(0.51102 0.0258196 0)
(0.508879 0.0254129 0)
(0.505884 0.0263702 0)
(0.502888 0.028791 0)
(0.498673 0.0319012 0)
(0.495797 0.0352379 0)
(0.494279 0.0380097 0)
(0.493699 0.040402 0)
(0.493284 0.0423147 0)
(0.492792 0.0439258 0)
(0.491545 0.0454549 0)
(0.48905 0.0465485 0)
(0.485159 0.0483046 0)
(0.480115 0.0495642 0)
(0.47587 0.0514957 0)
(0.471995 0.0534024 0)
(0.468964 0.055869 0)
(0.466418 0.0587078 0)
(0.464577 0.0620339 0)
(0.462581 0.0652125 0)
(0.460353 0.0681567 0)
(0.457068 0.0705578 0)
(0.452632 0.0723708 0)
(0.447461 0.0746763 0)
(0.441758 0.0773934 0)
(0.436331 0.0809533 0)
(0.430804 0.0843572 0)
(0.425943 0.0879849 0)
(0.42133 0.0910313 0)
(0.417013 0.0943747 0)
(0.412706 0.0981815 0)
(0.407926 0.101626 0)
(0.402809 0.104902 0)
(0.397262 0.10802 0)
(0.391472 0.111 0)
(0.385726 0.114502 0)
(0.379519 0.117829 0)
(0.37308 0.121421 0)
(0.366262 0.125124 0)
(0.359215 0.128801 0)
(0.352293 0.132571 0)
(0.345351 0.136161 0)
(0.338644 0.140187 0)
(0.33184 0.144304 0)
(0.324631 0.148485 0)
(0.316957 0.153242 0)
(0.307981 0.157548 0)
(0.298554 0.162132 0)
(0.289002 0.166576 0)
(0.2798 0.17105 0)
(0.271348 0.176116 0)
(0.263115 0.181615 0)
(0.254581 0.187668 0)
(0.244697 0.19359 0)
(0.233447 0.199423 0)
(0.221113 0.204958 0)
(0.207957 0.210086 0)
(0.194605 0.215019 0)
(0.181327 0.219973 0)
(0.168286 0.225337 0)
(0.155526 0.23036 0)
(0.142788 0.235818 0)
(0.128783 0.240749 0)
(0.113944 0.245464 0)
(0.0980233 0.249878 0)
(0.0812784 0.25388 0)
(0.063959 0.257082 0)
(0.0463159 0.259678 0)
(0.028108 0.260368 0)
(0.00952657 0.262194 0)
(-0.918403 0.0160201 0)
(0.199338 0.0200836 0)
(0.544306 0.00969935 0)
(0.544065 0.00900439 0)
(0.542553 0.00822752 0)
(0.540831 0.00765412 0)
(0.539374 0.00716379 0)
(0.538833 0.00672365 0)
(0.538649 0.00648075 0)
(0.537567 0.0070779 0)
(0.535198 0.00888474 0)
(0.531386 0.0119119 0)
(0.5271 0.0159975 0)
(0.522913 0.0192418 0)
(0.520577 0.0216669 0)
(0.52002 0.0223467 0)
(0.521022 0.0227216 0)
(0.522241 0.0228332 0)
(0.522402 0.0231484 0)
(0.521585 0.0239375 0)
(0.519743 0.0255382 0)
(0.517827 0.027989 0)
(0.515736 0.0300855 0)
(0.514913 0.0315673 0)
(0.51434 0.0313885 0)
(0.513697 0.0302723 0)
(0.512513 0.0282975 0)
(0.510383 0.0272255 0)
(0.507485 0.0278779 0)
(0.503995 0.0298541 0)
(0.500091 0.0330345 0)
(0.496821 0.0363886 0)
(0.495267 0.0393921 0)
(0.494851 0.0420311 0)
(0.494487 0.0442409 0)
(0.494035 0.0459761 0)
(0.492795 0.0475681 0)
(0.490434 0.0486797 0)
(0.486638 0.0504734 0)
(0.481622 0.0517883 0)
(0.477417 0.0538144 0)
(0.473697 0.0560131 0)
(0.470895 0.0588077 0)
(0.468469 0.0619074 0)
(0.466569 0.0653704 0)
(0.464505 0.0686121 0)
(0.462134 0.0714786 0)
(0.458909 0.0739182 0)
(0.454552 0.0758343 0)
(0.449456 0.0782663 0)
(0.443659 0.0810726 0)
(0.438272 0.0847843 0)
(0.432991 0.0885288 0)
(0.428521 0.0924502 0)
(0.424143 0.0957565 0)
(0.419828 0.0990494 0)
(0.415477 0.102841 0)
(0.410619 0.106385 0)
(0.405386 0.10975 0)
(0.400057 0.113155 0)
(0.394453 0.116405 0)
(0.389029 0.120197 0)
(0.383151 0.123825 0)
(0.376898 0.127514 0)
(0.370177 0.13128 0)
(0.363117 0.135018 0)
(0.356222 0.13898 0)
(0.349399 0.142866 0)
(0.342864 0.147195 0)
(0.336333 0.151728 0)
(0.329211 0.155997 0)
(0.32162 0.160837 0)
(0.312693 0.16534 0)
(0.303228 0.170095 0)
(0.293858 0.175064 0)
(0.284915 0.180105 0)
(0.276993 0.185946 0)
(0.269225 0.192059 0)
(0.260889 0.198534 0)
(0.250858 0.204564 0)
(0.239331 0.210573 0)
(0.226568 0.216291 0)
(0.213341 0.221828 0)
(0.200041 0.227467 0)
(0.186819 0.233337 0)
(0.174023 0.239679 0)
(0.161209 0.24549 0)
(0.148071 0.25142 0)
(0.133673 0.256781 0)
(0.118562 0.262044 0)
(0.102204 0.266979 0)
(0.0848402 0.271547 0)
(0.0666135 0.275177 0)
(0.0479356 0.278044 0)
(0.0287469 0.278771 0)
(0.00977301 0.280783 0)
(-0.916908 0.0162603 0)
(0.200048 0.0201477 0)
(0.545152 0.0100544 0)
(0.544847 0.00937022 0)
(0.543333 0.00849564 0)
(0.541471 0.00789406 0)
(0.539846 0.00752555 0)
(0.539131 0.00730094 0)
(0.538861 0.00744229 0)
(0.537811 0.008427 0)
(0.535458 0.0106802 0)
(0.531667 0.0141543 0)
(0.527387 0.0183082 0)
(0.523406 0.0211799 0)
(0.521032 0.0227072 0)
(0.520475 0.0228065 0)
(0.521321 0.022821 0)
(0.522505 0.0228163 0)
(0.522739 0.0231008 0)
(0.522007 0.023925 0)
(0.520159 0.0256299 0)
(0.518369 0.0283462 0)
(0.516237 0.0309519 0)
(0.515626 0.0329016 0)
(0.515247 0.0332551 0)
(0.514857 0.0326565 0)
(0.513956 0.0309644 0)
(0.512004 0.0294269 0)
(0.509139 0.0296451 0)
(0.505324 0.031186 0)
(0.501645 0.0341659 0)
(0.498105 0.037457 0)
(0.496514 0.0406747 0)
(0.496036 0.0435456 0)
(0.495706 0.046039 0)
(0.49524 0.0479032 0)
(0.494054 0.0495602 0)
(0.491834 0.0507317 0)
(0.488168 0.0525916 0)
(0.483234 0.0540524 0)
(0.479116 0.0562555 0)
(0.475604 0.0587773 0)
(0.472948 0.0618153 0)
(0.470579 0.0650997 0)
(0.468562 0.0686146 0)
(0.466426 0.071895 0)
(0.463933 0.0747059 0)
(0.460792 0.0772074 0)
(0.456541 0.0792625 0)
(0.45148 0.0818402 0)
(0.445733 0.0847634 0)
(0.440356 0.0886448 0)
(0.435426 0.0927759 0)
(0.431231 0.0968983 0)
(0.427028 0.1004 0)
(0.422674 0.103597 0)
(0.418234 0.107323 0)
(0.413346 0.110979 0)
(0.408206 0.114577 0)
(0.403112 0.118357 0)
(0.397771 0.121925 0)
(0.392573 0.125893 0)
(0.386888 0.129686 0)
(0.380762 0.133385 0)
(0.374174 0.137204 0)
(0.367219 0.14109 0)
(0.360446 0.145334 0)
(0.353803 0.149612 0)
(0.347346 0.15415 0)
(0.340944 0.158954 0)
(0.333889 0.163239 0)
(0.326346 0.168091 0)
(0.317635 0.17292 0)
(0.308311 0.177973 0)
(0.299351 0.183616 0)
(0.290757 0.189338 0)
(0.283335 0.195971 0)
(0.275765 0.202562 0)
(0.26735 0.209236 0)
(0.257102 0.215309 0)
(0.245343 0.221543 0)
(0.232393 0.22756 0)
(0.219284 0.233717 0)
(0.206293 0.240263 0)
(0.193288 0.247129 0)
(0.180611 0.254394 0)
(0.167502 0.260896 0)
(0.153942 0.267347 0)
(0.139417 0.273232 0)
(0.124201 0.279187 0)
(0.107493 0.284736 0)
(0.0894448 0.289892 0)
(0.07017 0.294008 0)
(0.0502639 0.297232 0)
(0.0299067 0.298192 0)
(0.0102459 0.300532 0)
(-0.915282 0.0164271 0)
(0.200767 0.0200875 0)
(0.545888 0.0103292 0)
(0.545561 0.0096709 0)
(0.54406 0.00875944 0)
(0.542117 0.00813998 0)
(0.540328 0.00792258 0)
(0.539442 0.00795998 0)
(0.539056 0.00848535 0)
(0.538025 0.00990152 0)
(0.5357 0.0126176 0)
(0.531992 0.0165032 0)
(0.527774 0.0205659 0)
(0.524017 0.0229162 0)
(0.521705 0.0236041 0)
(0.521019 0.0234035 0)
(0.52165 0.0231066 0)
(0.522764 0.0230098 0)
(0.523134 0.023246 0)
(0.522488 0.0240235 0)
(0.520627 0.0257688 0)
(0.518748 0.0286897 0)
(0.516748 0.0317159 0)
(0.5162 0.0340067 0)
(0.516063 0.0349388 0)
(0.515921 0.0348824 0)
(0.515329 0.0336245 0)
(0.513675 0.0319794 0)
(0.510845 0.0316912 0)
(0.507018 0.0328408 0)
(0.503217 0.0353512 0)
(0.499583 0.0385908 0)
(0.497931 0.0419302 0)
(0.49722 0.0449047 0)
(0.496902 0.047651 0)
(0.496359 0.0496797 0)
(0.495274 0.0514528 0)
(0.493243 0.0527576 0)
(0.489787 0.0547332 0)
(0.485007 0.0564204 0)
(0.481025 0.0588405 0)
(0.477718 0.0616419 0)
(0.4751 0.0648322 0)
(0.472732 0.0682318 0)
(0.470577 0.0717441 0)
(0.468381 0.0750658 0)
(0.465798 0.0778777 0)
(0.462735 0.0804655 0)
(0.45859 0.0826865 0)
(0.453561 0.0854387 0)
(0.447875 0.0885008 0)
(0.442587 0.0925478 0)
(0.438029 0.0970292 0)
(0.433958 0.101293 0)
(0.429907 0.104934 0)
(0.425509 0.108055 0)
(0.421006 0.111703 0)
(0.416205 0.115557 0)
(0.411346 0.119455 0)
(0.406492 0.123604 0)
(0.401401 0.127449 0)
(0.396249 0.131445 0)
(0.390651 0.135274 0)
(0.384671 0.138995 0)
(0.378319 0.142959 0)
(0.371614 0.14713 0)
(0.364999 0.151681 0)
(0.358528 0.156321 0)
(0.351922 0.160927 0)
(0.34557 0.165809 0)
(0.338689 0.170131 0)
(0.331283 0.175048 0)
(0.323009 0.18038 0)
(0.314029 0.18593 0)
(0.305563 0.192293 0)
(0.297406 0.19874 0)
(0.290271 0.205932 0)
(0.282535 0.212891 0)
(0.273917 0.219643 0)
(0.26348 0.225793 0)
(0.25164 0.23234 0)
(0.238843 0.238836 0)
(0.226144 0.245815 0)
(0.213605 0.253394 0)
(0.200901 0.2612 0)
(0.188035 0.269281 0)
(0.174369 0.276482 0)
(0.160389 0.2837 0)
(0.145585 0.290409 0)
(0.13006 0.297267 0)
(0.11272 0.303576 0)
(0.0937603 0.309336 0)
(0.0733771 0.313966 0)
(0.052304 0.317574 0)
(0.0310339 0.318933 0)
(0.0106624 0.321649 0)
(-0.913534 0.0164779 0)
(0.20153 0.0198178 0)
(0.546506 0.0105301 0)
(0.546194 0.00993255 0)
(0.544737 0.00908407 0)
(0.542773 0.00850529 0)
(0.540838 0.0084612 0)
(0.539798 0.00879687 0)
(0.53925 0.00970531 0)
(0.538214 0.0115803 0)
(0.535942 0.0147458 0)
(0.532393 0.0189103 0)
(0.528308 0.0226729 0)
(0.524752 0.0243681 0)
(0.522538 0.0244301 0)
(0.521678 0.0240341 0)
(0.522019 0.0235492 0)
(0.523007 0.0233552 0)
(0.523519 0.0235515 0)
(0.522972 0.0242935 0)
(0.521138 0.0260118 0)
(0.51909 0.0288499 0)
(0.517325 0.0321509 0)
(0.516586 0.0347164 0)
(0.516788 0.0362515 0)
(0.516905 0.0367591 0)
(0.516634 0.0360222 0)
(0.515334 0.0346508 0)
(0.512633 0.0339272 0)
(0.50894 0.0348382 0)
(0.504753 0.0367894 0)
(0.501208 0.0398465 0)
(0.499466 0.0431794 0)
(0.498463 0.046148 0)
(0.498079 0.0490824 0)
(0.497442 0.0513226 0)
(0.496511 0.0532807 0)
(0.494707 0.0547804 0)
(0.491522 0.0569046 0)
(0.486964 0.0588788 0)
(0.483124 0.0615285 0)
(0.479942 0.0645752 0)
(0.47724 0.0678782 0)
(0.474813 0.071363 0)
(0.472533 0.0748515 0)
(0.470313 0.0782022 0)
(0.467712 0.0810492 0)
(0.464729 0.0837129 0)
(0.460667 0.0861039 0)
(0.45568 0.0890371 0)
(0.450053 0.0922752 0)
(0.444943 0.0964678 0)
(0.440715 0.101204 0)
(0.436721 0.10558 0)
(0.432775 0.109335 0)
(0.428411 0.112466 0)
(0.423916 0.116058 0)
(0.419409 0.120175 0)
(0.414771 0.124392 0)
(0.410176 0.128815 0)
(0.40522 0.132829 0)
(0.399918 0.136734 0)
(0.394405 0.140567 0)
(0.388674 0.144438 0)
(0.382703 0.148671 0)
(0.376327 0.153185 0)
(0.369814 0.157969 0)
(0.363295 0.162805 0)
(0.356556 0.167339 0)
(0.350196 0.172218 0)
(0.343655 0.176792 0)
(0.336578 0.181949 0)
(0.328927 0.18793 0)
(0.320453 0.194128 0)
(0.312395 0.201091 0)
(0.304687 0.208257 0)
(0.2974 0.21564 0)
(0.289436 0.222822 0)
(0.280634 0.229702 0)
(0.269988 0.236059 0)
(0.258402 0.243063 0)
(0.246032 0.250296 0)
(0.233925 0.258257 0)
(0.221946 0.266881 0)
(0.209319 0.275539 0)
(0.196068 0.284356 0)
(0.181925 0.292366 0)
(0.167824 0.300527 0)
(0.15299 0.308211 0)
(0.137316 0.315957 0)
(0.119473 0.323073 0)
(0.0996565 0.329543 0)
(0.0781543 0.334885 0)
(0.0557723 0.339147 0)
(0.0332725 0.341159 0)
(0.0115055 0.344304 0)
(-0.911679 0.0163849 0)
(0.202367 0.0192968 0)
(0.547029 0.0106798 0)
(0.54677 0.0101672 0)
(0.545383 0.0094886 0)
(0.543423 0.00901756 0)
(0.54139 0.00918216 0)
(0.540154 0.00983163 0)
(0.539407 0.011154 0)
(0.538308 0.0134961 0)
(0.536114 0.0170567 0)
(0.532821 0.0212944 0)
(0.528962 0.0245322 0)
(0.525632 0.0255344 0)
(0.52343 0.0252394 0)
(0.522432 0.0246682 0)
(0.522501 0.0240397 0)
(0.52333 0.0237848 0)
(0.523917 0.0239882 0)
(0.52345 0.0247191 0)
(0.521652 0.0263785 0)
(0.51943 0.029032 0)
(0.517888 0.0323879 0)
(0.516735 0.0351259 0)
(0.51734 0.037139 0)
(0.517781 0.038196 0)
(0.517829 0.0380089 0)
(0.516921 0.0371538 0)
(0.514487 0.0362312 0)
(0.510898 0.0369272 0)
(0.506584 0.0383782 0)
(0.502918 0.0411091 0)
(0.501004 0.0445205 0)
(0.499567 0.0474046 0)
(0.49932 0.0504251 0)
(0.498522 0.0529044 0)
(0.497757 0.0551049 0)
(0.496195 0.0568442 0)
(0.493346 0.0590985 0)
(0.489092 0.0613863 0)
(0.485378 0.0642462 0)
(0.48225 0.0675038 0)
(0.479381 0.0709083 0)
(0.476855 0.0744912 0)
(0.474493 0.0779745 0)
(0.472266 0.0813277 0)
(0.469743 0.0842107 0)
(0.466819 0.0869193 0)
(0.462814 0.08945 0)
(0.457823 0.092558 0)
(0.452311 0.096004 0)
(0.447407 0.100334 0)
(0.443444 0.10525 0)
(0.439544 0.109745 0)
(0.435692 0.113629 0)
(0.431468 0.116894 0)
(0.427072 0.120487 0)
(0.422921 0.124822 0)
(0.418506 0.1293 0)
(0.414033 0.133885 0)
(0.409017 0.137944 0)
(0.403563 0.141725 0)
(0.398242 0.145654 0)
(0.392922 0.149837 0)
(0.387392 0.154382 0)
(0.381277 0.159145 0)
(0.374765 0.163968 0)
(0.367997 0.168847 0)
(0.361221 0.173289 0)
(0.355032 0.178254 0)
(0.349022 0.183382 0)
(0.342479 0.189028 0)
(0.335487 0.195676 0)
(0.327555 0.202516 0)
(0.31979 0.209852 0)
(0.312451 0.217485 0)
(0.304554 0.224913 0)
(0.296657 0.23219 0)
(0.287644 0.23931 0)
(0.276926 0.246094 0)
(0.265931 0.253768 0)
(0.25423 0.261968 0)
(0.242835 0.270977 0)
(0.231296 0.280505 0)
(0.218588 0.289905 0)
(0.204971 0.299464 0)
(0.190561 0.308516 0)
(0.176349 0.317824 0)
(0.161256 0.326783 0)
(0.14493 0.335632 0)
(0.126134 0.343852 0)
(0.10516 0.351314 0)
(0.0825007 0.357577 0)
(0.0589872 0.362684 0)
(0.0353589 0.365428 0)
(0.0122188 0.368892 0)
(-0.909731 0.0161484 0)
(0.20329 0.018576 0)
(0.547496 0.0107902 0)
(0.54733 0.0103718 0)
(0.54605 0.00991921 0)
(0.544094 0.00964638 0)
(0.542015 0.0100485 0)
(0.540492 0.0110232 0)
(0.539487 0.012808 0)
(0.538268 0.0156211 0)
(0.536195 0.019489 0)
(0.533244 0.0235448 0)
(0.529708 0.0260827 0)
(0.526653 0.0264503 0)
(0.524372 0.0259834 0)
(0.523255 0.0252717 0)
(0.523086 0.0245536 0)
(0.523682 0.0243614 0)
(0.524305 0.0245676 0)
(0.5239 0.0252773 0)
(0.522205 0.0268694 0)
(0.519863 0.0292506 0)
(0.518422 0.0324582 0)
(0.516903 0.0352776 0)
(0.517684 0.0376408 0)
(0.518496 0.0392339 0)
(0.518842 0.0395981 0)
(0.518356 0.0392926 0)
(0.516327 0.0384864 0)
(0.512898 0.038931 0)
(0.50874 0.0402224 0)
(0.504584 0.0423822 0)
(0.502504 0.0459324 0)
(0.500636 0.0486613 0)
(0.500554 0.0517462 0)
(0.49965 0.0544488 0)
(0.498989 0.056904 0)
(0.497698 0.0589261 0)
(0.495234 0.0613232 0)
(0.491339 0.063914 0)
(0.487728 0.0669503 0)
(0.484604 0.0703832 0)
(0.481529 0.0738876 0)
(0.478879 0.0776047 0)
(0.476466 0.0811394 0)
(0.474228 0.084489 0)
(0.471824 0.0873799 0)
(0.468957 0.0900875 0)
(0.464969 0.0926735 0)
(0.459973 0.0959263 0)
(0.454659 0.0996028 0)
(0.449965 0.104101 0)
(0.446182 0.109185 0)
(0.442442 0.113847 0)
(0.438717 0.117884 0)
(0.434741 0.121381 0)
(0.430544 0.125014 0)
(0.426648 0.129458 0)
(0.422424 0.134088 0)
(0.417886 0.13871 0)
(0.412695 0.142738 0)
(0.407295 0.146522 0)
(0.402305 0.150699 0)
(0.397501 0.155244 0)
(0.392292 0.159981 0)
(0.386295 0.164824 0)
(0.379548 0.169508 0)
(0.372728 0.174336 0)
(0.366008 0.178925 0)
(0.360282 0.184223 0)
(0.354979 0.190128 0)
(0.349059 0.196444 0)
(0.342576 0.203624 0)
(0.335096 0.210927 0)
(0.327509 0.218497 0)
(0.320051 0.226194 0)
(0.312038 0.233712 0)
(0.30396 0.241125 0)
(0.294906 0.248586 0)
(0.284533 0.25611 0)
(0.274265 0.264632 0)
(0.263428 0.273894 0)
(0.252696 0.283864 0)
(0.241284 0.294186 0)
(0.228465 0.30433 0)
(0.21473 0.314775 0)
(0.200362 0.325165 0)
(0.186062 0.335728 0)
(0.17106 0.345977 0)
(0.154357 0.35594 0)
(0.135041 0.365322 0)
(0.113278 0.374023 0)
(0.0895777 0.381609 0)
(0.0647 0.388029 0)
(0.0391896 0.391836 0)
(0.0135921 0.395702 0)
(-0.907694 0.0157951 0)
(0.204282 0.0177017 0)
(0.547975 0.0108761 0)
(0.54788 0.0105548 0)
(0.546756 0.0103698 0)
(0.54481 0.0103628 0)
(0.542623 0.0109969 0)
(0.54079 0.0123283 0)
(0.53947 0.0145985 0)
(0.538092 0.0178776 0)
(0.5362 0.0219492 0)
(0.533644 0.0255625 0)
(0.530514 0.0273192 0)
(0.527801 0.0271649 0)
(0.525369 0.0266338 0)
(0.524094 0.025872 0)
(0.52379 0.0251447 0)
(0.524042 0.0250951 0)
(0.524647 0.0252556 0)
(0.524367 0.0259327 0)
(0.522857 0.0274303 0)
(0.520477 0.0295696 0)
(0.51885 0.0325113 0)
(0.517273 0.0354587 0)
(0.517769 0.0380868 0)
(0.518934 0.0400769 0)
(0.519592 0.0409448 0)
(0.519544 0.0410805 0)
(0.518035 0.0406637 0)
(0.514913 0.0408634 0)
(0.511007 0.0420911 0)
(0.506464 0.0436845 0)
(0.504189 0.0472003 0)
(0.502023 0.0497926 0)
(0.501869 0.0529516 0)
(0.500957 0.0558543 0)
(0.500294 0.0585688 0)
(0.499262 0.0609423 0)
(0.497188 0.0635907 0)
(0.493621 0.0664817 0)
(0.490094 0.0696698 0)
(0.486962 0.0732169 0)
(0.48373 0.0767843 0)
(0.481021 0.0806375 0)
(0.4786 0.0842536 0)
(0.476327 0.0876222 0)
(0.474011 0.090489 0)
(0.471155 0.0931643 0)
(0.467112 0.0957103 0)
(0.462175 0.0990883 0)
(0.457164 0.103034 0)
(0.452667 0.107762 0)
(0.448993 0.113035 0)
(0.445503 0.117914 0)
(0.441945 0.122121 0)
(0.438276 0.125879 0)
(0.434276 0.129555 0)
(0.430541 0.134028 0)
(0.42635 0.138695 0)
(0.421659 0.143233 0)
(0.416328 0.147251 0)
(0.411295 0.15122 0)
(0.406779 0.155699 0)
(0.402376 0.160482 0)
(0.397219 0.165238 0)
(0.391212 0.170022 0)
(0.384247 0.174559 0)
(0.377499 0.179425 0)
(0.37129 0.184487 0)
(0.366211 0.190377 0)
(0.361711 0.197075 0)
(0.356291 0.204059 0)
(0.350068 0.211534 0)
(0.342878 0.219042 0)
(0.335443 0.226679 0)
(0.327535 0.234289 0)
(0.319875 0.241956 0)
(0.311657 0.249591 0)
(0.302796 0.257595 0)
(0.293211 0.266111 0)
(0.283652 0.275523 0)
(0.273733 0.285768 0)
(0.263414 0.296539 0)
(0.252108 0.307593 0)
(0.239378 0.318633 0)
(0.225789 0.330212 0)
(0.211739 0.342035 0)
(0.197307 0.353978 0)
(0.182118 0.36574 0)
(0.164591 0.377308 0)
(0.144083 0.388456 0)
(0.121049 0.399137 0)
(0.0960302 0.408599 0)
(0.0697854 0.416578 0)
(0.0424235 0.421476 0)
(0.0145114 0.425568 0)
(-0.90557 0.0153523 0)
(0.205345 0.0167318 0)
(0.54848 0.0109746 0)
(0.548414 0.01074 0)
(0.547442 0.0108494 0)
(0.545503 0.0111385 0)
(0.543173 0.0120248 0)
(0.541019 0.0137332 0)
(0.539351 0.0164891 0)
(0.537795 0.0201926 0)
(0.536143 0.0243257 0)
(0.534037 0.0272772 0)
(0.53142 0.0282895 0)
(0.529099 0.0277401 0)
(0.52646 0.0272197 0)
(0.525055 0.0265431 0)
(0.524578 0.0259283 0)
(0.524546 0.0259063 0)
(0.525015 0.0260719 0)
(0.52491 0.0267277 0)
(0.523628 0.0281059 0)
(0.521314 0.03005 0)
(0.519366 0.0327207 0)
(0.517962 0.0356667 0)
(0.517802 0.0384179 0)
(0.519151 0.0406861 0)
(0.520143 0.0420494 0)
(0.520504 0.0425749 0)
(0.519574 0.0426819 0)
(0.51694 0.0427543 0)
(0.513322 0.0439953 0)
(0.50874 0.045193 0)
(0.506027 0.0483715 0)
(0.503676 0.050959 0)
(0.503133 0.0541427 0)
(0.502406 0.0571275 0)
(0.501806 0.0600383 0)
(0.500924 0.062789 0)
(0.499297 0.0658344 0)
(0.495947 0.0690474 0)
(0.49244 0.0724169 0)
(0.489276 0.0760266 0)
(0.486003 0.0796027 0)
(0.483383 0.0835469 0)
(0.480905 0.0872289 0)
(0.478645 0.090649 0)
(0.47624 0.093482 0)
(0.473266 0.0961277 0)
(0.469082 0.0985982 0)
(0.464435 0.102136 0)
(0.459774 0.106425 0)
(0.455483 0.111455 0)
(0.451898 0.116934 0)
(0.44869 0.122064 0)
(0.445351 0.126355 0)
(0.441998 0.130308 0)
(0.438151 0.134059 0)
(0.434472 0.138513 0)
(0.430181 0.143088 0)
(0.425225 0.147498 0)
(0.420121 0.151616 0)
(0.415587 0.155898 0)
(0.411562 0.160567 0)
(0.407296 0.165362 0)
(0.402012 0.17002 0)
(0.395866 0.174764 0)
(0.388997 0.179303 0)
(0.382603 0.184477 0)
(0.377226 0.19029 0)
(0.372991 0.196901 0)
(0.368986 0.204219 0)
(0.363876 0.211654 0)
(0.357702 0.21916 0)
(0.350632 0.226702 0)
(0.343087 0.234267 0)
(0.335334 0.241848 0)
(0.327841 0.249802 0)
(0.319829 0.257914 0)
(0.311416 0.266697 0)
(0.302757 0.276276 0)
(0.293869 0.286509 0)
(0.284682 0.297501 0)
(0.274718 0.308934 0)
(0.263737 0.320777 0)
(0.2513 0.332957 0)
(0.238167 0.345948 0)
(0.224325 0.359287 0)
(0.210046 0.372764 0)
(0.194765 0.386208 0)
(0.177133 0.399486 0)
(0.156427 0.412405 0)
(0.13326 0.425249 0)
(0.107417 0.437144 0)
(0.0793289 0.447539 0)
(0.0487997 0.454357 0)
(0.0167152 0.459195 0)
(-0.903361 0.0148265 0)
(0.206471 0.0156674 0)
(0.549039 0.0110871 0)
(0.548958 0.0109215 0)
(0.548135 0.0113381 0)
(0.5462 0.0119617 0)
(0.543719 0.0131757 0)
(0.541244 0.0152983 0)
(0.539228 0.0185054 0)
(0.537539 0.0225312 0)
(0.536154 0.0264991 0)
(0.534558 0.0286248 0)
(0.532578 0.0289638 0)
(0.530617 0.02819 0)
(0.527823 0.0277874 0)
(0.526281 0.0272922 0)
(0.525593 0.0268591 0)
(0.525299 0.0268017 0)
(0.525611 0.0270472 0)
(0.525676 0.0276645 0)
(0.524679 0.0288842 0)
(0.522468 0.0306355 0)
(0.520285 0.0330126 0)
(0.51892 0.0358618 0)
(0.518059 0.0385119 0)
(0.519196 0.0410606 0)
(0.520478 0.0429277 0)
(0.521212 0.0439195 0)
(0.520872 0.0445433 0)
(0.518869 0.0447451 0)
(0.515641 0.0459748 0)
(0.511361 0.0469044 0)
(0.50814 0.0495765 0)
(0.50567 0.0521409 0)
(0.504629 0.0552178 0)
(0.504196 0.058224 0)
(0.503789 0.0612772 0)
(0.502932 0.064404 0)
(0.501774 0.0679068 0)
(0.498457 0.0715046 0)
(0.494798 0.0751132 0)
(0.491506 0.0788191 0)
(0.488321 0.0823887 0)
(0.485931 0.0863061 0)
(0.483398 0.0900157 0)
(0.481107 0.0934607 0)
(0.478474 0.0962408 0)
(0.47524 0.0988649 0)
(0.470939 0.101367 0)
(0.466893 0.105167 0)
(0.462599 0.10987 0)
(0.458509 0.115256 0)
(0.455031 0.120915 0)
(0.452123 0.126163 0)
(0.448968 0.130456 0)
(0.445933 0.134539 0)
(0.442216 0.138362 0)
(0.438461 0.142776 0)
(0.43389 0.147155 0)
(0.428791 0.15151 0)
(0.424207 0.15585 0)
(0.420202 0.160404 0)
(0.41645 0.16507 0)
(0.412128 0.169715 0)
(0.406679 0.174278 0)
(0.400592 0.17913 0)
(0.394045 0.184015 0)
(0.388361 0.189795 0)
(0.384038 0.196418 0)
(0.380457 0.203673 0)
(0.376529 0.211263 0)
(0.371587 0.218814 0)
(0.365391 0.226158 0)
(0.358299 0.233626 0)
(0.350788 0.241143 0)
(0.343464 0.248935 0)
(0.336276 0.257252 0)
(0.328855 0.266134 0)
(0.321074 0.275784 0)
(0.313243 0.286271 0)
(0.304953 0.297195 0)
(0.296289 0.308681 0)
(0.286936 0.320779 0)
(0.27648 0.333565 0)
(0.264753 0.347017 0)
(0.252253 0.361514 0)
(0.238759 0.376412 0)
(0.224648 0.391569 0)
(0.209289 0.406907 0)
(0.191452 0.422476 0)
(0.170075 0.438301 0)
(0.145696 0.454727 0)
(0.117922 0.470521 0)
(0.0873931 0.48426 0)
(0.0538687 0.493386 0)
(0.0176752 0.498723 0)
(-0.901074 0.0142123 0)
(0.207669 0.0144553 0)
(0.549685 0.0111996 0)
(0.549537 0.011103 0)
(0.548857 0.0118238 0)
(0.546922 0.0128348 0)
(0.544305 0.0144879 0)
(0.541525 0.0170672 0)
(0.539206 0.0206516 0)
(0.537458 0.0247872 0)
(0.536349 0.0283154 0)
(0.535266 0.0296009 0)
(0.533978 0.0295149 0)
(0.532334 0.0286984 0)
(0.529519 0.0284397 0)
(0.527835 0.028148 0)
(0.526909 0.0278862 0)
(0.526368 0.0278591 0)
(0.526611 0.0281396 0)
(0.526748 0.0287081 0)
(0.526068 0.0297845 0)
(0.523981 0.0313779 0)
(0.52159 0.0334047 0)
(0.520108 0.0360729 0)
(0.51862 0.0385192 0)
(0.519368 0.0411375 0)
(0.520851 0.0432875 0)
(0.521991 0.044737 0)
(0.522197 0.0458035 0)
(0.520835 0.0463851 0)
(0.518075 0.0475848 0)
(0.51424 0.0486187 0)
(0.51069 0.0508241 0)
(0.508003 0.0533657 0)
(0.506534 0.0563678 0)
(0.506341 0.0594448 0)
(0.506281 0.0626803 0)
(0.50554 0.0660945 0)
(0.504592 0.0699009 0)
(0.50131 0.0738648 0)
(0.497321 0.0776536 0)
(0.493809 0.0815229 0)
(0.490698 0.0851762 0)
(0.48848 0.0890089 0)
(0.485904 0.0926473 0)
(0.483492 0.0959937 0)
(0.480519 0.0986827 0)
(0.476965 0.10131 0)
(0.472829 0.104119 0)
(0.46952 0.108366 0)
(0.465504 0.113562 0)
(0.461573 0.11931 0)
(0.458166 0.125065 0)
(0.455522 0.130388 0)
(0.45255 0.134596 0)
(0.44985 0.138676 0)
(0.446299 0.142483 0)
(0.442347 0.146761 0)
(0.437395 0.150888 0)
(0.432529 0.15532 0)
(0.42844 0.159934 0)
(0.424876 0.164657 0)
(0.42114 0.169233 0)
(0.416725 0.173744 0)
(0.411285 0.178359 0)
(0.405513 0.183527 0)
(0.399607 0.189108 0)
(0.394924 0.195621 0)
(0.391463 0.202881 0)
(0.388137 0.210447 0)
(0.383948 0.217931 0)
(0.379127 0.225356 0)
(0.372904 0.232486 0)
(0.365845 0.239921 0)
(0.358611 0.24755 0)
(0.351906 0.255835 0)
(0.345193 0.264653 0)
(0.338665 0.274428 0)
(0.331552 0.284909 0)
(0.3242 0.296115 0)
(0.316431 0.30767 0)
(0.308297 0.319591 0)
(0.299743 0.332387 0)
(0.290237 0.346224 0)
(0.279446 0.36101 0)
(0.267666 0.376984 0)
(0.254637 0.39347 0)
(0.240788 0.410418 0)
(0.22581 0.427953 0)
(0.208737 0.44627 0)
(0.188448 0.465438 0)
(0.164755 0.485502 0)
(0.137206 0.505426 0)
(0.104864 0.524018 0)
(0.0661935 0.537985 0)
(0.0225271 0.545908 0)
(-0.89871 0.0135351 0)
(0.208946 0.0130134 0)
(0.550406 0.0113377 0)
(0.550173 0.0113459 0)
(0.549627 0.012356 0)
(0.54773 0.013803 0)
(0.545018 0.0159894 0)
(0.541992 0.0190601 0)
(0.539392 0.0228324 0)
(0.537777 0.0268469 0)
(0.536936 0.0296303 0)
(0.536362 0.0301545 0)
(0.53564 0.029745 0)
(0.534207 0.0290847 0)
(0.531454 0.0290223 0)
(0.529606 0.0289654 0)
(0.528461 0.0289151 0)
(0.527755 0.0289753 0)
(0.527904 0.0292958 0)
(0.528126 0.0298457 0)
(0.527631 0.0308117 0)
(0.525764 0.0322913 0)
(0.523173 0.0340147 0)
(0.521385 0.0363288 0)
(0.519513 0.0385774 0)
(0.519755 0.0410192 0)
(0.521216 0.0433988 0)
(0.522615 0.045302 0)
(0.523264 0.0468153 0)
(0.522469 0.0479048 0)
(0.520202 0.0491653 0)
(0.516923 0.0505776 0)
(0.513431 0.0525021 0)
(0.51055 0.0548907 0)
(0.508974 0.0578908 0)
(0.508971 0.0611044 0)
(0.509244 0.0645522 0)
(0.508791 0.0682033 0)
(0.507669 0.0721094 0)
(0.504674 0.0762748 0)
(0.500377 0.0801048 0)
(0.49658 0.0841843 0)
(0.493273 0.0880507 0)
(0.4909 0.0917741 0)
(0.488187 0.0951776 0)
(0.485548 0.0982713 0)
(0.482213 0.100828 0)
(0.4786 0.103627 0)
(0.475033 0.107038 0)
(0.47232 0.111747 0)
(0.46852 0.117412 0)
(0.464773 0.123492 0)
(0.461512 0.129294 0)
(0.459131 0.134566 0)
(0.456362 0.138588 0)
(0.453954 0.142479 0)
(0.450549 0.146147 0)
(0.446252 0.15021 0)
(0.440946 0.154199 0)
(0.436589 0.15884 0)
(0.432869 0.163709 0)
(0.429594 0.168541 0)
(0.425791 0.173051 0)
(0.421414 0.17754 0)
(0.416313 0.182383 0)
(0.411139 0.188044 0)
(0.406154 0.194437 0)
(0.402354 0.201586 0)
(0.399254 0.209197 0)
(0.395646 0.21671 0)
(0.391293 0.223883 0)
(0.386566 0.231125 0)
(0.380308 0.238069 0)
(0.373623 0.245625 0)
(0.366901 0.253596 0)
(0.360987 0.262571 0)
(0.354839 0.272036 0)
(0.349278 0.282528 0)
(0.342876 0.293652 0)
(0.335818 0.305333 0)
(0.328568 0.317472 0)
(0.32105 0.329935 0)
(0.313508 0.343451 0)
(0.305323 0.358362 0)
(0.295653 0.374388 0)
(0.284717 0.391689 0)
(0.272273 0.409758 0)
(0.258964 0.428633 0)
(0.244935 0.448691 0)
(0.229195 0.470312 0)
(0.210096 0.493928 0)
(0.186264 0.519881 0)
(0.15654 0.547355 0)
(0.120348 0.574466 0)
(0.0764363 0.596771 0)
(0.0241213 0.608772 0)
(-0.896271 0.0127723 0)
(0.210337 0.0113292 0)
(0.550977 0.0115832 0)
(0.550599 0.0116885 0)
(0.550089 0.0129588 0)
(0.548179 0.0148332 0)
(0.545514 0.0175975 0)
(0.542539 0.0211574 0)
(0.539892 0.0248855 0)
(0.5386 0.0285124 0)
(0.538005 0.0304373 0)
(0.537688 0.030549 0)
(0.537297 0.0300666 0)
(0.535978 0.0296133 0)
(0.533276 0.0297 0)
(0.531253 0.0296901 0)
(0.529967 0.0298505 0)
(0.529191 0.0300882 0)
(0.529202 0.030505 0)
(0.529507 0.0310825 0)
(0.529121 0.0319171 0)
(0.52757 0.0332449 0)
(0.524856 0.0347778 0)
(0.522497 0.0367954 0)
(0.520727 0.0390985 0)
(0.520256 0.0414569 0)
(0.521648 0.0437403 0)
(0.523052 0.0456257 0)
(0.524093 0.0473799 0)
(0.523813 0.0488354 0)
(0.522043 0.0500838 0)
(0.51932 0.0517023 0)
(0.516221 0.0536953 0)
(0.513301 0.0560679 0)
(0.511889 0.0594244 0)
(0.511845 0.0630621 0)
(0.512329 0.0667791 0)
(0.512137 0.0706287 0)
(0.510971 0.074588 0)
(0.508402 0.0788447 0)
(0.504115 0.0827138 0)
(0.500242 0.0870049 0)
(0.496556 0.0909897 0)
(0.493489 0.0945455 0)
(0.490471 0.0975638 0)
(0.487486 0.10025 0)
(0.483908 0.102775 0)
(0.480532 0.1059 0)
(0.477688 0.109942 0)
(0.475371 0.115181 0)
(0.471822 0.12123 0)
(0.468341 0.127529 0)
(0.465287 0.133309 0)
(0.462957 0.13852 0)
(0.460266 0.142466 0)
(0.457848 0.146107 0)
(0.454412 0.149539 0)
(0.449817 0.153324 0)
(0.444676 0.157291 0)
(0.440955 0.162106 0)
(0.437612 0.167109 0)
(0.43449 0.172019 0)
(0.430708 0.176533 0)
(0.426457 0.181253 0)
(0.421998 0.186599 0)
(0.417546 0.193023 0)
(0.413378 0.20021 0)
(0.410057 0.207801 0)
(0.406801 0.215326 0)
(0.402753 0.222462 0)
(0.398631 0.229284 0)
(0.393848 0.236289 0)
(0.387789 0.243251 0)
(0.381978 0.251198 0)
(0.375967 0.259746 0)
(0.370763 0.26936 0)
(0.36537 0.27937 0)
(0.360566 0.290254 0)
(0.354896 0.30184 0)
(0.348151 0.313944 0)
(0.341375 0.326756 0)
(0.334614 0.340061 0)
(0.328168 0.354484 0)
(0.321437 0.370545 0)
(0.31301 0.387767 0)
(0.303049 0.406084 0)
(0.291637 0.425408 0)
(0.279557 0.446136 0)
(0.267341 0.469027 0)
(0.254037 0.494481 0)
(0.237913 0.523137 0)
(0.217413 0.555486 0)
(0.190663 0.591119 0)
(0.154911 0.62809 0)
(0.106454 0.663573 0)
(0.0368434 0.685437 0)
(-0.893785 0.0120815 0)
(0.211919 0.00983131 0)
(0.551342 0.0119306 0)
(0.550773 0.0121549 0)
(0.55022 0.0136268 0)
(0.548226 0.0157449 0)
(0.54558 0.0189131 0)
(0.542749 0.0228316 0)
(0.54043 0.0265278 0)
(0.539543 0.029625 0)
(0.53927 0.0307751 0)
(0.539152 0.030582 0)
(0.538781 0.0301475 0)
(0.537565 0.0299096 0)
(0.534818 0.0301882 0)
(0.532491 0.030417 0)
(0.53113 0.0308978 0)
(0.530322 0.0312823 0)
(0.530201 0.0317619 0)
(0.53061 0.0323051 0)
(0.530316 0.033011 0)
(0.529047 0.034134 0)
(0.526324 0.0356103 0)
(0.523608 0.037443 0)
(0.521919 0.0395555 0)
(0.520829 0.0415111 0)
(0.521998 0.0438484 0)
(0.523182 0.04568 0)
(0.524434 0.0472924 0)
(0.524648 0.0487903 0)
(0.523363 0.0502745 0)
(0.521011 0.0522027 0)
(0.518291 0.0546526 0)
(0.515493 0.0574524 0)
(0.5143 0.0613151 0)
(0.5141 0.0652857 0)
(0.514597 0.0691511 0)
(0.514561 0.0731799 0)
(0.513721 0.0772942 0)
(0.511768 0.0817702 0)
(0.507816 0.0857432 0)
(0.504122 0.0900356 0)
(0.500261 0.0937738 0)
(0.496387 0.097145 0)
(0.492768 0.0997877 0)
(0.489068 0.102089 0)
(0.485388 0.104817 0)
(0.482407 0.108537 0)
(0.480178 0.113353 0)
(0.478138 0.119083 0)
(0.475035 0.125429 0)
(0.471957 0.132002 0)
(0.469098 0.137739 0)
(0.466645 0.142604 0)
(0.464181 0.146068 0)
(0.461654 0.149187 0)
(0.458117 0.151889 0)
(0.453598 0.155234 0)
(0.449237 0.159527 0)
(0.44587 0.164891 0)
(0.442751 0.170322 0)
(0.439646 0.175549 0)
(0.435884 0.180336 0)
(0.432071 0.185534 0)
(0.428343 0.191442 0)
(0.424804 0.198376 0)
(0.421275 0.205847 0)
(0.418048 0.21341 0)
(0.414184 0.220429 0)
(0.410231 0.226904 0)
(0.406186 0.233281 0)
(0.401576 0.240117 0)
(0.396175 0.24768 0)
(0.391404 0.256403 0)
(0.386156 0.265748 0)
(0.381415 0.275876 0)
(0.376797 0.286258 0)
(0.372593 0.297296 0)
(0.367756 0.309131 0)
(0.361727 0.321755 0)
(0.355522 0.33545 0)
(0.34971 0.34983 0)
(0.344614 0.364936 0)
(0.339526 0.381391 0)
(0.332634 0.399095 0)
(0.323747 0.418102 0)
(0.313969 0.438894 0)
(0.304063 0.461771 0)
(0.295044 0.487719 0)
(0.285261 0.517271 0)
(0.273989 0.551423 0)
(0.258422 0.591162 0)
(0.237859 0.639474 0)
(0.205174 0.698891 0)
(0.154584 0.763097 0)
(0.0894537 0.833041 0)
(-0.887759 0.00998564 0)
(0.215501 0.00623455 0)
(0.551883 0.0140886 0)
(0.550954 0.0146925 0)
(0.550418 0.0165578 0)
(0.548612 0.0188976 0)
(0.546295 0.0220276 0)
(0.54385 0.0254901 0)
(0.54206 0.028424 0)
(0.541352 0.0300326 0)
(0.541262 0.0302557 0)
(0.541334 0.029992 0)
(0.541065 0.0298688 0)
(0.540342 0.0301201 0)
(0.538053 0.0307892 0)
(0.535444 0.0316647 0)
(0.533783 0.032901 0)
(0.532654 0.0337298 0)
(0.531975 0.0345503 0)
(0.531932 0.0351243 0)
(0.531749 0.0357094 0)
(0.531005 0.0365523 0)
(0.528988 0.0378352 0)
(0.526397 0.0393398 0)
(0.524424 0.0412431 0)
(0.522492 0.0431208 0)
(0.522393 0.0451307 0)
(0.523224 0.0471982 0)
(0.524339 0.0492093 0)
(0.525118 0.0511542 0)
(0.524925 0.0531816 0)
(0.523492 0.0555255 0)
(0.521264 0.0582015 0)
(0.518797 0.0613031 0)
(0.517301 0.0651903 0)
(0.516607 0.0690868 0)
(0.516808 0.0731575 0)
(0.517534 0.0774389 0)
(0.517485 0.0820699 0)
(0.517032 0.0870304 0)
(0.514325 0.0913338 0)
(0.510874 0.0957174 0)
(0.506384 0.0991572 0)
(0.501734 0.10232 0)
(0.497471 0.105353 0)
(0.49379 0.108696 0)
(0.491174 0.112726 0)
(0.489347 0.117445 0)
(0.487957 0.122823 0)
(0.486433 0.128531 0)
(0.484494 0.134264 0)
(0.482395 0.139918 0)
(0.479612 0.144571 0)
(0.476843 0.148383 0)
(0.473968 0.151504 0)
(0.470814 0.154476 0)
(0.467115 0.157878 0)
(0.464095 0.162424 0)
(0.4611 0.167735 0)
(0.45866 0.173726 0)
(0.455866 0.179592 0)
(0.453014 0.185303 0)
(0.449792 0.190725 0)
(0.447091 0.196465 0)
(0.444588 0.202565 0)
(0.442294 0.2092 0)
(0.43946 0.216112 0)
(0.435939 0.222995 0)
(0.432003 0.229969 0)
(0.427999 0.236929 0)
(0.424469 0.24421 0)
(0.421408 0.252041 0)
(0.418612 0.260719 0)
(0.415573 0.270286 0)
(0.411917 0.280513 0)
(0.408194 0.291352 0)
(0.404696 0.302622 0)
(0.401863 0.314407 0)
(0.399355 0.326931 0)
(0.396303 0.340426 0)
(0.392628 0.355112 0)
(0.388839 0.370833 0)
(0.385827 0.387375 0)
(0.383302 0.404856 0)
(0.380949 0.42401 0)
(0.377159 0.445243 0)
(0.373934 0.469566 0)
(0.370667 0.496689 0)
(0.371025 0.52726 0)
(0.37148 0.561431 0)
(0.376726 0.601005 0)
(0.379993 0.648474 0)
(0.395792 0.709448 0)
(0.412257 0.785384 0)
(0.471274 0.868354 0)
(0.664026 0.978932 0)
(-0.878086 0.0069854 0)
(0.220859 0.00058061 0)
(0.552776 0.0184621 0)
(0.551414 0.0196943 0)
(0.55103 0.0221916 0)
(0.549694 0.0247261 0)
(0.54818 0.0275262 0)
(0.546483 0.0299048 0)
(0.54515 0.0313726 0)
(0.544349 0.0317759 0)
(0.544208 0.0316521 0)
(0.544251 0.0316139 0)
(0.544104 0.031871 0)
(0.543548 0.0323731 0)
(0.542293 0.0333467 0)
(0.539859 0.0344613 0)
(0.5377 0.0359198 0)
(0.53596 0.0369522 0)
(0.535132 0.0380151 0)
(0.534639 0.0387582 0)
(0.53471 0.0393911 0)
(0.534474 0.0400971 0)
(0.533598 0.0410213 0)
(0.531608 0.0421655 0)
(0.52918 0.0435684 0)
(0.527355 0.0455089 0)
(0.525656 0.0472834 0)
(0.525953 0.0491025 0)
(0.526866 0.0508866 0)
(0.527916 0.0527051 0)
(0.52858 0.0547746 0)
(0.528143 0.0571131 0)
(0.526771 0.0601185 0)
(0.524719 0.0635649 0)
(0.522699 0.0675055 0)
(0.520984 0.0717705 0)
(0.52032 0.0765031 0)
(0.520622 0.0814951 0)
(0.521474 0.0867258 0)
(0.52229 0.0921856 0)
(0.521082 0.0972113 0)
(0.519151 0.10214 0)
(0.515843 0.106641 0)
(0.512336 0.111037 0)
(0.509231 0.115429 0)
(0.506797 0.119943 0)
(0.505258 0.12482 0)
(0.50373 0.129726 0)
(0.502754 0.134643 0)
(0.501775 0.139433 0)
(0.500587 0.143832 0)
(0.49901 0.147868 0)
(0.49669 0.151466 0)
(0.493802 0.154955 0)
(0.490908 0.15884 0)
(0.488095 0.163115 0)
(0.485774 0.168081 0)
(0.484163 0.173753 0)
(0.482272 0.179562 0)
(0.480635 0.185482 0)
(0.47857 0.191174 0)
(0.476456 0.196876 0)
(0.474213 0.202591 0)
(0.47247 0.208537 0)
(0.470959 0.21467 0)
(0.469694 0.221157 0)
(0.468001 0.227982 0)
(0.465694 0.235106 0)
(0.462873 0.242543 0)
(0.460327 0.250436 0)
(0.458317 0.258723 0)
(0.457499 0.267471 0)
(0.457323 0.276738 0)
(0.45684 0.286622 0)
(0.455709 0.297153 0)
(0.454026 0.308306 0)
(0.452689 0.320075 0)
(0.45212 0.332317 0)
(0.452908 0.345131 0)
(0.454022 0.358771 0)
(0.455119 0.373586 0)
(0.455168 0.389591 0)
(0.456139 0.406898 0)
(0.45806 0.425369 0)
(0.463246 0.445095 0)
(0.469383 0.466834 0)
(0.477786 0.490895 0)
(0.485722 0.517776 0)
(0.497739 0.547187 0)
(0.512251 0.579816 0)
(0.53517 0.614634 0)
(0.563979 0.65485 0)
(0.607853 0.697206 0)
(0.673815 0.751444 0)
(0.780402 0.797264 0)
(0.946323 0.828387 0)
(-0.868753 0.00409012 0)
(0.226117 -0.00422315 0)
(0.555139 0.0230498 0)
(0.553007 0.0246408 0)
(0.55248 0.0272998 0)
(0.551576 0.029607 0)
(0.55097 0.0316032 0)
(0.549944 0.0328272 0)
(0.548743 0.0333353 0)
(0.547645 0.0334616 0)
(0.546943 0.0337227 0)
(0.546653 0.0341092 0)
(0.546604 0.0346331 0)
(0.54645 0.0353219 0)
(0.546009 0.0362368 0)
(0.544774 0.0373695 0)
(0.542863 0.0386595 0)
(0.540962 0.0399196 0)
(0.53973 0.0411772 0)
(0.538965 0.0421716 0)
(0.538779 0.0430321 0)
(0.538818 0.0436809 0)
(0.538492 0.0444191 0)
(0.537525 0.0453355 0)
(0.535745 0.0465196 0)
(0.533639 0.0479624 0)
(0.53176 0.0496841 0)
(0.530467 0.0513276 0)
(0.53048 0.0531142 0)
(0.530882 0.0545752 0)
(0.531481 0.0561941 0)
(0.531687 0.0580458 0)
(0.53137 0.0604969 0)
(0.530183 0.0635421 0)
(0.52866 0.0675611 0)
(0.526811 0.0721037 0)
(0.525778 0.0774306 0)
(0.525342 0.0830611 0)
(0.526098 0.0889411 0)
(0.526931 0.0948194 0)
(0.527722 0.100548 0)
(0.527556 0.106206 0)
(0.527525 0.111922 0)
(0.526131 0.117646 0)
(0.524625 0.123283 0)
(0.52257 0.128512 0)
(0.520837 0.133543 0)
(0.519096 0.138296 0)
(0.51796 0.14279 0)
(0.517179 0.146942 0)
(0.516331 0.150688 0)
(0.515218 0.154218 0)
(0.513886 0.157846 0)
(0.51234 0.161811 0)
(0.510823 0.166368 0)
(0.509127 0.171545 0)
(0.507247 0.177122 0)
(0.505466 0.182888 0)
(0.50379 0.188505 0)
(0.502623 0.194038 0)
(0.501666 0.199551 0)
(0.500658 0.205166 0)
(0.499458 0.210932 0)
(0.49852 0.216943 0)
(0.497842 0.223228 0)
(0.497487 0.229869 0)
(0.497189 0.236889 0)
(0.496667 0.244254 0)
(0.495924 0.251944 0)
(0.495235 0.260022 0)
(0.49491 0.268528 0)
(0.495157 0.277407 0)
(0.496215 0.286617 0)
(0.497595 0.296211 0)
(0.499143 0.306335 0)
(0.500105 0.317057 0)
(0.501208 0.328413 0)
(0.502602 0.340279 0)
(0.505762 0.352494 0)
(0.509976 0.365319 0)
(0.515613 0.378932 0)
(0.520619 0.393854 0)
(0.526465 0.410003 0)
(0.53253 0.427469 0)
(0.542055 0.445412 0)
(0.553618 0.464597 0)
(0.569296 0.484128 0)
(0.585895 0.505919 0)
(0.60642 0.52847 0)
(0.629175 0.553952 0)
(0.659862 0.578284 0)
(0.697563 0.607307 0)
(0.747191 0.631101 0)
(0.813552 0.657088 0)
(0.895553 0.674104 0)
(1.0079 0.683403 0)
(-0.860557 0.0012993 0)
(0.231666 -0.00704236 0)
(0.561191 0.0252459 0)
(0.557378 0.0269726 0)
(0.555839 0.0296405 0)
(0.554527 0.031188 0)
(0.553914 0.0322293 0)
(0.553552 0.0328958 0)
(0.552873 0.0335692 0)
(0.551864 0.0343694 0)
(0.550909 0.0352867 0)
(0.550236 0.0362706 0)
(0.549963 0.0372787 0)
(0.549794 0.0382444 0)
(0.549768 0.039177 0)
(0.549445 0.0401832 0)
(0.548511 0.0413016 0)
(0.547018 0.0425637 0)
(0.54553 0.0439784 0)
(0.544264 0.0451709 0)
(0.543695 0.0463835 0)
(0.54341 0.0471287 0)
(0.543598 0.047859 0)
(0.543407 0.0486128 0)
(0.542591 0.0494629 0)
(0.541039 0.0505012 0)
(0.539213 0.0519584 0)
(0.537113 0.0535262 0)
(0.535907 0.0552949 0)
(0.535402 0.0568733 0)
(0.535525 0.0584952 0)
(0.535807 0.0602237 0)
(0.536006 0.0624145 0)
(0.535704 0.0650708 0)
(0.53501 0.0685967 0)
(0.533825 0.0729413 0)
(0.532986 0.0782679 0)
(0.532211 0.0840246 0)
(0.532642 0.0903623 0)
(0.532865 0.0966608 0)
(0.534506 0.102845 0)
(0.53585 0.109055 0)
(0.536986 0.11525 0)
(0.537536 0.121327 0)
(0.537641 0.127239 0)
(0.536617 0.132882 0)
(0.5353 0.138221 0)
(0.534114 0.143182 0)
(0.53325 0.147963 0)
(0.53238 0.152536 0)
(0.531684 0.156783 0)
(0.531004 0.160769 0)
(0.530914 0.164712 0)
(0.531273 0.16886 0)
(0.531319 0.173446 0)
(0.530639 0.178447 0)
(0.529001 0.183623 0)
(0.5272 0.188972 0)
(0.526108 0.194314 0)
(0.525514 0.199662 0)
(0.525615 0.20511 0)
(0.525386 0.210663 0)
(0.524816 0.216357 0)
(0.524531 0.222237 0)
(0.524926 0.228417 0)
(0.525694 0.235036 0)
(0.526662 0.242069 0)
(0.527326 0.249362 0)
(0.528076 0.256792 0)
(0.52905 0.26439 0)
(0.530564 0.272338 0)
(0.532167 0.280819 0)
(0.534279 0.289752 0)
(0.536741 0.299015 0)
(0.540138 0.308477 0)
(0.543583 0.318351 0)
(0.547322 0.328702 0)
(0.550788 0.339656 0)
(0.555677 0.3509 0)
(0.561728 0.362663 0)
(0.570195 0.374518 0)
(0.579245 0.387356 0)
(0.589503 0.400729 0)
(0.598939 0.415481 0)
(0.610851 0.430282 0)
(0.623992 0.446377 0)
(0.641796 0.461275 0)
(0.661781 0.478289 0)
(0.686882 0.492679 0)
(0.713596 0.511516 0)
(0.745368 0.524106 0)
(0.781686 0.543281 0)
(0.824735 0.554974 0)
(0.875787 0.567661 0)
(0.934907 0.574496 0)
(1.00057 0.573922 0)
(-0.854587 -0.00105473 0)
(0.236329 -0.0080068 0)
(0.572113 0.0236371 0)
(0.56604 0.0250783 0)
(0.563767 0.0275516 0)
(0.561855 0.0296306 0)
(0.560647 0.0315218 0)
(0.559805 0.0332495 0)
(0.558707 0.034741 0)
(0.557412 0.0361295 0)
(0.555901 0.0374112 0)
(0.554694 0.0387234 0)
(0.553754 0.0398838 0)
(0.55344 0.0409874 0)
(0.553286 0.041912 0)
(0.553457 0.0428303 0)
(0.553185 0.0438019 0)
(0.552524 0.0448968 0)
(0.551392 0.0461998 0)
(0.550013 0.0474814 0)
(0.549077 0.0488072 0)
(0.548458 0.0499317 0)
(0.548353 0.0508326 0)
(0.548661 0.0516621 0)
(0.54866 0.0525136 0)
(0.547995 0.053525 0)
(0.546703 0.0548127 0)
(0.544949 0.0564433 0)
(0.543125 0.058348 0)
(0.541764 0.060287 0)
(0.541122 0.0622221 0)
(0.5411 0.0641494 0)
(0.541345 0.0660669 0)
(0.541554 0.0681589 0)
(0.541596 0.070795 0)
(0.541122 0.0738529 0)
(0.54065 0.0780259 0)
(0.539909 0.0829415 0)
(0.539748 0.0889654 0)
(0.539839 0.0954843 0)
(0.541029 0.102214 0)
(0.542884 0.108659 0)
(0.544331 0.114805 0)
(0.545907 0.120757 0)
(0.54719 0.12668 0)
(0.548046 0.13267 0)
(0.548033 0.138744 0)
(0.54778 0.144728 0)
(0.547819 0.150223 0)
(0.547676 0.155304 0)
(0.54704 0.160103 0)
(0.546916 0.164734 0)
(0.547364 0.169241 0)
(0.548613 0.173656 0)
(0.549914 0.178227 0)
(0.550514 0.183015 0)
(0.549798 0.187865 0)
(0.548514 0.192915 0)
(0.548475 0.197982 0)
(0.549118 0.203108 0)
(0.549931 0.208365 0)
(0.550081 0.213707 0)
(0.549619 0.219272 0)
(0.549729 0.224985 0)
(0.55109 0.230806 0)
(0.553173 0.237043 0)
(0.555351 0.243708 0)
(0.556729 0.250576 0)
(0.55799 0.257517 0)
(0.559988 0.26446 0)
(0.563207 0.271549 0)
(0.56681 0.27925 0)
(0.570448 0.287519 0)
(0.573707 0.296218 0)
(0.577802 0.304964 0)
(0.582617 0.313846 0)
(0.588579 0.322802 0)
(0.594398 0.332355 0)
(0.601039 0.34216 0)
(0.608015 0.352613 0)
(0.617225 0.362779 0)
(0.627585 0.373675 0)
(0.640289 0.384022 0)
(0.652575 0.395716 0)
(0.666672 0.406649 0)
(0.680428 0.419523 0)
(0.697908 0.430116 0)
(0.716911 0.443764 0)
(0.740651 0.45214 0)
(0.76679 0.465424 0)
(0.796764 0.471504 0)
(0.829284 0.481785 0)
(0.865267 0.48785 0)
(0.902036 0.492119 0)
(0.940297 0.49385 0)
(0.978559 0.49005 0)
(-0.851506 -0.00185499 0)
(0.241334 -0.00654284 0)
(0.588076 0.0165859 0)
(0.581205 0.0183191 0)
(0.577265 0.0214816 0)
(0.573762 0.0250886 0)
(0.570955 0.0287757 0)
(0.568668 0.0319577 0)
(0.56633 0.0342478 0)
(0.564075 0.0360561 0)
(0.561856 0.0376541 0)
(0.560047 0.0392671 0)
(0.558605 0.0407112 0)
(0.557857 0.0420923 0)
(0.557504 0.0433212 0)
(0.557344 0.0444191 0)
(0.557395 0.0455075 0)
(0.557195 0.0466217 0)
(0.556657 0.0478026 0)
(0.555825 0.0491377 0)
(0.554709 0.0504626 0)
(0.55402 0.0518563 0)
(0.55339 0.0530716 0)
(0.553484 0.0542318 0)
(0.553752 0.0552791 0)
(0.553974 0.0564049 0)
(0.553573 0.0576295 0)
(0.552696 0.0591411 0)
(0.551335 0.0609652 0)
(0.549854 0.0630576 0)
(0.548583 0.065214 0)
(0.547933 0.0675276 0)
(0.547753 0.0696776 0)
(0.547927 0.0717023 0)
(0.54813 0.0735947 0)
(0.548223 0.0757022 0)
(0.547942 0.0780909 0)
(0.547688 0.081803 0)
(0.546938 0.0863745 0)
(0.547024 0.0924149 0)
(0.547213 0.0988611 0)
(0.548597 0.105523 0)
(0.549939 0.111834 0)
(0.552025 0.117879 0)
(0.554171 0.123951 0)
(0.556407 0.129958 0)
(0.558169 0.135984 0)
(0.559335 0.142071 0)
(0.560329 0.14817 0)
(0.5611 0.154099 0)
(0.561568 0.159686 0)
(0.561882 0.165073 0)
(0.562863 0.170251 0)
(0.564055 0.175309 0)
(0.565954 0.180132 0)
(0.567612 0.184976 0)
(0.568351 0.189853 0)
(0.568511 0.194822 0)
(0.569375 0.199731 0)
(0.57126 0.204517 0)
(0.573118 0.209351 0)
(0.573898 0.214185 0)
(0.573816 0.219373 0)
(0.57421 0.224924 0)
(0.576059 0.230494 0)
(0.579109 0.236274 0)
(0.582408 0.242405 0)
(0.584581 0.248689 0)
(0.586128 0.255092 0)
(0.58849 0.261515 0)
(0.592504 0.267857 0)
(0.597715 0.274596 0)
(0.603195 0.281827 0)
(0.607575 0.289509 0)
(0.611967 0.297306 0)
(0.616994 0.305223 0)
(0.623779 0.312838 0)
(0.631348 0.320864 0)
(0.639922 0.328837 0)
(0.64793 0.337638 0)
(0.657267 0.346061 0)
(0.667046 0.355364 0)
(0.679437 0.363426 0)
(0.692533 0.372884 0)
(0.70807 0.380302 0)
(0.722875 0.390263 0)
(0.739882 0.396962 0)
(0.757049 0.407229 0)
(0.777207 0.412625 0)
(0.799205 0.421239 0)
(0.82481 0.425475 0)
(0.852466 0.429978 0)
(0.881073 0.431631 0)
(0.909096 0.432178 0)
(0.937156 0.431315 0)
(0.964925 0.428586 0)
(-0.850573 -0.000248046 0)
(0.247049 -0.00231392 0)
(0.602644 0.00786948 0)
(0.598734 0.00976302 0)
(0.593464 0.0131229 0)
(0.588737 0.017833 0)
(0.583663 0.0226711 0)
(0.579143 0.026742 0)
(0.57533 0.0298006 0)
(0.572246 0.0323199 0)
(0.569794 0.0347193 0)
(0.567621 0.0370409 0)
(0.565794 0.0392739 0)
(0.564206 0.0412456 0)
(0.563132 0.0430352 0)
(0.562511 0.0446257 0)
(0.562119 0.0460574 0)
(0.561957 0.0473946 0)
(0.561648 0.0486796 0)
(0.56128 0.0500026 0)
(0.560495 0.0513547 0)
(0.559737 0.0528321 0)
(0.558982 0.054245 0)
(0.558612 0.0557349 0)
(0.558595 0.0570959 0)
(0.55901 0.0584054 0)
(0.559336 0.059773 0)
(0.559342 0.0612271 0)
(0.558864 0.0628447 0)
(0.557996 0.0647853 0)
(0.556864 0.0669746 0)
(0.55584 0.0694524 0)
(0.555218 0.0721332 0)
(0.554913 0.0745029 0)
(0.554911 0.076542 0)
(0.555001 0.0781525 0)
(0.555102 0.0798498 0)
(0.555046 0.0820034 0)
(0.55493 0.0853986 0)
(0.554463 0.08975 0)
(0.554778 0.0954187 0)
(0.554666 0.101404 0)
(0.556038 0.107648 0)
(0.557178 0.113876 0)
(0.559598 0.119879 0)
(0.562066 0.125768 0)
(0.564828 0.131411 0)
(0.567416 0.137021 0)
(0.569606 0.142793 0)
(0.571549 0.14877 0)
(0.573273 0.154912 0)
(0.574754 0.161018 0)
(0.576279 0.166885 0)
(0.578162 0.172517 0)
(0.580041 0.178023 0)
(0.582277 0.183231 0)
(0.584264 0.18832 0)
(0.585938 0.19337 0)
(0.587836 0.19836 0)
(0.590401 0.203241 0)
(0.593239 0.208072 0)
(0.595379 0.212913 0)
(0.596577 0.217896 0)
(0.597743 0.223213 0)
(0.599911 0.228595 0)
(0.603354 0.233906 0)
(0.607331 0.239268 0)
(0.610442 0.244701 0)
(0.612636 0.250266 0)
(0.615218 0.256032 0)
(0.619218 0.26176 0)
(0.624778 0.267644 0)
(0.631343 0.273782 0)
(0.637127 0.280324 0)
(0.642153 0.286979 0)
(0.647193 0.293849 0)
(0.653766 0.300381 0)
(0.661565 0.307205 0)
(0.671169 0.313514 0)
(0.680609 0.320659 0)
(0.690594 0.327233 0)
(0.699805 0.334949 0)
(0.710928 0.341244 0)
(0.722643 0.349125 0)
(0.737125 0.354317 0)
(0.752193 0.361962 0)
(0.769073 0.365828 0)
(0.785498 0.372932 0)
(0.802907 0.376388 0)
(0.820888 0.38188 0)
(0.840725 0.385247 0)
(0.861863 0.387139 0)
(0.884565 0.387733 0)
(0.908469 0.387141 0)
(0.932747 0.385307 0)
(0.95647 0.383255 0)
(-0.850659 0.00224337 0)
(0.250908 0.00229812 0)
(0.61102 0.0040288 0)
(0.610511 0.00505239 0)
(0.60656 0.006992 0)
(0.602286 0.0103431 0)
(0.597334 0.0141773 0)
(0.592625 0.0180777 0)
(0.588453 0.0217947 0)
(0.584869 0.0253822 0)
(0.581625 0.0288462 0)
(0.578649 0.0321471 0)
(0.575759 0.0351734 0)
(0.573266 0.0380098 0)
(0.570998 0.0404938 0)
(0.569489 0.0428123 0)
(0.568292 0.0447729 0)
(0.567708 0.0465741 0)
(0.56721 0.0481678 0)
(0.566867 0.0497009 0)
(0.566349 0.0512033 0)
(0.565676 0.0527711 0)
(0.564976 0.0543926 0)
(0.564315 0.0560228 0)
(0.564005 0.0577273 0)
(0.563975 0.0593023 0)
(0.564466 0.0608427 0)
(0.564897 0.062386 0)
(0.565189 0.0639775 0)
(0.565112 0.0657079 0)
(0.564697 0.0677359 0)
(0.563989 0.0701093 0)
(0.563348 0.0730012 0)
(0.562881 0.0760545 0)
(0.562582 0.078655 0)
(0.562463 0.0806234 0)
(0.562504 0.0821546 0)
(0.562626 0.0838946 0)
(0.562799 0.0864741 0)
(0.56284 0.0898316 0)
(0.562924 0.0940196 0)
(0.56292 0.0988679 0)
(0.563132 0.104132 0)
(0.564222 0.109536 0)
(0.56538 0.11506 0)
(0.567423 0.120501 0)
(0.56996 0.125775 0)
(0.572866 0.130882 0)
(0.575893 0.136085 0)
(0.578802 0.141532 0)
(0.581531 0.147308 0)
(0.58421 0.153347 0)
(0.586787 0.159568 0)
(0.589358 0.165797 0)
(0.592131 0.171787 0)
(0.594656 0.177583 0)
(0.597522 0.183035 0)
(0.60032 0.18832 0)
(0.603214 0.193429 0)
(0.606369 0.198425 0)
(0.609756 0.203392 0)
(0.613029 0.208349 0)
(0.615881 0.213356 0)
(0.618483 0.218507 0)
(0.62142 0.223781 0)
(0.625128 0.229036 0)
(0.629437 0.234186 0)
(0.633513 0.239254 0)
(0.636879 0.244283 0)
(0.640116 0.249399 0)
(0.644144 0.254526 0)
(0.649378 0.259682 0)
(0.655845 0.264821 0)
(0.662384 0.270163 0)
(0.668233 0.275546 0)
(0.673503 0.281167 0)
(0.679736 0.286544 0)
(0.686873 0.292254 0)
(0.695903 0.297275 0)
(0.705707 0.303008 0)
(0.716401 0.307806 0)
(0.725804 0.313932 0)
(0.736102 0.318676 0)
(0.746311 0.325085 0)
(0.758676 0.329141 0)
(0.772114 0.335071 0)
(0.787788 0.33783 0)
(0.803827 0.34231 0)
(0.820179 0.344785 0)
(0.836046 0.347984 0)
(0.851982 0.350012 0)
(0.86834 0.351587 0)
(0.886208 0.352232 0)
(0.905763 0.351791 0)
(0.926745 0.350361 0)
(0.948365 0.348197 0)
(1.17763 1.01941 0)
(1.36369 1.02881 0)
(1.46229 0.998816 0)
(1.51651 1.00747 0)
(1.51407 1.02826 0)
(1.52786 0.941613 0)
(1.60226 0.831156 0)
(1.65008 0.8633 0)
(1.67826 0.924356 0)
(1.72224 0.831985 0)
(1.78855 0.645003 0)
(1.79355 0.539414 0)
(1.82456 0.489301 0)
(1.83708 0.414544 0)
(1.85256 0.387691 0)
(1.84806 0.305258 0)
(1.82178 0.127255 0)
(1.84408 -0.0100123 0)
(1.85356 -0.0129565 0)
(1.84651 -0.0174378 0)
(1.78872 -0.113666 0)
(1.76665 -0.19803 0)
(1.74508 -0.224493 0)
(1.71211 -0.224331 0)
(1.67995 -0.246065 0)
(1.65046 -0.289757 0)
(1.62545 -0.296245 0)
(1.58339 -0.306288 0)
(1.55322 -0.314725 0)
(1.53759 -0.301342 0)
(1.53097 -0.280877 0)
(1.52667 -0.283723 0)
(1.52037 -0.275626 0)
(1.51153 -0.252906 0)
(1.49928 -0.245756 0)
(1.47987 -0.255287 0)
(1.46291 -0.252854 0)
(1.43819 -0.224255 0)
(1.40843 -0.182036 0)
(1.38124 -0.155588 0)
(1.35595 -0.1506 0)
(1.33323 -0.145362 0)
(1.31023 -0.136826 0)
(1.29403 -0.121288 0)
(1.27877 -0.0945997 0)
(1.25991 -0.0739454 0)
(1.2512 -0.0649256 0)
(1.24749 -0.0601167 0)
(1.25138 -0.0547067 0)
(1.25732 -0.0459455 0)
(1.26345 -0.0355688 0)
(1.27085 -0.0274145 0)
(1.27229 -0.020184 0)
(1.27065 -0.0134745 0)
(1.26637 -0.0120947 0)
(1.2596 -0.0146009 0)
(1.25435 -0.0198 0)
(1.2532 -0.0224978 0)
(1.25434 -0.0196105 0)
(1.24548 -0.0164253 0)
(1.23126 -0.015806 0)
(1.21644 -0.0166735 0)
(1.20035 -0.0178124 0)
(1.18814 -0.0174077 0)
(1.18023 -0.0162181 0)
(1.17483 -0.0143046 0)
(1.17185 -0.0124747 0)
(1.17098 -0.0114635 0)
(1.17371 -0.0110233 0)
(1.18143 -0.0108381 0)
(1.1864 -0.0108909 0)
(1.18448 -0.0110471 0)
(1.18066 -0.0110972 0)
(1.17589 -0.0109545 0)
(1.16907 -0.0100546 0)
(1.16061 -0.00853265 0)
(1.15404 -0.00790827 0)
(1.14918 -0.00804778 0)
(1.14509 -0.00845099 0)
(1.14272 -0.00915701 0)
(1.14556 -0.00945221 0)
(1.15172 -0.00907818 0)
(1.15112 -0.008344 0)
(1.14767 -0.00779832 0)
(1.14336 -0.00724729 0)
(1.13752 -0.00708544 0)
(1.13172 -0.00715155 0)
(1.12941 -0.00718124 0)
(1.12837 -0.00696786 0)
(1.12921 -0.00642102 0)
(1.1333 -0.00613214 0)
(1.1356 -0.00635691 0)
(1.13393 -0.00659105 0)
(1.13174 -0.00698541 0)
(1.1286 -0.00730174 0)
(1.12551 -0.00702723 0)
(1.20417 0.828526 0)
(1.37565 0.817785 0)
(1.53101 0.728278 0)
(1.6431 0.632859 0)
(1.70828 0.626944 0)
(1.75912 0.575389 0)
(1.81904 0.418962 0)
(1.83511 0.31692 0)
(1.84475 0.311515 0)
(1.8658 0.255997 0)
(1.90395 0.131858 0)
(1.90253 0.0190256 0)
(1.89921 -0.0173813 0)
(1.89969 -0.0818499 0)
(1.90497 -0.131917 0)
(1.91853 -0.193074 0)
(1.90869 -0.246327 0)
(1.89425 -0.311092 0)
(1.87379 -0.379684 0)
(1.88371 -0.410389 0)
(1.8777 -0.437705 0)
(1.86182 -0.467919 0)
(1.86192 -0.486113 0)
(1.85188 -0.506286 0)
(1.84451 -0.527947 0)
(1.84512 -0.532628 0)
(1.83951 -0.527999 0)
(1.83068 -0.529184 0)
(1.81967 -0.540109 0)
(1.80957 -0.540467 0)
(1.78305 -0.513031 0)
(1.75336 -0.473335 0)
(1.72442 -0.448819 0)
(1.68868 -0.428068 0)
(1.65122 -0.404182 0)
(1.61876 -0.372207 0)
(1.59553 -0.341702 0)
(1.57812 -0.30155 0)
(1.55366 -0.244922 0)
(1.53698 -0.194317 0)
(1.51709 -0.174157 0)
(1.48651 -0.152412 0)
(1.45083 -0.1235 0)
(1.42033 -0.106942 0)
(1.38415 -0.0703195 0)
(1.35784 -0.0385614 0)
(1.33753 -0.0240317 0)
(1.32253 -0.0132395 0)
(1.31271 -0.012954 0)
(1.30782 -0.00909075 0)
(1.30306 -0.00104728 0)
(1.3076 -0.000470524 0)
(1.30839 -0.000474983 0)
(1.30676 0.00171433 0)
(1.30285 0.00225312 0)
(1.29444 -0.00229851 0)
(1.28391 -0.00827385 0)
(1.27309 -0.0139632 0)
(1.26494 -0.0198953 0)
(1.2627 -0.0250013 0)
(1.25972 -0.0269036 0)
(1.25031 -0.0269267 0)
(1.24083 -0.026624 0)
(1.23035 -0.0245702 0)
(1.22176 -0.0201435 0)
(1.21523 -0.0143562 0)
(1.21038 -0.00836777 0)
(1.20693 -0.00531119 0)
(1.20483 -0.00417997 0)
(1.20569 -0.00379783 0)
(1.20833 -0.00538219 0)
(1.20927 -0.00848161 0)
(1.20709 -0.0112835 0)
(1.20261 -0.0123443 0)
(1.19752 -0.012051 0)
(1.19109 -0.0101991 0)
(1.1833 -0.00726643 0)
(1.17623 -0.00497343 0)
(1.17142 -0.00426173 0)
(1.16762 -0.00446493 0)
(1.16573 -0.00561771 0)
(1.16779 -0.00767419 0)
(1.1731 -0.00911522 0)
(1.17426 -0.00885959 0)
(1.17127 -0.00811524 0)
(1.16707 -0.00638465 0)
(1.16067 -0.00470958 0)
(1.15374 -0.00360833 0)
(1.15064 -0.00328624 0)
(1.1492 -0.00335252 0)
(1.14998 -0.00390614 0)
(1.15339 -0.00525253 0)
(1.15494 -0.00671515 0)
(1.15351 -0.00746767 0)
(1.15171 -0.00772875 0)
(1.14922 -0.00712344 0)
(1.12344 0.671139 0)
(1.20809 0.650967 0)
(1.29868 0.613279 0)
(1.37716 0.579906 0)
(1.44335 0.54917 0)
(1.51922 0.48891 0)
(1.57166 0.427019 0)
(1.60225 0.404475 0)
(1.63015 0.35945 0)
(1.67944 0.278209 0)
(1.70672 0.208149 0)
(1.72217 0.194896 0)
(1.74646 0.164039 0)
(1.77948 0.0903575 0)
(1.78654 0.0151543 0)
(1.78697 -0.00271336 0)
(1.79171 -0.0264137 0)
(1.80811 -0.0742833 0)
(1.81938 -0.136999 0)
(1.81783 -0.171481 0)
(1.8182 -0.175066 0)
(1.82908 -0.196881 0)
(1.83968 -0.24572 0)
(1.83229 -0.277031 0)
(1.82127 -0.285852 0)
(1.82442 -0.317923 0)
(1.82293 -0.340823 0)
(1.82272 -0.345754 0)
(1.82715 -0.363056 0)
(1.82975 -0.382196 0)
(1.82616 -0.40094 0)
(1.81889 -0.412898 0)
(1.81265 -0.427043 0)
(1.8102 -0.432208 0)
(1.80236 -0.437588 0)
(1.79274 -0.441549 0)
(1.78456 -0.446585 0)
(1.77594 -0.453592 0)
(1.76188 -0.445952 0)
(1.74051 -0.425131 0)
(1.71872 -0.414154 0)
(1.69486 -0.402417 0)
(1.66886 -0.381694 0)
(1.64696 -0.363642 0)
(1.62306 -0.330609 0)
(1.60466 -0.283692 0)
(1.59327 -0.248893 0)
(1.57152 -0.204172 0)
(1.54224 -0.1726 0)
(1.50977 -0.149468 0)
(1.46812 -0.115599 0)
(1.43517 -0.0866065 0)
(1.41111 -0.0800855 0)
(1.39797 -0.0687117 0)
(1.38021 -0.053367 0)
(1.36421 -0.042905 0)
(1.34707 -0.0404303 0)
(1.33035 -0.0403877 0)
(1.31597 -0.0416811 0)
(1.3078 -0.0408536 0)
(1.30943 -0.0330913 0)
(1.31346 -0.0247153 0)
(1.31015 -0.0225345 0)
(1.3055 -0.0216486 0)
(1.29744 -0.0219816 0)
(1.28945 -0.02086 0)
(1.28183 -0.0169026 0)
(1.2741 -0.0114169 0)
(1.26741 -0.00959162 0)
(1.26161 -0.0100747 0)
(1.25738 -0.0126654 0)
(1.25364 -0.0170382 0)
(1.2513 -0.0225099 0)
(1.25152 -0.0282465 0)
(1.25026 -0.0310768 0)
(1.24666 -0.030797 0)
(1.24305 -0.0288392 0)
(1.23818 -0.0259212 0)
(1.22993 -0.0231974 0)
(1.22104 -0.0217404 0)
(1.21699 -0.0216203 0)
(1.2141 -0.0219774 0)
(1.21301 -0.0231724 0)
(1.2154 -0.0246353 0)
(1.21974 -0.0250333 0)
(1.21829 -0.0242054 0)
(1.21455 -0.0228906 0)
(1.20942 -0.0204836 0)
(1.20156 -0.0175972 0)
(1.19541 -0.0155349 0)
(1.19307 -0.0149551 0)
(1.19182 -0.0147963 0)
(1.19168 -0.0151267 0)
(1.19214 -0.0160219 0)
(1.19329 -0.0173804 0)
(1.19407 -0.0182876 0)
(1.0584 0.56134 0)
(1.1145 0.542046 0)
(1.17904 0.522792 0)
(1.23324 0.501558 0)
(1.28062 0.476493 0)
(1.33586 0.442863 0)
(1.37861 0.41513 0)
(1.40941 0.384078 0)
(1.45285 0.336701 0)
(1.48185 0.306184 0)
(1.5113 0.28116 0)
(1.55251 0.240746 0)
(1.58424 0.189779 0)
(1.60158 0.167677 0)
(1.6108 0.149085 0)
(1.62651 0.101987 0)
(1.65024 0.0424085 0)
(1.66023 0.0197292 0)
(1.67239 0.00537996 0)
(1.69561 -0.0223859 0)
(1.71439 -0.0721743 0)
(1.71941 -0.106949 0)
(1.72477 -0.116002 0)
(1.72644 -0.134221 0)
(1.73424 -0.174843 0)
(1.73819 -0.219484 0)
(1.73747 -0.236857 0)
(1.73865 -0.246282 0)
(1.74824 -0.272288 0)
(1.75099 -0.307138 0)
(1.74637 -0.328205 0)
(1.74529 -0.347001 0)
(1.74406 -0.372605 0)
(1.74726 -0.395271 0)
(1.75269 -0.406811 0)
(1.76011 -0.421523 0)
(1.7679 -0.438732 0)
(1.77167 -0.45287 0)
(1.76922 -0.459687 0)
(1.76293 -0.463147 0)
(1.7497 -0.46327 0)
(1.73368 -0.462649 0)
(1.72821 -0.461025 0)
(1.72092 -0.458745 0)
(1.71502 -0.454875 0)
(1.7104 -0.446242 0)
(1.7029 -0.435326 0)
(1.68577 -0.421396 0)
(1.66309 -0.398758 0)
(1.63685 -0.378695 0)
(1.60389 -0.342845 0)
(1.56831 -0.289495 0)
(1.54342 -0.261592 0)
(1.51971 -0.22707 0)
(1.48383 -0.180994 0)
(1.46144 -0.158434 0)
(1.43575 -0.137746 0)
(1.41365 -0.116206 0)
(1.39597 -0.10645 0)
(1.38392 -0.0997498 0)
(1.37904 -0.0826022 0)
(1.37832 -0.0662964 0)
(1.37005 -0.0564496 0)
(1.36 -0.052476 0)
(1.3496 -0.050204 0)
(1.34129 -0.0456878 0)
(1.3345 -0.0373383 0)
(1.32517 -0.0296355 0)
(1.31399 -0.025482 0)
(1.30344 -0.0241299 0)
(1.29567 -0.0240318 0)
(1.28911 -0.0236554 0)
(1.28398 -0.0223651 0)
(1.28336 -0.0202945 0)
(1.29204 -0.0186818 0)
(1.29713 -0.0182542 0)
(1.29365 -0.0177239 0)
(1.28951 -0.0163571 0)
(1.28187 -0.0135082 0)
(1.26771 -0.0108164 0)
(1.25604 -0.0110836 0)
(1.25221 -0.0123322 0)
(1.24953 -0.0135009 0)
(1.24865 -0.0151926 0)
(1.25345 -0.0170231 0)
(1.2622 -0.0172914 0)
(1.2623 -0.0160805 0)
(1.25888 -0.0154274 0)
(1.25395 -0.014377 0)
(1.24421 -0.0127085 0)
(1.23324 -0.0116338 0)
(1.2296 -0.0118128 0)
(1.22793 -0.0123321 0)
(1.22712 -0.013593 0)
(1.22796 -0.0154586 0)
(1.23218 -0.0175305 0)
(1.01739 0.481671 0)
(1.06011 0.472065 0)
(1.1069 0.461215 0)
(1.15266 0.443047 0)
(1.18995 0.424625 0)
(1.22446 0.406876 0)
(1.26172 0.38458 0)
(1.29674 0.359431 0)
(1.32342 0.340992 0)
(1.34807 0.316395 0)
(1.38377 0.284609 0)
(1.41617 0.253817 0)
(1.43814 0.240992 0)
(1.46328 0.213953 0)
(1.48573 0.171757 0)
(1.49779 0.151423 0)
(1.50853 0.134557 0)
(1.53052 0.107389 0)
(1.55626 0.0677279 0)
(1.5708 0.044375 0)
(1.58145 0.0347958 0)
(1.59537 0.00824915 0)
(1.61081 -0.0348246 0)
(1.61699 -0.0605263 0)
(1.62287 -0.0676459 0)
(1.63238 -0.0833828 0)
(1.64582 -0.112201 0)
(1.65054 -0.144482 0)
(1.65161 -0.159432 0)
(1.64931 -0.167607 0)
(1.64549 -0.191139 0)
(1.65168 -0.220987 0)
(1.65312 -0.236334 0)
(1.65744 -0.249813 0)
(1.6667 -0.263754 0)
(1.67698 -0.278918 0)
(1.68564 -0.302449 0)
(1.68975 -0.316464 0)
(1.69556 -0.328322 0)
(1.69636 -0.347333 0)
(1.68549 -0.364654 0)
(1.67895 -0.381629 0)
(1.68117 -0.387048 0)
(1.68452 -0.393799 0)
(1.68493 -0.403209 0)
(1.6803 -0.41187 0)
(1.67132 -0.423441 0)
(1.66767 -0.428305 0)
(1.66286 -0.43302 0)
(1.66074 -0.435883 0)
(1.66246 -0.433866 0)
(1.66356 -0.426381 0)
(1.65527 -0.414296 0)
(1.63551 -0.403122 0)
(1.60627 -0.380577 0)
(1.5775 -0.357971 0)
(1.5473 -0.333369 0)
(1.51705 -0.294911 0)
(1.49546 -0.266083 0)
(1.47549 -0.239803 0)
(1.45643 -0.196367 0)
(1.44387 -0.169645 0)
(1.42998 -0.15431 0)
(1.41273 -0.131747 0)
(1.39997 -0.115642 0)
(1.39178 -0.103064 0)
(1.38258 -0.0869851 0)
(1.36799 -0.0737553 0)
(1.35193 -0.06382 0)
(1.33611 -0.0573006 0)
(1.32329 -0.0533812 0)
(1.31372 -0.0510695 0)
(1.30628 -0.0487538 0)
(1.30392 -0.046321 0)
(1.31318 -0.0433197 0)
(1.32357 -0.0383771 0)
(1.32013 -0.0352912 0)
(1.31449 -0.0329338 0)
(1.3058 -0.0301092 0)
(1.28939 -0.0269486 0)
(1.27181 -0.0245489 0)
(1.26557 -0.0239542 0)
(1.26204 -0.0236943 0)
(1.25967 -0.0234534 0)
(1.2628 -0.0231503 0)
(1.27705 -0.0222695 0)
(1.28598 -0.0203193 0)
(1.28363 -0.0190972 0)
(1.27986 -0.0177581 0)
(1.2713 -0.0159711 0)
(1.25548 -0.0142244 0)
(1.24534 -0.013762 0)
(1.2431 -0.0137005 0)
(1.24184 -0.0136096 0)
(1.24223 -0.0134386 0)
(1.24815 -0.0133116 0)
(0.994587 0.42527 0)
(1.0261 0.420453 0)
(1.05966 0.412951 0)
(1.09527 0.400833 0)
(1.12738 0.385989 0)
(1.15676 0.37178 0)
(1.18795 0.357832 0)
(1.21875 0.341852 0)
(1.24532 0.325455 0)
(1.26568 0.309366 0)
(1.28402 0.290698 0)
(1.31184 0.270314 0)
(1.34326 0.243261 0)
(1.36644 0.224361 0)
(1.38248 0.21285 0)
(1.39539 0.190363 0)
(1.41833 0.160996 0)
(1.43702 0.14014 0)
(1.45037 0.129146 0)
(1.4689 0.105289 0)
(1.48754 0.0704822 0)
(1.49785 0.0527224 0)
(1.50561 0.0393056 0)
(1.52052 0.0206261 0)
(1.53876 -0.0063935 0)
(1.55038 -0.0294637 0)
(1.55926 -0.037493 0)
(1.56686 -0.0523769 0)
(1.5707 -0.0824336 0)
(1.5701 -0.109804 0)
(1.57111 -0.120465 0)
(1.57211 -0.13043 0)
(1.5791 -0.148469 0)
(1.59053 -0.171138 0)
(1.59513 -0.185668 0)
(1.60496 -0.201093 0)
(1.61688 -0.219797 0)
(1.6248 -0.242108 0)
(1.62982 -0.257608 0)
(1.63461 -0.27237 0)
(1.63524 -0.285795 0)
(1.63322 -0.300966 0)
(1.63361 -0.316833 0)
(1.63547 -0.33004 0)
(1.63627 -0.342783 0)
(1.63244 -0.360054 0)
(1.62814 -0.380564 0)
(1.63281 -0.393552 0)
(1.6377 -0.401333 0)
(1.64466 -0.409086 0)
(1.65183 -0.418504 0)
(1.65681 -0.424546 0)
(1.65571 -0.430225 0)
(1.65136 -0.429313 0)
(1.64814 -0.427689 0)
(1.63687 -0.425604 0)
(1.62066 -0.422757 0)
(1.61229 -0.420103 0)
(1.5985 -0.411599 0)
(1.58344 -0.401884 0)
(1.5675 -0.385501 0)
(1.55116 -0.36138 0)
(1.53376 -0.339224 0)
(1.51271 -0.305312 0)
(1.4953 -0.267404 0)
(1.48485 -0.23724 0)
(1.46381 -0.199602 0)
(1.43454 -0.170111 0)
(1.40853 -0.149579 0)
(1.38102 -0.130135 0)
(1.35617 -0.107479 0)
(1.33742 -0.0906028 0)
(1.3243 -0.081075 0)
(1.31847 -0.0740483 0)
(1.32674 -0.0684314 0)
(1.34176 -0.0615335 0)
(1.33833 -0.0553166 0)
(1.33003 -0.0505702 0)
(1.31953 -0.0450004 0)
(1.30184 -0.0397344 0)
(1.28023 -0.0349025 0)
(1.27054 -0.0329018 0)
(1.266 -0.0326987 0)
(1.26269 -0.0327703 0)
(1.265 -0.0331254 0)
(1.27994 -0.0333336 0)
(1.29359 -0.0318233 0)
(1.29286 -0.0302367 0)
(1.28975 -0.0287288 0)
(1.28296 -0.0261422 0)
(1.26698 -0.0225987 0)
(1.25189 -0.0197026 0)
(1.24814 -0.0188633 0)
(1.24663 -0.0185105 0)
(1.24677 -0.018239 0)
(1.25257 -0.0183507 0)
(0.980478 0.381259 0)
(1.00472 0.377653 0)
(1.02931 0.371977 0)
(1.05423 0.364534 0)
(1.07997 0.355141 0)
(1.10773 0.344324 0)
(1.1368 0.332229 0)
(1.16396 0.319807 0)
(1.18711 0.307908 0)
(1.20612 0.295415 0)
(1.22061 0.281175 0)
(1.23991 0.266942 0)
(1.26581 0.252298 0)
(1.2885 0.23593 0)
(1.31027 0.216388 0)
(1.32698 0.199601 0)
(1.33972 0.18705 0)
(1.3577 0.169828 0)
(1.37823 0.1464 0)
(1.39243 0.128827 0)
(1.40151 0.114961 0)
(1.41366 0.0952621 0)
(1.43313 0.0740989 0)
(1.44856 0.0578185 0)
(1.46095 0.047791 0)
(1.47565 0.0315055 0)
(1.48892 0.00500849 0)
(1.49532 -0.0151593 0)
(1.49789 -0.0234744 0)
(1.50003 -0.0369194 0)
(1.50598 -0.0570451 0)
(1.51087 -0.0738876 0)
(1.51343 -0.0860004 0)
(1.51634 -0.102635 0)
(1.5278 -0.118087 0)
(1.53911 -0.13617 0)
(1.54752 -0.150248 0)
(1.55913 -0.16298 0)
(1.56988 -0.179489 0)
(1.57645 -0.194849 0)
(1.58087 -0.20362 0)
(1.58389 -0.212988 0)
(1.5839 -0.225813 0)
(1.58034 -0.239337 0)
(1.57431 -0.25478 0)
(1.57114 -0.27194 0)
(1.57506 -0.285049 0)
(1.58252 -0.295234 0)
(1.59186 -0.306912 0)
(1.60071 -0.319833 0)
(1.60692 -0.330041 0)
(1.61387 -0.340466 0)
(1.61896 -0.351027 0)
(1.62302 -0.360636 0)
(1.6253 -0.370046 0)
(1.62429 -0.378691 0)
(1.6168 -0.385879 0)
(1.59913 -0.392616 0)
(1.5895 -0.396406 0)
(1.58829 -0.397408 0)
(1.58704 -0.399845 0)
(1.58761 -0.400474 0)
(1.59064 -0.400114 0)
(1.59505 -0.398818 0)
(1.59703 -0.393742 0)
(1.59129 -0.38466 0)
(1.57695 -0.369627 0)
(1.55279 -0.35152 0)
(1.52468 -0.329294 0)
(1.49361 -0.303734 0)
(1.46069 -0.270725 0)
(1.43321 -0.24171 0)
(1.40768 -0.210239 0)
(1.38915 -0.170815 0)
(1.38306 -0.141692 0)
(1.38724 -0.121797 0)
(1.38581 -0.103581 0)
(1.36982 -0.0914317 0)
(1.35217 -0.0825193 0)
(1.33333 -0.071703 0)
(1.31126 -0.0595238 0)
(1.28978 -0.0474962 0)
(1.27948 -0.0419555 0)
(1.27263 -0.040886 0)
(1.27051 -0.0401714 0)
(1.2815 -0.0401057 0)
(1.30055 -0.0388628 0)
(1.30363 -0.0362058 0)
(1.30045 -0.0344081 0)
(1.29497 -0.0313757 0)
(1.28177 -0.0276857 0)
(1.26205 -0.0234381 0)
(1.25388 -0.0213923 0)
(1.25165 -0.0208034 0)
(1.25088 -0.0200972 0)
(1.25587 -0.0198966 0)
(0.969489 0.34529 0)
(0.989366 0.341747 0)
(1.00846 0.337579 0)
(1.02745 0.332612 0)
(1.04734 0.326689 0)
(1.06957 0.319618 0)
(1.09497 0.310245 0)
(1.12038 0.298997 0)
(1.14193 0.288756 0)
(1.16074 0.279152 0)
(1.17666 0.269269 0)
(1.1905 0.259095 0)
(1.20561 0.247826 0)
(1.22549 0.234555 0)
(1.24716 0.219416 0)
(1.26653 0.205808 0)
(1.28424 0.192337 0)
(1.29898 0.17944 0)
(1.31014 0.166359 0)
(1.32235 0.149515 0)
(1.33959 0.131862 0)
(1.35567 0.117044 0)
(1.3695 0.106059 0)
(1.38503 0.092548 0)
(1.40089 0.074282 0)
(1.41212 0.0587673 0)
(1.41954 0.0455892 0)
(1.42861 0.0289832 0)
(1.4389 0.0121061 0)
(1.44726 -0.000961076 0)
(1.45253 -0.0110731 0)
(1.45162 -0.0240357 0)
(1.45009 -0.0427692 0)
(1.45768 -0.0584092 0)
(1.46812 -0.0699523 0)
(1.47963 -0.0823778 0)
(1.4939 -0.0976581 0)
(1.50746 -0.113795 0)
(1.51539 -0.123282 0)
(1.52406 -0.133131 0)
(1.53156 -0.146284 0)
(1.53623 -0.16012 0)
(1.53794 -0.171965 0)
(1.5352 -0.183308 0)
(1.52622 -0.197417 0)
(1.52367 -0.211955 0)
(1.53003 -0.222206 0)
(1.53774 -0.232972 0)
(1.54667 -0.244796 0)
(1.55562 -0.256963 0)
(1.564 -0.269255 0)
(1.57152 -0.281177 0)
(1.57855 -0.293064 0)
(1.58484 -0.305276 0)
(1.58981 -0.317212 0)
(1.59237 -0.328336 0)
(1.58817 -0.340098 0)
(1.57176 -0.354311 0)
(1.56419 -0.368057 0)
(1.56882 -0.374882 0)
(1.5732 -0.380667 0)
(1.5794 -0.386914 0)
(1.5876 -0.392807 0)
(1.59732 -0.396922 0)
(1.60341 -0.402533 0)
(1.60462 -0.401917 0)
(1.60381 -0.401775 0)
(1.60145 -0.401472 0)
(1.5913 -0.399493 0)
(1.56784 -0.393166 0)
(1.55472 -0.389399 0)
(1.54094 -0.381283 0)
(1.52635 -0.366391 0)
(1.51198 -0.342386 0)
(1.50144 -0.319681 0)
(1.4938 -0.291043 0)
(1.48023 -0.249959 0)
(1.46417 -0.223419 0)
(1.43248 -0.193521 0)
(1.4001 -0.1648 0)
(1.37519 -0.144236 0)
(1.34898 -0.123424 0)
(1.32492 -0.0962761 0)
(1.3083 -0.0777159 0)
(1.2987 -0.0657692 0)
(1.2999 -0.0543381 0)
(1.31406 -0.0489907 0)
(1.32039 -0.046946 0)
(1.31539 -0.0451733 0)
(1.30926 -0.0415154 0)
(1.29836 -0.0361395 0)
(1.27976 -0.0306646 0)
(1.26596 -0.0276063 0)
(1.26195 -0.0263048 0)
(1.25986 -0.024821 0)
(1.26339 -0.0229804 0)
)
;

boundaryField
{
    inlet
    {
        type            fixedValue;
        value           uniform (1.5 0 0);
    }
    outlet
    {
        type            inletOutlet;
        inletValue      nonuniform 0();
        value           nonuniform 0();
    }
    bottom
    {
        type            symmetryPlane;
    }
    top
    {
        type            symmetryPlane;
    }
    obstacle
    {
        type            slip;
    }
    defaultFaces
    {
        type            empty;
    }
    procBoundary0to1
    {
        type            processor;
        value           nonuniform List<vector> 8((1.12414 -0.00675915 0) (1.14672 -0.00571517 0) (1.19348 -0.0178801 0) (1.23787 -0.0179715 0) (1.26031 -0.0133202 0) (1.26634 -0.0177695 0) (1.27007 -0.0198236 0) (1.27644 -0.0218083 0));
    }
    procBoundary0to2
    {
        type            processor;
        value           nonuniform List<vector> 
192
(
(-0.849859 0.00426593 0)
(0.25435 0.00576122 0)
(0.613888 0.00283336 0)
(0.613072 0.00340222 0)
(0.611862 0.00513412 0)
(0.610611 0.0069329 0)
(0.608869 0.00893129 0)
(0.606404 0.0113813 0)
(0.603222 0.0143445 0)
(0.59962 0.0177322 0)
(0.595829 0.0213289 0)
(0.592108 0.0249919 0)
(0.588458 0.0285721 0)
(0.585055 0.0320705 0)
(0.581885 0.0353687 0)
(0.579153 0.0384436 0)
(0.577024 0.0412407 0)
(0.575359 0.0436848 0)
(0.574349 0.0459126 0)
(0.573489 0.0478861 0)
(0.572953 0.0498008 0)
(0.572223 0.0516277 0)
(0.571575 0.0535166 0)
(0.570777 0.0553582 0)
(0.570229 0.0572464 0)
(0.569877 0.0591394 0)
(0.569886 0.060935 0)
(0.570294 0.0627014 0)
(0.570827 0.0644684 0)
(0.571262 0.0662689 0)
(0.571534 0.0682631 0)
(0.571492 0.0705285 0)
(0.571259 0.0732859 0)
(0.571033 0.0766072 0)
(0.570832 0.0799623 0)
(0.570631 0.0827003 0)
(0.570525 0.0846715 0)
(0.570601 0.0862702 0)
(0.570844 0.0882604 0)
(0.571279 0.0911899 0)
(0.571622 0.0945192 0)
(0.571989 0.0984729 0)
(0.571917 0.102789 0)
(0.572925 0.107057 0)
(0.573504 0.111282 0)
(0.57454 0.115513 0)
(0.576128 0.119804 0)
(0.578438 0.124257 0)
(0.581159 0.128958 0)
(0.584184 0.133903 0)
(0.587459 0.139049 0)
(0.590791 0.144465 0)
(0.594101 0.150165 0)
(0.597412 0.156015 0)
(0.60076 0.161925 0)
(0.604116 0.167861 0)
(0.607687 0.173682 0)
(0.611385 0.179405 0)
(0.61518 0.185023 0)
(0.619093 0.190489 0)
(0.623093 0.195741 0)
(0.627067 0.200832 0)
(0.630954 0.205812 0)
(0.634799 0.210746 0)
(0.638772 0.215729 0)
(0.643063 0.220753 0)
(0.647702 0.225718 0)
(0.652405 0.230597 0)
(0.656928 0.23539 0)
(0.661281 0.240204 0)
(0.66594 0.245012 0)
(0.67121 0.24989 0)
(0.677395 0.254653 0)
(0.683998 0.259475 0)
(0.690575 0.264101 0)
(0.696485 0.268882 0)
(0.702787 0.273274 0)
(0.70944 0.277976 0)
(0.717492 0.281888 0)
(0.726371 0.286461 0)
(0.736523 0.28981 0)
(0.74614 0.294401 0)
(0.756063 0.297598 0)
(0.765382 0.302399 0)
(0.775959 0.305471 0)
(0.787283 0.309871 0)
(0.800541 0.312245 0)
(0.814944 0.315257 0)
(0.830259 0.317006 0)
(0.84505 0.31868 0)
(0.859179 0.319881 0)
(0.873099 0.320921 0)
(0.887647 0.32153 0)
(0.903311 0.321518 0)
(0.920381 0.320756 0)
(0.938891 0.318983 0)
(0.958007 0.31601 0)
(0.9761 0.312411 0)
(0.99276 0.308916 0)
(1.00873 0.305247 0)
(1.02486 0.300955 0)
(1.04218 0.295901 0)
(1.06171 0.289595 0)
(1.0839 0.281027 0)
(1.1061 0.271307 0)
(1.12489 0.262847 0)
(1.14065 0.255449 0)
(1.15346 0.247562 0)
(1.16391 0.23775 0)
(1.17746 0.228086 0)
(1.19574 0.218209 0)
(1.21656 0.205584 0)
(1.23416 0.194332 0)
(1.24756 0.184381 0)
(1.2577 0.170952 0)
(1.27082 0.1578 0)
(1.28675 0.146767 0)
(1.30344 0.134848 0)
(1.31935 0.121597 0)
(1.33217 0.109219 0)
(1.3421 0.0969545 0)
(1.35209 0.0826096 0)
(1.3642 0.067776 0)
(1.37624 0.0544434 0)
(1.38696 0.0433543 0)
(1.39601 0.0329626 0)
(1.40061 0.0204784 0)
(1.39789 0.00503271 0)
(1.39769 -0.00957838 0)
(1.4061 -0.0207617 0)
(1.41797 -0.0308841 0)
(1.43236 -0.0435053 0)
(1.44385 -0.0553786 0)
(1.45491 -0.0662728 0)
(1.46603 -0.0790691 0)
(1.47543 -0.0923933 0)
(1.48287 -0.103906 0)
(1.48894 -0.11433 0)
(1.49307 -0.124564 0)
(1.49258 -0.13567 0)
(1.48444 -0.148807 0)
(1.48046 -0.161419 0)
(1.48577 -0.170549 0)
(1.493 -0.179428 0)
(1.50142 -0.189776 0)
(1.51059 -0.200875 0)
(1.5197 -0.211864 0)
(1.52816 -0.222467 0)
(1.53565 -0.23257 0)
(1.54202 -0.242168 0)
(1.54694 -0.251373 0)
(1.54905 -0.260598 0)
(1.54319 -0.271168 0)
(1.52837 -0.284151 0)
(1.52587 -0.294787 0)
(1.53213 -0.301102 0)
(1.53959 -0.308596 0)
(1.54903 -0.31759 0)
(1.55947 -0.327197 0)
(1.56752 -0.335761 0)
(1.57433 -0.343931 0)
(1.58056 -0.352053 0)
(1.58478 -0.358941 0)
(1.58615 -0.364868 0)
(1.58132 -0.370325 0)
(1.56469 -0.37466 0)
(1.55375 -0.374539 0)
(1.55243 -0.374937 0)
(1.55153 -0.3751 0)
(1.55294 -0.375847 0)
(1.55693 -0.377231 0)
(1.56149 -0.375364 0)
(1.5611 -0.371506 0)
(1.55465 -0.361901 0)
(1.5403 -0.34831 0)
(1.51764 -0.329256 0)
(1.49234 -0.305944 0)
(1.46335 -0.279059 0)
(1.43235 -0.242668 0)
(1.40826 -0.214913 0)
(1.38653 -0.186967 0)
(1.37132 -0.145047 0)
(1.36713 -0.116023 0)
(1.3658 -0.100967 0)
(1.35556 -0.0849889 0)
(1.33908 -0.0720076 0)
(1.32228 -0.0632217 0)
(1.30634 -0.0557754 0)
(1.29199 -0.0469028 0)
(1.28311 -0.0400869 0)
(1.27853 -0.0341584 0)
(1.28016 -0.0284325 0)
)
;
    }
}


// ************************************************************************* //
