/*--------------------------------*- C++ -*----------------------------------*\
  =========                 |
  \\      /  F ield         | OpenFOAM: The Open Source CFD Toolbox
   \\    /   O peration     | Website:  https://openfoam.org
    \\  /    A nd           | Version:  7
     \\/     M anipulation  |
\*---------------------------------------------------------------------------*/
FoamFile
{
    version     2.0;
    format      ascii;
    class       volScalarField;
    location    "2.5";
    object      T;
}
// * * * * * * * * * * * * * * * * * * * * * * * * * * * * * * * * * * * * * //

dimensions      [0 0 0 1 0 0 0];

internalField   nonuniform List<scalar> 
16128
(
1
1
1
1
1
1
1
1
1
1
1
1
1
1
1
1
1
1
1
1
1
1
1
1
1
1
1
1
1
3.60747
5.76258
5.85105
5.86174
5.88086
5.90359
5.92957
5.95525
5.97548
5.9865
5.98976
5.99055
5.99307
5.99984
6.00988
6.01898
6.02433
6.02677
6.02851
1
1
1
1
1
1
1
1
1
1
1
1
1
1
1
1
1
1
1
1
1
1
1
1
1
1
1
1
1
3.57369
5.75297
5.85145
5.86218
5.8811
5.90378
5.92977
5.95533
5.97516
5.98566
5.98852
5.9891
5.99153
5.99823
6.00809
6.01694
6.02213
6.02457
6.02631
1
1
1
1
1
1
1
1
1
1
1
1
1
1
1
1
1
1
1
1
1
1
1
1
1
1
1
1
1
3.47544
5.73278
5.84937
5.85956
5.87863
5.90175
5.92815
5.95381
5.97322
5.98302
5.98541
5.9859
5.98843
5.99525
6.00493
6.01341
6.01836
6.02081
6.02265
1
1
1
1
1
1
1
1
1
1
1
1
1
1
1
1
1
1
1
1
1
1
1
1
1
1
1
1
1
3.31028
5.68808
5.84212
5.85426
5.87472
5.89887
5.92604
5.95187
5.97078
5.97974
5.98156
5.98196
5.98469
5.99167
6.00092
6.00858
6.01285
6.01496
6.01667
1
1
1
1
1
1
1
1
1
1
1
1
1
1
1
1
1
1
1
1
1
1
1
1
1
1
1
1
1
3.06879
5.61166
5.82756
5.84381
5.86672
5.8923
5.92042
5.94665
5.96544
5.97401
5.97563
5.97619
5.97934
5.98671
5.99583
6.00287
6.0065
6.00809
6.00956
1
1
1
1
1
1
1
1
1
1
1
1
1
1
1
1
1
1
1
1
1
1
1
1
1
1
1
1
1
2.77606
5.51856
5.81356
5.83083
5.8552
5.88147
5.91025
5.93727
5.95679
5.96597
5.96811
5.96913
5.97277
5.98039
5.98928
5.99575
5.99886
5.99989
6.00112
1
1
1
1
1
1
1
1
1
1
1
1
1
1
1
1
1
1
1
1
1
1
1
1
1
1
1
1
1
2.40673
5.39222
5.8076
5.81955
5.84264
5.86756
5.89609
5.92395
5.94501
5.9558
5.95901
5.96059
5.96452
5.97216
5.98081
5.98689
5.98972
5.99034
5.99147
1
1
1
1
1
1
1
1
1
1
1
1
1
1
1
1
1
1
1
1
1
1
1
1
1
1
1
1
1
1.90245
5.201
5.80793
5.80527
5.82605
5.84826
5.87591
5.90485
5.9285
5.94235
5.94778
5.95051
5.95493
5.96251
5.97081
5.97641
5.97879
5.97877
5.97958
1
1
1
1
1
1
1
1
1
1
1
1
1
1
1
1
1
1
1
1
1
1
1
1
1
1
1
1
1
1.30348
4.97743
5.80929
5.79265
5.80898
5.82599
5.85082
5.87966
5.90586
5.92357
5.9323
5.93692
5.9422
5.94988
5.95794
5.96326
5.96557
5.9654
5.9662
1
1
1
1
1
1
1
1
1
1
1
1
1
1
1
1
1
1
1
1
1
1
1
1
1
1
1
1
1
1.00573
4.77681
5.79175
5.78507
5.79803
5.80997
5.82865
5.85424
5.88047
5.90093
5.91322
5.92037
5.92699
5.93507
5.94292
5.94756
5.94931
5.9487
5.94905
1
1
1
1
1
1
1
1
1
1
1
1
1
1
1
1
1
1
1
1
1
1
1
1
1
1
1
1
1
1
4.49752
5.79622
5.79315
5.80084
5.81027
5.8211
5.83506
5.85506
5.87472
5.88922
5.89886
5.90712
5.9157
5.92317
5.92723
5.92881
5.92852
5.92932
1
1
1
1
1
1
1
1
1
1
1
1
1
1
1
1
1
1
1
1
1
1
1
1
1
1
1
1
1
1
4.09019
5.74581
5.78626
5.79769
5.80666
5.81182
5.81995
5.83226
5.84716
5.86111
5.87238
5.88219
5.89154
5.89934
5.90314
5.90396
5.90213
5.90065
1
1
1
1
1
1
1
1
1
1
1
1
1
1
1
1
1
1
1
1
1
1
1
1
1
1
1
1
1
1
3.55247
5.59902
5.76814
5.79371
5.80893
5.81229
5.81267
5.81598
5.82365
5.83292
5.84294
5.8527
5.86128
5.86798
5.86954
5.86942
5.86621
5.86563
1
1
1
1
1
1
1
1
1
1
1
1
1
1
1
1
1
1
1
1
1
1
1
1
1
1
1
1
1
1
2.72454
5.26295
5.71553
5.76598
5.79297
5.80354
5.80483
5.80458
5.80517
5.80782
5.81272
5.81806
5.8242
5.82938
5.83005
5.82885
5.8195
5.80569
1
1
1
1
1
1
1
1
1
1
1
1
1
1
1
1
1
1
1
1
1
1
1
1
1
1
1
1
1
1
1.40449
4.8514
5.66665
5.7028
5.74803
5.77612
5.78693
5.78926
5.78734
5.78518
5.78391
5.78195
5.7827
5.78266
5.77735
5.76295
5.74209
5.72316
1
1
1
1
1
1
1
1
1
1
1
1
1
1
1
1
1
1
1
1
1
1
1
1
1
1
1
1
1
1
1.01093
4.62837
5.59593
5.62962
5.67635
5.72156
5.75137
5.76474
5.76535
5.76183
5.75499
5.74576
5.73671
5.72617
5.71075
5.68815
5.66756
5.67484
1
1
1
1
1
1
1
1
1
1
1
1
1
1
1
1
1
1
1
1
1
1
1
1
1
1
1
1
1
1
0.999981
4.13975
5.53641
5.58856
5.62599
5.66539
5.70212
5.72743
5.73588
5.73338
5.72406
5.70942
5.69038
5.66863
5.63664
5.5821
5.45359
5.20201
1
1
1
1
1
1
1
1
1
1
1
1
1
1
1
1
1
1
1
1
1
1
1
1
1
1
1
1
1
1
0.999995
3.29463
5.36336
5.55688
5.59586
5.62305
5.65135
5.67951
5.69595
5.69733
5.6889
5.67097
5.643
5.60555
5.54985
5.45371
5.30079
4.9062
1
1
1
1
1
1
1
1
1
1
1
1
1
1
1
1
1
1
1
1
1
1
1
1
1
1
1
1
1
1
1
1.92713
4.96376
5.5266
5.55261
5.5767
5.60079
5.62596
5.64621
5.65323
5.64695
5.62847
5.59475
5.54474
5.46899
5.35816
5.14683
4.74802
1
1
1
1
1
1
1
1
1
1
1
1
1
1
1
1
1
1
1
1
1
1
1
1
1
1
1
1
1
1
1
1.05948
4.61709
5.50475
5.49994
5.5194
5.54464
5.56763
5.58857
5.60016
5.59619
5.57979
5.54397
5.48718
5.39779
5.27254
5.04091
4.68877
1
1
1
1
1
1
1
1
1
1
1
1
1
1
1
1
1
1
1
1
1
1
1
1
1
1
1
1
1
1
1
1.00003
3.92554
5.38094
5.45581
5.48529
5.4976
5.51242
5.5288
5.54057
5.53855
5.52517
5.49136
5.43269
5.34021
5.20556
4.98265
4.70316
1
1
1
1
1
1
1
1
1
1
1
1
1
1
1
1
1
1
1
1
1
1
1
1
1
1
1
1
1
1
1
0.999982
2.54999
5.04253
5.40919
5.44615
5.46075
5.46894
5.4758
5.4807
5.4774
5.46455
5.43351
5.37829
5.29017
5.15487
4.95622
4.72407
1
1
1
1
1
1
1
1
1
1
1
1
1
1
1
1
1
1
1
1
1
1
1
1
1
1
1
1
1
1
1
0.999997
1.1741
4.61152
5.41166
5.40789
5.41596
5.42322
5.4234
5.42196
5.416
5.40156
5.37262
5.32253
5.24044
5.11547
4.94729
4.75042
1
1
1
1
1
1
1
1
1
1
1
1
1
1
1
1
1
1
1
1
1
1
1
1
1
1
1
1
1
1
1
1
1.00133
3.90903
5.25381
5.33632
5.36497
5.37194
5.36968
5.36479
5.35475
5.33815
5.30912
5.26394
5.18917
5.08219
4.93983
4.77386
1
1
1
1
1
1
1
1
1
1
1
1
1
1
1
1
1
1
1
1
1
1
1
1
1
1
1
1
1
1
1
1
0.999998
2.25628
4.83752
5.28973
5.3085
5.32262
5.32337
5.31798
5.30468
5.28335
5.25055
5.20564
5.13861
5.04786
4.92946
4.79352
1
1
1
1
1
1
1
1
1
1
1
1
1
1
1
1
1
1
1
1
1
1
1
1
1
1
1
1
1
1
1
1
1
1.10494
4.43271
5.24122
5.23461
5.25318
5.26467
5.26313
5.25233
5.23039
5.19656
5.15074
5.08926
5.00993
4.91122
4.79258
1
1
1
1
1
1
1
1
1
1
1
1
1
1
1
1
1
1
1
1
1
1
1
1
1
1
1
1
1
1
1
1
1
1.00027
3.30956
4.98559
5.14272
5.18372
5.20301
5.20826
5.20079
5.18076
5.1474
5.10183
5.0435
4.97115
4.88647
4.78578
1
1
1
1
1
1
1
1
1
1
1
1
1
1
1
1
1
1
1
1
1
1
1
1
1
1
1
1
1
1
1
1
1
0.999979
1.46229
4.5016
5.15299
5.14155
5.1499
5.15536
5.1479
5.12941
5.09862
5.05608
5.00142
4.9347
4.85841
4.77106
1
1
1
1
1
1
1
1
1
1
1
1
1
1
1
1
1
1
1
1
1
1
1
1
1
1
1
1
1
1
1
1
1
0.999997
1.01085
3.76925
4.98319
5.06675
5.0873
5.08988
5.0841
5.07034
5.04565
5.00918
4.96007
4.89893
4.829
4.75043
1
1
1
1
1
1
1
1
1
1
1
1
1
1
1
1
1
1
1
1
1
1
1
1
1
1
1
1
1
1
1
1
1
1
0.99999
1.8302
4.44946
5.03799
5.03609
5.03479
5.02789
5.01488
4.99305
4.96064
4.91705
4.863
4.79978
4.72827
1
1
1
1
1
1
1
1
1
1
1
1
1
1
1
1
1
1
1
1
1
1
1
1
1
1
1
1
1
1
1
1
1
1
0.999997
1.03912
3.89344
4.92599
4.97253
4.96725
4.96082
4.95065
4.93266
4.90497
4.86775
4.82152
4.7662
4.70353
1
1
1
1
1
1
1
1
1
1
1
1
1
1
1
1
1
1
1
1
1
1
1
1
1
1
1
1
1
1
1
1
1
1
1
1.00001
2.0343
4.40074
4.91698
4.90364
4.90396
4.89718
4.88129
4.85697
4.82506
4.78522
4.73627
4.68053
1
1
1
1
1
1
1
1
1
1
1
1
1
1
1
1
1
1
1
1
1
1
1
1
1
1
1
1
1
1
1
1
1
1
1
0.999992
1.06253
3.84063
4.84156
4.84211
4.83808
4.83159
4.81961
4.8004
4.77407
4.74066
4.69936
4.65041
1
1
1
1
1
1
1
1
1
1
1
1
1
1
1
1
1
1
1
1
1
1
1
1
1
1
1
1
1
1
1
1
1
1
1
0.999999
1.00008
2.03437
4.31036
4.78495
4.7656
4.76763
4.7624
4.74922
4.72798
4.6993
4.66428
4.62183
1
1
1
1
1
1
1
1
1
1
1
1
1
1
1
1
1
1
1
1
1
1
1
1
1
1
1
1
1
1
1
1
1
1
1
1
0.999992
1.06132
3.56847
4.68087
4.72393
4.71477
4.70439
4.69279
4.67622
4.65311
4.62326
4.58696
1
1
1
1
1
1
1
1
1
1
1
1
1
1
1
1
1
1
1
1
1
1
1
1
1
1
1
1
1
1
1
1
1
1
1
1
0.999999
1.0001
1.80109
4.12335
4.66676
4.64241
4.64165
4.63531
4.62349
4.60627
4.58209
4.55086
1
1
1
1
1
1
1
1
1
1
1
1
1
1
1
1
1
1
1
1
1
1
1
1
1
1
1
1
1
1
1
1
1
1
1
1
1
0.999996
1.03276
2.9754
4.37075
4.60133
4.58737
4.58167
4.57322
4.5594
4.54005
4.51442
1
1
1
1
1
1
1
1
1
1
1
1
1
1
1
1
1
1
1
1
1
1
1
1
1
1
1
1
1
1
1
1
1
1
1
1
1
0.999999
1.00004
1.40162
3.75882
4.55759
4.52867
4.52717
4.52151
4.50978
4.49347
4.47351
1
1
1
1
1
1
1
1
1
1
1
1
1
1
1
1
1
1
1
1
1
1
1
1
1
1
1
1
1
1
1
1
1
1
1
1
1
1
1
1.00682
2.25686
4.0453
4.46164
4.44195
4.44405
4.44164
4.43285
4.41837
1
1
1
1
1
1
1
1
1
1
1
1
1
1
1
1
1
1
1
1
1
1
1
1
1
1
1
1
1
1
1
1
1
1
1
1
1
1
1
1.00001
1.11604
3.18609
4.26309
4.41437
4.40489
4.39994
4.39308
4.38096
1
1
1
1
1
1
1
1
1
1
1
1
1
1
1
1
1
1
1
1
1
1
1
1
1
1
1
1
1
1
1
1
1
1
1
1
1
1
1
1
1.00055
1.61067
3.64603
4.3444
4.33809
4.33853
4.33606
4.32793
1
1
1
1
1
1
1
1
1
1
1
1
1
1
1
1
1
1
1
1
1
1
1
1
1
1
1
1
1
1
1
1
1
1
1
1
1
1
1
1
1
1.01747
2.25983
3.86394
4.27246
4.25501
4.25719
4.25788
1
1
1
1
1
1
1
1
1
1
1
1
1
1
1
1
1
1
1
1
1
1
1
1
1
1
1
1
1
1
1
1
1
1
1
1
1
1
1
1
1
1.00003
1.12229
2.92549
3.99368
4.22351
4.20682
4.20407
1
1
1
1
1
1
1
1
1
1
1
1
1
1
1
1
1
1
1
1
1
1
1
1
1
1
1
1
1
1
1
1
1
1
1
1
1
1
1
1
1
1
1.0007
1.46172
3.33142
4.07726
4.1707
4.15994
1
1
1
1
1
1
1
1
1
1
1
1
1
1
1
1
1
1
1
1
1
1
1
1
1
1
1
1
1
1
1
1
1
1
1
1
1
1
1
1
1
1
1
1.00958
1.91981
3.53244
4.06176
4.09777
1
1
1
1
1
1
1
1
1
1
1
1
1
1
1
1
1
1
1
1
1
1
1
1
1
1
1
1
1
1
1
1
1
1
1
1
1
1
1
1
1
1
1
1.00002
1.05232
2.34379
3.64348
4.03043
1
1
1
1
1
1
1
1
1
1
1
1
1
1
1
1
1
1
1
1
1
1
1
1
1
1
1
1
1
1
1
1
1
1
1
1
1
1
1
1
1
1
1
1
1.0002
1.16552
2.72018
3.72253
1
1
1
1
1
1
1
1
1
1
1
1
1
1
1
1
1
1
1
1
1
1
1
1
1
1
1
1
1
1
1
1
1
1
1
1
1
1
1
1
1
1
1
1
1
1.00138
1.38029
3.00003
1
1
1
1
1
1
1
1
1
1
1
1
1
1
1
1
1
1
1
1
1
1
1
1
1
1
1
1
1
1
1
1
1
1
1
1
1
1
1
1
1
1
1
1
1
1
1.00686
1.65399
1
1
1
1
1
1
1
1
1
1
1
1
1
1
1
1
1
1
1
1
1
1
1
1
1
1
1
1
1
1
1
1
1
1
1
1
1
1
1
1
1
1
1
1
1
1
1.00001
1.02345
1
1
1
1
1
1
1
1
1
1
1
1
1
1
1
1
1
1
1
1
1
1
1
1
1
1
1
1
1
1
1
1
1
1
1
1
1
1
1
1
1
1
1
1
1
1
1
1.00007
1
1
1
1
1
1
1
1
1
1
1
1
1
1
1
1
1
1
1
1
1
1
1
1
1
1
1
1
1
1
1
1
1
1
1
1
1
1
1
1
1
1
1
1
1
1
1
1
1
1
1
1
1
1
1
1
1
1
1
1
1
1
1
1
1
1
1
1
1
1
1
1
1
1
1
1
1
1
1
1
1
1
1
1
1
1
1
1
1
1
1
1
1
1
1
1
1
1
1
1
1
1
1
1
1
1
1
1
1
1
1
1
1
1
1
1
1
1
1
1
1
1
1
1
1
1
1
1
1
1
1
1
1
1
1
1
1
1
1
1
1
1
1
1
1
1
1
1
1
1
1
1
1
1
1
1
1
1
1
1
1
1
1
1
1
1
1
1
1
1
1
1
1
1
1
1
1
1
1
1
1
1
1
1
1
1
1
1
1
1
1
1
1
1
1
1
1
1
1
1
1
1
1
1
1
1
1
1
1
1
1
1
1
1
1
1
1
1
1
1
1
1
1
1
1
1
1
1
1
1
1
1
1
1
1
1
1
1
1
1
1
1
1
1
1
1
1
1
1
1
1
1
1
1
1
1
1
1
1
1
1
1
1
1
1
1
1
1
1
1
1
1
1
1
1
1
1
1
1
1
1
1
1
1
1
1
1
1
1
1
1
1
1
1
1
1
1
1
1
1
1
1
1
1
1
1
1
1
1
1
1
1
1
1
1
1
1
1
1
1
1
1
1
1
1
1
1
1
1
1
1
1
1
1
1
1
1
1
1
1
1
1
1
1
1
1
1
1
1
1
1
1
1
1
1
1
1
1
1
1
1
1
1
1
1
1
1
1
1
1
1
1
1
1
1
1
1
1
1
1
1
1
1
1
1
1
1
1
1
1
1
1
1
1
1
1
1
1
1
1
1
1
1
1
1
1
1
1
1
1
1
1
1
1
1
1
1
1
1
1
1
1
1
1
1
1
1
1
1
1
1
1
1
1
1
1
1
1
1
1
1
1
1
1
1
1
1
1
1
1
1
1
1
1
1
1
1
1
1
1
1
1
1
1
1
1
1
1
1
1
1
1
1
1
1
1
1
1
1
1
1
1
1
1
1
1
1
1
1
1
1
1
1
1
1
1
1
1
1
1
1
1
1
1
1
1
1
1
1
1
1
1
1
1
1
1
1
1
1
1
1
1
1
1
1
1
1
1
1
1
1
1
1
1
1
1
1
1
1
1
1
1
1
1
1
1
1
1
1
1
1
1
1
1
1
1
1
1
1
1
1
1
1
1
1
1
1
1
1
1
1
1
1
1
1
1
1
1
1
1
1
1
1
1
1
1
1
1
1
1
1
1
1
1
1
1
1
1
1
1
1
1
1
1
1
1
1
1
1
1
1
1
1
1
1
1
1
1
1
1
1
1
1
1
1
1
1
1
1
1
1
1
1
1
1
1
1
1
1
1
1
1
1
1
1
1
1
1
1
1
1
1
1
1
1
1
1
1
1
1
1
1
1
1
1
1
1
1
1
1
1
1
1
1
1
1
1
1
1
1
1
1
1
1
1
1
1
1
1
1
1
1
1
1
1
1
1
1
1
1
1
1
1
1
1
1
1
1
1
1
1
1
1
1
1
1
1
1
1
1
1
1
1
1
1
1
1
1
1
1
1
1
1
1
1
1
1
1
1
1
1
1
1
1
1
1
1
1
1
1
1
1
1
1
1
1
1
1
1
1
1
1
1
1
1
1
1
1
1
1
1
1
1
1
1
1
1
1
1
1
1
1
1
1
1
1
1
1
1
1
1
1
1
1
1
1
1
1
1
1
1
1
1
1
1
1
1
1
1
1
1
1
1
1
1
1
1
1
1
1
1
1
1
1
1
1
1
1
1
1
1
1
1
1
1
1
1
1
1
1
1
1
1
1
1
1
1
1
1
1
1
1
1
1
1
1
1
1
1
1
1
1
1
1
1
1
1
1
1
1
1
1
1
1
1
1
1
1
1
1
1
1
1
1
1
1
1
1
1
1
1
1
1
1
1
1
1
1
1
1
1
1
1
1
1
1
1
1
1
1
1
1
1
1
1
1
1
1
1
1
1
1
1
1
1
1
1
1
1
1
1
1
1
1
1
1
1
1
1
1
1
1
1
1
1
1
1
1
1
1
1
1
1
1
1
1
1
1
1
1
1
1
1
1
1
1
1
1
1
1
1
1
1
1
1
1
1
1
1
1
1
1
1
1
1
1
1
1
1
1
1
1
1
1
1
1
1
1
1
1
1
1
1
1
1
1
1
1
1
1
1
1
1
1
1
1
1
1
1
1
1
1
1
1
1
1
1
1
1
1
1
1
1
1
1
1
1
1
1
1
1
1
1
1
1
1
1
1
1
1
1
1
1
1
1
1
1
1
1
1
1
1
1
1
1
1
1
1
1
1
1
1
1
1
1
1
1
1
1
1
1
1
1
1
1
1
1
1
1
1
1
1
1
1
1
1
1
1
1
1
1
1
1
1
1
1
1
1
1
1
1
1
1
1
1
1
1
1
1
1
1
1
1
1
1
1
1
1
1
1
1
1
1
1
1
1
1
1
1
1
1
1
1
1
1
1
1
1
1
1
1
1
1
1
1
1
1
1
1
1
1
1
1
1
1
1
1
1
1
1
1
1
1
1
1
1
1
1
1
1
1
1
1
1
1
1
1
1
1
1
1
1
1
1
1
1
1
1
1
1
1
1
1
1
1
1
1
1
1
1
1
1
1
1
1
1
1
1
1
1
1
1
1
1
1
1
1
1
1
1
1
1
1
1
1
1
1
1
1
1
1
1
1
1
1
1
1
1
1
1
1
1
1
1
1
1
1
1
1
1
1
1
1
1
1
1
1
1
1
1
1
1
1
1
1
1
1
1
1
1
1
1
1
1
1
1
1
1
1
1
1
1
1
1
1
1
1
1
1
1
1
1
1
1
1
1
1
1
1
1
1
1
1
1
1
1
1
1
1
1
1
1
1
1
1
1
1
1
1
1
1
1
1
1
1
1
1
1
1
1
1
1
1
1
1
1
1
1
1
1
1
1
1
1
1
1
1
1
1
1
1
1
1
1
1
1
1
1
1
1
1
1
1
1
1
1
1
1
1
1
1
1
1
1
1
1
1
1
1
1
1
1
3.34945
1.99902
1.30273
1.80692
2.02526
2.15327
2.3355
2.53061
2.63317
2.67991
2.75212
2.8561
2.96
3.05949
3.19431
3.31016
3.33275
3.30355
3.24352
3.24805
3.28367
3.368
3.41717
3.41714
3.36966
3.27569
3.25165
3.26588
3.31473
3.37963
3.40313
3.40037
3.38108
3.34177
3.32738
3.32826
3.34356
3.37445
3.38531
3.38314
3.36352
3.33436
3.32006
3.31947
3.32362
3.33316
3.33589
3.32683
3.30655
3.29619
3.29653
3.30298
3.32021
3.32864
3.32823
3.32447
3.31326
3.30947
3.31128
3.31689
3.32699
3.33068
3.32829
3.31845
3.30012
3.28284
3.2745
3.27015
3.26859
3.26929
3.26885
3.2618
3.24976
3.23849
3.23333
3.23137
3.22935
3.227
3.22508
3.22257
3.21877
3.21707
3.21715
3.21763
3.21797
3.21784
3.21717
3.21648
3.2163
3.21618
3.21543
3.21299
3.20746
3.19907
3.1893
3.17986
3.17343
3.17001
3.1669
3.16306
3.15833
3.14703
3.54643
5.4532
5.89774
5.94465
5.95842
5.96121
5.95841
5.95102
5.93736
5.91455
5.88509
5.85278
5.8203
5.7899
5.76126
5.73164
5.69694
5.65479
5.60937
5.56761
5.53476
5.51311
5.50299
5.4996
5.49541
5.47933
5.44841
5.4102
5.37087
5.33341
5.29964
5.27097
5.24741
5.22882
5.21199
5.19141
5.16813
5.14358
5.11799
5.09216
5.06667
5.04102
5.01977
5.00403
4.99435
4.99137
4.98843
4.98197
4.97226
4.95719
4.93541
4.90561
4.86729
4.83486
4.81115
4.79144
4.77475
4.76496
4.75883
4.75257
4.73825
4.71818
4.69424
4.66449
4.64035
4.62601
4.61664
4.61176
4.61201
4.61283
4.60681
4.59716
4.58118
4.55876
4.53954
4.52579
4.5128
4.50103
4.49413
4.48485
4.46817
4.45057
4.42808
4.40376
4.38567
4.37387
4.36504
4.3596
4.35915
4.34823
3.82937
3.02627
2.46351
2.52295
2.42854
2.1913
2.0905
2.10464
2.16673
2.20887
2.23828
2.29595
2.39869
2.51923
2.65084
2.76577
2.85338
2.8906
2.90817
2.94126
2.98741
3.06128
3.15091
3.19869
3.19855
3.17768
3.17541
3.1923
3.226
3.25882
3.27684
3.27983
3.27308
3.2573
3.25508
3.25874
3.2753
3.30288
3.31795
3.31836
3.30792
3.28903
3.27495
3.27162
3.27303
3.27939
3.28577
3.28404
3.27315
3.26228
3.25979
3.26272
3.27118
3.27917
3.28175
3.28185
3.27973
3.27838
3.28077
3.28619
3.29321
3.2955
3.2939
3.28705
3.27414
3.25885
3.24923
3.24417
3.24175
3.24186
3.24192
3.23754
3.22934
3.22091
3.21328
3.20899
3.20675
3.2056
3.20492
3.20398
3.20164
3.19889
3.19852
3.19875
3.19942
3.2
3.19994
3.19908
3.19723
3.19587
3.19503
3.19334
3.19026
3.18414
3.17596
3.16732
3.15919
3.15363
3.15046
3.14747
3.14504
3.13749
3.46459
5.39478
5.90886
5.9373
5.9364
5.9234
5.9061
5.88976
5.87423
5.85671
5.82961
5.79249
5.75224
5.7137
5.67992
5.65319
5.62897
5.60398
5.57048
5.53032
5.49078
5.45722
5.43182
5.41513
5.40738
5.40306
5.38771
5.36036
5.32908
5.29685
5.267
5.24054
5.21844
5.20029
5.17963
5.15279
5.12392
5.09699
5.07394
5.0551
5.0389
5.02294
5.00651
4.99028
4.97616
4.96361
4.9508
4.93794
4.92466
4.91015
4.89486
4.87914
4.86103
4.83893
4.81223
4.78623
4.76527
4.74817
4.73351
4.72019
4.7069
4.69407
4.67928
4.66333
4.64477
4.62398
4.60695
4.59696
4.5905
4.5862
4.58343
4.5783
4.56937
4.55811
4.54164
4.52167
4.50401
4.48988
4.47663
4.46348
4.45141
4.43805
4.42276
4.40715
4.38937
4.37251
4.35948
4.35018
4.34269
4.33065
4.07646
3.62239
3.20333
2.9118
2.72319
2.59049
2.41487
2.31992
2.2507
2.1842
2.18615
2.19124
2.20732
2.26132
2.3309
2.38565
2.44144
2.49092
2.54625
2.61484
2.65966
2.70385
2.78214
2.86766
2.93882
3.00428
3.04047
3.06886
3.08215
3.08622
3.09312
3.10575
3.10583
3.11014
3.12091
3.12969
3.14252
3.15482
3.16444
3.17129
3.17176
3.17052
3.16988
3.17066
3.17257
3.17612
3.17901
3.17898
3.1777
3.17695
3.17752
3.17858
3.18012
3.1818
3.18266
3.18375
3.18657
3.1908
3.19658
3.20154
3.20275
3.20227
3.20149
3.19923
3.19275
3.18282
3.1766
3.17352
3.17168
3.17115
3.17075
3.1688
3.16611
3.1635
3.1594
3.15387
3.14991
3.14828
3.1478
3.1475
3.14624
3.1424
3.13947
3.13938
3.13972
3.14123
3.14267
3.14365
3.14365
3.14167
3.13822
3.13634
3.13429
3.13159
3.12792
3.12374
3.1193
3.11281
3.10569
3.10142
3.09845
3.09325
3.14259
5.14422
5.87345
5.86573
5.8154
5.77177
5.73239
5.70052
5.67726
5.65993
5.64656
5.62447
5.59117
5.55371
5.51525
5.4794
5.45015
5.42943
5.4102
5.38831
5.35943
5.32913
5.2986
5.27086
5.25091
5.24064
5.23237
5.21793
5.20042
5.17864
5.15607
5.13535
5.11831
5.1067
5.09224
5.06731
5.03817
5.00657
4.97521
4.95145
4.93557
4.92705
4.92422
4.92137
4.91406
4.9011
4.88123
4.85617
4.83217
4.81353
4.79978
4.79183
4.79058
4.78621
4.77345
4.75803
4.73748
4.70969
4.67939
4.65558
4.63801
4.6244
4.62056
4.6209
4.61233
4.60076
4.58729
4.56713
4.5443
4.53139
4.52482
4.52027
4.51977
4.52023
4.51408
4.50296
4.48553
4.46037
4.43638
4.42115
4.40788
4.39572
4.38961
4.38486
4.37408
4.36234
4.3467
4.32589
4.30905
4.29322
4.21656
3.86875
3.59648
3.31778
3.02676
2.85212
2.74234
2.67142
2.57053
2.46004
2.42461
2.38058
2.3159
2.30426
2.30069
2.29442
2.30081
2.31165
2.32815
2.35564
2.39037
2.44151
2.5245
2.61359
2.68595
2.78724
2.86479
2.89182
2.89565
2.89546
2.90577
2.93446
2.95911
2.98417
3.01473
3.02431
3.0242
3.02412
3.02506
3.02703
3.03221
3.04052
3.04799
3.05079
3.05106
3.05151
3.05254
3.05384
3.05884
3.06806
3.07259
3.07278
3.07255
3.07194
3.07155
3.07127
3.07187
3.07586
3.08163
3.08618
3.08759
3.08833
3.08881
3.08825
3.08498
3.08069
3.07882
3.07801
3.07776
3.07843
3.07926
3.07981
3.08066
3.08064
3.07859
3.07328
3.06792
3.06508
3.06403
3.06393
3.06399
3.06313
3.06085
3.0591
3.05805
3.05799
3.05842
3.0597
3.06057
3.05987
3.05787
3.05627
3.05459
3.05259
3.05071
3.04924
3.04748
3.04338
3.03825
3.03441
3.0306
3.03203
3.08428
4.65408
5.72863
5.68475
5.55654
5.49641
5.45353
5.42413
5.39845
5.37337
5.35816
5.34613
5.32285
5.29755
5.27043
5.24432
5.21998
5.19784
5.18029
5.16339
5.13947
5.11298
5.08828
5.06416
5.04616
5.03727
5.03348
5.02936
5.02365
5.01449
4.99911
4.9794
4.961
4.94315
4.92661
4.90983
4.88992
4.86873
4.84648
4.82358
4.80571
4.79502
4.79041
4.78757
4.78222
4.77469
4.76256
4.74405
4.72368
4.70685
4.69412
4.68549
4.68278
4.68195
4.67781
4.66916
4.65583
4.63372
4.60494
4.57857
4.55846
4.54402
4.53728
4.53776
4.53481
4.52746
4.51902
4.50652
4.48729
4.46651
4.45276
4.44625
4.44381
4.44424
4.44383
4.43906
4.42937
4.41128
4.38497
4.36179
4.34726
4.33752
4.33455
4.33497
4.33027
4.3213
4.31073
4.29228
4.26635
4.24013
4.3518
4.04149
3.77616
3.56184
3.36317
3.15361
2.97781
2.8875
2.78546
2.68953
2.64496
2.60721
2.51807
2.45488
2.43056
2.40077
2.36243
2.36108
2.35683
2.35527
2.36797
2.37317
2.3825
2.40684
2.44424
2.51939
2.61917
2.6846
2.73252
2.76289
2.78367
2.81686
2.84815
2.87422
2.90982
2.93204
2.93127
2.92924
2.93437
2.94368
2.95652
2.97457
2.98538
2.98638
2.98231
2.97486
2.973
2.97416
2.98332
2.99569
2.99907
2.99901
2.99246
2.98278
2.98009
2.98037
2.9831
2.99129
2.99978
3.00205
3.00186
3.00006
2.99668
2.99372
2.99307
2.9943
2.99663
2.9974
2.99693
2.99582
2.99572
2.99629
2.99792
2.99841
2.99765
2.99514
2.99181
2.98946
2.9881
2.98732
2.98675
2.98546
2.98304
2.98057
2.97839
2.97699
2.97669
2.97677
2.97646
2.97478
2.97307
2.97238
2.97174
2.97136
2.97148
2.97196
2.97146
2.96705
2.96235
2.96042
2.96519
3.00033
3.26956
4.04467
5.19169
5.41774
5.30379
5.22801
5.17956
5.15715
5.13861
5.12388
5.11698
5.11062
5.09255
5.07587
5.0577
5.03915
5.02302
5.00736
4.99135
4.97479
4.95504
4.93558
4.91804
4.89842
4.87673
4.86308
4.85643
4.85377
4.85304
4.85072
4.84505
4.8347
4.81817
4.79784
4.78015
4.76522
4.75035
4.7347
4.71815
4.70186
4.68722
4.67442
4.66352
4.6547
4.64733
4.63932
4.62744
4.61216
4.59929
4.59061
4.58393
4.57927
4.57652
4.57348
4.56765
4.55973
4.54661
4.52527
4.50185
4.48315
4.46955
4.45939
4.45225
4.44761
4.44124
4.43337
4.42467
4.41385
4.40049
4.38684
4.37522
4.36711
4.36288
4.36032
4.35762
4.35294
4.34456
4.33018
4.31125
4.29367
4.28179
4.27445
4.27017
4.26833
4.26372
4.25688
4.24761
4.23133
4.20978
4.18551
4.44092
4.17976
3.95259
3.73877
3.54617
3.36843
3.21754
3.11187
3.00472
2.87458
2.7944
2.74449
2.69886
2.65499
2.61136
2.56221
2.50783
2.48007
2.4547
2.41826
2.39655
2.38885
2.37828
2.37896
2.38237
2.38787
2.4072
2.43943
2.48549
2.55433
2.61305
2.67517
2.74408
2.78818
2.82807
2.87192
2.88306
2.88264
2.88797
2.89851
2.91028
2.92484
2.9366
2.93811
2.93494
2.93128
2.93233
2.93845
2.95138
2.95839
2.95948
2.95616
2.94409
2.93562
2.93481
2.93568
2.94283
2.9564
2.96217
2.96228
2.96018
2.9543
2.94901
2.94762
2.94692
2.94681
2.94704
2.94712
2.94614
2.94406
2.94344
2.94393
2.94562
2.94778
2.94926
2.94925
2.94731
2.94355
2.94053
2.93823
2.9356
2.93254
2.92944
2.92653
2.92415
2.92268
2.92208
2.9213
2.92022
2.91875
2.9172
2.91684
2.91684
2.91735
2.91791
2.91786
2.9155
2.90908
2.90627
2.91175
2.9474
3.18985
3.78544
3.95596
4.45012
4.96659
5.0479
5.07179
5.03906
5.01073
4.98474
4.9658
4.95693
4.95419
4.95064
4.94197
4.9291
4.91155
4.89515
4.88408
4.87478
4.86697
4.85772
4.84445
4.8291
4.80902
4.78488
4.7652
4.7557
4.75097
4.74906
4.74706
4.74288
4.73556
4.72436
4.7062
4.68322
4.66386
4.64903
4.63619
4.62464
4.6136
4.60295
4.59157
4.57946
4.56748
4.55626
4.54489
4.53295
4.52353
4.51781
4.51288
4.50774
4.50125
4.49326
4.48491
4.47559
4.46286
4.44711
4.43155
4.42025
4.41211
4.40366
4.39329
4.38176
4.37165
4.36259
4.3531
4.34323
4.33373
4.32589
4.32006
4.31396
4.30519
4.29377
4.28432
4.27738
4.26952
4.25966
4.24919
4.24084
4.23424
4.22671
4.21807
4.21061
4.20485
4.19863
4.18962
4.17721
4.16273
4.15047
4.1367
4.52465
4.30081
4.08397
3.89086
3.72106
3.55692
3.3952
3.27219
3.16821
3.07363
2.99797
2.89434
2.80688
2.77109
2.73931
2.70597
2.66531
2.61688
2.56531
2.51864
2.49359
2.4772
2.45246
2.42009
2.41527
2.4079
2.40267
2.40475
2.40697
2.41532
2.43505
2.48158
2.56169
2.63931
2.69768
2.75333
2.82025
2.84491
2.85311
2.87254
2.88694
2.89155
2.90363
2.9089
2.906
2.90476
2.91057
2.92301
2.93568
2.93918
2.9391
2.935
2.92287
2.9157
2.91556
2.9188
2.92847
2.93771
2.9404
2.94043
2.93825
2.93277
2.9284
2.92496
2.92236
2.92236
2.92276
2.9227
2.92261
2.92285
2.92379
2.92687
2.92841
2.92869
2.9287
2.92578
2.91787
2.91144
2.9092
2.90779
2.90683
2.90617
2.90559
2.90414
2.90179
2.89866
2.89517
2.89278
2.89197
2.89183
2.89177
2.89149
2.89108
2.89034
2.88786
2.88318
2.87754
2.87614
2.87968
2.92607
3.20539
3.65498
4.0469
4.04853
4.0909
4.40092
4.7633
4.90185
4.9633
4.95099
4.92629
4.90162
4.88975
4.88805
4.89217
4.88879
4.87829
4.8606
4.84298
4.83138
4.82397
4.8178
4.80914
4.79773
4.78312
4.76618
4.74836
4.73184
4.71968
4.71288
4.70831
4.70426
4.69888
4.68972
4.67729
4.6587
4.633
4.60905
4.59379
4.58454
4.57751
4.5734
4.56819
4.55853
4.54634
4.52916
4.50821
4.49104
4.48155
4.47594
4.47153
4.46785
4.46196
4.45346
4.4414
4.42525
4.40807
4.39238
4.38068
4.37487
4.37088
4.36697
4.36097
4.35197
4.33822
4.32061
4.30521
4.29472
4.28772
4.28338
4.28101
4.27856
4.27428
4.26565
4.24895
4.22867
4.21365
4.20452
4.19838
4.19453
4.19323
4.19254
4.18867
4.18135
4.16804
4.15138
4.13767
4.12611
4.11617
4.10943
4.10572
4.09861
4.58007
4.38508
4.20367
4.02816
3.85524
3.6999
3.56382
3.44057
3.31394
3.2119
3.13925
3.05902
2.98577
2.92127
2.86331
2.80189
2.75997
2.7282
2.6922
2.64017
2.60438
2.57745
2.55239
2.52518
2.50119
2.4793
2.45188
2.43545
2.42292
2.41511
2.42151
2.43022
2.44306
2.46618
2.49982
2.54211
2.60698
2.69113
2.74758
2.80067
2.84809
2.85708
2.87405
2.8923
2.89243
2.89593
2.91173
2.92692
2.93164
2.93016
2.92468
2.91635
2.90842
2.90822
2.90973
2.91623
2.92642
2.93125
2.93118
2.92997
2.926
2.92149
2.91819
2.91533
2.91347
2.91344
2.91361
2.91392
2.91505
2.9189
2.92458
2.9268
2.92587
2.92347
2.91835
2.90905
2.89983
2.8965
2.89538
2.89468
2.89548
2.8988
2.8995
2.89853
2.89536
2.88887
2.88433
2.88286
2.88206
2.88165
2.88139
2.88109
2.88035
2.87775
2.87177
2.86622
2.86509
2.86728
2.90541
3.23917
3.74126
3.97896
4.07458
4.07048
4.06022
4.08639
4.30068
4.63494
4.84705
4.90772
4.90163
4.87766
4.86621
4.86258
4.86602
4.86195
4.8509
4.83293
4.81825
4.80891
4.80206
4.79347
4.78295
4.76999
4.75722
4.74711
4.73772
4.72605
4.71076
4.69592
4.68588
4.67672
4.66785
4.65814
4.64587
4.63082
4.61376
4.59554
4.57905
4.56832
4.56207
4.55935
4.55316
4.54291
4.52955
4.51028
4.48694
4.4691
4.45905
4.45209
4.44761
4.44406
4.43761
4.42932
4.41752
4.39897
4.37725
4.36284
4.35529
4.34977
4.34541
4.34117
4.33511
4.32706
4.31563
4.29912
4.28048
4.26811
4.26217
4.25857
4.25472
4.24937
4.24235
4.23219
4.21812
4.20128
4.18441
4.17402
4.16942
4.16795
4.1708
4.17012
4.16478
4.15535
4.1385
4.11467
4.09518
4.08439
4.07969
4.0774
4.0806
4.079
4.62741
4.46016
4.29876
4.13198
3.97754
3.83555
3.69342
3.56976
3.46354
3.36335
3.27698
3.18254
3.11082
3.05255
2.99919
2.94158
2.87044
2.81535
2.77168
2.73216
2.70469
2.68155
2.65057
2.61721
2.58372
2.56153
2.54595
2.52802
2.50583
2.47513
2.46194
2.45639
2.44904
2.44599
2.4471
2.45167
2.46383
2.49609
2.55288
2.61139
2.68783
2.7527
2.79622
2.84754
2.87688
2.89345
2.91355
2.91961
2.91934
2.9128
2.901
2.89849
2.90087
2.9059
2.91413
2.92576
2.93021
2.92935
2.9251
2.9189
2.91561
2.91585
2.91608
2.91594
2.91522
2.91341
2.91201
2.91156
2.91265
2.91873
2.92555
2.92617
2.92431
2.92024
2.91209
2.89988
2.89369
2.89216
2.89106
2.89165
2.89694
2.90049
2.9
2.89694
2.88877
2.88087
2.87864
2.8782
2.87869
2.88013
2.87968
2.87894
2.87722
2.87219
2.86575
2.86364
2.86537
2.89904
3.20521
3.79596
4.02283
4.06587
4.07584
4.07525
4.06676
4.05449
4.06432
4.20188
4.50777
4.78856
4.86942
4.86624
4.85725
4.8535
4.85048
4.84054
4.82958
4.81712
4.80873
4.80308
4.79502
4.78156
4.76409
4.7507
4.74254
4.73641
4.73149
4.72288
4.70907
4.68831
4.6673
4.65323
4.64225
4.6328
4.62502
4.6164
4.60707
4.5982
4.58711
4.57124
4.55339
4.54052
4.53207
4.52368
4.5127
4.49789
4.48178
4.46696
4.45425
4.44521
4.43918
4.43471
4.42882
4.42061
4.40916
4.39255
4.37403
4.35677
4.34292
4.3334
4.32726
4.32478
4.32108
4.31374
4.30503
4.29438
4.27984
4.26189
4.2457
4.23379
4.2263
4.22004
4.21354
4.20667
4.1995
4.19158
4.18113
4.16894
4.16171
4.15857
4.15513
4.14903
4.14049
4.12925
4.11416
4.09723
4.08084
4.07024
4.06576
4.06476
4.07172
4.0681
4.65455
4.51517
4.36769
4.21819
4.08492
3.95383
3.80844
3.69069
3.59381
3.49444
3.39909
3.31586
3.23723
3.16394
3.10284
3.03972
2.97698
2.92742
2.87807
2.82432
2.79188
2.76702
2.74403
2.71904
2.68952
2.65339
2.62734
2.60509
2.57692
2.55139
2.53002
2.50988
2.48428
2.46068
2.45924
2.46112
2.4633
2.47013
2.47514
2.48037
2.49456
2.54219
2.5994
2.67213
2.75341
2.81938
2.87335
2.88408
2.88804
2.88605
2.88454
2.89163
2.89931
2.90505
2.91801
2.92695
2.927
2.92285
2.91673
2.91247
2.91256
2.9145
2.91734
2.91722
2.91652
2.91366
2.91076
2.90986
2.91058
2.9164
2.92226
2.92304
2.92194
2.91744
2.90712
2.8962
2.89248
2.89135
2.89118
2.89626
2.90291
2.90297
2.90077
2.8942
2.88376
2.87846
2.87744
2.87704
2.8784
2.88119
2.88103
2.88008
2.87687
2.86976
2.86694
2.86897
2.91046
3.17586
3.79361
4.06206
4.08748
4.08439
4.08175
4.0697
4.05597
4.04592
4.0307
4.02438
4.10554
4.3852
4.70091
4.81254
4.84764
4.85482
4.84389
4.82487
4.80908
4.80384
4.80043
4.80177
4.79503
4.77909
4.75492
4.73625
4.72742
4.72285
4.72283
4.71619
4.70513
4.68745
4.66154
4.63904
4.62388
4.61323
4.6049
4.60251
4.60405
4.60055
4.59187
4.57725
4.55344
4.52952
4.51431
4.50316
4.49336
4.48545
4.47771
4.46952
4.46025
4.4483
4.43389
4.42045
4.41266
4.40667
4.39912
4.38936
4.37565
4.35968
4.34353
4.32981
4.31869
4.3095
4.30433
4.3035
4.30123
4.29311
4.28064
4.2621
4.24126
4.22401
4.2111
4.20273
4.19697
4.19278
4.19223
4.19079
4.1853
4.17678
4.16173
4.14291
4.12901
4.1197
4.11099
4.10231
4.09457
4.08857
4.08284
4.07628
4.06857
4.06041
4.05468
4.04466
4.66913
4.54907
4.42268
4.29073
4.16107
4.04348
3.92603
3.80715
3.69947
3.6042
3.51312
3.43246
3.35184
3.27115
3.20349
3.14064
3.06286
3.01348
2.97178
2.93077
2.89921
2.86328
2.82399
2.79242
2.76138
2.73501
2.70991
2.68475
2.6561
2.62388
2.60463
2.58697
2.56542
2.53566
2.5242
2.51558
2.50232
2.49141
2.48783
2.47359
2.46174
2.46338
2.47228
2.49933
2.55862
2.63477
2.71744
2.7779
2.82885
2.86474
2.8746
2.88498
2.88877
2.89509
2.90824
2.91308
2.91272
2.91226
2.91048
2.90879
2.91126
2.91428
2.91622
2.91595
2.91353
2.9087
2.90727
2.90706
2.90881
2.91648
2.92057
2.9205
2.91893
2.9121
2.89968
2.89348
2.89271
2.89274
2.89649
2.90459
2.90579
2.90387
2.89968
2.89051
2.88039
2.87752
2.87688
2.87704
2.88072
2.88491
2.88472
2.88277
2.87761
2.87151
2.87211
2.92831
3.24867
3.73397
4.08937
4.11769
4.09805
4.08075
4.07162
4.06802
4.05093
4.03675
4.02258
4.00272
3.99193
4.03804
4.26441
4.57122
4.75338
4.82992
4.83178
4.80779
4.7844
4.77991
4.78212
4.79236
4.78916
4.7759
4.75017
4.72384
4.71337
4.70798
4.70865
4.70634
4.69719
4.68392
4.66205
4.63455
4.61395
4.60105
4.59315
4.58973
4.59408
4.59476
4.58642
4.57435
4.55519
4.5262
4.50107
4.4866
4.47813
4.47196
4.47004
4.46839
4.46151
4.45106
4.4337
4.41449
4.40042
4.39101
4.38385
4.37679
4.3685
4.35808
4.34766
4.33557
4.32066
4.30671
4.29745
4.29146
4.28745
4.28231
4.27356
4.2602
4.2428
4.22302
4.20657
4.19652
4.1914
4.1913
4.19683
4.19416
4.18706
4.17641
4.15753
4.13143
4.11041
4.09768
4.0903
4.08523
4.08208
4.08438
4.08629
4.08269
4.07488
4.05914
4.04025
4.02086
4.66785
4.56514
4.45581
4.33568
4.22592
4.11969
4.00289
3.89294
3.7997
3.70048
3.60108
3.52778
3.45156
3.36833
3.29172
3.22934
3.16401
3.10907
3.06232
3.01881
2.98412
2.94994
2.91719
2.88697
2.85053
2.79876
2.77034
2.74633
2.72385
2.70229
2.68256
2.66155
2.63436
2.60451
2.58961
2.5767
2.56157
2.54146
2.51674
2.49002
2.46954
2.46733
2.46942
2.47386
2.48147
2.49613
2.52915
2.58003
2.63028
2.69777
2.75291
2.7954
2.82515
2.8455
2.8739
2.89191
2.90142
2.90796
2.90984
2.90975
2.90934
2.90994
2.91039
2.90802
2.90441
2.90216
2.90289
2.90484
2.90942
2.91712
2.91862
2.91779
2.91394
2.90395
2.89433
2.89208
2.89189
2.89398
2.90223
2.90699
2.90579
2.90252
2.89629
2.88521
2.87843
2.87712
2.87677
2.87852
2.88473
2.88691
2.8858
2.88335
2.87957
2.87727
2.92179
3.31701
3.79745
4.06811
4.11963
4.10816
4.09038
4.07707
4.06673
4.05896
4.04697
4.03031
4.01142
3.98888
3.97474
3.96585
3.988
4.14206
4.42571
4.67656
4.78424
4.78067
4.75992
4.75603
4.75865
4.77426
4.77437
4.76426
4.74496
4.71759
4.70112
4.69362
4.68987
4.68754
4.68275
4.67364
4.65932
4.63981
4.61692
4.59637
4.58458
4.57799
4.5728
4.57007
4.56868
4.56196
4.5494
4.52773
4.49775
4.47789
4.46878
4.46343
4.46464
4.46578
4.45813
4.4475
4.43253
4.41147
4.39014
4.37462
4.36449
4.35736
4.35141
4.34799
4.34471
4.33811
4.32784
4.31227
4.29443
4.2808
4.27187
4.26485
4.25861
4.25149
4.24113
4.22919
4.21533
4.20109
4.19171
4.18645
4.18226
4.18034
4.17491
4.16551
4.14991
4.12818
4.10529
4.09024
4.08231
4.07905
4.08336
4.09239
4.09049
4.08448
4.07424
4.05347
4.02799
4.00382
4.6611
4.56778
4.47072
4.37068
4.27164
4.16809
4.06326
3.96876
3.87335
3.7774
3.68621
3.61495
3.53621
3.44911
3.37688
3.32061
3.26149
3.20228
3.15173
3.11285
3.07569
3.03016
2.9911
2.95921
2.92519
2.88365
2.84498
2.81276
2.77891
2.75564
2.74438
2.72755
2.70674
2.67922
2.65692
2.63839
2.62004
2.60299
2.58153
2.55815
2.53215
2.50648
2.49877
2.49287
2.48755
2.48945
2.49305
2.49512
2.50097
2.51792
2.55772
2.61099
2.68493
2.75812
2.82195
2.86487
2.88827
2.90116
2.90091
2.89799
2.89557
2.89466
2.89601
2.89717
2.89702
2.89692
2.89755
2.90015
2.90683
2.91357
2.91372
2.91186
2.90683
2.89685
2.89088
2.89027
2.89049
2.89402
2.90097
2.90238
2.90075
2.8972
2.88928
2.87971
2.8768
2.87643
2.87666
2.88068
2.88671
2.88768
2.88639
2.88439
2.88035
2.91731
3.27324
3.86583
4.06636
4.12274
4.11165
4.09032
4.08261
4.07588
4.06358
4.04756
4.03255
4.01653
3.99724
3.97653
3.96458
3.95712
3.94675
3.95337
4.03449
4.27355
4.55481
4.71453
4.73264
4.7389
4.73997
4.74716
4.7465
4.74136
4.73007
4.71367
4.69883
4.68636
4.67521
4.66673
4.6594
4.65309
4.64647
4.63554
4.6222
4.60427
4.58156
4.56368
4.55464
4.54775
4.54238
4.53887
4.53277
4.52088
4.50339
4.48307
4.46687
4.45815
4.45161
4.4447
4.43978
4.43364
4.42392
4.40904
4.3865
4.36306
4.34854
4.34124
4.33701
4.3381
4.3388
4.33337
4.32626
4.3155
4.29472
4.27023
4.25447
4.24559
4.2388
4.23422
4.23174
4.2265
4.22029
4.21063
4.19623
4.18012
4.16849
4.16094
4.15368
4.14542
4.13576
4.1232
4.10848
4.09412
4.0841
4.07933
4.07752
4.07734
4.07693
4.07229
4.06341
4.04632
4.02328
3.9978
4.65001
4.56517
4.4766
4.39194
4.30089
4.20124
4.10986
4.02391
3.93528
3.84221
3.76254
3.68368
3.60916
3.53322
3.46116
3.40047
3.34491
3.29541
3.24724
3.19519
3.14814
3.10534
3.06931
3.03505
2.98839
2.93953
2.90584
2.87673
2.85199
2.82705
2.80832
2.78515
2.75853
2.73763
2.71986
2.70003
2.67393
2.64584
2.62565
2.60816
2.58979
2.57253
2.55738
2.54142
2.5243
2.51084
2.50483
2.49963
2.49304
2.48282
2.4828
2.48913
2.51592
2.57367
2.64249
2.71632
2.77291
2.82413
2.83971
2.84989
2.86295
2.87379
2.88381
2.89181
2.8956
2.89445
2.89237
2.89233
2.89785
2.90178
2.90082
2.89997
2.89703
2.88951
2.88677
2.88672
2.88744
2.89238
2.89736
2.89699
2.89477
2.88966
2.88039
2.87543
2.87508
2.87474
2.87607
2.88222
2.8856
2.88479
2.88411
2.88244
2.92035
3.23246
3.8775
4.0931
4.1214
4.11189
4.09591
4.08314
4.07063
4.06317
4.05414
4.0351
4.0139
4.00087
3.98683
3.96963
3.95699
3.94947
3.93834
3.92783
3.92078
3.95731
4.12957
4.42321
4.63844
4.69536
4.72702
4.72497
4.71497
4.70735
4.70269
4.6991
4.69451
4.68437
4.66601
4.6463
4.63546
4.62875
4.6245
4.62284
4.61363
4.6015
4.58394
4.55846
4.53688
4.52449
4.51638
4.50958
4.50455
4.50186
4.49465
4.48513
4.47128
4.45191
4.43378
4.42309
4.41617
4.41083
4.40547
4.39652
4.38278
4.36371
4.34373
4.33222
4.32675
4.32335
4.32371
4.32585
4.32012
4.31038
4.29306
4.26517
4.2415
4.22984
4.2235
4.2193
4.22063
4.22106
4.21536
4.20808
4.19674
4.17527
4.15162
4.1362
4.12728
4.12007
4.11415
4.10974
4.106
4.10166
4.09455
4.08338
4.07131
4.06359
4.05778
4.05123
4.04351
4.03372
4.02165
4.00326
4.63429
4.55745
4.47931
4.40139
4.31616
4.22922
4.15034
4.06694
3.97944
3.89823
3.82669
3.75005
3.67304
3.60032
3.54262
3.48109
3.42301
3.36551
3.32328
3.27237
3.2234
3.17429
3.13291
3.09392
3.05324
3.00949
2.97122
2.93867
2.90522
2.88451
2.86793
2.84798
2.82166
2.79394
2.77152
2.74912
2.7254
2.70135
2.67857
2.65807
2.63594
2.6205
2.60735
2.59337
2.58029
2.56804
2.55519
2.5375
2.51253
2.48904
2.48076
2.48005
2.48157
2.49029
2.50971
2.54671
2.59794
2.65848
2.72343
2.77436
2.822
2.84978
2.86897
2.87986
2.88209
2.88109
2.87657
2.87851
2.88237
2.88507
2.88681
2.88697
2.88407
2.87834
2.87749
2.87771
2.88093
2.88893
2.89198
2.89146
2.88911
2.88166
2.87197
2.86957
2.86946
2.86995
2.8745
2.8815
2.88201
2.88154
2.88186
2.93622
3.25751
3.80753
4.13344
4.12943
4.11005
4.09384
4.08866
4.07688
4.05875
4.04772
4.03727
4.02046
4.00217
3.99014
3.98207
3.97039
3.95485
3.94197
3.9283
3.91341
3.90398
3.89246
3.90618
4.01511
4.28244
4.52359
4.66701
4.69283
4.68306
4.6697
4.66519
4.66982
4.67909
4.67282
4.65684
4.63079
4.60956
4.60089
4.59556
4.59509
4.59481
4.58597
4.57417
4.55652
4.53074
4.50612
4.49123
4.48362
4.47848
4.4776
4.47963
4.4735
4.46269
4.44641
4.42208
4.40077
4.38918
4.38204
4.3763
4.37234
4.36702
4.35918
4.34827
4.33181
4.31651
4.30874
4.30399
4.30018
4.29803
4.2923
4.28104
4.26382
4.24218
4.22274
4.21195
4.2065
4.20372
4.20699
4.20649
4.19923
4.18841
4.16854
4.13942
4.11739
4.10596
4.09991
4.09613
4.09711
4.10101
4.09938
4.09521
4.08545
4.0654
4.04514
4.03291
4.02513
4.01853
4.01382
4.01102
4.00309
4.61766
4.54774
4.4778
4.4047
4.3243
4.2506
4.17781
4.09846
4.01347
3.94581
3.87438
3.80315
3.72574
3.66759
3.60663
3.54658
3.48424
3.4349
3.38746
3.3333
3.2803
3.23658
3.19698
3.15349
3.10136
3.06187
3.03248
3.00394
2.97442
2.94736
2.9218
2.89484
2.86837
2.8476
2.8262
2.80051
2.76657
2.74435
2.7261
2.71011
2.69116
2.6737
2.65568
2.63708
2.62059
2.6098
2.5975
2.57922
2.54757
2.5143
2.50113
2.49089
2.48781
2.49077
2.49802
2.50334
2.50965
2.52511
2.55636
2.60015
2.65798
2.71646
2.76417
2.80867
2.82974
2.84363
2.86085
2.87353
2.87822
2.8824
2.88295
2.87948
2.86981
2.86179
2.86153
2.86575
2.87505
2.88436
2.88565
2.88493
2.88142
2.87128
2.8622
2.86118
2.86129
2.86387
2.87256
2.87811
2.87816
2.87863
2.93171
3.33756
3.80695
4.10087
4.1289
4.11622
4.10122
4.08487
4.07319
4.06569
4.04497
4.02806
4.0173
4.00661
3.99362
3.98284
3.97511
3.96551
3.95071
3.93565
3.91826
3.89955
3.88681
3.87511
3.86697
3.86966
3.92128
4.1176
4.38664
4.595
4.63223
4.62568
4.6298
4.63454
4.64991
4.64793
4.63656
4.61792
4.59209
4.57353
4.56474
4.55922
4.5559
4.55423
4.54791
4.53774
4.52366
4.50283
4.4773
4.45984
4.4528
4.44872
4.44732
4.44785
4.44063
4.43014
4.41387
4.38846
4.36448
4.35264
4.34745
4.34471
4.34539
4.34383
4.33778
4.32867
4.31375
4.29466
4.27975
4.27078
4.26526
4.26048
4.25571
4.2489
4.23979
4.22586
4.20667
4.1919
4.18517
4.18041
4.17798
4.1749
4.16701
4.15327
4.13321
4.10901
4.09241
4.08608
4.0836
4.08808
4.09604
4.0937
4.08847
4.07829
4.05691
4.02899
4.01193
4.00424
4.00003
3.99761
4.00039
3.99645
4.59373
4.53369
4.4715
4.40235
4.33096
4.26598
4.19689
4.11897
4.04783
3.98308
3.91538
3.84278
3.77801
3.72203
3.66044
3.60148
3.54097
3.49359
3.43969
3.38869
3.33733
3.29343
3.24749
3.20349
3.15869
3.12116
3.09016
3.0589
3.02487
3.00247
2.97876
2.95204
2.91908
2.89344
2.86724
2.84057
2.80863
2.78629
2.77013
2.75434
2.73571
2.71881
2.70042
2.68206
2.66633
2.65448
2.63874
2.61756
2.58555
2.56135
2.55255
2.54292
2.53356
2.52535
2.51534
2.50129
2.50143
2.50225
2.49762
2.49875
2.51022
2.546
2.59824
2.66643
2.732
2.78764
2.83791
2.85755
2.86473
2.8666
2.86607
2.86188
2.85068
2.84577
2.84866
2.85912
2.87318
2.88081
2.88088
2.8775
2.8691
2.85603
2.84997
2.85022
2.8522
2.8592
2.8706
2.87411
2.87512
2.91312
3.31038
3.88097
4.06275
4.12279
4.12311
4.11252
4.10199
4.08244
4.06245
4.0503
4.03704
4.01856
4.00513
3.99625
3.98724
3.97786
3.96861
3.95958
3.94489
3.92726
3.9055
3.88056
3.86449
3.8526
3.8396
3.8374
3.82976
3.84781
3.96013
4.2139
4.46426
4.54242
4.57341
4.59327
4.60639
4.60557
4.59772
4.58716
4.57497
4.55841
4.53713
4.52035
4.51183
4.50488
4.50164
4.50241
4.49631
4.48693
4.47248
4.44844
4.42548
4.4152
4.41
4.40675
4.40668
4.40049
4.38995
4.37645
4.35708
4.33435
4.32084
4.31669
4.31499
4.31603
4.31543
4.31053
4.30146
4.28452
4.25921
4.24001
4.2305
4.22547
4.22269
4.22383
4.22253
4.21533
4.20402
4.18562
4.16493
4.15221
4.1449
4.13913
4.13318
4.12601
4.11706
4.10698
4.09264
4.07792
4.07216
4.0703
4.06842
4.06852
4.0662
4.0591
4.0447
4.02147
3.9977
3.98715
3.98388
3.98232
3.9878
3.98601
4.57076
4.51796
4.46245
4.39846
4.33485
4.27438
4.20832
4.13583
4.0748
4.0114
3.94562
3.87465
3.82147
3.76259
3.70527
3.64041
3.58935
3.53971
3.48619
3.43437
3.38462
3.34331
3.29523
3.24974
3.20363
3.17473
3.14415
3.11416
3.08116
3.05013
3.02125
2.99239
2.96398
2.94054
2.91382
2.87567
2.84325
2.82784
2.812
2.79625
2.7777
2.7605
2.74255
2.72325
2.70517
2.69044
2.67261
2.64696
2.61389
2.60037
2.59239
2.58231
2.57231
2.56466
2.55527
2.5411
2.52248
2.50621
2.49047
2.48151
2.47954
2.48113
2.4903
2.51967
2.57402
2.63656
2.70542
2.75674
2.79264
2.81431
2.81758
2.82264
2.82572
2.82774
2.84115
2.86446
2.87419
2.87463
2.87285
2.86487
2.8508
2.83883
2.83772
2.83962
2.84489
2.85675
2.86657
2.86995
2.90887
3.2365
3.89111
4.07901
4.10837
4.11847
4.1098
4.09429
4.08497
4.07213
4.05765
4.04744
4.035
4.01625
3.99851
3.98685
3.9777
3.96869
3.95937
3.9509
3.93443
3.91332
3.88768
3.85858
3.83923
3.82673
3.81403
3.80489
3.79601
3.78837
3.78118
3.83352
4.03433
4.28658
4.45639
4.51583
4.53812
4.54564
4.54407
4.54258
4.53996
4.53136
4.51635
4.49018
4.465
4.4556
4.45144
4.45064
4.45561
4.45389
4.4479
4.43587
4.41224
4.38448
4.36921
4.36266
4.35657
4.3541
4.35369
4.34808
4.33986
4.32642
4.30458
4.28609
4.28048
4.27901
4.28068
4.27916
4.27372
4.26422
4.24692
4.22002
4.19906
4.19238
4.19003
4.19012
4.1949
4.19414
4.18721
4.17549
4.15433
4.12729
4.11067
4.10212
4.09641
4.09357
4.09382
4.09144
4.08559
4.07623
4.06045
4.04547
4.03944
4.03632
4.03331
4.02909
4.02244
4.01128
3.99673
3.97933
3.96716
3.96304
3.96127
3.95757
4.54461
4.4976
4.44542
4.38993
4.33486
4.27568
4.21098
4.15126
4.09425
4.033
3.96439
3.90682
3.85388
3.79627
3.73605
3.6767
3.63057
3.57644
3.52612
3.47133
3.43069
3.38563
3.33999
3.29149
3.25406
3.22617
3.19393
3.15945
3.12671
3.10043
3.07076
3.03915
3.00409
2.97412
2.94543
2.91227
2.88668
2.87262
2.85787
2.83665
2.81391
2.7951
2.77648
2.76102
2.74513
2.72672
2.70321
2.67318
2.64888
2.64174
2.63513
2.62594
2.61188
2.60139
2.59031
2.57578
2.55679
2.53618
2.51407
2.48856
2.47613
2.47571
2.47796
2.48528
2.49549
2.51279
2.54559
2.59125
2.63705
2.6867
2.72667
2.76558
2.79715
2.80806
2.82696
2.85494
2.85635
2.85541
2.85267
2.84342
2.83006
2.82499
2.82609
2.83001
2.83822
2.85086
2.85966
2.91563
3.24219
3.83812
4.10669
4.12746
4.12629
4.11359
4.10004
4.08016
4.06668
4.05923
4.0523
4.04425
4.03143
4.0093
3.9849
3.9704
3.96249
3.95521
3.94731
3.93625
3.91641
3.89378
3.86881
3.84029
3.81632
3.80055
3.78655
3.7731
3.75894
3.7426
3.73447
3.72151
3.73969
3.86168
4.10016
4.34299
4.43385
4.46296
4.48468
4.49308
4.49833
4.49296
4.48221
4.46611
4.43494
4.41112
4.40351
4.40173
4.40753
4.4114
4.40936
4.40422
4.39221
4.36925
4.33897
4.3186
4.31127
4.30748
4.30857
4.31243
4.30944
4.3029
4.29122
4.26899
4.24523
4.23569
4.23225
4.23185
4.23257
4.22827
4.22028
4.20751
4.18711
4.16719
4.15897
4.15674
4.15842
4.16215
4.15808
4.14967
4.13608
4.11359
4.08502
4.06833
4.06361
4.06224
4.06614
4.06811
4.06546
4.06018
4.04959
4.02996
4.0111
4.00199
3.99714
3.99367
3.99126
3.98866
3.98338
3.97442
3.95942
3.94238
3.93409
3.92807
4.51537
4.47502
4.42718
4.37806
4.3289
4.27349
4.21363
4.16174
4.10621
4.04527
3.98048
3.93164
3.87755
3.82397
3.76114
3.71207
3.66085
3.60942
3.55744
3.5087
3.46948
3.42288
3.38175
3.33373
3.30286
3.27056
3.23673
3.20073
3.167
3.13774
3.10841
3.07637
3.04355
3.01077
2.97735
2.93974
2.92292
2.91025
2.89499
2.87729
2.85569
2.83407
2.81288
2.78854
2.77028
2.75075
2.72803
2.70198
2.68944
2.68332
2.67364
2.66138
2.64695
2.63278
2.61794
2.60027
2.57866
2.56081
2.54284
2.52158
2.50882
2.5008
2.49401
2.48776
2.48862
2.49145
2.49179
2.49089
2.49653
2.51722
2.56109
2.61423
2.68129
2.7386
2.77445
2.81387
2.82233
2.82576
2.82808
2.82525
2.81763
2.81477
2.81461
2.81899
2.82978
2.84076
2.9027
3.3108
3.82083
4.11154
4.12182
4.12059
4.11878
4.10417
4.08934
4.07846
4.06198
4.05218
4.04559
4.03619
4.02019
3.99425
3.96666
3.95124
3.9417
3.9339
3.92526
3.91005
3.88826
3.86555
3.8444
3.82449
3.80321
3.78062
3.75939
3.73985
3.72162
3.70276
3.68789
3.67742
3.68174
3.67944
3.73061
3.91906
4.16314
4.32369
4.37996
4.41748
4.44642
4.44613
4.43648
4.42775
4.41081
4.38484
4.36691
4.36009
4.35864
4.36008
4.36074
4.35788
4.35148
4.34087
4.32227
4.29431
4.27333
4.26589
4.26258
4.26476
4.27033
4.26755
4.26154
4.25026
4.22593
4.19751
4.18617
4.18267
4.18023
4.18133
4.18096
4.17731
4.1703
4.15627
4.1351
4.12114
4.11698
4.11413
4.1144
4.11072
4.10217
4.09045
4.07419
4.05249
4.03636
4.03163
4.02999
4.03182
4.03229
4.02925
4.0242
4.01407
3.99379
3.97118
3.96147
3.95852
3.95746
3.95823
3.95777
3.95416
3.94701
3.93283
3.91436
3.8992
4.48187
4.44463
4.40495
4.36356
4.31635
4.26256
4.21217
4.16454
4.11173
4.05029
3.99815
3.94917
3.89635
3.83846
3.78639
3.74132
3.68835
3.63903
3.58299
3.54465
3.50156
3.45927
3.41642
3.37741
3.34738
3.3105
3.27512
3.23349
3.20418
3.17368
3.1433
3.10843
3.07207
3.03929
3.01051
2.98114
2.96642
2.95164
2.9304
2.90356
2.88638
2.86793
2.84944
2.82826
2.80113
2.77196
2.74725
2.72853
2.72259
2.71693
2.70689
2.69443
2.6806
2.66531
2.6473
2.62799
2.60855
2.58873
2.56766
2.54884
2.5397
2.53348
2.52619
2.51517
2.50393
2.49799
2.49291
2.48371
2.4705
2.46863
2.47308
2.48972
2.53358
2.60495
2.67079
2.72693
2.77013
2.79899
2.80593
2.8072
2.80306
2.79805
2.7977
2.8029
2.81608
2.87171
3.28964
3.88374
4.07047
4.1235
4.12745
4.1215
4.1164
4.10334
4.0835
4.07192
4.0585
4.04252
4.02958
4.01549
3.99603
3.97054
3.9442
3.92438
3.91177
3.90315
3.89251
3.8737
3.8513
3.83018
3.81377
3.79945
3.78506
3.7665
3.73925
3.7075
3.68312
3.66508
3.64994
3.639
3.63866
3.64149
3.62531
3.63913
3.74
3.95491
4.17923
4.28923
4.3418
4.38163
4.3849
4.38001
4.37304
4.35901
4.34471
4.32711
4.31188
4.30629
4.30261
4.30245
4.30178
4.29819
4.29274
4.27858
4.25172
4.22875
4.2205
4.21782
4.22112
4.22576
4.2225
4.21653
4.20434
4.17966
4.15126
4.13817
4.13491
4.1339
4.13846
4.14267
4.14025
4.13494
4.12154
4.09603
4.07443
4.06744
4.06354
4.06194
4.06155
4.05769
4.05162
4.0411
4.02166
4.00052
3.99152
3.98893
3.98861
3.98956
3.98811
3.98428
3.97485
3.95556
3.93439
3.92596
3.9237
3.92234
3.92286
3.92219
3.91921
3.91384
3.90227
3.87813
4.44628
4.41116
4.37684
4.34273
4.3025
4.25285
4.20637
4.16086
4.11215
4.05891
4.01273
3.96095
3.90733
3.849
3.80853
3.76222
3.71534
3.66143
3.61482
3.57639
3.53082
3.49257
3.44879
3.41908
3.38281
3.34488
3.30525
3.26669
3.23732
3.20429
3.17266
3.13551
3.10238
3.0712
3.04373
3.0183
3.00403
2.9862
2.96506
2.93903
2.91722
2.89545
2.87166
2.84831
2.82446
2.79831
2.78095
2.76621
2.75751
2.74671
2.73215
2.71458
2.70113
2.68892
2.67521
2.65684
2.63282
2.6127
2.59698
2.58583
2.5769
2.56826
2.55893
2.54707
2.5313
2.51538
2.50203
2.48498
2.46888
2.46534
2.46645
2.46907
2.47654
2.49344
2.52965
2.568
2.61185
2.65986
2.69296
2.72448
2.74974
2.76305
2.76951
2.78383
2.85083
3.22102
3.87667
4.09044
4.12235
4.12705
4.12238
4.11266
4.10163
4.08273
4.06214
4.04947
4.03972
4.02311
4.00483
3.98552
3.96199
3.93919
3.91707
3.89541
3.87821
3.86379
3.84917
3.83146
3.81149
3.79331
3.78264
3.77405
3.75879
3.74336
3.72159
3.68752
3.65264
3.6303
3.61498
3.60452
3.60303
3.60544
3.59469
3.58197
3.5672
3.60683
3.75376
3.99439
4.15975
4.26088
4.30695
4.33022
4.32989
4.32319
4.31404
4.30246
4.27707
4.25575
4.24897
4.2468
4.25022
4.25245
4.25134
4.24694
4.23277
4.20701
4.18358
4.17449
4.17214
4.17489
4.17715
4.17326
4.16663
4.15441
4.13342
4.10845
4.09623
4.09359
4.09415
4.1015
4.10409
4.10113
4.09432
4.07834
4.04949
4.02515
4.01766
4.01539
4.01735
4.02141
4.01913
4.01366
4.00296
3.98287
3.95927
3.94816
3.94641
3.94658
3.94771
3.94676
3.94345
3.93463
3.91757
3.89834
3.88952
3.88715
3.88575
3.88584
3.88648
3.88507
3.88103
3.86265
4.39985
4.37521
4.34421
4.31085
4.27704
4.24044
4.19803
4.1513
4.10207
4.05977
4.01649
3.96864
3.91247
3.86287
3.82334
3.77829
3.73348
3.68216
3.64634
3.60329
3.56233
3.5171
3.48122
3.44994
3.40909
3.37263
3.32923
3.29795
3.26525
3.23227
3.19752
3.15985
3.12932
3.1031
3.07913
3.05689
3.04028
3.01936
2.99069
2.96727
2.94767
2.92602
2.90145
2.86884
2.84095
2.82165
2.80819
2.79899
2.79166
2.77875
2.7631
2.7438
2.72357
2.70635
2.69151
2.67606
2.6554
2.63641
2.6237
2.61358
2.60599
2.59928
2.59087
2.58141
2.56954
2.55334
2.52852
2.49161
2.47012
2.46603
2.46557
2.46976
2.4739
2.47687
2.47767
2.47611
2.48093
2.4956
2.53259
2.58564
2.64181
2.69861
2.73316
2.80664
3.19225
3.82721
4.11265
4.15058
4.14389
4.12665
4.10761
4.0934
4.08137
4.06274
4.04055
4.02331
4.01205
3.99117
3.96745
3.94381
3.92124
3.90256
3.8875
3.87187
3.84755
3.82352
3.80489
3.7883
3.77093
3.75566
3.7498
3.74577
3.72949
3.71271
3.69503
3.66877
3.63556
3.60687
3.58799
3.57519
3.56834
3.56549
3.55715
3.53979
3.52919
3.51256
3.51197
3.58228
3.77099
3.99585
4.15822
4.21776
4.25646
4.28193
4.27641
4.26773
4.24867
4.22023
4.20185
4.19633
4.19538
4.19927
4.20158
4.19983
4.19501
4.18394
4.1634
4.13826
4.12437
4.12084
4.12036
4.12116
4.1184
4.1146
4.10839
4.09381
4.06982
4.05506
4.05261
4.05295
4.05863
4.05747
4.05327
4.04542
4.03027
4.00483
3.98179
3.97418
3.9723
3.97454
3.97765
3.97449
3.96879
3.95922
3.94221
3.91973
3.90714
3.90529
3.9055
3.90633
3.90556
3.90229
3.89434
3.88016
3.86306
3.85347
3.85114
3.85063
3.85237
3.85272
3.8516
3.83977
4.36418
4.34377
4.31738
4.28386
4.25138
4.2195
4.1835
4.13994
4.09389
4.05533
4.0129
3.97079
3.9209
3.88134
3.83684
3.79421
3.74529
3.70618
3.66994
3.62753
3.58737
3.54101
3.51032
3.47149
3.43269
3.39195
3.35474
3.32571
3.29031
3.25916
3.21918
3.18884
3.16188
3.13763
3.11329
3.09154
3.0709
3.04681
3.01935
2.99502
2.97291
2.94937
2.91843
2.89059
2.86864
2.85469
2.84083
2.82768
2.81648
2.7996
2.78136
2.76574
2.7505
2.73229
2.71318
2.68938
2.67075
2.65878
2.65033
2.64218
2.63296
2.62305
2.61207
2.60145
2.59081
2.57568
2.5495
2.52151
2.50762
2.50134
2.49559
2.48921
2.48106
2.47554
2.47331
2.46886
2.45391
2.44477
2.44817
2.46369
2.50056
2.56389
2.64177
3.09192
3.70952
4.07923
4.11489
4.11988
4.10745
4.09228
4.08118
4.0733
4.06053
4.04487
4.02556
4.00321
3.97801
3.9505
3.92359
3.90339
3.88856
3.87458
3.86782
3.85085
3.82398
3.79437
3.76402
3.74407
3.72881
3.71537
3.71278
3.71138
3.69443
3.67577
3.65924
3.63904
3.6162
3.59259
3.57025
3.55298
3.53962
3.5284
3.51439
3.50013
3.48898
3.47737
3.4712
3.44959
3.46526
3.57662
3.81045
4.0151
4.12077
4.19046
4.22147
4.22227
4.20851
4.18714
4.16728
4.15088
4.14397
4.14206
4.14189
4.14444
4.14422
4.14243
4.136
4.11867
4.09018
4.06865
4.06257
4.06073
4.06307
4.07045
4.06977
4.06604
4.05422
4.02963
4.00816
4.00233
4.00025
4.00165
4.00383
4.00124
3.99603
3.98554
3.96536
3.94174
3.93039
3.92728
3.92628
3.9287
3.92703
3.92341
3.91725
3.90439
3.8828
3.86647
3.86288
3.86242
3.86251
3.86167
3.85959
3.85596
3.84768
3.8321
3.82021
3.81803
3.81772
3.81911
3.81752
3.80567
4.31362
4.29535
4.274
4.24786
4.21834
4.18642
4.15479
4.11971
4.08615
4.04744
4.00746
3.96361
3.92775
3.89049
3.84807
3.80388
3.7565
3.72419
3.68321
3.64525
3.60038
3.56333
3.5294
3.48822
3.45185
3.40892
3.38084
3.34793
3.31444
3.27935
3.2422
3.21956
3.1936
3.17117
3.1438
3.12199
3.0976
3.07088
3.0411
3.01874
2.99554
2.97047
2.93604
2.91208
2.89675
2.88419
2.86924
2.85748
2.84361
2.82544
2.80325
2.78242
2.76786
2.75182
2.73396
2.70958
2.69404
2.68424
2.6749
2.66673
2.65948
2.65056
2.64018
2.62707
2.60595
2.57623
2.55284
2.54556
2.54128
2.53726
2.53166
2.52376
2.51177
2.4958
2.4818
2.46822
2.44755
2.43746
2.43734
2.43852
2.44509
2.48596
2.88591
3.61194
3.88212
3.98644
3.97399
3.96638
3.97399
3.99572
4.01812
4.02347
4.02321
4.01543
3.99424
3.96782
3.9386
3.90807
3.88132
3.86371
3.85659
3.85746
3.85201
3.82542
3.79626
3.76683
3.73556
3.70888
3.69222
3.67945
3.67282
3.66579
3.64957
3.63177
3.61562
3.59911
3.58509
3.56978
3.5536
3.53495
3.51195
3.49162
3.47557
3.46053
3.44782
3.43954
3.43139
3.42205
3.40521
3.38863
3.43345
3.60633
3.81683
4.00296
4.09654
4.13235
4.1509
4.1456
4.1344
4.11902
4.09858
4.08372
4.08012
4.08
4.08641
4.09178
4.09105
4.08648
4.06944
4.03643
4.0115
4.00754
4.00819
4.01698
4.02522
4.0246
4.02144
4.00935
3.98225
3.95612
3.94818
3.94677
3.94758
3.95286
3.95248
3.95006
3.94268
3.92528
3.90073
3.88537
3.88142
3.88018
3.88259
3.88302
3.88166
3.87767
3.86571
3.84307
3.82547
3.82078
3.81961
3.81964
3.82159
3.82173
3.8205
3.81456
3.80055
3.78565
3.77783
3.7718
3.76748
3.75938
4.25354
4.2429
4.2264
4.20755
4.18592
4.16023
4.13072
4.10211
4.07241
4.03872
4.00041
3.96253
3.92976
3.88926
3.85007
3.80304
3.76955
3.73447
3.69471
3.65535
3.61129
3.58086
3.5416
3.50545
3.46532
3.43206
3.40507
3.36947
3.33895
3.29818
3.27245
3.24913
3.22349
3.19921
3.17125
3.14718
3.11975
3.09339
3.06525
3.04083
3.01567
2.98645
2.95529
2.94099
2.92821
2.91554
2.89739
2.88216
2.86349
2.84316
2.8232
2.80589
2.78946
2.77105
2.74903
2.72719
2.71732
2.70913
2.69855
2.68662
2.67834
2.66979
2.65853
2.6428
2.61716
2.58819
2.575
2.56854
2.56445
2.56244
2.55837
2.55135
2.54216
2.52855
2.50875
2.47991
2.44643
2.43392
2.43135
2.43214
2.46031
2.76859
3.4629
3.83264
3.8339
3.80599
3.77255
3.76949
3.78482
3.82813
3.87856
3.92149
3.93071
3.92792
3.92099
3.90671
3.88587
3.85959
3.83523
3.82488
3.82938
3.82935
3.81243
3.78527
3.75725
3.73207
3.71027
3.68893
3.66952
3.65511
3.63882
3.61937
3.60033
3.58321
3.56709
3.55587
3.54627
3.53996
3.53223
3.51407
3.48706
3.45585
3.43462
3.41989
3.40612
3.3954
3.39164
3.38755
3.37388
3.3618
3.33072
3.33256
3.40783
3.59727
3.81871
3.95909
4.0354
4.07183
4.09159
4.08629
4.07003
4.04133
4.01923
4.01626
4.01732
4.028
4.03746
4.03616
4.02947
4.0132
3.9865
3.96496
3.96033
3.96081
3.96677
3.97294
3.97236
3.96881
3.95713
3.935
3.91019
3.89844
3.89704
3.89743
3.90326
3.90463
3.90312
3.89688
3.88214
3.8599
3.84296
3.83794
3.83715
3.8387
3.83994
3.83935
3.8348
3.8219
3.80105
3.78574
3.78226
3.78191
3.78356
3.78607
3.786
3.78492
3.77794
3.75936
3.73847
3.72627
3.72038
3.71399
4.20332
4.19909
4.18998
4.17661
4.15825
4.13536
4.10974
4.08445
4.05544
4.02442
3.98607
3.95525
3.92131
3.88547
3.84616
3.80488
3.77253
3.73291
3.69867
3.65698
3.62551
3.59308
3.55461
3.51913
3.47834
3.45476
3.42313
3.39126
3.3572
3.32264
3.30196
3.27403
3.24927
3.21876
3.19259
3.16653
3.13892
3.11213
3.08502
3.05946
3.03342
3.00504
2.98047
2.96869
2.95558
2.9397
2.92127
2.90525
2.88518
2.86403
2.83978
2.82392
2.80681
2.78803
2.76655
2.75011
2.74308
2.73408
2.72216
2.70889
2.69745
2.68619
2.67246
2.65021
2.62298
2.60901
2.60349
2.59727
2.58935
2.58303
2.57667
2.56842
2.55927
2.54698
2.52661
2.4972
2.47406
2.46198
2.45599
2.47159
2.71853
3.41206
3.818
3.816
3.7678
3.70799
3.68402
3.68226
3.68647
3.69205
3.71278
3.73173
3.74261
3.74832
3.7574
3.77246
3.78144
3.77777
3.7741
3.77745
3.78131
3.77664
3.76051
3.73758
3.71388
3.69471
3.68356
3.67413
3.65681
3.63625
3.60998
3.57798
3.55165
3.53294
3.5174
3.50623
3.50525
3.50914
3.5079
3.48933
3.4627
3.42547
3.39294
3.3765
3.36295
3.34981
3.34385
3.34557
3.3435
3.32819
3.31116
3.28704
3.25293
3.27022
3.39194
3.5964
3.78481
3.91499
3.98756
4.02879
4.03033
4.01502
3.98272
3.95598
3.95276
3.95352
3.96526
3.97275
3.97111
3.96747
3.95851
3.94038
3.91692
3.90622
3.90592
3.90828
3.9114
3.9119
3.91013
3.90327
3.88903
3.86682
3.85076
3.84858
3.84883
3.85241
3.85414
3.8531
3.84867
3.83814
3.81991
3.80092
3.79322
3.7924
3.79255
3.7927
3.79147
3.78677
3.77699
3.76296
3.751
3.74694
3.74643
3.74741
3.74872
3.74862
3.74482
3.73021
3.70608
3.68726
3.68072
3.67568
4.15351
4.14755
4.14164
4.13243
4.11779
4.09717
4.07718
4.05388
4.02826
3.99708
3.96703
3.93833
3.90461
3.87312
3.83466
3.80611
3.77112
3.73562
3.69896
3.6619
3.63631
3.60019
3.56833
3.52861
3.49841
3.47273
3.43856
3.4094
3.3717
3.34921
3.3238
3.29554
3.268
3.23545
3.21143
3.1827
3.15732
3.12951
3.10397
3.07735
3.0525
3.02557
3.00909
2.99772
2.98334
2.96388
2.94148
2.9219
2.90119
2.88219
2.86228
2.84537
2.82585
2.80552
2.7824
2.77242
2.76574
2.75554
2.74304
2.73031
2.71806
2.70412
2.68542
2.65685
2.63421
2.62914
2.62452
2.61928
2.61403
2.60779
2.59928
2.58754
2.57312
2.55321
2.52621
2.50642
2.49755
2.49051
2.50183
2.70681
3.36041
3.8285
3.8387
3.80057
3.73135
3.69062
3.67089
3.67079
3.67334
3.66341
3.63613
3.60707
3.58483
3.56515
3.55905
3.56635
3.59476
3.63778
3.67161
3.68658
3.6843
3.67627
3.66477
3.65979
3.65587
3.64903
3.6522
3.65583
3.64286
3.6167
3.58519
3.54579
3.50793
3.48612
3.47179
3.46394
3.47013
3.48075
3.47626
3.45518
3.43183
3.39931
3.35639
3.32975
3.31692
3.3051
3.29727
3.29971
3.30343
3.29543
3.27716
3.25841
3.23492
3.19309
3.1814
3.22519
3.36923
3.58199
3.76637
3.88579
3.93583
3.95836
3.95101
3.92325
3.89755
3.88785
3.88724
3.89271
3.90678
3.90887
3.90856
3.90532
3.89184
3.86567
3.84559
3.84227
3.84235
3.84823
3.85304
3.85319
3.85181
3.8424
3.8207
3.80171
3.79787
3.79821
3.8008
3.80258
3.80217
3.79988
3.79197
3.77574
3.75742
3.74765
3.74453
3.74313
3.74242
3.74172
3.74009
3.73624
3.72932
3.71942
3.70977
3.70562
3.70469
3.70368
3.70003
3.68986
3.67368
3.65729
3.64902
3.64319
4.09274
4.08927
4.08454
4.07649
4.06499
4.05283
4.03702
4.01586
3.99226
3.96906
3.94773
3.91796
3.88877
3.85456
3.82948
3.80313
3.76854
3.73735
3.6975
3.67276
3.6421
3.60776
3.57573
3.53795
3.51557
3.48378
3.45368
3.41997
3.38976
3.36832
3.33802
3.31191
3.27834
3.25186
3.22663
3.19879
3.17423
3.14511
3.12077
3.09445
3.07274
3.04953
3.03616
3.02186
3.00463
2.98208
2.96026
2.93941
2.91957
2.89699
2.87701
2.86055
2.84141
2.82444
2.80695
2.79807
2.78852
2.77458
2.75669
2.74371
2.73343
2.7204
2.69831
2.66689
2.65509
2.65052
2.64367
2.63504
2.62993
2.62495
2.61734
2.60591
2.58894
2.5623
2.53606
2.52486
2.51913
2.52596
2.71031
3.33048
3.83784
3.86518
3.83844
3.77428
3.72451
3.70222
3.69149
3.68742
3.66845
3.63927
3.61111
3.57819
3.54567
3.52363
3.50586
3.4966
3.49025
3.48651
3.49776
3.49597
3.48915
3.48981
3.50006
3.51708
3.53822
3.5604
3.5858
3.59442
3.58644
3.56505
3.53812
3.50765
3.46854
3.44185
3.42782
3.42506
3.43768
3.44848
3.43975
3.41739
3.39436
3.36796
3.3314
3.29216
3.26862
3.25612
3.24844
3.25101
3.25911
3.25645
3.23932
3.22228
3.20547
3.18056
3.14732
3.11849
3.12168
3.19288
3.36881
3.57589
3.73044
3.82995
3.87108
3.8761
3.86397
3.83692
3.82241
3.82364
3.83343
3.84559
3.8503
3.85158
3.84999
3.83481
3.80122
3.78218
3.78118
3.78243
3.79119
3.79923
3.7998
3.79913
3.79014
3.76797
3.74955
3.74567
3.7462
3.74802
3.74916
3.74912
3.74708
3.73973
3.72585
3.71012
3.70109
3.69754
3.69578
3.69535
3.69592
3.69634
3.69503
3.6889
3.67813
3.66767
3.65974
3.65374
3.6483
3.64217
3.63583
3.62979
3.62451
3.61607
4.02145
4.02231
4.02627
4.02339
4.01565
4.00851
3.99693
3.9815
3.96016
3.9442
3.92327
3.89973
3.87209
3.84336
3.82215
3.79192
3.76483
3.73131
3.7007
3.6749
3.64014
3.61194
3.57517
3.54966
3.52371
3.49038
3.46216
3.42637
3.40601
3.37946
3.35061
3.32122
3.28832
3.26673
3.23903
3.21517
3.1875
3.16164
3.13785
3.11386
3.09359
3.07325
3.0602
3.0424
3.02264
2.99697
2.97495
2.95455
2.93665
2.91578
2.89591
2.87704
2.85799
2.84024
2.82715
2.82027
2.80931
2.79469
2.77687
2.76056
2.74588
2.72868
2.70405
2.68282
2.67808
2.67331
2.66631
2.65765
2.64839
2.63829
2.6267
2.61327
2.59568
2.57027
2.55242
2.54619
2.5505
2.70097
3.32142
3.84513
3.89881
3.87569
3.82276
3.76982
3.7415
3.72334
3.71306
3.69721
3.66587
3.63435
3.59774
3.55694
3.52481
3.50221
3.4847
3.4715
3.46468
3.4528
3.43036
3.40222
3.36618
3.33654
3.33064
3.34122
3.36645
3.40191
3.44654
3.47546
3.47528
3.47075
3.46268
3.44399
3.41911
3.40327
3.3927
3.38844
3.39188
3.39549
3.3883
3.36864
3.34575
3.32405
3.29927
3.26842
3.23668
3.2163
3.20634
3.2045
3.20648
3.2071
3.19509
3.17788
3.1643
3.14901
3.1262
3.09587
3.0733
3.06233
3.07922
3.173
3.34456
3.53219
3.69275
3.75613
3.78817
3.79239
3.77416
3.76822
3.77331
3.78263
3.78742
3.78801
3.79011
3.78543
3.76249
3.73388
3.72677
3.72669
3.72923
3.73803
3.74169
3.74329
3.74207
3.73151
3.71151
3.69658
3.69227
3.69202
3.69187
3.69173
3.69106
3.6885
3.68237
3.67251
3.66235
3.65613
3.65322
3.65179
3.65104
3.65059
3.64925
3.64458
3.63588
3.62588
3.61683
3.6086
3.60156
3.59726
3.5958
3.59449
3.59323
3.58785
3.97959
3.96111
3.96221
3.96441
3.96498
3.96245
3.95542
3.94192
3.92862
3.91568
3.89585
3.87576
3.84845
3.83039
3.80599
3.77874
3.75277
3.71993
3.69873
3.66838
3.63884
3.60902
3.57656
3.55539
3.52306
3.49546
3.46293
3.43629
3.41587
3.38574
3.35973
3.32484
3.30151
3.27851
3.25202
3.22868
3.19877
3.17812
3.15368
3.1337
3.11253
3.09566
3.07895
3.05772
3.03516
3.00967
2.9899
2.97026
2.95202
2.92885
2.91048
2.89238
2.8768
2.8621
2.84916
2.83857
2.82309
2.80541
2.78996
2.77734
2.76251
2.74057
2.71115
2.69894
2.69585
2.69084
2.68331
2.67581
2.66739
2.65679
2.64392
2.62515
2.59638
2.572
2.56689
2.57349
2.69833
3.29111
3.85417
3.93897
3.91596
3.86216
3.80301
3.76815
3.74952
3.73883
3.73052
3.70757
3.67696
3.64081
3.5905
3.54593
3.51906
3.49757
3.48036
3.46599
3.4469
3.42572
3.40416
3.38067
3.35343
3.32665
3.29919
3.27368
3.25192
3.25068
3.25882
3.26869
3.27414
3.28218
3.29695
3.31653
3.32918
3.33197
3.32689
3.3235
3.3185
3.31215
3.30706
3.30128
3.28928
3.27464
3.25999
3.24227
3.21916
3.19687
3.17671
3.16208
3.15213
3.14324
3.13571
3.12724
3.1155
3.10218
3.0878
3.07149
3.05171
3.02912
3.00961
3.00423
3.02988
3.12543
3.3081
3.48384
3.61218
3.69483
3.71098
3.71687
3.7224
3.72288
3.7232
3.72167
3.72243
3.72069
3.70992
3.69211
3.67854
3.67509
3.6745
3.67595
3.67881
3.68223
3.68363
3.68105
3.66928
3.65202
3.64176
3.63863
3.637
3.63507
3.63282
3.63064
3.62815
3.62437
3.61875
3.61337
3.6104
3.60866
3.60682
3.60426
3.60011
3.59309
3.5837
3.57462
3.56804
3.56389
3.56126
3.56018
3.55942
3.55806
3.55622
3.55082
3.75249
3.9325
3.91322
3.90195
3.90747
3.90921
3.90679
3.89749
3.89189
3.87924
3.86435
3.84283
3.82547
3.80932
3.78363
3.76188
3.73158
3.71179
3.68875
3.65827
3.63444
3.60026
3.57982
3.55375
3.52283
3.49701
3.46368
3.4455
3.41896
3.39119
3.36235
3.33152
3.3132
3.28732
3.26497
3.23646
3.21274
3.19276
3.16938
3.15089
3.12887
3.11324
3.0919
3.06994
3.04499
3.02241
3.00377
2.98524
2.96661
2.94296
2.92516
2.90834
2.8944
2.8799
2.86855
2.85589
2.83856
2.82022
2.80221
2.7872
2.77024
2.74899
2.72815
2.72212
2.71766
2.71049
2.70001
2.68806
2.67711
2.66654
2.654
2.63335
2.60132
2.58699
2.59139
2.72772
3.27579
3.86976
3.97501
3.95056
3.89874
3.83579
3.79851
3.77581
3.76181
3.75376
3.73364
3.70737
3.67916
3.64292
3.59491
3.55054
3.52166
3.49797
3.47758
3.45786
3.43442
3.4114
3.38801
3.36345
3.33854
3.31406
3.29095
3.26729
3.23935
3.20759
3.18435
3.16886
3.15494
3.14795
3.15136
3.15666
3.16949
3.19729
3.21567
3.21238
3.20696
3.20379
3.19905
3.19421
3.19826
3.20777
3.20487
3.19762
3.19433
3.18388
3.15678
3.12426
3.09833
3.08418
3.07536
3.06706
3.0612
3.05551
3.0474
3.03691
3.02462
3.00671
2.97807
2.95215
2.93602
2.93704
2.96952
3.08268
3.2476
3.44325
3.57903
3.61588
3.6457
3.65725
3.65953
3.65779
3.65376
3.6469
3.6397
3.63834
3.63606
3.62939
3.62241
3.61876
3.6185
3.61998
3.6223
3.6222
3.61654
3.6026
3.59
3.58582
3.58461
3.5832
3.58098
3.57834
3.57558
3.57203
3.56688
3.56221
3.56041
3.56009
3.5598
3.55828
3.55417
3.5454
3.5311
3.51969
3.51714
3.51766
3.51977
3.52217
3.52312
3.52238
3.51778
3.507
3.15988
3.75511
3.88048
3.85794
3.85213
3.85345
3.84997
3.84785
3.84565
3.83687
3.82515
3.80655
3.79827
3.77971
3.76032
3.73606
3.71338
3.69834
3.67079
3.64862
3.61989
3.5956
3.57732
3.54683
3.52317
3.49222
3.46922
3.44877
3.41871
3.39453
3.36137
3.34182
3.32115
3.29616
3.27315
3.2433
3.22625
3.20404
3.18434
3.16271
3.14337
3.12502
3.10073
3.07873
3.05323
3.03589
3.01709
2.99921
2.97738
2.95516
2.94
2.92515
2.91226
2.89709
2.88333
2.8667
2.84868
2.83182
2.81634
2.79962
2.77872
2.75552
2.74412
2.74046
2.73575
2.72751
2.7166
2.7041
2.69166
2.67889
2.65959
2.62862
2.60773
2.61029
2.72559
3.30675
3.8473
4.00903
4.00276
3.96577
3.89198
3.82561
3.79618
3.7773
3.76449
3.754
3.72788
3.70041
3.67275
3.63707
3.59541
3.55945
3.52847
3.5005
3.47223
3.44306
3.41955
3.39744
3.37334
3.34919
3.32695
3.30784
3.28783
3.2663
3.23894
3.19694
3.15706
3.13762
3.12275
3.10501
3.09331
3.09364
3.08845
3.07485
3.06536
3.0467
3.02757
3.02206
3.02688
3.04004
3.0583
3.08546
3.10896
3.11789
3.12439
3.12213
3.10607
3.08267
3.05881
3.03307
3.0162
3.00712
3.00412
3.00943
3.01542
3.01141
2.9958
2.97575
2.95127
2.91911
2.89199
2.8808
2.87426
2.88002
2.92576
3.04317
3.24884
3.39893
3.50139
3.55536
3.56183
3.56911
3.57921
3.57938
3.57647
3.58112
3.58568
3.58268
3.57262
3.56483
3.56258
3.5623
3.5627
3.56267
3.55914
3.54817
3.53415
3.5282
3.52798
3.52876
3.53029
3.53056
3.52971
3.52592
3.51649
3.50497
3.50212
3.50306
3.50542
3.50677
3.50632
3.50203
3.48868
3.47228
3.46885
3.47045
3.4742
3.47884
3.48191
3.48269
3.47901
3.46232
1.9063
3.25011
3.72825
3.82018
3.81003
3.80045
3.79329
3.79622
3.79349
3.78967
3.77661
3.77048
3.76366
3.74706
3.73132
3.70595
3.69607
3.6771
3.65368
3.63245
3.60339
3.5903
3.56632
3.54067
3.51765
3.48787
3.4718
3.44534
3.41959
3.39291
3.36549
3.35026
3.32527
3.30359
3.27501
3.25346
3.23645
3.21401
3.19503
3.1707
3.15388
3.1313
3.10846
3.08475
3.06383
3.04823
3.02855
3.01087
2.98587
2.9691
2.95518
2.94121
2.92699
2.911
2.89585
2.87704
2.85968
2.8425
2.8259
2.80714
2.78774
2.77233
2.7647
2.75942
2.75195
2.74056
2.7253
2.71236
2.70164
2.68847
2.66474
2.63144
2.63086
2.71834
3.2801
3.86584
4.02665
4.01833
3.98059
3.93098
3.86961
3.82061
3.79433
3.77664
3.76404
3.74235
3.7122
3.68314
3.65494
3.62435
3.59265
3.56474
3.53839
3.50971
3.47505
3.43369
3.3972
3.37409
3.35428
3.33582
3.32081
3.30691
3.28511
3.26231
3.2375
3.20218
3.15226
3.11688
3.09838
3.08112
3.06494
3.05776
3.05006
3.03721
3.0247
3.01055
2.97773
2.93098
2.8998
2.89521
2.90247
2.92138
2.94798
2.97812
3.01166
3.02719
3.02566
3.01746
2.99968
2.97611
2.95195
2.94671
2.9489
2.95871
2.96689
2.96659
2.95654
2.93999
2.91956
2.89336
2.86457
2.84339
2.82991
2.82784
2.82878
2.84079
2.89298
3.01344
3.16517
3.33685
3.43695
3.46512
3.48794
3.50747
3.53064
3.53273
3.53488
3.5302
3.51848
3.51383
3.51234
3.50886
3.50614
3.50477
3.5016
3.49321
3.48032
3.47073
3.46899
3.47081
3.47554
3.47998
3.4815
3.48103
3.47427
3.45639
3.44194
3.44118
3.44479
3.45042
3.4529
3.45296
3.4501
3.43998
3.42631
3.42294
3.42537
3.43016
3.43452
3.43623
3.43487
3.41948
1.05719
2.11362
3.29701
3.69144
3.76794
3.75229
3.74332
3.74633
3.74445
3.73983
3.72939
3.7312
3.7221
3.712
3.69303
3.68001
3.67278
3.65192
3.63539
3.60775
3.59255
3.57781
3.55129
3.53291
3.50361
3.48635
3.46791
3.43983
3.419
3.38833
3.37234
3.3523
3.32761
3.30573
3.27715
3.26275
3.24207
3.22183
3.19879
3.17747
3.1597
3.13549
3.11484
3.09005
3.07539
3.058
3.03882
3.01852
2.99497
2.9834
2.96901
2.95529
2.93882
2.92143
2.9041
2.88555
2.87003
2.85279
2.83466
2.81464
2.79846
2.78765
2.7819
2.77601
2.76598
2.75233
2.73649
2.72195
2.7079
2.6902
2.65997
2.653
2.7507
3.25816
3.88564
4.02607
4.01414
3.99055
3.94936
3.90454
3.86639
3.8353
3.80995
3.78472
3.7545
3.71899
3.68152
3.64763
3.61942
3.59706
3.57718
3.55941
3.538
3.51202
3.48164
3.43928
3.3866
3.35378
3.33297
3.31306
3.29709
3.29405
3.28341
3.25728
3.23136
3.20114
3.15629
3.10736
3.08044
3.06331
3.04795
3.03713
3.02458
3.00624
2.98957
2.97265
2.95363
2.92557
2.88525
2.85412
2.83514
2.82438
2.82522
2.83233
2.84156
2.85195
2.86026
2.86932
2.87558
2.87329
2.87221
2.87495
2.87988
2.88267
2.88466
2.88886
2.89305
2.88969
2.87671
2.85853
2.84089
2.82201
2.804
2.79353
2.78743
2.78481
2.77547
2.78234
2.8237
2.93384
3.1176
3.24327
3.33133
3.40467
3.43499
3.46581
3.48218
3.47908
3.47136
3.46793
3.46402
3.45623
3.44899
3.44619
3.44401
3.43922
3.43163
3.42257
3.4155
3.41459
3.41785
3.42418
3.42873
3.4299
3.42831
3.41712
3.39571
3.38478
3.38588
3.39111
3.39702
3.40062
3.40333
3.4032
3.39722
3.38229
3.37459
3.37586
3.37971
3.38202
3.38158
3.37177
1.00026
1.10851
2.2752
3.32256
3.66153
3.70479
3.69368
3.69645
3.69824
3.68929
3.68833
3.68714
3.67842
3.67095
3.65187
3.65225
3.64221
3.62621
3.60774
3.58458
3.57807
3.5577
3.53814
3.51611
3.49204
3.48102
3.45651
3.43533
3.41107
3.3875
3.37396
3.34956
3.32933
3.30268
3.28304
3.26756
3.24461
3.22513
3.19921
3.18266
3.16202
3.14029
3.11843
3.09807
3.08497
3.06516
3.04725
3.02271
3.0075
2.99635
2.98084
2.96585
2.94614
2.92928
2.91143
2.89491
2.87945
2.86026
2.84116
2.8242
2.81298
2.80445
2.79791
2.78952
2.77498
2.75852
2.74408
2.73045
2.71578
2.6903
2.67704
2.77445
3.31414
3.87478
4.0761
4.07122
4.03997
3.98399
3.92969
3.89135
3.86572
3.84204
3.8152
3.78513
3.75095
3.71087
3.66216
3.61954
3.59445
3.57433
3.55662
3.54508
3.52855
3.50232
3.47477
3.44035
3.39038
3.34387
3.31842
3.29834
3.28066
3.26921
3.25518
3.23337
3.21145
3.18833
3.15763
3.11337
3.07188
3.04785
3.02877
3.01157
2.99803
2.98287
2.96687
2.95026
2.93229
2.91129
2.88057
2.84016
2.8115
2.79661
2.78429
2.77134
2.76153
2.75557
2.75296
2.75044
2.74514
2.73631
2.73682
2.74034
2.75355
2.76885
2.78096
2.79155
2.8012
2.8064
2.80568
2.80172
2.79326
2.78408
2.77488
2.76681
2.76059
2.74901
2.73297
2.72156
2.7147
2.72219
2.76472
2.87197
3.01025
3.1902
3.30347
3.35674
3.39331
3.41797
3.42624
3.42301
3.41291
3.39905
3.38744
3.38538
3.38512
3.38443
3.3832
3.38031
3.37517
3.36744
3.36349
3.36585
3.37136
3.37318
3.37299
3.36926
3.35882
3.34412
3.33643
3.33671
3.33973
3.34501
3.35069
3.356
3.3573
3.3529
3.33759
3.32355
3.32119
3.32087
3.3209
3.31755
1
1.00075
1.17384
2.40623
3.33624
3.6158
3.64892
3.64771
3.64702
3.64032
3.64477
3.64013
3.63653
3.62321
3.6181
3.61872
3.60551
3.59514
3.57079
3.56392
3.55635
3.53625
3.52098
3.49313
3.48306
3.46779
3.44372
3.42695
3.39857
3.38675
3.36929
3.34604
3.32668
3.29965
3.28683
3.26666
3.24586
3.22338
3.20096
3.18568
3.16317
3.14441
3.12072
3.10655
3.09109
3.07126
3.05205
3.02883
3.0196
3.00575
2.99008
2.97133
2.95117
2.93568
2.91851
2.90414
2.88584
2.86574
2.84918
2.83639
2.82707
2.81844
2.81113
2.799
2.7816
2.76453
2.75089
2.73588
2.71475
2.70481
2.79121
3.35266
3.93916
4.10664
4.09542
4.04688
3.99316
3.93953
3.90262
3.87476
3.85322
3.83617
3.81268
3.78231
3.74783
3.70719
3.65697
3.60696
3.5756
3.55346
3.53397
3.51826
3.50236
3.47933
3.45453
3.42736
3.39061
3.34266
3.30632
3.28297
3.26249
3.24294
3.22237
3.20266
3.18405
3.16514
3.1441
3.11503
3.0749
3.03954
3.01582
2.99499
2.97547
2.95746
2.94076
2.92426
2.90739
2.88956
2.86904
2.84088
2.80646
2.77721
2.75653
2.74216
2.73027
2.71906
2.70757
2.69622
2.69078
2.68581
2.67042
2.6458
2.62845
2.63011
2.63838
2.65022
2.66261
2.67973
2.69824
2.70633
2.71309
2.7227
2.72123
2.71634
2.71255
2.70682
2.69462
2.68373
2.67781
2.67194
2.65885
2.66325
2.70431
2.8248
3.02131
3.1532
3.25441
3.31551
3.33695
3.34792
3.35098
3.34266
3.32955
3.32785
3.32781
3.33023
3.33209
3.33301
3.33306
3.33138
3.32305
3.31396
3.31313
3.31293
3.31268
3.31265
3.31207
3.30889
3.30082
3.29061
3.28733
3.2882
3.29282
3.3007
3.30713
3.30811
3.3025
3.28507
3.26881
3.26276
3.26288
3.26332
1
1
1.00171
1.24852
2.50094
3.31881
3.57803
3.60358
3.59078
3.58796
3.59495
3.5942
3.59275
3.57911
3.58434
3.57799
3.56758
3.55591
3.5368
3.53916
3.52779
3.51372
3.49269
3.47393
3.4686
3.44835
3.43206
3.40917
3.39018
3.38089
3.35829
3.34103
3.31657
3.29853
3.28538
3.26308
3.24484
3.21866
3.20321
3.18554
3.16465
3.14551
3.12442
3.1129
3.0941
3.07594
3.0534
3.03817
3.02857
3.01199
2.99546
2.97222
2.95631
2.94185
2.92615
2.91128
2.88848
2.872
2.85944
2.84922
2.83993
2.83095
2.81995
2.8038
2.7854
2.77
2.75667
2.74028
2.7271
2.8209
3.36702
3.97749
4.11988
4.10913
4.07196
4.01708
3.96026
3.91512
3.88366
3.85816
3.83938
3.82418
3.80018
3.76937
3.73637
3.69852
3.65291
3.60423
3.56415
3.53655
3.51333
3.49172
3.46938
3.44595
3.42296
3.40006
3.37504
3.34074
3.2989
3.26729
3.2435
3.21872
3.19377
3.17029
3.14917
3.13011
3.1116
3.09178
3.06595
3.03114
2.99866
2.97449
2.95367
2.93358
2.91508
2.89895
2.88442
2.87102
2.85634
2.83703
2.80831
2.77249
2.74299
2.72422
2.70916
2.69324
2.67773
2.66528
2.65449
2.64437
2.63314
2.61916
2.60094
2.58047
2.56851
2.55943
2.55341
2.55513
2.56699
2.5836
2.58646
2.59058
2.60076
2.61165
2.61926
2.63457
2.64304
2.64044
2.63575
2.62816
2.61466
2.60284
2.6016
2.61765
2.68773
2.81546
2.96004
3.12129
3.19511
3.23797
3.26273
3.27202
3.27452
3.27748
3.28455
3.28431
3.28044
3.28041
3.28351
3.28677
3.28585
3.27715
3.26375
3.256
3.25384
3.25438
3.25765
3.26035
3.25987
3.25547
3.24605
3.23823
3.2371
3.24
3.24726
3.25194
3.25114
3.24224
3.22639
3.21525
3.21334
3.21428
1
1
1
1.00335
1.32088
2.54697
3.30855
3.54582
3.54408
3.53263
3.53873
3.54781
3.54185
3.54016
3.5437
3.53366
3.52985
3.51205
3.50982
3.50946
3.49547
3.48401
3.45779
3.45476
3.44754
3.42944
3.41449
3.38784
3.38158
3.36719
3.34643
3.33021
3.30473
3.29557
3.27823
3.25843
3.23805
3.21505
3.20317
3.18331
3.16595
3.14415
3.12911
3.11571
3.09542
3.07787
3.05557
3.04621
3.03302
3.01537
2.99551
2.97343
2.96212
2.94755
2.93287
2.91331
2.89097
2.88108
2.87069
2.86077
2.84998
2.83912
2.82431
2.80585
2.7896
2.7757
2.75913
2.75266
2.84881
3.39004
3.99422
4.1598
4.15046
4.11261
4.05826
4.00275
3.94978
3.90796
3.87402
3.84386
3.81853
3.79568
3.76572
3.73535
3.7055
3.67486
3.64185
3.60395
3.56204
3.52399
3.49389
3.46616
3.43884
3.41278
3.38864
3.3665
3.34541
3.32164
3.29118
3.25312
3.21773
3.1894
3.1642
3.14043
3.1186
3.09959
3.08263
3.06654
3.0481
3.02432
2.98961
2.94969
2.92272
2.90377
2.88606
2.86962
2.85543
2.84341
2.83138
2.81728
2.79996
2.77392
2.73733
2.71015
2.69445
2.67999
2.66486
2.65005
2.63551
2.62109
2.60737
2.59289
2.57428
2.55007
2.53533
2.52823
2.52368
2.51884
2.50914
2.49891
2.4893
2.47967
2.47546
2.47697
2.48328
2.49591
2.51896
2.5436
2.56523
2.5739
2.57405
2.56488
2.55066
2.54894
2.55057
2.56817
2.62611
2.75572
2.9213
3.027
3.12464
3.17371
3.18629
3.21028
3.23964
3.24078
3.23795
3.23526
3.2345
3.23392
3.2329
3.22997
3.22275
3.2133
3.20588
3.20349
3.20381
3.20601
3.20937
3.21031
3.20829
3.20149
3.19344
3.18975
3.18941
3.19027
3.19099
3.18889
3.18285
3.17807
3.17447
3.17243
1
1
1
1.00001
1.00557
1.37385
2.59146
3.29039
3.4952
3.48989
3.48832
3.49313
3.48832
3.49695
3.49623
3.49235
3.48826
3.47461
3.48126
3.47233
3.46069
3.44693
3.42881
3.43171
3.4212
3.40849
3.38569
3.37072
3.36674
3.34835
3.33421
3.3113
3.29655
3.28751
3.26678
3.25106
3.22623
3.21253
3.20009
3.18087
3.16449
3.1422
3.13125
3.11448
3.09607
3.07673
3.05981
3.05081
3.03342
3.01581
2.99238
2.97762
2.96743
2.95218
2.93657
2.91122
2.89807
2.89103
2.88069
2.8695
2.85635
2.84247
2.82557
2.80775
2.79364
2.77885
2.7751
2.88745
3.44275
4.01155
4.17717
4.16525
4.1263
4.07415
4.02003
3.97554
3.93773
3.90158
3.86611
3.83061
3.79586
3.76276
3.72986
3.69849
3.67072
3.6453
3.62174
3.59534
3.56237
3.51951
3.47521
3.44066
3.4112
3.38377
3.35837
3.33589
3.3165
3.29665
3.27287
3.24086
3.19594
3.15369
3.12737
3.10598
3.08581
3.06835
3.0548
3.04217
3.02657
3.00807
2.98283
2.94242
2.89834
2.87418
2.85755
2.84131
2.82622
2.81371
2.8022
2.78939
2.7753
2.75765
2.72816
2.69208
2.67426
2.66269
2.64966
2.63607
2.62323
2.61048
2.5972
2.58251
2.56161
2.53294
2.51361
2.50449
2.49778
2.48961
2.48052
2.4733
2.46663
2.4554
2.43395
2.40993
2.39677
2.39621
2.40022
2.41361
2.43244
2.45313
2.4816
2.49696
2.49671
2.48616
2.47369
2.4718
2.47726
2.50193
2.58038
2.69548
2.83779
2.98931
3.0578
3.10737
3.15291
3.18875
3.20116
3.19951
3.19439
3.18522
3.17461
3.1721
3.17104
3.16809
3.16466
3.16237
3.16142
3.16084
3.15923
3.15808
3.15826
3.15741
3.15495
3.15173
3.14659
3.13987
3.13494
3.13298
3.13365
3.13555
3.13651
3.13619
1
1
1
1
1.00001
1.00771
1.42658
2.60139
3.24965
3.4454
3.45492
3.4461
3.43623
3.4465
3.44906
3.45154
3.44036
3.44184
3.44371
3.43001
3.42574
3.40783
3.40537
3.40558
3.39277
3.37977
3.3531
3.35194
3.34587
3.3303
3.31547
3.29101
3.28671
3.27308
3.25492
3.23833
3.21521
3.20835
3.19306
3.17705
3.15771
3.14005
3.12981
3.11129
3.09536
3.07404
3.06291
3.05092
3.03186
3.0136
2.99109
2.9828
2.97073
2.95485
2.93562
2.91192
2.90729
2.89945
2.88826
2.87399
2.85777
2.8429
2.82617
2.81087
2.79483
2.7971
2.92471
3.52405
4.02865
4.19482
4.19211
4.15714
4.10025
4.03595
3.98226
3.94847
3.92191
3.895
3.85973
3.81846
3.77226
3.72966
3.69547
3.66628
3.63921
3.61523
3.59391
3.56874
3.53871
3.5012
3.45216
3.40929
3.3807
3.35456
3.32952
3.30825
3.29013
3.27026
3.24855
3.22297
3.18525
3.13233
3.09146
3.0687
3.04938
3.03239
3.0209
3.0107
2.99666
2.98156
2.96349
2.93546
2.88975
2.84989
2.8307
2.81602
2.80161
2.79008
2.77917
2.76682
2.7542
2.73968
2.71846
2.68351
2.65088
2.63549
2.62467
2.61405
2.60369
2.59462
2.58592
2.57593
2.56093
2.53686
2.50598
2.4846
2.4734
2.46409
2.45687
2.45161
2.44455
2.43545
2.42263
2.40227
2.37695
2.36058
2.35172
2.34666
2.34682
2.35076
2.35909
2.37029
2.37642
2.37927
2.383
2.38446
2.38611
2.3936
2.40702
2.44295
2.51157
2.64829
2.82509
2.92476
3.02357
3.08924
3.11731
3.13711
3.14998
3.14544
3.13656
3.12657
3.1144
3.11261
3.11442
3.11608
3.11938
3.12301
3.12291
3.11598
3.10732
3.10697
3.10809
3.10738
3.10459
3.10015
3.09501
3.09034
3.08936
3.09034
3.0927
3.09527
1
1
1
1
1
1.00002
1.01058
1.45722
2.57874
3.21811
3.4122
3.40988
3.39014
3.39372
3.40073
3.40053
3.3922
3.40262
3.39798
3.39194
3.38862
3.37417
3.3808
3.37331
3.36015
3.34456
3.3268
3.33017
3.32178
3.31023
3.28657
3.27441
3.2714
3.25507
3.24203
3.21874
3.20721
3.20043
3.18314
3.16932
3.14677
3.13601
3.12425
3.10713
3.09094
3.071
3.06253
3.04709
3.02924
3.0089
2.99339
2.98641
2.97113
2.95499
2.93135
2.91885
2.9153
2.90483
2.89195
2.87318
2.85683
2.84278
2.82781
2.81207
2.81659
2.96978
3.59153
4.11584
4.19956
4.18944
4.14936
4.10331
4.05063
3.99578
3.96016
3.93085
3.91042
3.88859
3.855
3.8134
3.75704
3.69757
3.65974
3.63094
3.60417
3.58176
3.56275
3.53708
3.50763
3.47478
3.43063
3.37692
3.3406
3.31589
3.29282
3.27325
3.25741
3.23827
3.21808
3.19679
3.17017
3.12859
3.07517
3.03898
3.01817
3.00071
2.98917
2.97981
2.96534
2.9517
2.93703
2.9183
2.88778
2.8424
2.80641
2.78763
2.77269
2.76052
2.75154
2.73999
2.72935
2.71846
2.70483
2.68269
2.64868
2.61949
2.604
2.59214
2.58143
2.57177
2.56338
2.55653
2.54907
2.53556
2.51242
2.48549
2.46533
2.45044
2.43798
2.42821
2.4204
2.41409
2.40676
2.39526
2.37331
2.34645
2.33168
2.3229
2.31559
2.30868
2.30433
2.30435
2.30562
2.3043
2.2991
2.29139
2.29111
2.29394
2.30054
2.31116
2.33103
2.36672
2.46134
2.59095
2.74621
2.89858
2.97442
3.0244
3.06629
3.09222
3.09871
3.09378
3.07812
3.06599
3.06217
3.06277
3.07146
3.08108
3.0854
3.08669
3.08204
3.06722
3.05792
3.05668
3.05585
3.05532
3.05758
3.06088
3.06065
3.05641
3.05183
3.05155
1
1
1
1
1
1
1.00003
1.01231
1.44444
2.57296
3.17327
3.36521
3.36018
3.34543
3.34921
3.34672
3.3483
3.36053
3.35498
3.35589
3.34491
3.34502
3.34837
3.33363
3.32646
3.30959
3.30513
3.30694
3.29695
3.28318
3.25642
3.25574
3.25084
3.23735
3.22262
3.19887
3.19739
3.18717
3.17151
3.15574
3.13522
3.12924
3.11537
3.10078
3.08172
3.06664
3.05817
3.04103
3.02547
3.00431
2.99554
2.9864
2.96958
2.95262
2.92986
2.9259
2.91981
2.90678
2.89094
2.869
2.85563
2.84294
2.83042
2.83938
3.0302
3.68665
4.14015
4.23032
4.22618
4.18927
4.12531
4.06171
4.00228
3.96261
3.9361
3.9125
3.8959
3.86937
3.83344
3.79397
3.74131
3.67638
3.6295
3.59957
3.57326
3.55043
3.53057
3.5043
3.47511
3.44562
3.41166
3.36465
3.3125
3.27873
3.25519
3.23372
3.21599
3.1986
3.1798
3.16083
3.14099
3.11577
3.07614
3.02767
2.9945
2.97408
2.95662
2.94189
2.92888
2.91604
2.90362
2.89054
2.87319
2.84466
2.80503
2.77337
2.75417
2.73859
2.72455
2.7112
2.69918
2.68906
2.67993
2.66822
2.64719
2.61692
2.59408
2.57943
2.56605
2.55281
2.54014
2.52867
2.51951
2.51222
2.50272
2.4841
2.46256
2.44606
2.43179
2.41774
2.40429
2.39328
2.3851
2.37774
2.36652
2.34628
2.32442
2.3086
2.29704
2.28781
2.2797
2.27228
2.26556
2.26259
2.26407
2.26253
2.24851
2.22915
2.22125
2.22238
2.22616
2.22982
2.24015
2.26983
2.34459
2.4987
2.68633
2.80214
2.89994
2.99287
3.03301
3.04801
3.05788
3.04943
3.03043
3.0226
3.02676
3.04075
3.05169
3.05365
3.05335
3.04448
3.02339
3.00609
3.00156
3.004
3.01268
3.02202
3.02705
3.02766
3.02501
3.01554
1
1
1
1
1
1
1
1.00003
1.01177
1.46121
2.51109
3.1383
3.30682
3.32351
3.32078
3.3025
3.30726
3.31631
3.31427
3.3119
3.3003
3.31074
3.30639
3.29545
3.29289
3.27794
3.28329
3.28017
3.26741
3.24986
3.23101
3.23451
3.22842
3.21822
3.19448
3.18323
3.18245
3.1694
3.1575
3.13549
3.12489
3.11936
3.10411
3.09087
3.0695
3.06003
3.05018
3.03437
3.01913
3.00045
2.99476
2.98277
2.96654
2.94727
2.93196
2.92974
2.91981
2.90545
2.88431
2.86542
2.85534
2.8454
2.85807
3.1016
3.73627
4.2312
4.24623
4.21992
4.19021
4.15412
4.09957
4.02953
3.96724
3.93194
3.90303
3.87752
3.85877
3.82888
3.79311
3.75651
3.71508
3.66223
3.60558
3.56705
3.5393
3.51362
3.49038
3.466
3.43818
3.41029
3.3826
3.35013
3.30518
3.25591
3.2221
3.19826
3.17614
3.1563
3.13797
3.11946
3.10154
3.08335
3.0609
3.02737
2.9864
2.95423
2.93179
2.91275
2.89523
2.87922
2.86496
2.8522
2.8401
2.82515
2.80133
2.76879
2.74167
2.72255
2.70593
2.68991
2.67469
2.66103
2.64925
2.63874
2.62708
2.60805
2.58582
2.5703
2.55714
2.54378
2.52968
2.51474
2.49947
2.48455
2.46969
2.45741
2.44577
2.43324
2.42124
2.40908
2.3963
2.38267
2.36921
2.35712
2.34545
2.33167
2.31499
2.301
2.29009
2.27931
2.26727
2.25397
2.24213
2.2339
2.22913
2.22659
2.22382
2.21124
2.19976
2.19182
2.18307
2.1748
2.16781
2.16116
2.16279
2.17904
2.24788
2.38706
2.55523
2.7493
2.85969
2.94397
3.00661
3.01592
3.01143
2.99882
2.99731
3.00048
3.0041
3.00995
3.01562
3.01309
2.99661
2.97178
2.96539
2.96649
2.97107
2.9789
2.98907
2.99462
2.99422
2.98607
1
1
1
1
1
1
1
1
1.00003
1.01331
1.42961
2.46111
3.08148
3.26786
3.29959
3.276
3.26367
3.26555
3.26702
3.26134
3.26034
3.27184
3.26312
3.26204
3.25502
3.25027
3.2568
3.24563
3.23386
3.21689
3.20947
3.2129
3.20622
3.19351
3.1664
3.16558
3.16288
3.15148
3.13757
3.1136
3.11286
3.10568
3.09154
3.07628
3.05561
3.05106
3.04004
3.02666
3.00987
2.99583
2.99026
2.97597
2.96141
2.94111
2.93353
2.92939
2.91633
2.89976
2.87502
2.86378
2.8577
2.87749
3.15083
3.86648
4.19619
4.24185
4.23552
4.19744
4.15503
4.11477
4.06518
4.00645
3.94894
3.90498
3.8723
3.84321
3.81469
3.7827
3.74763
3.71141
3.6752
3.63665
3.58961
3.53921
3.50296
3.47537
3.44776
3.42088
3.39526
3.36926
3.3434
3.31769
3.28795
3.2478
3.20143
3.16644
3.14221
3.12033
3.09918
3.07916
3.06102
3.04478
3.02884
3.0097
2.98121
2.94354
2.91169
2.88948
2.87047
2.85215
2.83468
2.81906
2.80555
2.79296
2.77909
2.75797
2.73001
2.70846
2.69259
2.67735
2.66176
2.64559
2.62912
2.61271
2.59435
2.57465
2.55985
2.54985
2.53929
2.52748
2.51567
2.50457
2.4922
2.47664
2.45673
2.43245
2.41577
2.40785
2.40016
2.39051
2.37996
2.36939
2.35833
2.34627
2.33283
2.31701
2.30075
2.28871
2.27945
2.27046
2.26062
2.2491
2.23581
2.22172
2.20834
2.19711
2.18967
2.18598
2.18042
2.17154
2.16229
2.15515
2.1479
2.13814
2.12458
2.11132
2.10619
2.11546
2.15762
2.29674
2.50988
2.67664
2.81645
2.93445
2.96279
2.96939
2.97531
2.97341
2.96836
2.96507
2.95981
2.95997
2.95554
2.94703
2.94877
2.95041
2.94899
2.95006
2.9544
2.95787
2.95975
2.95173
1
1
1
1
1
1
1
1
1
1.00004
1.01137
1.37001
2.41129
3.02326
3.23591
3.24784
3.22486
3.21937
3.22334
3.21696
3.22548
3.23298
3.22739
3.22555
3.21277
3.2207
3.2212
3.20679
3.20122
3.18602
3.18794
3.18944
3.18056
3.16348
3.14207
3.14501
3.14083
3.13165
3.11053
3.09696
3.09791
3.08789
3.07622
3.05516
3.0425
3.0401
3.02872
3.017
2.99757
2.98846
2.98178
2.96755
2.95372
2.93488
2.93146
2.92426
2.90942
2.88886
2.86875
2.86615
2.90182
3.24628
3.90997
4.30419
4.29263
4.24242
4.1889
4.14742
4.11312
4.07507
4.02953
3.98212
3.93289
3.88146
3.83533
3.79917
3.76556
3.73227
3.69928
3.66517
3.63047
3.59693
3.56213
3.51924
3.46946
3.43133
3.40289
3.37547
3.34838
3.32346
3.30016
3.27668
3.25289
3.22608
3.18867
3.1422
3.10855
3.08674
3.06647
3.04637
3.02754
3.0109
2.99563
2.97972
2.96044
2.93131
2.89484
2.86817
2.84947
2.83177
2.8141
2.7969
2.78032
2.76423
2.74788
2.72886
2.70521
2.68572
2.6725
2.65997
2.64698
2.63397
2.62063
2.60513
2.58386
2.55449
2.52896
2.5165
2.50779
2.49957
2.49267
2.48582
2.47874
2.46994
2.4559
2.43086
2.40015
2.38144
2.37174
2.36283
2.3545
2.34659
2.33815
2.33007
2.32051
2.30598
2.28483
2.2691
2.26247
2.2566
2.24919
2.24045
2.23095
2.21968
2.20442
2.18465
2.16606
2.15619
2.15118
2.1465
2.14145
2.13633
2.13054
2.12254
2.11063
2.09391
2.07743
2.06799
2.06136
2.06651
2.10826
2.23418
2.40504
2.62574
2.77394
2.86008
2.91217
2.93579
2.94231
2.93641
2.92727
2.92373
2.91808
2.91991
2.93149
2.93416
2.93395
2.93236
2.92698
2.92219
2.91731
2.91237
1
1
1
1
1
1
1
1
1
1
1.00003
1.00834
1.35669
2.31054
2.9872
3.16839
3.20866
3.20257
3.1929
3.17949
3.19214
3.19262
3.18904
3.18175
3.17535
3.18674
3.17933
3.17114
3.16779
3.15753
3.16564
3.16215
3.14979
3.13089
3.11877
3.12336
3.1195
3.10931
3.08258
3.08058
3.07958
3.06904
3.05724
3.03232
3.03029
3.02714
3.01553
3.00344
2.98297
2.97808
2.97043
2.95789
2.94291
2.92847
2.92436
2.91446
2.89911
2.87566
2.87366
2.92142
3.36791
4.03091
4.31615
4.2976
4.24644
4.18295
4.12953
4.0903
4.05851
4.02749
3.98676
3.94443
3.90322
3.85945
3.80831
3.75714
3.71726
3.68308
3.64936
3.61686
3.58716
3.55623
3.52573
3.49341
3.44948
3.39604
3.35784
3.33125
3.3059
3.28132
3.25947
3.23859
3.21632
3.19357
3.16682
3.12716
3.07937
3.05041
3.03207
3.0141
2.99621
2.9798
2.96362
2.94718
2.92979
2.90671
2.8718
2.84032
2.82281
2.80862
2.79404
2.77896
2.76351
2.74739
2.72977
2.70708
2.67474
2.64952
2.63859
2.62944
2.6204
2.61203
2.60257
2.5918
2.57784
2.55595
2.52276
2.49436
2.48099
2.4718
2.46297
2.4583
2.45513
2.44836
2.44016
2.4272
2.40351
2.37133
2.35163
2.34149
2.33216
2.32258
2.31494
2.30749
2.30015
2.29128
2.27622
2.25292
2.2384
2.2326
2.22749
2.22237
2.21623
2.20904
2.19988
2.18513
2.1609
2.1384
2.12808
2.12202
2.11645
2.11178
2.10738
2.1024
2.0969
2.08708
2.067
2.04711
2.03591
2.02938
2.02537
2.0298
2.05418
2.1556
2.35891
2.53896
2.66699
2.79631
2.8726
2.8939
2.90384
2.90233
2.89312
2.88849
2.88831
2.89744
2.90775
2.90581
2.90246
2.89594
2.88754
2.88105
1
1
1
1
1
1
1
1
1
1
1
1.00002
1.00821
1.29555
2.21246
2.91578
3.10887
3.18416
3.17902
3.14968
3.15122
3.14633
3.14472
3.13573
3.13912
3.15036
3.14158
3.13978
3.1302
3.13111
3.13815
3.12601
3.11529
3.10203
3.09642
3.10101
3.0973
3.08286
3.0583
3.06051
3.05843
3.05033
3.03226
3.01402
3.01697
3.01075
3.00009
2.98449
2.96678
2.96558
2.95755
2.94609
2.93004
2.91862
2.91356
2.90038
2.88361
2.88268
2.965
3.49188
4.10691
4.31731
4.31667
4.27994
4.21356
4.14637
4.08884
4.04529
4.00456
3.96873
3.93568
3.89938
3.86206
3.82273
3.77527
3.71453
3.66273
3.62911
3.59831
3.56864
3.54313
3.51632
3.48702
3.45784
3.4237
3.37478
3.3201
3.285
3.26098
3.23832
3.21691
3.19854
3.17866
3.15736
3.13606
3.10909
3.06632
3.02199
2.99942
2.98315
2.96672
2.95122
2.93539
2.91922
2.90281
2.88278
2.84979
2.80944
2.78969
2.7778
2.76549
2.75337
2.74195
2.72866
2.71408
2.69611
2.66766
2.6296
2.60714
2.59708
2.5881
2.57977
2.5727
2.56444
2.55611
2.5455
2.5256
2.4915
2.46367
2.45042
2.4406
2.4312
2.42214
2.41511
2.40993
2.40405
2.39268
2.37012
2.3429
2.3264
2.3155
2.30448
2.29369
2.28429
2.27678
2.27058
2.26255
2.24653
2.22361
2.2099
2.20384
2.19822
2.19259
2.18636
2.17922
2.17072
2.15729
2.13465
2.11398
2.10477
2.09932
2.09384
2.08711
2.08062
2.07534
2.07
2.06083
2.04288
2.02154
2.00953
2.00273
1.99829
1.99323
1.99456
2.0148
2.09183
2.22979
2.42637
2.61242
2.73237
2.80936
2.85015
2.86535
2.86083
2.85409
2.85705
2.86064
2.86796
2.87142
2.87076
2.86827
2.85902
1
1
1
1
1
1
1
1
1
1
1
1
1.00002
1.00557
1.21348
2.15568
2.82092
3.07041
3.15942
3.13619
3.10494
3.10198
3.1088
3.10343
3.11035
3.11695
3.11269
3.10479
3.09148
3.10224
3.10167
3.08805
3.08442
3.07247
3.07519
3.07861
3.07022
3.05239
3.03418
3.03789
3.03703
3.03013
3.00471
2.99848
3.00016
2.99199
2.98251
2.96101
2.95303
2.9524
2.9428
2.932
2.9145
2.90642
2.89931
2.88433
2.89046
3.02068
3.61638
4.23293
4.31861
4.29784
4.26183
4.21759
4.17071
4.11788
4.05208
3.9931
3.94662
3.90546
3.87345
3.84484
3.81198
3.77711
3.73701
3.68216
3.61759
3.57431
3.54456
3.51633
3.4911
3.46775
3.44061
3.41354
3.38566
3.3505
3.30071
3.25015
3.21891
3.19705
3.17666
3.15767
3.13925
3.11925
3.09993
3.07959
3.0508
3.00677
2.9694
2.95027
2.9346
2.91923
2.905
2.89001
2.87499
2.85829
2.83345
2.79383
2.76102
2.74642
2.73488
2.72299
2.71283
2.70129
2.68719
2.67326
2.65553
2.62488
2.58938
2.57193
2.56222
2.55246
2.5421
2.53319
2.52586
2.51822
2.50767
2.48638
2.45641
2.43592
2.42302
2.41102
2.39934
2.38852
2.37854
2.36941
2.3613
2.35111
2.33283
2.3149
2.30286
2.29163
2.27926
2.26614
2.2533
2.24173
2.23212
2.22337
2.20951
2.19319
2.18375
2.17674
2.16935
2.16211
2.15552
2.14962
2.14268
2.13015
2.11005
2.09273
2.08324
2.07671
2.07003
2.06254
2.05619
2.05161
2.04607
2.03608
2.01968
2.00218
1.99047
1.98117
1.97238
1.96647
1.96324
1.9636
1.97302
2.02246
2.17513
2.3722
2.51998
2.66757
2.77537
2.80862
2.81855
2.82826
2.82356
2.81692
2.81593
2.82573
2.83672
2.83107
1
1
1
1
1
1
1
1
1
1
1
1
1
1.00001
1.00303
1.19116
2.04604
2.72873
3.02953
3.11641
3.10711
3.0987
3.08661
3.07281
3.08433
3.08476
3.07691
3.06053
3.0554
3.06808
3.06391
3.05827
3.05308
3.04442
3.05339
3.04949
3.03505
3.02239
3.01129
3.01587
3.01624
3.0069
2.97903
2.97915
2.98005
2.97412
2.96213
2.9383
2.9392
2.93701
2.92663
2.91542
2.89664
2.89193
2.88414
2.89963
3.12117
3.79083
4.27947
4.30907
4.27028
4.2365
4.19882
4.15791
4.11711
4.0709
4.00737
3.93823
3.88864
3.84784
3.81474
3.7879
3.75739
3.72495
3.68989
3.64662
3.58849
3.53025
3.49295
3.46557
3.44002
3.41597
3.3916
3.36718
3.34249
3.31532
3.27951
3.23167
3.18709
3.15887
3.13798
3.11825
3.09878
3.07985
3.0617
3.04422
3.02464
2.99479
2.95288
2.92221
2.90444
2.88861
2.87246
2.85668
2.84177
2.82708
2.80954
2.78131
2.74277
2.71867
2.70623
2.6946
2.68236
2.6698
2.65582
2.64252
2.62939
2.61037
2.58004
2.55371
2.54013
2.52946
2.51842
2.507
2.49566
2.48473
2.47355
2.4594
2.43751
2.41639
2.40359
2.39307
2.38233
2.37091
2.35853
2.34567
2.33246
2.31803
2.30413
2.29205
2.28146
2.27197
2.26216
2.25129
2.23901
2.22546
2.21099
2.19561
2.18197
2.17177
2.16347
2.1561
2.14858
2.14083
2.13326
2.12678
2.12107
2.11363
2.10054
2.08455
2.07328
2.06489
2.05611
2.0458
2.0352
2.02751
2.02295
2.01839
2.00901
1.99551
1.98424
1.97497
1.96557
1.95604
1.9468
1.94023
1.93484
1.93124
1.93845
1.98269
2.10022
2.27347
2.4904
2.63009
2.71102
2.75439
2.7743
2.77284
2.76996
2.77966
2.78763
2.78369
1
1
1
1
1
1
1
1
1
1
1
1
1
1
1.00001
1.00244
1.14952
1.86062
2.64442
2.96898
3.07147
3.09149
3.07145
3.04234
3.04593
3.03426
3.02562
3.02166
3.02295
3.03789
3.03593
3.03159
3.0151
3.01663
3.0241
3.0121
3.00298
2.99553
2.98857
2.9948
2.99303
2.97913
2.95607
2.95716
2.95885
2.95502
2.9363
2.9201
2.92418
2.91924
2.91014
2.89392
2.87958
2.88001
2.91618
3.27475
3.93328
4.37794
4.35855
4.2728
4.20064
4.1643
4.1342
4.10047
4.05754
4.01137
3.95558
3.8888
3.83215
3.7904
3.75582
3.72652
3.69613
3.66563
3.634
3.59898
3.55681
3.50418
3.45224
3.41699
3.39036
3.3652
3.34078
3.31749
3.29474
3.27126
3.24491
3.2113
3.16878
3.12979
3.10359
3.0826
3.06226
3.04209
3.02271
3.0044
2.98661
2.96606
2.9356
2.89909
2.87437
2.85709
2.84055
2.82419
2.80843
2.79334
2.77791
2.75805
2.72738
2.69473
2.67721
2.6654
2.65295
2.63944
2.62539
2.61145
2.59804
2.58346
2.56162
2.53396
2.51667
2.50631
2.49597
2.48473
2.47285
2.46024
2.44631
2.42878
2.40484
2.38414
2.37378
2.36575
2.3577
2.34977
2.34145
2.33165
2.31815
2.29688
2.27077
2.2541
2.24641
2.2403
2.23445
2.22812
2.22106
2.21269
2.20158
2.18425
2.16046
2.14449
2.1374
2.13179
2.12636
2.12109
2.1154
2.10858
2.10036
2.09014
2.07762
2.06558
2.05741
2.05129
2.04444
2.03558
2.02463
2.01303
2.0033
1.99578
1.98943
1.98295
1.97422
1.9657
1.95924
1.95328
1.94627
1.93578
1.92222
1.91261
1.90608
1.90341
1.9078
1.93639
2.05916
2.26882
2.41699
2.5332
2.65479
2.7062
2.72477
2.74488
2.74332
2.73713
1
1
1
1
1
1
1
1
1
1
1
1
1
1
1
1
1.00169
1.07601
1.69309
2.56221
2.88861
3.0433
3.04774
3.01658
2.99658
2.99049
2.99838
2.99623
2.99811
3.01204
3.01087
2.99924
2.97912
2.98714
2.98877
2.97802
2.97593
2.96633
2.96791
2.97351
2.96444
2.94874
2.93286
2.93452
2.93907
2.93518
2.90887
2.90248
2.90504
2.90065
2.89281
2.87087
2.87166
2.94561
3.42706
4.11354
4.37893
4.36244
4.28821
4.2052
4.1355
4.09224
4.0581
4.02604
3.98685
3.94588
3.9029
3.85253
3.79409
3.7402
3.69863
3.66379
3.63147
3.60124
3.57194
3.54249
3.51244
3.47795
3.43242
3.38247
3.34649
3.31975
3.29472
3.2701
3.24766
3.2267
3.20484
3.18009
3.14713
3.10442
3.06863
3.04608
3.0274
3.00866
2.98939
2.97008
2.95129
2.9322
2.90854
2.875
2.84328
2.82379
2.80787
2.79198
2.77614
2.76056
2.74513
2.72838
2.70541
2.67345
2.64792
2.63384
2.62185
2.60924
2.59588
2.58204
2.56812
2.55346
2.53445
2.50779
2.48562
2.47428
2.46586
2.45716
2.44778
2.43757
2.42551
2.40903
2.38321
2.35468
2.34104
2.33327
2.32593
2.32005
2.31479
2.30804
2.2993
2.28417
2.25722
2.23016
2.21723
2.21001
2.20382
2.19892
2.19529
2.1898
2.18332
2.17323
2.15444
2.13126
2.11779
2.11106
2.10565
2.10054
2.09527
2.08935
2.08232
2.07258
2.05763
2.04183
2.03374
2.02972
2.02599
2.02146
2.0155
2.00704
1.99622
1.98572
1.97487
1.96352
1.95806
1.95509
1.95266
1.9499
1.94619
1.93935
1.92683
1.91008
1.89587
1.89126
1.89015
1.89014
1.89529
1.9258
2.01807
2.14545
2.33929
2.50099
2.59865
2.65899
2.68288
2.70089
1
1
1
1
1
1
1
1
1
1
1
1
1
1
1
1
1
1.00052
1.04489
1.68574
2.42009
2.85629
3.00272
3.00133
2.98676
2.98804
2.98851
2.97655
2.98455
2.98809
2.97755
2.95646
2.94546
2.95681
2.95797
2.95417
2.94771
2.93817
2.94738
2.94518
2.929
2.92199
2.91244
2.91315
2.91872
2.91183
2.88552
2.88314
2.88393
2.88085
2.86905
2.87761
3.03503
3.61821
4.18489
4.34878
4.34315
4.2742
4.20116
4.13501
4.07337
4.02802
3.98778
3.95061
3.91166
3.87471
3.83995
3.80262
3.75718
3.70038
3.64384
3.60258
3.57053
3.54114
3.51404
3.48902
3.46497
3.43941
3.40702
3.35838
3.30566
3.27183
3.24678
3.22366
3.20328
3.18468
3.1653
3.14349
3.11641
3.07832
3.03401
3.00451
2.98655
2.97054
2.95428
2.93743
2.91993
2.90122
2.87869
2.84666
2.80945
2.78554
2.77012
2.75563
2.74118
2.72699
2.71283
2.69767
2.67842
2.64962
2.61788
2.59947
2.58776
2.57652
2.56473
2.55234
2.5392
2.52476
2.50681
2.48134
2.4534
2.43987
2.43285
2.42554
2.41749
2.40837
2.39808
2.38562
2.36661
2.33746
2.31433
2.30427
2.29683
2.28953
2.28295
2.27626
2.2695
2.26106
2.24558
2.22038
2.20032
2.19016
2.18268
2.17644
2.17134
2.16611
2.15999
2.15212
2.13868
2.11794
2.10291
2.09619
2.09199
2.08837
2.08442
2.0792
2.07184
2.06048
2.04217
2.02715
2.02155
2.01788
2.01456
2.01095
2.00678
2.00087
1.99149
1.98027
1.96943
1.95844
1.95159
1.94928
1.94749
1.94505
1.94133
1.93662
1.93122
1.91977
1.90631
1.89952
1.89589
1.89164
1.8858
1.88259
1.88265
1.89409
1.95488
2.13217
2.30195
2.41088
2.53357
2.63897
1
1
1
1
1
1
1
1
1
1
1
1
1
1
1
1
1
1
1.00025
1.04633
1.52352
2.23433
2.78892
2.95485
2.98481
2.9923
2.97594
2.94962
2.95609
2.94441
2.92578
2.92468
2.9233
2.93077
2.936
2.93336
2.91211
2.91069
2.92015
2.91146
2.9024
2.8988
2.88892
2.89461
2.89557
2.88256
2.86164
2.85942
2.86441
2.86417
2.89304
3.20563
3.84496
4.26931
4.3614
4.33326
4.27186
4.19889
4.13629
4.07759
4.01667
3.9647
3.92113
3.88185
3.845
3.80995
3.77794
3.7468
3.71233
3.66664
3.60504
3.54732
3.51296
3.48704
3.462
3.43883
3.41612
3.39268
3.36696
3.32984
3.275
3.2267
3.19846
3.17751
3.15879
3.14095
3.12286
3.10312
3.07976
3.04766
3.00139
2.96006
2.94014
2.9261
2.91267
2.89896
2.88441
2.86821
2.84824
2.81893
2.77769
2.7453
2.7284
2.71512
2.7022
2.68967
2.67758
2.66491
2.64915
2.62495
2.59021
2.56363
2.55054
2.54044
2.53055
2.52029
2.50919
2.49644
2.48057
2.45777
2.42704
2.40688
2.39898
2.39274
2.38578
2.37741
2.36797
2.35783
2.34521
2.3246
2.29778
2.28228
2.27418
2.26629
2.25738
2.24787
2.23932
2.23214
2.22347
2.20647
2.18869
2.17874
2.17068
2.16323
2.15689
2.1513
2.14509
2.1354
2.11813
2.09922
2.08904
2.0842
2.08097
2.07843
2.07579
2.07217
2.06651
2.05697
2.04096
2.02262
2.01041
2.00499
2.00114
1.99762
1.99425
1.99111
1.98735
1.9801
1.96562
1.95632
1.95564
1.95457
1.95294
1.95074
1.9468
1.93982
1.92728
1.90985
1.89689
1.89151
1.88808
1.88448
1.88132
1.87755
1.8739
1.86967
1.86201
1.8721
1.92672
2.04079
2.19642
2.46292
1
1
1
1
1
1
1
1
1
1
1
1
1
1
1
1
1
1
1
1.00027
1.02065
1.27225
2.13872
2.7329
2.88124
2.96382
2.95332
2.92101
2.90385
2.89454
2.9048
2.91243
2.90391
2.90692
2.9139
2.90471
2.87951
2.88191
2.8871
2.8801
2.87985
2.87182
2.86871
2.87526
2.86562
2.85115
2.83892
2.83619
2.84633
2.9445
3.42577
4.08942
4.33472
4.3118
4.25208
4.19364
4.148
4.10733
4.06448
4.01742
3.96525
3.90953
3.85939
3.81934
3.78193
3.74611
3.71356
3.68343
3.65293
3.61721
3.56963
3.5112
3.464
3.43522
3.41081
3.38656
3.36293
3.33999
3.31601
3.28603
3.24158
3.18829
3.15189
3.12904
3.1099
3.09268
3.07619
3.05871
3.0383
3.01116
2.96969
2.92111
2.89535
2.88084
2.86712
2.85389
2.84075
2.82681
2.8105
2.78725
2.74983
2.70919
2.68747
2.67412
2.66187
2.65029
2.63953
2.62903
2.61698
2.59927
2.56977
2.5354
2.51528
2.5038
2.49402
2.4849
2.47577
2.46572
2.45336
2.43566
2.40947
2.38288
2.36942
2.36241
2.35592
2.34863
2.34032
2.33131
2.32124
2.30659
2.28389
2.26494
2.25712
2.25096
2.24321
2.23388
2.22469
2.21547
2.20537
2.19298
2.17781
2.16469
2.15576
2.14998
2.14513
2.14066
2.13583
2.12858
2.11427
2.09453
2.08251
2.07717
2.07305
2.06915
2.0651
2.06033
2.0544
2.04746
2.03793
2.02157
2.00618
1.99975
1.99623
1.99403
1.99222
1.98948
1.98474
1.97671
1.96525
1.95365
1.94761
1.94499
1.94287
1.94032
1.93639
1.93017
1.92065
1.90574
1.89325
1.88869
1.88547
1.8822
1.87923
1.87562
1.87125
1.86544
1.8568
1.84686
1.84615
1.85307
1.88639
2.134
1
1
1
1
1
1
1
1
1
1
1
1
1
1
1
1
1
1
1
1
1.00007
1.00509
1.22821
2.09146
2.58918
2.83909
2.93145
2.90911
2.88488
2.88797
2.90116
2.89613
2.89169
2.89604
2.88668
2.85894
2.84314
2.84951
2.8641
2.86577
2.85842
2.83914
2.84546
2.84713
2.82863
2.82752
2.82644
2.84806
3.08493
3.68586
4.22743
4.3882
4.35012
4.27214
4.16395
4.08203
4.04623
4.02179
3.99392
3.95646
3.91628
3.86782
3.80838
3.75608
3.71719
3.68142
3.64756
3.61623
3.58663
3.55647
3.52206
3.47763
3.4249
3.38327
3.355
3.3298
3.30496
3.28032
3.25561
3.22943
3.19721
3.15282
3.10634
3.07777
3.05823
3.04029
3.02301
3.00556
2.98665
2.96412
2.93255
2.88739
2.85159
2.83515
2.82185
2.80825
2.79475
2.78136
2.76719
2.74953
2.72151
2.6807
2.65019
2.63471
2.62239
2.61066
2.59964
2.58931
2.57894
2.56629
2.54559
2.51374
2.48744
2.47376
2.46401
2.45507
2.44635
2.43727
2.42645
2.41159
2.38966
2.36357
2.34679
2.33899
2.33287
2.32659
2.3197
2.3115
2.30153
2.29017
2.27274
2.24877
2.23834
2.23506
2.23328
2.23128
2.22627
2.21767
2.20376
2.18163
2.15896
2.15495
2.15435
2.15184
2.14849
2.14399
2.1369
2.12537
2.11099
2.09578
2.08494
2.08035
2.0769
2.0733
2.06932
2.06472
2.05899
2.04997
2.03338
2.01307
2.00898
2.00767
2.00378
2.00113
1.99895
1.99575
1.99104
1.98426
1.97358
1.95849
1.94517
1.93891
1.93579
1.93299
1.92942
1.92421
1.91652
1.90623
1.89764
1.89425
1.89218
1.88985
1.88712
1.88394
1.88012
1.87468
1.86477
1.8514
1.84115
1.83915
1.83902
1.87567
1
1
1
1
1
1
1
1
1
1
1
1
1
1
1
1
1
1
1
1
1
1.00001
1.00433
1.21514
1.87153
2.41982
2.76856
2.88438
2.9016
2.90021
2.89538
2.87059
2.87346
2.86741
2.83375
2.82226
2.82631
2.82828
2.84381
2.84917
2.8329
2.81495
2.8201
2.8102
2.80506
2.81211
2.89358
3.36072
3.95666
4.29766
4.30472
4.27758
4.22876
4.15593
4.0722
4.01953
3.98755
3.95705
3.92459
3.88864
3.85391
3.81583
3.76327
3.69832
3.64639
3.6092
3.57662
3.54615
3.51758
3.48987
3.46106
3.42661
3.37973
3.32782
3.29229
3.26708
3.24282
3.21788
3.19312
3.16942
3.14461
3.11217
3.06612
3.0242
3.00103
2.98365
2.96699
2.9504
2.93322
2.91439
2.89093
2.85569
2.81269
2.78801
2.77439
2.76139
2.74823
2.73531
2.72236
2.70775
2.68683
2.65318
2.61871
2.60125
2.58992
2.57896
2.56813
2.55762
2.54702
2.53511
2.51786
2.48988
2.46162
2.44716
2.43833
2.43052
2.42303
2.41582
2.40801
2.39676
2.37704
2.35039
2.33166
2.32341
2.31793
2.313
2.30804
2.30201
2.2925
2.27684
2.25543
2.23743
2.22852
2.22407
2.22054
2.21691
2.21235
2.20549
2.19453
2.17592
2.15766
2.14799
2.14184
2.13797
2.13442
2.13
2.12411
2.116
2.10504
2.08986
2.07409
2.06809
2.06476
2.06106
2.05695
2.0528
2.0483
2.04268
2.03506
2.02291
2.0085
1.99845
1.99366
1.99132
1.98914
1.98634
1.98202
1.97453
1.96188
1.94686
1.93801
1.93411
1.93112
1.92803
1.92451
1.92034
1.91493
1.9059
1.89275
1.88485
1.88235
1.88044
1.87812
1.87552
1.87246
1.86784
1.85902
1.84526
1.83641
1.83274
1.83139
1.82937
1
1
1
1
1
1
1
1
1
1
1
1
1
1
1
1
1
1
1
1
1
1
1.00001
1.00371
1.09928
1.51798
2.28628
2.72852
2.83501
2.89113
2.87981
2.84138
2.8263
2.80389
2.79896
2.81886
2.81951
2.81456
2.82766
2.82648
2.80031
2.7834
2.78776
2.78995
2.82014
3.05228
3.66102
4.16374
4.32039
4.35845
4.31707
4.22569
4.13709
4.05454
3.99172
3.95329
3.92202
3.88884
3.84963
3.81233
3.7786
3.74537
3.70329
3.64281
3.57811
3.53507
3.50478
3.477
3.44993
3.4233
3.39613
3.36587
3.32588
3.2708
3.22236
3.19611
3.17547
3.15453
3.13351
3.11285
3.09143
3.0656
3.02758
2.97852
2.94386
2.92564
2.91142
2.89771
2.88351
2.86801
2.84938
2.82293
2.78307
2.74826
2.73224
2.7207
2.70896
2.69695
2.68474
2.67116
2.65317
2.62595
2.59193
2.57138
2.56086
2.5516
2.54252
2.53355
2.52403
2.51298
2.49881
2.47609
2.44673
2.4298
2.42155
2.41454
2.40804
2.40198
2.39525
2.38684
2.37582
2.35885
2.34031
2.32994
2.32339
2.31729
2.31024
2.30097
2.29004
2.27567
2.25344
2.2309
2.22157
2.21734
2.21339
2.20958
2.20544
2.19971
2.19131
2.17975
2.16339
2.14565
2.13589
2.13135
2.12735
2.12259
2.11754
2.11286
2.10547
2.08877
2.07002
2.06321
2.05998
2.0563
2.05214
2.04817
2.04439
2.03935
2.0288
2.01298
1.99978
1.99244
1.98888
1.98634
1.98401
1.98164
1.97838
1.9714
1.95798
1.94236
1.93501
1.93193
1.92882
1.92528
1.92145
1.9175
1.91299
1.90515
1.89125
1.88079
1.87758
1.87566
1.87349
1.87136
1.86915
1.86549
1.8571
1.84402
1.83462
1.83057
1.82873
1.82521
1
1
1
1
1
1
1
1
1
1
1
1
1
1
1
1
1
1
1
1
1
1
1
1.00001
1.00078
1.0206
1.39499
2.26873
2.62775
2.79451
2.85787
2.82912
2.79182
2.78648
2.8033
2.81578
2.80947
2.81329
2.81391
2.79314
2.7598
2.75766
2.76684
2.88639
3.38911
3.98865
4.29315
4.26492
4.22587
4.21191
4.17741
4.11684
4.05459
3.99324
3.93204
3.87459
3.83234
3.79739
3.76195
3.72619
3.69159
3.65724
3.6191
3.57083
3.51155
3.46062
3.42798
3.40161
3.3767
3.35231
3.32727
3.29944
3.26424
3.21592
3.1636
3.12926
3.10821
3.09049
3.07351
3.05632
3.03808
3.01638
2.98468
2.93774
2.89686
2.87672
2.86382
2.85315
2.84321
2.83134
2.81474
2.79227
2.75915
2.7181
2.69648
2.68709
2.67932
2.67127
2.66231
2.65066
2.63247
2.60595
2.5731
2.55119
2.54094
2.53326
2.52637
2.52015
2.5136
2.50362
2.48645
2.46177
2.44372
2.43496
2.42759
2.41931
2.41022
2.40197
2.3942
2.38426
2.37082
2.3488
2.32597
2.31383
2.30705
2.30154
2.29693
2.2916
2.2827
2.26902
2.25339
2.24003
2.23003
2.22521
2.22132
2.21699
2.21157
2.20382
2.19352
2.17917
2.16054
2.14351
2.13497
2.13059
2.12637
2.12167
2.1166
2.11111
2.10475
2.09563
2.07953
2.07117
2.06768
2.06399
2.05962
2.05484
2.04944
2.04122
2.02726
2.00893
1.99584
1.99096
1.98816
1.98564
1.98315
1.98051
1.97738
1.97297
1.96165
1.94799
1.94215
1.93894
1.93568
1.93225
1.92853
1.9241
1.91739
1.90641
1.89118
1.87993
1.87642
1.87443
1.87228
1.87012
1.86788
1.86548
1.86166
1.85131
1.8413
1.83695
1.83476
1.82971
1
1
1
1
1
1
1
1
1
1
1
1
1
1
1
1
1
1
1
1
1
1
1
1
1
1.00008
1.01686
1.43779
2.10765
2.50222
2.72336
2.79888
2.80657
2.80494
2.81256
2.80442
2.80428
2.80541
2.77508
2.74224
2.74563
2.79412
3.13246
3.79469
4.22556
4.38401
4.35625
4.25153
4.13838
4.05475
4.01019
3.98454
3.95779
3.91812
3.86267
3.79763
3.73671
3.69563
3.66365
3.63054
3.59524
3.55909
3.52376
3.48792
3.44386
3.39159
3.35203
3.32501
3.30174
3.27979
3.25774
3.23373
3.20484
3.16599
3.11703
3.07696
3.05445
3.03883
3.02453
3.00997
2.99433
2.97578
2.94933
2.90875
2.86629
2.84407
2.83199
2.82175
2.81251
2.80377
2.79483
2.77915
2.74813
2.70696
2.67913
2.66766
2.66015
2.65226
2.64359
2.63582
2.62749
2.60876
2.57227
2.54197
2.53128
2.52516
2.51905
2.51236
2.5059
2.50061
2.49254
2.47199
2.44011
2.42095
2.41407
2.40818
2.40148
2.39432
2.38938
2.38572
2.37452
2.3477
2.31871
2.30635
2.30041
2.29501
2.29097
2.288
2.28455
2.27714
2.25924
2.23186
2.21653
2.21158
2.20835
2.20494
2.20135
2.19736
2.19097
2.1812
2.16452
2.14903
2.14246
2.13828
2.13388
2.12927
2.12452
2.11893
2.1099
2.09093
2.06878
2.0599
2.05656
2.05313
2.04934
2.04549
2.04136
2.03676
2.02917
2.01433
2.00379
2.00006
1.99725
1.99439
1.99147
1.98811
1.98289
1.97124
1.95197
1.93784
1.93316
1.93007
1.92715
1.92438
1.92147
1.91825
1.91502
1.91049
1.89993
1.88797
1.88291
1.8807
1.87866
1.87648
1.87378
1.869
1.85876
1.84334
1.8315
1.82744
1.82543
1.8205
1
1
1
1
1
1
1
1
1
1
1
1
1
1
1
1
1
1
1
1
1
1
1
1
1
1
1.00009
1.01836
1.26518
1.72018
2.32085
2.67224
2.76998
2.80738
2.80944
2.78961
2.77248
2.73599
2.72101
2.73504
2.94698
3.54834
4.10997
4.29008
4.2626
4.21919
4.17616
4.12369
4.04499
3.96212
3.90354
3.87294
3.84947
3.82049
3.78044
3.72782
3.66374
3.60919
3.57356
3.54389
3.51268
3.48093
3.45193
3.42423
3.38951
3.34094
3.29445
3.26523
3.24362
3.2239
3.2046
3.18452
3.1615
3.13092
3.08952
3.05158
3.03032
3.01548
3.00086
2.98514
2.96816
2.9494
2.92611
2.89596
2.86832
2.8503
2.83576
2.82118
2.80605
2.79241
2.77834
2.75852
2.73055
2.70396
2.6842
2.66966
2.65892
2.65032
2.64231
2.63291
2.61883
2.59647
2.56846
2.54582
2.53276
2.52446
2.51769
2.51152
2.5054
2.49764
2.48323
2.45683
2.42652
2.41328
2.40793
2.40322
2.39839
2.39331
2.38769
2.3788
2.36011
2.32824
2.30821
2.30255
2.29852
2.29474
2.2911
2.287
2.28113
2.26999
2.24853
2.22322
2.21139
2.20658
2.20279
2.19991
2.19754
2.19432
2.18836
2.17591
2.15531
2.13775
2.13129
2.12765
2.12392
2.12011
2.11618
2.11114
2.10212
2.08438
2.06414
2.05618
2.05294
2.0498
2.04657
2.04346
2.04005
2.03436
2.02199
2.0047
1.9955
1.99201
1.98901
1.986
1.98304
1.97983
1.97517
1.96567
1.94842
1.93519
1.93059
1.92762
1.92501
1.92264
1.92034
1.91793
1.91435
1.90671
1.89322
1.8801
1.87497
1.87265
1.87062
1.86865
1.8664
1.86269
1.85497
1.84084
1.82843
1.82402
1.82211
1.81739
1
1
1
1
1
1
1
1
1
1
1
1
1
1
1
1
1
1
1
1
1
1
1
1
1
1
1
1.00007
1.00455
1.05307
1.47004
2.30709
2.6117
2.73494
2.7871
2.77381
2.74138
2.7354
2.80639
3.17719
3.87294
4.25392
4.34458
4.31567
4.2137
4.08902
4.01426
3.97141
3.9148
3.85996
3.81116
3.77135
3.74195
3.71738
3.69135
3.65402
3.59971
3.54181
3.50106
3.47415
3.44925
3.42434
3.40093
3.37749
3.34903
3.30945
3.26271
3.22735
3.205
3.18685
3.16959
3.15178
3.13181
3.10775
3.07702
3.04071
3.01205
2.99496
2.98114
2.96703
2.95187
2.9349
2.91489
2.89038
2.86076
2.83508
2.81898
2.8058
2.79388
2.7817
2.76742
2.7509
2.73105
2.70404
2.67663
2.6609
2.65173
2.64439
2.63682
2.62677
2.61277
2.59445
2.56991
2.54493
2.53084
2.52274
2.51591
2.50935
2.50236
2.4933
2.47881
2.4535
2.42605
2.41371
2.40787
2.40256
2.39723
2.39181
2.3854
2.37541
2.3559
2.32603
2.30825
2.30229
2.2983
2.29464
2.29063
2.28578
2.27927
2.2681
2.24631
2.22178
2.21174
2.20765
2.20455
2.20161
2.19823
2.19385
2.18731
2.17461
2.15266
2.13416
2.12751
2.1239
2.12056
2.11745
2.11427
2.10974
2.10067
2.08228
2.06284
2.05557
2.05233
2.04939
2.04662
2.04383
2.04027
2.03392
2.02077
2.00276
1.99367
1.9901
1.98695
1.98377
1.9807
1.97744
1.97286
1.9638
1.94773
1.93497
1.93005
1.92739
1.92525
1.92311
1.92087
1.91826
1.91428
1.90663
1.89246
1.87868
1.87333
1.87085
1.86873
1.86667
1.86431
1.86061
1.85348
1.84058
1.82811
1.82333
1.82149
1.81688
1
1
1
1
1
1
1
1
1
1
1
1
1
1
1
1
1
1
1
1
1
1
1
1
1
1
1
1
1.00001
1.0003
1.02648
1.54546
2.21771
2.52753
2.66502
2.79591
2.92944
3.19971
3.61807
3.93633
4.04092
4.09859
4.10329
4.08873
4.07554
4.02433
3.96184
3.9006
3.8339
3.78971
3.76423
3.73924
3.71524
3.68934
3.66116
3.62997
3.58516
3.52888
3.48811
3.4645
3.44592
3.42763
3.40835
3.38688
3.35995
3.32103
3.27098
3.23197
3.20977
3.19344
3.17896
3.16491
3.14934
3.12902
3.09863
3.05678
3.02126
3.00216
2.98872
2.97579
2.96237
2.94785
2.93073
2.90677
2.87212
2.84023
2.82308
2.81193
2.80162
2.79097
2.77997
2.76727
2.74829
2.71729
2.68507
2.66843
2.6599
2.65284
2.64557
2.63699
2.62573
2.60927
2.58363
2.55478
2.54024
2.5332
2.5265
2.51933
2.51176
2.50287
2.48948
2.46622
2.43897
2.42465
2.41756
2.41144
2.40558
2.39979
2.39313
2.38318
2.36445
2.33682
2.32004
2.31432
2.31005
2.30574
2.30118
2.29601
2.28905
2.27677
2.2539
2.23115
2.22299
2.21932
2.21574
2.21177
2.20744
2.20265
2.19572
2.18209
2.15907
2.14144
2.13551
2.13205
2.12893
2.12609
2.12302
2.11829
2.10859
2.09001
2.07207
2.06516
2.06172
2.05869
2.05589
2.05302
2.04927
2.04257
2.02854
2.01001
2.00079
1.99708
1.99387
1.99064
1.98753
1.98435
1.98006
1.97157
1.95566
1.9425
1.93831
1.93612
1.93392
1.93152
1.92898
1.92609
1.92189
1.91375
1.89871
1.88467
1.87928
1.8768
1.87472
1.8727
1.87036
1.86686
1.86019
1.8476
1.83473
1.82973
1.82789
1.82322
1
1
1
1
1
1
1
1
1
1
1
1
1
1
1
1
1
1
1
1
1
1
1
1
1
1
1
1
1
1
1.00019
1.0378
1.45341
1.96273
2.46538
3.11214
3.69411
4.19017
4.51945
4.51147
4.36264
4.14663
3.9843
3.91842
3.92737
3.92386
3.90476
3.85907
3.78312
3.7286
3.71102
3.69464
3.67576
3.65761
3.63468
3.60206
3.55496
3.49756
3.4549
3.4313
3.41476
3.39934
3.38242
3.36245
3.33625
3.29693
3.24517
3.2049
3.18284
3.16743
3.15455
3.14254
3.12907
3.1104
3.08026
3.03669
2.99878
2.97865
2.96547
2.9535
2.9414
2.92828
2.91222
2.88833
2.85218
2.81837
2.80152
2.79105
2.78131
2.77173
2.76203
2.75019
2.73138
2.70035
2.66782
2.65078
2.64199
2.63477
2.62753
2.61931
2.60859
2.59275
2.56766
2.53882
2.52431
2.51748
2.51092
2.50375
2.49598
2.48685
2.47355
2.45124
2.42512
2.41059
2.40298
2.39652
2.3905
2.38459
2.37773
2.36757
2.34913
2.3229
2.30762
2.30215
2.2978
2.29345
2.28897
2.28386
2.27678
2.26417
2.24129
2.21937
2.21148
2.20758
2.2037
2.19961
2.19545
2.19081
2.18377
2.16993
2.14689
2.12927
2.12305
2.11944
2.11644
2.11393
2.11129
2.10708
2.09777
2.07941
2.06224
2.05581
2.05234
2.0492
2.04627
2.0433
2.03946
2.03246
2.01796
1.99959
1.99081
1.98715
1.98392
1.9807
1.97765
1.97457
1.97042
1.96196
1.94589
1.93313
1.92939
1.92727
1.92505
1.92261
1.92012
1.91738
1.91328
1.90531
1.89049
1.87649
1.87052
1.86758
1.86539
1.86338
1.86115
1.85787
1.8514
1.83907
1.82621
1.82116
1.81949
1.81503
)
;

boundaryField
{
    inlet
    {
        type            fixedValue;
        value           uniform 1;
    }
    outlet
    {
        type            inletOutlet;
        inletValue      uniform 1;
        value           nonuniform List<scalar> 
64
(
4.3488
4.33118
4.29336
4.23931
4.18463
4.13661
4.09946
4.08071
4.06905
4.04486
4.02012
4.00305
3.99704
4.00267
4.00379
3.99755
3.98692
3.95871
3.92894
3.89962
3.87664
3.86053
3.83849
3.80454
3.75901
3.71433
3.67648
3.64402
3.61632
3.58822
3.55118
3.5063
3.4598
3.41642
3.36994
3.31734
3.26418
3.21545
3.17292
3.13658
3.09617
3.05232
3.01436
2.98423
2.95026
2.9125
2.88072
2.85754
2.82997
2.78295
2.73667
2.70017
2.64047
2.46546
2.13538
1.87602
1.82986
1.8257
1.83015
1.82094
1.81784
1.81733
1.82367
1.81549
)
;
    }
    bottom
    {
        type            symmetryPlane;
    }
    top
    {
        type            symmetryPlane;
    }
    obstacle
    {
        type            zeroGradient;
    }
    defaultFaces
    {
        type            empty;
    }
}


// ************************************************************************* //
