/*--------------------------------*- C++ -*----------------------------------*\
  =========                 |
  \\      /  F ield         | OpenFOAM: The Open Source CFD Toolbox
   \\    /   O peration     | Website:  https://openfoam.org
    \\  /    A nd           | Version:  7
     \\/     M anipulation  |
\*---------------------------------------------------------------------------*/
FoamFile
{
    version     2.0;
    format      ascii;
    class       volVectorField;
    location    "3.2";
    object      U;
}
// * * * * * * * * * * * * * * * * * * * * * * * * * * * * * * * * * * * * * //

dimensions      [0 1 -1 0 0 0 0];

internalField   nonuniform List<vector> 
4608
(
(3.71325 0.00484564 0)
(3.71466 0.00467851 0)
(3.71505 0.00418714 0)
(3.7133 0.00300134 0)
(3.71254 0.0016714 0)
(3.71269 0.00108085 0)
(3.7137 3.34666e-05 0)
(3.71636 -0.00135625 0)
(3.72108 -0.00327748 0)
(3.72262 -0.00511598 0)
(3.72165 -0.00579241 0)
(3.72042 -0.00661977 0)
(3.71913 -0.00760256 0)
(3.71822 -0.00812368 0)
(3.71765 -0.00903562 0)
(3.71869 -0.00977407 0)
(3.72231 -0.0101473 0)
(3.7262 -0.0102943 0)
(3.72685 -0.0103306 0)
(3.72674 -0.0103077 0)
(3.72642 -0.0102141 0)
(3.72565 -0.00997204 0)
(3.72534 -0.0097645 0)
(3.72559 -0.00959865 0)
(3.72705 -0.00919075 0)
(3.7305 -0.00845273 0)
(3.73391 -0.00764786 0)
(3.73482 -0.00730295 0)
(3.73554 -0.00694615 0)
(3.73582 -0.00605318 0)
(3.73552 -0.0045578 0)
(3.73672 -0.0034004 0)
(3.73862 -0.00282261 0)
(3.74106 -0.0020794 0)
(3.74529 -0.000757507 0)
(3.74775 8.45136e-05 0)
(3.75055 0.000833275 0)
(3.75238 0.00187153 0)
(3.75225 0.00303347 0)
(3.75274 0.00442141 0)
(3.75493 0.00524235 0)
(3.75701 0.00556815 0)
(3.75929 0.00586837 0)
(3.7617 0.00645124 0)
(3.76385 0.00706537 0)
(3.76569 0.00732991 0)
(3.76676 0.00797931 0)
(3.76649 0.00905086 0)
(3.76676 0.00919582 0)
(3.76848 0.00932711 0)
(3.77073 0.00983931 0)
(3.77292 0.0100701 0)
(3.77506 0.010089 0)
(3.7771 0.0103818 0)
(3.77867 0.0107043 0)
(3.77915 0.0108439 0)
(3.77827 0.0108928 0)
(3.7789 0.0108807 0)
(3.78081 0.0108734 0)
(3.78255 0.0108307 0)
(3.78445 0.0107063 0)
(3.7863 0.010609 0)
(3.78803 0.0105288 0)
(3.78929 0.0103224 0)
(3.78929 0.00997845 0)
(3.78882 0.00968484 0)
(3.79009 0.00954489 0)
(3.79135 0.00940475 0)
(3.79285 0.00907981 0)
(3.79442 0.00866559 0)
(3.79581 0.00840989 0)
(3.7971 0.00820979 0)
(3.79814 0.0079542 0)
(3.7983 0.00769532 0)
(3.79823 0.00743986 0)
(3.79927 0.00728735 0)
(3.80038 0.00709418 0)
(3.80174 0.00669502 0)
(3.80304 0.00652808 0)
(3.80432 0.00647587 0)
(3.8055 0.00641671 0)
(3.8065 0.00628037 0)
(3.80698 0.0061738 0)
(3.80706 0.0061588 0)
(3.80797 0.00617869 0)
(3.80914 0.00613307 0)
(3.81046 0.00606545 0)
(3.8119 0.00606211 0)
(3.81331 0.0061832 0)
(3.81454 0.00631984 0)
(3.8155 0.00631793 0)
(3.81603 0.00623489 0)
(3.81615 0.00653386 0)
(3.81663 0.00696695 0)
(3.81767 0.00703766 0)
(3.81891 0.00694891 0)
(3.82033 0.00693782 0)
(3.82181 0.00710104 0)
(3.82319 0.00756962 0)
(3.82417 0.0080275 0)
(3.82471 0.00782655 0)
(3.82474 0.00734403 0)
(3.8252 0.00844647 0)
(3.82599 0.00956467 0)
(3.82726 0.00934744 0)
(3.8285 0.00887394 0)
(3.83017 0.00915448 0)
(3.83098 0.00826011 0)
(2.27978 0.0943545 0)
(1.22739 0.0929023 0)
(1.16222 0.0568048 0)
(1.17237 0.0363785 0)
(1.16857 0.0101001 0)
(1.18162 -0.0114769 0)
(1.19399 -0.0340126 0)
(1.21437 -0.0525087 0)
(1.23766 -0.0683126 0)
(1.26394 -0.0806818 0)
(1.29231 -0.089337 0)
(1.32182 -0.0946365 0)
(1.35123 -0.0979447 0)
(1.38157 -0.0991199 0)
(1.41105 -0.0990347 0)
(1.43982 -0.0983114 0)
(1.46754 -0.0966151 0)
(1.49416 -0.0942053 0)
(1.51943 -0.0909371 0)
(1.54395 -0.0872564 0)
(1.56766 -0.0834772 0)
(1.59049 -0.0797591 0)
(1.61253 -0.0760425 0)
(1.63396 -0.0725804 0)
(1.65491 -0.069601 0)
(1.6754 -0.0671764 0)
(1.69538 -0.0651509 0)
(1.71492 -0.0633202 0)
(1.73427 -0.0615338 0)
(1.7537 -0.0596456 0)
(1.77339 -0.0576025 0)
(1.79325 -0.055436 0)
(1.81292 -0.0531378 0)
(1.8319 -0.0507503 0)
(1.84986 -0.0483857 0)
(1.86687 -0.046047 0)
(1.88325 -0.043674 0)
(1.89939 -0.0413337 0)
(1.91554 -0.0391363 0)
(1.93169 -0.0370851 0)
(1.94754 -0.0351121 0)
(1.9627 -0.033273 0)
(1.97707 -0.0316001 0)
(1.99088 -0.0300139 0)
(2.0045 -0.0285038 0)
(2.01831 -0.027122 0)
(2.03243 -0.0258893 0)
(2.04666 -0.0246908 0)
(2.06055 -0.0233868 0)
(2.07367 -0.0220632 0)
(2.08595 -0.0209146 0)
(2.09769 -0.0199652 0)
(2.10925 -0.019122 0)
(2.12091 -0.0183095 0)
(2.13278 -0.0174983 0)
(2.14475 -0.0167393 0)
(2.15656 -0.0160906 0)
(2.168 -0.0154652 0)
(2.17895 -0.0146909 0)
(2.18949 -0.0138326 0)
(2.19982 -0.0130992 0)
(2.21014 -0.0125074 0)
(2.22048 -0.0118974 0)
(2.23078 -0.0112046 0)
(2.241 -0.0105411 0)
(2.25108 -0.0100326 0)
(2.26099 -0.00963524 0)
(2.2707 -0.0091632 0)
(2.28018 -0.00846006 0)
(2.28926 -0.00760262 0)
(2.29797 -0.00685813 0)
(2.30651 -0.00632921 0)
(2.31499 -0.00591697 0)
(2.32345 -0.00548288 0)
(2.3319 -0.00494034 0)
(2.34041 -0.00431812 0)
(2.34902 -0.00378069 0)
(2.35777 -0.00346713 0)
(2.36667 -0.00329557 0)
(2.37571 -0.00307768 0)
(2.38482 -0.00280587 0)
(2.39386 -0.00262107 0)
(2.40259 -0.00257254 0)
(2.41087 -0.00257798 0)
(2.4188 -0.00254247 0)
(2.42656 -0.00244479 0)
(2.43431 -0.00229337 0)
(2.44211 -0.00204968 0)
(2.45003 -0.00174148 0)
(2.45817 -0.00141056 0)
(2.46681 -0.00106178 0)
(2.47593 -0.000668847 0)
(2.48425 -0.000300011 0)
(2.49189 -6.86093e-05 0)
(2.49931 0.00028489 0)
(2.50644 0.00074966 0)
(2.51351 0.00125413 0)
(2.5208 0.00166059 0)
(2.52819 0.0020658 0)
(2.53555 0.00253239 0)
(2.54268 0.00288398 0)
(2.54966 0.00320834 0)
(2.55645 0.00353601 0)
(2.56296 0.00383922 0)
(2.56912 0.00414343 0)
(2.57513 0.00446984 0)
(2.58155 0.00473111 0)
(2.58809 0.00492185 0)
(2.59457 0.0050446 0)
(2.60099 0.00515178 0)
(2.60734 0.00528462 0)
(2.61358 0.00540586 0)
(2.61965 0.00546222 0)
(2.62548 0.00550048 0)
(2.63101 0.00563258 0)
(2.63641 0.00584994 0)
(2.64194 0.00598601 0)
(2.64774 0.00600283 0)
(2.65372 0.00602849 0)
(2.65979 0.00613237 0)
(2.66584 0.00624595 0)
(2.6718 0.0062973 0)
(2.67759 0.00634006 0)
(2.68311 0.00646218 0)
(2.68837 0.00666777 0)
(2.69359 0.00685976 0)
(2.69907 0.00697942 0)
(2.70482 0.00710233 0)
(2.71067 0.00727511 0)
(2.71642 0.00746321 0)
(2.7218 0.00762055 0)
(2.72647 0.0077644 0)
(2.73037 0.0079828 0)
(2.73447 0.00826354 0)
(2.73967 0.00843899 0)
(2.74549 0.00852551 0)
(2.75148 0.00859169 0)
(2.75752 0.00864688 0)
(2.76351 0.00871441 0)
(2.76937 0.00882244 0)
(2.77493 0.0089022 0)
(2.78003 0.00888378 0)
(2.78462 0.00894666 0)
(2.78908 0.00914003 0)
(2.79395 0.00917911 0)
(2.7993 0.00913794 0)
(2.80484 0.00917215 0)
(2.81033 0.00923178 0)
(2.81556 0.00927243 0)
(2.82035 0.00939417 0)
(2.8247 0.00953796 0)
(2.82906 0.00960234 0)
(2.83384 0.00974203 0)
(2.83892 0.0100079 0)
(2.844 0.0101429 0)
(2.84894 0.0100298 0)
(2.85355 0.00997259 0)
(2.85761 0.0101827 0)
(2.86105 0.010385 0)
(2.86445 0.0103416 0)
(2.86864 0.0102051 0)
(2.87347 0.0103006 0)
(2.87843 0.0103123 0)
(2.88335 0.0101783 0)
(2.88811 0.010064 0)
(2.89253 0.0100706 0)
(2.89638 0.0101342 0)
(2.89952 0.0102786 0)
(2.90239 0.0102816 0)
(2.90596 0.0101493 0)
(2.91028 0.01013 0)
(2.91483 0.0101988 0)
(2.9194 0.0101856 0)
(2.92391 0.0100099 0)
(2.92824 0.00972831 0)
(2.93218 0.00955224 0)
(2.93559 0.00946317 0)
(2.93889 0.00978728 0)
(2.94214 0.00984387 0)
(2.94893 0.00985538 0)
(3.77497 0.00239872 0)
(3.77527 -0.00147286 0)
(3.77407 -0.00530995 0)
(3.77131 -0.00982173 0)
(3.76801 -0.0144352 0)
(3.76693 -0.0183676 0)
(3.76732 -0.0226727 0)
(3.76878 -0.0277373 0)
(3.7729 -0.0314706 0)
(3.77591 -0.0323397 0)
(3.77737 -0.0324245 0)
(3.77887 -0.0330253 0)
(3.77741 -0.0333046 0)
(3.77537 -0.0323525 0)
(3.77694 -0.0314177 0)
(3.77881 -0.0303971 0)
(3.78204 -0.0288648 0)
(3.78566 -0.0266648 0)
(3.78714 -0.024843 0)
(3.78812 -0.0229496 0)
(3.788 -0.0202417 0)
(3.78553 -0.0161466 0)
(3.78251 -0.0117825 0)
(3.7824 -0.00946544 0)
(3.78343 -0.00774555 0)
(3.78587 -0.00416652 0)
(3.78808 0.000370514 0)
(3.78851 0.00335768 0)
(3.78881 0.00627224 0)
(3.78813 0.0094391 0)
(3.78559 0.0136216 0)
(3.78431 0.0177515 0)
(3.78535 0.0195787 0)
(3.78749 0.0217304 0)
(3.78954 0.0247508 0)
(3.79111 0.026907 0)
(3.79265 0.0286268 0)
(3.79334 0.029962 0)
(3.79262 0.0318915 0)
(3.79136 0.0347213 0)
(3.79226 0.0357859 0)
(3.79342 0.036019 0)
(3.79507 0.0363876 0)
(3.79717 0.0369952 0)
(3.79833 0.0369543 0)
(3.7997 0.0367444 0)
(3.80063 0.0363229 0)
(3.80035 0.0357659 0)
(3.79962 0.0348531 0)
(3.80052 0.0339184 0)
(3.80168 0.0330594 0)
(3.80324 0.0317337 0)
(3.80485 0.0296906 0)
(3.80605 0.0278994 0)
(3.80743 0.0263586 0)
(3.80823 0.0250527 0)
(3.80807 0.0235881 0)
(3.80779 0.02168 0)
(3.8091 0.0203822 0)
(3.81075 0.019157 0)
(3.81221 0.0173558 0)
(3.81369 0.0158695 0)
(3.81544 0.0143055 0)
(3.81669 0.0129903 0)
(3.81741 0.0120129 0)
(3.81712 0.0111002 0)
(3.8174 0.0101599 0)
(3.81903 0.00920807 0)
(3.82027 0.00857281 0)
(3.82159 0.0080365 0)
(3.82327 0.00708075 0)
(3.82467 0.00606115 0)
(3.8259 0.00557401 0)
(3.82674 0.00591595 0)
(3.82668 0.00610121 0)
(3.82671 0.00556121 0)
(3.82755 0.00515079 0)
(3.82883 0.00506872 0)
(3.83028 0.00534695 0)
(3.83157 0.00550937 0)
(3.83278 0.00528101 0)
(3.8339 0.00499165 0)
(3.83486 0.00534962 0)
(3.83518 0.0065891 0)
(3.83486 0.00764098 0)
(3.83512 0.00766986 0)
(3.83607 0.0074974 0)
(3.83755 0.00779423 0)
(3.83929 0.00851566 0)
(3.84066 0.00931177 0)
(3.84173 0.00970665 0)
(3.8425 0.00979199 0)
(3.84282 0.0105617 0)
(3.84263 0.0125229 0)
(3.8428 0.0139734 0)
(3.84382 0.0141507 0)
(3.84508 0.01413 0)
(3.84688 0.0148478 0)
(3.84877 0.0164246 0)
(3.84985 0.0181729 0)
(3.85032 0.018939 0)
(3.85026 0.0212919 0)
(3.84829 0.0215181 0)
(3.84749 0.0204543 0)
(3.84656 0.0190842 0)
(3.84074 0.00925515 0)
(3.83354 0.000336959 0)
(3.80714 -0.075692 0)
(3.20615 -0.00139708 0)
(1.4883 0.0818053 0)
(1.33072 0.0347568 0)
(1.36342 -0.0260855 0)
(1.40033 -0.0902793 0)
(1.45083 -0.137433 0)
(1.497 -0.167635 0)
(1.53578 -0.185253 0)
(1.56802 -0.190345 0)
(1.59289 -0.189844 0)
(1.61226 -0.18279 0)
(1.62817 -0.174815 0)
(1.64442 -0.164386 0)
(1.66175 -0.152873 0)
(1.67976 -0.139633 0)
(1.69627 -0.124759 0)
(1.70994 -0.109785 0)
(1.72096 -0.0957207 0)
(1.7311 -0.08345 0)
(1.74187 -0.0736772 0)
(1.75412 -0.0658612 0)
(1.76753 -0.0601088 0)
(1.78194 -0.0550016 0)
(1.79648 -0.0504852 0)
(1.81135 -0.0466607 0)
(1.8262 -0.0435171 0)
(1.84037 -0.04096 0)
(1.85379 -0.0393086 0)
(1.86705 -0.0383978 0)
(1.88046 -0.0378555 0)
(1.89412 -0.0375197 0)
(1.90815 -0.0373203 0)
(1.9227 -0.0370336 0)
(1.93745 -0.0362588 0)
(1.95188 -0.0349034 0)
(1.96564 -0.0331001 0)
(1.97864 -0.0310081 0)
(1.99113 -0.0289098 0)
(2.00352 -0.027049 0)
(2.01616 -0.025495 0)
(2.02908 -0.0241206 0)
(2.04203 -0.0227311 0)
(2.05456 -0.0212342 0)
(2.06636 -0.019668 0)
(2.07761 -0.0182139 0)
(2.08879 -0.0169988 0)
(2.10032 -0.0160071 0)
(2.11227 -0.0151192 0)
(2.12444 -0.0142144 0)
(2.1364 -0.013093 0)
(2.1476 -0.0117208 0)
(2.15787 -0.0103825 0)
(2.16752 -0.00930451 0)
(2.17702 -0.00858433 0)
(2.18674 -0.00819188 0)
(2.1969 -0.00796951 0)
(2.20741 -0.00775822 0)
(2.21792 -0.00745725 0)
(2.22796 -0.00703047 0)
(2.23733 -0.00650661 0)
(2.24619 -0.00600732 0)
(2.2549 -0.00569972 0)
(2.26377 -0.00560351 0)
(2.27305 -0.0055353 0)
(2.28272 -0.00532249 0)
(2.29255 -0.00494588 0)
(2.30208 -0.0044002 0)
(2.31073 -0.0038506 0)
(2.31882 -0.00348425 0)
(2.32683 -0.00316522 0)
(2.33491 -0.00288525 0)
(2.34315 -0.00252783 0)
(2.35158 -0.00198182 0)
(2.35995 -0.00126771 0)
(2.36802 -0.000518353 0)
(2.37594 0.000227194 0)
(2.38386 0.000928676 0)
(2.39185 0.00150552 0)
(2.40001 0.00193831 0)
(2.40844 0.00227737 0)
(2.41729 0.0026131 0)
(2.42608 0.00297565 0)
(2.43393 0.00320431 0)
(2.44141 0.00328493 0)
(2.44874 0.00337784 0)
(2.45585 0.00343875 0)
(2.46302 0.00351788 0)
(2.47045 0.00366908 0)
(2.47798 0.00395127 0)
(2.48566 0.00441582 0)
(2.49364 0.00499196 0)
(2.50147 0.00541942 0)
(2.50888 0.00550939 0)
(2.51613 0.00559929 0)
(2.52332 0.00573499 0)
(2.53051 0.00598071 0)
(2.53765 0.00643754 0)
(2.54469 0.00704783 0)
(2.55158 0.00760956 0)
(2.55832 0.00804667 0)
(2.56488 0.00840344 0)
(2.57133 0.00870954 0)
(2.57784 0.00890829 0)
(2.58439 0.00896895 0)
(2.59088 0.00904853 0)
(2.59727 0.00933788 0)
(2.60354 0.00983485 0)
(2.60967 0.0102415 0)
(2.6157 0.0103975 0)
(2.62168 0.0104363 0)
(2.62766 0.0105263 0)
(2.63364 0.010615 0)
(2.63962 0.0105053 0)
(2.64555 0.0102833 0)
(2.6514 0.0102943 0)
(2.65712 0.0106938 0)
(2.66267 0.0112427 0)
(2.66805 0.0115555 0)
(2.6734 0.0115661 0)
(2.67891 0.0116408 0)
(2.68466 0.0118581 0)
(2.69057 0.0119043 0)
(2.6965 0.0117858 0)
(2.70234 0.011806 0)
(2.70802 0.0121813 0)
(2.71348 0.0128342 0)
(2.71874 0.0134752 0)
(2.72394 0.0139227 0)
(2.72928 0.0142591 0)
(2.73481 0.0146217 0)
(2.74034 0.0149854 0)
(2.74558 0.0153698 0)
(2.75033 0.0158904 0)
(2.75475 0.0167428 0)
(2.75927 0.0177983 0)
(2.76414 0.0185191 0)
(2.76943 0.0186638 0)
(2.77512 0.0184496 0)
(2.78097 0.0182494 0)
(2.78685 0.0182445 0)
(2.79257 0.0183413 0)
(2.79792 0.0182696 0)
(2.80276 0.0180646 0)
(2.80717 0.0181952 0)
(2.81147 0.0185702 0)
(2.81602 0.0185501 0)
(2.82097 0.0180037 0)
(2.8261 0.0172898 0)
(2.83118 0.0167049 0)
(2.83609 0.0164275 0)
(2.84068 0.0163145 0)
(2.84504 0.0159801 0)
(2.84946 0.0154912 0)
(2.85414 0.0152648 0)
(2.85901 0.0151441 0)
(2.86393 0.0147502 0)
(2.86866 0.0141548 0)
(2.87301 0.0137596 0)
(2.87688 0.0136289 0)
(2.88033 0.0136885 0)
(2.88387 0.0135059 0)
(2.888 0.0133331 0)
(2.89271 0.0129773 0)
(2.89762 0.0123939 0)
(2.90241 0.0118263 0)
(2.90705 0.0115196 0)
(2.91141 0.0113642 0)
(2.91535 0.0115893 0)
(2.91878 0.0120002 0)
(2.92202 0.0122065 0)
(2.92563 0.012261 0)
(2.9298 0.0125295 0)
(2.93433 0.0126618 0)
(2.93895 0.0126588 0)
(2.94345 0.0124128 0)
(2.94764 0.0123504 0)
(2.95131 0.012143 0)
(2.95481 0.01278 0)
(2.95791 0.0136253 0)
(2.96427 0.0142555 0)
(3.87373 0.00905145 0)
(3.87299 0.00924793 0)
(3.8711 0.00964788 0)
(3.86688 0.011272 0)
(3.8618 0.0143291 0)
(3.85987 0.0168585 0)
(3.86319 0.0181832 0)
(3.86754 0.0188606 0)
(3.87163 0.0201817 0)
(3.87502 0.0210755 0)
(3.8795 0.022203 0)
(3.88271 0.0242041 0)
(3.88053 0.0254976 0)
(3.87415 0.0237776 0)
(3.8728 0.0209487 0)
(3.87503 0.0193403 0)
(3.87788 0.018951 0)
(3.88042 0.0184619 0)
(3.88247 0.0179066 0)
(3.88417 0.0170659 0)
(3.88478 0.0159965 0)
(3.88206 0.0152156 0)
(3.87627 0.0145119 0)
(3.87579 0.0140595 0)
(3.87701 0.0138639 0)
(3.87859 0.0134442 0)
(3.88149 0.0129632 0)
(3.88299 0.0128362 0)
(3.88378 0.0128619 0)
(3.88386 0.0130095 0)
(3.88143 0.0136193 0)
(3.87721 0.014535 0)
(3.87597 0.0148139 0)
(3.87569 0.0147934 0)
(3.87568 0.014414 0)
(3.87683 0.0140149 0)
(3.87754 0.0140032 0)
(3.87682 0.0141134 0)
(3.87597 0.0143588 0)
(3.87401 0.0149668 0)
(3.87138 0.0154802 0)
(3.87059 0.0153695 0)
(3.87057 0.0151848 0)
(3.87107 0.0149625 0)
(3.87255 0.0149346 0)
(3.8736 0.0151564 0)
(3.87368 0.0152745 0)
(3.87353 0.015615 0)
(3.87268 0.0162759 0)
(3.87105 0.0168995 0)
(3.87109 0.0170942 0)
(3.87204 0.0171247 0)
(3.87293 0.017115 0)
(3.87418 0.0170439 0)
(3.8756 0.0171269 0)
(3.87684 0.0176592 0)
(3.87754 0.0185043 0)
(3.87736 0.018881 0)
(3.87654 0.0186112 0)
(3.87681 0.0189905 0)
(3.87797 0.0194946 0)
(3.87954 0.0192192 0)
(3.88112 0.0186928 0)
(3.88264 0.0192261 0)
(3.8838 0.0204533 0)
(3.8845 0.0206603 0)
(3.88448 0.0198306 0)
(3.88397 0.0203408 0)
(3.88389 0.0222351 0)
(3.88469 0.022703 0)
(3.88623 0.02171 0)
(3.88755 0.021081 0)
(3.8889 0.0217617 0)
(3.88992 0.023004 0)
(3.89044 0.0239393 0)
(3.8902 0.0239327 0)
(3.88914 0.0236157 0)
(3.8887 0.0245243 0)
(3.88947 0.0256815 0)
(3.89051 0.0260003 0)
(3.89174 0.0257638 0)
(3.89284 0.0253055 0)
(3.8937 0.0253979 0)
(3.8943 0.0265634 0)
(3.89417 0.0283302 0)
(3.89315 0.0289948 0)
(3.89218 0.0284057 0)
(3.89264 0.0283296 0)
(3.89419 0.0286641 0)
(3.89561 0.0293388 0)
(3.89677 0.0300481 0)
(3.89786 0.0298287 0)
(3.89868 0.0297271 0)
(3.89869 0.0304691 0)
(3.89754 0.0325921 0)
(3.89691 0.0343649 0)
(3.89647 0.0346725 0)
(3.89766 0.0341187 0)
(3.89769 0.0336878 0)
(3.89734 0.0326768 0)
(3.89521 0.029201 0)
(3.89056 0.021118 0)
(3.87691 0.00251359 0)
(3.8446 -0.0375396 0)
(3.78992 -0.102488 0)
(3.70506 -0.19799 0)
(3.54933 -0.382107 0)
(3.46014 -0.491908 0)
(3.282 -0.665844 0)
(2.76089 -0.62456 0)
(1.89635 -0.422368 0)
(1.82577 -0.336074 0)
(1.85532 -0.262956 0)
(1.8799 -0.207058 0)
(1.92083 -0.179525 0)
(1.9528 -0.148955 0)
(1.98353 -0.124786 0)
(2.00124 -0.104146 0)
(1.99695 -0.101349 0)
(1.99077 -0.105552 0)
(1.9996 -0.114635 0)
(2.01417 -0.126548 0)
(2.0341 -0.134658 0)
(2.05109 -0.13883 0)
(2.06134 -0.138374 0)
(2.06445 -0.135829 0)
(2.05911 -0.132606 0)
(2.05256 -0.133063 0)
(2.05084 -0.133931 0)
(2.05296 -0.136736 0)
(2.0619 -0.137753 0)
(2.07135 -0.137058 0)
(2.08167 -0.134907 0)
(2.09233 -0.130682 0)
(2.10112 -0.12512 0)
(2.10735 -0.119319 0)
(2.11298 -0.11413 0)
(2.11912 -0.109304 0)
(2.12511 -0.105222 0)
(2.13132 -0.101943 0)
(2.13883 -0.0990519 0)
(2.14755 -0.096537 0)
(2.15659 -0.0936767 0)
(2.16562 -0.090154 0)
(2.17384 -0.0864245 0)
(2.18109 -0.0828213 0)
(2.188 -0.0787867 0)
(2.19539 -0.0747249 0)
(2.20382 -0.0712321 0)
(2.21304 -0.0677138 0)
(2.22268 -0.0638595 0)
(2.23155 -0.0601147 0)
(2.23938 -0.0566768 0)
(2.24664 -0.0530348 0)
(2.25417 -0.0494665 0)
(2.26264 -0.0465978 0)
(2.27166 -0.0439833 0)
(2.28104 -0.0412525 0)
(2.29003 -0.038586 0)
(2.29789 -0.0363875 0)
(2.30495 -0.0342951 0)
(2.31132 -0.0319747 0)
(2.31807 -0.0299149 0)
(2.32583 -0.0285964 0)
(2.33425 -0.0272909 0)
(2.34316 -0.02577 0)
(2.35136 -0.0244926 0)
(2.359 -0.0234073 0)
(2.3661 -0.0220591 0)
(2.37235 -0.0204519 0)
(2.37861 -0.0188103 0)
(2.38611 -0.0176408 0)
(2.39414 -0.0166906 0)
(2.40218 -0.0157697 0)
(2.40991 -0.0150854 0)
(2.41732 -0.0143687 0)
(2.42416 -0.0133671 0)
(2.43017 -0.0120867 0)
(2.43596 -0.0107815 0)
(2.4427 -0.00973906 0)
(2.45005 -0.00895433 0)
(2.45744 -0.00823586 0)
(2.46469 -0.00746597 0)
(2.47164 -0.00653954 0)
(2.47815 -0.00542572 0)
(2.48451 -0.00433031 0)
(2.49132 -0.00345498 0)
(2.49854 -0.00278614 0)
(2.50581 -0.00228286 0)
(2.51296 -0.00195874 0)
(2.51985 -0.0016508 0)
(2.52634 -0.0012232 0)
(2.5323 -0.000703616 0)
(2.53775 -0.000135543 0)
(2.54333 0.0004631 0)
(2.54963 0.00102807 0)
(2.55641 0.00166601 0)
(2.56326 0.00253765 0)
(2.5699 0.00357836 0)
(2.5761 0.00456244 0)
(2.5817 0.00549205 0)
(2.5869 0.00648203 0)
(2.59265 0.00730833 0)
(2.59907 0.00772562 0)
(2.60568 0.00805814 0)
(2.61229 0.00864607 0)
(2.6187 0.00960833 0)
(2.62469 0.0106892 0)
(2.6301 0.0116182 0)
(2.63492 0.0125717 0)
(2.63969 0.0137599 0)
(2.64512 0.0146148 0)
(2.65111 0.0147721 0)
(2.65725 0.0147422 0)
(2.66341 0.0150277 0)
(2.66946 0.0157623 0)
(2.67511 0.0165722 0)
(2.68026 0.0169915 0)
(2.68495 0.0172911 0)
(2.68949 0.0180137 0)
(2.69432 0.0186905 0)
(2.69969 0.0187125 0)
(2.70536 0.0185046 0)
(2.71114 0.0186168 0)
(2.71691 0.0192762 0)
(2.72234 0.020382 0)
(2.72713 0.021319 0)
(2.73129 0.0217605 0)
(2.73532 0.0223092 0)
(2.74002 0.023119 0)
(2.74548 0.0235295 0)
(2.75127 0.023511 0)
(2.75711 0.0235414 0)
(2.76285 0.0239337 0)
(2.7682 0.0247113 0)
(2.77286 0.0256447 0)
(2.77679 0.0263967 0)
(2.78055 0.0268999 0)
(2.78499 0.0273318 0)
(2.79014 0.0277437 0)
(2.79546 0.0279369 0)
(2.8006 0.0280545 0)
(2.80541 0.0286278 0)
(2.80981 0.0298018 0)
(2.81363 0.0309665 0)
(2.81724 0.0312536 0)
(2.82176 0.030677 0)
(2.82702 0.0302807 0)
(2.83255 0.0302566 0)
(2.83804 0.0302284 0)
(2.84326 0.029992 0)
(2.84799 0.0295693 0)
(2.85215 0.0293809 0)
(2.85583 0.0298631 0)
(2.85931 0.0305526 0)
(2.86309 0.0305242 0)
(2.86743 0.0297625 0)
(2.87205 0.0290173 0)
(2.87675 0.0287445 0)
(2.88137 0.0289568 0)
(2.88567 0.0294099 0)
(2.88964 0.0296329 0)
(2.89363 0.0294043 0)
(2.89794 0.0292349 0)
(2.90257 0.0295626 0)
(2.90728 0.0302119 0)
(2.91174 0.030776 0)
(2.91572 0.0309985 0)
(2.91902 0.031095 0)
(2.92188 0.0315695 0)
(2.92513 0.0324078 0)
(2.92918 0.0328726 0)
(2.93387 0.0325411 0)
(2.93871 0.0319305 0)
(2.94346 0.03156 0)
(2.94811 0.0317531 0)
(2.95249 0.032571 0)
(2.95623 0.0336348 0)
(2.95919 0.0343707 0)
(2.96181 0.0345218 0)
(2.965 0.0347286 0)
(2.96901 0.0350583 0)
(2.97341 0.0355089 0)
(2.97779 0.0359029 0)
(2.98188 0.0357828 0)
(2.98556 0.0352865 0)
(2.98837 0.0359723 0)
(2.99342 0.0373061 0)
(3.97928 -0.036311 0)
(3.97508 -0.0261167 0)
(3.9697 -0.0188301 0)
(3.95895 -0.0109156 0)
(3.95069 -0.00375156 0)
(3.94725 0.000785899 0)
(3.94485 0.00637386 0)
(3.9461 0.0141707 0)
(3.95097 0.0219114 0)
(3.95189 0.0242291 0)
(3.95054 0.024403 0)
(3.94818 0.0262623 0)
(3.94153 0.0321284 0)
(3.93514 0.0354716 0)
(3.93322 0.0353456 0)
(3.93174 0.0357065 0)
(3.93408 0.0374913 0)
(3.94036 0.0395101 0)
(3.94303 0.0400076 0)
(3.94326 0.0400167 0)
(3.94343 0.0404882 0)
(3.94136 0.0408518 0)
(3.93701 0.040003 0)
(3.93691 0.038776 0)
(3.93852 0.037968 0)
(3.9406 0.0370793 0)
(3.94505 0.0358451 0)
(3.9478 0.0347801 0)
(3.94946 0.0341925 0)
(3.95041 0.0328867 0)
(3.94792 0.0304139 0)
(3.94315 0.0266443 0)
(3.94258 0.0244084 0)
(3.94331 0.0237641 0)
(3.94447 0.023101 0)
(3.94641 0.0219472 0)
(3.94725 0.0210969 0)
(3.94772 0.0204664 0)
(3.9476 0.0197713 0)
(3.94548 0.0191256 0)
(3.94162 0.0185115 0)
(3.94066 0.0184884 0)
(3.94136 0.0186451 0)
(3.94223 0.0190022 0)
(3.94372 0.0199132 0)
(3.94473 0.0207672 0)
(3.94566 0.0215982 0)
(3.94577 0.02241 0)
(3.94421 0.023653 0)
(3.9412 0.0259031 0)
(3.94087 0.0276601 0)
(3.9416 0.0284264 0)
(3.94242 0.0296845 0)
(3.94341 0.0314881 0)
(3.94423 0.033321 0)
(3.94469 0.0347917 0)
(3.94481 0.0362439 0)
(3.94364 0.0382335 0)
(3.94102 0.0403548 0)
(3.94054 0.0413224 0)
(3.94115 0.0418017 0)
(3.94165 0.0425007 0)
(3.94255 0.04343 0)
(3.94345 0.0446265 0)
(3.94402 0.0451853 0)
(3.94446 0.0451558 0)
(3.94405 0.0452361 0)
(3.94211 0.0456454 0)
(3.94108 0.0454247 0)
(3.94179 0.0449146 0)
(3.94284 0.0445372 0)
(3.94404 0.043885 0)
(3.94513 0.0430239 0)
(3.94609 0.0427136 0)
(3.94697 0.0427138 0)
(3.9473 0.0416105 0)
(3.94606 0.0394644 0)
(3.94458 0.0387562 0)
(3.94489 0.0383569 0)
(3.94631 0.0375646 0)
(3.94768 0.0370797 0)
(3.9489 0.0364711 0)
(3.95007 0.0351277 0)
(3.9509 0.0339727 0)
(3.95152 0.0340471 0)
(3.95098 0.0346797 0)
(3.94955 0.0339988 0)
(3.94962 0.0324619 0)
(3.95049 0.0320422 0)
(3.95217 0.0329326 0)
(3.95365 0.0337632 0)
(3.95491 0.033251 0)
(3.9552 0.0328379 0)
(3.95477 0.0333699 0)
(3.95206 0.0321755 0)
(3.94885 0.0282515 0)
(3.94645 0.0261673 0)
(3.9398 0.0191204 0)
(3.92663 3.51084e-05 0)
(3.90334 -0.0267309 0)
(3.83172 -0.120254 0)
(3.75185 -0.219751 0)
(3.65967 -0.313098 0)
(3.45877 -0.537167 0)
(3.33902 -0.682715 0)
(3.25984 -0.729566 0)
(3.11944 -0.861445 0)
(3.03314 -0.980501 0)
(3.0184 -0.985923 0)
(2.99455 -0.99613 0)
(2.84494 -0.936392 0)
(2.65495 -0.81039 0)
(2.50812 -0.671905 0)
(2.4075 -0.533562 0)
(2.35458 -0.421114 0)
(2.32095 -0.331376 0)
(2.29133 -0.259484 0)
(2.26629 -0.224323 0)
(2.22673 -0.191048 0)
(2.1861 -0.15611 0)
(2.17816 -0.135127 0)
(2.19358 -0.124941 0)
(2.21816 -0.106942 0)
(2.2471 -0.0933691 0)
(2.26836 -0.0865913 0)
(2.27432 -0.0808892 0)
(2.26475 -0.0749492 0)
(2.25424 -0.075176 0)
(2.24812 -0.0771223 0)
(2.24991 -0.0809663 0)
(2.26083 -0.0828152 0)
(2.27563 -0.0850055 0)
(2.29022 -0.0863782 0)
(2.30338 -0.0859731 0)
(2.31339 -0.0838655 0)
(2.31981 -0.0815231 0)
(2.32279 -0.0789601 0)
(2.32486 -0.075482 0)
(2.32737 -0.0718694 0)
(2.33051 -0.0681361 0)
(2.33369 -0.0638523 0)
(2.33808 -0.0596207 0)
(2.34446 -0.0566258 0)
(2.35092 -0.0538691 0)
(2.35663 -0.0516281 0)
(2.36234 -0.0496887 0)
(2.36785 -0.0475566 0)
(2.37237 -0.0452071 0)
(2.37801 -0.0430719 0)
(2.38569 -0.0416108 0)
(2.39355 -0.0400348 0)
(2.40107 -0.038418 0)
(2.40827 -0.0367161 0)
(2.41481 -0.0348911 0)
(2.41999 -0.033088 0)
(2.42531 -0.0314726 0)
(2.43256 -0.0303396 0)
(2.43997 -0.0293508 0)
(2.44703 -0.0283799 0)
(2.45375 -0.0273576 0)
(2.46003 -0.026113 0)
(2.46552 -0.0245518 0)
(2.47002 -0.0226295 0)
(2.47523 -0.0206878 0)
(2.48207 -0.0192366 0)
(2.4892 -0.0179988 0)
(2.4962 -0.0167269 0)
(2.50291 -0.0153228 0)
(2.50917 -0.0137675 0)
(2.51475 -0.0119287 0)
(2.51955 -0.0098856 0)
(2.52412 -0.00802242 0)
(2.5295 -0.00651767 0)
(2.53569 -0.00545086 0)
(2.54212 -0.00457393 0)
(2.54845 -0.0035961 0)
(2.55442 -0.00254759 0)
(2.5598 -0.00129246 0)
(2.5645 0.000328543 0)
(2.56905 0.00190569 0)
(2.5742 0.00314748 0)
(2.58003 0.00422134 0)
(2.58616 0.00530333 0)
(2.59223 0.00643798 0)
(2.59803 0.00763491 0)
(2.60351 0.0091119 0)
(2.60881 0.0107554 0)
(2.61414 0.01203 0)
(2.61972 0.0130554 0)
(2.6255 0.0140595 0)
(2.63123 0.0149315 0)
(2.63664 0.0156461 0)
(2.64149 0.0163574 0)
(2.64572 0.0171089 0)
(2.64984 0.0176548 0)
(2.65465 0.0180716 0)
(2.66025 0.0185348 0)
(2.66619 0.0189271 0)
(2.672 0.019347 0)
(2.67725 0.0199228 0)
(2.68163 0.0206725 0)
(2.6852 0.021642 0)
(2.68886 0.0223303 0)
(2.69358 0.0225728 0)
(2.69913 0.0228411 0)
(2.70501 0.023149 0)
(2.71094 0.0234686 0)
(2.71661 0.024012 0)
(2.72155 0.0248479 0)
(2.72551 0.025696 0)
(2.72872 0.0266091 0)
(2.73206 0.0276719 0)
(2.73644 0.0284537 0)
(2.7417 0.0286113 0)
(2.7473 0.0285312 0)
(2.75301 0.0287597 0)
(2.75861 0.0295184 0)
(2.7636 0.0304011 0)
(2.7677 0.0307846 0)
(2.77097 0.0311238 0)
(2.774 0.0320121 0)
(2.77779 0.0328776 0)
(2.78264 0.0329537 0)
(2.78805 0.0325532 0)
(2.79358 0.0324127 0)
(2.79915 0.0329655 0)
(2.80429 0.0339376 0)
(2.8084 0.0344147 0)
(2.8112 0.0343167 0)
(2.81365 0.0348437 0)
(2.81746 0.0359411 0)
(2.8226 0.0362477 0)
(2.82832 0.0357538 0)
(2.83386 0.0352078 0)
(2.83913 0.0353389 0)
(2.8439 0.0362025 0)
(2.84781 0.0369003 0)
(2.85061 0.0368053 0)
(2.85293 0.0369043 0)
(2.85644 0.0380029 0)
(2.86111 0.0387982 0)
(2.86631 0.0385421 0)
(2.87141 0.0378526 0)
(2.87605 0.0377434 0)
(2.88004 0.0387536 0)
(2.88309 0.0401461 0)
(2.88561 0.0404562 0)
(2.88887 0.0397299 0)
(2.89318 0.0394103 0)
(2.89813 0.0397249 0)
(2.90314 0.0401015 0)
(2.90789 0.040034 0)
(2.91211 0.0393821 0)
(2.91567 0.0388619 0)
(2.9187 0.0393379 0)
(2.92155 0.0405261 0)
(2.92457 0.0411724 0)
(2.92807 0.0407824 0)
(2.93192 0.0400156 0)
(2.93593 0.0396139 0)
(2.93994 0.0398517 0)
(2.94361 0.040392 0)
(2.94694 0.0404206 0)
(2.95047 0.0397623 0)
(2.95455 0.0392476 0)
(2.95909 0.0393571 0)
(2.96377 0.0399501 0)
(2.9681 0.04067 0)
(2.97166 0.0408379 0)
(2.97418 0.0405328 0)
(2.97608 0.0402262 0)
(2.97889 0.0407659 0)
(2.98302 0.0413105 0)
(2.98771 0.0412638 0)
(2.99255 0.0407971 0)
(2.99727 0.040219 0)
(3.00183 0.0399966 0)
(3.00611 0.0404892 0)
(3.00955 0.0412467 0)
(3.01185 0.0415134 0)
(3.01386 0.0410769 0)
(3.01698 0.0409086 0)
(3.02117 0.0409966 0)
(3.02577 0.0413494 0)
(3.0302 0.0418061 0)
(3.03418 0.0414095 0)
(3.03687 0.0407751 0)
(3.04104 0.0410246 0)
(4.05558 -0.123319 0)
(4.04282 -0.104432 0)
(4.03348 -0.0842955 0)
(4.02896 -0.0688656 0)
(4.01886 -0.0713888 0)
(4.00935 -0.06663 0)
(3.9989 -0.0425751 0)
(3.99939 -0.022242 0)
(4.00214 -0.0167466 0)
(3.99913 -0.0150516 0)
(3.99162 -0.0138906 0)
(3.98715 -0.0109062 0)
(3.98043 -0.00532321 0)
(3.97463 0.000936944 0)
(3.96945 0.00685367 0)
(3.96647 0.00840609 0)
(3.96747 0.0101131 0)
(3.9724 0.0162056 0)
(3.97216 0.0200523 0)
(3.97052 0.0201163 0)
(3.96835 0.0200945 0)
(3.96381 0.0229455 0)
(3.95947 0.0273542 0)
(3.9583 0.0284959 0)
(3.9576 0.0292651 0)
(3.95985 0.0301866 0)
(3.96422 0.0324391 0)
(3.96522 0.0344428 0)
(3.96489 0.0352302 0)
(3.96343 0.0363384 0)
(3.9596 0.0368261 0)
(3.95589 0.0362567 0)
(3.95556 0.0365979 0)
(3.95642 0.0374592 0)
(3.95989 0.0386416 0)
(3.96372 0.0391212 0)
(3.96449 0.0390928 0)
(3.96515 0.039345 0)
(3.96515 0.0401989 0)
(3.96285 0.0407964 0)
(3.96068 0.040533 0)
(3.96184 0.0402226 0)
(3.96328 0.0401585 0)
(3.96499 0.040094 0)
(3.96737 0.0400367 0)
(3.96986 0.0403646 0)
(3.97165 0.0409211 0)
(3.97202 0.0407948 0)
(3.96985 0.0398701 0)
(3.96664 0.0393969 0)
(3.96736 0.0397825 0)
(3.96889 0.0401937 0)
(3.97047 0.0406944 0)
(3.97209 0.0408916 0)
(3.97333 0.0410256 0)
(3.97411 0.0411311 0)
(3.97426 0.0413292 0)
(3.97227 0.0417046 0)
(3.96944 0.0423287 0)
(3.96914 0.0427601 0)
(3.96934 0.0429453 0)
(3.96984 0.0432428 0)
(3.97076 0.0437799 0)
(3.97132 0.0445703 0)
(3.97137 0.0449992 0)
(3.97116 0.0453867 0)
(3.9702 0.0456938 0)
(3.9682 0.046098 0)
(3.96739 0.0469226 0)
(3.96795 0.0474407 0)
(3.9687 0.0478809 0)
(3.96942 0.04853 0)
(3.97014 0.0488463 0)
(3.97108 0.0493693 0)
(3.97177 0.0500883 0)
(3.97161 0.0508579 0)
(3.97042 0.050861 0)
(3.96978 0.0504162 0)
(3.97037 0.0503791 0)
(3.97171 0.0509806 0)
(3.97322 0.0518775 0)
(3.97465 0.0527884 0)
(3.97622 0.0524384 0)
(3.97734 0.0513102 0)
(3.97793 0.0517211 0)
(3.97782 0.0530931 0)
(3.97749 0.0518246 0)
(3.97765 0.0515641 0)
(3.97837 0.051624 0)
(3.97933 0.0509338 0)
(3.98005 0.0502468 0)
(3.98039 0.049438 0)
(3.97809 0.0447761 0)
(3.97333 0.0369682 0)
(3.958 0.0154785 0)
(3.92829 -0.0230173 0)
(3.87704 -0.0749704 0)
(3.75393 -0.228367 0)
(3.64902 -0.347166 0)
(3.53891 -0.455556 0)
(3.3302 -0.684607 0)
(3.22907 -0.802604 0)
(3.16812 -0.82907 0)
(3.06827 -0.911658 0)
(3.00901 -1.01067 0)
(2.97979 -1.00741 0)
(2.97831 -0.993207 0)
(2.97964 -1.00306 0)
(2.97753 -1.01281 0)
(2.98113 -1.01977 0)
(2.98194 -1.01442 0)
(2.97816 -1.00459 0)
(2.96193 -0.98339 0)
(2.92674 -0.939707 0)
(2.87335 -0.872612 0)
(2.80877 -0.787954 0)
(2.73249 -0.682883 0)
(2.65346 -0.584386 0)
(2.57926 -0.489486 0)
(2.49956 -0.385545 0)
(2.44653 -0.308613 0)
(2.42065 -0.252843 0)
(2.40017 -0.195719 0)
(2.38973 -0.16176 0)
(2.38775 -0.148105 0)
(2.37737 -0.132229 0)
(2.35934 -0.113859 0)
(2.34372 -0.106655 0)
(2.33389 -0.0989847 0)
(2.3341 -0.0860106 0)
(2.34655 -0.0771255 0)
(2.36351 -0.0748503 0)
(2.38159 -0.0718504 0)
(2.39587 -0.0676989 0)
(2.40666 -0.0688987 0)
(2.41535 -0.0709509 0)
(2.42278 -0.0729499 0)
(2.4301 -0.0730242 0)
(2.43747 -0.0715878 0)
(2.44338 -0.0680871 0)
(2.4477 -0.063701 0)
(2.45291 -0.0591673 0)
(2.45823 -0.0548466 0)
(2.46389 -0.0498654 0)
(2.4697 -0.044724 0)
(2.47527 -0.0408354 0)
(2.4804 -0.0370086 0)
(2.4843 -0.0324648 0)
(2.48991 -0.0282909 0)
(2.49758 -0.0251643 0)
(2.50575 -0.0218122 0)
(2.51368 -0.0186112 0)
(2.52102 -0.0158779 0)
(2.52718 -0.0131195 0)
(2.53141 -0.0098233 0)
(2.53584 -0.00684438 0)
(2.54241 -0.00512613 0)
(2.54943 -0.00384196 0)
(2.55636 -0.00261035 0)
(2.56304 -0.00161439 0)
(2.56933 -0.000863271 0)
(2.57488 -8.01021e-05 0)
(2.57946 0.000961211 0)
(2.58392 0.00210268 0)
(2.58954 0.00317203 0)
(2.59618 0.00429437 0)
(2.60304 0.00549103 0)
(2.60966 0.00667585 0)
(2.61583 0.0078137 0)
(2.62126 0.00890661 0)
(2.62561 0.00995948 0)
(2.6291 0.0111313 0)
(2.63306 0.0123325 0)
(2.63825 0.0134039 0)
(2.64412 0.0144433 0)
(2.6501 0.0153023 0)
(2.65587 0.0160061 0)
(2.66105 0.0168077 0)
(2.66537 0.0175911 0)
(2.66924 0.0183281 0)
(2.67358 0.0194102 0)
(2.67875 0.0206575 0)
(2.68434 0.0216186 0)
(2.68991 0.0224328 0)
(2.69518 0.0234976 0)
(2.70001 0.0246266 0)
(2.70452 0.0253449 0)
(2.70904 0.0258644 0)
(2.71402 0.0265089 0)
(2.7194 0.0273157 0)
(2.72479 0.0281613 0)
(2.72978 0.02888 0)
(2.73402 0.0295447 0)
(2.73744 0.0301656 0)
(2.74067 0.0309328 0)
(2.74479 0.0315699 0)
(2.74995 0.0315416 0)
(2.75545 0.0316865 0)
(2.76093 0.03272 0)
(2.76589 0.0341144 0)
(2.77001 0.0347293 0)
(2.77286 0.0346421 0)
(2.77492 0.0354507 0)
(2.77848 0.0374003 0)
(2.7835 0.0383205 0)
(2.7891 0.0380895 0)
(2.79452 0.0381548 0)
(2.79975 0.0394092 0)
(2.8044 0.0410715 0)
(2.8083 0.0414307 0)
(2.81087 0.0408137 0)
(2.81265 0.0415523 0)
(2.81602 0.0436754 0)
(2.82087 0.0447527 0)
(2.8264 0.0444631 0)
(2.83171 0.0441953 0)
(2.83689 0.0451341 0)
(2.8417 0.0466892 0)
(2.8459 0.047034 0)
(2.84897 0.0461249 0)
(2.85109 0.0462097 0)
(2.85408 0.0477116 0)
(2.85852 0.0487028 0)
(2.86369 0.0486962 0)
(2.86889 0.0482835 0)
(2.87397 0.0482074 0)
(2.87889 0.0489746 0)
(2.8831 0.0501968 0)
(2.886 0.0508245 0)
(2.88801 0.0508877 0)
(2.89078 0.0511523 0)
(2.89505 0.0516084 0)
(2.90002 0.052438 0)
(2.90488 0.0535064 0)
(2.90963 0.0538577 0)
(2.91441 0.0530109 0)
(2.91855 0.0520208 0)
(2.92147 0.0524671 0)
(2.92336 0.0539371 0)
(2.92562 0.0549838 0)
(2.92927 0.0552262 0)
(2.93377 0.0551505 0)
(2.93823 0.0553019 0)
(2.9424 0.0557338 0)
(2.94632 0.0561143 0)
(2.94991 0.0562672 0)
(2.95291 0.0564008 0)
(2.95544 0.0566238 0)
(2.95811 0.0566691 0)
(2.9615 0.0569037 0)
(2.96561 0.0576273 0)
(2.96991 0.0580618 0)
(2.97407 0.0574419 0)
(2.97764 0.0561576 0)
(2.98068 0.0555774 0)
(2.98372 0.0563664 0)
(2.98693 0.0576678 0)
(2.99009 0.0583189 0)
(2.99305 0.0578338 0)
(2.99573 0.0567815 0)
(2.99836 0.0563893 0)
(3.00127 0.0569698 0)
(3.00449 0.0572966 0)
(3.00817 0.0566591 0)
(3.01207 0.0558804 0)
(3.01616 0.0558064 0)
(3.02048 0.0565131 0)
(3.02467 0.0575905 0)
(3.02822 0.0583531 0)
(3.03056 0.0583068 0)
(3.03169 0.0575887 0)
(3.03343 0.0579696 0)
(3.03717 0.0590104 0)
(3.04181 0.0596318 0)
(3.04653 0.0599116 0)
(3.05103 0.0598935 0)
(3.05522 0.0597382 0)
(3.0591 0.0602169 0)
(3.06234 0.0612132 0)
(3.06457 0.0616374 0)
(3.06633 0.0611099 0)
(3.06909 0.0611074 0)
(3.07317 0.0615991 0)
(3.07787 0.0623599 0)
(3.08257 0.0636067 0)
(3.08683 0.0641203 0)
(3.08939 0.0635934 0)
(3.09239 0.0639448 0)
(4.09088 -0.370301 0)
(4.08289 -0.353318 0)
(4.07088 -0.325444 0)
(4.06263 -0.293231 0)
(4.05787 -0.285275 0)
(4.05254 -0.274421 0)
(4.03837 -0.225771 0)
(4.03854 -0.182443 0)
(4.03929 -0.18156 0)
(4.03978 -0.176371 0)
(4.01443 -0.143996 0)
(4.00922 -0.109193 0)
(4.0036 -0.109527 0)
(3.995 -0.104424 0)
(3.98529 -0.0744591 0)
(3.98861 -0.0620252 0)
(3.99551 -0.0570652 0)
(3.99349 -0.0359024 0)
(3.98986 -0.0226131 0)
(3.98567 -0.0225208 0)
(3.97653 -0.0210524 0)
(3.97133 -0.0173614 0)
(3.96825 -0.00614733 0)
(3.96783 -0.000322912 0)
(3.96838 0.00333796 0)
(3.97314 0.00711245 0)
(3.97569 0.0108507 0)
(3.97359 0.0131382 0)
(3.97223 0.0149898 0)
(3.96927 0.0188988 0)
(3.965 0.0244703 0)
(3.96241 0.0269066 0)
(3.96183 0.0272698 0)
(3.96239 0.0285485 0)
(3.96561 0.0325985 0)
(3.96759 0.0379539 0)
(3.96741 0.039311 0)
(3.96668 0.0395361 0)
(3.96498 0.0405595 0)
(3.9616 0.0443603 0)
(3.95804 0.0495499 0)
(3.95751 0.0515699 0)
(3.95819 0.0523416 0)
(3.96035 0.0539237 0)
(3.96211 0.0560432 0)
(3.96233 0.0573737 0)
(3.96245 0.0587424 0)
(3.96225 0.0597725 0)
(3.96068 0.0594216 0)
(3.95985 0.0590345 0)
(3.96072 0.0591372 0)
(3.96175 0.059446 0)
(3.96334 0.0596158 0)
(3.96458 0.0594488 0)
(3.96621 0.0585901 0)
(3.9672 0.0575017 0)
(3.96714 0.0563236 0)
(3.96535 0.054669 0)
(3.9651 0.053662 0)
(3.96616 0.0535615 0)
(3.96705 0.0533282 0)
(3.96804 0.053308 0)
(3.96914 0.0534463 0)
(3.97012 0.0534032 0)
(3.97073 0.0528545 0)
(3.97056 0.0519731 0)
(3.96955 0.0514469 0)
(3.96947 0.0519758 0)
(3.97054 0.0528098 0)
(3.97168 0.0534614 0)
(3.97289 0.0541941 0)
(3.97407 0.0551966 0)
(3.975 0.0562837 0)
(3.97571 0.0569999 0)
(3.97632 0.0571209 0)
(3.97583 0.0574577 0)
(3.97512 0.0589181 0)
(3.97631 0.059765 0)
(3.97736 0.0603879 0)
(3.97854 0.061763 0)
(3.97958 0.0634505 0)
(3.981 0.0650562 0)
(3.98257 0.0658247 0)
(3.98318 0.0647068 0)
(3.98169 0.0647198 0)
(3.98143 0.0637218 0)
(3.98159 0.0631736 0)
(3.98167 0.0627249 0)
(3.98053 0.0601165 0)
(3.97527 0.051675 0)
(3.96111 0.0341484 0)
(3.92341 -0.0182934 0)
(3.86759 -0.0810174 0)
(3.77119 -0.183411 0)
(3.60846 -0.388845 0)
(3.50287 -0.481637 0)
(3.36354 -0.613245 0)
(3.19162 -0.821104 0)
(3.11959 -0.883284 0)
(3.07728 -0.89597 0)
(3.01721 -0.947231 0)
(2.98198 -1.01267 0)
(2.96047 -1.01159 0)
(2.95793 -1.00035 0)
(2.9639 -0.999012 0)
(2.96895 -1.0048 0)
(2.97402 -1.00552 0)
(2.9804 -1.00435 0)
(2.98277 -1.00123 0)
(2.98957 -0.996013 0)
(2.99771 -0.993897 0)
(3.00805 -0.991514 0)
(3.01825 -0.987361 0)
(3.02449 -0.983706 0)
(3.02881 -0.979681 0)
(3.02721 -0.969153 0)
(3.02045 -0.95232 0)
(3.00144 -0.923594 0)
(2.96814 -0.878557 0)
(2.91981 -0.809786 0)
(2.86123 -0.729638 0)
(2.79639 -0.639736 0)
(2.72781 -0.533259 0)
(2.66124 -0.434618 0)
(2.60717 -0.364811 0)
(2.56095 -0.295013 0)
(2.51666 -0.226657 0)
(2.48982 -0.190633 0)
(2.47351 -0.160873 0)
(2.45471 -0.122867 0)
(2.4425 -0.0932976 0)
(2.43542 -0.083054 0)
(2.43431 -0.0759634 0)
(2.43518 -0.0666639 0)
(2.43795 -0.0638762 0)
(2.44582 -0.0630422 0)
(2.45825 -0.0613308 0)
(2.47137 -0.0600687 0)
(2.48401 -0.0586209 0)
(2.49398 -0.0566867 0)
(2.50063 -0.0561622 0)
(2.5093 -0.0555653 0)
(2.51605 -0.0547018 0)
(2.52302 -0.0523972 0)
(2.53036 -0.0494302 0)
(2.5376 -0.045836 0)
(2.54257 -0.0417344 0)
(2.54463 -0.0373929 0)
(2.54765 -0.0340567 0)
(2.55382 -0.0320384 0)
(2.56124 -0.0295902 0)
(2.56921 -0.0270221 0)
(2.57666 -0.0243146 0)
(2.58256 -0.0215164 0)
(2.5865 -0.018609 0)
(2.58931 -0.0152874 0)
(2.59437 -0.0123948 0)
(2.60106 -0.0101586 0)
(2.608 -0.00781765 0)
(2.61472 -0.00555405 0)
(2.62104 -0.00342366 0)
(2.62668 -0.0013057 0)
(2.63131 0.000825786 0)
(2.63561 0.00299029 0)
(2.64134 0.00510121 0)
(2.64828 0.00708127 0)
(2.65535 0.00917631 0)
(2.66209 0.0113601 0)
(2.66822 0.0133679 0)
(2.67346 0.0151648 0)
(2.67765 0.0169919 0)
(2.68173 0.0189719 0)
(2.68697 0.0207902 0)
(2.69299 0.0223369 0)
(2.6991 0.0238866 0)
(2.70491 0.0254566 0)
(2.71017 0.0268613 0)
(2.71486 0.0280841 0)
(2.71932 0.0291455 0)
(2.72415 0.0301282 0)
(2.72965 0.0312996 0)
(2.73555 0.0325982 0)
(2.74143 0.0340416 0)
(2.74694 0.0359161 0)
(2.75166 0.0378263 0)
(2.7555 0.039201 0)
(2.75925 0.0405719 0)
(2.76413 0.0419113 0)
(2.76978 0.0428111 0)
(2.77564 0.0436643 0)
(2.78132 0.0446715 0)
(2.78645 0.0456211 0)
(2.79059 0.0462119 0)
(2.79346 0.0467765 0)
(2.7962 0.0474371 0)
(2.80049 0.0476263 0)
(2.80585 0.0477401 0)
(2.81143 0.0482743 0)
(2.81685 0.0489914 0)
(2.82194 0.0494744 0)
(2.82621 0.0496796 0)
(2.82884 0.0502782 0)
(2.83039 0.0517455 0)
(2.83359 0.0525119 0)
(2.83865 0.0526906 0)
(2.8443 0.0533646 0)
(2.84979 0.0544882 0)
(2.85492 0.0553109 0)
(2.85963 0.0553338 0)
(2.8632 0.055334 0)
(2.86511 0.0565278 0)
(2.86686 0.0580798 0)
(2.87073 0.0583421 0)
(2.87593 0.058506 0)
(2.88162 0.0595186 0)
(2.88699 0.0610523 0)
(2.89193 0.0620326 0)
(2.8964 0.0621977 0)
(2.89994 0.0624378 0)
(2.90246 0.0635347 0)
(2.90516 0.064285 0)
(2.90919 0.0643149 0)
(2.9143 0.065043 0)
(2.91961 0.06644 0)
(2.92457 0.067318 0)
(2.92922 0.0669962 0)
(2.93327 0.0667273 0)
(2.93671 0.0676409 0)
(2.93979 0.0683802 0)
(2.94327 0.0673825 0)
(2.947 0.0661939 0)
(2.95127 0.0671682 0)
(2.95565 0.0697296 0)
(2.95953 0.0714064 0)
(2.9637 0.0704794 0)
(2.96757 0.0685103 0)
(2.97096 0.0683456 0)
(2.97413 0.0699403 0)
(2.97737 0.070476 0)
(2.98102 0.0692751 0)
(2.98459 0.0686673 0)
(2.98819 0.0701995 0)
(2.99123 0.0723862 0)
(2.99424 0.0725044 0)
(2.99787 0.0705731 0)
(3.00144 0.0690824 0)
(3.00525 0.0697268 0)
(3.00896 0.0715298 0)
(3.01233 0.0723346 0)
(3.0156 0.071508 0)
(3.01843 0.0706995 0)
(3.02103 0.0714452 0)
(3.02389 0.0728943 0)
(3.02729 0.0732616 0)
(3.03127 0.0723588 0)
(3.03521 0.0713945 0)
(3.03924 0.0715753 0)
(3.04319 0.0730068 0)
(3.04632 0.0745285 0)
(3.04818 0.07463 0)
(3.04904 0.0734535 0)
(3.05043 0.0727627 0)
(3.05383 0.0733829 0)
(3.05804 0.0742567 0)
(3.06235 0.0745911 0)
(3.06682 0.0741259 0)
(3.07116 0.0733828 0)
(3.07514 0.0733043 0)
(3.07822 0.0743881 0)
(3.07961 0.0759015 0)
(3.08007 0.0759192 0)
(3.08211 0.0748886 0)
(3.08597 0.074765 0)
(3.09082 0.0757292 0)
(3.09555 0.077182 0)
(3.09984 0.0782103 0)
(3.10379 0.078049 0)
(3.10706 0.0774212 0)
(3.10923 0.0775217 0)
(3.11061 0.0783677 0)
(3.11268 0.0789555 0)
(3.11644 0.0786926 0)
(3.1211 0.0782368 0)
(3.12596 0.0781118 0)
(3.13091 0.0791415 0)
(3.13535 0.0813199 0)
(3.13781 0.0818176 0)
(3.13996 0.0812833 0)
(4.11594 -0.471232 0)
(4.11419 -0.470503 0)
(4.11145 -0.468307 0)
(4.10972 -0.466602 0)
(4.11008 -0.460517 0)
(4.1121 -0.446147 0)
(4.1131 -0.432592 0)
(4.10875 -0.416324 0)
(4.1025 -0.399473 0)
(4.09612 -0.391237 0)
(4.08894 -0.381837 0)
(4.0734 -0.346355 0)
(4.06873 -0.312996 0)
(4.06782 -0.307843 0)
(4.059 -0.278023 0)
(4.05159 -0.224202 0)
(4.05234 -0.21248 0)
(4.05395 -0.205864 0)
(4.02994 -0.167568 0)
(4.02325 -0.141223 0)
(4.0195 -0.135838 0)
(4.00207 -0.10555 0)
(3.99671 -0.0794793 0)
(4.00024 -0.0784369 0)
(3.99918 -0.053873 0)
(3.99577 -0.0180144 0)
(3.99358 -0.013887 0)
(3.98802 -0.0101173 0)
(3.97696 -0.00359185 0)
(3.97059 0.0101261 0)
(3.96985 0.0230763 0)
(3.96689 0.0281408 0)
(3.96453 0.0330237 0)
(3.96784 0.0412575 0)
(3.97017 0.0499463 0)
(3.96813 0.0550773 0)
(3.96652 0.0611155 0)
(3.96095 0.0612872 0)
(3.95847 0.0606039 0)
(3.95696 0.0630038 0)
(3.95695 0.0663368 0)
(3.95681 0.0674761 0)
(3.95807 0.0687459 0)
(3.95981 0.0704907 0)
(3.95948 0.0713665 0)
(3.95848 0.0717933 0)
(3.95629 0.0705437 0)
(3.95436 0.0666755 0)
(3.95369 0.0633422 0)
(3.95376 0.062398 0)
(3.95612 0.0636099 0)
(3.95869 0.0642588 0)
(3.95904 0.0642526 0)
(3.95882 0.0643193 0)
(3.95776 0.0643006 0)
(3.95581 0.0631788 0)
(3.95567 0.0623836 0)
(3.95673 0.0622977 0)
(3.95776 0.0624732 0)
(3.96022 0.0628987 0)
(3.96208 0.0632978 0)
(3.96332 0.063546 0)
(3.96482 0.0643561 0)
(3.96515 0.0650753 0)
(3.96392 0.0657973 0)
(3.9634 0.0665118 0)
(3.96405 0.0671766 0)
(3.96607 0.0683661 0)
(3.96834 0.0698382 0)
(3.97004 0.0710203 0)
(3.97197 0.0715729 0)
(3.97414 0.0724951 0)
(3.97531 0.0735448 0)
(3.97395 0.0728472 0)
(3.97185 0.0725039 0)
(3.97312 0.0732013 0)
(3.97491 0.073701 0)
(3.97658 0.0743822 0)
(3.9784 0.0749458 0)
(3.97966 0.0748537 0)
(3.98039 0.0742531 0)
(3.98071 0.0738123 0)
(3.97939 0.0737028 0)
(3.9774 0.0724638 0)
(3.97523 0.0700761 0)
(3.96848 0.0606684 0)
(3.95268 0.0423644 0)
(3.91148 -0.00928146 0)
(3.84072 -0.102376 0)
(3.76082 -0.179399 0)
(3.59249 -0.364678 0)
(3.44555 -0.54904 0)
(3.35417 -0.609139 0)
(3.194 -0.75689 0)
(3.07955 -0.920591 0)
(3.02934 -0.92984 0)
(3.00705 -0.93228 0)
(2.98145 -0.969941 0)
(2.95632 -1.00811 0)
(2.9463 -1.00774 0)
(2.94829 -1.00253 0)
(2.95487 -0.999522 0)
(2.96055 -0.998023 0)
(2.96726 -0.998083 0)
(2.97622 -0.996135 0)
(2.98296 -0.991779 0)
(2.98777 -0.989878 0)
(2.99601 -0.986915 0)
(3.00781 -0.983926 0)
(3.01896 -0.978017 0)
(3.02739 -0.973604 0)
(3.03433 -0.972195 0)
(3.03817 -0.972101 0)
(3.04168 -0.9708 0)
(3.04937 -0.968782 0)
(3.05722 -0.966437 0)
(3.06574 -0.963796 0)
(3.073 -0.960944 0)
(3.07992 -0.95751 0)
(3.085 -0.949627 0)
(3.08421 -0.935136 0)
(3.07876 -0.919938 0)
(3.06117 -0.892173 0)
(3.02997 -0.846208 0)
(2.98166 -0.778779 0)
(2.92453 -0.700566 0)
(2.85865 -0.604059 0)
(2.79516 -0.509666 0)
(2.74332 -0.42725 0)
(2.68457 -0.327982 0)
(2.6337 -0.246755 0)
(2.59869 -0.206489 0)
(2.56531 -0.157416 0)
(2.53276 -0.105499 0)
(2.52031 -0.0892281 0)
(2.51817 -0.0794208 0)
(2.51796 -0.0632557 0)
(2.51792 -0.0505659 0)
(2.51825 -0.048969 0)
(2.52026 -0.0479247 0)
(2.52443 -0.0449488 0)
(2.53331 -0.043596 0)
(2.54633 -0.0416118 0)
(2.55844 -0.038349 0)
(2.56787 -0.0346462 0)
(2.57502 -0.0314953 0)
(2.57854 -0.029197 0)
(2.57959 -0.0263554 0)
(2.58124 -0.0221699 0)
(2.58696 -0.0181075 0)
(2.59424 -0.0142409 0)
(2.60129 -0.0107484 0)
(2.60662 -0.00751064 0)
(2.61055 -0.00472046 0)
(2.61419 -0.00178555 0)
(2.617 0.00194156 0)
(2.62051 0.00600689 0)
(2.62654 0.00912246 0)
(2.63301 0.0118726 0)
(2.63916 0.0145704 0)
(2.64497 0.0170832 0)
(2.65026 0.0194754 0)
(2.65457 0.021743 0)
(2.65818 0.0240209 0)
(2.66322 0.0262573 0)
(2.66965 0.0282239 0)
(2.67618 0.030228 0)
(2.68239 0.0322562 0)
(2.688 0.0341191 0)
(2.69249 0.0358442 0)
(2.69633 0.0375118 0)
(2.70207 0.0389355 0)
(2.70886 0.0401262 0)
(2.71561 0.04152 0)
(2.72206 0.0430756 0)
(2.72788 0.0445984 0)
(2.7323 0.0459424 0)
(2.7357 0.0469234 0)
(2.74132 0.0476859 0)
(2.74825 0.0484702 0)
(2.75512 0.049718 0)
(2.76182 0.0511526 0)
(2.7683 0.052433 0)
(2.77428 0.0537396 0)
(2.77901 0.0549385 0)
(2.78173 0.0559432 0)
(2.78513 0.0572157 0)
(2.79115 0.058437 0)
(2.79745 0.0594298 0)
(2.80365 0.0604479 0)
(2.80959 0.0615362 0)
(2.81509 0.0626492 0)
(2.81957 0.0638083 0)
(2.8224 0.0649963 0)
(2.82481 0.0659654 0)
(2.82911 0.0667751 0)
(2.83473 0.0676609 0)
(2.84045 0.0685284 0)
(2.84596 0.0690799 0)
(2.85109 0.0693653 0)
(2.8554 0.0699526 0)
(2.85823 0.0713932 0)
(2.85999 0.072734 0)
(2.86296 0.0732102 0)
(2.86796 0.0739824 0)
(2.87373 0.0751311 0)
(2.87939 0.0761342 0)
(2.88491 0.0764049 0)
(2.88968 0.0761872 0)
(2.89277 0.076672 0)
(2.89431 0.0784541 0)
(2.8974 0.0791946 0)
(2.90256 0.0789283 0)
(2.90832 0.0793678 0)
(2.91417 0.0805811 0)
(2.9197 0.08185 0)
(2.9248 0.0822646 0)
(2.92866 0.0822398 0)
(2.9308 0.0831268 0)
(2.93321 0.084153 0)
(2.93792 0.0839707 0)
(2.94352 0.0839996 0)
(2.9494 0.0848545 0)
(2.95491 0.0860915 0)
(2.95989 0.0865212 0)
(2.96385 0.0859909 0)
(2.96643 0.0861837 0)
(2.96867 0.0868481 0)
(2.97256 0.0861386 0)
(2.97727 0.0851793 0)
(2.98213 0.0854264 0)
(2.98707 0.0870301 0)
(2.99141 0.0888081 0)
(2.99491 0.0890032 0)
(2.9972 0.087754 0)
(2.99902 0.087244 0)
(3.00222 0.0883712 0)
(3.00653 0.0888513 0)
(3.01158 0.0881378 0)
(3.0163 0.0870876 0)
(3.02048 0.0871017 0)
(3.02398 0.0885519 0)
(3.02612 0.0900258 0)
(3.02744 0.0896964 0)
(3.03014 0.088191 0)
(3.03398 0.0875675 0)
(3.03867 0.0881797 0)
(3.0435 0.0890963 0)
(3.04811 0.0895236 0)
(3.0521 0.0892732 0)
(3.05463 0.0890683 0)
(3.05515 0.0898721 0)
(3.05638 0.0909305 0)
(3.06039 0.0910702 0)
(3.06541 0.0907026 0)
(3.07018 0.090263 0)
(3.07482 0.0903524 0)
(3.07942 0.0912495 0)
(3.08334 0.0924679 0)
(3.08557 0.0929012 0)
(3.08539 0.0923932 0)
(3.0854 0.0923859 0)
(3.0893 0.0934474 0)
(3.09384 0.0943897 0)
(3.09852 0.0948163 0)
(3.10337 0.094463 0)
(3.10788 0.0938075 0)
(3.11171 0.0940132 0)
(3.11423 0.0955123 0)
(3.11472 0.0971053 0)
(3.11502 0.0969892 0)
(3.1177 0.0963342 0)
(3.12204 0.0967719 0)
(3.12705 0.0980095 0)
(3.13176 0.0995271 0)
(3.13613 0.100117 0)
(3.13999 0.09938 0)
(3.1424 0.0982699 0)
(3.14287 0.0983634 0)
(3.14401 0.0997056 0)
(3.14743 0.100376 0)
(3.15233 0.0999364 0)
(3.15746 0.0990756 0)
(3.16228 0.0984868 0)
(3.16714 0.0993906 0)
(3.17152 0.101752 0)
(3.17412 0.1022 0)
(3.17599 0.101594 0)
(4.13003 -0.486524 0)
(4.13298 -0.486325 0)
(4.13552 -0.485503 0)
(4.14032 -0.481969 0)
(4.14408 -0.474059 0)
(4.14672 -0.469891 0)
(4.14885 -0.466235 0)
(4.1448 -0.464442 0)
(4.14004 -0.463182 0)
(4.13953 -0.462744 0)
(4.14 -0.462048 0)
(4.14205 -0.457259 0)
(4.1469 -0.447787 0)
(4.14704 -0.436138 0)
(4.13874 -0.425858 0)
(4.1332 -0.413582 0)
(4.12967 -0.40834 0)
(4.1231 -0.405933 0)
(4.11187 -0.393851 0)
(4.10318 -0.368858 0)
(4.1018 -0.35504 0)
(4.09704 -0.333201 0)
(4.08958 -0.304921 0)
(4.08668 -0.29307 0)
(4.07438 -0.264421 0)
(4.06342 -0.225572 0)
(4.05752 -0.220568 0)
(4.04636 -0.209913 0)
(4.02878 -0.175601 0)
(4.02572 -0.160923 0)
(4.02272 -0.139591 0)
(4.01583 -0.101494 0)
(4.01423 -0.0901317 0)
(4.01938 -0.0860234 0)
(4.00909 -0.0695653 0)
(3.99729 -0.0479937 0)
(3.995 -0.0306922 0)
(3.9888 -0.0345781 0)
(3.98523 -0.0325018 0)
(3.98273 -0.0131613 0)
(3.98721 -0.00129131 0)
(3.99297 0.00434148 0)
(3.99242 0.0108843 0)
(3.98746 0.012696 0)
(3.98469 0.01509 0)
(3.97995 0.0207948 0)
(3.97662 0.028175 0)
(3.9748 0.0318368 0)
(3.97262 0.0350572 0)
(3.97409 0.0386327 0)
(3.97762 0.0439721 0)
(3.97729 0.047873 0)
(3.97582 0.0496086 0)
(3.97381 0.0519053 0)
(3.97063 0.0559699 0)
(3.96715 0.0596247 0)
(3.96552 0.061823 0)
(3.96533 0.0644505 0)
(3.96716 0.0678976 0)
(3.96877 0.0720903 0)
(3.96886 0.0738399 0)
(3.96948 0.0757205 0)
(3.96983 0.0782222 0)
(3.96808 0.0818861 0)
(3.96474 0.0839864 0)
(3.96508 0.0837705 0)
(3.96648 0.0834529 0)
(3.96884 0.0840353 0)
(3.9703 0.0859598 0)
(3.97077 0.0865116 0)
(3.97147 0.0862538 0)
(3.97135 0.0859259 0)
(3.96966 0.0853005 0)
(3.96842 0.0849517 0)
(3.96943 0.084932 0)
(3.97012 0.0850454 0)
(3.97132 0.085177 0)
(3.97243 0.0847632 0)
(3.97412 0.0842252 0)
(3.97399 0.0822628 0)
(3.97185 0.0775242 0)
(3.96318 0.0645803 0)
(3.94381 0.039768 0)
(3.90361 0.000160615 0)
(3.81166 -0.11634 0)
(3.71924 -0.219345 0)
(3.60574 -0.335108 0)
(3.40297 -0.569022 0)
(3.29705 -0.677193 0)
(3.21196 -0.731372 0)
(3.07439 -0.863742 0)
(3.00617 -0.97848 0)
(2.97254 -0.965981 0)
(2.97324 -0.961228 0)
(2.96462 -0.982809 0)
(2.95015 -1.00061 0)
(2.94016 -1.0035 0)
(2.94293 -1.0034 0)
(2.94803 -1.002 0)
(2.95704 -0.999231 0)
(2.96757 -0.995669 0)
(2.97893 -0.994123 0)
(2.99042 -0.990167 0)
(2.99631 -0.986786 0)
(3.00023 -0.982688 0)
(3.00944 -0.977486 0)
(3.02127 -0.973683 0)
(3.03229 -0.969995 0)
(3.04112 -0.967479 0)
(3.04891 -0.966392 0)
(3.0545 -0.965524 0)
(3.05653 -0.96342 0)
(3.06141 -0.960172 0)
(3.06995 -0.958397 0)
(3.07833 -0.955558 0)
(3.08717 -0.953557 0)
(3.09699 -0.951784 0)
(3.10636 -0.949172 0)
(3.11247 -0.947449 0)
(3.11497 -0.945476 0)
(3.11833 -0.942662 0)
(3.12446 -0.941031 0)
(3.13087 -0.9383 0)
(3.13869 -0.933224 0)
(3.14139 -0.925867 0)
(3.13761 -0.911334 0)
(3.13053 -0.894657 0)
(3.11303 -0.869148 0)
(3.0812 -0.821701 0)
(3.04545 -0.770047 0)
(2.99179 -0.687676 0)
(2.9314 -0.593652 0)
(2.8712 -0.504191 0)
(2.79624 -0.391037 0)
(2.74248 -0.312822 0)
(2.70043 -0.242997 0)
(2.65173 -0.15742 0)
(2.62191 -0.110198 0)
(2.6075 -0.0944251 0)
(2.59747 -0.0668785 0)
(2.58504 -0.0352925 0)
(2.57726 -0.0243894 0)
(2.57934 -0.022761 0)
(2.58337 -0.0174693 0)
(2.58931 -0.0137794 0)
(2.59411 -0.014318 0)
(2.6015 -0.0141397 0)
(2.60979 -0.0118945 0)
(2.61531 -0.00769356 0)
(2.61941 -0.00376046 0)
(2.62484 -0.00162209 0)
(2.63022 -0.000197085 0)
(2.63475 0.00176006 0)
(2.6398 0.00373925 0)
(2.64686 0.00639928 0)
(2.65282 0.00982329 0)
(2.65645 0.0141342 0)
(2.6603 0.0186759 0)
(2.66564 0.0220742 0)
(2.67119 0.0249182 0)
(2.67677 0.0275378 0)
(2.68188 0.0300424 0)
(2.68598 0.0323698 0)
(2.68949 0.0346852 0)
(2.6942 0.0368439 0)
(2.69961 0.0386866 0)
(2.70507 0.0404604 0)
(2.71047 0.0422059 0)
(2.71544 0.0438976 0)
(2.71942 0.0457146 0)
(2.72312 0.0479017 0)
(2.72852 0.0497892 0)
(2.73491 0.0510864 0)
(2.7414 0.0521661 0)
(2.74771 0.0531162 0)
(2.75353 0.0541107 0)
(2.75818 0.0556132 0)
(2.76142 0.0579127 0)
(2.7653 0.0603513 0)
(2.77135 0.0621524 0)
(2.77817 0.0634065 0)
(2.7848 0.0642822 0)
(2.79114 0.0648745 0)
(2.79704 0.065675 0)
(2.80199 0.0669961 0)
(2.80526 0.0688402 0)
(2.80728 0.0709342 0)
(2.81083 0.0726202 0)
(2.81656 0.0738531 0)
(2.82264 0.0749155 0)
(2.82856 0.0757786 0)
(2.83424 0.0765507 0)
(2.83929 0.0778917 0)
(2.84307 0.0800289 0)
(2.84557 0.0819157 0)
(2.84836 0.0829784 0)
(2.85286 0.0840713 0)
(2.85835 0.0852009 0)
(2.8639 0.0858555 0)
(2.86928 0.0860737 0)
(2.87419 0.0865226 0)
(2.87825 0.0876606 0)
(2.88122 0.088804 0)
(2.88385 0.0895356 0)
(2.88779 0.0905726 0)
(2.89299 0.0915688 0)
(2.89861 0.0919332 0)
(2.90426 0.0919423 0)
(2.90936 0.092131 0)
(2.91316 0.0931585 0)
(2.91565 0.094388 0)
(2.91904 0.0944296 0)
(2.92415 0.0946621 0)
(2.93017 0.0957209 0)
(2.93597 0.0969374 0)
(2.9415 0.0975496 0)
(2.94643 0.0975047 0)
(2.9496 0.0976825 0)
(2.95093 0.0992029 0)
(2.95422 0.100193 0)
(2.95965 0.100097 0)
(2.96548 0.100426 0)
(2.97134 0.101306 0)
(2.97677 0.102402 0)
(2.98138 0.102898 0)
(2.98419 0.102972 0)
(2.985 0.103645 0)
(2.9873 0.104114 0)
(2.99217 0.103869 0)
(2.99726 0.103659 0)
(3.00238 0.10387 0)
(3.0075 0.104485 0)
(3.01213 0.105199 0)
(3.01523 0.105323 0)
(3.01572 0.104666 0)
(3.0164 0.104332 0)
(3.02063 0.104817 0)
(3.02571 0.105155 0)
(3.031 0.105138 0)
(3.03611 0.104707 0)
(3.04075 0.104169 0)
(3.0446 0.104153 0)
(3.04672 0.104812 0)
(3.04691 0.105473 0)
(3.04896 0.105592 0)
(3.0536 0.105444 0)
(3.05856 0.105418 0)
(3.0637 0.105538 0)
(3.06874 0.105659 0)
(3.07325 0.105543 0)
(3.07624 0.105391 0)
(3.0766 0.105974 0)
(3.07697 0.10716 0)
(3.08087 0.107916 0)
(3.08606 0.108212 0)
(3.0912 0.108352 0)
(3.09623 0.108498 0)
(3.10118 0.108924 0)
(3.10561 0.109473 0)
(3.1085 0.10971 0)
(3.10863 0.10986 0)
(3.10813 0.111036 0)
(3.11161 0.112938 0)
(3.11618 0.114224 0)
(3.12103 0.114886 0)
(3.12604 0.114986 0)
(3.13077 0.115043 0)
(3.13487 0.115527 0)
(3.13759 0.116276 0)
(3.13811 0.116415 0)
(3.13833 0.115775 0)
(3.1412 0.115754 0)
(3.14605 0.116633 0)
(3.15117 0.117953 0)
(3.15604 0.119364 0)
(3.1605 0.119756 0)
(3.16409 0.118974 0)
(3.16557 0.11764 0)
(3.16456 0.117088 0)
(3.16672 0.118437 0)
(3.17121 0.11971 0)
(3.17608 0.12019 0)
(3.18104 0.12004 0)
(3.18572 0.119587 0)
(3.1903 0.120367 0)
(3.19455 0.121977 0)
(3.19722 0.122187 0)
(3.19879 0.122198 0)
(4.08452 -0.326336 0)
(4.09704 -0.329161 0)
(4.10796 -0.333126 0)
(4.1157 -0.340822 0)
(4.12101 -0.348482 0)
(4.12124 -0.358836 0)
(4.11227 -0.368625 0)
(4.10644 -0.372403 0)
(4.11179 -0.373211 0)
(4.11569 -0.374912 0)
(4.12034 -0.379717 0)
(4.12869 -0.3876 0)
(4.1343 -0.392849 0)
(4.13614 -0.394274 0)
(4.13691 -0.396005 0)
(4.13248 -0.398255 0)
(4.12728 -0.401808 0)
(4.12672 -0.403153 0)
(4.12717 -0.403421 0)
(4.12956 -0.403054 0)
(4.13549 -0.402877 0)
(4.1418 -0.402034 0)
(4.14227 -0.400258 0)
(4.13912 -0.399021 0)
(4.13398 -0.394482 0)
(4.13075 -0.390126 0)
(4.12674 -0.386147 0)
(4.12226 -0.381386 0)
(4.11613 -0.367066 0)
(4.11343 -0.345662 0)
(4.11577 -0.330048 0)
(4.11281 -0.305868 0)
(4.10716 -0.287632 0)
(4.10327 -0.280967 0)
(4.08686 -0.256168 0)
(4.07357 -0.217785 0)
(4.06947 -0.208248 0)
(4.06757 -0.204078 0)
(4.04887 -0.160172 0)
(4.04604 -0.113056 0)
(4.05069 -0.107499 0)
(4.05504 -0.09674 0)
(4.03369 -0.066603 0)
(4.02628 -0.0438117 0)
(4.02272 -0.0397952 0)
(4.00855 -0.0234097 0)
(3.99974 0.00125523 0)
(3.99904 0.0136652 0)
(4.00195 0.0222893 0)
(4.00606 0.0400802 0)
(4.0015 0.0545474 0)
(4.00092 0.0595609 0)
(3.99344 0.0658206 0)
(3.9888 0.0703197 0)
(3.9833 0.0812835 0)
(3.98172 0.0866535 0)
(3.97835 0.0880465 0)
(3.98 0.088323 0)
(3.98554 0.0941259 0)
(3.98536 0.101674 0)
(3.98252 0.104283 0)
(3.97923 0.10334 0)
(3.97569 0.0994889 0)
(3.97421 0.0979765 0)
(3.97215 0.0970452 0)
(3.97127 0.0948951 0)
(3.97378 0.0924498 0)
(3.97735 0.0920191 0)
(3.97783 0.0925714 0)
(3.97762 0.0924478 0)
(3.97664 0.0907268 0)
(3.9755 0.0900489 0)
(3.97397 0.0907368 0)
(3.97359 0.0903707 0)
(3.97377 0.0900745 0)
(3.9749 0.0892343 0)
(3.97433 0.0844891 0)
(3.9663 0.0716324 0)
(3.94177 0.0373677 0)
(3.89904 -0.0050012 0)
(3.80858 -0.0948808 0)
(3.66959 -0.27238 0)
(3.57333 -0.352309 0)
(3.41314 -0.50887 0)
(3.23679 -0.737684 0)
(3.16325 -0.794673 0)
(3.10043 -0.836041 0)
(3.01049 -0.918237 0)
(2.96148 -0.999042 0)
(2.93865 -0.991683 0)
(2.94472 -0.983306 0)
(2.95495 -0.995089 0)
(2.95644 -1.00177 0)
(2.95751 -1.00236 0)
(2.95517 -1.00382 0)
(2.95422 -1.0034 0)
(2.95954 -1.00265 0)
(2.96803 -1.00166 0)
(2.98183 -0.996469 0)
(2.99728 -0.988908 0)
(3.01107 -0.983295 0)
(3.01991 -0.980873 0)
(3.0233 -0.979263 0)
(3.0277 -0.975076 0)
(3.03754 -0.973328 0)
(3.04797 -0.969682 0)
(3.05875 -0.96329 0)
(3.06598 -0.960367 0)
(3.07148 -0.959799 0)
(3.07308 -0.959411 0)
(3.07319 -0.957811 0)
(3.07942 -0.956435 0)
(3.08779 -0.953686 0)
(3.09832 -0.947821 0)
(3.10816 -0.942424 0)
(3.11664 -0.939163 0)
(3.12192 -0.937023 0)
(3.12193 -0.934822 0)
(3.12423 -0.931747 0)
(3.13185 -0.930783 0)
(3.13972 -0.927843 0)
(3.14727 -0.923766 0)
(3.15322 -0.921478 0)
(3.1578 -0.9211 0)
(3.16039 -0.920296 0)
(3.16086 -0.916169 0)
(3.16275 -0.910505 0)
(3.16802 -0.907158 0)
(3.17342 -0.901314 0)
(3.17822 -0.893032 0)
(3.18162 -0.883297 0)
(3.17353 -0.862074 0)
(3.16074 -0.833421 0)
(3.13751 -0.800383 0)
(3.0927 -0.736061 0)
(3.04245 -0.665133 0)
(2.98611 -0.582756 0)
(2.91802 -0.474433 0)
(2.86525 -0.391071 0)
(2.80622 -0.291731 0)
(2.75407 -0.197053 0)
(2.72318 -0.157299 0)
(2.69635 -0.114262 0)
(2.66653 -0.0581932 0)
(2.65218 -0.0292452 0)
(2.64821 -0.0260448 0)
(2.64994 -0.0157189 0)
(2.65075 0.00144631 0)
(2.64784 0.00810495 0)
(2.64678 0.00760324 0)
(2.64886 0.00828196 0)
(2.65359 0.0119809 0)
(2.66086 0.0168241 0)
(2.67057 0.0196427 0)
(2.68084 0.0219725 0)
(2.68675 0.0250381 0)
(2.68892 0.0276405 0)
(2.69122 0.0306738 0)
(2.69574 0.0338009 0)
(2.7015 0.0368026 0)
(2.70706 0.0399159 0)
(2.71169 0.0430319 0)
(2.71491 0.0461076 0)
(2.71674 0.0491547 0)
(2.71981 0.0518212 0)
(2.72445 0.0539755 0)
(2.72949 0.0562449 0)
(2.73482 0.0587631 0)
(2.74001 0.0614199 0)
(2.74456 0.0641293 0)
(2.74809 0.0669817 0)
(2.75107 0.0693453 0)
(2.7552 0.0711549 0)
(2.76098 0.0727841 0)
(2.76706 0.0743149 0)
(2.77297 0.0757394 0)
(2.77852 0.0772964 0)
(2.78341 0.0793481 0)
(2.78733 0.0816672 0)
(2.79052 0.083533 0)
(2.79401 0.0853725 0)
(2.79867 0.0870532 0)
(2.80402 0.0880067 0)
(2.80961 0.0887025 0)
(2.81516 0.0894912 0)
(2.82033 0.0904646 0)
(2.82465 0.0917707 0)
(2.828 0.0932382 0)
(2.83086 0.0950612 0)
(2.83419 0.0968546 0)
(2.83868 0.0976082 0)
(2.84396 0.097887 0)
(2.84959 0.0985132 0)
(2.85529 0.0996065 0)
(2.86059 0.100976 0)
(2.86511 0.10236 0)
(2.86888 0.10419 0)
(2.8723 0.106437 0)
(2.87591 0.107906 0)
(2.88021 0.108114 0)
(2.885 0.108202 0)
(2.88997 0.108656 0)
(2.89486 0.109007 0)
(2.89945 0.109608 0)
(2.90374 0.111177 0)
(2.90767 0.113086 0)
(2.91148 0.113941 0)
(2.91544 0.113865 0)
(2.91955 0.114357 0)
(2.92364 0.115874 0)
(2.92755 0.116975 0)
(2.93168 0.116755 0)
(2.9362 0.116842 0)
(2.94144 0.118221 0)
(2.94667 0.119881 0)
(2.95166 0.120295 0)
(2.95617 0.119439 0)
(2.95945 0.119572 0)
(2.9612 0.121701 0)
(2.96308 0.123188 0)
(2.96764 0.122815 0)
(2.97301 0.122626 0)
(2.97864 0.123054 0)
(2.98418 0.123703 0)
(2.98929 0.124013 0)
(2.99324 0.124132 0)
(2.99524 0.125013 0)
(2.99567 0.126197 0)
(2.99797 0.12633 0)
(3.00304 0.125898 0)
(3.00828 0.125366 0)
(3.01356 0.124824 0)
(3.01873 0.12455 0)
(3.02338 0.124449 0)
(3.02667 0.124591 0)
(3.02792 0.125228 0)
(3.02846 0.125911 0)
(3.03138 0.126256 0)
(3.0363 0.126209 0)
(3.04165 0.12581 0)
(3.04674 0.125047 0)
(3.05139 0.124281 0)
(3.05553 0.12418 0)
(3.05884 0.12527 0)
(3.06097 0.127057 0)
(3.06233 0.128031 0)
(3.06469 0.127806 0)
(3.06893 0.127226 0)
(3.07389 0.12673 0)
(3.07895 0.126347 0)
(3.08357 0.126335 0)
(3.08732 0.127131 0)
(3.09025 0.1287 0)
(3.09266 0.130071 0)
(3.09485 0.130677 0)
(3.09735 0.130877 0)
(3.10077 0.131238 0)
(3.10501 0.131727 0)
(3.10964 0.132028 0)
(3.11425 0.132049 0)
(3.11828 0.13229 0)
(3.12155 0.133885 0)
(3.12431 0.136358 0)
(3.12699 0.138091 0)
(3.12985 0.138669 0)
(3.13273 0.138785 0)
(3.13552 0.139376 0)
(3.13843 0.140453 0)
(3.1417 0.141037 0)
(3.14519 0.140643 0)
(3.14878 0.139955 0)
(3.15261 0.139962 0)
(3.15686 0.140913 0)
(3.16127 0.142378 0)
(3.16542 0.143791 0)
(3.16876 0.144262 0)
(3.17027 0.143419 0)
(3.16946 0.142288 0)
(3.17013 0.142297 0)
(3.17484 0.143323 0)
(3.17978 0.144485 0)
(3.18479 0.14535 0)
(3.18968 0.14568 0)
(3.19415 0.145702 0)
(3.19774 0.145932 0)
(3.1998 0.146336 0)
(3.19933 0.146939 0)
(3.20219 0.14736 0)
(4.08437 -0.251684 0)
(4.09095 -0.264173 0)
(4.10381 -0.278089 0)
(4.114 -0.283465 0)
(4.11642 -0.288971 0)
(4.10944 -0.314718 0)
(4.10064 -0.335985 0)
(4.10007 -0.33958 0)
(4.10712 -0.346944 0)
(4.12211 -0.352384 0)
(4.13205 -0.359555 0)
(4.13743 -0.368265 0)
(4.1407 -0.375681 0)
(4.14417 -0.382381 0)
(4.1412 -0.39084 0)
(4.13268 -0.399745 0)
(4.13494 -0.403314 0)
(4.13821 -0.407065 0)
(4.14243 -0.409211 0)
(4.15047 -0.409765 0)
(4.15696 -0.408232 0)
(4.16028 -0.406091 0)
(4.1616 -0.404429 0)
(4.15792 -0.40497 0)
(4.15186 -0.407618 0)
(4.15252 -0.40807 0)
(4.15479 -0.407351 0)
(4.15829 -0.403915 0)
(4.16443 -0.395317 0)
(4.16648 -0.389389 0)
(4.16762 -0.386836 0)
(4.16657 -0.383826 0)
(4.15976 -0.380078 0)
(4.15458 -0.376097 0)
(4.15261 -0.373992 0)
(4.15012 -0.367498 0)
(4.15036 -0.361628 0)
(4.152 -0.352592 0)
(4.14678 -0.332292 0)
(4.14237 -0.313398 0)
(4.13927 -0.305529 0)
(4.13112 -0.29534 0)
(4.11877 -0.279217 0)
(4.10965 -0.264413 0)
(4.09946 -0.2412 0)
(4.09184 -0.2169 0)
(4.08816 -0.20035 0)
(4.08431 -0.17859 0)
(4.08064 -0.153554 0)
(4.07414 -0.12459 0)
(4.06629 -0.101734 0)
(4.05907 -0.0973889 0)
(4.0532 -0.0929644 0)
(4.03791 -0.0705002 0)
(4.03106 -0.0415406 0)
(4.03137 -0.0269021 0)
(4.03281 -0.023597 0)
(4.03755 -0.0156737 0)
(4.03854 -0.000336669 0)
(4.03437 0.0126843 0)
(4.03287 0.0216861 0)
(4.02687 0.0229979 0)
(4.0166 0.0252339 0)
(4.01237 0.0343432 0)
(4.01241 0.0429738 0)
(4.01312 0.0501077 0)
(4.01697 0.0574036 0)
(4.01671 0.0619509 0)
(4.01758 0.0649887 0)
(4.01668 0.0683539 0)
(4.01019 0.0711918 0)
(4.00481 0.0747204 0)
(4.00199 0.0744449 0)
(3.99312 0.0711255 0)
(3.96505 0.0439064 0)
(3.91412 -0.0194927 0)
(3.84566 -0.0847179 0)
(3.67952 -0.264734 0)
(3.53697 -0.429259 0)
(3.43033 -0.494014 0)
(3.23401 -0.670975 0)
(3.11076 -0.858645 0)
(3.05419 -0.875984 0)
(3.02617 -0.890741 0)
(2.98988 -0.954943 0)
(2.95845 -1.00526 0)
(2.94202 -1.00136 0)
(2.93975 -0.998342 0)
(2.94282 -1.00241 0)
(2.95441 -1.00879 0)
(2.96468 -1.0085 0)
(2.97112 -1.00834 0)
(2.97657 -1.00802 0)
(2.97987 -1.00604 0)
(2.98199 -1.00342 0)
(2.98934 -1.00075 0)
(2.99988 -0.995244 0)
(3.01268 -0.98758 0)
(3.02587 -0.981006 0)
(3.03515 -0.978285 0)
(3.03971 -0.976493 0)
(3.04242 -0.971465 0)
(3.04956 -0.967272 0)
(3.05753 -0.963767 0)
(3.0644 -0.959563 0)
(3.06978 -0.957491 0)
(3.07449 -0.956468 0)
(3.0786 -0.954657 0)
(3.08175 -0.951982 0)
(3.0856 -0.947719 0)
(3.0936 -0.943168 0)
(3.10098 -0.938203 0)
(3.10759 -0.933721 0)
(3.11461 -0.929142 0)
(3.1201 -0.927136 0)
(3.12478 -0.926205 0)
(3.13035 -0.921009 0)
(3.13584 -0.913789 0)
(3.13928 -0.910758 0)
(3.14192 -0.909113 0)
(3.14613 -0.906684 0)
(3.1523 -0.90386 0)
(3.15829 -0.900437 0)
(3.16379 -0.898404 0)
(3.16804 -0.897898 0)
(3.17109 -0.895091 0)
(3.17674 -0.888869 0)
(3.1819 -0.884961 0)
(3.18742 -0.883208 0)
(3.19449 -0.880972 0)
(3.20148 -0.877793 0)
(3.20722 -0.873169 0)
(3.21073 -0.86957 0)
(3.21522 -0.864461 0)
(3.21613 -0.856308 0)
(3.21671 -0.843656 0)
(3.21702 -0.830879 0)
(3.20752 -0.807522 0)
(3.18529 -0.763778 0)
(3.15425 -0.716377 0)
(3.10922 -0.653081 0)
(3.04512 -0.559563 0)
(2.9855 -0.476574 0)
(2.92268 -0.379408 0)
(2.86702 -0.285634 0)
(2.83193 -0.227432 0)
(2.79451 -0.154249 0)
(2.75783 -0.0779673 0)
(2.73885 -0.0536961 0)
(2.7293 -0.03958 0)
(2.71994 -0.0154411 0)
(2.70895 0.015602 0)
(2.70668 0.0268322 0)
(2.70997 0.0281425 0)
(2.71183 0.0320884 0)
(2.71259 0.0409423 0)
(2.71502 0.0469357 0)
(2.72178 0.0488019 0)
(2.73041 0.0506899 0)
(2.73785 0.054987 0)
(2.74101 0.0589079 0)
(2.74337 0.0601353 0)
(2.74632 0.0624864 0)
(2.74836 0.0653148 0)
(2.74964 0.0676458 0)
(2.75365 0.0702764 0)
(2.76002 0.0721263 0)
(2.76661 0.0738576 0)
(2.77255 0.0762616 0)
(2.7776 0.079403 0)
(2.78167 0.0828479 0)
(2.78437 0.0857705 0)
(2.78605 0.0880443 0)
(2.78881 0.0900363 0)
(2.79435 0.0917741 0)
(2.8004 0.092909 0)
(2.80647 0.0936723 0)
(2.81225 0.094839 0)
(2.81717 0.096363 0)
(2.82086 0.0975123 0)
(2.82339 0.0990195 0)
(2.82565 0.100904 0)
(2.82919 0.10169 0)
(2.83418 0.101838 0)
(2.83992 0.102298 0)
(2.8458 0.103052 0)
(2.85148 0.103721 0)
(2.85648 0.104034 0)
(2.86028 0.104771 0)
(2.86288 0.106642 0)
(2.8653 0.108439 0)
(2.86898 0.109605 0)
(2.87413 0.110859 0)
(2.87985 0.112084 0)
(2.88578 0.11311 0)
(2.89162 0.114302 0)
(2.89678 0.116129 0)
(2.90085 0.118381 0)
(2.90395 0.120274 0)
(2.90676 0.121871 0)
(2.9102 0.123979 0)
(2.91437 0.125651 0)
(2.91921 0.125835 0)
(2.92429 0.125721 0)
(2.92942 0.126716 0)
(2.93411 0.128938 0)
(2.93785 0.130566 0)
(2.9409 0.130533 0)
(2.94373 0.13107 0)
(2.9471 0.133343 0)
(2.95067 0.135145 0)
(2.9546 0.134942 0)
(2.95871 0.133996 0)
(2.96323 0.134214 0)
(2.96812 0.135553 0)
(2.97282 0.136064 0)
(2.977 0.135229 0)
(2.98027 0.13506 0)
(2.98286 0.136404 0)
(2.98476 0.137967 0)
(2.98696 0.138551 0)
(2.99068 0.138511 0)
(2.99544 0.138552 0)
(3.00052 0.138733 0)
(3.0056 0.139034 0)
(3.01025 0.139162 0)
(3.01398 0.13902 0)
(3.01622 0.139485 0)
(3.01705 0.140954 0)
(3.01836 0.141758 0)
(3.0225 0.141273 0)
(3.02749 0.140504 0)
(3.03244 0.139781 0)
(3.03744 0.139649 0)
(3.04226 0.140059 0)
(3.04611 0.140681 0)
(3.04805 0.141085 0)
(3.04843 0.141331 0)
(3.05029 0.142125 0)
(3.05441 0.142947 0)
(3.05924 0.143007 0)
(3.06447 0.142479 0)
(3.0696 0.141454 0)
(3.07449 0.140947 0)
(3.07891 0.141755 0)
(3.08181 0.143895 0)
(3.08215 0.146077 0)
(3.08278 0.145831 0)
(3.08644 0.144593 0)
(3.09111 0.14438 0)
(3.09664 0.145097 0)
(3.10194 0.145905 0)
(3.10692 0.146275 0)
(3.11119 0.146315 0)
(3.11415 0.146837 0)
(3.11497 0.148891 0)
(3.11461 0.151149 0)
(3.11738 0.151488 0)
(3.12212 0.151238 0)
(3.12725 0.151479 0)
(3.13278 0.152189 0)
(3.138 0.153706 0)
(3.14254 0.155312 0)
(3.14625 0.156221 0)
(3.14874 0.156829 0)
(3.14939 0.158004 0)
(3.14912 0.159798 0)
(3.15121 0.160876 0)
(3.15555 0.160827 0)
(3.16045 0.160425 0)
(3.16531 0.160072 0)
(3.16998 0.160269 0)
(3.17435 0.161272 0)
(3.1783 0.16255 0)
(3.18167 0.163606 0)
(3.18376 0.164287 0)
(3.18352 0.164301 0)
(3.18276 0.163595 0)
(3.18541 0.163665 0)
(3.18982 0.164063 0)
(3.19477 0.164571 0)
(3.19992 0.165105 0)
(3.20492 0.165884 0)
(3.20922 0.166732 0)
(3.21197 0.167334 0)
(3.21178 0.166855 0)
(3.21033 0.166301 0)
(3.21561 0.167086 0)
(4.05183 -0.0876524 0)
(4.0617 -0.108009 0)
(4.06424 -0.124633 0)
(4.06533 -0.131933 0)
(4.06272 -0.139216 0)
(4.05562 -0.15274 0)
(4.06183 -0.160574 0)
(4.07046 -0.169776 0)
(4.07648 -0.185201 0)
(4.08664 -0.190848 0)
(4.0965 -0.18724 0)
(4.10367 -0.193374 0)
(4.10554 -0.213302 0)
(4.09912 -0.228136 0)
(4.08827 -0.236446 0)
(4.09052 -0.244767 0)
(4.10082 -0.247058 0)
(4.10963 -0.252607 0)
(4.11801 -0.25967 0)
(4.12601 -0.267129 0)
(4.13161 -0.272559 0)
(4.13354 -0.27715 0)
(4.12634 -0.285336 0)
(4.11732 -0.295476 0)
(4.12194 -0.298989 0)
(4.12695 -0.302787 0)
(4.13453 -0.308857 0)
(4.14317 -0.313126 0)
(4.14981 -0.31604 0)
(4.15365 -0.317515 0)
(4.15649 -0.321528 0)
(4.15255 -0.328769 0)
(4.14513 -0.335567 0)
(4.14577 -0.337319 0)
(4.14784 -0.33679 0)
(4.15028 -0.336256 0)
(4.15487 -0.337685 0)
(4.16084 -0.341227 0)
(4.16416 -0.342567 0)
(4.16448 -0.342306 0)
(4.16261 -0.341839 0)
(4.15746 -0.341312 0)
(4.15551 -0.341102 0)
(4.15412 -0.340984 0)
(4.15339 -0.339719 0)
(4.15503 -0.338436 0)
(4.15886 -0.330208 0)
(4.15923 -0.31669 0)
(4.15708 -0.308308 0)
(4.15171 -0.298139 0)
(4.14591 -0.287692 0)
(4.14126 -0.282555 0)
(4.1309 -0.266463 0)
(4.11934 -0.23598 0)
(4.11709 -0.221599 0)
(4.118 -0.207118 0)
(4.11013 -0.165568 0)
(4.1078 -0.142987 0)
(4.10899 -0.137893 0)
(4.09029 -0.111556 0)
(4.07994 -0.0811563 0)
(4.07624 -0.0761832 0)
(4.06737 -0.0624946 0)
(4.05545 -0.025771 0)
(4.05937 0.000386143 0)
(4.06628 -0.000865892 0)
(4.06284 0.0218646 0)
(4.05801 0.0364722 0)
(4.04735 0.029228 0)
(4.03645 0.0291422 0)
(4.02058 0.0253098 0)
(3.962 -0.0224559 0)
(3.87448 -0.113956 0)
(3.77373 -0.2038 0)
(3.54103 -0.459368 0)
(3.40256 -0.612194 0)
(3.31682 -0.668367 0)
(3.15759 -0.816714 0)
(3.07253 -0.946719 0)
(3.03632 -0.930936 0)
(3.02483 -0.94389 0)
(3.00256 -0.982492 0)
(2.9904 -0.996928 0)
(2.98275 -0.995654 0)
(2.97678 -0.994502 0)
(2.97125 -1.00032 0)
(2.96647 -1.00163 0)
(2.96786 -0.999698 0)
(2.97185 -0.998337 0)
(2.97948 -0.995329 0)
(2.98553 -0.993013 0)
(2.99193 -0.993354 0)
(2.99688 -0.99266 0)
(3.00111 -0.988497 0)
(3.00968 -0.981045 0)
(3.02184 -0.971543 0)
(3.03285 -0.962635 0)
(3.04116 -0.959334 0)
(3.04741 -0.958988 0)
(3.05193 -0.956158 0)
(3.05739 -0.951788 0)
(3.06294 -0.948569 0)
(3.06824 -0.946267 0)
(3.07353 -0.943815 0)
(3.07771 -0.941249 0)
(3.08049 -0.939438 0)
(3.0837 -0.937095 0)
(3.08995 -0.934362 0)
(3.09687 -0.931551 0)
(3.10508 -0.927384 0)
(3.11328 -0.921665 0)
(3.11939 -0.9177 0)
(3.12334 -0.914534 0)
(3.1282 -0.910848 0)
(3.13523 -0.90821 0)
(3.14241 -0.90588 0)
(3.14957 -0.903086 0)
(3.15556 -0.899371 0)
(3.16025 -0.896275 0)
(3.16259 -0.893942 0)
(3.16372 -0.891815 0)
(3.168 -0.890157 0)
(3.17421 -0.888641 0)
(3.18218 -0.885608 0)
(3.18958 -0.882131 0)
(3.19737 -0.8795 0)
(3.2047 -0.875566 0)
(3.21007 -0.871485 0)
(3.21365 -0.8665 0)
(3.22048 -0.863217 0)
(3.22849 -0.861269 0)
(3.23661 -0.858022 0)
(3.24429 -0.854666 0)
(3.25101 -0.851095 0)
(3.25541 -0.848096 0)
(3.2579 -0.842886 0)
(3.26082 -0.840141 0)
(3.26445 -0.838531 0)
(3.26832 -0.835043 0)
(3.27292 -0.830429 0)
(3.27544 -0.822128 0)
(3.27128 -0.807224 0)
(3.26244 -0.781987 0)
(3.2462 -0.752984 0)
(3.21616 -0.707854 0)
(3.17098 -0.636021 0)
(3.12374 -0.564054 0)
(3.07176 -0.479912 0)
(3.01674 -0.388583 0)
(2.96479 -0.30283 0)
(2.91757 -0.216978 0)
(2.87621 -0.136861 0)
(2.85082 -0.0955159 0)
(2.8364 -0.0650782 0)
(2.81521 -0.021121 0)
(2.79692 0.0194465 0)
(2.78915 0.0310282 0)
(2.78528 0.0359677 0)
(2.78227 0.0457052 0)
(2.77802 0.0628098 0)
(2.77744 0.0699157 0)
(2.78036 0.0693331 0)
(2.78715 0.0725305 0)
(2.79251 0.0794094 0)
(2.79779 0.0869339 0)
(2.80152 0.0908373 0)
(2.80626 0.0937165 0)
(2.8099 0.0961502 0)
(2.8129 0.0974167 0)
(2.81721 0.0970438 0)
(2.82152 0.0963218 0)
(2.82633 0.0966968 0)
(2.83147 0.0983157 0)
(2.8352 0.101419 0)
(2.83754 0.104804 0)
(2.84019 0.106151 0)
(2.84429 0.106748 0)
(2.849 0.107314 0)
(2.85341 0.107885 0)
(2.85785 0.108238 0)
(2.86208 0.109034 0)
(2.86591 0.111393 0)
(2.86899 0.114643 0)
(2.8716 0.117397 0)
(2.87494 0.119451 0)
(2.87965 0.12117 0)
(2.88504 0.122654 0)
(2.89031 0.123748 0)
(2.89515 0.124677 0)
(2.89927 0.126088 0)
(2.90264 0.128147 0)
(2.90564 0.131009 0)
(2.90873 0.134389 0)
(2.91232 0.136533 0)
(2.91685 0.137186 0)
(2.92206 0.138041 0)
(2.9276 0.139972 0)
(2.93261 0.142334 0)
(2.93682 0.143661 0)
(2.94019 0.144667 0)
(2.94326 0.147546 0)
(2.94609 0.15125 0)
(2.94913 0.152623 0)
(2.95295 0.151734 0)
(2.95714 0.151533 0)
(2.9621 0.15332 0)
(2.9666 0.155537 0)
(2.97047 0.155831 0)
(2.97357 0.155068 0)
(2.97652 0.155964 0)
(2.97951 0.158301 0)
(2.98196 0.159752 0)
(2.9845 0.158844 0)
(2.98774 0.157213 0)
(2.99189 0.156961 0)
(2.99656 0.157635 0)
(3.00104 0.157765 0)
(3.00514 0.156851 0)
(3.00867 0.156125 0)
(3.01152 0.156928 0)
(3.0131 0.158725 0)
(3.01403 0.159672 0)
(3.01711 0.159164 0)
(3.0218 0.158607 0)
(3.02688 0.15874 0)
(3.03189 0.159122 0)
(3.0365 0.158943 0)
(3.04031 0.158431 0)
(3.04286 0.158945 0)
(3.04369 0.160771 0)
(3.04389 0.162148 0)
(3.04711 0.161818 0)
(3.05186 0.161114 0)
(3.05682 0.160759 0)
(3.06204 0.160999 0)
(3.06701 0.161642 0)
(3.07086 0.162069 0)
(3.07264 0.161903 0)
(3.07243 0.162202 0)
(3.07377 0.163819 0)
(3.07789 0.165229 0)
(3.08268 0.165613 0)
(3.08797 0.165226 0)
(3.09303 0.164148 0)
(3.09791 0.163767 0)
(3.10241 0.164647 0)
(3.10514 0.166581 0)
(3.10454 0.169075 0)
(3.1046 0.168923 0)
(3.10813 0.168059 0)
(3.11339 0.168501 0)
(3.11921 0.169477 0)
(3.12455 0.170292 0)
(3.12949 0.170091 0)
(3.13363 0.169237 0)
(3.13604 0.16976 0)
(3.13583 0.172687 0)
(3.13568 0.175098 0)
(3.13915 0.175128 0)
(3.14383 0.175394 0)
(3.14941 0.176113 0)
(3.15511 0.177617 0)
(3.16026 0.179177 0)
(3.16477 0.179469 0)
(3.16811 0.178776 0)
(3.16894 0.178866 0)
(3.1677 0.181535 0)
(3.16881 0.184737 0)
(3.17218 0.185952 0)
(3.17703 0.185611 0)
(3.18197 0.184979 0)
(3.18688 0.184994 0)
(3.19154 0.185817 0)
(3.19552 0.186474 0)
(3.19855 0.186304 0)
(3.20007 0.185941 0)
(3.19984 0.18666 0)
(3.19986 0.188371 0)
(3.2022 0.189194 0)
(3.20646 0.188749 0)
(3.211 0.188014 0)
(3.21549 0.187589 0)
(3.22007 0.188172 0)
(3.2242 0.189453 0)
(3.22694 0.190918 0)
(3.22634 0.192075 0)
(3.22507 0.190452 0)
(3.23024 0.190034 0)
(4.02357 0.0117742 0)
(4.02874 0.0121997 0)
(4.03005 -0.00859532 0)
(4.0261 -0.041441 0)
(4.02593 -0.0528414 0)
(4.03038 -0.0537457 0)
(4.04213 -0.0609687 0)
(4.05428 -0.0657825 0)
(4.06307 -0.0811703 0)
(4.0698 -0.0931614 0)
(4.07902 -0.101841 0)
(4.08462 -0.1194 0)
(4.08002 -0.131765 0)
(4.0693 -0.138029 0)
(4.0741 -0.153278 0)
(4.0882 -0.160118 0)
(4.09752 -0.176463 0)
(4.10383 -0.183663 0)
(4.11322 -0.182436 0)
(4.12395 -0.191472 0)
(4.1287 -0.213705 0)
(4.12339 -0.228787 0)
(4.11178 -0.2404 0)
(4.11328 -0.252793 0)
(4.12531 -0.255515 0)
(4.13508 -0.261461 0)
(4.14379 -0.270038 0)
(4.15184 -0.279848 0)
(4.15698 -0.287533 0)
(4.1601 -0.294441 0)
(4.1563 -0.304411 0)
(4.14617 -0.317474 0)
(4.14945 -0.324949 0)
(4.15341 -0.331337 0)
(4.15889 -0.333995 0)
(4.16654 -0.333761 0)
(4.1753 -0.334566 0)
(4.1797 -0.338823 0)
(4.1808 -0.343681 0)
(4.17896 -0.347126 0)
(4.1735 -0.349563 0)
(4.17333 -0.350464 0)
(4.1751 -0.350741 0)
(4.17685 -0.351302 0)
(4.18057 -0.350936 0)
(4.18556 -0.346028 0)
(4.18812 -0.341299 0)
(4.19065 -0.337674 0)
(4.18876 -0.336041 0)
(4.18324 -0.335401 0)
(4.18239 -0.333861 0)
(4.18269 -0.333079 0)
(4.18404 -0.331129 0)
(4.18678 -0.32647 0)
(4.18958 -0.31783 0)
(4.18777 -0.308007 0)
(4.18256 -0.301153 0)
(4.1776 -0.29238 0)
(4.17443 -0.287293 0)
(4.16754 -0.280804 0)
(4.16027 -0.271646 0)
(4.15326 -0.254018 0)
(4.14755 -0.233236 0)
(4.14284 -0.226898 0)
(4.13286 -0.202222 0)
(4.126 -0.197597 0)
(4.1086 -0.203428 0)
(4.08557 -0.20304 0)
(3.98654 -0.282901 0)
(3.83214 -0.448337 0)
(3.7466 -0.497831 0)
(3.481 -0.731246 0)
(3.30571 -0.9332 0)
(3.2293 -0.973084 0)
(3.14273 -1.04608 0)
(3.07547 -1.09689 0)
(3.03429 -1.12357 0)
(3.01606 -1.1301 0)
(3.00545 -1.12205 0)
(2.99511 -1.12743 0)
(2.99441 -1.13564 0)
(2.99433 -1.13093 0)
(2.99006 -1.12018 0)
(2.98752 -1.10584 0)
(2.98878 -1.09028 0)
(2.99397 -1.07993 0)
(2.99775 -1.06462 0)
(3.00248 -1.04872 0)
(3.01159 -1.03372 0)
(3.01608 -1.01715 0)
(3.01682 -1.00217 0)
(3.02254 -0.990189 0)
(3.0271 -0.981356 0)
(3.03381 -0.970836 0)
(3.0433 -0.962547 0)
(3.05041 -0.952381 0)
(3.05394 -0.945219 0)
(3.05519 -0.942645 0)
(3.05495 -0.942455 0)
(3.0576 -0.940803 0)
(3.06222 -0.938392 0)
(3.06865 -0.934795 0)
(3.07453 -0.931836 0)
(3.07999 -0.929624 0)
(3.08467 -0.927065 0)
(3.08882 -0.923157 0)
(3.09662 -0.919356 0)
(3.10779 -0.916614 0)
(3.11982 -0.911589 0)
(3.13015 -0.90684 0)
(3.13783 -0.903871 0)
(3.14198 -0.900962 0)
(3.14442 -0.898288 0)
(3.14978 -0.897699 0)
(3.15475 -0.89679 0)
(3.1625 -0.894085 0)
(3.16912 -0.89041 0)
(3.17431 -0.89023 0)
(3.17984 -0.890469 0)
(3.18442 -0.888885 0)
(3.18888 -0.884987 0)
(3.19372 -0.880502 0)
(3.20281 -0.875935 0)
(3.21314 -0.871186 0)
(3.22147 -0.868758 0)
(3.23158 -0.865519 0)
(3.23967 -0.860851 0)
(3.24539 -0.856901 0)
(3.24953 -0.851928 0)
(3.25567 -0.848346 0)
(3.26231 -0.846575 0)
(3.2698 -0.843425 0)
(3.27665 -0.839914 0)
(3.28232 -0.839121 0)
(3.28743 -0.839133 0)
(3.29067 -0.837949 0)
(3.29323 -0.834219 0)
(3.29898 -0.831329 0)
(3.30575 -0.828684 0)
(3.31098 -0.826331 0)
(3.31816 -0.823954 0)
(3.32494 -0.820608 0)
(3.32949 -0.815706 0)
(3.333 -0.809917 0)
(3.33877 -0.803727 0)
(3.33841 -0.792992 0)
(3.33978 -0.780286 0)
(3.33778 -0.763254 0)
(3.32698 -0.734048 0)
(3.30325 -0.685208 0)
(3.27209 -0.633796 0)
(3.23311 -0.577265 0)
(3.17573 -0.48917 0)
(3.12128 -0.401262 0)
(3.07305 -0.323578 0)
(3.02845 -0.240965 0)
(2.99291 -0.174525 0)
(2.96626 -0.123586 0)
(2.93335 -0.0645177 0)
(2.90553 -0.00629861 0)
(2.89308 0.0109925 0)
(2.88783 0.0226273 0)
(2.88089 0.0459327 0)
(2.86995 0.0738562 0)
(2.8689 0.08297 0)
(2.86605 0.0887872 0)
(2.86276 0.09515 0)
(2.86084 0.104472 0)
(2.86057 0.115304 0)
(2.86601 0.119406 0)
(2.87313 0.122058 0)
(2.88063 0.125531 0)
(2.88691 0.129773 0)
(2.89002 0.13246 0)
(2.89076 0.130986 0)
(2.89075 0.129863 0)
(2.89211 0.130207 0)
(2.89502 0.129913 0)
(2.89885 0.129694 0)
(2.90481 0.129942 0)
(2.91115 0.129373 0)
(2.91679 0.129797 0)
(2.9214 0.132186 0)
(2.92441 0.134593 0)
(2.92628 0.135463 0)
(2.92797 0.136941 0)
(2.93101 0.139878 0)
(2.9352 0.142273 0)
(2.94005 0.143931 0)
(2.94489 0.145257 0)
(2.94924 0.146078 0)
(2.9531 0.147831 0)
(2.95647 0.151789 0)
(2.9589 0.155529 0)
(2.9613 0.156288 0)
(2.96412 0.156339 0)
(2.96831 0.158263 0)
(2.97316 0.160677 0)
(2.97799 0.16171 0)
(2.98236 0.161813 0)
(2.98628 0.162959 0)
(2.9899 0.165699 0)
(2.99267 0.168179 0)
(2.99494 0.167992 0)
(2.9973 0.166534 0)
(3.00066 0.167035 0)
(3.00504 0.169241 0)
(3.00904 0.170659 0)
(3.01305 0.169731 0)
(3.01655 0.167959 0)
(3.01973 0.167976 0)
(3.02229 0.170146 0)
(3.02358 0.172066 0)
(3.02502 0.171219 0)
(3.02768 0.169378 0)
(3.03143 0.169401 0)
(3.03562 0.170378 0)
(3.03998 0.170407 0)
(3.04419 0.169392 0)
(3.04765 0.169011 0)
(3.05001 0.170543 0)
(3.05077 0.172698 0)
(3.05156 0.173156 0)
(3.05421 0.17271 0)
(3.05861 0.17341 0)
(3.06352 0.174883 0)
(3.06807 0.175696 0)
(3.07242 0.174918 0)
(3.07594 0.173786 0)
(3.07837 0.174707 0)
(3.07925 0.177695 0)
(3.07922 0.179714 0)
(3.08195 0.178793 0)
(3.08605 0.177691 0)
(3.09084 0.177953 0)
(3.09602 0.179477 0)
(3.10048 0.180993 0)
(3.10384 0.180672 0)
(3.10539 0.178913 0)
(3.10548 0.178899 0)
(3.10743 0.182113 0)
(3.1111 0.185157 0)
(3.11526 0.186046 0)
(3.12043 0.184916 0)
(3.12494 0.18278 0)
(3.1292 0.182311 0)
(3.13324 0.184287 0)
(3.13559 0.187861 0)
(3.13561 0.190023 0)
(3.13678 0.188326 0)
(3.13973 0.187186 0)
(3.14503 0.188477 0)
(3.15034 0.190915 0)
(3.15495 0.19199 0)
(3.15933 0.190405 0)
(3.16244 0.188612 0)
(3.16431 0.190183 0)
(3.16487 0.194338 0)
(3.16625 0.196102 0)
(3.17003 0.195114 0)
(3.17436 0.195053 0)
(3.17984 0.196668 0)
(3.18475 0.199491 0)
(3.18879 0.200665 0)
(3.19205 0.198905 0)
(3.19326 0.196794 0)
(3.19311 0.198513 0)
(3.1951 0.202777 0)
(3.19834 0.205145 0)
(3.20279 0.204915 0)
(3.2073 0.203705 0)
(3.21158 0.203492 0)
(3.21569 0.205208 0)
(3.21873 0.207333 0)
(3.22072 0.207107 0)
(3.22174 0.204707 0)
(3.22222 0.203436 0)
(3.22444 0.205186 0)
(3.22816 0.208082 0)
(3.23164 0.210185 0)
(3.23509 0.210082 0)
(3.23845 0.20852 0)
(3.2416 0.207342 0)
(3.24443 0.206956 0)
(3.24664 0.208458 0)
(3.24757 0.212446 0)
(3.24854 0.212616 0)
(3.25266 0.211898 0)
(3.98437 0.11453 0)
(3.99101 0.108104 0)
(3.98442 0.0966764 0)
(3.98696 0.078558 0)
(3.99373 0.0633461 0)
(4.00043 0.0582888 0)
(4.01081 0.056757 0)
(4.02715 0.0451855 0)
(4.03525 0.0301616 0)
(4.03712 0.0258311 0)
(4.03663 0.024212 0)
(4.03705 0.000550997 0)
(4.03658 -0.0245217 0)
(4.04128 -0.0273829 0)
(4.04722 -0.026357 0)
(4.05973 -0.0316487 0)
(4.07242 -0.0436354 0)
(4.07991 -0.0557203 0)
(4.0859 -0.0644968 0)
(4.08892 -0.0710011 0)
(4.08186 -0.0790098 0)
(4.07359 -0.0931175 0)
(4.0838 -0.10426 0)
(4.09356 -0.114491 0)
(4.10039 -0.124545 0)
(4.10938 -0.126428 0)
(4.11843 -0.124704 0)
(4.127 -0.13175 0)
(4.12907 -0.148603 0)
(4.1216 -0.159943 0)
(4.10953 -0.171367 0)
(4.11477 -0.182334 0)
(4.12479 -0.186189 0)
(4.13194 -0.190751 0)
(4.14003 -0.194937 0)
(4.1489 -0.198477 0)
(4.15628 -0.199897 0)
(4.15962 -0.207027 0)
(4.1532 -0.219092 0)
(4.13993 -0.233125 0)
(4.14285 -0.239807 0)
(4.1504 -0.240321 0)
(4.15661 -0.240671 0)
(4.16334 -0.24344 0)
(4.16913 -0.248596 0)
(4.1759 -0.253801 0)
(4.18137 -0.260186 0)
(4.17905 -0.2651 0)
(4.16893 -0.269032 0)
(4.16676 -0.271703 0)
(4.1717 -0.272498 0)
(4.17518 -0.273812 0)
(4.17918 -0.275878 0)
(4.18548 -0.279409 0)
(4.18903 -0.284101 0)
(4.18967 -0.28601 0)
(4.18906 -0.287361 0)
(4.18551 -0.287911 0)
(4.18148 -0.287171 0)
(4.18078 -0.287059 0)
(4.1794 -0.288035 0)
(4.17803 -0.290065 0)
(4.17754 -0.294906 0)
(4.14525 -0.34648 0)
(4.09983 -0.3985 0)
(4.01501 -0.477156 0)
(3.77389 -0.740809 0)
(3.64438 -0.85784 0)
(3.49539 -0.975769 0)
(3.24396 -1.22523 0)
(3.14396 -1.31706 0)
(3.10475 -1.29169 0)
(3.07562 -1.31814 0)
(3.0378 -1.34833 0)
(3.01509 -1.34984 0)
(3.00982 -1.33931 0)
(3.00843 -1.32479 0)
(3.00866 -1.31254 0)
(3.01959 -1.28901 0)
(3.02664 -1.26629 0)
(3.02478 -1.2449 0)
(3.02452 -1.22212 0)
(3.02997 -1.21416 0)
(3.03007 -1.19566 0)
(3.03628 -1.17782 0)
(3.04338 -1.15853 0)
(3.0447 -1.13458 0)
(3.04812 -1.12305 0)
(3.04876 -1.11152 0)
(3.04747 -1.09643 0)
(3.05038 -1.08195 0)
(3.05561 -1.07168 0)
(3.06129 -1.05957 0)
(3.06595 -1.04066 0)
(3.07191 -1.03199 0)
(3.07669 -1.0256 0)
(3.07817 -1.01506 0)
(3.08155 -1.00146 0)
(3.08745 -0.996994 0)
(3.09122 -0.983476 0)
(3.09885 -0.970586 0)
(3.10922 -0.964655 0)
(3.11839 -0.955586 0)
(3.123 -0.947942 0)
(3.1276 -0.937053 0)
(3.13109 -0.926846 0)
(3.13664 -0.919932 0)
(3.14301 -0.916382 0)
(3.15248 -0.909923 0)
(3.15755 -0.903347 0)
(3.15927 -0.901556 0)
(3.16052 -0.899708 0)
(3.16302 -0.896413 0)
(3.16649 -0.891136 0)
(3.17158 -0.888862 0)
(3.17932 -0.884322 0)
(3.18468 -0.881275 0)
(3.19501 -0.877848 0)
(3.20341 -0.875111 0)
(3.21163 -0.871278 0)
(3.22289 -0.864717 0)
(3.23042 -0.860682 0)
(3.23975 -0.856092 0)
(3.25091 -0.852059 0)
(3.2598 -0.848502 0)
(3.26964 -0.845929 0)
(3.27688 -0.842844 0)
(3.28216 -0.841561 0)
(3.28645 -0.839907 0)
(3.29017 -0.836835 0)
(3.29503 -0.834559 0)
(3.30124 -0.832561 0)
(3.30693 -0.83032 0)
(3.31277 -0.829875 0)
(3.32032 -0.826663 0)
(3.32588 -0.823008 0)
(3.33006 -0.82052 0)
(3.3386 -0.81633 0)
(3.34713 -0.811575 0)
(3.35409 -0.809685 0)
(3.36338 -0.805249 0)
(3.37241 -0.799401 0)
(3.37818 -0.797857 0)
(3.3839 -0.794727 0)
(3.3916 -0.789768 0)
(3.39617 -0.786273 0)
(3.40294 -0.781934 0)
(3.40652 -0.779971 0)
(3.40935 -0.77699 0)
(3.41166 -0.772789 0)
(3.41321 -0.767475 0)
(3.41264 -0.758986 0)
(3.40903 -0.743938 0)
(3.4017 -0.720513 0)
(3.38658 -0.686814 0)
(3.36489 -0.646103 0)
(3.3313 -0.585158 0)
(3.28835 -0.503776 0)
(3.25538 -0.448845 0)
(3.1994 -0.354225 0)
(3.15516 -0.27295 0)
(3.12568 -0.219317 0)
(3.0773 -0.129267 0)
(3.05356 -0.0683419 0)
(3.04287 -0.046073 0)
(3.01815 -0.00428128 0)
(2.99505 0.0369461 0)
(2.98641 0.0558795 0)
(2.97611 0.0780952 0)
(2.96338 0.101993 0)
(2.95708 0.111072 0)
(2.95544 0.114197 0)
(2.95513 0.127187 0)
(2.95109 0.143918 0)
(2.94969 0.147314 0)
(2.95107 0.147426 0)
(2.95517 0.149637 0)
(2.96074 0.1589 0)
(2.96409 0.166456 0)
(2.96856 0.166882 0)
(2.97333 0.167436 0)
(2.97676 0.167034 0)
(2.98016 0.166194 0)
(2.98383 0.164607 0)
(2.98628 0.161843 0)
(2.98903 0.161102 0)
(2.99316 0.162736 0)
(2.99723 0.163401 0)
(3.00119 0.164685 0)
(3.00518 0.16686 0)
(3.00895 0.167083 0)
(3.01173 0.16662 0)
(3.01439 0.16832 0)
(3.01715 0.171667 0)
(3.01936 0.174717 0)
(3.02124 0.175939 0)
(3.02329 0.176579 0)
(3.02627 0.179499 0)
(3.02959 0.183852 0)
(3.03292 0.18589 0)
(3.03664 0.18599 0)
(3.04029 0.187223 0)
(3.04331 0.190323 0)
(3.04529 0.192453 0)
(3.04703 0.191376 0)
(3.04858 0.190728 0)
(3.05107 0.193404 0)
(3.0539 0.195812 0)
(3.05802 0.195159 0)
(3.062 0.193315 0)
(3.06544 0.193802 0)
(3.06819 0.196031 0)
(3.07036 0.196239 0)
(3.07171 0.194969 0)
(3.0726 0.1958 0)
(3.07388 0.197646 0)
(3.07691 0.197497 0)
(3.08123 0.19612 0)
(3.08531 0.195218 0)
(3.08886 0.195933 0)
(3.09162 0.197442 0)
(3.09356 0.198219 0)
(3.09465 0.197927 0)
(3.09534 0.197637 0)
(3.09747 0.199023 0)
(3.10143 0.201499 0)
(3.1056 0.20327 0)
(3.11007 0.202938 0)
(3.11392 0.200962 0)
(3.1168 0.200122 0)
(3.11918 0.202177 0)
(3.12038 0.20558 0)
(3.12086 0.206678 0)
(3.12281 0.204807 0)
(3.12597 0.203746 0)
(3.13049 0.204861 0)
(3.13525 0.207022 0)
(3.13921 0.208418 0)
(3.14232 0.207426 0)
(3.14424 0.205217 0)
(3.14545 0.205133 0)
(3.14742 0.20835 0)
(3.15016 0.212329 0)
(3.15331 0.213996 0)
(3.15773 0.212488 0)
(3.16174 0.209991 0)
(3.16541 0.209412 0)
(3.16927 0.21183 0)
(3.17201 0.215803 0)
(3.1733 0.217288 0)
(3.17452 0.215059 0)
(3.17663 0.214418 0)
(3.18107 0.217096 0)
(3.18538 0.219886 0)
(3.18961 0.219745 0)
(3.19292 0.217375 0)
(3.19526 0.216985 0)
(3.1975 0.220001 0)
(3.19934 0.222975 0)
(3.20176 0.222721 0)
(3.20452 0.221784 0)
(3.20836 0.223179 0)
(3.21267 0.226128 0)
(3.21641 0.228031 0)
(3.21928 0.226659 0)
(3.22018 0.223798 0)
(3.22021 0.223838 0)
(3.22336 0.227275 0)
(3.22742 0.229937 0)
(3.23194 0.230426 0)
(3.23637 0.229208 0)
(3.24002 0.228502 0)
(3.24316 0.230088 0)
(3.24491 0.232977 0)
(3.24487 0.23367 0)
(3.24538 0.2308 0)
(3.24714 0.228731 0)
(3.2511 0.22955 0)
(3.25613 0.231828 0)
(3.26053 0.234723 0)
(3.26418 0.235938 0)
(3.26675 0.234727 0)
(3.26767 0.233208 0)
(3.26614 0.23261 0)
(3.26646 0.233924 0)
(3.27048 0.236544 0)
(3.27436 0.237341 0)
(3.28047 0.237485 0)
(3.94952 0.19318 0)
(3.9501 0.189504 0)
(3.95025 0.190677 0)
(3.95825 0.180945 0)
(3.97413 0.169063 0)
(3.98358 0.151166 0)
(3.98821 0.137271 0)
(3.99657 0.13643 0)
(4.00374 0.139955 0)
(4.01036 0.122168 0)
(4.00895 0.091347 0)
(4.007 0.0815231 0)
(4.0072 0.0832368 0)
(4.01613 0.0774522 0)
(4.03349 0.068368 0)
(4.04498 0.0522739 0)
(4.05128 0.0425987 0)
(4.05577 0.0436362 0)
(4.05981 0.0355216 0)
(4.05957 0.0100967 0)
(4.05553 -0.00282699 0)
(4.05479 -0.00737948 0)
(4.06691 -0.0129564 0)
(4.07828 -0.0177045 0)
(4.08683 -0.0277863 0)
(4.09434 -0.0375867 0)
(4.10323 -0.047592 0)
(4.10963 -0.0578407 0)
(4.10378 -0.0672463 0)
(4.09631 -0.0845363 0)
(4.09961 -0.0939342 0)
(4.10423 -0.0971015 0)
(4.11417 -0.103759 0)
(4.12497 -0.112552 0)
(4.13531 -0.120902 0)
(4.14561 -0.12945 0)
(4.15282 -0.139164 0)
(4.15118 -0.151312 0)
(4.1369 -0.162649 0)
(4.1351 -0.17532 0)
(4.14409 -0.183773 0)
(4.15029 -0.18876 0)
(4.15911 -0.193237 0)
(4.17065 -0.200437 0)
(4.17841 -0.207933 0)
(4.18342 -0.216428 0)
(4.18285 -0.226194 0)
(4.17297 -0.24319 0)
(4.16732 -0.253166 0)
(4.16994 -0.255871 0)
(4.1781 -0.258151 0)
(4.18611 -0.260742 0)
(4.19369 -0.26532 0)
(4.20157 -0.270572 0)
(4.20641 -0.275564 0)
(4.20728 -0.280627 0)
(4.19891 -0.29309 0)
(4.19004 -0.30343 0)
(4.18442 -0.31108 0)
(4.17434 -0.324772 0)
(4.12274 -0.392499 0)
(4.04437 -0.493433 0)
(3.95271 -0.600677 0)
(3.67776 -0.886766 0)
(3.52043 -1.05141 0)
(3.39898 -1.1165 0)
(3.17175 -1.29089 0)
(3.05681 -1.4336 0)
(3.01792 -1.40915 0)
(3.02005 -1.397 0)
(3.01166 -1.41117 0)
(3.00538 -1.41667 0)
(3.00046 -1.41638 0)
(2.99899 -1.40833 0)
(3.00806 -1.39863 0)
(3.02432 -1.3874 0)
(3.0488 -1.37082 0)
(3.06351 -1.36073 0)
(3.06853 -1.3617 0)
(3.06907 -1.36179 0)
(3.06454 -1.353 0)
(3.06637 -1.34294 0)
(3.07132 -1.33656 0)
(3.08066 -1.32986 0)
(3.09507 -1.32125 0)
(3.10563 -1.31276 0)
(3.10901 -1.30833 0)
(3.11005 -1.30045 0)
(3.11182 -1.28793 0)
(3.11584 -1.28047 0)
(3.12193 -1.27294 0)
(3.129 -1.25097 0)
(3.14132 -1.23552 0)
(3.15267 -1.2232 0)
(3.15263 -1.2059 0)
(3.15567 -1.19289 0)
(3.15725 -1.1795 0)
(3.15611 -1.15592 0)
(3.16322 -1.14077 0)
(3.16903 -1.11947 0)
(3.176 -1.09341 0)
(3.1851 -1.08326 0)
(3.18772 -1.06832 0)
(3.18837 -1.04994 0)
(3.196 -1.04171 0)
(3.19794 -1.02557 0)
(3.19963 -1.00278 0)
(3.20419 -0.996744 0)
(3.20893 -0.988553 0)
(3.2131 -0.971198 0)
(3.22049 -0.964484 0)
(3.22894 -0.95673 0)
(3.23389 -0.944466 0)
(3.23706 -0.93215 0)
(3.24653 -0.925217 0)
(3.2529 -0.914891 0)
(3.25709 -0.901235 0)
(3.26507 -0.894143 0)
(3.27272 -0.886493 0)
(3.27622 -0.878489 0)
(3.28312 -0.871671 0)
(3.28663 -0.865667 0)
(3.28871 -0.860589 0)
(3.29368 -0.854586 0)
(3.29839 -0.849557 0)
(3.30275 -0.844979 0)
(3.30501 -0.843244 0)
(3.30997 -0.840183 0)
(3.31538 -0.838132 0)
(3.31939 -0.833001 0)
(3.32364 -0.826214 0)
(3.33214 -0.823255 0)
(3.34123 -0.819376 0)
(3.34904 -0.817617 0)
(3.35895 -0.811917 0)
(3.36773 -0.805713 0)
(3.37466 -0.801803 0)
(3.38606 -0.79819 0)
(3.39565 -0.793873 0)
(3.4034 -0.789829 0)
(3.41241 -0.787198 0)
(3.41996 -0.783878 0)
(3.42517 -0.78219 0)
(3.42995 -0.780482 0)
(3.43541 -0.779888 0)
(3.44131 -0.77786 0)
(3.4466 -0.775915 0)
(3.45083 -0.773502 0)
(3.45566 -0.770374 0)
(3.45994 -0.768815 0)
(3.46402 -0.767169 0)
(3.47085 -0.763495 0)
(3.47483 -0.757655 0)
(3.48134 -0.752688 0)
(3.48629 -0.747424 0)
(3.49293 -0.741748 0)
(3.49294 -0.732262 0)
(3.49396 -0.721431 0)
(3.49412 -0.708209 0)
(3.48521 -0.67773 0)
(3.47323 -0.641138 0)
(3.45485 -0.605817 0)
(3.41986 -0.543174 0)
(3.38583 -0.474089 0)
(3.3539 -0.418942 0)
(3.30334 -0.329325 0)
(3.26157 -0.242427 0)
(3.23231 -0.201409 0)
(3.20344 -0.148675 0)
(3.1627 -0.0671233 0)
(3.13794 -0.0119131 0)
(3.11959 0.00229407 0)
(3.10701 0.0338415 0)
(3.0895 0.0792986 0)
(3.07872 0.106887 0)
(3.06996 0.114113 0)
(3.06216 0.1269 0)
(3.05243 0.151332 0)
(3.0497 0.164699 0)
(3.04811 0.169483 0)
(3.04638 0.17732 0)
(3.04384 0.184683 0)
(3.0447 0.19155 0)
(3.04958 0.198963 0)
(3.05385 0.202995 0)
(3.05825 0.204811 0)
(3.06306 0.207959 0)
(3.06693 0.21087 0)
(3.06899 0.208589 0)
(3.07061 0.205345 0)
(3.07235 0.205086 0)
(3.07449 0.202664 0)
(3.07806 0.199332 0)
(3.08245 0.199254 0)
(3.08641 0.200957 0)
(3.09018 0.198944 0)
(3.09262 0.197227 0)
(3.0947 0.201033 0)
(3.09558 0.204713 0)
(3.09751 0.203294 0)
(3.09925 0.202239 0)
(3.10186 0.20493 0)
(3.10393 0.208444 0)
(3.10646 0.208894 0)
(3.10849 0.207557 0)
(3.10978 0.209364 0)
(3.11098 0.213918 0)
(3.11298 0.215536 0)
(3.11576 0.214792 0)
(3.11873 0.215894 0)
(3.12155 0.217885 0)
(3.12462 0.217692 0)
(3.12709 0.215984 0)
(3.12838 0.216286 0)
(3.12907 0.218792 0)
(3.13042 0.219136 0)
(3.13321 0.21652 0)
(3.13601 0.215313 0)
(3.13929 0.21689 0)
(3.14251 0.218282 0)
(3.14597 0.217027 0)
(3.14851 0.21485 0)
(3.15006 0.215177 0)
(3.15092 0.21735 0)
(3.15218 0.218091 0)
(3.15464 0.218001 0)
(3.15826 0.219354 0)
(3.16193 0.221475 0)
(3.16513 0.221953 0)
(3.16802 0.220581 0)
(3.1706 0.220002 0)
(3.17305 0.222244 0)
(3.17438 0.225816 0)
(3.1753 0.226604 0)
(3.17716 0.224631 0)
(3.17975 0.224281 0)
(3.1836 0.227368 0)
(3.18667 0.230948 0)
(3.18999 0.231019 0)
(3.19335 0.22789 0)
(3.19545 0.226332 0)
(3.19697 0.229378 0)
(3.19819 0.232925 0)
(3.20054 0.2341 0)
(3.20399 0.234276 0)
(3.20744 0.234116 0)
(3.21031 0.233557 0)
(3.213 0.233754 0)
(3.21616 0.235881 0)
(3.21895 0.238764 0)
(3.22068 0.239062 0)
(3.22173 0.236851 0)
(3.22343 0.236521 0)
(3.2272 0.239222 0)
(3.23113 0.242164 0)
(3.23459 0.242383 0)
(3.23711 0.240309 0)
(3.23895 0.239643 0)
(3.24112 0.242166 0)
(3.24302 0.24503 0)
(3.24516 0.244964 0)
(3.24771 0.243576 0)
(3.25086 0.243816 0)
(3.25458 0.246082 0)
(3.25742 0.248313 0)
(3.25853 0.247831 0)
(3.25806 0.246005 0)
(3.25933 0.246582 0)
(3.26349 0.248611 0)
(3.26838 0.24992 0)
(3.27317 0.249948 0)
(3.27689 0.249234 0)
(3.27948 0.249483 0)
(3.28076 0.251374 0)
(3.27976 0.253077 0)
(3.27925 0.252177 0)
(3.28167 0.251029 0)
(3.28563 0.251484 0)
(3.29054 0.252818 0)
(3.29563 0.254668 0)
(3.30022 0.255676 0)
(3.30329 0.25492 0)
(3.30322 0.254748 0)
(3.29946 0.255421 0)
(3.29835 0.256165 0)
(3.30268 0.25738 0)
(3.30707 0.258181 0)
(3.31437 0.258923 0)
(3.90944 0.307342 0)
(3.92454 0.281879 0)
(3.92953 0.259452 0)
(3.93608 0.254946 0)
(3.94352 0.262961 0)
(3.95084 0.263609 0)
(3.96657 0.243637 0)
(3.97319 0.214057 0)
(3.97414 0.200314 0)
(3.97389 0.201893 0)
(3.96906 0.199787 0)
(3.9786 0.189525 0)
(3.99379 0.176021 0)
(4.00164 0.15636 0)
(4.00798 0.150372 0)
(4.01336 0.157224 0)
(4.01891 0.156404 0)
(4.02885 0.132545 0)
(4.02931 0.10539 0)
(4.0264 0.0970117 0)
(4.02714 0.0978929 0)
(4.033 0.0952847 0)
(4.04186 0.0907943 0)
(4.05384 0.0828484 0)
(4.06613 0.0696505 0)
(4.07435 0.0543794 0)
(4.07666 0.0404514 0)
(4.07219 0.0320982 0)
(4.06441 0.0320886 0)
(4.05939 0.0285233 0)
(4.07286 0.0211515 0)
(4.08739 0.0140918 0)
(4.09916 -0.00382473 0)
(4.10424 -0.019318 0)
(4.10864 -0.0239183 0)
(4.11242 -0.0237757 0)
(4.1138 -0.0260339 0)
(4.10745 -0.0355067 0)
(4.10954 -0.0477408 0)
(4.11732 -0.0526068 0)
(4.12494 -0.0662906 0)
(4.12712 -0.0802836 0)
(4.13309 -0.0866696 0)
(4.1426 -0.0889399 0)
(4.15012 -0.0889936 0)
(4.14984 -0.0876669 0)
(4.14316 -0.101984 0)
(4.14058 -0.125308 0)
(4.14261 -0.130627 0)
(4.14831 -0.127334 0)
(4.15704 -0.129517 0)
(4.16863 -0.135156 0)
(4.17403 -0.144458 0)
(4.18082 -0.143938 0)
(4.17468 -0.161114 0)
(4.15798 -0.202447 0)
(4.13771 -0.234679 0)
(4.04038 -0.351256 0)
(3.91491 -0.504965 0)
(3.80851 -0.626647 0)
(3.50752 -0.940114 0)
(3.34628 -1.10966 0)
(3.24953 -1.16103 0)
(3.08043 -1.27837 0)
(2.98483 -1.40252 0)
(2.94264 -1.38522 0)
(2.94614 -1.3773 0)
(2.97009 -1.38839 0)
(2.98094 -1.38669 0)
(2.99578 -1.3852 0)
(3.00392 -1.38115 0)
(3.01433 -1.3725 0)
(3.03629 -1.37027 0)
(3.05766 -1.36541 0)
(3.07607 -1.35835 0)
(3.08682 -1.35842 0)
(3.09366 -1.35943 0)
(3.094 -1.35705 0)
(3.09716 -1.35498 0)
(3.10135 -1.35536 0)
(3.10687 -1.35631 0)
(3.11771 -1.35446 0)
(3.12643 -1.35054 0)
(3.13052 -1.34922 0)
(3.13243 -1.34696 0)
(3.13453 -1.34416 0)
(3.14088 -1.34241 0)
(3.14868 -1.33944 0)
(3.1623 -1.33282 0)
(3.1726 -1.32461 0)
(3.18096 -1.31979 0)
(3.18565 -1.31448 0)
(3.18792 -1.30787 0)
(3.19524 -1.30118 0)
(3.20564 -1.29459 0)
(3.21785 -1.28606 0)
(3.23394 -1.27596 0)
(3.24102 -1.26858 0)
(3.24387 -1.26443 0)
(3.24513 -1.2565 0)
(3.2467 -1.24529 0)
(3.25129 -1.23386 0)
(3.25917 -1.22538 0)
(3.27119 -1.21776 0)
(3.28411 -1.2039 0)
(3.28899 -1.18856 0)
(3.29063 -1.17602 0)
(3.29372 -1.16843 0)
(3.29524 -1.15908 0)
(3.29314 -1.13771 0)
(3.29787 -1.11794 0)
(3.30687 -1.10589 0)
(3.31204 -1.08216 0)
(3.31927 -1.06741 0)
(3.32609 -1.05694 0)
(3.32578 -1.03878 0)
(3.32932 -1.01566 0)
(3.33605 -1.00792 0)
(3.34207 -0.996378 0)
(3.34572 -0.972201 0)
(3.35328 -0.957706 0)
(3.36011 -0.953584 0)
(3.36568 -0.944398 0)
(3.36777 -0.927938 0)
(3.37263 -0.910005 0)
(3.37884 -0.904663 0)
(3.38396 -0.899314 0)
(3.39006 -0.889348 0)
(3.4005 -0.877897 0)
(3.40659 -0.863211 0)
(3.40964 -0.849311 0)
(3.41524 -0.844827 0)
(3.4221 -0.840262 0)
(3.42479 -0.83263 0)
(3.42836 -0.819255 0)
(3.43285 -0.81268 0)
(3.4382 -0.809062 0)
(3.44096 -0.803541 0)
(3.44308 -0.795839 0)
(3.44701 -0.791824 0)
(3.45236 -0.78871 0)
(3.45432 -0.784318 0)
(3.45766 -0.777281 0)
(3.4627 -0.775428 0)
(3.46976 -0.774015 0)
(3.47832 -0.768484 0)
(3.48408 -0.764687 0)
(3.49137 -0.758037 0)
(3.50026 -0.754007 0)
(3.50918 -0.749704 0)
(3.51688 -0.746916 0)
(3.52617 -0.740933 0)
(3.53656 -0.736795 0)
(3.54657 -0.731243 0)
(3.5534 -0.729203 0)
(3.56059 -0.725619 0)
(3.5658 -0.72199 0)
(3.56994 -0.720105 0)
(3.57397 -0.715264 0)
(3.57875 -0.713112 0)
(3.58317 -0.708204 0)
(3.58672 -0.702555 0)
(3.58803 -0.695065 0)
(3.58796 -0.687342 0)
(3.58576 -0.676375 0)
(3.5756 -0.648357 0)
(3.56479 -0.617784 0)
(3.54469 -0.57474 0)
(3.51746 -0.525588 0)
(3.49159 -0.477171 0)
(3.44825 -0.388159 0)
(3.41345 -0.319891 0)
(3.38859 -0.278621 0)
(3.33916 -0.182057 0)
(3.31255 -0.098037 0)
(3.2977 -0.0788833 0)
(3.26445 -0.0270735 0)
(3.23384 0.0436728 0)
(3.22216 0.0644958 0)
(3.21051 0.0895902 0)
(3.18909 0.123479 0)
(3.17781 0.146357 0)
(3.17167 0.157926 0)
(3.16317 0.176856 0)
(3.15526 0.201011 0)
(3.14976 0.204922 0)
(3.14697 0.21061 0)
(3.14402 0.220818 0)
(3.14239 0.231025 0)
(3.14563 0.237484 0)
(3.14713 0.240941 0)
(3.15046 0.246 0)
(3.15416 0.248607 0)
(3.15802 0.252091 0)
(3.16088 0.253239 0)
(3.16334 0.247323 0)
(3.1643 0.242407 0)
(3.16584 0.241539 0)
(3.16873 0.238738 0)
(3.17097 0.233221 0)
(3.17251 0.231279 0)
(3.17583 0.231297 0)
(3.18003 0.22931 0)
(3.18358 0.227885 0)
(3.18647 0.228259 0)
(3.18847 0.228986 0)
(3.18988 0.229878 0)
(3.19155 0.231532 0)
(3.19303 0.232856 0)
(3.19426 0.232966 0)
(3.19547 0.232986 0)
(3.19719 0.235383 0)
(3.1985 0.239455 0)
(3.19953 0.240713 0)
(3.20062 0.239167 0)
(3.20222 0.240145 0)
(3.20467 0.24423 0)
(3.20696 0.246723 0)
(3.20925 0.24619 0)
(3.2111 0.246201 0)
(3.21291 0.247747 0)
(3.21473 0.24836 0)
(3.21629 0.248109 0)
(3.21757 0.248714 0)
(3.21919 0.249079 0)
(3.22131 0.249051 0)
(3.22381 0.251025 0)
(3.22596 0.254567 0)
(3.22799 0.255763 0)
(3.23064 0.253415 0)
(3.23281 0.25193 0)
(3.23532 0.254942 0)
(3.23709 0.258858 0)
(3.23941 0.258414 0)
(3.2415 0.255229 0)
(3.24317 0.255946 0)
(3.24459 0.2613 0)
(3.24533 0.26451 0)
(3.24805 0.2623 0)
(3.2506 0.259592 0)
(3.25329 0.261228 0)
(3.255 0.265148 0)
(3.25659 0.265561 0)
(3.25847 0.262978 0)
(3.26052 0.263181 0)
(3.26308 0.267739 0)
(3.26424 0.271818 0)
(3.26596 0.270824 0)
(3.26806 0.26764 0)
(3.27065 0.267651 0)
(3.27314 0.271238 0)
(3.27422 0.2735 0)
(3.27543 0.271751 0)
(3.27723 0.270223 0)
(3.28076 0.27213 0)
(3.28435 0.275666 0)
(3.2868 0.276986 0)
(3.28838 0.274696 0)
(3.28911 0.272829 0)
(3.29058 0.274973 0)
(3.29232 0.27835 0)
(3.29448 0.278612 0)
(3.29728 0.276291 0)
(3.30001 0.274958 0)
(3.30322 0.276651 0)
(3.30538 0.280211 0)
(3.30509 0.281881 0)
(3.30448 0.279496 0)
(3.30595 0.277422 0)
(3.31014 0.278462 0)
(3.31511 0.281058 0)
(3.319 0.282811 0)
(3.32207 0.281762 0)
(3.32376 0.279116 0)
(3.32379 0.279085 0)
(3.3227 0.282865 0)
(3.32265 0.284991 0)
(3.32634 0.284035 0)
(3.33045 0.28303 0)
(3.33506 0.283039 0)
(3.33988 0.284015 0)
(3.34347 0.284597 0)
(3.34418 0.285068 0)
(3.34153 0.286561 0)
(3.33939 0.286698 0)
(3.3413 0.286761 0)
(3.34523 0.288418 0)
(3.35175 0.289757 0)
(3.88477 0.363108 0)
(3.89125 0.370416 0)
(3.89394 0.375267 0)
(3.91006 0.364003 0)
(3.92569 0.337315 0)
(3.93092 0.316321 0)
(3.93518 0.31284 0)
(3.93407 0.31466 0)
(3.92758 0.307812 0)
(3.94143 0.292109 0)
(3.95357 0.270777 0)
(3.95895 0.254254 0)
(3.96726 0.25684 0)
(3.97131 0.265026 0)
(3.97838 0.261042 0)
(3.99208 0.234739 0)
(3.99447 0.205666 0)
(3.99285 0.195055 0)
(3.99223 0.201099 0)
(3.99176 0.20273 0)
(4.00399 0.194361 0)
(4.01914 0.183752 0)
(4.02858 0.16103 0)
(4.03322 0.148914 0)
(4.03923 0.147322 0)
(4.04306 0.14687 0)
(4.03876 0.139888 0)
(4.03441 0.125976 0)
(4.0432 0.113488 0)
(4.04849 0.100294 0)
(4.05641 0.0890276 0)
(4.06598 0.0870981 0)
(4.07327 0.0895498 0)
(4.07867 0.0893222 0)
(4.08159 0.0791488 0)
(4.08252 0.0564609 0)
(4.08071 0.0337295 0)
(4.0817 0.0241655 0)
(4.08967 0.029128 0)
(4.09512 0.0330355 0)
(4.10362 0.0296205 0)
(4.1147 0.0176023 0)
(4.1194 0.000482713 0)
(4.12151 -0.0103292 0)
(4.12324 -0.0161411 0)
(4.12081 -0.0228838 0)
(4.12023 -0.0327346 0)
(4.13053 -0.0370137 0)
(4.13576 -0.0454227 0)
(4.14047 -0.0571852 0)
(4.14263 -0.0687087 0)
(4.14359 -0.0818034 0)
(4.11242 -0.137084 0)
(4.06893 -0.199462 0)
(3.94289 -0.34397 0)
(3.72898 -0.603619 0)
(3.6161 -0.702162 0)
(3.38246 -0.906648 0)
(3.16611 -1.13849 0)
(3.08914 -1.18168 0)
(3.02447 -1.22875 0)
(2.95518 -1.28958 0)
(2.91986 -1.31473 0)
(2.92551 -1.3157 0)
(2.94561 -1.31436 0)
(2.97007 -1.30825 0)
(2.99977 -1.30188 0)
(3.02414 -1.29547 0)
(3.03665 -1.29453 0)
(3.04139 -1.29202 0)
(3.05614 -1.29474 0)
(3.0703 -1.29205 0)
(3.08375 -1.28303 0)
(3.09369 -1.28482 0)
(3.10123 -1.29051 0)
(3.10348 -1.29776 0)
(3.10115 -1.3048 0)
(3.10524 -1.30895 0)
(3.11227 -1.31125 0)
(3.12205 -1.31224 0)
(3.13243 -1.31207 0)
(3.14223 -1.31406 0)
(3.15215 -1.31646 0)
(3.16027 -1.31738 0)
(3.16726 -1.31528 0)
(3.17907 -1.31226 0)
(3.19243 -1.30881 0)
(3.20556 -1.30433 0)
(3.21814 -1.29957 0)
(3.22824 -1.29677 0)
(3.235 -1.29392 0)
(3.24236 -1.28792 0)
(3.25349 -1.28565 0)
(3.26466 -1.28177 0)
(3.27456 -1.277 0)
(3.28212 -1.27432 0)
(3.28623 -1.27079 0)
(3.28997 -1.26847 0)
(3.29578 -1.26962 0)
(3.30172 -1.26857 0)
(3.31166 -1.26559 0)
(3.32233 -1.25967 0)
(3.32678 -1.25755 0)
(3.33016 -1.25546 0)
(3.33051 -1.25064 0)
(3.33294 -1.24598 0)
(3.33826 -1.24286 0)
(3.34573 -1.23913 0)
(3.35843 -1.23199 0)
(3.37043 -1.22123 0)
(3.37509 -1.21514 0)
(3.37787 -1.20913 0)
(3.38237 -1.19853 0)
(3.3893 -1.18948 0)
(3.39802 -1.18238 0)
(3.41334 -1.17311 0)
(3.42023 -1.15873 0)
(3.42544 -1.14786 0)
(3.43275 -1.14069 0)
(3.4353 -1.12567 0)
(3.44197 -1.11694 0)
(3.44785 -1.10561 0)
(3.4533 -1.09232 0)
(3.46064 -1.08451 0)
(3.46588 -1.06964 0)
(3.46768 -1.04863 0)
(3.47194 -1.03422 0)
(3.47655 -1.02686 0)
(3.48013 -1.01249 0)
(3.48399 -0.991213 0)
(3.49082 -0.972591 0)
(3.498 -0.96433 0)
(3.50425 -0.955388 0)
(3.50417 -0.936724 0)
(3.5091 -0.91528 0)
(3.51588 -0.9099 0)
(3.52131 -0.902232 0)
(3.52291 -0.881803 0)
(3.53007 -0.865904 0)
(3.53637 -0.861904 0)
(3.54336 -0.852235 0)
(3.5477 -0.839943 0)
(3.55445 -0.824777 0)
(3.56115 -0.814596 0)
(3.56913 -0.810159 0)
(3.57676 -0.799191 0)
(3.57899 -0.789173 0)
(3.58371 -0.775787 0)
(3.58803 -0.771051 0)
(3.59323 -0.766629 0)
(3.59535 -0.758552 0)
(3.59802 -0.748266 0)
(3.60208 -0.744896 0)
(3.60795 -0.74194 0)
(3.61083 -0.736807 0)
(3.61285 -0.730062 0)
(3.61669 -0.72545 0)
(3.62075 -0.725001 0)
(3.62749 -0.722747 0)
(3.63147 -0.7185 0)
(3.63507 -0.711587 0)
(3.64123 -0.704952 0)
(3.64674 -0.702447 0)
(3.65367 -0.699857 0)
(3.66283 -0.695273 0)
(3.67024 -0.688325 0)
(3.67753 -0.680386 0)
(3.68698 -0.672618 0)
(3.69202 -0.665472 0)
(3.69408 -0.65445 0)
(3.69323 -0.637115 0)
(3.68967 -0.612607 0)
(3.68226 -0.593164 0)
(3.66633 -0.562933 0)
(3.63833 -0.495901 0)
(3.61935 -0.452169 0)
(3.58741 -0.399999 0)
(3.54436 -0.313649 0)
(3.52315 -0.273848 0)
(3.48974 -0.208033 0)
(3.44546 -0.101127 0)
(3.42502 -0.0607313 0)
(3.41099 -0.0453599 0)
(3.37459 0.0169142 0)
(3.35207 0.0910465 0)
(3.33879 0.105339 0)
(3.32289 0.124468 0)
(3.3017 0.153597 0)
(3.29642 0.175372 0)
(3.28817 0.196336 0)
(3.27444 0.222726 0)
(3.26866 0.2326 0)
(3.26265 0.233174 0)
(3.26066 0.242981 0)
(3.2558 0.261182 0)
(3.25218 0.27108 0)
(3.24979 0.270822 0)
(3.25234 0.273588 0)
(3.25619 0.2793 0)
(3.26068 0.28787 0)
(3.26406 0.290954 0)
(3.26662 0.288711 0)
(3.26968 0.288892 0)
(3.27321 0.285797 0)
(3.27534 0.281428 0)
(3.277 0.280389 0)
(3.28032 0.276204 0)
(3.28253 0.270389 0)
(3.28327 0.266524 0)
(3.28563 0.264049 0)
(3.28836 0.262217 0)
(3.29041 0.261432 0)
(3.29248 0.261187 0)
(3.2951 0.262967 0)
(3.29693 0.264901 0)
(3.29817 0.263182 0)
(3.29876 0.260633 0)
(3.30036 0.262374 0)
(3.30151 0.267883 0)
(3.30102 0.270933 0)
(3.30113 0.269139 0)
(3.30147 0.268486 0)
(3.30283 0.272824 0)
(3.30364 0.276753 0)
(3.3053 0.276419 0)
(3.30679 0.276249 0)
(3.30831 0.280061 0)
(3.30902 0.284435 0)
(3.31004 0.284545 0)
(3.31059 0.282622 0)
(3.31149 0.284579 0)
(3.31305 0.288906 0)
(3.31533 0.290131 0)
(3.31852 0.28722 0)
(3.32034 0.284599 0)
(3.32209 0.28706 0)
(3.32301 0.292195 0)
(3.32328 0.293366 0)
(3.32379 0.288999 0)
(3.32392 0.286344 0)
(3.32629 0.289333 0)
(3.32857 0.293182 0)
(3.33132 0.292761 0)
(3.33359 0.288149 0)
(3.33437 0.285837 0)
(3.33616 0.289966 0)
(3.33692 0.295771 0)
(3.33752 0.2961 0)
(3.33835 0.291437 0)
(3.33892 0.289469 0)
(3.34119 0.2928 0)
(3.34306 0.296891 0)
(3.34479 0.296881 0)
(3.34625 0.293856 0)
(3.34776 0.29331 0)
(3.35072 0.29707 0)
(3.35293 0.301872 0)
(3.35404 0.302545 0)
(3.35421 0.298626 0)
(3.35373 0.296378 0)
(3.35541 0.299685 0)
(3.35746 0.304087 0)
(3.35975 0.304466 0)
(3.3622 0.301427 0)
(3.3641 0.299792 0)
(3.36669 0.30244 0)
(3.36791 0.307248 0)
(3.36683 0.308382 0)
(3.36632 0.304184 0)
(3.36717 0.301778 0)
(3.3711 0.303959 0)
(3.37511 0.307678 0)
(3.37819 0.308785 0)
(3.38039 0.305579 0)
(3.38059 0.302589 0)
(3.38044 0.305038 0)
(3.38035 0.310196 0)
(3.38076 0.312122 0)
(3.38434 0.30978 0)
(3.38758 0.30691 0)
(3.39132 0.307174 0)
(3.3947 0.309819 0)
(3.39612 0.311346 0)
(3.39536 0.310441 0)
(3.39387 0.308812 0)
(3.39445 0.309985 0)
(3.39687 0.311948 0)
(3.40182 0.312941 0)
)
;

boundaryField
{
    inlet
    {
        type            fixedValue;
        value           nonuniform 0();
    }
    outlet
    {
        type            inletOutlet;
        inletValue      uniform (5 0 0);
        value           nonuniform List<vector> 
16
(
(2.94893 0.00985538 0)
(2.96427 0.0142555 0)
(2.99342 0.0373061 0)
(3.04104 0.0410246 0)
(3.09239 0.0639448 0)
(3.13996 0.0812833 0)
(3.17599 0.101594 0)
(3.19879 0.122198 0)
(3.20219 0.14736 0)
(3.21561 0.167086 0)
(3.23024 0.190034 0)
(3.25266 0.211898 0)
(3.28047 0.237485 0)
(3.31437 0.258923 0)
(3.35175 0.289757 0)
(3.40182 0.312941 0)
)
;
    }
    bottom
    {
        type            symmetryPlane;
    }
    top
    {
        type            symmetryPlane;
    }
    obstacle
    {
        type            slip;
    }
    defaultFaces
    {
        type            empty;
    }
    procBoundary1to0
    {
        type            processor;
        value           nonuniform List<vector> 8((3.7096 0.00519212 0) (3.77061 0.010024 0) (3.86888 0.00683844 0) (3.9782 -0.0513752 0) (4.05296 -0.143285 0) (4.10059 -0.392532 0) (4.12056 -0.471757 0) (4.12587 -0.485054 0));
    }
    procBoundary1to2
    {
        type            processor;
        value           nonuniform List<vector> 8((4.07919 -0.324988 0) (4.07638 -0.236427 0) (4.03592 -0.0770852 0) (4.01099 0.0125913 0) (3.97555 0.121647 0) (3.95048 0.215979 0) (3.90862 0.320962 0) (3.88086 0.376339 0));
    }
    procBoundary1to3
    {
        type            processor;
        value           nonuniform List<vector> 
288
(
(3.84707 0.469954 0)
(3.86536 0.461096 0)
(3.88064 0.437504 0)
(3.88949 0.418344 0)
(3.89683 0.414888 0)
(3.89665 0.419016 0)
(3.8894 0.414215 0)
(3.90107 0.390116 0)
(3.91054 0.363946 0)
(3.91551 0.352926 0)
(3.92353 0.358385 0)
(3.92779 0.364192 0)
(3.94169 0.355595 0)
(3.956 0.329583 0)
(3.95923 0.306507 0)
(3.95916 0.302794 0)
(3.95452 0.303151 0)
(3.95283 0.294781 0)
(3.96573 0.288825 0)
(3.97843 0.275275 0)
(3.98801 0.257455 0)
(3.99717 0.249393 0)
(4.0028 0.25155 0)
(4.00355 0.253233 0)
(4.00313 0.243004 0)
(4.00652 0.22036 0)
(4.01055 0.198004 0)
(4.01436 0.190507 0)
(4.01985 0.19307 0)
(4.02478 0.196084 0)
(4.03231 0.195335 0)
(4.04679 0.181696 0)
(4.05524 0.159992 0)
(4.05515 0.142923 0)
(4.05139 0.140717 0)
(4.04512 0.143442 0)
(4.04685 0.135063 0)
(4.06002 0.129714 0)
(4.07116 0.118456 0)
(4.07829 0.104545 0)
(4.0859 0.0977295 0)
(4.09187 0.0972111 0)
(4.09512 0.0936368 0)
(4.09276 0.0876407 0)
(4.08815 0.0717518 0)
(4.094 0.0535315 0)
(4.0964 0.0453904 0)
(4.09771 0.0336076 0)
(4.09155 0.01564 0)
(4.03489 -0.0674698 0)
(3.94191 -0.188028 0)
(3.79577 -0.352685 0)
(3.53891 -0.642425 0)
(3.39453 -0.758357 0)
(3.21864 -0.905357 0)
(3.0282 -1.11903 0)
(2.96089 -1.17781 0)
(2.93677 -1.16637 0)
(2.91677 -1.19903 0)
(2.90348 -1.22108 0)
(2.90363 -1.23078 0)
(2.92399 -1.23165 0)
(2.9509 -1.22445 0)
(2.98337 -1.20929 0)
(3.01026 -1.20265 0)
(3.02963 -1.20614 0)
(3.04054 -1.20538 0)
(3.04371 -1.19612 0)
(3.05353 -1.20172 0)
(3.06324 -1.20738 0)
(3.07307 -1.20903 0)
(3.08295 -1.21221 0)
(3.08983 -1.21732 0)
(3.09544 -1.22415 0)
(3.09777 -1.23132 0)
(3.10124 -1.236 0)
(3.11022 -1.2386 0)
(3.12131 -1.24009 0)
(3.13382 -1.24149 0)
(3.14719 -1.24273 0)
(3.16016 -1.24323 0)
(3.17113 -1.24292 0)
(3.17872 -1.24184 0)
(3.18729 -1.24053 0)
(3.20026 -1.24003 0)
(3.21365 -1.23914 0)
(3.22645 -1.23801 0)
(3.23815 -1.23797 0)
(3.24801 -1.23844 0)
(3.25345 -1.23826 0)
(3.25883 -1.23865 0)
(3.26926 -1.24034 0)
(3.27995 -1.24062 0)
(3.29025 -1.24021 0)
(3.2995 -1.24206 0)
(3.30801 -1.245 0)
(3.31457 -1.24704 0)
(3.32001 -1.24607 0)
(3.32922 -1.24485 0)
(3.33963 -1.24402 0)
(3.35007 -1.24258 0)
(3.35993 -1.24324 0)
(3.37039 -1.24278 0)
(3.37909 -1.24007 0)
(3.38605 -1.23661 0)
(3.39367 -1.23038 0)
(3.40565 -1.22668 0)
(3.4177 -1.22098 0)
(3.42668 -1.21784 0)
(3.43442 -1.21598 0)
(3.44472 -1.21083 0)
(3.45149 -1.20626 0)
(3.45819 -1.20251 0)
(3.46754 -1.20078 0)
(3.4731 -1.19635 0)
(3.47977 -1.19211 0)
(3.48538 -1.19135 0)
(3.49009 -1.18761 0)
(3.49482 -1.18441 0)
(3.50161 -1.18123 0)
(3.50657 -1.17557 0)
(3.51076 -1.17133 0)
(3.5178 -1.16486 0)
(3.52451 -1.15767 0)
(3.52723 -1.15174 0)
(3.53427 -1.14367 0)
(3.54233 -1.13724 0)
(3.55181 -1.12951 0)
(3.55477 -1.12092 0)
(3.56279 -1.10964 0)
(3.5721 -1.10332 0)
(3.57776 -1.09049 0)
(3.58575 -1.07765 0)
(3.59796 -1.07203 0)
(3.60298 -1.05692 0)
(3.61048 -1.04036 0)
(3.61998 -1.03679 0)
(3.62766 -1.0278 0)
(3.63373 -1.00835 0)
(3.64019 -0.998598 0)
(3.64571 -0.993768 0)
(3.64607 -0.977949 0)
(3.64968 -0.956596 0)
(3.65643 -0.945147 0)
(3.66274 -0.942352 0)
(3.6679 -0.92862 0)
(3.67196 -0.904499 0)
(3.68077 -0.893526 0)
(3.69121 -0.88961 0)
(3.6912 -0.874455 0)
(3.6927 -0.852902 0)
(3.69905 -0.840794 0)
(3.70462 -0.839418 0)
(3.71119 -0.831378 0)
(3.71705 -0.812983 0)
(3.7256 -0.795705 0)
(3.73355 -0.785237 0)
(3.73802 -0.779123 0)
(3.74531 -0.773593 0)
(3.74862 -0.764825 0)
(3.75162 -0.748245 0)
(3.75782 -0.732823 0)
(3.76303 -0.729896 0)
(3.76678 -0.724792 0)
(3.77447 -0.715484 0)
(3.778 -0.710372 0)
(3.78167 -0.701137 0)
(3.78472 -0.695451 0)
(3.78926 -0.691371 0)
(3.79022 -0.686023 0)
(3.79363 -0.675022 0)
(3.79942 -0.668291 0)
(3.80444 -0.665657 0)
(3.80898 -0.662319 0)
(3.81637 -0.653734 0)
(3.81497 -0.635874 0)
(3.81582 -0.614796 0)
(3.8159 -0.602605 0)
(3.80864 -0.583307 0)
(3.79755 -0.555467 0)
(3.77924 -0.503546 0)
(3.76184 -0.440169 0)
(3.74509 -0.417854 0)
(3.71747 -0.372836 0)
(3.67169 -0.264549 0)
(3.65561 -0.216094 0)
(3.62627 -0.168488 0)
(3.5822 -0.0880334 0)
(3.56601 -0.0546923 0)
(3.54493 -0.00999831 0)
(3.50926 0.0670388 0)
(3.49327 0.108398 0)
(3.47752 0.113623 0)
(3.46141 0.13675 0)
(3.44281 0.173473 0)
(3.42605 0.223162 0)
(3.4141 0.234769 0)
(3.4011 0.23668 0)
(3.39711 0.250542 0)
(3.38949 0.273421 0)
(3.38562 0.290077 0)
(3.37899 0.292794 0)
(3.37775 0.30058 0)
(3.37502 0.307695 0)
(3.37351 0.313985 0)
(3.37372 0.318449 0)
(3.37602 0.323261 0)
(3.37896 0.328149 0)
(3.38235 0.330962 0)
(3.38657 0.329787 0)
(3.39064 0.331588 0)
(3.39363 0.332225 0)
(3.39697 0.32544 0)
(3.39881 0.319999 0)
(3.4002 0.320537 0)
(3.40176 0.317609 0)
(3.40313 0.307402 0)
(3.40248 0.302233 0)
(3.40347 0.304688 0)
(3.40559 0.304245 0)
(3.4074 0.300983 0)
(3.40855 0.302091 0)
(3.40931 0.305271 0)
(3.41057 0.305251 0)
(3.41164 0.304286 0)
(3.41164 0.305745 0)
(3.41099 0.308461 0)
(3.41069 0.310558 0)
(3.41048 0.312235 0)
(3.40923 0.313405 0)
(3.4077 0.314511 0)
(3.40802 0.317461 0)
(3.40959 0.321981 0)
(3.41077 0.324256 0)
(3.41194 0.32272 0)
(3.41284 0.321658 0)
(3.41447 0.325074 0)
(3.41467 0.330531 0)
(3.41347 0.331223 0)
(3.41232 0.327684 0)
(3.41254 0.327278 0)
(3.41467 0.330922 0)
(3.4163 0.333833 0)
(3.41833 0.332001 0)
(3.41966 0.327712 0)
(3.42069 0.326947 0)
(3.42183 0.33128 0)
(3.42143 0.33534 0)
(3.42135 0.333218 0)
(3.42122 0.328619 0)
(3.42181 0.32891 0)
(3.42337 0.333491 0)
(3.42473 0.336403 0)
(3.42717 0.33442 0)
(3.42853 0.330994 0)
(3.42937 0.331999 0)
(3.43049 0.337118 0)
(3.43107 0.341055 0)
(3.43157 0.338957 0)
(3.43031 0.334251 0)
(3.42968 0.334716 0)
(3.4317 0.339966 0)
(3.43333 0.344352 0)
(3.43547 0.343242 0)
(3.43692 0.338598 0)
(3.43779 0.336838 0)
(3.43967 0.340912 0)
(3.43971 0.346784 0)
(3.43857 0.346906 0)
(3.43831 0.34169 0)
(3.43885 0.339737 0)
(3.44174 0.343545 0)
(3.44343 0.348048 0)
(3.44499 0.347193 0)
(3.44584 0.342278 0)
(3.44603 0.340748 0)
(3.44709 0.345233 0)
(3.44725 0.349271 0)
(3.44928 0.347677 0)
(3.4516 0.343547 0)
(3.4535 0.342535 0)
(3.45528 0.346328 0)
(3.45528 0.350455 0)
(3.45569 0.34846 0)
(3.45549 0.343549 0)
(3.45629 0.345442 0)
(3.4577 0.348682 0)
(3.46133 0.349563 0)
)
;
    }
}


// ************************************************************************* //
