/*--------------------------------*- C++ -*----------------------------------*\
  =========                 |
  \\      /  F ield         | OpenFOAM: The Open Source CFD Toolbox
   \\    /   O peration     | Website:  https://openfoam.org
    \\  /    A nd           | Version:  7
     \\/     M anipulation  |
\*---------------------------------------------------------------------------*/
FoamFile
{
    version     2.0;
    format      ascii;
    class       volVectorField;
    location    "3";
    object      U;
}
// * * * * * * * * * * * * * * * * * * * * * * * * * * * * * * * * * * * * * //

dimensions      [0 1 -1 0 0 0 0];

internalField   nonuniform List<vector> 
4608
(
(1.65742 -0.297054 0)
(1.6625 -0.299616 0)
(1.66807 -0.302135 0)
(1.67393 -0.305363 0)
(1.67949 -0.308643 0)
(1.68463 -0.311626 0)
(1.68933 -0.314492 0)
(1.69313 -0.31743 0)
(1.69448 -0.320495 0)
(1.6928 -0.324008 0)
(1.69444 -0.328016 0)
(1.69942 -0.331295 0)
(1.70472 -0.3347 0)
(1.71 -0.33854 0)
(1.71504 -0.342309 0)
(1.7197 -0.345779 0)
(1.72349 -0.348917 0)
(1.72503 -0.351698 0)
(1.72469 -0.354563 0)
(1.72709 -0.357632 0)
(1.7318 -0.360343 0)
(1.73685 -0.363031 0)
(1.74178 -0.365995 0)
(1.74632 -0.369167 0)
(1.74999 -0.372453 0)
(1.75159 -0.375812 0)
(1.75069 -0.379234 0)
(1.75202 -0.382132 0)
(1.75653 -0.384105 0)
(1.76172 -0.385889 0)
(1.76702 -0.387778 0)
(1.77219 -0.389669 0)
(1.77714 -0.39148 0)
(1.7817 -0.393215 0)
(1.78539 -0.394969 0)
(1.78666 -0.397138 0)
(1.78314 -0.400156 0)
(1.78131 -0.403629 0)
(1.78543 -0.405461 0)
(1.79023 -0.406541 0)
(1.79533 -0.407741 0)
(1.8005 -0.408978 0)
(1.80567 -0.410216 0)
(1.81078 -0.411423 0)
(1.81562 -0.412879 0)
(1.81927 -0.414466 0)
(1.81917 -0.416667 0)
(1.81534 -0.419453 0)
(1.81667 -0.422223 0)
(1.82152 -0.424336 0)
(1.82693 -0.426274 0)
(1.83249 -0.428336 0)
(1.83797 -0.430519 0)
(1.84336 -0.432772 0)
(1.84877 -0.435208 0)
(1.85368 -0.438194 0)
(1.85694 -0.441043 0)
(1.85676 -0.44379 0)
(1.85262 -0.445819 0)
(1.85341 -0.446171 0)
(1.85797 -0.44605 0)
(1.86268 -0.445616 0)
(1.86779 -0.443956 0)
(1.87084 -0.443502 0)
(1.87443 -0.442994 0)
(1.8771 -0.442401 0)
(1.87981 -0.441831 0)
(1.87975 -0.440211 0)
(1.87313 -0.434419 0)
(1.86651 -0.426259 0)
(1.86226 -0.419331 0)
(1.8548 -0.403965 0)
(1.84577 -0.383598 0)
(1.83345 -0.358949 0)
(1.8171 -0.319937 0)
(1.80214 -0.279465 0)
(1.78806 -0.239885 0)
(1.76357 -0.182577 0)
(1.74553 -0.142902 0)
(1.73065 -0.116954 0)
(1.70111 -0.070432 0)
(1.68113 -0.0224277 0)
(1.67114 -0.00981936 0)
(1.66027 0.0138898 0)
(1.6464 0.0557009 0)
(1.64082 0.0752884 0)
(1.64153 0.0809131 0)
(1.63938 0.0986554 0)
(1.63752 0.110596 0)
(1.63475 0.11483 0)
(1.6337 0.116725 0)
(1.63215 0.122088 0)
(1.62768 0.129233 0)
(1.62147 0.134833 0)
(1.61982 0.140374 0)
(1.62126 0.141689 0)
(1.62327 0.140826 0)
(1.62683 0.138812 0)
(1.63361 0.138812 0)
(1.63923 0.14173 0)
(1.64211 0.14278 0)
(1.64613 0.143214 0)
(1.64935 0.143141 0)
(1.64846 0.144934 0)
(1.64395 0.148283 0)
(1.64475 0.150364 0)
(1.64856 0.151169 0)
(1.6528 0.152144 0)
(1.65832 0.152244 0)
(1.66636 0.151942 0)
(1.67151 0.152404 0)
(1.67562 0.153304 0)
(1.67929 0.154254 0)
(1.6812 0.155397 0)
(1.67672 0.15659 0)
(1.67005 0.157551 0)
(1.67184 0.158102 0)
(1.67528 0.15849 0)
(1.67884 0.159013 0)
(1.68319 0.159682 0)
(1.69019 0.16057 0)
(1.6964 0.161538 0)
(1.70002 0.162222 0)
(1.70352 0.162839 0)
(1.70651 0.16348 0)
(1.70795 0.163631 0)
(1.70598 0.163634 0)
(1.70469 0.164012 0)
(1.70741 0.164486 0)
(1.71116 0.164997 0)
(1.71493 0.165637 0)
(1.7175 0.166917 0)
(1.71751 0.169528 0)
(1.71842 0.172284 0)
(1.72178 0.1738 0)
(1.72492 0.174684 0)
(1.72808 0.175468 0)
(1.73121 0.176484 0)
(1.73415 0.177747 0)
(1.73679 0.179018 0)
(1.73855 0.180152 0)
(1.73808 0.181145 0)
(1.7377 0.181783 0)
(1.74089 0.182184 0)
(1.74425 0.182459 0)
(1.74789 0.182677 0)
(1.7525 0.183132 0)
(1.75625 0.183631 0)
(1.75993 0.184111 0)
(1.76344 0.184632 0)
(1.76555 0.185523 0)
(1.76418 0.187386 0)
(1.76088 0.189411 0)
(1.76101 0.190652 0)
(1.7636 0.191443 0)
(1.76652 0.192108 0)
(1.76945 0.192688 0)
(1.77268 0.193132 0)
(1.77631 0.193421 0)
(1.77974 0.193525 0)
(1.78183 0.193729 0)
(1.78139 0.195068 0)
(1.78206 0.19627 0)
(1.78521 0.196812 0)
(1.78874 0.197242 0)
(1.79243 0.197717 0)
(1.79614 0.198298 0)
(1.79972 0.198903 0)
(1.80327 0.199417 0)
(1.80677 0.199826 0)
(1.80963 0.200454 0)
(1.81054 0.201983 0)
(1.80862 0.203642 0)
(1.80812 0.204067 0)
(1.81091 0.203952 0)
(1.81412 0.20385 0)
(1.81741 0.203728 0)
(1.82067 0.20357 0)
(1.82378 0.203435 0)
(1.82649 0.203444 0)
(1.82809 0.203588 0)
(1.82793 0.20386 0)
(1.82863 0.204638 0)
(1.83143 0.205528 0)
(1.83454 0.206295 0)
(1.83764 0.207152 0)
(1.84047 0.208202 0)
(1.84275 0.209748 0)
(1.84473 0.211733 0)
(1.84687 0.213377 0)
(1.84919 0.214419 0)
(1.85097 0.215122 0)
(1.85079 0.215844 0)
(1.84958 0.216859 0)
(1.85155 0.217764 0)
(1.85456 0.218578 0)
(1.85771 0.219305 0)
(1.86092 0.219867 0)
(1.86417 0.220208 0)
(1.86737 0.220404 0)
(1.87042 0.220496 0)
(1.87325 0.220525 0)
(1.87579 0.220517 0)
(1.87783 0.220459 0)
(1.87841 0.220256 0)
(1.87606 0.220048 0)
(1.87445 0.219887 0)
(1.87636 0.219889 0)
(1.87915 0.220066 0)
(1.88219 0.22038 0)
(1.88538 0.220966 0)
(1.88851 0.22186 0)
(1.8916 0.222951 0)
(1.89476 0.224084 0)
(1.89788 0.225194 0)
(1.90058 0.226343 0)
(1.90146 0.227412 0)
(1.89939 0.228513 0)
(1.90027 0.229463 0)
(1.90357 0.229874 0)
(1.90693 0.230237 0)
(1.91059 0.230552 0)
(1.91488 0.230748 0)
(1.91914 0.230812 0)
(1.92269 0.230886 0)
(1.92589 0.231009 0)
(1.92877 0.231108 0)
(1.9312 0.231162 0)
(1.93194 0.231319 0)
(1.92776 0.2309 0)
(1.92313 0.229909 0)
(1.92397 0.229665 0)
(1.92638 0.229859 0)
(1.92935 0.230261 0)
(1.93251 0.230801 0)
(1.93575 0.231484 0)
(1.93907 0.232348 0)
(1.94248 0.233327 0)
(1.94592 0.234311 0)
(1.94925 0.235263 0)
(1.9522 0.236223 0)
(1.95369 0.237301 0)
(1.95106 0.238689 0)
(1.94857 0.240224 0)
(1.95098 0.241115 0)
(1.9539 0.24165 0)
(1.95702 0.242254 0)
(1.9604 0.242799 0)
(1.96452 0.243145 0)
(1.96802 0.2431 0)
(1.97082 0.243004 0)
(1.97333 0.242947 0)
(1.97558 0.242676 0)
(1.97699 0.242015 0)
(1.97601 0.241102 0)
(1.97408 0.240381 0)
(1.97535 0.239737 0)
(1.97768 0.239048 0)
(1.97991 0.238702 0)
(1.98225 0.238862 0)
(1.98472 0.239245 0)
(1.98707 0.239696 0)
(1.98867 0.240312 0)
(1.98906 0.241264 0)
(1.99067 0.242403 0)
(1.99364 0.243366 0)
(1.99684 0.244243 0)
(2.00003 0.245128 0)
(2.00302 0.246026 0)
(2.00532 0.246935 0)
(2.00479 0.247749 0)
(2.00103 0.248109 0)
(2.00169 0.247988 0)
(2.00357 0.247905 0)
(2.00565 0.247441 0)
(2.00817 0.246651 0)
(2.00967 0.246501 0)
(2.01172 0.246216 0)
(2.0138 0.245925 0)
(2.016 0.24572 0)
(2.0183 0.245293 0)
(2.02052 0.245331 0)
(2.0222 0.245001 0)
(2.02182 0.2458 0)
(2.02012 0.246552 0)
(2.02134 0.246941 0)
(2.02324 0.247385 0)
(2.02636 0.247853 0)
(1.64645 -0.265223 0)
(1.65226 -0.267431 0)
(1.6582 -0.270048 0)
(1.66392 -0.272819 0)
(1.66936 -0.275641 0)
(1.67443 -0.278685 0)
(1.67882 -0.282111 0)
(1.68181 -0.286114 0)
(1.68186 -0.291214 0)
(1.68242 -0.296613 0)
(1.68702 -0.30022 0)
(1.69249 -0.303016 0)
(1.69807 -0.306095 0)
(1.70351 -0.309381 0)
(1.70866 -0.312643 0)
(1.71337 -0.315817 0)
(1.71719 -0.319025 0)
(1.71901 -0.322497 0)
(1.71876 -0.326169 0)
(1.72075 -0.329409 0)
(1.72522 -0.331858 0)
(1.73011 -0.334043 0)
(1.73486 -0.336267 0)
(1.73918 -0.338506 0)
(1.74257 -0.340753 0)
(1.7438 -0.343084 0)
(1.74293 -0.34574 0)
(1.74497 -0.348455 0)
(1.74987 -0.350576 0)
(1.75521 -0.352473 0)
(1.76058 -0.354426 0)
(1.76577 -0.356337 0)
(1.7707 -0.358139 0)
(1.77508 -0.35993 0)
(1.7779 -0.361923 0)
(1.77639 -0.36436 0)
(1.77212 -0.367115 0)
(1.77464 -0.368932 0)
(1.77969 -0.370098 0)
(1.78504 -0.371373 0)
(1.79048 -0.372866 0)
(1.7959 -0.374417 0)
(1.80127 -0.375978 0)
(1.80647 -0.37763 0)
(1.81117 -0.379421 0)
(1.81428 -0.38138 0)
(1.81321 -0.383218 0)
(1.80912 -0.384816 0)
(1.81059 -0.386197 0)
(1.81506 -0.387278 0)
(1.81995 -0.38831 0)
(1.82496 -0.389384 0)
(1.82995 -0.390481 0)
(1.83485 -0.39162 0)
(1.83948 -0.392801 0)
(1.84332 -0.394279 0)
(1.8447 -0.396277 0)
(1.84279 -0.399007 0)
(1.84319 -0.401977 0)
(1.84758 -0.403491 0)
(1.85299 -0.405223 0)
(1.85885 -0.406785 0)
(1.86473 -0.408507 0)
(1.86998 -0.409942 0)
(1.87466 -0.41086 0)
(1.8783 -0.412052 0)
(1.87988 -0.414056 0)
(1.87715 -0.415585 0)
(1.87191 -0.415924 0)
(1.87459 -0.416097 0)
(1.87734 -0.415871 0)
(1.87983 -0.414151 0)
(1.88319 -0.412989 0)
(1.88674 -0.411478 0)
(1.89001 -0.408823 0)
(1.89267 -0.404779 0)
(1.89527 -0.398736 0)
(1.89086 -0.387742 0)
(1.88174 -0.371078 0)
(1.87218 -0.354299 0)
(1.85738 -0.331766 0)
(1.84023 -0.300358 0)
(1.82241 -0.267853 0)
(1.80409 -0.233474 0)
(1.78073 -0.176583 0)
(1.76811 -0.137251 0)
(1.76073 -0.106818 0)
(1.73935 -0.049096 0)
(1.72648 -0.00744309 0)
(1.71699 0.00964297 0)
(1.70032 0.0359775 0)
(1.68238 0.0724331 0)
(1.67308 0.0894723 0)
(1.66802 0.0897621 0)
(1.6651 0.102233 0)
(1.65844 0.124424 0)
(1.65664 0.134098 0)
(1.6542 0.13991 0)
(1.65275 0.146746 0)
(1.65333 0.153205 0)
(1.65429 0.155478 0)
(1.65538 0.154935 0)
(1.65637 0.153451 0)
(1.6574 0.154545 0)
(1.65562 0.159803 0)
(1.65535 0.163578 0)
(1.65807 0.163863 0)
(1.66229 0.16355 0)
(1.66859 0.163858 0)
(1.67313 0.164903 0)
(1.67745 0.165979 0)
(1.68145 0.167551 0)
(1.68425 0.168989 0)
(1.68507 0.169303 0)
(1.68233 0.168537 0)
(1.68006 0.1677 0)
(1.68286 0.16779 0)
(1.68606 0.168259 0)
(1.68954 0.169574 0)
(1.6944 0.171625 0)
(1.70091 0.173581 0)
(1.70486 0.17421 0)
(1.70903 0.174736 0)
(1.71241 0.175487 0)
(1.71284 0.17655 0)
(1.70912 0.177609 0)
(1.7099 0.177821 0)
(1.71322 0.177617 0)
(1.71645 0.177502 0)
(1.71986 0.177762 0)
(1.72337 0.178665 0)
(1.7266 0.18048 0)
(1.72893 0.182659 0)
(1.72929 0.185399 0)
(1.72715 0.187881 0)
(1.72799 0.189291 0)
(1.73163 0.189964 0)
(1.73546 0.190475 0)
(1.74011 0.190867 0)
(1.74418 0.191115 0)
(1.74769 0.191567 0)
(1.75041 0.192545 0)
(1.75075 0.194515 0)
(1.74893 0.196366 0)
(1.74914 0.197118 0)
(1.75166 0.197457 0)
(1.75488 0.197779 0)
(1.75839 0.198156 0)
(1.76198 0.198647 0)
(1.76561 0.199323 0)
(1.76919 0.199932 0)
(1.77213 0.200387 0)
(1.77298 0.20089 0)
(1.771 0.202058 0)
(1.77124 0.203114 0)
(1.77392 0.204 0)
(1.77701 0.20503 0)
(1.77994 0.206348 0)
(1.78215 0.207646 0)
(1.78268 0.2087 0)
(1.78462 0.20957 0)
(1.78821 0.209983 0)
(1.79176 0.20984 0)
(1.79575 0.209767 0)
(1.7998 0.209868 0)
(1.8036 0.210277 0)
(1.80698 0.211421 0)
(1.81014 0.212979 0)
(1.81319 0.214529 0)
(1.81598 0.215979 0)
(1.81825 0.217309 0)
(1.81832 0.218397 0)
(1.81465 0.21908 0)
(1.81504 0.21948 0)
(1.81803 0.219404 0)
(1.82105 0.218922 0)
(1.82426 0.218302 0)
(1.8274 0.217843 0)
(1.8304 0.217721 0)
(1.83303 0.218152 0)
(1.83456 0.21914 0)
(1.83382 0.22033 0)
(1.83113 0.221351 0)
(1.83171 0.222488 0)
(1.83514 0.223504 0)
(1.83886 0.22432 0)
(1.84276 0.225149 0)
(1.84718 0.225938 0)
(1.85162 0.22653 0)
(1.8547 0.226918 0)
(1.85778 0.227372 0)
(1.85981 0.228291 0)
(1.85781 0.230005 0)
(1.854 0.231804 0)
(1.85556 0.232869 0)
(1.85882 0.233493 0)
(1.86241 0.234032 0)
(1.8661 0.234527 0)
(1.86971 0.234991 0)
(1.87313 0.235467 0)
(1.87632 0.236004 0)
(1.8792 0.236626 0)
(1.88146 0.237274 0)
(1.88208 0.237585 0)
(1.88078 0.2368 0)
(1.88139 0.235513 0)
(1.884 0.235142 0)
(1.88718 0.235098 0)
(1.89043 0.235014 0)
(1.89336 0.235131 0)
(1.89535 0.235989 0)
(1.89669 0.237377 0)
(1.89866 0.238615 0)
(1.90116 0.239664 0)
(1.9035 0.240709 0)
(1.90449 0.24175 0)
(1.90293 0.242651 0)
(1.90415 0.243625 0)
(1.90716 0.244134 0)
(1.91052 0.244123 0)
(1.91439 0.244168 0)
(1.91862 0.244271 0)
(1.92343 0.244363 0)
(1.92787 0.244598 0)
(1.93188 0.245068 0)
(1.93566 0.245555 0)
(1.93905 0.245892 0)
(1.9415 0.246176 0)
(1.94028 0.246583 0)
(1.93273 0.247095 0)
(1.92883 0.247642 0)
(1.931 0.248121 0)
(1.93323 0.24797 0)
(1.93643 0.247415 0)
(1.94005 0.247317 0)
(1.94379 0.247763 0)
(1.94762 0.248341 0)
(1.9514 0.249002 0)
(1.95503 0.249739 0)
(1.95836 0.250481 0)
(1.96107 0.251214 0)
(1.96171 0.252053 0)
(1.95713 0.253608 0)
(1.95284 0.255739 0)
(1.95472 0.256988 0)
(1.95734 0.257482 0)
(1.95999 0.257834 0)
(1.96278 0.258117 0)
(1.9658 0.258458 0)
(1.9688 0.258648 0)
(1.97189 0.258649 0)
(1.97475 0.258646 0)
(1.9775 0.25863 0)
(1.97995 0.258349 0)
(1.98132 0.257708 0)
(1.98 0.256578 0)
(1.97764 0.255123 0)
(1.97817 0.254483 0)
(1.98002 0.254533 0)
(1.9821 0.255011 0)
(1.98445 0.256047 0)
(1.98774 0.257223 0)
(1.99123 0.258101 0)
(1.99452 0.25872 0)
(1.99767 0.259199 0)
(2.00086 0.259778 0)
(2.00391 0.260314 0)
(2.00658 0.260766 0)
(2.00859 0.261271 0)
(2.00951 0.261955 0)
(2.00824 0.262847 0)
(2.00403 0.263662 0)
(2.00313 0.264408 0)
(2.00534 0.264804 0)
(2.00726 0.264872 0)
(2.00937 0.264739 0)
(2.01209 0.264133 0)
(2.01398 0.263495 0)
(2.01639 0.263259 0)
(2.01886 0.263153 0)
(2.02139 0.262758 0)
(2.02367 0.262615 0)
(2.02566 0.262075 0)
(2.02642 0.262298 0)
(2.02468 0.263018 0)
(2.0221 0.263113 0)
(2.02251 0.263328 0)
(2.02556 0.263783 0)
(1.63713 -0.236495 0)
(1.64345 -0.238952 0)
(1.64951 -0.241306 0)
(1.65528 -0.243669 0)
(1.66055 -0.246201 0)
(1.66469 -0.249154 0)
(1.66605 -0.253057 0)
(1.66455 -0.258571 0)
(1.66737 -0.263688 0)
(1.67296 -0.266673 0)
(1.67879 -0.269241 0)
(1.68466 -0.272048 0)
(1.69027 -0.274891 0)
(1.69556 -0.277607 0)
(1.70038 -0.280258 0)
(1.70427 -0.28304 0)
(1.70616 -0.286159 0)
(1.70536 -0.289793 0)
(1.70621 -0.293364 0)
(1.71052 -0.295896 0)
(1.71562 -0.297907 0)
(1.72078 -0.300019 0)
(1.72573 -0.302393 0)
(1.73021 -0.305028 0)
(1.73369 -0.307894 0)
(1.73518 -0.310945 0)
(1.73526 -0.314033 0)
(1.73802 -0.316551 0)
(1.74295 -0.318405 0)
(1.74832 -0.320162 0)
(1.75365 -0.322021 0)
(1.75873 -0.323903 0)
(1.76339 -0.325846 0)
(1.76695 -0.328026 0)
(1.76748 -0.330658 0)
(1.7643 -0.333946 0)
(1.76535 -0.336563 0)
(1.77032 -0.33794 0)
(1.77577 -0.33924 0)
(1.78142 -0.340706 0)
(1.78706 -0.342332 0)
(1.79259 -0.344028 0)
(1.79795 -0.345612 0)
(1.803 -0.347001 0)
(1.80723 -0.348399 0)
(1.80886 -0.350096 0)
(1.80534 -0.352273 0)
(1.80283 -0.354503 0)
(1.80657 -0.355985 0)
(1.8115 -0.357121 0)
(1.81666 -0.358276 0)
(1.82184 -0.359424 0)
(1.82697 -0.360584 0)
(1.83194 -0.36176 0)
(1.83659 -0.362957 0)
(1.84036 -0.364251 0)
(1.84162 -0.365615 0)
(1.83964 -0.366817 0)
(1.84048 -0.367852 0)
(1.84482 -0.368899 0)
(1.84986 -0.369893 0)
(1.85513 -0.370975 0)
(1.8604 -0.372138 0)
(1.86558 -0.373506 0)
(1.87038 -0.375088 0)
(1.87395 -0.377647 0)
(1.87364 -0.38144 0)
(1.86917 -0.38564 0)
(1.86996 -0.388089 0)
(1.87509 -0.38862 0)
(1.88039 -0.389366 0)
(1.88582 -0.38987 0)
(1.89132 -0.389771 0)
(1.89635 -0.389286 0)
(1.90101 -0.388387 0)
(1.90514 -0.387941 0)
(1.90731 -0.387743 0)
(1.90746 -0.387671 0)
(1.9047 -0.38853 0)
(1.90093 -0.388405 0)
(1.90125 -0.386585 0)
(1.90173 -0.383874 0)
(1.90361 -0.380535 0)
(1.90528 -0.373669 0)
(1.90466 -0.360513 0)
(1.90343 -0.349759 0)
(1.89883 -0.334757 0)
(1.8877 -0.303325 0)
(1.88 -0.276562 0)
(1.85899 -0.239127 0)
(1.83902 -0.20686 0)
(1.81983 -0.174295 0)
(1.79263 -0.124396 0)
(1.77898 -0.0936781 0)
(1.75688 -0.0466926 0)
(1.74197 0.00283743 0)
(1.73952 0.0196167 0)
(1.72745 0.0499796 0)
(1.71127 0.0870463 0)
(1.70644 0.0963719 0)
(1.69732 0.111578 0)
(1.68913 0.13065 0)
(1.68668 0.139738 0)
(1.68235 0.148045 0)
(1.67784 0.159052 0)
(1.67558 0.165924 0)
(1.67547 0.165977 0)
(1.67763 0.168043 0)
(1.68221 0.172537 0)
(1.68763 0.176511 0)
(1.68945 0.17777 0)
(1.69127 0.17997 0)
(1.6916 0.182719 0)
(1.68871 0.182594 0)
(1.6837 0.180625 0)
(1.68381 0.181069 0)
(1.68752 0.182387 0)
(1.69144 0.183407 0)
(1.69613 0.184688 0)
(1.70463 0.186282 0)
(1.71128 0.186667 0)
(1.71616 0.187049 0)
(1.72028 0.18782 0)
(1.72288 0.189172 0)
(1.72055 0.190536 0)
(1.71273 0.191042 0)
(1.71126 0.191132 0)
(1.71472 0.191229 0)
(1.71858 0.191477 0)
(1.72319 0.191949 0)
(1.72991 0.192897 0)
(1.73474 0.193709 0)
(1.73793 0.194293 0)
(1.74089 0.195245 0)
(1.74132 0.197316 0)
(1.73839 0.199962 0)
(1.73778 0.201575 0)
(1.74015 0.202619 0)
(1.74333 0.203704 0)
(1.74709 0.204855 0)
(1.7512 0.205964 0)
(1.75527 0.207018 0)
(1.75914 0.207642 0)
(1.76215 0.208453 0)
(1.76342 0.209691 0)
(1.76308 0.210479 0)
(1.76411 0.211062 0)
(1.76686 0.211701 0)
(1.76999 0.212413 0)
(1.77304 0.213201 0)
(1.7754 0.213888 0)
(1.77588 0.214264 0)
(1.77579 0.214463 0)
(1.77806 0.214461 0)
(1.78088 0.214907 0)
(1.78385 0.215688 0)
(1.7867 0.216746 0)
(1.78928 0.218 0)
(1.79127 0.219426 0)
(1.79185 0.221363 0)
(1.79001 0.223592 0)
(1.78738 0.224839 0)
(1.78941 0.225546 0)
(1.79288 0.22606 0)
(1.79658 0.226775 0)
(1.8013 0.227613 0)
(1.80993 0.228348 0)
(1.81662 0.22876 0)
(1.82082 0.229337 0)
(1.82488 0.229855 0)
(1.82835 0.230284 0)
(1.8301 0.23095 0)
(1.82626 0.232896 0)
(1.81798 0.234819 0)
(1.81583 0.235293 0)
(1.81873 0.235429 0)
(1.82224 0.235501 0)
(1.82584 0.235499 0)
(1.83001 0.235207 0)
(1.83499 0.234517 0)
(1.83868 0.234096 0)
(1.84207 0.23392 0)
(1.84347 0.234278 0)
(1.84113 0.236271 0)
(1.8414 0.238234 0)
(1.84452 0.239531 0)
(1.84788 0.240686 0)
(1.85113 0.241779 0)
(1.85407 0.242616 0)
(1.8566 0.243173 0)
(1.85917 0.243501 0)
(1.86172 0.243551 0)
(1.86379 0.243826 0)
(1.86355 0.244939 0)
(1.86393 0.246202 0)
(1.86674 0.246968 0)
(1.87001 0.247567 0)
(1.87337 0.248202 0)
(1.87677 0.24903 0)
(1.88 0.249967 0)
(1.88294 0.250889 0)
(1.88548 0.251786 0)
(1.88704 0.252612 0)
(1.8855 0.253169 0)
(1.88028 0.252915 0)
(1.8796 0.25245 0)
(1.88246 0.252397 0)
(1.88551 0.252627 0)
(1.88869 0.252962 0)
(1.89242 0.253238 0)
(1.89941 0.253397 0)
(1.90399 0.25344 0)
(1.90775 0.25396 0)
(1.91143 0.254462 0)
(1.91475 0.254997 0)
(1.91665 0.256069 0)
(1.91485 0.258407 0)
(1.90919 0.260562 0)
(1.90629 0.26118 0)
(1.90895 0.261443 0)
(1.91228 0.261444 0)
(1.91582 0.261259 0)
(1.91987 0.260937 0)
(1.92451 0.260537 0)
(1.92927 0.260322 0)
(1.93327 0.260613 0)
(1.93684 0.261115 0)
(1.94015 0.261571 0)
(1.94268 0.261794 0)
(1.94259 0.262551 0)
(1.939 0.264537 0)
(1.93343 0.265411 0)
(1.93211 0.265265 0)
(1.93456 0.265032 0)
(1.93754 0.26489 0)
(1.94083 0.264894 0)
(1.94431 0.265103 0)
(1.94796 0.265672 0)
(1.9515 0.266515 0)
(1.9548 0.267432 0)
(1.95786 0.268348 0)
(1.96042 0.269068 0)
(1.96149 0.269594 0)
(1.95934 0.27084 0)
(1.9575 0.272113 0)
(1.95953 0.272867 0)
(1.96248 0.273468 0)
(1.96552 0.274031 0)
(1.96861 0.27441 0)
(1.97172 0.274662 0)
(1.97454 0.274736 0)
(1.97707 0.274617 0)
(1.97933 0.274356 0)
(1.98115 0.27396 0)
(1.98152 0.273278 0)
(1.98057 0.272173 0)
(1.98112 0.271089 0)
(1.98294 0.270638 0)
(1.98503 0.270667 0)
(1.98725 0.27111 0)
(1.98954 0.271892 0)
(1.99183 0.272839 0)
(1.9935 0.273991 0)
(1.99387 0.275258 0)
(1.99516 0.27635 0)
(1.99829 0.277188 0)
(2.00176 0.277756 0)
(2.00517 0.278178 0)
(2.00854 0.278222 0)
(2.01165 0.278085 0)
(2.01433 0.278026 0)
(2.01536 0.278809 0)
(2.01196 0.280669 0)
(2.00887 0.281482 0)
(2.01012 0.281339 0)
(2.0119 0.28121 0)
(2.01394 0.281165 0)
(2.01635 0.281231 0)
(2.01893 0.281244 0)
(2.02183 0.281571 0)
(2.02494 0.281971 0)
(2.02799 0.282477 0)
(2.03105 0.282791 0)
(2.03382 0.283028 0)
(2.03609 0.283151 0)
(2.03679 0.283307 0)
(2.03589 0.284081 0)
(2.03701 0.284634 0)
(1.6273 -0.209384 0)
(1.63384 -0.211908 0)
(1.64002 -0.214323 0)
(1.64573 -0.216919 0)
(1.65037 -0.21994 0)
(1.6518 -0.22391 0)
(1.64936 -0.229318 0)
(1.65218 -0.233812 0)
(1.65828 -0.236106 0)
(1.66469 -0.238723 0)
(1.67101 -0.241628 0)
(1.67703 -0.244301 0)
(1.68274 -0.246961 0)
(1.68799 -0.24981 0)
(1.69248 -0.252918 0)
(1.69504 -0.256521 0)
(1.69459 -0.260723 0)
(1.69555 -0.264435 0)
(1.7 -0.266638 0)
(1.70525 -0.268286 0)
(1.71055 -0.269973 0)
(1.71559 -0.271774 0)
(1.72016 -0.273807 0)
(1.72406 -0.276191 0)
(1.72668 -0.278916 0)
(1.72712 -0.281816 0)
(1.72788 -0.284568 0)
(1.73184 -0.286714 0)
(1.73698 -0.288316 0)
(1.7423 -0.289803 0)
(1.74746 -0.291393 0)
(1.75219 -0.293138 0)
(1.7562 -0.294995 0)
(1.75854 -0.297149 0)
(1.75705 -0.299838 0)
(1.75527 -0.302555 0)
(1.75927 -0.304419 0)
(1.76469 -0.305848 0)
(1.77037 -0.307373 0)
(1.77605 -0.30902 0)
(1.78163 -0.310676 0)
(1.78708 -0.312274 0)
(1.79237 -0.313783 0)
(1.79733 -0.315196 0)
(1.8012 -0.316575 0)
(1.80158 -0.318036 0)
(1.79658 -0.319598 0)
(1.79511 -0.321008 0)
(1.79932 -0.322036 0)
(1.80436 -0.322981 0)
(1.80962 -0.323982 0)
(1.81487 -0.324997 0)
(1.81998 -0.326057 0)
(1.82476 -0.327255 0)
(1.82888 -0.328696 0)
(1.83147 -0.330456 0)
(1.83137 -0.332473 0)
(1.83229 -0.334194 0)
(1.83666 -0.335084 0)
(1.84161 -0.3357 0)
(1.84666 -0.336262 0)
(1.85161 -0.336767 0)
(1.85627 -0.3373 0)
(1.86009 -0.337968 0)
(1.86117 -0.338971 0)
(1.85629 -0.340994 0)
(1.85447 -0.34387 0)
(1.8592 -0.34547 0)
(1.86416 -0.346157 0)
(1.86947 -0.346887 0)
(1.87498 -0.347804 0)
(1.88063 -0.34884 0)
(1.88633 -0.349917 0)
(1.89192 -0.350752 0)
(1.89716 -0.351291 0)
(1.90107 -0.352043 0)
(1.90093 -0.353546 0)
(1.89595 -0.356625 0)
(1.89369 -0.35943 0)
(1.898 -0.359865 0)
(1.90239 -0.359789 0)
(1.90697 -0.359213 0)
(1.91115 -0.357641 0)
(1.91579 -0.357443 0)
(1.9183 -0.357333 0)
(1.92222 -0.357421 0)
(1.9251 -0.356844 0)
(1.92852 -0.355776 0)
(1.93071 -0.354587 0)
(1.92883 -0.351873 0)
(1.92384 -0.344551 0)
(1.92186 -0.33869 0)
(1.91757 -0.328551 0)
(1.9113 -0.31279 0)
(1.90379 -0.293906 0)
(1.89036 -0.260179 0)
(1.8772 -0.225157 0)
(1.86164 -0.191165 0)
(1.84122 -0.150525 0)
(1.82662 -0.119482 0)
(1.80108 -0.0722247 0)
(1.78175 -0.0231286 0)
(1.77438 -0.00711252 0)
(1.76396 0.0235274 0)
(1.74507 0.0729203 0)
(1.73939 0.0896933 0)
(1.73162 0.104213 0)
(1.71837 0.130751 0)
(1.71306 0.154579 0)
(1.71129 0.162935 0)
(1.71158 0.165113 0)
(1.71428 0.170542 0)
(1.71459 0.177706 0)
(1.71018 0.184755 0)
(1.70185 0.189744 0)
(1.69607 0.194052 0)
(1.69604 0.198328 0)
(1.69804 0.200809 0)
(1.70373 0.202972 0)
(1.71208 0.205266 0)
(1.71529 0.205998 0)
(1.71774 0.206519 0)
(1.71965 0.206522 0)
(1.72121 0.205505 0)
(1.72206 0.20416 0)
(1.71973 0.204376 0)
(1.71761 0.205807 0)
(1.72037 0.206937 0)
(1.72389 0.20802 0)
(1.72775 0.209251 0)
(1.73243 0.210322 0)
(1.73719 0.210263 0)
(1.74118 0.209517 0)
(1.74461 0.209547 0)
(1.74815 0.210161 0)
(1.74984 0.211067 0)
(1.7482 0.212605 0)
(1.74912 0.214357 0)
(1.75215 0.215634 0)
(1.75536 0.216992 0)
(1.75879 0.218598 0)
(1.76214 0.220234 0)
(1.76514 0.222224 0)
(1.7672 0.22442 0)
(1.76705 0.22666 0)
(1.76737 0.228514 0)
(1.77034 0.22911 0)
(1.77347 0.228436 0)
(1.77691 0.227717 0)
(1.78028 0.227687 0)
(1.78307 0.227857 0)
(1.78305 0.228519 0)
(1.78027 0.229651 0)
(1.78136 0.230502 0)
(1.78481 0.231144 0)
(1.78851 0.231753 0)
(1.79267 0.232529 0)
(1.79683 0.233535 0)
(1.79998 0.234328 0)
(1.8026 0.235506 0)
(1.80287 0.237344 0)
(1.79788 0.239991 0)
(1.79452 0.24179 0)
(1.79711 0.242233 0)
(1.80033 0.242479 0)
(1.80418 0.242585 0)
(1.80929 0.242315 0)
(1.81554 0.242332 0)
(1.82051 0.242861 0)
(1.82465 0.243693 0)
(1.8282 0.24449 0)
(1.83115 0.245531 0)
(1.83281 0.246282 0)
(1.82995 0.247558 0)
(1.82454 0.249834 0)
(1.82445 0.25118 0)
(1.8273 0.251883 0)
(1.83069 0.252413 0)
(1.83399 0.252514 0)
(1.83661 0.251919 0)
(1.83853 0.251098 0)
(1.84143 0.251051 0)
(1.84468 0.25153 0)
(1.84806 0.25186 0)
(1.85113 0.252591 0)
(1.8533 0.253892 0)
(1.85549 0.255395 0)
(1.85804 0.256833 0)
(1.86046 0.258265 0)
(1.86195 0.25971 0)
(1.86175 0.260894 0)
(1.86298 0.2619 0)
(1.86586 0.262199 0)
(1.86867 0.261412 0)
(1.87217 0.260813 0)
(1.87618 0.260755 0)
(1.88035 0.260949 0)
(1.88442 0.261461 0)
(1.88735 0.262703 0)
(1.88997 0.264127 0)
(1.89281 0.265407 0)
(1.89538 0.266612 0)
(1.89676 0.267881 0)
(1.89383 0.269144 0)
(1.88677 0.270465 0)
(1.88684 0.271491 0)
(1.88921 0.271798 0)
(1.89185 0.271641 0)
(1.89463 0.27159 0)
(1.8973 0.271511 0)
(1.90012 0.270789 0)
(1.90366 0.270275 0)
(1.90759 0.270402 0)
(1.91129 0.270981 0)
(1.91482 0.271719 0)
(1.91819 0.272479 0)
(1.92108 0.273106 0)
(1.92086 0.274578 0)
(1.91537 0.27756 0)
(1.91163 0.279388 0)
(1.91384 0.279918 0)
(1.91729 0.280241 0)
(1.92065 0.280164 0)
(1.92443 0.279669 0)
(1.929 0.279221 0)
(1.93564 0.278796 0)
(1.94068 0.278401 0)
(1.94422 0.278612 0)
(1.94793 0.279053 0)
(1.95156 0.279365 0)
(1.95357 0.279402 0)
(1.94925 0.280509 0)
(1.94117 0.282403 0)
(1.94053 0.283191 0)
(1.94333 0.283721 0)
(1.94642 0.284299 0)
(1.94935 0.284952 0)
(1.95256 0.285334 0)
(1.9565 0.285538 0)
(1.95967 0.285604 0)
(1.96285 0.285716 0)
(1.9659 0.285675 0)
(1.96878 0.285598 0)
(1.97044 0.285854 0)
(1.96798 0.287505 0)
(1.96509 0.289196 0)
(1.96666 0.28988 0)
(1.96956 0.290323 0)
(1.97272 0.290798 0)
(1.97578 0.291291 0)
(1.9787 0.291731 0)
(1.98174 0.292148 0)
(1.9846 0.292466 0)
(1.9865 0.291728 0)
(1.98689 0.289432 0)
(1.9884 0.287742 0)
(1.99073 0.287245 0)
(1.99313 0.287143 0)
(1.99545 0.287409 0)
(1.99774 0.287994 0)
(1.9999 0.288758 0)
(2.00136 0.28975 0)
(2.00049 0.291056 0)
(1.99741 0.292153 0)
(1.99723 0.292791 0)
(1.99965 0.293305 0)
(2.00268 0.293686 0)
(2.00578 0.29396 0)
(2.00856 0.294333 0)
(2.01082 0.294932 0)
(2.01265 0.295579 0)
(2.01388 0.296315 0)
(2.01381 0.297087 0)
(2.01252 0.297968 0)
(2.01421 0.298681 0)
(2.01663 0.298896 0)
(2.01887 0.298923 0)
(2.02116 0.299005 0)
(2.02356 0.299102 0)
(2.02606 0.299193 0)
(2.02867 0.299362 0)
(2.03128 0.299439 0)
(2.03365 0.29967 0)
(2.0354 0.299686 0)
(2.03568 0.299552 0)
(2.03366 0.299363 0)
(2.03234 0.29997 0)
(2.03441 0.300332 0)
(1.61682 -0.184545 0)
(1.62328 -0.186765 0)
(1.62924 -0.18923 0)
(1.63393 -0.192193 0)
(1.63511 -0.196122 0)
(1.63306 -0.201419 0)
(1.6366 -0.20538 0)
(1.64271 -0.207265 0)
(1.64895 -0.20919 0)
(1.65513 -0.211418 0)
(1.66107 -0.213698 0)
(1.66667 -0.216029 0)
(1.67173 -0.218497 0)
(1.67565 -0.221179 0)
(1.67647 -0.224668 0)
(1.67645 -0.228943 0)
(1.68055 -0.232201 0)
(1.68599 -0.233966 0)
(1.69158 -0.23537 0)
(1.69711 -0.236861 0)
(1.70229 -0.23858 0)
(1.70678 -0.240631 0)
(1.71004 -0.242951 0)
(1.71064 -0.245811 0)
(1.71038 -0.249608 0)
(1.71415 -0.252925 0)
(1.71955 -0.254955 0)
(1.72516 -0.256495 0)
(1.73072 -0.25793 0)
(1.73605 -0.259279 0)
(1.74093 -0.260594 0)
(1.74496 -0.262109 0)
(1.74726 -0.264102 0)
(1.74616 -0.266958 0)
(1.7449 -0.270624 0)
(1.74893 -0.273187 0)
(1.75444 -0.274781 0)
(1.76017 -0.276414 0)
(1.76585 -0.278198 0)
(1.77143 -0.279994 0)
(1.77688 -0.281816 0)
(1.78218 -0.283683 0)
(1.78731 -0.285566 0)
(1.79208 -0.287398 0)
(1.79578 -0.289142 0)
(1.79634 -0.290719 0)
(1.79252 -0.291823 0)
(1.79177 -0.292578 0)
(1.79594 -0.293324 0)
(1.80096 -0.294163 0)
(1.80618 -0.295132 0)
(1.81138 -0.296115 0)
(1.81648 -0.297052 0)
(1.82132 -0.298107 0)
(1.82542 -0.299762 0)
(1.82752 -0.302054 0)
(1.82641 -0.303503 0)
(1.8276 -0.304025 0)
(1.83237 -0.304412 0)
(1.8377 -0.304905 0)
(1.84317 -0.305522 0)
(1.84856 -0.306287 0)
(1.85363 -0.307207 0)
(1.8574 -0.308468 0)
(1.8566 -0.31072 0)
(1.85072 -0.312702 0)
(1.85197 -0.313143 0)
(1.85687 -0.313389 0)
(1.86216 -0.31401 0)
(1.86762 -0.314724 0)
(1.87333 -0.315375 0)
(1.87869 -0.316121 0)
(1.88401 -0.316957 0)
(1.88933 -0.317657 0)
(1.89447 -0.318618 0)
(1.89844 -0.320683 0)
(1.8977 -0.323494 0)
(1.89131 -0.324964 0)
(1.89154 -0.325221 0)
(1.89637 -0.325345 0)
(1.9018 -0.326018 0)
(1.90746 -0.326734 0)
(1.9129 -0.327189 0)
(1.9175 -0.327199 0)
(1.92065 -0.326834 0)
(1.92335 -0.326928 0)
(1.92663 -0.328179 0)
(1.92934 -0.330232 0)
(1.92795 -0.332905 0)
(1.92599 -0.33498 0)
(1.92948 -0.335846 0)
(1.93197 -0.335416 0)
(1.93433 -0.333648 0)
(1.93811 -0.331497 0)
(1.94255 -0.328658 0)
(1.94525 -0.326262 0)
(1.94795 -0.323278 0)
(1.9473 -0.319258 0)
(1.93951 -0.308015 0)
(1.93529 -0.295701 0)
(1.92957 -0.281302 0)
(1.92218 -0.263204 0)
(1.9147 -0.247039 0)
(1.8969 -0.210061 0)
(1.88359 -0.169062 0)
(1.87866 -0.151104 0)
(1.85125 -0.105392 0)
(1.83038 -0.0548568 0)
(1.82367 -0.0374551 0)
(1.79946 0.00548437 0)
(1.7839 0.0516536 0)
(1.7812 0.0658103 0)
(1.76674 0.0963767 0)
(1.75748 0.125248 0)
(1.75424 0.136243 0)
(1.74129 0.152245 0)
(1.73281 0.173139 0)
(1.73068 0.183935 0)
(1.73203 0.18856 0)
(1.73691 0.196899 0)
(1.7367 0.205929 0)
(1.73121 0.213666 0)
(1.72677 0.215125 0)
(1.72602 0.212669 0)
(1.72656 0.212206 0)
(1.72647 0.214414 0)
(1.72789 0.215847 0)
(1.73031 0.217171 0)
(1.73515 0.220996 0)
(1.73935 0.225167 0)
(1.74284 0.226968 0)
(1.74633 0.227908 0)
(1.74916 0.228762 0)
(1.7506 0.229664 0)
(1.74945 0.230305 0)
(1.74452 0.230913 0)
(1.74456 0.231038 0)
(1.74857 0.231182 0)
(1.75325 0.231053 0)
(1.759 0.230985 0)
(1.76651 0.231694 0)
(1.77058 0.233185 0)
(1.77396 0.234751 0)
(1.77681 0.236601 0)
(1.7781 0.238944 0)
(1.77616 0.241516 0)
(1.77218 0.243129 0)
(1.77356 0.244097 0)
(1.77689 0.244098 0)
(1.78037 0.243477 0)
(1.78387 0.243089 0)
(1.78727 0.242841 0)
(1.79028 0.242991 0)
(1.79223 0.244086 0)
(1.79401 0.245625 0)
(1.79676 0.247092 0)
(1.79993 0.248297 0)
(1.80311 0.249361 0)
(1.80632 0.25044 0)
(1.80959 0.251489 0)
(1.81256 0.252657 0)
(1.81306 0.254714 0)
(1.808 0.2578 0)
(1.8054 0.259612 0)
(1.80827 0.259768 0)
(1.81151 0.259142 0)
(1.81535 0.25841 0)
(1.82006 0.257732 0)
(1.82617 0.257158 0)
(1.82999 0.257275 0)
(1.83336 0.257872 0)
(1.83663 0.258412 0)
(1.8397 0.258765 0)
(1.84145 0.259132 0)
(1.83955 0.260923 0)
(1.83653 0.264021 0)
(1.83612 0.266569 0)
(1.83694 0.268126 0)
(1.83677 0.268989 0)
(1.83732 0.269278 0)
(1.84021 0.269234 0)
(1.84324 0.269531 0)
(1.84634 0.269912 0)
(1.84958 0.270313 0)
(1.85345 0.270817 0)
(1.85808 0.271411 0)
(1.86179 0.271945 0)
(1.8655 0.272553 0)
(1.86897 0.273234 0)
(1.87188 0.274397 0)
(1.87302 0.27652 0)
(1.87055 0.278984 0)
(1.86549 0.280289 0)
(1.86634 0.280522 0)
(1.86941 0.280413 0)
(1.87274 0.280367 0)
(1.87637 0.280086 0)
(1.88198 0.279618 0)
(1.89111 0.278426 0)
(1.89669 0.277862 0)
(1.90084 0.278314 0)
(1.90464 0.278889 0)
(1.90783 0.279619 0)
(1.90838 0.281124 0)
(1.90215 0.284399 0)
(1.89167 0.287154 0)
(1.88918 0.287982 0)
(1.89208 0.288261 0)
(1.89538 0.28845 0)
(1.89901 0.288612 0)
(1.90301 0.288575 0)
(1.90832 0.288293 0)
(1.91502 0.287404 0)
(1.91857 0.286714 0)
(1.92188 0.286926 0)
(1.92478 0.287557 0)
(1.92744 0.288368 0)
(1.92958 0.289241 0)
(1.92971 0.290955 0)
(1.9265 0.294347 0)
(1.92134 0.297642 0)
(1.91896 0.298967 0)
(1.92086 0.299157 0)
(1.92428 0.299047 0)
(1.92763 0.298313 0)
(1.93158 0.297317 0)
(1.93643 0.296217 0)
(1.94127 0.294584 0)
(1.94516 0.293272 0)
(1.94882 0.292627 0)
(1.95217 0.292438 0)
(1.95475 0.292366 0)
(1.95497 0.293448 0)
(1.95346 0.296387 0)
(1.95211 0.299229 0)
(1.95069 0.301203 0)
(1.94996 0.302173 0)
(1.95123 0.302447 0)
(1.95368 0.302252 0)
(1.95655 0.302048 0)
(1.95988 0.302048 0)
(1.96335 0.302299 0)
(1.96676 0.302773 0)
(1.96997 0.303279 0)
(1.97328 0.303302 0)
(1.9765 0.302996 0)
(1.97917 0.303142 0)
(1.98142 0.303897 0)
(1.98369 0.305009 0)
(1.98589 0.306266 0)
(1.98758 0.307534 0)
(1.98758 0.308345 0)
(1.98382 0.307681 0)
(1.98068 0.306653 0)
(1.98225 0.306203 0)
(1.98476 0.306093 0)
(1.98739 0.30612 0)
(1.99031 0.306176 0)
(1.99293 0.306501 0)
(1.99567 0.307036 0)
(1.99843 0.307635 0)
(2.001 0.308289 0)
(2.00254 0.308972 0)
(2.00155 0.309669 0)
(2.00155 0.310567 0)
(2.0041 0.31117 0)
(2.00687 0.311487 0)
(2.00956 0.311869 0)
(2.01179 0.312396 0)
(2.01341 0.312999 0)
(2.01484 0.31345 0)
(2.01635 0.313641 0)
(2.01753 0.313769 0)
(2.01774 0.313835 0)
(2.01756 0.3138 0)
(2.01875 0.31413 0)
(2.02095 0.314519 0)
(2.02324 0.314857 0)
(2.02566 0.315335 0)
(2.0282 0.315722 0)
(2.03077 0.316024 0)
(2.03324 0.316395 0)
(2.03523 0.317105 0)
(2.0365 0.317219 0)
(2.036 0.31679 0)
(2.03294 0.316261 0)
(2.03109 0.315791 0)
(2.03372 0.315904 0)
(1.605 -0.161012 0)
(1.61117 -0.163733 0)
(1.61683 -0.166583 0)
(1.61978 -0.17021 0)
(1.61809 -0.174967 0)
(1.62053 -0.178462 0)
(1.6267 -0.180111 0)
(1.63305 -0.181763 0)
(1.63936 -0.18377 0)
(1.64547 -0.185923 0)
(1.65135 -0.188174 0)
(1.65686 -0.190474 0)
(1.66054 -0.19345 0)
(1.66039 -0.197273 0)
(1.66138 -0.20106 0)
(1.66651 -0.203093 0)
(1.67229 -0.204181 0)
(1.67821 -0.205385 0)
(1.68411 -0.206811 0)
(1.68996 -0.208269 0)
(1.69563 -0.210015 0)
(1.70043 -0.213525 0)
(1.70101 -0.218203 0)
(1.69809 -0.222362 0)
(1.70103 -0.224952 0)
(1.7066 -0.226201 0)
(1.71246 -0.227342 0)
(1.71832 -0.228574 0)
(1.72393 -0.229825 0)
(1.7292 -0.231084 0)
(1.73399 -0.232443 0)
(1.73758 -0.234191 0)
(1.738 -0.236953 0)
(1.73587 -0.239775 0)
(1.73734 -0.241088 0)
(1.7418 -0.241718 0)
(1.74681 -0.242504 0)
(1.75179 -0.243638 0)
(1.75655 -0.245344 0)
(1.76099 -0.247491 0)
(1.76537 -0.250031 0)
(1.77012 -0.252775 0)
(1.77531 -0.255146 0)
(1.78048 -0.25714 0)
(1.78509 -0.258851 0)
(1.78808 -0.260049 0)
(1.78778 -0.260249 0)
(1.78605 -0.259768 0)
(1.78827 -0.259632 0)
(1.79285 -0.259886 0)
(1.79773 -0.260432 0)
(1.80228 -0.261258 0)
(1.80589 -0.262541 0)
(1.80745 -0.264571 0)
(1.8068 -0.267478 0)
(1.80983 -0.270413 0)
(1.81553 -0.272264 0)
(1.82111 -0.273405 0)
(1.82678 -0.274217 0)
(1.83251 -0.274795 0)
(1.83813 -0.275237 0)
(1.84334 -0.275623 0)
(1.84682 -0.276142 0)
(1.84501 -0.277209 0)
(1.84045 -0.278776 0)
(1.84315 -0.279623 0)
(1.8478 -0.279661 0)
(1.85269 -0.279576 0)
(1.85755 -0.279379 0)
(1.86203 -0.279248 0)
(1.8664 -0.279631 0)
(1.87141 -0.280759 0)
(1.87616 -0.282386 0)
(1.88015 -0.284463 0)
(1.8823 -0.286825 0)
(1.88072 -0.288979 0)
(1.88276 -0.290736 0)
(1.88796 -0.291639 0)
(1.89301 -0.291535 0)
(1.89794 -0.290559 0)
(1.90248 -0.289581 0)
(1.90655 -0.288917 0)
(1.9101 -0.288247 0)
(1.91345 -0.28778 0)
(1.91692 -0.288298 0)
(1.92021 -0.290728 0)
(1.92182 -0.293873 0)
(1.91709 -0.296144 0)
(1.91454 -0.298138 0)
(1.91994 -0.299262 0)
(1.92571 -0.299864 0)
(1.9312 -0.300542 0)
(1.93654 -0.301374 0)
(1.9419 -0.302069 0)
(1.94643 -0.303075 0)
(1.9504 -0.304936 0)
(1.9538 -0.305857 0)
(1.95396 -0.30455 0)
(1.95157 -0.302288 0)
(1.95163 -0.301272 0)
(1.95563 -0.300743 0)
(1.95878 -0.299677 0)
(1.96011 -0.297005 0)
(1.96142 -0.291393 0)
(1.96172 -0.283556 0)
(1.96272 -0.278574 0)
(1.96133 -0.271994 0)
(1.95597 -0.258229 0)
(1.95018 -0.245483 0)
(1.9404 -0.229225 0)
(1.92698 -0.201341 0)
(1.91193 -0.167338 0)
(1.8978 -0.137079 0)
(1.8825 -0.100538 0)
(1.85949 -0.0505612 0)
(1.84652 -0.0222564 0)
(1.83516 0.00906498 0)
(1.81167 0.0649459 0)
(1.80124 0.0986544 0)
(1.79665 0.106994 0)
(1.78462 0.129461 0)
(1.76768 0.163972 0)
(1.75981 0.176803 0)
(1.75392 0.182297 0)
(1.74746 0.195888 0)
(1.74338 0.217662 0)
(1.74146 0.223931 0)
(1.74426 0.22232 0)
(1.75301 0.226761 0)
(1.75795 0.236973 0)
(1.75795 0.240381 0)
(1.75811 0.24122 0)
(1.75845 0.245996 0)
(1.75665 0.251496 0)
(1.7528 0.254595 0)
(1.74735 0.256588 0)
(1.74543 0.257105 0)
(1.7475 0.255462 0)
(1.75001 0.252359 0)
(1.75334 0.249962 0)
(1.75951 0.249713 0)
(1.77135 0.250731 0)
(1.77792 0.251826 0)
(1.78225 0.252911 0)
(1.78653 0.254635 0)
(1.78787 0.256184 0)
(1.7835 0.257641 0)
(1.7763 0.258006 0)
(1.77555 0.257699 0)
(1.77934 0.257652 0)
(1.78324 0.257818 0)
(1.78715 0.258306 0)
(1.79113 0.25914 0)
(1.79599 0.260232 0)
(1.80169 0.261364 0)
(1.8061 0.262575 0)
(1.8096 0.2636 0)
(1.81257 0.264302 0)
(1.81515 0.265073 0)
(1.81711 0.265897 0)
(1.81839 0.266928 0)
(1.81924 0.268459 0)
(1.81816 0.270691 0)
(1.81353 0.273633 0)
(1.81066 0.275873 0)
(1.81293 0.276534 0)
(1.81563 0.276114 0)
(1.81899 0.275399 0)
(1.82384 0.274632 0)
(1.82873 0.272891 0)
(1.83193 0.271701 0)
(1.83549 0.271568 0)
(1.83919 0.272097 0)
(1.84281 0.273131 0)
(1.84632 0.274202 0)
(1.84905 0.276024 0)
(1.85056 0.278819 0)
(1.8503 0.281713 0)
(1.846 0.28484 0)
(1.83962 0.287166 0)
(1.84041 0.288168 0)
(1.84307 0.28812 0)
(1.84618 0.287788 0)
(1.84976 0.287248 0)
(1.85516 0.28644 0)
(1.86455 0.285574 0)
(1.87156 0.286155 0)
(1.87539 0.28742 0)
(1.8793 0.288741 0)
(1.88274 0.289986 0)
(1.88549 0.291374 0)
(1.88424 0.29323 0)
(1.87462 0.296332 0)
(1.86729 0.298237 0)
(1.86921 0.298488 0)
(1.87245 0.29828 0)
(1.87612 0.297927 0)
(1.88031 0.297082 0)
(1.88531 0.296078 0)
(1.89273 0.295578 0)
(1.89931 0.295849 0)
(1.90219 0.296456 0)
(1.90544 0.297155 0)
(1.90845 0.297707 0)
(1.91109 0.297913 0)
(1.90804 0.298967 0)
(1.89844 0.301624 0)
(1.89601 0.303243 0)
(1.89853 0.304159 0)
(1.90152 0.3048 0)
(1.9046 0.305216 0)
(1.90763 0.305352 0)
(1.9107 0.305516 0)
(1.91395 0.306088 0)
(1.92 0.306985 0)
(1.9275 0.307255 0)
(1.93024 0.307374 0)
(1.93312 0.307837 0)
(1.93641 0.308156 0)
(1.93892 0.308276 0)
(1.93884 0.309144 0)
(1.93455 0.311805 0)
(1.92829 0.314891 0)
(1.92524 0.316632 0)
(1.92735 0.317622 0)
(1.93053 0.318083 0)
(1.93359 0.317486 0)
(1.93722 0.316562 0)
(1.94114 0.315698 0)
(1.94681 0.31451 0)
(1.95248 0.312807 0)
(1.95575 0.311951 0)
(1.95936 0.311882 0)
(1.96319 0.312271 0)
(1.96639 0.313156 0)
(1.96662 0.315184 0)
(1.96118 0.318044 0)
(1.95543 0.319594 0)
(1.95647 0.319983 0)
(1.95933 0.320062 0)
(1.96182 0.319695 0)
(1.96424 0.31948 0)
(1.96666 0.319687 0)
(1.96882 0.320102 0)
(1.97087 0.320699 0)
(1.97341 0.321709 0)
(1.97611 0.322838 0)
(1.97908 0.323887 0)
(1.98232 0.324772 0)
(1.98559 0.325482 0)
(1.98828 0.326067 0)
(1.98821 0.326496 0)
(1.98474 0.326955 0)
(1.98611 0.327432 0)
(1.98884 0.327581 0)
(1.99157 0.327599 0)
(1.99445 0.327383 0)
(1.99804 0.32692 0)
(2.00069 0.326596 0)
(2.00355 0.326841 0)
(2.00627 0.326982 0)
(2.00877 0.326739 0)
(2.01067 0.326338 0)
(2.01056 0.326299 0)
(2.00613 0.326972 0)
(2.00423 0.327774 0)
(2.00682 0.328621 0)
(2.01018 0.329427 0)
(2.01363 0.330049 0)
(2.01681 0.33044 0)
(2.0198 0.330262 0)
(2.02262 0.329241 0)
(2.02475 0.327795 0)
(2.02589 0.32666 0)
(2.02525 0.326523 0)
(2.02219 0.327783 0)
(2.02126 0.328842 0)
(2.02338 0.329203 0)
(2.0255 0.329442 0)
(2.02791 0.32966 0)
(2.03051 0.329686 0)
(2.03315 0.329427 0)
(2.03536 0.328936 0)
(2.03698 0.328351 0)
(2.03669 0.32727 0)
(2.03302 0.324405 0)
(2.03124 0.321147 0)
(2.03112 0.316719 0)
(1.59308 -0.137018 0)
(1.59802 -0.139885 0)
(1.59937 -0.144404 0)
(1.59766 -0.149308 0)
(1.60101 -0.152676 0)
(1.60738 -0.154257 0)
(1.61427 -0.155691 0)
(1.62094 -0.157664 0)
(1.62727 -0.159784 0)
(1.63339 -0.161812 0)
(1.63843 -0.163921 0)
(1.63975 -0.16732 0)
(1.64102 -0.171118 0)
(1.64649 -0.173781 0)
(1.65265 -0.17506 0)
(1.65885 -0.176051 0)
(1.66509 -0.177238 0)
(1.67112 -0.178606 0)
(1.67653 -0.180185 0)
(1.68018 -0.182278 0)
(1.67893 -0.185804 0)
(1.67696 -0.190073 0)
(1.68174 -0.193088 0)
(1.68777 -0.195297 0)
(1.6937 -0.197025 0)
(1.6996 -0.198424 0)
(1.70546 -0.19967 0)
(1.7112 -0.20084 0)
(1.71663 -0.201973 0)
(1.72136 -0.203158 0)
(1.72437 -0.204464 0)
(1.72272 -0.206351 0)
(1.71934 -0.208924 0)
(1.72322 -0.210921 0)
(1.72911 -0.21196 0)
(1.73509 -0.212775 0)
(1.74131 -0.213606 0)
(1.7477 -0.214403 0)
(1.75407 -0.215707 0)
(1.76017 -0.218485 0)
(1.76523 -0.221567 0)
(1.76885 -0.224551 0)
(1.77095 -0.227554 0)
(1.7742 -0.230411 0)
(1.77869 -0.232795 0)
(1.78326 -0.234759 0)
(1.78699 -0.236113 0)
(1.78857 -0.236243 0)
(1.7894 -0.235408 0)
(1.79287 -0.234663 0)
(1.7979 -0.234245 0)
(1.80304 -0.234142 0)
(1.80694 -0.234796 0)
(1.80688 -0.236895 0)
(1.80615 -0.238947 0)
(1.81084 -0.239688 0)
(1.81607 -0.240369 0)
(1.82169 -0.241573 0)
(1.82788 -0.24356 0)
(1.83381 -0.245412 0)
(1.83963 -0.247019 0)
(1.84517 -0.248752 0)
(1.8492 -0.250398 0)
(1.84749 -0.250773 0)
(1.84059 -0.249712 0)
(1.84159 -0.249479 0)
(1.84701 -0.249928 0)
(1.85274 -0.250572 0)
(1.85859 -0.251214 0)
(1.86479 -0.251371 0)
(1.87064 -0.251326 0)
(1.87656 -0.251655 0)
(1.88204 -0.252936 0)
(1.88493 -0.255844 0)
(1.88244 -0.259277 0)
(1.88105 -0.260803 0)
(1.88545 -0.260897 0)
(1.89016 -0.260836 0)
(1.89539 -0.260796 0)
(1.90052 -0.260607 0)
(1.90546 -0.260309 0)
(1.91011 -0.259583 0)
(1.91391 -0.258401 0)
(1.91538 -0.257779 0)
(1.91013 -0.258646 0)
(1.9033 -0.260434 0)
(1.90634 -0.262822 0)
(1.91107 -0.264632 0)
(1.91592 -0.265199 0)
(1.9219 -0.264732 0)
(1.92862 -0.264409 0)
(1.93509 -0.26513 0)
(1.94178 -0.266136 0)
(1.948 -0.267689 0)
(1.95291 -0.270017 0)
(1.95606 -0.272408 0)
(1.95333 -0.273911 0)
(1.94945 -0.276165 0)
(1.95264 -0.278117 0)
(1.95735 -0.278413 0)
(1.96233 -0.277766 0)
(1.96698 -0.275451 0)
(1.97037 -0.272138 0)
(1.97208 -0.270655 0)
(1.96849 -0.27145 0)
(1.96384 -0.273065 0)
(1.96704 -0.273687 0)
(1.97029 -0.273861 0)
(1.97369 -0.273172 0)
(1.97662 -0.271205 0)
(1.98057 -0.267948 0)
(1.98156 -0.261026 0)
(1.98257 -0.25331 0)
(1.98283 -0.244492 0)
(1.98204 -0.236207 0)
(1.97898 -0.225237 0)
(1.97001 -0.203979 0)
(1.95428 -0.172114 0)
(1.94268 -0.146473 0)
(1.92901 -0.124679 0)
(1.89922 -0.0813131 0)
(1.88048 -0.0377182 0)
(1.86893 -0.0200148 0)
(1.85229 0.00942806 0)
(1.82925 0.0600866 0)
(1.81768 0.110489 0)
(1.81051 0.126979 0)
(1.81183 0.130149 0)
(1.80805 0.166803 0)
(1.80687 0.199356 0)
(1.80415 0.207508 0)
(1.7959 0.213807 0)
(1.79148 0.21983 0)
(1.78607 0.235043 0)
(1.77775 0.245863 0)
(1.77066 0.250702 0)
(1.76435 0.256281 0)
(1.75999 0.263004 0)
(1.7592 0.265279 0)
(1.75915 0.265756 0)
(1.76174 0.267291 0)
(1.7711 0.267503 0)
(1.78347 0.265806 0)
(1.78749 0.265113 0)
(1.79165 0.265811 0)
(1.79531 0.268225 0)
(1.79647 0.271575 0)
(1.79185 0.275319 0)
(1.78433 0.278116 0)
(1.78373 0.278999 0)
(1.78639 0.278883 0)
(1.78894 0.278329 0)
(1.79198 0.277372 0)
(1.79613 0.277409 0)
(1.80033 0.278061 0)
(1.80432 0.279136 0)
(1.80816 0.280453 0)
(1.81238 0.28138 0)
(1.81674 0.281797 0)
(1.82025 0.282397 0)
(1.82403 0.282907 0)
(1.82741 0.282835 0)
(1.82975 0.282783 0)
(1.82859 0.284219 0)
(1.82213 0.288329 0)
(1.81666 0.292775 0)
(1.81756 0.295585 0)
(1.82033 0.296165 0)
(1.82346 0.295572 0)
(1.82712 0.294326 0)
(1.83177 0.292861 0)
(1.83996 0.290428 0)
(1.84658 0.288081 0)
(1.84943 0.288029 0)
(1.85329 0.289099 0)
(1.8575 0.291001 0)
(1.86114 0.292818 0)
(1.86385 0.295141 0)
(1.86327 0.298368 0)
(1.85502 0.302861 0)
(1.84393 0.305893 0)
(1.84349 0.306122 0)
(1.84629 0.305462 0)
(1.84966 0.304772 0)
(1.85365 0.304055 0)
(1.86038 0.30324 0)
(1.87004 0.301793 0)
(1.87523 0.301766 0)
(1.87901 0.30298 0)
(1.88275 0.304553 0)
(1.88595 0.306359 0)
(1.88806 0.308189 0)
(1.88573 0.309897 0)
(1.87671 0.312662 0)
(1.87328 0.314603 0)
(1.87643 0.315448 0)
(1.87985 0.315982 0)
(1.88316 0.316399 0)
(1.88655 0.316612 0)
(1.89243 0.31654 0)
(1.89932 0.315048 0)
(1.90202 0.314136 0)
(1.90539 0.313824 0)
(1.90859 0.313594 0)
(1.91115 0.313583 0)
(1.91163 0.314411 0)
(1.9081 0.316321 0)
(1.90468 0.319325 0)
(1.90528 0.321789 0)
(1.90705 0.323732 0)
(1.90901 0.325618 0)
(1.91189 0.327085 0)
(1.91471 0.328115 0)
(1.91702 0.328232 0)
(1.9202 0.327437 0)
(1.92439 0.325876 0)
(1.92801 0.323772 0)
(1.93118 0.3223 0)
(1.93422 0.322026 0)
(1.93733 0.322505 0)
(1.94004 0.323307 0)
(1.94196 0.323972 0)
(1.94136 0.325442 0)
(1.93773 0.32868 0)
(1.93221 0.331801 0)
(1.92876 0.33299 0)
(1.93037 0.3331 0)
(1.93334 0.33268 0)
(1.93662 0.3323 0)
(1.94041 0.332125 0)
(1.9445 0.33197 0)
(1.94912 0.331938 0)
(1.95591 0.33213 0)
(1.96208 0.332094 0)
(1.96521 0.33217 0)
(1.96822 0.332518 0)
(1.97122 0.33297 0)
(1.97132 0.334971 0)
(1.96587 0.338173 0)
(1.96079 0.339714 0)
(1.96227 0.340386 0)
(1.96526 0.340833 0)
(1.96815 0.340339 0)
(1.97198 0.339651 0)
(1.97523 0.339464 0)
(1.97855 0.340002 0)
(1.98213 0.340631 0)
(1.98579 0.341092 0)
(1.98941 0.341178 0)
(1.99272 0.341145 0)
(1.9953 0.3411 0)
(1.9955 0.341177 0)
(1.98971 0.342144 0)
(1.98403 0.342852 0)
(1.98608 0.343209 0)
(1.98897 0.343509 0)
(1.99179 0.343856 0)
(1.99464 0.34419 0)
(1.99745 0.344669 0)
(1.99992 0.345271 0)
(2.00229 0.345884 0)
(2.00449 0.346193 0)
(2.00609 0.345763 0)
(2.0063 0.344742 0)
(2.00483 0.342923 0)
(2.00429 0.342077 0)
(2.00675 0.342725 0)
(2.00935 0.343403 0)
(2.01233 0.343907 0)
(2.01511 0.344107 0)
(2.01729 0.343824 0)
(2.01874 0.343011 0)
(2.01954 0.341888 0)
(2.02001 0.339951 0)
(2.01975 0.336033 0)
(2.01943 0.331737 0)
(2.01971 0.328593 0)
(2.01957 0.324657 0)
(2.01935 0.319285 0)
(2.01926 0.312897 0)
(2.01938 0.306176 0)
(2.01918 0.295162 0)
(2.0152 0.279631 0)
(2.01078 0.264791 0)
(2.00574 0.252241 0)
(1.9971 0.234744 0)
(1.99045 0.218833 0)
(1.98342 0.192218 0)
(1.57946 -0.116729 0)
(1.5803 -0.119974 0)
(1.58079 -0.123548 0)
(1.58642 -0.125707 0)
(1.59282 -0.12672 0)
(1.60082 -0.128491 0)
(1.60777 -0.130827 0)
(1.6144 -0.133831 0)
(1.62019 -0.137255 0)
(1.6229 -0.140817 0)
(1.62128 -0.144269 0)
(1.62468 -0.146809 0)
(1.63098 -0.147864 0)
(1.6374 -0.148355 0)
(1.64403 -0.149052 0)
(1.6506 -0.150148 0)
(1.65675 -0.151557 0)
(1.66203 -0.153327 0)
(1.66594 -0.155422 0)
(1.66571 -0.15863 0)
(1.66111 -0.16213 0)
(1.66156 -0.164041 0)
(1.66736 -0.164947 0)
(1.67382 -0.165929 0)
(1.68071 -0.167975 0)
(1.68767 -0.170543 0)
(1.69414 -0.172763 0)
(1.70047 -0.174988 0)
(1.70686 -0.176991 0)
(1.71303 -0.178713 0)
(1.71686 -0.181216 0)
(1.71691 -0.183472 0)
(1.71736 -0.183947 0)
(1.72154 -0.183624 0)
(1.72677 -0.183706 0)
(1.73191 -0.184175 0)
(1.73581 -0.185306 0)
(1.73652 -0.187941 0)
(1.73563 -0.191532 0)
(1.73816 -0.194084 0)
(1.74327 -0.195673 0)
(1.74919 -0.196908 0)
(1.75562 -0.198396 0)
(1.76174 -0.200338 0)
(1.7677 -0.202319 0)
(1.77366 -0.204198 0)
(1.77952 -0.205908 0)
(1.78521 -0.207112 0)
(1.79051 -0.207533 0)
(1.79461 -0.207089 0)
(1.79598 -0.206535 0)
(1.79381 -0.206673 0)
(1.78943 -0.207379 0)
(1.78697 -0.20784 0)
(1.78936 -0.208404 0)
(1.79452 -0.209217 0)
(1.8006 -0.21024 0)
(1.80712 -0.211441 0)
(1.81399 -0.213656 0)
(1.82079 -0.216164 0)
(1.82714 -0.218146 0)
(1.83325 -0.220046 0)
(1.83899 -0.222064 0)
(1.84439 -0.223795 0)
(1.84865 -0.223917 0)
(1.85016 -0.22219 0)
(1.84957 -0.220416 0)
(1.85209 -0.219869 0)
(1.85674 -0.220108 0)
(1.86148 -0.220766 0)
(1.8649 -0.22196 0)
(1.8648 -0.223857 0)
(1.86198 -0.225491 0)
(1.8621 -0.22602 0)
(1.86708 -0.226348 0)
(1.87263 -0.226889 0)
(1.87839 -0.227246 0)
(1.8848 -0.22741 0)
(1.89125 -0.227553 0)
(1.89686 -0.227911 0)
(1.90214 -0.228509 0)
(1.90731 -0.229313 0)
(1.91269 -0.230308 0)
(1.91756 -0.231125 0)
(1.91634 -0.232386 0)
(1.90635 -0.231839 0)
(1.90245 -0.23147 0)
(1.90602 -0.232327 0)
(1.91057 -0.233564 0)
(1.91514 -0.235072 0)
(1.92012 -0.236267 0)
(1.92531 -0.236839 0)
(1.92959 -0.237211 0)
(1.93151 -0.238184 0)
(1.93414 -0.239496 0)
(1.93957 -0.240602 0)
(1.94538 -0.241966 0)
(1.95128 -0.243394 0)
(1.95667 -0.243675 0)
(1.96218 -0.243652 0)
(1.96757 -0.243584 0)
(1.97266 -0.243352 0)
(1.97668 -0.243204 0)
(1.97579 -0.24303 0)
(1.9657 -0.243047 0)
(1.95951 -0.242567 0)
(1.9636 -0.24265 0)
(1.96853 -0.243171 0)
(1.97339 -0.243448 0)
(1.97838 -0.243423 0)
(1.98364 -0.243348 0)
(1.98868 -0.243353 0)
(1.99297 -0.244151 0)
(1.9974 -0.245171 0)
(1.99921 -0.245241 0)
(2.00126 -0.244121 0)
(2.00424 -0.242495 0)
(2.00711 -0.239104 0)
(2.00892 -0.236714 0)
(2.00639 -0.233036 0)
(1.99444 -0.221736 0)
(1.98726 -0.211154 0)
(1.98219 -0.203269 0)
(1.97257 -0.185759 0)
(1.96337 -0.165333 0)
(1.95317 -0.136304 0)
(1.94133 -0.101494 0)
(1.93355 -0.079841 0)
(1.91968 -0.0360218 0)
(1.91122 0.013192 0)
(1.91129 0.0304927 0)
(1.89629 0.0645095 0)
(1.86759 0.108076 0)
(1.86025 0.128984 0)
(1.84026 0.157796 0)
(1.81996 0.190587 0)
(1.81421 0.200895 0)
(1.80166 0.217116 0)
(1.78989 0.244794 0)
(1.78557 0.260744 0)
(1.78462 0.262287 0)
(1.79086 0.265331 0)
(1.79861 0.277819 0)
(1.80254 0.284076 0)
(1.80321 0.283424 0)
(1.80414 0.283218 0)
(1.80491 0.285207 0)
(1.8022 0.288064 0)
(1.79695 0.291431 0)
(1.79346 0.297871 0)
(1.79232 0.302107 0)
(1.79341 0.302974 0)
(1.79582 0.302964 0)
(1.79901 0.303471 0)
(1.80188 0.304021 0)
(1.80394 0.303629 0)
(1.80665 0.302888 0)
(1.81003 0.302229 0)
(1.81524 0.300476 0)
(1.82013 0.298244 0)
(1.82574 0.298601 0)
(1.83104 0.299898 0)
(1.83496 0.301944 0)
(1.83731 0.304284 0)
(1.83744 0.305886 0)
(1.83363 0.307163 0)
(1.82647 0.307682 0)
(1.82045 0.307727 0)
(1.82187 0.307991 0)
(1.82483 0.308215 0)
(1.82836 0.308728 0)
(1.83298 0.309406 0)
(1.84081 0.309456 0)
(1.8537 0.308314 0)
(1.86337 0.307919 0)
(1.86612 0.308243 0)
(1.86987 0.308852 0)
(1.87381 0.30955 0)
(1.87703 0.311026 0)
(1.87535 0.313941 0)
(1.86196 0.318848 0)
(1.84873 0.322355 0)
(1.84896 0.323063 0)
(1.85169 0.322787 0)
(1.85499 0.322127 0)
(1.85904 0.321635 0)
(1.86676 0.321114 0)
(1.87844 0.319906 0)
(1.88488 0.319589 0)
(1.88792 0.320126 0)
(1.89152 0.320778 0)
(1.89488 0.321358 0)
(1.89679 0.322344 0)
(1.89285 0.324618 0)
(1.88412 0.32848 0)
(1.88173 0.331061 0)
(1.88361 0.332122 0)
(1.88628 0.333359 0)
(1.88924 0.334584 0)
(1.8919 0.335403 0)
(1.89461 0.335706 0)
(1.89784 0.335001 0)
(1.90082 0.333669 0)
(1.9038 0.33253 0)
(1.90685 0.331756 0)
(1.91004 0.331423 0)
(1.91348 0.331716 0)
(1.91677 0.33299 0)
(1.91949 0.335086 0)
(1.92185 0.337499 0)
(1.92365 0.340219 0)
(1.92317 0.343453 0)
(1.91864 0.346481 0)
(1.91674 0.347788 0)
(1.91915 0.347369 0)
(1.9217 0.345777 0)
(1.92478 0.344222 0)
(1.92864 0.343058 0)
(1.93517 0.340786 0)
(1.94022 0.338461 0)
(1.9437 0.338368 0)
(1.94738 0.338925 0)
(1.95095 0.339756 0)
(1.95324 0.341078 0)
(1.95099 0.3434 0)
(1.94172 0.347312 0)
(1.93476 0.35053 0)
(1.93566 0.352304 0)
(1.93884 0.353175 0)
(1.94184 0.353617 0)
(1.94499 0.353871 0)
(1.94848 0.354005 0)
(1.95303 0.353962 0)
(1.95798 0.353547 0)
(1.96215 0.353158 0)
(1.96653 0.353111 0)
(1.97028 0.353361 0)
(1.97307 0.353655 0)
(1.97616 0.353544 0)
(1.97695 0.354151 0)
(1.97239 0.356087 0)
(1.96704 0.357024 0)
(1.96808 0.357168 0)
(1.9707 0.35746 0)
(1.97368 0.357989 0)
(1.97679 0.358713 0)
(1.97972 0.359378 0)
(1.98256 0.359663 0)
(1.98526 0.359591 0)
(1.98804 0.358384 0)
(1.99036 0.356942 0)
(1.99221 0.355677 0)
(1.99238 0.355277 0)
(1.9885 0.356312 0)
(1.98738 0.357423 0)
(1.98962 0.35785 0)
(1.99175 0.358133 0)
(1.99409 0.358395 0)
(1.99658 0.358354 0)
(1.99889 0.357843 0)
(2.00089 0.357212 0)
(2.00275 0.356754 0)
(2.00432 0.356212 0)
(2.0045 0.354277 0)
(2.00321 0.349557 0)
(2.00309 0.346104 0)
(2.00322 0.342367 0)
(2.00267 0.336784 0)
(2.00163 0.330025 0)
(2.00039 0.321791 0)
(1.99896 0.312475 0)
(1.99705 0.303153 0)
(1.99254 0.28838 0)
(1.9891 0.27178 0)
(1.98679 0.261091 0)
(1.97874 0.242864 0)
(1.97111 0.222389 0)
(1.96763 0.207218 0)
(1.95938 0.181059 0)
(1.95387 0.153444 0)
(1.95431 0.140559 0)
(1.95379 0.121823 0)
(1.94282 0.0891337 0)
(1.93905 0.0682143 0)
(1.93563 0.0615312 0)
(1.93117 0.0427263 0)
(1.93071 0.0264547 0)
(1.92987 0.0103836 0)
(1.578 -0.0987617 0)
(1.57757 -0.10043 0)
(1.57915 -0.101174 0)
(1.58444 -0.101894 0)
(1.59019 -0.103101 0)
(1.59457 -0.105138 0)
(1.59556 -0.108098 0)
(1.59573 -0.111895 0)
(1.60001 -0.115341 0)
(1.60583 -0.11788 0)
(1.61285 -0.120879 0)
(1.62171 -0.123498 0)
(1.63079 -0.125533 0)
(1.63841 -0.126967 0)
(1.64572 -0.128196 0)
(1.65278 -0.12955 0)
(1.65935 -0.130975 0)
(1.6641 -0.132408 0)
(1.66217 -0.133888 0)
(1.65557 -0.136159 0)
(1.65763 -0.137725 0)
(1.66335 -0.137813 0)
(1.66909 -0.1382 0)
(1.67512 -0.139685 0)
(1.68161 -0.142693 0)
(1.68798 -0.145754 0)
(1.69425 -0.148555 0)
(1.70015 -0.151211 0)
(1.70419 -0.153985 0)
(1.70409 -0.156773 0)
(1.70685 -0.158646 0)
(1.71329 -0.159695 0)
(1.71952 -0.160163 0)
(1.72566 -0.160182 0)
(1.73137 -0.159958 0)
(1.73567 -0.15963 0)
(1.73554 -0.159521 0)
(1.72954 -0.160105 0)
(1.72885 -0.161084 0)
(1.73384 -0.161927 0)
(1.73892 -0.163792 0)
(1.74595 -0.166771 0)
(1.7544 -0.169463 0)
(1.76204 -0.171484 0)
(1.76908 -0.173162 0)
(1.77569 -0.174555 0)
(1.78219 -0.175767 0)
(1.78871 -0.176995 0)
(1.79507 -0.178514 0)
(1.80042 -0.180253 0)
(1.80217 -0.181783 0)
(1.79603 -0.182431 0)
(1.78933 -0.182628 0)
(1.78974 -0.182079 0)
(1.79326 -0.181234 0)
(1.79769 -0.180382 0)
(1.8027 -0.180039 0)
(1.80793 -0.181191 0)
(1.81413 -0.184335 0)
(1.82045 -0.18715 0)
(1.82658 -0.189121 0)
(1.83274 -0.190726 0)
(1.83897 -0.192115 0)
(1.84525 -0.193405 0)
(1.85179 -0.194731 0)
(1.85791 -0.19591 0)
(1.86116 -0.195993 0)
(1.86017 -0.194424 0)
(1.86042 -0.193351 0)
(1.86228 -0.192956 0)
(1.86235 -0.192732 0)
(1.8579 -0.192544 0)
(1.85732 -0.192619 0)
(1.8617 -0.193142 0)
(1.86659 -0.194557 0)
(1.87445 -0.196154 0)
(1.883 -0.197544 0)
(1.89005 -0.198683 0)
(1.89673 -0.199675 0)
(1.90337 -0.200528 0)
(1.90985 -0.201499 0)
(1.9152 -0.202812 0)
(1.91555 -0.205323 0)
(1.90892 -0.208559 0)
(1.90588 -0.209378 0)
(1.90944 -0.209269 0)
(1.91376 -0.208218 0)
(1.91725 -0.206139 0)
(1.91912 -0.203742 0)
(1.91985 -0.202647 0)
(1.92133 -0.204052 0)
(1.92233 -0.205509 0)
(1.92063 -0.206328 0)
(1.92208 -0.206516 0)
(1.92748 -0.206638 0)
(1.93264 -0.20666 0)
(1.93843 -0.206505 0)
(1.94453 -0.206509 0)
(1.95021 -0.206908 0)
(1.95588 -0.207469 0)
(1.96156 -0.2081 0)
(1.96711 -0.208933 0)
(1.97199 -0.210025 0)
(1.97403 -0.210986 0)
(1.96875 -0.210401 0)
(1.96353 -0.208734 0)
(1.96645 -0.208976 0)
(1.97156 -0.210177 0)
(1.97762 -0.211614 0)
(1.9839 -0.213257 0)
(1.98989 -0.21514 0)
(1.99556 -0.21681 0)
(2.00079 -0.218022 0)
(2.00361 -0.219262 0)
(2.00261 -0.219527 0)
(2.0011 -0.218662 0)
(2.0034 -0.218426 0)
(2.00715 -0.218398 0)
(2.01043 -0.217618 0)
(2.01166 -0.21586 0)
(2.00621 -0.213056 0)
(1.9995 -0.210297 0)
(2.0009 -0.208878 0)
(2.00274 -0.208124 0)
(2.00558 -0.206349 0)
(2.00991 -0.204453 0)
(2.01444 -0.20331 0)
(2.01815 -0.200819 0)
(2.01986 -0.192164 0)
(2.02106 -0.178351 0)
(2.01995 -0.161962 0)
(2.01651 -0.147548 0)
(2.00884 -0.124424 0)
(1.99455 -0.0926324 0)
(1.9707 -0.0545301 0)
(1.95031 -0.02032 0)
(1.93417 0.00470331 0)
(1.90029 0.0489153 0)
(1.87907 0.103561 0)
(1.87133 0.119953 0)
(1.86482 0.137304 0)
(1.84726 0.183111 0)
(1.84375 0.228116 0)
(1.84106 0.234044 0)
(1.84296 0.2294 0)
(1.84303 0.244632 0)
(1.83636 0.268771 0)
(1.83404 0.276763 0)
(1.82801 0.281261 0)
(1.82471 0.286971 0)
(1.82018 0.301082 0)
(1.81254 0.311701 0)
(1.80873 0.313494 0)
(1.80758 0.314568 0)
(1.80812 0.318759 0)
(1.80743 0.323633 0)
(1.80753 0.324479 0)
(1.80937 0.324092 0)
(1.81262 0.322639 0)
(1.81906 0.32001 0)
(1.82976 0.317665 0)
(1.83724 0.318876 0)
(1.84084 0.321283 0)
(1.84435 0.32358 0)
(1.84776 0.325296 0)
(1.84939 0.326583 0)
(1.84523 0.32839 0)
(1.83541 0.330901 0)
(1.82714 0.330923 0)
(1.82751 0.329692 0)
(1.83039 0.329366 0)
(1.83406 0.328812 0)
(1.83999 0.328698 0)
(1.85174 0.328292 0)
(1.86488 0.327196 0)
(1.86894 0.32706 0)
(1.87294 0.327535 0)
(1.87654 0.327833 0)
(1.87958 0.328113 0)
(1.88102 0.328903 0)
(1.8777 0.33061 0)
(1.86567 0.334019 0)
(1.85648 0.336856 0)
(1.85743 0.338697 0)
(1.8603 0.339562 0)
(1.8631 0.340063 0)
(1.86707 0.341191 0)
(1.87512 0.342036 0)
(1.88378 0.340455 0)
(1.88775 0.338704 0)
(1.89117 0.338202 0)
(1.89426 0.338477 0)
(1.89696 0.338914 0)
(1.89901 0.339231 0)
(1.89909 0.340284 0)
(1.89603 0.343399 0)
(1.89518 0.346857 0)
(1.89648 0.349762 0)
(1.89744 0.352395 0)
(1.89643 0.354468 0)
(1.89413 0.354723 0)
(1.89412 0.353325 0)
(1.8965 0.352276 0)
(1.89946 0.35137 0)
(1.90308 0.350265 0)
(1.90741 0.349298 0)
(1.91211 0.348785 0)
(1.91624 0.349292 0)
(1.91986 0.350816 0)
(1.9232 0.352869 0)
(1.92611 0.3551 0)
(1.92876 0.35716 0)
(1.92934 0.359332 0)
(1.92482 0.361971 0)
(1.91895 0.363662 0)
(1.92016 0.363931 0)
(1.92307 0.36356 0)
(1.92649 0.363008 0)
(1.93047 0.362052 0)
(1.9362 0.360822 0)
(1.94266 0.35915 0)
(1.94598 0.358555 0)
(1.94899 0.359032 0)
(1.95153 0.359497 0)
(1.95385 0.360075 0)
(1.95563 0.36076 0)
(1.95304 0.363204 0)
(1.94537 0.367503 0)
(1.94189 0.370524 0)
(1.944 0.372161 0)
(1.94718 0.37338 0)
(1.9507 0.374487 0)
(1.9542 0.375443 0)
(1.95752 0.375855 0)
(1.96147 0.375703 0)
(1.9662 0.374709 0)
(1.96869 0.373827 0)
(1.972 0.373086 0)
(1.97494 0.371809 0)
(1.97699 0.370726 0)
(1.97764 0.370085 0)
(1.97377 0.370226 0)
(1.97081 0.371923 0)
(1.97234 0.373178 0)
(1.97466 0.373846 0)
(1.97754 0.374153 0)
(1.98067 0.374502 0)
(1.98333 0.374335 0)
(1.98573 0.373182 0)
(1.98841 0.369961 0)
(1.98984 0.366467 0)
(1.99073 0.364819 0)
(1.99027 0.362475 0)
(1.98908 0.359166 0)
(1.98895 0.357535 0)
(1.98914 0.354793 0)
(1.98957 0.350088 0)
(1.99005 0.344573 0)
(1.99084 0.339813 0)
(1.98959 0.331167 0)
(1.98431 0.319539 0)
(1.97879 0.30726 0)
(1.97321 0.296104 0)
(1.96488 0.280094 0)
(1.95664 0.2601 0)
(1.94884 0.237476 0)
(1.94236 0.211414 0)
(1.94119 0.194845 0)
(1.93726 0.173515 0)
(1.9296 0.13983 0)
(1.92773 0.118884 0)
(1.92856 0.112035 0)
(1.92347 0.0878838 0)
(1.91727 0.0574391 0)
(1.91375 0.0515738 0)
(1.90718 0.0432513 0)
(1.89477 0.0243995 0)
(1.88996 0.00230152 0)
(1.88774 -0.0041612 0)
(1.88887 -0.0120035 0)
(1.88877 -0.0270307 0)
(1.88557 -0.0424927 0)
(1.8836 -0.0555295 0)
(1.88169 -0.0618738 0)
(1.88123 -0.0658858 0)
(1.88632 -0.0744258 0)
(1.89322 -0.085314 0)
(1.89502 -0.0888423 0)
(1.56255 -0.078664 0)
(1.56719 -0.0801442 0)
(1.57153 -0.0813205 0)
(1.57614 -0.0824668 0)
(1.58103 -0.0836491 0)
(1.58519 -0.0847569 0)
(1.5862 -0.0857534 0)
(1.58432 -0.0872614 0)
(1.58762 -0.0897905 0)
(1.59418 -0.0921826 0)
(1.60147 -0.0947277 0)
(1.60946 -0.0974038 0)
(1.6188 -0.100584 0)
(1.62748 -0.103831 0)
(1.63442 -0.106048 0)
(1.64085 -0.107932 0)
(1.64668 -0.110027 0)
(1.65176 -0.112137 0)
(1.65601 -0.114065 0)
(1.65851 -0.114592 0)
(1.65904 -0.113739 0)
(1.65954 -0.113158 0)
(1.66167 -0.113279 0)
(1.66393 -0.113773 0)
(1.66545 -0.115022 0)
(1.66867 -0.117679 0)
(1.67357 -0.120178 0)
(1.67899 -0.122531 0)
(1.68493 -0.12513 0)
(1.69254 -0.128293 0)
(1.70215 -0.131314 0)
(1.70994 -0.132927 0)
(1.71743 -0.134231 0)
(1.72457 -0.135564 0)
(1.73133 -0.137071 0)
(1.73709 -0.138582 0)
(1.7402 -0.139463 0)
(1.73795 -0.138322 0)
(1.73141 -0.135663 0)
(1.7278 -0.134746 0)
(1.73042 -0.135101 0)
(1.73679 -0.135925 0)
(1.74297 -0.137343 0)
(1.74943 -0.139396 0)
(1.75621 -0.141896 0)
(1.76269 -0.144496 0)
(1.76875 -0.146948 0)
(1.77447 -0.149366 0)
(1.77966 -0.151899 0)
(1.78423 -0.154533 0)
(1.78894 -0.156747 0)
(1.7941 -0.158175 0)
(1.79944 -0.158253 0)
(1.80395 -0.156728 0)
(1.80644 -0.1542 0)
(1.80627 -0.152074 0)
(1.80224 -0.151599 0)
(1.79784 -0.152397 0)
(1.80088 -0.153454 0)
(1.80639 -0.154729 0)
(1.8122 -0.156134 0)
(1.81827 -0.157693 0)
(1.82459 -0.159305 0)
(1.83132 -0.160943 0)
(1.83864 -0.162651 0)
(1.84642 -0.16464 0)
(1.85305 -0.166676 0)
(1.85893 -0.168343 0)
(1.86549 -0.169561 0)
(1.87134 -0.170303 0)
(1.87497 -0.169998 0)
(1.87303 -0.167712 0)
(1.86295 -0.164526 0)
(1.85459 -0.163699 0)
(1.8574 -0.164167 0)
(1.86287 -0.165121 0)
(1.86834 -0.166817 0)
(1.87421 -0.169516 0)
(1.87998 -0.17246 0)
(1.88549 -0.175085 0)
(1.89082 -0.177235 0)
(1.896 -0.17862 0)
(1.89996 -0.178792 0)
(1.90244 -0.178542 0)
(1.90731 -0.177971 0)
(1.91181 -0.17622 0)
(1.91619 -0.174342 0)
(1.91998 -0.172831 0)
(1.92085 -0.171375 0)
(1.9135 -0.170422 0)
(1.90616 -0.170381 0)
(1.91018 -0.170885 0)
(1.91495 -0.171899 0)
(1.92016 -0.173145 0)
(1.92699 -0.174497 0)
(1.93712 -0.175947 0)
(1.94495 -0.176888 0)
(1.95131 -0.177555 0)
(1.95755 -0.178086 0)
(1.96336 -0.178601 0)
(1.96909 -0.179133 0)
(1.97471 -0.179666 0)
(1.97996 -0.180183 0)
(1.98404 -0.180644 0)
(1.98362 -0.180812 0)
(1.97013 -0.180455 0)
(1.95455 -0.181122 0)
(1.95529 -0.182453 0)
(1.95998 -0.183681 0)
(1.96552 -0.184842 0)
(1.97136 -0.185813 0)
(1.97707 -0.186562 0)
(1.98282 -0.186837 0)
(1.98946 -0.186499 0)
(1.99582 -0.186843 0)
(2.00211 -0.187739 0)
(2.00767 -0.188744 0)
(2.01272 -0.189375 0)
(2.01714 -0.189609 0)
(2.02033 -0.189501 0)
(2.01941 -0.18739 0)
(2.01127 -0.183707 0)
(2.00902 -0.181364 0)
(2.01314 -0.181349 0)
(2.01893 -0.180867 0)
(2.02566 -0.180826 0)
(2.02999 -0.180299 0)
(2.03305 -0.178546 0)
(2.03624 -0.176762 0)
(2.03994 -0.175632 0)
(2.04378 -0.174891 0)
(2.04752 -0.17331 0)
(2.05087 -0.170966 0)
(2.05347 -0.168437 0)
(2.05531 -0.165334 0)
(2.05439 -0.160352 0)
(2.04634 -0.151148 0)
(2.02352 -0.128109 0)
(2.01211 -0.110352 0)
(1.9998 -0.096608 0)
(1.98391 -0.0692191 0)
(1.97445 -0.0413011 0)
(1.9649 -0.005615 0)
(1.95058 0.0361021 0)
(1.94259 0.0550481 0)
(1.92934 0.0901203 0)
(1.91579 0.143965 0)
(1.91261 0.163208 0)
(1.91189 0.180724 0)
(1.89018 0.215638 0)
(1.88144 0.238697 0)
(1.87296 0.254097 0)
(1.85601 0.266759 0)
(1.84875 0.280665 0)
(1.83853 0.294892 0)
(1.82755 0.315008 0)
(1.82376 0.32681 0)
(1.82085 0.327586 0)
(1.822 0.329198 0)
(1.82633 0.331811 0)
(1.83442 0.332864 0)
(1.84463 0.333903 0)
(1.85153 0.335152 0)
(1.8533 0.335057 0)
(1.85472 0.335469 0)
(1.85568 0.336237 0)
(1.85601 0.337676 0)
(1.8534 0.342127 0)
(1.84621 0.349246 0)
(1.8384 0.354163 0)
(1.83758 0.353997 0)
(1.84037 0.352502 0)
(1.8439 0.350566 0)
(1.84954 0.349548 0)
(1.85975 0.348537 0)
(1.86871 0.347473 0)
(1.87293 0.347175 0)
(1.87709 0.347342 0)
(1.88067 0.347261 0)
(1.88338 0.347293 0)
(1.88394 0.3479 0)
(1.88188 0.348341 0)
(1.87596 0.349747 0)
(1.86931 0.351937 0)
(1.86639 0.353911 0)
(1.86797 0.355846 0)
(1.87028 0.35685 0)
(1.87319 0.358045 0)
(1.87724 0.359867 0)
(1.88238 0.361083 0)
(1.88906 0.360622 0)
(1.89544 0.35877 0)
(1.89777 0.358125 0)
(1.9005 0.35778 0)
(1.90306 0.35759 0)
(1.90593 0.357415 0)
(1.90917 0.358074 0)
(1.912 0.359769 0)
(1.91322 0.362516 0)
(1.90949 0.365818 0)
(1.89936 0.368588 0)
(1.89545 0.369945 0)
(1.89743 0.370119 0)
(1.90032 0.369973 0)
(1.9037 0.369619 0)
(1.90725 0.369054 0)
(1.91121 0.368426 0)
(1.91925 0.368363 0)
(1.92726 0.369017 0)
(1.9301 0.369867 0)
(1.93348 0.370886 0)
(1.93677 0.37192 0)
(1.93972 0.373573 0)
(1.93938 0.376227 0)
(1.93026 0.379359 0)
(1.92182 0.380674 0)
(1.92366 0.380793 0)
(1.92706 0.380691 0)
(1.93084 0.380641 0)
(1.93494 0.381012 0)
(1.94077 0.382002 0)
(1.94717 0.38187 0)
(1.94983 0.381664 0)
(1.95234 0.382036 0)
(1.95441 0.382141 0)
(1.9563 0.381786 0)
(1.95796 0.381061 0)
(1.95839 0.380625 0)
(1.95523 0.382805 0)
(1.95335 0.386349 0)
(1.95475 0.388567 0)
(1.95659 0.389876 0)
(1.95771 0.39026 0)
(1.95894 0.389737 0)
(1.96048 0.388526 0)
(1.96223 0.386812 0)
(1.96494 0.384224 0)
(1.96655 0.382261 0)
(1.96913 0.381386 0)
(1.97148 0.38144 0)
(1.97238 0.381526 0)
(1.97236 0.380267 0)
(1.97234 0.378851 0)
(1.97287 0.376859 0)
(1.97402 0.373637 0)
(1.97548 0.369611 0)
(1.97638 0.365171 0)
(1.97372 0.358826 0)
(1.9713 0.350313 0)
(1.96845 0.341205 0)
(1.96409 0.331917 0)
(1.95683 0.317121 0)
(1.94943 0.295004 0)
(1.94697 0.280198 0)
(1.94159 0.258915 0)
(1.93591 0.229787 0)
(1.93845 0.210826 0)
(1.93838 0.181956 0)
(1.93678 0.163487 0)
(1.9344 0.151812 0)
(1.9169 0.130968 0)
(1.90726 0.11336 0)
(1.89942 0.102513 0)
(1.88448 0.0781959 0)
(1.88051 0.06326 0)
(1.87987 0.0547878 0)
(1.87569 0.030173 0)
(1.87947 0.0203254 0)
(1.88103 0.0120731 0)
(1.87751 -0.00469492 0)
(1.87778 -0.0158062 0)
(1.8801 -0.0185229 0)
(1.88884 -0.0238053 0)
(1.8923 -0.0315306 0)
(1.8896 -0.0318364 0)
(1.88817 -0.030791 0)
(1.88692 -0.0295765 0)
(1.88367 -0.0305694 0)
(1.8787 -0.0355469 0)
(1.87651 -0.0401994 0)
(1.87533 -0.0445419 0)
(1.87458 -0.0494927 0)
(1.87446 -0.0506906 0)
(1.87518 -0.0505795 0)
(1.87636 -0.0507353 0)
(1.88094 -0.0517589 0)
(1.89158 -0.0537543 0)
(1.89849 -0.0551242 0)
(1.53421 -0.0692991 0)
(1.54103 -0.0706673 0)
(1.54692 -0.0718027 0)
(1.55225 -0.0726169 0)
(1.55745 -0.0732116 0)
(1.56215 -0.073696 0)
(1.56468 -0.0740125 0)
(1.56253 -0.0739023 0)
(1.56099 -0.0740916 0)
(1.56651 -0.0753591 0)
(1.57329 -0.077031 0)
(1.58072 -0.0790045 0)
(1.58901 -0.0811824 0)
(1.59843 -0.0838655 0)
(1.60754 -0.0866902 0)
(1.61503 -0.0886413 0)
(1.62197 -0.0898454 0)
(1.62844 -0.0910878 0)
(1.63409 -0.092322 0)
(1.63857 -0.0928048 0)
(1.64317 -0.0928542 0)
(1.64863 -0.0931104 0)
(1.65334 -0.0928233 0)
(1.65418 -0.0918417 0)
(1.64839 -0.0911006 0)
(1.64735 -0.0923176 0)
(1.65319 -0.0943191 0)
(1.65979 -0.0960917 0)
(1.66697 -0.0982043 0)
(1.67511 -0.100937 0)
(1.68468 -0.104453 0)
(1.69293 -0.107621 0)
(1.69963 -0.109411 0)
(1.70589 -0.110938 0)
(1.71153 -0.112605 0)
(1.71642 -0.114161 0)
(1.72116 -0.115258 0)
(1.72646 -0.115779 0)
(1.73205 -0.11598 0)
(1.73482 -0.114369 0)
(1.73055 -0.111418 0)
(1.72263 -0.110557 0)
(1.72466 -0.112341 0)
(1.7305 -0.114038 0)
(1.73665 -0.115852 0)
(1.74291 -0.118098 0)
(1.74925 -0.120483 0)
(1.75559 -0.122799 0)
(1.7619 -0.12481 0)
(1.76823 -0.126135 0)
(1.77459 -0.126853 0)
(1.78091 -0.127364 0)
(1.78725 -0.127391 0)
(1.79471 -0.127213 0)
(1.80118 -0.127682 0)
(1.80779 -0.128212 0)
(1.8105 -0.127422 0)
(1.80234 -0.12522 0)
(1.79143 -0.125477 0)
(1.79332 -0.127344 0)
(1.79881 -0.128877 0)
(1.80485 -0.130418 0)
(1.81115 -0.132133 0)
(1.81772 -0.134067 0)
(1.82455 -0.136179 0)
(1.8313 -0.137872 0)
(1.83812 -0.138868 0)
(1.84488 -0.139556 0)
(1.85081 -0.139981 0)
(1.8565 -0.140242 0)
(1.86198 -0.140214 0)
(1.86745 -0.140149 0)
(1.8717 -0.139743 0)
(1.86658 -0.137338 0)
(1.852 -0.136165 0)
(1.84908 -0.137579 0)
(1.8537 -0.138866 0)
(1.85912 -0.140075 0)
(1.86477 -0.14138 0)
(1.87049 -0.142827 0)
(1.87647 -0.144383 0)
(1.88411 -0.146084 0)
(1.89611 -0.147438 0)
(1.90542 -0.14628 0)
(1.91139 -0.145319 0)
(1.91798 -0.144955 0)
(1.92423 -0.144613 0)
(1.93005 -0.144068 0)
(1.9336 -0.14319 0)
(1.92851 -0.141372 0)
(1.91135 -0.139438 0)
(1.90433 -0.140316 0)
(1.90853 -0.141529 0)
(1.91409 -0.142535 0)
(1.91997 -0.143583 0)
(1.92597 -0.144799 0)
(1.93264 -0.146447 0)
(1.93987 -0.148581 0)
(1.94593 -0.150182 0)
(1.95174 -0.151039 0)
(1.9575 -0.1516 0)
(1.96323 -0.152076 0)
(1.96877 -0.152413 0)
(1.97377 -0.152441 0)
(1.97707 -0.151919 0)
(1.97441 -0.150665 0)
(1.96036 -0.148137 0)
(1.95342 -0.147429 0)
(1.95693 -0.148016 0)
(1.96139 -0.148571 0)
(1.96622 -0.149193 0)
(1.97121 -0.150246 0)
(1.9766 -0.151601 0)
(1.98631 -0.153442 0)
(1.99838 -0.1546 0)
(2.00435 -0.154737 0)
(2.01085 -0.154965 0)
(2.01665 -0.155012 0)
(2.02219 -0.154913 0)
(2.02746 -0.154817 0)
(2.03154 -0.154355 0)
(2.02968 -0.153549 0)
(2.01308 -0.151013 0)
(2.00207 -0.148961 0)
(2.00466 -0.149316 0)
(2.0095 -0.150161 0)
(2.01445 -0.150518 0)
(2.01924 -0.150713 0)
(2.02424 -0.150935 0)
(2.02944 -0.151489 0)
(2.03458 -0.152401 0)
(2.03953 -0.153592 0)
(2.04451 -0.155104 0)
(2.04904 -0.156412 0)
(2.05338 -0.156764 0)
(2.05759 -0.156319 0)
(2.06075 -0.154327 0)
(2.05953 -0.15105 0)
(2.04968 -0.147184 0)
(2.04207 -0.141555 0)
(2.04121 -0.13798 0)
(2.04176 -0.13398 0)
(2.04239 -0.127968 0)
(2.04258 -0.120554 0)
(2.04086 -0.109834 0)
(2.03683 -0.0933615 0)
(2.03207 -0.067726 0)
(2.02855 -0.0475659 0)
(2.02583 -0.0315098 0)
(2.00789 0.0115451 0)
(2.00179 0.039422 0)
(1.98793 0.0696935 0)
(1.95874 0.110702 0)
(1.94689 0.129785 0)
(1.92412 0.160213 0)
(1.89785 0.210087 0)
(1.88978 0.229468 0)
(1.88334 0.239213 0)
(1.86583 0.273549 0)
(1.86125 0.31009 0)
(1.85991 0.31169 0)
(1.86705 0.314009 0)
(1.86967 0.330995 0)
(1.87032 0.339888 0)
(1.86959 0.346375 0)
(1.86789 0.349647 0)
(1.86582 0.349794 0)
(1.86341 0.35055 0)
(1.86172 0.359007 0)
(1.85551 0.370418 0)
(1.8467 0.375778 0)
(1.84532 0.379569 0)
(1.84807 0.382602 0)
(1.85097 0.385256 0)
(1.85664 0.386289 0)
(1.86428 0.383548 0)
(1.8714 0.37825 0)
(1.87424 0.374692 0)
(1.87716 0.371832 0)
(1.8797 0.36939 0)
(1.88185 0.367563 0)
(1.8834 0.366808 0)
(1.88506 0.367747 0)
(1.88577 0.370339 0)
(1.88374 0.374774 0)
(1.87981 0.378265 0)
(1.87557 0.379262 0)
(1.87619 0.379323 0)
(1.8791 0.378833 0)
(1.88253 0.377378 0)
(1.88665 0.376467 0)
(1.89259 0.376776 0)
(1.90106 0.377062 0)
(1.90613 0.377171 0)
(1.909 0.377578 0)
(1.91168 0.377931 0)
(1.91388 0.378176 0)
(1.916 0.37837 0)
(1.91765 0.37866 0)
(1.91703 0.379082 0)
(1.91022 0.379855 0)
(1.90184 0.381723 0)
(1.90195 0.384205 0)
(1.90503 0.386483 0)
(1.90862 0.388908 0)
(1.9124 0.391081 0)
(1.91717 0.392529 0)
(1.92473 0.392346 0)
(1.93051 0.391252 0)
(1.93295 0.391377 0)
(1.9361 0.392027 0)
(1.93923 0.392652 0)
(1.9421 0.39352 0)
(1.94341 0.394825 0)
(1.94055 0.397124 0)
(1.93274 0.399836 0)
(1.93169 0.401382 0)
(1.93525 0.402245 0)
(1.93824 0.402859 0)
(1.94081 0.403112 0)
(1.94368 0.403023 0)
(1.94801 0.402664 0)
(1.95052 0.400538 0)
(1.95186 0.398199 0)
(1.95406 0.396735 0)
(1.95599 0.395017 0)
(1.95743 0.394559 0)
(1.95903 0.39424 0)
(1.96037 0.393812 0)
(1.96211 0.393788 0)
(1.96351 0.394127 0)
(1.96447 0.394659 0)
(1.96326 0.394583 0)
(1.95834 0.39159 0)
(1.95498 0.387676 0)
(1.95413 0.38413 0)
(1.95293 0.377244 0)
(1.95187 0.36933 0)
(1.94918 0.358151 0)
(1.9459 0.343864 0)
(1.94341 0.32716 0)
(1.94106 0.310461 0)
(1.94027 0.295649 0)
(1.94044 0.271248 0)
(1.93918 0.248853 0)
(1.93606 0.237261 0)
(1.92256 0.218288 0)
(1.91084 0.198807 0)
(1.90198 0.182061 0)
(1.88702 0.156152 0)
(1.87849 0.136594 0)
(1.8737 0.121068 0)
(1.86604 0.0933355 0)
(1.86119 0.0610613 0)
(1.86094 0.0466088 0)
(1.86072 0.0329376 0)
(1.86568 0.00945692 0)
(1.87787 -0.0064159 0)
(1.87972 -0.0144617 0)
(1.87412 -0.0193886 0)
(1.87057 -0.0262448 0)
(1.86373 -0.0355241 0)
(1.85558 -0.0408292 0)
(1.84875 -0.0457144 0)
(1.84625 -0.0517455 0)
(1.84632 -0.0572404 0)
(1.84516 -0.0636108 0)
(1.84638 -0.0665697 0)
(1.84766 -0.0681386 0)
(1.84969 -0.070307 0)
(1.85237 -0.0704528 0)
(1.85825 -0.0694609 0)
(1.86942 -0.0712932 0)
(1.87688 -0.0743362 0)
(1.87813 -0.0745706 0)
(1.87935 -0.0740608 0)
(1.87951 -0.0729621 0)
(1.8755 -0.0705428 0)
(1.86803 -0.0650707 0)
(1.86536 -0.0613846 0)
(1.866 -0.0612237 0)
(1.86774 -0.0611801 0)
(1.87001 -0.0601089 0)
(1.87241 -0.0578876 0)
(1.87502 -0.0561425 0)
(1.88046 -0.0549471 0)
(1.89155 -0.0542266 0)
(1.90076 -0.0536525 0)
(1.50136 -0.0542684 0)
(1.50903 -0.0556419 0)
(1.51611 -0.0564744 0)
(1.52273 -0.057577 0)
(1.52886 -0.0587354 0)
(1.53433 -0.0597786 0)
(1.53843 -0.0605678 0)
(1.53956 -0.060848 0)
(1.53666 -0.0602596 0)
(1.53561 -0.0596099 0)
(1.54113 -0.0600877 0)
(1.54799 -0.0614737 0)
(1.55531 -0.063552 0)
(1.5631 -0.0655364 0)
(1.57154 -0.0677475 0)
(1.58132 -0.0703834 0)
(1.5907 -0.0728648 0)
(1.59809 -0.0741272 0)
(1.6051 -0.0748937 0)
(1.61184 -0.0758598 0)
(1.61846 -0.0768199 0)
(1.62475 -0.0775069 0)
(1.63013 -0.0779249 0)
(1.63294 -0.0780551 0)
(1.62959 -0.0776715 0)
(1.6231 -0.0768873 0)
(1.6262 -0.0776873 0)
(1.63283 -0.0793597 0)
(1.63974 -0.0810895 0)
(1.64705 -0.0826706 0)
(1.65488 -0.0843875 0)
(1.66409 -0.0865669 0)
(1.67305 -0.0887285 0)
(1.68018 -0.0897807 0)
(1.68706 -0.0904665 0)
(1.69363 -0.0913498 0)
(1.70002 -0.0922857 0)
(1.70639 -0.0931114 0)
(1.71212 -0.0935305 0)
(1.71623 -0.0935853 0)
(1.71529 -0.0930863 0)
(1.70566 -0.0922854 0)
(1.70105 -0.0925884 0)
(1.70598 -0.0940686 0)
(1.71209 -0.0951466 0)
(1.7187 -0.0961287 0)
(1.72546 -0.097105 0)
(1.73261 -0.0981184 0)
(1.74105 -0.0990645 0)
(1.75115 -0.0997912 0)
(1.75926 -0.1003 0)
(1.76632 -0.100872 0)
(1.77303 -0.101437 0)
(1.77979 -0.102165 0)
(1.78636 -0.102984 0)
(1.7919 -0.103518 0)
(1.79383 -0.103681 0)
(1.78546 -0.103527 0)
(1.77294 -0.104177 0)
(1.77428 -0.105776 0)
(1.77989 -0.106819 0)
(1.78614 -0.107707 0)
(1.79257 -0.10863 0)
(1.79922 -0.10964 0)
(1.80668 -0.11063 0)
(1.81573 -0.111447 0)
(1.82355 -0.111922 0)
(1.83022 -0.112388 0)
(1.8365 -0.112865 0)
(1.84267 -0.113354 0)
(1.84865 -0.113939 0)
(1.85405 -0.114513 0)
(1.85672 -0.114562 0)
(1.85052 -0.113861 0)
(1.83592 -0.113055 0)
(1.83386 -0.113769 0)
(1.83864 -0.114525 0)
(1.84425 -0.115147 0)
(1.85016 -0.115761 0)
(1.85611 -0.116416 0)
(1.86242 -0.11705 0)
(1.86988 -0.117393 0)
(1.88113 -0.117249 0)
(1.89061 -0.116782 0)
(1.89671 -0.116821 0)
(1.90288 -0.117044 0)
(1.90864 -0.117284 0)
(1.91414 -0.117434 0)
(1.91813 -0.117465 0)
(1.91555 -0.116918 0)
(1.90081 -0.115589 0)
(1.89341 -0.115635 0)
(1.89743 -0.116532 0)
(1.90262 -0.117107 0)
(1.90821 -0.117653 0)
(1.9139 -0.118293 0)
(1.91989 -0.119024 0)
(1.9267 -0.119751 0)
(1.93509 -0.120504 0)
(1.94227 -0.121237 0)
(1.94839 -0.121908 0)
(1.95406 -0.122493 0)
(1.95953 -0.123016 0)
(1.96475 -0.123586 0)
(1.9689 -0.124056 0)
(1.96824 -0.124086 0)
(1.95509 -0.12331 0)
(1.94286 -0.122574 0)
(1.94504 -0.122751 0)
(1.94951 -0.122939 0)
(1.95486 -0.123188 0)
(1.96052 -0.123549 0)
(1.96639 -0.123984 0)
(1.97288 -0.124305 0)
(1.98208 -0.124376 0)
(1.99109 -0.124539 0)
(1.99675 -0.124782 0)
(2.00241 -0.125063 0)
(2.00745 -0.125349 0)
(2.01249 -0.125623 0)
(2.01709 -0.125734 0)
(2.01985 -0.12556 0)
(2.01542 -0.125211 0)
(1.9987 -0.124051 0)
(1.99229 -0.124107 0)
(1.99557 -0.124869 0)
(2.00033 -0.125507 0)
(2.00567 -0.126 0)
(2.01099 -0.126534 0)
(2.01647 -0.127062 0)
(2.02234 -0.12769 0)
(2.02863 -0.128336 0)
(2.03522 -0.128934 0)
(2.04219 -0.129624 0)
(2.0475 -0.130545 0)
(2.05283 -0.131272 0)
(2.05756 -0.131734 0)
(2.06166 -0.131758 0)
(2.06335 -0.130066 0)
(2.05503 -0.126324 0)
(2.04035 -0.123201 0)
(2.04102 -0.123058 0)
(2.04442 -0.12333 0)
(2.04804 -0.123284 0)
(2.05191 -0.122857 0)
(2.05586 -0.122433 0)
(2.06141 -0.122125 0)
(2.06692 -0.120773 0)
(2.0713 -0.11749 0)
(2.07378 -0.109834 0)
(2.0755 -0.0998276 0)
(2.07645 -0.0908786 0)
(2.07722 -0.0787118 0)
(2.0628 -0.0588014 0)
(2.04762 -0.0348878 0)
(2.032 -0.0054527 0)
(2.01428 0.0246928 0)
(1.9991 0.0434254 0)
(1.97226 0.0866913 0)
(1.95795 0.13732 0)
(1.9556 0.150104 0)
(1.93999 0.185408 0)
(1.92618 0.239182 0)
(1.92494 0.249901 0)
(1.91927 0.264421 0)
(1.9071 0.299435 0)
(1.90489 0.310754 0)
(1.90277 0.320657 0)
(1.89356 0.335693 0)
(1.88777 0.349135 0)
(1.88093 0.356666 0)
(1.87408 0.362793 0)
(1.86542 0.378899 0)
(1.8633 0.386282 0)
(1.86301 0.388888 0)
(1.86544 0.390918 0)
(1.86809 0.390498 0)
(1.87127 0.391815 0)
(1.87442 0.393154 0)
(1.87753 0.392939 0)
(1.88101 0.390996 0)
(1.88285 0.389716 0)
(1.88511 0.390356 0)
(1.8871 0.393 0)
(1.88975 0.395096 0)
(1.89227 0.3965 0)
(1.89141 0.399067 0)
(1.88437 0.402443 0)
(1.88146 0.403504 0)
(1.8845 0.402904 0)
(1.88768 0.401252 0)
(1.8917 0.399617 0)
(1.89894 0.397924 0)
(1.90757 0.396213 0)
(1.91233 0.396789 0)
(1.91602 0.397889 0)
(1.91896 0.398531 0)
(1.92203 0.398641 0)
(1.92473 0.397823 0)
(1.92545 0.397025 0)
(1.92065 0.397824 0)
(1.91245 0.40095 0)
(1.91155 0.404351 0)
(1.91442 0.40656 0)
(1.91795 0.408747 0)
(1.9216 0.411306 0)
(1.92501 0.413536 0)
(1.92925 0.414848 0)
(1.93292 0.41425 0)
(1.93531 0.412916 0)
(1.93746 0.411895 0)
(1.93941 0.410613 0)
(1.94083 0.409006 0)
(1.94194 0.408252 0)
(1.9423 0.408666 0)
(1.94075 0.409821 0)
(1.94073 0.411178 0)
(1.9422 0.411691 0)
(1.94314 0.411611 0)
(1.94307 0.410342 0)
(1.94288 0.408371 0)
(1.94329 0.407092 0)
(1.94365 0.405548 0)
(1.94425 0.401646 0)
(1.94558 0.395831 0)
(1.94685 0.38975 0)
(1.94794 0.382334 0)
(1.94916 0.373488 0)
(1.94996 0.364271 0)
(1.95216 0.354394 0)
(1.94904 0.337807 0)
(1.9422 0.322657 0)
(1.9357 0.310682 0)
(1.92412 0.293607 0)
(1.9131 0.277165 0)
(1.90376 0.258906 0)
(1.89275 0.230043 0)
(1.88707 0.206263 0)
(1.88429 0.18814 0)
(1.87743 0.157666 0)
(1.87389 0.124689 0)
(1.87291 0.111969 0)
(1.87635 0.0982915 0)
(1.8825 0.0646493 0)
(1.88688 0.0530465 0)
(1.88265 0.0451224 0)
(1.87211 0.0382063 0)
(1.86316 0.0280171 0)
(1.85805 0.0191984 0)
(1.85107 0.0129482 0)
(1.84633 0.00457901 0)
(1.84286 -0.00640097 0)
(1.84151 -0.0167527 0)
(1.8407 -0.0203761 0)
(1.84084 -0.0187013 0)
(1.84361 -0.0205985 0)
(1.85033 -0.0259938 0)
(1.86289 -0.0295953 0)
(1.87018 -0.0310247 0)
(1.87076 -0.0321505 0)
(1.87066 -0.0341142 0)
(1.86988 -0.0361708 0)
(1.86778 -0.0362144 0)
(1.86402 -0.0355542 0)
(1.85994 -0.0354619 0)
(1.85671 -0.0367277 0)
(1.85468 -0.0387795 0)
(1.85367 -0.0409774 0)
(1.85429 -0.0431159 0)
(1.85659 -0.0443819 0)
(1.85925 -0.0448597 0)
(1.86336 -0.0451065 0)
(1.8746 -0.0464754 0)
(1.88351 -0.0480218 0)
(1.88809 -0.0493086 0)
(1.89246 -0.0520228 0)
(1.89464 -0.0540302 0)
(1.89372 -0.0540785 0)
(1.88889 -0.0523696 0)
(1.88044 -0.0510847 0)
(1.87575 -0.0501321 0)
(1.87707 -0.0491501 0)
(1.87931 -0.048422 0)
(1.8817 -0.0475574 0)
(1.88433 -0.0471647 0)
(1.88827 -0.0468182 0)
(1.89418 -0.0470523 0)
(1.90368 -0.0478328 0)
(1.46824 -0.0398602 0)
(1.47929 -0.0430898 0)
(1.48759 -0.0452324 0)
(1.49479 -0.0462691 0)
(1.50141 -0.0474991 0)
(1.50728 -0.0487613 0)
(1.51235 -0.0496177 0)
(1.51637 -0.0498044 0)
(1.51869 -0.0490861 0)
(1.51837 -0.0474185 0)
(1.51745 -0.045658 0)
(1.52116 -0.045085 0)
(1.52778 -0.045751 0)
(1.53475 -0.0467988 0)
(1.54215 -0.0481723 0)
(1.55034 -0.0498935 0)
(1.56027 -0.0522107 0)
(1.57133 -0.0550172 0)
(1.57959 -0.0568234 0)
(1.58694 -0.057802 0)
(1.59385 -0.0590465 0)
(1.60025 -0.0604783 0)
(1.60606 -0.0617889 0)
(1.61078 -0.0627639 0)
(1.61297 -0.0629347 0)
(1.61018 -0.0616986 0)
(1.60573 -0.0598546 0)
(1.60864 -0.0593145 0)
(1.61511 -0.0600619 0)
(1.62191 -0.0609541 0)
(1.62906 -0.0620594 0)
(1.63692 -0.0634772 0)
(1.64646 -0.0654464 0)
(1.65663 -0.0677743 0)
(1.66424 -0.0690982 0)
(1.67133 -0.0698535 0)
(1.67801 -0.0708389 0)
(1.68428 -0.0719668 0)
(1.69012 -0.0730181 0)
(1.69512 -0.0739113 0)
(1.69766 -0.0743592 0)
(1.69371 -0.0734504 0)
(1.68509 -0.0713718 0)
(1.68596 -0.0704346 0)
(1.69197 -0.0709635 0)
(1.6984 -0.0714672 0)
(1.70511 -0.0720494 0)
(1.71234 -0.0728285 0)
(1.72099 -0.0739516 0)
(1.73169 -0.0756738 0)
(1.74012 -0.0771646 0)
(1.74744 -0.078209 0)
(1.75422 -0.0792963 0)
(1.76062 -0.0805606 0)
(1.76663 -0.0818233 0)
(1.77189 -0.0830034 0)
(1.7749 -0.0839353 0)
(1.77091 -0.0838282 0)
(1.75929 -0.0821983 0)
(1.75753 -0.0812071 0)
(1.76303 -0.0816001 0)
(1.76908 -0.0819834 0)
(1.7754 -0.0823602 0)
(1.78198 -0.0828223 0)
(1.78944 -0.083445 0)
(1.79888 -0.084472 0)
(1.80727 -0.0854988 0)
(1.81421 -0.0861675 0)
(1.82063 -0.0868144 0)
(1.8267 -0.0876171 0)
(1.83246 -0.0885096 0)
(1.83769 -0.0893431 0)
(1.84129 -0.0899873 0)
(1.83913 -0.089838 0)
(1.82724 -0.0881749 0)
(1.82163 -0.0865822 0)
(1.8263 -0.0863659 0)
(1.83178 -0.0864301 0)
(1.83766 -0.0864508 0)
(1.84376 -0.0862982 0)
(1.8504 -0.0861661 0)
(1.85894 -0.0863659 0)
(1.86911 -0.0871385 0)
(1.87573 -0.0878323 0)
(1.88225 -0.0884831 0)
(1.88821 -0.0891105 0)
(1.89401 -0.0898692 0)
(1.89952 -0.0907115 0)
(1.9041 -0.0914916 0)
(1.90508 -0.0917253 0)
(1.89621 -0.0902436 0)
(1.88521 -0.0879923 0)
(1.8876 -0.0872638 0)
(1.89275 -0.0875777 0)
(1.8983 -0.0878629 0)
(1.90404 -0.0881791 0)
(1.91007 -0.0886308 0)
(1.91693 -0.0894085 0)
(1.925 -0.0907641 0)
(1.93167 -0.0920466 0)
(1.93783 -0.0929968 0)
(1.9436 -0.0939296 0)
(1.9491 -0.0949897 0)
(1.95426 -0.0960978 0)
(1.95874 -0.0970902 0)
(1.96081 -0.0975931 0)
(1.95488 -0.0964474 0)
(1.94284 -0.0937181 0)
(1.9425 -0.0918737 0)
(1.94722 -0.0915409 0)
(1.95211 -0.0916227 0)
(1.95726 -0.0916611 0)
(1.96256 -0.0915235 0)
(1.96829 -0.0914584 0)
(1.97511 -0.09185 0)
(1.98241 -0.0927888 0)
(1.98836 -0.0936384 0)
(1.99381 -0.0943123 0)
(1.99897 -0.0949229 0)
(2.00399 -0.095667 0)
(2.00868 -0.0965335 0)
(2.01229 -0.0972016 0)
(2.01168 -0.0968112 0)
(2.0017 -0.0946858 0)
(1.99334 -0.0923057 0)
(1.99687 -0.0913688 0)
(2.00172 -0.0915122 0)
(2.00647 -0.0918217 0)
(2.01132 -0.0922174 0)
(2.01677 -0.0927118 0)
(2.02347 -0.0935425 0)
(2.03143 -0.0948195 0)
(2.03709 -0.0957815 0)
(2.04252 -0.0964277 0)
(2.04772 -0.0973314 0)
(2.05236 -0.0986289 0)
(2.05621 -0.0999842 0)
(2.05896 -0.100947 0)
(2.05961 -0.100821 0)
(2.05468 -0.0990396 0)
(2.04427 -0.0966684 0)
(2.04231 -0.0945216 0)
(2.0464 -0.0934597 0)
(2.05091 -0.0932898 0)
(2.05567 -0.0934339 0)
(2.06035 -0.0936211 0)
(2.06496 -0.0936721 0)
(2.07076 -0.0926193 0)
(2.0771 -0.0907929 0)
(2.08189 -0.0907137 0)
(2.08581 -0.0911528 0)
(2.08949 -0.0912636 0)
(2.09245 -0.0905362 0)
(2.09461 -0.0897444 0)
(2.097 -0.0887271 0)
(2.09652 -0.0862165 0)
(2.08649 -0.0787085 0)
(2.07225 -0.063931 0)
(2.0668 -0.0576115 0)
(2.06097 -0.0455285 0)
(2.05555 -0.0285898 0)
(2.05035 -0.0132293 0)
(2.03872 0.0187945 0)
(2.03096 0.0484461 0)
(2.02446 0.0670218 0)
(2.00742 0.108352 0)
(2.00367 0.134585 0)
(1.99866 0.165113 0)
(1.97566 0.214341 0)
(1.96737 0.233337 0)
(1.95808 0.251145 0)
(1.9314 0.283378 0)
(1.91588 0.323125 0)
(1.90908 0.327574 0)
(1.89718 0.338242 0)
(1.88554 0.365632 0)
(1.88348 0.379476 0)
(1.88159 0.383873 0)
(1.88057 0.393269 0)
(1.88221 0.398304 0)
(1.88652 0.397275 0)
(1.89121 0.401327 0)
(1.89204 0.409779 0)
(1.89314 0.410953 0)
(1.89427 0.410385 0)
(1.89636 0.411922 0)
(1.89665 0.416686 0)
(1.89334 0.421981 0)
(1.88726 0.426137 0)
(1.88626 0.427369 0)
(1.88809 0.427623 0)
(1.89085 0.42772 0)
(1.89348 0.427482 0)
(1.89923 0.427029 0)
(1.90747 0.425406 0)
(1.9124 0.423885 0)
(1.91716 0.423093 0)
(1.92192 0.421531 0)
(1.92579 0.419335 0)
(1.92784 0.417661 0)
(1.92713 0.417316 0)
(1.92305 0.420308 0)
(1.92017 0.42495 0)
(1.92123 0.427397 0)
(1.92321 0.428668 0)
(1.92562 0.429045 0)
(1.92707 0.428312 0)
(1.92763 0.425659 0)
(1.92852 0.422245 0)
(1.92962 0.420267 0)
(1.93081 0.41893 0)
(1.93231 0.417365 0)
(1.93442 0.414599 0)
(1.93685 0.409567 0)
(1.93896 0.403452 0)
(1.94117 0.396944 0)
(1.94319 0.389043 0)
(1.93948 0.380477 0)
(1.93501 0.37066 0)
(1.93069 0.361604 0)
(1.92333 0.348902 0)
(1.91687 0.336002 0)
(1.90849 0.316958 0)
(1.9018 0.292642 0)
(1.90046 0.275565 0)
(1.89697 0.248851 0)
(1.89653 0.219038 0)
(1.90043 0.201092 0)
(1.89803 0.174451 0)
(1.89702 0.153573 0)
(1.89941 0.132853 0)
(1.88809 0.102801 0)
(1.88051 0.0841625 0)
(1.87409 0.0755087 0)
(1.85983 0.0608051 0)
(1.84833 0.0382195 0)
(1.84209 0.0268464 0)
(1.83741 0.0208237 0)
(1.83406 0.00928755 0)
(1.833 -0.00469968 0)
(1.83314 -0.012457 0)
(1.83257 -0.0128909 0)
(1.83712 -0.0152859 0)
(1.84762 -0.0266021 0)
(1.85183 -0.0371556 0)
(1.85045 -0.0394066 0)
(1.84888 -0.0436772 0)
(1.84515 -0.050417 0)
(1.84055 -0.0532111 0)
(1.83743 -0.0547574 0)
(1.83481 -0.055807 0)
(1.83328 -0.0539883 0)
(1.83273 -0.0508171 0)
(1.83243 -0.0480606 0)
(1.8333 -0.0458137 0)
(1.83541 -0.0444162 0)
(1.84057 -0.044562 0)
(1.85111 -0.0464444 0)
(1.86264 -0.0465984 0)
(1.86616 -0.0459984 0)
(1.86769 -0.0456459 0)
(1.8688 -0.0455722 0)
(1.86882 -0.0450593 0)
(1.86797 -0.0422577 0)
(1.86665 -0.0380298 0)
(1.86443 -0.0349896 0)
(1.86121 -0.0335341 0)
(1.86031 -0.0328982 0)
(1.86185 -0.0319861 0)
(1.86399 -0.0306559 0)
(1.86671 -0.0290321 0)
(1.8705 -0.0279843 0)
(1.87722 -0.0273865 0)
(1.88683 -0.0279263 0)
(1.89084 -0.0285991 0)
(1.89411 -0.0293343 0)
(1.89675 -0.0300771 0)
(1.89922 -0.030702 0)
(1.90051 -0.0323501 0)
(1.89807 -0.0338816 0)
(1.89147 -0.0327258 0)
(1.88656 -0.0300844 0)
(1.88781 -0.0290314 0)
(1.89067 -0.0288289 0)
(1.8941 -0.0287475 0)
(1.89785 -0.0283147 0)
(1.90078 -0.0284644 0)
(1.90631 -0.031902 0)
(1.44275 -0.0272844 0)
(1.45192 -0.0300246 0)
(1.46344 -0.033144 0)
(1.47433 -0.0353733 0)
(1.48206 -0.0357943 0)
(1.4893 -0.0357635 0)
(1.49613 -0.0354809 0)
(1.50231 -0.0350313 0)
(1.50748 -0.0343549 0)
(1.5108 -0.0332247 0)
(1.51024 -0.0314749 0)
(1.50665 -0.0303012 0)
(1.50759 -0.0307974 0)
(1.51357 -0.0322216 0)
(1.52044 -0.033706 0)
(1.52776 -0.0354448 0)
(1.53579 -0.0374694 0)
(1.54538 -0.0399987 0)
(1.55713 -0.0429759 0)
(1.56641 -0.0447033 0)
(1.57399 -0.0451149 0)
(1.5813 -0.0453383 0)
(1.58829 -0.0455219 0)
(1.59469 -0.0455563 0)
(1.60001 -0.045347 0)
(1.60285 -0.0446562 0)
(1.60016 -0.042901 0)
(1.59418 -0.0414654 0)
(1.59559 -0.0417173 0)
(1.60177 -0.0428339 0)
(1.60854 -0.0440329 0)
(1.61568 -0.0454787 0)
(1.62347 -0.0472049 0)
(1.63274 -0.049392 0)
(1.64346 -0.051899 0)
(1.65168 -0.0531139 0)
(1.65905 -0.0534338 0)
(1.66613 -0.0537042 0)
(1.67292 -0.0539904 0)
(1.67918 -0.0541739 0)
(1.68436 -0.0540959 0)
(1.6868 -0.0534729 0)
(1.68224 -0.0514442 0)
(1.67407 -0.0494578 0)
(1.67561 -0.0493003 0)
(1.68168 -0.0500565 0)
(1.68823 -0.0508619 0)
(1.69511 -0.0518622 0)
(1.70258 -0.0531255 0)
(1.71149 -0.0548928 0)
(1.72139 -0.0571932 0)
(1.72908 -0.0585975 0)
(1.7362 -0.0592275 0)
(1.74294 -0.0598978 0)
(1.74927 -0.0607318 0)
(1.75506 -0.061475 0)
(1.75985 -0.0619097 0)
(1.76184 -0.0616915 0)
(1.75623 -0.0599608 0)
(1.74665 -0.0578935 0)
(1.74791 -0.0575917 0)
(1.75356 -0.0581296 0)
(1.75965 -0.0586415 0)
(1.76601 -0.0592421 0)
(1.77274 -0.0600137 0)
(1.78048 -0.0610644 0)
(1.78965 -0.0625976 0)
(1.79722 -0.063737 0)
(1.80403 -0.0641293 0)
(1.81056 -0.0644136 0)
(1.8168 -0.0648539 0)
(1.82265 -0.0653726 0)
(1.82775 -0.0657532 0)
(1.83077 -0.0656722 0)
(1.82695 -0.0640083 0)
(1.81565 -0.0609242 0)
(1.81392 -0.0597498 0)
(1.81915 -0.0598335 0)
(1.82481 -0.0600348 0)
(1.83077 -0.0602369 0)
(1.83702 -0.0604694 0)
(1.84407 -0.060852 0)
(1.85278 -0.0617387 0)
(1.86102 -0.0630541 0)
(1.86772 -0.0638687 0)
(1.87414 -0.0644448 0)
(1.88026 -0.0651487 0)
(1.88609 -0.0659945 0)
(1.89148 -0.066748 0)
(1.89578 -0.0672034 0)
(1.89613 -0.0667345 0)
(1.88686 -0.0639967 0)
(1.87796 -0.0620138 0)
(1.88114 -0.0619734 0)
(1.88642 -0.0624639 0)
(1.89217 -0.0629254 0)
(1.89815 -0.0634633 0)
(1.90445 -0.0641471 0)
(1.91155 -0.065132 0)
(1.91894 -0.0665946 0)
(1.92517 -0.0677403 0)
(1.93123 -0.0685632 0)
(1.93698 -0.0694206 0)
(1.94241 -0.0703995 0)
(1.9475 -0.0713637 0)
(1.95207 -0.072124 0)
(1.95486 -0.0722305 0)
(1.95083 -0.070018 0)
(1.93853 -0.0664858 0)
(1.93558 -0.0653691 0)
(1.94014 -0.0654315 0)
(1.94515 -0.065647 0)
(1.95053 -0.0658547 0)
(1.95614 -0.066111 0)
(1.96229 -0.0664718 0)
(1.96944 -0.0671889 0)
(1.9762 -0.0683078 0)
(1.98194 -0.0691983 0)
(1.98752 -0.0699101 0)
(1.9929 -0.0706521 0)
(1.99811 -0.0714614 0)
(2.0031 -0.0722948 0)
(2.00762 -0.0729754 0)
(2.00955 -0.0724167 0)
(2.00318 -0.0689156 0)
(1.99053 -0.0657971 0)
(1.98921 -0.0659006 0)
(1.99337 -0.0667169 0)
(1.99807 -0.0673478 0)
(2.00317 -0.067969 0)
(2.0086 -0.0687532 0)
(2.0146 -0.0696621 0)
(2.02122 -0.0707094 0)
(2.02719 -0.0717424 0)
(2.03283 -0.0724916 0)
(2.03826 -0.0730597 0)
(2.04351 -0.0736429 0)
(2.04852 -0.0743419 0)
(2.05323 -0.0751798 0)
(2.05702 -0.0757969 0)
(2.05685 -0.074204 0)
(2.04767 -0.069689 0)
(2.03738 -0.0673224 0)
(2.03824 -0.068191 0)
(2.04291 -0.0692593 0)
(2.04776 -0.0697399 0)
(2.05249 -0.0701243 0)
(2.05757 -0.0709167 0)
(2.06353 -0.0720279 0)
(2.06929 -0.0727277 0)
(2.07491 -0.0732338 0)
(2.08002 -0.0734967 0)
(2.08446 -0.073426 0)
(2.08863 -0.0733231 0)
(2.09251 -0.0730566 0)
(2.0957 -0.0719985 0)
(2.09702 -0.0693946 0)
(2.09306 -0.065625 0)
(2.08263 -0.0620813 0)
(2.08082 -0.0603513 0)
(2.08436 -0.0602624 0)
(2.08604 -0.0596778 0)
(2.08823 -0.0576065 0)
(2.09071 -0.0546938 0)
(2.09235 -0.0506921 0)
(2.09252 -0.042663 0)
(2.09105 -0.0264357 0)
(2.08811 -0.00338186 0)
(2.08777 0.00814791 0)
(2.07975 0.0282137 0)
(2.06925 0.0558748 0)
(2.05771 0.0865672 0)
(2.03515 0.127951 0)
(2.0248 0.14571 0)
(1.99783 0.176894 0)
(1.97044 0.22461 0)
(1.96539 0.240013 0)
(1.94457 0.273851 0)
(1.92985 0.319243 0)
(1.9303 0.327962 0)
(1.92247 0.349439 0)
(1.91761 0.382269 0)
(1.9183 0.388431 0)
(1.92247 0.389794 0)
(1.91918 0.399463 0)
(1.91715 0.410163 0)
(1.91332 0.418471 0)
(1.91117 0.419274 0)
(1.90817 0.422656 0)
(1.90176 0.431257 0)
(1.8947 0.446582 0)
(1.8938 0.454942 0)
(1.89504 0.455753 0)
(1.89854 0.454821 0)
(1.90262 0.452759 0)
(1.90621 0.451133 0)
(1.91005 0.446772 0)
(1.91572 0.43917 0)
(1.91986 0.434099 0)
(1.92193 0.433149 0)
(1.92302 0.432321 0)
(1.92294 0.431093 0)
(1.92059 0.428631 0)
(1.91905 0.424902 0)
(1.91784 0.420384 0)
(1.91461 0.414532 0)
(1.90927 0.404266 0)
(1.90766 0.395206 0)
(1.90376 0.385517 0)
(1.89905 0.373865 0)
(1.89524 0.358565 0)
(1.89375 0.342068 0)
(1.89352 0.326083 0)
(1.89472 0.301272 0)
(1.9028 0.278874 0)
(1.9167 0.26487 0)
(1.92197 0.240117 0)
(1.9143 0.215749 0)
(1.90848 0.204805 0)
(1.89743 0.189002 0)
(1.8826 0.162421 0)
(1.87669 0.14864 0)
(1.86902 0.133401 0)
(1.86157 0.108341 0)
(1.86101 0.0948368 0)
(1.86326 0.0887018 0)
(1.86447 0.0731235 0)
(1.8622 0.055318 0)
(1.85674 0.042451 0)
(1.85096 0.0336753 0)
(1.84874 0.0238128 0)
(1.85173 0.00955193 0)
(1.8495 -0.000730696 0)
(1.84343 -0.00311928 0)
(1.83784 -0.0043251 0)
(1.83131 -0.00852323 0)
(1.82558 -0.0155272 0)
(1.82034 -0.0194783 0)
(1.8168 -0.0232443 0)
(1.81675 -0.0247496 0)
(1.81727 -0.0245477 0)
(1.81772 -0.0245784 0)
(1.81936 -0.0256195 0)
(1.82443 -0.0272649 0)
(1.83364 -0.0286175 0)
(1.83812 -0.0294037 0)
(1.83996 -0.0303999 0)
(1.84101 -0.0324046 0)
(1.84047 -0.0339466 0)
(1.83853 -0.0340463 0)
(1.83641 -0.0330332 0)
(1.83554 -0.0325284 0)
(1.83489 -0.0323343 0)
(1.83432 -0.0310272 0)
(1.83634 -0.0294985 0)
(1.83892 -0.0286962 0)
(1.84151 -0.0284299 0)
(1.84499 -0.0289581 0)
(1.85141 -0.0301946 0)
(1.86109 -0.0317128 0)
(1.8662 -0.0313082 0)
(1.86941 -0.0304882 0)
(1.87181 -0.0291236 0)
(1.87354 -0.0272009 0)
(1.8744 -0.0256987 0)
(1.872 -0.0247672 0)
(1.86294 -0.0241165 0)
(1.85591 -0.0234675 0)
(1.85665 -0.0228784 0)
(1.85835 -0.0223947 0)
(1.86047 -0.0219352 0)
(1.86306 -0.0219387 0)
(1.86674 -0.0220847 0)
(1.87368 -0.022442 0)
(1.88345 -0.0228592 0)
(1.88849 -0.0222394 0)
(1.89072 -0.0215873 0)
(1.89315 -0.0208817 0)
(1.89481 -0.0202559 0)
(1.89537 -0.0196049 0)
(1.89407 -0.0192886 0)
(1.88782 -0.0178646 0)
(1.88123 -0.0158182 0)
(1.88237 -0.0152769 0)
(1.88461 -0.0153432 0)
(1.88685 -0.0156496 0)
(1.88907 -0.017019 0)
(1.89351 -0.0198504 0)
(1.42711 -0.0169824 0)
(1.43509 -0.0183096 0)
(1.4456 -0.0198225 0)
(1.46114 -0.021173 0)
(1.47392 -0.0214372 0)
(1.48182 -0.0211681 0)
(1.48913 -0.0209354 0)
(1.49614 -0.0204755 0)
(1.50261 -0.0197388 0)
(1.50782 -0.0188059 0)
(1.50922 -0.0177558 0)
(1.50279 -0.0172581 0)
(1.49634 -0.0182936 0)
(1.49998 -0.0195465 0)
(1.50663 -0.0204777 0)
(1.51368 -0.0213838 0)
(1.52105 -0.0224294 0)
(1.52921 -0.0236973 0)
(1.53997 -0.0252166 0)
(1.55447 -0.0266619 0)
(1.56442 -0.0269914 0)
(1.57224 -0.0269521 0)
(1.57963 -0.0269469 0)
(1.58678 -0.0267665 0)
(1.59337 -0.0263769 0)
(1.59843 -0.0256966 0)
(1.59918 -0.0247464 0)
(1.59146 -0.023917 0)
(1.58496 -0.0244581 0)
(1.58909 -0.0254417 0)
(1.59569 -0.0262392 0)
(1.60264 -0.0270411 0)
(1.60986 -0.0279978 0)
(1.61775 -0.0291802 0)
(1.62758 -0.0306714 0)
(1.64019 -0.0322846 0)
(1.64901 -0.0327479 0)
(1.65667 -0.0327139 0)
(1.66387 -0.0327014 0)
(1.67081 -0.0325114 0)
(1.67719 -0.0321831 0)
(1.68209 -0.0316331 0)
(1.6827 -0.0305769 0)
(1.67459 -0.0288688 0)
(1.66737 -0.0283161 0)
(1.67116 -0.0289489 0)
(1.67744 -0.0296325 0)
(1.68408 -0.0303567 0)
(1.69091 -0.0312643 0)
(1.69816 -0.0324186 0)
(1.70651 -0.0339868 0)
(1.7164 -0.0360663 0)
(1.72423 -0.0373309 0)
(1.73133 -0.0376586 0)
(1.73816 -0.0378127 0)
(1.74474 -0.0379009 0)
(1.75079 -0.0378801 0)
(1.75548 -0.0376213 0)
(1.75601 -0.0366536 0)
(1.74784 -0.034476 0)
(1.74092 -0.0330519 0)
(1.74474 -0.0331045 0)
(1.75057 -0.0335252 0)
(1.75676 -0.0339779 0)
(1.76307 -0.0345518 0)
(1.76962 -0.0353162 0)
(1.77682 -0.0363748 0)
(1.7854 -0.0379663 0)
(1.79318 -0.0394618 0)
(1.79979 -0.0399086 0)
(1.80631 -0.0400355 0)
(1.81266 -0.0400806 0)
(1.8187 -0.0400002 0)
(1.82385 -0.0397039 0)
(1.82634 -0.0387624 0)
(1.82137 -0.0363107 0)
(1.81199 -0.0335084 0)
(1.81351 -0.0328011 0)
(1.81908 -0.0330132 0)
(1.82499 -0.0333186 0)
(1.83104 -0.0336999 0)
(1.8372 -0.0342784 0)
(1.84373 -0.0351386 0)
(1.85113 -0.0365241 0)
(1.85844 -0.0382723 0)
(1.86474 -0.0392254 0)
(1.87103 -0.0396625 0)
(1.87716 -0.0400335 0)
(1.88304 -0.0404335 0)
(1.88841 -0.0407136 0)
(1.89234 -0.0405724 0)
(1.89136 -0.0393767 0)
(1.88188 -0.0365735 0)
(1.87763 -0.0349175 0)
(1.88235 -0.0346869 0)
(1.88778 -0.0349948 0)
(1.89352 -0.0354677 0)
(1.89936 -0.0360866 0)
(1.9053 -0.0368532 0)
(1.9115 -0.0379146 0)
(1.91773 -0.0393804 0)
(1.92348 -0.0405607 0)
(1.92914 -0.0412975 0)
(1.9347 -0.041819 0)
(1.94006 -0.0422912 0)
(1.94508 -0.0426685 0)
(1.94942 -0.0427225 0)
(1.9514 -0.0420615 0)
(1.94636 -0.0398997 0)
(1.93802 -0.0369575 0)
(1.94014 -0.0357878 0)
(1.94523 -0.0355648 0)
(1.95047 -0.0357454 0)
(1.95582 -0.0360382 0)
(1.96118 -0.036504 0)
(1.96664 -0.0371828 0)
(1.97231 -0.0382038 0)
(1.97783 -0.0394381 0)
(1.98306 -0.040358 0)
(1.98821 -0.0410396 0)
(1.99322 -0.0416179 0)
(1.99798 -0.0420702 0)
(2.00233 -0.0423531 0)
(2.00584 -0.042249 0)
(2.00624 -0.0413532 0)
(1.99852 -0.0388242 0)
(1.99188 -0.0362011 0)
(1.99555 -0.035149 0)
(1.99996 -0.0351491 0)
(2.00475 -0.0357798 0)
(2.00982 -0.0361542 0)
(2.01461 -0.0368899 0)
(2.01942 -0.0381615 0)
(2.0246 -0.0395042 0)
(2.02964 -0.0409135 0)
(2.03428 -0.0422756 0)
(2.03886 -0.0433134 0)
(2.0436 -0.0439671 0)
(2.04836 -0.0441034 0)
(2.05277 -0.0438054 0)
(2.05625 -0.0431538 0)
(2.05604 -0.0417875 0)
(2.04759 -0.0389572 0)
(2.04377 -0.0365973 0)
(2.04823 -0.0353926 0)
(2.05251 -0.0353015 0)
(2.05682 -0.0360776 0)
(2.06142 -0.03661 0)
(2.0658 -0.0377237 0)
(2.06983 -0.0388925 0)
(2.0742 -0.040682 0)
(2.07896 -0.0416035 0)
(2.08318 -0.042952 0)
(2.08706 -0.0438614 0)
(2.09151 -0.0441539 0)
(2.09605 -0.0444727 0)
(2.10002 -0.0446404 0)
(2.10141 -0.0437393 0)
(2.09635 -0.0413306 0)
(2.08914 -0.0374551 0)
(2.08827 -0.0363347 0)
(2.09344 -0.035037 0)
(2.09747 -0.0348918 0)
(2.10036 -0.0346435 0)
(2.10283 -0.0342394 0)
(2.1056 -0.0340718 0)
(2.10935 -0.0341204 0)
(2.11365 -0.0339446 0)
(2.11706 -0.0327324 0)
(2.12012 -0.0305407 0)
(2.12266 -0.0264137 0)
(2.12475 -0.021076 0)
(2.12617 -0.0138286 0)
(2.11973 -0.00273219 0)
(2.10508 0.0137528 0)
(2.09257 0.0372221 0)
(2.0805 0.0580475 0)
(2.06482 0.0786458 0)
(2.0485 0.10997 0)
(2.0414 0.134413 0)
(2.02451 0.177068 0)
(2.0138 0.219935 0)
(2.01484 0.22697 0)
(2.00029 0.259163 0)
(1.98654 0.309479 0)
(1.98657 0.319663 0)
(1.98889 0.328702 0)
(1.97267 0.359669 0)
(1.96469 0.385775 0)
(1.96253 0.389499 0)
(1.94927 0.40392 0)
(1.94259 0.41867 0)
(1.939 0.42445 0)
(1.92924 0.426868 0)
(1.91975 0.427694 0)
(1.9093 0.424093 0)
(1.89723 0.415457 0)
(1.88738 0.401822 0)
(1.88066 0.386859 0)
(1.87538 0.37767 0)
(1.86954 0.362535 0)
(1.86318 0.336707 0)
(1.861 0.315463 0)
(1.85944 0.293082 0)
(1.84842 0.269842 0)
(1.84097 0.249982 0)
(1.83014 0.226198 0)
(1.81813 0.198295 0)
(1.81261 0.179484 0)
(1.806 0.158333 0)
(1.79641 0.127733 0)
(1.79413 0.103646 0)
(1.79345 0.0856247 0)
(1.79316 0.054531 0)
(1.79853 0.0284773 0)
(1.80533 0.014217 0)
(1.80569 -0.00263123 0)
(1.80058 -0.0164985 0)
(1.79325 -0.0263856 0)
(1.78412 -0.0301931 0)
(1.77448 -0.0370358 0)
(1.76434 -0.045187 0)
(1.75902 -0.0505385 0)
(1.75553 -0.0557174 0)
(1.75421 -0.0565801 0)
(1.75878 -0.0524655 0)
(1.76353 -0.0499121 0)
(1.76211 -0.0504343 0)
(1.76031 -0.0512183 0)
(1.75893 -0.0515598 0)
(1.76054 -0.0537979 0)
(1.7683 -0.0565351 0)
(1.77591 -0.0566456 0)
(1.77812 -0.053203 0)
(1.77871 -0.0470538 0)
(1.77912 -0.0427972 0)
(1.78106 -0.040229 0)
(1.78404 -0.0372047 0)
(1.7865 -0.0353839 0)
(1.78805 -0.0349162 0)
(1.78988 -0.0335245 0)
(1.79306 -0.0317958 0)
(1.79708 -0.029987 0)
(1.80176 -0.0276393 0)
(1.81006 -0.0250447 0)
(1.81784 -0.0239837 0)
(1.82147 -0.0240203 0)
(1.82526 -0.0242534 0)
(1.82803 -0.0241952 0)
(1.82957 -0.0226868 0)
(1.83015 -0.01955 0)
(1.82996 -0.0162227 0)
(1.82779 -0.0131996 0)
(1.82329 -0.00997456 0)
(1.82271 -0.0077726 0)
(1.82531 -0.00712938 0)
(1.82822 -0.00689801 0)
(1.83168 -0.00684506 0)
(1.83689 -0.00724085 0)
(1.84733 -0.00834043 0)
(1.85662 -0.00851191 0)
(1.85985 -0.00761734 0)
(1.86302 -0.00676083 0)
(1.86558 -0.00629745 0)
(1.86712 -0.0062582 0)
(1.86533 -0.00621243 0)
(1.85574 -0.00530919 0)
(1.84614 -0.00408389 0)
(1.84644 -0.00369821 0)
(1.84862 -0.00369234 0)
(1.85092 -0.00389386 0)
(1.85326 -0.00475032 0)
(1.85591 -0.0060689 0)
(1.86089 -0.0076447 0)
(1.8714 -0.00928557 0)
(1.88332 -0.00964468 0)
(1.88686 -0.00934692 0)
(1.88903 -0.00905493 0)
(1.8913 -0.00880526 0)
(1.89331 -0.00822513 0)
(1.89389 -0.00724219 0)
(1.88922 -0.00560836 0)
(1.87754 -0.00328618 0)
(1.8726 -0.00272672 0)
(1.87391 -0.00318103 0)
(1.87576 -0.00384076 0)
(1.87783 -0.00518286 0)
(1.88134 -0.00706667 0)
(1.42087 -0.00570754 0)
(1.4288 -0.00597324 0)
(1.4395 -0.00627526 0)
(1.45695 -0.00658618 0)
(1.47369 -0.00668979 0)
(1.48218 -0.00655036 0)
(1.48941 -0.00642745 0)
(1.49634 -0.00633122 0)
(1.50303 -0.00614918 0)
(1.5084 -0.00595799 0)
(1.50856 -0.00588272 0)
(1.49837 -0.00603416 0)
(1.49 -0.00633085 0)
(1.4941 -0.00661091 0)
(1.50098 -0.00684466 0)
(1.5082 -0.00703729 0)
(1.51558 -0.00728711 0)
(1.52373 -0.00762334 0)
(1.53442 -0.00801463 0)
(1.55113 -0.00841644 0)
(1.56531 -0.00858949 0)
(1.57317 -0.00850381 0)
(1.58045 -0.0084188 0)
(1.58737 -0.00832097 0)
(1.59399 -0.00810509 0)
(1.59928 -0.00786564 0)
(1.59937 -0.00771409 0)
(1.58863 -0.00782472 0)
(1.57974 -0.00815686 0)
(1.58381 -0.00849317 0)
(1.59057 -0.00876955 0)
(1.59771 -0.00900476 0)
(1.60499 -0.00928441 0)
(1.61278 -0.00965442 0)
(1.62223 -0.0100642 0)
(1.63667 -0.0104532 0)
(1.65025 -0.0106289 0)
(1.65808 -0.0105503 0)
(1.6653 -0.0104553 0)
(1.67204 -0.0103932 0)
(1.67853 -0.0101929 0)
(1.68401 -0.00987327 0)
(1.68543 -0.00954603 0)
(1.67603 -0.00936681 0)
(1.66389 -0.00956 0)
(1.6659 -0.00990803 0)
(1.67218 -0.0101994 0)
(1.67897 -0.0104645 0)
(1.68593 -0.0107164 0)
(1.69305 -0.0110345 0)
(1.70093 -0.0114006 0)
(1.71088 -0.0117334 0)
(1.72307 -0.0120015 0)
(1.73122 -0.0121093 0)
(1.73833 -0.0121919 0)
(1.74486 -0.012268 0)
(1.75121 -0.0123451 0)
(1.75692 -0.0123602 0)
(1.76026 -0.0122145 0)
(1.75548 -0.0116413 0)
(1.74231 -0.0109259 0)
(1.74033 -0.0110358 0)
(1.7458 -0.011294 0)
(1.75203 -0.0115308 0)
(1.75852 -0.0117467 0)
(1.76507 -0.0119941 0)
(1.77193 -0.0123006 0)
(1.77974 -0.012621 0)
(1.78994 -0.0129308 0)
(1.79966 -0.0131799 0)
(1.80661 -0.0133308 0)
(1.813 -0.0134558 0)
(1.81903 -0.0135482 0)
(1.82479 -0.0136349 0)
(1.82963 -0.013618 0)
(1.83018 -0.0131406 0)
(1.82 -0.0118355 0)
(1.80999 -0.0112293 0)
(1.81332 -0.0114203 0)
(1.81922 -0.0116103 0)
(1.82551 -0.0117973 0)
(1.83189 -0.0120071 0)
(1.83836 -0.0122718 0)
(1.84518 -0.0125833 0)
(1.85308 -0.0129344 0)
(1.86187 -0.0133761 0)
(1.86869 -0.0137476 0)
(1.87508 -0.0140115 0)
(1.88118 -0.0142624 0)
(1.88703 -0.0146119 0)
(1.89243 -0.0149456 0)
(1.89627 -0.0150269 0)
(1.89412 -0.014102 0)
(1.88257 -0.0123701 0)
(1.87749 -0.0121175 0)
(1.8817 -0.0124151 0)
(1.88716 -0.0127014 0)
(1.8931 -0.0130104 0)
(1.8992 -0.0132832 0)
(1.90528 -0.0135458 0)
(1.91142 -0.0138364 0)
(1.91803 -0.014212 0)
(1.92508 -0.0147636 0)
(1.93108 -0.0152396 0)
(1.93682 -0.0155762 0)
(1.94235 -0.0159544 0)
(1.94767 -0.0164101 0)
(1.95252 -0.0168111 0)
(1.95538 -0.016619 0)
(1.95142 -0.0148172 0)
(1.94029 -0.0129869 0)
(1.93809 -0.0130054 0)
(1.94243 -0.0133214 0)
(1.94759 -0.0135997 0)
(1.95313 -0.0138927 0)
(1.95879 -0.0141815 0)
(1.96443 -0.0144583 0)
(1.97008 -0.0147378 0)
(1.97601 -0.0151523 0)
(1.98194 -0.0157412 0)
(1.98747 -0.0161744 0)
(1.99281 -0.0165315 0)
(1.99801 -0.0168984 0)
(2.00309 -0.0173751 0)
(2.00762 -0.0178817 0)
(2.00937 -0.0175893 0)
(2.00269 -0.015418 0)
(1.99125 -0.0139577 0)
(1.99078 -0.0139966 0)
(1.99493 -0.0143647 0)
(1.99996 -0.0147164 0)
(2.00504 -0.0149352 0)
(2.0103 -0.0152785 0)
(2.01593 -0.0155532 0)
(2.02142 -0.0157249 0)
(2.0269 -0.0160078 0)
(2.03327 -0.0166739 0)
(2.04007 -0.0174947 0)
(2.04577 -0.0180203 0)
(2.05077 -0.0183208 0)
(2.05576 -0.0187304 0)
(2.06027 -0.0193138 0)
(2.06177 -0.0187662 0)
(2.05433 -0.0161819 0)
(2.04213 -0.014876 0)
(2.04028 -0.0152489 0)
(2.04539 -0.0154923 0)
(2.05022 -0.0156102 0)
(2.05487 -0.01571 0)
(2.05971 -0.0159658 0)
(2.06525 -0.0162959 0)
(2.07122 -0.0164542 0)
(2.07673 -0.0166903 0)
(2.08335 -0.0174432 0)
(2.08778 -0.0183263 0)
(2.09386 -0.0187886 0)
(2.09936 -0.019474 0)
(2.10393 -0.0201539 0)
(2.10679 -0.0201712 0)
(2.1037 -0.0179149 0)
(2.09249 -0.0147365 0)
(2.08499 -0.0147032 0)
(2.08846 -0.015345 0)
(2.09294 -0.015419 0)
(2.09676 -0.0152845 0)
(2.10091 -0.0155087 0)
(2.10517 -0.0162681 0)
(2.11034 -0.0172702 0)
(2.11488 -0.0179385 0)
(2.11864 -0.0187118 0)
(2.12266 -0.0192244 0)
(2.12681 -0.0186182 0)
(2.12946 -0.0174605 0)
(2.13275 -0.0164044 0)
(2.13541 -0.0153651 0)
(2.13532 -0.0139688 0)
(2.12561 -0.0111671 0)
(2.11557 -0.00671279 0)
(2.11357 -0.00461544 0)
(2.1114 0.000204793 0)
(2.1081 0.00823774 0)
(2.10419 0.0155931 0)
(2.09765 0.0245362 0)
(2.08384 0.0461203 0)
(2.07344 0.0642737 0)
(2.06382 0.0705709 0)
(2.04361 0.0975573 0)
(2.0298 0.119788 0)
(2.01856 0.129911 0)
(1.99237 0.157673 0)
(1.96911 0.168689 0)
(1.9474 0.173733 0)
(1.91973 0.198922 0)
(1.89726 0.201362 0)
(1.87698 0.199783 0)
(1.86044 0.220189 0)
(1.85433 0.21796 0)
(1.84736 0.220433 0)
(1.84105 0.224955 0)
(1.83596 0.21443 0)
(1.83201 0.216883 0)
(1.83156 0.212304 0)
(1.83289 0.198194 0)
(1.8292 0.199469 0)
(1.82161 0.203541 0)
(1.80903 0.198957 0)
(1.79252 0.191831 0)
(1.77727 0.184923 0)
(1.76419 0.180251 0)
(1.75415 0.172881 0)
(1.74727 0.161815 0)
(1.74371 0.154014 0)
(1.74334 0.144674 0)
(1.74553 0.130071 0)
(1.74829 0.118326 0)
(1.75121 0.108421 0)
(1.75324 0.0968983 0)
(1.75168 0.0875613 0)
(1.74851 0.0798428 0)
(1.74451 0.0726615 0)
(1.74007 0.0636964 0)
(1.73072 0.0508054 0)
(1.72596 0.037361 0)
(1.72961 0.0289045 0)
(1.73411 0.0218391 0)
(1.73946 0.0170845 0)
(1.74444 0.0119274 0)
(1.74569 0.00565114 0)
(1.74155 -0.00124786 0)
(1.74369 -0.0067292 0)
(1.74996 -0.0102839 0)
(1.75874 -0.0140606 0)
(1.76791 -0.0157516 0)
(1.77476 -0.0152517 0)
(1.78203 -0.015056 0)
(1.78916 -0.0153671 0)
(1.79362 -0.0159235 0)
(1.79309 -0.0170953 0)
(1.78921 -0.018077 0)
(1.78386 -0.0175909 0)
(1.7788 -0.0164296 0)
(1.77979 -0.0155485 0)
(1.78416 -0.0154517 0)
(1.78819 -0.0153697 0)
(1.79289 -0.0154465 0)
(1.79992 -0.0158891 0)
(1.80521 -0.0160442 0)
(1.80925 -0.0158477 0)
(1.81254 -0.0153572 0)
(1.81519 -0.0147671 0)
(1.81767 -0.0141317 0)
(1.81939 -0.0134379 0)
(1.81793 -0.0126503 0)
(1.81201 -0.011892 0)
(1.81101 -0.0116536 0)
(1.8135 -0.0117133 0)
(1.81605 -0.011829 0)
(1.81878 -0.0120667 0)
(1.82315 -0.0119747 0)
(1.83286 -0.0110308 0)
(1.84452 -0.00987544 0)
(1.84839 -0.00927253 0)
(1.85203 -0.00870032 0)
(1.85495 -0.00852748 0)
(1.85676 -0.00866229 0)
(1.85533 -0.00905177 0)
(1.84577 -0.0090567 0)
(1.8351 -0.00805547 0)
(1.83517 -0.00715996 0)
(1.83764 -0.00685171 0)
(1.84019 -0.00683257 0)
(1.84279 -0.00705634 0)
(1.84555 -0.00747701 0)
(1.8506 -0.00790631 0)
(1.86167 -0.00799612 0)
(1.87529 -0.00739308 0)
(1.88004 -0.00676652 0)
(1.88227 -0.00653568 0)
(1.88497 -0.00643874 0)
(1.88741 -0.00636089 0)
(1.88889 -0.00623366 0)
(1.88567 -0.00595129 0)
(1.87334 -0.0054651 0)
(1.86548 -0.00522341 0)
(1.86625 -0.00525054 0)
(1.86794 -0.00539748 0)
(1.86985 -0.00562949 0)
(1.87284 -0.0060747 0)
)
;

boundaryField
{
    inlet
    {
        type            fixedValue;
        value           nonuniform 0();
    }
    outlet
    {
        type            inletOutlet;
        inletValue      uniform (2 0 0);
        value           nonuniform List<vector> 
16
(
(2.02636 0.247853 0)
(2.02556 0.263783 0)
(2.03701 0.284634 0)
(2.03441 0.300332 0)
(2.03372 0.315904 0)
(2.03112 0.316719 0)
(1.98342 0.192218 0)
(1.92987 0.0103836 0)
(1.89502 -0.0888423 0)
(1.89849 -0.0551242 0)
(1.90076 -0.0536525 0)
(1.90368 -0.0478328 0)
(1.90631 -0.031902 0)
(1.89351 -0.0198504 0)
(1.88134 -0.00706667 0)
(1.87284 -0.0060747 0)
)
;
    }
    bottom
    {
        type            symmetryPlane;
    }
    top
    {
        type            symmetryPlane;
    }
    obstacle
    {
        type            slip;
    }
    defaultFaces
    {
        type            empty;
    }
    procBoundary3to1
    {
        type            processor;
        value           nonuniform List<vector> 
288
(
(1.66885 -0.328015 0)
(1.67395 -0.331592 0)
(1.67962 -0.335283 0)
(1.68558 -0.339516 0)
(1.69109 -0.343403 0)
(1.69611 -0.346844 0)
(1.70049 -0.349975 0)
(1.70334 -0.352734 0)
(1.70326 -0.355663 0)
(1.70388 -0.359542 0)
(1.70807 -0.36305 0)
(1.71286 -0.366348 0)
(1.71763 -0.370031 0)
(1.72219 -0.373782 0)
(1.72637 -0.377388 0)
(1.72951 -0.380756 0)
(1.72986 -0.383777 0)
(1.72859 -0.386655 0)
(1.73137 -0.389404 0)
(1.73624 -0.391807 0)
(1.74132 -0.394399 0)
(1.74626 -0.397231 0)
(1.751 -0.399973 0)
(1.75553 -0.402627 0)
(1.75954 -0.405313 0)
(1.76193 -0.408209 0)
(1.76052 -0.411634 0)
(1.75861 -0.415167 0)
(1.76202 -0.417716 0)
(1.76692 -0.419527 0)
(1.77206 -0.421348 0)
(1.77714 -0.423218 0)
(1.78201 -0.425103 0)
(1.78663 -0.426955 0)
(1.79081 -0.428815 0)
(1.79407 -0.430696 0)
(1.79504 -0.432959 0)
(1.79191 -0.435561 0)
(1.79015 -0.437592 0)
(1.79382 -0.439213 0)
(1.79854 -0.440457 0)
(1.80356 -0.441834 0)
(1.80873 -0.443384 0)
(1.81393 -0.445123 0)
(1.81887 -0.447006 0)
(1.82306 -0.449144 0)
(1.82476 -0.45145 0)
(1.8225 -0.454766 0)
(1.82261 -0.45869 0)
(1.8272 -0.461204 0)
(1.83244 -0.463388 0)
(1.8376 -0.465099 0)
(1.84247 -0.466461 0)
(1.84696 -0.467436 0)
(1.85124 -0.467499 0)
(1.85445 -0.467771 0)
(1.8569 -0.468848 0)
(1.85547 -0.469952 0)
(1.8493 -0.469652 0)
(1.84833 -0.46799 0)
(1.84856 -0.466239 0)
(1.84875 -0.46329 0)
(1.84896 -0.457645 0)
(1.84783 -0.444601 0)
(1.84497 -0.430599 0)
(1.83688 -0.407445 0)
(1.82289 -0.372506 0)
(1.80805 -0.339755 0)
(1.78342 -0.29841 0)
(1.75797 -0.260827 0)
(1.72979 -0.21772 0)
(1.70022 -0.16005 0)
(1.68454 -0.128619 0)
(1.66709 -0.0907737 0)
(1.64702 -0.0325539 0)
(1.63974 -0.00418989 0)
(1.64054 0.00908788 0)
(1.63091 0.0378429 0)
(1.62017 0.0602694 0)
(1.61372 0.0683486 0)
(1.60636 0.0777709 0)
(1.59755 0.091482 0)
(1.59444 0.0983564 0)
(1.59265 0.102873 0)
(1.59269 0.108197 0)
(1.59378 0.109641 0)
(1.59728 0.111159 0)
(1.60338 0.115589 0)
(1.60639 0.118834 0)
(1.60824 0.119864 0)
(1.6099 0.120053 0)
(1.61052 0.119547 0)
(1.60856 0.119882 0)
(1.60551 0.122017 0)
(1.60718 0.12453 0)
(1.61102 0.125604 0)
(1.61639 0.126008 0)
(1.62398 0.125963 0)
(1.63089 0.126596 0)
(1.63506 0.128106 0)
(1.63819 0.130102 0)
(1.64028 0.132064 0)
(1.63949 0.133283 0)
(1.63357 0.133718 0)
(1.63229 0.134206 0)
(1.63605 0.134673 0)
(1.63997 0.135427 0)
(1.64457 0.136837 0)
(1.65151 0.138566 0)
(1.65827 0.139996 0)
(1.6622 0.140763 0)
(1.66605 0.141493 0)
(1.66945 0.142551 0)
(1.67107 0.14397 0)
(1.66732 0.145104 0)
(1.66204 0.145584 0)
(1.66391 0.145782 0)
(1.66733 0.145983 0)
(1.67125 0.145977 0)
(1.67633 0.146186 0)
(1.68184 0.147304 0)
(1.68579 0.14865 0)
(1.6893 0.149935 0)
(1.69241 0.151215 0)
(1.69508 0.152335 0)
(1.69637 0.152868 0)
(1.69631 0.15261 0)
(1.69861 0.15241 0)
(1.702 0.152425 0)
(1.70483 0.152816 0)
(1.70569 0.154487 0)
(1.70405 0.157395 0)
(1.70376 0.159851 0)
(1.70705 0.161091 0)
(1.71077 0.161931 0)
(1.71459 0.162896 0)
(1.7183 0.163634 0)
(1.722 0.164209 0)
(1.72563 0.164749 0)
(1.72903 0.165242 0)
(1.73113 0.165864 0)
(1.73095 0.166904 0)
(1.7319 0.167886 0)
(1.73478 0.168523 0)
(1.73789 0.169112 0)
(1.74104 0.169829 0)
(1.74418 0.170724 0)
(1.74728 0.171771 0)
(1.75024 0.172918 0)
(1.75267 0.174092 0)
(1.75341 0.175108 0)
(1.75199 0.175508 0)
(1.75326 0.175514 0)
(1.75668 0.175662 0)
(1.76015 0.17586 0)
(1.76357 0.176035 0)
(1.76682 0.176177 0)
(1.76979 0.17635 0)
(1.77197 0.176951 0)
(1.77217 0.178595 0)
(1.76975 0.180431 0)
(1.76981 0.181516 0)
(1.7732 0.182153 0)
(1.77694 0.182631 0)
(1.78088 0.183088 0)
(1.78494 0.183513 0)
(1.78899 0.183804 0)
(1.79291 0.184011 0)
(1.79658 0.184203 0)
(1.79903 0.185164 0)
(1.79864 0.187334 0)
(1.79674 0.189114 0)
(1.79857 0.18974 0)
(1.80177 0.190025 0)
(1.805 0.190239 0)
(1.80825 0.190331 0)
(1.81144 0.19027 0)
(1.81454 0.190123 0)
(1.81752 0.189949 0)
(1.82018 0.189823 0)
(1.82175 0.189792 0)
(1.82046 0.189999 0)
(1.81815 0.190784 0)
(1.81992 0.191756 0)
(1.82317 0.192602 0)
(1.8266 0.193499 0)
(1.8301 0.194634 0)
(1.83381 0.195975 0)
(1.83762 0.197354 0)
(1.84122 0.198581 0)
(1.84457 0.199543 0)
(1.84765 0.200334 0)
(1.84979 0.201034 0)
(1.849 0.201958 0)
(1.84633 0.203317 0)
(1.84846 0.204161 0)
(1.85167 0.204612 0)
(1.85496 0.205026 0)
(1.85864 0.205233 0)
(1.86247 0.204998 0)
(1.86568 0.204772 0)
(1.8688 0.204549 0)
(1.87179 0.204179 0)
(1.87459 0.203741 0)
(1.87665 0.203325 0)
(1.87584 0.203011 0)
(1.87131 0.203105 0)
(1.87027 0.203564 0)
(1.87303 0.204098 0)
(1.87637 0.204709 0)
(1.87986 0.205436 0)
(1.88333 0.206365 0)
(1.88682 0.207568 0)
(1.89032 0.208924 0)
(1.89371 0.210234 0)
(1.89691 0.2114 0)
(1.89942 0.212429 0)
(1.89934 0.213141 0)
(1.89746 0.213591 0)
(1.89968 0.214162 0)
(1.90272 0.214545 0)
(1.90589 0.214943 0)
(1.90965 0.215325 0)
(1.91363 0.215615 0)
(1.91703 0.215838 0)
(1.92017 0.216113 0)
(1.92315 0.216429 0)
(1.92587 0.216756 0)
(1.92742 0.216888 0)
(1.92546 0.216305 0)
(1.92143 0.215182 0)
(1.9216 0.214621 0)
(1.92384 0.214532 0)
(1.92653 0.214633 0)
(1.92937 0.214859 0)
(1.93232 0.2153 0)
(1.9355 0.216077 0)
(1.93883 0.217159 0)
(1.94209 0.218452 0)
(1.94514 0.219883 0)
(1.94776 0.221315 0)
(1.94922 0.222606 0)
(1.94738 0.223534 0)
(1.94399 0.224233 0)
(1.94545 0.224796 0)
(1.9478 0.225062 0)
(1.95014 0.225309 0)
(1.95259 0.225518 0)
(1.95552 0.225669 0)
(1.959 0.225813 0)
(1.96194 0.225952 0)
(1.96486 0.226118 0)
(1.96781 0.226177 0)
(1.97077 0.226001 0)
(1.97327 0.225483 0)
(1.97453 0.224376 0)
(1.97348 0.223034 0)
(1.97099 0.222061 0)
(1.97106 0.222189 0)
(1.97325 0.223108 0)
(1.97604 0.224126 0)
(1.97905 0.225084 0)
(1.98243 0.225978 0)
(1.98617 0.226695 0)
(1.98965 0.227149 0)
(1.99265 0.227648 0)
(1.99524 0.228351 0)
(1.99756 0.229127 0)
(1.99968 0.229856 0)
(2.00125 0.230529 0)
(2.0006 0.231018 0)
(1.99584 0.231121 0)
(1.99437 0.231295 0)
(1.99632 0.231469 0)
(1.99843 0.231626 0)
(2.00097 0.231769 0)
(2.00432 0.231794 0)
(2.01039 0.231203 0)
(2.013 0.230694 0)
(2.01565 0.230347 0)
(2.01819 0.229944 0)
(2.02065 0.229922 0)
(2.02262 0.229835 0)
(2.0227 0.229701 0)
(2.01901 0.229443 0)
(2.01507 0.229736 0)
(2.01645 0.230252 0)
(2.0201 0.230725 0)
)
;
    }
    procBoundary3to2
    {
        type            processor;
        value           nonuniform List<vector> 
16
(
(1.65792 -0.293054 0)
(1.64128 -0.262294 0)
(1.63097 -0.234407 0)
(1.62022 -0.206629 0)
(1.61 -0.18217 0)
(1.59849 -0.158516 0)
(1.58684 -0.134902 0)
(1.5751 -0.114181 0)
(1.57446 -0.0963906 0)
(1.55726 -0.0771868 0)
(1.52685 -0.0677381 0)
(1.49109 -0.0515552 0)
(1.4574 -0.0370313 0)
(1.43483 -0.0249575 0)
(1.41992 -0.0158315 0)
(1.4137 -0.00551466 0)
)
;
    }
}


// ************************************************************************* //
