/*--------------------------------*- C++ -*----------------------------------*\
  =========                 |
  \\      /  F ield         | OpenFOAM: The Open Source CFD Toolbox
   \\    /   O peration     | Website:  https://openfoam.org
    \\  /    A nd           | Version:  7
     \\/     M anipulation  |
\*---------------------------------------------------------------------------*/
FoamFile
{
    version     2.0;
    format      ascii;
    class       volVectorField;
    location    "0.8";
    object      U;
}
// * * * * * * * * * * * * * * * * * * * * * * * * * * * * * * * * * * * * * //

dimensions      [0 1 -1 0 0 0 0];

internalField   nonuniform List<vector> 
16128
(
(1.5 1.86578e-17 0)
(1.5 -1.2071e-16 0)
(1.5 -8.33377e-17 0)
(1.5 -7.26098e-17 0)
(1.5 -8.05065e-17 0)
(1.5 -9.61838e-18 0)
(1.5 4.59336e-18 0)
(1.5 1.13331e-16 0)
(1.5 -1.2898e-16 0)
(1.5 1.13943e-16 0)
(1.5 3.30973e-16 0)
(1.5 2.07031e-16 0)
(1.5 -1.3594e-16 0)
(1.5 -2.9267e-16 0)
(1.5 -3.91613e-16 0)
(1.5 -4.53419e-16 0)
(1.5 -1.64672e-16 0)
(1.5 6.67339e-17 0)
(1.46228 0.000423234 0)
(0.760393 0.00370129 0)
(0.560369 0.00553867 0)
(0.549672 0.00347305 0)
(0.542042 0.00525287 0)
(0.527182 0.00748466 0)
(0.508104 0.00813376 0)
(0.488516 0.00678773 0)
(0.472093 0.00597533 0)
(0.45792 0.00650053 0)
(0.444215 0.00732286 0)
(0.430189 0.00777228 0)
(0.415463 0.00797148 0)
(0.399059 0.00832636 0)
(0.379867 0.00875741 0)
(0.357854 0.00907365 0)
(0.334927 0.00933338 0)
(0.31316 0.00965025 0)
(0.293686 0.0100326 0)
(0.275742 0.0104621 0)
(0.256794 0.0108901 0)
(0.233731 0.0112507 0)
(0.20907 0.0117727 0)
(0.18252 0.0124895 0)
(0.155102 0.0132549 0)
(0.128145 0.0138074 0)
(0.102389 0.0141646 0)
(0.076689 0.0145104 0)
(0.0484115 0.0147143 0)
(0.0155814 0.0148482 0)
(1.5 -1.87204e-16 0)
(1.5 -6.28322e-16 0)
(1.5 -5.83911e-16 0)
(1.5 -1.64768e-16 0)
(1.5 7.88054e-17 0)
(1.5 2.90225e-16 0)
(1.5 1.65638e-16 0)
(1.5 4.06007e-16 0)
(1.5 2.46917e-17 0)
(1.5 4.10028e-16 0)
(1.5 4.86372e-16 0)
(1.5 7.3909e-16 0)
(1.5 -2.80159e-16 0)
(1.5 -4.27042e-16 0)
(1.5 -5.80906e-16 0)
(1.5 -7.29245e-16 0)
(1.5 -1.00475e-16 0)
(1.5 4.18488e-16 0)
(1.46676 0.00248116 0)
(0.766618 0.0166308 0)
(0.561141 0.0195444 0)
(0.546625 0.0125079 0)
(0.537699 0.0151771 0)
(0.523922 0.020543 0)
(0.506066 0.0230772 0)
(0.487018 0.0208769 0)
(0.470008 0.0189247 0)
(0.455373 0.0200054 0)
(0.441747 0.0220805 0)
(0.427878 0.0233507 0)
(0.413113 0.0240463 0)
(0.39644 0.0251578 0)
(0.376875 0.0264753 0)
(0.35453 0.0274586 0)
(0.331448 0.0282448 0)
(0.309579 0.029138 0)
(0.290023 0.0302009 0)
(0.271871 0.0314435 0)
(0.25251 0.0327337 0)
(0.229012 0.0338577 0)
(0.20399 0.0354125 0)
(0.177264 0.0374777 0)
(0.150038 0.0396044 0)
(0.123674 0.0411671 0)
(0.0987991 0.0422795 0)
(0.0741154 0.0434568 0)
(0.0468437 0.0442717 0)
(0.01504 0.0448122 0)
(1.5 -3.46055e-16 0)
(1.5 -9.74386e-16 0)
(1.5 -7.95511e-16 0)
(1.5 -4.11272e-16 0)
(1.5 4.01459e-16 0)
(1.5 5.91121e-16 0)
(1.5 7.19771e-16 0)
(1.5 6.08326e-16 0)
(1.5 3.04742e-16 0)
(1.5 1.89362e-16 0)
(1.5 1.39388e-16 0)
(1.5 5.08299e-16 0)
(1.5 4.29455e-16 0)
(1.5 2.19549e-17 0)
(1.5 -3.33323e-16 0)
(1.5 -4.68856e-16 0)
(1.5 -1.66431e-16 0)
(1.5 2.06703e-17 0)
(1.47555 0.00307934 0)
(0.781581 0.0267977 0)
(0.565673 0.0325016 0)
(0.548252 0.0233959 0)
(0.538249 0.0268283 0)
(0.524828 0.0334591 0)
(0.507759 0.0369501 0)
(0.489149 0.0344668 0)
(0.471737 0.0322475 0)
(0.456635 0.0340014 0)
(0.443023 0.0372093 0)
(0.42923 0.0392795 0)
(0.414418 0.040521 0)
(0.397502 0.0423366 0)
(0.37756 0.0444178 0)
(0.354838 0.0460264 0)
(0.331558 0.047439 0)
(0.309562 0.0490951 0)
(0.2899 0.0510108 0)
(0.271425 0.0531563 0)
(0.251349 0.0553406 0)
(0.227044 0.057198 0)
(0.201097 0.0596492 0)
(0.173569 0.0627874 0)
(0.145871 0.065881 0)
(0.119472 0.0680056 0)
(0.0950107 0.0694271 0)
(0.0711265 0.0711155 0)
(0.0448792 0.0723812 0)
(0.0142821 0.0733083 0)
(1.5 -1.5238e-16 0)
(1.5 -1.25888e-16 0)
(1.5 -2.08325e-16 0)
(1.5 -1.47655e-16 0)
(1.5 3.51973e-16 0)
(1.5 4.98452e-16 0)
(1.5 8.9727e-16 0)
(1.5 1.03422e-15 0)
(1.5 4.73381e-16 0)
(1.5 -9.05083e-17 0)
(1.5 -1.23126e-16 0)
(1.5 2.06248e-16 0)
(1.5 2.31591e-16 0)
(1.5 -2.0612e-16 0)
(1.5 -2.05745e-16 0)
(1.5 -3.76473e-17 0)
(1.5 -3.52469e-16 0)
(1.5 -1.60842e-16 0)
(1.48565 0.00241138 0)
(0.802511 0.0361932 0)
(0.568597 0.0457954 0)
(0.549773 0.0355154 0)
(0.539793 0.0388567 0)
(0.526687 0.0453565 0)
(0.510136 0.0496364 0)
(0.49171 0.0476661 0)
(0.474321 0.0457023 0)
(0.459439 0.0480645 0)
(0.446391 0.0521711 0)
(0.432985 0.0549854 0)
(0.418246 0.05683 0)
(0.401169 0.0593512 0)
(0.380983 0.0621768 0)
(0.358132 0.0644454 0)
(0.334947 0.0665803 0)
(0.313138 0.0691329 0)
(0.293645 0.0720562 0)
(0.275014 0.0752783 0)
(0.25423 0.0785707 0)
(0.229231 0.081383 0)
(0.202362 0.0848822 0)
(0.174021 0.089128 0)
(0.145684 0.0930568 0)
(0.11885 0.0953999 0)
(0.0941729 0.096653 0)
(0.0702805 0.0983855 0)
(0.0441706 0.0997951 0)
(0.0139417 0.100956 0)
(1.5 -1.08408e-18 0)
(1.5 2.58561e-16 0)
(1.5 2.05705e-16 0)
(1.5 3.78716e-16 0)
(1.5 3.66411e-16 0)
(1.5 4.27838e-16 0)
(1.5 6.35843e-16 0)
(1.5 1.13269e-15 0)
(1.5 6.08403e-16 0)
(1.5 -2.45881e-17 0)
(1.5 4.05997e-16 0)
(1.5 4.58441e-16 0)
(1.5 1.26319e-16 0)
(1.5 -5.06781e-16 0)
(1.5 -1.58404e-16 0)
(1.5 1.416e-16 0)
(1.5 -3.41652e-16 0)
(1.5 -2.87347e-16 0)
(1.49473 0.000971459 0)
(0.831065 0.0465901 0)
(0.572085 0.0581378 0)
(0.55224 0.0475497 0)
(0.542274 0.0507887 0)
(0.52834 0.0569863 0)
(0.511509 0.0620375 0)
(0.493252 0.0607682 0)
(0.476528 0.0592561 0)
(0.462435 0.0621687 0)
(0.450047 0.0670364 0)
(0.436898 0.0706487 0)
(0.422087 0.0731404 0)
(0.404802 0.0762662 0)
(0.384475 0.0797389 0)
(0.361761 0.082692 0)
(0.338993 0.0856614 0)
(0.31777 0.0892408 0)
(0.29881 0.0932701 0)
(0.280309 0.097625 0)
(0.25908 0.102105 0)
(0.233745 0.105982 0)
(0.206394 0.110602 0)
(0.177717 0.116009 0)
(0.149103 0.120774 0)
(0.121884 0.123304 0)
(0.0966364 0.124265 0)
(0.0720004 0.125905 0)
(0.0450473 0.1274 0)
(0.0141807 0.128837 0)
(1.5 4.02696e-17 0)
(1.5 1.0484e-16 0)
(1.5 2.51507e-16 0)
(1.5 2.46529e-16 0)
(1.5 1.30232e-16 0)
(1.5 3.85698e-16 0)
(1.5 3.04816e-16 0)
(1.5 6.0457e-16 0)
(1.5 1.23732e-16 0)
(1.5 2.18242e-16 0)
(1.5 3.07044e-16 0)
(1.5 -6.98673e-17 0)
(1.5 -4.44491e-20 0)
(1.5 -1.29819e-16 0)
(1.5 4.58922e-19 0)
(1.5 -5.11666e-17 0)
(1.5 -4.02519e-16 0)
(1.5 -4.02413e-16 0)
(1.49995 5.36978e-05 0)
(0.870083 0.0573152 0)
(0.577388 0.0698543 0)
(0.555387 0.0591104 0)
(0.544842 0.0625857 0)
(0.529616 0.0687066 0)
(0.512671 0.074332 0)
(0.495131 0.0737576 0)
(0.479614 0.0728172 0)
(0.466402 0.0762069 0)
(0.454364 0.0817281 0)
(0.441175 0.0861644 0)
(0.426117 0.0892984 0)
(0.408596 0.0929165 0)
(0.388237 0.0969596 0)
(0.365873 0.100641 0)
(0.343689 0.104556 0)
(0.323283 0.109276 0)
(0.304995 0.114496 0)
(0.286687 0.120021 0)
(0.265111 0.125746 0)
(0.239607 0.130791 0)
(0.211992 0.136626 0)
(0.183243 0.143323 0)
(0.154554 0.149076 0)
(0.12693 0.151979 0)
(0.100812 0.152782 0)
(0.0749211 0.1544 0)
(0.046558 0.15604 0)
(0.0146197 0.157874 0)
(1.5 -4.46142e-17 0)
(1.5 -1.91996e-16 0)
(1.5 5.50684e-17 0)
(1.5 9.31947e-17 0)
(1.5 9.29879e-17 0)
(1.5 4.24883e-16 0)
(1.5 1.01835e-16 0)
(1.5 1.68512e-17 0)
(1.5 3.38087e-16 0)
(1.5 5.67808e-16 0)
(1.5 1.0455e-16 0)
(1.5 -4.04478e-17 0)
(1.5 5.08843e-18 0)
(1.5 3.742e-17 0)
(1.5 -1.6864e-16 0)
(1.5 -4.16055e-16 0)
(1.5 -5.7791e-16 0)
(1.5 -4.22711e-16 0)
(1.5 1.99018e-08 0)
(0.921678 0.0670951 0)
(0.585203 0.0814538 0)
(0.558971 0.0702083 0)
(0.547346 0.0739555 0)
(0.531061 0.0803025 0)
(0.514369 0.0865442 0)
(0.498003 0.0867732 0)
(0.48383 0.0864961 0)
(0.471308 0.0902635 0)
(0.459368 0.0963269 0)
(0.446015 0.101505 0)
(0.430663 0.105223 0)
(0.412876 0.109274 0)
(0.392468 0.113894 0)
(0.370503 0.11839 0)
(0.349023 0.123345 0)
(0.329651 0.129258 0)
(0.312146 0.135675 0)
(0.294016 0.14234 0)
(0.272114 0.149328 0)
(0.246546 0.155625 0)
(0.218863 0.162759 0)
(0.190354 0.170895 0)
(0.161872 0.177886 0)
(0.133865 0.181527 0)
(0.106591 0.182521 0)
(0.0789622 0.184343 0)
(0.0486448 0.186237 0)
(0.0152749 0.18859 0)
(1.5 1.3857e-16 0)
(1.5 2.5741e-16 0)
(1.5 4.84902e-16 0)
(1.5 8.24131e-16 0)
(1.5 8.42492e-16 0)
(1.5 7.09579e-16 0)
(1.5 8.85752e-16 0)
(1.5 7.44484e-16 0)
(1.5 1.06186e-15 0)
(1.5 8.44908e-16 0)
(1.5 6.96559e-17 0)
(1.5 -1.29366e-16 0)
(1.5 -2.11576e-17 0)
(1.5 -3.0603e-16 0)
(1.5 -5.74899e-16 0)
(1.5 -5.33648e-16 0)
(1.5 -4.49477e-16 0)
(1.5 -1.98028e-16 0)
(1.5 6.09055e-14 0)
(0.985604 0.0753163 0)
(0.596528 0.0929158 0)
(0.562377 0.0808509 0)
(0.549585 0.0848386 0)
(0.532864 0.0918166 0)
(0.51691 0.0988558 0)
(0.5022 0.0998554 0)
(0.489237 0.10015 0)
(0.477139 0.104198 0)
(0.465125 0.110733 0)
(0.451541 0.116615 0)
(0.435895 0.120938 0)
(0.417873 0.125436 0)
(0.397476 0.130621 0)
(0.376023 0.13593 0)
(0.355447 0.141969 0)
(0.337291 0.149113 0)
(0.320515 0.156755 0)
(0.302358 0.164546 0)
(0.280059 0.172806 0)
(0.25438 0.180425 0)
(0.226606 0.188982 0)
(0.198379 0.198829 0)
(0.170107 0.207517 0)
(0.141553 0.212448 0)
(0.112831 0.214056 0)
(0.0831585 0.216283 0)
(0.0506792 0.21845 0)
(0.0158849 0.221365 0)
(1.5 2.97923e-16 0)
(1.5 4.45945e-16 0)
(1.5 7.80699e-16 0)
(1.5 8.60557e-16 0)
(1.5 8.67569e-16 0)
(1.5 1.04185e-15 0)
(1.5 1.53734e-15 0)
(1.5 1.38552e-15 0)
(1.5 9.12643e-16 0)
(1.5 6.63933e-16 0)
(1.5 4.93173e-16 0)
(1.5 -2.06408e-17 0)
(1.5 -2.38858e-16 0)
(1.5 -2.19622e-16 0)
(1.5 -4.58703e-16 0)
(1.5 -1.73206e-16 0)
(1.5 2.92664e-16 0)
(1.5 -2.84081e-17 0)
(1.5 -5.76348e-16 0)
(1.06252 0.0810075 0)
(0.612104 0.103978 0)
(0.565205 0.0908466 0)
(0.551539 0.0953044 0)
(0.53543 0.10347 0)
(0.520794 0.111378 0)
(0.507681 0.112907 0)
(0.495548 0.113628 0)
(0.483596 0.11794 0)
(0.471415 0.124955 0)
(0.457654 0.131542 0)
(0.441839 0.136485 0)
(0.423688 0.141413 0)
(0.403398 0.147106 0)
(0.382566 0.15323 0)
(0.363143 0.160459 0)
(0.346329 0.168907 0)
(0.330134 0.177799 0)
(0.3117 0.186682 0)
(0.289057 0.196183 0)
(0.263278 0.205178 0)
(0.235597 0.215257 0)
(0.208076 0.226996 0)
(0.180491 0.237743 0)
(0.15164 0.244502 0)
(0.121346 0.247304 0)
(0.0891746 0.250427 0)
(0.0538349 0.253108 0)
(0.0169945 0.256745 0)
(1.5 -9.13198e-17 0)
(1.5 -1.07683e-16 0)
(1.5 -8.12735e-17 0)
(1.5 3.00608e-17 0)
(1.5 4.07787e-16 0)
(1.5 1.17295e-15 0)
(1.5 1.18562e-15 0)
(1.5 1.05719e-15 0)
(1.5 7.84982e-16 0)
(1.5 6.20148e-16 0)
(1.5 4.75381e-16 0)
(1.5 1.11066e-18 0)
(1.5 -2.72944e-16 0)
(1.5 -1.23861e-16 0)
(1.5 -1.67365e-16 0)
(1.5 -1.52895e-16 0)
(1.5 3.65907e-16 0)
(1.5 1.88338e-16 0)
(1.5 -5.84374e-16 0)
(1.15217 0.0822308 0)
(0.632981 0.114068 0)
(0.567556 0.0997582 0)
(0.553882 0.105601 0)
(0.539218 0.11557 0)
(0.526133 0.124154 0)
(0.514152 0.125842 0)
(0.502457 0.126852 0)
(0.490468 0.131418 0)
(0.478174 0.13895 0)
(0.464377 0.14628 0)
(0.448503 0.151857 0)
(0.430281 0.15716 0)
(0.410284 0.163279 0)
(0.390287 0.170263 0)
(0.372395 0.178809 0)
(0.35692 0.188613 0)
(0.341091 0.198756 0)
(0.322086 0.208708 0)
(0.299386 0.21938 0)
(0.273495 0.229791 0)
(0.246079 0.241523 0)
(0.219322 0.255477 0)
(0.19223 0.26899 0)
(0.162584 0.278519 0)
(0.130164 0.283297 0)
(0.095144 0.287775 0)
(0.0568487 0.291089 0)
(0.0179468 0.295455 0)
(1.5 -3.24515e-16 0)
(1.5 -3.88067e-16 0)
(1.5 -1.5785e-16 0)
(1.5 9.01025e-17 0)
(1.5 4.70038e-16 0)
(1.5 7.76484e-16 0)
(1.5 6.05764e-16 0)
(1.5 7.45473e-16 0)
(1.5 5.41131e-16 0)
(1.5 2.72635e-16 0)
(1.5 1.84423e-16 0)
(1.5 1.90832e-16 0)
(1.5 -4.3815e-17 0)
(1.5 -3.95245e-17 0)
(1.5 2.30815e-17 0)
(1.5 -3.50149e-16 0)
(1.5 -3.69087e-16 0)
(1.5 -1.12025e-17 0)
(1.5 -1.13041e-16 0)
(1.25155 0.0765237 0)
(0.661459 0.122647 0)
(0.569946 0.107733 0)
(0.557372 0.116165 0)
(0.544716 0.128221 0)
(0.532682 0.137116 0)
(0.521308 0.138611 0)
(0.509711 0.139766 0)
(0.497638 0.144571 0)
(0.485437 0.152675 0)
(0.471761 0.16078 0)
(0.455871 0.166945 0)
(0.437615 0.172543 0)
(0.418188 0.179065 0)
(0.399419 0.187064 0)
(0.383381 0.197025 0)
(0.368987 0.208195 0)
(0.353224 0.219535 0)
(0.333638 0.230537 0)
(0.311027 0.242336 0)
(0.285213 0.254265 0)
(0.258445 0.267929 0)
(0.23291 0.284368 0)
(0.207054 0.301021 0)
(0.177493 0.313763 0)
(0.143497 0.321085 0)
(0.105371 0.328012 0)
(0.0627739 0.332977 0)
(0.0203206 0.338696 0)
(1.5 -2.45686e-16 0)
(1.5 -1.7104e-16 0)
(1.5 1.11763e-16 0)
(1.5 4.29363e-16 0)
(1.5 4.5851e-16 0)
(1.5 4.92155e-16 0)
(1.5 3.64186e-16 0)
(1.5 4.80535e-16 0)
(1.5 2.32252e-16 0)
(1.5 -2.02969e-16 0)
(1.5 -3.69586e-16 0)
(1.5 -1.58158e-16 0)
(1.5 -9.1151e-17 0)
(1.5 4.8948e-17 0)
(1.5 -2.75567e-16 0)
(1.5 -6.25753e-16 0)
(1.5 -4.83142e-16 0)
(1.5 -5.08999e-16 0)
(1.5 -3.29372e-16 0)
(1.35289 0.0614392 0)
(0.701344 0.129438 0)
(0.57319 0.115263 0)
(0.562703 0.127493 0)
(0.551814 0.141847 0)
(0.539915 0.150208 0)
(0.52868 0.151154 0)
(0.516993 0.152306 0)
(0.505069 0.157357 0)
(0.493288 0.166065 0)
(0.479818 0.174884 0)
(0.463801 0.181537 0)
(0.445739 0.187412 0)
(0.427172 0.194525 0)
(0.410151 0.20376 0)
(0.396029 0.2151 0)
(0.382322 0.227518 0)
(0.366314 0.239974 0)
(0.346517 0.251979 0)
(0.324088 0.264943 0)
(0.298855 0.278511 0)
(0.273443 0.294272 0)
(0.24945 0.313283 0)
(0.224673 0.333616 0)
(0.194244 0.351053 0)
(0.157013 0.362883 0)
(0.114861 0.373869 0)
(0.0681765 0.381471 0)
(0.0215646 0.388368 0)
(1.5 -1.63047e-16 0)
(1.5 -1.31515e-16 0)
(1.5 -3.50904e-17 0)
(1.5 3.01703e-16 0)
(1.5 6.04202e-16 0)
(1.5 5.85725e-16 0)
(1.5 7.56283e-16 0)
(1.5 7.68259e-16 0)
(1.5 6.13715e-16 0)
(1.5 -4.32281e-17 0)
(1.5 -3.20922e-16 0)
(1.5 -6.44425e-16 0)
(1.5 -4.17013e-16 0)
(1.5 -2.88281e-16 0)
(1.5 -3.29803e-16 0)
(1.5 -2.07881e-16 0)
(1.5 -2.78391e-16 0)
(1.5 -2.2939e-16 0)
(1.5 -5.7203e-16 0)
(1.43907 0.0361037 0)
(0.758283 0.133395 0)
(0.579804 0.123415 0)
(0.569884 0.140599 0)
(0.559258 0.15647 0)
(0.546979 0.163238 0)
(0.535891 0.163178 0)
(0.524305 0.164251 0)
(0.512962 0.169642 0)
(0.50178 0.178972 0)
(0.488362 0.188433 0)
(0.472212 0.195502 0)
(0.454622 0.201799 0)
(0.437336 0.20984 0)
(0.422592 0.220389 0)
(0.410065 0.232943 0)
(0.396705 0.246344 0)
(0.380335 0.259823 0)
(0.360842 0.272776 0)
(0.338714 0.287018 0)
(0.31477 0.302395 0)
(0.29131 0.320557 0)
(0.268904 0.342597 0)
(0.245591 0.367318 0)
(0.216127 0.390231 0)
(0.178633 0.40665 0)
(0.134994 0.422515 0)
(0.0824092 0.436065 0)
(0.0285645 0.447312 0)
(1.5 1.64483e-16 0)
(1.5 1.10767e-16 0)
(1.5 -7.09692e-17 0)
(1.5 1.57102e-16 0)
(1.5 3.70212e-16 0)
(1.5 3.6442e-16 0)
(1.5 4.55011e-16 0)
(1.5 7.75647e-16 0)
(1.5 5.41215e-16 0)
(1.5 2.80437e-16 0)
(1.5 1.23028e-16 0)
(1.5 -4.2472e-16 0)
(1.5 -5.16564e-16 0)
(1.5 -3.72665e-16 0)
(1.5 -1.71882e-16 0)
(1.5 -2.22643e-16 0)
(1.5 -6.20645e-16 0)
(1.5 -5.78203e-16 0)
(1.5 -8.92477e-16 0)
(1.49048 0.00810604 0)
(0.842197 0.137101 0)
(0.591769 0.134295 0)
(0.577259 0.156093 0)
(0.565974 0.171047 0)
(0.554144 0.175283 0)
(0.543527 0.174113 0)
(0.532261 0.175312 0)
(0.521555 0.181271 0)
(0.510704 0.191374 0)
(0.496997 0.201519 0)
(0.480965 0.208983 0)
(0.464294 0.215896 0)
(0.448989 0.225067 0)
(0.43664 0.236776 0)
(0.425216 0.250279 0)
(0.41179 0.264417 0)
(0.395703 0.278741 0)
(0.376494 0.292675 0)
(0.35513 0.308313 0)
(0.333295 0.325858 0)
(0.312441 0.346661 0)
(0.292238 0.371718 0)
(0.271159 0.40041 0)
(0.243284 0.429185 0)
(0.203491 0.45417 0)
(0.153461 0.480768 0)
(0.0953652 0.507478 0)
(0.0286335 0.524081 0)
(1.5 3.56738e-16 0)
(1.5 2.81633e-16 0)
(1.5 1.01716e-16 0)
(1.5 -1.0327e-16 0)
(1.5 2.75197e-17 0)
(1.5 4.15892e-17 0)
(1.5 4.0824e-16 0)
(1.5 4.70347e-16 0)
(1.5 1.45977e-16 0)
(1.5 8.41922e-17 0)
(1.5 1.00498e-16 0)
(1.5 -1.50629e-16 0)
(1.5 -3.67104e-16 0)
(1.5 -5.93176e-17 0)
(1.5 1.10099e-16 0)
(1.5 -1.44103e-16 0)
(1.5 -6.63239e-16 0)
(1.5 -1.04195e-15 0)
(1.5 -9.90633e-16 0)
(1.49997 0.000207177 0)
(0.962809 0.138311 0)
(0.608971 0.147106 0)
(0.583012 0.17237 0)
(0.570828 0.184512 0)
(0.560935 0.18596 0)
(0.551571 0.183906 0)
(0.541064 0.185447 0)
(0.530813 0.192223 0)
(0.519779 0.203478 0)
(0.505706 0.214443 0)
(0.490131 0.222257 0)
(0.475008 0.229852 0)
(0.462289 0.240024 0)
(0.451888 0.252663 0)
(0.441067 0.266837 0)
(0.427646 0.281585 0)
(0.41215 0.296565 0)
(0.393381 0.311577 0)
(0.373482 0.328752 0)
(0.354635 0.348639 0)
(0.336964 0.372021 0)
(0.319322 0.400029 0)
(0.300308 0.433285 0)
(0.275123 0.470308 0)
(0.239422 0.507504 0)
(0.193844 0.543317 0)
(0.139273 0.582705 0)
(0.0547348 0.618528 0)
(1.5 -4.46585e-17 0)
(1.5 3.9562e-17 0)
(1.5 -1.41303e-16 0)
(1.5 -4.01144e-16 0)
(1.5 -1.33763e-16 0)
(1.5 1.02135e-16 0)
(1.5 3.29121e-16 0)
(1.5 5.29479e-16 0)
(1.5 1.74387e-16 0)
(1.5 5.30845e-16 0)
(1.5 5.05761e-16 0)
(1.5 3.16548e-16 0)
(1.5 1.14234e-16 0)
(1.5 8.02924e-17 0)
(1.5 2.53693e-16 0)
(1.5 1.02722e-16 0)
(1.5 -3.9805e-16 0)
(1.5 -9.10475e-16 0)
(1.5 -1.25985e-15 0)
(1.5 2.32195e-07 0)
(1.10938 0.128106 0)
(0.635245 0.160486 0)
(0.587815 0.188082 0)
(0.576342 0.194949 0)
(0.569058 0.193918 0)
(0.560498 0.191839 0)
(0.550817 0.194231 0)
(0.540663 0.202591 0)
(0.528864 0.215754 0)
(0.514472 0.22755 0)
(0.499972 0.235527 0)
(0.487005 0.243718 0)
(0.47698 0.254494 0)
(0.468 0.267748 0)
(0.457329 0.282405 0)
(0.444622 0.297562 0)
(0.429443 0.31312 0)
(0.411631 0.32935 0)
(0.394042 0.348121 0)
(0.378748 0.370225 0)
(0.364644 0.396196 0)
(0.350109 0.427349 0)
(0.334605 0.464878 0)
(0.316207 0.507647 0)
(0.289095 0.552324 0)
(0.246198 0.60964 0)
(0.170538 0.696433 0)
(0.0944527 0.798139 0)
(1.5 3.84644e-17 0)
(1.5 1.29117e-16 0)
(1.5 -2.69799e-16 0)
(1.5 -4.50938e-16 0)
(1.5 -8.37509e-17 0)
(1.5 1.5887e-16 0)
(1.5 -4.16545e-18 0)
(1.5 1.60635e-16 0)
(1.5 4.26507e-16 0)
(1.5 7.55244e-16 0)
(1.5 7.96671e-16 0)
(1.5 7.5898e-16 0)
(1.5 6.40692e-16 0)
(1.5 2.78347e-16 0)
(1.5 1.35365e-16 0)
(1.5 1.94235e-16 0)
(1.5 1.29571e-17 0)
(1.5 -4.34308e-16 0)
(1.5 -9.07795e-16 0)
(1.5 1.03702e-11 0)
(1.26488 0.104115 0)
(0.676744 0.174222 0)
(0.593398 0.201034 0)
(0.584213 0.200657 0)
(0.578297 0.198717 0)
(0.569852 0.197708 0)
(0.560938 0.202263 0)
(0.550182 0.21368 0)
(0.537173 0.229023 0)
(0.523162 0.240964 0)
(0.510685 0.248711 0)
(0.500666 0.257058 0)
(0.492824 0.268018 0)
(0.484692 0.28161 0)
(0.474272 0.296787 0)
(0.462124 0.312385 0)
(0.44723 0.328555 0)
(0.431102 0.34614 0)
(0.416612 0.36646 0)
(0.40518 0.390438 0)
(0.395129 0.418642 0)
(0.384787 0.4523 0)
(0.373633 0.492481 0)
(0.362059 0.540352 0)
(0.342567 0.599315 0)
(0.322625 0.693539 0)
(0.3124 0.817313 0)
(0.396267 1.01846 0)
(1.5 4.12694e-17 0)
(1.5 2.15568e-16 0)
(1.5 3.8627e-17 0)
(1.5 -2.73034e-16 0)
(1.5 -1.68115e-16 0)
(1.5 5.879e-17 0)
(1.5 -1.16507e-16 0)
(1.5 -2.01331e-17 0)
(1.5 2.48868e-16 0)
(1.5 5.65371e-16 0)
(1.5 9.14426e-16 0)
(1.5 8.65887e-16 0)
(1.5 1.02465e-15 0)
(1.5 4.57205e-16 0)
(1.5 7.12087e-17 0)
(1.5 2.40935e-17 0)
(1.5 1.61932e-16 0)
(1.5 -5.5588e-17 0)
(1.5 -3.98813e-16 0)
(1.5 7.34228e-17 0)
(1.40289 0.0645167 0)
(0.742556 0.181784 0)
(0.602997 0.207889 0)
(0.59352 0.202398 0)
(0.588152 0.201719 0)
(0.579469 0.203742 0)
(0.569952 0.212386 0)
(0.557582 0.227117 0)
(0.544676 0.243051 0)
(0.53299 0.253711 0)
(0.523462 0.260819 0)
(0.516103 0.269104 0)
(0.509416 0.280301 0)
(0.501301 0.294433 0)
(0.49143 0.310172 0)
(0.479446 0.326301 0)
(0.465393 0.343022 0)
(0.45198 0.361739 0)
(0.441182 0.383289 0)
(0.433729 0.408643 0)
(0.427973 0.438473 0)
(0.422559 0.473955 0)
(0.416609 0.516216 0)
(0.412759 0.569102 0)
(0.411391 0.639729 0)
(0.420692 0.738913 0)
(0.482213 0.854701 0)
(0.712451 1.00606 0)
(1.5 -2.35499e-16 0)
(1.5 -3.41177e-16 0)
(1.5 -1.1748e-16 0)
(1.5 -1.56794e-16 0)
(1.5 -2.89142e-16 0)
(1.5 -2.09732e-16 0)
(1.5 1.8562e-16 0)
(1.5 1.24306e-16 0)
(1.5 2.04121e-16 0)
(1.5 2.93902e-16 0)
(1.5 8.73968e-16 0)
(1.5 6.47662e-16 0)
(1.5 5.04743e-16 0)
(1.5 3.31187e-16 0)
(1.5 5.86551e-17 0)
(1.5 1.82494e-16 0)
(1.5 -1.09727e-16 0)
(1.5 -1.58334e-16 0)
(1.5 -1.92278e-16 0)
(1.5 -3.36447e-16 0)
(1.48581 0.0167495 0)
(0.848269 0.182807 0)
(0.619165 0.214089 0)
(0.603276 0.205045 0)
(0.598569 0.207256 0)
(0.588556 0.213513 0)
(0.577143 0.225832 0)
(0.564741 0.241503 0)
(0.554194 0.255716 0)
(0.545426 0.264689 0)
(0.538409 0.27154 0)
(0.532385 0.27997 0)
(0.525759 0.291497 0)
(0.517589 0.306262 0)
(0.507954 0.322641 0)
(0.49637 0.339225 0)
(0.484237 0.356385 0)
(0.474409 0.375861 0)
(0.467405 0.398305 0)
(0.463882 0.424752 0)
(0.462134 0.455784 0)
(0.461755 0.492042 0)
(0.462025 0.534819 0)
(0.466917 0.588319 0)
(0.483405 0.659026 0)
(0.521001 0.749515 0)
(0.63054 0.852965 0)
(0.87366 0.94935 0)
(1.5 1.27561e-17 0)
(1.5 -3.63081e-16 0)
(1.5 -2.40036e-16 0)
(1.5 1.17402e-16 0)
(1.5 -2.0232e-16 0)
(1.5 1.2553e-16 0)
(1.5 4.26868e-16 0)
(1.5 6.83337e-17 0)
(1.5 3.60939e-16 0)
(1.5 2.08978e-16 0)
(1.5 2.46999e-16 0)
(1.5 5.35197e-16 0)
(1.5 1.80316e-16 0)
(1.5 1.81412e-16 0)
(1.5 -6.87331e-17 0)
(1.5 -6.87594e-17 0)
(1.5 -4.60929e-16 0)
(1.5 -3.53533e-16 0)
(1.5 3.63988e-17 0)
(1.5 2.06409e-17 0)
(1.49998 0.000679273 0)
(1.01201 0.176919 0)
(0.644544 0.223934 0)
(0.613041 0.211425 0)
(0.60765 0.217951 0)
(0.595305 0.227635 0)
(0.583992 0.240487 0)
(0.573919 0.25444 0)
(0.566243 0.266543 0)
(0.559939 0.27466 0)
(0.55424 0.281327 0)
(0.548241 0.289809 0)
(0.541064 0.301812 0)
(0.532707 0.317423 0)
(0.523356 0.334394 0)
(0.51333 0.351012 0)
(0.504278 0.368291 0)
(0.498351 0.388105 0)
(0.494897 0.411258 0)
(0.494911 0.438624 0)
(0.496522 0.470027 0)
(0.501503 0.505904 0)
(0.507324 0.547513 0)
(0.521794 0.598293 0)
(0.550281 0.663858 0)
(0.610736 0.743998 0)
(0.739145 0.826696 0)
(0.953473 0.884001 0)
(1.5 7.12224e-17 0)
(1.5 1.22701e-17 0)
(1.5 3.77912e-17 0)
(1.5 4.13822e-16 0)
(1.5 1.85716e-16 0)
(1.5 2.99832e-16 0)
(1.5 -1.49939e-16 0)
(1.5 -7.95351e-17 0)
(1.5 2.04402e-16 0)
(1.5 2.78129e-16 0)
(1.5 2.2032e-16 0)
(1.5 4.34227e-16 0)
(1.5 3.13464e-16 0)
(1.5 6.10756e-17 0)
(1.5 1.53858e-16 0)
(1.5 -4.73296e-16 0)
(1.5 -3.65346e-16 0)
(1.5 -1.21921e-16 0)
(1.5 -2.31729e-16 0)
(1.5 -2.37249e-16 0)
(1.5 2.26439e-06 0)
(1.21365 0.145064 0)
(0.686621 0.232954 0)
(0.619287 0.221742 0)
(0.612921 0.231626 0)
(0.60275 0.242032 0)
(0.592909 0.253411 0)
(0.585328 0.265557 0)
(0.580209 0.276139 0)
(0.575225 0.283415 0)
(0.569548 0.289829 0)
(0.562753 0.298889 0)
(0.554697 0.311929 0)
(0.546452 0.32811 0)
(0.538718 0.344777 0)
(0.531514 0.361009 0)
(0.52588 0.37833 0)
(0.523308 0.398575 0)
(0.522832 0.422498 0)
(0.525807 0.450311 0)
(0.530714 0.481324 0)
(0.540072 0.515936 0)
(0.550851 0.554767 0)
(0.573851 0.600457 0)
(0.610706 0.658728 0)
(0.683794 0.726864 0)
(0.809991 0.786206 0)
(0.988623 0.822576 0)
(1.5 -1.01723e-16 0)
(1.5 -3.86644e-20 0)
(1.5 -1.17633e-16 0)
(1.5 -2.61835e-17 0)
(1.5 -2.43284e-17 0)
(1.5 -1.36788e-16 0)
(1.5 -1.6742e-16 0)
(1.5 -1.61472e-17 0)
(1.5 6.05691e-17 0)
(1.5 -4.51763e-18 0)
(1.5 1.90908e-16 0)
(1.5 -9.87879e-17 0)
(1.5 -1.64523e-16 0)
(1.5 5.3108e-17 0)
(1.5 -3.38871e-17 0)
(1.5 -5.7326e-16 0)
(1.5 -6.12755e-16 0)
(1.5 -5.71441e-16 0)
(1.5 -6.98658e-16 0)
(1.5 -8.17825e-16 0)
(1.5 5.29819e-10 0)
(1.39508 0.0828893 0)
(0.756691 0.234242 0)
(0.625863 0.232169 0)
(0.619826 0.242018 0)
(0.613776 0.253173 0)
(0.604498 0.264298 0)
(0.598654 0.275328 0)
(0.594496 0.284209 0)
(0.589567 0.290556 0)
(0.583078 0.297597 0)
(0.575352 0.30795 0)
(0.567123 0.321779 0)
(0.560459 0.337705 0)
(0.555333 0.35357 0)
(0.551255 0.369495 0)
(0.548429 0.387006 0)
(0.548546 0.407725 0)
(0.550435 0.43203 0)
(0.556316 0.459625 0)
(0.563811 0.489641 0)
(0.576183 0.521901 0)
(0.591754 0.557217 0)
(0.620993 0.59675 0)
(0.663737 0.64691 0)
(0.740695 0.704242 0)
(0.85653 0.746959 0)
(1.00402 0.769047 0)
(1.5 -1.41818e-16 0)
(1.5 6.8396e-17 0)
(1.5 8.98983e-17 0)
(1.5 1.58022e-16 0)
(1.5 1.84043e-16 0)
(1.5 2.13334e-17 0)
(1.5 -7.73308e-17 0)
(1.5 -2.84192e-16 0)
(1.5 -1.91416e-16 0)
(1.5 -5.76298e-17 0)
(1.5 3.04363e-16 0)
(1.5 1.55154e-17 0)
(1.5 -5.99841e-17 0)
(1.5 7.40651e-17 0)
(1.5 -5.48912e-16 0)
(1.5 -8.30561e-16 0)
(1.5 -9.834e-16 0)
(1.5 -1.13591e-15 0)
(1.5 -1.04582e-15 0)
(1.5 -9.54015e-16 0)
(1.5 1.73699e-14 0)
(1.49359 0.0162487 0)
(0.88793 0.226558 0)
(0.642648 0.234938 0)
(0.628556 0.247406 0)
(0.625937 0.262438 0)
(0.617455 0.274965 0)
(0.612423 0.283979 0)
(0.60766 0.289953 0)
(0.602171 0.296021 0)
(0.595197 0.304408 0)
(0.5878 0.315943 0)
(0.580889 0.33003 0)
(0.576458 0.345734 0)
(0.573577 0.361419 0)
(0.571781 0.377425 0)
(0.571062 0.39509 0)
(0.573441 0.415853 0)
(0.577517 0.43999 0)
(0.58572 0.466892 0)
(0.595126 0.49505 0)
(0.609575 0.524181 0)
(0.629442 0.5559 0)
(0.662678 0.589775 0)
(0.70909 0.631456 0)
(0.784243 0.678963 0)
(0.88874 0.71039 0)
(1.01139 0.725431 0)
(1.5 1.27135e-16 0)
(1.5 3.72981e-16 0)
(1.5 3.86227e-16 0)
(1.5 5.99455e-16 0)
(1.5 7.66388e-16 0)
(1.5 3.68523e-16 0)
(1.5 -1.95175e-16 0)
(1.5 -4.97734e-16 0)
(1.5 -1.36386e-16 0)
(1.5 2.77559e-16 0)
(1.5 3.80461e-16 0)
(1.5 1.81663e-16 0)
(1.5 -2.95946e-16 0)
(1.5 -4.28109e-16 0)
(1.5 -7.78621e-16 0)
(1.5 -1.17612e-15 0)
(1.5 -5.58569e-16 0)
(1.5 -8.41674e-16 0)
(1.5 -1.02664e-15 0)
(1.5 -1.2924e-15 0)
(1.5 -1.72663e-15 0)
(1.50006 0.000482543 0)
(1.1043 0.193902 0)
(0.678031 0.244431 0)
(0.631576 0.255757 0)
(0.633578 0.272649 0)
(0.629242 0.285587 0)
(0.624469 0.291486 0)
(0.61896 0.295543 0)
(0.612883 0.301858 0)
(0.606757 0.311018 0)
(0.601522 0.323184 0)
(0.596813 0.33775 0)
(0.594138 0.353784 0)
(0.592486 0.369457 0)
(0.592216 0.385191 0)
(0.59352 0.402457 0)
(0.597935 0.422743 0)
(0.60399 0.446242 0)
(0.613428 0.471788 0)
(0.624109 0.49748 0)
(0.640527 0.523446 0)
(0.663604 0.551833 0)
(0.699029 0.581478 0)
(0.747229 0.615233 0)
(0.817847 0.653274 0)
(0.910541 0.677279 0)
(1.01455 0.688988 0)
(1.5 -6.45951e-17 0)
(1.5 5.10384e-17 0)
(1.5 1.32872e-16 0)
(1.5 3.8166e-16 0)
(1.5 5.88065e-16 0)
(1.5 2.91419e-16 0)
(1.5 -2.03502e-17 0)
(1.5 -1.46922e-16 0)
(1.5 -7.92646e-18 0)
(1.5 1.31072e-16 0)
(1.5 -4.69861e-17 0)
(1.5 -1.68224e-16 0)
(1.5 -4.01114e-16 0)
(1.5 -8.37582e-16 0)
(1.5 -7.33357e-16 0)
(1.5 -8.30911e-16 0)
(1.5 -9.34296e-16 0)
(1.5 -7.77347e-16 0)
(1.5 -8.09902e-16 0)
(1.5 -1.29786e-15 0)
(1.5 -2.01068e-15 0)
(1.5 1.7572e-06 0)
(1.33374 0.122057 0)
(0.740817 0.252337 0)
(0.637657 0.263218 0)
(0.642407 0.279704 0)
(0.640808 0.292789 0)
(0.635427 0.298723 0)
(0.629487 0.302272 0)
(0.62408 0.307887 0)
(0.620159 0.316704 0)
(0.617431 0.329624 0)
(0.614399 0.345674 0)
(0.612136 0.362346 0)
(0.610981 0.37764 0)
(0.612431 0.392548 0)
(0.615874 0.409048 0)
(0.622053 0.428596 0)
(0.629448 0.450884 0)
(0.638984 0.474232 0)
(0.650735 0.497358 0)
(0.669084 0.520468 0)
(0.694226 0.545899 0)
(0.730471 0.572319 0)
(0.778793 0.600109 0)
(0.844806 0.629866 0)
(0.926853 0.648827 0)
(1.01579 0.658659 0)
(1.5 -5.94961e-17 0)
(1.5 -1.73996e-16 0)
(1.5 1.95854e-16 0)
(1.5 1.97527e-16 0)
(1.5 1.50938e-16 0)
(1.5 1.09485e-16 0)
(1.5 2.8649e-17 0)
(1.5 -1.58382e-16 0)
(1.5 -1.36837e-16 0)
(1.5 -1.47015e-16 0)
(1.5 -5.32787e-16 0)
(1.5 -5.00157e-16 0)
(1.5 -1.32528e-16 0)
(1.5 -4.89046e-16 0)
(1.5 -3.12668e-16 0)
(1.5 -2.78137e-16 0)
(1.5 -9.23011e-16 0)
(1.5 -7.29336e-16 0)
(1.5 -6.86299e-16 0)
(1.5 -7.10113e-16 0)
(1.5 -1.05593e-15 0)
(1.5 4.78296e-10 0)
(1.47613 0.0346415 0)
(0.857354 0.250038 0)
(0.652717 0.263702 0)
(0.652762 0.282757 0)
(0.652483 0.298171 0)
(0.647245 0.305561 0)
(0.641715 0.308682 0)
(0.637213 0.314291 0)
(0.634367 0.324021 0)
(0.632548 0.338597 0)
(0.630554 0.355603 0)
(0.629009 0.371469 0)
(0.62927 0.385306 0)
(0.632594 0.398937 0)
(0.637968 0.414583 0)
(0.645296 0.433161 0)
(0.653056 0.453579 0)
(0.662332 0.474479 0)
(0.675328 0.495445 0)
(0.695194 0.516243 0)
(0.721662 0.539167 0)
(0.757955 0.56267 0)
(0.805182 0.586765 0)
(0.867244 0.609773 0)
(0.939514 0.624724 0)
(1.01589 0.633064 0)
(1.5 -9.47685e-17 0)
(1.5 -6.25443e-17 0)
(1.5 4.69551e-17 0)
(1.5 -5.37551e-17 0)
(1.5 -2.46221e-16 0)
(1.5 -3.51053e-16 0)
(1.5 -5.4842e-16 0)
(1.5 -4.68506e-16 0)
(1.5 -5.3168e-16 0)
(1.5 -3.28711e-16 0)
(1.5 -3.32754e-16 0)
(1.5 -1.1662e-16 0)
(1.5 -1.78436e-16 0)
(1.5 -5.69935e-16 0)
(1.5 -7.59615e-16 0)
(1.5 -3.57437e-16 0)
(1.5 -5.37958e-16 0)
(1.5 -6.60525e-16 0)
(1.5 -2.84656e-16 0)
(1.5 -2.69883e-16 0)
(1.5 -6.65127e-16 0)
(1.5 1.75617e-14 0)
(1.4999 0.0019933 0)
(1.07884 0.222363 0)
(0.690728 0.270803 0)
(0.658384 0.287878 0)
(0.662002 0.303992 0)
(0.65874 0.313928 0)
(0.653124 0.318376 0)
(0.648869 0.324619 0)
(0.64685 0.334361 0)
(0.646355 0.348033 0)
(0.646169 0.363435 0)
(0.645803 0.377854 0)
(0.647587 0.390935 0)
(0.652328 0.4041 0)
(0.658962 0.419129 0)
(0.666668 0.436193 0)
(0.674259 0.454183 0)
(0.683784 0.472923 0)
(0.698036 0.492087 0)
(0.718805 0.511165 0)
(0.746137 0.532072 0)
(0.782411 0.553098 0)
(0.828324 0.574975 0)
(0.886408 0.593011 0)
(0.949588 0.605004 0)
(1.01576 0.611967 0)
(1.5 -7.67313e-17 0)
(1.5 5.75753e-17 0)
(1.5 1.41899e-16 0)
(1.5 3.01698e-17 0)
(1.5 -3.60132e-16 0)
(1.5 -2.58458e-16 0)
(1.5 -8.36303e-17 0)
(1.5 4.76599e-17 0)
(1.5 -2.99279e-16 0)
(1.5 -6.45617e-16 0)
(1.5 -5.95841e-16 0)
(1.5 -1.74261e-16 0)
(1.5 -4.18986e-16 0)
(1.5 -5.3141e-16 0)
(1.5 -7.84881e-16 0)
(1.5 -8.21653e-16 0)
(1.5 -7.22249e-16 0)
(1.5 -7.87436e-16 0)
(1.5 -8.25099e-16 0)
(1.5 -7.76201e-16 0)
(1.5 -3.13962e-16 0)
(1.5 -5.76701e-16 0)
(1.5 1.52058e-05 0)
(1.33805 0.134241 0)
(0.764752 0.27838 0)
(0.662458 0.291086 0)
(0.66733 0.309754 0)
(0.668937 0.323493 0)
(0.665453 0.329192 0)
(0.662327 0.33426 0)
(0.660794 0.342169 0)
(0.660718 0.353693 0)
(0.661147 0.36765 0)
(0.661716 0.381981 0)
(0.664835 0.395365 0)
(0.670774 0.408292 0)
(0.678143 0.422174 0)
(0.685717 0.437186 0)
(0.693403 0.453184 0)
(0.703877 0.470456 0)
(0.71934 0.488388 0)
(0.740711 0.506599 0)
(0.768642 0.525952 0)
(0.80485 0.545276 0)
(0.849416 0.564261 0)
(0.9018 0.578231 0)
(0.95661 0.587946 0)
(1.0149 0.593298 0)
(1.5 4.05867e-17 0)
(1.5 5.65853e-18 0)
(1.5 1.69216e-17 0)
(1.5 4.07737e-17 0)
(1.5 -4.28765e-18 0)
(1.5 -1.29129e-16 0)
(1.5 4.0015e-16 0)
(1.5 4.37664e-16 0)
(1.5 -5.86966e-17 0)
(1.5 -5.86716e-16 0)
(1.5 -9.2534e-16 0)
(1.5 -6.74505e-16 0)
(1.5 -6.46076e-16 0)
(1.5 -4.06622e-16 0)
(1.5 -3.89892e-16 0)
(1.5 -1.02957e-15 0)
(1.5 -1.01907e-15 0)
(1.5 -1.20884e-15 0)
(1.5 -1.50695e-15 0)
(1.5 -1.12088e-15 0)
(1.5 -4.21634e-16 0)
(1.5 -6.06914e-16 0)
(1.5 1.20632e-08 0)
(1.48672 0.0308436 0)
(0.898921 0.269047 0)
(0.676495 0.288519 0)
(0.676353 0.311793 0)
(0.681789 0.327769 0)
(0.68014 0.336455 0)
(0.677105 0.341384 0)
(0.674973 0.3479 0)
(0.674499 0.357327 0)
(0.674966 0.369882 0)
(0.676474 0.384495 0)
(0.680841 0.398572 0)
(0.687826 0.411184 0)
(0.695447 0.423581 0)
(0.70286 0.436707 0)
(0.711119 0.451355 0)
(0.722923 0.467574 0)
(0.739536 0.484813 0)
(0.761497 0.502775 0)
(0.789761 0.520677 0)
(0.825488 0.538665 0)
(0.868046 0.554112 0)
(0.914167 0.565229 0)
(0.962714 0.573291 0)
(1.01509 0.577109 0)
(1.5 3.60008e-17 0)
(1.5 -1.69673e-16 0)
(1.5 -2.51269e-16 0)
(1.5 -2.79584e-16 0)
(1.5 -1.62771e-16 0)
(1.5 -4.62838e-16 0)
(1.5 -6.25941e-17 0)
(1.5 -5.83395e-17 0)
(1.5 -5.92654e-16 0)
(1.5 -4.55715e-16 0)
(1.5 -6.83541e-16 0)
(1.5 -7.66042e-16 0)
(1.5 -7.79112e-16 0)
(1.5 -7.69301e-16 0)
(1.5 -4.43897e-16 0)
(1.5 -6.24978e-16 0)
(1.5 -7.83063e-16 0)
(1.5 -1.11894e-15 0)
(1.5 -7.33896e-16 0)
(1.5 -6.64507e-16 0)
(1.5 -5.03367e-16 0)
(1.5 -6.4357e-16 0)
(1.5 7.84592e-13 0)
(1.50001 0.00144441 0)
(1.15512 0.221708 0)
(0.720862 0.294961 0)
(0.683985 0.316386 0)
(0.690606 0.333967 0)
(0.691178 0.345027 0)
(0.689334 0.349483 0)
(0.688158 0.35359 0)
(0.687796 0.360495 0)
(0.688304 0.371406 0)
(0.690682 0.385893 0)
(0.695977 0.400994 0)
(0.703617 0.414002 0)
(0.711445 0.425445 0)
(0.719185 0.43727 0)
(0.728383 0.450897 0)
(0.741504 0.466191 0)
(0.759086 0.483063 0)
(0.781606 0.500843 0)
(0.809797 0.51705 0)
(0.844227 0.532633 0)
(0.882979 0.544041 0)
(0.923713 0.553043 0)
(0.967862 0.55962 0)
(1.01539 0.562182 0)
(1.5 1.30551e-16 0)
(1.5 5.77331e-17 0)
(1.5 -2.4275e-16 0)
(1.5 -5.52258e-16 0)
(1.5 -6.10206e-16 0)
(1.5 -3.9839e-16 0)
(1.5 -2.21275e-16 0)
(1.5 -5.21009e-17 0)
(1.5 -2.80838e-16 0)
(1.5 -6.96579e-16 0)
(1.5 -4.11021e-16 0)
(1.5 -5.60243e-16 0)
(1.5 -8.01459e-16 0)
(1.5 -5.80524e-16 0)
(1.5 -4.37041e-16 0)
(1.5 -2.24413e-16 0)
(1.5 -2.81568e-16 0)
(1.5 -7.46035e-16 0)
(1.5 -4.11275e-16 0)
(1.5 -4.6009e-17 0)
(1.5 -2.24891e-16 0)
(1.5 -4.43951e-16 0)
(1.5 -8.3752e-17 0)
(1.5 1.10028e-05 0)
(1.40855 0.0996261 0)
(0.821701 0.297694 0)
(0.691322 0.319003 0)
(0.697073 0.336689 0)
(0.702723 0.348717 0)
(0.70265 0.352866 0)
(0.702345 0.356335 0)
(0.701684 0.362993 0)
(0.701724 0.373727 0)
(0.704751 0.388019 0)
(0.710574 0.403598 0)
(0.718524 0.416787 0)
(0.726865 0.427405 0)
(0.735474 0.438242 0)
(0.74567 0.450975 0)
(0.75965 0.465346 0)
(0.777624 0.481649 0)
(0.800114 0.498704 0)
(0.827622 0.513383 0)
(0.859746 0.525767 0)
(0.894335 0.534283 0)
(0.931869 0.541702 0)
(0.972687 0.546782 0)
(1.01581 0.547994 0)
(1.5 -2.95525e-17 0)
(1.5 -9.26001e-17 0)
(1.5 -3.02724e-16 0)
(1.5 -2.41464e-16 0)
(1.5 -2.84837e-17 0)
(1.5 1.50303e-16 0)
(1.5 -1.74097e-16 0)
(1.5 -4.13123e-16 0)
(1.5 -1.80876e-16 0)
(1.5 -3.58991e-16 0)
(1.5 -2.35838e-16 0)
(1.5 -2.36091e-16 0)
(1.5 -1.87654e-16 0)
(1.5 -1.57867e-16 0)
(1.5 -2.17322e-16 0)
(1.5 -6.66668e-17 0)
(1.5 -1.39963e-16 0)
(1.5 -5.36472e-16 0)
(1.5 -5.79991e-16 0)
(1.5 6.53563e-17 0)
(1.5 6.41542e-17 0)
(1.5 3.07105e-16 0)
(1.5 4.09157e-16 0)
(1.5 8.79278e-09 0)
(1.49697 0.01337 0)
(1.0218 0.270668 0)
(0.71493 0.312703 0)
(0.704667 0.338479 0)
(0.714455 0.351837 0)
(0.714972 0.359557 0)
(0.714227 0.364192 0)
(0.713806 0.369925 0)
(0.714864 0.378428 0)
(0.718689 0.390434 0)
(0.724559 0.405387 0)
(0.732519 0.419309 0)
(0.741987 0.430302 0)
(0.752022 0.440965 0)
(0.763217 0.452873 0)
(0.777543 0.46572 0)
(0.794971 0.480391 0)
(0.81641 0.495951 0)
(0.842485 0.508489 0)
(0.871588 0.517613 0)
(0.903641 0.524598 0)
(0.939013 0.530463 0)
(0.976561 0.533873 0)
(1.01625 0.533831 0)
(1.5 4.37364e-17 0)
(1.5 -1.88573e-16 0)
(1.5 3.7696e-17 0)
(1.5 1.55843e-16 0)
(1.5 1.34749e-16 0)
(1.5 -2.42523e-17 0)
(1.5 -3.77012e-16 0)
(1.5 -6.16807e-16 0)
(1.5 -4.1467e-16 0)
(1.5 -3.44652e-16 0)
(1.5 -2.47721e-16 0)
(1.5 -2.95457e-16 0)
(1.5 -9.71736e-17 0)
(1.5 -3.53751e-16 0)
(1.5 -3.15088e-16 0)
(1.5 -4.56695e-16 0)
(1.5 -4.27185e-16 0)
(1.5 -2.87826e-16 0)
(1.5 -5.42544e-17 0)
(1.5 1.15245e-16 0)
(1.5 2.97736e-16 0)
(1.5 8.52732e-16 0)
(1.5 7.70606e-16 0)
(1.5 5.85079e-13 0)
(1.49997 0.00033717 0)
(1.31448 0.165727 0)
(0.791318 0.320969 0)
(0.71128 0.340551 0)
(0.719153 0.355729 0)
(0.724611 0.367605 0)
(0.726313 0.37127 0)
(0.727186 0.374499 0)
(0.728875 0.381598 0)
(0.732265 0.392947 0)
(0.737846 0.407505 0)
(0.745977 0.42175 0)
(0.756851 0.432494 0)
(0.768387 0.442108 0)
(0.780025 0.452491 0)
(0.793857 0.463571 0)
(0.810041 0.476461 0)
(0.830106 0.49079 0)
(0.854587 0.501694 0)
(0.881796 0.509223 0)
(0.912194 0.515232 0)
(0.945097 0.519353 0)
(0.980103 0.521328 0)
(1.01795 0.52152 0)
(1.5 5.08247e-17 0)
(1.5 2.55919e-16 0)
(1.5 1.72348e-16 0)
(1.5 -3.71351e-16 0)
(1.5 -4.66409e-16 0)
(1.5 1.47043e-17 0)
(1.5 -2.69473e-16 0)
(1.5 -5.66266e-16 0)
(1.5 -6.39095e-16 0)
(1.5 -5.79756e-16 0)
(1.5 -5.21261e-16 0)
(1.5 -5.47521e-16 0)
(1.5 -5.63381e-16 0)
(1.5 -9.85271e-16 0)
(1.5 -1.05744e-15 0)
(1.5 -1.0886e-15 0)
(1.5 -6.8156e-16 0)
(1.5 -8.99279e-17 0)
(1.5 2.7845e-16 0)
(1.5 6.00216e-16 0)
(1.5 7.63734e-16 0)
(1.5 6.19482e-16 0)
(1.5 6.72268e-16 0)
(1.5 8.26272e-16 0)
(1.5 1.12211e-06 0)
(1.48755 0.0350114 0)
(0.953797 0.301324 0)
(0.727479 0.333776 0)
(0.725342 0.35636 0)
(0.736379 0.368599 0)
(0.738968 0.376374 0)
(0.739314 0.380667 0)
(0.741393 0.387228 0)
(0.745307 0.396333 0)
(0.751111 0.408595 0)
(0.759187 0.422689 0)
(0.770579 0.434486 0)
(0.783299 0.443454 0)
(0.795436 0.451786 0)
(0.808877 0.460584 0)
(0.824062 0.471284 0)
(0.84261 0.483915 0)
(0.865255 0.493573 0)
(0.891098 0.501051 0)
(0.919987 0.506443 0)
(0.951021 0.509662 0)
(0.984489 0.511425 0)
(1.02076 0.513087 0)
(1.5 4.35261e-17 0)
(1.5 2.69694e-16 0)
(1.5 -4.58979e-17 0)
(1.5 -3.19408e-16 0)
(1.5 -1.98388e-16 0)
(1.5 -1.38754e-16 0)
(1.5 2.28519e-16 0)
(1.5 -1.28625e-16 0)
(1.5 -4.19676e-16 0)
(1.5 -8.19903e-16 0)
(1.5 -8.78638e-16 0)
(1.5 -8.62152e-16 0)
(1.5 -9.92137e-16 0)
(1.5 -7.50755e-16 0)
(1.5 -1.10342e-15 0)
(1.5 -9.08025e-16 0)
(1.5 -5.73811e-16 0)
(1.5 8.54357e-17 0)
(1.5 1.27473e-16 0)
(1.5 5.17274e-16 0)
(1.5 4.79293e-16 0)
(1.5 6.35827e-16 0)
(1.5 8.13808e-16 0)
(1.5 6.66748e-16 0)
(1.5 3.63506e-10 0)
(1.49978 0.00173421 0)
(1.25107 0.210509 0)
(0.781388 0.334616 0)
(0.735166 0.358604 0)
(0.744593 0.374144 0)
(0.748144 0.383868 0)
(0.750183 0.387215 0)
(0.753734 0.390892 0)
(0.758357 0.397447 0)
(0.764063 0.408526 0)
(0.772012 0.422375 0)
(0.783246 0.43427 0)
(0.795903 0.442472 0)
(0.808297 0.449262 0)
(0.821828 0.456609 0)
(0.836877 0.466035 0)
(0.854637 0.477449 0)
(0.875955 0.486895 0)
(0.90047 0.49511 0)
(0.92773 0.500278 0)
(0.957317 0.503303 0)
(0.9891 0.505962 0)
(1.02432 0.508614 0)
(1.5 3.95058e-17 0)
(1.5 1.25293e-17 0)
(1.5 -9.41073e-17 0)
(1.5 2.5455e-17 0)
(1.5 2.21578e-17 0)
(1.5 -3.22079e-16 0)
(1.5 1.9296e-16 0)
(1.5 2.04732e-16 0)
(1.5 -3.09574e-16 0)
(1.5 -5.4309e-16 0)
(1.5 -5.6096e-16 0)
(1.5 -8.99207e-16 0)
(1.5 -7.78686e-16 0)
(1.5 -5.94436e-16 0)
(1.5 -6.44158e-16 0)
(1.5 -4.98986e-16 0)
(1.5 -2.92067e-16 0)
(1.5 1.23441e-16 0)
(1.5 2.22588e-16 0)
(1.5 1.15656e-16 0)
(1.5 6.0769e-16 0)
(1.5 9.94503e-16 0)
(1.5 9.03598e-16 0)
(1.5 8.11316e-16 0)
(1.5 2.0386e-14 0)
(1.5 1.43689e-05 0)
(1.47375 0.0553293 0)
(0.930845 0.315659 0)
(0.751843 0.357717 0)
(0.750269 0.375146 0)
(0.758521 0.383149 0)
(0.762378 0.388773 0)
(0.765618 0.393557 0)
(0.770181 0.400333 0)
(0.776242 0.409854 0)
(0.784639 0.421578 0)
(0.795327 0.43317 0)
(0.807235 0.442354 0)
(0.819801 0.4488 0)
(0.833564 0.454903 0)
(0.848863 0.462864 0)
(0.86621 0.472756 0)
(0.886463 0.482632 0)
(0.909919 0.490862 0)
(0.935919 0.496403 0)
(0.963607 0.500189 0)
(0.994194 0.503402 0)
(1.02847 0.506037 0)
(1.5 -8.59997e-17 0)
(1.5 -5.38771e-17 0)
(1.5 1.97843e-16 0)
(1.5 1.33173e-16 0)
(1.5 -3.34548e-16 0)
(1.5 -7.88789e-16 0)
(1.5 -6.04398e-16 0)
(1.5 -2.67981e-16 0)
(1.5 -1.33102e-16 0)
(1.5 -1.66218e-17 0)
(1.5 -1.37806e-17 0)
(1.5 -3.54913e-16 0)
(1.5 -2.83555e-16 0)
(1.5 -3.87162e-16 0)
(1.5 -4.83992e-16 0)
(1.5 -2.6714e-16 0)
(1.5 -1.16934e-16 0)
(1.5 -1.37567e-16 0)
(1.5 -2.27331e-16 0)
(1.5 -3.70872e-16 0)
(1.5 5.3319e-17 0)
(1.5 2.39279e-16 0)
(1.5 4.09741e-16 0)
(1.5 5.97578e-16 0)
(1.5 4.71214e-16 0)
(1.5 1.29625e-08 0)
(1.4994 0.00362515 0)
(1.22785 0.228345 0)
(0.792379 0.351027 0)
(0.759861 0.373814 0)
(0.770193 0.385421 0)
(0.772554 0.394507 0)
(0.775258 0.399738 0)
(0.78128 0.403979 0)
(0.788174 0.410671 0)
(0.796546 0.420658 0)
(0.806579 0.432034 0)
(0.81779 0.441637 0)
(0.83031 0.448439 0)
(0.844224 0.454601 0)
(0.859869 0.462215 0)
(0.877468 0.47126 0)
(0.897427 0.480126 0)
(0.919891 0.487733 0)
(0.944094 0.493253 0)
(0.970397 0.497522 0)
(0.999972 0.50105 0)
(1.03219 0.502647 0)
(1.5 6.94724e-17 0)
(1.5 1.89312e-16 0)
(1.5 3.89266e-16 0)
(1.5 3.42601e-16 0)
(1.5 -1.10921e-16 0)
(1.5 -6.21234e-16 0)
(1.5 -1.03074e-15 0)
(1.5 -8.40823e-16 0)
(1.5 -2.0581e-16 0)
(1.5 -9.26858e-17 0)
(1.5 -2.07045e-16 0)
(1.5 1.27471e-16 0)
(1.5 3.49527e-17 0)
(1.5 -2.64836e-16 0)
(1.5 -2.86571e-16 0)
(1.5 -3.786e-16 0)
(1.5 -3.13753e-16 0)
(1.5 -5.025e-16 0)
(1.5 -4.76853e-16 0)
(1.5 -4.39032e-16 0)
(1.5 -3.42877e-16 0)
(1.5 -4.19455e-16 0)
(1.5 -1.91973e-16 0)
(1.5 -1.85168e-16 0)
(1.5 -1.63885e-16 0)
(1.5 1.0891e-12 0)
(1.49999 4.49736e-05 0)
(1.4682 0.0629846 0)
(0.942457 0.328179 0)
(0.775008 0.372508 0)
(0.774373 0.391178 0)
(0.782282 0.396097 0)
(0.785854 0.400515 0)
(0.792175 0.405238 0)
(0.799499 0.412268 0)
(0.807803 0.421499 0)
(0.817716 0.431958 0)
(0.828382 0.442066 0)
(0.840667 0.449407 0)
(0.854335 0.455182 0)
(0.869901 0.461578 0)
(0.887628 0.468902 0)
(0.907422 0.476975 0)
(0.929033 0.483531 0)
(0.951911 0.488708 0)
(0.977164 0.493301 0)
(1.00506 0.496635 0)
(1.03396 0.497385 0)
(1.5 6.28547e-17 0)
(1.5 1.75653e-17 0)
(1.5 1.00138e-16 0)
(1.5 1.58554e-16 0)
(1.5 1.83294e-16 0)
(1.5 1.32595e-17 0)
(1.5 -6.43284e-16 0)
(1.5 -5.50393e-16 0)
(1.5 -5.54299e-16 0)
(1.5 -3.70226e-16 0)
(1.5 -3.14435e-16 0)
(1.5 -1.07985e-17 0)
(1.5 -1.03058e-16 0)
(1.5 -1.33852e-16 0)
(1.5 -1.47134e-16 0)
(1.5 -3.3209e-16 0)
(1.5 -5.18222e-16 0)
(1.5 -7.13019e-16 0)
(1.5 -7.58548e-16 0)
(1.5 -4.60033e-16 0)
(1.5 -2.22345e-16 0)
(1.5 -7.69053e-16 0)
(1.5 -6.79023e-16 0)
(1.5 -6.92742e-16 0)
(1.5 -2.49361e-16 0)
(1.5 -2.42294e-16 0)
(1.5 6.8105e-08 0)
(1.49902 0.00451341 0)
(1.24338 0.225252 0)
(0.822688 0.364896 0)
(0.782769 0.391243 0)
(0.791675 0.3976 0)
(0.796424 0.404713 0)
(0.802439 0.409429 0)
(0.810534 0.414348 0)
(0.818943 0.421897 0)
(0.828596 0.431611 0)
(0.839045 0.441833 0)
(0.851095 0.449215 0)
(0.864187 0.455186 0)
(0.879131 0.461386 0)
(0.896527 0.467476 0)
(0.916192 0.473392 0)
(0.937265 0.47831 0)
(0.959834 0.483058 0)
(0.984135 0.487352 0)
(1.00912 0.490086 0)
(1.03465 0.490457 0)
(1.5 -1.57223e-16 0)
(1.5 -3.98484e-17 0)
(1.5 4.80208e-17 0)
(1.5 2.02461e-16 0)
(1.5 1.54824e-16 0)
(1.5 3.57116e-16 0)
(1.5 3.78788e-17 0)
(1.5 -2.19857e-16 0)
(1.5 2.21907e-17 0)
(1.5 5.94775e-16 0)
(1.5 4.74925e-16 0)
(1.5 -5.71843e-17 0)
(1.5 -2.18085e-16 0)
(1.5 -1.51374e-16 0)
(1.5 -1.90551e-16 0)
(1.5 -2.65209e-16 0)
(1.5 -2.93164e-16 0)
(1.5 -3.49225e-16 0)
(1.5 -4.81706e-16 0)
(1.5 -3.13527e-16 0)
(1.5 -3.76145e-16 0)
(1.5 -7.90054e-16 0)
(1.5 -9.02613e-16 0)
(1.5 -9.37724e-16 0)
(1.5 -5.97094e-16 0)
(1.5 -9.12273e-16 0)
(1.5 1.07374e-11 0)
(1.49998 6.30937e-05 0)
(1.47238 0.0561324 0)
(0.987069 0.333847 0)
(0.797911 0.383054 0)
(0.796689 0.40118 0)
(0.807055 0.405211 0)
(0.813172 0.411156 0)
(0.820515 0.417003 0)
(0.829389 0.423973 0)
(0.839343 0.431997 0)
(0.84972 0.440864 0)
(0.861263 0.448441 0)
(0.873616 0.454244 0)
(0.887649 0.459836 0)
(0.904427 0.465469 0)
(0.923561 0.469993 0)
(0.9448 0.473873 0)
(0.967714 0.477869 0)
(0.99081 0.481449 0)
(1.0135 0.483821 0)
(1.03659 0.483886 0)
(1.5 1.09413e-16 0)
(1.5 2.01834e-16 0)
(1.5 4.79209e-17 0)
(1.5 2.53728e-17 0)
(1.5 -3.06399e-16 0)
(1.5 -2.2702e-16 0)
(1.5 1.27764e-16 0)
(1.5 1.07595e-16 0)
(1.5 3.00699e-16 0)
(1.5 1.07232e-15 0)
(1.5 9.64453e-16 0)
(1.5 3.23594e-16 0)
(1.5 8.23003e-17 0)
(1.5 -6.77358e-17 0)
(1.5 -2.3775e-16 0)
(1.5 -4.18735e-16 0)
(1.5 -2.1693e-16 0)
(1.5 -6.5443e-17 0)
(1.5 -1.37086e-16 0)
(1.5 -2.27027e-16 0)
(1.5 -3.56024e-16 0)
(1.5 -3.05429e-16 0)
(1.5 -6.59497e-16 0)
(1.5 -6.94232e-16 0)
(1.5 -5.33209e-16 0)
(1.5 -3.45473e-16 0)
(1.5 -1.46204e-16 0)
(1.5 1.12841e-07 0)
(1.49896 0.00368449 0)
(1.29839 0.199988 0)
(0.862354 0.373111 0)
(0.804545 0.401112 0)
(0.814675 0.409045 0)
(0.821635 0.416065 0)
(0.828704 0.421344 0)
(0.838272 0.425478 0)
(0.848566 0.4315 0)
(0.859377 0.439186 0)
(0.870889 0.44687 0)
(0.882957 0.452643 0)
(0.896477 0.458173 0)
(0.912235 0.46322 0)
(0.930569 0.46787 0)
(0.951409 0.471496 0)
(0.974051 0.474117 0)
(0.996046 0.476688 0)
(1.01709 0.479029 0)
(1.03823 0.479826 0)
(1.5 -4.60676e-18 0)
(1.5 -3.97653e-16 0)
(1.5 -5.3764e-16 0)
(1.5 -3.76336e-16 0)
(1.5 -2.71773e-16 0)
(1.5 -6.34332e-16 0)
(1.5 -5.21001e-16 0)
(1.5 -2.22905e-16 0)
(1.5 -1.01352e-16 0)
(1.5 2.73325e-17 0)
(1.5 6.95506e-16 0)
(1.5 4.44663e-16 0)
(1.5 2.718e-16 0)
(1.5 -8.82977e-20 0)
(1.5 -1.6555e-16 0)
(1.5 -3.54964e-16 0)
(1.5 -2.71827e-16 0)
(1.5 6.74923e-17 0)
(1.5 7.93928e-17 0)
(1.5 -3.47118e-17 0)
(1.5 -1.20148e-16 0)
(1.5 -3.53157e-17 0)
(1.5 -3.10125e-16 0)
(1.5 -5.25611e-16 0)
(1.5 -2.29881e-16 0)
(1.5 7.78204e-17 0)
(1.5 -7.00304e-16 0)
(1.5 2.24232e-11 0)
(1.49998 4.40396e-05 0)
(1.4818 0.0395622 0)
(1.06203 0.320343 0)
(0.830018 0.394777 0)
(0.821605 0.412423 0)
(0.831128 0.416101 0)
(0.837753 0.422434 0)
(0.846563 0.427366 0)
(0.856922 0.431732 0)
(0.868357 0.437531 0)
(0.880021 0.444447 0)
(0.892359 0.450822 0)
(0.905644 0.456386 0)
(0.920539 0.462009 0)
(0.937675 0.467069 0)
(0.957366 0.471019 0)
(0.978873 0.473145 0)
(1.00006 0.474246 0)
(1.02022 0.47578 0)
(1.04049 0.476789 0)
(1.5 -1.73757e-16 0)
(1.5 -4.78603e-16 0)
(1.5 -3.47717e-16 0)
(1.5 -3.54392e-16 0)
(1.5 -8.76599e-18 0)
(1.5 -1.09e-16 0)
(1.5 -5.38604e-16 0)
(1.5 -6.64167e-16 0)
(1.5 -4.37335e-16 0)
(1.5 -5.14622e-16 0)
(1.5 -1.89401e-16 0)
(1.5 -2.67017e-17 0)
(1.5 2.41577e-16 0)
(1.5 1.57154e-16 0)
(1.5 3.18035e-16 0)
(1.5 4.73791e-18 0)
(1.5 -4.28381e-16 0)
(1.5 -3.26057e-16 0)
(1.5 -1.12772e-16 0)
(1.5 -1.90451e-16 0)
(1.5 -8.14354e-17 0)
(1.5 1.86638e-17 0)
(1.5 -1.28596e-16 0)
(1.5 2.80609e-17 0)
(1.5 2.97139e-17 0)
(1.5 -1.67362e-16 0)
(1.5 -8.94819e-16 0)
(1.5 6.46212e-16 0)
(1.5 6.83008e-08 0)
(1.49936 0.00195734 0)
(1.37851 0.147803 0)
(0.916061 0.374856 0)
(0.83104 0.405912 0)
(0.839596 0.417574 0)
(0.846575 0.424858 0)
(0.854495 0.429273 0)
(0.864612 0.433199 0)
(0.876594 0.437685 0)
(0.889191 0.44295 0)
(0.902154 0.448902 0)
(0.915473 0.4545 0)
(0.929398 0.460263 0)
(0.944906 0.46558 0)
(0.962482 0.469604 0)
(0.982079 0.471463 0)
(1.00286 0.471696 0)
(1.02339 0.472169 0)
(1.04372 0.473384 0)
(1.5 -7.61834e-17 0)
(1.5 -2.51858e-18 0)
(1.5 3.72504e-17 0)
(1.5 2.04225e-16 0)
(1.5 2.92424e-16 0)
(1.5 6.03492e-18 0)
(1.5 -5.32032e-16 0)
(1.5 -9.76599e-16 0)
(1.5 -9.37435e-16 0)
(1.5 -7.92825e-16 0)
(1.5 -5.05336e-16 0)
(1.5 -2.18511e-16 0)
(1.5 -8.61971e-17 0)
(1.5 1.7039e-16 0)
(1.5 -1.08189e-16 0)
(1.5 2.3138e-16 0)
(1.5 -1.23522e-16 0)
(1.5 -7.57473e-16 0)
(1.5 -2.38127e-16 0)
(1.5 -3.03702e-16 0)
(1.5 -3.65268e-16 0)
(1.5 -2.42927e-16 0)
(1.5 -7.06354e-17 0)
(1.5 3.77616e-16 0)
(1.5 -1.06587e-16 0)
(1.5 -2.21826e-16 0)
(1.5 -4.70731e-16 0)
(1.5 -1.20504e-15 0)
(1.5 1.20757e-11 0)
(1.49999 1.55337e-05 0)
(1.49185 0.0198792 0)
(1.17375 0.278769 0)
(0.874688 0.401711 0)
(0.845907 0.422424 0)
(0.854553 0.424877 0)
(0.861918 0.429348 0)
(0.871366 0.433231 0)
(0.883428 0.437713 0)
(0.897554 0.443128 0)
(0.911707 0.448788 0)
(0.924434 0.454235 0)
(0.937196 0.459693 0)
(0.951099 0.464045 0)
(0.966852 0.467381 0)
(0.984952 0.469436 0)
(1.0055 0.470026 0)
(1.02698 0.469787 0)
(1.04775 0.470568 0)
(1.5 -8.70762e-17 0)
(1.5 -7.94877e-17 0)
(1.5 2.11938e-16 0)
(1.5 5.49704e-16 0)
(1.5 1.40163e-16 0)
(1.5 -6.67497e-17 0)
(1.5 -6.6254e-16 0)
(1.5 -9.04317e-16 0)
(1.5 -8.10699e-16 0)
(1.5 -7.90953e-16 0)
(1.5 -7.17743e-16 0)
(1.5 -2.98619e-16 0)
(1.5 -1.21793e-16 0)
(1.5 1.47875e-16 0)
(1.5 -3.78904e-17 0)
(1.5 3.35076e-18 0)
(1.5 1.77432e-16 0)
(1.5 3.11952e-18 0)
(1.5 2.36232e-16 0)
(1.5 3.07763e-18 0)
(1.5 -6.31922e-16 0)
(1.5 -4.38006e-16 0)
(1.5 -6.98537e-17 0)
(1.5 -4.87626e-18 0)
(1.5 -4.51912e-16 0)
(1.5 -3.57642e-16 0)
(1.5 -3.04623e-16 0)
(1.5 -4.95058e-16 0)
(1.5 5.5478e-16 0)
(1.5 1.64102e-08 0)
(1.49976 0.000625598 0)
(1.44622 0.084816 0)
(1.01081 0.359637 0)
(0.862984 0.412348 0)
(0.86057 0.425648 0)
(0.869943 0.428306 0)
(0.878916 0.432636 0)
(0.890679 0.437372 0)
(0.905163 0.442516 0)
(0.91923 0.447867 0)
(0.931253 0.453294 0)
(0.943531 0.458387 0)
(0.956549 0.46236 0)
(0.971218 0.465303 0)
(0.988153 0.46687 0)
(1.00811 0.467171 0)
(1.03046 0.466519 0)
(1.05196 0.466766 0)
(1.5 1.33593e-16 0)
(1.5 2.41757e-16 0)
(1.5 5.13299e-17 0)
(1.5 -1.85184e-16 0)
(1.5 -4.34796e-16 0)
(1.5 -5.23162e-16 0)
(1.5 -4.8793e-16 0)
(1.5 -6.27226e-16 0)
(1.5 -9.65501e-16 0)
(1.5 -1.04656e-15 0)
(1.5 -6.37409e-16 0)
(1.5 -2.6448e-16 0)
(1.5 2.36296e-16 0)
(1.5 4.1606e-16 0)
(1.5 4.20449e-16 0)
(1.5 1.79408e-16 0)
(1.5 5.58134e-16 0)
(1.5 5.75288e-16 0)
(1.5 3.27574e-16 0)
(1.5 -4.19888e-16 0)
(1.5 -7.12504e-16 0)
(1.5 -4.74438e-16 0)
(1.5 1.73863e-16 0)
(1.5 6.39929e-17 0)
(1.5 -5.02226e-16 0)
(1.5 -4.19976e-16 0)
(1.5 -3.41071e-16 0)
(1.5 -2.56552e-16 0)
(1.5 -6.81463e-16 0)
(1.5 2.03254e-12 0)
(1.5 3.00875e-06 0)
(1.49708 0.0071655 0)
(1.31838 0.198284 0)
(0.929691 0.39618 0)
(0.865387 0.425539 0)
(0.874597 0.431523 0)
(0.885968 0.435016 0)
(0.897108 0.440669 0)
(0.910774 0.445152 0)
(0.924357 0.448588 0)
(0.936508 0.451988 0)
(0.948943 0.455886 0)
(0.962148 0.459686 0)
(0.976498 0.462959 0)
(0.992594 0.465483 0)
(1.01138 0.466832 0)
(1.03343 0.466292 0)
(1.05535 0.465129 0)
(1.5 -3.20506e-18 0)
(1.5 8.2401e-17 0)
(1.5 -3.36514e-16 0)
(1.5 -2.23433e-16 0)
(1.5 -2.45566e-16 0)
(1.5 -6.46832e-16 0)
(1.5 -3.66908e-16 0)
(1.5 -2.38266e-16 0)
(1.5 -6.19517e-16 0)
(1.5 -7.32655e-16 0)
(1.5 -2.31725e-16 0)
(1.5 -3.27407e-16 0)
(1.5 1.69158e-16 0)
(1.5 5.06646e-16 0)
(1.5 9.42552e-16 0)
(1.5 5.55096e-16 0)
(1.5 3.1397e-16 0)
(1.5 3.64822e-16 0)
(1.5 -1.74694e-16 0)
(1.5 -1.99081e-16 0)
(1.5 -3.49258e-16 0)
(1.5 -3.23867e-16 0)
(1.5 -2.58126e-16 0)
(1.5 -2.79151e-16 0)
(1.5 -1.79584e-16 0)
(1.5 6.10752e-17 0)
(1.5 2.42551e-16 0)
(1.5 4.22116e-16 0)
(1.5 -5.3004e-16 0)
(1.5 -2.14863e-16 0)
(1.5 2.04334e-09 0)
(1.49995 0.000117323 0)
(1.4821 0.0348017 0)
(1.15833 0.301623 0)
(0.904291 0.412906 0)
(0.884747 0.434215 0)
(0.895134 0.437416 0)
(0.903752 0.442822 0)
(0.914419 0.446752 0)
(0.926949 0.449109 0)
(0.940871 0.451325 0)
(0.955171 0.453618 0)
(0.968916 0.457276 0)
(0.982855 0.461121 0)
(0.997976 0.464149 0)
(1.01528 0.46607 0)
(1.03535 0.465777 0)
(1.05646 0.463626 0)
(1.5 -2.10321e-16 0)
(1.5 -2.64743e-17 0)
(1.5 -7.23637e-18 0)
(1.5 3.47319e-17 0)
(1.5 -4.09916e-16 0)
(1.5 -2.88446e-16 0)
(1.5 4.60609e-17 0)
(1.5 7.70271e-17 0)
(1.5 -5.15143e-16 0)
(1.5 -5.9953e-16 0)
(1.5 -4.31293e-16 0)
(1.5 -5.37673e-16 0)
(1.5 -3.50979e-16 0)
(1.5 -5.57685e-19 0)
(1.5 2.49089e-16 0)
(1.5 4.42178e-16 0)
(1.5 3.85382e-16 0)
(1.5 1.48018e-16 0)
(1.5 -2.85337e-17 0)
(1.5 -6.97101e-18 0)
(1.5 -7.75492e-17 0)
(1.5 -3.95297e-16 0)
(1.5 -5.39458e-16 0)
(1.5 -6.40717e-16 0)
(1.5 -3.09872e-16 0)
(1.5 -8.15941e-17 0)
(1.5 3.46259e-16 0)
(1.5 3.74677e-16 0)
(1.5 2.63644e-16 0)
(1.5 -4.98553e-17 0)
(1.5 1.58663e-13 0)
(1.5 2.77277e-07 0)
(1.49935 0.00152561 0)
(1.43618 0.0971545 0)
(1.02493 0.363489 0)
(0.913554 0.425047 0)
(0.90329 0.439711 0)
(0.909675 0.443148 0)
(0.920343 0.44771 0)
(0.931683 0.44962 0)
(0.945911 0.450507 0)
(0.961455 0.452204 0)
(0.975554 0.454998 0)
(0.989083 0.458881 0)
(1.00332 0.462306 0)
(1.01902 0.464623 0)
(1.03666 0.465026 0)
(1.0562 0.463144 0)
(1.5 -6.092e-17 0)
(1.5 1.44733e-16 0)
(1.5 3.05942e-16 0)
(1.5 3.03043e-16 0)
(1.5 7.30122e-18 0)
(1.5 4.59342e-17 0)
(1.5 5.11448e-19 0)
(1.5 -2.24458e-16 0)
(1.5 -9.44235e-17 0)
(1.5 -7.9464e-17 0)
(1.5 -6.0249e-16 0)
(1.5 -5.97096e-16 0)
(1.5 -6.21323e-16 0)
(1.5 -6.16781e-16 0)
(1.5 -2.13707e-16 0)
(1.5 6.76666e-16 0)
(1.5 6.08795e-16 0)
(1.5 2.77432e-16 0)
(1.5 1.82172e-16 0)
(1.5 -4.06174e-16 0)
(1.5 -3.20899e-16 0)
(1.5 -2.91451e-16 0)
(1.5 -1.0135e-15 0)
(1.5 -8.49014e-16 0)
(1.5 -6.31475e-16 0)
(1.5 -6.11996e-16 0)
(1.5 9.28866e-17 0)
(1.5 2.24887e-16 0)
(1.5 3.68668e-16 0)
(1.5 2.48519e-16 0)
(1.5 -1.23203e-16 0)
(1.5 8.36757e-11 0)
(1.5 1.0798e-05 0)
(1.49604 0.00884112 0)
(1.3355 0.184107 0)
(0.979763 0.403551 0)
(0.907778 0.438055 0)
(0.912699 0.440668 0)
(0.92537 0.443876 0)
(0.937308 0.447564 0)
(0.951653 0.451327 0)
(0.966989 0.453755 0)
(0.980468 0.455483 0)
(0.993904 0.457396 0)
(1.00783 0.459218 0)
(1.02253 0.460978 0)
(1.0386 0.462451 0)
(1.05626 0.462578 0)
(1.5 1.32122e-16 0)
(1.5 1.10239e-16 0)
(1.5 6.95763e-16 0)
(1.5 6.42743e-16 0)
(1.5 5.07937e-16 0)
(1.5 2.50114e-16 0)
(1.5 2.58604e-16 0)
(1.5 1.34415e-16 0)
(1.5 6.14102e-16 0)
(1.5 5.84728e-16 0)
(1.5 7.4903e-17 0)
(1.5 -1.79808e-16 0)
(1.5 -5.96095e-16 0)
(1.5 -6.60278e-16 0)
(1.5 -3.72146e-16 0)
(1.5 1.47094e-16 0)
(1.5 2.2426e-16 0)
(1.5 3.63896e-16 0)
(1.5 3.76475e-17 0)
(1.5 -2.98213e-16 0)
(1.5 -2.96033e-16 0)
(1.5 -5.45852e-16 0)
(1.5 -6.68438e-16 0)
(1.5 -9.13049e-16 0)
(1.5 -9.8544e-16 0)
(1.5 -8.04458e-16 0)
(1.5 -1.07375e-17 0)
(1.5 2.30654e-16 0)
(1.5 4.48511e-16 0)
(1.5 4.08334e-16 0)
(1.5 -1.97004e-16 0)
(1.5 5.64069e-15 0)
(1.5 1.14088e-08 0)
(1.49993 0.000159035 0)
(1.48316 0.0296839 0)
(1.22456 0.276887 0)
(0.956056 0.421801 0)
(0.920968 0.440225 0)
(0.931438 0.438464 0)
(0.94361 0.445516 0)
(0.956481 0.453043 0)
(0.968718 0.45639 0)
(0.982179 0.457528 0)
(0.996802 0.456847 0)
(1.01183 0.456652 0)
(1.02649 0.458227 0)
(1.04134 0.460421 0)
(1.05712 0.461845 0)
(1.5 1.57386e-16 0)
(1.5 2.93973e-16 0)
(1.5 4.06794e-16 0)
(1.5 1.50357e-16 0)
(1.5 2.40272e-16 0)
(1.5 5.7389e-16 0)
(1.5 7.61088e-16 0)
(1.5 8.43664e-16 0)
(1.5 4.1243e-16 0)
(1.5 2.71374e-16 0)
(1.5 5.10389e-16 0)
(1.5 3.91632e-16 0)
(1.5 9.44649e-17 0)
(1.5 -1.93396e-16 0)
(1.5 -3.95877e-16 0)
(1.5 -2.96379e-16 0)
(1.5 -1.99199e-16 0)
(1.5 1.32587e-17 0)
(1.5 -2.44782e-16 0)
(1.5 -5.55873e-17 0)
(1.5 -4.60135e-16 0)
(1.5 -7.41997e-16 0)
(1.5 -3.79536e-16 0)
(1.5 -5.00986e-16 0)
(1.5 -7.1772e-16 0)
(1.5 -6.43469e-16 0)
(1.5 -3.76113e-16 0)
(1.5 6.25498e-17 0)
(1.5 1.30544e-16 0)
(1.5 2.02818e-16 0)
(1.5 3.32284e-16 0)
(1.5 4.12915e-16 0)
(1.5 1.42936e-12 0)
(1.5 4.46807e-07 0)
(1.49944 0.00117723 0)
(1.453 0.0722009 0)
(1.13539 0.339343 0)
(0.93806 0.43798 0)
(0.938007 0.437461 0)
(0.953247 0.445049 0)
(0.962022 0.452447 0)
(0.971727 0.456628 0)
(0.984835 0.457887 0)
(0.99968 0.455985 0)
(1.01554 0.455053 0)
(1.0299 0.456446 0)
(1.04384 0.45872 0)
(1.05863 0.460312 0)
(1.5 -3.29624e-17 0)
(1.5 1.86659e-16 0)
(1.5 -1.02973e-18 0)
(1.5 -2.23024e-16 0)
(1.5 1.06608e-16 0)
(1.5 7.34518e-16 0)
(1.5 7.54289e-16 0)
(1.5 8.8822e-16 0)
(1.5 2.66665e-16 0)
(1.5 2.02471e-16 0)
(1.5 6.52192e-16 0)
(1.5 5.08009e-16 0)
(1.5 2.95113e-16 0)
(1.5 -1.61167e-17 0)
(1.5 -3.35825e-16 0)
(1.5 -7.36251e-16 0)
(1.5 -5.89097e-16 0)
(1.5 -1.35396e-16 0)
(1.5 -1.69942e-17 0)
(1.5 -8.17429e-17 0)
(1.5 -4.52913e-16 0)
(1.5 -3.95622e-16 0)
(1.5 -3.81087e-16 0)
(1.5 -4.07186e-16 0)
(1.5 -3.093e-16 0)
(1.5 -5.74947e-16 0)
(1.5 -5.58826e-16 0)
(1.5 -3.98353e-16 0)
(1.5 -3.26853e-16 0)
(1.5 4.31319e-17 0)
(1.5 6.81505e-16 0)
(1.5 9.47765e-17 0)
(1.5 -3.2786e-16 0)
(1.5 1.72178e-10 0)
(1.5 7.79116e-06 0)
(1.49741 0.00512125 0)
(1.40737 0.129505 0)
(1.05712 0.373616 0)
(0.968862 0.431631 0)
(0.957886 0.453135 0)
(0.963974 0.455852 0)
(0.974941 0.456917 0)
(0.988795 0.454421 0)
(1.00413 0.452901 0)
(1.01919 0.454183 0)
(1.03195 0.457255 0)
(1.04517 0.460058 0)
(1.06009 0.461133 0)
(1.5 -1.84048e-16 0)
(1.5 1.07516e-17 0)
(1.5 -3.74859e-16 0)
(1.5 -5.07339e-16 0)
(1.5 8.76955e-17 0)
(1.5 8.055e-16 0)
(1.5 7.1724e-16 0)
(1.5 7.69275e-16 0)
(1.5 7.85519e-16 0)
(1.5 4.52121e-16 0)
(1.5 5.05985e-16 0)
(1.5 2.95267e-16 0)
(1.5 -1.00951e-18 0)
(1.5 1.16067e-16 0)
(1.5 3.15388e-16 0)
(1.5 -1.01894e-16 0)
(1.5 -1.96598e-16 0)
(1.5 -4.18073e-16 0)
(1.5 1.77922e-16 0)
(1.5 4.38591e-16 0)
(1.5 2.67679e-16 0)
(1.5 4.2664e-16 0)
(1.5 6.07211e-17 0)
(1.5 -1.15741e-16 0)
(1.5 1.73674e-16 0)
(1.5 -2.3873e-16 0)
(1.5 -6.12954e-16 0)
(1.5 -5.13226e-16 0)
(1.5 -8.97695e-17 0)
(1.5 1.90195e-16 0)
(1.5 5.26682e-16 0)
(1.5 2.07478e-16 0)
(1.5 -5.5459e-16 0)
(1.5 1.04434e-14 0)
(1.5 7.71039e-09 0)
(1.49997 6.67964e-05 0)
(1.49237 0.0145113 0)
(1.34239 0.181864 0)
(1.0393 0.398995 0)
(0.966054 0.450403 0)
(0.965111 0.4531 0)
(0.97987 0.454259 0)
(0.993821 0.451616 0)
(1.00884 0.451947 0)
(1.02223 0.454889 0)
(1.03408 0.458976 0)
(1.04754 0.461953 0)
(1.06242 0.460948 0)
(1.5 -4.82894e-17 0)
(1.5 -2.05317e-16 0)
(1.5 -5.70281e-16 0)
(1.5 -3.82682e-16 0)
(1.5 -1.01922e-16 0)
(1.5 7.7155e-16 0)
(1.5 1.15074e-15 0)
(1.5 1.10406e-15 0)
(1.5 9.83821e-16 0)
(1.5 6.78669e-16 0)
(1.5 -8.1303e-17 0)
(1.5 1.35939e-16 0)
(1.5 1.59322e-16 0)
(1.5 5.20312e-16 0)
(1.5 7.73497e-16 0)
(1.5 7.61356e-16 0)
(1.5 8.12055e-16 0)
(1.5 5.7824e-16 0)
(1.5 4.91234e-16 0)
(1.5 5.00567e-16 0)
(1.5 8.00645e-16 0)
(1.5 8.05854e-16 0)
(1.5 6.75203e-16 0)
(1.5 5.76229e-16 0)
(1.5 3.98435e-16 0)
(1.5 2.40286e-16 0)
(1.5 -4.27898e-16 0)
(1.5 -2.4862e-16 0)
(1.5 4.03905e-16 0)
(1.5 6.0101e-16 0)
(1.5 3.89215e-16 0)
(1.5 4.71715e-16 0)
(1.5 2.55947e-16 0)
(1.5 -2.49202e-16 0)
(1.5 8.56829e-13 0)
(1.5 1.4316e-07 0)
(1.49984 0.000338341 0)
(1.48233 0.0288646 0)
(1.27716 0.242036 0)
(1.03467 0.416732 0)
(0.974867 0.455637 0)
(0.982663 0.451414 0)
(0.994265 0.452301 0)
(1.00897 0.455348 0)
(1.02401 0.457674 0)
(1.03686 0.459712 0)
(1.05097 0.460735 0)
(1.06495 0.458803 0)
(1.5 -6.58376e-18 0)
(1.5 -3.38903e-16 0)
(1.5 -2.61135e-16 0)
(1.5 2.49673e-17 0)
(1.5 -7.81835e-17 0)
(1.5 2.57977e-16 0)
(1.5 8.18049e-16 0)
(1.5 6.05225e-16 0)
(1.5 5.59738e-16 0)
(1.5 6.40893e-16 0)
(1.5 3.4435e-17 0)
(1.5 1.50373e-16 0)
(1.5 5.98312e-16 0)
(1.5 8.0693e-16 0)
(1.5 8.60901e-16 0)
(1.5 1.07787e-15 0)
(1.5 9.58836e-16 0)
(1.5 7.51941e-16 0)
(1.5 6.02525e-16 0)
(1.5 3.10704e-16 0)
(1.5 7.57962e-16 0)
(1.5 1.10202e-15 0)
(1.5 1.13994e-15 0)
(1.5 1.05918e-15 0)
(1.5 6.91331e-16 0)
(1.5 4.36434e-16 0)
(1.5 1.81752e-16 0)
(1.5 2.67395e-16 0)
(1.5 2.8256e-16 0)
(1.5 6.24589e-16 0)
(1.5 7.48094e-16 0)
(1.5 3.08774e-16 0)
(1.5 4.06992e-16 0)
(1.5 8.05843e-17 0)
(1.5 -5.33933e-16 0)
(1.5 4.07027e-11 0)
(1.5 1.30559e-06 0)
(1.49944 0.00111439 0)
(1.4643 0.0520684 0)
(1.23982 0.295754 0)
(1.00096 0.43723 0)
(0.994347 0.438537 0)
(1.00136 0.451607 0)
(1.01428 0.456872 0)
(1.02699 0.460055 0)
(1.03964 0.460932 0)
(1.05425 0.458673 0)
(1.06726 0.456223 0)
(1.5 1.19516e-16 0)
(1.5 2.77144e-16 0)
(1.5 1.28808e-17 0)
(1.5 1.11051e-16 0)
(1.5 1.53216e-16 0)
(1.5 -3.95275e-17 0)
(1.5 -1.41988e-16 0)
(1.5 -2.26691e-16 0)
(1.5 3.26427e-16 0)
(1.5 4.7771e-16 0)
(1.5 1.19283e-16 0)
(1.5 4.79025e-17 0)
(1.5 4.28014e-16 0)
(1.5 6.73779e-16 0)
(1.5 8.52658e-16 0)
(1.5 1.08177e-15 0)
(1.5 6.69225e-16 0)
(1.5 3.56765e-16 0)
(1.5 5.74035e-16 0)
(1.5 7.72665e-16 0)
(1.5 9.80521e-16 0)
(1.5 7.9875e-16 0)
(1.5 9.17386e-16 0)
(1.5 9.08629e-16 0)
(1.5 9.70423e-16 0)
(1.5 1.03248e-15 0)
(1.5 1.04981e-15 0)
(1.5 7.93543e-16 0)
(1.5 1.53874e-16 0)
(1.5 2.37073e-16 0)
(1.5 2.94227e-16 0)
(1.5 5.30204e-16 0)
(1.5 4.76588e-16 0)
(1.5 3.07742e-16 0)
(1.5 -4.21469e-16 0)
(1.5 2.19537e-15 0)
(1.5 7.05952e-10 0)
(1.5 7.5628e-06 0)
(1.49838 0.00291025 0)
(1.44708 0.0832866 0)
(1.19212 0.315349 0)
(1.028 0.421427 0)
(1.00619 0.460737 0)
(1.01482 0.462756 0)
(1.02644 0.461524 0)
(1.0406 0.459002 0)
(1.05556 0.456061 0)
(1.06837 0.455392 0)
(1.5 5.50074e-17 0)
(1.5 4.3138e-17 0)
(1.5 -9.35837e-17 0)
(1.5 1.36322e-16 0)
(1.5 2.21983e-16 0)
(1.5 -6.52628e-18 0)
(1.5 -2.85493e-16 0)
(1.5 9.76131e-17 0)
(1.5 2.30529e-16 0)
(1.5 3.27396e-16 0)
(1.5 2.66533e-16 0)
(1.5 4.0125e-16 0)
(1.5 2.84636e-16 0)
(1.5 4.18303e-16 0)
(1.5 7.85926e-16 0)
(1.5 8.88583e-16 0)
(1.5 1.01528e-15 0)
(1.5 7.66247e-16 0)
(1.5 9.69303e-16 0)
(1.5 1.40189e-15 0)
(1.5 1.33478e-15 0)
(1.5 7.94198e-16 0)
(1.5 8.09816e-16 0)
(1.5 6.71304e-16 0)
(1.5 8.89646e-16 0)
(1.5 1.3106e-15 0)
(1.5 1.31573e-15 0)
(1.5 9.63319e-16 0)
(1.5 5.96608e-16 0)
(1.5 3.30728e-16 0)
(1.5 1.25143e-16 0)
(1.5 5.80236e-16 0)
(1.5 3.32946e-16 0)
(1.5 -2.94435e-17 0)
(1.5 -6.23595e-17 0)
(1.5 1.85557e-17 0)
(1.5 4.76457e-14 0)
(1.5 7.66043e-09 0)
(1.49999 3.03806e-05 0)
(1.49685 0.00604451 0)
(1.42382 0.101216 0)
(1.18327 0.330504 0)
(1.02101 0.440805 0)
(1.02372 0.461169 0)
(1.02902 0.457755 0)
(1.04687 0.453849 0)
(1.05802 0.455102 0)
(1.06727 0.456993 0)
(1.5 -1.72804e-17 0)
(1.5 -5.97554e-16 0)
(1.5 -4.39118e-16 0)
(1.5 -8.25315e-17 0)
(1.5 -1.41864e-17 0)
(1.5 -1.89645e-16 0)
(1.5 -1.08388e-16 0)
(1.5 2.3313e-16 0)
(1.5 1.83359e-16 0)
(1.5 -5.08067e-17 0)
(1.5 1.54029e-16 0)
(1.5 5.25189e-16 0)
(1.5 3.50279e-16 0)
(1.5 3.0775e-16 0)
(1.5 4.40455e-16 0)
(1.5 5.10294e-16 0)
(1.5 1.01571e-15 0)
(1.5 1.29861e-15 0)
(1.5 1.30656e-15 0)
(1.5 1.44145e-15 0)
(1.5 1.21576e-15 0)
(1.5 1.00647e-15 0)
(1.5 6.74089e-16 0)
(1.5 6.71592e-16 0)
(1.5 9.31194e-16 0)
(1.5 9.89702e-16 0)
(1.5 9.57167e-16 0)
(1.5 5.71734e-16 0)
(1.5 4.35691e-16 0)
(1.5 -1.16946e-16 0)
(1.5 1.14834e-16 0)
(1.5 4.81804e-16 0)
(1.5 2.9367e-16 0)
(1.5 1.53446e-16 0)
(1.5 3.08476e-17 0)
(1.5 -1.49637e-16 0)
(1.5 -3.46042e-16 0)
(1.5 8.82748e-13 0)
(1.5 5.02921e-08 0)
(1.49996 8.05974e-05 0)
(1.49461 0.0090725 0)
(1.40857 0.124481 0)
(1.16223 0.350273 0)
(1.03464 0.462087 0)
(1.0328 0.450045 0)
(1.05309 0.453254 0)
(1.06004 0.456524 0)
(1.06869 0.458603 0)
(1.5 5.28436e-17 0)
(1.5 -1.67688e-16 0)
(1.5 3.61824e-17 0)
(1.5 -1.95138e-16 0)
(1.5 -5.74124e-16 0)
(1.5 -4.31412e-16 0)
(1.5 -1.29013e-16 0)
(1.5 9.57035e-17 0)
(1.5 9.94573e-17 0)
(1.5 1.93303e-16 0)
(1.5 8.09046e-16 0)
(1.5 4.44103e-16 0)
(1.5 1.61639e-16 0)
(1.5 -1.39281e-16 0)
(1.5 -1.22093e-16 0)
(1.5 1.31418e-16 0)
(1.5 5.51149e-16 0)
(1.5 1.32273e-15 0)
(1.5 1.29112e-15 0)
(1.5 1.04745e-15 0)
(1.5 9.88058e-16 0)
(1.5 1.27622e-15 0)
(1.5 9.74853e-16 0)
(1.5 6.48354e-16 0)
(1.5 4.36924e-16 0)
(1.5 4.26019e-16 0)
(1.5 3.91557e-16 0)
(1.5 4.20603e-16 0)
(1.5 2.62176e-16 0)
(1.5 -2.53713e-16 0)
(1.5 1.03298e-16 0)
(1.5 1.61612e-16 0)
(1.5 2.19888e-16 0)
(1.5 1.44702e-16 0)
(1.5 7.36565e-17 0)
(1.5 -3.05011e-16 0)
(1.5 -5.38573e-16 0)
(1.5 -1.72677e-16 0)
(1.5 9.99645e-12 0)
(1.5 1.70515e-07 0)
(1.49992 0.000166492 0)
(1.49204 0.0135897 0)
(1.3898 0.146904 0)
(1.15532 0.364497 0)
(1.0729 0.427639 0)
(1.05735 0.464819 0)
(1.05423 0.46216 0)
(1.06954 0.458916 0)
(1.5 1.69958e-17 0)
(1.5 2.43743e-16 0)
(1.5 4.59565e-16 0)
(1.5 -1.43925e-16 0)
(1.5 -4.59053e-16 0)
(1.5 -4.26135e-16 0)
(1.5 -8.82369e-17 0)
(1.5 -1.66763e-16 0)
(1.5 4.39162e-17 0)
(1.5 4.56571e-16 0)
(1.5 5.91567e-16 0)
(1.5 1.43819e-16 0)
(1.5 1.94381e-16 0)
(1.5 2.13673e-16 0)
(1.5 -2.11801e-17 0)
(1.5 -2.41684e-16 0)
(1.5 -3.67955e-17 0)
(1.5 5.72084e-16 0)
(1.5 6.09278e-16 0)
(1.5 5.5255e-16 0)
(1.5 9.02836e-16 0)
(1.5 1.03462e-15 0)
(1.5 6.45559e-16 0)
(1.5 3.14807e-16 0)
(1.5 -3.44278e-16 0)
(1.5 -2.30537e-16 0)
(1.5 -9.04697e-17 0)
(1.5 -1.12716e-18 0)
(1.5 -2.11195e-17 0)
(1.5 3.20146e-16 0)
(1.5 1.11201e-16 0)
(1.5 -3.974e-16 0)
(1.5 -3.47817e-16 0)
(1.5 -5.63137e-16 0)
(1.5 -2.303e-16 0)
(1.5 -5.53e-18 0)
(1.5 -1.18548e-16 0)
(1.5 -9.78986e-18 0)
(1.5 1.23065e-15 0)
(1.5 4.54559e-11 0)
(1.5 5.22566e-07 0)
(1.49984 0.000307869 0)
(1.48936 0.0179754 0)
(1.3835 0.148359 0)
(1.18034 0.354523 0)
(1.06156 0.459885 0)
(1.05651 0.454281 0)
(1.0775 0.452857 0)
(1.5 9.65137e-17 0)
(1.5 5.92655e-16 0)
(1.5 3.58007e-17 0)
(1.5 -3.73762e-16 0)
(1.5 -4.01051e-16 0)
(1.5 -3.5572e-16 0)
(1.5 -1.70754e-16 0)
(1.5 -1.89008e-16 0)
(1.5 -1.48795e-16 0)
(1.5 3.00486e-16 0)
(1.5 1.07349e-16 0)
(1.5 4.25153e-16 0)
(1.5 5.23342e-16 0)
(1.5 6.21547e-16 0)
(1.5 5.47811e-16 0)
(1.5 4.22219e-16 0)
(1.5 1.31671e-16 0)
(1.5 2.58565e-17 0)
(1.5 3.08703e-16 0)
(1.5 5.94946e-16 0)
(1.5 6.4683e-16 0)
(1.5 4.005e-16 0)
(1.5 1.69677e-16 0)
(1.5 -1.18388e-17 0)
(1.5 -4.86632e-16 0)
(1.5 -4.25238e-16 0)
(1.5 -4.19304e-16 0)
(1.5 -4.63796e-16 0)
(1.5 -1.6153e-16 0)
(1.5 1.70336e-16 0)
(1.5 -3.28718e-16 0)
(1.5 -6.57499e-16 0)
(1.5 -7.44708e-16 0)
(1.5 -5.32905e-16 0)
(1.5 -1.28526e-16 0)
(1.5 4.35416e-16 0)
(1.5 4.44823e-16 0)
(1.5 4.60753e-16 0)
(1.5 1.55227e-16 0)
(1.5 3.23017e-15 0)
(1.5 2.17637e-10 0)
(1.5 1.17684e-06 0)
(1.49977 0.00045644 0)
(1.48831 0.0184014 0)
(1.38811 0.154197 0)
(1.16541 0.364577 0)
(1.09983 0.432464 0)
(1.08434 0.462706 0)
(1.5 -2.27464e-17 0)
(1.5 -4.01589e-17 0)
(1.5 -1.65182e-16 0)
(1.5 -4.19611e-16 0)
(1.5 -4.35068e-16 0)
(1.5 -3.19915e-16 0)
(1.5 -1.75866e-16 0)
(1.5 -1.97008e-17 0)
(1.5 3.55957e-16 0)
(1.5 1.3217e-16 0)
(1.5 2.48135e-16 0)
(1.5 3.4173e-16 0)
(1.5 2.27255e-16 0)
(1.5 3.09168e-16 0)
(1.5 6.77544e-16 0)
(1.5 6.00383e-16 0)
(1.5 3.76373e-16 0)
(1.5 5.02947e-16 0)
(1.5 8.18713e-16 0)
(1.5 6.91457e-16 0)
(1.5 3.32934e-16 0)
(1.5 1.13953e-17 0)
(1.5 -2.094e-16 0)
(1.5 -2.83612e-16 0)
(1.5 -1.81943e-16 0)
(1.5 -1.2952e-16 0)
(1.5 -4.69381e-16 0)
(1.5 -6.10369e-16 0)
(1.5 -2.15815e-16 0)
(1.5 -4.26703e-16 0)
(1.5 -9.02881e-16 0)
(1.5 -1.13265e-15 0)
(1.5 -9.10354e-16 0)
(1.5 -4.49491e-16 0)
(1.5 1.73357e-17 0)
(1.5 3.95393e-16 0)
(1.5 7.3438e-16 0)
(1.5 6.05538e-16 0)
(1.5 6.74781e-17 0)
(1.5 -5.16889e-16 0)
(1.5 1.2889e-14 0)
(1.5 5.97386e-10 0)
(1.5 1.96626e-06 0)
(1.49974 0.00049724 0)
(1.48791 0.0203107 0)
(1.37805 0.154565 0)
(1.21516 0.346787 0)
(1.09399 0.442832 0)
(1.5 -1.19306e-16 0)
(1.5 -2.95582e-16 0)
(1.5 -2.10811e-16 0)
(1.5 -1.5292e-16 0)
(1.5 -4.43727e-16 0)
(1.5 -6.22989e-16 0)
(1.5 -5.66318e-16 0)
(1.5 -2.42398e-17 0)
(1.5 3.22137e-16 0)
(1.5 1.79544e-16 0)
(1.5 2.13438e-16 0)
(1.5 7.72417e-17 0)
(1.5 1.20228e-16 0)
(1.5 -1.73256e-17 0)
(1.5 -4.66891e-17 0)
(1.5 1.39603e-17 0)
(1.5 4.35032e-16 0)
(1.5 9.20383e-16 0)
(1.5 7.89889e-16 0)
(1.5 5.30573e-16 0)
(1.5 4.12462e-16 0)
(1.5 -8.73781e-17 0)
(1.5 -4.76873e-16 0)
(1.5 -5.23684e-16 0)
(1.5 -2.66642e-16 0)
(1.5 -9.31062e-17 0)
(1.5 7.87296e-17 0)
(1.5 2.344e-16 0)
(1.5 -6.1103e-18 0)
(1.5 -3.42413e-16 0)
(1.5 -9.69872e-16 0)
(1.5 -8.81571e-16 0)
(1.5 -5.68945e-16 0)
(1.5 -1.07571e-16 0)
(1.5 8.45236e-18 0)
(1.5 3.65747e-16 0)
(1.5 3.42366e-16 0)
(1.5 3.33938e-16 0)
(1.5 2.18818e-16 0)
(1.5 -3.10076e-16 0)
(1.5 -2.83055e-16 0)
(1.5 3.83302e-14 0)
(1.5 1.15912e-09 0)
(1.5 2.3609e-06 0)
(1.4997 0.000586467 0)
(1.48719 0.0198979 0)
(1.40712 0.139155 0)
(1.20006 0.339071 0)
(1.5 -5.6268e-17 0)
(1.5 -2.70182e-16 0)
(1.5 -3.22873e-16 0)
(1.5 -1.97205e-16 0)
(1.5 -2.93045e-16 0)
(1.5 -3.77443e-16 0)
(1.5 -4.91571e-16 0)
(1.5 -7.40695e-16 0)
(1.5 -2.46313e-16 0)
(1.5 1.88216e-16 0)
(1.5 2.7313e-16 0)
(1.5 1.55961e-16 0)
(1.5 2.33307e-17 0)
(1.5 1.37841e-16 0)
(1.5 -2.10772e-16 0)
(1.5 -3.25859e-17 0)
(1.5 2.9248e-16 0)
(1.5 2.03142e-16 0)
(1.5 5.08699e-16 0)
(1.5 7.08878e-17 0)
(1.5 -1.84117e-17 0)
(1.5 -1.38951e-16 0)
(1.5 -2.8875e-16 0)
(1.5 -4.87981e-16 0)
(1.5 -4.14861e-16 0)
(1.5 -4.0809e-16 0)
(1.5 1.67429e-16 0)
(1.5 2.44057e-16 0)
(1.5 8.80512e-17 0)
(1.5 -1.39634e-16 0)
(1.5 -2.62326e-16 0)
(1.5 -1.24544e-16 0)
(1.5 -2.39017e-16 0)
(1.5 -7.86227e-17 0)
(1.5 1.34233e-16 0)
(1.5 1.92554e-16 0)
(1.5 -9.04461e-17 0)
(1.5 -7.10442e-17 0)
(1.5 7.298e-16 0)
(1.5 1.06383e-15 0)
(1.5 4.34734e-16 0)
(1.5 2.17183e-16 0)
(1.5 8.11166e-14 0)
(1.5 1.57877e-09 0)
(1.5 2.94422e-06 0)
(1.49972 0.000539542 0)
(1.49065 0.0164559 0)
(1.40184 0.128554 0)
(1.5 -1.23881e-16 0)
(1.5 -1.46303e-16 0)
(1.5 -5.64884e-18 0)
(1.5 5.55198e-17 0)
(1.5 5.13084e-17 0)
(1.5 2.24701e-17 0)
(1.5 -1.94948e-16 0)
(1.5 -8.56967e-16 0)
(1.5 -1.02473e-15 0)
(1.5 -5.64611e-16 0)
(1.5 -5.11726e-16 0)
(1.5 -3.35248e-16 0)
(1.5 -3.24832e-16 0)
(1.5 5.10039e-16 0)
(1.5 4.02923e-16 0)
(1.5 5.24366e-17 0)
(1.5 9.18735e-17 0)
(1.5 9.76946e-18 0)
(1.5 -3.43883e-16 0)
(1.5 -3.55013e-16 0)
(1.5 -3.93071e-16 0)
(1.5 -4.45826e-16 0)
(1.5 -4.3245e-16 0)
(1.5 -4.56339e-16 0)
(1.5 -3.72918e-16 0)
(1.5 -5.2985e-16 0)
(1.5 -7.13906e-17 0)
(1.5 -8.84953e-17 0)
(1.5 -9.16959e-17 0)
(1.5 -1.64507e-16 0)
(1.5 -9.61282e-17 0)
(1.5 -2.09009e-16 0)
(1.5 -2.90329e-16 0)
(1.5 -6.51135e-16 0)
(1.5 -8.21466e-16 0)
(1.5 -3.93695e-16 0)
(1.5 1.92383e-16 0)
(1.5 1.30196e-16 0)
(1.5 5.29349e-16 0)
(1.5 1.11916e-15 0)
(1.5 1.06091e-15 0)
(1.5 6.28691e-16 0)
(1.5 1.78484e-16 0)
(1.5 1.20343e-13 0)
(1.5 2.02818e-09 0)
(1.5 2.44231e-06 0)
(1.4998 0.000404688 0)
(1.49116 0.014024 0)
(1.5 5.63219e-17 0)
(1.5 3.69444e-16 0)
(1.5 2.73087e-16 0)
(1.5 2.73191e-16 0)
(1.5 2.37338e-16 0)
(1.5 -2.7363e-16 0)
(1.5 -2.3823e-16 0)
(1.5 -1.85733e-16 0)
(1.5 -1.56671e-16 0)
(1.5 -9.90162e-17 0)
(1.5 -3.30086e-16 0)
(1.5 -4.48853e-16 0)
(1.5 1.16798e-17 0)
(1.5 3.29734e-16 0)
(1.5 2.27015e-16 0)
(1.5 2.81245e-16 0)
(1.5 -7.80991e-17 0)
(1.5 -4.48901e-16 0)
(1.5 -8.94784e-16 0)
(1.5 -5.79889e-16 0)
(1.5 -4.43074e-16 0)
(1.5 -6.91423e-16 0)
(1.5 -4.76769e-16 0)
(1.5 -3.81727e-16 0)
(1.5 -3.63171e-16 0)
(1.5 -3.76092e-16 0)
(1.5 -3.18383e-16 0)
(1.5 -1.21794e-16 0)
(1.5 -1.87053e-16 0)
(1.5 -4.14168e-16 0)
(1.5 -1.92246e-16 0)
(1.5 4.33627e-17 0)
(1.5 2.74878e-17 0)
(1.5 -1.88463e-16 0)
(1.5 -1.90869e-16 0)
(1.5 -2.2064e-16 0)
(1.5 5.74919e-17 0)
(1.5 4.00198e-16 0)
(1.5 4.57317e-16 0)
(1.5 6.52929e-16 0)
(1.5 7.25413e-16 0)
(1.5 6.26298e-16 0)
(1.5 9.20916e-17 0)
(1.5 1.87539e-16 0)
(1.5 1.53501e-13 0)
(1.5 1.43649e-09 0)
(1.5 1.66541e-06 0)
(1.49984 0.000317091 0)
(1.5 1.29836e-16 0)
(1.5 1.81431e-16 0)
(1.5 4.36159e-17 0)
(1.5 -1.29447e-16 0)
(1.5 -1.80527e-16 0)
(1.5 9.52381e-17 0)
(1.5 8.64728e-17 0)
(1.5 3.15898e-16 0)
(1.5 2.76871e-16 0)
(1.5 -1.313e-17 0)
(1.5 -3.64481e-16 0)
(1.5 -2.72252e-16 0)
(1.5 2.26019e-16 0)
(1.5 1.18737e-16 0)
(1.5 1.79778e-16 0)
(1.5 2.95784e-16 0)
(1.5 -1.77302e-16 0)
(1.5 -7.52019e-16 0)
(1.5 -5.60533e-16 0)
(1.5 -4.41602e-16 0)
(1.5 -7.79113e-16 0)
(1.5 -7.92643e-16 0)
(1.5 -6.00959e-16 0)
(1.5 -3.01985e-16 0)
(1.5 -1.07157e-16 0)
(1.5 4.79234e-17 0)
(1.5 -1.99626e-16 0)
(1.5 -2.82977e-16 0)
(1.5 -5.40372e-16 0)
(1.5 -3.25451e-16 0)
(1.5 -2.8266e-16 0)
(1.5 -1.25572e-16 0)
(1.5 -1.3433e-16 0)
(1.5 -6.326e-17 0)
(1.5 9.55037e-17 0)
(1.5 -6.30574e-17 0)
(1.5 6.94753e-17 0)
(1.5 7.90039e-16 0)
(1.5 7.14265e-16 0)
(1.5 4.16627e-16 0)
(1.5 2.8041e-16 0)
(1.5 1.15207e-16 0)
(1.5 -1.51052e-17 0)
(1.5 -3.03552e-16 0)
(1.5 -3.64061e-16 0)
(1.5 9.32263e-14 0)
(1.5 9.0997e-10 0)
(1.5 1.20064e-06 0)
(1.5 3.62029e-17 0)
(1.5 -2.20676e-17 0)
(1.5 8.10739e-17 0)
(1.5 -3.0457e-17 0)
(1.5 2.04988e-16 0)
(1.5 8.91526e-16 0)
(1.5 7.47459e-16 0)
(1.5 8.60608e-16 0)
(1.5 3.49251e-16 0)
(1.5 -2.25052e-17 0)
(1.5 -1.96304e-16 0)
(1.5 -7.89416e-17 0)
(1.5 -3.90699e-16 0)
(1.5 -4.28032e-16 0)
(1.5 -2.13768e-16 0)
(1.5 -2.5478e-16 0)
(1.5 -3.18669e-16 0)
(1.5 -2.2503e-16 0)
(1.5 -2.24601e-17 0)
(1.5 -8.92064e-17 0)
(1.5 -5.27148e-16 0)
(1.5 -5.33384e-16 0)
(1.5 -5.15515e-16 0)
(1.5 -3.78297e-16 0)
(1.5 -2.64917e-17 0)
(1.5 1.45034e-17 0)
(1.5 -1.78182e-16 0)
(1.5 -4.16668e-16 0)
(1.5 -7.15215e-16 0)
(1.5 -2.7834e-16 0)
(1.5 -4.89812e-16 0)
(1.5 -3.47421e-16 0)
(1.5 -4.85536e-16 0)
(1.5 -6.48036e-17 0)
(1.5 -5.06811e-17 0)
(1.5 7.95675e-17 0)
(1.5 1.26821e-16 0)
(1.5 7.0492e-16 0)
(1.5 2.91481e-16 0)
(1.5 -2.50055e-16 0)
(1.5 -5.05106e-18 0)
(1.5 -8.09693e-17 0)
(1.5 1.42878e-16 0)
(1.5 -9.38231e-17 0)
(1.5 -9.23006e-16 0)
(1.5 -8.72896e-16 0)
(1.5 5.86217e-14 0)
(1.5 5.90404e-10 0)
(1.5 -8.45009e-17 0)
(1.5 -1.42178e-16 0)
(1.5 4.62318e-16 0)
(1.5 5.20074e-16 0)
(1.5 1.14305e-15 0)
(1.5 1.0983e-15 0)
(1.5 9.7869e-16 0)
(1.5 5.77451e-16 0)
(1.5 1.25203e-16 0)
(1.5 9.00252e-18 0)
(1.5 3.52634e-17 0)
(1.5 -1.85651e-16 0)
(1.5 -7.40169e-16 0)
(1.5 -8.81854e-16 0)
(1.5 -3.85354e-16 0)
(1.5 -4.33737e-16 0)
(1.5 -3.50943e-16 0)
(1.5 3.06142e-17 0)
(1.5 2.14805e-16 0)
(1.5 2.10495e-16 0)
(1.5 -2.72768e-16 0)
(1.5 -6.39501e-18 0)
(1.5 -8.43806e-17 0)
(1.5 -1.51287e-16 0)
(1.5 -1.71427e-16 0)
(1.5 -1.54199e-16 0)
(1.5 -3.16766e-16 0)
(1.5 -3.80863e-16 0)
(1.5 -4.47586e-16 0)
(1.5 -5.99954e-16 0)
(1.5 -4.49723e-16 0)
(1.5 -2.08714e-16 0)
(1.5 -4.19335e-16 0)
(1.5 -6.7619e-17 0)
(1.5 -1.55787e-16 0)
(1.5 6.88143e-17 0)
(1.5 4.55938e-17 0)
(1.5 -1.94293e-16 0)
(1.5 -7.5698e-17 0)
(1.5 -1.23574e-16 0)
(1.5 -2.96802e-16 0)
(1.5 -2.69144e-16 0)
(1.5 -3.58166e-16 0)
(1.5 -4.39515e-16 0)
(1.5 -6.26717e-16 0)
(1.5 -9.70493e-16 0)
(1.5 -9.05189e-16 0)
(1.5 3.59314e-14 0)
(1.5 -4.66447e-18 0)
(1.5 -1.57419e-16 0)
(1.5 5.01496e-16 0)
(1.5 6.49742e-16 0)
(1.5 8.07504e-16 0)
(1.5 7.58219e-16 0)
(1.5 3.53916e-16 0)
(1.5 -2.00641e-16 0)
(1.5 -2.52614e-16 0)
(1.5 1.93181e-17 0)
(1.5 8.1242e-18 0)
(1.5 -3.17118e-16 0)
(1.5 -8.92325e-16 0)
(1.5 -5.77183e-16 0)
(1.5 -2.78388e-16 0)
(1.5 -1.20517e-16 0)
(1.5 -1.62348e-18 0)
(1.5 6.90167e-17 0)
(1.5 1.57144e-16 0)
(1.5 1.19513e-16 0)
(1.5 -1.70225e-16 0)
(1.5 -3.81819e-16 0)
(1.5 2.20075e-16 0)
(1.5 6.17399e-17 0)
(1.5 -4.21554e-17 0)
(1.5 -3.43433e-16 0)
(1.5 -4.62561e-16 0)
(1.5 -2.5208e-16 0)
(1.5 -1.05799e-17 0)
(1.5 9.36627e-17 0)
(1.5 5.88992e-17 0)
(1.5 -1.91259e-16 0)
(1.5 -8.98329e-17 0)
(1.5 -2.2874e-16 0)
(1.5 -2.27563e-16 0)
(1.5 -6.50853e-17 0)
(1.5 -2.00818e-16 0)
(1.5 -7.34498e-16 0)
(1.5 -4.15319e-16 0)
(1.5 2.06585e-17 0)
(1.5 -3.16006e-16 0)
(1.5 -4.78617e-16 0)
(1.5 -4.89925e-16 0)
(1.5 -3.60581e-16 0)
(1.5 -4.45909e-16 0)
(1.5 -6.30614e-16 0)
(1.5 -9.28752e-16 0)
(1.5 -9.14445e-16 0)
(1.5 2.33992e-16 0)
(1.5 3.02115e-16 0)
(1.5 1.36053e-16 0)
(1.5 5.29649e-16 0)
(1.5 4.84381e-16 0)
(1.5 3.94712e-16 0)
(1.5 4.86852e-16 0)
(1.5 4.59869e-16 0)
(1.5 3.85361e-16 0)
(1.5 1.70514e-16 0)
(1.5 -1.20896e-16 0)
(1.5 -1.28482e-16 0)
(1.5 -3.51067e-16 0)
(1.5 -3.5181e-16 0)
(1.5 -4.39568e-16 0)
(1.5 6.81513e-17 0)
(1.5 3.12457e-17 0)
(1.5 3.32484e-16 0)
(1.5 9.28026e-17 0)
(1.5 -1.07497e-16 0)
(1.5 -1.75345e-16 0)
(1.5 -4.17694e-16 0)
(1.5 -1.03675e-16 0)
(1.5 4.14098e-18 0)
(1.5 2.75245e-16 0)
(1.5 1.90636e-16 0)
(1.5 -2.00957e-17 0)
(1.5 4.82309e-17 0)
(1.5 4.04783e-16 0)
(1.5 4.26336e-16 0)
(1.5 4.49665e-16 0)
(1.5 1.37589e-16 0)
(1.5 2.23137e-16 0)
(1.5 4.44779e-16 0)
(1.5 4.78805e-16 0)
(1.5 7.65125e-17 0)
(1.5 -5.20929e-18 0)
(1.5 -2.31006e-16 0)
(1.5 -4.11328e-16 0)
(1.5 -6.14948e-16 0)
(1.5 -2.68428e-16 0)
(1.5 3.11826e-17 0)
(1.5 1.60405e-16 0)
(1.5 1.95138e-16 0)
(1.5 -6.3459e-17 0)
(1.5 -3.97802e-16 0)
(1.5 -8.4758e-16 0)
(1.5 -1.07353e-15 0)
(1.5 2.90139e-16 0)
(1.5 4.75641e-16 0)
(1.5 3.68511e-16 0)
(1.5 9.29258e-16 0)
(1.5 7.71193e-16 0)
(1.5 -1.58965e-16 0)
(1.5 -1.96351e-16 0)
(1.5 1.82084e-16 0)
(1.5 5.72613e-16 0)
(1.5 3.66564e-16 0)
(1.5 -6.76954e-17 0)
(1.5 4.40815e-17 0)
(1.5 5.59662e-16 0)
(1.5 -3.03427e-16 0)
(1.5 -4.86552e-16 0)
(1.5 -1.11834e-16 0)
(1.5 -1.00521e-16 0)
(1.5 -2.30053e-16 0)
(1.5 -3.02304e-18 0)
(1.5 -4.58828e-16 0)
(1.5 -2.73573e-16 0)
(1.5 9.5888e-17 0)
(1.5 7.4761e-17 0)
(1.5 3.66882e-16 0)
(1.5 6.44456e-16 0)
(1.5 7.57712e-16 0)
(1.5 5.65057e-16 0)
(1.5 4.28792e-16 0)
(1.5 3.24726e-16 0)
(1.5 5.98483e-16 0)
(1.5 3.14315e-16 0)
(1.5 2.93882e-16 0)
(1.5 6.63112e-16 0)
(1.5 6.69082e-16 0)
(1.5 5.32039e-16 0)
(1.5 1.14316e-17 0)
(1.5 -1.76309e-16 0)
(1.5 -8.65723e-17 0)
(1.5 -3.49962e-16 0)
(1.5 -5.28856e-16 0)
(1.5 -1.11103e-16 0)
(1.5 6.11284e-18 0)
(1.5 1.10396e-16 0)
(1.5 -2.85248e-16 0)
(1.5 8.28372e-17 0)
(1.5 -3.51363e-16 0)
(1.5 -9.0397e-16 0)
(1.5 -7.58345e-16 0)
(1.5 -2.04041e-17 0)
(1.5 -1.0417e-16 0)
(1.5 9.01179e-17 0)
(1.5 1.77544e-16 0)
(1.5 1.05553e-16 0)
(1.5 -3.37844e-16 0)
(1.5 -4.24341e-16 0)
(1.5 2.3534e-17 0)
(1.5 2.14183e-16 0)
(1.5 7.68773e-16 0)
(1.5 6.10901e-16 0)
(1.5 4.10413e-16 0)
(1.5 4.92958e-16 0)
(1.5 3.31327e-16 0)
(1.5 2.83776e-16 0)
(1.5 -1.57867e-16 0)
(1.5 -2.77575e-17 0)
(1.5 -2.87122e-16 0)
(1.5 -1.35317e-16 0)
(1.5 -1.54003e-16 0)
(1.5 3.62803e-16 0)
(1.5 7.20652e-16 0)
(1.5 7.3761e-16 0)
(1.5 6.59181e-16 0)
(1.5 2.77247e-16 0)
(1.5 2.52803e-16 0)
(1.5 3.3016e-17 0)
(1.5 1.36136e-16 0)
(1.5 9.80291e-17 0)
(1.5 -5.3676e-16 0)
(1.5 -5.54852e-16 0)
(1.5 -1.32205e-17 0)
(1.5 3.18881e-16 0)
(1.5 4.0728e-16 0)
(1.5 -1.54538e-16 0)
(1.5 -3.80904e-16 0)
(1.5 -5.10649e-16 0)
(1.5 -1.92462e-16 0)
(1.5 -6.64174e-16 0)
(1.5 -5.33984e-17 0)
(1.5 -5.68184e-17 0)
(1.5 -1.63431e-16 0)
(1.5 7.14685e-17 0)
(1.5 2.79765e-16 0)
(1.5 4.55137e-16 0)
(1.5 2.92996e-16 0)
(1.5 -1.02584e-16 0)
(1.5 -5.69876e-16 0)
(1.5 1.12391e-16 0)
(1.5 -4.66658e-17 0)
(1.5 -1.87453e-16 0)
(1.5 -2.76585e-16 0)
(1.5 -5.02208e-16 0)
(1.5 -5.05717e-16 0)
(1.5 -5.12388e-16 0)
(1.5 -6.37384e-16 0)
(1.5 1.04616e-16 0)
(1.5 8.01419e-16 0)
(1.5 1.14635e-15 0)
(1.5 1.04772e-15 0)
(1.5 4.51033e-16 0)
(1.5 3.84021e-16 0)
(1.5 2.30191e-16 0)
(1.5 -3.04809e-16 0)
(1.5 -5.83537e-17 0)
(1.5 -5.77656e-17 0)
(1.5 -2.64066e-16 0)
(1.5 8.82335e-17 0)
(1.5 6.72484e-16 0)
(1.5 8.10877e-16 0)
(1.5 6.7901e-16 0)
(1.5 5.83106e-16 0)
(1.5 2.45141e-16 0)
(1.5 5.41267e-17 0)
(1.5 -1.20794e-16 0)
(1.5 -3.68464e-16 0)
(1.5 2.01553e-16 0)
(1.5 -3.4214e-16 0)
(1.5 1.19793e-16 0)
(1.5 5.83295e-17 0)
(1.5 -1.67811e-16 0)
(1.5 -1.92448e-16 0)
(1.5 -2.6291e-16 0)
(1.5 1.01851e-17 0)
(1.5 -1.90073e-17 0)
(1.5 -1.65345e-16 0)
(1.5 -4.51698e-16 0)
(1.5 -1.34174e-17 0)
(1.5 -4.68717e-17 0)
(1.5 -3.23142e-16 0)
(1.5 -1.65516e-17 0)
(1.5 7.05413e-16 0)
(1.5 6.17579e-16 0)
(1.5 5.79064e-16 0)
(1.5 7.25401e-16 0)
(1.5 3.12853e-17 0)
(1.5 -7.94413e-17 0)
(1.5 -1.77545e-16 0)
(1.5 -1.12658e-16 0)
(1.5 -1.49851e-16 0)
(1.5 -6.67489e-16 0)
(1.5 -4.17439e-16 0)
(1.5 -2.94874e-18 0)
(1.5 -4.19708e-16 0)
(1.5 -1.06143e-16 0)
(1.5 4.30223e-16 0)
(1.5 1.09781e-15 0)
(1.5 7.61481e-16 0)
(1.5 6.02841e-16 0)
(1.5 5.05932e-16 0)
(1.5 -5.25467e-16 0)
(1.5 -7.39038e-16 0)
(1.5 -5.14152e-16 0)
(1.5 1.46251e-16 0)
(1.5 7.00783e-17 0)
(1.5 4.32382e-16 0)
(1.5 2.82699e-16 0)
(1.5 2.6858e-16 0)
(1.5 3.38186e-16 0)
(1.5 8.22501e-16 0)
(1.5 6.18405e-16 0)
(1.5 8.30013e-17 0)
(1.5 3.27984e-16 0)
(1.5 1.21405e-16 0)
(1.5 4.54339e-16 0)
(1.5 7.23352e-16 0)
(1.5 6.51305e-16 0)
(1.5 6.11825e-16 0)
(1.5 -1.56799e-16 0)
(1.5 -2.40475e-16 0)
(1.5 1.5429e-16 0)
(1.5 4.87331e-16 0)
(1.5 4.14499e-16 0)
(1.5 1.60631e-16 0)
(1.5 3.65484e-16 0)
(1.5 5.74249e-16 0)
(1.5 4.78307e-16 0)
(1.5 8.88781e-17 0)
(1.5 2.57272e-17 0)
(1.5 3.09368e-16 0)
(1.5 5.1355e-16 0)
(1.5 7.74447e-16 0)
(1.5 8.72644e-16 0)
(1.5 6.57713e-16 0)
(1.5 -3.03275e-16 0)
(1.5 -3.00417e-16 0)
(1.5 -6.16796e-17 0)
(1.5 2.85528e-17 0)
(1.5 -2.13001e-17 0)
(1.5 -1.76945e-16 0)
(1.5 -2.67927e-16 0)
(1.5 -2.02778e-16 0)
(1.5 -8.60995e-17 0)
(1.5 2.0679e-16 0)
(1.5 3.82188e-16 0)
(1.5 4.66847e-16 0)
(1.5 7.56602e-16 0)
(1.5 4.87952e-16 0)
(1.5 -2.39266e-16 0)
(1.5 -3.36305e-16 0)
(1.5 1.5758e-17 0)
(1.5 4.13834e-16 0)
(1.5 4.03854e-16 0)
(1.5 -6.85629e-17 0)
(1.5 1.09448e-16 0)
(1.5 2.54491e-16 0)
(1.5 3.6874e-16 0)
(1.5 7.07459e-16 0)
(1.5 2.80117e-16 0)
(1.5 1.49428e-16 0)
(1.5 -1.86533e-16 0)
(1.5 1.60992e-17 0)
(1.5 3.30016e-16 0)
(1.5 6.57081e-16 0)
(1.5 3.59568e-16 0)
(1.5 6.94859e-16 0)
(1.5 4.16683e-16 0)
(1.5 4.53007e-16 0)
(1.5 8.09443e-17 0)
(1.5 -1.11253e-16 0)
(1.5 2.2314e-16 0)
(1.5 4.03782e-16 0)
(1.5 7.79832e-16 0)
(1.5 8.84291e-16 0)
(1.5 7.80009e-16 0)
(1.5 9.84583e-16 0)
(1.5 5.11056e-16 0)
(1.5 6.56684e-17 0)
(1.5 4.67641e-16 0)
(1.5 7.7509e-16 0)
(1.5 6.13506e-16 0)
(1.5 5.5673e-16 0)
(1.5 -5.20971e-17 0)
(1.5 -7.59357e-17 0)
(1.5 -7.60132e-18 0)
(1.5 -1.07784e-16 0)
(1.5 -5.48067e-17 0)
(1.5 -2.12861e-16 0)
(1.5 -2.5237e-16 0)
(1.5 1.03016e-17 0)
(1.5 4.90745e-17 0)
(1.5 -4.42127e-17 0)
(1.5 -2.17301e-16 0)
(1.5 5.1143e-17 0)
(1.5 5.72592e-16 0)
(1.5 3.84464e-16 0)
(1.5 -1.05207e-16 0)
(1.5 -1.14152e-16 0)
(1.5 -6.06866e-17 0)
(1.5 -1.72688e-16 0)
(1.5 -2.68878e-16 0)
(1.5 -1.78305e-16 0)
(1.5 1.81868e-16 0)
(1.5 6.07246e-16 0)
(1.5 9.78831e-16 0)
(1.5 6.40055e-16 0)
(1.5 2.42494e-16 0)
(1.5 8.41436e-17 0)
(1.5 -1.55473e-16 0)
(1.5 1.68761e-16 0)
(1.5 2.15773e-16 0)
(1.5 2.40232e-17 0)
(1.5 3.009e-16 0)
(1.5 4.67248e-16 0)
(1.5 4.94891e-16 0)
(1.5 9.14665e-17 0)
(1.5 -1.51451e-16 0)
(1.5 -4.37658e-16 0)
(1.5 9.45611e-18 0)
(1.5 6.34834e-16 0)
(1.5 1.1132e-15 0)
(1.5 9.73118e-16 0)
(1.5 1.0598e-15 0)
(1.5 1.65331e-15 0)
(1.5 1.0937e-15 0)
(1.5 3.2143e-16 0)
(1.5 2.31134e-16 0)
(1.5 3.39569e-16 0)
(1.5 8.17219e-16 0)
(1.5 6.84682e-16 0)
(1.5 -7.30864e-17 0)
(1.5 4.60794e-18 0)
(1.5 -3.5614e-16 0)
(1.5 -5.9217e-16 0)
(1.5 -4.55233e-16 0)
(1.5 -7.42224e-17 0)
(1.5 4.45204e-16 0)
(1.5 4.04866e-16 0)
(1.5 2.6158e-16 0)
(1.5 1.05951e-16 0)
(1.5 3.75554e-16 0)
(1.5 4.25264e-16 0)
(1.5 4.75987e-16 0)
(1.5 6.59001e-17 0)
(1.5 -2.07461e-16 0)
(1.5 -2.54505e-16 0)
(1.5 -5.48439e-16 0)
(1.5 -5.44175e-16 0)
(1.5 -4.4926e-16 0)
(1.5 1.95527e-16 0)
(1.5 8.19341e-16 0)
(1.5 9.20164e-16 0)
(1.5 9.57633e-16 0)
(1.5 2.76335e-16 0)
(1.5 1.09244e-16 0)
(1.5 -4.1987e-16 0)
(1.5 -3.68796e-16 0)
(1.5 6.69576e-17 0)
(1.5 -1.26275e-16 0)
(1.5 1.22372e-16 0)
(1.5 5.242e-16 0)
(1.5 1.6565e-16 0)
(1.5 -1.0472e-16 0)
(1.5 -3.95889e-16 0)
(1.5 -6.21923e-16 0)
(1.5 -4.98402e-16 0)
(1.5 -1.34144e-16 0)
(1.5 4.58728e-16 0)
(1.5 4.49835e-16 0)
(1.5 5.53228e-16 0)
(1.5 9.89899e-16 0)
(1.5 1.54735e-15 0)
(1.5 1.29081e-15 0)
(1.5 7.75533e-16 0)
(1.5 4.67599e-16 0)
(1.5 4.70696e-16 0)
(1.5 6.98717e-16 0)
(1.5 7.50175e-16 0)
(1.5 -6.78296e-17 0)
(1.5 6.97591e-17 0)
(1.5 -1.39462e-16 0)
(1.5 -1.84487e-16 0)
(1.5 -1.89303e-16 0)
(1.5 2.25085e-16 0)
(1.5 5.70733e-16 0)
(1.5 6.89675e-16 0)
(1.5 7.64378e-16 0)
(1.5 3.25361e-16 0)
(1.5 4.20095e-16 0)
(1.5 7.16917e-16 0)
(1.5 3.10645e-16 0)
(1.5 -1.04508e-16 0)
(1.5 -3.02204e-16 0)
(1.5 -4.04978e-16 0)
(1.5 -3.04968e-16 0)
(1.5 -4.28564e-16 0)
(1.5 -7.92223e-17 0)
(1.5 6.95004e-16 0)
(1.5 8.92938e-16 0)
(1.5 8.0548e-16 0)
(1.5 5.60113e-16 0)
(1.5 8.88664e-17 0)
(1.5 -2.09755e-16 0)
(1.5 -3.08688e-16 0)
(1.5 -4.42567e-16 0)
(1.5 -3.97451e-16 0)
(1.5 -9.11148e-16 0)
(1.5 1.4521e-16 0)
(1.5 1.12377e-16 0)
(1.5 -8.48309e-17 0)
(1.5 -1.07421e-16 0)
(1.5 -9.40807e-17 0)
(1.5 -1.72931e-16 0)
(1.5 1.85868e-18 0)
(1.5 -1.3611e-16 0)
(1.5 -8.28755e-17 0)
(1.5 -2.82893e-16 0)
(1.5 1.32746e-16 0)
(1.5 1.17341e-15 0)
(1.5 1.19649e-15 0)
(1.5 8.65891e-16 0)
(1.5 5.5381e-16 0)
(1.5 1.39367e-16 0)
(1.5 3.54713e-16 0)
(1.5 2.96797e-16 0)
(1.5 2.02648e-18 0)
(1.5 2.77508e-17 0)
(1.5 -1.50105e-19 0)
(1.5 1.93919e-16 0)
(1.5 5.29472e-17 0)
(1.5 -1.92078e-17 0)
(1.5 -5.06102e-18 0)
(1.5 1.89781e-16 0)
(1.5 5.23294e-16 0)
(1.5 5.45964e-16 0)
(1.5 2.64575e-16 0)
(1.5 2.60673e-16 0)
(1.5 2.909e-16 0)
(1.5 1.59068e-16 0)
(1.5 -2.38774e-17 0)
(1.5 -1.79781e-16 0)
(1.5 -3.85196e-16 0)
(1.5 -1.07228e-16 0)
(1.5 -5.8279e-17 0)
(1.5 3.00515e-16 0)
(1.5 5.12589e-16 0)
(1.5 4.20409e-16 0)
(1.5 4.31037e-16 0)
(1.5 2.63106e-16 0)
(1.5 3.34584e-16 0)
(1.5 1.87601e-17 0)
(1.5 1.06608e-16 0)
(1.5 1.25374e-16 0)
(1.5 -2.0739e-16 0)
(1.5 -4.37546e-16 0)
(1.5 -1.31853e-16 0)
(1.5 -1.77413e-16 0)
(1.5 -6.84873e-17 0)
(1.5 -1.06518e-16 0)
(1.5 -1.82555e-16 0)
(1.5 -1.48843e-16 0)
(1.5 1.48226e-16 0)
(1.5 -2.62891e-17 0)
(1.5 -2.40409e-16 0)
(1.5 -1.65578e-16 0)
(1.5 6.97963e-17 0)
(1.5 5.1348e-16 0)
(1.5 4.72738e-16 0)
(1.5 6.62819e-16 0)
(1.5 1.96909e-16 0)
(1.5 5.64076e-17 0)
(1.5 2.85263e-16 0)
(1.5 1.66428e-16 0)
(1.5 -1.45705e-16 0)
(1.13269 1.05475 0)
(1.15178 1.24288 0)
(1.57104 1.00006 0)
(1.97091 0.687537 0)
(2.00927 0.390572 0)
(2.07413 0.0361312 0)
(2.10381 -0.19821 0)
(1.89874 -0.355053 0)
(1.77689 -0.391364 0)
(1.76601 -0.41387 0)
(1.89022 -0.365156 0)
(1.9858 -0.265373 0)
(1.99231 -0.213348 0)
(1.95913 -0.236318 0)
(1.95918 -0.229209 0)
(1.91815 -0.179894 0)
(1.86208 -0.137169 0)
(1.80841 -0.0873882 0)
(1.76954 -0.0651032 0)
(1.76203 -0.0469719 0)
(1.80079 -0.0360793 0)
(1.81143 -0.0312828 0)
(1.79137 -0.0218492 0)
(1.76374 -0.0184289 0)
(1.72564 -0.0213878 0)
(1.69638 -0.0253059 0)
(1.68528 -0.0223727 0)
(1.69831 -0.0169142 0)
(1.69533 -0.0151242 0)
(1.66911 -0.0166515 0)
(1.60962 -0.0150375 0)
(1.49788 -0.00122887 0)
(1.41052 0.0107835 0)
(1.37245 0.0132011 0)
(1.36059 0.0115482 0)
(1.34318 0.008678 0)
(1.32331 0.00698679 0)
(1.30328 0.00506047 0)
(1.288 0.00407602 0)
(1.27874 0.00365954 0)
(1.27498 0.00286958 0)
(1.27607 0.0019402 0)
(1.27336 0.00158318 0)
(1.26798 0.00171876 0)
(1.25877 0.00269894 0)
(1.25264 0.00364202 0)
(1.24834 0.00401468 0)
(1.24426 0.00428873 0)
(1.24049 0.00450787 0)
(1.23614 0.00483837 0)
(1.23014 0.00532767 0)
(1.22283 0.00578931 0)
(1.21636 0.00569115 0)
(1.21146 0.00524434 0)
(1.20498 0.00516006 0)
(1.19371 0.005188 0)
(1.17853 0.00490989 0)
(1.17007 0.00433511 0)
(1.16605 0.00397623 0)
(1.16314 0.00383135 0)
(1.1604 0.00366082 0)
(1.1566 0.00290638 0)
(1.15194 0.00167153 0)
(1.14828 0.000305533 0)
(1.14774 -0.000920171 0)
(1.15254 -0.00187053 0)
(1.16192 -0.00314197 0)
(1.16943 -0.0046001 0)
(1.17124 -0.00497328 0)
(1.17011 -0.00462618 0)
(1.16931 -0.00445352 0)
(1.17173 -0.00473355 0)
(1.18029 -0.00528915 0)
(1.19622 -0.00592923 0)
(1.21844 -0.00757568 0)
(1.23859 -0.0108012 0)
(1.24954 -0.0119062 0)
(1.25537 -0.0103671 0)
(1.26043 -0.00831603 0)
(1.26679 -0.00650517 0)
(1.27547 -0.00583745 0)
(1.28636 -0.00591558 0)
(1.29846 -0.00637842 0)
(1.31229 -0.00809099 0)
(1.32657 -0.0104342 0)
(1.34048 -0.011609 0)
(1.35444 -0.0118599 0)
(1.37031 -0.0107475 0)
(1.38804 -0.00910019 0)
(1.40339 -0.00738772 0)
(1.41463 -0.00637934 0)
(1.42329 -0.0059453 0)
(1.43055 -0.0055141 0)
(1.43742 -0.00499841 0)
(1.44517 -0.00454481 0)
(1.45493 -0.00431339 0)
(1.46625 -0.00421936 0)
(1.47222 -0.00393115 0)
(1.47533 -0.00364986 0)
(1.47842 -0.00331415 0)
(1.48113 -0.00287787 0)
(1.48372 -0.00241141 0)
(1.48659 -0.00198208 0)
(1.49155 -0.00167252 0)
(1.49767 -0.00153947 0)
(1.50109 -0.00141622 0)
(1.50223 -0.00127734 0)
(1.50329 -0.00114871 0)
(1.5042 -0.000993052 0)
(1.50516 -0.000846089 0)
(1.50675 -0.000724825 0)
(1.50911 -0.000661157 0)
(1.51083 -0.000628018 0)
(1.51125 -0.000602138 0)
(1.51159 -0.000557423 0)
(1.5117 -0.000485706 0)
(1.51183 -0.000407183 0)
(1.51208 -0.000365358 0)
(1.51234 -0.000311821 0)
(1.51279 -0.000243363 0)
(1.51378 -0.000196241 0)
(1.5151 -0.000183341 0)
(1.51565 -0.000167542 0)
(1.51574 -0.000155821 0)
(1.5158 -0.000125402 0)
(1.51581 -8.80582e-05 0)
(1.51587 -6.80992e-05 0)
(1.51592 -5.21678e-05 0)
(1.51605 -2.98454e-05 0)
(1.51618 -8.4068e-06 0)
(1.5162 -9.42234e-07 0)
(1.51618 5.682e-06 0)
(1.51607 1.58183e-05 0)
(1.51583 3.06846e-05 0)
(1.51567 4.68374e-05 0)
(1.51565 5.41565e-05 0)
(1.51566 6.14381e-05 0)
(1.51578 6.23282e-05 0)
(1.516 5.73908e-05 0)
(1.51606 5.72511e-05 0)
(1.51601 5.88359e-05 0)
(1.51587 5.65115e-05 0)
(1.51539 2.56935e-05 0)
(1.51404 3.75986e-06 0)
(1.51144 1.31035e-05 0)
(1.50909 4.26463e-05 0)
(1.5085 6.30949e-05 0)
(1.50847 7.05765e-05 0)
(1.50846 8.36658e-05 0)
(1.5085 0.000102452 0)
(1.50874 0.000117908 0)
(1.50938 0.000117299 0)
(1.51017 9.5764e-05 0)
(1.51038 8.04947e-05 0)
(1.51034 7.43737e-05 0)
(1.51025 6.08976e-05 0)
(1.50993 4.29053e-05 0)
(1.50899 3.09958e-05 0)
(1.50673 2.7045e-05 0)
(1.50305 1.28478e-05 0)
(1.50046 1.81708e-06 0)
(1.50001 3.8142e-08 0)
(1.5 5.3788e-11 0)
(1.5 2.08674e-15 0)
(1.5 -3.27073e-16 0)
(1.5 -6.18869e-16 0)
(1.5 -1.32128e-16 0)
(1.5 -5.23727e-17 0)
(1.5 -8.6879e-17 0)
(1.5 -2.63386e-16 0)
(1.5 -2.40155e-16 0)
(1.5 -4.11489e-16 0)
(1.5 -2.74565e-16 0)
(1.5 1.06423e-16 0)
(1.5 1.56106e-17 0)
(1.5 -1.43818e-17 0)
(1.5 2.16848e-16 0)
(1.5 5.31769e-16 0)
(1.5 1.81066e-16 0)
(1.5 3.07901e-16 0)
(1.5 2.38796e-16 0)
(1.5 1.27877e-16 0)
(1.5 -7.57894e-17 0)
(1.5 -1.60299e-16 0)
(1.5 -3.87608e-18 0)
(1.5 8.12817e-17 0)
(1.5 6.4745e-17 0)
(1.5 4.01873e-17 0)
(1.5 3.25699e-16 0)
(1.5 3.27164e-16 0)
(1.5 -1.05813e-17 0)
(1.5 -2.50496e-16 0)
(1.39915 0.964553 0)
(1.75973 0.94984 0)
(2.05019 0.474162 0)
(2.17282 0.0351046 0)
(2.15079 -0.0804678 0)
(2.27814 -0.249848 0)
(2.31338 -0.456081 0)
(2.26484 -0.573138 0)
(2.2364 -0.592171 0)
(2.19622 -0.579784 0)
(2.11206 -0.538974 0)
(2.05986 -0.440659 0)
(2.07717 -0.306399 0)
(2.07029 -0.282635 0)
(2.04109 -0.298591 0)
(1.98358 -0.24441 0)
(1.90482 -0.166433 0)
(1.86924 -0.104703 0)
(1.83942 -0.0614948 0)
(1.83184 -0.0261143 0)
(1.84694 -0.0231144 0)
(1.84537 -0.0150723 0)
(1.82648 -0.0143271 0)
(1.79376 -0.0215541 0)
(1.76186 -0.0325605 0)
(1.73711 -0.0418424 0)
(1.73017 -0.0319617 0)
(1.74101 -0.007759 0)
(1.73267 -0.00724287 0)
(1.70831 -0.0131094 0)
(1.65459 -0.00479752 0)
(1.54516 0.0197096 0)
(1.45099 0.0356871 0)
(1.4058 0.0330835 0)
(1.38882 0.023778 0)
(1.37042 0.0122944 0)
(1.35041 0.00668014 0)
(1.33043 0.00282068 0)
(1.31533 0.00290164 0)
(1.30595 0.00391017 0)
(1.30007 0.00513464 0)
(1.29754 0.00364825 0)
(1.29369 0.00111382 0)
(1.28852 -0.000494378 0)
(1.27989 5.09983e-05 0)
(1.27315 0.00325349 0)
(1.26856 0.00628298 0)
(1.26425 0.00895548 0)
(1.25949 0.0123127 0)
(1.2531 0.0155053 0)
(1.24529 0.0165332 0)
(1.23672 0.0152815 0)
(1.22914 0.0117594 0)
(1.22403 0.00770049 0)
(1.21866 0.00538393 0)
(1.20995 0.00504578 0)
(1.19592 0.00732998 0)
(1.18401 0.00850221 0)
(1.17908 0.00780203 0)
(1.17521 0.00641137 0)
(1.17289 0.00489157 0)
(1.17091 0.00341228 0)
(1.16822 0.00235823 0)
(1.16535 0.00196735 0)
(1.16377 0.00192822 0)
(1.16522 0.000946276 0)
(1.17109 -0.00241836 0)
(1.17926 -0.00757486 0)
(1.18474 -0.0118019 0)
(1.18746 -0.0134928 0)
(1.18939 -0.0141674 0)
(1.19339 -0.0148731 0)
(1.20239 -0.015731 0)
(1.21692 -0.0176412 0)
(1.23349 -0.0212276 0)
(1.24984 -0.0236996 0)
(1.26437 -0.0239072 0)
(1.27309 -0.0207242 0)
(1.27846 -0.0149382 0)
(1.28428 -0.00917375 0)
(1.29152 -0.00631791 0)
(1.30042 -0.00823421 0)
(1.31099 -0.0138594 0)
(1.32155 -0.019471 0)
(1.33243 -0.0239951 0)
(1.34488 -0.0281857 0)
(1.35967 -0.0302127 0)
(1.37431 -0.028769 0)
(1.38779 -0.023136 0)
(1.40018 -0.0171616 0)
(1.41077 -0.0138935 0)
(1.41966 -0.0127563 0)
(1.42721 -0.0120703 0)
(1.43443 -0.0110983 0)
(1.44232 -0.00990784 0)
(1.45193 -0.00909625 0)
(1.4633 -0.00859072 0)
(1.4703 -0.00793818 0)
(1.47342 -0.00740763 0)
(1.47655 -0.00693831 0)
(1.47934 -0.00632083 0)
(1.48208 -0.00556364 0)
(1.48526 -0.00469847 0)
(1.49032 -0.00379323 0)
(1.49644 -0.00314255 0)
(1.50021 -0.00280514 0)
(1.50151 -0.0025888 0)
(1.50256 -0.00241208 0)
(1.50352 -0.00220301 0)
(1.50456 -0.00198059 0)
(1.50619 -0.00172403 0)
(1.5086 -0.00145912 0)
(1.51047 -0.00125349 0)
(1.51095 -0.00115305 0)
(1.5113 -0.00105102 0)
(1.51143 -0.000933045 0)
(1.51158 -0.000848618 0)
(1.51183 -0.00081329 0)
(1.51209 -0.000745269 0)
(1.51257 -0.000650636 0)
(1.51357 -0.00053125 0)
(1.51493 -0.00042195 0)
(1.51556 -0.000346807 0)
(1.51566 -0.000318427 0)
(1.51572 -0.000262802 0)
(1.51576 -0.000207312 0)
(1.51582 -0.000175351 0)
(1.51589 -0.00013891 0)
(1.51603 -9.23635e-05 0)
(1.51617 -4.43247e-05 0)
(1.5162 -2.05018e-05 0)
(1.51619 9.06645e-07 0)
(1.51609 2.62697e-05 0)
(1.51586 4.34645e-05 0)
(1.5157 5.59811e-05 0)
(1.51568 6.4798e-05 0)
(1.51569 8.06059e-05 0)
(1.5158 0.000112159 0)
(1.51602 0.000151847 0)
(1.51607 0.000169147 0)
(1.51604 0.000172376 0)
(1.5159 0.000169244 0)
(1.51542 0.000159171 0)
(1.51411 0.000120579 0)
(1.51155 8.06135e-05 0)
(1.50916 7.20366e-05 0)
(1.50853 7.70061e-05 0)
(1.50849 8.33205e-05 0)
(1.50848 9.44678e-05 0)
(1.50853 0.000109702 0)
(1.50879 0.000129549 0)
(1.50944 0.000162578 0)
(1.51024 0.000194455 0)
(1.51045 0.000208202 0)
(1.51042 0.000211427 0)
(1.51032 0.00021735 0)
(1.51001 0.000217132 0)
(1.50908 0.000191256 0)
(1.50677 0.000142694 0)
(1.50301 6.63828e-05 0)
(1.50044 9.83905e-06 0)
(1.50001 2.11358e-07 0)
(1.5 2.94986e-10 0)
(1.5 1.19346e-14 0)
(1.5 -6.09508e-16 0)
(1.5 -1.02627e-15 0)
(1.5 -1.73469e-16 0)
(1.5 7.53688e-17 0)
(1.5 -1.26752e-16 0)
(1.5 -2.8387e-16 0)
(1.5 -5.33407e-16 0)
(1.5 -7.56362e-16 0)
(1.5 -3.54121e-16 0)
(1.5 1.99479e-16 0)
(1.5 -1.43766e-17 0)
(1.5 -1.07894e-16 0)
(1.5 4.65158e-16 0)
(1.5 1.03648e-15 0)
(1.5 3.40967e-16 0)
(1.5 3.43128e-16 0)
(1.5 -1.02482e-16 0)
(1.5 -5.28788e-17 0)
(1.5 3.45788e-17 0)
(1.5 -5.02494e-16 0)
(1.5 -3.69887e-17 0)
(1.5 1.66578e-16 0)
(1.5 1.0571e-17 0)
(1.5 1.60962e-16 0)
(1.5 2.02106e-16 0)
(1.5 -3.27393e-16 0)
(1.5 -3.50141e-16 0)
(1.5 -8.87447e-16 0)
(1.29131 0.947135 0)
(1.66645 0.761951 0)
(1.87375 0.601147 0)
(1.93999 0.539556 0)
(2.0851 0.276054 0)
(2.20348 -0.0215642 0)
(2.22052 -0.148864 0)
(2.25397 -0.233281 0)
(2.30716 -0.308278 0)
(2.26268 -0.397005 0)
(2.2118 -0.446069 0)
(2.16911 -0.485339 0)
(2.16999 -0.490316 0)
(2.17995 -0.505591 0)
(2.16498 -0.542849 0)
(2.1198 -0.510445 0)
(2.07374 -0.404051 0)
(2.04722 -0.303949 0)
(2.02594 -0.235195 0)
(1.99137 -0.170558 0)
(1.94644 -0.120681 0)
(1.90541 -0.0991558 0)
(1.87838 -0.0861311 0)
(1.86001 -0.0540971 0)
(1.83986 -0.0363106 0)
(1.8208 -0.029942 0)
(1.80965 -0.0239259 0)
(1.81034 -0.0111411 0)
(1.7925 -0.0163648 0)
(1.76924 -0.0315533 0)
(1.72817 -0.0327721 0)
(1.64038 -0.0141993 0)
(1.54615 0.0141457 0)
(1.4891 0.0244677 0)
(1.45818 0.0268243 0)
(1.43487 0.0253002 0)
(1.41346 0.0214406 0)
(1.39304 0.0155554 0)
(1.38053 0.0128171 0)
(1.37076 0.0121837 0)
(1.36301 0.0117029 0)
(1.35619 0.0110092 0)
(1.34954 0.00928149 0)
(1.34175 0.00803811 0)
(1.33203 0.00686083 0)
(1.32393 0.00561509 0)
(1.31758 0.00494798 0)
(1.31201 0.00576902 0)
(1.30576 0.00912003 0)
(1.29688 0.0153981 0)
(1.28536 0.022629 0)
(1.27323 0.0280959 0)
(1.26323 0.0303825 0)
(1.25703 0.0286568 0)
(1.25264 0.0255502 0)
(1.24635 0.0234438 0)
(1.2361 0.0230566 0)
(1.22365 0.0237216 0)
(1.21747 0.0227433 0)
(1.21328 0.0198035 0)
(1.21152 0.0128297 0)
(1.21184 0.00380899 0)
(1.21235 -0.00402364 0)
(1.21245 -0.00832483 0)
(1.21262 -0.00834503 0)
(1.21329 -0.00495952 0)
(1.21548 -0.00163224 0)
(1.21954 -0.00249416 0)
(1.2254 -0.00723103 0)
(1.23221 -0.0135158 0)
(1.23943 -0.0187927 0)
(1.24804 -0.0232744 0)
(1.25824 -0.0285152 0)
(1.2685 -0.0343145 0)
(1.27737 -0.0374356 0)
(1.28741 -0.0370356 0)
(1.29853 -0.0341646 0)
(1.30762 -0.0307894 0)
(1.31479 -0.027908 0)
(1.32138 -0.0245746 0)
(1.3286 -0.0213227 0)
(1.33616 -0.0202066 0)
(1.34304 -0.0224519 0)
(1.34947 -0.0274093 0)
(1.35696 -0.0335543 0)
(1.36648 -0.0391561 0)
(1.37702 -0.0413969 0)
(1.38775 -0.0400478 0)
(1.39852 -0.0363381 0)
(1.40897 -0.0300682 0)
(1.41788 -0.0245532 0)
(1.42541 -0.0220008 0)
(1.43223 -0.020944 0)
(1.43922 -0.0198581 0)
(1.44708 -0.0179938 0)
(1.45636 -0.015756 0)
(1.46686 -0.0140852 0)
(1.47356 -0.012734 0)
(1.47641 -0.0118069 0)
(1.47937 -0.0110015 0)
(1.48192 -0.010128 0)
(1.48433 -0.00936324 0)
(1.48723 -0.00855505 0)
(1.49214 -0.00720387 0)
(1.49793 -0.00551019 0)
(1.50121 -0.00454466 0)
(1.50236 -0.00417698 0)
(1.50337 -0.00390801 0)
(1.50427 -0.00361046 0)
(1.50528 -0.00332606 0)
(1.50689 -0.00294513 0)
(1.50923 -0.00245357 0)
(1.51094 -0.00206811 0)
(1.51137 -0.00193783 0)
(1.51168 -0.00173212 0)
(1.51172 -0.00149683 0)
(1.51182 -0.0013531 0)
(1.51206 -0.00129811 0)
(1.51231 -0.00122653 0)
(1.51278 -0.00113347 0)
(1.51379 -0.000974256 0)
(1.51512 -0.000755919 0)
(1.51568 -0.00061101 0)
(1.51578 -0.000556196 0)
(1.51582 -0.000445786 0)
(1.51582 -0.00035417 0)
(1.51588 -0.000315128 0)
(1.51595 -0.000274232 0)
(1.51609 -0.000192325 0)
(1.51622 -9.35692e-05 0)
(1.51625 -5.08112e-05 0)
(1.51622 -8.52972e-07 0)
(1.5161 4.65939e-05 0)
(1.51585 7.89562e-05 0)
(1.51571 0.000109194 0)
(1.51569 0.000120839 0)
(1.51571 0.000142326 0)
(1.51585 0.000177595 0)
(1.51608 0.000228243 0)
(1.51612 0.000253906 0)
(1.51608 0.000265114 0)
(1.51593 0.000282532 0)
(1.51542 0.000294688 0)
(1.51405 0.000280965 0)
(1.51145 0.000211214 0)
(1.50911 0.000148188 0)
(1.50853 0.0001534 0)
(1.50849 0.000162917 0)
(1.50848 0.000179734 0)
(1.50854 0.000206541 0)
(1.5088 0.000241072 0)
(1.50947 0.000285255 0)
(1.51024 0.000339284 0)
(1.51043 0.000363169 0)
(1.5104 0.000369166 0)
(1.5103 0.000375919 0)
(1.50997 0.000376875 0)
(1.50901 0.000365742 0)
(1.50664 0.000276184 0)
(1.50288 0.000115044 0)
(1.5004 1.48773e-05 0)
(1.50001 2.7831e-07 0)
(1.5 3.33891e-10 0)
(1.5 1.1497e-14 0)
(1.5 -7.62164e-16 0)
(1.5 -6.93335e-16 0)
(1.5 -6.29621e-16 0)
(1.5 -2.30213e-16 0)
(1.5 -3.85135e-16 0)
(1.5 -3.96233e-16 0)
(1.5 -5.28081e-16 0)
(1.5 -6.71693e-16 0)
(1.5 -8.54105e-16 0)
(1.5 -8.09854e-16 0)
(1.5 -2.14934e-16 0)
(1.5 -3.17967e-16 0)
(1.5 -7.11553e-17 0)
(1.5 7.24482e-16 0)
(1.5 6.33287e-16 0)
(1.5 8.11393e-17 0)
(1.5 -2.79042e-16 0)
(1.5 -2.70932e-16 0)
(1.5 -1.71894e-16 0)
(1.5 -2.33645e-16 0)
(1.5 -1.98576e-16 0)
(1.5 -4.51089e-16 0)
(1.5 -7.0433e-16 0)
(1.5 -2.99889e-16 0)
(1.5 -4.69801e-16 0)
(1.5 -6.67544e-16 0)
(1.5 -2.53506e-16 0)
(1.5 -9.78891e-16 0)
(1.23846 0.879197 0)
(1.49324 0.796112 0)
(1.71622 0.638188 0)
(1.86734 0.468703 0)
(1.95621 0.389636 0)
(2.0069 0.256468 0)
(2.11118 0.0466809 0)
(2.15259 -0.133873 0)
(2.18904 -0.181588 0)
(2.21992 -0.232156 0)
(2.19608 -0.369213 0)
(2.15121 -0.459799 0)
(2.14459 -0.470161 0)
(2.1641 -0.484714 0)
(2.16226 -0.481088 0)
(2.14359 -0.498257 0)
(2.12783 -0.503072 0)
(2.11327 -0.478248 0)
(2.08941 -0.451768 0)
(2.05955 -0.403943 0)
(2.01283 -0.325891 0)
(1.97983 -0.277162 0)
(1.96451 -0.247001 0)
(1.94495 -0.183353 0)
(1.91393 -0.110428 0)
(1.89003 -0.0793292 0)
(1.86665 -0.0795482 0)
(1.84309 -0.0501404 0)
(1.82591 -0.0368729 0)
(1.81182 -0.0402618 0)
(1.78483 -0.0227645 0)
(1.73011 -0.0103125 0)
(1.63652 0.0476641 0)
(1.56073 0.0562297 0)
(1.51694 0.0492321 0)
(1.49544 0.0378677 0)
(1.47685 0.0232874 0)
(1.46247 0.0132205 0)
(1.45387 0.0105315 0)
(1.44562 0.00957718 0)
(1.43716 0.00943315 0)
(1.42901 0.0102817 0)
(1.42002 0.0122753 0)
(1.40882 0.0140511 0)
(1.39688 0.015043 0)
(1.38715 0.0146746 0)
(1.37955 0.0134221 0)
(1.37247 0.0128339 0)
(1.36478 0.0137572 0)
(1.35425 0.0169761 0)
(1.34054 0.021203 0)
(1.32701 0.0233117 0)
(1.31779 0.0231446 0)
(1.31319 0.0214671 0)
(1.3103 0.0194228 0)
(1.30628 0.0178488 0)
(1.29917 0.0159595 0)
(1.2893 0.0140528 0)
(1.28373 0.0130308 0)
(1.28126 0.0121737 0)
(1.28076 0.0103412 0)
(1.28253 0.00728971 0)
(1.28528 0.00177884 0)
(1.2873 -0.0062058 0)
(1.28825 -0.0143479 0)
(1.2895 -0.0191001 0)
(1.29137 -0.0186699 0)
(1.294 -0.0144256 0)
(1.29873 -0.0103842 0)
(1.30523 -0.0101894 0)
(1.31433 -0.014985 0)
(1.32506 -0.0239438 0)
(1.33347 -0.0358414 0)
(1.33885 -0.0463104 0)
(1.34236 -0.049549 0)
(1.34515 -0.0461611 0)
(1.34989 -0.0384762 0)
(1.35714 -0.029177 0)
(1.36511 -0.0220512 0)
(1.37249 -0.0195478 0)
(1.37846 -0.0213231 0)
(1.38268 -0.0256976 0)
(1.38608 -0.0311994 0)
(1.38994 -0.0365976 0)
(1.39503 -0.0402001 0)
(1.40127 -0.0418229 0)
(1.40797 -0.0434374 0)
(1.41508 -0.0436171 0)
(1.42198 -0.0404904 0)
(1.42759 -0.0370863 0)
(1.43177 -0.0336746 0)
(1.43641 -0.0312442 0)
(1.44229 -0.0294016 0)
(1.44951 -0.0267958 0)
(1.45699 -0.0235219 0)
(1.46504 -0.020134 0)
(1.47337 -0.0177192 0)
(1.47917 -0.0167058 0)
(1.48135 -0.0162867 0)
(1.48376 -0.0153953 0)
(1.48592 -0.0140326 0)
(1.48808 -0.0125861 0)
(1.4909 -0.0111321 0)
(1.49555 -0.00913665 0)
(1.50063 -0.00712032 0)
(1.50288 -0.00610739 0)
(1.5038 -0.00566997 0)
(1.50468 -0.00529331 0)
(1.50547 -0.00488701 0)
(1.50639 -0.00448558 0)
(1.50787 -0.00399625 0)
(1.51007 -0.00338409 0)
(1.51157 -0.00290145 0)
(1.51194 -0.00272236 0)
(1.51217 -0.00243114 0)
(1.51211 -0.00208915 0)
(1.51216 -0.00187088 0)
(1.51239 -0.00178233 0)
(1.51264 -0.00167723 0)
(1.51311 -0.00153308 0)
(1.51413 -0.00129987 0)
(1.51542 -0.000998244 0)
(1.5159 -0.000826724 0)
(1.51598 -0.000749529 0)
(1.51598 -0.000606851 0)
(1.51595 -0.000482228 0)
(1.51599 -0.000415777 0)
(1.51606 -0.000348181 0)
(1.51621 -0.00023241 0)
(1.51631 -0.00011474 0)
(1.51632 -6.09922e-05 0)
(1.51628 7.61407e-06 0)
(1.51612 6.882e-05 0)
(1.51587 0.000103775 0)
(1.51574 0.000131937 0)
(1.51573 0.000150287 0)
(1.51575 0.000190725 0)
(1.5159 0.000253944 0)
(1.51612 0.000323702 0)
(1.51615 0.000357806 0)
(1.5161 0.000375518 0)
(1.51594 0.000403331 0)
(1.5154 0.000415844 0)
(1.51397 0.000377661 0)
(1.51132 0.000277134 0)
(1.50908 0.00019608 0)
(1.50857 0.000192072 0)
(1.50854 0.000203073 0)
(1.50853 0.000221819 0)
(1.50859 0.000250389 0)
(1.50887 0.000296902 0)
(1.50955 0.000376659 0)
(1.51031 0.000459701 0)
(1.51047 0.000494765 0)
(1.51043 0.00050512 0)
(1.51032 0.000524634 0)
(1.50996 0.00053968 0)
(1.50893 0.000507512 0)
(1.50647 0.000375674 0)
(1.50269 0.000153012 0)
(1.50035 1.84405e-05 0)
(1.50001 3.04444e-07 0)
(1.5 3.06271e-10 0)
(1.5 8.16201e-15 0)
(1.5 -6.41037e-16 0)
(1.5 -6.65344e-16 0)
(1.5 -6.79232e-16 0)
(1.5 -8.58676e-16 0)
(1.5 -9.76284e-16 0)
(1.5 -6.7652e-16 0)
(1.5 -3.36761e-16 0)
(1.5 -7.12786e-16 0)
(1.5 -7.92092e-16 0)
(1.5 -9.01815e-16 0)
(1.5 -7.10958e-16 0)
(1.5 -6.61826e-16 0)
(1.5 -3.81445e-16 0)
(1.5 2.39163e-16 0)
(1.5 4.55138e-16 0)
(1.5 4.06028e-16 0)
(1.5 2.07282e-16 0)
(1.5 -1.15976e-16 0)
(1.5 -3.64997e-17 0)
(1.5 6.79382e-17 0)
(1.5 -5.19792e-16 0)
(1.5 -9.34681e-16 0)
(1.5 -1.35329e-15 0)
(1.5 -1.27068e-15 0)
(1.5 -1.44396e-15 0)
(1.5 -1.15498e-15 0)
(1.5 -9.40776e-16 0)
(1.5 -4.14742e-16 0)
(1.20477 0.812151 0)
(1.401 0.762431 0)
(1.57716 0.673356 0)
(1.74678 0.517286 0)
(1.85046 0.380362 0)
(1.89881 0.323554 0)
(1.94448 0.215998 0)
(2.03453 0.044188 0)
(2.07255 -0.0747378 0)
(2.11046 -0.0887188 0)
(2.12662 -0.174516 0)
(2.10357 -0.273242 0)
(2.0947 -0.288491 0)
(2.10507 -0.34293 0)
(2.10615 -0.389825 0)
(2.11597 -0.439466 0)
(2.11119 -0.467822 0)
(2.09889 -0.491828 0)
(2.08187 -0.513254 0)
(2.07014 -0.512145 0)
(2.05304 -0.493139 0)
(2.03582 -0.460515 0)
(2.01684 -0.420939 0)
(1.99205 -0.34832 0)
(1.97431 -0.268551 0)
(1.94174 -0.180798 0)
(1.91039 -0.166696 0)
(1.86237 -0.126393 0)
(1.84322 -0.101881 0)
(1.83682 -0.0960768 0)
(1.81829 -0.0666192 0)
(1.78187 -0.0437246 0)
(1.69352 0.00459545 0)
(1.60082 0.0568393 0)
(1.53513 0.0509918 0)
(1.52325 0.0371805 0)
(1.51224 0.0218443 0)
(1.50457 0.0190657 0)
(1.49581 0.0200186 0)
(1.48991 0.0225813 0)
(1.48325 0.0236539 0)
(1.4764 0.0238969 0)
(1.46696 0.0224968 0)
(1.45321 0.0189516 0)
(1.44079 0.0161986 0)
(1.43237 0.0163727 0)
(1.42681 0.0189942 0)
(1.42089 0.022437 0)
(1.41412 0.0260572 0)
(1.40418 0.0303953 0)
(1.39073 0.0347651 0)
(1.37842 0.0366361 0)
(1.37182 0.0357828 0)
(1.37029 0.0335964 0)
(1.37061 0.0313627 0)
(1.36959 0.0289894 0)
(1.36626 0.0268009 0)
(1.36046 0.0235706 0)
(1.35689 0.020482 0)
(1.35606 0.0172195 0)
(1.35713 0.0118128 0)
(1.36074 0.00612858 0)
(1.36595 0.000337246 0)
(1.37011 -0.00587604 0)
(1.37096 -0.0117388 0)
(1.3702 -0.0167724 0)
(1.37004 -0.0201506 0)
(1.37153 -0.0207498 0)
(1.37529 -0.0194552 0)
(1.38174 -0.0188269 0)
(1.39119 -0.0215859 0)
(1.40036 -0.0302668 0)
(1.40386 -0.0432206 0)
(1.40397 -0.0537161 0)
(1.40203 -0.0567726 0)
(1.39948 -0.0536146 0)
(1.39997 -0.0466497 0)
(1.40503 -0.0381745 0)
(1.41272 -0.0313646 0)
(1.4198 -0.0279 0)
(1.42404 -0.0278132 0)
(1.42541 -0.0306615 0)
(1.42576 -0.0356916 0)
(1.42698 -0.0411841 0)
(1.43037 -0.0459948 0)
(1.43599 -0.049144 0)
(1.44159 -0.0483262 0)
(1.44516 -0.045946 0)
(1.4468 -0.0449298 0)
(1.44789 -0.0429582 0)
(1.44915 -0.0407784 0)
(1.45162 -0.038228 0)
(1.45619 -0.0349991 0)
(1.46196 -0.0311295 0)
(1.46776 -0.0270187 0)
(1.47308 -0.0240118 0)
(1.47802 -0.0221854 0)
(1.48274 -0.0214581 0)
(1.48565 -0.0205788 0)
(1.48777 -0.0190707 0)
(1.48966 -0.0170232 0)
(1.49158 -0.0149244 0)
(1.49441 -0.0127543 0)
(1.49873 -0.0103595 0)
(1.50281 -0.00848226 0)
(1.50424 -0.0075677 0)
(1.505 -0.00706614 0)
(1.5057 -0.00657037 0)
(1.50635 -0.00610547 0)
(1.50724 -0.00562523 0)
(1.50878 -0.00495602 0)
(1.51095 -0.00411886 0)
(1.51224 -0.00353019 0)
(1.51253 -0.00331731 0)
(1.51265 -0.00297802 0)
(1.51244 -0.00262131 0)
(1.51237 -0.00237992 0)
(1.51257 -0.00227137 0)
(1.51282 -0.00214294 0)
(1.51336 -0.0019332 0)
(1.51448 -0.0016073 0)
(1.51573 -0.00124045 0)
(1.51611 -0.00104594 0)
(1.51616 -0.000941711 0)
(1.51611 -0.000757921 0)
(1.51606 -0.000604527 0)
(1.5161 -0.000523799 0)
(1.51618 -0.000430089 0)
(1.51633 -0.00027333 0)
(1.51642 -0.000133099 0)
(1.51641 -6.03007e-05 0)
(1.51634 2.59185e-05 0)
(1.51615 9.655e-05 0)
(1.51588 0.00014829 0)
(1.51577 0.000184162 0)
(1.51576 0.000205958 0)
(1.51579 0.000253408 0)
(1.51596 0.000330339 0)
(1.51617 0.000422713 0)
(1.51618 0.000467319 0)
(1.51613 0.000495637 0)
(1.51594 0.000534462 0)
(1.51536 0.000546574 0)
(1.51386 0.000485598 0)
(1.51117 0.000347995 0)
(1.50902 0.000256196 0)
(1.50857 0.000266355 0)
(1.50854 0.000280601 0)
(1.50854 0.000308317 0)
(1.50861 0.000344684 0)
(1.50892 0.00039936 0)
(1.50964 0.00049712 0)
(1.51036 0.000605729 0)
(1.51049 0.000649455 0)
(1.51044 0.000665888 0)
(1.51032 0.00069245 0)
(1.50993 0.000701773 0)
(1.50883 0.000645524 0)
(1.50624 0.000459735 0)
(1.50244 0.000174763 0)
(1.50028 1.874e-05 0)
(1.5 2.59546e-07 0)
(1.5 2.05908e-10 0)
(1.5 3.75171e-15 0)
(1.5 -9.15428e-16 0)
(1.5 -1.12417e-15 0)
(1.5 -5.96155e-16 0)
(1.5 -4.66425e-16 0)
(1.5 -5.03043e-16 0)
(1.5 -5.73319e-16 0)
(1.5 -2.24355e-16 0)
(1.5 -3.34419e-16 0)
(1.5 -3.97307e-16 0)
(1.5 -6.10076e-16 0)
(1.5 -1.11344e-15 0)
(1.5 -8.75232e-16 0)
(1.5 -2.62605e-16 0)
(1.5 -2.53129e-16 0)
(1.5 1.85343e-16 0)
(1.5 8.27806e-16 0)
(1.5 5.51191e-16 0)
(1.5 3.59418e-16 0)
(1.5 2.25239e-16 0)
(1.5 2.4655e-16 0)
(1.5 -3.15722e-16 0)
(1.5 -7.90421e-16 0)
(1.5 -1.52214e-15 0)
(1.5 -1.87008e-15 0)
(1.5 -2.2091e-15 0)
(1.5 -1.59755e-15 0)
(1.5 -1.47918e-15 0)
(1.5 -1.15016e-15 0)
(1.17252 0.761358 0)
(1.34043 0.716007 0)
(1.48446 0.654594 0)
(1.60685 0.573412 0)
(1.73397 0.443943 0)
(1.81127 0.347461 0)
(1.85221 0.265145 0)
(1.92393 0.136637 0)
(1.96135 0.062193 0)
(2.00029 0.0465573 0)
(2.05239 -0.0430249 0)
(2.05513 -0.187182 0)
(2.04415 -0.234773 0)
(2.057 -0.267555 0)
(2.06853 -0.308705 0)
(2.07773 -0.352681 0)
(2.07644 -0.389773 0)
(2.08571 -0.413556 0)
(2.07205 -0.442466 0)
(2.05205 -0.479438 0)
(2.04872 -0.480252 0)
(2.04961 -0.475046 0)
(2.04692 -0.485493 0)
(2.03927 -0.483286 0)
(2.02105 -0.444259 0)
(1.99296 -0.381948 0)
(1.96074 -0.329537 0)
(1.90127 -0.249223 0)
(1.86232 -0.191939 0)
(1.84675 -0.164304 0)
(1.83647 -0.122459 0)
(1.81429 -0.0762211 0)
(1.75299 -0.0368531 0)
(1.62744 0.0335819 0)
(1.54732 0.0426313 0)
(1.52767 0.0337333 0)
(1.52189 0.0205566 0)
(1.5154 0.0185466 0)
(1.50605 0.0199051 0)
(1.49811 0.0221601 0)
(1.49283 0.0229204 0)
(1.4869 0.0208786 0)
(1.47688 0.0168983 0)
(1.46575 0.0155116 0)
(1.45681 0.0181917 0)
(1.45225 0.0231553 0)
(1.44877 0.0295326 0)
(1.44527 0.033661 0)
(1.44118 0.0350178 0)
(1.43358 0.0349198 0)
(1.42315 0.0339813 0)
(1.41541 0.0331179 0)
(1.41409 0.0323188 0)
(1.41539 0.0316646 0)
(1.41844 0.0306515 0)
(1.42065 0.0290503 0)
(1.42029 0.0273362 0)
(1.41851 0.0228452 0)
(1.41712 0.0174263 0)
(1.41757 0.0122929 0)
(1.41937 0.00624521 0)
(1.42309 0.00079464 0)
(1.42865 -0.00402032 0)
(1.43376 -0.00988282 0)
(1.43513 -0.0161361 0)
(1.43382 -0.0206894 0)
(1.43224 -0.0229524 0)
(1.43179 -0.0230661 0)
(1.43352 -0.0218656 0)
(1.43809 -0.0212321 0)
(1.44558 -0.0240382 0)
(1.45128 -0.0336344 0)
(1.45162 -0.0463366 0)
(1.44956 -0.0546537 0)
(1.44517 -0.0555217 0)
(1.44048 -0.0516989 0)
(1.43877 -0.044547 0)
(1.44167 -0.0355182 0)
(1.44772 -0.028298 0)
(1.4531 -0.0257909 0)
(1.45525 -0.0274008 0)
(1.45505 -0.0312154 0)
(1.45461 -0.0361785 0)
(1.45531 -0.0420027 0)
(1.45816 -0.0470121 0)
(1.46204 -0.0479338 0)
(1.46493 -0.045757 0)
(1.466 -0.0438013 0)
(1.46537 -0.0430734 0)
(1.46457 -0.0437939 0)
(1.46493 -0.0434116 0)
(1.4671 -0.0408904 0)
(1.47083 -0.0366105 0)
(1.4746 -0.0319328 0)
(1.47762 -0.0290284 0)
(1.48016 -0.0275265 0)
(1.4829 -0.026785 0)
(1.48611 -0.025836 0)
(1.48951 -0.0235397 0)
(1.49171 -0.0209552 0)
(1.49304 -0.0186646 0)
(1.49464 -0.016299 0)
(1.49721 -0.01383 0)
(1.50091 -0.0115974 0)
(1.50411 -0.00994075 0)
(1.50514 -0.00907952 0)
(1.50588 -0.00847044 0)
(1.50655 -0.00782642 0)
(1.50722 -0.00723222 0)
(1.50822 -0.0065956 0)
(1.50981 -0.00573273 0)
(1.51187 -0.0047249 0)
(1.51286 -0.00410854 0)
(1.51309 -0.00386744 0)
(1.51311 -0.00346416 0)
(1.51279 -0.00307744 0)
(1.51272 -0.0028059 0)
(1.51289 -0.00266777 0)
(1.51312 -0.00250747 0)
(1.51367 -0.00227453 0)
(1.51485 -0.00187583 0)
(1.51605 -0.00144057 0)
(1.51634 -0.00123333 0)
(1.51637 -0.0010963 0)
(1.51626 -0.000876634 0)
(1.51619 -0.000700756 0)
(1.51622 -0.000606169 0)
(1.51631 -0.00048355 0)
(1.51647 -0.0002911 0)
(1.51653 -0.000141001 0)
(1.51651 -5.57555e-05 0)
(1.51642 4.37229e-05 0)
(1.51618 0.000123414 0)
(1.51591 0.000179895 0)
(1.51582 0.000224349 0)
(1.51581 0.000255973 0)
(1.51585 0.000320859 0)
(1.51604 0.000421978 0)
(1.51624 0.000533257 0)
(1.51623 0.000581797 0)
(1.51617 0.000618881 0)
(1.51596 0.000663645 0)
(1.51533 0.000667576 0)
(1.51372 0.000581362 0)
(1.51098 0.000408609 0)
(1.50898 0.000303531 0)
(1.50861 0.000306096 0)
(1.50858 0.000320183 0)
(1.50858 0.000351919 0)
(1.50867 0.000401047 0)
(1.50901 0.000482834 0)
(1.50976 0.000619241 0)
(1.51044 0.000747326 0)
(1.51053 0.000798508 0)
(1.51048 0.000820575 0)
(1.51035 0.00085347 0)
(1.50992 0.000859509 0)
(1.50871 0.00077772 0)
(1.50594 0.000533043 0)
(1.50214 0.000185816 0)
(1.50021 1.7083e-05 0)
(1.5 1.88324e-07 0)
(1.5 1.10223e-10 0)
(1.5 1.33325e-15 0)
(1.5 -6.48939e-16 0)
(1.5 -3.67175e-16 0)
(1.5 -1.21586e-16 0)
(1.5 3.8228e-16 0)
(1.5 3.60713e-16 0)
(1.5 3.57117e-16 0)
(1.5 1.74147e-16 0)
(1.5 2.77118e-16 0)
(1.5 4.81819e-17 0)
(1.5 -1.18802e-16 0)
(1.5 -1.98693e-16 0)
(1.5 -3.33389e-16 0)
(1.5 -4.87861e-16 0)
(1.5 -4.28168e-16 0)
(1.5 -4.29076e-17 0)
(1.5 2.47015e-16 0)
(1.5 5.9311e-16 0)
(1.5 5.79824e-16 0)
(1.5 1.00206e-17 0)
(1.5 -5.7495e-16 0)
(1.5 -6.69408e-16 0)
(1.5 -6.50524e-16 0)
(1.5 -6.0869e-16 0)
(1.5 -1.23522e-15 0)
(1.5 -1.87531e-15 0)
(1.5 -1.7484e-15 0)
(1.5 -1.62956e-15 0)
(1.5 -1.77302e-15 0)
(1.14871 0.718557 0)
(1.28518 0.689145 0)
(1.40741 0.642581 0)
(1.52629 0.567873 0)
(1.63591 0.474756 0)
(1.71212 0.40876 0)
(1.76084 0.3418 0)
(1.83688 0.221486 0)
(1.88581 0.113157 0)
(1.93159 0.0963491 0)
(1.96991 0.0678124 0)
(1.99444 -0.0500619 0)
(1.98823 -0.119842 0)
(1.99684 -0.153139 0)
(2.02213 -0.200794 0)
(2.03622 -0.24652 0)
(2.03627 -0.290799 0)
(2.0473 -0.311034 0)
(2.04365 -0.351662 0)
(2.03156 -0.406337 0)
(2.01886 -0.42298 0)
(2.03197 -0.44418 0)
(2.03904 -0.454138 0)
(2.03974 -0.480798 0)
(2.03639 -0.482372 0)
(2.02043 -0.480863 0)
(2.00502 -0.474845 0)
(1.97243 -0.4474 0)
(1.93635 -0.396906 0)
(1.89863 -0.315685 0)
(1.87476 -0.229316 0)
(1.87165 -0.171752 0)
(1.82053 -0.0944981 0)
(1.69099 -0.0131713 0)
(1.5712 0.0211428 0)
(1.52298 0.0357477 0)
(1.51126 0.0307946 0)
(1.50656 0.0291345 0)
(1.49974 0.0285478 0)
(1.49256 0.0264559 0)
(1.4842 0.0224643 0)
(1.47692 0.0203593 0)
(1.47125 0.020294 0)
(1.46543 0.0227817 0)
(1.4606 0.0279209 0)
(1.45705 0.0335309 0)
(1.45396 0.03708 0)
(1.45167 0.0378833 0)
(1.44835 0.0358003 0)
(1.44289 0.0326746 0)
(1.43825 0.0313736 0)
(1.43793 0.0317489 0)
(1.43954 0.0333497 0)
(1.44358 0.0360005 0)
(1.44928 0.0369391 0)
(1.45314 0.0341407 0)
(1.45444 0.028932 0)
(1.45515 0.021282 0)
(1.45594 0.0147727 0)
(1.45751 0.0093876 0)
(1.45941 0.00418892 0)
(1.46243 -0.000543863 0)
(1.46685 -0.00524237 0)
(1.47101 -0.0111024 0)
(1.47253 -0.0173923 0)
(1.47164 -0.0221113 0)
(1.46997 -0.0249302 0)
(1.46883 -0.0258921 0)
(1.4691 -0.0249802 0)
(1.47166 -0.0238504 0)
(1.47605 -0.026968 0)
(1.47779 -0.0370444 0)
(1.47695 -0.0488445 0)
(1.47466 -0.0555889 0)
(1.47068 -0.0561636 0)
(1.46652 -0.0525826 0)
(1.4644 -0.0461441 0)
(1.46555 -0.0385358 0)
(1.46881 -0.0327592 0)
(1.47146 -0.030737 0)
(1.4721 -0.0320423 0)
(1.47177 -0.0354463 0)
(1.47207 -0.0405396 0)
(1.47413 -0.0462364 0)
(1.47706 -0.0502291 0)
(1.47839 -0.0511283 0)
(1.4776 -0.0497491 0)
(1.47605 -0.0480868 0)
(1.47497 -0.0473315 0)
(1.47498 -0.0466201 0)
(1.47678 -0.04451 0)
(1.48019 -0.0402386 0)
(1.48331 -0.0356482 0)
(1.48439 -0.0333311 0)
(1.48442 -0.0321129 0)
(1.48523 -0.0313209 0)
(1.48667 -0.0305299 0)
(1.48978 -0.0283776 0)
(1.49348 -0.024833 0)
(1.49503 -0.0219337 0)
(1.49586 -0.0197592 0)
(1.49709 -0.0176331 0)
(1.49909 -0.0154001 0)
(1.50202 -0.0131989 0)
(1.50503 -0.011532 0)
(1.50628 -0.0104669 0)
(1.50683 -0.00972159 0)
(1.50744 -0.00896911 0)
(1.50814 -0.00822744 0)
(1.50918 -0.00739103 0)
(1.51086 -0.00632319 0)
(1.51275 -0.00523117 0)
(1.51343 -0.00466752 0)
(1.51358 -0.00435551 0)
(1.51344 -0.00390587 0)
(1.51296 -0.00353164 0)
(1.51283 -0.00326716 0)
(1.51299 -0.00312472 0)
(1.51326 -0.00293592 0)
(1.51396 -0.00260904 0)
(1.51529 -0.00209228 0)
(1.51639 -0.00160664 0)
(1.51658 -0.0014066 0)
(1.51658 -0.00123211 0)
(1.51641 -0.000985129 0)
(1.51632 -0.00079365 0)
(1.51636 -0.00068265 0)
(1.51646 -0.000520065 0)
(1.51662 -0.000286113 0)
(1.51667 -0.00012684 0)
(1.51663 -2.55691e-05 0)
(1.5165 8.44282e-05 0)
(1.51622 0.00016791 0)
(1.51594 0.000229517 0)
(1.51588 0.000273294 0)
(1.51587 0.000312723 0)
(1.51593 0.000393552 0)
(1.51615 0.000520319 0)
(1.51632 0.000647324 0)
(1.5163 0.000699676 0)
(1.51623 0.000747904 0)
(1.51599 0.000799394 0)
(1.51528 0.000797776 0)
(1.51355 0.000681447 0)
(1.51077 0.000473212 0)
(1.50893 0.000365607 0)
(1.50863 0.000383066 0)
(1.50861 0.000401443 0)
(1.50861 0.000440733 0)
(1.50872 0.000497433 0)
(1.50911 0.000595839 0)
(1.50991 0.000757343 0)
(1.51053 0.000904181 0)
(1.51058 0.000955197 0)
(1.51053 0.00098219 0)
(1.51037 0.00101871 0)
(1.50989 0.00101636 0)
(1.50854 0.000901441 0)
(1.50557 0.000588303 0)
(1.50181 0.000184067 0)
(1.50015 1.40006e-05 0)
(1.5 1.16756e-07 0)
(1.5 4.71798e-11 0)
(1.5 1.1993e-15 0)
(1.5 -5.93583e-18 0)
(1.5 4.30797e-16 0)
(1.5 2.73979e-16 0)
(1.5 1.45418e-16 0)
(1.5 5.83649e-16 0)
(1.5 1.1044e-15 0)
(1.5 6.99092e-16 0)
(1.5 1.39794e-16 0)
(1.5 2.19729e-16 0)
(1.5 3.47691e-16 0)
(1.5 9.3622e-16 0)
(1.5 7.28317e-16 0)
(1.5 2.28289e-16 0)
(1.5 -1.22465e-18 0)
(1.5 8.38673e-18 0)
(1.5 -7.5752e-17 0)
(1.5 3.04778e-16 0)
(1.5 2.02424e-16 0)
(1.5 -6.52366e-17 0)
(1.5 -4.77717e-16 0)
(1.5 -5.56252e-16 0)
(1.5 -7.63494e-16 0)
(1.5 -7.59251e-16 0)
(1.5 -8.87577e-16 0)
(1.5 -1.2461e-15 0)
(1.5 -1.74838e-15 0)
(1.5 -2.04188e-15 0)
(1.5 -1.56594e-15 0)
(1.12908 0.684467 0)
(1.24345 0.662687 0)
(1.34892 0.627926 0)
(1.45268 0.572198 0)
(1.55708 0.493809 0)
(1.63903 0.427792 0)
(1.69307 0.381193 0)
(1.74556 0.301966 0)
(1.81275 0.198528 0)
(1.8593 0.150521 0)
(1.90636 0.126415 0)
(1.94355 0.0293094 0)
(1.9421 -0.0568455 0)
(1.94754 -0.0790774 0)
(1.97233 -0.119967 0)
(1.99264 -0.160742 0)
(1.99981 -0.217857 0)
(2.01076 -0.247045 0)
(2.01217 -0.278349 0)
(2.00405 -0.336715 0)
(1.99366 -0.353657 0)
(2.00488 -0.37379 0)
(2.01905 -0.393331 0)
(2.0226 -0.424531 0)
(2.02366 -0.436678 0)
(2.0178 -0.4545 0)
(1.99311 -0.470662 0)
(1.9859 -0.469134 0)
(1.97785 -0.465637 0)
(1.96381 -0.454111 0)
(1.94653 -0.413857 0)
(1.93052 -0.342314 0)
(1.90039 -0.265477 0)
(1.80469 -0.160038 0)
(1.6124 -0.0178542 0)
(1.52141 0.0328214 0)
(1.4948 0.0313871 0)
(1.49186 0.0310539 0)
(1.48933 0.0338719 0)
(1.4803 0.0309169 0)
(1.471 0.0267726 0)
(1.46642 0.0254839 0)
(1.46356 0.0266856 0)
(1.46237 0.0309331 0)
(1.46014 0.0345076 0)
(1.45754 0.0363907 0)
(1.45373 0.0362722 0)
(1.44896 0.0329836 0)
(1.44662 0.0293847 0)
(1.44634 0.0276621 0)
(1.44722 0.0277671 0)
(1.45063 0.0302882 0)
(1.45645 0.0337727 0)
(1.46244 0.0349617 0)
(1.46638 0.0320521 0)
(1.46895 0.0259645 0)
(1.47167 0.0186622 0)
(1.47485 0.0131802 0)
(1.47759 0.00966277 0)
(1.47968 0.00635554 0)
(1.48125 0.0020327 0)
(1.4832 -0.00308109 0)
(1.48583 -0.00817888 0)
(1.48868 -0.0131793 0)
(1.49066 -0.0180375 0)
(1.49064 -0.0220833 0)
(1.4893 -0.0249813 0)
(1.48804 -0.0265019 0)
(1.48766 -0.0265409 0)
(1.48873 -0.0267134 0)
(1.49029 -0.0307639 0)
(1.4905 -0.0393471 0)
(1.48971 -0.0477183 0)
(1.48766 -0.0519916 0)
(1.48482 -0.0519857 0)
(1.48185 -0.0482377 0)
(1.47989 -0.0419779 0)
(1.47976 -0.0356137 0)
(1.48062 -0.0319149 0)
(1.48095 -0.0315353 0)
(1.48051 -0.0335534 0)
(1.4806 -0.0373538 0)
(1.48274 -0.0427103 0)
(1.48688 -0.0483099 0)
(1.4897 -0.0509153 0)
(1.48851 -0.0503444 0)
(1.4849 -0.0495469 0)
(1.48155 -0.0494171 0)
(1.47999 -0.0489571 0)
(1.48127 -0.0470473 0)
(1.48546 -0.0427281 0)
(1.48978 -0.0378297 0)
(1.49088 -0.0357101 0)
(1.49045 -0.0350056 0)
(1.48976 -0.0342299 0)
(1.48972 -0.0335122 0)
(1.49078 -0.0320511 0)
(1.4942 -0.0289429 0)
(1.49726 -0.0252822 0)
(1.49776 -0.0230277 0)
(1.4983 -0.0209702 0)
(1.49922 -0.0190351 0)
(1.50085 -0.0170473 0)
(1.50352 -0.0149378 0)
(1.5063 -0.0128927 0)
(1.50744 -0.011532 0)
(1.5079 -0.0106515 0)
(1.50843 -0.00981084 0)
(1.50915 -0.00892024 0)
(1.51022 -0.00790765 0)
(1.51195 -0.00674984 0)
(1.51358 -0.00568174 0)
(1.514 -0.0051812 0)
(1.51407 -0.00478792 0)
(1.51374 -0.0043027 0)
(1.5132 -0.00392167 0)
(1.51316 -0.0036627 0)
(1.51331 -0.00349771 0)
(1.51359 -0.00328149 0)
(1.51437 -0.00287948 0)
(1.51579 -0.00225093 0)
(1.51673 -0.00174326 0)
(1.51684 -0.00155961 0)
(1.51679 -0.00134191 0)
(1.51657 -0.00107656 0)
(1.51649 -0.000877878 0)
(1.51652 -0.000750472 0)
(1.51665 -0.000541188 0)
(1.5168 -0.000272578 0)
(1.51682 -0.000114852 0)
(1.51676 4.9023e-06 0)
(1.51659 0.000125613 0)
(1.51626 0.000213565 0)
(1.51599 0.000279771 0)
(1.51594 0.000324252 0)
(1.51594 0.000376424 0)
(1.51602 0.000476511 0)
(1.51627 0.000627314 0)
(1.51641 0.000764957 0)
(1.51638 0.000819081 0)
(1.51629 0.000880561 0)
(1.51601 0.000936456 0)
(1.51521 0.000923944 0)
(1.51334 0.000773135 0)
(1.51053 0.000522214 0)
(1.5089 0.000406355 0)
(1.50868 0.000422222 0)
(1.50866 0.000446571 0)
(1.50867 0.000499307 0)
(1.5088 0.000576358 0)
(1.50925 0.000708257 0)
(1.51009 0.000907559 0)
(1.51063 0.00106551 0)
(1.51064 0.00111353 0)
(1.51058 0.00114686 0)
(1.5104 0.00118617 0)
(1.50983 0.00117172 0)
(1.50831 0.00101486 0)
(1.50512 0.000622927 0)
(1.50147 0.000170302 0)
(1.5001 1.02646e-05 0)
(1.5 6.10222e-08 0)
(1.5 1.57881e-11 0)
(1.5 5.28638e-16 0)
(1.5 9.64723e-18 0)
(1.5 1.8437e-16 0)
(1.5 1.10994e-16 0)
(1.5 2.47409e-16 0)
(1.5 5.81626e-16 0)
(1.5 1.02942e-15 0)
(1.5 1.08917e-15 0)
(1.5 8.89915e-16 0)
(1.5 1.1207e-15 0)
(1.5 1.03083e-15 0)
(1.5 9.02368e-16 0)
(1.5 5.11805e-16 0)
(1.5 2.72322e-16 0)
(1.5 3.28527e-16 0)
(1.5 4.13644e-16 0)
(1.5 -7.71535e-17 0)
(1.5 -2.95823e-16 0)
(1.5 -4.08444e-16 0)
(1.5 -8.54009e-16 0)
(1.5 -4.94043e-16 0)
(1.5 -2.55059e-16 0)
(1.5 -7.02315e-16 0)
(1.5 -7.96662e-16 0)
(1.5 -6.7726e-16 0)
(1.5 -1.01343e-15 0)
(1.5 -1.52103e-15 0)
(1.5 -1.04641e-15 0)
(1.5 -7.92008e-16 0)
(1.11289 0.65645 0)
(1.21053 0.640518 0)
(1.30383 0.612161 0)
(1.39691 0.566476 0)
(1.48806 0.507695 0)
(1.56874 0.452815 0)
(1.63271 0.406875 0)
(1.68089 0.343903 0)
(1.74459 0.259824 0)
(1.7942 0.194517 0)
(1.84151 0.177037 0)
(1.87739 0.11989 0)
(1.89417 0.0151428 0)
(1.90018 -0.020502 0)
(1.91825 -0.0515028 0)
(1.94914 -0.0931963 0)
(1.96142 -0.147766 0)
(1.97252 -0.176434 0)
(1.97769 -0.197832 0)
(1.9685 -0.245764 0)
(1.96504 -0.276653 0)
(1.96874 -0.290225 0)
(1.98961 -0.309582 0)
(1.99843 -0.35085 0)
(1.99712 -0.37642 0)
(1.99556 -0.400815 0)
(1.98011 -0.432263 0)
(1.97392 -0.455248 0)
(1.97739 -0.455731 0)
(1.97914 -0.450309 0)
(1.97605 -0.457907 0)
(1.97044 -0.456445 0)
(1.95552 -0.438718 0)
(1.91712 -0.393405 0)
(1.75354 -0.21772 0)
(1.56763 -0.0496121 0)
(1.49537 0.0174561 0)
(1.47618 0.0282094 0)
(1.4703 0.0335698 0)
(1.45976 0.0327705 0)
(1.45696 0.0306748 0)
(1.45662 0.0287384 0)
(1.4602 0.0302203 0)
(1.46128 0.0332833 0)
(1.45933 0.0341379 0)
(1.45634 0.0338219 0)
(1.45124 0.0310839 0)
(1.44858 0.0282735 0)
(1.44842 0.0272669 0)
(1.45024 0.0268802 0)
(1.45551 0.0285206 0)
(1.46282 0.0311108 0)
(1.46904 0.0310075 0)
(1.47239 0.0277192 0)
(1.47486 0.0224446 0)
(1.47797 0.0171162 0)
(1.4821 0.0128931 0)
(1.48639 0.0102138 0)
(1.48993 0.00782791 0)
(1.49143 0.00388096 0)
(1.49189 -0.00164923 0)
(1.49268 -0.00741798 0)
(1.49411 -0.0118318 0)
(1.49655 -0.0147482 0)
(1.49939 -0.0170681 0)
(1.5001 -0.0200275 0)
(1.49884 -0.0235858 0)
(1.49754 -0.0270965 0)
(1.49674 -0.0292645 0)
(1.49657 -0.0311709 0)
(1.4969 -0.03543 0)
(1.49725 -0.0417107 0)
(1.49681 -0.0467257 0)
(1.49531 -0.0490552 0)
(1.4936 -0.0487804 0)
(1.49183 -0.0456456 0)
(1.48974 -0.0407932 0)
(1.48807 -0.0365777 0)
(1.48697 -0.0343948 0)
(1.48586 -0.0343241 0)
(1.48501 -0.035784 0)
(1.4859 -0.0390197 0)
(1.49028 -0.0445634 0)
(1.49608 -0.0493771 0)
(1.49788 -0.0504335 0)
(1.49472 -0.0497616 0)
(1.48991 -0.0493367 0)
(1.48599 -0.048974 0)
(1.48457 -0.047909 0)
(1.48751 -0.0448044 0)
(1.49287 -0.0405294 0)
(1.49499 -0.0384843 0)
(1.49477 -0.0380067 0)
(1.49349 -0.0373906 0)
(1.49264 -0.0364292 0)
(1.49298 -0.0352524 0)
(1.495 -0.0325184 0)
(1.49875 -0.0284217 0)
(1.50026 -0.0257714 0)
(1.50021 -0.024049 0)
(1.50046 -0.0221035 0)
(1.50115 -0.020462 0)
(1.50264 -0.0185719 0)
(1.50531 -0.0160724 0)
(1.50778 -0.0136674 0)
(1.50864 -0.0122689 0)
(1.50903 -0.0113395 0)
(1.50949 -0.0104594 0)
(1.51017 -0.00952523 0)
(1.51127 -0.00846118 0)
(1.51303 -0.00717699 0)
(1.5144 -0.00605755 0)
(1.51466 -0.00559291 0)
(1.51463 -0.00515611 0)
(1.51409 -0.00469513 0)
(1.51339 -0.00433558 0)
(1.51334 -0.00409001 0)
(1.5135 -0.00391878 0)
(1.51389 -0.00359926 0)
(1.51487 -0.00306724 0)
(1.51637 -0.00234951 0)
(1.51707 -0.00186879 0)
(1.51712 -0.00170581 0)
(1.51699 -0.00144093 0)
(1.51674 -0.00115885 0)
(1.51667 -0.000960818 0)
(1.51673 -0.000806464 0)
(1.51688 -0.000538858 0)
(1.51701 -0.000242912 0)
(1.517 -8.23366e-05 0)
(1.5169 6.28429e-05 0)
(1.51667 0.000193854 0)
(1.51628 0.000281712 0)
(1.51605 0.000349725 0)
(1.51601 0.000391523 0)
(1.51601 0.000458487 0)
(1.51613 0.000576485 0)
(1.5164 0.000749458 0)
(1.51651 0.000890373 0)
(1.51647 0.000947196 0)
(1.51637 0.00102108 0)
(1.51604 0.00108023 0)
(1.51513 0.00105286 0)
(1.51308 0.000859416 0)
(1.51028 0.000574592 0)
(1.50888 0.000480168 0)
(1.50873 0.000503811 0)
(1.50871 0.000534057 0)
(1.50873 0.000594462 0)
(1.5089 0.00068402 0)
(1.50942 0.000843565 0)
(1.51028 0.00107184 0)
(1.51072 0.00122814 0)
(1.51071 0.00127472 0)
(1.51064 0.00131576 0)
(1.51041 0.00135648 0)
(1.50976 0.00132473 0)
(1.50802 0.0011133 0)
(1.50459 0.000631668 0)
(1.50112 0.000145869 0)
(1.50006 6.61852e-06 0)
(1.5 2.62061e-08 0)
(1.5 3.99058e-12 0)
(1.5 -2.29262e-16 0)
(1.5 -6.23493e-16 0)
(1.5 -4.8403e-16 0)
(1.5 -1.35917e-16 0)
(1.5 2.53109e-16 0)
(1.5 1.42472e-16 0)
(1.5 -2.11098e-17 0)
(1.5 5.10941e-16 0)
(1.5 9.01681e-16 0)
(1.5 9.81612e-16 0)
(1.5 1.02805e-15 0)
(1.5 7.54003e-16 0)
(1.5 2.85919e-16 0)
(1.5 -5.03868e-17 0)
(1.5 3.06096e-16 0)
(1.5 4.91892e-16 0)
(1.5 6.93862e-17 0)
(1.5 -2.09527e-16 0)
(1.5 -3.50409e-16 0)
(1.5 -8.38367e-16 0)
(1.5 -5.93333e-16 0)
(1.5 -3.10167e-16 0)
(1.5 -2.73772e-16 0)
(1.5 -7.27182e-17 0)
(1.5 -2.25913e-16 0)
(1.5 -5.53954e-16 0)
(1.5 -4.42837e-16 0)
(1.5 -1.80686e-16 0)
(1.5 -4.99063e-16 0)
(1.09865 0.632121 0)
(1.18423 0.618858 0)
(1.26818 0.594412 0)
(1.34856 0.560153 0)
(1.4326 0.51362 0)
(1.51259 0.462044 0)
(1.57708 0.421614 0)
(1.62103 0.378845 0)
(1.67611 0.31239 0)
(1.73744 0.236681 0)
(1.7839 0.199263 0)
(1.81716 0.174339 0)
(1.84166 0.0896153 0)
(1.85149 0.0345203 0)
(1.86727 0.0112688 0)
(1.90179 -0.0293144 0)
(1.92345 -0.0871894 0)
(1.93269 -0.125682 0)
(1.94477 -0.145645 0)
(1.93963 -0.185681 0)
(1.9408 -0.226801 0)
(1.9435 -0.23617 0)
(1.96416 -0.258552 0)
(1.97396 -0.295625 0)
(1.97242 -0.320549 0)
(1.97133 -0.339109 0)
(1.95922 -0.368181 0)
(1.95761 -0.391686 0)
(1.95637 -0.400062 0)
(1.96802 -0.412896 0)
(1.97215 -0.434278 0)
(1.96869 -0.446395 0)
(1.95807 -0.450183 0)
(1.95051 -0.452575 0)
(1.91084 -0.422539 0)
(1.74965 -0.254459 0)
(1.55655 -0.0186364 0)
(1.4696 0.0450371 0)
(1.45429 0.042407 0)
(1.4465 0.0308918 0)
(1.44707 0.0268689 0)
(1.45271 0.0271688 0)
(1.46082 0.0300802 0)
(1.46111 0.0305514 0)
(1.4594 0.0300793 0)
(1.45651 0.0281607 0)
(1.453 0.0251671 0)
(1.45257 0.0241727 0)
(1.45404 0.0242557 0)
(1.45947 0.0263943 0)
(1.46773 0.0288198 0)
(1.47366 0.0276306 0)
(1.47612 0.0236615 0)
(1.47803 0.0178936 0)
(1.48096 0.013087 0)
(1.4851 0.0101035 0)
(1.49042 0.00842667 0)
(1.49531 0.0065129 0)
(1.49686 0.00299597 0)
(1.49664 -0.0022796 0)
(1.49681 -0.00808761 0)
(1.49742 -0.0121028 0)
(1.49893 -0.0143704 0)
(1.50231 -0.0151072 0)
(1.5056 -0.0163238 0)
(1.50537 -0.0198083 0)
(1.50367 -0.0248837 0)
(1.50247 -0.0297871 0)
(1.50154 -0.0321963 0)
(1.50129 -0.0336804 0)
(1.50205 -0.0363779 0)
(1.50266 -0.0401704 0)
(1.50202 -0.043126 0)
(1.50042 -0.0444493 0)
(1.49913 -0.0441975 0)
(1.49846 -0.0419763 0)
(1.49633 -0.0387831 0)
(1.4938 -0.0362518 0)
(1.49187 -0.0348362 0)
(1.49011 -0.0347441 0)
(1.48917 -0.0358942 0)
(1.49115 -0.0396302 0)
(1.49711 -0.0456199 0)
(1.50284 -0.049335 0)
(1.50325 -0.0493618 0)
(1.49923 -0.0483585 0)
(1.49456 -0.0476565 0)
(1.49108 -0.0469333 0)
(1.49063 -0.0455437 0)
(1.49469 -0.0431195 0)
(1.49815 -0.0411692 0)
(1.4981 -0.0406368 0)
(1.49722 -0.0403122 0)
(1.49586 -0.0393171 0)
(1.49565 -0.0378794 0)
(1.49651 -0.0356298 0)
(1.49927 -0.0319014 0)
(1.50217 -0.0282643 0)
(1.50249 -0.0266944 0)
(1.50229 -0.0250057 0)
(1.5024 -0.0232564 0)
(1.50308 -0.0217012 0)
(1.50472 -0.0195075 0)
(1.50743 -0.0165398 0)
(1.5093 -0.0141235 0)
(1.50977 -0.0129276 0)
(1.51009 -0.012011 0)
(1.51054 -0.0110783 0)
(1.51122 -0.0100945 0)
(1.51242 -0.00892623 0)
(1.51423 -0.00746973 0)
(1.51526 -0.00639204 0)
(1.51538 -0.00599089 0)
(1.51517 -0.00548188 0)
(1.51438 -0.00505319 0)
(1.51373 -0.00469057 0)
(1.51372 -0.00443181 0)
(1.51386 -0.00422011 0)
(1.51432 -0.0038615 0)
(1.51548 -0.00320894 0)
(1.51696 -0.00240998 0)
(1.51742 -0.00199383 0)
(1.51742 -0.00181275 0)
(1.5172 -0.00151324 0)
(1.51693 -0.00122338 0)
(1.51689 -0.00103396 0)
(1.51696 -0.000841246 0)
(1.51713 -0.000514575 0)
(1.51723 -0.000210934 0)
(1.51719 -4.77502e-05 0)
(1.51706 0.000117072 0)
(1.51676 0.000255081 0)
(1.51633 0.000345279 0)
(1.51612 0.000419403 0)
(1.51609 0.000462522 0)
(1.5161 0.000547902 0)
(1.51626 0.000688395 0)
(1.51655 0.000883007 0)
(1.51663 0.00102416 0)
(1.51658 0.00108572 0)
(1.51644 0.00117057 0)
(1.51605 0.00122513 0)
(1.515 0.00116907 0)
(1.51276 0.00092187 0)
(1.51002 0.000610104 0)
(1.50889 0.000531728 0)
(1.50879 0.000560474 0)
(1.50877 0.000602117 0)
(1.50881 0.000679031 0)
(1.50902 0.000792943 0)
(1.50962 0.000990825 0)
(1.51049 0.00124652 0)
(1.51082 0.00139631 0)
(1.51078 0.00144001 0)
(1.5107 0.00149141 0)
(1.51042 0.00153082 0)
(1.50964 0.0014736 0)
(1.50764 0.00119023 0)
(1.50397 0.000609725 0)
(1.50079 0.000114058 0)
(1.50003 3.6705e-06 0)
(1.5 8.97155e-09 0)
(1.5 7.3418e-13 0)
(1.5 3.64393e-16 0)
(1.5 6.54774e-16 0)
(1.5 2.707e-17 0)
(1.5 1.35232e-16 0)
(1.5 3.44043e-16 0)
(1.5 1.10085e-16 0)
(1.5 1.22192e-16 0)
(1.5 4.23218e-16 0)
(1.5 8.61125e-16 0)
(1.5 8.0569e-16 0)
(1.5 7.73633e-16 0)
(1.5 6.56519e-16 0)
(1.5 1.24707e-16 0)
(1.5 -3.84859e-17 0)
(1.5 -3.07898e-16 0)
(1.5 -3.25075e-16 0)
(1.5 2.74349e-16 0)
(1.5 2.36888e-16 0)
(1.5 1.37681e-16 0)
(1.5 1.83758e-16 0)
(1.5 -4.22463e-16 0)
(1.5 -2.41136e-16 0)
(1.5 7.51944e-17 0)
(1.5 2.97263e-16 0)
(1.5 7.501e-17 0)
(1.5 -2.17278e-16 0)
(1.5 8.68909e-17 0)
(1.5 -3.17599e-16 0)
(1.5 -2.6297e-16 0)
(1.08729 0.611246 0)
(1.16277 0.599523 0)
(1.23894 0.577013 0)
(1.31137 0.549145 0)
(1.38472 0.515308 0)
(1.46086 0.472118 0)
(1.52712 0.430208 0)
(1.57536 0.394764 0)
(1.61933 0.345127 0)
(1.67885 0.281386 0)
(1.72632 0.231547 0)
(1.76354 0.209129 0)
(1.79028 0.146796 0)
(1.80785 0.0749982 0)
(1.82594 0.0549857 0)
(1.85156 0.0275622 0)
(1.88078 -0.0211941 0)
(1.89278 -0.0721952 0)
(1.90664 -0.0894496 0)
(1.90803 -0.119748 0)
(1.9133 -0.167892 0)
(1.91716 -0.180791 0)
(1.93035 -0.196667 0)
(1.94468 -0.233785 0)
(1.94404 -0.266601 0)
(1.9441 -0.285536 0)
(1.93701 -0.312122 0)
(1.93778 -0.337598 0)
(1.93845 -0.344652 0)
(1.94873 -0.359212 0)
(1.95692 -0.389536 0)
(1.95411 -0.410029 0)
(1.95191 -0.423326 0)
(1.9422 -0.444713 0)
(1.93712 -0.4445 0)
(1.90407 -0.41383 0)
(1.75316 -0.232825 0)
(1.59323 -0.047598 0)
(1.47691 0.0161994 0)
(1.45627 0.0199333 0)
(1.45509 0.0185884 0)
(1.46248 0.0257668 0)
(1.46688 0.029837 0)
(1.46591 0.0292009 0)
(1.46459 0.0269394 0)
(1.46157 0.0216961 0)
(1.46047 0.0189101 0)
(1.46138 0.0188725 0)
(1.46576 0.0214126 0)
(1.47375 0.0250619 0)
(1.47989 0.0248628 0)
(1.48187 0.0218782 0)
(1.48284 0.0165896 0)
(1.48486 0.0119088 0)
(1.48807 0.00908568 0)
(1.49311 0.00774105 0)
(1.49912 0.0064633 0)
(1.50183 0.00342401 0)
(1.50124 -0.00110514 0)
(1.50031 -0.00759039 0)
(1.50059 -0.0117281 0)
(1.50135 -0.0140726 0)
(1.50442 -0.0146066 0)
(1.50898 -0.014531 0)
(1.51052 -0.0167782 0)
(1.50887 -0.0210619 0)
(1.50721 -0.0274677 0)
(1.50622 -0.0318712 0)
(1.50549 -0.0335696 0)
(1.50641 -0.0342139 0)
(1.50816 -0.0358712 0)
(1.50801 -0.0387097 0)
(1.50629 -0.0408698 0)
(1.50413 -0.041849 0)
(1.50288 -0.0420027 0)
(1.50302 -0.0413253 0)
(1.50162 -0.0397629 0)
(1.49908 -0.0381577 0)
(1.49692 -0.037005 0)
(1.49507 -0.0366739 0)
(1.49457 -0.0378663 0)
(1.4975 -0.0421834 0)
(1.50349 -0.0474825 0)
(1.50793 -0.0496121 0)
(1.50732 -0.0491646 0)
(1.5034 -0.048328 0)
(1.4995 -0.0476241 0)
(1.49679 -0.0467598 0)
(1.49694 -0.0454907 0)
(1.50049 -0.0439526 0)
(1.50209 -0.0428979 0)
(1.50151 -0.0426479 0)
(1.50021 -0.041836 0)
(1.49922 -0.0401919 0)
(1.49924 -0.0382859 0)
(1.50035 -0.0352095 0)
(1.5031 -0.0312033 0)
(1.50434 -0.0288346 0)
(1.50417 -0.0276519 0)
(1.50396 -0.0259418 0)
(1.50421 -0.0243302 0)
(1.50514 -0.0224333 0)
(1.50718 -0.019665 0)
(1.5097 -0.0164 0)
(1.5106 -0.0145661 0)
(1.51082 -0.0135266 0)
(1.51111 -0.0126048 0)
(1.51154 -0.0117447 0)
(1.51226 -0.0107756 0)
(1.51373 -0.00936877 0)
(1.51554 -0.00769241 0)
(1.51614 -0.00675241 0)
(1.51612 -0.00628694 0)
(1.5156 -0.00571589 0)
(1.51451 -0.00534192 0)
(1.51389 -0.00507171 0)
(1.51394 -0.00486719 0)
(1.51416 -0.00459291 0)
(1.51481 -0.00408474 0)
(1.51623 -0.00325772 0)
(1.51755 -0.00243238 0)
(1.51779 -0.00209692 0)
(1.51772 -0.00187868 0)
(1.5174 -0.00156673 0)
(1.51714 -0.00127932 0)
(1.51713 -0.001093 0)
(1.51723 -0.000839991 0)
(1.51742 -0.00045155 0)
(1.51748 -0.000154308 0)
(1.5174 1.76837e-05 0)
(1.51722 0.000196177 0)
(1.51683 0.00033213 0)
(1.51637 0.00042148 0)
(1.5162 0.000496129 0)
(1.51618 0.000544639 0)
(1.51621 0.000649416 0)
(1.51641 0.000815601 0)
(1.5167 0.0010315 0)
(1.51675 0.00116905 0)
(1.51669 0.00123819 0)
(1.51652 0.00133165 0)
(1.51605 0.00138015 0)
(1.51483 0.00128914 0)
(1.51238 0.000979572 0)
(1.50977 0.000656519 0)
(1.50891 0.000608929 0)
(1.50885 0.000639798 0)
(1.50884 0.000690755 0)
(1.50889 0.00077766 0)
(1.50917 0.00091339 0)
(1.50986 0.00115152 0)
(1.5107 0.00142928 0)
(1.51092 0.00156894 0)
(1.51087 0.00161149 0)
(1.51076 0.00167487 0)
(1.51042 0.00170904 0)
(1.50947 0.00161334 0)
(1.50715 0.00123586 0)
(1.50328 0.000554633 0)
(1.50051 7.99723e-05 0)
(1.50001 1.70624e-06 0)
(1.5 2.36846e-09 0)
(1.5 9.75354e-14 0)
(1.5 9.42083e-16 0)
(1.5 1.06376e-15 0)
(1.5 9.34688e-16 0)
(1.5 5.50586e-16 0)
(1.5 4.60658e-16 0)
(1.5 3.48071e-16 0)
(1.5 3.99995e-16 0)
(1.5 8.65472e-16 0)
(1.5 8.78007e-16 0)
(1.5 6.63375e-16 0)
(1.5 1.80747e-16 0)
(1.5 -2.79149e-16 0)
(1.5 -1.50642e-18 0)
(1.5 4.70233e-17 0)
(1.5 -1.17715e-16 0)
(1.5 -4.16221e-16 0)
(1.5 9.30779e-17 0)
(1.5 4.94315e-16 0)
(1.5 7.63964e-16 0)
(1.5 6.76351e-16 0)
(1.5 -1.26686e-16 0)
(1.5 -3.92054e-16 0)
(1.5 -2.47897e-16 0)
(1.5 -1.8187e-16 0)
(1.5 -2.09427e-17 0)
(1.5 1.64506e-16 0)
(1.5 1.36229e-16 0)
(1.5 2.1853e-16 0)
(1.5 2.93376e-16 0)
(1.07759 0.591894 0)
(1.14467 0.581129 0)
(1.21477 0.560997 0)
(1.28132 0.538022 0)
(1.34669 0.512199 0)
(1.41692 0.477503 0)
(1.48207 0.438245 0)
(1.53368 0.40685 0)
(1.57415 0.367976 0)
(1.6276 0.313563 0)
(1.67553 0.259627 0)
(1.7138 0.234237 0)
(1.73657 0.196633 0)
(1.76529 0.122932 0)
(1.78623 0.0864135 0)
(1.80931 0.0709722 0)
(1.83948 0.0319039 0)
(1.85627 -0.0221919 0)
(1.86962 -0.0428162 0)
(1.87657 -0.0649863 0)
(1.88796 -0.116523 0)
(1.89111 -0.14078 0)
(1.89919 -0.152322 0)
(1.91657 -0.187971 0)
(1.91796 -0.226832 0)
(1.91924 -0.242005 0)
(1.91789 -0.264815 0)
(1.92146 -0.29243 0)
(1.92318 -0.302401 0)
(1.92948 -0.309439 0)
(1.93855 -0.334143 0)
(1.93564 -0.358567 0)
(1.93113 -0.371399 0)
(1.92717 -0.394495 0)
(1.92902 -0.418631 0)
(1.92607 -0.41677 0)
(1.89928 -0.392385 0)
(1.77895 -0.247636 0)
(1.56336 -0.0468478 0)
(1.48064 0.00891821 0)
(1.47519 0.0276059 0)
(1.47667 0.0327577 0)
(1.47598 0.032275 0)
(1.47435 0.0286505 0)
(1.47081 0.0204909 0)
(1.46975 0.0146433 0)
(1.47052 0.0128942 0)
(1.47441 0.0146677 0)
(1.48201 0.0192975 0)
(1.4881 0.0207404 0)
(1.48977 0.0193116 0)
(1.48966 0.0146177 0)
(1.49012 0.00972834 0)
(1.49186 0.00737262 0)
(1.49584 0.00585811 0)
(1.50224 0.0051773 0)
(1.50661 0.00317421 0)
(1.50693 0.000461875 0)
(1.50532 -0.00495153 0)
(1.50472 -0.00961801 0)
(1.50475 -0.0120505 0)
(1.50684 -0.0131918 0)
(1.5118 -0.0132376 0)
(1.51494 -0.0149808 0)
(1.51405 -0.0184085 0)
(1.51211 -0.0244284 0)
(1.51109 -0.0300643 0)
(1.51024 -0.0329612 0)
(1.51056 -0.0336975 0)
(1.51334 -0.0331566 0)
(1.51438 -0.0343951 0)
(1.51197 -0.0372139 0)
(1.50938 -0.0398576 0)
(1.50702 -0.0411649 0)
(1.50596 -0.0414026 0)
(1.50682 -0.0407574 0)
(1.50694 -0.0394958 0)
(1.50515 -0.0381407 0)
(1.50303 -0.037187 0)
(1.5014 -0.0369309 0)
(1.50143 -0.0388942 0)
(1.50445 -0.043965 0)
(1.50931 -0.048523 0)
(1.51241 -0.0497978 0)
(1.51109 -0.0489259 0)
(1.50751 -0.0483644 0)
(1.50432 -0.0474694 0)
(1.50217 -0.0464674 0)
(1.50228 -0.045323 0)
(1.5052 -0.0442575 0)
(1.50624 -0.0435078 0)
(1.5053 -0.0430346 0)
(1.50398 -0.0416398 0)
(1.50324 -0.0399022 0)
(1.50309 -0.0374835 0)
(1.50442 -0.0340171 0)
(1.50588 -0.0310672 0)
(1.50585 -0.0297905 0)
(1.5056 -0.0284221 0)
(1.50564 -0.0267878 0)
(1.50616 -0.0249225 0)
(1.50752 -0.0224304 0)
(1.50996 -0.0189612 0)
(1.51151 -0.0164617 0)
(1.51162 -0.0153442 0)
(1.5117 -0.0143515 0)
(1.51189 -0.0134469 0)
(1.51239 -0.0125576 0)
(1.51344 -0.0112546 0)
(1.51532 -0.00938981 0)
(1.51686 -0.00766645 0)
(1.51708 -0.00698098 0)
(1.51684 -0.00644993 0)
(1.51595 -0.00595566 0)
(1.51473 -0.00568329 0)
(1.51434 -0.00539319 0)
(1.51438 -0.00520043 0)
(1.51461 -0.00489983 0)
(1.51547 -0.00424118 0)
(1.5171 -0.00319409 0)
(1.51809 -0.00241466 0)
(1.51816 -0.00216922 0)
(1.518 -0.00190686 0)
(1.51759 -0.00160001 0)
(1.51739 -0.00132978 0)
(1.51741 -0.00113601 0)
(1.51754 -0.00080196 0)
(1.51773 -0.000358647 0)
(1.51774 -8.01363e-05 0)
(1.51763 0.000110073 0)
(1.51737 0.000296553 0)
(1.51689 0.000419038 0)
(1.51643 0.000499542 0)
(1.5163 0.000571052 0)
(1.51627 0.000631849 0)
(1.51633 0.000756652 0)
(1.51658 0.000953089 0)
(1.51687 0.00118769 0)
(1.51688 0.00131879 0)
(1.51681 0.00140003 0)
(1.5166 0.00149897 0)
(1.51603 0.00153123 0)
(1.5146 0.00138862 0)
(1.51194 0.00100915 0)
(1.50956 0.000696796 0)
(1.50896 0.00067436 0)
(1.50892 0.000707602 0)
(1.50891 0.000774558 0)
(1.509 0.000877434 0)
(1.50935 0.00104634 0)
(1.51014 0.00133268 0)
(1.5109 0.00162391 0)
(1.51102 0.00174782 0)
(1.51096 0.00179565 0)
(1.51082 0.00186775 0)
(1.5104 0.00188756 0)
(1.50924 0.00173614 0)
(1.50653 0.00123886 0)
(1.50255 0.000468991 0)
(1.50029 4.91745e-05 0)
(1.5 6.44753e-07 0)
(1.5 4.63918e-10 0)
(1.5 1.03204e-14 0)
(1.5 3.67409e-16 0)
(1.5 2.80069e-16 0)
(1.5 3.94824e-16 0)
(1.5 4.1268e-16 0)
(1.5 2.53812e-16 0)
(1.5 2.84785e-16 0)
(1.5 3.12827e-16 0)
(1.5 6.01714e-16 0)
(1.5 7.75847e-16 0)
(1.5 8.78691e-16 0)
(1.5 3.34145e-16 0)
(1.5 -3.24997e-16 0)
(1.5 -1.69547e-16 0)
(1.5 2.43987e-16 0)
(1.5 6.65357e-16 0)
(1.5 5.90402e-17 0)
(1.5 6.06198e-18 0)
(1.5 -2.01917e-17 0)
(1.5 5.98126e-16 0)
(1.5 4.4835e-16 0)
(1.5 -6.11738e-17 0)
(1.5 -1.21174e-15 0)
(1.5 -9.6787e-16 0)
(1.5 -5.93382e-16 0)
(1.5 -1.02199e-16 0)
(1.5 3.8688e-16 0)
(1.5 3.86846e-16 0)
(1.5 9.91574e-16 0)
(1.5 1.11756e-15 0)
(1.07087 0.574929 0)
(1.13065 0.565149 0)
(1.19486 0.547899 0)
(1.25704 0.528131 0)
(1.31575 0.507993 0)
(1.37893 0.480917 0)
(1.44319 0.444524 0)
(1.49665 0.412949 0)
(1.53564 0.384662 0)
(1.57796 0.341308 0)
(1.62853 0.288412 0)
(1.6684 0.252235 0)
(1.6943 0.22704 0)
(1.72104 0.170915 0)
(1.74706 0.120977 0)
(1.77143 0.106376 0)
(1.79956 0.076072 0)
(1.82256 0.0237126 0)
(1.83529 -0.00321973 0)
(1.84485 -0.0172481 0)
(1.85892 -0.0656294 0)
(1.86293 -0.0985666 0)
(1.86809 -0.108032 0)
(1.88421 -0.140112 0)
(1.88948 -0.182111 0)
(1.89266 -0.194871 0)
(1.89623 -0.211957 0)
(1.90384 -0.240802 0)
(1.90551 -0.256508 0)
(1.90955 -0.261352 0)
(1.91932 -0.287383 0)
(1.91618 -0.315182 0)
(1.9117 -0.328444 0)
(1.90984 -0.350659 0)
(1.91495 -0.370134 0)
(1.91644 -0.388904 0)
(1.9161 -0.389228 0)
(1.89459 -0.376634 0)
(1.7719 -0.251475 0)
(1.58097 -0.0662637 0)
(1.51022 0.00891042 0)
(1.48997 0.0301448 0)
(1.48662 0.0302916 0)
(1.48075 0.0248557 0)
(1.47738 0.0161033 0)
(1.47755 0.0125198 0)
(1.48109 0.0109882 0)
(1.4899 0.0137847 0)
(1.49714 0.0159758 0)
(1.4988 0.0152908 0)
(1.49835 0.0118934 0)
(1.49695 0.0066121 0)
(1.49715 0.00470735 0)
(1.49908 0.00395461 0)
(1.5047 0.00420985 0)
(1.51114 0.00375169 0)
(1.51304 0.00147608 0)
(1.51213 -0.00191995 0)
(1.51027 -0.00752618 0)
(1.50984 -0.0101449 0)
(1.51042 -0.0115198 0)
(1.51431 -0.0115112 0)
(1.51891 -0.0123057 0)
(1.51922 -0.0154748 0)
(1.5175 -0.0207465 0)
(1.51595 -0.0273377 0)
(1.51526 -0.0313268 0)
(1.51511 -0.0331036 0)
(1.5174 -0.032895 0)
(1.52015 -0.0329307 0)
(1.5184 -0.0345383 0)
(1.51506 -0.0379769 0)
(1.51227 -0.0408032 0)
(1.50983 -0.0416228 0)
(1.50906 -0.041676 0)
(1.51089 -0.041125 0)
(1.51268 -0.0400561 0)
(1.51183 -0.0388247 0)
(1.50995 -0.0379904 0)
(1.50857 -0.0382285 0)
(1.50865 -0.0409823 0)
(1.51097 -0.0456609 0)
(1.51443 -0.048874 0)
(1.51659 -0.0490403 0)
(1.51473 -0.0483267 0)
(1.51162 -0.0480311 0)
(1.5089 -0.0471851 0)
(1.50709 -0.0462091 0)
(1.50693 -0.0451849 0)
(1.50925 -0.0443614 0)
(1.51041 -0.0434132 0)
(1.50932 -0.0426929 0)
(1.50816 -0.0410162 0)
(1.50737 -0.0386954 0)
(1.50735 -0.0358571 0)
(1.5079 -0.0331147 0)
(1.50786 -0.031556 0)
(1.50756 -0.0304723 0)
(1.50736 -0.0289939 0)
(1.50754 -0.0272438 0)
(1.50841 -0.0249622 0)
(1.5104 -0.021564 0)
(1.51241 -0.018418 0)
(1.51266 -0.0171415 0)
(1.51249 -0.0162003 0)
(1.51252 -0.0152204 0)
(1.51281 -0.0142832 0)
(1.51351 -0.0130512 0)
(1.51499 -0.0112847 0)
(1.51708 -0.00903946 0)
(1.51797 -0.00769541 0)
(1.51795 -0.00723132 0)
(1.51739 -0.00665712 0)
(1.51611 -0.00631478 0)
(1.51482 -0.0060957 0)
(1.51458 -0.00582424 0)
(1.51467 -0.00561921 0)
(1.51513 -0.00511687 0)
(1.51638 -0.00417977 0)
(1.51804 -0.00299831 0)
(1.51856 -0.00241779 0)
(1.51853 -0.00221586 0)
(1.51821 -0.00192108 0)
(1.51779 -0.0016276 0)
(1.51768 -0.0013858 0)
(1.51772 -0.0011422 0)
(1.5179 -0.000707287 0)
(1.51806 -0.000236596 0)
(1.51802 1.78412e-05 0)
(1.51786 0.00023466 0)
(1.5175 0.000421883 0)
(1.51691 0.00052114 0)
(1.51648 0.000597087 0)
(1.5164 0.000659303 0)
(1.51638 0.000737327 0)
(1.51647 0.000884281 0)
(1.51678 0.00111443 0)
(1.51705 0.00136208 0)
(1.51703 0.00148385 0)
(1.51693 0.00157813 0)
(1.51667 0.00167904 0)
(1.51597 0.00169057 0)
(1.51428 0.00147926 0)
(1.51146 0.00103398 0)
(1.50941 0.000750221 0)
(1.50902 0.00075901 0)
(1.509 0.000793576 0)
(1.509 0.00087364 0)
(1.50912 0.000992929 0)
(1.50957 0.00120184 0)
(1.51046 0.00153973 0)
(1.5111 0.00182944 0)
(1.51113 0.00193332 0)
(1.51106 0.00199311 0)
(1.51087 0.00206819 0)
(1.51034 0.00206334 0)
(1.5089 0.0018309 0)
(1.50577 0.00118836 0)
(1.50184 0.000362095 0)
(1.50015 2.57899e-05 0)
(1.5 1.90812e-07 0)
(1.5 6.43576e-11 0)
(1.5 1.26413e-15 0)
(1.5 -1.97795e-17 0)
(1.5 -1.90374e-16 0)
(1.5 -1.88193e-16 0)
(1.5 1.28563e-16 0)
(1.5 2.00633e-16 0)
(1.5 4.71437e-17 0)
(1.5 2.97231e-16 0)
(1.5 3.21852e-16 0)
(1.5 7.21413e-16 0)
(1.5 7.21833e-16 0)
(1.5 3.50428e-16 0)
(1.5 3.82189e-16 0)
(1.5 4.88242e-16 0)
(1.5 6.81437e-16 0)
(1.5 5.5612e-16 0)
(1.5 6.52011e-17 0)
(1.5 -1.71123e-16 0)
(1.5 -4.23303e-16 0)
(1.5 -3.6818e-16 0)
(1.5 3.17734e-17 0)
(1.5 -5.93302e-16 0)
(1.5 -1.02579e-15 0)
(1.5 -1.12985e-15 0)
(1.5 -6.32252e-16 0)
(1.5 -7.18786e-17 0)
(1.5 6.05488e-16 0)
(1.5 9.80756e-16 0)
(1.5 1.27532e-15 0)
(1.5 1.40835e-15 0)
(1.06531 0.559085 0)
(1.11933 0.550145 0)
(1.17857 0.536424 0)
(1.23683 0.520078 0)
(1.29143 0.503058 0)
(1.34835 0.481125 0)
(1.4085 0.450643 0)
(1.46208 0.419078 0)
(1.50276 0.39418 0)
(1.53588 0.360604 0)
(1.58347 0.314702 0)
(1.62586 0.271966 0)
(1.65718 0.249441 0)
(1.67979 0.209905 0)
(1.71153 0.155313 0)
(1.73575 0.134933 0)
(1.7615 0.113641 0)
(1.78933 0.067013 0)
(1.80335 0.0343411 0)
(1.81383 0.0215861 0)
(1.82925 -0.0234459 0)
(1.83489 -0.0622998 0)
(1.84022 -0.0717701 0)
(1.85353 -0.098499 0)
(1.86414 -0.140354 0)
(1.86856 -0.155812 0)
(1.87659 -0.170986 0)
(1.88829 -0.201363 0)
(1.88967 -0.223207 0)
(1.89316 -0.225353 0)
(1.90083 -0.248898 0)
(1.89806 -0.279351 0)
(1.89375 -0.290881 0)
(1.89382 -0.308366 0)
(1.89791 -0.327508 0)
(1.89801 -0.339208 0)
(1.90725 -0.359482 0)
(1.90569 -0.364742 0)
(1.88293 -0.357415 0)
(1.7652 -0.232248 0)
(1.60946 -0.0733658 0)
(1.52317 0.00890917 0)
(1.49623 0.0226044 0)
(1.48383 0.0209617 0)
(1.48191 0.0158079 0)
(1.48461 0.0129032 0)
(1.49297 0.0121177 0)
(1.50328 0.0126344 0)
(1.50666 0.0113553 0)
(1.50645 0.00899626 0)
(1.50407 0.00397685 0)
(1.50317 0.00124351 0)
(1.50393 0.000833671 0)
(1.50771 0.00198345 0)
(1.51454 0.0034829 0)
(1.51847 0.00182524 0)
(1.51849 -0.00111819 0)
(1.51653 -0.00643401 0)
(1.51565 -0.00989192 0)
(1.51537 -0.0110833 0)
(1.51753 -0.0110081 0)
(1.52237 -0.0107228 0)
(1.52414 -0.0133116 0)
(1.52271 -0.0177156 0)
(1.5208 -0.0245063 0)
(1.52 -0.0293397 0)
(1.51947 -0.0318297 0)
(1.52094 -0.0324516 0)
(1.5246 -0.0319366 0)
(1.52474 -0.0330259 0)
(1.52182 -0.0349167 0)
(1.51813 -0.0390107 0)
(1.51539 -0.0411293 0)
(1.51312 -0.041756 0)
(1.51289 -0.041531 0)
(1.5157 -0.040216 0)
(1.51876 -0.0389227 0)
(1.51858 -0.0378856 0)
(1.51697 -0.0374661 0)
(1.51557 -0.0385815 0)
(1.51533 -0.0421051 0)
(1.51659 -0.0460518 0)
(1.51889 -0.0479091 0)
(1.52047 -0.0478158 0)
(1.51838 -0.0476286 0)
(1.51557 -0.0474226 0)
(1.51309 -0.046571 0)
(1.51145 -0.0455237 0)
(1.51109 -0.0443449 0)
(1.5128 -0.0432094 0)
(1.51416 -0.0420395 0)
(1.51309 -0.0408109 0)
(1.51203 -0.0391608 0)
(1.51127 -0.036857 0)
(1.51084 -0.0345424 0)
(1.51034 -0.0330054 0)
(1.50984 -0.0320749 0)
(1.50939 -0.0309003 0)
(1.50923 -0.0293737 0)
(1.50969 -0.0273473 0)
(1.51125 -0.0243039 0)
(1.51347 -0.0206666 0)
(1.51394 -0.0189125 0)
(1.51369 -0.0180014 0)
(1.5135 -0.0169333 0)
(1.51356 -0.015878 0)
(1.51395 -0.0146902 0)
(1.51493 -0.0131161 0)
(1.5169 -0.0107868 0)
(1.51865 -0.00867409 0)
(1.5189 -0.00789132 0)
(1.51861 -0.00733271 0)
(1.51769 -0.0068524 0)
(1.51613 -0.00673973 0)
(1.51516 -0.0065156 0)
(1.51505 -0.00625522 0)
(1.51521 -0.00592099 0)
(1.51592 -0.00516154 0)
(1.51754 -0.00386916 0)
(1.51885 -0.00279203 0)
(1.51899 -0.00245667 0)
(1.51883 -0.00222394 0)
(1.51838 -0.00193339 0)
(1.51803 -0.00164361 0)
(1.51799 -0.0014201 0)
(1.51808 -0.00107881 0)
(1.51831 -0.00054383 0)
(1.51841 -9.82999e-05 0)
(1.51832 0.000137977 0)
(1.51809 0.000372149 0)
(1.5176 0.000539661 0)
(1.51692 0.000613935 0)
(1.51656 0.000688097 0)
(1.5165 0.000747416 0)
(1.51649 0.000849561 0)
(1.51663 0.00102478 0)
(1.51701 0.00129621 0)
(1.51723 0.00155025 0)
(1.51718 0.00166319 0)
(1.51706 0.00177127 0)
(1.51673 0.0018687 0)
(1.51587 0.00183623 0)
(1.51387 0.00153635 0)
(1.51096 0.00103175 0)
(1.50932 0.000806766 0)
(1.5091 0.000834908 0)
(1.50908 0.000880577 0)
(1.5091 0.000975549 0)
(1.50928 0.00112216 0)
(1.50985 0.00138582 0)
(1.5108 0.00177458 0)
(1.51127 0.00204425 0)
(1.51125 0.00212862 0)
(1.51116 0.00220368 0)
(1.51091 0.00227498 0)
(1.51022 0.00222789 0)
(1.50843 0.00188342 0)
(1.50486 0.00107686 0)
(1.50119 0.000249232 0)
(1.50006 1.11374e-05 0)
(1.5 4.22475e-08 0)
(1.5 5.97937e-12 0)
(1.5 -5.51852e-16 0)
(1.5 -7.23095e-16 0)
(1.5 -3.18123e-16 0)
(1.5 -1.05568e-17 0)
(1.5 3.45547e-16 0)
(1.5 5.1199e-16 0)
(1.5 5.21392e-16 0)
(1.5 3.12995e-16 0)
(1.5 2.85738e-16 0)
(1.5 4.09276e-16 0)
(1.5 3.49465e-16 0)
(1.5 4.64131e-16 0)
(1.5 6.21337e-16 0)
(1.5 1.23297e-15 0)
(1.5 8.60424e-16 0)
(1.5 3.48207e-16 0)
(1.5 -2.45271e-16 0)
(1.5 -1.0839e-15 0)
(1.5 -1.02633e-15 0)
(1.5 -1.48032e-15 0)
(1.5 -1.16455e-15 0)
(1.5 -1.13095e-15 0)
(1.5 -1.24991e-15 0)
(1.5 -5.9525e-16 0)
(1.5 -6.90074e-16 0)
(1.5 -6.00317e-16 0)
(1.5 3.34046e-16 0)
(1.5 1.05929e-15 0)
(1.5 1.01586e-15 0)
(1.5 6.7652e-16 0)
(1.06134 0.54413 0)
(1.11123 0.536902 0)
(1.16571 0.52698 0)
(1.22025 0.513854 0)
(1.272 0.498941 0)
(1.32417 0.480277 0)
(1.37896 0.455127 0)
(1.43041 0.425826 0)
(1.47187 0.400929 0)
(1.50105 0.37354 0)
(1.54185 0.334575 0)
(1.58749 0.2908 0)
(1.62221 0.266469 0)
(1.64381 0.240322 0)
(1.6772 0.191245 0)
(1.7019 0.163183 0)
(1.72763 0.143193 0)
(1.75745 0.101145 0)
(1.77246 0.0681689 0)
(1.7827 0.057112 0)
(1.79688 0.0173361 0)
(1.80639 -0.0275475 0)
(1.81381 -0.0390047 0)
(1.82671 -0.0610592 0)
(1.84034 -0.0984361 0)
(1.84566 -0.11675 0)
(1.85393 -0.126896 0)
(1.86829 -0.155078 0)
(1.8713 -0.184359 0)
(1.87466 -0.188673 0)
(1.87947 -0.208677 0)
(1.8785 -0.24186 0)
(1.87516 -0.253406 0)
(1.87702 -0.268747 0)
(1.88163 -0.284771 0)
(1.88267 -0.304592 0)
(1.88653 -0.309867 0)
(1.89725 -0.338546 0)
(1.89399 -0.346725 0)
(1.87036 -0.334846 0)
(1.76971 -0.226725 0)
(1.6262 -0.0838497 0)
(1.51949 0.0116338 0)
(1.49061 0.0173201 0)
(1.48763 0.0120496 0)
(1.49526 0.0112509 0)
(1.5049 0.0114357 0)
(1.50984 0.00858681 0)
(1.51011 0.00506106 0)
(1.50907 0.00154214 0)
(1.50879 -0.0011653 0)
(1.50934 -0.00193284 0)
(1.51212 -0.00102168 0)
(1.51796 0.00153923 0)
(1.52273 0.00156662 0)
(1.52327 -0.000936903 0)
(1.52178 -0.00584314 0)
(1.52091 -0.0104399 0)
(1.52062 -0.0124536 0)
(1.52174 -0.0129286 0)
(1.5258 -0.0118784 0)
(1.52894 -0.0125914 0)
(1.52807 -0.0152873 0)
(1.52602 -0.0209247 0)
(1.52476 -0.0269764 0)
(1.52397 -0.0304058 0)
(1.52414 -0.0317798 0)
(1.52726 -0.0315261 0)
(1.53025 -0.0316509 0)
(1.52834 -0.0330334 0)
(1.52491 -0.0359735 0)
(1.52152 -0.0399376 0)
(1.51901 -0.0414736 0)
(1.51722 -0.041652 0)
(1.5177 -0.0404914 0)
(1.52126 -0.0385029 0)
(1.52473 -0.0373654 0)
(1.52472 -0.0374756 0)
(1.52281 -0.0384193 0)
(1.52131 -0.0406882 0)
(1.5208 -0.0441837 0)
(1.52107 -0.0462852 0)
(1.52269 -0.0468126 0)
(1.52391 -0.0466347 0)
(1.52182 -0.0465948 0)
(1.51926 -0.046436 0)
(1.51697 -0.0457994 0)
(1.51537 -0.0449234 0)
(1.51495 -0.0436666 0)
(1.51635 -0.0421266 0)
(1.51756 -0.0405965 0)
(1.51668 -0.0392993 0)
(1.5155 -0.0378844 0)
(1.51435 -0.0360569 0)
(1.51322 -0.0344734 0)
(1.5124 -0.0334245 0)
(1.51171 -0.0324039 0)
(1.5112 -0.0311065 0)
(1.51119 -0.0293644 0)
(1.51223 -0.0268214 0)
(1.51452 -0.0231364 0)
(1.51569 -0.0205577 0)
(1.5154 -0.0195972 0)
(1.51491 -0.0184266 0)
(1.5147 -0.0172226 0)
(1.51482 -0.0160514 0)
(1.51533 -0.0146404 0)
(1.51673 -0.0125477 0)
(1.51888 -0.0100119 0)
(1.51973 -0.00863776 0)
(1.51967 -0.00815929 0)
(1.51911 -0.00752328 0)
(1.51777 -0.00728179 0)
(1.51612 -0.00723512 0)
(1.51556 -0.00693035 0)
(1.5156 -0.00661769 0)
(1.51594 -0.00599866 0)
(1.51704 -0.00486109 0)
(1.51878 -0.00342048 0)
(1.51943 -0.00269312 0)
(1.51939 -0.00249566 0)
(1.51906 -0.002211 0)
(1.51854 -0.00193189 0)
(1.51834 -0.00165561 0)
(1.51834 -0.00139331 0)
(1.5185 -0.000922287 0)
(1.51875 -0.000317995 0)
(1.51876 5.91526e-05 0)
(1.51861 0.000300069 0)
(1.51829 0.000532391 0)
(1.51765 0.00065618 0)
(1.51692 0.00070283 0)
(1.51665 0.000782439 0)
(1.51661 0.000841419 0)
(1.51663 0.00097362 0)
(1.51684 0.00118825 0)
(1.51726 0.00150582 0)
(1.51742 0.00175475 0)
(1.51735 0.00186127 0)
(1.51719 0.00198334 0)
(1.51677 0.0020685 0)
(1.51568 0.00198045 0)
(1.51335 0.00156871 0)
(1.51048 0.00103742 0)
(1.50929 0.000885611 0)
(1.50918 0.000923637 0)
(1.50916 0.000983213 0)
(1.50921 0.00109461 0)
(1.50947 0.00127597 0)
(1.5102 0.00160812 0)
(1.51114 0.0020325 0)
(1.51143 0.00226366 0)
(1.51138 0.0023361 0)
(1.51126 0.00242634 0)
(1.51093 0.00248306 0)
(1.51003 0.00237176 0)
(1.50779 0.00187588 0)
(1.50383 0.000905104 0)
(1.50068 0.000148258 0)
(1.50002 3.79239e-06 0)
(1.5 6.62526e-09 0)
(1.5 3.48153e-13 0)
(1.5 -1.56044e-15 0)
(1.5 -1.08137e-15 0)
(1.5 -2.9027e-16 0)
(1.5 -1.82887e-16 0)
(1.5 2.31119e-16 0)
(1.5 3.98354e-16 0)
(1.5 5.45686e-16 0)
(1.5 5.97653e-16 0)
(1.5 9.4591e-17 0)
(1.5 -5.27158e-17 0)
(1.5 4.8035e-17 0)
(1.5 1.58266e-16 0)
(1.5 7.6035e-16 0)
(1.5 6.7053e-16 0)
(1.5 7.23189e-16 0)
(1.5 3.57165e-16 0)
(1.5 -1.12856e-16 0)
(1.5 -4.29447e-16 0)
(1.5 -8.43575e-16 0)
(1.5 -1.99638e-15 0)
(1.5 -1.96738e-15 0)
(1.5 -1.49315e-15 0)
(1.5 -1.10951e-15 0)
(1.5 -8.06416e-16 0)
(1.5 -6.66961e-16 0)
(1.5 -6.65247e-16 0)
(1.5 -2.67249e-16 0)
(1.5 5.63747e-16 0)
(1.5 4.67033e-16 0)
(1.5 3.66006e-16 0)
(1.05923 0.530782 0)
(1.10583 0.526324 0)
(1.15591 0.519622 0)
(1.20711 0.509201 0)
(1.25663 0.496073 0)
(1.30489 0.479972 0)
(1.35386 0.45869 0)
(1.40176 0.431926 0)
(1.44291 0.405236 0)
(1.47208 0.380099 0)
(1.50461 0.347816 0)
(1.55125 0.309178 0)
(1.58799 0.282986 0)
(1.61422 0.262626 0)
(1.64712 0.219494 0)
(1.66995 0.191746 0)
(1.69371 0.17293 0)
(1.72527 0.132985 0)
(1.74279 0.095846 0)
(1.75498 0.0837087 0)
(1.76594 0.0519205 0)
(1.77859 0.00608178 0)
(1.78796 -0.00718945 0)
(1.8013 -0.0247111 0)
(1.81823 -0.0583462 0)
(1.82479 -0.0819911 0)
(1.83296 -0.0908045 0)
(1.84871 -0.118428 0)
(1.8529 -0.150971 0)
(1.8561 -0.158055 0)
(1.85942 -0.17505 0)
(1.8614 -0.210734 0)
(1.85943 -0.223874 0)
(1.86174 -0.235611 0)
(1.86836 -0.251084 0)
(1.87011 -0.271668 0)
(1.8715 -0.277353 0)
(1.88055 -0.293586 0)
(1.88491 -0.324798 0)
(1.88031 -0.327887 0)
(1.85873 -0.315507 0)
(1.77313 -0.230152 0)
(1.61153 -0.0687887 0)
(1.52153 -0.00486163 0)
(1.50429 0.00275289 0)
(1.50924 0.0107219 0)
(1.51187 0.0109883 0)
(1.51154 0.00785747 0)
(1.51131 0.00273846 0)
(1.51208 -0.00114954 0)
(1.514 -0.00359062 0)
(1.51739 -0.00395716 0)
(1.5222 -0.00209484 0)
(1.52634 -0.00120751 0)
(1.52691 -0.00219679 0)
(1.52561 -0.00537395 0)
(1.52469 -0.0101231 0)
(1.52463 -0.0130916 0)
(1.52571 -0.0145184 0)
(1.52932 -0.0140775 0)
(1.53341 -0.0135408 0)
(1.53342 -0.0148439 0)
(1.53153 -0.0181271 0)
(1.52941 -0.0243072 0)
(1.52851 -0.0288851 0)
(1.52802 -0.031048 0)
(1.52942 -0.0311311 0)
(1.53322 -0.0305804 0)
(1.53444 -0.0316129 0)
(1.53173 -0.0331221 0)
(1.52828 -0.0363258 0)
(1.52547 -0.0391896 0)
(1.52324 -0.0406102 0)
(1.52219 -0.0407392 0)
(1.52343 -0.039129 0)
(1.52707 -0.0370894 0)
(1.52974 -0.0370753 0)
(1.52919 -0.0383921 0)
(1.52742 -0.0401267 0)
(1.52599 -0.0428405 0)
(1.52514 -0.0450151 0)
(1.52478 -0.0458139 0)
(1.52607 -0.0458327 0)
(1.52687 -0.0458542 0)
(1.52491 -0.0458781 0)
(1.52261 -0.045724 0)
(1.52052 -0.0451841 0)
(1.51897 -0.0442875 0)
(1.51859 -0.0427989 0)
(1.51976 -0.0407306 0)
(1.52038 -0.0389536 0)
(1.51931 -0.0379539 0)
(1.51804 -0.0369809 0)
(1.51666 -0.0358913 0)
(1.51523 -0.0347796 0)
(1.51416 -0.033643 0)
(1.51338 -0.0324791 0)
(1.51298 -0.0310846 0)
(1.51342 -0.0291053 0)
(1.51529 -0.0258751 0)
(1.51731 -0.0224126 0)
(1.5173 -0.0209037 0)
(1.51673 -0.0197443 0)
(1.51628 -0.0184104 0)
(1.51614 -0.0172243 0)
(1.51626 -0.0158944 0)
(1.51705 -0.0140752 0)
(1.5189 -0.0116103 0)
(1.52038 -0.0096784 0)
(1.5205 -0.0090062 0)
(1.52021 -0.00844288 0)
(1.51935 -0.00801784 0)
(1.51763 -0.00791058 0)
(1.51634 -0.00758376 0)
(1.51617 -0.00717676 0)
(1.51629 -0.00671214 0)
(1.51688 -0.005773 0)
(1.51842 -0.00429902 0)
(1.51975 -0.00307892 0)
(1.51988 -0.00270404 0)
(1.51971 -0.00247106 0)
(1.51922 -0.00219693 0)
(1.51878 -0.00190333 0)
(1.5187 -0.00165069 0)
(1.51875 -0.0012741 0)
(1.519 -0.000668627 0)
(1.51919 -7.64792e-05 0)
(1.51912 0.000225452 0)
(1.5189 0.000483995 0)
(1.51844 0.000687047 0)
(1.51763 0.00075489 0)
(1.51694 0.000788225 0)
(1.51677 0.000866474 0)
(1.51674 0.000946747 0)
(1.51679 0.00111106 0)
(1.51708 0.00137877 0)
(1.51753 0.0017377 0)
(1.51761 0.00196656 0)
(1.51753 0.00207458 0)
(1.51731 0.00220601 0)
(1.51677 0.00226282 0)
(1.5154 0.00208919 0)
(1.51271 0.00155394 0)
(1.51009 0.00103836 0)
(1.50933 0.000968975 0)
(1.50927 0.00101006 0)
(1.50926 0.00109124 0)
(1.50935 0.00122481 0)
(1.50973 0.00145826 0)
(1.51061 0.00187143 0)
(1.51145 0.00230258 0)
(1.51158 0.00248731 0)
(1.51152 0.0025586 0)
(1.51135 0.00265922 0)
(1.51091 0.00268613 0)
(1.50972 0.00248002 0)
(1.50694 0.00178782 0)
(1.50276 0.000687981 0)
(1.50032 7.32811e-05 0)
(1.50001 9.66553e-07 0)
(1.5 6.9026e-10 0)
(1.5 1.19891e-14 0)
(1.5 -1.60712e-15 0)
(1.5 -1.19621e-15 0)
(1.5 -4.75729e-16 0)
(1.5 1.09018e-16 0)
(1.5 3.07205e-16 0)
(1.5 2.04012e-16 0)
(1.5 5.81221e-16 0)
(1.5 5.01816e-16 0)
(1.5 2.39458e-16 0)
(1.5 -5.30135e-17 0)
(1.5 -3.48957e-16 0)
(1.5 -2.76402e-16 0)
(1.5 5.02232e-17 0)
(1.5 -7.53439e-18 0)
(1.5 1.67711e-16 0)
(1.5 -2.31672e-16 0)
(1.5 -3.49471e-16 0)
(1.5 -5.31445e-16 0)
(1.5 -1.29927e-15 0)
(1.5 -1.50101e-15 0)
(1.5 -1.48916e-15 0)
(1.5 -1.16151e-15 0)
(1.5 -8.26352e-16 0)
(1.5 -9.45857e-16 0)
(1.5 -5.92146e-16 0)
(1.5 -2.15636e-16 0)
(1.5 1.09457e-16 0)
(1.5 6.54843e-16 0)
(1.5 1.73845e-16 0)
(1.5 4.58295e-16 0)
(1.05893 0.520828 0)
(1.10264 0.518915 0)
(1.14888 0.514654 0)
(1.19688 0.506544 0)
(1.24385 0.494906 0)
(1.28834 0.480012 0)
(1.33167 0.460396 0)
(1.37516 0.435523 0)
(1.41545 0.408167 0)
(1.44611 0.383844 0)
(1.47409 0.356375 0)
(1.51897 0.324203 0)
(1.55661 0.29783 0)
(1.58602 0.281805 0)
(1.61971 0.243914 0)
(1.64218 0.215125 0)
(1.66289 0.198224 0)
(1.69309 0.161812 0)
(1.7127 0.122294 0)
(1.7274 0.107506 0)
(1.73712 0.0826051 0)
(1.75302 0.03863 0)
(1.76374 0.0213024 0)
(1.77734 0.00844662 0)
(1.79634 -0.0212533 0)
(1.80419 -0.0486858 0)
(1.81189 -0.0558667 0)
(1.82618 -0.0810057 0)
(1.83301 -0.11756 0)
(1.83644 -0.129442 0)
(1.83906 -0.14233 0)
(1.84351 -0.175718 0)
(1.84294 -0.191827 0)
(1.84548 -0.200655 0)
(1.85341 -0.216044 0)
(1.85641 -0.237019 0)
(1.85701 -0.243406 0)
(1.86202 -0.254991 0)
(1.8696 -0.282688 0)
(1.86977 -0.305083 0)
(1.8665 -0.306901 0)
(1.84755 -0.299479 0)
(1.76019 -0.215362 0)
(1.61119 -0.0681172 0)
(1.53898 -0.0235766 0)
(1.51692 0.00134033 0)
(1.51352 0.0115317 0)
(1.51075 0.00969731 0)
(1.51023 0.00440004 0)
(1.5147 -0.00179299 0)
(1.52139 -0.00532992 0)
(1.52723 -0.00524856 0)
(1.53032 -0.00412115 0)
(1.53051 -0.00399699 0)
(1.52945 -0.00531074 0)
(1.52788 -0.00870612 0)
(1.52725 -0.0125388 0)
(1.52823 -0.0154325 0)
(1.53186 -0.0159666 0)
(1.53671 -0.0154601 0)
(1.53813 -0.0162761 0)
(1.53672 -0.0176641 0)
(1.53458 -0.0212319 0)
(1.53299 -0.0257012 0)
(1.53205 -0.0293218 0)
(1.53243 -0.0311816 0)
(1.53495 -0.0305177 0)
(1.53821 -0.0299164 0)
(1.53791 -0.0315858 0)
(1.53512 -0.0337908 0)
(1.53235 -0.036431 0)
(1.52994 -0.0386956 0)
(1.5282 -0.0400472 0)
(1.52772 -0.0400241 0)
(1.52911 -0.0387522 0)
(1.53178 -0.0375834 0)
(1.53336 -0.0382367 0)
(1.53255 -0.040197 0)
(1.53094 -0.0424933 0)
(1.52965 -0.0446224 0)
(1.52848 -0.0454634 0)
(1.52804 -0.0453087 0)
(1.52889 -0.0449903 0)
(1.52922 -0.0449809 0)
(1.52755 -0.0449449 0)
(1.52555 -0.0447542 0)
(1.52368 -0.044208 0)
(1.52233 -0.04316 0)
(1.52214 -0.0414675 0)
(1.52304 -0.0394383 0)
(1.52266 -0.0381805 0)
(1.52146 -0.0375298 0)
(1.52022 -0.0366898 0)
(1.51865 -0.0357042 0)
(1.51698 -0.0346712 0)
(1.51589 -0.0336868 0)
(1.51513 -0.0325126 0)
(1.51502 -0.0308621 0)
(1.5161 -0.0282314 0)
(1.51841 -0.0244803 0)
(1.51919 -0.0220239 0)
(1.51874 -0.0208448 0)
(1.51814 -0.0194304 0)
(1.51781 -0.0180644 0)
(1.51766 -0.0167384 0)
(1.51795 -0.0151828 0)
(1.51915 -0.0130618 0)
(1.52084 -0.010856 0)
(1.5213 -0.00980266 0)
(1.52116 -0.00934248 0)
(1.52061 -0.00879859 0)
(1.51925 -0.00857159 0)
(1.51752 -0.00836466 0)
(1.5169 -0.0078488 0)
(1.51689 -0.00739117 0)
(1.51713 -0.00657767 0)
(1.51812 -0.00528123 0)
(1.51975 -0.00373974 0)
(1.52037 -0.00294206 0)
(1.52031 -0.00272134 0)
(1.51995 -0.00242211 0)
(1.51938 -0.00214046 0)
(1.51913 -0.00184685 0)
(1.5191 -0.00154636 0)
(1.51923 -0.00102858 0)
(1.51954 -0.000337317 0)
(1.5196 0.000143672 0)
(1.51947 0.000404683 0)
(1.51916 0.000666194 0)
(1.51852 0.000820787 0)
(1.51757 0.000837743 0)
(1.517 0.000889628 0)
(1.5169 0.000966651 0)
(1.51688 0.00108046 0)
(1.51698 0.00128402 0)
(1.51739 0.00161749 0)
(1.5178 0.00199941 0)
(1.51781 0.00219448 0)
(1.5177 0.00231293 0)
(1.51742 0.00244352 0)
(1.51671 0.00245353 0)
(1.51497 0.00215865 0)
(1.51201 0.00150895 0)
(1.50982 0.00107704 0)
(1.5094 0.00107502 0)
(1.50936 0.00111899 0)
(1.50936 0.00122133 0)
(1.50952 0.00138339 0)
(1.51005 0.00168555 0)
(1.51107 0.00217771 0)
(1.51173 0.00257681 0)
(1.51174 0.00271353 0)
(1.51166 0.00280244 0)
(1.51142 0.00289879 0)
(1.51082 0.00287646 0)
(1.50924 0.00253009 0)
(1.50585 0.00160155 0)
(1.50176 0.000457241 0)
(1.50013 2.86608e-05 0)
(1.5 1.73303e-07 0)
(1.5 4.43326e-11 0)
(1.5 -4.43755e-16 0)
(1.5 -1.19473e-15 0)
(1.5 -9.97541e-16 0)
(1.5 -6.83324e-16 0)
(1.5 -5.50418e-17 0)
(1.5 -2.43195e-16 0)
(1.5 1.46944e-16 0)
(1.5 3.54977e-16 0)
(1.5 2.58478e-16 0)
(1.5 1.64911e-16 0)
(1.5 -1.95762e-16 0)
(1.5 -1.60271e-16 0)
(1.5 -1.29695e-16 0)
(1.5 1.86805e-16 0)
(1.5 1.53071e-16 0)
(1.5 -2.57618e-16 0)
(1.5 -6.60113e-16 0)
(1.5 -7.72131e-16 0)
(1.5 -1.43824e-15 0)
(1.5 -1.73844e-15 0)
(1.5 -1.61844e-15 0)
(1.5 -1.06302e-15 0)
(1.5 -5.81852e-16 0)
(1.5 -2.99352e-16 0)
(1.5 -4.20391e-16 0)
(1.5 -4.63206e-16 0)
(1.5 -9.48675e-17 0)
(1.5 7.47979e-16 0)
(1.5 7.44442e-16 0)
(1.5 5.93816e-16 0)
(1.5 7.70991e-16 0)
(1.06014 0.514241 0)
(1.1015 0.514088 0)
(1.14436 0.511461 0)
(1.18872 0.50449 0)
(1.23189 0.492986 0)
(1.27229 0.4776 0)
(1.31091 0.458668 0)
(1.35065 0.435954 0)
(1.39061 0.409794 0)
(1.42324 0.386992 0)
(1.44923 0.364181 0)
(1.4903 0.337608 0)
(1.52862 0.311417 0)
(1.55986 0.297128 0)
(1.59335 0.26507 0)
(1.61585 0.235835 0)
(1.63428 0.220009 0)
(1.66098 0.18746 0)
(1.68345 0.146329 0)
(1.70038 0.127988 0)
(1.71138 0.109773 0)
(1.72882 0.0714211 0)
(1.74064 0.0491573 0)
(1.75401 0.0388701 0)
(1.77435 0.0123129 0)
(1.7843 -0.0191258 0)
(1.79251 -0.0271388 0)
(1.80355 -0.0479202 0)
(1.81251 -0.085654 0)
(1.81573 -0.101787 0)
(1.81922 -0.113587 0)
(1.82685 -0.143881 0)
(1.82803 -0.164365 0)
(1.83109 -0.171202 0)
(1.83959 -0.186536 0)
(1.84447 -0.208003 0)
(1.84523 -0.218397 0)
(1.84732 -0.226118 0)
(1.85449 -0.251546 0)
(1.85401 -0.269874 0)
(1.85806 -0.290188 0)
(1.85542 -0.292479 0)
(1.83572 -0.284314 0)
(1.75182 -0.197205 0)
(1.63002 -0.0906055 0)
(1.53625 -0.0213604 0)
(1.51525 0.0114248 0)
(1.50826 0.0122043 0)
(1.50979 0.00624247 0)
(1.52117 -0.00277489 0)
(1.5308 -0.0096282 0)
(1.53372 -0.00951778 0)
(1.53338 -0.00848341 0)
(1.53114 -0.00838219 0)
(1.52944 -0.00971138 0)
(1.52873 -0.0114474 0)
(1.52979 -0.0146346 0)
(1.53394 -0.0173343 0)
(1.53894 -0.0176882 0)
(1.54161 -0.01746 0)
(1.54079 -0.0183282 0)
(1.53911 -0.0197894 0)
(1.5374 -0.0226602 0)
(1.53626 -0.0263692 0)
(1.5362 -0.0297151 0)
(1.53768 -0.0311757 0)
(1.54022 -0.0304102 0)
(1.54188 -0.0300191 0)
(1.54089 -0.0315254 0)
(1.53881 -0.0335681 0)
(1.53665 -0.0356793 0)
(1.53475 -0.0376019 0)
(1.53343 -0.0390738 0)
(1.53304 -0.0398327 0)
(1.53374 -0.0397632 0)
(1.53515 -0.0395327 0)
(1.53607 -0.0403174 0)
(1.53557 -0.0420019 0)
(1.53429 -0.0435297 0)
(1.53273 -0.044242 0)
(1.53131 -0.0442884 0)
(1.5308 -0.0440102 0)
(1.53104 -0.0438722 0)
(1.53094 -0.0441404 0)
(1.52982 -0.0441517 0)
(1.52816 -0.0437385 0)
(1.5266 -0.0429697 0)
(1.5256 -0.0416316 0)
(1.52556 -0.0397394 0)
(1.52551 -0.038214 0)
(1.52436 -0.0375459 0)
(1.52311 -0.0370111 0)
(1.52173 -0.0362245 0)
(1.52 -0.0352036 0)
(1.51861 -0.0339877 0)
(1.51767 -0.0328799 0)
(1.51709 -0.031624 0)
(1.51736 -0.0296753 0)
(1.51915 -0.0264691 0)
(1.52089 -0.0233884 0)
(1.5207 -0.0219608 0)
(1.52014 -0.020704 0)
(1.51963 -0.0191214 0)
(1.51935 -0.0175602 0)
(1.51935 -0.0160372 0)
(1.51993 -0.0142833 0)
(1.52129 -0.0122468 0)
(1.52214 -0.0107709 0)
(1.52206 -0.0101696 0)
(1.52171 -0.00968395 0)
(1.52079 -0.00927635 0)
(1.5191 -0.00900448 0)
(1.51783 -0.00845143 0)
(1.51762 -0.00789241 0)
(1.51766 -0.00718888 0)
(1.51815 -0.00612434 0)
(1.5195 -0.00465368 0)
(1.52074 -0.00339563 0)
(1.52086 -0.00295787 0)
(1.52067 -0.00269143 0)
(1.52012 -0.00236483 0)
(1.51964 -0.00202393 0)
(1.51954 -0.00173707 0)
(1.51955 -0.00130736 0)
(1.5198 -0.000658095 0)
(1.52005 7.58533e-06 0)
(1.51999 0.000350794 0)
(1.51979 0.00060818 0)
(1.51936 0.000833526 0)
(1.51852 0.000919083 0)
(1.51751 0.000914856 0)
(1.51711 0.000995059 0)
(1.51705 0.00107377 0)
(1.51704 0.00123211 0)
(1.51723 0.00149249 0)
(1.51774 0.00190168 0)
(1.51807 0.00227655 0)
(1.51801 0.00243537 0)
(1.51787 0.00256898 0)
(1.5175 0.00268477 0)
(1.51655 0.00261664 0)
(1.51438 0.00216661 0)
(1.51129 0.0014449 0)
(1.50969 0.00114411 0)
(1.50949 0.00117433 0)
(1.50946 0.00123575 0)
(1.50949 0.00136069 0)
(1.50974 0.00156919 0)
(1.51047 0.00196555 0)
(1.51154 0.00251669 0)
(1.51195 0.00285 0)
(1.51191 0.00295377 0)
(1.51178 0.00306152 0)
(1.51147 0.00314019 0)
(1.51064 0.00303702 0)
(1.50854 0.00249216 0)
(1.50457 0.00131425 0)
(1.50095 0.000254373 0)
(1.50004 8.35778e-06 0)
(1.5 2.03227e-08 0)
(1.5 1.61083e-12 0)
(1.5 -1.12297e-15 0)
(1.5 -1.09164e-15 0)
(1.5 -8.4116e-16 0)
(1.5 -5.54324e-16 0)
(1.5 -6.59343e-16 0)
(1.5 -5.04384e-16 0)
(1.5 7.69528e-17 0)
(1.5 -6.62818e-17 0)
(1.5 1.88058e-16 0)
(1.5 1.28194e-16 0)
(1.5 -1.87426e-17 0)
(1.5 1.29374e-16 0)
(1.5 1.42843e-17 0)
(1.5 3.4926e-16 0)
(1.5 -7.54923e-18 0)
(1.5 -3.82515e-16 0)
(1.5 -9.94868e-16 0)
(1.5 -1.12876e-15 0)
(1.5 -1.37189e-15 0)
(1.5 -1.45778e-15 0)
(1.5 -1.40529e-15 0)
(1.5 -9.17319e-16 0)
(1.5 -2.07487e-16 0)
(1.5 5.72203e-17 0)
(1.5 4.94886e-17 0)
(1.5 -2.58545e-17 0)
(1.5 2.15381e-16 0)
(1.5 5.1511e-16 0)
(1.5 6.27693e-16 0)
(1.5 8.4904e-16 0)
(1.5 6.57043e-16 0)
(1.06257 0.510605 0)
(1.10142 0.510976 0)
(1.14081 0.508186 0)
(1.1809 0.500226 0)
(1.21953 0.48762 0)
(1.25631 0.47187 0)
(1.29204 0.45433 0)
(1.32934 0.43425 0)
(1.36878 0.410905 0)
(1.40292 0.390954 0)
(1.42922 0.372678 0)
(1.4658 0.349966 0)
(1.50377 0.324684 0)
(1.53518 0.310829 0)
(1.56764 0.284229 0)
(1.59121 0.252977 0)
(1.60861 0.236232 0)
(1.62871 0.209465 0)
(1.6549 0.170275 0)
(1.6741 0.146719 0)
(1.68848 0.133398 0)
(1.70618 0.101827 0)
(1.71926 0.0757397 0)
(1.73208 0.066703 0)
(1.7519 0.0431314 0)
(1.76469 0.00911754 0)
(1.77297 -0.0027637 0)
(1.78107 -0.0183777 0)
(1.79162 -0.0551891 0)
(1.79533 -0.0761403 0)
(1.79968 -0.0863889 0)
(1.80903 -0.111265 0)
(1.81287 -0.135738 0)
(1.8168 -0.141645 0)
(1.82431 -0.155127 0)
(1.83068 -0.176658 0)
(1.83147 -0.189168 0)
(1.83391 -0.198018 0)
(1.83743 -0.218444 0)
(1.83832 -0.240962 0)
(1.83989 -0.250956 0)
(1.84817 -0.273133 0)
(1.84417 -0.276062 0)
(1.82388 -0.267246 0)
(1.74788 -0.192848 0)
(1.62501 -0.0963561 0)
(1.53169 -0.00770634 0)
(1.51371 0.0116473 0)
(1.51646 0.00440385 0)
(1.53181 -0.00591907 0)
(1.53828 -0.0120926 0)
(1.53911 -0.0126957 0)
(1.53565 -0.011751 0)
(1.53102 -0.0114364 0)
(1.52976 -0.0118868 0)
(1.53021 -0.0135066 0)
(1.53539 -0.0168715 0)
(1.54198 -0.0200184 0)
(1.54459 -0.0205355 0)
(1.54398 -0.0201865 0)
(1.54247 -0.0203337 0)
(1.5408 -0.021101 0)
(1.53955 -0.0231067 0)
(1.53952 -0.0260735 0)
(1.54109 -0.0289647 0)
(1.54335 -0.0306623 0)
(1.54474 -0.0310105 0)
(1.54469 -0.0311477 0)
(1.54368 -0.031863 0)
(1.54226 -0.0332305 0)
(1.54078 -0.0352616 0)
(1.53938 -0.0376038 0)
(1.53821 -0.0394849 0)
(1.53747 -0.04052 0)
(1.53742 -0.0409304 0)
(1.53812 -0.0411098 0)
(1.53887 -0.0415623 0)
(1.53863 -0.0423889 0)
(1.53736 -0.0429934 0)
(1.53567 -0.0431426 0)
(1.53412 -0.0430137 0)
(1.53316 -0.04273 0)
(1.53278 -0.042846 0)
(1.53249 -0.0431046 0)
(1.53167 -0.0429051 0)
(1.5304 -0.042259 0)
(1.5292 -0.0412086 0)
(1.5285 -0.0395601 0)
(1.52815 -0.0379389 0)
(1.52706 -0.037275 0)
(1.52583 -0.0369972 0)
(1.52457 -0.0364739 0)
(1.52315 -0.035819 0)
(1.52164 -0.0348984 0)
(1.52057 -0.033686 0)
(1.51981 -0.0323351 0)
(1.5195 -0.030583 0)
(1.52032 -0.0278974 0)
(1.52218 -0.0245723 0)
(1.52258 -0.0225311 0)
(1.52204 -0.021412 0)
(1.52145 -0.0200495 0)
(1.52102 -0.018459 0)
(1.52086 -0.0168865 0)
(1.52106 -0.0153545 0)
(1.52186 -0.0136603 0)
(1.52297 -0.0119004 0)
(1.52315 -0.0108849 0)
(1.52289 -0.0104371 0)
(1.52225 -0.0099409 0)
(1.52092 -0.00954323 0)
(1.51922 -0.00911896 0)
(1.51851 -0.0084795 0)
(1.51841 -0.00781909 0)
(1.51856 -0.00686754 0)
(1.51934 -0.00561502 0)
(1.52077 -0.00414456 0)
(1.52142 -0.00323565 0)
(1.52134 -0.00295333 0)
(1.52095 -0.00260015 0)
(1.52032 -0.00222414 0)
(1.52005 -0.00188425 0)
(1.51999 -0.00151686 0)
(1.52009 -0.00095483 0)
(1.52041 -0.000224955 0)
(1.52049 0.000303386 0)
(1.52036 0.000569328 0)
(1.52007 0.000828525 0)
(1.51948 0.00100051 0)
(1.51843 0.00100753 0)
(1.5175 0.0010089 0)
(1.51726 0.00110939 0)
(1.51721 0.00121088 0)
(1.51724 0.00141869 0)
(1.51756 0.00175486 0)
(1.51812 0.00223013 0)
(1.51831 0.00256146 0)
(1.51823 0.00269428 0)
(1.51803 0.00284048 0)
(1.51753 0.00292221 0)
(1.51626 0.00274404 0)
(1.51361 0.00211522 0)
(1.51068 0.00140296 0)
(1.50967 0.00124547 0)
(1.50959 0.0012924 0)
(1.50956 0.00137728 0)
(1.50964 0.00152804 0)
(1.51004 0.00180159 0)
(1.51098 0.00230864 0)
(1.51197 0.0028701 0)
(1.51215 0.00312103 0)
(1.51208 0.00321274 0)
(1.5119 0.00333269 0)
(1.51146 0.00337148 0)
(1.5103 0.00314466 0)
(1.50754 0.00233147 0)
(1.50319 0.000953091 0)
(1.50042 0.000112127 0)
(1.50001 1.69319e-06 0)
(1.5 1.43156e-09 0)
(1.5 3.22814e-14 0)
(1.5 -1.56975e-15 0)
(1.5 -1.28983e-15 0)
(1.5 -9.62611e-16 0)
(1.5 -8.93247e-16 0)
(1.5 -5.71437e-16 0)
(1.5 -2.20195e-16 0)
(1.5 2.21604e-17 0)
(1.5 -1.91069e-16 0)
(1.5 -4.11549e-16 0)
(1.5 3.21386e-17 0)
(1.5 2.62627e-17 0)
(1.5 -1.0184e-16 0)
(1.5 -4.98025e-16 0)
(1.5 -1.11296e-15 0)
(1.5 -1.30214e-15 0)
(1.5 -1.06003e-15 0)
(1.5 -8.14125e-16 0)
(1.5 -1.00137e-15 0)
(1.5 -1.1886e-15 0)
(1.5 -1.17661e-15 0)
(1.5 -9.59114e-16 0)
(1.5 -3.45362e-16 0)
(1.5 -1.73139e-16 0)
(1.5 -9.22297e-17 0)
(1.5 5.01697e-17 0)
(1.5 5.20456e-17 0)
(1.5 1.29076e-16 0)
(1.5 1.26985e-16 0)
(1.5 2.71189e-16 0)
(1.5 8.0115e-16 0)
(1.5 5.23907e-16 0)
(1.06464 0.506952 0)
(1.10024 0.505867 0)
(1.13593 0.501301 0)
(1.17182 0.492432 0)
(1.20701 0.480269 0)
(1.2417 0.465808 0)
(1.27548 0.45031 0)
(1.31058 0.433169 0)
(1.34991 0.412609 0)
(1.38541 0.394311 0)
(1.41304 0.380833 0)
(1.44501 0.362003 0)
(1.48186 0.338181 0)
(1.51276 0.322618 0)
(1.54267 0.301121 0)
(1.56638 0.269442 0)
(1.58401 0.248497 0)
(1.60016 0.225865 0)
(1.62724 0.193125 0)
(1.64915 0.165804 0)
(1.66679 0.154781 0)
(1.68517 0.129307 0)
(1.7002 0.0995159 0)
(1.71264 0.0902371 0)
(1.72918 0.0711339 0)
(1.74448 0.0375191 0)
(1.75268 0.0199266 0)
(1.75962 0.00667431 0)
(1.77079 -0.0273427 0)
(1.77567 -0.0518327 0)
(1.78089 -0.0610032 0)
(1.79166 -0.0814164 0)
(1.79842 -0.107243 0)
(1.80294 -0.115091 0)
(1.80948 -0.126131 0)
(1.81733 -0.14825 0)
(1.81836 -0.165459 0)
(1.81892 -0.174215 0)
(1.82421 -0.195975 0)
(1.82495 -0.214403 0)
(1.82657 -0.226723 0)
(1.83363 -0.239642 0)
(1.83943 -0.260923 0)
(1.83351 -0.263273 0)
(1.81255 -0.253357 0)
(1.73739 -0.194308 0)
(1.59527 -0.0687905 0)
(1.5352 0.00362706 0)
(1.52897 -0.00245443 0)
(1.53973 -0.0126569 0)
(1.54246 -0.0152584 0)
(1.54264 -0.014962 0)
(1.53634 -0.0131223 0)
(1.53128 -0.0124355 0)
(1.53069 -0.013132 0)
(1.5343 -0.0157478 0)
(1.54367 -0.0194128 0)
(1.54906 -0.0218266 0)
(1.5483 -0.0222854 0)
(1.5463 -0.0222512 0)
(1.54428 -0.0220666 0)
(1.5425 -0.0222911 0)
(1.54176 -0.0238863 0)
(1.54316 -0.0266845 0)
(1.54615 -0.0294881 0)
(1.54821 -0.03115 0)
(1.54826 -0.0316508 0)
(1.54732 -0.0317243 0)
(1.54629 -0.0320187 0)
(1.54539 -0.0330825 0)
(1.54449 -0.0351413 0)
(1.54341 -0.0375297 0)
(1.54221 -0.0395296 0)
(1.54119 -0.0409004 0)
(1.54077 -0.0416633 0)
(1.54117 -0.0418951 0)
(1.54179 -0.0418781 0)
(1.54157 -0.0418215 0)
(1.54022 -0.0417004 0)
(1.53837 -0.0414854 0)
(1.53656 -0.0412925 0)
(1.53511 -0.0413717 0)
(1.53427 -0.0417124 0)
(1.53387 -0.0418197 0)
(1.53338 -0.0413983 0)
(1.53253 -0.0404434 0)
(1.53167 -0.0390904 0)
(1.53086 -0.0377688 0)
(1.52963 -0.0371287 0)
(1.52828 -0.0368844 0)
(1.5268 -0.0364838 0)
(1.52542 -0.0358622 0)
(1.52416 -0.0348721 0)
(1.52308 -0.0335269 0)
(1.52229 -0.0321558 0)
(1.52183 -0.0305765 0)
(1.5221 -0.0283939 0)
(1.52344 -0.0254504 0)
(1.52434 -0.0231181 0)
(1.52392 -0.0219985 0)
(1.52333 -0.0209648 0)
(1.52275 -0.0195703 0)
(1.52237 -0.0180584 0)
(1.52228 -0.0166221 0)
(1.52257 -0.0151004 0)
(1.5235 -0.0133359 0)
(1.52431 -0.0117098 0)
(1.52415 -0.0109175 0)
(1.52371 -0.0103872 0)
(1.52275 -0.00987165 0)
(1.52112 -0.00943718 0)
(1.51966 -0.00886294 0)
(1.51932 -0.00825207 0)
(1.51925 -0.00747252 0)
(1.51954 -0.00646308 0)
(1.52054 -0.0051729 0)
(1.52179 -0.00382072 0)
(1.52201 -0.00315881 0)
(1.52181 -0.00285026 0)
(1.52121 -0.00241324 0)
(1.52067 -0.00198493 0)
(1.52052 -0.00163594 0)
(1.52048 -0.00116367 0)
(1.5207 -0.000505562 0)
(1.52095 0.000177769 0)
(1.52089 0.000544665 0)
(1.5207 0.000797077 0)
(1.52031 0.00103772 0)
(1.5195 0.00113693 0)
(1.5183 0.00108289 0)
(1.51757 0.00111781 0)
(1.51744 0.00122031 0)
(1.5174 0.00137472 0)
(1.51751 0.0016425 0)
(1.51796 0.00207681 0)
(1.5185 0.00258398 0)
(1.51855 0.00284539 0)
(1.51844 0.00297546 0)
(1.51816 0.00312109 0)
(1.51748 0.00313782 0)
(1.51578 0.00280116 0)
(1.51272 0.00200434 0)
(1.51026 0.00140945 0)
(1.50974 0.00137237 0)
(1.50969 0.00142052 0)
(1.50968 0.00153525 0)
(1.50984 0.00172498 0)
(1.51043 0.00209379 0)
(1.51157 0.00271074 0)
(1.51233 0.00321716 0)
(1.51235 0.00338958 0)
(1.51225 0.00349793 0)
(1.51199 0.00361083 0)
(1.51137 0.00358178 0)
(1.50974 0.00316333 0)
(1.50622 0.0020192 0)
(1.5019 0.000582076 0)
(1.50014 3.6594e-05 0)
(1.5 2.19245e-07 0)
(1.5 5.48596e-11 0)
(1.5 6.43841e-16 0)
(1.5 -1.04242e-15 0)
(1.5 -1.35207e-15 0)
(1.5 -9.48318e-16 0)
(1.5 -1.12704e-15 0)
(1.5 -5.48262e-16 0)
(1.5 -1.93921e-16 0)
(1.5 -2.71475e-16 0)
(1.5 -4.71759e-16 0)
(1.5 -5.60621e-16 0)
(1.5 -2.01512e-16 0)
(1.5 -9.68628e-17 0)
(1.5 -6.10304e-16 0)
(1.5 -1.09832e-15 0)
(1.5 -1.485e-15 0)
(1.5 -1.48291e-15 0)
(1.5 -1.11845e-15 0)
(1.5 -7.8944e-16 0)
(1.5 -4.93454e-16 0)
(1.5 -8.11074e-16 0)
(1.5 -7.2914e-16 0)
(1.5 -6.08993e-16 0)
(1.5 -7.15765e-17 0)
(1.5 -1.67346e-16 0)
(1.5 -3.52463e-16 0)
(1.5 -8.30293e-17 0)
(1.5 6.93309e-17 0)
(1.5 8.75685e-17 0)
(1.5 1.76172e-16 0)
(1.5 1.49817e-16 0)
(1.5 4.23864e-16 0)
(1.5 1.83876e-16 0)
(1.06506 0.501688 0)
(1.0976 0.498318 0)
(1.13054 0.491932 0)
(1.16373 0.483211 0)
(1.19614 0.473492 0)
(1.22897 0.461394 0)
(1.26155 0.447956 0)
(1.29458 0.43381 0)
(1.33261 0.417138 0)
(1.36946 0.399225 0)
(1.3992 0.388334 0)
(1.42767 0.373296 0)
(1.46222 0.350848 0)
(1.49164 0.332442 0)
(1.51724 0.315313 0)
(1.54137 0.284187 0)
(1.56061 0.257899 0)
(1.57604 0.238601 0)
(1.60101 0.213407 0)
(1.62679 0.184941 0)
(1.64657 0.173056 0)
(1.66546 0.15363 0)
(1.68204 0.123224 0)
(1.69392 0.111063 0)
(1.70724 0.0958712 0)
(1.72371 0.0636178 0)
(1.73225 0.0406859 0)
(1.73866 0.028704 0)
(1.74953 -0.0003985 0)
(1.75708 -0.0275717 0)
(1.76352 -0.0366883 0)
(1.77514 -0.0540183 0)
(1.78457 -0.0787875 0)
(1.78892 -0.0903588 0)
(1.79427 -0.0973354 0)
(1.80239 -0.1195 0)
(1.80362 -0.140049 0)
(1.80408 -0.151742 0)
(1.80722 -0.17036 0)
(1.81293 -0.188725 0)
(1.81344 -0.197899 0)
(1.82032 -0.210808 0)
(1.82696 -0.225228 0)
(1.82649 -0.242912 0)
(1.82018 -0.24914 0)
(1.79625 -0.239123 0)
(1.71045 -0.171073 0)
(1.59624 -0.046047 0)
(1.55434 -0.0144703 0)
(1.54668 -0.0173647 0)
(1.54596 -0.0172792 0)
(1.54277 -0.014891 0)
(1.53547 -0.0130612 0)
(1.53221 -0.013663 0)
(1.53368 -0.0157401 0)
(1.54132 -0.019515 0)
(1.55138 -0.022358 0)
(1.55302 -0.023796 0)
(1.55115 -0.0242341 0)
(1.54841 -0.0243021 0)
(1.54638 -0.0241153 0)
(1.54484 -0.0243672 0)
(1.54494 -0.0256509 0)
(1.54753 -0.0276244 0)
(1.55079 -0.0297972 0)
(1.55184 -0.0315793 0)
(1.55098 -0.0325498 0)
(1.54972 -0.0328857 0)
(1.54878 -0.0331232 0)
(1.54823 -0.0339834 0)
(1.54765 -0.0358058 0)
(1.54669 -0.0379929 0)
(1.5455 -0.0397238 0)
(1.54445 -0.0407777 0)
(1.54399 -0.0413129 0)
(1.54429 -0.0412508 0)
(1.54475 -0.040688 0)
(1.54424 -0.0402006 0)
(1.5426 -0.0401482 0)
(1.5406 -0.0402939 0)
(1.53867 -0.0405051 0)
(1.537 -0.0406482 0)
(1.53581 -0.0405744 0)
(1.53533 -0.0402883 0)
(1.53527 -0.0396963 0)
(1.53481 -0.0387374 0)
(1.5337 -0.0378344 0)
(1.53225 -0.0372736 0)
(1.53082 -0.0369854 0)
(1.52924 -0.0365604 0)
(1.52785 -0.0360214 0)
(1.52665 -0.0354912 0)
(1.52564 -0.034642 0)
(1.52493 -0.0332024 0)
(1.52447 -0.0312383 0)
(1.52445 -0.0288761 0)
(1.52521 -0.0260327 0)
(1.52616 -0.0234873 0)
(1.52584 -0.0222324 0)
(1.52513 -0.0214157 0)
(1.52447 -0.0204028 0)
(1.52395 -0.0192059 0)
(1.52359 -0.0178677 0)
(1.52351 -0.0164603 0)
(1.5239 -0.0149815 0)
(1.52495 -0.0131649 0)
(1.52555 -0.0114667 0)
(1.52524 -0.0106574 0)
(1.52461 -0.0100925 0)
(1.52331 -0.00958097 0)
(1.52145 -0.00914933 0)
(1.52043 -0.00856337 0)
(1.5202 -0.00800674 0)
(1.52014 -0.0072194 0)
(1.52056 -0.0062073 0)
(1.5217 -0.00483929 0)
(1.52263 -0.00357508 0)
(1.52261 -0.00305864 0)
(1.52223 -0.00263001 0)
(1.52151 -0.00211027 0)
(1.52113 -0.00166154 0)
(1.52101 -0.00126665 0)
(1.52104 -0.000724025 0)
(1.5213 -3.05556e-05 0)
(1.5214 0.000514467 0)
(1.52127 0.000785605 0)
(1.521 0.00103012 0)
(1.52047 0.00121417 0)
(1.51942 0.00123138 0)
(1.5182 0.00117674 0)
(1.51772 0.00128169 0)
(1.51764 0.00138987 0)
(1.51762 0.00160419 0)
(1.51784 0.00194751 0)
(1.51843 0.00247658 0)
(1.51884 0.00294738 0)
(1.51879 0.0031345 0)
(1.51863 0.00327786 0)
(1.51826 0.00340154 0)
(1.5173 0.00332186 0)
(1.51508 0.00278241 0)
(1.51182 0.00188537 0)
(1.51006 0.00148803 0)
(1.50983 0.00151458 0)
(1.50979 0.00158147 0)
(1.50982 0.00172089 0)
(1.51011 0.00196973 0)
(1.51096 0.00246511 0)
(1.51216 0.0031511 0)
(1.5126 0.00355033 0)
(1.51254 0.0036735 0)
(1.5124 0.00380176 0)
(1.51205 0.00388561 0)
(1.51114 0.00374321 0)
(1.50886 0.00304293 0)
(1.50462 0.00155865 0)
(1.50091 0.000281247 0)
(1.50003 8.14621e-06 0)
(1.5 1.64557e-08 0)
(1.5 1.02089e-12 0)
(1.5 -8.14071e-16 0)
(1.5 -9.15801e-16 0)
(1.5 -8.00412e-16 0)
(1.5 -1.12958e-15 0)
(1.5 -1.11944e-15 0)
(1.5 -6.22763e-16 0)
(1.5 -4.73081e-16 0)
(1.5 -1.1865e-15 0)
(1.5 -1.13112e-15 0)
(1.5 -1.00296e-15 0)
(1.5 -8.22428e-16 0)
(1.5 -7.05411e-16 0)
(1.5 -6.68547e-16 0)
(1.5 -7.99103e-16 0)
(1.5 -9.30351e-16 0)
(1.5 -7.51338e-16 0)
(1.5 -5.72565e-16 0)
(1.5 -8.45244e-16 0)
(1.5 -4.58842e-16 0)
(1.5 -3.34619e-16 0)
(1.5 -3.78151e-16 0)
(1.5 -3.30913e-16 0)
(1.5 -1.45868e-16 0)
(1.5 1.18116e-16 0)
(1.5 -1.5629e-16 0)
(1.5 -2.01971e-16 0)
(1.5 -1.85493e-16 0)
(1.5 1.43474e-16 0)
(1.5 2.65709e-16 0)
(1.5 2.10213e-16 0)
(1.5 -2.17763e-16 0)
(1.5 -2.36497e-16 0)
(1.0634 0.495187 0)
(1.09329 0.489925 0)
(1.12475 0.482455 0)
(1.15668 0.475011 0)
(1.18728 0.46764 0)
(1.21885 0.458201 0)
(1.25082 0.44738 0)
(1.28228 0.436386 0)
(1.3174 0.424039 0)
(1.35417 0.407763 0)
(1.38568 0.395646 0)
(1.41223 0.382968 0)
(1.4427 0.361363 0)
(1.47143 0.339092 0)
(1.49335 0.323575 0)
(1.51538 0.296547 0)
(1.53827 0.267359 0)
(1.55613 0.249576 0)
(1.57873 0.229835 0)
(1.60618 0.204944 0)
(1.62717 0.190155 0)
(1.64677 0.17538 0)
(1.66481 0.145951 0)
(1.67582 0.12874 0)
(1.68559 0.117362 0)
(1.70137 0.0879922 0)
(1.71188 0.0603217 0)
(1.71931 0.0474825 0)
(1.72925 0.023787 0)
(1.73975 -0.00367463 0)
(1.74713 -0.0126263 0)
(1.75868 -0.0264378 0)
(1.7702 -0.0488395 0)
(1.77568 -0.0668866 0)
(1.78017 -0.073554 0)
(1.78688 -0.094999 0)
(1.78846 -0.118347 0)
(1.78832 -0.131438 0)
(1.79345 -0.148498 0)
(1.80068 -0.162057 0)
(1.80535 -0.175411 0)
(1.80834 -0.18285 0)
(1.81405 -0.198329 0)
(1.8149 -0.214046 0)
(1.81151 -0.236978 0)
(1.80536 -0.238677 0)
(1.78102 -0.224102 0)
(1.69783 -0.141773 0)
(1.60882 -0.0504256 0)
(1.56111 -0.0256694 0)
(1.54875 -0.0222146 0)
(1.54056 -0.0149126 0)
(1.53459 -0.0139952 0)
(1.5347 -0.0163332 0)
(1.53952 -0.0207302 0)
(1.54999 -0.023666 0)
(1.55685 -0.0244982 0)
(1.55581 -0.0251425 0)
(1.55325 -0.0257017 0)
(1.55057 -0.0261414 0)
(1.54884 -0.0262855 0)
(1.54811 -0.0270036 0)
(1.54929 -0.0282657 0)
(1.55237 -0.0295267 0)
(1.55464 -0.0307715 0)
(1.55448 -0.0320189 0)
(1.55318 -0.0329877 0)
(1.55195 -0.0336551 0)
(1.55122 -0.0342126 0)
(1.55096 -0.0350207 0)
(1.55055 -0.0362711 0)
(1.54951 -0.0376311 0)
(1.5482 -0.0388421 0)
(1.54719 -0.0398988 0)
(1.54693 -0.040565 0)
(1.54739 -0.0403393 0)
(1.54763 -0.0395327 0)
(1.54644 -0.0391958 0)
(1.54438 -0.0392699 0)
(1.54232 -0.0394297 0)
(1.54035 -0.0396168 0)
(1.53866 -0.0397977 0)
(1.53762 -0.0398436 0)
(1.5374 -0.039354 0)
(1.53742 -0.038293 0)
(1.53648 -0.0373949 0)
(1.53497 -0.0370108 0)
(1.53353 -0.0368657 0)
(1.53194 -0.0366586 0)
(1.53041 -0.0362347 0)
(1.52905 -0.0356219 0)
(1.52791 -0.0347348 0)
(1.52716 -0.0334896 0)
(1.52687 -0.0316642 0)
(1.52691 -0.0292121 0)
(1.52729 -0.0264837 0)
(1.52787 -0.0240723 0)
(1.52778 -0.0226153 0)
(1.52711 -0.0217692 0)
(1.52639 -0.0210043 0)
(1.5257 -0.0200618 0)
(1.52516 -0.018959 0)
(1.52482 -0.0178101 0)
(1.52477 -0.0165227 0)
(1.52528 -0.0148764 0)
(1.52636 -0.0127808 0)
(1.52673 -0.0111219 0)
(1.52633 -0.0103122 0)
(1.52547 -0.00961911 0)
(1.52393 -0.00909722 0)
(1.52203 -0.00863387 0)
(1.52127 -0.00811163 0)
(1.52104 -0.00761908 0)
(1.52103 -0.00687106 0)
(1.52159 -0.00581212 0)
(1.52282 -0.00436357 0)
(1.52338 -0.00327824 0)
(1.52322 -0.0028666 0)
(1.52265 -0.00233945 0)
(1.5219 -0.00171829 0)
(1.52164 -0.00127695 0)
(1.52152 -0.000840312 0)
(1.52162 -0.00024975 0)
(1.52183 0.000409885 0)
(1.52179 0.000809755 0)
(1.52161 0.00105252 0)
(1.52126 0.00128373 0)
(1.52053 0.00139346 0)
(1.51926 0.00131977 0)
(1.51819 0.00130531 0)
(1.51793 0.00143588 0)
(1.51786 0.00158724 0)
(1.5179 0.00187152 0)
(1.51827 0.00232259 0)
(1.51892 0.00292322 0)
(1.51912 0.00330012 0)
(1.51902 0.00344154 0)
(1.5188 0.00359284 0)
(1.51828 0.00366339 0)
(1.51695 0.00343501 0)
(1.51416 0.00266478 0)
(1.51107 0.00180301 0)
(1.51002 0.00161422 0)
(1.50994 0.00165851 0)
(1.5099 0.00175705 0)
(1.51001 0.00193253 0)
(1.51049 0.00227529 0)
(1.5116 0.00292 0)
(1.51268 0.00359494 0)
(1.51283 0.00387246 0)
(1.51274 0.00398175 0)
(1.51253 0.00411779 0)
(1.51202 0.0041394 0)
(1.51069 0.00381412 0)
(1.50758 0.00272903 0)
(1.50295 0.00101636 0)
(1.50033 9.9409e-05 0)
(1.5 1.1229e-06 0)
(1.5 6.38738e-10 0)
(1.5 9.30477e-15 0)
(1.5 -9.64341e-16 0)
(1.5 -5.76137e-16 0)
(1.5 -6.43926e-16 0)
(1.5 -1.2671e-15 0)
(1.5 -1.26196e-15 0)
(1.5 -6.19592e-16 0)
(1.5 -1.69301e-16 0)
(1.5 -3.56858e-16 0)
(1.5 -7.00117e-16 0)
(1.5 -8.2599e-16 0)
(1.5 -6.65386e-16 0)
(1.5 -6.01601e-16 0)
(1.5 -7.51192e-16 0)
(1.5 -7.5974e-16 0)
(1.5 -6.18533e-16 0)
(1.5 -5.19981e-16 0)
(1.5 -6.30114e-16 0)
(1.5 -3.21175e-16 0)
(1.5 -4.09418e-16 0)
(1.5 -1.41838e-17 0)
(1.5 4.38823e-16 0)
(1.5 4.72358e-16 0)
(1.5 3.08299e-16 0)
(1.5 3.30607e-16 0)
(1.5 5.23639e-16 0)
(1.5 4.97671e-17 0)
(1.5 -4.19741e-17 0)
(1.5 3.03481e-16 0)
(1.5 1.26678e-16 0)
(1.5 -8.62855e-17 0)
(1.5 -3.25004e-16 0)
(1.5 4.19328e-17 0)
(1.06156 0.487588 0)
(1.08984 0.482392 0)
(1.12 0.476729 0)
(1.15113 0.470385 0)
(1.18099 0.464221 0)
(1.21176 0.457359 0)
(1.24351 0.449289 0)
(1.27316 0.44156 0)
(1.30495 0.431896 0)
(1.34 0.416559 0)
(1.37091 0.401348 0)
(1.39599 0.388229 0)
(1.42311 0.366903 0)
(1.45147 0.342987 0)
(1.47279 0.326581 0)
(1.49077 0.30511 0)
(1.51732 0.278137 0)
(1.53848 0.261287 0)
(1.56073 0.244713 0)
(1.58794 0.22345 0)
(1.60935 0.205577 0)
(1.62814 0.195372 0)
(1.64616 0.169852 0)
(1.65741 0.14629 0)
(1.66597 0.133469 0)
(1.67975 0.107072 0)
(1.69204 0.0783819 0)
(1.70051 0.0657576 0)
(1.70974 0.0475432 0)
(1.72364 0.0224619 0)
(1.73226 0.00957001 0)
(1.74408 -0.0018644 0)
(1.75604 -0.0233028 0)
(1.7614 -0.0427844 0)
(1.76595 -0.0536797 0)
(1.76722 -0.071245 0)
(1.77284 -0.0975481 0)
(1.77328 -0.110298 0)
(1.78099 -0.123762 0)
(1.7892 -0.134934 0)
(1.79554 -0.149779 0)
(1.79858 -0.159129 0)
(1.80006 -0.170451 0)
(1.79962 -0.191298 0)
(1.79615 -0.208455 0)
(1.80009 -0.22449 0)
(1.79548 -0.224387 0)
(1.77005 -0.203657 0)
(1.69421 -0.126822 0)
(1.6102 -0.0566036 0)
(1.55338 -0.0235163 0)
(1.53791 -0.0150119 0)
(1.53471 -0.0170095 0)
(1.53777 -0.022165 0)
(1.54719 -0.0263631 0)
(1.55728 -0.0264636 0)
(1.56008 -0.0260175 0)
(1.558 -0.0261262 0)
(1.5553 -0.0265311 0)
(1.55305 -0.0275077 0)
(1.55189 -0.0291085 0)
(1.55237 -0.0303965 0)
(1.55471 -0.0305476 0)
(1.55739 -0.0301326 0)
(1.55785 -0.0306403 0)
(1.55648 -0.0319386 0)
(1.55491 -0.03338 0)
(1.55391 -0.0346262 0)
(1.55367 -0.0353728 0)
(1.5538 -0.0357545 0)
(1.55326 -0.0363299 0)
(1.55189 -0.0372039 0)
(1.55039 -0.0381892 0)
(1.54938 -0.0390248 0)
(1.54938 -0.0394068 0)
(1.55015 -0.039018 0)
(1.54981 -0.0384394 0)
(1.54792 -0.0383538 0)
(1.54587 -0.0384661 0)
(1.5438 -0.0387226 0)
(1.54187 -0.038961 0)
(1.54027 -0.0391399 0)
(1.5395 -0.0388651 0)
(1.53963 -0.0378805 0)
(1.53906 -0.0370537 0)
(1.53755 -0.0368836 0)
(1.5361 -0.0367931 0)
(1.53444 -0.0365596 0)
(1.53276 -0.0361332 0)
(1.53134 -0.0355943 0)
(1.53012 -0.0347858 0)
(1.52932 -0.0336897 0)
(1.52913 -0.0319865 0)
(1.52948 -0.0294391 0)
(1.52985 -0.0266497 0)
(1.52978 -0.024453 0)
(1.52926 -0.0230241 0)
(1.52864 -0.022076 0)
(1.5281 -0.0213569 0)
(1.52754 -0.020589 0)
(1.52695 -0.0197737 0)
(1.52639 -0.0188696 0)
(1.52607 -0.0177099 0)
(1.52614 -0.0162451 0)
(1.52686 -0.0142335 0)
(1.52781 -0.0118968 0)
(1.52778 -0.0104394 0)
(1.52724 -0.00961271 0)
(1.52608 -0.00892749 0)
(1.52421 -0.00853744 0)
(1.5226 -0.00820388 0)
(1.52216 -0.00784756 0)
(1.5219 -0.00732757 0)
(1.522 -0.00652444 0)
(1.52283 -0.00527496 0)
(1.52399 -0.00375618 0)
(1.52413 -0.00293028 0)
(1.52383 -0.00249467 0)
(1.52305 -0.00187359 0)
(1.52233 -0.00125715 0)
(1.52214 -0.000864172 0)
(1.52205 -0.000391007 0)
(1.52219 0.000228311 0)
(1.52229 0.000791458 0)
(1.52216 0.0010869 0)
(1.52192 0.00132451 0)
(1.52144 0.00151857 0)
(1.52046 0.00154002 0)
(1.51907 0.00140385 0)
(1.51832 0.00145737 0)
(1.51819 0.00159729 0)
(1.51812 0.00182959 0)
(1.51827 0.00220485 0)
(1.51881 0.00278971 0)
(1.51936 0.00338505 0)
(1.51937 0.00364296 0)
(1.51924 0.00377956 0)
(1.51893 0.00391772 0)
(1.51819 0.00390015 0)
(1.51636 0.00345706 0)
(1.5131 0.00249239 0)
(1.51059 0.00181718 0)
(1.51009 0.00177911 0)
(1.51004 0.00183564 0)
(1.51003 0.00196455 0)
(1.51025 0.00219411 0)
(1.511 0.00267201 0)
(1.51233 0.00344718 0)
(1.51308 0.00401397 0)
(1.51306 0.00419068 0)
(1.51293 0.00432169 0)
(1.51262 0.00443723 0)
(1.51186 0.00435165 0)
(1.5099 0.00373193 0)
(1.50586 0.00219166 0)
(1.5015 0.000521198 0)
(1.50008 2.33659e-05 0)
(1.5 8.56224e-08 0)
(1.5 1.12372e-11 0)
(1.5 1.24566e-16 0)
(1.5 -4.83503e-16 0)
(1.5 -4.88648e-16 0)
(1.5 -8.53586e-16 0)
(1.5 -1.55819e-15 0)
(1.5 -1.55289e-15 0)
(1.5 -1.5141e-15 0)
(1.5 -7.38512e-16 0)
(1.5 -5.68177e-16 0)
(1.5 -7.67373e-16 0)
(1.5 -7.32136e-16 0)
(1.5 -7.82542e-16 0)
(1.5 -8.0115e-16 0)
(1.5 -1.03097e-15 0)
(1.5 -5.57167e-16 0)
(1.5 -5.34688e-16 0)
(1.5 -6.88447e-16 0)
(1.5 -5.34118e-16 0)
(1.5 2.1228e-16 0)
(1.5 1.98715e-16 0)
(1.5 1.15225e-16 0)
(1.5 8.07264e-16 0)
(1.5 9.43371e-16 0)
(1.5 5.90954e-16 0)
(1.5 3.92093e-16 0)
(1.5 7.62742e-16 0)
(1.5 5.66919e-16 0)
(1.5 2.38948e-16 0)
(1.5 2.72131e-16 0)
(1.5 1.40069e-16 0)
(1.5 1.30627e-16 0)
(1.5 3.59474e-16 0)
(1.5 4.46901e-16 0)
(1.06103 0.482002 0)
(1.08716 0.47864 0)
(1.11624 0.474016 0)
(1.14759 0.46838 0)
(1.17768 0.463173 0)
(1.2077 0.458649 0)
(1.23852 0.452674 0)
(1.2671 0.445873 0)
(1.29431 0.436595 0)
(1.32523 0.421101 0)
(1.35508 0.402557 0)
(1.37885 0.387935 0)
(1.40398 0.368042 0)
(1.43174 0.345378 0)
(1.45356 0.329576 0)
(1.47144 0.310805 0)
(1.49917 0.289056 0)
(1.52292 0.273381 0)
(1.54505 0.259975 0)
(1.57035 0.242143 0)
(1.59176 0.222735 0)
(1.61014 0.212766 0)
(1.62718 0.190286 0)
(1.63986 0.160097 0)
(1.64728 0.144954 0)
(1.6567 0.124794 0)
(1.67246 0.0985243 0)
(1.68304 0.0843739 0)
(1.69444 0.0687531 0)
(1.70985 0.0460052 0)
(1.71868 0.0292461 0)
(1.72783 0.0226551 0)
(1.73988 0.0025784 0)
(1.74558 -0.0204362 0)
(1.74975 -0.0354821 0)
(1.75008 -0.0548131 0)
(1.75787 -0.0763535 0)
(1.76184 -0.0892535 0)
(1.76871 -0.0989672 0)
(1.77892 -0.11027 0)
(1.7843 -0.123842 0)
(1.78842 -0.137471 0)
(1.7862 -0.149826 0)
(1.78354 -0.170504 0)
(1.78283 -0.185781 0)
(1.78952 -0.198312 0)
(1.79427 -0.209846 0)
(1.79097 -0.210501 0)
(1.76186 -0.183085 0)
(1.68435 -0.119396 0)
(1.58802 -0.0534119 0)
(1.54821 -0.0215653 0)
(1.54026 -0.0225758 0)
(1.54583 -0.0287795 0)
(1.55536 -0.0308523 0)
(1.56068 -0.0297227 0)
(1.56163 -0.0282511 0)
(1.55994 -0.0279929 0)
(1.55754 -0.0284315 0)
(1.55577 -0.0301562 0)
(1.55571 -0.0321577 0)
(1.55767 -0.0325044 0)
(1.56058 -0.0311368 0)
(1.56169 -0.0304119 0)
(1.56018 -0.0311259 0)
(1.55813 -0.032256 0)
(1.55652 -0.033584 0)
(1.55593 -0.0346892 0)
(1.55643 -0.0351331 0)
(1.55665 -0.0354143 0)
(1.55538 -0.0361171 0)
(1.55363 -0.0368718 0)
(1.55204 -0.0375846 0)
(1.55112 -0.0381715 0)
(1.55152 -0.0383893 0)
(1.55241 -0.038107 0)
(1.55131 -0.0380339 0)
(1.54929 -0.038076 0)
(1.54724 -0.0380929 0)
(1.54518 -0.0380339 0)
(1.54327 -0.0379558 0)
(1.54175 -0.0378334 0)
(1.54146 -0.0374526 0)
(1.54182 -0.0368027 0)
(1.54053 -0.0366056 0)
(1.53895 -0.0365717 0)
(1.53733 -0.0363983 0)
(1.53549 -0.0358826 0)
(1.53391 -0.0351483 0)
(1.53258 -0.0344968 0)
(1.53157 -0.0336594 0)
(1.5312 -0.0321503 0)
(1.53171 -0.0296223 0)
(1.53236 -0.026721 0)
(1.53197 -0.0247746 0)
(1.53117 -0.023578 0)
(1.53045 -0.0226696 0)
(1.52982 -0.0219426 0)
(1.52918 -0.021092 0)
(1.52855 -0.0200614 0)
(1.52794 -0.0189895 0)
(1.52751 -0.0180165 0)
(1.52736 -0.0169378 0)
(1.52775 -0.0152347 0)
(1.52876 -0.0127859 0)
(1.5292 -0.0107493 0)
(1.52881 -0.0097789 0)
(1.52793 -0.00903207 0)
(1.52633 -0.00849905 0)
(1.5243 -0.0082562 0)
(1.52326 -0.00781819 0)
(1.52297 -0.00746316 0)
(1.5228 -0.0068748 0)
(1.52318 -0.00593123 0)
(1.52433 -0.00440664 0)
(1.52507 -0.00304 0)
(1.52487 -0.00248669 0)
(1.52432 -0.00195514 0)
(1.52336 -0.00132694 0)
(1.52275 -0.000786839 0)
(1.5226 -0.000427672 0)
(1.52257 8.76416e-05 0)
(1.52272 0.000715816 0)
(1.52268 0.00115412 0)
(1.5225 0.00138766 0)
(1.52219 0.0015991 0)
(1.52153 0.00171212 0)
(1.52027 0.00162022 0)
(1.51898 0.00154724 0)
(1.51855 0.00169193 0)
(1.51845 0.00185617 0)
(1.51844 0.00217437 0)
(1.51874 0.00265949 0)
(1.5194 0.00333357 0)
(1.51971 0.00380584 0)
(1.51962 0.00397059 0)
(1.51943 0.00412192 0)
(1.519 0.0042221 0)
(1.51793 0.00407041 0)
(1.51548 0.00336942 0)
(1.51207 0.00232462 0)
(1.51038 0.0019224 0)
(1.51019 0.00195125 0)
(1.51015 0.00203159 0)
(1.5102 0.00219702 0)
(1.5106 0.00252053 0)
(1.51169 0.00317809 0)
(1.51301 0.00400101 0)
(1.51337 0.00440553 0)
(1.51329 0.00453104 0)
(1.51309 0.00467793 0)
(1.51265 0.00473543 0)
(1.51148 0.004467 0)
(1.50864 0.00341408 0)
(1.50389 0.00148438 0)
(1.50056 0.000191849 0)
(1.50001 3.26202e-06 0)
(1.5 3.16743e-09 0)
(1.5 8.06191e-14 0)
(1.5 3.44921e-16 0)
(1.5 -1.9396e-16 0)
(1.5 -5.50362e-16 0)
(1.5 -1.25576e-15 0)
(1.5 -1.29593e-15 0)
(1.5 -1.39056e-15 0)
(1.5 -1.55789e-15 0)
(1.5 -1.37151e-15 0)
(1.5 -7.09379e-16 0)
(1.5 -2.71223e-16 0)
(1.5 8.60975e-17 0)
(1.5 -6.21484e-16 0)
(1.5 -8.2797e-16 0)
(1.5 -9.68443e-16 0)
(1.5 -4.79579e-16 0)
(1.5 -8.648e-16 0)
(1.5 -8.79422e-16 0)
(1.5 -2.85597e-16 0)
(1.5 -2.61796e-16 0)
(1.5 4.19754e-16 0)
(1.5 5.698e-16 0)
(1.5 6.30918e-16 0)
(1.5 7.44087e-16 0)
(1.5 3.82658e-16 0)
(1.5 2.26986e-16 0)
(1.5 2.16666e-16 0)
(1.5 1.33788e-16 0)
(1.5 7.87603e-17 0)
(1.5 -2.38524e-16 0)
(1.5 -4.68308e-17 0)
(1.5 2.93441e-17 0)
(1.5 1.77298e-16 0)
(1.5 5.07057e-16 0)
(1.06084 0.479391 0)
(1.08588 0.477215 0)
(1.11416 0.473793 0)
(1.14526 0.469383 0)
(1.17575 0.4648 0)
(1.20458 0.460911 0)
(1.2333 0.454754 0)
(1.26032 0.445885 0)
(1.2841 0.435158 0)
(1.31054 0.419777 0)
(1.33929 0.4012 0)
(1.36307 0.38525 0)
(1.38496 0.36818 0)
(1.41371 0.347784 0)
(1.43736 0.332775 0)
(1.45716 0.318117 0)
(1.48397 0.301576 0)
(1.50781 0.287298 0)
(1.52896 0.277201 0)
(1.55283 0.261009 0)
(1.5765 0.237594 0)
(1.59408 0.221964 0)
(1.60655 0.204018 0)
(1.61718 0.176021 0)
(1.6256 0.158824 0)
(1.63798 0.139586 0)
(1.65673 0.117332 0)
(1.66916 0.100121 0)
(1.67995 0.0904195 0)
(1.69404 0.072347 0)
(1.70481 0.0511416 0)
(1.71277 0.0428482 0)
(1.72362 0.0233141 0)
(1.73014 -0.00376502 0)
(1.73278 -0.0192147 0)
(1.73472 -0.0375051 0)
(1.74299 -0.0523242 0)
(1.75131 -0.0658416 0)
(1.7569 -0.0729123 0)
(1.7676 -0.0851249 0)
(1.77337 -0.102014 0)
(1.77513 -0.115866 0)
(1.77266 -0.135565 0)
(1.76842 -0.151256 0)
(1.77292 -0.161286 0)
(1.77637 -0.169949 0)
(1.79045 -0.183082 0)
(1.78981 -0.194126 0)
(1.78111 -0.193128 0)
(1.74486 -0.170129 0)
(1.65298 -0.108215 0)
(1.56997 -0.0442091 0)
(1.55205 -0.0313195 0)
(1.55721 -0.0308674 0)
(1.56163 -0.0323124 0)
(1.56284 -0.0323806 0)
(1.56253 -0.0316594 0)
(1.56124 -0.0313419 0)
(1.55973 -0.031722 0)
(1.55913 -0.0330999 0)
(1.56072 -0.0344148 0)
(1.5638 -0.0332195 0)
(1.5656 -0.0313885 0)
(1.56435 -0.031396 0)
(1.56196 -0.0320506 0)
(1.55976 -0.0329984 0)
(1.55829 -0.034016 0)
(1.55843 -0.0346041 0)
(1.55946 -0.0347648 0)
(1.55875 -0.0354322 0)
(1.55678 -0.0362475 0)
(1.55492 -0.0369488 0)
(1.55342 -0.0374714 0)
(1.55287 -0.0376703 0)
(1.55366 -0.0373298 0)
(1.55402 -0.0371177 0)
(1.55243 -0.0372964 0)
(1.55037 -0.0373635 0)
(1.54834 -0.0373787 0)
(1.54643 -0.0373175 0)
(1.5447 -0.0371823 0)
(1.54362 -0.0368204 0)
(1.54377 -0.0360097 0)
(1.54343 -0.0354269 0)
(1.54182 -0.0353909 0)
(1.54025 -0.0354077 0)
(1.53857 -0.0353477 0)
(1.53688 -0.0349811 0)
(1.53542 -0.0343063 0)
(1.53419 -0.03338 0)
(1.53346 -0.0319104 0)
(1.53378 -0.029444 0)
(1.53451 -0.0266154 0)
(1.53406 -0.0250761 0)
(1.53312 -0.0242799 0)
(1.53221 -0.0234902 0)
(1.53134 -0.0225591 0)
(1.53065 -0.0215991 0)
(1.53016 -0.0207441 0)
(1.52972 -0.0200093 0)
(1.52931 -0.0191988 0)
(1.5291 -0.0179389 0)
(1.52927 -0.0160475 0)
(1.53006 -0.0134413 0)
(1.53069 -0.0110425 0)
(1.53034 -0.00992478 0)
(1.52961 -0.0092731 0)
(1.52823 -0.00870715 0)
(1.52609 -0.00854997 0)
(1.52444 -0.00824201 0)
(1.52403 -0.00777636 0)
(1.5238 -0.00718199 0)
(1.52388 -0.00633632 0)
(1.52473 -0.00496784 0)
(1.52593 -0.00323877 0)
(1.526 -0.00231161 0)
(1.52563 -0.00189245 0)
(1.52477 -0.00138224 0)
(1.52367 -0.00088272 0)
(1.52319 -0.000450575 0)
(1.52307 -6.46936e-05 0)
(1.5231 0.000538983 0)
(1.52318 0.00115526 0)
(1.52305 0.0014823 0)
(1.52282 0.00170153 0)
(1.52237 0.0018747 0)
(1.52146 0.00188332 0)
(1.52002 0.00171273 0)
(1.51906 0.00174947 0)
(1.51886 0.00192909 0)
(1.51876 0.00218734 0)
(1.51886 0.00259482 0)
(1.51934 0.00321858 0)
(1.51993 0.00388734 0)
(1.51998 0.00419333 0)
(1.51984 0.00432912 0)
(1.51958 0.00447216 0)
(1.51898 0.00449518 0)
(1.51745 0.00414584 0)
(1.51437 0.00318506 0)
(1.51128 0.00225277 0)
(1.51038 0.00208982 0)
(1.5103 0.00213809 0)
(1.51027 0.0022594 0)
(1.51044 0.00247941 0)
(1.51111 0.00294752 0)
(1.51251 0.00379162 0)
(1.51356 0.00453021 0)
(1.51362 0.00477935 0)
(1.5135 0.00490757 0)
(1.51322 0.00504365 0)
(1.51254 0.00498951 0)
(1.51074 0.00440886 0)
(1.50683 0.00279563 0)
(1.50204 0.000780351 0)
(1.50014 4.5329e-05 0)
(1.5 2.37229e-07 0)
(1.5 4.87943e-11 0)
(1.5 -1.23427e-16 0)
(1.5 -2.53275e-16 0)
(1.5 -2.02208e-16 0)
(1.5 -2.40618e-16 0)
(1.5 -5.4799e-16 0)
(1.5 -3.14314e-16 0)
(1.5 -5.99893e-16 0)
(1.5 -6.92886e-16 0)
(1.5 -8.11044e-16 0)
(1.5 -5.50844e-16 0)
(1.5 5.31752e-17 0)
(1.5 3.66092e-16 0)
(1.5 3.78443e-18 0)
(1.5 -2.6983e-16 0)
(1.5 -4.09364e-16 0)
(1.5 -5.61815e-16 0)
(1.5 -5.76553e-16 0)
(1.5 -4.90159e-16 0)
(1.5 -1.91555e-16 0)
(1.5 -2.35525e-16 0)
(1.5 5.63701e-17 0)
(1.5 3.80139e-16 0)
(1.5 5.08516e-16 0)
(1.5 5.43331e-16 0)
(1.5 5.7263e-16 0)
(1.5 6.23607e-16 0)
(1.5 5.53827e-16 0)
(1.5 4.73364e-16 0)
(1.5 3.44811e-16 0)
(1.5 -2.72582e-16 0)
(1.5 -2.26985e-16 0)
(1.5 -2.27864e-16 0)
(1.5 3.70266e-17 0)
(1.5 4.25809e-16 0)
(1.06243 0.476793 0)
(1.08675 0.475667 0)
(1.11405 0.473574 0)
(1.14408 0.46981 0)
(1.17351 0.464962 0)
(1.2005 0.460157 0)
(1.22626 0.452767 0)
(1.25099 0.442098 0)
(1.27304 0.430584 0)
(1.29689 0.416649 0)
(1.32464 0.399658 0)
(1.34851 0.383574 0)
(1.36968 0.36814 0)
(1.39779 0.353289 0)
(1.42471 0.338951 0)
(1.44642 0.329355 0)
(1.47026 0.317138 0)
(1.4931 0.303146 0)
(1.51424 0.291696 0)
(1.53748 0.273378 0)
(1.55856 0.249483 0)
(1.57433 0.231049 0)
(1.58275 0.214522 0)
(1.59704 0.187154 0)
(1.61071 0.167253 0)
(1.62401 0.153659 0)
(1.64136 0.138612 0)
(1.65499 0.122249 0)
(1.66641 0.112008 0)
(1.67903 0.0953484 0)
(1.69162 0.0701655 0)
(1.69867 0.055755 0)
(1.70456 0.0407702 0)
(1.71268 0.0145706 0)
(1.71585 -0.000716674 0)
(1.72063 -0.0155117 0)
(1.73153 -0.0285306 0)
(1.74146 -0.0431236 0)
(1.74693 -0.0516832 0)
(1.755 -0.0635444 0)
(1.75957 -0.0814498 0)
(1.75873 -0.0985397 0)
(1.75687 -0.118987 0)
(1.75906 -0.130343 0)
(1.76447 -0.137274 0)
(1.76787 -0.144602 0)
(1.77641 -0.154962 0)
(1.78708 -0.172611 0)
(1.77816 -0.185252 0)
(1.76569 -0.184713 0)
(1.71746 -0.156298 0)
(1.6286 -0.0955663 0)
(1.57483 -0.047482 0)
(1.56744 -0.0350152 0)
(1.56572 -0.0342406 0)
(1.56524 -0.0348022 0)
(1.56461 -0.0352682 0)
(1.56365 -0.0353263 0)
(1.56265 -0.0356214 0)
(1.5634 -0.0355769 0)
(1.56661 -0.0341214 0)
(1.5694 -0.0325678 0)
(1.56853 -0.0325247 0)
(1.56605 -0.0329609 0)
(1.56363 -0.0335067 0)
(1.56156 -0.0340802 0)
(1.56066 -0.0344594 0)
(1.56164 -0.0343446 0)
(1.56204 -0.0346453 0)
(1.56018 -0.0355303 0)
(1.55804 -0.0363543 0)
(1.55615 -0.0369552 0)
(1.55486 -0.0372408 0)
(1.5549 -0.0369183 0)
(1.5559 -0.0361771 0)
(1.55518 -0.0362163 0)
(1.55336 -0.0365975 0)
(1.55136 -0.0368 0)
(1.54941 -0.036806 0)
(1.5476 -0.0367143 0)
(1.54619 -0.0364 0)
(1.54573 -0.0355997 0)
(1.54607 -0.0345105 0)
(1.54488 -0.0341954 0)
(1.54325 -0.0341847 0)
(1.54157 -0.0341092 0)
(1.53977 -0.0338283 0)
(1.53811 -0.0333003 0)
(1.53672 -0.0325558 0)
(1.53576 -0.0313881 0)
(1.53575 -0.0294014 0)
(1.53661 -0.0267353 0)
(1.5363 -0.0250986 0)
(1.53521 -0.0243737 0)
(1.53415 -0.0238064 0)
(1.53317 -0.0232386 0)
(1.53234 -0.0224177 0)
(1.53172 -0.0212215 0)
(1.53107 -0.0198428 0)
(1.53053 -0.0185962 0)
(1.5303 -0.0174766 0)
(1.53063 -0.0159251 0)
(1.53156 -0.0134299 0)
(1.53228 -0.0109473 0)
(1.53191 -0.00978269 0)
(1.53122 -0.00925046 0)
(1.52998 -0.00875558 0)
(1.5279 -0.00871263 0)
(1.5258 -0.00859733 0)
(1.5249 -0.00796418 0)
(1.52468 -0.0073702 0)
(1.52462 -0.00655919 0)
(1.52516 -0.00535627 0)
(1.52656 -0.0035359 0)
(1.52728 -0.00209867 0)
(1.52696 -0.00160931 0)
(1.52637 -0.00115838 0)
(1.52518 -0.000757855 0)
(1.52396 -0.000394003 0)
(1.52361 -5.42978e-05 0)
(1.5235 0.000391139 0)
(1.52359 0.00105828 0)
(1.52358 0.00156613 0)
(1.52339 0.00179747 0)
(1.52309 0.00198838 0)
(1.52247 0.00208862 0)
(1.52124 0.00196219 0)
(1.51987 0.00183584 0)
(1.51933 0.00199444 0)
(1.5192 0.00221436 0)
(1.51915 0.00259162 0)
(1.51939 0.00313809 0)
(1.51999 0.00387815 0)
(1.52031 0.00440204 0)
(1.52021 0.00457544 0)
(1.52003 0.0047174 0)
(1.51967 0.0048182 0)
(1.51879 0.00470569 0)
(1.51667 0.00408652 0)
(1.51317 0.00294343 0)
(1.51085 0.00229416 0)
(1.51047 0.00228633 0)
(1.51041 0.00235886 0)
(1.51044 0.00251937 0)
(1.51078 0.00283421 0)
(1.51183 0.00350847 0)
(1.51336 0.004465 0)
(1.51394 0.00500877 0)
(1.51387 0.00516073 0)
(1.51369 0.00531076 0)
(1.51328 0.00538888 0)
(1.51219 0.00514245 0)
(1.50946 0.00406449 0)
(1.50459 0.00191396 0)
(1.50077 0.000286104 0)
(1.50002 6.0241e-06 0)
(1.5 7.72521e-09 0)
(1.5 2.67658e-13 0)
(1.5 -3.45587e-16 0)
(1.5 -7.15564e-16 0)
(1.5 -5.90764e-16 0)
(1.5 -1.94526e-16 0)
(1.5 -1.03763e-16 0)
(1.5 -5.91466e-17 0)
(1.5 -1.00232e-16 0)
(1.5 -3.10109e-16 0)
(1.5 -6.18707e-16 0)
(1.5 -7.13466e-16 0)
(1.5 -4.84994e-16 0)
(1.5 -2.76307e-16 0)
(1.5 -1.83447e-16 0)
(1.5 -5.12143e-17 0)
(1.5 3.0397e-16 0)
(1.5 4.67641e-16 0)
(1.5 6.82897e-16 0)
(1.5 4.40321e-16 0)
(1.5 1.17109e-16 0)
(1.5 7.69342e-16 0)
(1.5 9.01657e-16 0)
(1.5 1.0272e-15 0)
(1.5 9.2956e-16 0)
(1.5 8.61285e-16 0)
(1.5 8.61076e-16 0)
(1.5 1.33227e-15 0)
(1.5 1.18745e-15 0)
(1.5 9.87588e-16 0)
(1.5 7.70071e-16 0)
(1.5 1.59936e-16 0)
(1.5 -4.48566e-16 0)
(1.5 -4.01778e-16 0)
(1.5 2.07899e-16 0)
(1.5 2.47623e-16 0)
(1.0653 0.474266 0)
(1.08883 0.474398 0)
(1.11451 0.472891 0)
(1.14228 0.468482 0)
(1.16992 0.462101 0)
(1.19513 0.456009 0)
(1.21871 0.448334 0)
(1.24153 0.438065 0)
(1.26232 0.42605 0)
(1.28392 0.413011 0)
(1.31088 0.398777 0)
(1.33631 0.384272 0)
(1.35937 0.37192 0)
(1.38642 0.36232 0)
(1.41361 0.35089 0)
(1.43617 0.343472 0)
(1.45722 0.332872 0)
(1.48035 0.314662 0)
(1.49983 0.299232 0)
(1.51889 0.28139 0)
(1.53839 0.257344 0)
(1.55353 0.238142 0)
(1.56388 0.219418 0)
(1.57889 0.198429 0)
(1.59661 0.181742 0)
(1.61143 0.172095 0)
(1.62773 0.160083 0)
(1.64312 0.143375 0)
(1.65416 0.128846 0)
(1.66304 0.113408 0)
(1.67271 0.0895945 0)
(1.68084 0.0696703 0)
(1.68696 0.0532687 0)
(1.69839 0.0310491 0)
(1.70458 0.0158983 0)
(1.71067 0.00650457 0)
(1.72106 -0.00550722 0)
(1.72911 -0.0187665 0)
(1.73499 -0.0316315 0)
(1.73952 -0.0453665 0)
(1.74227 -0.0648018 0)
(1.74244 -0.0843424 0)
(1.74521 -0.100114 0)
(1.75175 -0.10742 0)
(1.75784 -0.115159 0)
(1.76004 -0.121507 0)
(1.76554 -0.131687 0)
(1.77173 -0.14746 0)
(1.77185 -0.170153 0)
(1.76286 -0.177076 0)
(1.7458 -0.17378 0)
(1.69297 -0.138616 0)
(1.6192 -0.0808939 0)
(1.58563 -0.0418042 0)
(1.57084 -0.0376025 0)
(1.56818 -0.0384854 0)
(1.56715 -0.0394706 0)
(1.56642 -0.0396503 0)
(1.56638 -0.0393715 0)
(1.56883 -0.0371805 0)
(1.57235 -0.0342426 0)
(1.57258 -0.0333867 0)
(1.57042 -0.0336266 0)
(1.56782 -0.0339642 0)
(1.56542 -0.0343363 0)
(1.56366 -0.0346768 0)
(1.56368 -0.0346122 0)
(1.56497 -0.0343459 0)
(1.56397 -0.034926 0)
(1.56171 -0.0356581 0)
(1.55949 -0.0362644 0)
(1.55761 -0.0366331 0)
(1.55669 -0.0366008 0)
(1.55741 -0.0358842 0)
(1.55778 -0.0353471 0)
(1.55612 -0.0355103 0)
(1.55412 -0.0357719 0)
(1.55205 -0.0358512 0)
(1.55014 -0.035767 0)
(1.5485 -0.0355316 0)
(1.5476 -0.0348826 0)
(1.54797 -0.0336262 0)
(1.54791 -0.0326776 0)
(1.54626 -0.0325693 0)
(1.54452 -0.032536 0)
(1.54273 -0.0324368 0)
(1.54094 -0.0320907 0)
(1.5394 -0.0314675 0)
(1.53818 -0.030587 0)
(1.53766 -0.0290699 0)
(1.53828 -0.0267179 0)
(1.53814 -0.0250268 0)
(1.53699 -0.0244452 0)
(1.53589 -0.0238914 0)
(1.53481 -0.0231707 0)
(1.53391 -0.0224169 0)
(1.53327 -0.0216975 0)
(1.53274 -0.0210844 0)
(1.53239 -0.0203612 0)
(1.53226 -0.0189957 0)
(1.53258 -0.016718 0)
(1.53345 -0.0135767 0)
(1.53412 -0.0107868 0)
(1.53371 -0.00956016 0)
(1.53293 -0.00903843 0)
(1.5317 -0.00861662 0)
(1.52971 -0.00870103 0)
(1.52731 -0.00898213 0)
(1.52597 -0.00868356 0)
(1.52564 -0.00813293 0)
(1.52545 -0.00720081 0)
(1.5257 -0.0059339 0)
(1.52688 -0.00407431 0)
(1.52832 -0.0020513 0)
(1.52833 -0.00115279 0)
(1.52787 -0.000766521 0)
(1.52685 -0.000336841 0)
(1.52522 -0.000106321 0)
(1.52424 0.000133875 0)
(1.52401 0.000359351 0)
(1.52393 0.000868531 0)
(1.52403 0.00152857 0)
(1.52393 0.0019124 0)
(1.52371 0.00211356 0)
(1.52327 0.00225129 0)
(1.5224 0.00224424 0)
(1.52099 0.00208213 0)
(1.51993 0.00213999 0)
(1.51968 0.00236989 0)
(1.51955 0.00269251 0)
(1.51961 0.00315545 0)
(1.52004 0.00382007 0)
(1.52057 0.00450089 0)
(1.52059 0.00480068 0)
(1.52044 0.00493665 0)
(1.52019 0.00508441 0)
(1.51967 0.00513655 0)
(1.51837 0.00485978 0)
(1.51557 0.00393593 0)
(1.51211 0.00279308 0)
(1.51072 0.00246403 0)
(1.51059 0.00250938 0)
(1.51054 0.00261625 0)
(1.51066 0.00283462 0)
(1.51129 0.00330564 0)
(1.51274 0.00421625 0)
(1.51406 0.00512039 0)
(1.51423 0.00545085 0)
(1.51411 0.00557441 0)
(1.51384 0.00572264 0)
(1.51319 0.00567711 0)
(1.51144 0.00508331 0)
(1.5075 0.00333051 0)
(1.5024 0.00099378 0)
(1.50018 6.41246e-05 0)
(1.5 3.8643e-07 0)
(1.5 9.44473e-11 0)
(1.5 3.41909e-16 0)
(1.5 -5.09665e-16 0)
(1.5 -5.06151e-16 0)
(1.5 -4.74787e-16 0)
(1.5 -4.64599e-16 0)
(1.5 -6.36785e-17 0)
(1.5 7.60948e-18 0)
(1.5 7.54708e-17 0)
(1.5 -1.9692e-16 0)
(1.5 -9.32375e-16 0)
(1.5 -7.33671e-16 0)
(1.5 -8.09308e-16 0)
(1.5 -8.94812e-16 0)
(1.5 -4.52188e-16 0)
(1.5 1.45438e-16 0)
(1.5 5.67108e-16 0)
(1.5 1.09937e-15 0)
(1.5 1.31243e-15 0)
(1.5 1.15016e-15 0)
(1.5 9.65074e-16 0)
(1.5 8.57808e-16 0)
(1.5 9.23176e-16 0)
(1.5 1.13957e-15 0)
(1.5 1.20682e-15 0)
(1.5 1.34428e-15 0)
(1.5 1.12717e-15 0)
(1.5 8.86613e-16 0)
(1.5 6.34578e-16 0)
(1.5 6.04709e-16 0)
(1.5 5.31676e-16 0)
(1.5 2.58015e-16 0)
(1.5 -1.14547e-16 0)
(1.5 -3.83117e-16 0)
(1.5 2.30699e-16 0)
(1.5 3.116e-16 0)
(1.069 0.471625 0)
(1.09117 0.471623 0)
(1.11436 0.470101 0)
(1.13903 0.46567 0)
(1.16478 0.458195 0)
(1.18903 0.451098 0)
(1.21139 0.444174 0)
(1.23275 0.434697 0)
(1.25243 0.422972 0)
(1.27299 0.410506 0)
(1.29966 0.400325 0)
(1.32807 0.389401 0)
(1.35271 0.381611 0)
(1.37763 0.374908 0)
(1.40305 0.364763 0)
(1.42541 0.354923 0)
(1.44556 0.340875 0)
(1.46583 0.319938 0)
(1.48309 0.302479 0)
(1.4992 0.285623 0)
(1.51775 0.263619 0)
(1.53443 0.244477 0)
(1.54825 0.227962 0)
(1.56519 0.213334 0)
(1.58472 0.200246 0)
(1.6014 0.188595 0)
(1.61626 0.178385 0)
(1.62885 0.163189 0)
(1.63739 0.145749 0)
(1.64382 0.125807 0)
(1.65206 0.102597 0)
(1.66509 0.0806727 0)
(1.67443 0.0648337 0)
(1.685 0.0509115 0)
(1.69403 0.0390057 0)
(1.70102 0.0305552 0)
(1.70986 0.0184158 0)
(1.71613 0.00190193 0)
(1.72033 -0.0157468 0)
(1.72296 -0.0358232 0)
(1.72538 -0.0544224 0)
(1.73042 -0.0669869 0)
(1.7376 -0.0755704 0)
(1.74385 -0.083386 0)
(1.74939 -0.0914545 0)
(1.7519 -0.0996202 0)
(1.75227 -0.109123 0)
(1.75467 -0.130643 0)
(1.75574 -0.153242 0)
(1.75807 -0.166523 0)
(1.75202 -0.165672 0)
(1.73068 -0.157958 0)
(1.67706 -0.118591 0)
(1.61834 -0.0651192 0)
(1.58344 -0.0433408 0)
(1.57183 -0.0437288 0)
(1.56953 -0.0441764 0)
(1.56933 -0.0436468 0)
(1.57192 -0.0411384 0)
(1.57598 -0.0370007 0)
(1.57647 -0.03529 0)
(1.57427 -0.035327 0)
(1.57168 -0.0354636 0)
(1.56913 -0.0354928 0)
(1.56683 -0.0355044 0)
(1.56578 -0.0353128 0)
(1.56693 -0.0346341 0)
(1.56765 -0.0344076 0)
(1.56577 -0.0349379 0)
(1.56345 -0.0354119 0)
(1.56117 -0.035727 0)
(1.55943 -0.035783 0)
(1.55907 -0.035232 0)
(1.55999 -0.0343805 0)
(1.55903 -0.0344651 0)
(1.55706 -0.0348631 0)
(1.55502 -0.0353801 0)
(1.55305 -0.0355382 0)
(1.55122 -0.0354385 0)
(1.54986 -0.0349476 0)
(1.54958 -0.0336499 0)
(1.55024 -0.0318754 0)
(1.54942 -0.0311888 0)
(1.54775 -0.0310582 0)
(1.54601 -0.0309869 0)
(1.54422 -0.0309249 0)
(1.54253 -0.0307849 0)
(1.54104 -0.030371 0)
(1.54001 -0.0292994 0)
(1.54003 -0.0272829 0)
(1.54033 -0.0251802 0)
(1.53925 -0.0243913 0)
(1.53802 -0.0239189 0)
(1.53682 -0.023295 0)
(1.53579 -0.0224993 0)
(1.53484 -0.0214751 0)
(1.53401 -0.0203527 0)
(1.53341 -0.019162 0)
(1.53326 -0.0177985 0)
(1.53395 -0.0157756 0)
(1.5352 -0.0127927 0)
(1.5359 -0.0102539 0)
(1.53543 -0.00922398 0)
(1.5347 -0.00882826 0)
(1.53351 -0.0084026 0)
(1.53154 -0.00846013 0)
(1.52911 -0.00890508 0)
(1.52724 -0.00871358 0)
(1.52649 -0.00804751 0)
(1.52621 -0.00730058 0)
(1.52622 -0.00625227 0)
(1.52704 -0.00461717 0)
(1.52878 -0.00233063 0)
(1.52958 -0.000792658 0)
(1.52924 -0.000338 0)
(1.52864 6.20433e-05 0)
(1.52731 0.000314772 0)
(1.52549 0.000368506 0)
(1.52467 0.000570512 0)
(1.52442 0.000816828 0)
(1.52434 0.00136206 0)
(1.52434 0.00191428 0)
(1.52419 0.00221323 0)
(1.52393 0.00242806 0)
(1.52335 0.00253081 0)
(1.52222 0.00241217 0)
(1.52087 0.00230445 0)
(1.52027 0.00248405 0)
(1.5201 0.00276106 0)
(1.52001 0.00319507 0)
(1.5202 0.0037833 0)
(1.52071 0.00453145 0)
(1.52094 0.00503546 0)
(1.52082 0.00520691 0)
(1.52064 0.00535201 0)
(1.5203 0.00545269 0)
(1.51954 0.00536092 0)
(1.51769 0.00481329 0)
(1.51427 0.00363847 0)
(1.51142 0.00274828 0)
(1.51079 0.00266346 0)
(1.51071 0.00273536 0)
(1.51071 0.00290066 0)
(1.51101 0.00322476 0)
(1.51205 0.00393384 0)
(1.51374 0.00502126 0)
(1.51455 0.00570262 0)
(1.51449 0.00588096 0)
(1.51432 0.00602781 0)
(1.51391 0.00611057 0)
(1.51283 0.00585071 0)
(1.51005 0.00466711 0)
(1.50498 0.00223946 0)
(1.50086 0.000344576 0)
(1.50002 7.51954e-06 0)
(1.5 1.00267e-08 0)
(1.5 3.60312e-13 0)
(1.5 -2.11671e-16 0)
(1.5 -3.19305e-16 0)
(1.5 -1.50725e-16 0)
(1.5 2.06205e-16 0)
(1.5 2.40146e-16 0)
(1.5 1.59847e-16 0)
(1.5 7.45532e-17 0)
(1.5 7.89986e-18 0)
(1.5 -4.91812e-16 0)
(1.5 -7.67317e-16 0)
(1.5 -7.08712e-16 0)
(1.5 -7.11772e-16 0)
(1.5 -5.00772e-16 0)
(1.5 1.71218e-16 0)
(1.5 3.73015e-16 0)
(1.5 6.11482e-16 0)
(1.5 1.04954e-15 0)
(1.5 9.39827e-16 0)
(1.5 9.04149e-16 0)
(1.5 1.03093e-15 0)
(1.5 7.60921e-16 0)
(1.5 3.43691e-16 0)
(1.5 5.34003e-16 0)
(1.5 9.70826e-16 0)
(1.5 9.30854e-16 0)
(1.5 7.90014e-16 0)
(1.5 2.26212e-16 0)
(1.5 2.16311e-16 0)
(1.5 3.1543e-16 0)
(1.5 3.9339e-16 0)
(1.5 6.83173e-16 0)
(1.5 4.42722e-16 0)
(1.5 2.83721e-16 0)
(1.5 9.14087e-17 0)
(1.5 3.80085e-16 0)
(1.07247 0.468091 0)
(1.09303 0.468259 0)
(1.11339 0.466555 0)
(1.13519 0.46253 0)
(1.15956 0.45536 0)
(1.18314 0.447517 0)
(1.20452 0.440587 0)
(1.22521 0.431348 0)
(1.24532 0.420927 0)
(1.26707 0.412456 0)
(1.29329 0.406932 0)
(1.32104 0.399428 0)
(1.34549 0.393157 0)
(1.36893 0.385718 0)
(1.39356 0.372409 0)
(1.41475 0.357784 0)
(1.43116 0.342752 0)
(1.44825 0.322297 0)
(1.46545 0.304167 0)
(1.48091 0.288261 0)
(1.49932 0.270354 0)
(1.51904 0.253704 0)
(1.53785 0.240274 0)
(1.5567 0.229653 0)
(1.57417 0.219166 0)
(1.58904 0.208429 0)
(1.60173 0.196497 0)
(1.61209 0.177317 0)
(1.61911 0.154537 0)
(1.62461 0.132047 0)
(1.63556 0.11207 0)
(1.64895 0.0977736 0)
(1.66195 0.0844468 0)
(1.67328 0.073422 0)
(1.68387 0.0629818 0)
(1.69224 0.0510049 0)
(1.69763 0.0362458 0)
(1.69926 0.0178181 0)
(1.70016 -0.00305893 0)
(1.70488 -0.0247249 0)
(1.71311 -0.0380065 0)
(1.72169 -0.0446712 0)
(1.72963 -0.0517154 0)
(1.73569 -0.0595744 0)
(1.74018 -0.0676364 0)
(1.74203 -0.0803865 0)
(1.73821 -0.0985868 0)
(1.7365 -0.11936 0)
(1.7411 -0.134585 0)
(1.74995 -0.144493 0)
(1.75267 -0.150982 0)
(1.74494 -0.152336 0)
(1.7178 -0.137284 0)
(1.66272 -0.100585 0)
(1.60633 -0.0628515 0)
(1.57825 -0.0524752 0)
(1.57211 -0.0502674 0)
(1.57377 -0.0464333 0)
(1.57973 -0.0409053 0)
(1.58196 -0.0376676 0)
(1.57947 -0.0372558 0)
(1.57645 -0.037194 0)
(1.57347 -0.0371117 0)
(1.57063 -0.0368377 0)
(1.56832 -0.0363511 0)
(1.568 -0.0355526 0)
(1.56991 -0.0345249 0)
(1.56964 -0.034485 0)
(1.56758 -0.034802 0)
(1.56527 -0.0349639 0)
(1.56309 -0.0349697 0)
(1.56174 -0.0346102 0)
(1.56199 -0.0337369 0)
(1.56187 -0.0334937 0)
(1.56002 -0.0339072 0)
(1.55796 -0.0344151 0)
(1.55593 -0.0348622 0)
(1.55401 -0.034991 0)
(1.55236 -0.0347836 0)
(1.55146 -0.0338345 0)
(1.55189 -0.0319256 0)
(1.55181 -0.0303887 0)
(1.5503 -0.0299644 0)
(1.54862 -0.0296785 0)
(1.54672 -0.0293693 0)
(1.54495 -0.0291321 0)
(1.54334 -0.0289034 0)
(1.5421 -0.028391 0)
(1.54178 -0.0271227 0)
(1.54217 -0.0251197 0)
(1.54138 -0.0241621 0)
(1.54017 -0.0237661 0)
(1.53903 -0.0231413 0)
(1.53797 -0.0226581 0)
(1.53696 -0.0222591 0)
(1.53615 -0.0217357 0)
(1.53559 -0.0207037 0)
(1.53555 -0.0188711 0)
(1.53619 -0.0158671 0)
(1.5373 -0.0122423 0)
(1.5377 -0.00975442 0)
(1.53709 -0.0088793 0)
(1.53628 -0.00850442 0)
(1.53514 -0.00823129 0)
(1.53344 -0.00835203 0)
(1.531 -0.00878675 0)
(1.52882 -0.00899103 0)
(1.52791 -0.00872338 0)
(1.52747 -0.0081165 0)
(1.52719 -0.00699022 0)
(1.52756 -0.00536938 0)
(1.52899 -0.00297699 0)
(1.53043 -0.000736161 0)
(1.53039 9.41037e-05 0)
(1.52996 0.000460135 0)
(1.52905 0.000796712 0)
(1.52734 0.000917827 0)
(1.52571 0.00101772 0)
(1.52521 0.00118068 0)
(1.52488 0.00146481 0)
(1.52472 0.00189322 0)
(1.52457 0.0022019 0)
(1.52436 0.00240992 0)
(1.52397 0.00258926 0)
(1.52324 0.00266858 0)
(1.52201 0.00261703 0)
(1.52099 0.00272254 0)
(1.52071 0.00300162 0)
(1.52052 0.0033864 0)
(1.52052 0.00389504 0)
(1.52085 0.00457893 0)
(1.52123 0.00522275 0)
(1.52118 0.00548892 0)
(1.52103 0.00562587 0)
(1.52078 0.00576233 0)
(1.52031 0.00580596 0)
(1.51918 0.00556946 0)
(1.51664 0.00469798 0)
(1.51301 0.00342257 0)
(1.51112 0.00292122 0)
(1.51089 0.0029533 0)
(1.51083 0.00305415 0)
(1.51093 0.00327449 0)
(1.51154 0.00376191 0)
(1.51306 0.00475382 0)
(1.5146 0.00581462 0)
(1.51487 0.00621796 0)
(1.51475 0.00633854 0)
(1.51448 0.00648944 0)
(1.51382 0.00642849 0)
(1.51199 0.00575262 0)
(1.50785 0.00375043 0)
(1.50248 0.0010995 0)
(1.50018 6.82314e-05 0)
(1.5 3.85497e-07 0)
(1.5 8.56723e-11 0)
(1.5 4.6519e-16 0)
(1.5 8.2152e-17 0)
(1.5 2.58739e-16 0)
(1.5 -1.67581e-17 0)
(1.5 1.25466e-16 0)
(1.5 1.19696e-16 0)
(1.5 1.45754e-16 0)
(1.5 -1.28944e-16 0)
(1.5 -3.40358e-16 0)
(1.5 -8.56309e-16 0)
(1.5 -5.47404e-16 0)
(1.5 -3.09387e-16 0)
(1.5 -1.5266e-16 0)
(1.5 -5.31038e-17 0)
(1.5 1.48745e-16 0)
(1.5 1.92816e-16 0)
(1.5 2.40062e-16 0)
(1.5 6.49077e-16 0)
(1.5 9.19436e-16 0)
(1.5 7.84422e-16 0)
(1.5 8.20968e-16 0)
(1.5 8.27022e-16 0)
(1.5 1.03083e-15 0)
(1.5 7.9271e-16 0)
(1.5 8.36904e-16 0)
(1.5 4.11208e-16 0)
(1.5 2.63754e-16 0)
(1.5 4.55819e-16 0)
(1.5 4.08093e-16 0)
(1.5 2.61318e-16 0)
(1.5 6.99989e-16 0)
(1.5 7.64852e-16 0)
(1.5 9.22068e-16 0)
(1.5 9.77004e-16 0)
(1.5 3.40667e-16 0)
(1.5 4.92087e-16 0)
(1.07506 0.465429 0)
(1.09396 0.465068 0)
(1.11218 0.463046 0)
(1.13158 0.459409 0)
(1.15431 0.453513 0)
(1.17774 0.445238 0)
(1.1988 0.43789 0)
(1.22011 0.430419 0)
(1.24243 0.424145 0)
(1.26398 0.420565 0)
(1.28751 0.416322 0)
(1.31305 0.408158 0)
(1.33715 0.398821 0)
(1.36055 0.387575 0)
(1.38265 0.373069 0)
(1.40162 0.358007 0)
(1.41537 0.342733 0)
(1.43121 0.323777 0)
(1.44979 0.306297 0)
(1.4668 0.291166 0)
(1.48703 0.278813 0)
(1.50791 0.268413 0)
(1.52756 0.25936 0)
(1.54639 0.250036 0)
(1.56282 0.237714 0)
(1.57589 0.222894 0)
(1.58505 0.206196 0)
(1.59146 0.183994 0)
(1.59861 0.160587 0)
(1.60798 0.13979 0)
(1.62239 0.126592 0)
(1.63732 0.117011 0)
(1.65109 0.106231 0)
(1.66285 0.0961992 0)
(1.6727 0.08632 0)
(1.67867 0.0717662 0)
(1.67892 0.0491934 0)
(1.67827 0.0242537 0)
(1.68433 0.00469454 0)
(1.69379 -0.00738352 0)
(1.70384 -0.0152838 0)
(1.714 -0.0220498 0)
(1.72228 -0.0294009 0)
(1.72742 -0.0370031 0)
(1.72967 -0.0476095 0)
(1.72631 -0.0662729 0)
(1.71894 -0.0906729 0)
(1.72249 -0.103935 0)
(1.73102 -0.111195 0)
(1.73956 -0.119697 0)
(1.7498 -0.127756 0)
(1.74671 -0.137556 0)
(1.73144 -0.137482 0)
(1.69592 -0.123934 0)
(1.63971 -0.0950998 0)
(1.59405 -0.0693672 0)
(1.57867 -0.0586418 0)
(1.58116 -0.0493224 0)
(1.58736 -0.0415274 0)
(1.58595 -0.0394539 0)
(1.58243 -0.0393818 0)
(1.5788 -0.039409 0)
(1.57516 -0.0390991 0)
(1.57198 -0.0385157 0)
(1.56991 -0.037375 0)
(1.57072 -0.0355816 0)
(1.57262 -0.0343016 0)
(1.5714 -0.0342658 0)
(1.56929 -0.0343738 0)
(1.56705 -0.0343403 0)
(1.5652 -0.0340399 0)
(1.56451 -0.0331731 0)
(1.56447 -0.0324247 0)
(1.56275 -0.0326742 0)
(1.56065 -0.0331287 0)
(1.5586 -0.0335568 0)
(1.55662 -0.0337268 0)
(1.55488 -0.0337057 0)
(1.55373 -0.0331857 0)
(1.55373 -0.0317898 0)
(1.55406 -0.0302413 0)
(1.55286 -0.0296647 0)
(1.55132 -0.0294083 0)
(1.54965 -0.0290295 0)
(1.54794 -0.0285811 0)
(1.54637 -0.0282317 0)
(1.54492 -0.0278035 0)
(1.54399 -0.0268628 0)
(1.54409 -0.0252115 0)
(1.54379 -0.0239564 0)
(1.54256 -0.0236153 0)
(1.54116 -0.0230616 0)
(1.53968 -0.0219753 0)
(1.53851 -0.0210388 0)
(1.53755 -0.0202349 0)
(1.53699 -0.0192967 0)
(1.53723 -0.017667 0)
(1.53831 -0.0147252 0)
(1.53951 -0.0113254 0)
(1.53954 -0.00933096 0)
(1.53876 -0.00869141 0)
(1.53793 -0.0082659 0)
(1.53668 -0.00786223 0)
(1.53497 -0.00791619 0)
(1.53284 -0.00841282 0)
(1.53069 -0.00866252 0)
(1.52913 -0.00812681 0)
(1.5285 -0.00741936 0)
(1.5281 -0.00660611 0)
(1.52821 -0.00542802 0)
(1.5293 -0.00344783 0)
(1.53094 -0.00103899 0)
(1.53133 0.000248173 0)
(1.53101 0.000706598 0)
(1.53037 0.00113819 0)
(1.52917 0.00136153 0)
(1.5274 0.00148287 0)
(1.52613 0.00172222 0)
(1.52578 0.0019373 0)
(1.52543 0.00216078 0)
(1.52514 0.00234523 0)
(1.52486 0.00248941 0)
(1.52455 0.00264158 0)
(1.52404 0.0028081 0)
(1.52317 0.0029267 0)
(1.52197 0.00303195 0)
(1.52138 0.00330709 0)
(1.52115 0.00364291 0)
(1.52101 0.00408395 0)
(1.52112 0.00464441 0)
(1.52148 0.00530272 0)
(1.52158 0.00571317 0)
(1.52143 0.00586775 0)
(1.52124 0.0060154 0)
(1.52091 0.00612817 0)
(1.52023 0.00608919 0)
(1.51858 0.00561439 0)
(1.5153 0.00442119 0)
(1.51207 0.00329878 0)
(1.51114 0.00310755 0)
(1.51105 0.00317744 0)
(1.51102 0.00335329 0)
(1.51131 0.00370301 0)
(1.51236 0.00447662 0)
(1.5142 0.00570395 0)
(1.51518 0.00650452 0)
(1.51514 0.0067016 0)
(1.51497 0.00684399 0)
(1.51454 0.0069143 0)
(1.51338 0.00659235 0)
(1.51038 0.00518807 0)
(1.50497 0.00239286 0)
(1.5008 0.000338132 0)
(1.50002 6.4163e-06 0)
(1.5 7.01793e-09 0)
(1.5 1.95762e-13 0)
(1.5 2.60823e-16 0)
(1.5 3.34714e-16 0)
(1.5 1.35252e-16 0)
(1.5 -3.47159e-16 0)
(1.5 -2.49175e-16 0)
(1.5 -2.98231e-16 0)
(1.5 1.46519e-16 0)
(1.5 -1.42938e-16 0)
(1.5 -1.81974e-16 0)
(1.5 -2.96287e-16 0)
(1.5 -1.09019e-16 0)
(1.5 -1.65548e-16 0)
(1.5 3.16615e-16 0)
(1.5 1.43897e-16 0)
(1.5 3.07588e-16 0)
(1.5 4.28088e-16 0)
(1.5 4.80983e-16 0)
(1.5 8.15574e-16 0)
(1.5 1.41459e-15 0)
(1.5 1.09753e-15 0)
(1.5 9.78432e-16 0)
(1.5 5.69717e-16 0)
(1.5 5.92039e-16 0)
(1.5 5.86456e-16 0)
(1.5 3.84355e-16 0)
(1.5 7.20894e-17 0)
(1.5 1.28541e-16 0)
(1.5 2.60246e-16 0)
(1.5 2.96477e-16 0)
(1.5 6.72761e-16 0)
(1.5 4.6199e-16 0)
(1.5 3.40658e-16 0)
(1.5 4.43019e-16 0)
(1.5 5.97156e-16 0)
(1.5 8.24061e-16 0)
(1.5 7.03699e-16 0)
(1.07589 0.462477 0)
(1.09392 0.462206 0)
(1.11095 0.460714 0)
(1.12846 0.457235 0)
(1.14965 0.452495 0)
(1.17332 0.445057 0)
(1.19582 0.43787 0)
(1.21835 0.433711 0)
(1.24057 0.430503 0)
(1.26047 0.427248 0)
(1.28075 0.420818 0)
(1.30495 0.410062 0)
(1.32856 0.397912 0)
(1.34982 0.386878 0)
(1.37024 0.372559 0)
(1.38789 0.357452 0)
(1.40132 0.341555 0)
(1.41631 0.325771 0)
(1.43659 0.312972 0)
(1.45704 0.301962 0)
(1.47826 0.29452 0)
(1.49874 0.286678 0)
(1.5179 0.2768 0)
(1.5352 0.26484 0)
(1.54869 0.249554 0)
(1.55825 0.230355 0)
(1.56456 0.208183 0)
(1.57066 0.186488 0)
(1.58233 0.167971 0)
(1.59661 0.154478 0)
(1.61295 0.145545 0)
(1.62903 0.137577 0)
(1.64231 0.128302 0)
(1.65227 0.11893 0)
(1.65975 0.105491 0)
(1.66052 0.0806544 0)
(1.65753 0.0507697 0)
(1.66377 0.0312747 0)
(1.67395 0.0235322 0)
(1.68571 0.0162709 0)
(1.69689 0.00808624 0)
(1.70663 0.000957476 0)
(1.71467 -0.00708712 0)
(1.71811 -0.0176503 0)
(1.71516 -0.0362513 0)
(1.70633 -0.0617756 0)
(1.70676 -0.0772646 0)
(1.71258 -0.0818067 0)
(1.72327 -0.0899937 0)
(1.73178 -0.0986725 0)
(1.74178 -0.107364 0)
(1.744 -0.119417 0)
(1.72697 -0.129515 0)
(1.70908 -0.129743 0)
(1.66983 -0.115325 0)
(1.62067 -0.0895327 0)
(1.59275 -0.0683498 0)
(1.59131 -0.0532113 0)
(1.59346 -0.0436251 0)
(1.58986 -0.0420279 0)
(1.58591 -0.0417654 0)
(1.58139 -0.041565 0)
(1.57734 -0.0410927 0)
(1.57386 -0.0400167 0)
(1.57255 -0.0378316 0)
(1.57437 -0.0352582 0)
(1.5751 -0.0341788 0)
(1.57318 -0.0342158 0)
(1.57099 -0.034147 0)
(1.56892 -0.0338024 0)
(1.56757 -0.0329065 0)
(1.56718 -0.0318528 0)
(1.56574 -0.0318341 0)
(1.56362 -0.0322239 0)
(1.56153 -0.032606 0)
(1.55952 -0.0328566 0)
(1.55775 -0.0329237 0)
(1.55647 -0.0325151 0)
(1.5562 -0.0312303 0)
(1.55643 -0.0294535 0)
(1.55521 -0.02876 0)
(1.55365 -0.0286224 0)
(1.55205 -0.0283411 0)
(1.55052 -0.0280792 0)
(1.54903 -0.0278994 0)
(1.5476 -0.0275404 0)
(1.54648 -0.0265452 0)
(1.54612 -0.0246319 0)
(1.54551 -0.0230178 0)
(1.54424 -0.0226489 0)
(1.54291 -0.0221933 0)
(1.5418 -0.0218406 0)
(1.54077 -0.0214885 0)
(1.53985 -0.0207612 0)
(1.53932 -0.0194585 0)
(1.53947 -0.0171068 0)
(1.54052 -0.0136268 0)
(1.54158 -0.0104253 0)
(1.54129 -0.00895908 0)
(1.54049 -0.00847234 0)
(1.53954 -0.00811098 0)
(1.53828 -0.00797587 0)
(1.53675 -0.00806353 0)
(1.53468 -0.00823701 0)
(1.53239 -0.0084288 0)
(1.53091 -0.00843861 0)
(1.53029 -0.00813499 0)
(1.52969 -0.00725299 0)
(1.52951 -0.00583929 0)
(1.53013 -0.00377055 0)
(1.53151 -0.00124081 0)
(1.53209 0.000332685 0)
(1.53178 0.000853192 0)
(1.53129 0.00131673 0)
(1.53046 0.00169974 0)
(1.52919 0.00186445 0)
(1.52768 0.0020108 0)
(1.52659 0.00236882 0)
(1.52608 0.00263476 0)
(1.52571 0.00278984 0)
(1.52534 0.00288461 0)
(1.52497 0.00293918 0)
(1.52463 0.00298836 0)
(1.52414 0.00305668 0)
(1.52325 0.00319664 0)
(1.52223 0.00355266 0)
(1.52187 0.00396169 0)
(1.52164 0.0043576 0)
(1.52155 0.00483608 0)
(1.52171 0.00543757 0)
(1.52188 0.00597377 0)
(1.52177 0.00620049 0)
(1.52161 0.00634488 0)
(1.52137 0.00647696 0)
(1.52093 0.00651271 0)
(1.51994 0.00629552 0)
(1.5176 0.0054781 0)
(1.5139 0.00411497 0)
(1.5116 0.0034435 0)
(1.51124 0.0034531 0)
(1.51117 0.00355969 0)
(1.51126 0.00379829 0)
(1.51188 0.00433102 0)
(1.51349 0.00543536 0)
(1.5152 0.00664146 0)
(1.51553 0.00709406 0)
(1.51541 0.0072093 0)
(1.51513 0.00735378 0)
(1.5144 0.00724493 0)
(1.51235 0.00638796 0)
(1.50779 0.00398357 0)
(1.50224 0.00105037 0)
(1.50014 5.39974e-05 0)
(1.5 2.31581e-07 0)
(1.5 3.55661e-11 0)
(1.5 9.29324e-16 0)
(1.5 6.01049e-16 0)
(1.5 6.64936e-16 0)
(1.5 5.74452e-16 0)
(1.5 2.67142e-16 0)
(1.5 1.79933e-17 0)
(1.5 3.96054e-17 0)
(1.5 1.08263e-16 0)
(1.5 -1.66094e-17 0)
(1.5 3.47747e-16 0)
(1.5 3.72515e-16 0)
(1.5 -1.17351e-17 0)
(1.5 -1.68571e-16 0)
(1.5 -1.47557e-17 0)
(1.5 3.03268e-16 0)
(1.5 2.46045e-16 0)
(1.5 7.16621e-16 0)
(1.5 9.71084e-16 0)
(1.5 1.26249e-15 0)
(1.5 1.55893e-15 0)
(1.5 1.64394e-15 0)
(1.5 1.04324e-15 0)
(1.5 7.85494e-16 0)
(1.5 5.93256e-16 0)
(1.5 3.48528e-16 0)
(1.5 -2.59293e-16 0)
(1.5 -1.11282e-16 0)
(1.5 3.20972e-16 0)
(1.5 3.38378e-18 0)
(1.5 1.81795e-17 0)
(1.5 5.47416e-16 0)
(1.5 1.44386e-16 0)
(1.5 4.4776e-17 0)
(1.5 -1.57636e-17 0)
(1.5 2.66337e-16 0)
(1.5 4.3814e-16 0)
(1.5 4.72112e-16 0)
(1.07563 0.460711 0)
(1.09358 0.459492 0)
(1.11034 0.457864 0)
(1.12715 0.454483 0)
(1.14753 0.450718 0)
(1.17126 0.445727 0)
(1.1948 0.440526 0)
(1.21613 0.437797 0)
(1.2365 0.434444 0)
(1.25514 0.428966 0)
(1.27344 0.420339 0)
(1.29648 0.408688 0)
(1.31952 0.395742 0)
(1.33902 0.385633 0)
(1.35816 0.372278 0)
(1.37538 0.35701 0)
(1.38907 0.343724 0)
(1.40598 0.333713 0)
(1.42739 0.32685 0)
(1.45027 0.317826 0)
(1.47157 0.308783 0)
(1.49025 0.299605 0)
(1.50649 0.287847 0)
(1.51998 0.272589 0)
(1.53024 0.253795 0)
(1.53851 0.231985 0)
(1.54551 0.209303 0)
(1.55681 0.191824 0)
(1.57245 0.183171 0)
(1.58916 0.174307 0)
(1.6059 0.165937 0)
(1.62159 0.157926 0)
(1.63353 0.147746 0)
(1.64133 0.133074 0)
(1.64213 0.109971 0)
(1.63765 0.081644 0)
(1.64186 0.0589053 0)
(1.65328 0.0514375 0)
(1.66602 0.0453474 0)
(1.68158 0.0383521 0)
(1.69055 0.0311016 0)
(1.69929 0.0232673 0)
(1.7056 0.0117067 0)
(1.70454 -0.00736037 0)
(1.69433 -0.0332548 0)
(1.69171 -0.0513574 0)
(1.69677 -0.0553535 0)
(1.70771 -0.0621147 0)
(1.71685 -0.0695563 0)
(1.72366 -0.07754 0)
(1.73064 -0.0863305 0)
(1.73298 -0.100033 0)
(1.72045 -0.120459 0)
(1.70972 -0.122701 0)
(1.68441 -0.120536 0)
(1.64927 -0.102434 0)
(1.61629 -0.0778657 0)
(1.60444 -0.0576641 0)
(1.59923 -0.0473737 0)
(1.59374 -0.0459501 0)
(1.58863 -0.0446002 0)
(1.58413 -0.0437827 0)
(1.57966 -0.0428498 0)
(1.57656 -0.0405777 0)
(1.57637 -0.0373854 0)
(1.57774 -0.0350549 0)
(1.57716 -0.0344998 0)
(1.57508 -0.0342897 0)
(1.5729 -0.033816 0)
(1.57112 -0.032816 0)
(1.57017 -0.0315718 0)
(1.56865 -0.0312639 0)
(1.56645 -0.0315158 0)
(1.56427 -0.0317302 0)
(1.5622 -0.0318545 0)
(1.56035 -0.0318808 0)
(1.55904 -0.0315426 0)
(1.55881 -0.0303223 0)
(1.55912 -0.0284253 0)
(1.55784 -0.0277085 0)
(1.55608 -0.0276725 0)
(1.55427 -0.0275275 0)
(1.55235 -0.0271419 0)
(1.55068 -0.0266321 0)
(1.54923 -0.0260602 0)
(1.54818 -0.0253614 0)
(1.5482 -0.0242162 0)
(1.54827 -0.022873 0)
(1.54699 -0.022468 0)
(1.54552 -0.0220676 0)
(1.54394 -0.0211781 0)
(1.54262 -0.0202091 0)
(1.54155 -0.0192406 0)
(1.54102 -0.0179556 0)
(1.54146 -0.0157235 0)
(1.54279 -0.0124254 0)
(1.54358 -0.00974164 0)
(1.54297 -0.00873076 0)
(1.54208 -0.00832351 0)
(1.54106 -0.00787613 0)
(1.53978 -0.00751628 0)
(1.53827 -0.00749199 0)
(1.53653 -0.00777107 0)
(1.53456 -0.00797206 0)
(1.53255 -0.00763017 0)
(1.53136 -0.00686498 0)
(1.53078 -0.00618204 0)
(1.53053 -0.00520545 0)
(1.53107 -0.00352374 0)
(1.53237 -0.00112817 0)
(1.53301 0.000572094 0)
(1.53265 0.00113377 0)
(1.53215 0.00155801 0)
(1.53146 0.00192484 0)
(1.53055 0.00215449 0)
(1.52932 0.00241876 0)
(1.52792 0.00269539 0)
(1.52696 0.00280464 0)
(1.52649 0.00290944 0)
(1.52613 0.00303021 0)
(1.52573 0.00319945 0)
(1.52525 0.00337988 0)
(1.52469 0.00350811 0)
(1.52405 0.00362008 0)
(1.52323 0.003895 0)
(1.52255 0.00441327 0)
(1.52229 0.00481521 0)
(1.52208 0.00521299 0)
(1.52205 0.00566254 0)
(1.52219 0.00615208 0)
(1.52217 0.00645861 0)
(1.522 0.00659947 0)
(1.5218 0.00674924 0)
(1.52149 0.00688299 0)
(1.52088 0.00689152 0)
(1.51937 0.00647802 0)
(1.51623 0.00528591 0)
(1.51274 0.00397552 0)
(1.51153 0.0036693 0)
(1.51141 0.00373803 0)
(1.51137 0.00392595 0)
(1.51167 0.00430981 0)
(1.51279 0.00517316 0)
(1.51478 0.00655039 0)
(1.51585 0.00743211 0)
(1.51581 0.0076308 0)
(1.51563 0.00776645 0)
(1.51516 0.0077983 0)
(1.51381 0.00734446 0)
(1.51035 0.00555193 0)
(1.50452 0.00230066 0)
(1.5006 0.000263058 0)
(1.50001 3.59215e-06 0)
(1.5 2.50352e-09 0)
(1.5 4.30542e-14 0)
(1.5 3.843e-16 0)
(1.5 3.80773e-16 0)
(1.5 3.43024e-16 0)
(1.5 4.04384e-16 0)
(1.5 4.61063e-16 0)
(1.5 1.06178e-16 0)
(1.5 1.35246e-16 0)
(1.5 3.77186e-16 0)
(1.5 3.69836e-16 0)
(1.5 5.6714e-16 0)
(1.5 4.7578e-16 0)
(1.5 2.47667e-17 0)
(1.5 8.90672e-17 0)
(1.5 -2.6816e-17 0)
(1.5 2.45363e-16 0)
(1.5 1.15621e-16 0)
(1.5 1.61876e-16 0)
(1.5 3.87337e-16 0)
(1.5 7.13394e-16 0)
(1.5 7.10658e-16 0)
(1.5 1.24904e-15 0)
(1.5 9.05688e-16 0)
(1.5 1.10799e-15 0)
(1.5 9.633e-16 0)
(1.5 2.71246e-16 0)
(1.5 -7.4307e-17 0)
(1.5 1.24971e-16 0)
(1.5 4.73142e-16 0)
(1.5 3.52375e-16 0)
(1.5 3.65002e-16 0)
(1.5 2.48338e-16 0)
(1.5 -2.3246e-17 0)
(1.5 8.2185e-17 0)
(1.5 2.67034e-16 0)
(1.5 5.63424e-16 0)
(1.5 2.14815e-16 0)
(1.5 4.68231e-16 0)
(1.07503 0.460495 0)
(1.09343 0.457785 0)
(1.11062 0.455699 0)
(1.12767 0.453285 0)
(1.14744 0.450926 0)
(1.16987 0.447507 0)
(1.19206 0.44293 0)
(1.21222 0.439217 0)
(1.23144 0.434639 0)
(1.24939 0.427288 0)
(1.26638 0.417537 0)
(1.28793 0.406719 0)
(1.31077 0.393995 0)
(1.32948 0.38429 0)
(1.34565 0.374804 0)
(1.36386 0.362907 0)
(1.38153 0.353478 0)
(1.40042 0.347149 0)
(1.42162 0.339798 0)
(1.4428 0.32931 0)
(1.4617 0.318524 0)
(1.47839 0.306991 0)
(1.49239 0.292264 0)
(1.50327 0.274215 0)
(1.51199 0.253934 0)
(1.52035 0.232578 0)
(1.5327 0.214972 0)
(1.54876 0.208526 0)
(1.5656 0.202795 0)
(1.58295 0.194512 0)
(1.59811 0.18579 0)
(1.612 0.17537 0)
(1.62199 0.158749 0)
(1.62421 0.134678 0)
(1.61978 0.109423 0)
(1.62117 0.0886942 0)
(1.63188 0.080527 0)
(1.646 0.0731234 0)
(1.66284 0.0664442 0)
(1.67603 0.0592525 0)
(1.6833 0.0521912 0)
(1.69003 0.0412879 0)
(1.69169 0.0214332 0)
(1.68357 -0.00515717 0)
(1.67822 -0.0250252 0)
(1.6823 -0.0306277 0)
(1.69219 -0.0367458 0)
(1.70379 -0.0432537 0)
(1.70945 -0.0495755 0)
(1.71546 -0.0581308 0)
(1.72006 -0.0715433 0)
(1.71991 -0.0885667 0)
(1.71123 -0.108545 0)
(1.70693 -0.11373 0)
(1.69297 -0.111491 0)
(1.66979 -0.104827 0)
(1.64109 -0.0845687 0)
(1.61918 -0.0642123 0)
(1.60764 -0.0540986 0)
(1.59802 -0.051251 0)
(1.59192 -0.0487471 0)
(1.5871 -0.0465238 0)
(1.58294 -0.0438022 0)
(1.58053 -0.040486 0)
(1.58008 -0.0374031 0)
(1.58006 -0.0357189 0)
(1.57896 -0.0350548 0)
(1.57725 -0.0341844 0)
(1.5754 -0.0328722 0)
(1.57391 -0.0314133 0)
(1.57191 -0.0308386 0)
(1.56941 -0.0309369 0)
(1.56708 -0.0312777 0)
(1.56494 -0.0315684 0)
(1.56302 -0.0316554 0)
(1.56157 -0.0312914 0)
(1.56121 -0.0299483 0)
(1.56185 -0.0276737 0)
(1.5609 -0.0265934 0)
(1.55901 -0.0265235 0)
(1.5571 -0.0265414 0)
(1.55506 -0.0265781 0)
(1.55321 -0.0264978 0)
(1.55166 -0.02624 0)
(1.5504 -0.0254853 0)
(1.55001 -0.0239366 0)
(1.55039 -0.0218119 0)
(1.5494 -0.0208631 0)
(1.54796 -0.0206489 0)
(1.54654 -0.0203934 0)
(1.54516 -0.0198812 0)
(1.54399 -0.0189878 0)
(1.54329 -0.0175181 0)
(1.54351 -0.015003 0)
(1.5448 -0.0115487 0)
(1.54547 -0.00908859 0)
(1.54474 -0.00834964 0)
(1.54383 -0.00808615 0)
(1.54272 -0.00780103 0)
(1.54137 -0.00759565 0)
(1.53988 -0.00745256 0)
(1.53818 -0.00737445 0)
(1.53624 -0.00750094 0)
(1.53449 -0.00774476 0)
(1.53345 -0.00754657 0)
(1.53275 -0.00679618 0)
(1.53227 -0.0054047 0)
(1.53246 -0.00340164 0)
(1.53346 -0.000850687 0)
(1.53408 0.000988239 0)
(1.53371 0.00158231 0)
(1.53318 0.00196661 0)
(1.53243 0.00231666 0)
(1.53145 0.00247414 0)
(1.53035 0.0026068 0)
(1.5291 0.00280689 0)
(1.52782 0.00305036 0)
(1.52705 0.0032773 0)
(1.5268 0.00341474 0)
(1.52648 0.00350481 0)
(1.52613 0.00359186 0)
(1.52572 0.00369798 0)
(1.52514 0.00383038 0)
(1.52445 0.00404337 0)
(1.52368 0.00449766 0)
(1.52299 0.005137 0)
(1.52272 0.00554888 0)
(1.52252 0.00590073 0)
(1.52249 0.00630402 0)
(1.52253 0.00671466 0)
(1.5224 0.00694852 0)
(1.52221 0.0071057 0)
(1.52197 0.00724443 0)
(1.52157 0.00730064 0)
(1.52067 0.0071025 0)
(1.51845 0.00632895 0)
(1.5147 0.00488577 0)
(1.51211 0.00403937 0)
(1.51166 0.0040041 0)
(1.51157 0.00412896 0)
(1.51166 0.00441217 0)
(1.51233 0.00503358 0)
(1.51407 0.0062973 0)
(1.5159 0.00762675 0)
(1.51622 0.0080884 0)
(1.51608 0.00819982 0)
(1.51577 0.00831923 0)
(1.5149 0.00811439 0)
(1.51243 0.0069167 0)
(1.50721 0.0039195 0)
(1.50172 0.000834767 0)
(1.50008 2.99578e-05 0)
(1.5 7.71072e-08 0)
(1.5 6.05742e-12 0)
(1.5 2.75394e-16 0)
(1.5 5.49171e-16 0)
(1.5 2.22871e-16 0)
(1.5 -2.20009e-16 0)
(1.5 -2.83452e-16 0)
(1.5 1.03701e-18 0)
(1.5 9.17627e-17 0)
(1.5 2.86081e-16 0)
(1.5 3.52956e-16 0)
(1.5 6.81497e-16 0)
(1.5 7.33972e-16 0)
(1.5 1.08855e-15 0)
(1.5 7.54193e-16 0)
(1.5 4.55082e-16 0)
(1.5 3.11345e-16 0)
(1.5 4.09511e-16 0)
(1.5 6.58679e-16 0)
(1.5 8.10106e-16 0)
(1.5 7.3042e-16 0)
(1.5 3.12588e-16 0)
(1.5 1.12147e-16 0)
(1.5 3.87632e-16 0)
(1.5 7.7257e-16 0)
(1.5 1.0714e-15 0)
(1.5 8.78233e-16 0)
(1.5 5.66048e-16 0)
(1.5 6.43747e-17 0)
(1.5 2.03887e-16 0)
(1.5 7.00449e-17 0)
(1.5 2.68433e-16 0)
(1.5 3.59575e-16 0)
(1.5 -1.30867e-16 0)
(1.5 -7.70235e-17 0)
(1.5 3.84476e-16 0)
(1.5 8.57114e-16 0)
(1.5 7.83301e-16 0)
(1.5 2.75123e-16 0)
(1.5 3.6794e-16 0)
(1.07428 0.461228 0)
(1.09321 0.458015 0)
(1.11182 0.454415 0)
(1.12938 0.452279 0)
(1.14782 0.450699 0)
(1.1678 0.448179 0)
(1.18811 0.443813 0)
(1.20768 0.438883 0)
(1.22632 0.433377 0)
(1.24366 0.425523 0)
(1.26005 0.415483 0)
(1.2792 0.406128 0)
(1.30142 0.395884 0)
(1.32069 0.386627 0)
(1.33743 0.379679 0)
(1.35766 0.372619 0)
(1.37793 0.364108 0)
(1.39511 0.357703 0)
(1.41212 0.348781 0)
(1.43068 0.336396 0)
(1.44896 0.322955 0)
(1.46565 0.308882 0)
(1.4783 0.293039 0)
(1.48667 0.274551 0)
(1.49445 0.255636 0)
(1.5074 0.240486 0)
(1.52467 0.233933 0)
(1.5426 0.227891 0)
(1.56011 0.220367 0)
(1.57531 0.211038 0)
(1.58804 0.19992 0)
(1.59828 0.184125 0)
(1.60329 0.159711 0)
(1.60183 0.133609 0)
(1.60392 0.114471 0)
(1.61283 0.108897 0)
(1.62612 0.102573 0)
(1.6428 0.0946465 0)
(1.65777 0.0870599 0)
(1.66832 0.0784181 0)
(1.67465 0.0683136 0)
(1.67581 0.0501412 0)
(1.67008 0.0230645 0)
(1.66533 0.00145907 0)
(1.66951 -0.00513945 0)
(1.67777 -0.0108451 0)
(1.68952 -0.0175064 0)
(1.6967 -0.0241288 0)
(1.70203 -0.03173 0)
(1.70583 -0.0413046 0)
(1.70441 -0.056586 0)
(1.70256 -0.0777892 0)
(1.70252 -0.0900026 0)
(1.70223 -0.0967338 0)
(1.69777 -0.100071 0)
(1.6823 -0.0965005 0)
(1.65939 -0.0871474 0)
(1.63489 -0.0718729 0)
(1.61622 -0.0612304 0)
(1.60403 -0.0563532 0)
(1.59628 -0.0524481 0)
(1.59105 -0.0484363 0)
(1.58738 -0.0444377 0)
(1.58489 -0.0408235 0)
(1.58315 -0.0382376 0)
(1.58195 -0.0365942 0)
(1.58112 -0.0349484 0)
(1.58012 -0.0329517 0)
(1.57849 -0.0310432 0)
(1.57584 -0.0303843 0)
(1.57303 -0.030403 0)
(1.57035 -0.0306799 0)
(1.56788 -0.0309185 0)
(1.56558 -0.0310619 0)
(1.56379 -0.0308454 0)
(1.56324 -0.0296826 0)
(1.56425 -0.0271893 0)
(1.5639 -0.0255082 0)
(1.56199 -0.0252776 0)
(1.55998 -0.0252041 0)
(1.55779 -0.0252827 0)
(1.55582 -0.02537 0)
(1.55397 -0.0252424 0)
(1.5524 -0.0247043 0)
(1.5517 -0.023352 0)
(1.55212 -0.0209053 0)
(1.55154 -0.0192683 0)
(1.55012 -0.018892 0)
(1.54862 -0.0184188 0)
(1.54718 -0.0178826 0)
(1.54599 -0.0171866 0)
(1.54529 -0.0160254 0)
(1.54556 -0.0138464 0)
(1.54675 -0.0106672 0)
(1.54711 -0.00843112 0)
(1.54625 -0.00785882 0)
(1.54521 -0.00767378 0)
(1.54397 -0.00745184 0)
(1.54272 -0.00720388 0)
(1.54149 -0.00704129 0)
(1.54009 -0.00696432 0)
(1.53832 -0.00685493 0)
(1.53636 -0.00652023 0)
(1.53481 -0.00588689 0)
(1.53405 -0.00526849 0)
(1.53359 -0.0041898 0)
(1.53384 -0.00248293 0)
(1.53472 -0.000144222 0)
(1.5352 0.00163342 0)
(1.5348 0.00221706 0)
(1.53425 0.00249217 0)
(1.53348 0.00275797 0)
(1.53251 0.00290875 0)
(1.53149 0.00304068 0)
(1.53033 0.00316908 0)
(1.52898 0.00316739 0)
(1.52782 0.00322914 0)
(1.52717 0.00358973 0)
(1.52683 0.00393693 0)
(1.52652 0.00422987 0)
(1.52618 0.00449105 0)
(1.52579 0.0047199 0)
(1.52535 0.00495111 0)
(1.52482 0.00523849 0)
(1.52417 0.00558853 0)
(1.52336 0.00605377 0)
(1.52295 0.00642375 0)
(1.52277 0.00666602 0)
(1.52271 0.00697853 0)
(1.52271 0.00730526 0)
(1.52257 0.007509 0)
(1.52238 0.00765484 0)
(1.52209 0.00777674 0)
(1.52153 0.00776857 0)
(1.52011 0.00736697 0)
(1.51704 0.00613422 0)
(1.51336 0.00471502 0)
(1.51194 0.00437186 0)
(1.51179 0.00445327 0)
(1.51175 0.00464528 0)
(1.5121 0.0050682 0)
(1.51337 0.00605766 0)
(1.51552 0.00759886 0)
(1.51656 0.00850628 0)
(1.5165 0.00868321 0)
(1.5163 0.00881408 0)
(1.51572 0.00876561 0)
(1.51402 0.00804614 0)
(1.50982 0.00561815 0)
(1.5036 0.0019095 0)
(1.50034 0.00015111 0)
(1.5 1.18987e-06 0)
(1.5 3.95762e-10 0)
(1.5 5.69112e-15 0)
(1.5 8.7619e-16 0)
(1.5 1.07674e-15 0)
(1.5 8.23499e-16 0)
(1.5 3.02883e-16 0)
(1.5 -3.14519e-17 0)
(1.5 4.01774e-17 0)
(1.5 3.12966e-16 0)
(1.5 3.32343e-16 0)
(1.5 1.13912e-16 0)
(1.5 4.97981e-16 0)
(1.5 7.65428e-16 0)
(1.5 1.25488e-15 0)
(1.5 1.32409e-15 0)
(1.5 1.05618e-15 0)
(1.5 6.48899e-16 0)
(1.5 7.05953e-16 0)
(1.5 1.07195e-15 0)
(1.5 9.13412e-16 0)
(1.5 9.81926e-16 0)
(1.5 7.48363e-16 0)
(1.5 4.98134e-16 0)
(1.5 8.60873e-16 0)
(1.5 1.1407e-15 0)
(1.5 1.22406e-15 0)
(1.5 8.77782e-16 0)
(1.5 8.98444e-16 0)
(1.5 4.21525e-16 0)
(1.5 2.94568e-16 0)
(1.5 3.21546e-16 0)
(1.5 3.74362e-16 0)
(1.5 2.32764e-16 0)
(1.5 1.26497e-16 0)
(1.5 2.47177e-16 0)
(1.5 4.33169e-16 0)
(1.5 1.01963e-15 0)
(1.5 9.43986e-16 0)
(1.5 6.17686e-16 0)
(1.5 5.30849e-16 0)
(1.07528 0.460415 0)
(1.09438 0.458418 0)
(1.1134 0.454945 0)
(1.13042 0.45257 0)
(1.14681 0.451007 0)
(1.16443 0.448681 0)
(1.18353 0.444385 0)
(1.20322 0.438266 0)
(1.22185 0.431486 0)
(1.23887 0.423587 0)
(1.2549 0.414885 0)
(1.27249 0.407426 0)
(1.29313 0.401059 0)
(1.31462 0.392905 0)
(1.33331 0.38785 0)
(1.35208 0.382128 0)
(1.37005 0.372664 0)
(1.38522 0.363666 0)
(1.40154 0.351575 0)
(1.4205 0.336751 0)
(1.43743 0.323321 0)
(1.4514 0.310702 0)
(1.46209 0.295378 0)
(1.47088 0.27731 0)
(1.48412 0.263454 0)
(1.50153 0.25757 0)
(1.51938 0.251395 0)
(1.53675 0.243256 0)
(1.55244 0.233638 0)
(1.56532 0.221644 0)
(1.57468 0.20571 0)
(1.58006 0.184618 0)
(1.58096 0.159514 0)
(1.58563 0.13828 0)
(1.59573 0.133176 0)
(1.60816 0.129415 0)
(1.62524 0.123496 0)
(1.63704 0.116553 0)
(1.64937 0.106546 0)
(1.65846 0.0932069 0)
(1.66101 0.0745734 0)
(1.65526 0.0514621 0)
(1.65041 0.027496 0)
(1.65679 0.019443 0)
(1.66379 0.0164112 0)
(1.6758 0.00912011 0)
(1.68366 0.000340789 0)
(1.68982 -0.00753567 0)
(1.6939 -0.0180117 0)
(1.69319 -0.0289528 0)
(1.69127 -0.0479326 0)
(1.69026 -0.0644594 0)
(1.6962 -0.07034 0)
(1.6983 -0.0753272 0)
(1.69512 -0.0838917 0)
(1.68712 -0.0858627 0)
(1.66933 -0.0833474 0)
(1.64708 -0.0753487 0)
(1.62687 -0.0666682 0)
(1.61201 -0.0601622 0)
(1.60227 -0.05443 0)
(1.59604 -0.0493302 0)
(1.59187 -0.0450536 0)
(1.58872 -0.0417254 0)
(1.58621 -0.0391582 0)
(1.58471 -0.0366838 0)
(1.58447 -0.0337752 0)
(1.58353 -0.0310048 0)
(1.5805 -0.0301559 0)
(1.57733 -0.0300626 0)
(1.57414 -0.030125 0)
(1.57103 -0.0303006 0)
(1.56844 -0.0302694 0)
(1.56619 -0.0300013 0)
(1.56504 -0.0292879 0)
(1.56603 -0.0272526 0)
(1.56695 -0.0249611 0)
(1.56524 -0.024367 0)
(1.56325 -0.0242289 0)
(1.56089 -0.0241136 0)
(1.55835 -0.0237989 0)
(1.55631 -0.0234637 0)
(1.55457 -0.0230945 0)
(1.55348 -0.0222884 0)
(1.55385 -0.0204763 0)
(1.5542 -0.0185866 0)
(1.55287 -0.0180219 0)
(1.55138 -0.0174636 0)
(1.54993 -0.0168288 0)
(1.54863 -0.0161365 0)
(1.54771 -0.0150166 0)
(1.54767 -0.0129629 0)
(1.54873 -0.00997502 0)
(1.54914 -0.00785022 0)
(1.54821 -0.00728967 0)
(1.54716 -0.00707303 0)
(1.54577 -0.00681804 0)
(1.54423 -0.00658286 0)
(1.54284 -0.00646784 0)
(1.54148 -0.00640231 0)
(1.54 -0.00640698 0)
(1.53841 -0.00641682 0)
(1.53711 -0.00610504 0)
(1.53629 -0.00521819 0)
(1.53563 -0.00359735 0)
(1.53558 -0.00146239 0)
(1.53612 0.000938599 0)
(1.53634 0.002517 0)
(1.5359 0.00298799 0)
(1.53537 0.00318773 0)
(1.53449 0.0033107 0)
(1.53341 0.00336076 0)
(1.53243 0.00339263 0)
(1.53139 0.00340236 0)
(1.53013 0.00341355 0)
(1.52873 0.00347345 0)
(1.52778 0.00361812 0)
(1.52742 0.00381183 0)
(1.52714 0.00403137 0)
(1.52694 0.00434289 0)
(1.52675 0.00484276 0)
(1.52641 0.00543676 0)
(1.52596 0.00597406 0)
(1.52543 0.00641745 0)
(1.52465 0.00669362 0)
(1.52373 0.00681511 0)
(1.52329 0.00694755 0)
(1.52311 0.00707715 0)
(1.52302 0.0073551 0)
(1.52302 0.00770987 0)
(1.52285 0.00794173 0)
(1.52263 0.00809757 0)
(1.52224 0.00821029 0)
(1.52137 0.00810124 0)
(1.51918 0.00734076 0)
(1.51536 0.00575222 0)
(1.51262 0.00473435 0)
(1.51211 0.00466593 0)
(1.51201 0.0048138 0)
(1.51211 0.00515711 0)
(1.51289 0.00591258 0)
(1.51483 0.00738561 0)
(1.51668 0.00879521 0)
(1.51692 0.00921174 0)
(1.51676 0.00931784 0)
(1.51638 0.00937484 0)
(1.51522 0.00898025 0)
(1.51204 0.00718503 0)
(1.50601 0.00342641 0)
(1.50103 0.000510471 0)
(1.50003 1.03526e-05 0)
(1.5 1.20928e-08 0)
(1.5 3.47694e-13 0)
(1.5 1.08378e-15 0)
(1.5 1.15242e-15 0)
(1.5 1.25148e-15 0)
(1.5 1.32688e-15 0)
(1.5 1.00812e-15 0)
(1.5 3.6596e-16 0)
(1.5 4.68668e-16 0)
(1.5 4.63629e-16 0)
(1.5 1.31671e-16 0)
(1.5 -6.71783e-17 0)
(1.5 -1.52685e-16 0)
(1.5 1.51465e-17 0)
(1.5 3.39503e-16 0)
(1.5 8.09203e-16 0)
(1.5 5.57063e-16 0)
(1.5 6.51926e-16 0)
(1.5 5.80854e-16 0)
(1.5 6.20279e-16 0)
(1.5 4.97724e-16 0)
(1.5 9.26147e-16 0)
(1.5 1.13129e-15 0)
(1.5 9.99696e-16 0)
(1.5 1.29134e-15 0)
(1.5 9.92497e-16 0)
(1.5 9.66853e-16 0)
(1.5 6.45068e-16 0)
(1.5 7.10426e-16 0)
(1.5 8.97598e-16 0)
(1.5 7.02859e-16 0)
(1.5 7.32703e-16 0)
(1.5 7.48986e-16 0)
(1.5 6.9792e-16 0)
(1.5 6.9074e-16 0)
(1.5 3.84892e-16 0)
(1.5 5.91835e-16 0)
(1.5 4.2953e-16 0)
(1.5 6.28788e-16 0)
(1.5 7.2781e-16 0)
(1.5 6.5142e-16 0)
(1.07777 0.459698 0)
(1.09697 0.456624 0)
(1.11465 0.454035 0)
(1.13009 0.452708 0)
(1.1449 0.451068 0)
(1.16136 0.448311 0)
(1.18006 0.44378 0)
(1.2 0.436883 0)
(1.21858 0.429663 0)
(1.23459 0.42357 0)
(1.24983 0.417869 0)
(1.26707 0.412858 0)
(1.2876 0.407932 0)
(1.30992 0.399916 0)
(1.32879 0.393669 0)
(1.34527 0.38666 0)
(1.36176 0.374401 0)
(1.37685 0.362112 0)
(1.39202 0.350419 0)
(1.40825 0.337937 0)
(1.42404 0.326022 0)
(1.43809 0.31338 0)
(1.44966 0.2975 0)
(1.46321 0.284906 0)
(1.479 0.279822 0)
(1.49496 0.274883 0)
(1.51164 0.266314 0)
(1.52763 0.254896 0)
(1.54141 0.241957 0)
(1.55168 0.225952 0)
(1.55789 0.205634 0)
(1.56035 0.184268 0)
(1.56544 0.16513 0)
(1.57675 0.158733 0)
(1.59083 0.154582 0)
(1.60765 0.149374 0)
(1.61985 0.142514 0)
(1.62927 0.134332 0)
(1.63813 0.119864 0)
(1.64276 0.0972978 0)
(1.64137 0.074411 0)
(1.63747 0.0548695 0)
(1.64128 0.046036 0)
(1.64997 0.0413367 0)
(1.66107 0.0344323 0)
(1.67093 0.0247832 0)
(1.67574 0.0171482 0)
(1.67946 0.0104658 0)
(1.68377 -0.00576339 0)
(1.68086 -0.023878 0)
(1.67896 -0.0372762 0)
(1.68352 -0.0433147 0)
(1.68729 -0.0488641 0)
(1.69397 -0.0566056 0)
(1.69035 -0.0655303 0)
(1.68636 -0.07592 0)
(1.67472 -0.0766928 0)
(1.65532 -0.0727093 0)
(1.63545 -0.0681897 0)
(1.61934 -0.0624209 0)
(1.60811 -0.0553703 0)
(1.60111 -0.0489035 0)
(1.59628 -0.0445932 0)
(1.59233 -0.0419636 0)
(1.5897 -0.0393139 0)
(1.58912 -0.0356221 0)
(1.58892 -0.031438 0)
(1.5859 -0.029907 0)
(1.58241 -0.0296527 0)
(1.57876 -0.0294767 0)
(1.57504 -0.0297774 0)
(1.57211 -0.0299867 0)
(1.56942 -0.0300348 0)
(1.56764 -0.0296206 0)
(1.56779 -0.0275579 0)
(1.56908 -0.0242705 0)
(1.56781 -0.0230493 0)
(1.56586 -0.0228623 0)
(1.5636 -0.022636 0)
(1.5615 -0.0225898 0)
(1.55949 -0.0226368 0)
(1.55757 -0.022539 0)
(1.55608 -0.0218538 0)
(1.55572 -0.0199904 0)
(1.55603 -0.0174199 0)
(1.55494 -0.0162746 0)
(1.55359 -0.0158524 0)
(1.55222 -0.0153364 0)
(1.55094 -0.0146383 0)
(1.54996 -0.0136264 0)
(1.54972 -0.0117925 0)
(1.55046 -0.00894863 0)
(1.55063 -0.00682927 0)
(1.54968 -0.00632826 0)
(1.54859 -0.00610894 0)
(1.54726 -0.00588899 0)
(1.54599 -0.00580246 0)
(1.54475 -0.00581047 0)
(1.54335 -0.0056459 0)
(1.54164 -0.00532269 0)
(1.53998 -0.00500795 0)
(1.53885 -0.00451009 0)
(1.53795 -0.00353522 0)
(1.53743 -0.00197747 0)
(1.53746 4.00909e-05 0)
(1.53774 0.00208668 0)
(1.53749 0.00320376 0)
(1.53697 0.00349653 0)
(1.53633 0.00366681 0)
(1.53534 0.00378212 0)
(1.53441 0.00388532 0)
(1.53357 0.00394463 0)
(1.53264 0.00400127 0)
(1.53152 0.00395964 0)
(1.53012 0.00385612 0)
(1.52867 0.00394511 0)
(1.52776 0.00431108 0)
(1.52739 0.0046761 0)
(1.52716 0.00501829 0)
(1.52709 0.00551758 0)
(1.52716 0.0062927 0)
(1.52693 0.0069855 0)
(1.52647 0.00739582 0)
(1.52582 0.00763392 0)
(1.52473 0.0076046 0)
(1.52364 0.00756773 0)
(1.52331 0.00766032 0)
(1.52314 0.0078019 0)
(1.52313 0.00808976 0)
(1.52316 0.00845022 0)
(1.52301 0.00863291 0)
(1.52278 0.00874644 0)
(1.52225 0.00873434 0)
(1.52086 0.00831437 0)
(1.51773 0.00701637 0)
(1.5139 0.00549932 0)
(1.5124 0.00514086 0)
(1.51223 0.00523609 0)
(1.51221 0.00547521 0)
(1.51264 0.00599122 0)
(1.51412 0.00718328 0)
(1.5164 0.0088813 0)
(1.51731 0.00972791 0)
(1.5172 0.00986521 0)
(1.51695 0.00997277 0)
(1.51616 0.00977935 0)
(1.51381 0.00854643 0)
(1.50854 0.00516818 0)
(1.50233 0.00126108 0)
(1.50013 5.62911e-05 0)
(1.5 1.94393e-07 0)
(1.5 2.17756e-11 0)
(1.5 3.98188e-17 0)
(1.5 2.22024e-16 0)
(1.5 4.709e-16 0)
(1.5 7.57913e-16 0)
(1.5 9.71922e-16 0)
(1.5 1.12579e-15 0)
(1.5 5.57115e-16 0)
(1.5 -8.01511e-18 0)
(1.5 -4.99604e-20 0)
(1.5 -1.93026e-16 0)
(1.5 -1.65565e-17 0)
(1.5 -1.39533e-16 0)
(1.5 -1.59427e-16 0)
(1.5 -3.30626e-16 0)
(1.5 1.24497e-16 0)
(1.5 1.64745e-16 0)
(1.5 3.88568e-16 0)
(1.5 8.44391e-16 0)
(1.5 5.52834e-16 0)
(1.5 7.29773e-16 0)
(1.5 9.66705e-16 0)
(1.5 1.32824e-15 0)
(1.5 1.47317e-15 0)
(1.5 1.09696e-15 0)
(1.5 6.29063e-16 0)
(1.5 2.88104e-16 0)
(1.5 3.23975e-16 0)
(1.5 3.99837e-16 0)
(1.5 8.81552e-16 0)
(1.5 8.51772e-16 0)
(1.5 5.0656e-16 0)
(1.5 3.38738e-16 0)
(1.5 2.74826e-16 0)
(1.5 3.05791e-16 0)
(1.5 -4.02059e-17 0)
(1.5 1.64529e-16 0)
(1.5 9.362e-17 0)
(1.5 2.60019e-16 0)
(1.5 8.10804e-16 0)
(1.5 8.5641e-16 0)
(1.08012 0.457466 0)
(1.09787 0.454828 0)
(1.11314 0.454436 0)
(1.12766 0.454048 0)
(1.14238 0.451879 0)
(1.159 0.447711 0)
(1.17808 0.441955 0)
(1.19775 0.435504 0)
(1.21487 0.430739 0)
(1.23011 0.427131 0)
(1.2459 0.422992 0)
(1.26387 0.41772 0)
(1.2842 0.41099 0)
(1.30512 0.402333 0)
(1.32265 0.394945 0)
(1.33734 0.387218 0)
(1.35197 0.374811 0)
(1.36626 0.362852 0)
(1.38001 0.35242 0)
(1.39686 0.340548 0)
(1.41426 0.327803 0)
(1.42875 0.316523 0)
(1.44214 0.307324 0)
(1.45692 0.302019 0)
(1.47203 0.295951 0)
(1.48761 0.286021 0)
(1.5029 0.273629 0)
(1.51665 0.260518 0)
(1.52791 0.245604 0)
(1.53549 0.226642 0)
(1.53945 0.206584 0)
(1.54626 0.190254 0)
(1.55761 0.185389 0)
(1.57271 0.180866 0)
(1.589 0.174943 0)
(1.60179 0.167949 0)
(1.61176 0.157398 0)
(1.6184 0.14223 0)
(1.62155 0.121909 0)
(1.62204 0.0983833 0)
(1.62318 0.078396 0)
(1.62869 0.0709283 0)
(1.6375 0.0660629 0)
(1.64558 0.0590712 0)
(1.6551 0.0524408 0)
(1.6623 0.0431605 0)
(1.66834 0.0307994 0)
(1.67128 0.0182005 0)
(1.66963 0.00370023 0)
(1.66857 -0.010861 0)
(1.67028 -0.0186439 0)
(1.67765 -0.0251372 0)
(1.6815 -0.0330903 0)
(1.68578 -0.0404105 0)
(1.6866 -0.0495441 0)
(1.67889 -0.0603034 0)
(1.67408 -0.0678906 0)
(1.66139 -0.0685607 0)
(1.64358 -0.0648221 0)
(1.62724 -0.0600381 0)
(1.61458 -0.0539731 0)
(1.60569 -0.0481434 0)
(1.5994 -0.0438626 0)
(1.59513 -0.040633 0)
(1.59368 -0.0372739 0)
(1.59438 -0.0327723 0)
(1.59221 -0.0301467 0)
(1.58821 -0.0297195 0)
(1.58416 -0.0293905 0)
(1.57974 -0.0292353 0)
(1.57613 -0.0291176 0)
(1.57316 -0.0289152 0)
(1.57073 -0.0284375 0)
(1.57008 -0.0269696 0)
(1.57158 -0.024074 0)
(1.57107 -0.0225507 0)
(1.5689 -0.0224149 0)
(1.56667 -0.0221862 0)
(1.56413 -0.0216353 0)
(1.56178 -0.0208695 0)
(1.55977 -0.0202104 0)
(1.5581 -0.0196417 0)
(1.55751 -0.018632 0)
(1.55831 -0.0167782 0)
(1.55777 -0.0155176 0)
(1.55621 -0.0150477 0)
(1.55472 -0.0143722 0)
(1.55334 -0.0135091 0)
(1.55227 -0.0124542 0)
(1.55191 -0.0108421 0)
(1.55256 -0.00846854 0)
(1.55286 -0.00658511 0)
(1.55187 -0.00602371 0)
(1.55068 -0.00569689 0)
(1.54919 -0.00520093 0)
(1.54756 -0.00471435 0)
(1.54604 -0.00440214 0)
(1.54465 -0.00429507 0)
(1.54337 -0.00437061 0)
(1.5421 -0.00436527 0)
(1.54098 -0.0037812 0)
(1.54 -0.00231017 0)
(1.53946 -0.000273197 0)
(1.53934 0.00188373 0)
(1.53914 0.00347477 0)
(1.53864 0.00405494 0)
(1.5381 0.00414456 0)
(1.53727 0.00417719 0)
(1.53628 0.00424842 0)
(1.53537 0.00429841 0)
(1.53448 0.00438624 0)
(1.53356 0.00450236 0)
(1.53253 0.00454835 0)
(1.53125 0.00447481 0)
(1.52987 0.00425697 0)
(1.52883 0.00415165 0)
(1.52831 0.00441691 0)
(1.52795 0.00489028 0)
(1.52776 0.00562117 0)
(1.52784 0.00666111 0)
(1.52785 0.00767611 0)
(1.52752 0.00820503 0)
(1.52698 0.008507 0)
(1.52587 0.00842433 0)
(1.52443 0.0080334 0)
(1.5238 0.00791383 0)
(1.52361 0.00797896 0)
(1.52346 0.00819599 0)
(1.52352 0.0085926 0)
(1.52349 0.00898503 0)
(1.52329 0.0091705 0)
(1.52295 0.00934332 0)
(1.52208 0.00929468 0)
(1.51982 0.00845288 0)
(1.51589 0.00665718 0)
(1.5131 0.00558298 0)
(1.51259 0.00552719 0)
(1.51248 0.00570414 0)
(1.51264 0.00612302 0)
(1.51361 0.00706144 0)
(1.5158 0.00877959 0)
(1.51753 0.0101542 0)
(1.51763 0.0104738 0)
(1.51744 0.0105754 0)
(1.51691 0.010508 0)
(1.5152 0.00970855 0)
(1.51087 0.00691087 0)
(1.50417 0.00245242 0)
(1.50043 0.000209078 0)
(1.5 1.8245e-06 0)
(1.5 6.83024e-10 0)
(1.5 8.90872e-15 0)
(1.5 -1.26662e-17 0)
(1.5 2.70728e-16 0)
(1.5 6.8398e-16 0)
(1.5 9.40595e-16 0)
(1.5 5.81075e-16 0)
(1.5 4.40152e-16 0)
(1.5 2.54749e-16 0)
(1.5 2.52063e-16 0)
(1.5 2.29359e-16 0)
(1.5 8.14481e-17 0)
(1.5 2.69485e-16 0)
(1.5 2.92557e-16 0)
(1.5 1.66306e-16 0)
(1.5 -9.82398e-17 0)
(1.5 2.5098e-16 0)
(1.5 5.42928e-16 0)
(1.5 5.37253e-16 0)
(1.5 7.41538e-16 0)
(1.5 5.96894e-16 0)
(1.5 5.73104e-16 0)
(1.5 5.35465e-16 0)
(1.5 5.38221e-16 0)
(1.5 8.46332e-16 0)
(1.5 3.95673e-16 0)
(1.5 4.73171e-16 0)
(1.5 1.33634e-16 0)
(1.5 3.8684e-16 0)
(1.5 5.09608e-16 0)
(1.5 5.3044e-16 0)
(1.5 4.53842e-16 0)
(1.5 1.73813e-16 0)
(1.5 2.56668e-16 0)
(1.5 1.86956e-16 0)
(1.5 4.29236e-17 0)
(1.5 3.34973e-17 0)
(1.5 -2.4307e-16 0)
(1.5 1.40094e-16 0)
(1.5 4.22233e-16 0)
(1.5 8.27731e-16 0)
(1.5 6.73741e-16 0)
(1.08073 0.456951 0)
(1.09658 0.455378 0)
(1.11159 0.454313 0)
(1.12614 0.452911 0)
(1.14099 0.449861 0)
(1.15788 0.445897 0)
(1.17626 0.441657 0)
(1.19459 0.43728 0)
(1.21145 0.433838 0)
(1.2271 0.430632 0)
(1.24343 0.425184 0)
(1.26081 0.418545 0)
(1.27905 0.411875 0)
(1.298 0.403919 0)
(1.31523 0.395417 0)
(1.32858 0.387224 0)
(1.34262 0.375021 0)
(1.3575 0.363103 0)
(1.37191 0.352803 0)
(1.38909 0.34322 0)
(1.40572 0.33468 0)
(1.42086 0.328336 0)
(1.43627 0.32233 0)
(1.45138 0.313549 0)
(1.46536 0.302468 0)
(1.4784 0.290867 0)
(1.49126 0.278193 0)
(1.50318 0.263602 0)
(1.51229 0.246648 0)
(1.51845 0.228058 0)
(1.52725 0.212848 0)
(1.53925 0.208947 0)
(1.55498 0.205519 0)
(1.57073 0.199977 0)
(1.58271 0.192882 0)
(1.59299 0.181337 0)
(1.59926 0.162537 0)
(1.60194 0.14185 0)
(1.60238 0.122412 0)
(1.60442 0.103354 0)
(1.61303 0.0937892 0)
(1.6231 0.0905136 0)
(1.63328 0.0845104 0)
(1.63958 0.0797757 0)
(1.64831 0.0687693 0)
(1.6549 0.0536396 0)
(1.65705 0.0416068 0)
(1.65617 0.0294594 0)
(1.65628 0.0144111 0)
(1.66182 0.00460213 0)
(1.66592 -0.00166715 0)
(1.67015 -0.00783676 0)
(1.67403 -0.0165061 0)
(1.67534 -0.0242514 0)
(1.67846 -0.0357348 0)
(1.67611 -0.0474741 0)
(1.67085 -0.0570508 0)
(1.6623 -0.0589675 0)
(1.64906 -0.0577026 0)
(1.63445 -0.0556408 0)
(1.62095 -0.0518489 0)
(1.61055 -0.0476873 0)
(1.60365 -0.0439856 0)
(1.59984 -0.0399718 0)
(1.59937 -0.0343547 0)
(1.59848 -0.0297486 0)
(1.59407 -0.0287688 0)
(1.58987 -0.0285196 0)
(1.58547 -0.0285214 0)
(1.58083 -0.0285674 0)
(1.57761 -0.0284104 0)
(1.57473 -0.027922 0)
(1.57322 -0.0264677 0)
(1.57421 -0.0231826 0)
(1.57449 -0.0206275 0)
(1.5722 -0.0202961 0)
(1.56992 -0.0202912 0)
(1.56734 -0.0204248 0)
(1.56479 -0.0205245 0)
(1.56283 -0.02044 0)
(1.56111 -0.0200397 0)
(1.56011 -0.0187265 0)
(1.56051 -0.0161794 0)
(1.5605 -0.0139939 0)
(1.55894 -0.0133685 0)
(1.55734 -0.0129708 0)
(1.55581 -0.0122957 0)
(1.55459 -0.0113095 0)
(1.55401 -0.009806 0)
(1.55444 -0.00747371 0)
(1.55469 -0.00527749 0)
(1.5536 -0.00458116 0)
(1.55234 -0.00429377 0)
(1.55087 -0.00391844 0)
(1.54948 -0.00376329 0)
(1.54817 -0.00371521 0)
(1.54679 -0.00353837 0)
(1.54534 -0.00313481 0)
(1.54406 -0.00255766 0)
(1.54292 -0.00174421 0)
(1.54204 -0.000366725 0)
(1.54157 0.00152566 0)
(1.54112 0.00329988 0)
(1.54044 0.00421466 0)
(1.53975 0.00451109 0)
(1.5388 0.00465322 0)
(1.53803 0.0047492 0)
(1.53735 0.00481485 0)
(1.53662 0.00483418 0)
(1.53576 0.00483989 0)
(1.53481 0.00485612 0)
(1.53378 0.00493069 0)
(1.5326 0.00506639 0)
(1.5312 0.00519503 0)
(1.52976 0.00532326 0)
(1.52895 0.00560294 0)
(1.52856 0.00594766 0)
(1.52833 0.00652204 0)
(1.52843 0.00739885 0)
(1.52855 0.00836672 0)
(1.52828 0.00885301 0)
(1.52791 0.00903487 0)
(1.52701 0.00900005 0)
(1.52542 0.00867208 0)
(1.52434 0.00845748 0)
(1.52406 0.00848155 0)
(1.52382 0.00863964 0)
(1.52378 0.00895536 0)
(1.52391 0.00943226 0)
(1.52377 0.00972103 0)
(1.52353 0.00985333 0)
(1.523 0.00987154 0)
(1.52154 0.00940309 0)
(1.51817 0.00792903 0)
(1.51433 0.00630332 0)
(1.51299 0.00594545 0)
(1.51282 0.00607438 0)
(1.5128 0.00641257 0)
(1.51335 0.00712332 0)
(1.51513 0.00861567 0)
(1.51742 0.0104191 0)
(1.51805 0.0111137 0)
(1.5179 0.0112086 0)
(1.51753 0.0112274 0)
(1.5163 0.0107256 0)
(1.51286 0.00852747 0)
(1.50635 0.00399229 0)
(1.50106 0.0005733 0)
(1.50003 1.09614e-05 0)
(1.5 1.16821e-08 0)
(1.5 2.95554e-13 0)
(1.5 2.97326e-16 0)
(1.5 5.64948e-16 0)
(1.5 5.53478e-16 0)
(1.5 5.68943e-16 0)
(1.5 7.26746e-16 0)
(1.5 6.73386e-16 0)
(1.5 1.67072e-16 0)
(1.5 6.11443e-16 0)
(1.5 6.17414e-16 0)
(1.5 2.63605e-16 0)
(1.5 -1.97918e-16 0)
(1.5 -3.58044e-16 0)
(1.5 -1.3234e-16 0)
(1.5 1.04012e-16 0)
(1.5 7.41872e-17 0)
(1.5 3.01655e-16 0)
(1.5 9.12682e-16 0)
(1.5 6.67968e-16 0)
(1.5 5.32429e-16 0)
(1.5 4.75654e-16 0)
(1.5 1.3675e-16 0)
(1.5 -1.58806e-16 0)
(1.5 -9.90053e-17 0)
(1.5 -4.77043e-17 0)
(1.5 3.58062e-17 0)
(1.5 1.61202e-16 0)
(1.5 2.98832e-16 0)
(1.5 3.33712e-16 0)
(1.5 5.84337e-16 0)
(1.5 3.57257e-16 0)
(1.5 -4.18047e-16 0)
(1.5 -5.90797e-16 0)
(1.5 -2.30642e-16 0)
(1.5 -1.3037e-16 0)
(1.5 -4.83413e-16 0)
(1.5 -2.20445e-16 0)
(1.5 -1.81463e-17 0)
(1.5 -1.55105e-16 0)
(1.5 4.24835e-17 0)
(1.5 2.18055e-16 0)
(1.5 2.40525e-16 0)
(1.08161 0.456239 0)
(1.09591 0.455984 0)
(1.1106 0.454864 0)
(1.12504 0.452557 0)
(1.14021 0.449012 0)
(1.15727 0.445352 0)
(1.17504 0.441847 0)
(1.19275 0.438529 0)
(1.20922 0.43549 0)
(1.22423 0.431931 0)
(1.23959 0.425985 0)
(1.25594 0.419232 0)
(1.27325 0.412303 0)
(1.29203 0.403755 0)
(1.30889 0.394699 0)
(1.32125 0.38657 0)
(1.33367 0.376195 0)
(1.34915 0.366233 0)
(1.36427 0.358373 0)
(1.38158 0.352102 0)
(1.39932 0.345003 0)
(1.41617 0.337799 0)
(1.43107 0.329711 0)
(1.44313 0.319174 0)
(1.45426 0.307355 0)
(1.46653 0.294971 0)
(1.47882 0.281105 0)
(1.48916 0.264846 0)
(1.49783 0.247416 0)
(1.50873 0.235273 0)
(1.52123 0.232393 0)
(1.53733 0.228844 0)
(1.55217 0.223454 0)
(1.56455 0.215458 0)
(1.57423 0.202577 0)
(1.57962 0.183766 0)
(1.58176 0.162568 0)
(1.58294 0.14254 0)
(1.58798 0.125945 0)
(1.59635 0.118396 0)
(1.6069 0.115071 0)
(1.61731 0.111132 0)
(1.62745 0.10297 0)
(1.63373 0.0920866 0)
(1.63655 0.0808969 0)
(1.63759 0.0665809 0)
(1.64198 0.0511495 0)
(1.64667 0.0351728 0)
(1.65091 0.0257057 0)
(1.65402 0.0231695 0)
(1.65708 0.019882 0)
(1.66185 0.00997424 0)
(1.66655 -0.00343942 0)
(1.66865 -0.0151516 0)
(1.67019 -0.0255806 0)
(1.67076 -0.0339438 0)
(1.66894 -0.0416852 0)
(1.66025 -0.0459756 0)
(1.64877 -0.0478723 0)
(1.63611 -0.0467831 0)
(1.62325 -0.0457958 0)
(1.61387 -0.0437307 0)
(1.60807 -0.040276 0)
(1.60599 -0.0348281 0)
(1.60498 -0.028935 0)
(1.60049 -0.0271322 0)
(1.59567 -0.0270121 0)
(1.59055 -0.0272062 0)
(1.58597 -0.0275282 0)
(1.58239 -0.0275755 0)
(1.57901 -0.0270134 0)
(1.57681 -0.0254613 0)
(1.57717 -0.0220676 0)
(1.57783 -0.0185932 0)
(1.57558 -0.0178909 0)
(1.57306 -0.017902 0)
(1.56999 -0.0180074 0)
(1.56689 -0.0180797 0)
(1.56462 -0.0178774 0)
(1.56268 -0.0175057 0)
(1.56162 -0.0165774 0)
(1.56226 -0.0144263 0)
(1.56285 -0.0118723 0)
(1.56137 -0.0109893 0)
(1.55968 -0.0105703 0)
(1.55805 -0.0100043 0)
(1.55665 -0.00925011 0)
(1.55582 -0.00803925 0)
(1.55603 -0.00594273 0)
(1.55649 -0.00371931 0)
(1.55558 -0.0029736 0)
(1.55438 -0.00284874 0)
(1.55294 -0.00259751 0)
(1.55134 -0.0022446 0)
(1.54975 -0.00180274 0)
(1.54837 -0.00136332 0)
(1.54721 -0.000944631 0)
(1.54611 -0.000374019 0)
(1.5451 0.000607385 0)
(1.54431 0.00201768 0)
(1.54361 0.00356822 0)
(1.54272 0.0045695 0)
(1.54193 0.00481999 0)
(1.54069 0.00486753 0)
(1.53956 0.00499586 0)
(1.53879 0.00516529 0)
(1.53811 0.00535463 0)
(1.53737 0.00552276 0)
(1.53657 0.00564561 0)
(1.53577 0.00573061 0)
(1.53495 0.00577061 0)
(1.53401 0.00574409 0)
(1.53282 0.00555144 0)
(1.53142 0.00542173 0)
(1.53035 0.00576906 0)
(1.52981 0.00640726 0)
(1.52936 0.00723395 0)
(1.52919 0.00820459 0)
(1.52915 0.00914545 0)
(1.5289 0.00960946 0)
(1.52858 0.0097833 0)
(1.52781 0.0097247 0)
(1.52639 0.00934375 0)
(1.52495 0.0090706 0)
(1.52431 0.00918566 0)
(1.52408 0.00933621 0)
(1.52396 0.00956853 0)
(1.52412 0.00996912 0)
(1.52422 0.0103931 0)
(1.52402 0.0105416 0)
(1.52371 0.0106594 0)
(1.52279 0.0105145 0)
(1.52024 0.00945187 0)
(1.51616 0.00749732 0)
(1.51358 0.00660206 0)
(1.51314 0.00663639 0)
(1.51304 0.00687177 0)
(1.5133 0.00739515 0)
(1.51457 0.00856754 0)
(1.51699 0.0104954 0)
(1.51838 0.0117092 0)
(1.51834 0.0119075 0)
(1.51808 0.011958 0)
(1.5172 0.0116378 0)
(1.51448 0.00997268 0)
(1.50857 0.00570875 0)
(1.50211 0.0012385 0)
(1.5001 4.56338e-05 0)
(1.5 1.19712e-07 0)
(1.5 9.20572e-12 0)
(1.5 -2.31751e-16 0)
(1.5 -8.20524e-17 0)
(1.5 4.49797e-16 0)
(1.5 3.77885e-16 0)
(1.5 4.0074e-16 0)
(1.5 6.41929e-16 0)
(1.5 5.16093e-16 0)
(1.5 3.3992e-16 0)
(1.5 6.92447e-16 0)
(1.5 5.40702e-16 0)
(1.5 -1.59935e-16 0)
(1.5 -1.44526e-16 0)
(1.5 -2.18199e-16 0)
(1.5 -2.17069e-16 0)
(1.5 -6.79793e-17 0)
(1.5 2.97597e-16 0)
(1.5 2.38863e-16 0)
(1.5 6.37991e-16 0)
(1.5 8.30746e-16 0)
(1.5 6.12091e-16 0)
(1.5 3.92962e-16 0)
(1.5 1.96341e-16 0)
(1.5 3.17809e-16 0)
(1.5 3.73596e-16 0)
(1.5 -1.13163e-16 0)
(1.5 2.52826e-16 0)
(1.5 -5.5611e-18 0)
(1.5 -3.75278e-18 0)
(1.5 4.32071e-16 0)
(1.5 5.59836e-16 0)
(1.5 3.65936e-16 0)
(1.5 -1.38631e-16 0)
(1.5 -1.72235e-16 0)
(1.5 -6.56759e-16 0)
(1.5 -6.35046e-16 0)
(1.5 -6.48949e-16 0)
(1.5 -2.05173e-16 0)
(1.5 2.81928e-16 0)
(1.5 -3.00285e-17 0)
(1.5 -5.46864e-16 0)
(1.5 -1.62377e-16 0)
(1.5 6.06447e-17 0)
(1.08267 0.455618 0)
(1.09603 0.455483 0)
(1.11061 0.455194 0)
(1.12504 0.452552 0)
(1.14064 0.448364 0)
(1.15744 0.444771 0)
(1.17349 0.442602 0)
(1.18946 0.440757 0)
(1.20551 0.437513 0)
(1.22034 0.432333 0)
(1.23555 0.425048 0)
(1.25212 0.417823 0)
(1.26858 0.411657 0)
(1.28577 0.404753 0)
(1.30169 0.396741 0)
(1.31385 0.38914 0)
(1.32576 0.380198 0)
(1.34241 0.372361 0)
(1.35958 0.364955 0)
(1.37752 0.358147 0)
(1.39441 0.350531 0)
(1.40852 0.34413 0)
(1.42034 0.335671 0)
(1.43213 0.322792 0)
(1.44454 0.309023 0)
(1.45659 0.296445 0)
(1.46709 0.282823 0)
(1.47681 0.26713 0)
(1.48952 0.257185 0)
(1.50359 0.254854 0)
(1.51959 0.251026 0)
(1.53359 0.244822 0)
(1.54552 0.236132 0)
(1.55492 0.222718 0)
(1.56048 0.203631 0)
(1.56251 0.183137 0)
(1.56419 0.163424 0)
(1.5702 0.147801 0)
(1.57958 0.14248 0)
(1.59181 0.139357 0)
(1.60306 0.134125 0)
(1.61187 0.128326 0)
(1.61853 0.117995 0)
(1.61974 0.103746 0)
(1.62108 0.0861222 0)
(1.62787 0.0686393 0)
(1.63202 0.0592704 0)
(1.63718 0.0531985 0)
(1.64368 0.0478293 0)
(1.64942 0.0399102 0)
(1.65295 0.0303442 0)
(1.65378 0.0205281 0)
(1.65499 0.0098605 0)
(1.65775 -0.000202804 0)
(1.66206 -0.00959274 0)
(1.66499 -0.017882 0)
(1.66593 -0.0274693 0)
(1.65983 -0.0345939 0)
(1.64724 -0.0397385 0)
(1.63835 -0.0412051 0)
(1.62658 -0.0402371 0)
(1.61737 -0.0377372 0)
(1.61289 -0.0332722 0)
(1.61235 -0.0276153 0)
(1.60843 -0.0251931 0)
(1.60283 -0.0251099 0)
(1.59739 -0.0253109 0)
(1.59099 -0.0251384 0)
(1.58615 -0.0244934 0)
(1.5824 -0.0238306 0)
(1.57974 -0.022817 0)
(1.57981 -0.0202847 0)
(1.58155 -0.0166656 0)
(1.5798 -0.0155148 0)
(1.57706 -0.0155957 0)
(1.57409 -0.015917 0)
(1.5704 -0.0162608 0)
(1.56782 -0.0163429 0)
(1.56559 -0.0161362 0)
(1.56399 -0.0154626 0)
(1.56409 -0.0134858 0)
(1.56548 -0.0105728 0)
(1.5646 -0.00922601 0)
(1.56285 -0.00885628 0)
(1.56111 -0.00840081 0)
(1.55948 -0.0076831 0)
(1.55829 -0.0065538 0)
(1.55802 -0.00465497 0)
(1.55848 -0.00231901 0)
(1.55772 -0.00120913 0)
(1.55647 -0.000982485 0)
(1.55493 -0.000637474 0)
(1.55325 -0.00037836 0)
(1.55183 -0.000157846 0)
(1.55058 0.00018751 0)
(1.54941 0.000815586 0)
(1.54836 0.00179221 0)
(1.54747 0.00304221 0)
(1.54664 0.0043611 0)
(1.54563 0.00535424 0)
(1.54464 0.00575923 0)
(1.54336 0.00577364 0)
(1.54149 0.00552795 0)
(1.5403 0.00538676 0)
(1.53973 0.0053928 0)
(1.53911 0.00548799 0)
(1.53842 0.00568945 0)
(1.53763 0.00596185 0)
(1.53678 0.00626174 0)
(1.53585 0.00658449 0)
(1.53483 0.00686673 0)
(1.53371 0.0070219 0)
(1.53245 0.00710082 0)
(1.53153 0.00731025 0)
(1.53093 0.00782063 0)
(1.53043 0.00857781 0)
(1.53011 0.00930123 0)
(1.52983 0.00986097 0)
(1.52951 0.0100773 0)
(1.52911 0.0101648 0)
(1.52839 0.0101487 0)
(1.52717 0.00996397 0)
(1.52572 0.00959609 0)
(1.52495 0.0093777 0)
(1.5247 0.00947387 0)
(1.52447 0.00977577 0)
(1.52448 0.0102664 0)
(1.52468 0.0109129 0)
(1.52456 0.0112368 0)
(1.52431 0.0113495 0)
(1.52371 0.0112876 0)
(1.52195 0.0105927 0)
(1.51825 0.00876198 0)
(1.51469 0.00715584 0)
(1.51369 0.00688051 0)
(1.51351 0.00709017 0)
(1.51354 0.00759117 0)
(1.51431 0.0085992 0)
(1.51641 0.0104641 0)
(1.51849 0.0122154 0)
(1.51876 0.0126599 0)
(1.51857 0.0127146 0)
(1.51793 0.0125102 0)
(1.51579 0.0112686 0)
(1.51063 0.00744668 0)
(1.50352 0.00222517 0)
(1.50027 0.000140847 0)
(1.5 7.96726e-07 0)
(1.5 1.65844e-10 0)
(1.5 1.71522e-15 0)
(1.5 -2.29938e-16 0)
(1.5 -3.06824e-17 0)
(1.5 2.85646e-16 0)
(1.5 3.94384e-16 0)
(1.5 6.61047e-16 0)
(1.5 5.38353e-17 0)
(1.5 -6.36614e-17 0)
(1.5 2.01345e-16 0)
(1.5 1.17987e-16 0)
(1.5 9.56347e-17 0)
(1.5 2.91215e-16 0)
(1.5 5.60564e-16 0)
(1.5 5.41118e-16 0)
(1.5 2.46572e-16 0)
(1.5 3.52127e-17 0)
(1.5 4.43871e-16 0)
(1.5 6.66488e-16 0)
(1.5 4.59974e-16 0)
(1.5 6.03792e-16 0)
(1.5 5.04375e-16 0)
(1.5 1.83061e-16 0)
(1.5 -2.32705e-17 0)
(1.5 2.86415e-16 0)
(1.5 2.16299e-16 0)
(1.5 -1.84975e-16 0)
(1.5 -3.21188e-16 0)
(1.5 1.09171e-16 0)
(1.5 -1.3373e-16 0)
(1.5 3.72741e-16 0)
(1.5 3.62562e-16 0)
(1.5 -2.87064e-16 0)
(1.5 -3.56119e-16 0)
(1.5 -2.59459e-17 0)
(1.5 -5.91248e-16 0)
(1.5 -1.50232e-16 0)
(1.5 3.61763e-16 0)
(1.5 2.93306e-16 0)
(1.5 3.91436e-16 0)
(1.5 2.59111e-16 0)
(1.5 -6.17892e-17 0)
(1.5 1.32705e-16 0)
(1.5 2.69056e-16 0)
(1.08065 0.458021 0)
(1.095 0.457132 0)
(1.11184 0.454575 0)
(1.12665 0.451525 0)
(1.14148 0.448992 0)
(1.15626 0.446598 0)
(1.17125 0.444263 0)
(1.18693 0.441498 0)
(1.20278 0.436797 0)
(1.21713 0.430565 0)
(1.23161 0.424067 0)
(1.24738 0.418525 0)
(1.26303 0.413552 0)
(1.27978 0.407385 0)
(1.29637 0.399166 0)
(1.30927 0.391965 0)
(1.32095 0.384764 0)
(1.33727 0.378414 0)
(1.3538 0.371698 0)
(1.37032 0.364733 0)
(1.38664 0.355773 0)
(1.39992 0.347437 0)
(1.41184 0.33635 0)
(1.42412 0.322344 0)
(1.43526 0.310833 0)
(1.44555 0.3003 0)
(1.45618 0.288195 0)
(1.46978 0.279328 0)
(1.48542 0.275108 0)
(1.50132 0.270148 0)
(1.51545 0.263308 0)
(1.52707 0.254188 0)
(1.53597 0.241635 0)
(1.54134 0.223504 0)
(1.54357 0.202198 0)
(1.54682 0.182603 0)
(1.55403 0.170096 0)
(1.56289 0.166282 0)
(1.57668 0.162015 0)
(1.58851 0.157512 0)
(1.5978 0.151914 0)
(1.60403 0.142675 0)
(1.60582 0.125361 0)
(1.60613 0.105392 0)
(1.60966 0.0906025 0)
(1.61692 0.0826504 0)
(1.62477 0.0757748 0)
(1.6326 0.0683651 0)
(1.63844 0.0624495 0)
(1.64178 0.0562727 0)
(1.64187 0.0454666 0)
(1.64323 0.0301618 0)
(1.64761 0.0177005 0)
(1.65199 0.00954385 0)
(1.65653 0.00329405 0)
(1.65944 -0.00297325 0)
(1.65884 -0.0100606 0)
(1.65321 -0.0185212 0)
(1.64309 -0.0295685 0)
(1.63714 -0.0332112 0)
(1.62842 -0.0341471 0)
(1.62177 -0.0312097 0)
(1.61881 -0.0242525 0)
(1.61455 -0.0200245 0)
(1.60897 -0.0199363 0)
(1.6031 -0.021018 0)
(1.59709 -0.0226169 0)
(1.59213 -0.0235941 0)
(1.58766 -0.0234607 0)
(1.58412 -0.0222953 0)
(1.58298 -0.019048 0)
(1.58426 -0.0140808 0)
(1.58286 -0.0119629 0)
(1.58026 -0.0119619 0)
(1.5771 -0.0125139 0)
(1.57388 -0.0135859 0)
(1.57121 -0.0141591 0)
(1.56863 -0.0139944 0)
(1.56658 -0.0132322 0)
(1.56595 -0.0111984 0)
(1.56693 -0.00775332 0)
(1.56634 -0.00571713 0)
(1.56461 -0.00528123 0)
(1.5629 -0.0047485 0)
(1.56131 -0.00422038 0)
(1.5601 -0.00351008 0)
(1.5597 -0.00210262 0)
(1.56009 6.84016e-05 0)
(1.5595 0.00138814 0)
(1.55825 0.00158832 0)
(1.5568 0.00184047 0)
(1.55512 0.00205347 0)
(1.55365 0.00231186 0)
(1.5524 0.00270634 0)
(1.55126 0.0033241 0)
(1.55031 0.00423009 0)
(1.54955 0.00542631 0)
(1.5487 0.00651516 0)
(1.54766 0.00708299 0)
(1.54666 0.00719519 0)
(1.54493 0.00683619 0)
(1.54273 0.00616571 0)
(1.54111 0.00589826 0)
(1.54027 0.0060214 0)
(1.53974 0.00620456 0)
(1.53925 0.00641964 0)
(1.53872 0.00662843 0)
(1.53809 0.00677511 0)
(1.53736 0.00693792 0)
(1.53648 0.00712535 0)
(1.53534 0.0073472 0)
(1.5342 0.00765917 0)
(1.53333 0.00829818 0)
(1.53246 0.00930243 0)
(1.53159 0.0101259 0)
(1.53103 0.010637 0)
(1.53061 0.0108676 0)
(1.53023 0.0109055 0)
(1.52978 0.0108281 0)
(1.52909 0.010672 0)
(1.52812 0.0104984 0)
(1.52679 0.0103769 0)
(1.5254 0.0104152 0)
(1.52476 0.0107034 0)
(1.52453 0.0109185 0)
(1.5245 0.0112698 0)
(1.52485 0.0117624 0)
(1.52504 0.0121523 0)
(1.52483 0.0122523 0)
(1.52448 0.0122172 0)
(1.52321 0.011772 0)
(1.52021 0.0102343 0)
(1.51624 0.00829705 0)
(1.51417 0.0077627 0)
(1.51383 0.00792319 0)
(1.51374 0.00826182 0)
(1.5142 0.00897252 0)
(1.51587 0.0105331 0)
(1.51833 0.0125804 0)
(1.51916 0.0134392 0)
(1.51902 0.0135192 0)
(1.51856 0.0133867 0)
(1.51686 0.0124481 0)
(1.51242 0.00910771 0)
(1.50514 0.0034745 0)
(1.50061 0.000341505 0)
(1.50001 3.69548e-06 0)
(1.5 1.81421e-09 0)
(1.5 2.50931e-14 0)
(1.5 7.12922e-16 0)
(1.5 9.21032e-16 0)
(1.5 5.61422e-16 0)
(1.5 -1.06362e-16 0)
(1.5 -3.57872e-16 0)
(1.5 -4.69274e-18 0)
(1.5 -4.85971e-16 0)
(1.5 -2.55859e-16 0)
(1.5 1.68613e-16 0)
(1.5 -9.1406e-17 0)
(1.5 1.47367e-16 0)
(1.5 6.59144e-16 0)
(1.5 7.08379e-16 0)
(1.5 7.91353e-16 0)
(1.5 6.00685e-16 0)
(1.5 7.24371e-16 0)
(1.5 5.1131e-16 0)
(1.5 6.58298e-16 0)
(1.5 4.27995e-16 0)
(1.5 3.49234e-16 0)
(1.5 3.40998e-16 0)
(1.5 7.79355e-17 0)
(1.5 -3.71677e-17 0)
(1.5 -6.12183e-17 0)
(1.5 -3.1782e-16 0)
(1.5 -3.71163e-16 0)
(1.5 -1.57031e-16 0)
(1.5 2.34468e-16 0)
(1.5 2.88346e-16 0)
(1.5 1.63774e-17 0)
(1.5 7.50451e-17 0)
(1.5 -2.70766e-16 0)
(1.5 -3.54533e-17 0)
(1.5 -1.54801e-17 0)
(1.5 -1.67408e-16 0)
(1.5 5.94219e-17 0)
(1.5 2.15549e-16 0)
(1.5 -4.13088e-17 0)
(1.5 2.59576e-16 0)
(1.5 6.13741e-16 0)
(1.5 6.41227e-16 0)
(1.5 5.33538e-16 0)
(1.5 4.72379e-16 0)
(1.08101 0.459227 0)
(1.0953 0.457116 0)
(1.11338 0.452753 0)
(1.12701 0.451332 0)
(1.14004 0.451368 0)
(1.15393 0.449356 0)
(1.16963 0.445258 0)
(1.1853 0.440819 0)
(1.19995 0.436458 0)
(1.21285 0.431236 0)
(1.22679 0.425526 0)
(1.24326 0.420107 0)
(1.25976 0.414527 0)
(1.27615 0.40893 0)
(1.29172 0.402502 0)
(1.30432 0.396912 0)
(1.3151 0.390908 0)
(1.33065 0.384132 0)
(1.34731 0.376126 0)
(1.36412 0.367299 0)
(1.37999 0.357443 0)
(1.39278 0.347979 0)
(1.40257 0.33802 0)
(1.41304 0.326742 0)
(1.42501 0.316322 0)
(1.43736 0.306054 0)
(1.45149 0.29879 0)
(1.46652 0.294033 0)
(1.48128 0.288239 0)
(1.49563 0.280673 0)
(1.50821 0.27096 0)
(1.5176 0.258411 0)
(1.52323 0.241864 0)
(1.52532 0.222862 0)
(1.52802 0.203451 0)
(1.53671 0.191622 0)
(1.54703 0.18868 0)
(1.56184 0.184829 0)
(1.57411 0.179547 0)
(1.58314 0.173947 0)
(1.59077 0.164558 0)
(1.59261 0.146621 0)
(1.59003 0.126716 0)
(1.59331 0.11256 0)
(1.60139 0.103763 0)
(1.611 0.0971598 0)
(1.62009 0.0906382 0)
(1.6268 0.0842865 0)
(1.63212 0.0767892 0)
(1.63404 0.0662073 0)
(1.63201 0.0519928 0)
(1.63385 0.0398454 0)
(1.63961 0.0325422 0)
(1.64535 0.0253802 0)
(1.65016 0.0185116 0)
(1.65353 0.0109841 0)
(1.6532 0.00195172 0)
(1.6468 -0.00857717 0)
(1.63741 -0.0175998 0)
(1.63307 -0.0194423 0)
(1.62786 -0.0209132 0)
(1.62597 -0.0199445 0)
(1.62311 -0.0175727 0)
(1.61694 -0.0172255 0)
(1.61067 -0.0172973 0)
(1.60297 -0.017625 0)
(1.59647 -0.0178924 0)
(1.59161 -0.0176681 0)
(1.5877 -0.0173606 0)
(1.58626 -0.016031 0)
(1.5879 -0.0124568 0)
(1.58728 -0.0101067 0)
(1.58439 -0.00994068 0)
(1.58116 -0.0100403 0)
(1.57691 -0.0101751 0)
(1.57353 -0.00993505 0)
(1.57086 -0.00959675 0)
(1.56874 -0.00933612 0)
(1.5681 -0.00842435 0)
(1.56942 -0.0060153 0)
(1.56961 -0.0040466 0)
(1.5679 -0.00366637 0)
(1.56611 -0.00319321 0)
(1.56437 -0.00249481 0)
(1.56287 -0.00165392 0)
(1.56201 -0.00030978 0)
(1.56213 0.00176264 0)
(1.56175 0.00334858 0)
(1.56049 0.00370566 0)
(1.55905 0.00406875 0)
(1.55731 0.00438156 0)
(1.55584 0.00461821 0)
(1.55453 0.00495521 0)
(1.55333 0.00551444 0)
(1.55232 0.00630909 0)
(1.55147 0.00727427 0)
(1.55057 0.00803503 0)
(1.54957 0.00836117 0)
(1.54839 0.00838521 0)
(1.54647 0.00800963 0)
(1.54404 0.00717598 0)
(1.54207 0.00651041 0)
(1.54099 0.00643363 0)
(1.54034 0.00665487 0)
(1.5397 0.00705999 0)
(1.5391 0.00763206 0)
(1.53848 0.00824794 0)
(1.53783 0.00879608 0)
(1.53712 0.00922509 0)
(1.53633 0.00957525 0)
(1.53555 0.00997911 0)
(1.53473 0.0106684 0)
(1.53385 0.0114174 0)
(1.53308 0.0116587 0)
(1.53199 0.0116528 0)
(1.53106 0.0116723 0)
(1.53053 0.0116899 0)
(1.53011 0.0116542 0)
(1.5296 0.0115727 0)
(1.52892 0.0113806 0)
(1.52793 0.0109832 0)
(1.52666 0.010595 0)
(1.52571 0.0107669 0)
(1.52537 0.0111976 0)
(1.52513 0.0118191 0)
(1.52517 0.0125826 0)
(1.52525 0.0131375 0)
(1.52512 0.0132159 0)
(1.52487 0.0130278 0)
(1.52401 0.0125279 0)
(1.52185 0.0112904 0)
(1.51809 0.00931561 0)
(1.51524 0.0081602 0)
(1.51455 0.00805903 0)
(1.51437 0.00841141 0)
(1.51449 0.0091727 0)
(1.51561 0.0106142 0)
(1.51798 0.0128327 0)
(1.51947 0.0142047 0)
(1.51943 0.0143833 0)
(1.51911 0.0142827 0)
(1.51775 0.0135462 0)
(1.51392 0.0106497 0)
(1.50681 0.0048798 0)
(1.50112 0.000682115 0)
(1.50003 1.2673e-05 0)
(1.5 1.29219e-08 0)
(1.5 3.02317e-13 0)
(1.5 5.31173e-16 0)
(1.5 6.0531e-16 0)
(1.5 4.59595e-16 0)
(1.5 1.23453e-16 0)
(1.5 -1.44925e-16 0)
(1.5 -1.89312e-16 0)
(1.5 -1.24479e-16 0)
(1.5 -3.48436e-16 0)
(1.5 4.00511e-17 0)
(1.5 3.15062e-16 0)
(1.5 2.64088e-16 0)
(1.5 3.05147e-16 0)
(1.5 4.11042e-16 0)
(1.5 4.98489e-16 0)
(1.5 7.87773e-16 0)
(1.5 7.34369e-16 0)
(1.5 7.18187e-16 0)
(1.5 5.73033e-16 0)
(1.5 4.90719e-16 0)
(1.5 3.99195e-16 0)
(1.5 1.71983e-16 0)
(1.5 4.56032e-16 0)
(1.5 3.2342e-16 0)
(1.5 3.71407e-16 0)
(1.5 2.36584e-16 0)
(1.5 2.87371e-16 0)
(1.5 1.58671e-16 0)
(1.5 2.31365e-16 0)
(1.5 1.81958e-16 0)
(1.5 1.30331e-16 0)
(1.5 -1.64336e-16 0)
(1.5 -4.64994e-16 0)
(1.5 -1.29723e-16 0)
(1.5 -6.03915e-18 0)
(1.5 -1.52716e-16 0)
(1.5 -5.81367e-17 0)
(1.5 4.55752e-18 0)
(1.5 -1.69824e-16 0)
(1.5 3.00069e-16 0)
(1.5 7.15318e-16 0)
(1.5 1.00063e-15 0)
(1.5 1.32058e-15 0)
(1.5 1.01315e-15 0)
(1.5 6.17041e-16 0)
(1.08189 0.455109 0)
(1.09705 0.455229 0)
(1.11286 0.453611 0)
(1.12619 0.452314 0)
(1.13959 0.452131 0)
(1.15321 0.449693 0)
(1.16898 0.445104 0)
(1.18349 0.440555 0)
(1.19672 0.436972 0)
(1.20923 0.432694 0)
(1.22347 0.427681 0)
(1.24051 0.422218 0)
(1.25666 0.417114 0)
(1.27145 0.413047 0)
(1.28646 0.40737 0)
(1.29951 0.400883 0)
(1.31083 0.392977 0)
(1.32566 0.385308 0)
(1.34138 0.37798 0)
(1.35655 0.370436 0)
(1.37097 0.36179 0)
(1.38305 0.35286 0)
(1.39262 0.342451 0)
(1.40519 0.330864 0)
(1.41963 0.321092 0)
(1.43275 0.315252 0)
(1.44619 0.311891 0)
(1.46011 0.306216 0)
(1.47393 0.297387 0)
(1.48668 0.287092 0)
(1.49759 0.274569 0)
(1.5049 0.259266 0)
(1.50783 0.242371 0)
(1.51061 0.224813 0)
(1.51915 0.213066 0)
(1.53103 0.208955 0)
(1.54659 0.204848 0)
(1.56003 0.199895 0)
(1.56926 0.193525 0)
(1.57642 0.184818 0)
(1.57929 0.169382 0)
(1.57631 0.148206 0)
(1.57822 0.131708 0)
(1.58649 0.125025 0)
(1.59667 0.118388 0)
(1.60517 0.112602 0)
(1.61336 0.106831 0)
(1.6202 0.0991444 0)
(1.6241 0.0889877 0)
(1.62287 0.0743632 0)
(1.62172 0.0593176 0)
(1.62646 0.0517308 0)
(1.63231 0.0465177 0)
(1.63869 0.0399432 0)
(1.64413 0.0323465 0)
(1.64733 0.0240359 0)
(1.64621 0.0136369 0)
(1.63889 0.00107455 0)
(1.63336 -0.00620018 0)
(1.63113 -0.0078747 0)
(1.62936 -0.00925401 0)
(1.62836 -0.00897256 0)
(1.62315 -0.0090564 0)
(1.61739 -0.00983609 0)
(1.61048 -0.0118376 0)
(1.60301 -0.0144225 0)
(1.59803 -0.0147784 0)
(1.59336 -0.0142402 0)
(1.59044 -0.0125666 0)
(1.59077 -0.00883602 0)
(1.59074 -0.00577988 0)
(1.58786 -0.00553025 0)
(1.58483 -0.00588469 0)
(1.58077 -0.00703479 0)
(1.57755 -0.00810238 0)
(1.57478 -0.00808815 0)
(1.57234 -0.00764796 0)
(1.57085 -0.00632687 0)
(1.57133 -0.00354081 0)
(1.5718 -0.000847611 0)
(1.57008 -0.000167955 0)
(1.56823 0.000265205 0)
(1.56648 0.000957372 0)
(1.56496 0.00181793 0)
(1.56397 0.00299151 0)
(1.56385 0.00471597 0)
(1.56356 0.00618978 0)
(1.56228 0.00654749 0)
(1.5609 0.00670167 0)
(1.55927 0.00697775 0)
(1.55747 0.00736956 0)
(1.55608 0.00781361 0)
(1.5549 0.0081618 0)
(1.55387 0.00857689 0)
(1.55301 0.00914247 0)
(1.5521 0.00964136 0)
(1.55115 0.00991392 0)
(1.55013 0.00997531 0)
(1.54828 0.00959521 0)
(1.54578 0.0086682 0)
(1.54344 0.00778169 0)
(1.54213 0.00731345 0)
(1.54151 0.00722537 0)
(1.54082 0.0072787 0)
(1.54023 0.00750597 0)
(1.53973 0.00794666 0)
(1.5393 0.00860211 0)
(1.53884 0.00947571 0)
(1.53826 0.0105067 0)
(1.53753 0.0116112 0)
(1.53664 0.0126519 0)
(1.53568 0.0132031 0)
(1.53425 0.0130823 0)
(1.53263 0.0124929 0)
(1.53164 0.0120675 0)
(1.53113 0.0119586 0)
(1.53071 0.0120195 0)
(1.53021 0.012194 0)
(1.52951 0.0123828 0)
(1.52861 0.0124237 0)
(1.52747 0.012344 0)
(1.52651 0.0124601 0)
(1.52605 0.0128336 0)
(1.52571 0.0134612 0)
(1.52558 0.0139487 0)
(1.52549 0.0140873 0)
(1.52535 0.0140134 0)
(1.52498 0.0138118 0)
(1.52428 0.0134599 0)
(1.5228 0.0124984 0)
(1.51989 0.0107185 0)
(1.51659 0.00932313 0)
(1.51506 0.0091873 0)
(1.51478 0.00946521 0)
(1.51475 0.0100143 0)
(1.51551 0.0110959 0)
(1.5176 0.013124 0)
(1.51961 0.0149352 0)
(1.51983 0.0153153 0)
(1.51958 0.0152334 0)
(1.51848 0.0146126 0)
(1.51515 0.0120735 0)
(1.50838 0.00633161 0)
(1.50178 0.00116692 0)
(1.50006 3.37609e-05 0)
(1.5 6.35976e-08 0)
(1.5 3.13726e-12 0)
(1.5 -1.37097e-16 0)
(1.5 -2.20801e-16 0)
(1.5 -2.67459e-16 0)
(1.5 -3.19974e-16 0)
(1.5 -5.23116e-16 0)
(1.5 -3.68665e-16 0)
(1.5 1.65539e-16 0)
(1.5 2.91841e-16 0)
(1.5 -3.01925e-17 0)
(1.5 1.19681e-16 0)
(1.5 4.47782e-16 0)
(1.5 2.65074e-16 0)
(1.5 -1.59048e-16 0)
(1.5 -3.52164e-17 0)
(1.5 3.66308e-16 0)
(1.5 2.49356e-16 0)
(1.5 4.03589e-16 0)
(1.5 3.07024e-16 0)
(1.5 3.17857e-16 0)
(1.5 3.51308e-16 0)
(1.5 4.1477e-16 0)
(1.5 4.30094e-16 0)
(1.5 4.70961e-16 0)
(1.5 5.70388e-16 0)
(1.5 6.93816e-16 0)
(1.5 5.67068e-16 0)
(1.5 5.54569e-16 0)
(1.5 3.98252e-16 0)
(1.5 3.26363e-16 0)
(1.5 -6.48443e-17 0)
(1.5 -3.93119e-16 0)
(1.5 -7.36893e-16 0)
(1.5 -6.6665e-16 0)
(1.5 -1.62172e-16 0)
(1.5 -1.86418e-16 0)
(1.5 -1.44145e-16 0)
(1.5 -5.38051e-17 0)
(1.5 5.40247e-17 0)
(1.5 1.31527e-16 0)
(1.5 4.94368e-16 0)
(1.5 7.75735e-16 0)
(1.5 1.20419e-15 0)
(1.5 1.57683e-15 0)
(1.5 9.88656e-16 0)
(1.5 9.45011e-16 0)
(1.08484 0.45471 0)
(1.09855 0.457075 0)
(1.11099 0.456923 0)
(1.12572 0.45495 0)
(1.13975 0.451641 0)
(1.15233 0.449238 0)
(1.16579 0.446473 0)
(1.17961 0.442515 0)
(1.19393 0.438009 0)
(1.20755 0.433616 0)
(1.22179 0.429566 0)
(1.23788 0.425381 0)
(1.25315 0.4209 0)
(1.26775 0.416454 0)
(1.28282 0.409672 0)
(1.29548 0.402051 0)
(1.30583 0.394223 0)
(1.3191 0.387607 0)
(1.33447 0.381146 0)
(1.3497 0.37375 0)
(1.36444 0.365307 0)
(1.37695 0.35634 0)
(1.38592 0.347353 0)
(1.39785 0.339007 0)
(1.4119 0.33245 0)
(1.42608 0.326516 0)
(1.44068 0.319322 0)
(1.45422 0.310425 0)
(1.46612 0.301048 0)
(1.47671 0.290565 0)
(1.48505 0.276622 0)
(1.49028 0.259059 0)
(1.49485 0.242445 0)
(1.50305 0.233656 0)
(1.5138 0.231264 0)
(1.52897 0.226375 0)
(1.54261 0.220188 0)
(1.55395 0.212676 0)
(1.56184 0.20273 0)
(1.56507 0.18914 0)
(1.56331 0.170143 0)
(1.56401 0.151472 0)
(1.57171 0.144657 0)
(1.5812 0.140502 0)
(1.59189 0.134385 0)
(1.60104 0.126332 0)
(1.60794 0.118582 0)
(1.61219 0.110559 0)
(1.61165 0.0986732 0)
(1.60943 0.0822529 0)
(1.614 0.0715181 0)
(1.62052 0.065087 0)
(1.6265 0.0583243 0)
(1.63127 0.0529216 0)
(1.63541 0.0473026 0)
(1.63726 0.0388818 0)
(1.63436 0.0256164 0)
(1.63006 0.0124321 0)
(1.62938 0.0081905 0)
(1.62949 0.00496386 0)
(1.62997 0.00243158 0)
(1.62669 0.00139946 0)
(1.6219 0.00037862 0)
(1.61499 -0.00166573 0)
(1.60606 -0.00526337 0)
(1.60153 -0.00683468 0)
(1.59696 -0.00706635 0)
(1.59421 -0.00675584 0)
(1.5942 -0.00456366 0)
(1.59461 -0.00171503 0)
(1.59187 -0.00128537 0)
(1.58864 -0.00163522 0)
(1.58413 -0.00231213 0)
(1.57931 -0.00317896 0)
(1.57675 -0.00323027 0)
(1.57418 -0.00298863 0)
(1.57283 -0.00218735 0)
(1.57318 -9.03939e-06 0)
(1.57381 0.00217651 0)
(1.57266 0.00265086 0)
(1.57098 0.00274171 0)
(1.56926 0.00308856 0)
(1.56771 0.00387485 0)
(1.56662 0.00519108 0)
(1.56631 0.00718056 0)
(1.5659 0.00887616 0)
(1.56455 0.00921759 0)
(1.56319 0.00924383 0)
(1.56165 0.00929618 0)
(1.55986 0.00929875 0)
(1.55833 0.00953204 0)
(1.55698 0.00996566 0)
(1.55573 0.0105237 0)
(1.55458 0.0110111 0)
(1.5535 0.0112828 0)
(1.55247 0.0113725 0)
(1.55124 0.0112172 0)
(1.54949 0.0107783 0)
(1.54715 0.00993149 0)
(1.54496 0.00891983 0)
(1.5435 0.00840261 0)
(1.54262 0.00862514 0)
(1.54158 0.00920575 0)
(1.54085 0.00967481 0)
(1.54028 0.0101615 0)
(1.53994 0.0108309 0)
(1.53976 0.0118056 0)
(1.53954 0.0130478 0)
(1.539 0.0141413 0)
(1.53825 0.0147111 0)
(1.53743 0.0146688 0)
(1.53563 0.0141087 0)
(1.5335 0.0133016 0)
(1.53215 0.0128478 0)
(1.53161 0.0127055 0)
(1.53132 0.0126579 0)
(1.53095 0.0126315 0)
(1.53056 0.012656 0)
(1.52989 0.0128053 0)
(1.52888 0.0130661 0)
(1.52805 0.0135487 0)
(1.52739 0.014382 0)
(1.52669 0.0150739 0)
(1.52615 0.0152334 0)
(1.52559 0.0149733 0)
(1.52521 0.0145351 0)
(1.52492 0.014059 0)
(1.5245 0.0135124 0)
(1.52356 0.0127436 0)
(1.52141 0.0115471 0)
(1.51825 0.0101973 0)
(1.51623 0.00948137 0)
(1.51576 0.00962539 0)
(1.51554 0.0102338 0)
(1.51588 0.0113952 0)
(1.51744 0.0134156 0)
(1.51962 0.0156015 0)
(1.52019 0.0162922 0)
(1.52001 0.0162318 0)
(1.51908 0.0156716 0)
(1.51613 0.0133922 0)
(1.50974 0.00774132 0)
(1.50253 0.00176373 0)
(1.50013 7.28107e-05 0)
(1.5 2.27571e-07 0)
(1.5 2.16103e-11 0)
(1.5 -2.72803e-16 0)
(1.5 -3.65226e-16 0)
(1.5 -1.04684e-15 0)
(1.5 -8.03394e-16 0)
(1.5 -6.33295e-16 0)
(1.5 -7.50898e-16 0)
(1.5 -3.70295e-16 0)
(1.5 -2.63802e-17 0)
(1.5 -1.81824e-16 0)
(1.5 -1.71037e-16 0)
(1.5 -7.2686e-17 0)
(1.5 3.10314e-16 0)
(1.5 4.49215e-16 0)
(1.5 5.38955e-17 0)
(1.5 3.73137e-16 0)
(1.5 8.82522e-16 0)
(1.5 7.84671e-16 0)
(1.5 7.7561e-16 0)
(1.5 3.91101e-16 0)
(1.5 2.7066e-16 0)
(1.5 1.30337e-16 0)
(1.5 2.20558e-16 0)
(1.5 4.52309e-16 0)
(1.5 1.30768e-16 0)
(1.5 4.3806e-16 0)
(1.5 7.82472e-16 0)
(1.5 4.5416e-16 0)
(1.5 1.05676e-16 0)
(1.5 2.8733e-16 0)
(1.5 2.99991e-16 0)
(1.5 -4.46053e-16 0)
(1.5 -4.20513e-16 0)
(1.5 -5.54872e-17 0)
(1.5 1.00984e-16 0)
(1.5 -7.16982e-17 0)
(1.5 1.57091e-16 0)
(1.5 8.26885e-17 0)
(1.5 -1.13384e-16 0)
(1.5 1.02091e-16 0)
(1.5 4.91578e-16 0)
(1.5 6.12424e-16 0)
(1.5 8.06983e-16 0)
(1.5 9.34573e-16 0)
(1.5 1.29854e-15 0)
(1.5 1.50841e-15 0)
(1.5 1.15081e-15 0)
(1.08224 0.460587 0)
(1.09671 0.459341 0)
(1.10985 0.457586 0)
(1.12648 0.454355 0)
(1.1395 0.451033 0)
(1.15112 0.449393 0)
(1.16336 0.447084 0)
(1.17703 0.443807 0)
(1.19222 0.439307 0)
(1.20602 0.435571 0)
(1.21931 0.432643 0)
(1.23455 0.428924 0)
(1.25011 0.423497 0)
(1.26447 0.417966 0)
(1.27742 0.411852 0)
(1.2887 0.404781 0)
(1.29997 0.396694 0)
(1.31418 0.389846 0)
(1.33004 0.383025 0)
(1.34482 0.376176 0)
(1.35773 0.370405 0)
(1.36927 0.363722 0)
(1.37905 0.355428 0)
(1.39135 0.34677 0)
(1.40665 0.338556 0)
(1.42113 0.330403 0)
(1.43388 0.323283 0)
(1.44539 0.315073 0)
(1.45575 0.305042 0)
(1.46448 0.292633 0)
(1.4709 0.276828 0)
(1.47665 0.260839 0)
(1.48616 0.253396 0)
(1.49748 0.251315 0)
(1.51194 0.245802 0)
(1.52515 0.238331 0)
(1.53675 0.229985 0)
(1.54635 0.220478 0)
(1.55155 0.20753 0)
(1.5511 0.18929 0)
(1.5502 0.172314 0)
(1.5568 0.165671 0)
(1.56618 0.161363 0)
(1.57772 0.154262 0)
(1.58719 0.146751 0)
(1.5942 0.140118 0)
(1.60021 0.131593 0)
(1.6031 0.119722 0)
(1.60045 0.103831 0)
(1.60021 0.0913326 0)
(1.60574 0.0860853 0)
(1.61242 0.0807409 0)
(1.62016 0.072725 0)
(1.62599 0.0640614 0)
(1.62963 0.0565022 0)
(1.62993 0.0474352 0)
(1.62498 0.0352217 0)
(1.62286 0.0269831 0)
(1.62406 0.0244413 0)
(1.62696 0.0197937 0)
(1.6284 0.013747 0)
(1.62588 0.00991659 0)
(1.62164 0.00757733 0)
(1.61293 0.0037973 0)
(1.60522 0.000510286 0)
(1.60128 0.000190074 0)
(1.59778 0.000261035 0)
(1.59687 0.00171363 0)
(1.59776 0.00403728 0)
(1.59556 0.00448404 0)
(1.59256 0.00392676 0)
(1.58895 0.00270187 0)
(1.58314 0.000455389 0)
(1.58016 -0.000388966 0)
(1.57762 -0.00016038 0)
(1.57588 0.000582059 0)
(1.57598 0.00250071 0)
(1.57688 0.00481205 0)
(1.57552 0.00556441 0)
(1.57359 0.00567631 0)
(1.57171 0.00615781 0)
(1.57004 0.00694859 0)
(1.56885 0.00812458 0)
(1.56848 0.0099704 0)
(1.56823 0.0119159 0)
(1.56682 0.012516 0)
(1.56516 0.0125354 0)
(1.56317 0.0124614 0)
(1.56083 0.0122965 0)
(1.55939 0.0123263 0)
(1.55821 0.0125004 0)
(1.55719 0.0126557 0)
(1.55624 0.012817 0)
(1.55523 0.0129125 0)
(1.55413 0.0130204 0)
(1.55285 0.013034 0)
(1.55107 0.0125894 0)
(1.54866 0.0116656 0)
(1.54624 0.0107901 0)
(1.54437 0.0103831 0)
(1.54354 0.0104066 0)
(1.54278 0.0105766 0)
(1.54231 0.0107726 0)
(1.54196 0.0113142 0)
(1.54163 0.0122882 0)
(1.54137 0.013613 0)
(1.54106 0.0150771 0)
(1.54048 0.0161645 0)
(1.53988 0.0166194 0)
(1.53856 0.0164854 0)
(1.53642 0.0156092 0)
(1.53429 0.0142928 0)
(1.53277 0.0135145 0)
(1.532 0.0133593 0)
(1.53161 0.0135707 0)
(1.5311 0.0138987 0)
(1.53068 0.0141911 0)
(1.53035 0.014421 0)
(1.52993 0.0146794 0)
(1.52939 0.0151758 0)
(1.52876 0.0160263 0)
(1.52808 0.0165091 0)
(1.52707 0.0163021 0)
(1.52578 0.015562 0)
(1.52497 0.0148765 0)
(1.52456 0.0145538 0)
(1.52421 0.0143064 0)
(1.52361 0.0138075 0)
(1.52229 0.0128159 0)
(1.51995 0.0115774 0)
(1.51742 0.0109601 0)
(1.51624 0.0112469 0)
(1.51598 0.0116728 0)
(1.51614 0.0124904 0)
(1.5174 0.0141251 0)
(1.51958 0.0163302 0)
(1.5205 0.0173003 0)
(1.52038 0.0172594 0)
(1.51958 0.0167159 0)
(1.5169 0.0146056 0)
(1.51085 0.00903593 0)
(1.50326 0.00240811 0)
(1.50021 0.000131047 0)
(1.5 6.15176e-07 0)
(1.5 1.00232e-10 0)
(1.5 7.08016e-16 0)
(1.5 -5.79892e-16 0)
(1.5 -9.08325e-16 0)
(1.5 -8.88485e-16 0)
(1.5 -9.36344e-16 0)
(1.5 -9.17327e-16 0)
(1.5 -4.51561e-16 0)
(1.5 -4.86746e-16 0)
(1.5 4.62765e-17 0)
(1.5 -4.75397e-17 0)
(1.5 2.48482e-16 0)
(1.5 4.52355e-16 0)
(1.5 3.32183e-16 0)
(1.5 5.164e-16 0)
(1.5 4.87814e-16 0)
(1.5 5.34881e-16 0)
(1.5 7.88161e-16 0)
(1.5 9.68953e-16 0)
(1.5 7.80889e-16 0)
(1.5 6.38775e-16 0)
(1.5 6.46787e-16 0)
(1.5 2.63057e-16 0)
(1.5 7.64093e-17 0)
(1.5 1.69791e-16 0)
(1.5 -8.07895e-17 0)
(1.5 1.03206e-16 0)
(1.5 9.66586e-17 0)
(1.5 1.08284e-16 0)
(1.5 9.94195e-17 0)
(1.5 -1.48974e-17 0)
(1.5 -3.14845e-16 0)
(1.5 -4.65658e-16 0)
(1.5 -2.14437e-16 0)
(1.5 7.82522e-17 0)
(1.5 9.85263e-17 0)
(1.5 5.60794e-18 0)
(1.5 5.04933e-16 0)
(1.5 4.66668e-16 0)
(1.5 3.60405e-16 0)
(1.5 6.77728e-16 0)
(1.5 1.29236e-15 0)
(1.5 1.28895e-15 0)
(1.5 1.24503e-15 0)
(1.5 1.00696e-15 0)
(1.5 8.52946e-16 0)
(1.5 1.2367e-15 0)
(1.5 1.62618e-15 0)
(1.09236 0.452494 0)
(1.10448 0.455102 0)
(1.11191 0.456197 0)
(1.1262 0.455901 0)
(1.13755 0.45306 0)
(1.14946 0.450753 0)
(1.16151 0.447866 0)
(1.17593 0.444853 0)
(1.19085 0.441122 0)
(1.20417 0.438026 0)
(1.21713 0.434712 0)
(1.23181 0.430265 0)
(1.24658 0.424758 0)
(1.25974 0.419587 0)
(1.27192 0.413418 0)
(1.28364 0.405745 0)
(1.29652 0.398127 0)
(1.31091 0.392699 0)
(1.32539 0.387887 0)
(1.33933 0.382577 0)
(1.35238 0.37667 0)
(1.36478 0.368112 0)
(1.37466 0.35901 0)
(1.3848 0.351328 0)
(1.3988 0.344143 0)
(1.4121 0.336442 0)
(1.42584 0.328049 0)
(1.43812 0.318056 0)
(1.44697 0.307504 0)
(1.45202 0.294697 0)
(1.45749 0.280469 0)
(1.46858 0.271653 0)
(1.48192 0.267778 0)
(1.49548 0.262573 0)
(1.50672 0.256363 0)
(1.51704 0.248939 0)
(1.52711 0.238653 0)
(1.53468 0.225967 0)
(1.53744 0.209417 0)
(1.53669 0.192494 0)
(1.5422 0.18496 0)
(1.55144 0.181174 0)
(1.56227 0.174242 0)
(1.57288 0.166602 0)
(1.58159 0.158258 0)
(1.58776 0.15032 0)
(1.59105 0.141571 0)
(1.58974 0.128033 0)
(1.58895 0.11186 0)
(1.59452 0.102912 0)
(1.60086 0.0971256 0)
(1.60686 0.0915583 0)
(1.61253 0.0858626 0)
(1.61734 0.0788302 0)
(1.62018 0.0701496 0)
(1.61944 0.0582026 0)
(1.61753 0.045166 0)
(1.61909 0.0392597 0)
(1.62165 0.0358374 0)
(1.62365 0.0316974 0)
(1.6234 0.026942 0)
(1.621 0.0225491 0)
(1.61564 0.0172889 0)
(1.60867 0.0109723 0)
(1.60511 0.00927069 0)
(1.60131 0.00892483 0)
(1.59956 0.0095903 0)
(1.59984 0.0115245 0)
(1.59829 0.0120306 0)
(1.59556 0.0111223 0)
(1.59181 0.00910843 0)
(1.58591 0.00599615 0)
(1.58249 0.00437914 0)
(1.58 0.00471832 0)
(1.57811 0.00574502 0)
(1.57784 0.00799691 0)
(1.57803 0.0106411 0)
(1.57666 0.0110784 0)
(1.57512 0.0105078 0)
(1.57369 0.0101253 0)
(1.5723 0.0102625 0)
(1.57114 0.0110857 0)
(1.57059 0.0128123 0)
(1.57038 0.0149544 0)
(1.56916 0.0158495 0)
(1.56768 0.015955 0)
(1.56596 0.0157313 0)
(1.56355 0.0147976 0)
(1.56105 0.013991 0)
(1.55988 0.0140693 0)
(1.55865 0.0143796 0)
(1.5575 0.0147978 0)
(1.55634 0.0150955 0)
(1.55516 0.0152145 0)
(1.55395 0.0150964 0)
(1.55228 0.0145508 0)
(1.54993 0.0135751 0)
(1.54761 0.0123651 0)
(1.54589 0.0114549 0)
(1.54503 0.0113723 0)
(1.54417 0.0119599 0)
(1.54361 0.0128271 0)
(1.54332 0.0139059 0)
(1.54319 0.0152183 0)
(1.54298 0.0165827 0)
(1.54253 0.0176457 0)
(1.54186 0.018094 0)
(1.54114 0.0179729 0)
(1.53951 0.0173285 0)
(1.53722 0.016284 0)
(1.53501 0.0152462 0)
(1.53353 0.0146163 0)
(1.53286 0.0142233 0)
(1.53245 0.0141552 0)
(1.53206 0.0141076 0)
(1.53169 0.0142114 0)
(1.53143 0.0147199 0)
(1.53125 0.0157786 0)
(1.53084 0.0170146 0)
(1.53016 0.0178628 0)
(1.52943 0.0180826 0)
(1.52805 0.0175664 0)
(1.52617 0.0164676 0)
(1.52491 0.0154884 0)
(1.5244 0.0149874 0)
(1.52411 0.0145983 0)
(1.52371 0.0141377 0)
(1.52283 0.0135466 0)
(1.52112 0.0127645 0)
(1.51897 0.0117981 0)
(1.51759 0.0113856 0)
(1.51721 0.0117605 0)
(1.5171 0.012814 0)
(1.51785 0.0146295 0)
(1.51968 0.0170512 0)
(1.52076 0.0183574 0)
(1.52069 0.0183862 0)
(1.51997 0.0178435 0)
(1.51745 0.015774 0)
(1.51167 0.0101829 0)
(1.50388 0.00302374 0)
(1.50031 0.000201578 0)
(1.5 1.29182e-06 0)
(1.5 3.21814e-10 0)
(1.5 2.95404e-15 0)
(1.5 -7.71987e-17 0)
(1.5 -1.56631e-16 0)
(1.5 -7.04343e-16 0)
(1.5 -5.44619e-16 0)
(1.5 -7.03035e-16 0)
(1.5 -7.08691e-16 0)
(1.5 -4.60796e-16 0)
(1.5 -2.75081e-16 0)
(1.5 1.36909e-17 0)
(1.5 2.53854e-16 0)
(1.5 6.15359e-16 0)
(1.5 8.82403e-16 0)
(1.5 2.93083e-16 0)
(1.5 3.96635e-16 0)
(1.5 3.80761e-16 0)
(1.5 3.48336e-16 0)
(1.5 1.41149e-16 0)
(1.5 1.94865e-16 0)
(1.5 6.51925e-16 0)
(1.5 9.04403e-16 0)
(1.5 8.24954e-16 0)
(1.5 6.0666e-16 0)
(1.5 3.61525e-16 0)
(1.5 1.01586e-16 0)
(1.5 1.31761e-16 0)
(1.5 2.17589e-17 0)
(1.5 -2.14691e-16 0)
(1.5 -1.27944e-16 0)
(1.5 1.42056e-16 0)
(1.5 -1.25735e-17 0)
(1.5 -5.75404e-16 0)
(1.5 -3.8886e-16 0)
(1.5 -3.8046e-16 0)
(1.5 -5.58277e-16 0)
(1.5 -3.94646e-16 0)
(1.5 2.02253e-16 0)
(1.5 3.00305e-16 0)
(1.5 7.23586e-16 0)
(1.5 1.59968e-15 0)
(1.5 1.55207e-15 0)
(1.5 1.63013e-15 0)
(1.5 1.63048e-15 0)
(1.5 1.52772e-15 0)
(1.5 1.24143e-15 0)
(1.5 9.43413e-16 0)
(1.5 1.17302e-15 0)
(1.5 1.48715e-15 0)
(1.12774 0.428276 0)
(1.10967 0.46073 0)
(1.10923 0.457339 0)
(1.12586 0.45498 0)
(1.13655 0.453251 0)
(1.14908 0.451188 0)
(1.16079 0.448391 0)
(1.17559 0.446314 0)
(1.1893 0.443367 0)
(1.20184 0.440625 0)
(1.21355 0.437131 0)
(1.22749 0.43205 0)
(1.24272 0.425625 0)
(1.25559 0.419967 0)
(1.26747 0.41382 0)
(1.27924 0.407359 0)
(1.29227 0.402219 0)
(1.30642 0.398014 0)
(1.32119 0.393104 0)
(1.33569 0.386939 0)
(1.34784 0.381022 0)
(1.35806 0.373125 0)
(1.36797 0.363367 0)
(1.37909 0.354491 0)
(1.39342 0.346788 0)
(1.40699 0.338386 0)
(1.41896 0.331564 0)
(1.42902 0.323099 0)
(1.43578 0.311682 0)
(1.44135 0.297247 0)
(1.45202 0.28887 0)
(1.46475 0.284809 0)
(1.47593 0.281109 0)
(1.4881 0.274375 0)
(1.5002 0.264124 0)
(1.51032 0.254146 0)
(1.51815 0.243633 0)
(1.52229 0.230433 0)
(1.5229 0.213633 0)
(1.52845 0.201683 0)
(1.53791 0.197906 0)
(1.5476 0.192142 0)
(1.55622 0.186335 0)
(1.56525 0.179351 0)
(1.57381 0.17018 0)
(1.58016 0.160057 0)
(1.58238 0.148467 0)
(1.57931 0.134165 0)
(1.57993 0.123738 0)
(1.58596 0.117888 0)
(1.5937 0.11137 0)
(1.60164 0.102982 0)
(1.60717 0.0950876 0)
(1.61106 0.0883335 0)
(1.61243 0.0804927 0)
(1.60967 0.0690268 0)
(1.61032 0.0592088 0)
(1.61379 0.0543389 0)
(1.61776 0.0486263 0)
(1.62007 0.0424484 0)
(1.61996 0.0367477 0)
(1.61736 0.0311807 0)
(1.61099 0.0248783 0)
(1.60596 0.0212216 0)
(1.60367 0.0205137 0)
(1.60198 0.019571 0)
(1.60224 0.0196338 0)
(1.60112 0.0195096 0)
(1.59837 0.0187656 0)
(1.59532 0.016956 0)
(1.58899 0.0129632 0)
(1.58428 0.010109 0)
(1.58219 0.00998044 0)
(1.58068 0.0104762 0)
(1.58087 0.0121007 0)
(1.58154 0.0140992 0)
(1.58005 0.0145339 0)
(1.57808 0.014332 0)
(1.57613 0.0143519 0)
(1.57429 0.0146278 0)
(1.57293 0.0151986 0)
(1.5724 0.0164048 0)
(1.57238 0.0182576 0)
(1.57134 0.0193347 0)
(1.56987 0.0195552 0)
(1.56817 0.0196087 0)
(1.56549 0.0189383 0)
(1.56258 0.0174415 0)
(1.56114 0.016686 0)
(1.55986 0.0166638 0)
(1.55881 0.0167452 0)
(1.55778 0.0169351 0)
(1.55663 0.0171147 0)
(1.55531 0.0171329 0)
(1.55362 0.0168035 0)
(1.55139 0.0159584 0)
(1.54887 0.0149196 0)
(1.54683 0.0141527 0)
(1.54585 0.0141454 0)
(1.54501 0.0146449 0)
(1.54467 0.0153941 0)
(1.54472 0.0165904 0)
(1.54489 0.0181419 0)
(1.54472 0.0195126 0)
(1.54406 0.0202475 0)
(1.54334 0.0204006 0)
(1.54221 0.0200176 0)
(1.54002 0.018909 0)
(1.53762 0.017227 0)
(1.53564 0.015916 0)
(1.5342 0.0154001 0)
(1.53318 0.0154788 0)
(1.53258 0.0159552 0)
(1.53207 0.0163167 0)
(1.53171 0.0164893 0)
(1.53162 0.0167917 0)
(1.53199 0.0176731 0)
(1.53214 0.0189866 0)
(1.53166 0.0197733 0)
(1.53096 0.0200734 0)
(1.52911 0.0195294 0)
(1.52648 0.0178148 0)
(1.52488 0.0162821 0)
(1.5244 0.0156436 0)
(1.52416 0.0152688 0)
(1.52382 0.0148922 0)
(1.52327 0.0144576 0)
(1.52226 0.0139882 0)
(1.52044 0.0135208 0)
(1.51844 0.0134527 0)
(1.51776 0.0139268 0)
(1.51758 0.014571 0)
(1.51822 0.0159327 0)
(1.51993 0.0180819 0)
(1.52105 0.0194563 0)
(1.52102 0.0195049 0)
(1.52031 0.0189171 0)
(1.51782 0.016817 0)
(1.51216 0.0111089 0)
(1.5043 0.00352287 0)
(1.50039 0.00026908 0)
(1.5 2.153e-06 0)
(1.5 7.34243e-10 0)
(1.5 9.62644e-15 0)
(1.5 -3.92974e-17 0)
(1.5 2.34983e-16 0)
(1.5 1.39131e-17 0)
(1.5 -8.76408e-17 0)
(1.5 -2.96763e-16 0)
(1.5 -3.53777e-16 0)
(1.5 -3.21752e-16 0)
(1.5 -1.06339e-16 0)
(1.5 4.33689e-16 0)
(1.5 -4.01749e-17 0)
(1.5 3.435e-16 0)
(1.5 5.36219e-16 0)
(1.5 4.25943e-16 0)
(1.5 3.47506e-16 0)
(1.5 -9.82602e-17 0)
(1.5 1.26115e-16 0)
(1.5 -9.2526e-17 0)
(1.5 -3.14768e-16 0)
(1.5 -1.93936e-16 0)
(1.5 3.77643e-16 0)
(1.5 5.90171e-16 0)
(1.5 6.03978e-16 0)
(1.5 6.81336e-16 0)
(1.5 3.20763e-16 0)
(1.5 8.24275e-17 0)
(1.5 4.68328e-16 0)
(1.5 3.81649e-16 0)
(1.5 -7.69388e-17 0)
(1.5 -1.22556e-16 0)
(1.5 -3.28692e-16 0)
(1.5 -6.07001e-17 0)
(1.5 -3.84755e-16 0)
(1.5 -7.68965e-16 0)
(1.5 -7.50414e-16 0)
(1.5 -7.86256e-16 0)
(1.5 -4.71855e-16 0)
(1.5 -7.65836e-17 0)
(1.5 2.99217e-16 0)
(1.5 5.29314e-16 0)
(1.5 1.3621e-15 0)
(1.5 1.56393e-15 0)
(1.5 1.86222e-15 0)
(1.5 2.11749e-15 0)
(1.5 2.02154e-15 0)
(1.5 1.28405e-15 0)
(1.5 1.15156e-15 0)
(1.5 9.0482e-16 0)
(1.5 6.95179e-16 0)
(1.25795 0.313775 0)
(1.12882 0.432416 0)
(1.12533 0.446842 0)
(1.13411 0.453894 0)
(1.13526 0.456244 0)
(1.14713 0.455139 0)
(1.15904 0.451218 0)
(1.17466 0.447688 0)
(1.18798 0.444182 0)
(1.20045 0.441255 0)
(1.21131 0.436919 0)
(1.22431 0.431848 0)
(1.23795 0.426958 0)
(1.25006 0.422451 0)
(1.26193 0.417073 0)
(1.27458 0.411371 0)
(1.28887 0.406031 0)
(1.30372 0.400596 0)
(1.31727 0.395962 0)
(1.32961 0.391119 0)
(1.34002 0.385024 0)
(1.35054 0.375194 0)
(1.36319 0.364447 0)
(1.37394 0.357649 0)
(1.38706 0.352052 0)
(1.40045 0.344605 0)
(1.4121 0.337274 0)
(1.42258 0.326069 0)
(1.42796 0.314115 0)
(1.43421 0.30582 0)
(1.44583 0.30341 0)
(1.4589 0.296976 0)
(1.47156 0.288423 0)
(1.48302 0.278785 0)
(1.49172 0.269788 0)
(1.49898 0.261157 0)
(1.50573 0.249038 0)
(1.51075 0.233112 0)
(1.51465 0.219575 0)
(1.52251 0.215253 0)
(1.53088 0.21155 0)
(1.54037 0.204983 0)
(1.55075 0.196092 0)
(1.55981 0.186894 0)
(1.5663 0.178556 0)
(1.56993 0.170096 0)
(1.56921 0.157787 0)
(1.56953 0.142313 0)
(1.57553 0.132998 0)
(1.58148 0.127181 0)
(1.58702 0.122656 0)
(1.5929 0.11714 0)
(1.59936 0.108721 0)
(1.60428 0.0989472 0)
(1.60541 0.0891597 0)
(1.60247 0.0792872 0)
(1.60374 0.0725098 0)
(1.60781 0.0679842 0)
(1.61185 0.0618363 0)
(1.61469 0.0546397 0)
(1.61494 0.0475396 0)
(1.61163 0.0401684 0)
(1.60639 0.03356 0)
(1.6046 0.0321473 0)
(1.6031 0.031438 0)
(1.60283 0.0310819 0)
(1.60187 0.0303624 0)
(1.5998 0.0288412 0)
(1.59656 0.0255599 0)
(1.59097 0.0205183 0)
(1.58641 0.0164674 0)
(1.58422 0.0160271 0)
(1.58243 0.0169465 0)
(1.58235 0.0191589 0)
(1.58256 0.0215594 0)
(1.58106 0.021945 0)
(1.57943 0.0210825 0)
(1.57794 0.0200577 0)
(1.57647 0.0196118 0)
(1.57519 0.0197095 0)
(1.57449 0.0206613 0)
(1.57439 0.022494 0)
(1.57341 0.0237184 0)
(1.57189 0.0239217 0)
(1.57022 0.023889 0)
(1.5674 0.0227211 0)
(1.5642 0.0208878 0)
(1.56249 0.020173 0)
(1.56115 0.020029 0)
(1.5599 0.0197831 0)
(1.55886 0.0197484 0)
(1.55781 0.0198395 0)
(1.55665 0.0198629 0)
(1.5552 0.019608 0)
(1.55287 0.0185597 0)
(1.55026 0.01723 0)
(1.54838 0.0162777 0)
(1.54741 0.0163104 0)
(1.54648 0.0169791 0)
(1.54603 0.0179557 0)
(1.54605 0.019338 0)
(1.54632 0.0209755 0)
(1.54618 0.0221904 0)
(1.54554 0.0226325 0)
(1.54486 0.0226454 0)
(1.54338 0.021941 0)
(1.54078 0.0202977 0)
(1.53799 0.0182932 0)
(1.536 0.0170158 0)
(1.53479 0.0162585 0)
(1.53409 0.0158495 0)
(1.53368 0.0158885 0)
(1.53323 0.0161701 0)
(1.53293 0.0166443 0)
(1.53284 0.0175051 0)
(1.53316 0.0190327 0)
(1.53344 0.020757 0)
(1.533 0.0215474 0)
(1.53237 0.0216602 0)
(1.53041 0.0208741 0)
(1.52712 0.0189528 0)
(1.5249 0.017267 0)
(1.52435 0.0166511 0)
(1.52417 0.0163119 0)
(1.52399 0.0159937 0)
(1.52366 0.0156613 0)
(1.52304 0.0152339 0)
(1.5218 0.0145447 0)
(1.5201 0.0139477 0)
(1.51923 0.0141983 0)
(1.51895 0.0150987 0)
(1.51924 0.0168524 0)
(1.52046 0.0191935 0)
(1.52138 0.0206702 0)
(1.52132 0.0207243 0)
(1.52058 0.0200764 0)
(1.51802 0.0177987 0)
(1.51233 0.0117756 0)
(1.50446 0.00382227 0)
(1.50042 0.000312756 0)
(1.5 2.85845e-06 0)
(1.5 1.19921e-09 0)
(1.5 1.77013e-14 0)
(1.5 -1.65885e-16 0)
(1.5 3.24832e-17 0)
(1.5 3.11204e-17 0)
(1.5 1.34871e-16 0)
(1.5 4.46326e-16 0)
(1.5 1.38448e-16 0)
(1.5 5.72547e-17 0)
(1.5 2.73584e-16 0)
(1.5 3.15338e-16 0)
(1.5 4.7694e-16 0)
(1.5 4.9687e-16 0)
(1.5 6.18108e-16 0)
(1.5 3.72222e-16 0)
(1.5 -1.44652e-16 0)
(1.5 8.10429e-17 0)
(1.5 -1.9946e-16 0)
(1.5 -4.04616e-17 0)
(1.5 -2.93491e-16 0)
(1.5 -4.10016e-16 0)
(1.5 1.93663e-17 0)
(1.5 3.96409e-16 0)
(1.5 2.83556e-16 0)
(1.5 2.91506e-16 0)
(1.5 4.69168e-16 0)
(1.5 5.69075e-16 0)
(1.5 4.81261e-16 0)
(1.5 4.96847e-16 0)
(1.5 5.23763e-16 0)
(1.5 -4.33511e-17 0)
(1.5 -4.72513e-16 0)
(1.5 -5.21096e-16 0)
(1.5 -1.46968e-16 0)
(1.5 -2.9307e-16 0)
(1.5 -1.8748e-16 0)
(1.5 -3.13669e-16 0)
(1.5 -6.81437e-17 0)
(1.5 3.25265e-16 0)
(1.5 2.14595e-16 0)
(1.5 4.69083e-16 0)
(1.5 5.7681e-16 0)
(1.5 5.12089e-16 0)
(1.5 6.62882e-16 0)
(1.5 1.08099e-15 0)
(1.5 1.41298e-15 0)
(1.5 1.63341e-15 0)
(1.5 1.61095e-15 0)
(1.5 1.37972e-15 0)
(1.5 8.22697e-16 0)
(1.5 8.35785e-16 0)
(1.43232 0.10568 0)
(1.25494 0.298823 0)
(1.17889 0.406696 0)
(1.13416 0.454567 0)
(1.13367 0.453349 0)
(1.14912 0.451342 0)
(1.16026 0.450973 0)
(1.17357 0.449475 0)
(1.18567 0.446511 0)
(1.19857 0.443142 0)
(1.20844 0.437904 0)
(1.22082 0.433135 0)
(1.23467 0.428499 0)
(1.24716 0.42373 0)
(1.25921 0.418884 0)
(1.2711 0.414701 0)
(1.28404 0.410638 0)
(1.29788 0.405463 0)
(1.31089 0.4 0)
(1.32375 0.393233 0)
(1.33417 0.384794 0)
(1.34327 0.3758 0)
(1.35497 0.3692 0)
(1.36746 0.36344 0)
(1.38212 0.356932 0)
(1.39579 0.348793 0)
(1.40549 0.342963 0)
(1.41355 0.333741 0)
(1.42135 0.322548 0)
(1.43032 0.315635 0)
(1.44263 0.309795 0)
(1.45384 0.30242 0)
(1.46324 0.296516 0)
(1.4735 0.287386 0)
(1.48405 0.275299 0)
(1.49184 0.264136 0)
(1.49622 0.252794 0)
(1.49973 0.241663 0)
(1.50658 0.234177 0)
(1.51619 0.227475 0)
(1.52668 0.21928 0)
(1.53545 0.211796 0)
(1.5428 0.205821 0)
(1.55034 0.198639 0)
(1.55748 0.188759 0)
(1.56191 0.176717 0)
(1.56097 0.163124 0)
(1.5608 0.153167 0)
(1.56627 0.147484 0)
(1.57375 0.141266 0)
(1.58228 0.132761 0)
(1.58861 0.124609 0)
(1.59271 0.118517 0)
(1.59486 0.112481 0)
(1.59448 0.103109 0)
(1.59517 0.0910015 0)
(1.59954 0.0830539 0)
(1.60387 0.0770439 0)
(1.60675 0.0713717 0)
(1.60819 0.0660149 0)
(1.60744 0.0593645 0)
(1.60415 0.0507074 0)
(1.60254 0.0456585 0)
(1.60264 0.0443267 0)
(1.60338 0.0422909 0)
(1.60312 0.0401735 0)
(1.60141 0.0380582 0)
(1.59849 0.0353014 0)
(1.59248 0.0301492 0)
(1.58718 0.0254282 0)
(1.58522 0.0244941 0)
(1.58407 0.0244271 0)
(1.58477 0.0256042 0)
(1.58523 0.0272852 0)
(1.58368 0.0275029 0)
(1.58184 0.0269302 0)
(1.57971 0.0262155 0)
(1.57791 0.0260501 0)
(1.57646 0.0259872 0)
(1.57594 0.0264653 0)
(1.57625 0.0279078 0)
(1.57556 0.029057 0)
(1.574 0.0291781 0)
(1.57238 0.0288893 0)
(1.56908 0.0268929 0)
(1.56527 0.0245687 0)
(1.56368 0.0235744 0)
(1.56266 0.0235427 0)
(1.56147 0.0233872 0)
(1.56025 0.0231764 0)
(1.55906 0.0230936 0)
(1.55777 0.0230713 0)
(1.55609 0.0226838 0)
(1.55377 0.0214778 0)
(1.55134 0.020167 0)
(1.5496 0.0193779 0)
(1.54864 0.0195667 0)
(1.54776 0.0203419 0)
(1.54734 0.0212258 0)
(1.54731 0.0223862 0)
(1.54753 0.0237173 0)
(1.54735 0.0246097 0)
(1.54674 0.0248317 0)
(1.54608 0.0247473 0)
(1.54456 0.0239558 0)
(1.54168 0.0221439 0)
(1.53867 0.0198899 0)
(1.5367 0.0185606 0)
(1.53538 0.0179637 0)
(1.53426 0.0178912 0)
(1.53367 0.0182261 0)
(1.53327 0.0186222 0)
(1.53313 0.019115 0)
(1.53342 0.0199823 0)
(1.53415 0.02151 0)
(1.53468 0.0230875 0)
(1.53432 0.0236723 0)
(1.53364 0.0235685 0)
(1.53147 0.0225793 0)
(1.52786 0.0201928 0)
(1.52506 0.0180614 0)
(1.52425 0.0174003 0)
(1.52404 0.017211 0)
(1.52387 0.0171095 0)
(1.52362 0.0169658 0)
(1.52319 0.0167512 0)
(1.52243 0.0164363 0)
(1.52118 0.016104 0)
(1.52033 0.0162284 0)
(1.51993 0.0169706 0)
(1.52015 0.0184816 0)
(1.52124 0.0206876 0)
(1.52187 0.0221021 0)
(1.52175 0.022152 0)
(1.52076 0.0213607 0)
(1.51793 0.018686 0)
(1.51209 0.0121206 0)
(1.50431 0.00386735 0)
(1.50041 0.000317584 0)
(1.5 3.02729e-06 0)
(1.5 1.39525e-09 0)
(1.5 2.36185e-14 0)
(1.5 2.32485e-16 0)
(1.5 -1.44813e-16 0)
(1.5 2.27961e-16 0)
(1.5 -6.7541e-17 0)
(1.5 1.80977e-16 0)
(1.5 1.07892e-15 0)
(1.5 9.45971e-16 0)
(1.5 7.5428e-16 0)
(1.5 6.37851e-16 0)
(1.5 5.38577e-16 0)
(1.5 6.26968e-16 0)
(1.5 1.19962e-15 0)
(1.5 8.79379e-16 0)
(1.5 1.18028e-16 0)
(1.5 -1.68739e-16 0)
(1.5 -2.00562e-16 0)
(1.5 7.21502e-17 0)
(1.5 4.77543e-17 0)
(1.5 -1.65702e-17 0)
(1.5 -1.47106e-16 0)
(1.5 -1.79535e-17 0)
(1.5 3.14944e-17 0)
(1.5 1.79343e-16 0)
(1.5 -5.64366e-18 0)
(1.5 2.28449e-16 0)
(1.5 5.1259e-16 0)
(1.5 3.49814e-16 0)
(1.5 1.61126e-16 0)
(1.5 -2.49803e-16 0)
(1.5 -4.52647e-16 0)
(1.5 -5.11665e-16 0)
(1.5 -3.37934e-16 0)
(1.5 -1.85934e-16 0)
(1.5 -1.83578e-16 0)
(1.5 1.74367e-16 0)
(1.5 3.21959e-16 0)
(1.5 4.39032e-16 0)
(1.5 3.64877e-16 0)
(1.5 4.69921e-16 0)
(1.5 6.80958e-16 0)
(1.5 6.10389e-16 0)
(1.5 1.5521e-16 0)
(1.5 4.12615e-17 0)
(1.5 5.64558e-16 0)
(1.5 8.47639e-16 0)
(1.5 8.80935e-16 0)
(1.5 1.32616e-15 0)
(1.5 1.27103e-15 0)
(1.5 1.10563e-15 0)
(1.5 1.37097e-15 0)
(1.49458 0.00978234 0)
(1.4368 0.0883593 0)
(1.32296 0.256222 0)
(1.17253 0.400204 0)
(1.1585 0.432957 0)
(1.15678 0.454554 0)
(1.15895 0.453592 0)
(1.17103 0.451015 0)
(1.18236 0.448317 0)
(1.19585 0.444612 0)
(1.20614 0.438784 0)
(1.21891 0.434473 0)
(1.23224 0.430865 0)
(1.24391 0.427489 0)
(1.25557 0.423556 0)
(1.26786 0.418572 0)
(1.28121 0.412925 0)
(1.29447 0.406843 0)
(1.30612 0.401337 0)
(1.31656 0.395192 0)
(1.32541 0.387189 0)
(1.33547 0.379109 0)
(1.34974 0.372949 0)
(1.36305 0.367003 0)
(1.37554 0.362491 0)
(1.38833 0.356165 0)
(1.39849 0.348942 0)
(1.40774 0.338551 0)
(1.41646 0.329514 0)
(1.42441 0.324127 0)
(1.43535 0.317714 0)
(1.44807 0.308487 0)
(1.45829 0.300265 0)
(1.46773 0.291552 0)
(1.47503 0.282022 0)
(1.48011 0.272661 0)
(1.48631 0.260576 0)
(1.49498 0.249618 0)
(1.50268 0.242257 0)
(1.50983 0.236354 0)
(1.51762 0.230088 0)
(1.52699 0.222627 0)
(1.53672 0.213641 0)
(1.54452 0.204882 0)
(1.54936 0.196648 0)
(1.55003 0.186526 0)
(1.54936 0.173076 0)
(1.55502 0.162437 0)
(1.56275 0.155458 0)
(1.56898 0.150037 0)
(1.5743 0.145608 0)
(1.58019 0.139319 0)
(1.58595 0.13045 0)
(1.58942 0.120403 0)
(1.58897 0.110665 0)
(1.58777 0.103159 0)
(1.59068 0.097419 0)
(1.59536 0.0914638 0)
(1.60018 0.0835668 0)
(1.60287 0.0753216 0)
(1.60245 0.0670938 0)
(1.60042 0.0597736 0)
(1.60037 0.0576464 0)
(1.60101 0.0563285 0)
(1.60106 0.054266 0)
(1.60023 0.0512281 0)
(1.59769 0.0467469 0)
(1.59291 0.0400308 0)
(1.58851 0.0339837 0)
(1.58673 0.0325412 0)
(1.58534 0.0330521 0)
(1.58591 0.0347854 0)
(1.58631 0.0365827 0)
(1.58479 0.0365749 0)
(1.58295 0.0354345 0)
(1.58056 0.0334611 0)
(1.57921 0.0325867 0)
(1.57791 0.032087 0)
(1.57746 0.0323384 0)
(1.57796 0.0337858 0)
(1.57757 0.0350168 0)
(1.57612 0.0350426 0)
(1.57442 0.0343453 0)
(1.57059 0.0315001 0)
(1.5662 0.0285628 0)
(1.56439 0.0273034 0)
(1.56346 0.0274949 0)
(1.56268 0.0277772 0)
(1.56166 0.0277367 0)
(1.56047 0.0275152 0)
(1.55914 0.0270709 0)
(1.5574 0.0263343 0)
(1.55473 0.0248174 0)
(1.55224 0.0233578 0)
(1.55074 0.0226359 0)
(1.54982 0.0229194 0)
(1.54903 0.0237028 0)
(1.54859 0.0245182 0)
(1.54844 0.0254544 0)
(1.54849 0.0264545 0)
(1.54822 0.0270248 0)
(1.54766 0.0270833 0)
(1.54704 0.0269638 0)
(1.54559 0.0262286 0)
(1.54266 0.0243521 0)
(1.53937 0.0217953 0)
(1.53735 0.0201031 0)
(1.53624 0.0190729 0)
(1.53547 0.0185611 0)
(1.53496 0.0186489 0)
(1.5345 0.0192524 0)
(1.53434 0.02026 0)
(1.53456 0.021828 0)
(1.53526 0.0239612 0)
(1.53569 0.0256454 0)
(1.53533 0.026027 0)
(1.53467 0.0256023 0)
(1.53253 0.0243761 0)
(1.52867 0.0217301 0)
(1.52511 0.0190486 0)
(1.52413 0.0180969 0)
(1.52406 0.0178257 0)
(1.52397 0.017633 0)
(1.52381 0.0175671 0)
(1.52358 0.017602 0)
(1.52306 0.0176598 0)
(1.52218 0.0176719 0)
(1.52152 0.017964 0)
(1.52115 0.018957 0)
(1.52134 0.0206516 0)
(1.52215 0.0226401 0)
(1.52245 0.0235988 0)
(1.52224 0.0233468 0)
(1.52101 0.0223133 0)
(1.51776 0.0191678 0)
(1.5115 0.0119504 0)
(1.50383 0.00359147 0)
(1.50033 0.000277395 0)
(1.5 2.53737e-06 0)
(1.5 1.16019e-09 0)
(1.5 2.34835e-14 0)
(1.5 1.69737e-16 0)
(1.5 2.7616e-16 0)
(1.5 1.98564e-16 0)
(1.5 1.62853e-16 0)
(1.5 2.63364e-16 0)
(1.5 3.85769e-16 0)
(1.5 7.48299e-16 0)
(1.5 9.06618e-16 0)
(1.5 5.17393e-16 0)
(1.5 4.60535e-16 0)
(1.5 7.18672e-16 0)
(1.5 1.00013e-15 0)
(1.5 1.06228e-15 0)
(1.5 6.01047e-16 0)
(1.5 5.01309e-16 0)
(1.5 1.28995e-16 0)
(1.5 -1.57953e-16 0)
(1.5 9.44657e-17 0)
(1.5 -1.929e-16 0)
(1.5 -1.30112e-16 0)
(1.5 3.48298e-17 0)
(1.5 1.67005e-16 0)
(1.5 2.95734e-17 0)
(1.5 -9.31616e-17 0)
(1.5 -1.09537e-16 0)
(1.5 2.31743e-16 0)
(1.5 1.57175e-16 0)
(1.5 2.92193e-16 0)
(1.5 -2.91542e-16 0)
(1.5 -6.2956e-16 0)
(1.5 -4.27198e-16 0)
(1.5 -3.83547e-16 0)
(1.5 -2.50792e-16 0)
(1.5 -2.73096e-16 0)
(1.5 -4.92712e-16 0)
(1.5 -1.32903e-16 0)
(1.5 1.48735e-16 0)
(1.5 -1.35167e-16 0)
(1.5 -3.69947e-16 0)
(1.5 1.94985e-17 0)
(1.5 3.62571e-16 0)
(1.5 5.85633e-16 0)
(1.5 7.86096e-16 0)
(1.5 7.46221e-16 0)
(1.5 6.37933e-16 0)
(1.5 6.61383e-16 0)
(1.5 8.90883e-16 0)
(1.5 9.50084e-16 0)
(1.5 9.7148e-16 0)
(1.5 8.44977e-16 0)
(1.5 1.05799e-15 0)
(1.49991 0.000176342 0)
(1.49591 0.00684963 0)
(1.46247 0.0625967 0)
(1.32861 0.224644 0)
(1.23404 0.362226 0)
(1.16187 0.441351 0)
(1.16762 0.443759 0)
(1.17719 0.44651 0)
(1.18307 0.448711 0)
(1.19283 0.44745 0)
(1.20243 0.443299 0)
(1.21583 0.438638 0)
(1.2292 0.43401 0)
(1.24175 0.429781 0)
(1.25462 0.424676 0)
(1.26582 0.420257 0)
(1.27638 0.416408 0)
(1.28876 0.410839 0)
(1.3007 0.403851 0)
(1.31133 0.395856 0)
(1.3204 0.388167 0)
(1.33056 0.382913 0)
(1.34319 0.379122 0)
(1.35615 0.37402 0)
(1.36994 0.36768 0)
(1.38282 0.36006 0)
(1.39178 0.353042 0)
(1.39766 0.34522 0)
(1.40893 0.336328 0)
(1.41956 0.328338 0)
(1.43076 0.321339 0)
(1.44125 0.314432 0)
(1.45023 0.308435 0)
(1.45966 0.299764 0)
(1.46847 0.287663 0)
(1.47438 0.276954 0)
(1.47932 0.268763 0)
(1.48586 0.261408 0)
(1.4941 0.25326 0)
(1.5036 0.244317 0)
(1.51306 0.235871 0)
(1.52152 0.228904 0)
(1.52866 0.222834 0)
(1.53473 0.215865 0)
(1.53936 0.205713 0)
(1.54143 0.191586 0)
(1.54301 0.179497 0)
(1.5481 0.173758 0)
(1.55459 0.169378 0)
(1.5625 0.162874 0)
(1.57038 0.154395 0)
(1.57583 0.147269 0)
(1.57881 0.141386 0)
(1.57884 0.134136 0)
(1.57811 0.123645 0)
(1.58176 0.113338 0)
(1.58703 0.105617 0)
(1.59137 0.099088 0)
(1.5943 0.0932183 0)
(1.5956 0.086895 0)
(1.59521 0.0796629 0)
(1.59581 0.0742572 0)
(1.5973 0.0711797 0)
(1.59828 0.0679399 0)
(1.59821 0.0640619 0)
(1.59639 0.0592853 0)
(1.59166 0.0521984 0)
(1.58732 0.0458319 0)
(1.586 0.0439807 0)
(1.58556 0.0436322 0)
(1.58717 0.0443993 0)
(1.58824 0.0454997 0)
(1.58691 0.0452636 0)
(1.58517 0.0440613 0)
(1.58159 0.0417292 0)
(1.57948 0.0401176 0)
(1.57836 0.039645 0)
(1.57803 0.039581 0)
(1.57905 0.040727 0)
(1.57926 0.0418746 0)
(1.57792 0.0417702 0)
(1.57627 0.0406061 0)
(1.57193 0.0368928 0)
(1.56682 0.0332927 0)
(1.56471 0.031725 0)
(1.56393 0.0318945 0)
(1.56365 0.0323173 0)
(1.56291 0.0325542 0)
(1.56186 0.0324703 0)
(1.56066 0.0319948 0)
(1.55844 0.030595 0)
(1.55557 0.0283165 0)
(1.55337 0.0266012 0)
(1.55212 0.0259768 0)
(1.55116 0.0263402 0)
(1.55032 0.0270646 0)
(1.54973 0.0277498 0)
(1.54938 0.0284242 0)
(1.54927 0.029088 0)
(1.54898 0.0293975 0)
(1.54844 0.0293563 0)
(1.54784 0.0291359 0)
(1.54654 0.028319 0)
(1.54362 0.0263476 0)
(1.54008 0.023696 0)
(1.5379 0.0220895 0)
(1.53673 0.0212609 0)
(1.53612 0.0210424 0)
(1.53555 0.0213224 0)
(1.53531 0.0219892 0)
(1.53538 0.0230869 0)
(1.5357 0.0247316 0)
(1.53631 0.0266975 0)
(1.53654 0.0280759 0)
(1.53637 0.0283171 0)
(1.53543 0.0278088 0)
(1.53319 0.0263488 0)
(1.52961 0.0233442 0)
(1.52582 0.0204054 0)
(1.52408 0.0193785 0)
(1.52372 0.0190926 0)
(1.52365 0.0189968 0)
(1.52377 0.0187498 0)
(1.52416 0.0184636 0)
(1.524 0.0183672 0)
(1.52355 0.0184597 0)
(1.52302 0.0190255 0)
(1.52271 0.0203738 0)
(1.52297 0.0224922 0)
(1.52339 0.0247683 0)
(1.52329 0.0257176 0)
(1.5227 0.0254714 0)
(1.5207 0.0239781 0)
(1.51696 0.0196696 0)
(1.51045 0.0113736 0)
(1.50314 0.00305656 0)
(1.50023 0.000205321 0)
(1.5 1.62785e-06 0)
(1.5 6.60944e-10 0)
(1.5 1.52967e-14 0)
(1.5 3.60664e-16 0)
(1.5 3.73326e-16 0)
(1.5 1.26969e-16 0)
(1.5 2.87938e-16 0)
(1.5 3.93818e-16 0)
(1.5 5.86049e-16 0)
(1.5 8.89679e-16 0)
(1.5 7.98546e-16 0)
(1.5 1.09624e-15 0)
(1.5 1.06132e-15 0)
(1.5 1.31976e-15 0)
(1.5 1.40283e-15 0)
(1.5 1.06329e-15 0)
(1.5 5.77093e-16 0)
(1.5 1.27342e-16 0)
(1.5 -1.57095e-17 0)
(1.5 -1.54398e-16 0)
(1.5 -3.89436e-16 0)
(1.5 -5.51499e-16 0)
(1.5 -7.12919e-16 0)
(1.5 -5.13329e-16 0)
(1.5 -6.00117e-17 0)
(1.5 3.80081e-17 0)
(1.5 1.66304e-16 0)
(1.5 1.85392e-16 0)
(1.5 1.27803e-16 0)
(1.5 1.02111e-16 0)
(1.5 1.64954e-16 0)
(1.5 6.27329e-17 0)
(1.5 -3.89115e-17 0)
(1.5 -2.05142e-16 0)
(1.5 -2.74467e-16 0)
(1.5 -2.93277e-17 0)
(1.5 -1.6578e-16 0)
(1.5 -8.36106e-16 0)
(1.5 -3.96213e-16 0)
(1.5 -1.60435e-17 0)
(1.5 -1.36602e-16 0)
(1.5 -2.45201e-16 0)
(1.5 -6.84327e-17 0)
(1.5 3.07507e-16 0)
(1.5 5.15448e-16 0)
(1.5 7.95129e-16 0)
(1.5 1.22364e-15 0)
(1.5 1.09729e-15 0)
(1.5 5.50247e-16 0)
(1.5 4.38533e-16 0)
(1.5 9.75769e-16 0)
(1.5 7.84241e-16 0)
(1.5 8.04834e-16 0)
(1.5 9.83598e-16 0)
(1.5 6.31726e-16 0)
(1.5 4.95136e-07 0)
(1.49995 0.000103539 0)
(1.498 0.00372275 0)
(1.47003 0.0451949 0)
(1.38756 0.173964 0)
(1.24188 0.340051 0)
(1.20271 0.412174 0)
(1.17992 0.449089 0)
(1.18006 0.446574 0)
(1.19146 0.444533 0)
(1.20192 0.44433 0)
(1.21362 0.442811 0)
(1.22572 0.438065 0)
(1.23882 0.43282 0)
(1.2506 0.427993 0)
(1.26162 0.423378 0)
(1.27359 0.417548 0)
(1.28637 0.411206 0)
(1.29663 0.405635 0)
(1.30556 0.399844 0)
(1.31533 0.394023 0)
(1.32675 0.38864 0)
(1.33993 0.383112 0)
(1.35242 0.37707 0)
(1.36312 0.372509 0)
(1.37383 0.365707 0)
(1.38295 0.357039 0)
(1.39118 0.347062 0)
(1.40279 0.33952 0)
(1.41276 0.334059 0)
(1.42381 0.328291 0)
(1.4361 0.320226 0)
(1.44548 0.312829 0)
(1.45282 0.306117 0)
(1.45956 0.29617 0)
(1.46522 0.286754 0)
(1.47278 0.276948 0)
(1.48171 0.266728 0)
(1.48914 0.25878 0)
(1.4965 0.252682 0)
(1.50483 0.246412 0)
(1.51391 0.239122 0)
(1.52237 0.230926 0)
(1.52864 0.22236 0)
(1.53084 0.212225 0)
(1.53002 0.200199 0)
(1.53466 0.191024 0)
(1.54263 0.184612 0)
(1.55126 0.177679 0)
(1.55802 0.171813 0)
(1.56316 0.167112 0)
(1.56792 0.161212 0)
(1.57166 0.152354 0)
(1.57286 0.140645 0)
(1.5728 0.13015 0)
(1.57504 0.123875 0)
(1.57889 0.118718 0)
(1.5833 0.112426 0)
(1.58729 0.104849 0)
(1.58997 0.0969903 0)
(1.59173 0.0904153 0)
(1.59335 0.0862977 0)
(1.59451 0.0829258 0)
(1.59471 0.0788914 0)
(1.59315 0.0732999 0)
(1.58889 0.0648382 0)
(1.58572 0.057208 0)
(1.58505 0.0546223 0)
(1.5853 0.0541493 0)
(1.58746 0.0550881 0)
(1.58908 0.0564989 0)
(1.58809 0.0561977 0)
(1.58647 0.0547504 0)
(1.58248 0.0514766 0)
(1.57953 0.0481342 0)
(1.5786 0.0473078 0)
(1.57839 0.0469414 0)
(1.57975 0.0479732 0)
(1.5806 0.0492684 0)
(1.57948 0.049108 0)
(1.57782 0.0476961 0)
(1.573 0.043148 0)
(1.56734 0.0384832 0)
(1.56504 0.0363093 0)
(1.56429 0.0364946 0)
(1.56434 0.0373641 0)
(1.56406 0.0380592 0)
(1.56303 0.038059 0)
(1.56186 0.0374412 0)
(1.5593 0.0351407 0)
(1.55617 0.0325894 0)
(1.55405 0.0308427 0)
(1.553 0.0303483 0)
(1.55201 0.0306243 0)
(1.55122 0.0309909 0)
(1.55058 0.03123 0)
(1.55007 0.031461 0)
(1.54982 0.0317772 0)
(1.54954 0.0319991 0)
(1.54903 0.0319488 0)
(1.54845 0.0316946 0)
(1.54733 0.0308947 0)
(1.54463 0.0289251 0)
(1.54083 0.0261274 0)
(1.53819 0.0243191 0)
(1.5371 0.0233785 0)
(1.53668 0.0232927 0)
(1.53639 0.02378 0)
(1.53659 0.0249025 0)
(1.53695 0.0266093 0)
(1.53728 0.0284853 0)
(1.53734 0.0298615 0)
(1.53707 0.0301917 0)
(1.53668 0.0295703 0)
(1.53567 0.0284018 0)
(1.53394 0.0268466 0)
(1.53078 0.0243437 0)
(1.5267 0.0217495 0)
(1.52427 0.0203967 0)
(1.52361 0.0199317 0)
(1.52343 0.0199655 0)
(1.52327 0.0202748 0)
(1.52316 0.0208072 0)
(1.52318 0.0214082 0)
(1.52332 0.0220177 0)
(1.52352 0.022915 0)
(1.52382 0.0243409 0)
(1.52431 0.026083 0)
(1.52442 0.0272017 0)
(1.52419 0.0270617 0)
(1.52336 0.0261184 0)
(1.52089 0.0241358 0)
(1.51616 0.0189535 0)
(1.50891 0.00996245 0)
(1.50225 0.00229416 0)
(1.50013 0.000126331 0)
(1.5 7.98081e-07 0)
(1.5 2.55623e-10 0)
(1.5 7.04619e-15 0)
(1.5 1.79163e-16 0)
(1.5 2.17595e-16 0)
(1.5 3.65641e-16 0)
(1.5 3.93693e-16 0)
(1.5 2.44318e-16 0)
(1.5 4.30864e-16 0)
(1.5 4.71442e-16 0)
(1.5 6.54901e-16 0)
(1.5 4.35156e-16 0)
(1.5 3.77858e-16 0)
(1.5 1.01315e-15 0)
(1.5 1.40412e-15 0)
(1.5 1.13938e-15 0)
(1.5 4.86045e-16 0)
(1.5 2.42968e-16 0)
(1.5 -4.30231e-17 0)
(1.5 -4.25183e-16 0)
(1.5 -4.4581e-16 0)
(1.5 -4.51362e-16 0)
(1.5 -9.88718e-16 0)
(1.5 -1.04803e-15 0)
(1.5 -8.49431e-16 0)
(1.5 -4.47772e-16 0)
(1.5 -2.04167e-16 0)
(1.5 -1.21535e-16 0)
(1.5 2.39867e-16 0)
(1.5 4.11245e-16 0)
(1.5 9.86118e-17 0)
(1.5 1.91326e-16 0)
(1.5 -5.10658e-17 0)
(1.5 1.11425e-16 0)
(1.5 -1.74678e-17 0)
(1.5 -3.95297e-16 0)
(1.5 -9.75751e-17 0)
(1.5 -6.38471e-16 0)
(1.5 -9.10075e-16 0)
(1.5 -4.43078e-16 0)
(1.5 -6.33667e-17 0)
(1.5 -1.73591e-16 0)
(1.5 -9.99032e-17 0)
(1.5 -5.90747e-17 0)
(1.5 3.02808e-16 0)
(1.5 5.81891e-16 0)
(1.5 6.90186e-16 0)
(1.5 6.85076e-16 0)
(1.5 4.93228e-16 0)
(1.5 1.43773e-16 0)
(1.5 -1.79143e-17 0)
(1.5 4.39244e-16 0)
(1.5 4.5821e-16 0)
(1.5 4.72155e-16 0)
(1.5 3.98377e-16 0)
(1.5 1.83791e-16 0)
(1.5 1.68419e-10 0)
(1.5 2.43195e-07 0)
(1.49998 4.04551e-05 0)
(1.49882 0.0021262 0)
(1.48462 0.0266859 0)
(1.40842 0.133551 0)
(1.30356 0.290489 0)
(1.21577 0.396735 0)
(1.20245 0.425874 0)
(1.19636 0.446364 0)
(1.20166 0.445734 0)
(1.20992 0.444304 0)
(1.22113 0.441885 0)
(1.23389 0.43834 0)
(1.24673 0.432459 0)
(1.25967 0.424704 0)
(1.2705 0.41888 0)
(1.28042 0.415105 0)
(1.29127 0.409922 0)
(1.30332 0.402694 0)
(1.31397 0.397379 0)
(1.32338 0.393885 0)
(1.33475 0.389346 0)
(1.34722 0.382519 0)
(1.35827 0.375548 0)
(1.3679 0.367686 0)
(1.37535 0.359437 0)
(1.3829 0.351579 0)
(1.39503 0.345815 0)
(1.40807 0.338698 0)
(1.41883 0.333114 0)
(1.42893 0.32753 0)
(1.43741 0.321211 0)
(1.44572 0.312421 0)
(1.45341 0.301156 0)
(1.45931 0.292394 0)
(1.46525 0.284809 0)
(1.4732 0.276423 0)
(1.48248 0.268012 0)
(1.49189 0.260038 0)
(1.50045 0.252956 0)
(1.50789 0.246815 0)
(1.51407 0.240332 0)
(1.51804 0.231263 0)
(1.51974 0.218234 0)
(1.52349 0.205898 0)
(1.53034 0.19978 0)
(1.53711 0.195461 0)
(1.54405 0.190856 0)
(1.55146 0.184743 0)
(1.55815 0.177271 0)
(1.56275 0.169812 0)
(1.56374 0.161597 0)
(1.56111 0.151151 0)
(1.56319 0.141792 0)
(1.56873 0.134967 0)
(1.57432 0.128076 0)
(1.57895 0.121293 0)
(1.58242 0.115015 0)
(1.58514 0.109265 0)
(1.58761 0.104542 0)
(1.58957 0.100263 0)
(1.59044 0.0954461 0)
(1.58911 0.088669 0)
(1.58518 0.0787913 0)
(1.58249 0.0705846 0)
(1.58225 0.0676631 0)
(1.58329 0.0669266 0)
(1.58637 0.0673094 0)
(1.58908 0.0682148 0)
(1.58892 0.0677532 0)
(1.58767 0.0661549 0)
(1.58342 0.0619862 0)
(1.57924 0.0571581 0)
(1.57823 0.055687 0)
(1.57808 0.0551402 0)
(1.5798 0.0558209 0)
(1.58143 0.056948 0)
(1.58078 0.0568031 0)
(1.57897 0.0550917 0)
(1.57404 0.0501132 0)
(1.56772 0.0448427 0)
(1.5649 0.0419887 0)
(1.56417 0.0418926 0)
(1.56459 0.0424833 0)
(1.565 0.0433081 0)
(1.56429 0.0433132 0)
(1.56298 0.0424493 0)
(1.56005 0.0396943 0)
(1.55685 0.0368604 0)
(1.5552 0.0349058 0)
(1.55434 0.0345267 0)
(1.55333 0.0346538 0)
(1.55241 0.0347283 0)
(1.55145 0.0347126 0)
(1.55075 0.0346994 0)
(1.55016 0.034746 0)
(1.54982 0.0348307 0)
(1.5494 0.0347753 0)
(1.54892 0.0345649 0)
(1.54801 0.033934 0)
(1.54558 0.031997 0)
(1.54162 0.0288641 0)
(1.53879 0.0265091 0)
(1.5377 0.0254211 0)
(1.53727 0.0255297 0)
(1.53726 0.0264295 0)
(1.53795 0.0281615 0)
(1.5387 0.0303814 0)
(1.53887 0.0320941 0)
(1.53851 0.0327516 0)
(1.53795 0.0325294 0)
(1.53663 0.0316791 0)
(1.5351 0.0305246 0)
(1.53333 0.0287563 0)
(1.53094 0.0262613 0)
(1.52792 0.0236964 0)
(1.52516 0.022 0)
(1.52389 0.0210296 0)
(1.52369 0.020823 0)
(1.52366 0.0205488 0)
(1.52386 0.0205031 0)
(1.52416 0.0209825 0)
(1.5246 0.0220434 0)
(1.52521 0.0238287 0)
(1.52587 0.0263677 0)
(1.52621 0.0289224 0)
(1.52596 0.0301917 0)
(1.52515 0.0303568 0)
(1.52292 0.0291594 0)
(1.51973 0.0255924 0)
(1.51456 0.0182608 0)
(1.50709 0.00817539 0)
(1.5014 0.00148284 0)
(1.50006 6.06895e-05 0)
(1.5 2.79699e-07 0)
(1.5 6.5634e-11 0)
(1.5 2.93175e-15 0)
(1.5 1.94102e-16 0)
(1.5 2.97295e-16 0)
(1.5 5.31789e-16 0)
(1.5 3.79012e-16 0)
(1.5 3.01727e-16 0)
(1.5 4.55459e-16 0)
(1.5 4.04218e-16 0)
(1.5 4.00986e-16 0)
(1.5 3.47034e-16 0)
(1.5 -1.15503e-16 0)
(1.5 5.19657e-17 0)
(1.5 7.74067e-16 0)
(1.5 8.39719e-16 0)
(1.5 5.67714e-16 0)
(1.5 1.86074e-16 0)
(1.5 4.26452e-17 0)
(1.5 -1.57041e-16 0)
(1.5 -1.28675e-16 0)
(1.5 -5.12965e-16 0)
(1.5 -6.13954e-16 0)
(1.5 -7.85124e-16 0)
(1.5 -1.10709e-15 0)
(1.5 -1.06166e-15 0)
(1.5 -3.90473e-16 0)
(1.5 -2.30367e-16 0)
(1.5 2.56337e-17 0)
(1.5 4.6667e-16 0)
(1.5 2.47558e-16 0)
(1.5 2.21299e-16 0)
(1.5 -1.38363e-16 0)
(1.5 -4.69869e-16 0)
(1.5 -2.69076e-16 0)
(1.5 -1.91484e-16 0)
(1.5 -3.32777e-17 0)
(1.5 -7.29833e-16 0)
(1.5 -6.13678e-16 0)
(1.5 -4.97961e-16 0)
(1.5 -4.86733e-16 0)
(1.5 -2.76954e-16 0)
(1.5 -3.07704e-16 0)
(1.5 -2.04472e-16 0)
(1.5 -2.3155e-16 0)
(1.5 1.51566e-16 0)
(1.5 3.94032e-16 0)
(1.5 5.70531e-16 0)
(1.5 1.76923e-16 0)
(1.5 2.84294e-16 0)
(1.5 6.08603e-16 0)
(1.5 5.79207e-16 0)
(1.5 -1.77294e-16 0)
(1.5 -5.72303e-17 0)
(1.5 1.0472e-16 0)
(1.5 -2.44504e-17 0)
(1.5 -3.22465e-16 0)
(1.5 8.43374e-15 0)
(1.5 6.81629e-11 0)
(1.5 6.45636e-08 0)
(1.49999 1.79259e-05 0)
(1.49956 0.00086588 0)
(1.49099 0.015195 0)
(1.44654 0.0870707 0)
(1.34308 0.233815 0)
(1.24398 0.368834 0)
(1.21578 0.416964 0)
(1.21603 0.429393 0)
(1.21641 0.440206 0)
(1.22348 0.44126 0)
(1.23111 0.440914 0)
(1.23952 0.437756 0)
(1.25225 0.432102 0)
(1.26539 0.42468 0)
(1.27815 0.417144 0)
(1.28962 0.411066 0)
(1.2987 0.407831 0)
(1.30868 0.404325 0)
(1.32048 0.398566 0)
(1.33266 0.392117 0)
(1.34297 0.385739 0)
(1.35135 0.379978 0)
(1.35947 0.372008 0)
(1.36906 0.362584 0)
(1.37853 0.355065 0)
(1.39012 0.350368 0)
(1.40101 0.345954 0)
(1.41212 0.340634 0)
(1.42372 0.333155 0)
(1.43218 0.325343 0)
(1.43708 0.318362 0)
(1.44392 0.308674 0)
(1.45211 0.299335 0)
(1.46017 0.290384 0)
(1.46909 0.282161 0)
(1.47661 0.276249 0)
(1.48443 0.270624 0)
(1.49324 0.263498 0)
(1.50151 0.255493 0)
(1.50774 0.247137 0)
(1.51017 0.236313 0)
(1.51061 0.224312 0)
(1.51603 0.217125 0)
(1.52377 0.212321 0)
(1.53257 0.206229 0)
(1.54083 0.199609 0)
(1.5472 0.194024 0)
(1.55201 0.188533 0)
(1.55451 0.180983 0)
(1.55407 0.169309 0)
(1.5549 0.156664 0)
(1.55932 0.149681 0)
(1.56388 0.145117 0)
(1.56843 0.140096 0)
(1.5727 0.134445 0)
(1.57672 0.128711 0)
(1.58041 0.123189 0)
(1.58319 0.118351 0)
(1.58474 0.112914 0)
(1.5837 0.104695 0)
(1.58017 0.0940473 0)
(1.57796 0.0850401 0)
(1.57831 0.0817063 0)
(1.5801 0.0802697 0)
(1.58426 0.0797066 0)
(1.58832 0.0802358 0)
(1.58877 0.0793347 0)
(1.58765 0.077333 0)
(1.58372 0.0724897 0)
(1.57866 0.0662687 0)
(1.57723 0.0636473 0)
(1.57729 0.0627706 0)
(1.57935 0.0631323 0)
(1.58176 0.0644413 0)
(1.58147 0.0641738 0)
(1.57999 0.0617154 0)
(1.57518 0.0564815 0)
(1.56833 0.0507659 0)
(1.56494 0.0473282 0)
(1.56418 0.0470772 0)
(1.56464 0.0476431 0)
(1.56555 0.04837 0)
(1.56515 0.0482189 0)
(1.56388 0.0470864 0)
(1.5607 0.0442064 0)
(1.55715 0.041385 0)
(1.55554 0.0398 0)
(1.55486 0.0396263 0)
(1.55428 0.0395204 0)
(1.5535 0.039351 0)
(1.5525 0.0388682 0)
(1.5513 0.0381768 0)
(1.55072 0.0379654 0)
(1.55022 0.0378008 0)
(1.54978 0.0376818 0)
(1.54931 0.0375101 0)
(1.54853 0.0370019 0)
(1.54649 0.0352656 0)
(1.54252 0.0322444 0)
(1.53912 0.0298129 0)
(1.53777 0.0287824 0)
(1.53738 0.0290652 0)
(1.53771 0.0301426 0)
(1.53896 0.0322571 0)
(1.54012 0.0345047 0)
(1.54007 0.0355165 0)
(1.53965 0.0354016 0)
(1.53847 0.0342496 0)
(1.53672 0.0325135 0)
(1.53505 0.0306031 0)
(1.53337 0.028792 0)
(1.53128 0.0271169 0)
(1.52856 0.0254605 0)
(1.52606 0.0237132 0)
(1.52468 0.0224383 0)
(1.52407 0.0224415 0)
(1.52361 0.0231068 0)
(1.52348 0.0239503 0)
(1.5239 0.0250547 0)
(1.52494 0.0267769 0)
(1.5262 0.0291312 0)
(1.5272 0.0313544 0)
(1.52723 0.0322211 0)
(1.52695 0.0317276 0)
(1.52616 0.0304048 0)
(1.52378 0.0284237 0)
(1.51928 0.0240986 0)
(1.51252 0.0156762 0)
(1.50495 0.00584524 0)
(1.50071 0.00079843 0)
(1.50002 2.24115e-05 0)
(1.5 6.66122e-08 0)
(1.5 1.01734e-11 0)
(1.5 6.22742e-16 0)
(1.5 3.44309e-16 0)
(1.5 5.13448e-16 0)
(1.5 3.78535e-16 0)
(1.5 4.81869e-16 0)
(1.5 2.92992e-16 0)
(1.5 4.80134e-16 0)
(1.5 6.95281e-16 0)
(1.5 6.26043e-16 0)
(1.5 6.20191e-16 0)
(1.5 3.95888e-16 0)
(1.5 5.93241e-16 0)
(1.5 8.63718e-16 0)
(1.5 7.47385e-16 0)
(1.5 5.51658e-16 0)
(1.5 6.85692e-16 0)
(1.5 4.91929e-16 0)
(1.5 -1.34754e-16 0)
(1.5 1.63329e-16 0)
(1.5 -2.35352e-17 0)
(1.5 -9.23959e-17 0)
(1.5 -3.4528e-16 0)
(1.5 -5.83691e-16 0)
(1.5 -8.94018e-16 0)
(1.5 -1.45745e-15 0)
(1.5 -7.50544e-16 0)
(1.5 -4.51529e-16 0)
(1.5 -3.11136e-16 0)
(1.5 5.56964e-17 0)
(1.5 9.03811e-17 0)
(1.5 3.54617e-17 0)
(1.5 -2.14466e-16 0)
(1.5 -2.80117e-16 0)
(1.5 -3.43859e-16 0)
(1.5 -2.10356e-16 0)
(1.5 7.53845e-17 0)
(1.5 -7.38056e-16 0)
(1.5 -6.49695e-16 0)
(1.5 -3.15306e-16 0)
(1.5 -2.69119e-16 0)
(1.5 -3.6939e-16 0)
(1.5 -6.5169e-16 0)
(1.5 -3.89701e-16 0)
(1.5 -3.4299e-16 0)
(1.5 3.01549e-18 0)
(1.5 -4.11597e-17 0)
(1.5 6.34445e-19 0)
(1.5 2.88396e-16 0)
(1.5 3.69208e-17 0)
(1.5 1.38223e-17 0)
(1.5 5.08483e-17 0)
(1.5 -5.17115e-16 0)
(1.5 -4.85325e-16 0)
(1.5 -7.16794e-16 0)
(1.5 -4.95671e-16 0)
(1.5 -4.0452e-16 0)
(1.5 -1.43269e-15 0)
(1.5 2.8224e-15 0)
(1.5 1.17367e-11 0)
(1.5 2.09649e-08 0)
(1.5 4.57808e-06 0)
(1.49983 0.000347134 0)
(1.49635 0.00662354 0)
(1.46795 0.0527722 0)
(1.38805 0.17391 0)
(1.30438 0.30652 0)
(1.2217 0.419374 0)
(1.22507 0.421914 0)
(1.23162 0.42941 0)
(1.23433 0.434309 0)
(1.24054 0.43615 0)
(1.24956 0.434647 0)
(1.25872 0.430736 0)
(1.27027 0.425735 0)
(1.28269 0.419621 0)
(1.29608 0.412386 0)
(1.30779 0.405118 0)
(1.31669 0.401378 0)
(1.3259 0.397568 0)
(1.33777 0.390186 0)
(1.34756 0.381627 0)
(1.35467 0.374379 0)
(1.36291 0.368656 0)
(1.37294 0.363102 0)
(1.38524 0.357263 0)
(1.39722 0.350551 0)
(1.40665 0.345456 0)
(1.41478 0.340041 0)
(1.42286 0.331696 0)
(1.43022 0.321605 0)
(1.43828 0.312279 0)
(1.44548 0.305901 0)
(1.45291 0.299581 0)
(1.4625 0.29231 0)
(1.47216 0.284392 0)
(1.48034 0.277453 0)
(1.48744 0.271018 0)
(1.49317 0.264 0)
(1.49701 0.254635 0)
(1.4995 0.242083 0)
(1.50481 0.231825 0)
(1.51228 0.226674 0)
(1.51974 0.222329 0)
(1.52688 0.218104 0)
(1.53385 0.213139 0)
(1.54035 0.206817 0)
(1.5452 0.199311 0)
(1.5465 0.188893 0)
(1.54422 0.176541 0)
(1.54632 0.168142 0)
(1.55195 0.163261 0)
(1.55791 0.157628 0)
(1.56397 0.151044 0)
(1.56908 0.144786 0)
(1.57313 0.139701 0)
(1.57621 0.13461 0)
(1.57797 0.128466 0)
(1.578 0.119503 0)
(1.57445 0.107609 0)
(1.57195 0.0965879 0)
(1.57299 0.0924485 0)
(1.57581 0.0904523 0)
(1.58087 0.0896833 0)
(1.58587 0.0889607 0)
(1.5878 0.087074 0)
(1.58787 0.0838989 0)
(1.58377 0.076878 0)
(1.57728 0.0683997 0)
(1.57581 0.0649706 0)
(1.57612 0.0643827 0)
(1.57862 0.0651374 0)
(1.58221 0.0660602 0)
(1.58303 0.0658109 0)
(1.58207 0.063881 0)
(1.57624 0.0590896 0)
(1.56861 0.0520479 0)
(1.56483 0.0484053 0)
(1.56431 0.0485571 0)
(1.56509 0.0497694 0)
(1.56647 0.051224 0)
(1.56645 0.0515146 0)
(1.56529 0.0505878 0)
(1.56153 0.0478976 0)
(1.55735 0.0447404 0)
(1.55562 0.0432803 0)
(1.55519 0.04336 0)
(1.55489 0.0437848 0)
(1.55427 0.0438906 0)
(1.55327 0.0436248 0)
(1.55157 0.0426485 0)
(1.55071 0.0419148 0)
(1.55036 0.041626 0)
(1.54999 0.0412528 0)
(1.54952 0.0409761 0)
(1.54885 0.0405456 0)
(1.5472 0.039044 0)
(1.54341 0.0360158 0)
(1.5397 0.0331331 0)
(1.53818 0.0317354 0)
(1.53777 0.0320125 0)
(1.53827 0.0333064 0)
(1.53992 0.0356794 0)
(1.5411 0.0378213 0)
(1.541 0.0384917 0)
(1.54048 0.0382314 0)
(1.53871 0.0368151 0)
(1.53633 0.0345733 0)
(1.53448 0.0323853 0)
(1.53309 0.0306346 0)
(1.53167 0.0290476 0)
(1.52983 0.0274529 0)
(1.52739 0.0260916 0)
(1.52493 0.0253637 0)
(1.52378 0.0253421 0)
(1.52366 0.0252809 0)
(1.52403 0.0251659 0)
(1.52499 0.0261227 0)
(1.52652 0.0285393 0)
(1.5283 0.032001 0)
(1.52917 0.0348344 0)
(1.52904 0.0358949 0)
(1.52794 0.0361823 0)
(1.52538 0.0349337 0)
(1.52219 0.0312104 0)
(1.51729 0.0238329 0)
(1.50998 0.0128941 0)
(1.50297 0.00360042 0)
(1.50028 0.000333508 0)
(1.5 5.93633e-06 0)
(1.5 1.06431e-08 0)
(1.5 1.01777e-12 0)
(1.5 6.11144e-16 0)
(1.5 4.62055e-16 0)
(1.5 4.79432e-16 0)
(1.5 8.38532e-16 0)
(1.5 9.29047e-16 0)
(1.5 4.08852e-16 0)
(1.5 9.00368e-16 0)
(1.5 1.18419e-15 0)
(1.5 8.6845e-16 0)
(1.5 6.99035e-16 0)
(1.5 3.7657e-16 0)
(1.5 5.32831e-16 0)
(1.5 1.09995e-15 0)
(1.5 1.15305e-15 0)
(1.5 6.1749e-16 0)
(1.5 4.00778e-16 0)
(1.5 5.67805e-16 0)
(1.5 5.70345e-16 0)
(1.5 -5.79612e-17 0)
(1.5 4.83868e-16 0)
(1.5 2.69336e-16 0)
(1.5 3.17225e-16 0)
(1.5 -1.44889e-16 0)
(1.5 -4.13137e-16 0)
(1.5 -6.51721e-16 0)
(1.5 -9.84945e-16 0)
(1.5 -7.20089e-16 0)
(1.5 -7.69565e-16 0)
(1.5 -6.1597e-16 0)
(1.5 -5.96814e-16 0)
(1.5 -3.36755e-16 0)
(1.5 -4.22318e-16 0)
(1.5 -3.85136e-16 0)
(1.5 -3.1959e-16 0)
(1.5 -5.64013e-16 0)
(1.5 -6.14407e-16 0)
(1.5 -2.9548e-16 0)
(1.5 -7.91165e-16 0)
(1.5 -7.62323e-16 0)
(1.5 -2.48026e-16 0)
(1.5 -6.63825e-16 0)
(1.5 -1.05291e-15 0)
(1.5 -3.5826e-16 0)
(1.5 -4.55664e-16 0)
(1.5 -6.78483e-16 0)
(1.5 1.31047e-16 0)
(1.5 1.62093e-17 0)
(1.5 -1.34389e-16 0)
(1.5 -1.66623e-16 0)
(1.5 -5.05344e-16 0)
(1.5 -2.50788e-16 0)
(1.5 -1.11016e-16 0)
(1.5 -3.35265e-16 0)
(1.5 -6.80325e-16 0)
(1.5 -9.10685e-16 0)
(1.5 -6.49259e-16 0)
(1.5 -9.16018e-17 0)
(1.5 -7.97373e-16 0)
(1.5 -8.06422e-16 0)
(1.5 -2.20916e-16 0)
(1.5 2.59164e-12 0)
(1.5 3.05481e-09 0)
(1.5 1.24337e-06 0)
(1.49995 9.42665e-05 0)
(1.49854 0.00273643 0)
(1.48479 0.0261892 0)
(1.43108 0.115605 0)
(1.3372 0.257966 0)
(1.28719 0.34981 0)
(1.23145 0.430525 0)
(1.23019 0.430129 0)
(1.24409 0.427492 0)
(1.25006 0.429034 0)
(1.2587 0.430049 0)
(1.26838 0.428898 0)
(1.2774 0.425254 0)
(1.28813 0.419923 0)
(1.29974 0.412998 0)
(1.31294 0.405548 0)
(1.32414 0.39795 0)
(1.33283 0.392489 0)
(1.34008 0.387589 0)
(1.34912 0.380957 0)
(1.36051 0.374141 0)
(1.37031 0.368282 0)
(1.37969 0.363869 0)
(1.38992 0.358356 0)
(1.40011 0.35123 0)
(1.40933 0.342821 0)
(1.41636 0.33442 0)
(1.42163 0.327458 0)
(1.42986 0.320713 0)
(1.44037 0.313299 0)
(1.44931 0.30596 0)
(1.45762 0.299917 0)
(1.46497 0.294344 0)
(1.47268 0.287695 0)
(1.48095 0.279368 0)
(1.48708 0.26997 0)
(1.48974 0.259294 0)
(1.49183 0.249635 0)
(1.49828 0.244249 0)
(1.50645 0.239732 0)
(1.51548 0.234045 0)
(1.52377 0.227868 0)
(1.5304 0.222276 0)
(1.53522 0.215972 0)
(1.53706 0.206942 0)
(1.53624 0.194386 0)
(1.53708 0.182452 0)
(1.54185 0.176074 0)
(1.54728 0.170629 0)
(1.55297 0.16472 0)
(1.55844 0.158673 0)
(1.56354 0.151867 0)
(1.56798 0.143754 0)
(1.57063 0.134616 0)
(1.56946 0.121921 0)
(1.56449 0.104855 0)
(1.56271 0.0900421 0)
(1.56488 0.0826103 0)
(1.5691 0.0767967 0)
(1.57668 0.0729849 0)
(1.58321 0.0697174 0)
(1.58471 0.0650269 0)
(1.58316 0.0582422 0)
(1.57801 0.0470471 0)
(1.5733 0.0355684 0)
(1.57327 0.0307686 0)
(1.57483 0.0299696 0)
(1.57899 0.0308656 0)
(1.58257 0.0324506 0)
(1.58319 0.0331033 0)
(1.58188 0.0320329 0)
(1.57648 0.0273906 0)
(1.56939 0.0218 0)
(1.5656 0.0212424 0)
(1.5662 0.0237395 0)
(1.5681 0.0280437 0)
(1.56919 0.0328225 0)
(1.5695 0.0362732 0)
(1.56803 0.0382985 0)
(1.56339 0.0383336 0)
(1.55842 0.0381638 0)
(1.5564 0.0395045 0)
(1.55641 0.0418938 0)
(1.55621 0.0443522 0)
(1.55566 0.0458892 0)
(1.55479 0.0463798 0)
(1.55296 0.0457848 0)
(1.55115 0.045008 0)
(1.55067 0.0448531 0)
(1.55037 0.0447921 0)
(1.55002 0.0446542 0)
(1.5494 0.0442848 0)
(1.54771 0.0429223 0)
(1.54421 0.0400009 0)
(1.54044 0.036986 0)
(1.53865 0.0354452 0)
(1.53823 0.0357208 0)
(1.53876 0.0369187 0)
(1.54047 0.0390958 0)
(1.54169 0.0407685 0)
(1.54158 0.0409387 0)
(1.54107 0.0401629 0)
(1.53923 0.0383982 0)
(1.53646 0.0362942 0)
(1.53435 0.03452 0)
(1.53298 0.0331063 0)
(1.53169 0.0317274 0)
(1.5301 0.0301678 0)
(1.52818 0.0282833 0)
(1.52628 0.0264702 0)
(1.52505 0.0258954 0)
(1.52473 0.0264641 0)
(1.52488 0.0281999 0)
(1.52587 0.0311009 0)
(1.52764 0.0347694 0)
(1.52929 0.037645 0)
(1.52956 0.0381669 0)
(1.5295 0.0370786 0)
(1.52877 0.0351873 0)
(1.5267 0.032836 0)
(1.52213 0.0285645 0)
(1.51508 0.0200244 0)
(1.50695 0.00896494 0)
(1.50144 0.00180835 0)
(1.50008 0.000104852 0)
(1.5 1.04679e-06 0)
(1.5 1.01999e-09 0)
(1.5 1.06676e-13 0)
(1.5 -7.94759e-16 0)
(1.5 -4.89384e-16 0)
(1.5 3.50905e-17 0)
(1.5 6.73709e-16 0)
(1.5 8.73501e-16 0)
(1.5 8.01393e-16 0)
(1.5 6.61974e-16 0)
(1.5 1.62326e-15 0)
(1.5 1.40238e-15 0)
(1.5 9.62131e-16 0)
(1.5 3.19724e-16 0)
(1.5 3.41202e-16 0)
(1.5 3.35173e-16 0)
(1.5 4.5965e-16 0)
(1.5 6.49709e-16 0)
(1.5 6.98225e-16 0)
(1.5 7.21264e-16 0)
(1.5 6.35291e-16 0)
(1.5 4.59159e-16 0)
(1.5 4.75419e-16 0)
(1.5 3.53866e-16 0)
(1.5 2.83915e-16 0)
(1.5 1.56278e-16 0)
(1.5 -1.61043e-16 0)
(1.5 -3.62586e-16 0)
(1.5 -5.37396e-16 0)
(1.5 -6.95605e-17 0)
(1.5 -7.09582e-16 0)
(1.5 -8.28059e-16 0)
(1.5 -7.35165e-16 0)
(1.5 -8.77502e-16 0)
(1.5 -9.74723e-16 0)
(1.5 -7.70966e-16 0)
(1.5 -9.15517e-16 0)
(1.5 -7.57887e-16 0)
(1.5 -6.70712e-16 0)
(1.5 -4.07966e-16 0)
(1.5 -5.64291e-16 0)
(1.5 -1.92029e-16 0)
(1.5 -4.99519e-16 0)
(1.5 -5.80405e-16 0)
(1.5 -7.58129e-16 0)
(1.5 -7.60958e-16 0)
(1.5 1.11152e-16 0)
(1.5 -4.37676e-17 0)
(1.5 -1.49502e-17 0)
(1.5 -2.315e-16 0)
(1.5 -5.83729e-17 0)
(1.5 -6.16425e-17 0)
(1.5 -2.09962e-16 0)
(1.5 -1.68936e-16 0)
(1.5 -8.40751e-17 0)
(1.5 -1.95496e-16 0)
(1.5 -1.55813e-16 0)
(1.5 -3.68175e-16 0)
(1.5 -5.55118e-17 0)
(1.5 3.44757e-17 0)
(1.5 9.07478e-17 0)
(1.5 -3.69487e-16 0)
(1.5 -5.64748e-16 0)
(1.5 -8.74904e-16 0)
(1.5 -6.68866e-16 0)
(1.5 2.0743e-13 0)
(1.5 5.40592e-10 0)
(1.5 1.95833e-07 0)
(1.49999 2.48014e-05 0)
(1.49958 0.000839148 0)
(1.49381 0.011353 0)
(1.46232 0.0639864 0)
(1.39256 0.183235 0)
(1.30907 0.315269 0)
(1.28445 0.370146 0)
(1.24767 0.430481 0)
(1.24517 0.430312 0)
(1.25804 0.426027 0)
(1.26681 0.424549 0)
(1.27538 0.425018 0)
(1.28504 0.422576 0)
(1.29486 0.417759 0)
(1.30579 0.412706 0)
(1.31544 0.405976 0)
(1.3271 0.398089 0)
(1.33837 0.389721 0)
(1.34665 0.385013 0)
(1.35448 0.381936 0)
(1.36487 0.376342 0)
(1.37639 0.368672 0)
(1.38584 0.361791 0)
(1.393 0.355655 0)
(1.39932 0.348584 0)
(1.40779 0.340231 0)
(1.41743 0.332048 0)
(1.42633 0.326136 0)
(1.43395 0.322149 0)
(1.44214 0.316634 0)
(1.45219 0.309124 0)
(1.46136 0.301241 0)
(1.46787 0.294739 0)
(1.47244 0.287648 0)
(1.47669 0.277662 0)
(1.4817 0.266775 0)
(1.48809 0.25894 0)
(1.49525 0.253965 0)
(1.50235 0.249149 0)
(1.50949 0.244442 0)
(1.51646 0.238726 0)
(1.52313 0.23051 0)
(1.52721 0.219711 0)
(1.526 0.205013 0)
(1.52578 0.189235 0)
(1.52947 0.179395 0)
(1.53451 0.168936 0)
(1.53961 0.15594 0)
(1.54482 0.141535 0)
(1.54996 0.126744 0)
(1.55362 0.111675 0)
(1.55401 0.0946673 0)
(1.55137 0.0741452 0)
(1.54768 0.0505846 0)
(1.54835 0.0314719 0)
(1.55184 0.0187938 0)
(1.55831 0.0104349 0)
(1.56686 0.00500641 0)
(1.57318 -0.00149416 0)
(1.57511 -0.00852175 0)
(1.57393 -0.0140313 0)
(1.5698 -0.0256702 0)
(1.56666 -0.0381854 0)
(1.5686 -0.0426902 0)
(1.57164 -0.0428224 0)
(1.5768 -0.0411557 0)
(1.58105 -0.0399053 0)
(1.58257 -0.0390036 0)
(1.58252 -0.0382373 0)
(1.57731 -0.040493 0)
(1.56971 -0.0443617 0)
(1.56797 -0.043576 0)
(1.57047 -0.0394806 0)
(1.57296 -0.0335264 0)
(1.5745 -0.0269721 0)
(1.57467 -0.020619 0)
(1.57234 -0.0151017 0)
(1.56723 -0.0121451 0)
(1.56297 -0.00853972 0)
(1.56227 -0.00208622 0)
(1.56298 0.0064074 0)
(1.56293 0.0158096 0)
(1.56169 0.0242519 0)
(1.55942 0.0305998 0)
(1.55633 0.0348279 0)
(1.55376 0.0383553 0)
(1.55259 0.0416226 0)
(1.55203 0.0440895 0)
(1.5515 0.0456543 0)
(1.55078 0.0463087 0)
(1.54925 0.0457351 0)
(1.54575 0.0437007 0)
(1.54135 0.0409218 0)
(1.53908 0.0393487 0)
(1.53863 0.0396339 0)
(1.53909 0.0407846 0)
(1.54079 0.042778 0)
(1.54188 0.0441388 0)
(1.54175 0.0441904 0)
(1.54103 0.043244 0)
(1.53898 0.0411601 0)
(1.5364 0.0384912 0)
(1.53437 0.0363828 0)
(1.53301 0.0350528 0)
(1.53182 0.0340317 0)
(1.5305 0.0330595 0)
(1.52877 0.0320279 0)
(1.52669 0.0310157 0)
(1.52534 0.0305692 0)
(1.52496 0.0308801 0)
(1.5254 0.0320858 0)
(1.52722 0.0348857 0)
(1.52973 0.0388229 0)
(1.53089 0.041375 0)
(1.53094 0.0420932 0)
(1.52971 0.0422213 0)
(1.52731 0.0407513 0)
(1.52438 0.0366243 0)
(1.51949 0.0285839 0)
(1.51189 0.0164258 0)
(1.50407 0.00535078 0)
(1.50052 0.000692695 0)
(1.50002 2.31869e-05 0)
(1.5 1.20978e-07 0)
(1.5 5.69812e-11 0)
(1.5 8.4094e-15 0)
(1.5 2.75088e-16 0)
(1.5 -1.07573e-16 0)
(1.5 -1.77875e-16 0)
(1.5 -1.43172e-16 0)
(1.5 3.37792e-16 0)
(1.5 4.05079e-16 0)
(1.5 5.29613e-16 0)
(1.5 1.11756e-15 0)
(1.5 1.03746e-15 0)
(1.5 8.12416e-16 0)
(1.5 6.97376e-16 0)
(1.5 1.71164e-16 0)
(1.5 -5.99108e-17 0)
(1.5 8.12325e-17 0)
(1.5 3.11264e-16 0)
(1.5 6.45762e-16 0)
(1.5 5.63968e-16 0)
(1.5 5.92326e-16 0)
(1.5 5.56691e-16 0)
(1.5 4.28021e-16 0)
(1.5 8.464e-16 0)
(1.5 3.59436e-16 0)
(1.5 3.91768e-18 0)
(1.5 7.75043e-17 0)
(1.5 5.50154e-17 0)
(1.5 -1.87341e-16 0)
(1.5 -4.12339e-16 0)
(1.5 -1.74689e-16 0)
(1.5 -8.60433e-16 0)
(1.5 -1.16515e-15 0)
(1.5 -8.60979e-16 0)
(1.5 -6.06353e-16 0)
(1.5 -1.04506e-15 0)
(1.5 -1.02452e-15 0)
(1.5 -1.02105e-15 0)
(1.5 -8.77893e-16 0)
(1.5 -5.62161e-16 0)
(1.5 -1.8555e-17 0)
(1.5 -2.13809e-16 0)
(1.5 2.68335e-16 0)
(1.5 -5.56658e-17 0)
(1.5 -5.82272e-16 0)
(1.5 -2.85393e-16 0)
(1.5 -5.4232e-16 0)
(1.5 -5.67787e-16 0)
(1.5 9.63501e-19 0)
(1.5 3.29412e-16 0)
(1.5 4.8256e-17 0)
(1.5 -1.0647e-16 0)
(1.5 -2.5255e-16 0)
(1.5 -2.65767e-16 0)
(1.5 -1.68219e-17 0)
(1.5 -1.33135e-16 0)
(1.5 -8.49183e-16 0)
(1.5 -1.04702e-15 0)
(1.5 -9.08668e-16 0)
(1.5 -4.79783e-16 0)
(1.5 -3.62669e-16 0)
(1.5 -3.39215e-16 0)
(1.5 -1.54473e-16 0)
(1.5 -3.36725e-16 0)
(1.5 -7.65485e-16 0)
(1.5 -1.32801e-15 0)
(1.5 -1.45958e-15 0)
(1.5 3.03904e-14 0)
(1.5 4.55073e-11 0)
(1.5 3.03952e-08 0)
(1.5 4.25102e-06 0)
(1.4999 0.000210061 0)
(1.49799 0.00379746 0)
(1.48382 0.029505 0)
(1.43473 0.112445 0)
(1.36506 0.235989 0)
(1.2964 0.3495 0)
(1.29106 0.382563 0)
(1.2639 0.422376 0)
(1.26417 0.428062 0)
(1.2716 0.424696 0)
(1.28178 0.42084 0)
(1.29172 0.419497 0)
(1.30198 0.41644 0)
(1.3112 0.410868 0)
(1.3209 0.405351 0)
(1.33016 0.399595 0)
(1.34153 0.392996 0)
(1.35318 0.38555 0)
(1.36222 0.37929 0)
(1.36924 0.374526 0)
(1.37741 0.367789 0)
(1.38734 0.358781 0)
(1.3952 0.350364 0)
(1.4023 0.345453 0)
(1.40994 0.341934 0)
(1.41991 0.336823 0)
(1.4308 0.330193 0)
(1.43938 0.323895 0)
(1.44559 0.317991 0)
(1.45251 0.310869 0)
(1.46013 0.30251 0)
(1.46611 0.292495 0)
(1.46994 0.281871 0)
(1.47468 0.274168 0)
(1.48183 0.26871 0)
(1.4891 0.261975 0)
(1.49609 0.251958 0)
(1.50322 0.238841 0)
(1.50866 0.22394 0)
(1.51002 0.205605 0)
(1.50664 0.179926 0)
(1.50628 0.153205 0)
(1.50881 0.131494 0)
(1.51182 0.109149 0)
(1.51688 0.0857169 0)
(1.52385 0.0653394 0)
(1.53003 0.0479972 0)
(1.53385 0.0309267 0)
(1.53578 0.0140666 0)
(1.53578 -0.00434586 0)
(1.53628 -0.0238882 0)
(1.53941 -0.038228 0)
(1.54454 -0.0467825 0)
(1.55107 -0.0509916 0)
(1.56014 -0.0526533 0)
(1.56875 -0.0529664 0)
(1.57306 -0.0522426 0)
(1.5769 -0.0560629 0)
(1.57588 -0.0658129 0)
(1.57203 -0.0754946 0)
(1.57225 -0.0786242 0)
(1.57531 -0.0776768 0)
(1.57966 -0.0746909 0)
(1.58523 -0.0690577 0)
(1.58896 -0.0653678 0)
(1.59114 -0.0654467 0)
(1.58878 -0.0700192 0)
(1.5826 -0.0759204 0)
(1.5774 -0.0776861 0)
(1.57786 -0.0747638 0)
(1.58103 -0.0693835 0)
(1.58448 -0.0613973 0)
(1.5864 -0.0555797 0)
(1.58626 -0.0530517 0)
(1.5818 -0.0534585 0)
(1.57546 -0.0529691 0)
(1.57346 -0.0489165 0)
(1.57423 -0.042411 0)
(1.57496 -0.034239 0)
(1.57434 -0.0255307 0)
(1.57163 -0.0175652 0)
(1.56737 -0.0104748 0)
(1.56372 -0.00311985 0)
(1.5616 0.00503081 0)
(1.56015 0.0138224 0)
(1.55845 0.0229307 0)
(1.55614 0.0309447 0)
(1.55295 0.0363174 0)
(1.54823 0.0385334 0)
(1.54311 0.0387734 0)
(1.54008 0.0395113 0)
(1.53943 0.0412356 0)
(1.53965 0.0433146 0)
(1.54083 0.0456323 0)
(1.54188 0.0468385 0)
(1.54195 0.0466982 0)
(1.54137 0.0456746 0)
(1.53924 0.0438297 0)
(1.53623 0.0415547 0)
(1.53404 0.0394105 0)
(1.53297 0.037639 0)
(1.53218 0.0362171 0)
(1.53113 0.0351364 0)
(1.52965 0.0341551 0)
(1.52799 0.033325 0)
(1.52709 0.0333644 0)
(1.52673 0.0349036 0)
(1.5272 0.038037 0)
(1.52864 0.0417676 0)
(1.53016 0.0441367 0)
(1.53049 0.0436945 0)
(1.5307 0.0419324 0)
(1.53028 0.0398457 0)
(1.52861 0.0371884 0)
(1.52407 0.0325531 0)
(1.51674 0.0232793 0)
(1.50809 0.0109983 0)
(1.50189 0.00252802 0)
(1.50014 0.000194183 0)
(1.5 3.3272e-06 0)
(1.5 8.26854e-09 0)
(1.5 1.94537e-12 0)
(1.5 -6.12498e-16 0)
(1.5 -6.17501e-16 0)
(1.5 3.59105e-16 0)
(1.5 5.52692e-16 0)
(1.5 6.03425e-16 0)
(1.5 2.08276e-16 0)
(1.5 8.40237e-17 0)
(1.5 3.89116e-17 0)
(1.5 3.20419e-16 0)
(1.5 8.0551e-16 0)
(1.5 6.5913e-16 0)
(1.5 6.40716e-16 0)
(1.5 7.08313e-16 0)
(1.5 6.73303e-16 0)
(1.5 3.76351e-16 0)
(1.5 3.71978e-16 0)
(1.5 5.8351e-16 0)
(1.5 6.08633e-16 0)
(1.5 7.2775e-16 0)
(1.5 4.86028e-16 0)
(1.5 2.39575e-16 0)
(1.5 3.76508e-16 0)
(1.5 8.38768e-16 0)
(1.5 7.26363e-16 0)
(1.5 -2.08878e-17 0)
(1.5 -1.4201e-16 0)
(1.5 -3.82078e-16 0)
(1.5 -4.00456e-16 0)
(1.5 -2.34047e-16 0)
(1.5 -1.55092e-16 0)
(1.5 -4.07019e-16 0)
(1.5 -7.40389e-16 0)
(1.5 -8.38143e-16 0)
(1.5 -5.19141e-16 0)
(1.5 -8.71672e-16 0)
(1.5 -1.21542e-15 0)
(1.5 -5.33493e-16 0)
(1.5 -7.06614e-16 0)
(1.5 -6.90865e-16 0)
(1.5 -5.26636e-17 0)
(1.5 5.63534e-17 0)
(1.5 1.8907e-16 0)
(1.5 4.38227e-16 0)
(1.5 2.576e-16 0)
(1.5 3.65316e-16 0)
(1.5 1.59474e-18 0)
(1.5 -6.08589e-16 0)
(1.5 -1.48605e-16 0)
(1.5 1.24446e-16 0)
(1.5 -1.55907e-16 0)
(1.5 -5.38796e-16 0)
(1.5 -7.13e-16 0)
(1.5 -4.81212e-16 0)
(1.5 -5.1828e-16 0)
(1.5 -5.01412e-16 0)
(1.5 -9.1219e-16 0)
(1.5 -1.03822e-15 0)
(1.5 -6.25214e-16 0)
(1.5 -7.2459e-16 0)
(1.5 -3.85325e-16 0)
(1.5 -3.46994e-16 0)
(1.5 6.5219e-17 0)
(1.5 -2.40481e-17 0)
(1.5 -1.99941e-16 0)
(1.5 -6.36899e-16 0)
(1.5 -1.1593e-15 0)
(1.5 -9.47224e-16 0)
(1.5 1.44858e-15 0)
(1.5 3.82137e-12 0)
(1.5 2.58635e-09 0)
(1.5 5.67183e-07 0)
(1.49998 3.863e-05 0)
(1.49952 0.000981995 0)
(1.49419 0.010825 0)
(1.46986 0.0553092 0)
(1.41223 0.156237 0)
(1.34793 0.276507 0)
(1.29893 0.364487 0)
(1.2996 0.387763 0)
(1.28021 0.414069 0)
(1.27998 0.424026 0)
(1.28761 0.421449 0)
(1.29819 0.416162 0)
(1.30678 0.413966 0)
(1.31682 0.41141 0)
(1.32627 0.405669 0)
(1.33633 0.400031 0)
(1.34532 0.394527 0)
(1.35544 0.38691 0)
(1.366 0.377224 0)
(1.37376 0.369398 0)
(1.37959 0.364773 0)
(1.38747 0.35951 0)
(1.3986 0.354509 0)
(1.40883 0.349023 0)
(1.41675 0.343545 0)
(1.4236 0.339418 0)
(1.43172 0.333474 0)
(1.43991 0.323848 0)
(1.44666 0.312635 0)
(1.45191 0.302773 0)
(1.45653 0.290808 0)
(1.46061 0.276695 0)
(1.4649 0.258963 0)
(1.46908 0.236981 0)
(1.47359 0.212671 0)
(1.47803 0.185732 0)
(1.48046 0.154937 0)
(1.48006 0.121158 0)
(1.47921 0.0868432 0)
(1.47973 0.0561144 0)
(1.4824 0.0304687 0)
(1.48614 0.00751863 0)
(1.49312 -0.0125303 0)
(1.50208 -0.028241 0)
(1.5105 -0.0408427 0)
(1.51651 -0.0505568 0)
(1.51832 -0.0584297 0)
(1.51951 -0.070127 0)
(1.52082 -0.0843435 0)
(1.52644 -0.0947188 0)
(1.53393 -0.0974574 0)
(1.5425 -0.0964855 0)
(1.55158 -0.0911123 0)
(1.55655 -0.0873043 0)
(1.56163 -0.0872146 0)
(1.56401 -0.0906652 0)
(1.56244 -0.0983461 0)
(1.56167 -0.105273 0)
(1.56575 -0.106725 0)
(1.57099 -0.10496 0)
(1.57595 -0.0991922 0)
(1.57907 -0.0943243 0)
(1.58183 -0.0918492 0)
(1.58291 -0.0910894 0)
(1.58044 -0.0951949 0)
(1.57577 -0.100877 0)
(1.57544 -0.102413 0)
(1.57888 -0.100478 0)
(1.5819 -0.0934916 0)
(1.58323 -0.0872394 0)
(1.58413 -0.0838736 0)
(1.58328 -0.0824138 0)
(1.57967 -0.0848105 0)
(1.57682 -0.0865505 0)
(1.57793 -0.0840841 0)
(1.57989 -0.0780432 0)
(1.58055 -0.0705048 0)
(1.57982 -0.0644761 0)
(1.57817 -0.0604721 0)
(1.5752 -0.0575854 0)
(1.57255 -0.0536177 0)
(1.57205 -0.0475892 0)
(1.57213 -0.0398846 0)
(1.57138 -0.030508 0)
(1.56897 -0.0198384 0)
(1.56406 -0.00879137 0)
(1.55688 0.000625792 0)
(1.54966 0.0079296 0)
(1.54551 0.0158025 0)
(1.54459 0.0244826 0)
(1.54454 0.0328843 0)
(1.54433 0.0400712 0)
(1.5438 0.0446903 0)
(1.54307 0.0466125 0)
(1.54206 0.046743 0)
(1.54021 0.0455756 0)
(1.53736 0.043791 0)
(1.53448 0.0421611 0)
(1.53239 0.0411571 0)
(1.53112 0.040462 0)
(1.53028 0.0397231 0)
(1.52957 0.0388949 0)
(1.52889 0.0383051 0)
(1.52818 0.0385481 0)
(1.52805 0.0401779 0)
(1.52937 0.0430923 0)
(1.53085 0.0460161 0)
(1.53136 0.0473659 0)
(1.53118 0.0479093 0)
(1.52966 0.0476104 0)
(1.52785 0.0456375 0)
(1.52535 0.0409027 0)
(1.52048 0.0318388 0)
(1.5126 0.0183778 0)
(1.50445 0.00619517 0)
(1.50062 0.000887746 0)
(1.50002 3.7309e-05 0)
(1.5 3.0423e-07 0)
(1.5 3.19581e-10 0)
(1.5 8.04548e-14 0)
(1.5 -1.15979e-15 0)
(1.5 -1.11766e-15 0)
(1.5 -6.3807e-16 0)
(1.5 4.57537e-16 0)
(1.5 8.15547e-16 0)
(1.5 8.84941e-16 0)
(1.5 4.03449e-16 0)
(1.5 7.02762e-18 0)
(1.5 -2.12104e-16 0)
(1.5 -2.63603e-16 0)
(1.5 -5.0134e-17 0)
(1.5 6.76612e-16 0)
(1.5 1.06029e-15 0)
(1.5 1.26703e-15 0)
(1.5 1.50932e-15 0)
(1.5 1.19163e-15 0)
(1.5 6.12633e-16 0)
(1.5 3.91934e-16 0)
(1.5 5.14371e-16 0)
(1.5 6.75934e-16 0)
(1.5 3.95916e-16 0)
(1.5 2.98155e-16 0)
(1.5 5.65382e-16 0)
(1.5 5.77864e-16 0)
(1.5 3.50315e-16 0)
(1.5 -8.28207e-17 0)
(1.5 -3.28917e-16 0)
(1.5 -8.12089e-16 0)
(1.5 -6.15774e-16 0)
(1.5 -4.2631e-16 0)
(1.5 5.93151e-17 0)
(1.5 -1.28002e-16 0)
(1.5 -8.20416e-17 0)
(1.5 -4.85627e-16 0)
(1.5 -5.48523e-16 0)
(1.5 -6.64407e-16 0)
(1.5 -5.71518e-16 0)
(1.5 -2.59396e-16 0)
(1.5 -1.75621e-16 0)
(1.5 -1.76658e-16 0)
(1.5 5.64771e-17 0)
(1.5 3.16426e-16 0)
(1.5 4.49722e-16 0)
(1.5 1.00475e-15 0)
(1.5 1.21834e-15 0)
(1.5 5.2544e-16 0)
(1.5 3.7101e-16 0)
(1.5 -2.0714e-16 0)
(1.5 -7.00037e-16 0)
(1.5 -4.62914e-16 0)
(1.5 -7.44466e-16 0)
(1.5 -7.91276e-16 0)
(1.5 -6.25775e-16 0)
(1.5 -4.27849e-16 0)
(1.5 -4.13876e-16 0)
(1.5 -4.41537e-16 0)
(1.5 -4.74532e-16 0)
(1.5 -3.83991e-16 0)
(1.5 -9.66727e-17 0)
(1.5 -2.06578e-16 0)
(1.5 -1.27443e-16 0)
(1.5 -1.30539e-16 0)
(1.5 3.61933e-16 0)
(1.5 4.10906e-16 0)
(1.5 5.94246e-16 0)
(1.5 -2.44788e-16 0)
(1.5 -6.19633e-16 0)
(1.5 -4.99357e-16 0)
(1.5 -2.66439e-16 0)
(1.5 -2.48722e-16 0)
(1.5 1.54531e-13 0)
(1.5 1.69944e-10 0)
(1.5 5.20003e-08 0)
(1.5 5.03319e-06 0)
(1.49991 0.00019187 0)
(1.49853 0.00293256 0)
(1.48843 0.0217956 0)
(1.45647 0.0822874 0)
(1.39783 0.189491 0)
(1.34669 0.29612 0)
(1.30214 0.372032 0)
(1.30913 0.385803 0)
(1.29905 0.404277 0)
(1.29855 0.418171 0)
(1.30329 0.417321 0)
(1.31222 0.412999 0)
(1.32152 0.409566 0)
(1.33158 0.406294 0)
(1.34129 0.400248 0)
(1.35002 0.394092 0)
(1.35754 0.38704 0)
(1.36694 0.378951 0)
(1.37768 0.370736 0)
(1.38631 0.365026 0)
(1.39272 0.363218 0)
(1.40119 0.358521 0)
(1.41041 0.350056 0)
(1.41809 0.337683 0)
(1.42398 0.323966 0)
(1.42854 0.30634 0)
(1.43073 0.2827 0)
(1.43164 0.252035 0)
(1.43411 0.217506 0)
(1.43811 0.183302 0)
(1.44135 0.147904 0)
(1.44475 0.111939 0)
(1.45113 0.081155 0)
(1.45934 0.0547073 0)
(1.46479 0.0296335 0)
(1.46744 0.00594596 0)
(1.47049 -0.0140167 0)
(1.47476 -0.0290243 0)
(1.48152 -0.0395332 0)
(1.49063 -0.0440281 0)
(1.50254 -0.0437164 0)
(1.51176 -0.0469722 0)
(1.51705 -0.0488778 0)
(1.52134 -0.0554138 0)
(1.52324 -0.0670334 0)
(1.52366 -0.0761301 0)
(1.5272 -0.0771712 0)
(1.53273 -0.074815 0)
(1.54005 -0.0688099 0)
(1.54796 -0.0642596 0)
(1.5565 -0.0639318 0)
(1.56289 -0.0659584 0)
(1.5647 -0.0717257 0)
(1.56251 -0.0809525 0)
(1.55972 -0.0855088 0)
(1.56332 -0.083863 0)
(1.56929 -0.0807163 0)
(1.57539 -0.077791 0)
(1.58065 -0.0752944 0)
(1.5844 -0.0744323 0)
(1.58565 -0.0774752 0)
(1.58293 -0.0839874 0)
(1.57732 -0.0875254 0)
(1.57729 -0.0869812 0)
(1.58043 -0.083351 0)
(1.58467 -0.0768131 0)
(1.58765 -0.0711602 0)
(1.58937 -0.0688424 0)
(1.58914 -0.0701328 0)
(1.58482 -0.0735569 0)
(1.58116 -0.0725385 0)
(1.58275 -0.0692534 0)
(1.58557 -0.0625863 0)
(1.58759 -0.0572164 0)
(1.58849 -0.0537934 0)
(1.58749 -0.0519775 0)
(1.58468 -0.0518935 0)
(1.58228 -0.0506403 0)
(1.58229 -0.0472162 0)
(1.58358 -0.0425103 0)
(1.58454 -0.0371703 0)
(1.5843 -0.0323136 0)
(1.5821 -0.0289773 0)
(1.57737 -0.0271441 0)
(1.56947 -0.0248049 0)
(1.56241 -0.0195898 0)
(1.55925 -0.0113555 0)
(1.55785 -0.00175234 0)
(1.55654 0.00836089 0)
(1.55462 0.0185515 0)
(1.55161 0.0281224 0)
(1.54752 0.03578 0)
(1.54297 0.0403196 0)
(1.53875 0.0418607 0)
(1.53545 0.0416167 0)
(1.53321 0.0410849 0)
(1.53199 0.0410221 0)
(1.53136 0.0414905 0)
(1.53088 0.0423982 0)
(1.53037 0.0438218 0)
(1.52992 0.0458421 0)
(1.52984 0.048253 0)
(1.53021 0.0501202 0)
(1.53039 0.050009 0)
(1.53082 0.0481463 0)
(1.53086 0.0460574 0)
(1.53047 0.0436642 0)
(1.5286 0.0407315 0)
(1.52391 0.0351712 0)
(1.51663 0.0246417 0)
(1.50797 0.0114358 0)
(1.50186 0.00264466 0)
(1.50014 0.000217726 0)
(1.5 4.49025e-06 0)
(1.5 1.61761e-08 0)
(1.5 7.03434e-12 0)
(1.5 1.42436e-15 0)
(1.5 -1.12566e-15 0)
(1.5 -9.72775e-16 0)
(1.5 -1.12067e-16 0)
(1.5 3.31176e-16 0)
(1.5 6.15959e-16 0)
(1.5 7.68049e-16 0)
(1.5 4.58276e-16 0)
(1.5 2.23755e-16 0)
(1.5 -3.05096e-16 0)
(1.5 -6.81599e-16 0)
(1.5 -5.75793e-16 0)
(1.5 -5.6081e-16 0)
(1.5 2.41178e-16 0)
(1.5 7.29414e-16 0)
(1.5 1.09694e-15 0)
(1.5 1.45997e-15 0)
(1.5 7.82547e-16 0)
(1.5 2.79949e-16 0)
(1.5 2.16404e-16 0)
(1.5 4.75735e-16 0)
(1.5 4.11511e-16 0)
(1.5 4.05038e-16 0)
(1.5 6.56568e-16 0)
(1.5 9.01203e-16 0)
(1.5 6.31737e-16 0)
(1.5 1.5803e-16 0)
(1.5 4.85776e-17 0)
(1.5 -1.14227e-16 0)
(1.5 -1.74204e-16 0)
(1.5 -2.8216e-16 0)
(1.5 -3.6676e-17 0)
(1.5 1.98801e-16 0)
(1.5 -1.04652e-16 0)
(1.5 -2.19192e-16 0)
(1.5 -1.35881e-16 0)
(1.5 -7.22458e-16 0)
(1.5 -7.29075e-16 0)
(1.5 -5.43103e-16 0)
(1.5 -5.11593e-16 0)
(1.5 -2.91376e-16 0)
(1.5 -4.27018e-17 0)
(1.5 2.0421e-16 0)
(1.5 5.16423e-16 0)
(1.5 3.59305e-16 0)
(1.5 1.05382e-15 0)
(1.5 1.00396e-15 0)
(1.5 5.45503e-16 0)
(1.5 5.21015e-16 0)
(1.5 6.91197e-16 0)
(1.5 -4.22049e-17 0)
(1.5 -5.97125e-16 0)
(1.5 -5.59576e-16 0)
(1.5 -3.42907e-16 0)
(1.5 -2.35303e-16 0)
(1.5 -3.68949e-16 0)
(1.5 -1.49459e-16 0)
(1.5 -2.71717e-16 0)
(1.5 -2.39999e-16 0)
(1.5 -3.0931e-16 0)
(1.5 2.22292e-16 0)
(1.5 2.46214e-16 0)
(1.5 -2.48105e-16 0)
(1.5 -1.10016e-16 0)
(1.5 5.04555e-16 0)
(1.5 5.23156e-16 0)
(1.5 7.55151e-16 0)
(1.5 2.6285e-16 0)
(1.5 -4.39019e-16 0)
(1.5 -4.8255e-16 0)
(1.5 -4.75188e-16 0)
(1.5 -7.78891e-16 0)
(1.5 -4.84974e-16 0)
(1.5 7.93472e-15 0)
(1.5 6.98433e-12 0)
(1.5 3.03322e-09 0)
(1.5 4.77752e-07 0)
(1.49999 2.55615e-05 0)
(1.49972 0.000581236 0)
(1.49698 0.00604856 0)
(1.48263 0.0335627 0)
(1.447 0.104076 0)
(1.39367 0.20653 0)
(1.34807 0.305125 0)
(1.3125 0.372431 0)
(1.32085 0.383458 0)
(1.31562 0.396555 0)
(1.31368 0.411673 0)
(1.31863 0.412664 0)
(1.32756 0.40889 0)
(1.33656 0.40482 0)
(1.34485 0.402211 0)
(1.35307 0.396314 0)
(1.36045 0.389807 0)
(1.36994 0.381558 0)
(1.37946 0.371928 0)
(1.38597 0.357864 0)
(1.39039 0.336843 0)
(1.39511 0.309191 0)
(1.39772 0.273131 0)
(1.39809 0.22951 0)
(1.39907 0.183806 0)
(1.40137 0.140036 0)
(1.40535 0.0992239 0)
(1.40984 0.0610802 0)
(1.41572 0.0297392 0)
(1.4223 0.00641909 0)
(1.43069 -0.0113169 0)
(1.43755 -0.0286331 0)
(1.44425 -0.0448074 0)
(1.4489 -0.0586774 0)
(1.45409 -0.0688958 0)
(1.45885 -0.075595 0)
(1.46666 -0.0764531 0)
(1.47494 -0.0761773 0)
(1.48263 -0.0746155 0)
(1.49135 -0.0720789 0)
(1.49903 -0.0716593 0)
(1.50476 -0.071858 0)
(1.50892 -0.0734896 0)
(1.51105 -0.0765923 0)
(1.51602 -0.0749848 0)
(1.52351 -0.0717999 0)
(1.53189 -0.0652839 0)
(1.54002 -0.0588686 0)
(1.54769 -0.0566468 0)
(1.55459 -0.0576553 0)
(1.55805 -0.0621867 0)
(1.55648 -0.0661913 0)
(1.55461 -0.0661828 0)
(1.55947 -0.0634924 0)
(1.56609 -0.0603315 0)
(1.57185 -0.058959 0)
(1.57744 -0.0590459 0)
(1.58222 -0.0614706 0)
(1.58448 -0.0647926 0)
(1.58065 -0.0674861 0)
(1.57544 -0.0684015 0)
(1.57709 -0.0660348 0)
(1.58124 -0.0620492 0)
(1.58501 -0.0590294 0)
(1.58883 -0.0584995 0)
(1.59199 -0.0596549 0)
(1.59171 -0.0612376 0)
(1.58619 -0.0621967 0)
(1.58236 -0.0606845 0)
(1.58406 -0.0576693 0)
(1.58622 -0.0546012 0)
(1.58831 -0.0529632 0)
(1.59004 -0.0520089 0)
(1.58974 -0.0517852 0)
(1.58675 -0.0527967 0)
(1.58305 -0.0537164 0)
(1.58158 -0.0534159 0)
(1.58175 -0.0520012 0)
(1.58203 -0.0506306 0)
(1.58208 -0.0491486 0)
(1.58146 -0.0477446 0)
(1.57846 -0.0485096 0)
(1.57392 -0.050846 0)
(1.57149 -0.0506199 0)
(1.57132 -0.0461916 0)
(1.57122 -0.039043 0)
(1.5705 -0.0304956 0)
(1.56894 -0.021606 0)
(1.5663 -0.0127455 0)
(1.56216 -0.0035844 0)
(1.55615 0.00630808 0)
(1.54916 0.0161804 0)
(1.54301 0.0251127 0)
(1.53856 0.0328755 0)
(1.53568 0.0392116 0)
(1.53396 0.0438957 0)
(1.53314 0.0471149 0)
(1.53285 0.0495072 0)
(1.53259 0.0515785 0)
(1.53233 0.0529218 0)
(1.53212 0.0534084 0)
(1.53117 0.0536267 0)
(1.52971 0.0534596 0)
(1.52847 0.0522118 0)
(1.5271 0.0489761 0)
(1.52437 0.0427546 0)
(1.51917 0.0319548 0)
(1.51129 0.0175799 0)
(1.5038 0.005677 0)
(1.50052 0.000798864 0)
(1.50002 3.47887e-05 0)
(1.5 3.26191e-07 0)
(1.5 4.68862e-10 0)
(1.5 1.74548e-13 0)
(1.5 -1.1104e-15 0)
(1.5 -1.09427e-15 0)
(1.5 -4.98144e-16 0)
(1.5 1.54046e-16 0)
(1.5 8.0923e-16 0)
(1.5 9.94413e-16 0)
(1.5 8.80656e-16 0)
(1.5 7.5904e-16 0)
(1.5 2.11234e-16 0)
(1.5 3.53126e-17 0)
(1.5 -4.14488e-16 0)
(1.5 -1.67647e-15 0)
(1.5 -1.47257e-15 0)
(1.5 -7.4258e-16 0)
(1.5 -2.74139e-16 0)
(1.5 3.61307e-16 0)
(1.5 1.07689e-15 0)
(1.5 1.2981e-15 0)
(1.5 1.08714e-15 0)
(1.5 2.79337e-16 0)
(1.5 2.31802e-16 0)
(1.5 3.21917e-16 0)
(1.5 3.30748e-16 0)
(1.5 3.81198e-16 0)
(1.5 4.36837e-16 0)
(1.5 2.61595e-16 0)
(1.5 -1.56171e-16 0)
(1.5 -7.51098e-16 0)
(1.5 -9.61767e-16 0)
(1.5 -7.64475e-16 0)
(1.5 -4.67134e-16 0)
(1.5 -2.23928e-16 0)
(1.5 1.1316e-16 0)
(1.5 -1.49434e-16 0)
(1.5 3.09031e-17 0)
(1.5 -1.9793e-16 0)
(1.5 -5.04464e-16 0)
(1.5 -7.32627e-16 0)
(1.5 -9.26162e-16 0)
(1.5 -9.38336e-16 0)
(1.5 -1.00697e-15 0)
(1.5 6.8241e-18 0)
(1.5 3.43353e-16 0)
(1.5 4.05796e-16 0)
(1.5 5.8977e-16 0)
(1.5 4.01073e-16 0)
(1.5 3.68825e-16 0)
(1.5 3.89376e-16 0)
(1.5 7.64304e-16 0)
(1.5 9.85298e-16 0)
(1.5 9.26803e-16 0)
(1.5 5.97404e-16 0)
(1.5 -2.21566e-17 0)
(1.5 -3.14804e-16 0)
(1.5 -4.0605e-16 0)
(1.5 -4.60998e-16 0)
(1.5 -7.83477e-16 0)
(1.5 -4.68988e-16 0)
(1.5 -4.06842e-16 0)
(1.5 -1.36814e-16 0)
(1.5 6.02539e-17 0)
(1.5 -1.29803e-17 0)
(1.5 -5.6745e-17 0)
(1.5 -3.8203e-16 0)
(1.5 -4.93684e-17 0)
(1.5 3.94106e-16 0)
(1.5 6.31796e-16 0)
(1.5 5.15624e-16 0)
(1.5 4.63865e-16 0)
(1.5 1.47706e-16 0)
(1.5 -5.34624e-16 0)
(1.5 -5.95252e-16 0)
(1.5 -5.13309e-16 0)
(1.5 -4.79312e-16 0)
(1.5 -2.03537e-17 0)
(1.5 1.7417e-16 0)
(1.5 1.79498e-13 0)
(1.5 1.25846e-10 0)
(1.5 2.70814e-08 0)
(1.5 2.25251e-06 0)
(1.49997 7.55625e-05 0)
(1.49943 0.00120176 0)
(1.49537 0.0093987 0)
(1.47851 0.0428255 0)
(1.44303 0.116774 0)
(1.39676 0.212892 0)
(1.35696 0.303463 0)
(1.32715 0.365159 0)
(1.32888 0.383292 0)
(1.33511 0.394238 0)
(1.3337 0.406693 0)
(1.33626 0.408545 0)
(1.34149 0.404463 0)
(1.34774 0.394503 0)
(1.35256 0.376387 0)
(1.35316 0.349333 0)
(1.35515 0.314172 0)
(1.36015 0.272084 0)
(1.36628 0.224742 0)
(1.37364 0.176822 0)
(1.3796 0.134046 0)
(1.38446 0.0968952 0)
(1.38925 0.066608 0)
(1.3946 0.0427443 0)
(1.39945 0.0231105 0)
(1.40451 0.00616428 0)
(1.41008 -0.00841006 0)
(1.41466 -0.0200599 0)
(1.42001 -0.0298849 0)
(1.42477 -0.0389495 0)
(1.43097 -0.0473848 0)
(1.43657 -0.053284 0)
(1.44252 -0.0562058 0)
(1.4496 -0.0577098 0)
(1.45829 -0.056289 0)
(1.46742 -0.0541057 0)
(1.4765 -0.0531235 0)
(1.48465 -0.0544094 0)
(1.49328 -0.0569524 0)
(1.49936 -0.0608445 0)
(1.501 -0.0628992 0)
(1.50381 -0.0599414 0)
(1.51141 -0.0548125 0)
(1.52081 -0.0495774 0)
(1.53092 -0.0462492 0)
(1.5402 -0.0438629 0)
(1.54637 -0.0426454 0)
(1.54922 -0.044714 0)
(1.54749 -0.0507839 0)
(1.54386 -0.054871 0)
(1.54719 -0.0527994 0)
(1.5548 -0.0497792 0)
(1.56206 -0.0464775 0)
(1.56857 -0.0425169 0)
(1.57346 -0.0402341 0)
(1.57578 -0.0427864 0)
(1.57355 -0.0508184 0)
(1.56828 -0.0564808 0)
(1.56847 -0.0542498 0)
(1.57302 -0.0511314 0)
(1.57747 -0.0477326 0)
(1.5811 -0.0435582 0)
(1.58415 -0.0414119 0)
(1.58564 -0.0444759 0)
(1.58284 -0.0509162 0)
(1.57765 -0.0531812 0)
(1.57797 -0.0503217 0)
(1.58049 -0.0475509 0)
(1.58242 -0.0450359 0)
(1.58386 -0.0433038 0)
(1.58459 -0.0432579 0)
(1.58351 -0.0457026 0)
(1.58039 -0.0479776 0)
(1.5784 -0.0469811 0)
(1.57834 -0.0446145 0)
(1.57858 -0.0428081 0)
(1.57903 -0.0421945 0)
(1.57965 -0.042922 0)
(1.57875 -0.0443401 0)
(1.57486 -0.0440625 0)
(1.57369 -0.0425559 0)
(1.57494 -0.0389272 0)
(1.57669 -0.0322709 0)
(1.57762 -0.0255972 0)
(1.57801 -0.0195666 0)
(1.57737 -0.0144635 0)
(1.5753 -0.0103729 0)
(1.57219 -0.00688824 0)
(1.56777 -0.00354442 0)
(1.56141 0.00145247 0)
(1.55539 0.00862032 0)
(1.55089 0.0177019 0)
(1.54702 0.0279468 0)
(1.54314 0.038252 0)
(1.53928 0.0470702 0)
(1.53596 0.052695 0)
(1.53368 0.0545549 0)
(1.53223 0.0538792 0)
(1.53142 0.0520555 0)
(1.53057 0.0495148 0)
(1.52922 0.0466272 0)
(1.52621 0.0425982 0)
(1.52105 0.0347528 0)
(1.51389 0.0224091 0)
(1.50607 0.0094173 0)
(1.50128 0.00198861 0)
(1.50009 0.000155658 0)
(1.5 3.26393e-06 0)
(1.5 1.31077e-08 0)
(1.5 7.38896e-12 0)
(1.5 2.40068e-15 0)
(1.5 -1.44308e-15 0)
(1.5 -1.44489e-15 0)
(1.5 -6.15383e-16 0)
(1.5 3.476e-16 0)
(1.5 7.98618e-16 0)
(1.5 9.61909e-16 0)
(1.5 9.4463e-16 0)
(1.5 8.98884e-16 0)
(1.5 5.82185e-16 0)
(1.5 6.16575e-17 0)
(1.5 -1.82389e-16 0)
(1.5 -2.9142e-16 0)
(1.5 -1.12541e-15 0)
(1.5 -1.74257e-15 0)
(1.5 -1.1934e-15 0)
(1.5 -4.78627e-16 0)
(1.5 2.44915e-16 0)
(1.5 8.52143e-16 0)
(1.5 1.27953e-15 0)
(1.5 1.58176e-15 0)
(1.5 1.24478e-15 0)
(1.5 7.88543e-16 0)
(1.5 6.29544e-16 0)
(1.5 6.19555e-16 0)
(1.5 5.98288e-16 0)
(1.5 3.1281e-16 0)
(1.5 3.76684e-16 0)
(1.5 -1.36814e-16 0)
(1.5 -5.17733e-16 0)
(1.5 -1.10303e-15 0)
(1.5 -1.22449e-15 0)
(1.5 -7.9261e-16 0)
(1.5 -5.47502e-16 0)
(1.5 -3.78703e-16 0)
(1.5 -7.72706e-16 0)
(1.5 -3.87048e-16 0)
(1.5 -1.297e-16 0)
(1.5 -2.27758e-16 0)
(1.5 -4.28047e-16 0)
(1.5 -4.27187e-16 0)
(1.5 -3.67246e-16 0)
(1.5 -4.42691e-16 0)
(1.5 5.98329e-17 0)
(1.5 5.91864e-16 0)
(1.5 4.20602e-16 0)
(1.5 1.52569e-16 0)
(1.5 5.38949e-16 0)
(1.5 1.07194e-17 0)
(1.5 5.82362e-17 0)
(1.5 4.61844e-17 0)
(1.5 3.66322e-16 0)
(1.5 7.86015e-16 0)
(1.5 7.28973e-16 0)
(1.5 2.39732e-16 0)
(1.5 -3.19125e-16 0)
(1.5 -5.63013e-16 0)
(1.5 -9.45017e-16 0)
(1.5 -8.67738e-16 0)
(1.5 -7.98234e-16 0)
(1.5 -5.34651e-16 0)
(1.5 -1.65143e-16 0)
(1.5 1.03844e-16 0)
(1.5 -1.0158e-16 0)
(1.5 -4.37903e-16 0)
(1.5 -2.58879e-16 0)
(1.5 -2.71952e-16 0)
(1.5 2.24066e-16 0)
(1.5 9.43174e-16 0)
(1.5 4.4549e-16 0)
(1.5 3.75174e-16 0)
(1.5 1.60678e-16 0)
(1.5 -5.25554e-16 0)
(1.5 -4.00459e-16 0)
(1.5 -6.31174e-16 0)
(1.5 -1.52072e-16 0)
(1.5 5.23331e-16 0)
(1.5 5.50086e-16 0)
(1.5 -9.04001e-17 0)
(1.5 6.56351e-15 0)
(1.5 2.61071e-12 0)
(1.5 9.54373e-10 0)
(1.5 1.19661e-07 0)
(1.5 6.34722e-06 0)
(1.49993 0.000150848 0)
(1.49915 0.00184026 0)
(1.49436 0.0119014 0)
(1.4777 0.0468432 0)
(1.44566 0.118986 0)
(1.40879 0.208921 0)
(1.37769 0.293481 0)
(1.35546 0.357479 0)
(1.35437 0.372783 0)
(1.34575 0.368669 0)
(1.32991 0.343393 0)
(1.30851 0.301053 0)
(1.29407 0.246915 0)
(1.28785 0.188742 0)
(1.29171 0.13213 0)
(1.29485 0.0821104 0)
(1.29794 0.042524 0)
(1.30323 0.0142897 0)
(1.3089 -0.00853249 0)
(1.31537 -0.0254908 0)
(1.32287 -0.0361633 0)
(1.33101 -0.0415941 0)
(1.33934 -0.0442071 0)
(1.34921 -0.0454591 0)
(1.35981 -0.0454184 0)
(1.37013 -0.0441131 0)
(1.38051 -0.0436619 0)
(1.39098 -0.0429189 0)
(1.40072 -0.0428775 0)
(1.411 -0.0411621 0)
(1.42194 -0.0386369 0)
(1.43307 -0.036231 0)
(1.4443 -0.0343388 0)
(1.45497 -0.0327835 0)
(1.46532 -0.0326961 0)
(1.47415 -0.0339379 0)
(1.48052 -0.0355251 0)
(1.48482 -0.0358236 0)
(1.49137 -0.0341175 0)
(1.50064 -0.0309553 0)
(1.51018 -0.0284095 0)
(1.5192 -0.026592 0)
(1.52661 -0.024773 0)
(1.53176 -0.0239189 0)
(1.53367 -0.0265126 0)
(1.5325 -0.0319208 0)
(1.53259 -0.0347802 0)
(1.54058 -0.0342978 0)
(1.54899 -0.0327551 0)
(1.55637 -0.0298656 0)
(1.56197 -0.025858 0)
(1.56403 -0.023548 0)
(1.56221 -0.0264288 0)
(1.55902 -0.0323336 0)
(1.5599 -0.0353769 0)
(1.56619 -0.0354921 0)
(1.57168 -0.034676 0)
(1.57674 -0.0321938 0)
(1.58026 -0.0279574 0)
(1.58041 -0.0241775 0)
(1.57651 -0.0251056 0)
(1.57259 -0.0293568 0)
(1.57396 -0.0322164 0)
(1.57753 -0.0327148 0)
(1.58086 -0.0320152 0)
(1.5839 -0.0298792 0)
(1.5856 -0.0266311 0)
(1.58414 -0.0243889 0)
(1.57972 -0.0246475 0)
(1.57642 -0.0270594 0)
(1.57671 -0.0290801 0)
(1.57772 -0.0291672 0)
(1.57916 -0.0274084 0)
(1.5807 -0.0249773 0)
(1.58048 -0.0231006 0)
(1.57718 -0.0233148 0)
(1.57337 -0.0262117 0)
(1.57195 -0.0268199 0)
(1.5725 -0.0256668 0)
(1.57361 -0.0239553 0)
(1.5744 -0.0227344 0)
(1.57443 -0.021646 0)
(1.57325 -0.0205551 0)
(1.57104 -0.0193774 0)
(1.56826 -0.0186128 0)
(1.56533 -0.0192118 0)
(1.56265 -0.0201241 0)
(1.56061 -0.0193152 0)
(1.55884 -0.0150865 0)
(1.55666 -0.00806187 0)
(1.55385 0.000882304 0)
(1.55021 0.0110168 0)
(1.54545 0.0218374 0)
(1.53994 0.0329621 0)
(1.53475 0.0431777 0)
(1.53103 0.0503447 0)
(1.52881 0.0523023 0)
(1.52596 0.0489156 0)
(1.52124 0.0403023 0)
(1.51489 0.0270308 0)
(1.50765 0.0130227 0)
(1.50221 0.00364918 0)
(1.50026 0.000450831 0)
(1.50001 1.79698e-05 0)
(1.5 1.67399e-07 0)
(1.5 2.66408e-10 0)
(1.5 1.41848e-13 0)
(1.5 -8.29732e-16 0)
(1.5 -1.53786e-15 0)
(1.5 -1.17651e-15 0)
(1.5 -1.03196e-15 0)
(1.5 -3.3886e-16 0)
(1.5 4.85498e-16 0)
(1.5 1.20335e-15 0)
(1.5 1.25389e-15 0)
(1.5 9.26101e-16 0)
(1.5 2.07788e-16 0)
(1.5 -2.84003e-16 0)
(1.5 -4.62046e-16 0)
(1.5 -2.52053e-16 0)
(1.5 -2.956e-16 0)
(1.5 -2.88948e-16 0)
(1.5 -5.65609e-16 0)
(1.5 -9.42391e-16 0)
(1.5 -3.62776e-16 0)
(1.5 1.72078e-16 0)
(1.5 5.78695e-16 0)
(1.5 5.91515e-16 0)
(1.5 1.06229e-15 0)
(1.5 1.21209e-15 0)
(1.5 3.80444e-16 0)
(1.5 1.07469e-16 0)
(1.5 6.36944e-16 0)
(1.5 8.28912e-16 0)
(1.5 2.11999e-16 0)
(1.5 6.35074e-17 0)
(1.5 9.95661e-17 0)
(1.5 -1.95981e-16 0)
(1.5 -4.39669e-16 0)
(1.5 -6.27809e-16 0)
(1.5 -9.61347e-16 0)
(1.5 -5.73158e-16 0)
(1.5 -5.26592e-16 0)
(1.5 -1.21124e-15 0)
(1.5 -9.37394e-16 0)
(1.5 -3.91185e-16 0)
(1.5 1.41538e-16 0)
(1.5 -1.5845e-16 0)
(1.5 3.43912e-17 0)
(1.5 4.43999e-17 0)
(1.5 2.04602e-17 0)
(1.5 1.40702e-16 0)
(1.5 4.81581e-17 0)
(1.5 -7.00906e-17 0)
(1.5 3.78838e-16 0)
(1.5 4.76247e-16 0)
(1.5 2.33663e-17 0)
(1.5 -3.05829e-16 0)
(1.5 4.0618e-17 0)
(1.5 3.76233e-16 0)
(1.5 5.66501e-16 0)
(1.5 5.49871e-16 0)
(1.5 3.45241e-16 0)
(1.5 -3.16319e-16 0)
(1.5 -6.52675e-16 0)
(1.5 -8.66129e-16 0)
(1.5 -7.04402e-16 0)
(1.5 -8.65948e-16 0)
(1.5 -4.89991e-16 0)
(1.5 8.71212e-17 0)
(1.5 3.99029e-16 0)
(1.5 -1.18572e-16 0)
(1.5 -2.35491e-16 0)
(1.5 -2.24133e-16 0)
(1.5 -4.35955e-16 0)
(1.5 -1.72144e-17 0)
(1.5 3.07909e-16 0)
(1.5 1.14685e-16 0)
(1.5 5.56953e-17 0)
(1.5 -1.18705e-16 0)
(1.5 -3.41071e-16 0)
(1.5 -2.55823e-16 0)
(1.5 -4.31374e-16 0)
(1.5 2.1709e-17 0)
(1.5 5.96882e-16 0)
(1.5 5.29076e-16 0)
(1.5 -6.72039e-17 0)
(1.5 8.69227e-17 0)
(1.5 -1.30711e-16 0)
(1.5 4.39833e-14 0)
(1.5 1.58058e-11 0)
(1.5 3.22227e-09 0)
(1.5 2.6794e-07 0)
(1.49999 9.77561e-06 0)
(1.49989 0.000170591 0)
(1.49877 0.00165965 0)
(1.49265 0.00906515 0)
(1.47252 0.0312955 0)
(1.43265 0.0729309 0)
(1.38454 0.119964 0)
(1.33775 0.159772 0)
(1.30739 0.177397 0)
(1.29218 0.180978 0)
(1.28995 0.173735 0)
(1.28811 0.161562 0)
(1.28656 0.150969 0)
(1.28257 0.140103 0)
(1.28072 0.121872 0)
(1.27926 0.100354 0)
(1.28017 0.0787965 0)
(1.2862 0.0584563 0)
(1.29503 0.0398556 0)
(1.30494 0.0241655 0)
(1.31549 0.0117659 0)
(1.3264 0.000884411 0)
(1.33862 -0.00757504 0)
(1.35151 -0.0117116 0)
(1.36432 -0.014242 0)
(1.37552 -0.0160579 0)
(1.38559 -0.0176222 0)
(1.39441 -0.0180405 0)
(1.40406 -0.0166853 0)
(1.41477 -0.0152801 0)
(1.42563 -0.0142616 0)
(1.43586 -0.0134521 0)
(1.44483 -0.0130682 0)
(1.4527 -0.0132829 0)
(1.45976 -0.0139753 0)
(1.46556 -0.0133128 0)
(1.4725 -0.0119229 0)
(1.48112 -0.0105202 0)
(1.49059 -0.0101321 0)
(1.49987 -0.0109704 0)
(1.50755 -0.012356 0)
(1.51282 -0.0140133 0)
(1.51534 -0.0142391 0)
(1.51579 -0.0126189 0)
(1.5177 -0.0115675 0)
(1.52361 -0.0119697 0)
(1.53056 -0.0126951 0)
(1.53728 -0.0136646 0)
(1.54304 -0.0144934 0)
(1.54709 -0.014705 0)
(1.54829 -0.0139378 0)
(1.54618 -0.0129834 0)
(1.54512 -0.0130253 0)
(1.54877 -0.0138822 0)
(1.55411 -0.0149093 0)
(1.55889 -0.0152805 0)
(1.56304 -0.0149326 0)
(1.56619 -0.0140174 0)
(1.56665 -0.0133597 0)
(1.56246 -0.0131345 0)
(1.55889 -0.0135963 0)
(1.56109 -0.0143269 0)
(1.56477 -0.0145504 0)
(1.56792 -0.0143722 0)
(1.5706 -0.0135806 0)
(1.57288 -0.0128187 0)
(1.57221 -0.0125335 0)
(1.56761 -0.0125957 0)
(1.56442 -0.01268 0)
(1.5656 -0.0128028 0)
(1.56761 -0.0128858 0)
(1.56934 -0.0126115 0)
(1.5704 -0.0119818 0)
(1.56935 -0.011463 0)
(1.56577 -0.0118193 0)
(1.56301 -0.012347 0)
(1.56398 -0.0126468 0)
(1.56483 -0.0122042 0)
(1.5668 -0.0111253 0)
(1.56839 -0.0098018 0)
(1.56886 -0.00924878 0)
(1.56871 -0.00837062 0)
(1.5671 -0.00737787 0)
(1.56394 -0.00612601 0)
(1.56104 -0.00375394 0)
(1.56049 -0.000147891 0)
(1.56152 0.00486357 0)
(1.56256 0.00990339 0)
(1.56325 0.0142691 0)
(1.56283 0.0179901 0)
(1.56091 0.0208429 0)
(1.55772 0.0227957 0)
(1.55316 0.0240792 0)
(1.54668 0.0249402 0)
(1.538 0.0249779 0)
(1.52714 0.0229858 0)
(1.51683 0.0178721 0)
(1.50858 0.0103717 0)
(1.50292 0.00387744 0)
(1.50049 0.000738217 0)
(1.50003 5.2797e-05 0)
(1.5 1.03756e-06 0)
(1.5 4.14721e-09 0)
(1.5 2.73976e-12 0)
(1.5 1.588e-15 0)
(1.5 -3.39156e-16 0)
(1.5 -6.13355e-16 0)
(1.5 -8.36444e-16 0)
(1.5 -3.2582e-16 0)
(1.5 -3.24587e-16 0)
(1.5 -1.89346e-16 0)
(1.5 1.95908e-16 0)
(1.5 6.80542e-16 0)
(1.5 4.82454e-16 0)
(1.5 4.4628e-16 0)
(1.5 2.89965e-16 0)
(1.5 -1.39701e-16 0)
(1.5 -4.54265e-16 0)
(1.5 -1.81964e-16 0)
(1.5 -2.81446e-16 0)
(1.5 -2.30802e-16 0)
(1.5 -3.58206e-16 0)
(1.5 -8.22808e-16 0)
(1.5 1.0498e-17 0)
(1.5 2.64146e-16 0)
(1.5 4.00489e-16 0)
(1.5 3.51207e-16 0)
(1.5 3.70767e-16 0)
(1.5 5.01718e-16 0)
(1.5 2.33628e-16 0)
(1.5 1.71012e-16 0)
(1.5 5.69288e-16 0)
(1.5 5.20856e-16 0)
(1.5 2.76879e-16 0)
(1.5 -6.27481e-17 0)
(1.5 7.49451e-18 0)
(1.5 -2.79117e-16 0)
(1.5 -1.10165e-16 0)
(1.5 -2.303e-16 0)
(1.5 -4.06555e-16 0)
(1.5 -3.75379e-17 0)
(1.5 -2.35406e-16 0)
(1.5 -2.74885e-16 0)
(1.5 -5.97638e-16 0)
(1.5 -3.94004e-16 0)
(1.5 3.82396e-17 0)
(1.5 1.06642e-16 0)
(1.5 5.80117e-17 0)
(1.5 -3.94149e-17 0)
(1.5 -8.27161e-19 0)
(1.5 -3.98601e-18 0)
(1.5 -4.33399e-16 0)
(1.5 -4.04578e-16 0)
(1.5 1.05085e-16 0)
(1.5 3.26874e-16 0)
(1.5 2.32602e-16 0)
(1.5 -4.16125e-17 0)
(1.5 1.97022e-17 0)
(1.5 2.75501e-16 0)
(1.5 2.26902e-16 0)
(1.5 3.72612e-16 0)
(1.5 5.61395e-16 0)
(1.5 2.03702e-16 0)
(1.5 -6.14464e-17 0)
(1.5 -1.16061e-16 0)
(1.5 -2.86641e-16 0)
(1.5 -4.16343e-16 0)
(1.5 -5.96938e-16 0)
(1.5 -1.49238e-16 0)
(1.5 1.40732e-16 0)
(1.5 -1.38202e-16 0)
(1.5 -9.2189e-17 0)
(1.5 -1.99144e-16 0)
(1.5 -2.07939e-16 0)
)
;

boundaryField
{
    inlet
    {
        type            fixedValue;
        value           uniform (1.5 0 0);
    }
    outlet
    {
        type            inletOutlet;
        inletValue      uniform (1.5 0 0);
        value           nonuniform List<vector> 
64
(
(1.5 -2.50496e-16 0)
(1.5 -8.87447e-16 0)
(1.5 -9.78891e-16 0)
(1.5 -4.14742e-16 0)
(1.5 -1.15016e-15 0)
(1.5 -1.77302e-15 0)
(1.5 -1.56594e-15 0)
(1.5 -7.92008e-16 0)
(1.5 -4.99063e-16 0)
(1.5 -2.6297e-16 0)
(1.5 2.93376e-16 0)
(1.5 1.11756e-15 0)
(1.5 1.40835e-15 0)
(1.5 6.7652e-16 0)
(1.5 3.66006e-16 0)
(1.5 4.58295e-16 0)
(1.5 7.70991e-16 0)
(1.5 6.57043e-16 0)
(1.5 5.23907e-16 0)
(1.5 1.83876e-16 0)
(1.5 -2.36497e-16 0)
(1.5 4.19328e-17 0)
(1.5 4.46901e-16 0)
(1.5 5.07057e-16 0)
(1.5 4.25809e-16 0)
(1.5 2.47623e-16 0)
(1.5 3.116e-16 0)
(1.5 3.80085e-16 0)
(1.5 4.92087e-16 0)
(1.5 7.03699e-16 0)
(1.5 4.72112e-16 0)
(1.5 4.68231e-16 0)
(1.5 3.6794e-16 0)
(1.5 5.30849e-16 0)
(1.5 6.5142e-16 0)
(1.5 8.5641e-16 0)
(1.5 6.73741e-16 0)
(1.5 2.40525e-16 0)
(1.5 6.06447e-17 0)
(1.5 2.69056e-16 0)
(1.5 4.72379e-16 0)
(1.5 6.17041e-16 0)
(1.5 9.45011e-16 0)
(1.5 1.15081e-15 0)
(1.5 1.62618e-15 0)
(1.5 1.48715e-15 0)
(1.5 6.95179e-16 0)
(1.5 8.35785e-16 0)
(1.5 1.37097e-15 0)
(1.5 1.05799e-15 0)
(1.5 6.31726e-16 0)
(1.5 1.83791e-16 0)
(1.5 -3.22465e-16 0)
(1.5 -4.0452e-16 0)
(1.5 -9.16018e-17 0)
(1.5 9.07478e-17 0)
(1.5 -3.39215e-16 0)
(1.5 -3.46994e-16 0)
(1.5 -1.30539e-16 0)
(1.5 -1.10016e-16 0)
(1.5 -4.93684e-17 0)
(1.5 -2.71952e-16 0)
(1.5 -4.35955e-16 0)
(1.5 -2.07939e-16 0)
)
;
    }
    bottom
    {
        type            symmetryPlane;
    }
    top
    {
        type            symmetryPlane;
    }
    obstacle
    {
        type            slip;
    }
    defaultFaces
    {
        type            empty;
    }
}


// ************************************************************************* //
