/*--------------------------------*- C++ -*----------------------------------*\
  =========                 |
  \\      /  F ield         | OpenFOAM: The Open Source CFD Toolbox
   \\    /   O peration     | Website:  https://openfoam.org
    \\  /    A nd           | Version:  7
     \\/     M anipulation  |
\*---------------------------------------------------------------------------*/
FoamFile
{
    version     2.0;
    format      ascii;
    class       volVectorField;
    location    "3.5";
    object      U;
}
// * * * * * * * * * * * * * * * * * * * * * * * * * * * * * * * * * * * * * //

dimensions      [0 1 -1 0 0 0 0];

internalField   nonuniform List<vector> 
18432
(
(5 9.74479e-17 0)
(5 6.73206e-17 0)
(5 -1.7446e-16 0)
(5 9.30981e-17 0)
(5 2.29705e-16 0)
(5 -1.20632e-15 0)
(5 -1.41041e-15 0)
(5 -6.17193e-16 0)
(5 -7.28262e-17 0)
(5 3.24406e-16 0)
(5 1.85734e-15 0)
(5 1.80435e-15 0)
(5 4.43316e-16 0)
(5 -5.06336e-17 0)
(5 6.52359e-17 0)
(5 -2.20878e-15 0)
(5 -3.47685e-15 0)
(5 -2.57152e-15 0)
(5 -1.59468e-15 0)
(5 -1.71715e-15 0)
(5 -1.45194e-15 0)
(5 -1.98039e-15 0)
(5 -2.1484e-15 0)
(5 -1.53786e-15 0)
(5 1.67518e-15 0)
(5 3.33896e-15 0)
(5 1.90975e-15 0)
(5 1.94147e-15 0)
(5 5.21398e-16 0)
(5 -2.14548e-16 0)
(5 -2.26207e-16 0)
(5 -7.23919e-16 0)
(5 -8.41301e-16 0)
(5 -9.30614e-16 0)
(5 -1.7759e-15 0)
(5 -2.0819e-15 0)
(5 -6.50956e-16 0)
(5 3.53112e-15 0)
(5 2.11562e-15 0)
(5 -1.88318e-16 0)
(5 -1.35735e-15 0)
(5 -3.25079e-15 0)
(5 -3.15205e-15 0)
(5 -2.09334e-15 0)
(5 -5.86755e-16 0)
(5 7.23718e-16 0)
(5 2.76477e-15 0)
(5 2.73139e-15 0)
(5 2.56124e-15 0)
(5 3.2694e-15 0)
(5 3.15446e-15 0)
(5 3.37288e-15 0)
(5 4.22961e-15 0)
(5 2.42044e-15 0)
(5 -1.90915e-15 0)
(5 -3.17665e-15 0)
(5 -2.73937e-15 0)
(5 9.2477e-16 0)
(5 2.88245e-15 0)
(3.2175 0.00596205 0)
(1.09738 0.00484628 0)
(0.962608 0.0152773 0)
(0.931754 0.0147218 0)
(0.898579 0.0147108 0)
(0.868107 0.0144812 0)
(0.838359 0.0141453 0)
(0.809533 0.0138868 0)
(0.781019 0.0138477 0)
(0.752537 0.0137809 0)
(0.724415 0.0135506 0)
(0.69697 0.0133162 0)
(0.670079 0.0131482 0)
(0.643629 0.0129916 0)
(0.617598 0.0128503 0)
(0.592009 0.0127744 0)
(0.566676 0.0127831 0)
(0.541208 0.0127974 0)
(0.51553 0.0127391 0)
(0.490137 0.0125999 0)
(0.465314 0.0124263 0)
(0.440856 0.0123173 0)
(0.416494 0.012341 0)
(0.391967 0.0124285 0)
(0.367127 0.012503 0)
(0.341907 0.0125892 0)
(0.316351 0.0127444 0)
(0.290455 0.0129929 0)
(0.264043 0.0133329 0)
(0.236854 0.0137584 0)
(0.208619 0.0142546 0)
(0.179173 0.0148 0)
(0.14853 0.0153599 0)
(0.116826 0.0159095 0)
(0.084177 0.0164062 0)
(0.0508551 0.0166278 0)
(0.0174646 0.0168688 0)
(5 1.86845e-16 0)
(5 4.78355e-16 0)
(5 -1.76675e-16 0)
(5 -9.0532e-16 0)
(5 -5.76713e-16 0)
(5 -3.65176e-16 0)
(5 8.03801e-16 0)
(5 1.93522e-15 0)
(5 2.70563e-15 0)
(5 2.45781e-15 0)
(5 2.53446e-15 0)
(5 2.94232e-15 0)
(5 1.38217e-15 0)
(5 8.51389e-16 0)
(5 -1.61833e-16 0)
(5 -1.57841e-15 0)
(5 -2.69383e-15 0)
(5 -2.45701e-15 0)
(5 -1.74331e-15 0)
(5 -9.56567e-16 0)
(5 -8.3111e-16 0)
(5 -1.67013e-15 0)
(5 -1.54461e-15 0)
(5 -8.28745e-16 0)
(5 1.84419e-15 0)
(5 2.98219e-15 0)
(5 3.5621e-15 0)
(5 2.71649e-15 0)
(5 -3.66379e-16 0)
(5 -1.55481e-15 0)
(5 -2.75856e-15 0)
(5 -2.71185e-15 0)
(5 -2.73944e-15 0)
(5 -3.04758e-15 0)
(5 -4.13265e-15 0)
(5 -4.6399e-15 0)
(5 -1.678e-15 0)
(5 2.50924e-15 0)
(5 3.65389e-15 0)
(5 1.93207e-15 0)
(5 -7.1426e-16 0)
(5 -1.92203e-15 0)
(5 -3.07007e-15 0)
(5 -3.02298e-15 0)
(5 -2.49714e-15 0)
(5 1.99597e-15 0)
(5 3.27684e-15 0)
(5 2.46315e-15 0)
(5 3.12531e-15 0)
(5 4.84039e-15 0)
(5 3.6688e-15 0)
(5 2.47583e-15 0)
(5 2.51977e-15 0)
(5 2.07468e-15 0)
(5 -3.37598e-15 0)
(5 -5.88593e-15 0)
(5 -5.84299e-15 0)
(5 -1.51505e-15 0)
(5 3.94734e-15 0)
(3.23656 0.0318903 0)
(1.09063 0.0270296 0)
(0.949864 0.0432339 0)
(0.918422 0.0392329 0)
(0.885658 0.0391601 0)
(0.855547 0.0387523 0)
(0.826221 0.0380299 0)
(0.797847 0.0376018 0)
(0.769802 0.0379131 0)
(0.741745 0.0380928 0)
(0.713949 0.0377084 0)
(0.686692 0.0372246 0)
(0.659868 0.0368298 0)
(0.633447 0.0363961 0)
(0.607488 0.0360122 0)
(0.582052 0.0358565 0)
(0.556958 0.035986 0)
(0.531802 0.0362242 0)
(0.50646 0.036283 0)
(0.481395 0.0361001 0)
(0.456858 0.0357563 0)
(0.432684 0.0355572 0)
(0.408657 0.0357561 0)
(0.384538 0.0361634 0)
(0.360174 0.036544 0)
(0.335483 0.0369659 0)
(0.310498 0.0375858 0)
(0.285212 0.0384701 0)
(0.259451 0.0396181 0)
(0.232948 0.041013 0)
(0.205429 0.0426053 0)
(0.176714 0.0443329 0)
(0.146774 0.0461061 0)
(0.115697 0.0478533 0)
(0.0835597 0.0494457 0)
(0.0505968 0.0502233 0)
(0.0174247 0.0510879 0)
(5 7.64902e-17 0)
(5 -5.21422e-17 0)
(5 2.85208e-16 0)
(5 -3.15919e-16 0)
(5 6.92871e-16 0)
(5 2.61155e-15 0)
(5 2.9546e-15 0)
(5 2.03162e-15 0)
(5 1.57911e-15 0)
(5 1.69232e-15 0)
(5 1.68483e-15 0)
(5 1.29599e-15 0)
(5 6.41829e-16 0)
(5 -3.18891e-16 0)
(5 -1.16405e-16 0)
(5 4.1758e-17 0)
(5 7.94693e-16 0)
(5 7.51842e-16 0)
(5 -1.70518e-16 0)
(5 -1.56716e-15 0)
(5 -2.70319e-15 0)
(5 -1.05797e-15 0)
(5 1.85076e-17 0)
(5 1.75945e-15 0)
(5 1.53116e-15 0)
(5 2.02457e-15 0)
(5 1.91239e-15 0)
(5 -5.06427e-16 0)
(5 -8.18833e-16 0)
(5 -4.84205e-16 0)
(5 -1.62767e-15 0)
(5 -2.25774e-15 0)
(5 -2.78028e-15 0)
(5 -2.99046e-15 0)
(5 -7.04802e-16 0)
(5 1.27595e-15 0)
(5 2.52451e-15 0)
(5 3.13767e-15 0)
(5 1.49336e-15 0)
(5 7.5661e-17 0)
(5 9.62569e-17 0)
(5 -1.46935e-16 0)
(5 -8.63136e-16 0)
(5 -9.32246e-16 0)
(5 -6.72133e-17 0)
(5 6.77652e-16 0)
(5 1.11172e-16 0)
(5 -3.91066e-16 0)
(5 -1.23039e-16 0)
(5 -3.80546e-17 0)
(5 1.21926e-15 0)
(5 1.76627e-15 0)
(5 1.9504e-15 0)
(5 2.27323e-15 0)
(5 -5.24584e-16 0)
(5 -1.93753e-15 0)
(5 -1.71017e-15 0)
(5 -4.21758e-16 0)
(5 -2.75458e-15 0)
(3.30068 0.0626736 0)
(1.09408 0.0546929 0)
(0.944605 0.0736748 0)
(0.911702 0.0671651 0)
(0.877732 0.0663422 0)
(0.846859 0.0652135 0)
(0.817052 0.0636963 0)
(0.788373 0.0627456 0)
(0.760182 0.0631035 0)
(0.732083 0.0633362 0)
(0.704266 0.0627159 0)
(0.676924 0.0619944 0)
(0.649916 0.0614212 0)
(0.623235 0.0606984 0)
(0.597002 0.0599478 0)
(0.571346 0.0595428 0)
(0.546108 0.0596232 0)
(0.520902 0.0598687 0)
(0.495624 0.0599121 0)
(0.470686 0.0596436 0)
(0.446252 0.0591046 0)
(0.422211 0.0587448 0)
(0.398395 0.058999 0)
(0.374604 0.0595924 0)
(0.350681 0.0601619 0)
(0.326542 0.0608271 0)
(0.302197 0.0618314 0)
(0.277602 0.0632635 0)
(0.252556 0.0651202 0)
(0.226785 0.0673868 0)
(0.200026 0.0700007 0)
(0.172117 0.0728835 0)
(0.143032 0.0759018 0)
(0.112837 0.0789144 0)
(0.0815883 0.0816802 0)
(0.0494542 0.0830981 0)
(0.0170601 0.0846871 0)
(5 -2.66951e-16 0)
(5 -1.41293e-15 0)
(5 -9.38123e-16 0)
(5 3.54737e-16 0)
(5 2.07591e-15 0)
(5 6.92192e-16 0)
(5 -3.67317e-16 0)
(5 -8.63509e-16 0)
(5 -1.68821e-15 0)
(5 -1.1616e-15 0)
(5 4.91726e-16 0)
(5 1.30689e-15 0)
(5 1.06975e-15 0)
(5 6.64568e-16 0)
(5 4.39926e-16 0)
(5 3.3093e-16 0)
(5 6.27189e-16 0)
(5 8.91629e-16 0)
(5 5.90013e-16 0)
(5 -2.5939e-16 0)
(5 -9.3677e-16 0)
(5 -8.61981e-16 0)
(5 8.69404e-16 0)
(5 1.84167e-15 0)
(5 3.67029e-15 0)
(5 4.12994e-15 0)
(5 5.2055e-15 0)
(5 3.86092e-15 0)
(5 1.89485e-15 0)
(5 1.01899e-15 0)
(5 1.01292e-15 0)
(5 -1.55696e-16 0)
(5 -1.2138e-15 0)
(5 -4.81114e-16 0)
(5 2.79917e-15 0)
(5 5.84445e-15 0)
(5 5.09194e-15 0)
(5 3.83307e-15 0)
(5 1.09845e-15 0)
(5 2.13579e-16 0)
(5 -7.04137e-16 0)
(5 -4.34397e-16 0)
(5 -1.74614e-16 0)
(5 -5.25097e-16 0)
(5 -1.76231e-15 0)
(5 -2.00376e-15 0)
(5 -1.7221e-15 0)
(5 -1.57464e-15 0)
(5 -2.0614e-15 0)
(5 -2.16518e-15 0)
(5 -3.06507e-16 0)
(5 1.56863e-16 0)
(5 1.13258e-16 0)
(5 2.47267e-16 0)
(5 -9.51973e-16 0)
(5 -1.84703e-15 0)
(5 -2.25061e-15 0)
(5 -7.59529e-16 0)
(5 -4.08046e-15 0)
(3.40556 0.09447 0)
(1.10483 0.0869087 0)
(0.945052 0.104906 0)
(0.91307 0.0960297 0)
(0.87903 0.0945399 0)
(0.847921 0.0928276 0)
(0.817705 0.0906699 0)
(0.788512 0.0892056 0)
(0.759772 0.0895449 0)
(0.731112 0.0897733 0)
(0.702685 0.0889166 0)
(0.674645 0.0879908 0)
(0.64683 0.087272 0)
(0.619236 0.0862701 0)
(0.592028 0.0851043 0)
(0.565402 0.0843166 0)
(0.539244 0.0841412 0)
(0.513224 0.0841595 0)
(0.487262 0.0839779 0)
(0.461731 0.083488 0)
(0.436707 0.0826276 0)
(0.412128 0.0819274 0)
(0.387899 0.0820146 0)
(0.363896 0.0825792 0)
(0.339997 0.0831631 0)
(0.316155 0.0839566 0)
(0.29239 0.0852957 0)
(0.268613 0.087272 0)
(0.244549 0.0898523 0)
(0.219839 0.093002 0)
(0.194146 0.0966332 0)
(0.167277 0.10066 0)
(0.139188 0.104923 0)
(0.109935 0.109199 0)
(0.0795933 0.113127 0)
(0.0482789 0.115196 0)
(0.0166753 0.117533 0)
(5 -2.03835e-16 0)
(5 4.01056e-16 0)
(5 2.91177e-16 0)
(5 -2.76838e-16 0)
(5 -5.37801e-16 0)
(5 -3.25856e-16 0)
(5 -2.83436e-16 0)
(5 -3.92477e-16 0)
(5 -8.7968e-16 0)
(5 -1.55451e-15 0)
(5 4.79009e-16 0)
(5 3.45712e-15 0)
(5 4.14771e-15 0)
(5 2.90291e-15 0)
(5 1.44535e-15 0)
(5 2.86106e-16 0)
(5 -8.81573e-16 0)
(5 1.04186e-15 0)
(5 2.58478e-15 0)
(5 2.89765e-15 0)
(5 2.42145e-15 0)
(5 1.4612e-15 0)
(5 1.67336e-15 0)
(5 1.63476e-15 0)
(5 3.1124e-15 0)
(5 5.03092e-15 0)
(5 4.93133e-15 0)
(5 4.7875e-15 0)
(5 4.16315e-15 0)
(5 1.09048e-15 0)
(5 6.97993e-18 0)
(5 -9.05889e-16 0)
(5 -1.20831e-15 0)
(5 -6.12839e-16 0)
(5 1.26632e-15 0)
(5 3.91029e-15 0)
(5 1.70453e-15 0)
(5 -1.39418e-15 0)
(5 -1.6002e-15 0)
(5 -1.36481e-15 0)
(5 -9.99789e-16 0)
(5 -1.81143e-15 0)
(5 -1.46367e-15 0)
(5 -2.07826e-15 0)
(5 -3.1151e-15 0)
(5 -4.26509e-15 0)
(5 -1.29562e-15 0)
(5 -1.40343e-15 0)
(5 -2.53814e-15 0)
(5 -3.56828e-15 0)
(5 -1.66717e-15 0)
(5 1.31584e-15 0)
(5 1.75667e-15 0)
(5 2.08059e-15 0)
(5 1.16699e-15 0)
(5 -5.41814e-16 0)
(5 -2.76578e-15 0)
(5 -2.86886e-15 0)
(5 -3.35549e-15 0)
(3.56589 0.11865 0)
(1.12934 0.116377 0)
(0.954998 0.133706 0)
(0.924284 0.122805 0)
(0.88991 0.121466 0)
(0.858513 0.119409 0)
(0.827789 0.11669 0)
(0.797954 0.114921 0)
(0.768524 0.11545 0)
(0.739119 0.11593 0)
(0.709869 0.115116 0)
(0.680937 0.114269 0)
(0.652153 0.113699 0)
(0.623472 0.112708 0)
(0.595063 0.111371 0)
(0.567184 0.110373 0)
(0.539788 0.110047 0)
(0.512593 0.109892 0)
(0.485535 0.109528 0)
(0.458897 0.10887 0)
(0.432682 0.107721 0)
(0.406869 0.106609 0)
(0.381429 0.106319 0)
(0.356339 0.106537 0)
(0.331553 0.106748 0)
(0.307094 0.107228 0)
(0.28304 0.10844 0)
(0.259337 0.110536 0)
(0.235725 0.11352 0)
(0.211825 0.117384 0)
(0.187226 0.122006 0)
(0.161622 0.127253 0)
(0.134827 0.132898 0)
(0.106776 0.138558 0)
(0.0775117 0.14372 0)
(0.0470842 0.146491 0)
(0.0163032 0.149609 0)
(5 9.12631e-17 0)
(5 3.05363e-16 0)
(5 5.99296e-16 0)
(5 7.96886e-16 0)
(5 2.71754e-16 0)
(5 1.82476e-16 0)
(5 3.66588e-16 0)
(5 6.30669e-16 0)
(5 2.16659e-15 0)
(5 1.54811e-15 0)
(5 1.91405e-16 0)
(5 -3.88334e-17 0)
(5 1.37117e-15 0)
(5 2.1597e-15 0)
(5 2.69589e-15 0)
(5 1.56808e-15 0)
(5 1.13208e-15 0)
(5 1.93384e-15 0)
(5 1.61481e-15 0)
(5 9.59983e-16 0)
(5 3.97024e-16 0)
(5 3.65556e-16 0)
(5 2.06343e-15 0)
(5 3.20869e-15 0)
(5 3.37793e-15 0)
(5 2.57396e-15 0)
(5 1.68517e-15 0)
(5 1.75068e-15 0)
(5 6.09706e-16 0)
(5 3.17351e-17 0)
(5 -5.24364e-16 0)
(5 -3.26776e-16 0)
(5 8.28271e-16 0)
(5 1.06467e-15 0)
(5 1.10741e-15 0)
(5 5.10975e-16 0)
(5 -1.51274e-15 0)
(5 -2.95939e-15 0)
(5 -3.08251e-16 0)
(5 5.4128e-16 0)
(5 9.7279e-16 0)
(5 3.60727e-17 0)
(5 -6.85197e-16 0)
(5 -1.30877e-15 0)
(5 -6.18473e-16 0)
(5 -5.80154e-16 0)
(5 -7.06629e-16 0)
(5 -9.52491e-16 0)
(5 -2.01054e-15 0)
(5 -4.26736e-15 0)
(5 -2.00441e-15 0)
(5 1.38801e-15 0)
(5 2.25693e-15 0)
(5 2.03788e-15 0)
(5 3.54501e-15 0)
(5 3.30348e-15 0)
(5 2.80491e-15 0)
(5 3.23966e-15 0)
(5 2.81242e-15 0)
(3.7512 0.134345 0)
(1.15273 0.144823 0)
(0.959064 0.161756 0)
(0.92937 0.149855 0)
(0.895841 0.149084 0)
(0.865171 0.146867 0)
(0.834779 0.143764 0)
(0.805058 0.141672 0)
(0.775749 0.142269 0)
(0.746538 0.142871 0)
(0.717486 0.141956 0)
(0.688702 0.141052 0)
(0.659935 0.140573 0)
(0.631024 0.139615 0)
(0.602113 0.13815 0)
(0.573533 0.136966 0)
(0.545371 0.136504 0)
(0.517382 0.13622 0)
(0.489483 0.135772 0)
(0.46186 0.135111 0)
(0.434496 0.133873 0)
(0.407379 0.132524 0)
(0.380543 0.131967 0)
(0.354069 0.131892 0)
(0.327963 0.131718 0)
(0.302297 0.13177 0)
(0.277195 0.132589 0)
(0.252664 0.134367 0)
(0.228544 0.137192 0)
(0.204566 0.141199 0)
(0.180393 0.146378 0)
(0.155689 0.15263 0)
(0.130103 0.159663 0)
(0.103324 0.166818 0)
(0.075253 0.173332 0)
(0.0457899 0.176912 0)
(0.0159175 0.180896 0)
(5 2.1052e-16 0)
(5 1.62125e-16 0)
(5 -2.12537e-16 0)
(5 -3.12232e-16 0)
(5 -7.05776e-16 0)
(5 -1.3284e-15 0)
(5 -1.41253e-15 0)
(5 1.36727e-16 0)
(5 1.82954e-15 0)
(5 1.76508e-15 0)
(5 1.84466e-15 0)
(5 1.90154e-15 0)
(5 2.29062e-15 0)
(5 3.68567e-15 0)
(5 3.68055e-15 0)
(5 2.477e-15 0)
(5 2.61901e-15 0)
(5 8.51852e-16 0)
(5 -1.91989e-15 0)
(5 -1.92999e-15 0)
(5 -1.04131e-15 0)
(5 5.17413e-16 0)
(5 1.27595e-15 0)
(5 -9.7281e-17 0)
(5 -1.14183e-15 0)
(5 7.54958e-16 0)
(5 1.52118e-15 0)
(5 2.29177e-15 0)
(5 3.6544e-15 0)
(5 3.65087e-15 0)
(5 3.60166e-15 0)
(5 3.64505e-15 0)
(5 7.9547e-16 0)
(5 1.17116e-15 0)
(5 9.91768e-16 0)
(5 -3.41345e-16 0)
(5 9.33908e-17 0)
(5 1.94992e-16 0)
(5 -6.63513e-16 0)
(5 9.29674e-17 0)
(5 2.00871e-15 0)
(5 3.24467e-15 0)
(5 2.14448e-15 0)
(5 2.37879e-15 0)
(5 3.01903e-15 0)
(5 2.74644e-15 0)
(5 9.34155e-16 0)
(5 -9.08036e-16 0)
(5 -1.96693e-15 0)
(5 -2.20138e-15 0)
(5 -2.04548e-15 0)
(5 -1.33667e-15 0)
(5 -3.10791e-17 0)
(5 7.9967e-16 0)
(5 1.3486e-15 0)
(5 2.28858e-15 0)
(5 4.32117e-15 0)
(5 5.89664e-15 0)
(5 -5.73229e-16 0)
(3.9621 0.143593 0)
(1.18246 0.172172 0)
(0.961407 0.189919 0)
(0.930552 0.176934 0)
(0.896889 0.176096 0)
(0.867343 0.173579 0)
(0.838951 0.170013 0)
(0.811388 0.167614 0)
(0.783827 0.168198 0)
(0.755663 0.168984 0)
(0.726955 0.168178 0)
(0.698112 0.167473 0)
(0.669127 0.167389 0)
(0.63988 0.166789 0)
(0.610544 0.165439 0)
(0.581516 0.164178 0)
(0.552958 0.163612 0)
(0.524541 0.163253 0)
(0.496075 0.16281 0)
(0.467664 0.162253 0)
(0.43936 0.161019 0)
(0.411173 0.159482 0)
(0.383214 0.158673 0)
(0.355626 0.158331 0)
(0.328415 0.157831 0)
(0.301618 0.157511 0)
(0.27535 0.157934 0)
(0.249658 0.159277 0)
(0.224479 0.161666 0)
(0.199701 0.16537 0)
(0.175165 0.170562 0)
(0.150652 0.177323 0)
(0.125788 0.18546 0)
(0.100011 0.194029 0)
(0.073017 0.20193 0)
(0.0444581 0.206411 0)
(0.0155241 0.211351 0)
(5 8.86194e-17 0)
(5 6.97376e-16 0)
(5 4.9338e-16 0)
(5 -4.55208e-16 0)
(5 -1.54601e-15 0)
(5 -3.10717e-15 0)
(5 -1.44901e-15 0)
(5 6.34144e-16 0)
(5 5.96253e-16 0)
(5 1.19738e-15 0)
(5 2.91424e-15 0)
(5 2.19342e-15 0)
(5 1.77619e-15 0)
(5 9.17494e-16 0)
(5 4.77772e-16 0)
(5 -1.69404e-16 0)
(5 -6.42655e-16 0)
(5 -1.76428e-15 0)
(5 -2.91881e-15 0)
(5 -2.78476e-15 0)
(5 -8.38953e-16 0)
(5 2.5451e-15 0)
(5 1.89572e-15 0)
(5 2.51016e-16 0)
(5 5.94642e-18 0)
(5 9.52153e-16 0)
(5 1.94271e-15 0)
(5 4.48839e-15 0)
(5 4.94921e-15 0)
(5 2.16693e-15 0)
(5 2.84046e-15 0)
(5 4.49613e-15 0)
(5 5.77032e-15 0)
(5 2.39843e-15 0)
(5 1.28189e-15 0)
(5 1.56602e-15 0)
(5 3.50185e-16 0)
(5 -1.69083e-15 0)
(5 -2.52592e-15 0)
(5 1.3462e-17 0)
(5 4.45422e-15 0)
(5 6.24755e-15 0)
(5 6.34348e-15 0)
(5 4.78425e-15 0)
(5 2.15121e-15 0)
(5 1.5677e-15 0)
(5 4.60872e-16 0)
(5 -2.83907e-15 0)
(5 -3.92259e-15 0)
(5 -3.16318e-15 0)
(5 -3.34497e-15 0)
(5 -3.55491e-15 0)
(5 -3.10736e-15 0)
(5 -3.52686e-15 0)
(5 -2.64095e-15 0)
(5 -1.0265e-15 0)
(5 -4.12038e-17 0)
(5 2.47648e-15 0)
(5 -4.7693e-15 0)
(4.18354 0.145208 0)
(1.21733 0.204684 0)
(0.958007 0.218191 0)
(0.92817 0.203166 0)
(0.898648 0.201386 0)
(0.873714 0.197679 0)
(0.84832 0.193487 0)
(0.821892 0.191296 0)
(0.794142 0.193064 0)
(0.764952 0.195288 0)
(0.734887 0.195287 0)
(0.704982 0.194848 0)
(0.675632 0.194903 0)
(0.646789 0.194332 0)
(0.618299 0.192813 0)
(0.590038 0.191301 0)
(0.561852 0.190666 0)
(0.533362 0.190472 0)
(0.504469 0.190318 0)
(0.475374 0.190083 0)
(0.446306 0.188985 0)
(0.417343 0.187313 0)
(0.388611 0.186265 0)
(0.360235 0.185697 0)
(0.332157 0.184968 0)
(0.304348 0.184384 0)
(0.276917 0.184471 0)
(0.249965 0.185365 0)
(0.223524 0.187213 0)
(0.197619 0.190384 0)
(0.172247 0.195219 0)
(0.147331 0.201995 0)
(0.122608 0.210791 0)
(0.0973773 0.220496 0)
(0.07115 0.229685 0)
(0.043272 0.235082 0)
(0.0151763 0.24101 0)
(5 -4.32496e-16 0)
(5 -5.37408e-16 0)
(5 1.04537e-16 0)
(5 8.41565e-16 0)
(5 1.05872e-15 0)
(5 3.22647e-16 0)
(5 3.64658e-16 0)
(5 -1.45043e-16 0)
(5 -2.56084e-16 0)
(5 -3.62304e-16 0)
(5 -1.25356e-15 0)
(5 -2.58653e-15 0)
(5 -4.90408e-15 0)
(5 -4.00918e-15 0)
(5 -2.5508e-15 0)
(5 -1.76511e-15 0)
(5 -1.04647e-15 0)
(5 -1.06844e-15 0)
(5 7.08839e-16 0)
(5 1.3787e-15 0)
(5 2.32349e-15 0)
(5 3.09164e-15 0)
(5 3.89157e-15 0)
(5 4.85048e-15 0)
(5 4.32491e-15 0)
(5 2.97582e-15 0)
(5 2.71211e-15 0)
(5 3.39875e-15 0)
(5 3.27845e-15 0)
(5 3.23413e-15 0)
(5 1.14544e-15 0)
(5 1.80456e-16 0)
(5 1.88157e-15 0)
(5 3.14213e-15 0)
(5 2.23557e-15 0)
(5 1.68184e-15 0)
(5 1.58721e-17 0)
(5 -2.41835e-15 0)
(5 -2.91766e-15 0)
(5 9.36655e-16 0)
(5 1.4835e-15 0)
(5 2.14854e-15 0)
(5 2.52328e-15 0)
(5 2.70553e-15 0)
(5 2.19637e-15 0)
(5 1.42158e-15 0)
(5 8.89902e-16 0)
(5 -1.91074e-15 0)
(5 -2.44704e-15 0)
(5 -2.12355e-15 0)
(5 -1.53883e-15 0)
(5 -2.64843e-15 0)
(5 -2.89066e-15 0)
(5 -3.15477e-15 0)
(5 -2.27064e-15 0)
(5 -1.32491e-15 0)
(5 5.51212e-17 0)
(5 1.47349e-15 0)
(5 4.66769e-16 0)
(4.39718 0.14895 0)
(1.25842 0.246257 0)
(0.960221 0.244929 0)
(0.937627 0.227281 0)
(0.911813 0.222197 0)
(0.887925 0.218318 0)
(0.861029 0.216541 0)
(0.83152 0.2172 0)
(0.800131 0.221119 0)
(0.76809 0.224232 0)
(0.737202 0.223768 0)
(0.708511 0.222295 0)
(0.681343 0.221473 0)
(0.654445 0.220438 0)
(0.62695 0.219001 0)
(0.59863 0.218051 0)
(0.569708 0.218176 0)
(0.540331 0.218604 0)
(0.51082 0.218784 0)
(0.481598 0.218649 0)
(0.452848 0.217446 0)
(0.42429 0.215529 0)
(0.395695 0.214288 0)
(0.367038 0.213685 0)
(0.33828 0.212993 0)
(0.309476 0.212375 0)
(0.280838 0.21225 0)
(0.25258 0.212718 0)
(0.224838 0.213964 0)
(0.197736 0.216459 0)
(0.171371 0.220696 0)
(0.145745 0.227091 0)
(0.12074 0.236101 0)
(0.0956332 0.246584 0)
(0.0698371 0.256881 0)
(0.0423633 0.26314 0)
(0.0149235 0.270025 0)
(5 -2.1168e-16 0)
(5 -1.06709e-15 0)
(5 -5.84418e-16 0)
(5 8.24169e-16 0)
(5 2.11667e-15 0)
(5 2.58192e-15 0)
(5 1.35021e-15 0)
(5 1.06281e-15 0)
(5 9.31283e-16 0)
(5 -6.38871e-17 0)
(5 -7.27549e-16 0)
(5 -2.32701e-15 0)
(5 -3.79647e-15 0)
(5 -4.17878e-15 0)
(5 -4.12086e-15 0)
(5 -3.45497e-15 0)
(5 -2.41631e-15 0)
(5 -1.50147e-15 0)
(5 2.06578e-16 0)
(5 -5.08193e-16 0)
(5 -6.31769e-16 0)
(5 7.98985e-16 0)
(5 1.66805e-15 0)
(5 1.45932e-15 0)
(5 2.44635e-15 0)
(5 4.23402e-15 0)
(5 4.10667e-15 0)
(5 3.49537e-15 0)
(5 4.35604e-15 0)
(5 5.62817e-15 0)
(5 2.30856e-15 0)
(5 -1.64157e-15 0)
(5 -1.67858e-15 0)
(5 -4.28312e-16 0)
(5 -1.18716e-16 0)
(5 -1.06208e-15 0)
(5 -2.0619e-15 0)
(5 -2.36241e-15 0)
(5 -2.9877e-15 0)
(5 -5.08191e-15 0)
(5 -3.38728e-15 0)
(5 -1.81255e-15 0)
(5 1.70578e-16 0)
(5 2.80181e-15 0)
(5 4.18476e-15 0)
(5 3.06159e-15 0)
(5 3.16424e-15 0)
(5 3.76486e-15 0)
(5 2.37842e-15 0)
(5 6.83487e-16 0)
(5 -3.62367e-16 0)
(5 -4.38862e-16 0)
(5 -1.03613e-15 0)
(5 6.31365e-16 0)
(5 1.43081e-15 0)
(5 1.45416e-15 0)
(5 1.67876e-15 0)
(5 2.34605e-15 0)
(5 -1.5669e-15 0)
(4.62075 0.152499 0)
(1.32208 0.286815 0)
(0.981206 0.263578 0)
(0.961092 0.245141 0)
(0.933085 0.241673 0)
(0.905246 0.242121 0)
(0.873532 0.244312 0)
(0.840351 0.247435 0)
(0.807425 0.251954 0)
(0.775879 0.253944 0)
(0.746627 0.251174 0)
(0.719105 0.247663 0)
(0.691878 0.246406 0)
(0.66369 0.246448 0)
(0.634063 0.246491 0)
(0.603698 0.246514 0)
(0.573757 0.246921 0)
(0.544766 0.247125 0)
(0.516644 0.246801 0)
(0.489013 0.246202 0)
(0.461398 0.244855 0)
(0.43326 0.243152 0)
(0.404427 0.242371 0)
(0.375078 0.242308 0)
(0.345412 0.242031 0)
(0.315623 0.241555 0)
(0.285969 0.241261 0)
(0.256667 0.241288 0)
(0.227864 0.241909 0)
(0.199717 0.243666 0)
(0.172373 0.247177 0)
(0.145882 0.252911 0)
(0.120272 0.261745 0)
(0.0949019 0.272637 0)
(0.0691981 0.283833 0)
(0.0418321 0.290862 0)
(0.0147994 0.298632 0)
(5 3.6854e-16 0)
(5 4.25132e-16 0)
(5 2.45588e-16 0)
(5 8.91629e-16 0)
(5 1.17481e-15 0)
(5 8.75526e-16 0)
(5 -3.9712e-18 0)
(5 2.21493e-16 0)
(5 5.57378e-16 0)
(5 1.35124e-15 0)
(5 1.4684e-15 0)
(5 1.2125e-15 0)
(5 3.27868e-16 0)
(5 -5.59506e-16 0)
(5 -9.14423e-16 0)
(5 -4.12478e-16 0)
(5 -1.07804e-17 0)
(5 7.80046e-17 0)
(5 -7.68684e-16 0)
(5 -1.39687e-15 0)
(5 -2.1381e-15 0)
(5 -2.45389e-15 0)
(5 -2.76866e-15 0)
(5 -3.10014e-15 0)
(5 -6.58586e-16 0)
(5 -7.63407e-16 0)
(5 -5.29499e-16 0)
(5 -5.69124e-16 0)
(5 1.78628e-17 0)
(5 4.58363e-15 0)
(5 5.80385e-15 0)
(5 8.22517e-16 0)
(5 -1.86176e-15 0)
(5 -4.0836e-15 0)
(5 -3.46992e-15 0)
(5 -5.70498e-16 0)
(5 -3.55648e-16 0)
(5 -8.65068e-16 0)
(5 -1.72235e-15 0)
(5 -8.98879e-16 0)
(5 1.33751e-16 0)
(5 8.96661e-16 0)
(5 4.80959e-15 0)
(5 7.14588e-15 0)
(5 7.15436e-15 0)
(5 6.4957e-15 0)
(5 5.1649e-15 0)
(5 4.03432e-15 0)
(5 3.41728e-15 0)
(5 2.42438e-15 0)
(5 1.11228e-15 0)
(5 1.46149e-15 0)
(5 1.71389e-15 0)
(5 2.09384e-15 0)
(5 2.60186e-15 0)
(5 2.49325e-15 0)
(5 2.67793e-15 0)
(5 2.74067e-15 0)
(5 -1.48227e-15 0)
(4.84029 0.121256 0)
(1.39768 0.308281 0)
(1.0067 0.274911 0)
(0.988628 0.263422 0)
(0.956058 0.266496 0)
(0.924861 0.270786 0)
(0.891263 0.274875 0)
(0.857941 0.278082 0)
(0.825742 0.28129 0)
(0.794875 0.281144 0)
(0.765177 0.276957 0)
(0.735429 0.273667 0)
(0.704944 0.273909 0)
(0.673418 0.275676 0)
(0.641378 0.276532 0)
(0.610179 0.276085 0)
(0.580736 0.275244 0)
(0.552782 0.274218 0)
(0.525422 0.273265 0)
(0.49789 0.272867 0)
(0.469766 0.272317 0)
(0.440893 0.271501 0)
(0.41147 0.271425 0)
(0.381814 0.271858 0)
(0.352036 0.271876 0)
(0.322113 0.271478 0)
(0.29211 0.271048 0)
(0.262194 0.270742 0)
(0.232566 0.270868 0)
(0.20347 0.271966 0)
(0.175133 0.274752 0)
(0.147647 0.279658 0)
(0.12117 0.288008 0)
(0.0952023 0.298978 0)
(0.0692805 0.310869 0)
(0.0417363 0.318567 0)
(0.0148256 0.327128 0)
(5 1.17936e-16 0)
(5 5.99595e-16 0)
(5 1.59228e-16 0)
(5 -4.84344e-16 0)
(5 -1.18314e-15 0)
(5 -6.84623e-16 0)
(5 -1.39551e-15 0)
(5 -2.16827e-15 0)
(5 2.12287e-16 0)
(5 1.47797e-15 0)
(5 7.109e-16 0)
(5 8.9857e-16 0)
(5 1.31853e-15 0)
(5 1.60911e-15 0)
(5 2.36733e-15 0)
(5 2.18823e-15 0)
(5 2.27945e-15 0)
(5 2.42089e-15 0)
(5 2.41399e-15 0)
(5 2.70358e-15 0)
(5 2.13535e-15 0)
(5 1.33065e-15 0)
(5 -2.49526e-16 0)
(5 1.33786e-16 0)
(5 4.03019e-15 0)
(5 2.92538e-15 0)
(5 5.8885e-16 0)
(5 -4.01427e-16 0)
(5 8.94201e-16 0)
(5 2.02965e-15 0)
(5 2.48589e-15 0)
(5 1.15179e-15 0)
(5 -1.18419e-15 0)
(5 -2.3851e-15 0)
(5 -2.70965e-15 0)
(5 -2.63355e-15 0)
(5 -2.06357e-15 0)
(5 -2.23828e-15 0)
(5 -2.83715e-16 0)
(5 3.00656e-16 0)
(5 -7.68824e-16 0)
(5 -4.04512e-16 0)
(5 5.91369e-16 0)
(5 5.5934e-16 0)
(5 7.71426e-16 0)
(5 2.37801e-15 0)
(5 2.6613e-15 0)
(5 2.51628e-15 0)
(5 3.88717e-15 0)
(5 4.21484e-15 0)
(5 4.30812e-15 0)
(5 3.97371e-15 0)
(5 4.52281e-15 0)
(5 4.58351e-15 0)
(5 4.36597e-15 0)
(5 4.0951e-15 0)
(5 2.05167e-15 0)
(5 1.00942e-15 0)
(5 -3.06536e-17 0)
(4.96361 0.0266569 0)
(1.46234 0.326073 0)
(1.01892 0.277829 0)
(1.00495 0.286484 0)
(0.974675 0.293011 0)
(0.944751 0.298743 0)
(0.912706 0.303078 0)
(0.88078 0.305786 0)
(0.849532 0.308315 0)
(0.818514 0.308301 0)
(0.787067 0.305165 0)
(0.754578 0.303148 0)
(0.721339 0.304649 0)
(0.687707 0.307137 0)
(0.654502 0.307434 0)
(0.622888 0.305336 0)
(0.593001 0.302909 0)
(0.564056 0.301267 0)
(0.535197 0.300571 0)
(0.506101 0.300807 0)
(0.476844 0.300875 0)
(0.447556 0.300427 0)
(0.418316 0.300535 0)
(0.389069 0.301191 0)
(0.359582 0.301553 0)
(0.329644 0.30151 0)
(0.299304 0.301282 0)
(0.268808 0.300945 0)
(0.238439 0.300806 0)
(0.208481 0.301387 0)
(0.179172 0.30351 0)
(0.150619 0.307515 0)
(0.123081 0.315148 0)
(0.0962448 0.325894 0)
(0.0698591 0.338279 0)
(0.0419391 0.34653 0)
(0.0149379 0.355772 0)
(5 -9.0156e-17 0)
(5 -4.12649e-16 0)
(5 -6.31017e-17 0)
(5 -3.17608e-16 0)
(5 -6.97433e-16 0)
(5 -1.1705e-15 0)
(5 -8.65011e-16 0)
(5 -6.51228e-16 0)
(5 8.13077e-17 0)
(5 4.50096e-16 0)
(5 3.87986e-16 0)
(5 1.01419e-15 0)
(5 1.69134e-15 0)
(5 1.36035e-15 0)
(5 2.35903e-16 0)
(5 -2.66076e-16 0)
(5 -9.89147e-17 0)
(5 4.3807e-16 0)
(5 1.55141e-15 0)
(5 2.62191e-15 0)
(5 2.48077e-15 0)
(5 1.27433e-15 0)
(5 4.0308e-16 0)
(5 1.24002e-15 0)
(5 2.32565e-15 0)
(5 2.95341e-15 0)
(5 1.01631e-15 0)
(5 1.15199e-16 0)
(5 1.03358e-15 0)
(5 1.26465e-15 0)
(5 1.69144e-15 0)
(5 -5.05012e-19 0)
(5 -1.35111e-15 0)
(5 -2.80343e-15 0)
(5 -3.0747e-15 0)
(5 -3.63444e-15 0)
(5 -2.35942e-15 0)
(5 3.11133e-16 0)
(5 8.93606e-16 0)
(5 6.07294e-16 0)
(5 -4.3864e-16 0)
(5 -2.90336e-16 0)
(5 -5.10412e-16 0)
(5 -2.75273e-15 0)
(5 -2.45546e-15 0)
(5 -6.98487e-16 0)
(5 5.40762e-16 0)
(5 2.90977e-15 0)
(5 4.54697e-15 0)
(5 5.16143e-15 0)
(5 5.18823e-15 0)
(5 6.37326e-15 0)
(5 7.65378e-15 0)
(5 7.07479e-15 0)
(5 6.43395e-15 0)
(5 5.67595e-15 0)
(5 4.52131e-15 0)
(5 4.24478e-15 0)
(5 4.83522e-15 0)
(5.00647 0.00383431 0)
(1.54232 0.330022 0)
(1.01494 0.282964 0)
(1.00019 0.30884 0)
(0.974008 0.320167 0)
(0.947963 0.327252 0)
(0.921122 0.331548 0)
(0.894119 0.33334 0)
(0.866817 0.335148 0)
(0.838191 0.335752 0)
(0.807515 0.334285 0)
(0.774809 0.33392 0)
(0.740965 0.336544 0)
(0.706676 0.339278 0)
(0.672809 0.33872 0)
(0.640144 0.335389 0)
(0.608404 0.332309 0)
(0.577121 0.330667 0)
(0.546049 0.330098 0)
(0.515316 0.33027 0)
(0.485121 0.330128 0)
(0.455451 0.329449 0)
(0.426093 0.329508 0)
(0.396776 0.330463 0)
(0.367188 0.331377 0)
(0.337141 0.331867 0)
(0.30668 0.331975 0)
(0.275985 0.331748 0)
(0.245232 0.331536 0)
(0.214624 0.331804 0)
(0.184399 0.333436 0)
(0.154725 0.33659 0)
(0.125985 0.343375 0)
(0.0980664 0.353634 0)
(0.0709957 0.366306 0)
(0.042504 0.37498 0)
(0.0151656 0.384784 0)
(5 9.5747e-17 0)
(5 1.98732e-16 0)
(5 4.8402e-16 0)
(5 9.04628e-17 0)
(5 3.18694e-16 0)
(5 -1.94678e-17 0)
(5 -2.02123e-16 0)
(5 -3.22899e-17 0)
(5 -2.7686e-16 0)
(5 -9.07301e-16 0)
(5 3.90152e-16 0)
(5 1.56201e-15 0)
(5 2.77924e-15 0)
(5 1.92721e-15 0)
(5 -6.1492e-16 0)
(5 -1.10936e-15 0)
(5 -1.24262e-15 0)
(5 -8.34135e-16 0)
(5 2.72601e-16 0)
(5 7.64077e-16 0)
(5 2.42762e-15 0)
(5 3.36029e-15 0)
(5 2.62501e-15 0)
(5 8.28661e-16 0)
(5 6.08828e-16 0)
(5 -3.84666e-16 0)
(5 -1.07419e-15 0)
(5 9.93305e-17 0)
(5 1.39758e-15 0)
(5 2.50192e-15 0)
(5 1.45655e-17 0)
(5 -2.50949e-15 0)
(5 -2.03922e-15 0)
(5 -1.82017e-15 0)
(5 -2.68024e-15 0)
(5 -1.20465e-15 0)
(5 1.90529e-15 0)
(5 2.77159e-15 0)
(5 2.21853e-15 0)
(5 2.04615e-15 0)
(5 3.11457e-15 0)
(5 1.12786e-16 0)
(5 -2.60819e-16 0)
(5 5.95945e-17 0)
(5 8.47768e-16 0)
(5 5.48287e-16 0)
(5 1.38222e-15 0)
(5 2.09465e-15 0)
(5 2.259e-15 0)
(5 2.0264e-15 0)
(5 1.47186e-15 0)
(5 3.46871e-15 0)
(5 4.36955e-15 0)
(5 4.92883e-15 0)
(5 4.89841e-15 0)
(5 5.27281e-15 0)
(5 4.79984e-15 0)
(5 4.48394e-15 0)
(5 4.63505e-15 0)
(5.00008 -7.26938e-06 0)
(1.68099 0.357315 0)
(1.00286 0.29599 0)
(0.975517 0.323181 0)
(0.95479 0.339992 0)
(0.932926 0.349028 0)
(0.911471 0.354693 0)
(0.889528 0.357295 0)
(0.867609 0.360104 0)
(0.844544 0.362177 0)
(0.819045 0.362449 0)
(0.790426 0.363764 0)
(0.759273 0.367666 0)
(0.726545 0.370959 0)
(0.693314 0.370269 0)
(0.660216 0.366697 0)
(0.627048 0.36361 0)
(0.593798 0.362071 0)
(0.560686 0.361333 0)
(0.528134 0.360979 0)
(0.496429 0.360261 0)
(0.465517 0.359177 0)
(0.435158 0.359091 0)
(0.405141 0.360198 0)
(0.375196 0.361454 0)
(0.345084 0.362311 0)
(0.314662 0.362761 0)
(0.283876 0.362869 0)
(0.25274 0.362944 0)
(0.221419 0.363249 0)
(0.19021 0.364633 0)
(0.159379 0.367031 0)
(0.129411 0.372875 0)
(0.100335 0.382392 0)
(0.0724721 0.395148 0)
(0.0433072 0.404118 0)
(0.0154635 0.41438 0)
(5 -3.46422e-16 0)
(5 -4.73914e-17 0)
(5 -4.2487e-16 0)
(5 4.80849e-16 0)
(5 9.40181e-16 0)
(5 1.02072e-15 0)
(5 -2.42012e-17 0)
(5 -7.20868e-16 0)
(5 -1.17419e-15 0)
(5 -1.33195e-15 0)
(5 -1.61316e-15 0)
(5 -2.32593e-15 0)
(5 -2.3968e-15 0)
(5 -6.78563e-16 0)
(5 -1.1203e-15 0)
(5 -2.37958e-15 0)
(5 -2.4332e-15 0)
(5 -1.8395e-15 0)
(5 -1.57731e-15 0)
(5 -2.15856e-15 0)
(5 8.15493e-16 0)
(5 4.89121e-15 0)
(5 5.71568e-15 0)
(5 6.33819e-15 0)
(5 1.10094e-15 0)
(5 -2.87456e-15 0)
(5 -3.45594e-15 0)
(5 -3.86187e-15 0)
(5 -4.16345e-15 0)
(5 -2.83275e-15 0)
(5 -2.37097e-15 0)
(5 -2.31909e-15 0)
(5 -2.36165e-15 0)
(5 -1.3529e-15 0)
(5 1.93879e-16 0)
(5 5.0274e-16 0)
(5 2.07483e-16 0)
(5 1.18876e-17 0)
(5 1.52452e-15 0)
(5 1.74783e-15 0)
(5 1.82229e-15 0)
(5 2.37407e-15 0)
(5 2.52847e-16 0)
(5 -3.50967e-16 0)
(5 -8.73863e-16 0)
(5 -1.39709e-15 0)
(5 -1.16481e-15 0)
(5 -6.82955e-16 0)
(5 7.187e-16 0)
(5 3.75699e-16 0)
(5 1.13014e-15 0)
(5 1.1441e-15 0)
(5 1.32243e-15 0)
(5 1.65322e-15 0)
(5 3.64885e-15 0)
(5 3.85084e-15 0)
(5 4.49279e-15 0)
(5 4.45129e-15 0)
(5 5.15795e-15 0)
(5 -1.25606e-09 0)
(1.91036 0.407101 0)
(1.0087 0.33418 0)
(0.947922 0.339697 0)
(0.925594 0.351259 0)
(0.905667 0.361513 0)
(0.888822 0.36973 0)
(0.871488 0.373717 0)
(0.853983 0.377956 0)
(0.83538 0.382454 0)
(0.814843 0.385949 0)
(0.792275 0.390413 0)
(0.767461 0.396267 0)
(0.740045 0.400604 0)
(0.710528 0.400742 0)
(0.679389 0.398124 0)
(0.646571 0.396028 0)
(0.61249 0.395213 0)
(0.577869 0.394535 0)
(0.543558 0.393615 0)
(0.510074 0.392191 0)
(0.477497 0.390507 0)
(0.445733 0.38993 0)
(0.414712 0.390721 0)
(0.384206 0.391883 0)
(0.353868 0.392869 0)
(0.323345 0.393697 0)
(0.292374 0.394382 0)
(0.260853 0.395053 0)
(0.228914 0.395656 0)
(0.19687 0.396975 0)
(0.16502 0.398735 0)
(0.133883 0.403647 0)
(0.103569 0.412267 0)
(0.0747005 0.424974 0)
(0.0446067 0.43416 0)
(0.015925 0.444817 0)
(5 9.07643e-17 0)
(5 4.03384e-16 0)
(5 1.27996e-16 0)
(5 2.49326e-16 0)
(5 3.20432e-16 0)
(5 7.24146e-16 0)
(5 1.14768e-15 0)
(5 -5.75996e-16 0)
(5 -6.01262e-16 0)
(5 -7.45296e-16 0)
(5 -2.45455e-15 0)
(5 -3.06045e-15 0)
(5 -2.61316e-15 0)
(5 -2.00567e-15 0)
(5 -1.45214e-15 0)
(5 -9.87703e-16 0)
(5 -1.66982e-15 0)
(5 -1.09655e-15 0)
(5 -1.39855e-15 0)
(5 -2.73163e-15 0)
(5 -1.95156e-15 0)
(5 1.80312e-15 0)
(5 3.00255e-15 0)
(5 2.56794e-15 0)
(5 1.77231e-15 0)
(5 3.01482e-15 0)
(5 1.35875e-15 0)
(5 -8.51555e-16 0)
(5 -1.33974e-15 0)
(5 -7.05803e-16 0)
(5 -2.04999e-15 0)
(5 -5.68114e-15 0)
(5 -7.26081e-15 0)
(5 -7.40906e-15 0)
(5 -8.58614e-16 0)
(5 3.4469e-16 0)
(5 -7.26944e-16 0)
(5 -2.81579e-16 0)
(5 2.7845e-15 0)
(5 3.92102e-15 0)
(5 4.32347e-15 0)
(5 3.41178e-15 0)
(5 2.03309e-15 0)
(5 4.33105e-16 0)
(5 -4.97955e-16 0)
(5 -6.50473e-16 0)
(5 1.09423e-15 0)
(5 1.05317e-15 0)
(5 -5.25251e-17 0)
(5 1.82974e-16 0)
(5 8.38175e-16 0)
(5 1.79105e-16 0)
(5 -5.77188e-16 0)
(5 -1.60071e-15 0)
(5 -4.77444e-16 0)
(5 1.07969e-16 0)
(5 1.16618e-15 0)
(5 2.80024e-15 0)
(5 3.16093e-15 0)
(5 -1.37039e-09 0)
(2.2415 0.457368 0)
(1.03668 0.387778 0)
(0.942688 0.376007 0)
(0.905907 0.372992 0)
(0.880885 0.374532 0)
(0.861969 0.379281 0)
(0.845605 0.38503 0)
(0.83111 0.391636 0)
(0.81671 0.398008 0)
(0.80069 0.403524 0)
(0.782987 0.410224 0)
(0.764319 0.418689 0)
(0.743685 0.425307 0)
(0.720252 0.427571 0)
(0.693567 0.427478 0)
(0.663482 0.427837 0)
(0.630612 0.42884 0)
(0.596014 0.428902 0)
(0.560938 0.427768 0)
(0.526169 0.425795 0)
(0.492021 0.423496 0)
(0.458666 0.422196 0)
(0.426266 0.422295 0)
(0.394721 0.423004 0)
(0.363666 0.423913 0)
(0.332631 0.425099 0)
(0.301218 0.426471 0)
(0.269212 0.427912 0)
(0.236656 0.42901 0)
(0.203817 0.430458 0)
(0.170982 0.431772 0)
(0.138687 0.435866 0)
(0.107082 0.443491 0)
(0.0771044 0.456026 0)
(0.0460095 0.465349 0)
(0.0163946 0.476332 0)
(5 2.46892e-16 0)
(5 3.72048e-16 0)
(5 2.22989e-16 0)
(5 9.12823e-17 0)
(5 8.8115e-16 0)
(5 2.62631e-15 0)
(5 3.48864e-15 0)
(5 3.21891e-15 0)
(5 1.57025e-15 0)
(5 9.63675e-16 0)
(5 1.89314e-16 0)
(5 1.89625e-16 0)
(5 7.78527e-16 0)
(5 -8.29175e-16 0)
(5 -2.0734e-15 0)
(5 -1.54754e-15 0)
(5 -2.80002e-16 0)
(5 -1.14324e-15 0)
(5 -1.88067e-15 0)
(5 -2.13494e-15 0)
(5 1.07168e-16 0)
(5 4.34233e-16 0)
(5 -7.09626e-17 0)
(5 -1.43862e-16 0)
(5 2.4732e-15 0)
(5 3.59956e-15 0)
(5 4.5472e-15 0)
(5 5.81533e-15 0)
(5 2.39614e-15 0)
(5 8.62509e-16 0)
(5 -1.07085e-15 0)
(5 -1.62939e-15 0)
(5 -1.30461e-15 0)
(5 2.13091e-16 0)
(5 9.7408e-16 0)
(5 -3.2484e-17 0)
(5 -1.94754e-17 0)
(5 1.57547e-15 0)
(5 3.44732e-15 0)
(5 3.95398e-15 0)
(5 4.30264e-15 0)
(5 3.66684e-15 0)
(5 2.44154e-15 0)
(5 1.50222e-15 0)
(5 1.0284e-15 0)
(5 1.80843e-15 0)
(5 2.66303e-15 0)
(5 1.91969e-15 0)
(5 7.17531e-16 0)
(5 4.72075e-16 0)
(5 9.87804e-16 0)
(5 -9.35608e-16 0)
(5 -2.42463e-15 0)
(5 -2.27103e-15 0)
(5 -2.30865e-15 0)
(5 -1.97684e-15 0)
(5 -9.90296e-16 0)
(5 -1.07161e-15 0)
(5 2.01413e-17 0)
(5 -1.63621e-10 0)
(2.68289 0.491214 0)
(1.08282 0.442098 0)
(0.954118 0.4241 0)
(0.9083 0.40585 0)
(0.871761 0.399699 0)
(0.843592 0.397113 0)
(0.822248 0.396115 0)
(0.805702 0.399179 0)
(0.792119 0.406527 0)
(0.779338 0.415416 0)
(0.765982 0.424777 0)
(0.752598 0.435058 0)
(0.737695 0.443799 0)
(0.720299 0.449391 0)
(0.699339 0.45298 0)
(0.674123 0.457008 0)
(0.644911 0.461015 0)
(0.612582 0.46291 0)
(0.578484 0.462478 0)
(0.543585 0.46064 0)
(0.508472 0.458125 0)
(0.473694 0.456172 0)
(0.439764 0.455384 0)
(0.406842 0.455347 0)
(0.374689 0.455907 0)
(0.34285 0.457254 0)
(0.310862 0.459204 0)
(0.278393 0.461415 0)
(0.245325 0.463119 0)
(0.211812 0.464889 0)
(0.17807 0.466002 0)
(0.144625 0.469495 0)
(0.11163 0.47613 0)
(0.0803052 0.488441 0)
(0.0479265 0.497861 0)
(0.0170354 0.509131 0)
(5 8.53147e-18 0)
(5 -2.30657e-16 0)
(5 -5.11627e-16 0)
(5 -2.63406e-16 0)
(5 1.0432e-15 0)
(5 1.52629e-15 0)
(5 1.75537e-15 0)
(5 2.28477e-15 0)
(5 2.53396e-15 0)
(5 1.5841e-15 0)
(5 1.25657e-15 0)
(5 7.40978e-16 0)
(5 -1.29817e-15 0)
(5 -2.41798e-15 0)
(5 -2.10862e-15 0)
(5 -1.8185e-15 0)
(5 -1.59706e-15 0)
(5 -2.59905e-15 0)
(5 -3.15641e-15 0)
(5 -2.97567e-15 0)
(5 -2.3805e-15 0)
(5 -2.54104e-15 0)
(5 -2.98419e-15 0)
(5 -2.45613e-15 0)
(5 -1.55678e-15 0)
(5 -1.86083e-15 0)
(5 -1.49472e-15 0)
(5 -4.66702e-16 0)
(5 3.88644e-16 0)
(5 1.09502e-15 0)
(5 8.29631e-16 0)
(5 1.40605e-15 0)
(5 1.51605e-15 0)
(5 3.18702e-15 0)
(5 2.99099e-15 0)
(5 1.67823e-15 0)
(5 6.26461e-16 0)
(5 5.58479e-16 0)
(5 1.13611e-15 0)
(5 1.4776e-15 0)
(5 1.58834e-15 0)
(5 2.64251e-15 0)
(5 6.84855e-15 0)
(5 7.66098e-15 0)
(5 6.72634e-15 0)
(5 2.77e-15 0)
(5 9.92467e-17 0)
(5 5.86851e-16 0)
(5 2.11121e-15 0)
(5 4.809e-15 0)
(5 2.53532e-15 0)
(5 -6.75485e-16 0)
(5 6.16868e-17 0)
(5 -8.38233e-16 0)
(5 -1.57054e-15 0)
(5 -1.82702e-15 0)
(5 -1.52231e-15 0)
(5 -7.67847e-16 0)
(5 8.60209e-16 0)
(5 -4.5045e-12 0)
(3.19129 0.509516 0)
(1.11038 0.514339 0)
(0.944625 0.471951 0)
(0.910683 0.443036 0)
(0.87186 0.433052 0)
(0.840075 0.426722 0)
(0.81346 0.419706 0)
(0.791167 0.416069 0)
(0.773364 0.418237 0)
(0.758595 0.423842 0)
(0.745691 0.432691 0)
(0.734759 0.444418 0)
(0.72459 0.456317 0)
(0.711971 0.46525 0)
(0.696744 0.473314 0)
(0.677485 0.481525 0)
(0.653653 0.489423 0)
(0.625565 0.494475 0)
(0.594323 0.496119 0)
(0.560841 0.495626 0)
(0.525871 0.493785 0)
(0.490306 0.491674 0)
(0.455049 0.490136 0)
(0.420628 0.489255 0)
(0.387069 0.489247 0)
(0.354073 0.490504 0)
(0.321207 0.492836 0)
(0.28805 0.495756 0)
(0.254311 0.498171 0)
(0.22001 0.500482 0)
(0.185276 0.501672 0)
(0.150631 0.504821 0)
(0.116208 0.51049 0)
(0.0834835 0.522503 0)
(0.0498131 0.531961 0)
(0.0176288 0.543455 0)
(5 -1.39241e-16 0)
(5 -3.39627e-16 0)
(5 -3.47501e-16 0)
(5 -4.40685e-16 0)
(5 -7.76587e-16 0)
(5 -1.36528e-15 0)
(5 -1.32739e-15 0)
(5 -4.73341e-16 0)
(5 2.17903e-16 0)
(5 9.37706e-17 0)
(5 6.83352e-17 0)
(5 2.71587e-16 0)
(5 2.10325e-16 0)
(5 4.44424e-16 0)
(5 8.58358e-16 0)
(5 1.49226e-15 0)
(5 1.09175e-15 0)
(5 7.7346e-16 0)
(5 7.85508e-16 0)
(5 3.88547e-16 0)
(5 -9.13081e-16 0)
(5 -3.76564e-15 0)
(5 -5.05374e-15 0)
(5 -5.52468e-15 0)
(5 -5.2728e-15 0)
(5 -3.00726e-15 0)
(5 -2.92972e-15 0)
(5 -2.45534e-15 0)
(5 -2.47927e-15 0)
(5 -8.47803e-16 0)
(5 -2.68878e-16 0)
(5 2.96367e-16 0)
(5 -3.20634e-16 0)
(5 -1.05242e-15 0)
(5 -1.49967e-15 0)
(5 -1.263e-15 0)
(5 -9.13886e-16 0)
(5 1.54807e-16 0)
(5 4.82424e-16 0)
(5 2.56955e-15 0)
(5 3.47346e-15 0)
(5 3.21549e-15 0)
(5 4.00388e-15 0)
(5 2.9615e-15 0)
(5 8.88653e-16 0)
(5 -1.07957e-15 0)
(5 -2.85806e-15 0)
(5 -3.04618e-15 0)
(5 -6.80025e-16 0)
(5 6.69962e-16 0)
(5 6.8798e-16 0)
(5 2.25497e-15 0)
(5 5.10381e-15 0)
(5 3.9893e-15 0)
(5 3.26295e-15 0)
(5 2.60065e-15 0)
(5 1.41958e-15 0)
(5 1.14497e-15 0)
(5 1.11798e-15 0)
(5 -2.06479e-14 0)
(3.82992 0.539478 0)
(1.19292 0.602869 0)
(0.982219 0.503026 0)
(0.950237 0.478375 0)
(0.907412 0.467807 0)
(0.868762 0.457723 0)
(0.830938 0.449879 0)
(0.797543 0.444046 0)
(0.770768 0.440448 0)
(0.749575 0.441149 0)
(0.732719 0.445449 0)
(0.718939 0.452865 0)
(0.708326 0.463486 0)
(0.698369 0.475459 0)
(0.686716 0.487397 0)
(0.67369 0.500651 0)
(0.656445 0.512714 0)
(0.634001 0.521815 0)
(0.607017 0.527038 0)
(0.576433 0.529354 0)
(0.542943 0.529471 0)
(0.507607 0.528152 0)
(0.471648 0.526408 0)
(0.435981 0.524863 0)
(0.401018 0.524185 0)
(0.36675 0.52508 0)
(0.332894 0.52749 0)
(0.299011 0.530928 0)
(0.264633 0.534051 0)
(0.229612 0.53706 0)
(0.193924 0.538601 0)
(0.158056 0.541717 0)
(0.122093 0.546556 0)
(0.0876924 0.558297 0)
(0.0523729 0.567814 0)
(0.0184581 0.579517 0)
(5 -5.75256e-16 0)
(5 -8.11916e-16 0)
(5 -2.10322e-16 0)
(5 -4.43833e-16 0)
(5 -6.32868e-16 0)
(5 2.94916e-16 0)
(5 1.04116e-15 0)
(5 1.67984e-15 0)
(5 1.18778e-15 0)
(5 9.80515e-16 0)
(5 3.24249e-16 0)
(5 4.32566e-17 0)
(5 1.3262e-15 0)
(5 1.0489e-15 0)
(5 2.39466e-16 0)
(5 5.98103e-16 0)
(5 2.22002e-15 0)
(5 1.64177e-15 0)
(5 4.42594e-16 0)
(5 -9.45992e-16 0)
(5 -2.15274e-15 0)
(5 -2.34336e-15 0)
(5 -2.28024e-15 0)
(5 -4.07122e-15 0)
(5 -4.63752e-15 0)
(5 -3.85207e-15 0)
(5 -3.4494e-15 0)
(5 -3.94781e-15 0)
(5 -3.57818e-15 0)
(5 2.0835e-16 0)
(5 1.3934e-15 0)
(5 1.93509e-15 0)
(5 1.76814e-15 0)
(5 -5.71435e-16 0)
(5 -1.19402e-15 0)
(5 -9.4852e-16 0)
(5 -2.23474e-16 0)
(5 1.23125e-16 0)
(5 1.16834e-15 0)
(5 3.17609e-15 0)
(5 2.45391e-15 0)
(5 -1.62403e-16 0)
(5 -1.85742e-15 0)
(5 -4.05204e-15 0)
(5 -4.56507e-15 0)
(5 -2.26864e-15 0)
(5 -1.66406e-15 0)
(5 -2.70295e-15 0)
(5 -4.13099e-15 0)
(5 -3.19722e-15 0)
(5 9.70237e-16 0)
(5 3.60357e-15 0)
(5 4.12915e-15 0)
(5 4.1171e-15 0)
(5 4.16538e-15 0)
(5 3.58499e-15 0)
(5 1.42961e-15 0)
(5 -1.23004e-15 0)
(5 -4.97582e-16 0)
(5 -4.71322e-16 0)
(4.74848 0.354097 0)
(1.39893 0.648126 0)
(1.07125 0.543097 0)
(1.04531 0.501428 0)
(0.988958 0.504853 0)
(0.934811 0.49998 0)
(0.882861 0.488272 0)
(0.835522 0.475931 0)
(0.794043 0.468874 0)
(0.760333 0.465869 0)
(0.733839 0.46538 0)
(0.713221 0.46889 0)
(0.697366 0.475075 0)
(0.684959 0.484305 0)
(0.673958 0.496856 0)
(0.663141 0.512553 0)
(0.652368 0.529976 0)
(0.63702 0.543974 0)
(0.615704 0.553831 0)
(0.589272 0.56039 0)
(0.5586 0.563899 0)
(0.524709 0.564653 0)
(0.48898 0.563653 0)
(0.452633 0.561991 0)
(0.416471 0.560808 0)
(0.380854 0.561229 0)
(0.345747 0.563495 0)
(0.310804 0.567308 0)
(0.27546 0.571169 0)
(0.239443 0.575069 0)
(0.202586 0.577247 0)
(0.165364 0.580636 0)
(0.127795 0.584806 0)
(0.0916759 0.596248 0)
(0.0547479 0.605773 0)
(0.0191666 0.617617 0)
(5 -1.18101e-16 0)
(5 -6.03713e-16 0)
(5 -7.34042e-16 0)
(5 -8.54376e-16 0)
(5 -5.48141e-16 0)
(5 1.26306e-16 0)
(5 1.32931e-15 0)
(5 1.78616e-15 0)
(5 3.57199e-15 0)
(5 3.74812e-15 0)
(5 1.16137e-15 0)
(5 -4.30697e-17 0)
(5 -3.43059e-16 0)
(5 -9.1991e-16 0)
(5 -1.66175e-15 0)
(5 2.03481e-16 0)
(5 1.46997e-15 0)
(5 1.63801e-15 0)
(5 -6.35449e-17 0)
(5 -1.10024e-15 0)
(5 -1.27596e-15 0)
(5 1.23833e-17 0)
(5 7.30971e-16 0)
(5 3.77409e-16 0)
(5 6.21641e-16 0)
(5 4.29854e-16 0)
(5 -5.97975e-17 0)
(5 -1.5251e-15 0)
(5 -1.28406e-15 0)
(5 1.16341e-15 0)
(5 2.00694e-15 0)
(5 2.64577e-15 0)
(5 1.67512e-15 0)
(5 -4.99233e-16 0)
(5 -1.14163e-15 0)
(5 -1.27441e-15 0)
(5 -9.07164e-16 0)
(5 -9.87364e-16 0)
(5 5.59073e-16 0)
(5 1.10908e-15 0)
(5 -3.20169e-15 0)
(5 -4.03196e-15 0)
(5 -4.52969e-15 0)
(5 -5.70432e-15 0)
(5 -4.60623e-15 0)
(5 -4.01024e-15 0)
(5 -2.28457e-15 0)
(5 -1.57465e-15 0)
(5 -2.07868e-15 0)
(5 -2.65679e-15 0)
(5 -1.87926e-15 0)
(5 -6.37182e-16 0)
(5 -1.54087e-16 0)
(5 1.52581e-15 0)
(5 1.79079e-15 0)
(5 1.68204e-15 0)
(5 1.76179e-15 0)
(5 1.97987e-15 0)
(5 2.00009e-15 0)
(5 1.51726e-15 0)
(5.10398 0.0109855 0)
(1.62376 0.59187 0)
(1.13078 0.546466 0)
(1.10697 0.552065 0)
(1.06508 0.550818 0)
(1.01272 0.544682 0)
(0.953814 0.537787 0)
(0.894669 0.526103 0)
(0.840413 0.511336 0)
(0.792899 0.50012 0)
(0.753134 0.494474 0)
(0.722109 0.49149 0)
(0.69789 0.493709 0)
(0.67922 0.499069 0)
(0.664765 0.508456 0)
(0.653049 0.522342 0)
(0.643096 0.540196 0)
(0.63347 0.559586 0)
(0.619226 0.575496 0)
(0.598433 0.587396 0)
(0.571966 0.595656 0)
(0.540866 0.599933 0)
(0.506535 0.600953 0)
(0.470369 0.600108 0)
(0.433508 0.598933 0)
(0.396727 0.599005 0)
(0.360365 0.600987 0)
(0.324323 0.604966 0)
(0.288052 0.60945 0)
(0.251151 0.614284 0)
(0.213212 0.617345 0)
(0.174601 0.621344 0)
(0.135307 0.625125 0)
(0.09713 0.636409 0)
(0.0580932 0.645995 0)
(0.0202631 0.658009 0)
(5 5.76685e-16 0)
(5 5.2199e-16 0)
(5 -6.85888e-16 0)
(5 -9.55456e-16 0)
(5 -1.0392e-15 0)
(5 -8.56312e-16 0)
(5 -8.99001e-17 0)
(5 -6.44554e-17 0)
(5 -1.41118e-16 0)
(5 1.39484e-17 0)
(5 -2.88114e-16 0)
(5 -1.30899e-15 0)
(5 -8.22261e-16 0)
(5 7.86013e-16 0)
(5 5.33998e-16 0)
(5 5.97208e-16 0)
(5 2.4957e-16 0)
(5 1.19817e-15 0)
(5 1.47365e-15 0)
(5 6.84913e-16 0)
(5 -1.17477e-15 0)
(5 -1.23042e-15 0)
(5 -1.01569e-15 0)
(5 -1.80898e-16 0)
(5 -1.05691e-16 0)
(5 -1.82134e-16 0)
(5 -5.62892e-16 0)
(5 -2.16444e-15 0)
(5 -1.76751e-15 0)
(5 -1.54848e-15 0)
(5 -1.71099e-15 0)
(5 -3.3346e-15 0)
(5 -1.96437e-15 0)
(5 -1.31796e-15 0)
(5 -1.12348e-15 0)
(5 -1.74209e-15 0)
(5 -2.25545e-15 0)
(5 -1.96118e-15 0)
(5 -1.73326e-15 0)
(5 -1.86558e-15 0)
(5 -2.81406e-15 0)
(5 -2.94961e-15 0)
(5 -1.89828e-15 0)
(5 -6.29585e-16 0)
(5 -4.37811e-16 0)
(5 -1.2917e-15 0)
(5 -5.42084e-16 0)
(5 -6.66939e-16 0)
(5 -8.76396e-16 0)
(5 -2.49052e-15 0)
(5 -4.7948e-15 0)
(5 -3.44074e-15 0)
(5 3.28081e-16 0)
(5 1.03534e-15 0)
(5 7.70969e-16 0)
(5 4.61615e-16 0)
(5 1.96225e-15 0)
(5 5.08617e-17 0)
(5 -1.79408e-15 0)
(5 -2.56176e-15 0)
(5.00302 -0.000120286 0)
(1.7608 0.555123 0)
(1.08844 0.566763 0)
(1.09645 0.600947 0)
(1.06552 0.603672 0)
(1.0331 0.599047 0)
(0.996074 0.588449 0)
(0.950041 0.575042 0)
(0.896503 0.562292 0)
(0.842319 0.547258 0)
(0.792494 0.533238 0)
(0.748929 0.524095 0)
(0.71367 0.519172 0)
(0.685977 0.519694 0)
(0.6647 0.525279 0)
(0.648599 0.535756 0)
(0.636659 0.551033 0)
(0.626621 0.569904 0)
(0.617032 0.590738 0)
(0.6029 0.609214 0)
(0.581995 0.623367 0)
(0.555067 0.632641 0)
(0.523405 0.637211 0)
(0.488472 0.638499 0)
(0.451617 0.638265 0)
(0.413988 0.638476 0)
(0.376336 0.640284 0)
(0.338931 0.644348 0)
(0.301387 0.649426 0)
(0.263147 0.65538 0)
(0.22385 0.6596 0)
(0.183654 0.664569 0)
(0.1424 0.668227 0)
(0.102157 0.679419 0)
(0.0610835 0.689059 0)
(0.0212011 0.701218 0)
(5 -4.25623e-16 0)
(5 5.4987e-16 0)
(5 1.0347e-15 0)
(5 6.91369e-16 0)
(5 8.53217e-17 0)
(5 2.62645e-16 0)
(5 -1.56525e-16 0)
(5 -1.09996e-15 0)
(5 -2.41726e-15 0)
(5 -3.13091e-15 0)
(5 -9.54378e-16 0)
(5 -2.42167e-16 0)
(5 -5.27368e-16 0)
(5 -4.14466e-16 0)
(5 4.5781e-16 0)
(5 1.25546e-15 0)
(5 1.06437e-15 0)
(5 6.61226e-16 0)
(5 -4.19938e-16 0)
(5 -3.15068e-15 0)
(5 -3.28405e-15 0)
(5 -2.80463e-15 0)
(5 -2.51685e-15 0)
(5 -2.58159e-15 0)
(5 -3.50695e-15 0)
(5 -3.27574e-15 0)
(5 -4.00379e-15 0)
(5 -3.63304e-15 0)
(5 -2.34477e-15 0)
(5 -1.52521e-15 0)
(5 -2.2962e-15 0)
(5 -3.84346e-15 0)
(5 -3.94473e-15 0)
(5 -4.42389e-15 0)
(5 -3.55063e-15 0)
(5 -3.34711e-15 0)
(5 -3.37599e-15 0)
(5 -1.30775e-15 0)
(5 -1.13251e-15 0)
(5 -1.55426e-16 0)
(5 2.14457e-15 0)
(5 1.88371e-15 0)
(5 1.30176e-15 0)
(5 1.34558e-15 0)
(5 1.1575e-15 0)
(5 1.76655e-15 0)
(5 4.14961e-15 0)
(5 4.15049e-15 0)
(5 4.00606e-15 0)
(5 2.13985e-15 0)
(5 -2.14433e-15 0)
(5 -4.84477e-15 0)
(5 -4.22944e-15 0)
(5 -2.75682e-15 0)
(5 -6.16377e-16 0)
(5 -1.04842e-15 0)
(5 -2.92877e-15 0)
(5 -4.59063e-15 0)
(5 -8.88646e-15 0)
(5 -4.08314e-15 0)
(5.00003 -6.7782e-06 0)
(2.03497 0.594554 0)
(1.05803 0.545062 0)
(1.04638 0.597538 0)
(1.02997 0.622486 0)
(1.0115 0.626449 0)
(0.990861 0.624063 0)
(0.967388 0.616581 0)
(0.934651 0.606999 0)
(0.890568 0.595209 0)
(0.840581 0.581866 0)
(0.790612 0.567541 0)
(0.745106 0.555645 0)
(0.706974 0.54846 0)
(0.676675 0.547708 0)
(0.653499 0.553536 0)
(0.636536 0.565439 0)
(0.62405 0.58218 0)
(0.613122 0.60257 0)
(0.602955 0.625342 0)
(0.588093 0.645977 0)
(0.566446 0.661466 0)
(0.538681 0.671165 0)
(0.506202 0.676118 0)
(0.470413 0.678097 0)
(0.432689 0.679297 0)
(0.394217 0.681274 0)
(0.355699 0.685405 0)
(0.316965 0.690992 0)
(0.277841 0.697971 0)
(0.237372 0.703529 0)
(0.195666 0.709849 0)
(0.152327 0.713853 0)
(0.109532 0.725283 0)
(0.065591 0.735199 0)
(0.0227226 0.747625 0)
(5 -3.39559e-16 0)
(5 -3.2937e-16 0)
(5 2.81742e-16 0)
(5 8.65588e-16 0)
(5 2.89392e-15 0)
(5 2.78392e-15 0)
(5 5.34723e-16 0)
(5 -3.29013e-16 0)
(5 -6.29569e-17 0)
(5 4.64932e-16 0)
(5 5.3268e-16 0)
(5 2.46209e-16 0)
(5 -2.56015e-16 0)
(5 -1.82499e-15 0)
(5 -9.206e-16 0)
(5 6.657e-16 0)
(5 2.04444e-15 0)
(5 1.10505e-15 0)
(5 -2.8506e-16 0)
(5 -5.49368e-16 0)
(5 8.95443e-16 0)
(5 3.35579e-16 0)
(5 -7.56207e-17 0)
(5 -9.86815e-16 0)
(5 -1.05544e-15 0)
(5 -1.4134e-15 0)
(5 -7.74069e-16 0)
(5 -2.08058e-16 0)
(5 2.28263e-16 0)
(5 1.02198e-16 0)
(5 -5.38382e-16 0)
(5 -6.65125e-16 0)
(5 -2.81001e-15 0)
(5 -6.86014e-15 0)
(5 -7.88177e-15 0)
(5 -6.36898e-15 0)
(5 -3.81015e-15 0)
(5 -2.75701e-15 0)
(5 -1.91375e-15 0)
(5 -1.32131e-15 0)
(5 -1.00949e-15 0)
(5 9.20654e-16 0)
(5 1.40938e-15 0)
(5 7.67751e-16 0)
(5 1.13321e-15 0)
(5 3.38021e-15 0)
(5 4.4711e-15 0)
(5 4.86535e-15 0)
(5 4.39499e-15 0)
(5 4.31145e-15 0)
(5 2.41593e-15 0)
(5 7.25063e-17 0)
(5 -1.19621e-15 0)
(5 -6.87151e-16 0)
(5 1.03168e-15 0)
(5 -9.24635e-16 0)
(5 -7.53089e-15 0)
(5 -8.43447e-15 0)
(5 -9.28529e-15 0)
(5 -3.97096e-15 0)
(5 -9.88516e-07 0)
(2.48632 0.649887 0)
(1.08957 0.588248 0)
(0.98435 0.606167 0)
(0.976751 0.615647 0)
(0.972517 0.625838 0)
(0.966755 0.633324 0)
(0.955078 0.6373 0)
(0.939051 0.638024 0)
(0.915469 0.634311 0)
(0.879895 0.626161 0)
(0.835836 0.613957 0)
(0.788041 0.599872 0)
(0.742119 0.587094 0)
(0.702005 0.578895 0)
(0.66988 0.577304 0)
(0.64528 0.583868 0)
(0.627538 0.597514 0)
(0.614052 0.616262 0)
(0.602384 0.639086 0)
(0.591222 0.663769 0)
(0.575014 0.685622 0)
(0.552028 0.701659 0)
(0.522991 0.711825 0)
(0.489273 0.717557 0)
(0.452344 0.720937 0)
(0.413626 0.7238 0)
(0.373925 0.728468 0)
(0.333942 0.734643 0)
(0.293304 0.742939 0)
(0.251081 0.75029 0)
(0.207388 0.758462 0)
(0.161673 0.763303 0)
(0.116181 0.775136 0)
(0.0695794 0.785414 0)
(0.0239002 0.798044 0)
(5 5.71346e-16 0)
(5 -1.06258e-17 0)
(5 1.29202e-17 0)
(5 1.16444e-15 0)
(5 1.76149e-15 0)
(5 1.36912e-15 0)
(5 1.24783e-15 0)
(5 1.28785e-15 0)
(5 6.30186e-16 0)
(5 1.24532e-15 0)
(5 2.27231e-15 0)
(5 1.94682e-15 0)
(5 1.63393e-15 0)
(5 7.22586e-16 0)
(5 4.10288e-17 0)
(5 -4.38167e-16 0)
(5 -5.7171e-16 0)
(5 -1.77817e-15 0)
(5 -1.10956e-15 0)
(5 4.53425e-16 0)
(5 8.06683e-17 0)
(5 -7.18123e-16 0)
(5 -6.91807e-16 0)
(5 1.31254e-15 0)
(5 2.29877e-15 0)
(5 -8.21703e-16 0)
(5 -2.3457e-15 0)
(5 -2.44484e-15 0)
(5 -2.68409e-15 0)
(5 -3.68889e-15 0)
(5 -4.35331e-15 0)
(5 -5.38608e-15 0)
(5 -5.61288e-15 0)
(5 -4.0742e-15 0)
(5 -2.84334e-15 0)
(5 -2.8854e-15 0)
(5 -3.99066e-15 0)
(5 -4.18372e-15 0)
(5 -3.8537e-15 0)
(5 -3.14184e-15 0)
(5 -3.03423e-15 0)
(5 -1.58971e-15 0)
(5 -4.15076e-16 0)
(5 1.50167e-15 0)
(5 1.36436e-15 0)
(5 1.27382e-16 0)
(5 -7.87562e-16 0)
(5 -1.28019e-16 0)
(5 1.02836e-15 0)
(5 3.55731e-15 0)
(5 5.09649e-15 0)
(5 2.08455e-15 0)
(5 5.37572e-16 0)
(5 -1.17778e-17 0)
(5 3.53168e-16 0)
(5 -7.60671e-16 0)
(5 -5.21663e-15 0)
(5 -5.32201e-15 0)
(5 -4.47956e-15 0)
(5 -3.42837e-16 0)
(5 -2.46428e-08 0)
(3.16421 0.726872 0)
(1.13132 0.708847 0)
(0.970574 0.634477 0)
(0.95826 0.623112 0)
(0.950939 0.62569 0)
(0.948086 0.634751 0)
(0.940822 0.642235 0)
(0.929358 0.64909 0)
(0.916655 0.657722 0)
(0.896105 0.659567 0)
(0.866048 0.655468 0)
(0.826783 0.646126 0)
(0.782397 0.632767 0)
(0.737531 0.61984 0)
(0.697296 0.610666 0)
(0.664068 0.609203 0)
(0.638881 0.617028 0)
(0.62059 0.632544 0)
(0.606607 0.653958 0)
(0.594331 0.679385 0)
(0.581933 0.70561 0)
(0.563868 0.728056 0)
(0.53901 0.744603 0)
(0.508375 0.755475 0)
(0.473211 0.762412 0)
(0.434758 0.767421 0)
(0.394794 0.773212 0)
(0.353889 0.78024 0)
(0.31225 0.789913 0)
(0.268853 0.799172 0)
(0.2236 0.809558 0)
(0.175421 0.815982 0)
(0.126633 0.828856 0)
(0.0761186 0.840007 0)
(0.0261402 0.853105 0)
(5 -1.12458e-16 0)
(5 1.96926e-16 0)
(5 3.07512e-16 0)
(5 -5.15169e-18 0)
(5 -9.2963e-16 0)
(5 -1.09898e-15 0)
(5 -4.61014e-16 0)
(5 1.16078e-15 0)
(5 1.24533e-15 0)
(5 8.40204e-16 0)
(5 2.06792e-15 0)
(5 3.8042e-15 0)
(5 4.89235e-15 0)
(5 5.2139e-15 0)
(5 4.68182e-15 0)
(5 2.78351e-15 0)
(5 1.039e-15 0)
(5 1.64724e-15 0)
(5 9.59102e-16 0)
(5 5.76646e-16 0)
(5 -1.62425e-16 0)
(5 -1.36399e-15 0)
(5 -1.68066e-15 0)
(5 6.2394e-16 0)
(5 3.45064e-15 0)
(5 1.49345e-15 0)
(5 -1.88021e-15 0)
(5 -1.92568e-15 0)
(5 -2.9278e-15 0)
(5 -2.92642e-15 0)
(5 -2.59146e-15 0)
(5 -2.73581e-15 0)
(5 -1.58905e-15 0)
(5 -1.08274e-16 0)
(5 1.74449e-15 0)
(5 1.4405e-15 0)
(5 6.63385e-16 0)
(5 8.34892e-16 0)
(5 6.07595e-16 0)
(5 6.11192e-16 0)
(5 5.19185e-16 0)
(5 -5.18048e-16 0)
(5 8.57833e-16 0)
(5 3.30757e-15 0)
(5 8.0761e-16 0)
(5 -2.68674e-15 0)
(5 -4.37232e-15 0)
(5 -3.00583e-15 0)
(5 -7.94025e-16 0)
(5 1.683e-15 0)
(5 1.70135e-15 0)
(5 1.52717e-15 0)
(5 3.27969e-15 0)
(5 2.00543e-15 0)
(5 -1.45669e-15 0)
(5 -1.11917e-15 0)
(5 4.78488e-16 0)
(5 2.39898e-15 0)
(5 1.91256e-15 0)
(5 -8.45824e-16 0)
(5 -1.21928e-10 0)
(4.30734 0.636787 0)
(1.31134 0.821059 0)
(1.05966 0.66686 0)
(1.02118 0.634136 0)
(0.983814 0.639114 0)
(0.957846 0.6464 0)
(0.939678 0.655655 0)
(0.923855 0.66193 0)
(0.909838 0.669169 0)
(0.897918 0.679438 0)
(0.879348 0.68418 0)
(0.853158 0.682871 0)
(0.818001 0.675805 0)
(0.776884 0.663948 0)
(0.733609 0.651816 0)
(0.693495 0.643478 0)
(0.659922 0.643437 0)
(0.634027 0.653099 0)
(0.615936 0.671275 0)
(0.601403 0.695475 0)
(0.589045 0.723403 0)
(0.574688 0.750794 0)
(0.554428 0.773963 0)
(0.527366 0.791169 0)
(0.494531 0.803224 0)
(0.457389 0.811683 0)
(0.417648 0.819558 0)
(0.375939 0.828077 0)
(0.332869 0.83971 0)
(0.287438 0.851702 0)
(0.239632 0.865285 0)
(0.18835 0.874265 0)
(0.136057 0.888655 0)
(0.0818318 0.900964 0)
(0.0276812 0.914397 0)
(5 -3.11216e-16 0)
(5 -1.96241e-16 0)
(5 -3.95007e-16 0)
(5 -2.90231e-16 0)
(5 -2.00804e-15 0)
(5 -2.32131e-15 0)
(5 -1.15922e-15 0)
(5 6.95176e-17 0)
(5 1.32471e-15 0)
(5 6.61416e-16 0)
(5 1.03605e-15 0)
(5 2.42186e-15 0)
(5 3.35466e-15 0)
(5 3.33566e-15 0)
(5 2.52708e-15 0)
(5 2.92283e-15 0)
(5 7.45211e-16 0)
(5 2.80586e-16 0)
(5 8.7057e-16 0)
(5 1.46963e-15 0)
(5 1.07849e-15 0)
(5 -3.18773e-16 0)
(5 -1.55532e-15 0)
(5 -1.24764e-15 0)
(5 7.48222e-16 0)
(5 7.58533e-16 0)
(5 -4.87449e-16 0)
(5 -1.42675e-15 0)
(5 -1.88231e-15 0)
(5 -1.08464e-15 0)
(5 -8.3011e-16 0)
(5 -1.20857e-16 0)
(5 5.01439e-16 0)
(5 8.5819e-16 0)
(5 8.18947e-16 0)
(5 1.49944e-15 0)
(5 3.75078e-15 0)
(5 4.63021e-15 0)
(5 3.8243e-15 0)
(5 8.5579e-16 0)
(5 -1.19292e-15 0)
(5 -1.7351e-15 0)
(5 2.52783e-16 0)
(5 2.23538e-15 0)
(5 2.14181e-15 0)
(5 1.95785e-15 0)
(5 1.18496e-15 0)
(5 1.02733e-15 0)
(5 1.29965e-15 0)
(5 1.18978e-15 0)
(5 1.96464e-15 0)
(5 3.62757e-15 0)
(5 2.73289e-15 0)
(5 4.14318e-16 0)
(5 4.16827e-16 0)
(5 6.25683e-16 0)
(5 2.21577e-15 0)
(5 3.63907e-15 0)
(5 3.85273e-16 0)
(5 -1.61711e-15 0)
(5 -1.61897e-13 0)
(5.22098 0.0497418 0)
(1.71919 0.784044 0)
(1.18413 0.707622 0)
(1.13652 0.688565 0)
(1.0651 0.684976 0)
(1.00269 0.67922 0)
(0.958735 0.679016 0)
(0.929929 0.681487 0)
(0.909045 0.684851 0)
(0.89429 0.692355 0)
(0.882193 0.702294 0)
(0.864995 0.708868 0)
(0.841365 0.709952 0)
(0.808985 0.705513 0)
(0.770701 0.695528 0)
(0.729449 0.684708 0)
(0.690311 0.678167 0)
(0.657016 0.679659 0)
(0.631847 0.692364 0)
(0.613531 0.713538 0)
(0.599458 0.7409 0)
(0.586037 0.771069 0)
(0.569712 0.799924 0)
(0.546777 0.823972 0)
(0.5172 0.842291 0)
(0.48218 0.855548 0)
(0.443305 0.866863 0)
(0.401502 0.877907 0)
(0.357896 0.892068 0)
(0.311663 0.907041 0)
(0.262741 0.924131 0)
(0.208971 0.936637 0)
(0.152539 0.95391 0)
(0.092449 0.968737 0)
(0.0314603 0.983245 0)
(5 -6.45439e-17 0)
(5 8.66171e-18 0)
(5 1.9951e-17 0)
(5 3.42561e-16 0)
(5 6.08953e-16 0)
(5 2.94253e-16 0)
(5 5.89287e-16 0)
(5 -7.21136e-17 0)
(5 -1.14275e-15 0)
(5 -5.67696e-16 0)
(5 1.11308e-15 0)
(5 2.16166e-15 0)
(5 2.14476e-15 0)
(5 -4.99158e-16 0)
(5 -1.04641e-15 0)
(5 7.10282e-16 0)
(5 -5.82753e-16 0)
(5 -1.27006e-15 0)
(5 5.62511e-16 0)
(5 9.28958e-16 0)
(5 -9.31195e-16 0)
(5 -8.27003e-16 0)
(5 -9.94142e-16 0)
(5 -2.75089e-15 0)
(5 -4.16999e-15 0)
(5 -4.52888e-15 0)
(5 -7.05856e-15 0)
(5 -8.38795e-15 0)
(5 -7.18163e-15 0)
(5 -5.48234e-15 0)
(5 -3.94513e-15 0)
(5 -2.93182e-15 0)
(5 -3.85809e-16 0)
(5 7.61046e-16 0)
(5 2.95653e-16 0)
(5 1.4484e-15 0)
(5 2.36785e-15 0)
(5 5.78439e-16 0)
(5 -2.63252e-15 0)
(5 -3.53937e-15 0)
(5 -2.65353e-15 0)
(5 -8.05534e-16 0)
(5 2.02615e-16 0)
(5 -4.20244e-17 0)
(5 -1.7293e-15 0)
(5 -1.2532e-15 0)
(5 -2.02937e-16 0)
(5 1.22253e-15 0)
(5 2.06282e-15 0)
(5 3.74259e-15 0)
(5 3.61574e-15 0)
(5 -2.74326e-16 0)
(5 -1.37092e-15 0)
(5 -6.94634e-16 0)
(5 -1.94438e-16 0)
(5 -4.75098e-16 0)
(5 -6.88947e-16 0)
(5 -1.06055e-15 0)
(5 1.35294e-15 0)
(5 1.75365e-15 0)
(5 1.15314e-15 0)
(5.01318 -0.00117147 0)
(1.93717 0.721207 0)
(1.17547 0.775788 0)
(1.13649 0.771982 0)
(1.08563 0.759909 0)
(1.04026 0.734985 0)
(0.989819 0.718946 0)
(0.950258 0.708791 0)
(0.920745 0.705596 0)
(0.89898 0.708957 0)
(0.88361 0.717111 0)
(0.87054 0.726815 0)
(0.854011 0.734426 0)
(0.831266 0.738137 0)
(0.800987 0.735458 0)
(0.764534 0.727947 0)
(0.725062 0.719886 0)
(0.687313 0.714897 0)
(0.655235 0.719675 0)
(0.63117 0.735583 0)
(0.613647 0.760264 0)
(0.599401 0.79074 0)
(0.585157 0.823375 0)
(0.566322 0.853842 0)
(0.540773 0.879326 0)
(0.508541 0.898844 0)
(0.471444 0.914927 0)
(0.430349 0.929477 0)
(0.386454 0.947069 0)
(0.338631 0.966444 0)
(0.286928 0.989211 0)
(0.228946 1.00778 0)
(0.167404 1.02969 0)
(0.101605 1.04817 0)
(0.0335269 1.06354 0)
(5 1.89739e-16 0)
(5 4.45879e-16 0)
(5 4.96322e-16 0)
(5 5.36966e-16 0)
(5 1.11624e-15 0)
(5 1.97483e-15 0)
(5 1.63901e-15 0)
(5 4.77674e-16 0)
(5 9.6956e-17 0)
(5 1.30027e-15 0)
(5 6.493e-16 0)
(5 -4.06283e-16 0)
(5 4.13675e-16 0)
(5 5.60349e-16 0)
(5 1.54071e-16 0)
(5 -8.28757e-17 0)
(5 7.71636e-16 0)
(5 1.63675e-15 0)
(5 1.44365e-15 0)
(5 2.45005e-16 0)
(5 -2.36217e-16 0)
(5 -5.09884e-16 0)
(5 -9.31733e-16 0)
(5 -1.43054e-15 0)
(5 -3.01756e-15 0)
(5 -5.50818e-15 0)
(5 -6.98828e-15 0)
(5 -4.94728e-15 0)
(5 -4.60394e-15 0)
(5 -5.57801e-15 0)
(5 -4.61935e-15 0)
(5 -2.75562e-15 0)
(5 -1.53289e-15 0)
(5 -1.986e-16 0)
(5 1.71155e-15 0)
(5 1.7659e-15 0)
(5 8.95197e-16 0)
(5 -1.63054e-15 0)
(5 -2.86083e-15 0)
(5 -3.31811e-15 0)
(5 -3.38e-15 0)
(5 -1.40067e-15 0)
(5 -7.89401e-16 0)
(5 -3.32245e-16 0)
(5 6.54139e-16 0)
(5 -1.25956e-16 0)
(5 -6.18949e-16 0)
(5 9.22167e-16 0)
(5 2.24838e-15 0)
(5 2.88181e-15 0)
(5 2.74317e-15 0)
(5 1.25511e-15 0)
(5 1.34512e-15 0)
(5 1.38366e-15 0)
(5 7.28922e-16 0)
(5 5.12761e-16 0)
(5 -3.18548e-15 0)
(5 -4.33248e-15 0)
(5 -3.42903e-15 0)
(5 -1.58525e-15 0)
(5 -4.5447e-16 0)
(5.00002 -2.26726e-06 0)
(2.36416 0.740262 0)
(1.12683 0.782126 0)
(1.08443 0.786909 0)
(1.05787 0.783818 0)
(1.03446 0.772271 0)
(1.00727 0.756666 0)
(0.97465 0.742659 0)
(0.942499 0.733063 0)
(0.914584 0.729726 0)
(0.8931 0.733879 0)
(0.877354 0.742607 0)
(0.863597 0.752563 0)
(0.847629 0.761765 0)
(0.825185 0.766861 0)
(0.796539 0.765653 0)
(0.761742 0.761004 0)
(0.723928 0.754745 0)
(0.68746 0.753247 0)
(0.656669 0.762202 0)
(0.633917 0.782529 0)
(0.616637 0.811251 0)
(0.602392 0.845515 0)
(0.586672 0.880883 0)
(0.565944 0.91331 0)
(0.537808 0.940021 0)
(0.503469 0.962333 0)
(0.463777 0.98215 0)
(0.420562 1.00482 0)
(0.373116 1.02971 0)
(0.32186 1.05866 0)
(0.262973 1.0842 0)
(0.197373 1.1133 0)
(0.122648 1.13949 0)
(0.0414746 1.15859 0)
(5 4.96206e-16 0)
(5 1.94462e-16 0)
(5 2.32691e-16 0)
(5 2.74497e-16 0)
(5 -1.58115e-16 0)
(5 -2.50797e-16 0)
(5 -6.12689e-16 0)
(5 -4.16537e-16 0)
(5 6.11936e-16 0)
(5 -5.86156e-17 0)
(5 -4.44797e-16 0)
(5 -4.62323e-17 0)
(5 8.85828e-16 0)
(5 3.68333e-15 0)
(5 4.72675e-15 0)
(5 4.53637e-15 0)
(5 4.24004e-15 0)
(5 2.91176e-15 0)
(5 1.28763e-15 0)
(5 7.606e-16 0)
(5 1.36311e-15 0)
(5 -6.27445e-16 0)
(5 -1.4001e-15 0)
(5 -5.44366e-16 0)
(5 1.64485e-16 0)
(5 1.06245e-16 0)
(5 7.55031e-16 0)
(5 8.81959e-16 0)
(5 -1.12405e-15 0)
(5 -9.82871e-16 0)
(5 1.40812e-15 0)
(5 2.54033e-15 0)
(5 1.46211e-15 0)
(5 1.15436e-15 0)
(5 2.34618e-15 0)
(5 2.0995e-15 0)
(5 1.6211e-15 0)
(5 6.38471e-16 0)
(5 -3.30975e-16 0)
(5 -6.53103e-16 0)
(5 -2.37817e-15 0)
(5 -3.11828e-15 0)
(5 -2.48864e-15 0)
(5 -3.25032e-15 0)
(5 -1.02541e-15 0)
(5 -7.33844e-16 0)
(5 1.69034e-16 0)
(5 1.58267e-15 0)
(5 2.59215e-15 0)
(5 2.44954e-15 0)
(5 2.47944e-15 0)
(5 2.37301e-15 0)
(5 6.48551e-16 0)
(5 1.02605e-16 0)
(5 8.74751e-16 0)
(5 2.10129e-16 0)
(5 -1.56795e-16 0)
(5 -2.93805e-16 0)
(5 -3.36232e-16 0)
(5 -1.48094e-15 0)
(5 -2.72332e-15 0)
(5 -8.76269e-07 0)
(3.1577 0.824231 0)
(1.16301 0.870988 0)
(1.0326 0.801601 0)
(1.02522 0.790287 0)
(1.01653 0.783198 0)
(1.00361 0.77676 0)
(0.984307 0.770899 0)
(0.959035 0.763461 0)
(0.932163 0.756866 0)
(0.907548 0.755191 0)
(0.887854 0.760204 0)
(0.872298 0.769287 0)
(0.858815 0.780701 0)
(0.842517 0.791644 0)
(0.820483 0.797995 0)
(0.792722 0.799941 0)
(0.759511 0.797291 0)
(0.723428 0.794118 0)
(0.688847 0.796167 0)
(0.660307 0.810051 0)
(0.6387 0.834634 0)
(0.62279 0.867674 0)
(0.608389 0.905722 0)
(0.591782 0.944288 0)
(0.568747 0.979151 0)
(0.538728 1.00929 0)
(0.502211 1.03563 0)
(0.461266 1.06409 0)
(0.41466 1.09576 0)
(0.362318 1.13444 0)
(0.299021 1.17351 0)
(0.226202 1.21701 0)
(0.14192 1.25716 0)
(0.0457484 1.28262 0)
(5 -3.44549e-16 0)
(5 -1.99182e-16 0)
(5 -1.20536e-16 0)
(5 -1.58539e-16 0)
(5 -1.33753e-15 0)
(5 -2.27874e-15 0)
(5 -4.43213e-15 0)
(5 -4.72826e-15 0)
(5 -3.67348e-15 0)
(5 -1.30381e-15 0)
(5 5.64654e-16 0)
(5 2.10468e-15 0)
(5 4.19393e-15 0)
(5 7.77822e-15 0)
(5 7.51988e-15 0)
(5 6.91981e-15 0)
(5 4.26655e-15 0)
(5 3.45821e-15 0)
(5 1.66522e-15 0)
(5 -8.17935e-17 0)
(5 1.92119e-16 0)
(5 1.20521e-15 0)
(5 1.3252e-15 0)
(5 7.44573e-16 0)
(5 -4.40996e-17 0)
(5 1.79196e-15 0)
(5 5.23507e-15 0)
(5 8.77747e-15 0)
(5 8.38745e-15 0)
(5 8.36104e-15 0)
(5 8.69891e-15 0)
(5 8.29313e-15 0)
(5 5.47385e-15 0)
(5 5.11406e-15 0)
(5 4.18687e-15 0)
(5 3.8288e-15 0)
(5 3.09019e-15 0)
(5 1.75781e-15 0)
(5 1.07357e-15 0)
(5 -2.25961e-16 0)
(5 7.22574e-16 0)
(5 -5.09739e-16 0)
(5 -2.24985e-15 0)
(5 -2.56854e-15 0)
(5 -2.95226e-15 0)
(5 -1.75185e-15 0)
(5 -1.27521e-15 0)
(5 -1.59546e-15 0)
(5 -9.45359e-16 0)
(5 6.67242e-16 0)
(5 1.22462e-15 0)
(5 1.65726e-15 0)
(5 2.027e-15 0)
(5 1.53852e-15 0)
(5 -3.67e-16 0)
(5 -9.66537e-16 0)
(5 -1.26008e-16 0)
(5 6.1634e-16 0)
(5 1.03875e-15 0)
(5 6.40546e-17 0)
(5 -4.24018e-15 0)
(5 -6.16212e-08 0)
(4.55631 0.644845 0)
(1.37391 1.01575 0)
(1.0886 0.824201 0)
(1.06224 0.793308 0)
(1.03461 0.791648 0)
(1.01519 0.794531 0)
(0.995825 0.792938 0)
(0.97452 0.788956 0)
(0.950732 0.783813 0)
(0.925869 0.780057 0)
(0.903485 0.780893 0)
(0.884883 0.787029 0)
(0.870193 0.797626 0)
(0.857636 0.810447 0)
(0.841818 0.821591 0)
(0.821514 0.829627 0)
(0.795075 0.833234 0)
(0.763072 0.833998 0)
(0.728153 0.834763 0)
(0.694986 0.843149 0)
(0.667905 0.86253 0)
(0.647618 0.892307 0)
(0.632799 0.930136 0)
(0.619141 0.972192 0)
(0.602137 1.0138 0)
(0.57858 1.05238 0)
(0.546982 1.08756 0)
(0.509623 1.1249 0)
(0.46602 1.16637 0)
(0.417916 1.21716 0)
(0.359344 1.27103 0)
(0.287225 1.33128 0)
(0.19361 1.39509 0)
(0.0639231 1.43555 0)
(5 -3.36026e-16 0)
(5 -6.8603e-16 0)
(5 -7.77751e-16 0)
(5 -4.28342e-16 0)
(5 -1.41973e-15 0)
(5 -4.32998e-15 0)
(5 -4.98737e-15 0)
(5 -4.71584e-15 0)
(5 -3.20038e-15 0)
(5 -2.1434e-15 0)
(5 -7.97401e-16 0)
(5 1.35308e-15 0)
(5 3.80028e-15 0)
(5 3.62223e-15 0)
(5 2.76877e-15 0)
(5 1.76101e-15 0)
(5 2.07204e-15 0)
(5 3.18051e-15 0)
(5 3.36599e-15 0)
(5 1.87521e-15 0)
(5 1.87089e-15 0)
(5 1.68654e-15 0)
(5 1.34926e-15 0)
(5 -4.96938e-16 0)
(5 -1.32405e-15 0)
(5 1.85193e-15 0)
(5 7.25263e-15 0)
(5 8.71072e-15 0)
(5 9.62697e-15 0)
(5 6.40425e-15 0)
(5 4.20271e-15 0)
(5 5.11422e-15 0)
(5 6.01243e-15 0)
(5 6.76561e-15 0)
(5 6.6855e-15 0)
(5 5.96886e-15 0)
(5 5.2354e-15 0)
(5 4.8237e-15 0)
(5 3.84195e-15 0)
(5 3.53688e-15 0)
(5 1.87106e-15 0)
(5 1.07947e-15 0)
(5 8.67081e-16 0)
(5 4.39173e-16 0)
(5 5.68851e-17 0)
(5 -7.76e-16 0)
(5 -2.40221e-15 0)
(5 -2.59972e-15 0)
(5 -1.19128e-15 0)
(5 -3.08229e-16 0)
(5 -3.47682e-16 0)
(5 2.26275e-16 0)
(5 1.7093e-15 0)
(5 3.56976e-15 0)
(5 6.57891e-16 0)
(5 -4.81211e-16 0)
(5 -3.18076e-16 0)
(5 9.18142e-18 0)
(5 3.12965e-17 0)
(5 -2.07446e-15 0)
(5 -4.86743e-15 0)
(5 -8.31212e-10 0)
(5.22914 0.0405331 0)
(1.97216 1.14279 0)
(1.17973 0.867005 0)
(1.15863 0.832966 0)
(1.09809 0.821868 0)
(1.05668 0.813854 0)
(1.02658 0.812754 0)
(1.00045 0.812324 0)
(0.975008 0.810199 0)
(0.949972 0.806961 0)
(0.92561 0.805823 0)
(0.903464 0.808682 0)
(0.884725 0.816685 0)
(0.869931 0.829529 0)
(0.85595 0.843554 0)
(0.84064 0.856439 0)
(0.82134 0.865935 0)
(0.797456 0.8718 0)
(0.76879 0.874961 0)
(0.737207 0.880644 0)
(0.707136 0.89486 0)
(0.681814 0.919849 0)
(0.663307 0.955374 0)
(0.649462 0.998718 0)
(0.635964 1.04574 0)
(0.620166 1.09267 0)
(0.597808 1.13711 0)
(0.570409 1.18355 0)
(0.535418 1.2345 0)
(0.496917 1.29922 0)
(0.445042 1.37742 0)
(0.378517 1.48013 0)
(0.280201 1.60323 0)
(0.153838 1.71325 0)
(5 1.07075e-16 0)
(5 2.16821e-17 0)
(5 -1.47214e-16 0)
(5 -4.35064e-16 0)
(5 -5.51577e-16 0)
(5 -7.15315e-16 0)
(5 -6.47716e-16 0)
(5 -2.63128e-16 0)
(5 -2.42782e-16 0)
(5 -4.98198e-16 0)
(5 -6.10911e-16 0)
(5 -7.39991e-16 0)
(5 -9.96735e-16 0)
(5 -1.97482e-15 0)
(5 -1.9057e-15 0)
(5 -1.39832e-15 0)
(5 -4.56314e-16 0)
(5 -6.7097e-16 0)
(5 -1.11351e-15 0)
(5 7.56334e-16 0)
(5 1.07689e-15 0)
(5 1.04936e-15 0)
(5 2.71796e-15 0)
(5 3.48163e-15 0)
(5 3.63321e-15 0)
(5 2.3011e-15 0)
(5 4.30492e-16 0)
(5 -9.58091e-17 0)
(5 -4.08853e-16 0)
(5 -3.40831e-16 0)
(5 7.72425e-16 0)
(5 1.18528e-15 0)
(5 2.9176e-15 0)
(5 3.47863e-15 0)
(5 4.54911e-15 0)
(5 4.31154e-15 0)
(5 4.1839e-15 0)
(5 4.04715e-15 0)
(5 4.44412e-15 0)
(5 5.0677e-15 0)
(5 4.37323e-15 0)
(5 1.65389e-15 0)
(5 1.32883e-15 0)
(5 1.68864e-16 0)
(5 -1.8261e-15 0)
(5 -2.62326e-15 0)
(5 -1.73308e-15 0)
(5 -1.17899e-15 0)
(5 -1.14346e-15 0)
(5 -4.32856e-16 0)
(5 6.46975e-17 0)
(5 2.74325e-16 0)
(5 5.04748e-17 0)
(5 -7.77684e-16 0)
(5 -1.28917e-15 0)
(5 -1.9562e-15 0)
(5 -2.44507e-15 0)
(5 -2.56642e-15 0)
(5 -1.74165e-15 0)
(5 -1.58357e-15 0)
(5 2.62877e-16 0)
(5 -2.31802e-11 0)
(5.00217 0.000937069 0)
(4.41109 0.450747 0)
(1.51572 0.972873 0)
(1.18073 0.940699 0)
(1.16287 0.920639 0)
(1.13843 0.901054 0)
(1.11047 0.889497 0)
(1.08468 0.879427 0)
(1.05804 0.876464 0)
(1.03293 0.873627 0)
(1.00752 0.872674 0)
(0.982791 0.873637 0)
(0.959362 0.876611 0)
(0.938326 0.884739 0)
(0.919899 0.897083 0)
(0.903377 0.912376 0)
(0.887086 0.928436 0)
(0.86985 0.943963 0)
(0.850846 0.957876 0)
(0.829786 0.970474 0)
(0.807841 0.984602 0)
(0.786447 1.00422 0)
(0.767577 1.03195 0)
(0.75399 1.07014 0)
(0.743561 1.11729 0)
(0.738341 1.17281 0)
(0.731921 1.23349 0)
(0.730996 1.30047 0)
(0.726857 1.37312 0)
(0.736003 1.46248 0)
(0.746274 1.57522 0)
(0.791142 1.70968 0)
(0.914978 1.86796 0)
(1.26088 2.08657 0)
(5 -1.5395e-17 0)
(5 1.14882e-16 0)
(5 1.55113e-16 0)
(5 -2.40914e-17 0)
(5 4.60674e-16 0)
(5 9.72775e-16 0)
(5 1.03393e-15 0)
(5 1.02392e-15 0)
(5 1.262e-15 0)
(5 1.19964e-15 0)
(5 -1.0689e-15 0)
(5 -2.18983e-15 0)
(5 -3.76886e-15 0)
(5 -4.12171e-15 0)
(5 -3.90298e-15 0)
(5 -3.85734e-15 0)
(5 -3.95105e-15 0)
(5 -4.55393e-15 0)
(5 -4.36083e-15 0)
(5 -4.38251e-15 0)
(5 -1.94518e-15 0)
(5 -5.806e-16 0)
(5 -1.88745e-16 0)
(5 4.68016e-16 0)
(5 5.51865e-16 0)
(5 -2.66409e-17 0)
(5 4.47925e-16 0)
(5 -6.12223e-16 0)
(5 -1.4201e-15 0)
(5 -2.28474e-15 0)
(5 -2.57179e-15 0)
(5 -2.90805e-15 0)
(5 -1.93987e-15 0)
(5 -1.24957e-15 0)
(5 -6.01815e-16 0)
(5 3.93678e-16 0)
(5 1.25507e-15 0)
(5 1.38945e-15 0)
(5 1.04427e-15 0)
(5 8.25265e-16 0)
(5 6.32818e-16 0)
(5 2.62113e-16 0)
(5 -8.90849e-17 0)
(5 2.81652e-16 0)
(5 7.50232e-16 0)
(5 7.53559e-16 0)
(5 1.93933e-16 0)
(5 1.75432e-16 0)
(5 2.4005e-16 0)
(5 5.90927e-16 0)
(5 9.96554e-16 0)
(5 1.37741e-15 0)
(5 9.27892e-16 0)
(5 9.16019e-16 0)
(5 1.64021e-15 0)
(5 1.75593e-15 0)
(5 1.72416e-15 0)
(5 1.38327e-15 0)
(5 9.30779e-16 0)
(5 7.86191e-16 0)
(5 -4.47565e-16 0)
(5 -2.28141e-14 0)
(5 1.39594e-07 0)
(5.00751 0.00847376 0)
(4.14957 0.547386 0)
(1.45863 0.913217 0)
(1.21901 0.962974 0)
(1.2146 0.983132 0)
(1.20427 0.986196 0)
(1.1872 0.991988 0)
(1.16852 0.992613 0)
(1.14853 0.99257 0)
(1.12764 0.993042 0)
(1.10669 0.993511 0)
(1.08561 0.994751 0)
(1.06487 0.99637 0)
(1.04549 1.00179 0)
(1.0282 1.01012 0)
(1.01337 1.02324 0)
(1.0009 1.03936 0)
(0.989882 1.05812 0)
(0.980564 1.07905 0)
(0.971114 1.10055 0)
(0.963615 1.12473 0)
(0.956233 1.14968 0)
(0.953219 1.18059 0)
(0.953655 1.21768 0)
(0.962702 1.26353 0)
(0.977821 1.31797 0)
(1.00483 1.38109 0)
(1.04287 1.45242 0)
(1.0993 1.53469 0)
(1.18594 1.63458 0)
(1.32517 1.73185 0)
(1.53252 1.8273 0)
(1.86446 1.89319 0)
(5 1.56216e-17 0)
(5 -4.81186e-17 0)
(5 -1.21743e-16 0)
(5 -1.22703e-17 0)
(5 7.66394e-18 0)
(5 6.59165e-18 0)
(5 -2.02774e-16 0)
(5 -3.91791e-16 0)
(5 -4.21745e-16 0)
(5 -3.44858e-16 0)
(5 -4.024e-16 0)
(5 -1.031e-16 0)
(5 -5.72077e-17 0)
(5 -2.62026e-16 0)
(5 -2.95693e-16 0)
(5 -1.32459e-15 0)
(5 -1.64518e-15 0)
(5 -2.15582e-15 0)
(5 -2.96279e-15 0)
(5 -3.28732e-15 0)
(5 -3.38715e-15 0)
(5 -2.95229e-15 0)
(5 -1.59463e-15 0)
(5 -1.27313e-15 0)
(5 -9.21488e-16 0)
(5 5.68093e-16 0)
(5 9.49393e-16 0)
(5 1.46858e-15 0)
(5 1.25338e-15 0)
(5 9.03005e-16 0)
(5 9.31149e-16 0)
(5 1.05347e-15 0)
(5 -1.21618e-15 0)
(5 -2.89224e-15 0)
(5 -3.18575e-15 0)
(5 -2.5929e-15 0)
(5 -1.82153e-15 0)
(5 -2.20405e-15 0)
(5 -2.394e-15 0)
(5 -9.4024e-16 0)
(5 -1.853e-15 0)
(5 -2.4839e-15 0)
(5 -2.22997e-15 0)
(5 -1.24641e-15 0)
(5 -2.71557e-16 0)
(5 -8.86899e-17 0)
(5 -4.86336e-16 0)
(5 -1.68853e-15 0)
(5 -1.54376e-15 0)
(5 -1.26088e-15 0)
(5 -1.23966e-15 0)
(5 -1.47557e-15 0)
(5 -1.48623e-15 0)
(5 -7.75524e-16 0)
(5 1.32701e-15 0)
(5 1.88911e-15 0)
(5 2.96161e-15 0)
(5 3.8792e-15 0)
(5 1.36401e-15 0)
(5 -1.86354e-16 0)
(5 -2.66655e-16 0)
(5 2.57407e-16 0)
(5 2.38644e-12 0)
(5 1.45151e-06 0)
(5.01052 0.0256109 0)
(4.48772 0.392887 0)
(1.654 0.94642 0)
(1.30728 1.02593 0)
(1.28722 1.0668 0)
(1.28156 1.0701 0)
(1.26526 1.07937 0)
(1.25162 1.08446 0)
(1.2374 1.08838 0)
(1.22329 1.09293 0)
(1.20911 1.09679 0)
(1.19494 1.10171 0)
(1.18117 1.10526 0)
(1.16823 1.11277 0)
(1.15643 1.1194 0)
(1.14752 1.13273 0)
(1.14 1.14559 0)
(1.13687 1.16472 0)
(1.13518 1.18454 0)
(1.13831 1.20906 0)
(1.14343 1.23478 0)
(1.15372 1.26405 0)
(1.16796 1.2956 0)
(1.18989 1.33162 0)
(1.22016 1.37289 0)
(1.26277 1.41637 0)
(1.31894 1.46815 0)
(1.39352 1.51903 0)
(1.49558 1.57693 0)
(1.62545 1.62771 0)
(1.79354 1.67079 0)
(2.00909 1.69463 0)
(5 2.42135e-17 0)
(5 2.57318e-16 0)
(5 1.21916e-16 0)
(5 2.00991e-16 0)
(5 1.37338e-16 0)
(5 -1.3476e-16 0)
(5 -3.69557e-16 0)
(5 1.71215e-16 0)
(5 9.86389e-16 0)
(5 8.99741e-16 0)
(5 1.99448e-15 0)
(5 2.41089e-15 0)
(5 2.68211e-15 0)
(5 2.87681e-15 0)
(5 2.9817e-15 0)
(5 3.41454e-15 0)
(5 3.61681e-15 0)
(5 3.24486e-15 0)
(5 2.22707e-15 0)
(5 1.32644e-15 0)
(5 9.05044e-16 0)
(5 7.08222e-16 0)
(5 3.54082e-16 0)
(5 9.44405e-17 0)
(5 5.78897e-17 0)
(5 2.13249e-16 0)
(5 4.2311e-16 0)
(5 6.60293e-16 0)
(5 5.33396e-16 0)
(5 -9.96483e-17 0)
(5 -2.10964e-16 0)
(5 -1.23086e-16 0)
(5 -1.15907e-15 0)
(5 -3.4166e-15 0)
(5 -3.8296e-15 0)
(5 -3.8867e-15 0)
(5 -2.02006e-15 0)
(5 -7.83755e-16 0)
(5 -4.79179e-16 0)
(5 -4.17354e-16 0)
(5 9.65244e-17 0)
(5 1.03048e-15 0)
(5 1.30037e-15 0)
(5 1.25414e-16 0)
(5 -1.01089e-16 0)
(5 7.97268e-17 0)
(5 1.08258e-16 0)
(5 -2.2652e-16 0)
(5 -5.00484e-16 0)
(5 -6.18244e-16 0)
(5 -4.70744e-16 0)
(5 -4.52009e-16 0)
(5 -4.97806e-16 0)
(5 -1.1114e-15 0)
(5 -1.33638e-15 0)
(5 -1.89186e-16 0)
(5 1.68065e-15 0)
(5 1.03977e-15 0)
(5 -1.29523e-16 0)
(5 2.53433e-16 0)
(5 1.24056e-15 0)
(5 2.93173e-15 0)
(5 3.97156e-15 0)
(5 3.46211e-11 0)
(5.00001 9.08269e-06 0)
(5.00925 0.0114092 0)
(4.62875 0.245472 0)
(2.21903 0.988538 0)
(1.40757 1.10716 0)
(1.34591 1.1582 0)
(1.34533 1.15912 0)
(1.33329 1.1611 0)
(1.32487 1.16928 0)
(1.31727 1.17382 0)
(1.31039 1.17949 0)
(1.30432 1.18648 0)
(1.29851 1.19303 0)
(1.29394 1.20136 0)
(1.29023 1.20837 0)
(1.28787 1.21807 0)
(1.28753 1.22899 0)
(1.28946 1.24032 0)
(1.29469 1.25635 0)
(1.30302 1.27193 0)
(1.31614 1.29249 0)
(1.3333 1.31415 0)
(1.35632 1.33772 0)
(1.38605 1.36331 0)
(1.42389 1.39165 0)
(1.47039 1.42049 0)
(1.52882 1.45155 0)
(1.60219 1.48208 0)
(1.68595 1.50846 0)
(1.78631 1.53174 0)
(1.91215 1.54946 0)
(2.04717 1.55514 0)
(5 -5.00764e-17 0)
(5 1.92642e-16 0)
(5 3.89814e-16 0)
(5 4.76905e-16 0)
(5 5.18135e-16 0)
(5 3.83366e-16 0)
(5 2.97248e-16 0)
(5 8.88059e-16 0)
(5 9.43427e-16 0)
(5 6.05952e-16 0)
(5 -1.62584e-16 0)
(5 -4.57169e-16 0)
(5 -4.32937e-16 0)
(5 -3.00982e-17 0)
(5 3.46991e-16 0)
(5 1.01234e-15 0)
(5 1.35638e-15 0)
(5 3.10015e-15 0)
(5 4.48916e-15 0)
(5 4.48604e-15 0)
(5 4.06424e-15 0)
(5 2.71896e-15 0)
(5 1.21844e-15 0)
(5 1.19593e-15 0)
(5 9.37519e-16 0)
(5 -5.25906e-16 0)
(5 -8.23228e-16 0)
(5 -1.49841e-15 0)
(5 -1.5597e-15 0)
(5 -1.24019e-15 0)
(5 -5.15092e-16 0)
(5 -4.43145e-17 0)
(5 -1.68329e-16 0)
(5 3.86394e-16 0)
(5 8.17076e-16 0)
(5 7.57229e-16 0)
(5 3.29049e-16 0)
(5 1.88003e-15 0)
(5 2.13242e-15 0)
(5 1.40143e-15 0)
(5 2.13442e-15 0)
(5 2.84363e-15 0)
(5 3.60569e-15 0)
(5 3.89081e-15 0)
(5 3.49827e-15 0)
(5 3.27021e-15 0)
(5 3.41046e-15 0)
(5 4.05009e-15 0)
(5 3.75135e-15 0)
(5 3.41307e-15 0)
(5 3.42972e-15 0)
(5 3.00638e-15 0)
(5 1.9759e-15 0)
(5 1.23087e-15 0)
(5 9.17096e-16 0)
(5 1.23138e-15 0)
(5 7.04925e-16 0)
(5 6.88011e-17 0)
(5 -2.15239e-17 0)
(5 2.03293e-17 0)
(5 -2.92575e-16 0)
(5 -1.04903e-15 0)
(5 -1.37258e-15 0)
(5 -9.61344e-16 0)
(5 3.0746e-10 0)
(5.00001 2.78915e-06 0)
(5.00175 0.00285815 0)
(4.74615 0.184705 0)
(3.46886 0.896067 0)
(1.56563 1.13391 0)
(1.43128 1.22644 0)
(1.41464 1.23892 0)
(1.41964 1.23754 0)
(1.40715 1.24569 0)
(1.40518 1.24786 0)
(1.40163 1.25474 0)
(1.40105 1.25896 0)
(1.40112 1.26764 0)
(1.40384 1.27541 0)
(1.40807 1.28463 0)
(1.41444 1.2951 0)
(1.42317 1.30561 0)
(1.43426 1.31765 0)
(1.44864 1.33008 0)
(1.46635 1.34376 0)
(1.48833 1.35838 0)
(1.51522 1.37415 0)
(1.54771 1.39073 0)
(1.58635 1.40785 0)
(1.63083 1.42468 0)
(1.68443 1.44148 0)
(1.74599 1.45619 0)
(1.81247 1.46775 0)
(1.89177 1.47832 0)
(1.98401 1.48394 0)
(2.07412 1.4818 0)
(5 3.54482e-18 0)
(5 -2.24691e-16 0)
(5 -2.75741e-16 0)
(5 -3.7129e-16 0)
(5 -2.39969e-16 0)
(5 -3.72012e-17 0)
(5 3.41782e-16 0)
(5 -2.10888e-17 0)
(5 -9.3348e-17 0)
(5 -4.6306e-16 0)
(5 -6.89243e-16 0)
(5 -5.10411e-16 0)
(5 2.12377e-16 0)
(5 3.24846e-16 0)
(5 4.27733e-16 0)
(5 7.67182e-16 0)
(5 1.23862e-15 0)
(5 2.96179e-15 0)
(5 3.49964e-15 0)
(5 3.52286e-15 0)
(5 1.81031e-15 0)
(5 1.19851e-15 0)
(5 1.05425e-15 0)
(5 8.82061e-16 0)
(5 5.93557e-17 0)
(5 -2.66043e-16 0)
(5 -3.68104e-16 0)
(5 1.4956e-16 0)
(5 6.81451e-16 0)
(5 6.76392e-16 0)
(5 1.23242e-15 0)
(5 2.43463e-15 0)
(5 3.22242e-15 0)
(5 2.88469e-15 0)
(5 2.98619e-15 0)
(5 1.53811e-15 0)
(5 -5.53776e-16 0)
(5 -6.92081e-16 0)
(5 -8.3852e-16 0)
(5 -1.28094e-15 0)
(5 -1.5574e-15 0)
(5 -2.63833e-15 0)
(5 -2.58807e-15 0)
(5 -1.837e-15 0)
(5 -1.34741e-15 0)
(5 -1.22532e-15 0)
(5 -3.57064e-16 0)
(5 -3.90609e-17 0)
(5 -4.67873e-16 0)
(5 -6.80681e-16 0)
(5 -9.26068e-16 0)
(5 -2.90082e-16 0)
(5 8.36823e-16 0)
(5 1.15035e-15 0)
(5 1.85229e-15 0)
(5 1.74315e-15 0)
(5 2.70509e-16 0)
(5 1.84528e-17 0)
(5 -3.28833e-16 0)
(5 -4.9056e-16 0)
(5 -8.37723e-16 0)
(5 -2.65334e-15 0)
(5 -3.34531e-15 0)
(5 -3.45666e-15 0)
(5 6.58869e-16 0)
(5 5.91121e-11 0)
(5 3.42779e-07 0)
(5.00006 0.000867535 0)
(4.9859 0.0787616 0)
(4.37008 0.442426 0)
(2.41399 1.13055 0)
(1.58503 1.24755 0)
(1.5285 1.31414 0)
(1.52392 1.3177 0)
(1.52482 1.31271 0)
(1.51242 1.31651 0)
(1.51147 1.31689 0)
(1.51264 1.31862 0)
(1.51571 1.3232 0)
(1.52222 1.32865 0)
(1.53089 1.33563 0)
(1.54227 1.34361 0)
(1.55617 1.35265 0)
(1.57322 1.36226 0)
(1.59323 1.37246 0)
(1.61685 1.38303 0)
(1.64417 1.39374 0)
(1.67606 1.40438 0)
(1.71185 1.41465 0)
(1.75219 1.42418 0)
(1.79856 1.43271 0)
(1.84994 1.4394 0)
(1.90547 1.44478 0)
(1.96985 1.44859 0)
(2.03706 1.4488 0)
(2.10487 1.44475 0)
(5 -5.47109e-17 0)
(5 -3.99832e-17 0)
(5 -9.61592e-17 0)
(5 8.05583e-17 0)
(5 1.12147e-16 0)
(5 2.58299e-16 0)
(5 2.94545e-16 0)
(5 1.46884e-16 0)
(5 1.00969e-16 0)
(5 4.0725e-16 0)
(5 1.02093e-15 0)
(5 1.56812e-15 0)
(5 1.51609e-15 0)
(5 1.47659e-15 0)
(5 8.5357e-16 0)
(5 2.65467e-16 0)
(5 -2.18187e-16 0)
(5 -7.73043e-16 0)
(5 -1.43764e-15 0)
(5 -6.87479e-16 0)
(5 8.14814e-16 0)
(5 1.24442e-15 0)
(5 1.88611e-15 0)
(5 2.00961e-15 0)
(5 2.02223e-15 0)
(5 2.46038e-15 0)
(5 2.46339e-15 0)
(5 2.7493e-15 0)
(5 2.84168e-15 0)
(5 1.16989e-15 0)
(5 1.27596e-16 0)
(5 -4.0689e-16 0)
(5 -1.87382e-16 0)
(5 -8.13546e-17 0)
(5 -3.65821e-16 0)
(5 -9.61065e-16 0)
(5 -6.28576e-16 0)
(5 -3.03092e-16 0)
(5 -6.74578e-16 0)
(5 -5.87224e-16 0)
(5 -2.24546e-16 0)
(5 -8.0723e-17 0)
(5 -1.2519e-15 0)
(5 -1.68631e-15 0)
(5 -1.24129e-15 0)
(5 -2.69306e-15 0)
(5 -3.08594e-15 0)
(5 -4.0679e-15 0)
(5 -4.04439e-15 0)
(5 -3.95085e-15 0)
(5 -4.0314e-15 0)
(5 -3.80173e-15 0)
(5 -2.74107e-15 0)
(5 -1.86839e-15 0)
(5 -1.2072e-15 0)
(5 -1.27553e-15 0)
(5 -1.45e-15 0)
(5 -1.32093e-15 0)
(5 -1.73468e-15 0)
(5 -3.13256e-15 0)
(5 -3.7668e-15 0)
(5 -3.72829e-15 0)
(5 -4.70703e-15 0)
(5 -5.62719e-15 0)
(5 -6.12976e-15 0)
(5 4.45889e-15 0)
(5 6.47852e-12 0)
(5 6.68895e-08 0)
(5.00004 0.000125625 0)
(5.00396 0.00582689 0)
(4.71563 0.251427 0)
(3.9983 0.736775 0)
(2.15508 1.25567 0)
(1.6858 1.38006 0)
(1.62989 1.41487 0)
(1.63063 1.41189 0)
(1.63724 1.40202 0)
(1.62761 1.39884 0)
(1.62921 1.39511 0)
(1.63162 1.39414 0)
(1.6372 1.39484 0)
(1.6477 1.39612 0)
(1.66059 1.39905 0)
(1.67715 1.40272 0)
(1.69657 1.40729 0)
(1.71938 1.41223 0)
(1.74531 1.41734 0)
(1.77493 1.42245 0)
(1.80745 1.42743 0)
(1.84349 1.43205 0)
(1.88383 1.43625 0)
(1.92787 1.43981 0)
(1.97723 1.44193 0)
(2.02891 1.44213 0)
(2.08078 1.44014 0)
(2.13542 1.43503 0)
(5 3.78911e-17 0)
(5 1.6232e-16 0)
(5 2.0076e-16 0)
(5 -1.19579e-17 0)
(5 -9.10444e-17 0)
(5 2.40188e-17 0)
(5 -2.1658e-16 0)
(5 -5.79026e-16 0)
(5 -4.01401e-16 0)
(5 9.81207e-17 0)
(5 2.45731e-16 0)
(5 -2.2266e-16 0)
(5 -3.44641e-16 0)
(5 -8.25507e-16 0)
(5 -1.23792e-15 0)
(5 -1.45883e-15 0)
(5 -2.77587e-15 0)
(5 -3.61425e-15 0)
(5 -3.50121e-15 0)
(5 -3.20269e-15 0)
(5 -2.25047e-15 0)
(5 -1.55697e-15 0)
(5 -6.43691e-17 0)
(5 9.45678e-16 0)
(5 1.22054e-15 0)
(5 1.66018e-15 0)
(5 2.10692e-15 0)
(5 2.08895e-15 0)
(5 1.89461e-15 0)
(5 1.72178e-15 0)
(5 1.47883e-15 0)
(5 1.1912e-15 0)
(5 1.17394e-15 0)
(5 1.08627e-15 0)
(5 3.88931e-16 0)
(5 3.15463e-17 0)
(5 -6.90537e-16 0)
(5 -8.88526e-16 0)
(5 -6.99102e-16 0)
(5 7.03806e-17 0)
(5 7.39405e-16 0)
(5 8.96591e-16 0)
(5 2.24728e-16 0)
(5 1.09705e-17 0)
(5 -6.32634e-17 0)
(5 8.75396e-17 0)
(5 2.61811e-16 0)
(5 3.99e-17 0)
(5 -2.49365e-16 0)
(5 -2.71391e-16 0)
(5 -1.30988e-16 0)
(5 1.5567e-16 0)
(5 8.15639e-16 0)
(5 8.31769e-16 0)
(5 5.31544e-16 0)
(5 8.65991e-16 0)
(5 8.90714e-16 0)
(5 -7.38979e-17 0)
(5 -1.07153e-15 0)
(5 -1.53371e-15 0)
(5 -1.42373e-15 0)
(5 3.79787e-16 0)
(5 2.00932e-15 0)
(5 2.46616e-15 0)
(5 1.07328e-15 0)
(5 3.43788e-15 0)
(5 4.92177e-15 0)
(5 4.84068e-13 0)
(5 9.4647e-09 0)
(5 4.68776e-07 0)
(4.9997 0.001754 0)
(5.00644 0.018498 0)
(4.51574 0.369298 0)
(3.76049 0.891879 0)
(2.12969 1.33081 0)
(1.783 1.45017 0)
(1.73632 1.48392 0)
(1.74019 1.48413 0)
(1.76197 1.47341 0)
(1.75454 1.46477 0)
(1.75758 1.45678 0)
(1.76307 1.45182 0)
(1.7715 1.44778 0)
(1.78292 1.44531 0)
(1.79831 1.44335 0)
(1.81577 1.44256 0)
(1.83687 1.44242 0)
(1.86167 1.44308 0)
(1.89011 1.44425 0)
(1.92216 1.44557 0)
(1.95738 1.44684 0)
(1.99568 1.44726 0)
(2.03626 1.44619 0)
(2.07815 1.44378 0)
(2.1206 1.44023 0)
(2.16593 1.43502 0)
(5 -6.40231e-17 0)
(5 -4.67492e-17 0)
(5 9.49067e-17 0)
(5 -2.98546e-16 0)
(5 -6.04607e-16 0)
(5 -5.76356e-16 0)
(5 -2.45186e-16 0)
(5 -4.51534e-17 0)
(5 2.11374e-17 0)
(5 -2.55431e-16 0)
(5 -6.51824e-16 0)
(5 -6.51958e-16 0)
(5 -4.56732e-16 0)
(5 -4.25891e-16 0)
(5 -3.1731e-16 0)
(5 -1.40653e-16 0)
(5 -7.63293e-17 0)
(5 9.88911e-16 0)
(5 1.91799e-15 0)
(5 1.69974e-15 0)
(5 1.13844e-15 0)
(5 1.0025e-15 0)
(5 1.15427e-15 0)
(5 1.82249e-15 0)
(5 1.91135e-15 0)
(5 2.02742e-15 0)
(5 2.51473e-15 0)
(5 2.57035e-15 0)
(5 2.51769e-15 0)
(5 3.90156e-15 0)
(5 4.17475e-15 0)
(5 4.76927e-15 0)
(5 4.55274e-15 0)
(5 2.24747e-15 0)
(5 1.71422e-15 0)
(5 1.04159e-15 0)
(5 -1.53301e-15 0)
(5 -2.37224e-15 0)
(5 -2.40772e-15 0)
(5 -2.99515e-15 0)
(5 -3.96048e-15 0)
(5 -4.33245e-15 0)
(5 -4.24058e-15 0)
(5 -2.02103e-15 0)
(5 -1.35047e-15 0)
(5 -8.7555e-16 0)
(5 -7.56611e-16 0)
(5 -4.39609e-16 0)
(5 -4.73214e-16 0)
(5 -6.15463e-16 0)
(5 -5.83661e-16 0)
(5 -8.7963e-17 0)
(5 9.43651e-16 0)
(5 1.17177e-15 0)
(5 5.87449e-16 0)
(5 -1.81165e-17 0)
(5 2.46341e-15 0)
(5 3.03198e-15 0)
(5 3.23318e-15 0)
(5 5.39504e-15 0)
(5 5.83828e-15 0)
(5 5.91379e-15 0)
(5 6.17755e-15 0)
(5 6.225e-15 0)
(5 4.82389e-15 0)
(5 2.17931e-15 0)
(5 1.25316e-15 0)
(5 5.23633e-16 0)
(5 1.12727e-13 0)
(5 9.12075e-12 0)
(5 3.56363e-07 0)
(5.00002 3.92376e-06 0)
(4.99901 0.00430728 0)
(4.99843 0.0348651 0)
(4.43628 0.42631 0)
(3.653 0.946333 0)
(2.28685 1.38831 0)
(1.87767 1.47909 0)
(1.83484 1.54018 0)
(1.83865 1.54179 0)
(1.88054 1.53483 0)
(1.8875 1.5288 0)
(1.88605 1.52092 0)
(1.89153 1.51024 0)
(1.89929 1.50299 0)
(1.91434 1.49597 0)
(1.93187 1.49075 0)
(1.95355 1.48595 0)
(1.97615 1.48219 0)
(2.00062 1.47831 0)
(2.02751 1.47399 0)
(2.0577 1.46936 0)
(2.09027 1.46471 0)
(2.1247 1.45997 0)
(2.16024 1.4549 0)
(2.19726 1.44906 0)
(5 2.29001e-18 0)
(5 -8.26812e-17 0)
(5 6.92956e-17 0)
(5 2.61917e-16 0)
(5 2.41509e-16 0)
(5 -7.22327e-17 0)
(5 -4.09461e-16 0)
(5 -1.14001e-15 0)
(5 -1.6731e-15 0)
(5 -2.98323e-15 0)
(5 -3.11818e-15 0)
(5 -2.77741e-15 0)
(5 -2.46693e-15 0)
(5 -1.96866e-15 0)
(5 -1.63052e-15 0)
(5 -1.09002e-15 0)
(5 -8.31864e-16 0)
(5 -1.28098e-16 0)
(5 -5.95282e-17 0)
(5 -4.55524e-16 0)
(5 -5.70392e-16 0)
(5 -2.43727e-16 0)
(5 1.50497e-17 0)
(5 8.32295e-16 0)
(5 3.99845e-15 0)
(5 4.57932e-15 0)
(5 4.56049e-15 0)
(5 5.17404e-15 0)
(5 4.32534e-15 0)
(5 3.00741e-15 0)
(5 1.93721e-15 0)
(5 4.81847e-16 0)
(5 -1.01453e-15 0)
(5 -1.12798e-15 0)
(5 -5.615e-16 0)
(5 1.45372e-15 0)
(5 1.78433e-15 0)
(5 1.36103e-15 0)
(5 2.82788e-15 0)
(5 3.80952e-15 0)
(5 2.7078e-15 0)
(5 8.43235e-16 0)
(5 -1.52242e-15 0)
(5 -2.23191e-15 0)
(5 -1.59443e-15 0)
(5 -5.82485e-17 0)
(5 5.44376e-16 0)
(5 1.08036e-15 0)
(5 1.3377e-15 0)
(5 1.291e-15 0)
(5 -1.8629e-15 0)
(5 -5.39372e-15 0)
(5 -6.08788e-15 0)
(5 -5.37405e-15 0)
(5 -3.86641e-15 0)
(5 -3.54645e-15 0)
(5 -3.88728e-15 0)
(5 -2.89568e-15 0)
(5 4.40094e-16 0)
(5 9.77558e-16 0)
(5 9.5098e-16 0)
(5 1.29759e-16 0)
(5 -3.50317e-16 0)
(5 -4.34702e-16 0)
(5 -1.20467e-16 0)
(5 -2.22165e-16 0)
(5 -2.51495e-16 0)
(5 -1.85889e-15 0)
(5 -1.97849e-15 0)
(5 -2.0773e-15 0)
(5 4.61423e-12 0)
(5 9.46256e-11 0)
(5 1.16772e-06 0)
(5.00004 2.02523e-05 0)
(4.99866 0.00528547 0)
(4.98433 0.0485559 0)
(4.50903 0.406163 0)
(3.67909 0.925899 0)
(2.6018 1.39721 0)
(2.00586 1.50062 0)
(1.97158 1.58434 0)
(1.95191 1.59234 0)
(1.96593 1.59023 0)
(1.99125 1.57999 0)
(2.00537 1.56377 0)
(2.01565 1.55642 0)
(2.03207 1.54854 0)
(2.04569 1.54136 0)
(2.06172 1.53275 0)
(2.07922 1.52353 0)
(2.10005 1.51404 0)
(2.12471 1.50485 0)
(2.1517 1.49658 0)
(2.18002 1.48895 0)
(2.20867 1.48145 0)
(2.23759 1.47328 0)
(5 4.54742e-17 0)
(5 -3.52425e-18 0)
(5 -2.79003e-16 0)
(5 -1.33593e-16 0)
(5 -8.86406e-17 0)
(5 -1.25198e-16 0)
(5 -2.28203e-16 0)
(5 -4.11785e-16 0)
(5 -1.52348e-16 0)
(5 5.80399e-17 0)
(5 1.29331e-15 0)
(5 1.27512e-15 0)
(5 1.04398e-15 0)
(5 1.37179e-15 0)
(5 1.57992e-15 0)
(5 2.17555e-15 0)
(5 2.56006e-15 0)
(5 -9.8081e-16 0)
(5 -2.3329e-15 0)
(5 -2.3232e-15 0)
(5 -2.17527e-15 0)
(5 -2.19637e-15 0)
(5 -2.20821e-15 0)
(5 -1.96785e-15 0)
(5 -1.43216e-15 0)
(5 -2.09073e-15 0)
(5 -2.27817e-15 0)
(5 -2.19082e-15 0)
(5 -1.93172e-15 0)
(5 -2.3164e-15 0)
(5 -2.96314e-15 0)
(5 -2.9715e-15 0)
(5 -2.59432e-15 0)
(5 -1.93928e-15 0)
(5 -1.05805e-15 0)
(5 -9.35628e-16 0)
(5 -7.28574e-16 0)
(5 1.04192e-15 0)
(5 2.5844e-15 0)
(5 2.7048e-15 0)
(5 2.77547e-15 0)
(5 2.86915e-15 0)
(5 2.87769e-15 0)
(5 2.28987e-15 0)
(5 1.4094e-15 0)
(5 1.17551e-15 0)
(5 3.24043e-15 0)
(5 4.01633e-15 0)
(5 4.39335e-15 0)
(5 3.4642e-15 0)
(5 1.20199e-15 0)
(5 -8.72834e-16 0)
(5 -7.79168e-16 0)
(5 -2.47454e-16 0)
(5 -1.02133e-15 0)
(5 -2.95604e-15 0)
(5 -3.27419e-15 0)
(5 -3.43123e-15 0)
(5 -2.78661e-15 0)
(5 -2.12325e-15 0)
(5 -1.6659e-15 0)
(5 -2.56433e-15 0)
(5 -4.13187e-15 0)
(5 -4.17398e-15 0)
(5 -3.30057e-15 0)
(5 -2.53169e-15 0)
(5 -3.33719e-15 0)
(5 -4.48191e-15 0)
(5 -3.83847e-15 0)
(5 -2.44984e-15 0)
(5 -2.23714e-15 0)
(5 2.00985e-15 0)
(5 1.58176e-11 0)
(5 4.99065e-10 0)
(5 1.53883e-06 0)
(5.00003 3.79807e-05 0)
(4.99916 0.00432513 0)
(4.97858 0.0499754 0)
(4.71638 0.285239 0)
(3.80122 0.883467 0)
(3.07883 1.31599 0)
(2.26029 1.52886 0)
(2.05758 1.61331 0)
(2.04819 1.63888 0)
(2.05257 1.63514 0)
(2.10741 1.61981 0)
(2.13152 1.61681 0)
(2.14273 1.60492 0)
(2.14546 1.58819 0)
(2.1557 1.57331 0)
(2.17304 1.56328 0)
(2.19571 1.55403 0)
(2.21991 1.54431 0)
(2.24339 1.53442 0)
(2.26497 1.52402 0)
(2.28568 1.51204 0)
(5 -2.00573e-16 0)
(5 -2.22494e-17 0)
(5 3.48497e-16 0)
(5 -5.76571e-17 0)
(5 -1.64978e-16 0)
(5 5.80433e-16 0)
(5 1.3333e-15 0)
(5 1.36001e-15 0)
(5 1.51642e-15 0)
(5 1.93457e-15 0)
(5 2.12447e-15 0)
(5 2.29346e-15 0)
(5 2.21679e-15 0)
(5 1.90878e-15 0)
(5 1.90777e-15 0)
(5 1.31867e-15 0)
(5 1.37364e-16 0)
(5 -1.07609e-16 0)
(5 4.89687e-17 0)
(5 3.71123e-16 0)
(5 -1.21157e-16 0)
(5 -7.96589e-16 0)
(5 -1.66309e-15 0)
(5 -3.66382e-15 0)
(5 -7.77317e-15 0)
(5 -8.31049e-15 0)
(5 -8.2216e-15 0)
(5 -7.67601e-15 0)
(5 -7.3223e-15 0)
(5 -4.45268e-15 0)
(5 -3.25562e-15 0)
(5 -2.50554e-15 0)
(5 -2.5179e-15 0)
(5 -1.79831e-15 0)
(5 -1.4447e-15 0)
(5 -1.86905e-15 0)
(5 -2.90076e-15 0)
(5 -2.61982e-15 0)
(5 -1.90625e-15 0)
(5 -1.89505e-17 0)
(5 8.37735e-16 0)
(5 2.24748e-15 0)
(5 3.21244e-15 0)
(5 3.69314e-15 0)
(5 5.64337e-15 0)
(5 5.88449e-15 0)
(5 4.26945e-15 0)
(5 2.66959e-16 0)
(5 -1.7437e-17 0)
(5 3.74715e-16 0)
(5 2.09431e-15 0)
(5 4.51936e-15 0)
(5 5.95579e-15 0)
(5 6.01115e-15 0)
(5 5.12942e-15 0)
(5 4.6432e-15 0)
(5 4.71269e-15 0)
(5 4.24773e-15 0)
(5 2.55852e-15 0)
(5 3.10133e-15 0)
(5 3.04076e-15 0)
(5 1.7322e-15 0)
(5 -7.90075e-16 0)
(5 -1.49898e-15 0)
(5 -1.77176e-15 0)
(5 -1.03191e-15 0)
(5 -1.76811e-15 0)
(5 -4.77311e-15 0)
(5 -7.01803e-15 0)
(5 -6.36378e-15 0)
(5 -1.60334e-15 0)
(5 -9.64464e-16 0)
(5 4.4167e-17 0)
(5 6.23756e-15 0)
(5 1.99338e-11 0)
(5 1.40071e-09 0)
(5 9.77221e-07 0)
(5.00001 4.28736e-05 0)
(4.9999 0.00222727 0)
(4.98669 0.0305867 0)
(4.85249 0.198296 0)
(4.19263 0.682829 0)
(3.46846 1.13858 0)
(2.65191 1.51376 0)
(2.2272 1.60793 0)
(2.18596 1.66867 0)
(2.19101 1.66737 0)
(2.18041 1.67086 0)
(2.21363 1.65684 0)
(2.22822 1.6424 0)
(2.25266 1.6224 0)
(2.27523 1.60745 0)
(2.29526 1.59759 0)
(2.31183 1.58787 0)
(2.32505 1.57613 0)
(2.33666 1.56208 0)
(5 3.52854e-18 0)
(5 5.32707e-17 0)
(5 1.00535e-16 0)
(5 7.78841e-17 0)
(5 4.48111e-16 0)
(5 6.35123e-16 0)
(5 3.27646e-16 0)
(5 2.25591e-16 0)
(5 2.12833e-16 0)
(5 -5.93299e-16 0)
(5 -1.06028e-15 0)
(5 -1.13744e-15 0)
(5 -5.43136e-16 0)
(5 -2.16985e-15 0)
(5 -2.81289e-15 0)
(5 -3.09091e-15 0)
(5 -2.55814e-15 0)
(5 -1.30345e-15 0)
(5 -4.2652e-16 0)
(5 -6.20484e-16 0)
(5 -7.54854e-16 0)
(5 -2.11846e-15 0)
(5 -2.72945e-15 0)
(5 -3.27763e-15 0)
(5 -3.1546e-15 0)
(5 -2.63795e-15 0)
(5 -2.0741e-15 0)
(5 -3.27615e-15 0)
(5 -5.10885e-15 0)
(5 -4.45583e-15 0)
(5 -3.17844e-15 0)
(5 -2.77875e-15 0)
(5 -2.60475e-15 0)
(5 -2.42624e-15 0)
(5 -2.12408e-15 0)
(5 -1.94105e-15 0)
(5 -1.71415e-15 0)
(5 -2.11527e-15 0)
(5 -3.03387e-15 0)
(5 -3.10594e-15 0)
(5 -2.61573e-15 0)
(5 -2.58744e-15 0)
(5 -3.24415e-15 0)
(5 -2.88787e-15 0)
(5 -1.92737e-16 0)
(5 4.44633e-16 0)
(5 5.51738e-16 0)
(5 7.06056e-17 0)
(5 -5.93411e-16 0)
(5 -2.57592e-16 0)
(5 -3.58736e-17 0)
(5 -4.90229e-17 0)
(5 6.62259e-16 0)
(5 2.73563e-15 0)
(5 3.2529e-15 0)
(5 3.75389e-15 0)
(5 4.16785e-15 0)
(5 4.76839e-15 0)
(5 4.75293e-15 0)
(5 4.37245e-15 0)
(5 2.98354e-15 0)
(5 2.53858e-15 0)
(5 2.50268e-15 0)
(5 2.84612e-17 0)
(5 -2.49337e-15 0)
(5 -2.57181e-15 0)
(5 -2.24771e-15 0)
(5 -1.92555e-15 0)
(5 -1.5303e-15 0)
(5 -1.60041e-15 0)
(5 -2.13851e-15 0)
(5 -2.82594e-15 0)
(5 -2.55791e-15 0)
(5 -1.65707e-15 0)
(5 -1.26213e-15 0)
(5 1.22746e-14 0)
(5 1.43269e-11 0)
(5 1.32785e-09 0)
(5 3.65394e-07 0)
(5.00001 2.22767e-05 0)
(4.99995 0.000845935 0)
(4.99705 0.011913 0)
(4.92739 0.127363 0)
(4.63971 0.379191 0)
(3.86668 0.925927 0)
(3.14224 1.37017 0)
(2.65921 1.59844 0)
(2.33888 1.64839 0)
(2.26383 1.70102 0)
(2.26728 1.70006 0)
(2.27885 1.69499 0)
(2.32111 1.68095 0)
(2.36535 1.6636 0)
(2.3897 1.65176 0)
(2.39601 1.63521 0)
(2.39593 1.61408 0)
(5 1.7081e-16 0)
(5 6.98317e-17 0)
(5 -3.80267e-16 0)
(5 -5.16532e-16 0)
(5 -6.79856e-16 0)
(5 -9.90505e-16 0)
(5 -1.03558e-15 0)
(5 -2.20531e-16 0)
(5 -7.1529e-17 0)
(5 -9.41212e-16 0)
(5 -1.95886e-15 0)
(5 -2.04583e-15 0)
(5 -2.38149e-15 0)
(5 -2.09584e-15 0)
(5 -1.38479e-15 0)
(5 -1.32585e-15 0)
(5 -1.28498e-15 0)
(5 -1.45285e-15 0)
(5 -1.65987e-15 0)
(5 -1.03899e-15 0)
(5 -7.83055e-16 0)
(5 -6.80922e-16 0)
(5 -1.29305e-15 0)
(5 -1.85587e-15 0)
(5 -1.66991e-15 0)
(5 -1.61486e-15 0)
(5 -1.74858e-15 0)
(5 -2.05172e-15 0)
(5 -2.19294e-15 0)
(5 -2.28351e-15 0)
(5 -1.56943e-15 0)
(5 -9.00194e-16 0)
(5 -8.9742e-16 0)
(5 -1.1318e-15 0)
(5 -1.64225e-15 0)
(5 -1.76188e-15 0)
(5 -1.3162e-15 0)
(5 -8.15374e-16 0)
(5 -5.82421e-16 0)
(5 -3.16888e-16 0)
(5 -3.00416e-15 0)
(5 -4.70999e-15 0)
(5 -5.43193e-15 0)
(5 -5.01146e-15 0)
(5 -3.19243e-15 0)
(5 -1.75718e-15 0)
(5 -1.81107e-15 0)
(5 -1.81598e-15 0)
(5 -2.32023e-15 0)
(5 -2.45385e-15 0)
(5 -2.8805e-15 0)
(5 -3.32488e-15 0)
(5 -2.51212e-15 0)
(5 -1.71211e-15 0)
(5 -1.43349e-15 0)
(5 -2.39133e-15 0)
(5 -2.84231e-15 0)
(5 -2.58088e-15 0)
(5 -3.0303e-15 0)
(5 -3.49698e-15 0)
(5 -3.33866e-15 0)
(5 -2.55353e-15 0)
(5 -2.31337e-15 0)
(5 -2.19999e-15 0)
(5 -1.98733e-15 0)
(5 -4.36045e-15 0)
(5 -5.68269e-15 0)
(5 -5.77374e-15 0)
(5 -6.48037e-15 0)
(5 -7.80054e-15 0)
(5 -3.57326e-15 0)
(5 2.3919e-16 0)
(5 5.35046e-16 0)
(5 -4.43978e-16 0)
(5 -1.42088e-15 0)
(5 2.89983e-15 0)
(5 9.48342e-16 0)
(5 1.91135e-14 0)
(5 4.71221e-12 0)
(5 6.34963e-10 0)
(5 8.34916e-08 0)
(5 5.56694e-06 0)
(4.99998 0.000268282 0)
(5.00008 0.00332843 0)
(4.97926 0.0477368 0)
(4.86221 0.178665 0)
(4.40661 0.608885 0)
(3.65566 1.15742 0)
(3.19112 1.41089 0)
(2.66483 1.61503 0)
(2.40513 1.72516 0)
(2.37071 1.73011 0)
(2.39526 1.72215 0)
(2.41365 1.71343 0)
(2.43973 1.70161 0)
(2.45903 1.69116 0)
(5 -3.27047e-17 0)
(5 -2.04233e-17 0)
(5 2.10368e-16 0)
(5 4.06413e-16 0)
(5 3.21748e-16 0)
(5 1.17268e-16 0)
(5 1.22292e-16 0)
(5 1.60987e-16 0)
(5 9.26428e-17 0)
(5 -1.6671e-16 0)
(5 3.40567e-17 0)
(5 1.43043e-15 0)
(5 1.73486e-15 0)
(5 1.91624e-15 0)
(5 8.72634e-16 0)
(5 6.57204e-16 0)
(5 6.60663e-16 0)
(5 8.09888e-16 0)
(5 4.87797e-16 0)
(5 4.46406e-16 0)
(5 -5.91833e-16 0)
(5 -2.05192e-15 0)
(5 -2.18547e-15 0)
(5 -2.06562e-15 0)
(5 -2.29992e-15 0)
(5 -2.60113e-15 0)
(5 -1.51228e-15 0)
(5 7.30733e-16 0)
(5 1.28737e-15 0)
(5 1.63476e-15 0)
(5 1.76024e-15 0)
(5 2.07842e-15 0)
(5 1.69253e-15 0)
(5 -3.51576e-17 0)
(5 -1.11344e-15 0)
(5 -2.16443e-15 0)
(5 -1.38927e-15 0)
(5 -1.05756e-15 0)
(5 -5.6098e-16 0)
(5 -9.69147e-16 0)
(5 -1.25172e-15 0)
(5 -1.68547e-15 0)
(5 -1.56891e-15 0)
(5 -8.43036e-16 0)
(5 -1.64752e-16 0)
(5 -4.74856e-16 0)
(5 -1.00401e-15 0)
(5 -1.01663e-15 0)
(5 -1.01903e-15 0)
(5 -1.35625e-15 0)
(5 -1.42001e-15 0)
(5 -1.27439e-15 0)
(5 -9.21275e-16 0)
(5 -9.36407e-16 0)
(5 -1.51096e-15 0)
(5 -1.64191e-15 0)
(5 -1.27266e-15 0)
(5 -2.19753e-15 0)
(5 -3.21016e-15 0)
(5 -3.70385e-15 0)
(5 -3.44725e-15 0)
(5 -3.04327e-15 0)
(5 -2.75364e-15 0)
(5 -2.50596e-15 0)
(5 -2.61383e-15 0)
(5 -3.44065e-15 0)
(5 -3.38042e-15 0)
(5 -3.19594e-15 0)
(5 -3.47424e-15 0)
(5 -3.25883e-15 0)
(5 5.02123e-16 0)
(5 2.04064e-15 0)
(5 2.16298e-15 0)
(5 2.20952e-15 0)
(5 -5.59898e-16 0)
(5 -5.74893e-15 0)
(5 -7.99084e-15 0)
(5 -1.86844e-15 0)
(5 1.62585e-15 0)
(5 1.21681e-14 0)
(5 1.10916e-12 0)
(5 9.07504e-11 0)
(5 1.77114e-08 0)
(5 7.64757e-07 0)
(5 4.06224e-05 0)
(5 0.000837558 0)
(4.99776 0.00976867 0)
(4.95776 0.079645 0)
(4.79757 0.276979 0)
(4.30358 0.72862 0)
(3.65366 1.20421 0)
(3.23953 1.42584 0)
(2.77409 1.64486 0)
(2.54088 1.75219 0)
(2.49147 1.74816 0)
(2.49755 1.73824 0)
(5 -1.03084e-16 0)
(5 -1.40972e-17 0)
(5 9.40143e-17 0)
(5 4.18577e-16 0)
(5 5.44325e-16 0)
(5 6.8842e-16 0)
(5 8.90116e-16 0)
(5 5.33627e-16 0)
(5 2.81407e-16 0)
(5 2.62733e-16 0)
(5 3.85967e-16 0)
(5 3.96873e-16 0)
(5 3.11056e-16 0)
(5 -1.12439e-17 0)
(5 -1.11568e-17 0)
(5 3.72014e-16 0)
(5 1.00934e-16 0)
(5 -1.35068e-16 0)
(5 -1.20451e-16 0)
(5 1.5642e-16 0)
(5 4.29989e-16 0)
(5 6.02973e-16 0)
(5 6.07724e-16 0)
(5 1.68908e-16 0)
(5 -3.9644e-16 0)
(5 2.42649e-16 0)
(5 1.51746e-15 0)
(5 1.95314e-15 0)
(5 2.08419e-15 0)
(5 1.96548e-15 0)
(5 1.81602e-15 0)
(5 1.02698e-15 0)
(5 -5.74628e-16 0)
(5 -6.07273e-16 0)
(5 -2.68003e-16 0)
(5 -9.02659e-17 0)
(5 -2.73614e-16 0)
(5 -6.83772e-16 0)
(5 -1.26565e-15 0)
(5 -1.91804e-15 0)
(5 -1.66918e-15 0)
(5 -9.25525e-16 0)
(5 5.19903e-17 0)
(5 4.98694e-16 0)
(5 4.59678e-16 0)
(5 1.46525e-16 0)
(5 3.24878e-16 0)
(5 1.25054e-15 0)
(5 2.88049e-15 0)
(5 3.22089e-15 0)
(5 3.05407e-15 0)
(5 2.963e-16 0)
(5 -9.70596e-16 0)
(5 -1.82747e-15 0)
(5 1.13539e-17 0)
(5 1.88515e-15 0)
(5 2.32223e-15 0)
(5 2.4382e-15 0)
(5 2.10444e-15 0)
(5 1.4229e-15 0)
(5 1.49584e-15 0)
(5 1.74968e-15 0)
(5 1.59423e-15 0)
(5 1.14748e-15 0)
(5 1.57122e-15 0)
(5 3.11947e-15 0)
(5 3.42926e-15 0)
(5 2.94532e-15 0)
(5 2.64585e-15 0)
(5 1.92958e-15 0)
(5 -1.20191e-15 0)
(5 -5.13225e-15 0)
(5 -5.30029e-15 0)
(5 -4.22898e-15 0)
(5 -2.79623e-15 0)
(5 -2.79282e-15 0)
(5 -2.50687e-15 0)
(5 3.62327e-16 0)
(5 1.88155e-15 0)
(5 1.06332e-15 0)
(5 1.31751e-15 0)
(5 4.94299e-15 0)
(5 1.73184e-13 0)
(5 1.31663e-11 0)
(5 1.17789e-09 0)
(5 9.15391e-08 0)
(5 4.76731e-06 0)
(5.00001 9.59742e-05 0)
(4.99978 0.00211732 0)
(4.99584 0.0159987 0)
(4.9473 0.097548 0)
(4.76427 0.317499 0)
(4.34333 0.719303 0)
(3.72678 1.21285 0)
(3.33236 1.4165 0)
(2.95284 1.61634 0)
(5 1.55681e-16 0)
(5 8.30662e-17 0)
(5 -2.13024e-16 0)
(5 -3.27497e-16 0)
(5 -1.91477e-16 0)
(5 7.37236e-17 0)
(5 7.39633e-17 0)
(5 -2.2974e-16 0)
(5 -6.64127e-16 0)
(5 -8.92437e-16 0)
(5 -1.42703e-15 0)
(5 -1.45428e-15 0)
(5 -1.34629e-15 0)
(5 -7.1423e-16 0)
(5 -5.34449e-16 0)
(5 -3.85479e-16 0)
(5 -2.1914e-16 0)
(5 -9.0451e-17 0)
(5 -3.63967e-17 0)
(5 -4.09407e-18 0)
(5 2.20897e-16 0)
(5 2.45344e-15 0)
(5 3.11483e-15 0)
(5 3.32247e-15 0)
(5 3.6581e-15 0)
(5 3.72303e-15 0)
(5 3.551e-15 0)
(5 2.89025e-15 0)
(5 2.55414e-15 0)
(5 2.29674e-15 0)
(5 2.02632e-15 0)
(5 1.38444e-15 0)
(5 6.17173e-16 0)
(5 7.92195e-16 0)
(5 1.88842e-15 0)
(5 2.26432e-15 0)
(5 1.31659e-15 0)
(5 4.51171e-16 0)
(5 8.3093e-16 0)
(5 1.16069e-15 0)
(5 1.0043e-15 0)
(5 -4.86667e-17 0)
(5 -8.55912e-16 0)
(5 -9.70453e-16 0)
(5 -2.90156e-15 0)
(5 -3.72657e-15 0)
(5 -4.3896e-15 0)
(5 -9.89071e-16 0)
(5 6.8262e-16 0)
(5 1.23509e-15 0)
(5 1.72606e-15 0)
(5 6.44591e-16 0)
(5 3.09231e-16 0)
(5 2.27647e-16 0)
(5 1.63384e-15 0)
(5 1.78757e-15 0)
(5 1.87216e-15 0)
(5 2.41555e-15 0)
(5 2.34979e-15 0)
(5 2.53099e-15 0)
(5 3.04495e-15 0)
(5 2.83653e-15 0)
(5 2.73904e-15 0)
(5 3.33066e-15 0)
(5 4.31737e-15 0)
(5 4.24438e-15 0)
(5 3.08659e-15 0)
(5 3.02457e-15 0)
(5 1.92407e-15 0)
(5 -2.56386e-15 0)
(5 -4.54203e-15 0)
(5 -5.91688e-15 0)
(5 -4.45297e-15 0)
(5 -1.05328e-15 0)
(5 -7.7318e-16 0)
(5 -1.88698e-15 0)
(5 -2.3641e-15 0)
(5 -4.61448e-15 0)
(5 -6.49129e-15 0)
(5 -7.17881e-15 0)
(5 -7.07091e-15 0)
(5 -7.17362e-15 0)
(5 -6.52329e-15 0)
(5 -5.06901e-15 0)
(5 1.16058e-14 0)
(5 1.00346e-12 0)
(5 8.19449e-11 0)
(5 5.4157e-09 0)
(5 2.78781e-07 0)
(5 1.21804e-05 0)
(5.00001 0.000145005 0)
(4.99965 0.0023619 0)
(4.99379 0.021433 0)
(4.95898 0.0800229 0)
(4.76998 0.322284 0)
(4.41872 0.666759 0)
(5 -3.53482e-17 0)
(5 -1.62308e-16 0)
(5 -3.65393e-17 0)
(5 9.71789e-17 0)
(5 1.50469e-16 0)
(5 2.0749e-16 0)
(5 -2.12645e-16 0)
(5 -3.12398e-16 0)
(5 -2.97923e-16 0)
(5 2.10413e-16 0)
(5 1.52916e-15 0)
(5 1.9088e-15 0)
(5 2.32562e-15 0)
(5 2.84719e-15 0)
(5 2.9987e-15 0)
(5 2.8253e-15 0)
(5 2.78577e-15 0)
(5 2.12287e-15 0)
(5 1.20009e-15 0)
(5 -1.63748e-16 0)
(5 -6.14225e-16 0)
(5 1.72305e-16 0)
(5 9.10027e-16 0)
(5 1.67323e-15 0)
(5 2.84015e-15 0)
(5 2.29318e-15 0)
(5 1.56292e-15 0)
(5 8.27253e-16 0)
(5 4.5073e-16 0)
(5 6.08439e-16 0)
(5 8.52698e-16 0)
(5 1.10815e-15 0)
(5 1.83015e-15 0)
(5 2.30942e-15 0)
(5 1.87588e-15 0)
(5 1.88922e-15 0)
(5 1.77897e-15 0)
(5 1.84085e-15 0)
(5 1.84546e-15 0)
(5 1.66777e-15 0)
(5 1.22232e-15 0)
(5 9.88188e-17 0)
(5 -1.334e-15 0)
(5 -9.86193e-16 0)
(5 -5.47651e-16 0)
(5 1.40143e-16 0)
(5 1.88905e-16 0)
(5 -6.4233e-16 0)
(5 -1.41029e-15 0)
(5 -2.043e-15 0)
(5 -2.5556e-15 0)
(5 1.26154e-17 0)
(5 2.06742e-15 0)
(5 2.09305e-15 0)
(5 1.68067e-15 0)
(5 1.90741e-15 0)
(5 1.78629e-15 0)
(5 1.5847e-15 0)
(5 1.02678e-15 0)
(5 1.06425e-15 0)
(5 9.62411e-16 0)
(5 1.16367e-15 0)
(5 1.87324e-15 0)
(5 3.4936e-15 0)
(5 3.5189e-15 0)
(5 2.94943e-15 0)
(5 2.60871e-15 0)
(5 2.59467e-15 0)
(5 2.10405e-15 0)
(5 -2.65273e-15 0)
(5 -4.36295e-15 0)
(5 -5.26648e-15 0)
(5 -4.75703e-15 0)
(5 -3.00803e-15 0)
(5 -3.04275e-15 0)
(5 -3.37082e-15 0)
(5 -3.83228e-15 0)
(5 -4.48407e-15 0)
(5 -3.2942e-15 0)
(5 -1.32157e-15 0)
(5 -1.27444e-15 0)
(5 -1.50978e-15 0)
(5 -2.32884e-15 0)
(5 -4.77031e-15 0)
(5 -7.50976e-15 0)
(5 -6.18515e-15 0)
(5 -1.1359e-14 0)
(5 6.27386e-14 0)
(5 3.86503e-12 0)
(5 2.05727e-10 0)
(5 1.16357e-08 0)
(5 3.32441e-07 0)
(5 1.54288e-05 0)
(5.00002 0.000162949 0)
(4.99964 0.00185556 0)
(4.99502 0.0175733 0)
(5 -1.26579e-16 0)
(5 -2.08515e-16 0)
(5 -1.09247e-16 0)
(5 -1.92364e-17 0)
(5 -2.53024e-16 0)
(5 -2.63322e-16 0)
(5 6.93695e-16 0)
(5 9.67542e-16 0)
(5 1.62428e-15 0)
(5 2.86335e-15 0)
(5 2.8256e-15 0)
(5 2.31912e-15 0)
(5 1.68973e-15 0)
(5 1.28024e-15 0)
(5 1.14895e-15 0)
(5 1.20948e-15 0)
(5 1.13383e-15 0)
(5 9.16027e-16 0)
(5 9.07241e-16 0)
(5 1.8661e-16 0)
(5 -1.04441e-15 0)
(5 -1.39307e-15 0)
(5 -1.60934e-15 0)
(5 -2.91083e-15 0)
(5 -3.49286e-15 0)
(5 -3.63723e-15 0)
(5 -5.16368e-15 0)
(5 -5.31196e-15 0)
(5 -5.09477e-15 0)
(5 -3.09818e-15 0)
(5 -2.53439e-15 0)
(5 -2.52621e-15 0)
(5 -1.33371e-15 0)
(5 5.31254e-16 0)
(5 1.069e-15 0)
(5 9.58032e-16 0)
(5 1.24912e-15 0)
(5 2.01882e-15 0)
(5 1.86429e-15 0)
(5 1.48331e-15 0)
(5 1.11977e-15 0)
(5 1.21133e-15 0)
(5 3.75329e-16 0)
(5 -1.12083e-17 0)
(5 2.85378e-16 0)
(5 9.69327e-16 0)
(5 1.28512e-15 0)
(5 1.27551e-15 0)
(5 6.81282e-16 0)
(5 5.26691e-16 0)
(5 -1.24472e-15 0)
(5 -1.59657e-15 0)
(5 -1.04809e-15 0)
(5 -5.43174e-16 0)
(5 -4.42115e-16 0)
(5 -7.95851e-16 0)
(5 -7.76813e-16 0)
(5 -1.16736e-15 0)
(5 -1.94812e-15 0)
(5 -4.70277e-16 0)
(5 7.10805e-17 0)
(5 2.31148e-16 0)
(5 -1.39388e-16 0)
(5 -8.80006e-16 0)
(5 -8.73544e-16 0)
(5 -1.4096e-15 0)
(5 -1.94396e-15 0)
(5 -2.68742e-15 0)
(5 -4.47581e-15 0)
(5 -5.17017e-15 0)
(5 -4.15265e-15 0)
(5 -5.46943e-15 0)
(5 -5.2644e-15 0)
(5 -4.57286e-15 0)
(5 -1.88097e-15 0)
(5 7.96946e-16 0)
(5 2.12543e-15 0)
(5 1.6163e-15 0)
(5 1.18845e-15 0)
(5 1.01074e-15 0)
(5 3.64842e-16 0)
(5 -1.69576e-15 0)
(5 -1.80547e-15 0)
(5 -3.5235e-15 0)
(5 -8.06398e-15 0)
(5 -7.38719e-15 0)
(5 -6.34599e-15 0)
(5 -5.02397e-15 0)
(5 -8.41515e-15 0)
(5 -8.27721e-15 0)
(5 1.24405e-13 0)
(5 6.07892e-12 0)
(5 2.66859e-10 0)
(5 1.13183e-08 0)
(5 3.58922e-07 0)
(5 8.67825e-06 0)
(5 2.13863e-17 0)
(5 1.94639e-17 0)
(5 2.81109e-17 0)
(5 -3.58302e-16 0)
(5 -3.9309e-16 0)
(5 -4.79324e-16 0)
(5 -4.63084e-16 0)
(5 -2.93935e-16 0)
(5 1.14165e-16 0)
(5 2.61622e-16 0)
(5 6.31422e-17 0)
(5 -5.24337e-16 0)
(5 -5.48576e-16 0)
(5 -6.8723e-16 0)
(5 -7.58301e-16 0)
(5 -1.03122e-15 0)
(5 -1.2627e-15 0)
(5 -3.02954e-16 0)
(5 1.93311e-15 0)
(5 2.41351e-15 0)
(5 2.45093e-15 0)
(5 -6.14685e-16 0)
(5 -2.63317e-15 0)
(5 -3.33354e-15 0)
(5 -4.09091e-15 0)
(5 -3.44978e-15 0)
(5 -2.58993e-15 0)
(5 -2.13318e-15 0)
(5 -5.41092e-16 0)
(5 -5.55798e-16 0)
(5 -1.02175e-15 0)
(5 -5.31482e-16 0)
(5 8.15582e-16 0)
(5 9.54674e-16 0)
(5 8.20424e-16 0)
(5 9.84971e-17 0)
(5 -3.1781e-16 0)
(5 -1.11388e-15 0)
(5 -1.86363e-15 0)
(5 -1.16016e-15 0)
(5 -7.61282e-16 0)
(5 -3.09443e-16 0)
(5 1.64629e-16 0)
(5 1.28569e-16 0)
(5 5.61138e-16 0)
(5 1.02224e-15 0)
(5 1.91719e-15 0)
(5 2.00944e-15 0)
(5 2.22888e-15 0)
(5 1.90928e-15 0)
(5 1.62842e-15 0)
(5 1.24859e-15 0)
(5 1.58328e-15 0)
(5 1.87525e-15 0)
(5 1.73384e-15 0)
(5 -1.62697e-15 0)
(5 -3.64087e-15 0)
(5 -3.98292e-15 0)
(5 -1.67689e-15 0)
(5 -5.19312e-16 0)
(5 -3.35232e-16 0)
(5 -8.26494e-16 0)
(5 -1.5331e-15 0)
(5 -1.69937e-15 0)
(5 -1.52376e-15 0)
(5 -1.91956e-16 0)
(5 7.69789e-16 0)
(5 -5.72125e-17 0)
(5 -7.38512e-16 0)
(5 -9.42609e-16 0)
(5 -1.39845e-15 0)
(5 -5.78904e-16 0)
(5 7.27919e-16 0)
(5 6.24185e-16 0)
(5 4.8346e-16 0)
(5 1.48551e-15 0)
(5 2.42536e-15 0)
(5 1.75676e-15 0)
(5 -8.73535e-16 0)
(5 -2.32727e-15 0)
(5 -2.42059e-15 0)
(5 -1.92962e-15 0)
(5 -1.91008e-15 0)
(5 -2.70328e-15 0)
(5 -3.62228e-15 0)
(5 -5.3015e-15 0)
(5 -1.03808e-14 0)
(5 -1.13151e-14 0)
(5 -1.27442e-14 0)
(5 -1.03289e-14 0)
(5 -8.00662e-15 0)
(5 -8.5871e-15 0)
(5 -4.62876e-15 0)
(5 1.11951e-13 0)
(5 6.0221e-12 0)
(5 1.87172e-10 0)
(5 8.70633e-17 0)
(5 2.60551e-16 0)
(5 1.56853e-16 0)
(5 -7.31446e-17 0)
(5 -2.4965e-17 0)
(5 -3.46546e-16 0)
(5 -4.08511e-16 0)
(5 -3.35896e-16 0)
(5 -9.87732e-16 0)
(5 -1.33285e-15 0)
(5 -1.24622e-15 0)
(5 -9.891e-16 0)
(5 -1.856e-15 0)
(5 -2.1555e-15 0)
(5 -1.86444e-15 0)
(5 -2.21162e-15 0)
(5 -2.64082e-15 0)
(5 -2.2232e-15 0)
(5 -5.74032e-16 0)
(5 9.02642e-16 0)
(5 1.2582e-15 0)
(5 1.41719e-15 0)
(5 1.23942e-15 0)
(5 1.09175e-15 0)
(5 1.26886e-15 0)
(5 1.09957e-15 0)
(5 1.75852e-15 0)
(5 2.03846e-15 0)
(5 1.97081e-15 0)
(5 2.00344e-15 0)
(5 2.47026e-15 0)
(5 2.13228e-15 0)
(5 -2.6715e-17 0)
(5 -2.65332e-16 0)
(5 5.07113e-16 0)
(5 1.60165e-15 0)
(5 1.86975e-15 0)
(5 1.75937e-15 0)
(5 1.76066e-15 0)
(5 1.82748e-15 0)
(5 1.19716e-15 0)
(5 1.61803e-15 0)
(5 3.96598e-15 0)
(5 4.47195e-15 0)
(5 4.61225e-15 0)
(5 4.87848e-15 0)
(5 4.56067e-15 0)
(5 4.33526e-15 0)
(5 2.27018e-15 0)
(5 1.63756e-15 0)
(5 2.51577e-15 0)
(5 3.63941e-15 0)
(5 2.74578e-15 0)
(5 2.67712e-15 0)
(5 2.60083e-15 0)
(5 -1.37593e-15 0)
(5 -3.94552e-15 0)
(5 -4.1207e-15 0)
(5 -4.23223e-15 0)
(5 -4.25669e-15 0)
(5 -4.30685e-15 0)
(5 -3.7431e-15 0)
(5 -3.601e-15 0)
(5 -2.60736e-15 0)
(5 -3.09901e-16 0)
(5 1.36143e-15 0)
(5 1.39684e-15 0)
(5 1.09522e-15 0)
(5 1.12391e-15 0)
(5 1.51367e-15 0)
(5 5.02966e-15 0)
(5 5.31501e-15 0)
(5 3.88074e-15 0)
(5 6.18778e-18 0)
(5 -2.87991e-15 0)
(5 -3.94318e-15 0)
(5 -4.90191e-15 0)
(5 -5.07782e-15 0)
(5 -4.74492e-15 0)
(5 -4.00964e-15 0)
(5 -4.00759e-15 0)
(5 -4.03537e-15 0)
(5 -3.44935e-15 0)
(5 -2.85225e-15 0)
(5 -1.33682e-15 0)
(5 -2.30654e-15 0)
(5 -7.486e-15 0)
(5 -8.32854e-15 0)
(5 -7.98372e-15 0)
(5 -7.43334e-15 0)
(5 -6.55832e-15 0)
(5 -7.20449e-15 0)
(5 -6.2457e-15 0)
(5 -5.35555e-15 0)
(5 -5.07901e-15 0)
(5 3.77044e-15 0)
(5 -6.53474e-17 0)
(5 1.26639e-16 0)
(5 1.81438e-16 0)
(5 2.02979e-16 0)
(5 -1.05994e-16 0)
(5 -1.53402e-16 0)
(5 -2.42884e-18 0)
(5 1.55922e-17 0)
(5 -5.45506e-16 0)
(5 -9.57824e-16 0)
(5 -1.65493e-15 0)
(5 -1.90816e-15 0)
(5 -1.58896e-15 0)
(5 -1.23545e-15 0)
(5 -1.0708e-15 0)
(5 -1.28884e-15 0)
(5 -1.37246e-15 0)
(5 -1.32234e-15 0)
(5 -8.15816e-16 0)
(5 -6.25528e-16 0)
(5 -8.13984e-16 0)
(5 1.43255e-15 0)
(5 5.86177e-15 0)
(5 6.20679e-15 0)
(5 5.70286e-15 0)
(5 4.6811e-15 0)
(5 3.15447e-15 0)
(5 1.45921e-15 0)
(5 1.60066e-15 0)
(5 1.55603e-15 0)
(5 1.30392e-15 0)
(5 9.12093e-17 0)
(5 -4.09754e-16 0)
(5 -3.3009e-16 0)
(5 -7.56487e-17 0)
(5 4.88134e-16 0)
(5 3.48317e-16 0)
(5 3.94005e-16 0)
(5 1.18305e-15 0)
(5 2.6086e-15 0)
(5 3.93375e-15 0)
(5 4.12703e-15 0)
(5 2.01198e-15 0)
(5 1.08529e-15 0)
(5 1.34733e-15 0)
(5 1.90689e-15 0)
(5 2.076e-15 0)
(5 9.69498e-16 0)
(5 -1.51514e-16 0)
(5 3.08522e-16 0)
(5 7.77213e-16 0)
(5 2.26654e-15 0)
(5 2.13471e-15 0)
(5 -2.93168e-15 0)
(5 -6.48711e-15 0)
(5 -7.23802e-15 0)
(5 -7.37953e-15 0)
(5 -7.39566e-15 0)
(5 -7.8512e-15 0)
(5 -8.04793e-15 0)
(5 -5.26388e-15 0)
(5 -4.64648e-15 0)
(5 -4.68243e-15 0)
(5 -6.22084e-15 0)
(5 -8.55467e-15 0)
(5 -9.70328e-15 0)
(5 -9.74994e-15 0)
(5 -6.90936e-15 0)
(5 -4.04332e-15 0)
(5 -3.79899e-16 0)
(5 2.02256e-15 0)
(5 2.28041e-15 0)
(5 7.01582e-16 0)
(5 -1.74831e-15 0)
(5 -3.47826e-15 0)
(5 -2.72319e-15 0)
(5 -1.47547e-15 0)
(5 2.2087e-16 0)
(5 8.52028e-16 0)
(5 1.36813e-15 0)
(5 2.59615e-17 0)
(5 -2.45533e-15 0)
(5 -2.45922e-15 0)
(5 -1.88833e-15 0)
(5 -1.32385e-15 0)
(5 -1.72369e-15 0)
(5 -1.79307e-15 0)
(5 -1.64872e-15 0)
(5 -8.74156e-16 0)
(5 -6.05622e-16 0)
(5 -4.24978e-17 0)
(5 7.95982e-17 0)
(5 -2.86583e-15 0)
(5 -3.88871e-15 0)
(5 -3.9103e-15 0)
(5 4.53628e-16 0)
(5 -1.23395e-17 0)
(5 2.46186e-18 0)
(5 1.2604e-16 0)
(5 1.73557e-16 0)
(5 1.80037e-16 0)
(5 1.92125e-16 0)
(5 -1.23159e-16 0)
(5 -4.66361e-16 0)
(5 -3.59431e-16 0)
(5 -2.85402e-16 0)
(5 -3.94616e-16 0)
(5 -6.01598e-16 0)
(5 -5.18955e-16 0)
(5 -3.13321e-16 0)
(5 4.41004e-16 0)
(5 1.06996e-15 0)
(5 5.52442e-16 0)
(5 -6.27531e-16 0)
(5 -1.34635e-15 0)
(5 -2.41337e-15 0)
(5 -1.02705e-15 0)
(5 -1.25584e-16 0)
(5 5.27917e-16 0)
(5 4.7201e-16 0)
(5 2.38561e-15 0)
(5 3.03722e-15 0)
(5 3.39215e-15 0)
(5 3.57547e-15 0)
(5 8.78905e-16 0)
(5 -1.52925e-15 0)
(5 -1.80751e-15 0)
(5 -1.40047e-15 0)
(5 1.29038e-16 0)
(5 1.17586e-15 0)
(5 4.95335e-16 0)
(5 -9.96534e-16 0)
(5 -2.57005e-15 0)
(5 -2.77154e-15 0)
(5 -1.95558e-15 0)
(5 2.65605e-16 0)
(5 1.39042e-15 0)
(5 1.94274e-15 0)
(5 1.55104e-15 0)
(5 1.39036e-15 0)
(5 2.00249e-15 0)
(5 2.30802e-15 0)
(5 2.19729e-15 0)
(5 1.9039e-15 0)
(5 1.27469e-15 0)
(5 5.55772e-16 0)
(5 4.00209e-16 0)
(5 3.61843e-17 0)
(5 -1.09493e-15 0)
(5 -1.21805e-15 0)
(5 -1.33045e-15 0)
(5 -2.14386e-15 0)
(5 -3.07208e-15 0)
(5 -3.96592e-15 0)
(5 -2.16028e-15 0)
(5 2.69896e-16 0)
(5 9.88086e-16 0)
(5 2.42486e-15 0)
(5 2.50786e-15 0)
(5 3.68096e-16 0)
(5 -2.47397e-15 0)
(5 -4.19419e-15 0)
(5 -4.47939e-15 0)
(5 -9.39598e-16 0)
(5 3.27735e-16 0)
(5 1.42963e-15 0)
(5 2.31442e-15 0)
(5 3.47616e-15 0)
(5 5.53192e-15 0)
(5 6.03657e-15 0)
(5 5.83878e-15 0)
(5 4.24527e-15 0)
(5 1.73157e-15 0)
(5 9.89363e-16 0)
(5 2.21143e-16 0)
(5 -5.75756e-16 0)
(5 2.99086e-16 0)
(5 2.18094e-15 0)
(5 2.29127e-15 0)
(5 2.46501e-15 0)
(5 2.40134e-15 0)
(5 2.73874e-15 0)
(5 3.46082e-15 0)
(5 3.91505e-15 0)
(5 1.48781e-15 0)
(5 2.56047e-16 0)
(5 2.35176e-16 0)
(5 1.10608e-15 0)
(5 3.29638e-15 0)
(5 3.70036e-15 0)
(5 3.78097e-15 0)
(5 3.96684e-15 0)
(5 1.27726e-16 0)
(5 -2.59309e-18 0)
(5 -4.81749e-16 0)
(5 -5.58882e-16 0)
(5 -2.11299e-16 0)
(5 -4.35042e-16 0)
(5 -8.29409e-16 0)
(5 -7.46835e-16 0)
(5 3.59425e-16 0)
(5 9.96678e-16 0)
(5 1.2112e-15 0)
(5 1.38487e-15 0)
(5 1.23458e-15 0)
(5 9.93003e-16 0)
(5 9.74474e-16 0)
(5 1.35638e-15 0)
(5 1.37927e-15 0)
(5 1.55905e-15 0)
(5 1.86773e-15 0)
(5 2.33565e-15 0)
(5 7.04121e-16 0)
(5 -1.95612e-15 0)
(5 -3.09354e-15 0)
(5 -2.30037e-15 0)
(5 1.93223e-16 0)
(5 5.69732e-16 0)
(5 3.94615e-16 0)
(5 2.03193e-16 0)
(5 -2.08582e-15 0)
(5 -4.73032e-15 0)
(5 -3.72623e-15 0)
(5 -3.14174e-15 0)
(5 -2.47152e-15 0)
(5 -2.55145e-15 0)
(5 -2.61377e-15 0)
(5 -3.99297e-15 0)
(5 -4.64589e-15 0)
(5 -4.75024e-15 0)
(5 -3.89056e-15 0)
(5 -3.71618e-15 0)
(5 -4.41934e-15 0)
(5 -5.06754e-15 0)
(5 2.57763e-15 0)
(5 4.72496e-15 0)
(5 4.74204e-15 0)
(5 3.73387e-15 0)
(5 2.05923e-15 0)
(5 5.06841e-16 0)
(5 -2.06215e-15 0)
(5 -2.65971e-15 0)
(5 -3.49672e-15 0)
(5 -4.56474e-15 0)
(5 -5.19481e-15 0)
(5 -5.19169e-15 0)
(5 -3.32983e-15 0)
(5 7.73361e-16 0)
(5 2.23911e-15 0)
(5 1.38503e-15 0)
(5 2.00976e-15 0)
(5 3.32075e-15 0)
(5 3.86864e-15 0)
(5 4.55694e-15 0)
(5 4.04393e-15 0)
(5 3.54229e-15 0)
(5 2.32888e-15 0)
(5 1.26597e-15 0)
(5 3.23006e-15 0)
(5 4.11676e-15 0)
(5 3.2489e-15 0)
(5 1.9531e-15 0)
(5 -2.98826e-16 0)
(5 -4.08074e-16 0)
(5 9.95539e-16 0)
(5 1.54021e-15 0)
(5 2.07297e-15 0)
(5 2.76607e-15 0)
(5 9.7638e-16 0)
(5 -2.47553e-15 0)
(5 -4.42733e-15 0)
(5 -4.77278e-15 0)
(5 -4.35622e-15 0)
(5 -2.35008e-15 0)
(5 -1.75106e-15 0)
(5 -1.46002e-15 0)
(5 -4.86011e-16 0)
(5 1.28467e-15 0)
(5 2.29371e-15 0)
(5 1.72078e-15 0)
(5 4.35783e-16 0)
(5 1.64012e-15 0)
(5 2.03223e-15 0)
(5 3.45605e-15 0)
(5 5.53355e-15 0)
(5 4.72032e-15 0)
(5 3.29816e-15 0)
(5 2.99984e-15 0)
(5 -1.10984e-16 0)
(5 -9.82616e-17 0)
(5 -3.67966e-18 0)
(5 -9.21321e-17 0)
(5 3.68408e-16 0)
(5 4.77467e-16 0)
(5 5.30614e-16 0)
(5 5.48703e-16 0)
(5 1.47049e-16 0)
(5 6.61615e-17 0)
(5 1.78649e-16 0)
(5 1.07888e-15 0)
(5 1.74425e-15 0)
(5 1.85854e-15 0)
(5 1.49039e-15 0)
(5 1.43153e-15 0)
(5 1.87058e-15 0)
(5 2.06723e-15 0)
(5 2.17106e-15 0)
(5 4.21358e-15 0)
(5 5.55792e-15 0)
(5 4.57336e-15 0)
(5 1.56731e-15 0)
(5 4.58299e-16 0)
(5 1.86181e-16 0)
(5 -2.03916e-16 0)
(5 -1.38779e-15 0)
(5 -1.34295e-15 0)
(5 -9.74598e-16 0)
(5 3.25927e-17 0)
(5 -5.92877e-17 0)
(5 -4.05055e-16 0)
(5 -4.7319e-16 0)
(5 -9.08367e-16 0)
(5 -8.77509e-16 0)
(5 -4.69864e-16 0)
(5 5.77646e-16 0)
(5 1.35112e-15 0)
(5 1.07795e-15 0)
(5 5.11777e-16 0)
(5 -4.39051e-16 0)
(5 -1.1308e-15 0)
(5 -6.32511e-16 0)
(5 -8.4521e-16 0)
(5 -8.37789e-16 0)
(5 -6.07509e-16 0)
(5 -6.97316e-16 0)
(5 -1.65481e-15 0)
(5 -3.36448e-15 0)
(5 -3.60546e-15 0)
(5 -5.37273e-15 0)
(5 -7.72101e-15 0)
(5 -8.44198e-15 0)
(5 -9.01122e-15 0)
(5 -4.53902e-15 0)
(5 -2.00098e-15 0)
(5 -1.18851e-15 0)
(5 -8.30038e-16 0)
(5 -6.93083e-16 0)
(5 -8e-16 0)
(5 -1.11301e-15 0)
(5 -1.35472e-15 0)
(5 -2.59088e-15 0)
(5 -1.59836e-15 0)
(5 3.41213e-15 0)
(5 4.56185e-15 0)
(5 3.28582e-15 0)
(5 2.92225e-15 0)
(5 2.85742e-15 0)
(5 -1.004e-15 0)
(5 -2.92395e-15 0)
(5 -2.99296e-15 0)
(5 -3.27673e-15 0)
(5 -3.29885e-15 0)
(5 -2.18244e-15 0)
(5 -1.95885e-15 0)
(5 -2.42418e-15 0)
(5 -2.73783e-15 0)
(5 -2.95603e-15 0)
(5 -3.34544e-15 0)
(5 -3.54938e-15 0)
(5 -4.03437e-15 0)
(5 -4.81323e-15 0)
(5 -5.50104e-15 0)
(5 -4.8748e-15 0)
(5 -3.27438e-15 0)
(5 -2.79596e-15 0)
(5 -2.59931e-15 0)
(5 -3.31846e-15 0)
(5 -3.66784e-15 0)
(5 -9.72173e-16 0)
(5 -2.05136e-16 0)
(5 -4.07742e-16 0)
(5 -6.50918e-16 0)
(5 3.00399e-15 0)
(5 5.11228e-15 0)
(5 -1.01133e-17 0)
(5 9.46368e-17 0)
(5 6.1523e-16 0)
(5 7.50184e-16 0)
(5 6.89015e-16 0)
(5 1.11358e-15 0)
(5 1.52395e-15 0)
(5 1.4972e-15 0)
(5 9.41978e-16 0)
(5 8.17524e-16 0)
(5 1.427e-15 0)
(5 1.64429e-15 0)
(5 1.51135e-15 0)
(5 1.61036e-15 0)
(5 1.88287e-15 0)
(5 2.38381e-15 0)
(5 3.18051e-15 0)
(5 2.98521e-15 0)
(5 2.30437e-15 0)
(5 2.32104e-15 0)
(5 1.4102e-15 0)
(5 1.12665e-15 0)
(5 5.23231e-16 0)
(5 -2.11204e-16 0)
(5 -1.00931e-15 0)
(5 -3.45125e-16 0)
(5 1.72631e-15 0)
(5 1.96318e-15 0)
(5 2.13797e-15 0)
(5 4.6067e-15 0)
(5 4.88099e-15 0)
(5 4.99285e-15 0)
(5 5.3345e-15 0)
(5 5.82368e-15 0)
(5 6.23918e-15 0)
(5 6.39195e-15 0)
(5 5.2772e-15 0)
(5 4.58731e-15 0)
(5 4.24022e-15 0)
(5 2.81059e-15 0)
(5 1.63556e-15 0)
(5 4.9538e-16 0)
(5 -2.73806e-15 0)
(5 -5.84779e-15 0)
(5 -6.62908e-15 0)
(5 -7.01331e-15 0)
(5 -6.64262e-15 0)
(5 -5.61878e-15 0)
(5 -5.32809e-15 0)
(5 -5.57105e-15 0)
(5 -3.73212e-15 0)
(5 -2.13763e-15 0)
(5 -4.28952e-16 0)
(5 3.4914e-16 0)
(5 -1.674e-17 0)
(5 8.24599e-16 0)
(5 1.22244e-15 0)
(5 1.1919e-15 0)
(5 9.73454e-16 0)
(5 2.76139e-15 0)
(5 3.84139e-15 0)
(5 3.09367e-15 0)
(5 2.84514e-15 0)
(5 4.75543e-15 0)
(5 6.75285e-15 0)
(5 4.35361e-15 0)
(5 2.72961e-15 0)
(5 1.62313e-15 0)
(5 -1.29624e-16 0)
(5 -8.55398e-16 0)
(5 1.38919e-15 0)
(5 2.13312e-15 0)
(5 2.59528e-15 0)
(5 2.62403e-16 0)
(5 -8.34096e-16 0)
(5 -7.59867e-16 0)
(5 -2.47374e-17 0)
(5 7.71123e-16 0)
(5 1.33144e-15 0)
(5 7.82289e-16 0)
(5 -1.48923e-15 0)
(5 -2.27036e-15 0)
(5 -3.00292e-15 0)
(5 -2.88321e-15 0)
(5 -2.18906e-15 0)
(5 -1.57346e-15 0)
(5 -1.73108e-15 0)
(5 -1.66925e-15 0)
(5 -1.36321e-15 0)
(5 -2.21848e-15 0)
(5 -2.25364e-15 0)
(5 -1.58907e-15 0)
(5 -1.27736e-15 0)
(5 -5.54089e-16 0)
(5 5.10848e-16 0)
(5 1.83008e-15 0)
(5 -1.96634e-17 0)
(5 4.04415e-18 0)
(5 5.75769e-17 0)
(5 1.31501e-16 0)
(5 -3.3005e-16 0)
(5 -5.30179e-16 0)
(5 -5.33535e-16 0)
(5 -3.11633e-16 0)
(5 3.16044e-17 0)
(5 -1.19449e-16 0)
(5 -3.1008e-16 0)
(5 -8.97705e-16 0)
(5 -1.15111e-15 0)
(5 -1.10908e-15 0)
(5 -9.22334e-16 0)
(5 -1.98534e-16 0)
(5 3.55543e-17 0)
(5 3.69671e-16 0)
(5 5.70021e-16 0)
(5 -2.4301e-16 0)
(5 -8.98805e-16 0)
(5 -1.79985e-15 0)
(5 -2.61695e-15 0)
(5 -3.81796e-15 0)
(5 -3.93809e-15 0)
(5 -1.73146e-15 0)
(5 -7.76024e-16 0)
(5 2.04417e-16 0)
(5 1.50627e-15 0)
(5 1.63194e-15 0)
(5 1.00469e-15 0)
(5 7.37162e-16 0)
(5 8.10567e-16 0)
(5 1.78177e-15 0)
(5 2.14328e-15 0)
(5 1.98228e-15 0)
(5 1.31084e-15 0)
(5 9.23376e-16 0)
(5 7.01577e-16 0)
(5 6.65622e-17 0)
(5 -1.80329e-16 0)
(5 -3.82065e-18 0)
(5 -6.9801e-17 0)
(5 -7.22576e-16 0)
(5 -1.82966e-15 0)
(5 -2.42456e-15 0)
(5 -2.76902e-15 0)
(5 -2.82502e-15 0)
(5 -3.06151e-15 0)
(5 -3.26863e-15 0)
(5 -2.59377e-15 0)
(5 -1.83908e-16 0)
(5 2.34394e-15 0)
(5 2.78157e-15 0)
(5 2.40045e-15 0)
(5 1.81716e-15 0)
(5 2.25864e-15 0)
(5 2.80673e-15 0)
(5 3.69532e-15 0)
(5 4.89758e-15 0)
(5 5.7078e-15 0)
(5 6.92136e-15 0)
(5 4.15789e-15 0)
(5 2.0338e-15 0)
(5 1.83163e-15 0)
(5 1.61332e-15 0)
(5 1.63574e-15 0)
(5 2.55026e-15 0)
(5 2.75099e-15 0)
(5 1.80524e-15 0)
(5 2.42467e-15 0)
(5 4.36312e-15 0)
(5 4.60959e-15 0)
(5 4.66688e-15 0)
(5 5.08659e-15 0)
(5 3.19965e-15 0)
(5 2.43371e-15 0)
(5 2.93996e-15 0)
(5 3.92854e-15 0)
(5 4.56192e-15 0)
(5 -4.4885e-17 0)
(5 -1.11851e-15 0)
(5 -1.48299e-15 0)
(5 -1.73636e-15 0)
(5 -1.93678e-15 0)
(5 -2.37154e-15 0)
(5 -2.95146e-15 0)
(5 -2.74705e-15 0)
(5 -1.27516e-15 0)
(5 -4.20824e-16 0)
(5 -3.70972e-15 0)
(5 -2.81554e-15 0)
(5 1.62672e-15 0)
(5 3.40284e-15 0)
(5 4.26591e-15 0)
(5 4.82126e-15 0)
(5 -7.47065e-17 0)
(5 -1.79963e-16 0)
(5 -1.94924e-16 0)
(5 -9.39994e-17 0)
(5 2.17652e-16 0)
(5 2.52433e-16 0)
(5 -2.35385e-16 0)
(5 -6.06189e-16 0)
(5 -9.86153e-16 0)
(5 -1.25614e-15 0)
(5 -1.37256e-15 0)
(5 -1.4198e-15 0)
(5 -1.84874e-15 0)
(5 -2.27655e-15 0)
(5 -3.26514e-15 0)
(5 -3.82093e-15 0)
(5 -4.45794e-15 0)
(5 -5.21478e-15 0)
(5 -5.20425e-15 0)
(5 -3.91836e-15 0)
(5 -3.54436e-15 0)
(5 -3.37892e-15 0)
(5 -3.37397e-15 0)
(5 -2.73598e-15 0)
(5 -1.76077e-15 0)
(5 -3.13527e-15 0)
(5 -4.24397e-15 0)
(5 -4.50906e-15 0)
(5 -4.41179e-15 0)
(5 -4.55475e-15 0)
(5 -3.3387e-15 0)
(5 -2.40892e-15 0)
(5 -1.02085e-15 0)
(5 1.23491e-15 0)
(5 3.43669e-15 0)
(5 3.39322e-15 0)
(5 2.87865e-15 0)
(5 2.68739e-15 0)
(5 2.19981e-15 0)
(5 1.00807e-15 0)
(5 2.93983e-16 0)
(5 1.53912e-16 0)
(5 3.95034e-16 0)
(5 -2.22489e-16 0)
(5 -4.12587e-16 0)
(5 -1.92768e-16 0)
(5 -6.59007e-16 0)
(5 -2.17691e-15 0)
(5 -2.3906e-15 0)
(5 -2.2522e-15 0)
(5 -1.31166e-15 0)
(5 5.03806e-16 0)
(5 1.50824e-15 0)
(5 1.73713e-15 0)
(5 2.12691e-15 0)
(5 1.98684e-15 0)
(5 1.69391e-15 0)
(5 2.09768e-15 0)
(5 2.2999e-15 0)
(5 2.75945e-15 0)
(5 1.97464e-15 0)
(5 -1.04221e-15 0)
(5 -1.69665e-15 0)
(5 -2.07799e-15 0)
(5 -1.43113e-15 0)
(5 9.57145e-16 0)
(5 2.43786e-15 0)
(5 3.3509e-15 0)
(5 3.71547e-15 0)
(5 2.14596e-15 0)
(5 1.44217e-15 0)
(5 4.82994e-16 0)
(5 -9.74594e-16 0)
(5 -5.35045e-16 0)
(5 1.38549e-15 0)
(5 2.16621e-15 0)
(5 2.30879e-15 0)
(5 1.80669e-15 0)
(5 4.00131e-16 0)
(5 -5.31555e-16 0)
(5 -7.01508e-16 0)
(5 -4.28326e-16 0)
(5 7.4309e-17 0)
(5 -2.22644e-16 0)
(5 -8.58869e-16 0)
(5 -1.52135e-15 0)
(5 -1.61311e-15 0)
(5 -1.68368e-15 0)
(5 -1.18522e-15 0)
(5 1.14775e-15 0)
(5 3.75648e-15 0)
(5 3.6422e-15 0)
(5 3.92155e-15 0)
(5 5.38593e-15 0)
(5 6.56111e-15 0)
(5 5.31234e-15 0)
(5 1.26155e-17 0)
(5 -5.34834e-17 0)
(5 -3.71481e-16 0)
(5 -5.98976e-16 0)
(5 -4.21178e-16 0)
(5 -3.33367e-16 0)
(5 -2.98068e-16 0)
(5 -7.77243e-16 0)
(5 -7.17684e-16 0)
(5 -8.04758e-16 0)
(5 -6.54496e-16 0)
(5 -6.18592e-16 0)
(5 -6.70033e-16 0)
(5 -5.60785e-16 0)
(5 -6.44625e-16 0)
(5 -1.77092e-15 0)
(5 -1.96461e-15 0)
(5 -3.27179e-15 0)
(5 -3.58343e-15 0)
(5 -3.47793e-15 0)
(5 -3.2811e-15 0)
(5 -3.878e-15 0)
(5 -3.8385e-15 0)
(5 -2.89265e-15 0)
(5 -9.90355e-16 0)
(5 -1.79119e-15 0)
(5 -2.48932e-15 0)
(5 -2.80057e-15 0)
(5 -3.11474e-15 0)
(5 -1.96715e-15 0)
(5 -1.44924e-15 0)
(5 -1.43308e-15 0)
(5 -9.61243e-16 0)
(5 -2.45378e-16 0)
(5 -1.11898e-16 0)
(5 1.90641e-16 0)
(5 3.85188e-16 0)
(5 1.11457e-15 0)
(5 1.57002e-15 0)
(5 2.11381e-15 0)
(5 2.45121e-15 0)
(5 2.32972e-15 0)
(5 2.32927e-15 0)
(5 1.98708e-15 0)
(5 1.40195e-15 0)
(5 4.32398e-16 0)
(5 -3.8183e-16 0)
(5 -1.24449e-16 0)
(5 4.40552e-16 0)
(5 6.57195e-16 0)
(5 8.72094e-16 0)
(5 6.90702e-16 0)
(5 1.26062e-15 0)
(5 2.34644e-15 0)
(5 3.33885e-15 0)
(5 3.24465e-15 0)
(5 2.47537e-15 0)
(5 -2.82735e-16 0)
(5 -4.61324e-15 0)
(5 -5.07965e-15 0)
(5 -4.05716e-15 0)
(5 1.89103e-17 0)
(5 5.35656e-16 0)
(5 1.10176e-15 0)
(5 3.94781e-15 0)
(5 5.90049e-15 0)
(5 6.5577e-15 0)
(5 5.67343e-15 0)
(5 2.73116e-15 0)
(5 2.10965e-15 0)
(5 2.29182e-15 0)
(5 2.69894e-15 0)
(5 2.78014e-15 0)
(5 3.85603e-15 0)
(5 5.66381e-15 0)
(5 6.05291e-15 0)
(5 5.96398e-15 0)
(5 3.5423e-15 0)
(5 6.24064e-16 0)
(5 -2.85945e-16 0)
(5 2.55739e-15 0)
(5 3.54566e-15 0)
(5 3.73143e-15 0)
(5 3.88109e-15 0)
(5 3.72899e-15 0)
(5 3.6549e-15 0)
(5 4.21915e-15 0)
(5 4.85104e-15 0)
(5 7.47921e-15 0)
(5 5.16193e-15 0)
(5 2.89768e-15 0)
(5 2.43477e-15 0)
(5 3.80044e-15 0)
(5 6.25004e-15 0)
(5 8.40304e-15 0)
(5 5.0152e-15 0)
(5 1.81649e-16 0)
(5 2.63921e-16 0)
(5 9.42773e-17 0)
(5 -6.75952e-17 0)
(5 -6.82816e-16 0)
(5 -1.05135e-15 0)
(5 -1.31154e-15 0)
(5 -5.61541e-16 0)
(5 -4.86352e-17 0)
(5 -5.11482e-18 0)
(5 -3.87261e-17 0)
(5 2.20065e-16 0)
(5 3.71941e-16 0)
(5 6.85664e-16 0)
(5 1.15874e-15 0)
(5 -6.34051e-17 0)
(5 8.84914e-17 0)
(5 1.91584e-16 0)
(5 -2.55614e-19 0)
(5 -8.02429e-17 0)
(5 -2.42988e-16 0)
(5 -1.06587e-15 0)
(5 -1.48328e-15 0)
(5 -1.21886e-15 0)
(5 -1.43977e-15 0)
(5 -1.6005e-15 0)
(5 -5.52421e-16 0)
(5 4.50808e-16 0)
(5 1.20705e-15 0)
(5 2.21116e-15 0)
(5 2.49172e-15 0)
(5 7.3336e-16 0)
(5 -3.50438e-15 0)
(5 -4.3721e-15 0)
(5 -2.11933e-15 0)
(5 -2.00335e-15 0)
(5 -2.00462e-15 0)
(5 -7.45052e-16 0)
(5 9.2499e-16 0)
(5 1.83845e-15 0)
(5 2.94687e-15 0)
(5 3.64277e-15 0)
(5 4.41745e-15 0)
(5 5.85095e-15 0)
(5 6.16977e-15 0)
(5 5.22273e-15 0)
(5 2.40843e-15 0)
(5 1.33175e-15 0)
(5 1.34641e-15 0)
(5 2.16141e-15 0)
(5 2.82822e-15 0)
(5 3.273e-15 0)
(5 4.0629e-15 0)
(5 5.42976e-15 0)
(5 5.98795e-15 0)
(5 6.00831e-15 0)
(5 3.24054e-15 0)
(5 2.59854e-15 0)
(5 2.1508e-15 0)
(5 9.66221e-16 0)
(5 6.24312e-16 0)
(5 9.19757e-16 0)
(5 2.28065e-15 0)
(5 2.79806e-15 0)
(5 2.70289e-15 0)
(5 2.50521e-15 0)
(5 1.99191e-15 0)
(5 5.97977e-16 0)
(5 7.95829e-17 0)
(5 2.17832e-16 0)
(5 1.00915e-15 0)
(5 3.08621e-15 0)
(5 6.25291e-15 0)
(5 8.012e-15 0)
(5 7.63891e-15 0)
(5 6.70611e-15 0)
(5 3.46574e-15 0)
(5 2.03884e-15 0)
(5 1.58185e-15 0)
(5 2.01132e-15 0)
(5 2.71651e-15 0)
(5 2.54414e-15 0)
(5 4.23831e-15 0)
(5 6.76891e-15 0)
(5 7.26543e-15 0)
(5 6.46994e-15 0)
(5 6.13894e-15 0)
(5 6.63838e-15 0)
(5 6.90958e-15 0)
(5 4.05246e-15 0)
(5 1.80145e-15 0)
(5 1.60096e-15 0)
(5 2.10051e-15 0)
(5 2.04366e-15 0)
(5 1.80203e-15 0)
(5 1.96419e-15 0)
(5 -2.77791e-17 0)
(5 2.32635e-17 0)
(5 2.59205e-16 0)
(5 4.05664e-16 0)
(5 2.64482e-16 0)
(5 -9.64969e-17 0)
(5 -4.46233e-16 0)
(5 -4.74262e-16 0)
(5 1.99363e-16 0)
(5 1.58089e-16 0)
(5 1.45112e-17 0)
(5 -1.8977e-16 0)
(5 -1.41293e-16 0)
(5 -1.90649e-15 0)
(5 -3.64081e-15 0)
(5 -3.56748e-15 0)
(5 -3.05812e-15 0)
(5 -2.28944e-15 0)
(5 -1.44697e-15 0)
(5 -1.84782e-15 0)
(5 -2.50093e-15 0)
(5 -2.40452e-15 0)
(5 -2.15807e-15 0)
(5 -1.26275e-15 0)
(5 -7.55174e-16 0)
(5 -2.10514e-16 0)
(5 1.15085e-16 0)
(5 -2.40081e-16 0)
(5 -1.02998e-15 0)
(5 -1.1876e-15 0)
(5 -1.64959e-15 0)
(5 -4.44403e-15 0)
(5 -5.33209e-15 0)
(5 -5.5333e-15 0)
(5 -4.95484e-15 0)
(5 -2.96769e-15 0)
(5 -2.54232e-15 0)
(5 -2.48509e-15 0)
(5 -2.74829e-15 0)
(5 -2.8671e-15 0)
(5 -2.85238e-15 0)
(5 -2.60786e-15 0)
(5 -2.89993e-15 0)
(5 -3.0226e-15 0)
(5 -9.40476e-16 0)
(5 5.13799e-16 0)
(5 1.0367e-15 0)
(5 4.34684e-16 0)
(5 -1.10009e-16 0)
(5 1.62868e-15 0)
(5 3.98559e-15 0)
(5 4.03401e-15 0)
(5 4.3556e-15 0)
(5 4.68425e-15 0)
(5 3.74398e-15 0)
(5 2.25314e-15 0)
(5 2.18086e-15 0)
(5 2.4786e-15 0)
(5 3.05474e-15 0)
(5 1.94574e-15 0)
(5 9.44451e-16 0)
(5 1.23953e-15 0)
(5 2.42888e-15 0)
(5 1.23858e-15 0)
(5 -8.55396e-16 0)
(5 -2.85616e-15 0)
(5 -3.021e-15 0)
(5 -3.07843e-15 0)
(5 -3.18577e-15 0)
(5 -3.1444e-15 0)
(5 -2.75996e-15 0)
(5 -1.47837e-15 0)
(5 3.46656e-16 0)
(5 8.89718e-16 0)
(5 8.67781e-16 0)
(5 1.21336e-15 0)
(5 4.98901e-16 0)
(5 -2.30637e-15 0)
(5 -3.30147e-15 0)
(5 -3.51169e-15 0)
(5 -3.34684e-15 0)
(5 -1.3573e-15 0)
(5 -2.21364e-16 0)
(5 -8.79786e-17 0)
(5 1.611e-16 0)
(5 3.6539e-16 0)
(5 1.0631e-15 0)
(5 1.47923e-15 0)
(5 1.36632e-15 0)
(5 1.20926e-15 0)
(5 -5.4148e-16 0)
(5 -1.41033e-15 0)
(5 -1.78154e-15 0)
(5 -4.39423e-16 0)
(5 3.47105e-16 0)
(5 1.21344e-15 0)
(5 -1.22148e-16 0)
(5 -1.48573e-16 0)
(5 1.17466e-17 0)
(5 2.45859e-16 0)
(5 8.78585e-17 0)
(5 -6.94795e-17 0)
(5 -1.75705e-16 0)
(5 -3.91223e-16 0)
(5 -1.22948e-16 0)
(5 -1.20312e-16 0)
(5 -9.68311e-16 0)
(5 -1.32627e-15 0)
(5 -1.81386e-15 0)
(5 -3.16164e-15 0)
(5 -4.17671e-15 0)
(5 -4.86504e-15 0)
(5 -2.58363e-15 0)
(5 -1.86399e-15 0)
(5 -1.20101e-15 0)
(5 -2.00712e-15 0)
(5 -2.56285e-15 0)
(5 -2.51777e-15 0)
(5 -2.63899e-15 0)
(5 -3.84377e-16 0)
(5 7.69942e-16 0)
(5 1.22561e-15 0)
(5 1.23838e-15 0)
(5 -2.70165e-16 0)
(5 -1.36518e-15 0)
(5 -1.54451e-15 0)
(5 -2.40689e-15 0)
(5 -3.63765e-15 0)
(5 -4.43412e-15 0)
(5 -4.41356e-15 0)
(5 -4.44478e-15 0)
(5 -4.08542e-15 0)
(5 -2.9037e-15 0)
(5 -2.59042e-15 0)
(5 -2.84142e-15 0)
(5 -3.33352e-15 0)
(5 -3.54072e-15 0)
(5 -3.48757e-15 0)
(5 -3.58884e-15 0)
(5 -3.84547e-15 0)
(5 -4.07662e-15 0)
(5 -2.73916e-15 0)
(5 -6.97412e-16 0)
(5 -4.8301e-16 0)
(5 -2.43775e-16 0)
(5 1.27384e-15 0)
(5 1.85612e-15 0)
(5 2.34929e-15 0)
(5 1.038e-15 0)
(5 1.31431e-16 0)
(5 -7.71947e-16 0)
(5 -1.62294e-15 0)
(5 -1.92397e-15 0)
(5 -1.99553e-15 0)
(5 -1.20285e-15 0)
(5 3.44131e-17 0)
(5 4.36393e-16 0)
(5 8.90684e-16 0)
(5 1.44297e-15 0)
(5 1.28597e-15 0)
(5 3.70296e-16 0)
(5 1.31717e-16 0)
(5 1.98897e-16 0)
(5 4.57182e-16 0)
(5 -6.49212e-16 0)
(5 -9.99484e-16 0)
(5 -1.0416e-15 0)
(5 -9.28607e-16 0)
(5 -1.01282e-15 0)
(5 -5.90792e-16 0)
(5 1.37209e-15 0)
(5 2.74603e-15 0)
(5 1.7818e-15 0)
(5 -2.70088e-15 0)
(5 -4.19387e-15 0)
(5 -3.76069e-15 0)
(5 -2.83963e-15 0)
(5 -1.53636e-15 0)
(5 -1.01869e-15 0)
(5 -1.13763e-15 0)
(5 -1.18436e-15 0)
(5 -1.20558e-15 0)
(5 -8.03389e-16 0)
(5 5.16436e-16 0)
(5 1.31248e-15 0)
(5 1.87814e-15 0)
(5 2.02017e-15 0)
(5 2.42735e-15 0)
(5 2.32828e-15 0)
(5 3.5503e-15 0)
(5 4.02363e-15 0)
(5 3.73917e-15 0)
(2.3035 2.14691 0)
(2.66287 2.15584 0)
(2.82236 2.07573 0)
(2.85209 2.00368 0)
(2.7601 1.97145 0)
(2.72556 1.89904 0)
(2.87699 1.82245 0)
(2.94412 1.8617 0)
(2.90443 1.90506 0)
(2.85665 1.68969 0)
(3.0422 1.462 0)
(3.20445 1.37085 0)
(3.29231 1.4093 0)
(3.38413 1.42705 0)
(3.38053 1.092 0)
(3.48023 0.788543 0)
(3.62294 0.638005 0)
(3.69152 0.561173 0)
(3.66327 0.512873 0)
(3.64849 0.361466 0)
(3.69693 0.151687 0)
(3.73859 0.0825117 0)
(3.78713 0.0756277 0)
(3.77531 -0.0695269 0)
(3.77534 -0.279821 0)
(3.80368 -0.351322 0)
(3.81395 -0.29372 0)
(3.78101 -0.302507 0)
(3.70667 -0.456648 0)
(3.7139 -0.546043 0)
(3.72677 -0.490497 0)
(3.7264 -0.454231 0)
(3.70247 -0.542936 0)
(3.70635 -0.566781 0)
(3.69001 -0.541912 0)
(3.65685 -0.532759 0)
(3.63378 -0.548496 0)
(3.63055 -0.541769 0)
(3.63932 -0.535164 0)
(3.66004 -0.530773 0)
(3.68856 -0.509166 0)
(3.70898 -0.499791 0)
(3.7193 -0.510165 0)
(3.72262 -0.495061 0)
(3.71379 -0.454609 0)
(3.70407 -0.43338 0)
(3.6875 -0.438534 0)
(3.6781 -0.436622 0)
(3.67521 -0.395181 0)
(3.68463 -0.347457 0)
(3.69084 -0.332237 0)
(3.69026 -0.318599 0)
(3.67456 -0.300938 0)
(3.66552 -0.287331 0)
(3.65627 -0.256361 0)
(3.65343 -0.234554 0)
(3.64446 -0.218375 0)
(3.64674 -0.205039 0)
(3.66176 -0.191509 0)
(3.65776 -0.181416 0)
(3.64529 -0.169974 0)
(3.63281 -0.149698 0)
(3.62033 -0.145133 0)
(3.61056 -0.141733 0)
(3.60612 -0.128376 0)
(3.60914 -0.111719 0)
(3.61465 -0.0980448 0)
(3.61492 -0.0917942 0)
(3.6143 -0.0892999 0)
(3.61335 -0.0855858 0)
(3.6086 -0.0726951 0)
(3.60289 -0.0561053 0)
(3.60216 -0.0528783 0)
(3.60522 -0.0521944 0)
(3.61652 -0.0484622 0)
(3.63181 -0.0374353 0)
(3.63781 -0.0307076 0)
(3.64243 -0.0276951 0)
(3.64294 -0.0259469 0)
(3.64045 -0.0222361 0)
(3.64359 -0.015978 0)
(3.6511 -0.0115452 0)
(3.65777 -0.00938179 0)
(3.66953 -0.0082072 0)
(3.67846 -0.00662769 0)
(3.68393 -0.00472923 0)
(3.68757 -0.00155141 0)
(3.68613 0.000911662 0)
(3.68407 0.00242054 0)
(3.68731 0.00286716 0)
(3.69068 0.00344637 0)
(3.695 0.00446281 0)
(3.70269 0.0052403 0)
(3.70675 0.00530997 0)
(3.7092 0.0053533 0)
(3.71054 0.0055078 0)
(3.70886 0.00526446 0)
(3.7085 0.00450152 0)
(3.70926 0.00405771 0)
(3.71052 0.00326479 0)
(3.7137 0.002187 0)
(3.71856 0.000741915 0)
(3.7212 -0.000771793 0)
(3.72073 -0.00169671 0)
(3.71949 -0.00265325 0)
(3.71755 -0.00451394 0)
(3.71681 -0.00524659 0)
(3.71601 -0.00628804 0)
(3.71641 -0.00752464 0)
(3.71958 -0.00871773 0)
(3.72384 -0.00947709 0)
(3.72448 -0.0097295 0)
(3.72402 -0.00981111 0)
(3.72342 -0.0100555 0)
(3.72268 -0.0102694 0)
(3.72219 -0.0103003 0)
(3.72212 -0.0103006 0)
(3.72357 -0.010168 0)
(3.72718 -0.00977572 0)
(3.73071 -0.00921778 0)
(3.73171 -0.00886881 0)
(3.73189 -0.00867978 0)
(3.73169 -0.00823787 0)
(3.73105 -0.00726501 0)
(3.73157 -0.00622769 0)
(3.73284 -0.00573183 0)
(3.73467 -0.00507922 0)
(3.73899 -0.00394629 0)
(3.74246 -0.00290363 0)
(3.74447 -0.00242983 0)
(3.74666 -0.00133545 0)
(3.74726 2.99422e-05 0)
(3.74706 0.00168395 0)
(3.74914 0.00262006 0)
(3.75168 0.00308342 0)
(3.7543 0.00397937 0)
(3.7568 0.00455094 0)
(3.75929 0.00493935 0)
(3.76149 0.00562257 0)
(3.76279 0.00643907 0)
(3.76252 0.00691479 0)
(3.76249 0.0078079 0)
(3.76434 0.00854298 0)
(3.76645 0.00859611 0)
(3.76875 0.00873611 0)
(3.77117 0.00932825 0)
(3.77326 0.00976898 0)
(3.77499 0.00965935 0)
(3.776 0.0100185 0)
(3.77559 0.0108269 0)
(3.77538 0.0109283 0)
(3.77667 0.0108689 0)
(3.77876 0.0108763 0)
(3.78074 0.0109172 0)
(3.78262 0.0109593 0)
(3.78443 0.0109361 0)
(3.78597 0.0108148 0)
(3.78644 0.0107343 0)
(3.78555 0.01056 0)
(3.78628 0.0101921 0)
(3.78795 0.010097 0)
(3.78957 0.00994217 0)
(3.79135 0.00959435 0)
(3.79294 0.00928586 0)
(3.79447 0.00909936 0)
(3.79568 0.00887802 0)
(3.79591 0.00863243 0)
(3.7955 0.00823873 0)
(3.79649 0.00795193 0)
(3.79768 0.00785088 0)
(3.79892 0.00753709 0)
(3.80028 0.00710908 0)
(3.80153 0.00696302 0)
(3.80282 0.00681379 0)
(3.80388 0.00668478 0)
(3.80437 0.00658195 0)
(3.80433 0.00637208 0)
(3.80515 0.00622547 0)
(3.8064 0.0061744 0)
(3.80758 0.00607668 0)
(3.80887 0.0060163 0)
(3.81022 0.00597094 0)
(3.81153 0.00599338 0)
(3.81264 0.0061115 0)
(3.81331 0.00615945 0)
(3.81346 0.00599705 0)
(3.814 0.00619666 0)
(3.81516 0.00650331 0)
(3.81636 0.00656351 0)
(3.8176 0.00646328 0)
(3.81893 0.0064746 0)
(3.82023 0.0066791 0)
(3.8213 0.00705395 0)
(3.82184 0.00725319 0)
(3.82192 0.00737884 0)
(3.82204 0.00711908 0)
(3.82309 0.00765492 0)
(3.82445 0.00822807 0)
(3.82577 0.00856065 0)
(3.82709 0.00827587 0)
(3.82835 0.00868328 0)
(3.82975 0.00896254 0)
(3.56088 0.0336601 0)
(1.49003 0.0682524 0)
(1.19252 0.0604828 0)
(1.17685 0.0502652 0)
(1.16651 0.0389431 0)
(1.16188 0.0236805 0)
(1.16387 0.00558372 0)
(1.17109 -0.0130852 0)
(1.18449 -0.0295169 0)
(1.2021 -0.0431441 0)
(1.22253 -0.0544851 0)
(1.24546 -0.062994 0)
(1.26962 -0.0694913 0)
(1.29489 -0.074138 0)
(1.32057 -0.0773746 0)
(1.34631 -0.079747 0)
(1.37185 -0.0813856 0)
(1.39701 -0.0822872 0)
(1.42168 -0.0824615 0)
(1.44586 -0.0820794 0)
(1.46971 -0.0812882 0)
(1.49334 -0.0802088 0)
(1.51673 -0.0789172 0)
(1.53973 -0.0773429 0)
(1.56189 -0.0752977 0)
(1.58327 -0.0728622 0)
(1.60374 -0.0702048 0)
(1.62352 -0.0674547 0)
(1.643 -0.064677 0)
(1.66243 -0.0618644 0)
(1.68189 -0.0590472 0)
(1.70119 -0.0562656 0)
(1.72006 -0.0535987 0)
(1.73832 -0.0511179 0)
(1.75603 -0.0488802 0)
(1.77338 -0.0469319 0)
(1.79054 -0.045284 0)
(1.80753 -0.0439084 0)
(1.82426 -0.0427136 0)
(1.84057 -0.0416012 0)
(1.85648 -0.0405025 0)
(1.87218 -0.0393532 0)
(1.8879 -0.0380613 0)
(1.90377 -0.0365782 0)
(1.91963 -0.0349246 0)
(1.93509 -0.0331058 0)
(1.9497 -0.0311767 0)
(1.96332 -0.029298 0)
(1.97628 -0.0276017 0)
(1.989 -0.0260798 0)
(2.00182 -0.0247159 0)
(2.01481 -0.0235194 0)
(2.02766 -0.0224579 0)
(2.03988 -0.0215086 0)
(2.0513 -0.0206437 0)
(2.06222 -0.0198615 0)
(2.0731 -0.019141 0)
(2.08434 -0.0184727 0)
(2.09611 -0.0178356 0)
(2.10822 -0.0171826 0)
(2.11996 -0.0164908 0)
(2.13079 -0.0157933 0)
(2.14086 -0.0151421 0)
(2.15067 -0.0144894 0)
(2.16066 -0.0138101 0)
(2.17118 -0.013138 0)
(2.18234 -0.0124857 0)
(2.19348 -0.0118012 0)
(2.2034 -0.0110967 0)
(2.21214 -0.0105377 0)
(2.22051 -0.0101522 0)
(2.22896 -0.00986584 0)
(2.2378 -0.0096361 0)
(2.24741 -0.00945372 0)
(2.25777 -0.0092725 0)
(2.2679 -0.00902303 0)
(2.27681 -0.00875199 0)
(2.28506 -0.00853877 0)
(2.29326 -0.00836495 0)
(2.30171 -0.00817441 0)
(2.31069 -0.00792235 0)
(2.32062 -0.00757274 0)
(2.33112 -0.00707534 0)
(2.34038 -0.00653979 0)
(2.34863 -0.00616365 0)
(2.35683 -0.00578906 0)
(2.36514 -0.00542387 0)
(2.3738 -0.00502831 0)
(2.38331 -0.00457355 0)
(2.39318 -0.00406939 0)
(2.40158 -0.00370459 0)
(2.40932 -0.00345401 0)
(2.41668 -0.00300285 0)
(2.42406 -0.00260443 0)
(2.43159 -0.0023533 0)
(2.43936 -0.00204113 0)
(2.44782 -0.00167449 0)
(2.45613 -0.00129262 0)
(2.46338 -0.00107046 0)
(2.47031 -0.000773737 0)
(2.47677 -0.000277961 0)
(2.48327 0.000248713 0)
(2.49008 0.00061131 0)
(2.49709 0.00105548 0)
(2.50445 0.00160072 0)
(2.51137 0.00203866 0)
(2.51779 0.00227949 0)
(2.524 0.0026204 0)
(2.53026 0.00288716 0)
(2.5366 0.00306954 0)
(2.54307 0.00329987 0)
(2.5495 0.00352498 0)
(2.55579 0.00363547 0)
(2.56201 0.0038003 0)
(2.56803 0.00400233 0)
(2.57362 0.00420505 0)
(2.57857 0.00441445 0)
(2.58346 0.00469208 0)
(2.58923 0.0049329 0)
(2.59559 0.00510509 0)
(2.60211 0.00526973 0)
(2.60866 0.00545281 0)
(2.6152 0.00564001 0)
(2.62167 0.00584572 0)
(2.62799 0.00611704 0)
(2.63407 0.00638186 0)
(2.63998 0.00650351 0)
(2.64591 0.00664271 0)
(2.65196 0.00695357 0)
(2.65804 0.00724505 0)
(2.66409 0.00743056 0)
(2.67001 0.00758608 0)
(2.67571 0.00798741 0)
(2.68106 0.00851162 0)
(2.6862 0.008659 0)
(2.6914 0.00869235 0)
(2.69681 0.00898844 0)
(2.70235 0.00922295 0)
(2.70798 0.00910018 0)
(2.71358 0.00892698 0)
(2.719 0.00900197 0)
(2.72411 0.00914355 0)
(2.72889 0.00905598 0)
(2.7335 0.00882969 0)
(2.73818 0.00874343 0)
(2.74306 0.00867712 0)
(2.74817 0.00840805 0)
(2.75333 0.00814201 0)
(2.7584 0.00812394 0)
(2.76325 0.00814818 0)
(2.76789 0.00794743 0)
(2.77242 0.00761346 0)
(2.77695 0.00739835 0)
(2.78161 0.00742508 0)
(2.78637 0.0075449 0)
(2.79117 0.00751493 0)
(2.79594 0.00730485 0)
(2.80059 0.00706025 0)
(2.80508 0.00707326 0)
(2.80935 0.00735391 0)
(2.81338 0.00756884 0)
(2.81725 0.00747398 0)
(2.821 0.00731632 0)
(2.82479 0.00743143 0)
(2.82886 0.00765151 0)
(2.83327 0.0077348 0)
(2.83787 0.00772377 0)
(2.84253 0.0077014 0)
(2.84713 0.00778597 0)
(2.85158 0.0080706 0)
(2.85575 0.00843474 0)
(2.85964 0.00860852 0)
(2.86345 0.00869597 0)
(2.86744 0.00897799 0)
(2.87168 0.00933246 0)
(2.87608 0.00968251 0)
(2.88048 0.00987857 0)
(2.88486 0.00956361 0)
(2.88909 0.00950589 0)
(2.89302 0.010269 0)
(2.89555 0.0106205 0)
(2.89961 0.0104545 0)
(2.38308 1.93197 0)
(2.7989 1.87894 0)
(3.16843 1.6686 0)
(3.38787 1.60831 0)
(3.50392 1.65377 0)
(3.65633 1.47789 0)
(3.78956 1.09195 0)
(3.8271 0.922694 0)
(3.86621 0.984592 0)
(3.89474 0.940583 0)
(3.99313 0.654728 0)
(3.98323 0.332184 0)
(3.98834 0.289399 0)
(3.99157 0.299506 0)
(4.05733 0.181061 0)
(4.09895 -0.0389851 0)
(4.06393 -0.185225 0)
(4.05938 -0.22076 0)
(4.07853 -0.326182 0)
(4.0937 -0.4151 0)
(4.10101 -0.543027 0)
(4.08814 -0.576656 0)
(4.08682 -0.596621 0)
(4.10608 -0.662419 0)
(4.12308 -0.743049 0)
(4.10851 -0.834646 0)
(4.09852 -0.843008 0)
(4.098 -0.855331 0)
(4.11525 -0.878177 0)
(4.11703 -0.893225 0)
(4.11903 -0.929439 0)
(4.12715 -0.943845 0)
(4.14099 -0.945283 0)
(4.14481 -0.949524 0)
(4.14486 -0.944622 0)
(4.13978 -0.937764 0)
(4.12985 -0.920134 0)
(4.12482 -0.902164 0)
(4.11243 -0.892908 0)
(4.09681 -0.856138 0)
(4.04977 -0.793952 0)
(4.03168 -0.737516 0)
(4.01379 -0.719913 0)
(3.98954 -0.711056 0)
(3.94597 -0.663843 0)
(3.91845 -0.596503 0)
(3.91855 -0.547827 0)
(3.91284 -0.526128 0)
(3.91485 -0.495512 0)
(3.90824 -0.428052 0)
(3.9055 -0.365246 0)
(3.90706 -0.342756 0)
(3.89807 -0.342026 0)
(3.87901 -0.320544 0)
(3.86138 -0.276175 0)
(3.85635 -0.2412 0)
(3.85218 -0.226769 0)
(3.84885 -0.222422 0)
(3.85032 -0.211632 0)
(3.8447 -0.185898 0)
(3.82476 -0.153345 0)
(3.81131 -0.126357 0)
(3.79658 -0.120961 0)
(3.78245 -0.123796 0)
(3.76774 -0.103374 0)
(3.76537 -0.0621121 0)
(3.77024 -0.0405678 0)
(3.76784 -0.0395369 0)
(3.76179 -0.040201 0)
(3.75239 -0.0367084 0)
(3.74507 -0.0248732 0)
(3.73902 0.00234896 0)
(3.73089 0.00914854 0)
(3.72469 0.00516025 0)
(3.73164 0.000911546 0)
(3.74681 0.00860587 0)
(3.75189 0.0231063 0)
(3.7511 0.0262119 0)
(3.74986 0.0264978 0)
(3.74949 0.0267223 0)
(3.7504 0.0307574 0)
(3.75488 0.0395439 0)
(3.7581 0.0428874 0)
(3.76489 0.0421682 0)
(3.77348 0.0402838 0)
(3.77632 0.0416446 0)
(3.77597 0.0435897 0)
(3.77331 0.0441312 0)
(3.76886 0.0416181 0)
(3.76612 0.0383556 0)
(3.76417 0.0346183 0)
(3.76503 0.0314279 0)
(3.77049 0.0273735 0)
(3.7757 0.0201431 0)
(3.7747 0.014272 0)
(3.77278 0.0106062 0)
(3.7696 0.00519636 0)
(3.76818 0.00028093 0)
(3.76736 -0.00416302 0)
(3.76708 -0.00900085 0)
(3.76858 -0.0145145 0)
(3.77244 -0.0216186 0)
(3.77506 -0.0260911 0)
(3.77534 -0.0268355 0)
(3.77481 -0.0277039 0)
(3.77217 -0.0296126 0)
(3.76979 -0.0328588 0)
(3.77135 -0.0336093 0)
(3.77338 -0.0334056 0)
(3.77744 -0.032539 0)
(3.78176 -0.0314543 0)
(3.78388 -0.0308486 0)
(3.78592 -0.0295488 0)
(3.78638 -0.0276138 0)
(3.78416 -0.0244202 0)
(3.78136 -0.0205829 0)
(3.78149 -0.0182749 0)
(3.7825 -0.0167217 0)
(3.78492 -0.0140329 0)
(3.78735 -0.0101683 0)
(3.78818 -0.00714038 0)
(3.78833 -0.00416361 0)
(3.78768 -0.000708958 0)
(3.78512 0.00345753 0)
(3.78294 0.00785514 0)
(3.78355 0.0103732 0)
(3.7853 0.0126689 0)
(3.78821 0.0167224 0)
(3.78926 0.0192287 0)
(3.79086 0.0214363 0)
(3.79182 0.0238099 0)
(3.79123 0.026231 0)
(3.78906 0.0289531 0)
(3.78921 0.0313018 0)
(3.79071 0.0324944 0)
(3.79244 0.0336161 0)
(3.79485 0.0347449 0)
(3.79608 0.0354622 0)
(3.79755 0.0361639 0)
(3.79855 0.0367527 0)
(3.79831 0.0370866 0)
(3.79736 0.0369392 0)
(3.79808 0.036645 0)
(3.79918 0.0362824 0)
(3.80045 0.0355206 0)
(3.80242 0.0341137 0)
(3.80388 0.0323942 0)
(3.80485 0.0312389 0)
(3.80589 0.0298992 0)
(3.806 0.0284387 0)
(3.80533 0.026817 0)
(3.80594 0.0254255 0)
(3.8072 0.0242102 0)
(3.80895 0.0224559 0)
(3.8106 0.0203014 0)
(3.81192 0.0186401 0)
(3.81329 0.0172991 0)
(3.81435 0.0158881 0)
(3.81452 0.0145119 0)
(3.81417 0.0135967 0)
(3.81523 0.0124787 0)
(3.8171 0.0115097 0)
(3.81871 0.0102074 0)
(3.82029 0.00895825 0)
(3.82182 0.00845991 0)
(3.82317 0.00799775 0)
(3.824 0.00680737 0)
(3.82416 0.00618402 0)
(3.82405 0.00653123 0)
(3.8246 0.00632166 0)
(3.8262 0.00569391 0)
(3.82746 0.0051483 0)
(3.82893 0.00499906 0)
(3.83035 0.00500218 0)
(3.83149 0.00480515 0)
(3.8323 0.00464717 0)
(3.8327 0.00504439 0)
(3.83265 0.00593243 0)
(3.83281 0.00641312 0)
(3.83378 0.00631642 0)
(3.83504 0.0062121 0)
(3.83648 0.00633613 0)
(3.838 0.00682502 0)
(3.83932 0.00760328 0)
(3.84019 0.00822239 0)
(3.84046 0.00836595 0)
(3.84018 0.0089717 0)
(3.84042 0.0105535 0)
(3.84139 0.0114287 0)
(3.8426 0.0115249 0)
(3.84396 0.0115953 0)
(3.8455 0.0120482 0)
(3.84708 0.0132387 0)
(3.84823 0.0149491 0)
(3.84854 0.0159194 0)
(3.84788 0.0170934 0)
(3.84725 0.0191969 0)
(3.84818 0.0206339 0)
(3.84824 0.0203883 0)
(3.84825 0.0192898 0)
(3.84765 0.0176418 0)
(3.84215 0.00728025 0)
(3.84715 -0.011576 0)
(1.90019 0.225542 0)
(1.27519 0.140724 0)
(1.2594 0.0732117 0)
(1.2871 -0.00975634 0)
(1.3236 -0.079857 0)
(1.36445 -0.128637 0)
(1.40444 -0.155943 0)
(1.43887 -0.171471 0)
(1.46819 -0.178161 0)
(1.49316 -0.178403 0)
(1.51706 -0.175567 0)
(1.54086 -0.168442 0)
(1.56276 -0.158546 0)
(1.58149 -0.147032 0)
(1.5975 -0.13568 0)
(1.61219 -0.125361 0)
(1.62717 -0.11634 0)
(1.64285 -0.108251 0)
(1.65865 -0.101079 0)
(1.6741 -0.0944478 0)
(1.68932 -0.0881836 0)
(1.70475 -0.0823126 0)
(1.72018 -0.0765071 0)
(1.73559 -0.0708199 0)
(1.75019 -0.0652082 0)
(1.76344 -0.0597922 0)
(1.77558 -0.0552716 0)
(1.78771 -0.0519913 0)
(1.80068 -0.0493375 0)
(1.81476 -0.0467724 0)
(1.82984 -0.0440553 0)
(1.84503 -0.0410315 0)
(1.8592 -0.0379541 0)
(1.87229 -0.0354781 0)
(1.88506 -0.0337663 0)
(1.89822 -0.0326403 0)
(1.91204 -0.0318756 0)
(1.92643 -0.0312576 0)
(1.94078 -0.0304631 0)
(1.95422 -0.0293829 0)
(1.96659 -0.0283118 0)
(1.97857 -0.0274811 0)
(1.9909 -0.0267865 0)
(2.00393 -0.0259085 0)
(2.01746 -0.0246015 0)
(2.03061 -0.0226813 0)
(2.04227 -0.0204003 0)
(2.05254 -0.0183517 0)
(2.06237 -0.0168489 0)
(2.07252 -0.0157477 0)
(2.0834 -0.0148426 0)
(2.09492 -0.0139999 0)
(2.10616 -0.0131072 0)
(2.11619 -0.012307 0)
(2.12528 -0.0117272 0)
(2.13417 -0.0114035 0)
(2.14348 -0.0112781 0)
(2.15363 -0.0112375 0)
(2.16468 -0.0111558 0)
(2.17591 -0.0108513 0)
(2.18606 -0.0102919 0)
(2.1949 -0.00967008 0)
(2.20328 -0.0091509 0)
(2.21175 -0.008774 0)
(2.22078 -0.00848982 0)
(2.23087 -0.00818612 0)
(2.24182 -0.00774717 0)
(2.25165 -0.00715285 0)
(2.25966 -0.00669064 0)
(2.26732 -0.00621382 0)
(2.27504 -0.00580147 0)
(2.28299 -0.00554095 0)
(2.2916 -0.00534109 0)
(2.30129 -0.00518241 0)
(2.3111 -0.0050099 0)
(2.31935 -0.00483396 0)
(2.32704 -0.00464061 0)
(2.33457 -0.00415901 0)
(2.34228 -0.00374544 0)
(2.35032 -0.0034537 0)
(2.3592 -0.00310256 0)
(2.36898 -0.00269101 0)
(2.37779 -0.00229051 0)
(2.38572 -0.002006 0)
(2.39331 -0.00132764 0)
(2.4009 -0.000585948 0)
(2.40875 -7.14123e-05 0)
(2.41695 0.000367131 0)
(2.4257 0.000602225 0)
(2.43393 0.000708102 0)
(2.44139 0.000818066 0)
(2.44854 0.00114435 0)
(2.45526 0.0016314 0)
(2.46213 0.00202549 0)
(2.46922 0.00224922 0)
(2.47654 0.00244735 0)
(2.4841 0.00247372 0)
(2.49113 0.00246379 0)
(2.49796 0.00254482 0)
(2.50451 0.0028678 0)
(2.51063 0.0034801 0)
(2.517 0.00414393 0)
(2.52369 0.0047547 0)
(2.53031 0.0053187 0)
(2.53677 0.00570461 0)
(2.54308 0.00609513 0)
(2.5493 0.00650558 0)
(2.55557 0.00689561 0)
(2.5619 0.00728167 0)
(2.56821 0.00768077 0)
(2.57444 0.0080596 0)
(2.58055 0.00844108 0)
(2.58654 0.00881072 0)
(2.5924 0.00918774 0)
(2.59806 0.00964329 0)
(2.60337 0.0102074 0)
(2.60842 0.0109071 0)
(2.61369 0.0116864 0)
(2.61944 0.0123757 0)
(2.62552 0.0130055 0)
(2.63169 0.0135884 0)
(2.63786 0.0139777 0)
(2.64406 0.014276 0)
(2.6503 0.0147765 0)
(2.6564 0.0154013 0)
(2.66228 0.0157339 0)
(2.66798 0.0158974 0)
(2.67365 0.0164644 0)
(2.67931 0.0171396 0)
(2.68502 0.0173639 0)
(2.69078 0.0173689 0)
(2.69653 0.017557 0)
(2.70218 0.0181228 0)
(2.70752 0.0186586 0)
(2.71251 0.0187942 0)
(2.71726 0.0188023 0)
(2.72205 0.0186546 0)
(2.72721 0.0181369 0)
(2.73268 0.0174056 0)
(2.73812 0.0166848 0)
(2.74341 0.0161944 0)
(2.74844 0.0159638 0)
(2.75305 0.0155937 0)
(2.75721 0.0149811 0)
(2.76114 0.0143914 0)
(2.76548 0.0135993 0)
(2.77041 0.0126468 0)
(2.77541 0.0118927 0)
(2.78036 0.011392 0)
(2.78517 0.0110281 0)
(2.78972 0.0106912 0)
(2.79391 0.0102364 0)
(2.79774 0.00979477 0)
(2.80159 0.00962257 0)
(2.80594 0.00941015 0)
(2.8108 0.00891129 0)
(2.8157 0.00830712 0)
(2.82049 0.00797762 0)
(2.82523 0.00816279 0)
(2.82984 0.00870455 0)
(2.83418 0.00923494 0)
(2.83808 0.00960095 0)
(2.84153 0.0101376 0)
(2.84491 0.0108962 0)
(2.84884 0.0114208 0)
(2.85344 0.0117336 0)
(2.85828 0.0119363 0)
(2.86314 0.0121624 0)
(2.86794 0.0126093 0)
(2.87258 0.0135099 0)
(2.87682 0.0145631 0)
(2.88062 0.0153532 0)
(2.88429 0.0160498 0)
(2.88831 0.0167882 0)
(2.89278 0.017468 0)
(2.89748 0.0184032 0)
(2.90204 0.0186984 0)
(2.90635 0.0187062 0)
(2.91047 0.0194019 0)
(2.91354 0.0206543 0)
(2.91797 0.0220068 0)
(2.23164 1.69159 0)
(2.47061 1.64109 0)
(2.68111 1.59258 0)
(2.84239 1.57797 0)
(3.03363 1.48928 0)
(3.21624 1.32422 0)
(3.31886 1.25695 0)
(3.38382 1.26607 0)
(3.49263 1.17874 0)
(3.63992 0.967964 0)
(3.6916 0.814127 0)
(3.73038 0.827767 0)
(3.76992 0.833959 0)
(3.89108 0.7008 0)
(3.94464 0.469137 0)
(3.93806 0.384225 0)
(3.94201 0.407624 0)
(3.96562 0.374109 0)
(4.05738 0.256995 0)
(4.07834 0.0916571 0)
(4.06466 0.0304739 0)
(4.07181 0.0581092 0)
(4.08703 0.0499524 0)
(4.1582 -0.0699334 0)
(4.15358 -0.199012 0)
(4.1395 -0.226781 0)
(4.13103 -0.205158 0)
(4.12778 -0.224316 0)
(4.18424 -0.290975 0)
(4.19534 -0.373239 0)
(4.1962 -0.395919 0)
(4.19855 -0.371465 0)
(4.20532 -0.37974 0)
(4.22369 -0.448698 0)
(4.22131 -0.491105 0)
(4.21628 -0.488898 0)
(4.22189 -0.508167 0)
(4.2356 -0.520034 0)
(4.24398 -0.539947 0)
(4.24987 -0.554419 0)
(4.26292 -0.557582 0)
(4.27211 -0.566714 0)
(4.26442 -0.587817 0)
(4.24966 -0.609449 0)
(4.24489 -0.614273 0)
(4.24172 -0.614721 0)
(4.24673 -0.607156 0)
(4.25252 -0.610015 0)
(4.24618 -0.643804 0)
(4.2454 -0.672752 0)
(4.23763 -0.655351 0)
(4.23141 -0.635637 0)
(4.21483 -0.635339 0)
(4.18953 -0.637957 0)
(4.16339 -0.636708 0)
(4.1489 -0.623106 0)
(4.15218 -0.601789 0)
(4.16797 -0.579651 0)
(4.18307 -0.555262 0)
(4.1831 -0.526065 0)
(4.16869 -0.497023 0)
(4.15783 -0.471419 0)
(4.15342 -0.455126 0)
(4.14905 -0.45087 0)
(4.14146 -0.43349 0)
(4.13005 -0.37691 0)
(4.13959 -0.314359 0)
(4.14937 -0.294737 0)
(4.15173 -0.288208 0)
(4.13032 -0.263572 0)
(4.09987 -0.243784 0)
(4.08268 -0.205895 0)
(4.07755 -0.174814 0)
(4.06192 -0.160141 0)
(4.04598 -0.139179 0)
(4.03985 -0.110194 0)
(4.0257 -0.0937494 0)
(4.01559 -0.0748743 0)
(3.99899 -0.0716405 0)
(3.97334 -0.0633086 0)
(3.95303 -0.0557106 0)
(3.94143 -0.0348759 0)
(3.933 -0.0241043 0)
(3.922 -0.0219905 0)
(3.92119 -0.0229338 0)
(3.92017 -0.0211402 0)
(3.91399 -0.0182028 0)
(3.90562 -0.00819779 0)
(3.89467 -0.00246418 0)
(3.88161 -0.00356978 0)
(3.87453 -0.00682505 0)
(3.87357 -0.0082395 0)
(3.88097 -0.000434808 0)
(3.88213 0.00687493 0)
(3.87699 0.00680316 0)
(3.87415 0.00609154 0)
(3.86979 0.00579837 0)
(3.86307 0.00770543 0)
(3.85884 0.0112414 0)
(3.85959 0.0135531 0)
(3.86208 0.0144272 0)
(3.8674 0.0157079 0)
(3.87135 0.0170904 0)
(3.87338 0.0177505 0)
(3.87634 0.020009 0)
(3.87626 0.0231904 0)
(3.87122 0.0253594 0)
(3.87049 0.0242728 0)
(3.87278 0.0227646 0)
(3.87537 0.0215796 0)
(3.87862 0.021046 0)
(3.88154 0.0211285 0)
(3.88374 0.0209958 0)
(3.88469 0.0201588 0)
(3.8822 0.0184003 0)
(3.87562 0.0163145 0)
(3.87426 0.0152515 0)
(3.87588 0.0150128 0)
(3.87748 0.0143131 0)
(3.88044 0.0132502 0)
(3.88198 0.0129396 0)
(3.88386 0.0128383 0)
(3.88496 0.012747 0)
(3.88294 0.0129463 0)
(3.87838 0.0135871 0)
(3.87739 0.0139417 0)
(3.87758 0.0140773 0)
(3.87822 0.0140174 0)
(3.87959 0.0136282 0)
(3.88053 0.0134596 0)
(3.87993 0.0135617 0)
(3.87913 0.013807 0)
(3.87702 0.0145454 0)
(3.87356 0.0153023 0)
(3.87223 0.0153512 0)
(3.87176 0.015195 0)
(3.87192 0.0149197 0)
(3.87336 0.0147035 0)
(3.87448 0.0147767 0)
(3.87446 0.0149033 0)
(3.87418 0.0151136 0)
(3.87312 0.0157255 0)
(3.87117 0.0163732 0)
(3.8705 0.0165741 0)
(3.87106 0.0166062 0)
(3.87177 0.0166534 0)
(3.87322 0.0168066 0)
(3.87396 0.0168794 0)
(3.87508 0.01704 0)
(3.87579 0.0174918 0)
(3.87537 0.0184925 0)
(3.87414 0.0192283 0)
(3.87418 0.0188319 0)
(3.8753 0.0185628 0)
(3.87676 0.0189117 0)
(3.87821 0.0194133 0)
(3.87978 0.019206 0)
(3.88119 0.0186787 0)
(3.88213 0.0194211 0)
(3.88213 0.0211005 0)
(3.88168 0.0213873 0)
(3.88172 0.0202679 0)
(3.88265 0.0202763 0)
(3.88408 0.0212531 0)
(3.8855 0.0217139 0)
(3.88704 0.021078 0)
(3.88818 0.0205711 0)
(3.88887 0.0215618 0)
(3.88869 0.0234079 0)
(3.88793 0.0240904 0)
(3.88742 0.0231211 0)
(3.88776 0.0229032 0)
(3.88925 0.0239085 0)
(3.89037 0.0247355 0)
(3.89159 0.0245412 0)
(3.89263 0.0240692 0)
(3.89339 0.0245671 0)
(3.89333 0.0260101 0)
(3.89224 0.0273857 0)
(3.89136 0.0277422 0)
(3.89171 0.0273715 0)
(3.89268 0.0273087 0)
(3.89392 0.0275715 0)
(3.89526 0.0281207 0)
(3.89648 0.0288375 0)
(3.89728 0.0289255 0)
(3.89733 0.0285962 0)
(3.89656 0.0297737 0)
(3.89564 0.0313496 0)
(3.8961 0.0319341 0)
(3.89709 0.0320716 0)
(3.8983 0.0324377 0)
(3.89896 0.0326716 0)
(3.89963 0.0337729 0)
(3.89912 0.0349798 0)
(3.89697 0.0320103 0)
(3.89428 0.0273444 0)
(3.88906 0.021735 0)
(3.87391 0.000165435 0)
(3.84944 -0.0268705 0)
(3.77681 -0.127161 0)
(3.72703 -0.185773 0)
(3.57067 -0.432287 0)
(3.25561 -0.414408 0)
(1.88397 -0.263607 0)
(1.68514 -0.178697 0)
(1.71684 -0.159243 0)
(1.76703 -0.140155 0)
(1.82136 -0.127493 0)
(1.8547 -0.108513 0)
(1.87644 -0.108486 0)
(1.88857 -0.115829 0)
(1.90722 -0.128913 0)
(1.92719 -0.144885 0)
(1.95255 -0.154788 0)
(1.97173 -0.159554 0)
(1.98206 -0.159413 0)
(1.9856 -0.157058 0)
(1.984 -0.155097 0)
(1.98358 -0.154496 0)
(1.9873 -0.154319 0)
(1.99494 -0.154153 0)
(2.00355 -0.152697 0)
(2.01197 -0.150165 0)
(2.02128 -0.145923 0)
(2.03112 -0.140281 0)
(2.04 -0.133232 0)
(2.04752 -0.125647 0)
(2.05275 -0.118549 0)
(2.05509 -0.113348 0)
(2.05708 -0.109223 0)
(2.06185 -0.106744 0)
(2.06919 -0.105499 0)
(2.07885 -0.104041 0)
(2.09047 -0.101946 0)
(2.10006 -0.0995372 0)
(2.1069 -0.0977307 0)
(2.11313 -0.0953449 0)
(2.12031 -0.0933037 0)
(2.12892 -0.0918072 0)
(2.13905 -0.0897654 0)
(2.1506 -0.0868593 0)
(2.16078 -0.0836168 0)
(2.16874 -0.0804335 0)
(2.17539 -0.0763965 0)
(2.18253 -0.0723949 0)
(2.19113 -0.0690451 0)
(2.20099 -0.0653599 0)
(2.21132 -0.0611239 0)
(2.21963 -0.0572491 0)
(2.22595 -0.0537486 0)
(2.23121 -0.0498725 0)
(2.23746 -0.0468275 0)
(2.24512 -0.0448023 0)
(2.25416 -0.0427535 0)
(2.26343 -0.0407854 0)
(2.27118 -0.0395094 0)
(2.27825 -0.0381589 0)
(2.28447 -0.0363291 0)
(2.29119 -0.0346279 0)
(2.29911 -0.0335828 0)
(2.30785 -0.0323297 0)
(2.31708 -0.0308686 0)
(2.32524 -0.0297683 0)
(2.33269 -0.0286428 0)
(2.33924 -0.0270018 0)
(2.345 -0.0250068 0)
(2.35178 -0.0233278 0)
(2.35952 -0.0221245 0)
(2.36787 -0.0209161 0)
(2.37568 -0.020148 0)
(2.38294 -0.019567 0)
(2.3897 -0.0186401 0)
(2.39563 -0.0175012 0)
(2.40165 -0.0163362 0)
(2.4088 -0.0155311 0)
(2.4163 -0.0149166 0)
(2.42366 -0.0146628 0)
(2.4309 -0.0144513 0)
(2.4379 -0.0139442 0)
(2.44431 -0.0131753 0)
(2.45005 -0.0121644 0)
(2.4563 -0.0110126 0)
(2.46341 -0.0100822 0)
(2.47064 -0.00955799 0)
(2.47782 -0.00920461 0)
(2.48491 -0.00859807 0)
(2.49174 -0.00770768 0)
(2.49814 -0.00672749 0)
(2.50418 -0.00568235 0)
(2.51016 -0.00461284 0)
(2.51627 -0.00385 0)
(2.52253 -0.00355876 0)
(2.5289 -0.00341885 0)
(2.53528 -0.00312841 0)
(2.54152 -0.00258536 0)
(2.54749 -0.00189741 0)
(2.55316 -0.00112422 0)
(2.55864 -0.000205539 0)
(2.56406 0.000644614 0)
(2.56957 0.00127821 0)
(2.57539 0.00179994 0)
(2.58146 0.00234841 0)
(2.58762 0.00315841 0)
(2.5937 0.004343 0)
(2.59952 0.00568184 0)
(2.60499 0.00710762 0)
(2.61011 0.00860993 0)
(2.61508 0.00992132 0)
(2.6203 0.0109153 0)
(2.62599 0.0116274 0)
(2.63191 0.0121425 0)
(2.63788 0.0127037 0)
(2.64368 0.013382 0)
(2.64913 0.0139992 0)
(2.65415 0.0145845 0)
(2.65887 0.0151122 0)
(2.66354 0.0154875 0)
(2.66835 0.0158958 0)
(2.67333 0.0163725 0)
(2.67844 0.0169196 0)
(2.68361 0.0174254 0)
(2.68875 0.0179955 0)
(2.69372 0.0189061 0)
(2.69846 0.0196627 0)
(2.70328 0.0197942 0)
(2.70849 0.019921 0)
(2.71406 0.0204073 0)
(2.71966 0.0207949 0)
(2.72505 0.0208731 0)
(2.7301 0.0210776 0)
(2.7348 0.0218031 0)
(2.73923 0.0226661 0)
(2.7438 0.0230084 0)
(2.74889 0.02309 0)
(2.75436 0.0233622 0)
(2.75991 0.0239347 0)
(2.76511 0.0248112 0)
(2.7696 0.025755 0)
(2.77325 0.0264359 0)
(2.77651 0.0265758 0)
(2.78063 0.026473 0)
(2.78574 0.0262667 0)
(2.79117 0.0258636 0)
(2.79651 0.0254144 0)
(2.80155 0.0252233 0)
(2.80597 0.0254339 0)
(2.80931 0.0257187 0)
(2.81179 0.025584 0)
(2.81512 0.0250841 0)
(2.81982 0.0246312 0)
(2.82493 0.0242334 0)
(2.83001 0.0238868 0)
(2.8349 0.023767 0)
(2.83937 0.0240886 0)
(2.84295 0.0246872 0)
(2.84528 0.025087 0)
(2.84732 0.025196 0)
(2.85087 0.0251735 0)
(2.85565 0.0250175 0)
(2.86069 0.024933 0)
(2.86577 0.0248555 0)
(2.87083 0.0248335 0)
(2.87573 0.0252504 0)
(2.88013 0.0262916 0)
(2.88364 0.0275592 0)
(2.8862 0.0286535 0)
(2.88835 0.0294281 0)
(2.89134 0.0302207 0)
(2.89556 0.0309177 0)
(2.90028 0.0311851 0)
(2.90514 0.0312267 0)
(2.90998 0.0315046 0)
(2.91458 0.0322479 0)
(2.91853 0.0332687 0)
(2.92169 0.034055 0)
(2.9246 0.0345524 0)
(2.92811 0.0350327 0)
(2.93236 0.0355881 0)
(2.93685 0.035861 0)
(2.94115 0.0357233 0)
(2.94514 0.0354678 0)
(2.94837 0.0359688 0)
(2.95333 0.0365603 0)
(2.17348 1.54484 0)
(2.32372 1.52407 0)
(2.4568 1.50335 0)
(2.5827 1.46419 0)
(2.72147 1.39951 0)
(2.82688 1.36462 0)
(2.91931 1.33252 0)
(3.04737 1.23741 0)
(3.1529 1.13595 0)
(3.21946 1.12387 0)
(3.27965 1.10797 0)
(3.39189 1.01669 0)
(3.48565 0.870575 0)
(3.53186 0.813591 0)
(3.56613 0.825931 0)
(3.60417 0.790798 0)
(3.69872 0.662932 0)
(3.74036 0.514399 0)
(3.76619 0.492934 0)
(3.78986 0.517407 0)
(3.84007 0.479376 0)
(3.91906 0.357714 0)
(3.9356 0.227367 0)
(3.94335 0.200438 0)
(3.94926 0.212724 0)
(3.96306 0.173902 0)
(4.0219 0.0961911 0)
(4.04206 -0.0127082 0)
(4.04314 -0.0571339 0)
(4.05967 -0.0410721 0)
(4.07556 -0.0491677 0)
(4.12742 -0.128065 0)
(4.13234 -0.230482 0)
(4.12066 -0.272746 0)
(4.11894 -0.271381 0)
(4.11913 -0.288892 0)
(4.15745 -0.341386 0)
(4.18125 -0.390137 0)
(4.18313 -0.444558 0)
(4.18168 -0.464364 0)
(4.19583 -0.474973 0)
(4.20958 -0.492495 0)
(4.2124 -0.546864 0)
(4.20897 -0.609012 0)
(4.20265 -0.630682 0)
(4.20664 -0.628593 0)
(4.22039 -0.63961 0)
(4.24955 -0.654133 0)
(4.25955 -0.677765 0)
(4.25519 -0.697211 0)
(4.2453 -0.709409 0)
(4.23444 -0.719627 0)
(4.2369 -0.720297 0)
(4.24147 -0.714055 0)
(4.24258 -0.708349 0)
(4.24242 -0.703245 0)
(4.24557 -0.698813 0)
(4.24871 -0.69603 0)
(4.2556 -0.68688 0)
(4.25568 -0.670713 0)
(4.24391 -0.653998 0)
(4.23626 -0.645589 0)
(4.23462 -0.644762 0)
(4.23428 -0.645508 0)
(4.23605 -0.63673 0)
(4.24087 -0.609528 0)
(4.24182 -0.56933 0)
(4.23769 -0.553142 0)
(4.22938 -0.54902 0)
(4.21496 -0.546867 0)
(4.19601 -0.533731 0)
(4.17735 -0.501089 0)
(4.17054 -0.463968 0)
(4.16687 -0.440449 0)
(4.16481 -0.433249 0)
(4.16737 -0.411775 0)
(4.15681 -0.369603 0)
(4.14396 -0.334077 0)
(4.12802 -0.311206 0)
(4.10622 -0.308381 0)
(4.08697 -0.2982 0)
(4.06616 -0.258358 0)
(4.06082 -0.221097 0)
(4.06042 -0.211344 0)
(4.06462 -0.200545 0)
(4.05189 -0.182587 0)
(4.03566 -0.175389 0)
(4.02391 -0.157262 0)
(4.01283 -0.132281 0)
(4.00527 -0.118562 0)
(3.99613 -0.11434 0)
(3.98996 -0.105415 0)
(3.99022 -0.0853453 0)
(3.99164 -0.0681349 0)
(3.99208 -0.0569512 0)
(3.98163 -0.0486318 0)
(3.97437 -0.0409101 0)
(3.96259 -0.0281255 0)
(3.95643 -0.0191112 0)
(3.95327 -0.0140142 0)
(3.9514 -0.00625775 0)
(3.95558 0.00372475 0)
(3.95772 0.0130123 0)
(3.95603 0.0159782 0)
(3.95346 0.0170488 0)
(3.94721 0.0206668 0)
(3.93951 0.0275309 0)
(3.93689 0.0301268 0)
(3.93464 0.0315784 0)
(3.93536 0.0332843 0)
(3.941 0.0348951 0)
(3.94388 0.037369 0)
(3.94344 0.0382686 0)
(3.94228 0.0389653 0)
(3.93882 0.0395574 0)
(3.93412 0.0401866 0)
(3.93392 0.0402243 0)
(3.93534 0.040023 0)
(3.9373 0.0396362 0)
(3.94269 0.0388976 0)
(3.94631 0.0381855 0)
(3.9479 0.0378393 0)
(3.94929 0.0370132 0)
(3.9473 0.0353038 0)
(3.94227 0.031993 0)
(3.94191 0.0291868 0)
(3.94347 0.0278964 0)
(3.94504 0.0268015 0)
(3.94758 0.0255659 0)
(3.94867 0.0247094 0)
(3.94949 0.023739 0)
(3.94978 0.0222164 0)
(3.94795 0.0206083 0)
(3.94357 0.0192651 0)
(3.94168 0.0186504 0)
(3.94209 0.0185016 0)
(3.94273 0.0183764 0)
(3.94436 0.0185414 0)
(3.94533 0.0189635 0)
(3.94628 0.0194869 0)
(3.94657 0.0201929 0)
(3.94518 0.0208676 0)
(3.94185 0.0218703 0)
(3.94066 0.023451 0)
(3.94163 0.0245305 0)
(3.94258 0.0255921 0)
(3.94372 0.0272576 0)
(3.94429 0.0287802 0)
(3.94502 0.0303449 0)
(3.94517 0.0319577 0)
(3.94396 0.0337798 0)
(3.9411 0.0360605 0)
(3.94026 0.0379293 0)
(3.94086 0.0386305 0)
(3.94172 0.0397875 0)
(3.94224 0.0412428 0)
(3.94295 0.042372 0)
(3.94375 0.0435292 0)
(3.94403 0.0442981 0)
(3.94341 0.0444198 0)
(3.94161 0.0450701 0)
(3.94047 0.0459766 0)
(3.94092 0.0458904 0)
(3.94186 0.0454561 0)
(3.94288 0.045064 0)
(3.94396 0.044791 0)
(3.94497 0.0445085 0)
(3.94574 0.0441106 0)
(3.94591 0.043602 0)
(3.94483 0.0427429 0)
(3.94339 0.0410728 0)
(3.94355 0.039989 0)
(3.9445 0.039837 0)
(3.94583 0.0394582 0)
(3.94754 0.0382368 0)
(3.94871 0.0369292 0)
(3.94955 0.0366656 0)
(3.95012 0.0361849 0)
(3.94984 0.0347742 0)
(3.94855 0.0343792 0)
(3.94765 0.0346023 0)
(3.94892 0.0337983 0)
(3.95025 0.0328332 0)
(3.95169 0.0324567 0)
(3.95346 0.0333768 0)
(3.9549 0.0335453 0)
(3.95546 0.0323208 0)
(3.95471 0.0324642 0)
(3.95294 0.034089 0)
(3.95118 0.0327613 0)
(3.95054 0.0316277 0)
(3.94959 0.029898 0)
(3.94763 0.0262056 0)
(3.94211 0.0189125 0)
(3.92697 -0.00393946 0)
(3.90344 -0.032927 0)
(3.84247 -0.10179 0)
(3.7324 -0.248722 0)
(3.65731 -0.31849 0)
(3.47644 -0.498393 0)
(3.32382 -0.695054 0)
(3.21794 -0.789848 0)
(3.15192 -0.83727 0)
(3.06277 -0.944564 0)
(2.88008 -0.958102 0)
(2.59694 -0.803123 0)
(2.38128 -0.618391 0)
(2.28348 -0.469046 0)
(2.25355 -0.360113 0)
(2.21115 -0.282883 0)
(2.16736 -0.241689 0)
(2.13675 -0.199286 0)
(2.13379 -0.164814 0)
(2.15134 -0.151816 0)
(2.18081 -0.13264 0)
(2.20608 -0.116242 0)
(2.22497 -0.108016 0)
(2.23118 -0.100239 0)
(2.22321 -0.0948044 0)
(2.21632 -0.0956229 0)
(2.21687 -0.10017 0)
(2.2237 -0.10572 0)
(2.23517 -0.10836 0)
(2.2486 -0.113522 0)
(2.26076 -0.115778 0)
(2.27492 -0.114644 0)
(2.28739 -0.113012 0)
(2.29355 -0.109266 0)
(2.29457 -0.104904 0)
(2.29301 -0.101184 0)
(2.29086 -0.0964396 0)
(2.28954 -0.0903397 0)
(2.29254 -0.0846708 0)
(2.29948 -0.0799113 0)
(2.30837 -0.0749882 0)
(2.31565 -0.0707604 0)
(2.32055 -0.0673251 0)
(2.32425 -0.0637815 0)
(2.32716 -0.0603853 0)
(2.33341 -0.058216 0)
(2.34239 -0.057146 0)
(2.35237 -0.0556543 0)
(2.36141 -0.0545884 0)
(2.36919 -0.0533857 0)
(2.37488 -0.0519547 0)
(2.37857 -0.0504393 0)
(2.38452 -0.0492954 0)
(2.39225 -0.048511 0)
(2.4003 -0.046812 0)
(2.40731 -0.0451976 0)
(2.41308 -0.0435921 0)
(2.4173 -0.0412928 0)
(2.41998 -0.038333 0)
(2.42472 -0.0359647 0)
(2.43134 -0.0342061 0)
(2.43836 -0.0321736 0)
(2.44507 -0.0304503 0)
(2.45144 -0.0285251 0)
(2.45698 -0.0261106 0)
(2.46136 -0.0232893 0)
(2.46639 -0.0207087 0)
(2.47303 -0.0191315 0)
(2.48003 -0.0180532 0)
(2.48689 -0.0169494 0)
(2.49337 -0.0158799 0)
(2.49925 -0.0146574 0)
(2.50429 -0.0128332 0)
(2.50857 -0.010958 0)
(2.51298 -0.00957849 0)
(2.51855 -0.00839816 0)
(2.52476 -0.00745086 0)
(2.531 -0.00671984 0)
(2.53697 -0.00571927 0)
(2.54252 -0.00416703 0)
(2.54757 -0.00269714 0)
(2.55219 -0.00156036 0)
(2.55697 -0.000151355 0)
(2.56247 0.00110444 0)
(2.56844 0.00181951 0)
(2.57448 0.00262441 0)
(2.58025 0.00391415 0)
(2.58552 0.00539302 0)
(2.59031 0.00670849 0)
(2.59466 0.00794829 0)
(2.59909 0.00920163 0)
(2.60435 0.0100956 0)
(2.61024 0.0106158 0)
(2.61627 0.0112765 0)
(2.62204 0.0121986 0)
(2.6273 0.0131324 0)
(2.63193 0.0143109 0)
(2.63581 0.015739 0)
(2.63932 0.0165678 0)
(2.64347 0.0169075 0)
(2.64864 0.0173017 0)
(2.65427 0.0175942 0)
(2.65988 0.0178778 0)
(2.6651 0.018227 0)
(2.6697 0.0186652 0)
(2.6736 0.019525 0)
(2.677 0.0204609 0)
(2.68074 0.0207427 0)
(2.68544 0.0207891 0)
(2.69092 0.0209709 0)
(2.69671 0.0211899 0)
(2.70241 0.0215188 0)
(2.70767 0.0219137 0)
(2.71225 0.0223828 0)
(2.71616 0.0232866 0)
(2.71985 0.024518 0)
(2.72398 0.0254863 0)
(2.72875 0.0260711 0)
(2.73392 0.0265115 0)
(2.73922 0.0271116 0)
(2.74439 0.0280586 0)
(2.74912 0.0289193 0)
(2.75322 0.0293727 0)
(2.75669 0.0301202 0)
(2.76021 0.0312849 0)
(2.76439 0.0323701 0)
(2.76912 0.0330106 0)
(2.77395 0.0332858 0)
(2.77857 0.0339469 0)
(2.78286 0.0351662 0)
(2.78663 0.0360151 0)
(2.78987 0.0361741 0)
(2.79318 0.0365089 0)
(2.79748 0.0372468 0)
(2.80247 0.0377585 0)
(2.80756 0.0378425 0)
(2.8123 0.0377941 0)
(2.81644 0.0380139 0)
(2.81983 0.0388353 0)
(2.82252 0.0398198 0)
(2.82578 0.039822 0)
(2.83044 0.0391422 0)
(2.83559 0.0387819 0)
(2.84079 0.0388751 0)
(2.84561 0.0391889 0)
(2.84959 0.0393827 0)
(2.85235 0.0393886 0)
(2.85424 0.0394505 0)
(2.85701 0.0394496 0)
(2.86157 0.0389645 0)
(2.86674 0.0382117 0)
(2.8718 0.037383 0)
(2.87656 0.0367712 0)
(2.88069 0.0365931 0)
(2.88361 0.0368032 0)
(2.8851 0.0369085 0)
(2.88732 0.0364436 0)
(2.89169 0.035747 0)
(2.89662 0.0351174 0)
(2.90152 0.0344785 0)
(2.90621 0.0338009 0)
(2.91048 0.033243 0)
(2.91389 0.0331117 0)
(2.9159 0.033518 0)
(2.91682 0.0340555 0)
(2.91905 0.0341095 0)
(2.92348 0.0337648 0)
(2.92847 0.0332932 0)
(2.9335 0.0326839 0)
(2.93841 0.0322924 0)
(2.94315 0.0322163 0)
(2.94747 0.0323034 0)
(2.95101 0.032576 0)
(2.95352 0.0331125 0)
(2.95539 0.0342881 0)
(2.95759 0.0354912 0)
(2.96083 0.0359817 0)
(2.96498 0.0357835 0)
(2.96947 0.0354635 0)
(2.97401 0.0356356 0)
(2.97826 0.0363203 0)
(2.98182 0.0369688 0)
(2.98464 0.0373406 0)
(2.98725 0.0378038 0)
(2.99042 0.0387859 0)
(2.99433 0.0401184 0)
(2.9983 0.0415308 0)
(3.00189 0.0418695 0)
(3.00459 0.0421168 0)
(3.00889 0.0437316 0)
(2.16485 1.47356 0)
(2.26123 1.46265 0)
(2.3605 1.44105 0)
(2.4623 1.41064 0)
(2.54745 1.39066 0)
(2.63354 1.35617 0)
(2.73446 1.29743 0)
(2.81303 1.26349 0)
(2.87923 1.24513 0)
(2.97091 1.19105 0)
(3.06461 1.1049 0)
(3.12488 1.06656 0)
(3.16688 1.06251 0)
(3.2249 1.01488 0)
(3.31426 0.915113 0)
(3.36807 0.832169 0)
(3.40771 0.828423 0)
(3.43739 0.825626 0)
(3.50418 0.7631 0)
(3.57253 0.654772 0)
(3.60481 0.588146 0)
(3.63306 0.591723 0)
(3.6481 0.587516 0)
(3.70447 0.512564 0)
(3.74532 0.399841 0)
(3.75904 0.347605 0)
(3.78176 0.362759 0)
(3.80101 0.360565 0)
(3.85817 0.299483 0)
(3.89108 0.200841 0)
(3.89614 0.146568 0)
(3.9096 0.149465 0)
(3.91267 0.152428 0)
(3.93465 0.102554 0)
(3.96671 0.0285565 0)
(3.96529 -0.0328993 0)
(3.97998 -0.0354917 0)
(3.99513 -0.0151625 0)
(4.02003 -0.0373577 0)
(4.04809 -0.110059 0)
(4.04188 -0.173988 0)
(4.03899 -0.190161 0)
(4.04138 -0.180361 0)
(4.0423 -0.191561 0)
(4.06577 -0.224421 0)
(4.08151 -0.265122 0)
(4.08052 -0.3019 0)
(4.09016 -0.313082 0)
(4.10603 -0.301908 0)
(4.10897 -0.300953 0)
(4.10532 -0.349993 0)
(4.09254 -0.401227 0)
(4.0907 -0.417361 0)
(4.10299 -0.40981 0)
(4.11478 -0.405121 0)
(4.13751 -0.421007 0)
(4.14776 -0.448972 0)
(4.14438 -0.472558 0)
(4.14104 -0.483483 0)
(4.1362 -0.49158 0)
(4.12856 -0.500612 0)
(4.1291 -0.505682 0)
(4.13082 -0.508959 0)
(4.1342 -0.521657 0)
(4.13979 -0.542226 0)
(4.14781 -0.550842 0)
(4.14924 -0.549332 0)
(4.14743 -0.549382 0)
(4.13984 -0.555747 0)
(4.13151 -0.566054 0)
(4.12994 -0.567342 0)
(4.12922 -0.564541 0)
(4.13263 -0.560153 0)
(4.13993 -0.561395 0)
(4.1496 -0.561683 0)
(4.15128 -0.55703 0)
(4.14538 -0.549761 0)
(4.14063 -0.541686 0)
(4.13552 -0.534192 0)
(4.12834 -0.527225 0)
(4.11907 -0.518865 0)
(4.10813 -0.496934 0)
(4.10527 -0.456938 0)
(4.11423 -0.430771 0)
(4.12098 -0.412264 0)
(4.10901 -0.379155 0)
(4.0973 -0.358306 0)
(4.08972 -0.342918 0)
(4.07536 -0.308016 0)
(4.06978 -0.266385 0)
(4.06834 -0.258235 0)
(4.06745 -0.244027 0)
(4.06123 -0.187639 0)
(4.06503 -0.161938 0)
(4.06799 -0.162792 0)
(4.0562 -0.147269 0)
(4.0387 -0.120152 0)
(4.03443 -0.0992979 0)
(4.02865 -0.0992062 0)
(4.01505 -0.0795497 0)
(4.01219 -0.0575996 0)
(4.01934 -0.0515613 0)
(4.02023 -0.038453 0)
(4.01043 -0.0296771 0)
(4.00259 -0.0259224 0)
(3.99176 -0.0231405 0)
(3.98282 -0.0130734 0)
(3.9782 -0.00344619 0)
(3.97243 -0.00158412 0)
(3.97241 -0.00177398 0)
(3.97909 0.00294718 0)
(3.98009 0.0099912 0)
(3.97614 0.0123966 0)
(3.9727 0.0131897 0)
(3.96705 0.0161784 0)
(3.96234 0.0207329 0)
(3.96089 0.0218352 0)
(3.95965 0.0229758 0)
(3.96091 0.0251603 0)
(3.96535 0.0280399 0)
(3.96718 0.0303728 0)
(3.96658 0.0313761 0)
(3.96524 0.0325498 0)
(3.96147 0.0339473 0)
(3.95677 0.0345626 0)
(3.95553 0.0345983 0)
(3.9556 0.0350425 0)
(3.9583 0.0365931 0)
(3.96303 0.0379854 0)
(3.9646 0.0383816 0)
(3.96488 0.0383185 0)
(3.96444 0.0382667 0)
(3.96171 0.0391891 0)
(3.95902 0.0401699 0)
(3.96016 0.0402144 0)
(3.96174 0.0401287 0)
(3.96326 0.040045 0)
(3.96587 0.0402468 0)
(3.96755 0.0403555 0)
(3.96992 0.0405558 0)
(3.97089 0.0411374 0)
(3.96887 0.0413084 0)
(3.96574 0.0400779 0)
(3.9652 0.0395022 0)
(3.96703 0.0400915 0)
(3.96896 0.040585 0)
(3.97074 0.041037 0)
(3.97248 0.0414987 0)
(3.97392 0.0415139 0)
(3.97431 0.0413302 0)
(3.97247 0.0414584 0)
(3.96937 0.0419406 0)
(3.96918 0.0423421 0)
(3.96958 0.0425515 0)
(3.97013 0.0429078 0)
(3.97119 0.0433506 0)
(3.97192 0.0437716 0)
(3.97209 0.0439694 0)
(3.97202 0.0442774 0)
(3.97103 0.0445373 0)
(3.96879 0.0447947 0)
(3.9676 0.0453091 0)
(3.96768 0.0458164 0)
(3.96798 0.0462973 0)
(3.96887 0.0470118 0)
(3.96976 0.0476847 0)
(3.9702 0.0479275 0)
(3.9707 0.0482752 0)
(3.9706 0.0486811 0)
(3.9693 0.0496187 0)
(3.96837 0.0499972 0)
(3.96873 0.0496986 0)
(3.96957 0.0497393 0)
(3.971 0.0504895 0)
(3.97248 0.0515154 0)
(3.97381 0.0520787 0)
(3.97495 0.0518062 0)
(3.97561 0.0507205 0)
(3.97527 0.0498785 0)
(3.97467 0.0513579 0)
(3.97485 0.0525113 0)
(3.9764 0.0521375 0)
(3.97796 0.0512052 0)
(3.97927 0.0512508 0)
(3.98061 0.0516047 0)
(3.98157 0.052486 0)
(3.98215 0.0515775 0)
(3.97905 0.0465253 0)
(3.97721 0.0425576 0)
(3.97215 0.0363513 0)
(3.95765 0.0207833 0)
(3.92269 -0.0288314 0)
(3.87788 -0.0780888 0)
(3.77186 -0.197683 0)
(3.62546 -0.392619 0)
(3.53463 -0.463822 0)
(3.36888 -0.619955 0)
(3.2013 -0.835176 0)
(3.12979 -0.882165 0)
(3.08795 -0.899605 0)
(3.02503 -0.957943 0)
(2.98818 -1.02138 0)
(2.96423 -1.01645 0)
(2.96492 -1.00804 0)
(2.97158 -1.00891 0)
(2.96812 -1.00325 0)
(2.93741 -0.974208 0)
(2.8739 -0.916831 0)
(2.79366 -0.831145 0)
(2.69841 -0.723303 0)
(2.59988 -0.615418 0)
(2.50949 -0.496215 0)
(2.4391 -0.386252 0)
(2.4083 -0.321111 0)
(2.39001 -0.257773 0)
(2.36983 -0.205931 0)
(2.36305 -0.191368 0)
(2.35377 -0.173786 0)
(2.33391 -0.148344 0)
(2.31737 -0.135011 0)
(2.31028 -0.126698 0)
(2.31452 -0.113312 0)
(2.3249 -0.102215 0)
(2.3419 -0.097452 0)
(2.36145 -0.094141 0)
(2.37941 -0.0890193 0)
(2.39081 -0.0879383 0)
(2.39889 -0.0897791 0)
(2.40398 -0.092067 0)
(2.40765 -0.0924272 0)
(2.41066 -0.0914399 0)
(2.41352 -0.08814 0)
(2.41899 -0.0836323 0)
(2.42631 -0.0790007 0)
(2.43397 -0.0740779 0)
(2.44114 -0.0691243 0)
(2.44666 -0.0646748 0)
(2.45044 -0.060069 0)
(2.45341 -0.0544159 0)
(2.45872 -0.0490372 0)
(2.46686 -0.0448202 0)
(2.47641 -0.0400852 0)
(2.48501 -0.0362561 0)
(2.49215 -0.0344349 0)
(2.4979 -0.032287 0)
(2.50187 -0.0288886 0)
(2.50764 -0.0257123 0)
(2.51534 -0.0240281 0)
(2.52283 -0.0226545 0)
(2.52964 -0.0217247 0)
(2.53579 -0.0206866 0)
(2.54071 -0.019361 0)
(2.54388 -0.0173714 0)
(2.54764 -0.0149058 0)
(2.55364 -0.0129575 0)
(2.56025 -0.0113956 0)
(2.56684 -0.00986074 0)
(2.57313 -0.00831007 0)
(2.5787 -0.00660445 0)
(2.58301 -0.00464607 0)
(2.58645 -0.00275072 0)
(2.59102 -0.00084466 0)
(2.59706 0.000873516 0)
(2.60331 0.00212998 0)
(2.60939 0.00329703 0)
(2.61505 0.00453527 0)
(2.61997 0.0052964 0)
(2.62373 0.00579982 0)
(2.62691 0.00693173 0)
(2.63113 0.00806838 0)
(2.63657 0.00873567 0)
(2.64249 0.00966075 0)
(2.64833 0.0108108 0)
(2.65383 0.0113878 0)
(2.65853 0.0117176 0)
(2.66242 0.0126585 0)
(2.6665 0.0135622 0)
(2.67146 0.0138677 0)
(2.67704 0.0144057 0)
(2.68283 0.0154275 0)
(2.68848 0.0162868 0)
(2.69365 0.0164792 0)
(2.69785 0.0166637 0)
(2.70118 0.0178555 0)
(2.70457 0.0189934 0)
(2.70895 0.0189784 0)
(2.71403 0.0191751 0)
(2.71954 0.0201714 0)
(2.72493 0.0212441 0)
(2.72985 0.0216745 0)
(2.73398 0.0217137 0)
(2.73723 0.0223895 0)
(2.74003 0.0240142 0)
(2.74326 0.0252643 0)
(2.74743 0.0255898 0)
(2.75225 0.0261156 0)
(2.75733 0.0271192 0)
(2.76217 0.0279594 0)
(2.76653 0.0283496 0)
(2.77034 0.0286124 0)
(2.77367 0.0294262 0)
(2.7768 0.0312338 0)
(2.78012 0.0329244 0)
(2.78418 0.0335067 0)
(2.789 0.0337411 0)
(2.79422 0.0342886 0)
(2.79939 0.0352372 0)
(2.80422 0.036389 0)
(2.80855 0.0372028 0)
(2.81236 0.0377221 0)
(2.81585 0.0388971 0)
(2.81934 0.0405687 0)
(2.8231 0.0418939 0)
(2.82733 0.0424689 0)
(2.83197 0.0422114 0)
(2.83665 0.0421425 0)
(2.84114 0.0432383 0)
(2.84509 0.0446985 0)
(2.84869 0.0453008 0)
(2.85229 0.0455904 0)
(2.85624 0.0466837 0)
(2.86042 0.0482096 0)
(2.86469 0.0485638 0)
(2.86873 0.0478005 0)
(2.87211 0.048031 0)
(2.87492 0.0496353 0)
(2.87768 0.0504141 0)
(2.88121 0.0499526 0)
(2.88537 0.0498562 0)
(2.88979 0.0505655 0)
(2.89409 0.0510258 0)
(2.89821 0.0506773 0)
(2.90165 0.0505598 0)
(2.904 0.0515293 0)
(2.90553 0.0523386 0)
(2.90838 0.0518457 0)
(2.91276 0.051342 0)
(2.91761 0.0514036 0)
(2.92241 0.0516956 0)
(2.92681 0.0517039 0)
(2.93042 0.0512051 0)
(2.93284 0.0511339 0)
(2.93415 0.0520972 0)
(2.93565 0.0527983 0)
(2.93931 0.0522543 0)
(2.94401 0.0514018 0)
(2.94877 0.0508042 0)
(2.9534 0.0505578 0)
(2.95752 0.0505129 0)
(2.96056 0.0504005 0)
(2.9622 0.0503391 0)
(2.96351 0.0504868 0)
(2.96645 0.0505307 0)
(2.97087 0.0501596 0)
(2.9757 0.0494528 0)
(2.98043 0.0485182 0)
(2.98479 0.0477678 0)
(2.98851 0.0476987 0)
(2.99115 0.0485192 0)
(2.99248 0.0497202 0)
(2.99336 0.0504475 0)
(2.99602 0.0503507 0)
(3.00042 0.0499012 0)
(3.0052 0.0497138 0)
(3.00998 0.049874 0)
(3.01457 0.0500497 0)
(3.0188 0.050123 0)
(3.02245 0.050305 0)
(3.02534 0.051359 0)
(3.02749 0.0532925 0)
(3.02916 0.0551897 0)
(3.0311 0.0561768 0)
(3.03399 0.0561879 0)
(3.03766 0.0563637 0)
(3.04171 0.0572887 0)
(3.04555 0.0583922 0)
(3.04887 0.0591918 0)
(3.0517 0.0595423 0)
(3.05432 0.0597099 0)
(3.05725 0.0606931 0)
(3.06076 0.063412 0)
(3.06394 0.0649859 0)
(3.0661 0.0650344 0)
(3.06942 0.0660897 0)
(2.17399 1.43784 0)
(2.24592 1.42738 0)
(2.32249 1.41252 0)
(2.39801 1.39513 0)
(2.47323 1.37064 0)
(2.54584 1.34379 0)
(2.6086 1.32495 0)
(2.67722 1.29537 0)
(2.7597 1.24687 0)
(2.82677 1.212 0)
(2.8773 1.20124 0)
(2.93664 1.16477 0)
(3.01225 1.09333 0)
(3.06616 1.04524 0)
(3.10493 1.03949 0)
(3.14657 1.0145 0)
(3.22016 0.953325 0)
(3.27854 0.877756 0)
(3.31682 0.853111 0)
(3.3445 0.854746 0)
(3.37768 0.816004 0)
(3.43998 0.734543 0)
(3.47484 0.662563 0)
(3.50345 0.653966 0)
(3.52439 0.657269 0)
(3.56584 0.614696 0)
(3.61848 0.535591 0)
(3.64196 0.472634 0)
(3.66466 0.468398 0)
(3.6779 0.474545 0)
(3.70713 0.428107 0)
(3.74617 0.344041 0)
(3.75615 0.283618 0)
(3.77434 0.283923 0)
(3.78872 0.294423 0)
(3.8199 0.260401 0)
(3.85639 0.193406 0)
(3.86441 0.134109 0)
(3.87687 0.120672 0)
(3.89024 0.126604 0)
(3.89371 0.101906 0)
(3.92032 0.0488765 0)
(3.92856 -0.0101509 0)
(3.93367 -0.0352095 0)
(3.95224 -0.0236975 0)
(3.96695 -0.0254464 0)
(3.99638 -0.0688871 0)
(4.00443 -0.130977 0)
(4.00052 -0.166572 0)
(4.00694 -0.172088 0)
(4.01333 -0.177513 0)
(4.02435 -0.211216 0)
(4.0381 -0.239177 0)
(4.04186 -0.279145 0)
(4.04481 -0.297818 0)
(4.06315 -0.29376 0)
(4.07997 -0.308125 0)
(4.08895 -0.35987 0)
(4.07642 -0.404097 0)
(4.06977 -0.414849 0)
(4.06833 -0.418912 0)
(4.08257 -0.440742 0)
(4.10071 -0.454723 0)
(4.10822 -0.476894 0)
(4.10775 -0.490728 0)
(4.11143 -0.500102 0)
(4.1187 -0.512653 0)
(4.1174 -0.529196 0)
(4.1092 -0.544731 0)
(4.11308 -0.553967 0)
(4.11549 -0.560288 0)
(4.12236 -0.562854 0)
(4.132 -0.562084 0)
(4.14282 -0.563544 0)
(4.14522 -0.567923 0)
(4.14343 -0.57057 0)
(4.13727 -0.572546 0)
(4.13232 -0.57345 0)
(4.13549 -0.571296 0)
(4.13841 -0.567538 0)
(4.14312 -0.560836 0)
(4.14674 -0.552331 0)
(4.14835 -0.549717 0)
(4.15205 -0.54572 0)
(4.15023 -0.538982 0)
(4.14157 -0.530017 0)
(4.13905 -0.524162 0)
(4.13683 -0.520126 0)
(4.13488 -0.51733 0)
(4.13234 -0.50305 0)
(4.12758 -0.480113 0)
(4.12431 -0.464329 0)
(4.11797 -0.444408 0)
(4.11153 -0.427629 0)
(4.10572 -0.422109 0)
(4.09302 -0.40353 0)
(4.07915 -0.367086 0)
(4.07612 -0.348724 0)
(4.07433 -0.336765 0)
(4.06406 -0.300598 0)
(4.05992 -0.270859 0)
(4.05944 -0.253012 0)
(4.0491 -0.220108 0)
(4.03902 -0.195508 0)
(4.0321 -0.193272 0)
(4.02271 -0.179597 0)
(4.00679 -0.141452 0)
(4.00418 -0.109185 0)
(4.00256 -0.104268 0)
(4.00568 -0.10319 0)
(4.00179 -0.0782925 0)
(3.999 -0.0503915 0)
(3.99607 -0.046573 0)
(3.98884 -0.0446778 0)
(3.97833 -0.0389577 0)
(3.97402 -0.0248922 0)
(3.97299 -0.0175046 0)
(3.97169 -0.0129969 0)
(3.9761 -0.00677357 0)
(3.98124 1.86256e-05 0)
(3.97818 0.00475774 0)
(3.97474 0.00739308 0)
(3.97167 0.00919463 0)
(3.96735 0.0124306 0)
(3.96481 0.0175829 0)
(3.96405 0.0198416 0)
(3.9636 0.022026 0)
(3.96602 0.0249717 0)
(3.96949 0.0296086 0)
(3.96983 0.0324374 0)
(3.96895 0.0339642 0)
(3.96699 0.0360852 0)
(3.96355 0.0378425 0)
(3.96027 0.0402721 0)
(3.95921 0.0434231 0)
(3.95976 0.0458962 0)
(3.96175 0.0487151 0)
(3.96345 0.050797 0)
(3.9638 0.0514936 0)
(3.96404 0.0528854 0)
(3.96318 0.055486 0)
(3.95973 0.0582365 0)
(3.95799 0.0592953 0)
(3.95927 0.0593605 0)
(3.95982 0.0596919 0)
(3.96159 0.0609634 0)
(3.96277 0.0617503 0)
(3.96442 0.0616413 0)
(3.96591 0.060653 0)
(3.96604 0.0591665 0)
(3.96408 0.0574648 0)
(3.96322 0.0564201 0)
(3.96427 0.0561957 0)
(3.96527 0.0560643 0)
(3.96639 0.0557414 0)
(3.96737 0.0551827 0)
(3.96831 0.0547949 0)
(3.96912 0.0543159 0)
(3.96932 0.0531638 0)
(3.9683 0.0515806 0)
(3.9676 0.0510367 0)
(3.96838 0.0515343 0)
(3.96944 0.0521483 0)
(3.97058 0.0526545 0)
(3.97167 0.0529481 0)
(3.9727 0.0534699 0)
(3.97369 0.0543137 0)
(3.97437 0.054803 0)
(3.97407 0.0545685 0)
(3.97303 0.0551083 0)
(3.97366 0.0569643 0)
(3.97512 0.0580281 0)
(3.9763 0.05943 0)
(3.97713 0.0611775 0)
(3.97811 0.0626566 0)
(3.97951 0.0636439 0)
(3.98058 0.0638282 0)
(3.98025 0.0635767 0)
(3.97956 0.0636931 0)
(3.98025 0.0641418 0)
(3.98079 0.0649354 0)
(3.98172 0.0651141 0)
(3.98264 0.0650399 0)
(3.98259 0.0638422 0)
(3.98088 0.0600287 0)
(3.97528 0.0498668 0)
(3.96246 0.0347596 0)
(3.92334 -0.0120993 0)
(3.85626 -0.101597 0)
(3.78342 -0.172077 0)
(3.61524 -0.357092 0)
(3.46671 -0.552161 0)
(3.38029 -0.605183 0)
(3.22478 -0.744743 0)
(3.09683 -0.920497 0)
(3.04128 -0.941887 0)
(3.01702 -0.938424 0)
(2.99141 -0.973414 0)
(2.96535 -1.01161 0)
(2.95458 -1.01271 0)
(2.95625 -1.00866 0)
(2.96273 -1.00502 0)
(2.96936 -1.00241 0)
(2.97639 -1.00083 0)
(2.98634 -0.999087 0)
(2.99295 -0.997721 0)
(2.9965 -0.993766 0)
(3.00574 -0.989511 0)
(3.00911 -0.983198 0)
(3.00505 -0.965871 0)
(2.9878 -0.937313 0)
(2.95147 -0.892361 0)
(2.89452 -0.821422 0)
(2.82934 -0.743818 0)
(2.75895 -0.647292 0)
(2.68458 -0.534885 0)
(2.62443 -0.456639 0)
(2.5743 -0.38242 0)
(2.52278 -0.298005 0)
(2.4885 -0.244589 0)
(2.47047 -0.21053 0)
(2.45212 -0.168376 0)
(2.43328 -0.133301 0)
(2.42774 -0.119909 0)
(2.42766 -0.107889 0)
(2.42916 -0.0949169 0)
(2.43013 -0.0930931 0)
(2.43409 -0.0922185 0)
(2.44167 -0.0883481 0)
(2.45018 -0.085175 0)
(2.45956 -0.0832417 0)
(2.46972 -0.0818244 0)
(2.48019 -0.0799765 0)
(2.48982 -0.0778286 0)
(2.49777 -0.0755353 0)
(2.50421 -0.0741505 0)
(2.51076 -0.0726521 0)
(2.51678 -0.0696832 0)
(2.52213 -0.065254 0)
(2.52716 -0.0601975 0)
(2.53306 -0.055592 0)
(2.53858 -0.0522544 0)
(2.54403 -0.050104 0)
(2.55011 -0.0471579 0)
(2.55631 -0.0435369 0)
(2.5617 -0.0400785 0)
(2.56628 -0.0365607 0)
(2.57122 -0.0332495 0)
(2.57694 -0.0305618 0)
(2.58318 -0.028138 0)
(2.58953 -0.0256961 0)
(2.59546 -0.0231532 0)
(2.60062 -0.0202377 0)
(2.60557 -0.0170697 0)
(2.61125 -0.0142406 0)
(2.61763 -0.0117643 0)
(2.62415 -0.00948599 0)
(2.63043 -0.00730919 0)
(2.6361 -0.00500319 0)
(2.64077 -0.00262358 0)
(2.64493 -2.81426e-05 0)
(2.65008 0.00257508 0)
(2.65592 0.00471426 0)
(2.66183 0.00672388 0)
(2.66751 0.00885159 0)
(2.67272 0.0107024 0)
(2.67723 0.0123936 0)
(2.6811 0.0144422 0)
(2.6855 0.0164417 0)
(2.69099 0.0180692 0)
(2.69702 0.0197375 0)
(2.70303 0.0216681 0)
(2.70868 0.023242 0)
(2.71367 0.024886 0)
(2.71792 0.0272812 0)
(2.72212 0.0289625 0)
(2.72714 0.0300059 0)
(2.73313 0.0315944 0)
(2.73918 0.0333216 0)
(2.74501 0.034281 0)
(2.75045 0.0351268 0)
(2.75509 0.0364147 0)
(2.75873 0.0374625 0)
(2.76196 0.0379981 0)
(2.7659 0.0386897 0)
(2.77086 0.0398212 0)
(2.77616 0.0407004 0)
(2.78149 0.0412278 0)
(2.78663 0.0421363 0)
(2.79115 0.0430816 0)
(2.79493 0.0430633 0)
(2.79826 0.0430858 0)
(2.80207 0.0444252 0)
(2.8065 0.0459906 0)
(2.81116 0.0467761 0)
(2.8157 0.0471813 0)
(2.82014 0.048042 0)
(2.82455 0.0491851 0)
(2.82892 0.0493411 0)
(2.83316 0.0486351 0)
(2.83721 0.0487479 0)
(2.84121 0.0503024 0)
(2.84491 0.051956 0)
(2.84829 0.0524259 0)
(2.85166 0.0524223 0)
(2.85597 0.0532537 0)
(2.86105 0.0542323 0)
(2.86633 0.0546464 0)
(2.87137 0.0548216 0)
(2.87586 0.0551814 0)
(2.87978 0.0560362 0)
(2.88313 0.0575008 0)
(2.88581 0.0592025 0)
(2.88845 0.0600879 0)
(2.89201 0.0601129 0)
(2.89647 0.0602028 0)
(2.90152 0.061078 0)
(2.90665 0.0623575 0)
(2.91137 0.0631491 0)
(2.91548 0.0638153 0)
(2.91915 0.0646171 0)
(2.92264 0.064991 0)
(2.92596 0.0654529 0)
(2.92922 0.066833 0)
(2.93246 0.0681642 0)
(2.93611 0.0679023 0)
(2.93998 0.066744 0)
(2.94364 0.0665966 0)
(2.94725 0.0681952 0)
(2.95063 0.0697527 0)
(2.95459 0.0692779 0)
(2.95861 0.0678255 0)
(2.96218 0.0674785 0)
(2.96516 0.0686528 0)
(2.967 0.0698663 0)
(2.9684 0.0696292 0)
(2.97144 0.0688773 0)
(2.97584 0.0688333 0)
(2.98054 0.0691526 0)
(2.98517 0.0691308 0)
(2.98956 0.068297 0)
(2.99318 0.0672376 0)
(2.99569 0.0673816 0)
(2.99683 0.0687242 0)
(2.99764 0.0694622 0)
(3.00072 0.0687719 0)
(3.00514 0.0679406 0)
(3.00983 0.0674889 0)
(3.0145 0.0673749 0)
(3.01876 0.0673519 0)
(3.02208 0.0672531 0)
(3.024 0.0674605 0)
(3.02502 0.0683863 0)
(3.02708 0.069328 0)
(3.03112 0.0693107 0)
(3.03602 0.0686475 0)
(3.04087 0.0679117 0)
(3.04555 0.0676329 0)
(3.04989 0.0680726 0)
(3.0533 0.0688259 0)
(3.05522 0.0694035 0)
(3.05584 0.0697107 0)
(3.0571 0.0699756 0)
(3.06053 0.0705948 0)
(3.06501 0.0712021 0)
(3.06967 0.0713058 0)
(3.07431 0.0708894 0)
(3.0787 0.0703406 0)
(3.08272 0.070424 0)
(3.0862 0.0715576 0)
(3.08872 0.0732842 0)
(3.09018 0.0744157 0)
(3.0913 0.0742088 0)
(3.09317 0.0738933 0)
(3.09634 0.0747075 0)
(3.10015 0.0760207 0)
(3.10394 0.0768522 0)
(3.10753 0.0768923 0)
(3.11082 0.0760829 0)
(3.11366 0.0750901 0)
(3.11666 0.0764788 0)
(3.1195 0.0790904 0)
(3.12119 0.0799046 0)
(3.12399 0.0805464 0)
(2.19077 1.42786 0)
(2.24788 1.41952 0)
(2.30667 1.4084 0)
(2.3696 1.39252 0)
(2.4309 1.37614 0)
(2.48828 1.35937 0)
(2.54959 1.33408 0)
(2.6094 1.30896 0)
(2.66138 1.29212 0)
(2.71932 1.26645 0)
(2.78561 1.22466 0)
(2.83976 1.19145 0)
(2.87967 1.17961 0)
(2.92168 1.15334 0)
(2.98669 1.10172 0)
(3.04087 1.05188 0)
(3.07996 1.0425 0)
(3.11331 1.03143 0)
(3.16743 0.982015 0)
(3.21782 0.913372 0)
(3.25011 0.883533 0)
(3.27444 0.882096 0)
(3.30237 0.8556 0)
(3.35943 0.800975 0)
(3.40064 0.737836 0)
(3.4292 0.717849 0)
(3.45234 0.722984 0)
(3.475 0.694973 0)
(3.51991 0.624421 0)
(3.5434 0.56219 0)
(3.56402 0.552683 0)
(3.57979 0.557083 0)
(3.60867 0.525441 0)
(3.65184 0.465929 0)
(3.67101 0.410576 0)
(3.68924 0.400856 0)
(3.70364 0.409892 0)
(3.71773 0.382021 0)
(3.75021 0.315372 0)
(3.75981 0.258472 0)
(3.77308 0.248987 0)
(3.78667 0.261278 0)
(3.80573 0.243633 0)
(3.83943 0.194405 0)
(3.85021 0.13967 0)
(3.85811 0.120634 0)
(3.87099 0.127558 0)
(3.87304 0.122247 0)
(3.89187 0.0777591 0)
(3.90434 0.0244245 0)
(3.90627 -0.00448319 0)
(3.92177 0.00221098 0)
(3.93336 0.012595 0)
(3.95601 -0.0131312 0)
(3.97041 -0.0645968 0)
(3.96826 -0.102267 0)
(3.97221 -0.106756 0)
(3.97555 -0.101278 0)
(3.97708 -0.119468 0)
(3.99697 -0.147553 0)
(4.00373 -0.18552 0)
(4.00586 -0.203629 0)
(4.01982 -0.193952 0)
(4.02874 -0.184504 0)
(4.04116 -0.214622 0)
(4.03953 -0.261643 0)
(4.03267 -0.286125 0)
(4.03417 -0.282788 0)
(4.03438 -0.279088 0)
(4.05166 -0.293471 0)
(4.06748 -0.313749 0)
(4.07094 -0.335575 0)
(4.0745 -0.344568 0)
(4.08192 -0.346233 0)
(4.08369 -0.350697 0)
(4.06945 -0.364308 0)
(4.07076 -0.385429 0)
(4.07454 -0.40078 0)
(4.08089 -0.404529 0)
(4.09118 -0.405893 0)
(4.10531 -0.409152 0)
(4.11247 -0.41725 0)
(4.11329 -0.426131 0)
(4.10806 -0.43997 0)
(4.09965 -0.452436 0)
(4.10217 -0.453279 0)
(4.10634 -0.453041 0)
(4.10865 -0.453033 0)
(4.11214 -0.458448 0)
(4.11781 -0.469739 0)
(4.12213 -0.47293 0)
(4.12212 -0.472131 0)
(4.11945 -0.470432 0)
(4.11459 -0.471156 0)
(4.11302 -0.472537 0)
(4.11239 -0.473595 0)
(4.11232 -0.473485 0)
(4.11507 -0.472289 0)
(4.12201 -0.470016 0)
(4.12178 -0.460235 0)
(4.11764 -0.451183 0)
(4.11306 -0.443684 0)
(4.10762 -0.436581 0)
(4.10245 -0.429698 0)
(4.09334 -0.411784 0)
(4.08541 -0.385632 0)
(4.08324 -0.372791 0)
(4.08287 -0.350983 0)
(4.0762 -0.305854 0)
(4.07287 -0.285547 0)
(4.07227 -0.281763 0)
(4.05245 -0.247111 0)
(4.04297 -0.210214 0)
(4.04101 -0.205315 0)
(4.02669 -0.179217 0)
(4.01575 -0.135253 0)
(4.01674 -0.128086 0)
(4.01533 -0.110697 0)
(4.00993 -0.0786624 0)
(4.00928 -0.0624065 0)
(3.99792 -0.0404535 0)
(3.99054 -0.0306586 0)
(3.98728 -0.0313977 0)
(3.97734 -0.0184133 0)
(3.97307 0.00556588 0)
(3.97377 0.0165756 0)
(3.97326 0.0233586 0)
(3.97499 0.0336202 0)
(3.97359 0.0382505 0)
(3.97193 0.0434723 0)
(3.96762 0.0489267 0)
(3.96263 0.0533358 0)
(3.96012 0.0574322 0)
(3.95858 0.0574049 0)
(3.95847 0.0588567 0)
(3.96081 0.0666834 0)
(3.96176 0.0717164 0)
(3.96043 0.071964 0)
(3.95966 0.0721922 0)
(3.958 0.0725253 0)
(3.95553 0.0702678 0)
(3.95438 0.0674702 0)
(3.95375 0.0649323 0)
(3.95504 0.0646124 0)
(3.95811 0.0658575 0)
(3.9589 0.066234 0)
(3.95871 0.06618 0)
(3.9578 0.0659091 0)
(3.95558 0.0647832 0)
(3.95425 0.0631572 0)
(3.95425 0.0626085 0)
(3.95507 0.0624819 0)
(3.95765 0.0630875 0)
(3.96009 0.0638038 0)
(3.96076 0.0639359 0)
(3.96161 0.0639461 0)
(3.96178 0.0639258 0)
(3.96071 0.063988 0)
(3.96002 0.0639712 0)
(3.96118 0.0644057 0)
(3.96247 0.0649322 0)
(3.96423 0.0656436 0)
(3.96655 0.0669885 0)
(3.9685 0.0686481 0)
(3.97013 0.0694852 0)
(3.97126 0.0697151 0)
(3.97109 0.071439 0)
(3.97032 0.0731572 0)
(3.97105 0.0727696 0)
(3.97253 0.0725601 0)
(3.9747 0.0733125 0)
(3.97659 0.0742127 0)
(3.97812 0.0748157 0)
(3.97926 0.0748243 0)
(3.97891 0.0740427 0)
(3.97705 0.0735621 0)
(3.97626 0.074007 0)
(3.97652 0.0743554 0)
(3.9769 0.0744741 0)
(3.97751 0.0741205 0)
(3.97655 0.071169 0)
(3.96922 0.05908 0)
(3.95283 0.0347241 0)
(3.92041 0.00157579 0)
(3.83198 -0.105259 0)
(3.737 -0.214936 0)
(3.63533 -0.31119 0)
(3.4236 -0.545693 0)
(3.30344 -0.693476 0)
(3.22932 -0.729477 0)
(3.09952 -0.839816 0)
(3.01501 -0.97055 0)
(2.97538 -0.974009 0)
(2.9705 -0.964236 0)
(2.96571 -0.986001 0)
(2.95489 -1.00322 0)
(2.94676 -1.00496 0)
(2.94654 -1.00236 0)
(2.95193 -1.0003 0)
(2.95949 -0.998841 0)
(2.97 -0.995671 0)
(2.98284 -0.992329 0)
(2.99464 -0.987945 0)
(3.00164 -0.985445 0)
(3.00402 -0.983007 0)
(3.01009 -0.979396 0)
(3.02121 -0.977711 0)
(3.03258 -0.973957 0)
(3.04219 -0.971235 0)
(3.04904 -0.969957 0)
(3.05434 -0.969431 0)
(3.05736 -0.967014 0)
(3.05843 -0.958272 0)
(3.05903 -0.947479 0)
(3.05327 -0.931931 0)
(3.0336 -0.897134 0)
(3.00017 -0.844327 0)
(2.95335 -0.782453 0)
(2.89143 -0.693136 0)
(2.8328 -0.606354 0)
(2.77767 -0.523367 0)
(2.71341 -0.416924 0)
(2.65952 -0.330322 0)
(2.61971 -0.282316 0)
(2.58118 -0.220707 0)
(2.54498 -0.15898 0)
(2.52847 -0.142317 0)
(2.52371 -0.127891 0)
(2.51628 -0.106047 0)
(2.51103 -0.0871325 0)
(2.50866 -0.0810107 0)
(2.51006 -0.0774277 0)
(2.51447 -0.0723406 0)
(2.5199 -0.0688543 0)
(2.52943 -0.0666263 0)
(2.54046 -0.0634056 0)
(2.54903 -0.060048 0)
(2.55619 -0.0555582 0)
(2.5634 -0.0515233 0)
(2.56768 -0.0488388 0)
(2.57126 -0.04541 0)
(2.57499 -0.0414381 0)
(2.57929 -0.0372028 0)
(2.58496 -0.0330106 0)
(2.59119 -0.0291209 0)
(2.59598 -0.0252741 0)
(2.59919 -0.021866 0)
(2.60174 -0.0182796 0)
(2.60483 -0.0145645 0)
(2.61029 -0.0113256 0)
(2.61692 -0.00854163 0)
(2.62329 -0.0057323 0)
(2.62908 -0.00285994 0)
(2.63447 0.000228445 0)
(2.63964 0.00335762 0)
(2.64488 0.00626072 0)
(2.65033 0.00878752 0)
(2.6558 0.011079 0)
(2.66101 0.0133241 0)
(2.66599 0.015408 0)
(2.67124 0.017461 0)
(2.6769 0.0194343 0)
(2.68269 0.0211922 0)
(2.68846 0.0229029 0)
(2.69397 0.0246235 0)
(2.69887 0.026163 0)
(2.70287 0.0276334 0)
(2.70777 0.0292176 0)
(2.71412 0.0305631 0)
(2.72066 0.0319124 0)
(2.72713 0.0334991 0)
(2.73336 0.0351952 0)
(2.73908 0.0366815 0)
(2.74372 0.0381151 0)
(2.74761 0.0400615 0)
(2.75264 0.0415742 0)
(2.7587 0.0427505 0)
(2.76504 0.0441765 0)
(2.77114 0.0456806 0)
(2.77688 0.046766 0)
(2.7821 0.0480384 0)
(2.7865 0.049756 0)
(2.7902 0.0507604 0)
(2.79409 0.0511757 0)
(2.79898 0.0521254 0)
(2.80444 0.0534052 0)
(2.80987 0.0543189 0)
(2.81502 0.0547764 0)
(2.81958 0.0557171 0)
(2.82336 0.0572243 0)
(2.82687 0.0579991 0)
(2.83101 0.0584232 0)
(2.83613 0.0594157 0)
(2.84164 0.0606794 0)
(2.84697 0.0619931 0)
(2.85163 0.063188 0)
(2.85541 0.0641418 0)
(2.85901 0.065073 0)
(2.86326 0.0658927 0)
(2.86805 0.0663149 0)
(2.873 0.0667191 0)
(2.87788 0.0673729 0)
(2.88235 0.0682529 0)
(2.8858 0.0696772 0)
(2.88834 0.0714181 0)
(2.89156 0.0724161 0)
(2.89625 0.0729741 0)
(2.90169 0.0739445 0)
(2.90708 0.0753551 0)
(2.91207 0.0764582 0)
(2.91664 0.0767389 0)
(2.92041 0.0772633 0)
(2.92297 0.0792257 0)
(2.92436 0.0815269 0)
(2.92694 0.0820233 0)
(2.93185 0.0812786 0)
(2.93734 0.0810767 0)
(2.94311 0.0816664 0)
(2.94856 0.0825251 0)
(2.95344 0.0826843 0)
(2.95758 0.081902 0)
(2.96058 0.0815304 0)
(2.96274 0.0828997 0)
(2.96516 0.0845585 0)
(2.96907 0.0843226 0)
(2.97387 0.0829404 0)
(2.97829 0.0819573 0)
(2.98238 0.0825962 0)
(2.98587 0.0842987 0)
(2.98887 0.0847771 0)
(2.99215 0.083291 0)
(2.9955 0.0819038 0)
(2.99907 0.0819541 0)
(3.00274 0.0829405 0)
(3.00586 0.0835997 0)
(3.00773 0.0832734 0)
(3.00899 0.0826828 0)
(3.01194 0.0828819 0)
(3.01637 0.0835074 0)
(3.02106 0.0837982 0)
(3.02577 0.0835322 0)
(3.03005 0.0830272 0)
(3.03367 0.0832169 0)
(3.03625 0.0844307 0)
(3.03726 0.0858624 0)
(3.03795 0.0863583 0)
(3.041 0.0859401 0)
(3.04546 0.0855531 0)
(3.0503 0.0855038 0)
(3.05522 0.0856577 0)
(3.05981 0.0856954 0)
(3.06359 0.0854889 0)
(3.06608 0.0856065 0)
(3.06754 0.0866192 0)
(3.06954 0.0877383 0)
(3.07352 0.0877789 0)
(3.07851 0.0871449 0)
(3.08348 0.0865229 0)
(3.08836 0.0864144 0)
(3.09299 0.0870011 0)
(3.09678 0.0878757 0)
(3.09921 0.0884068 0)
(3.10027 0.0885547 0)
(3.10127 0.0893376 0)
(3.10414 0.0908521 0)
(3.1082 0.0917606 0)
(3.11284 0.0915732 0)
(3.11755 0.0906536 0)
(3.12185 0.0898299 0)
(3.12593 0.0901751 0)
(3.12957 0.0915759 0)
(3.13218 0.0928978 0)
(3.13349 0.0930931 0)
(3.13392 0.0929595 0)
(3.13526 0.0943869 0)
(3.13853 0.0966043 0)
(3.14239 0.0979915 0)
(3.14646 0.0982231 0)
(3.1504 0.0973512 0)
(3.15359 0.0959128 0)
(3.15638 0.0965878 0)
(3.15901 0.0996275 0)
(3.16061 0.100672 0)
(3.16346 0.100901 0)
(2.21271 1.42831 0)
(2.26111 1.41968 0)
(2.30987 1.40921 0)
(2.35906 1.39839 0)
(2.40906 1.38538 0)
(2.46222 1.36788 0)
(2.51247 1.3525 0)
(2.55939 1.33734 0)
(2.61293 1.31234 0)
(2.66604 1.28698 0)
(2.7098 1.2731 0)
(2.75597 1.25182 0)
(2.81149 1.21375 0)
(2.85801 1.18278 0)
(2.89327 1.1729 0)
(2.93072 1.15229 0)
(2.98648 1.11057 0)
(3.03498 1.06475 0)
(3.06955 1.04901 0)
(3.0943 1.0421 0)
(3.13179 1.00639 0)
(3.18252 0.948761 0)
(3.21616 0.913985 0)
(3.24384 0.914199 0)
(3.27105 0.899851 0)
(3.31796 0.850826 0)
(3.35375 0.792615 0)
(3.37707 0.76989 0)
(3.3941 0.769695 0)
(3.41021 0.745982 0)
(3.45521 0.698197 0)
(3.48665 0.643204 0)
(3.50909 0.6259 0)
(3.52999 0.633367 0)
(3.55069 0.61408 0)
(3.58572 0.553654 0)
(3.60225 0.498306 0)
(3.61636 0.487105 0)
(3.62725 0.49153 0)
(3.6451 0.46708 0)
(3.68263 0.423573 0)
(3.70172 0.3744 0)
(3.71679 0.357765 0)
(3.73327 0.3663 0)
(3.74168 0.356057 0)
(3.7657 0.302325 0)
(3.77549 0.247492 0)
(3.78396 0.229805 0)
(3.79618 0.238957 0)
(3.80803 0.231017 0)
(3.83841 0.197466 0)
(3.8543 0.150996 0)
(3.86047 0.125806 0)
(3.87327 0.125321 0)
(3.87912 0.127194 0)
(3.88429 0.0963571 0)
(3.90036 0.0503407 0)
(3.90232 0.0169191 0)
(3.91435 0.013698 0)
(3.9269 0.0238913 0)
(3.94517 0.00969109 0)
(3.96503 -0.0294312 0)
(3.96706 -0.0680329 0)
(3.96981 -0.0816568 0)
(3.97609 -0.081813 0)
(3.97674 -0.0962684 0)
(3.98798 -0.123127 0)
(4.0002 -0.150167 0)
(4.00199 -0.174374 0)
(4.01512 -0.176555 0)
(4.02798 -0.170291 0)
(4.0434 -0.191968 0)
(4.0483 -0.234508 0)
(4.04341 -0.262041 0)
(4.04241 -0.268804 0)
(4.03978 -0.276648 0)
(4.05285 -0.293926 0)
(4.06931 -0.307762 0)
(4.07758 -0.326969 0)
(4.08189 -0.342045 0)
(4.08893 -0.352144 0)
(4.09722 -0.361893 0)
(4.09534 -0.374064 0)
(4.08778 -0.401331 0)
(4.08808 -0.425168 0)
(4.09156 -0.429733 0)
(4.09781 -0.428365 0)
(4.10948 -0.43431 0)
(4.12256 -0.446169 0)
(4.12724 -0.456571 0)
(4.12827 -0.462154 0)
(4.12554 -0.467692 0)
(4.11661 -0.476054 0)
(4.11811 -0.483137 0)
(4.12628 -0.484235 0)
(4.13144 -0.484481 0)
(4.13532 -0.483905 0)
(4.13919 -0.481427 0)
(4.14193 -0.478481 0)
(4.14497 -0.474739 0)
(4.14356 -0.473917 0)
(4.13731 -0.473606 0)
(4.1375 -0.472583 0)
(4.13872 -0.471908 0)
(4.14247 -0.469035 0)
(4.14678 -0.461881 0)
(4.14954 -0.454452 0)
(4.14966 -0.446923 0)
(4.14493 -0.439498 0)
(4.13717 -0.432234 0)
(4.1338 -0.430086 0)
(4.12843 -0.427019 0)
(4.12342 -0.418711 0)
(4.12098 -0.404212 0)
(4.11811 -0.38295 0)
(4.11384 -0.360759 0)
(4.10914 -0.347287 0)
(4.10054 -0.332112 0)
(4.08966 -0.312088 0)
(4.07794 -0.288083 0)
(4.06668 -0.258001 0)
(4.05953 -0.241483 0)
(4.05558 -0.239984 0)
(4.0444 -0.211923 0)
(4.0344 -0.158009 0)
(4.03463 -0.135654 0)
(4.03729 -0.139216 0)
(4.02685 -0.121624 0)
(4.01089 -0.0883769 0)
(4.00765 -0.0750755 0)
(4.00243 -0.0770615 0)
(3.98966 -0.0571661 0)
(3.98868 -0.0344135 0)
(3.99217 -0.0321405 0)
(3.99862 -0.0260284 0)
(3.99539 -0.00426824 0)
(3.99371 0.00220046 0)
(3.98985 0.00455275 0)
(3.98309 0.00614634 0)
(3.97857 0.0125934 0)
(3.97652 0.0186919 0)
(3.97416 0.022902 0)
(3.97572 0.0278583 0)
(3.98066 0.0336336 0)
(3.98213 0.0385161 0)
(3.97908 0.04044 0)
(3.97724 0.0420401 0)
(3.97401 0.0453585 0)
(3.96998 0.0505322 0)
(3.96792 0.0535823 0)
(3.96759 0.0553135 0)
(3.96828 0.05784 0)
(3.9702 0.062383 0)
(3.97074 0.065935 0)
(3.97038 0.0674314 0)
(3.96966 0.0693691 0)
(3.96745 0.0712533 0)
(3.9639 0.0751587 0)
(3.96439 0.0803628 0)
(3.96488 0.0814332 0)
(3.96543 0.0814835 0)
(3.96756 0.0825206 0)
(3.96918 0.0848131 0)
(3.96982 0.0863733 0)
(3.96982 0.086413 0)
(3.96824 0.0853181 0)
(3.96712 0.0847606 0)
(3.96747 0.0847939 0)
(3.96841 0.0850034 0)
(3.97041 0.0856015 0)
(3.97116 0.0857856 0)
(3.97197 0.0857711 0)
(3.97302 0.085327 0)
(3.97388 0.0847863 0)
(3.97323 0.0834272 0)
(3.97155 0.0809506 0)
(3.96924 0.0782115 0)
(3.96133 0.0690511 0)
(3.93815 0.0352099 0)
(3.90244 -0.00979059 0)
(3.83479 -0.0810849 0)
(3.69257 -0.259106 0)
(3.58907 -0.35866 0)
(3.45972 -0.478744 0)
(3.25774 -0.707713 0)
(3.16196 -0.810485 0)
(3.10416 -0.834351 0)
(3.02434 -0.91145 0)
(2.9732 -0.991927 0)
(2.94656 -0.987723 0)
(2.94307 -0.98021 0)
(2.94598 -0.992141 0)
(2.94681 -1.00353 0)
(2.94859 -1.00378 0)
(2.95272 -1.00214 0)
(2.95769 -0.999417 0)
(2.96264 -0.997387 0)
(2.97077 -0.995388 0)
(2.98381 -0.991683 0)
(2.9976 -0.984472 0)
(3.00811 -0.978769 0)
(3.01641 -0.977724 0)
(3.02339 -0.976874 0)
(3.02968 -0.972586 0)
(3.03709 -0.96829 0)
(3.04533 -0.966232 0)
(3.05387 -0.964232 0)
(3.06188 -0.962927 0)
(3.06947 -0.961837 0)
(3.07576 -0.959203 0)
(3.08009 -0.956968 0)
(3.08422 -0.955944 0)
(3.09155 -0.954542 0)
(3.10022 -0.951923 0)
(3.10892 -0.948051 0)
(3.11661 -0.94338 0)
(3.1226 -0.940337 0)
(3.12215 -0.932109 0)
(3.12002 -0.920087 0)
(3.11129 -0.902477 0)
(3.09085 -0.869486 0)
(3.06376 -0.82806 0)
(3.02025 -0.761082 0)
(2.96705 -0.683534 0)
(2.90983 -0.601732 0)
(2.83498 -0.487103 0)
(2.77786 -0.406025 0)
(2.7302 -0.330711 0)
(2.6745 -0.235032 0)
(2.63995 -0.180998 0)
(2.62484 -0.15431 0)
(2.60467 -0.113531 0)
(2.58514 -0.0755106 0)
(2.58072 -0.0618783 0)
(2.57968 -0.05396 0)
(2.57787 -0.0446976 0)
(2.58065 -0.0390605 0)
(2.58594 -0.0355209 0)
(2.59049 -0.0336412 0)
(2.59674 -0.0321796 0)
(2.60338 -0.0299159 0)
(2.60903 -0.0267903 0)
(2.61265 -0.0220067 0)
(2.61727 -0.0191587 0)
(2.62172 -0.0185252 0)
(2.62707 -0.0168692 0)
(2.63193 -0.0146044 0)
(2.63761 -0.0118002 0)
(2.64289 -0.00745267 0)
(2.64613 -0.00215276 0)
(2.64991 0.00247053 0)
(2.65553 0.00539882 0)
(2.66122 0.00804298 0)
(2.66673 0.0103932 0)
(2.67251 0.0131977 0)
(2.67784 0.016379 0)
(2.68244 0.0191194 0)
(2.68624 0.0219014 0)
(2.68985 0.0247865 0)
(2.69438 0.0269133 0)
(2.69972 0.0284348 0)
(2.70538 0.0297745 0)
(2.71115 0.0311469 0)
(2.71698 0.032672 0)
(2.72251 0.0341944 0)
(2.72742 0.0355783 0)
(2.73169 0.0373701 0)
(2.73631 0.0399824 0)
(2.74168 0.0421931 0)
(2.74764 0.0438615 0)
(2.75383 0.0454933 0)
(2.75977 0.0471258 0)
(2.76513 0.0484638 0)
(2.76955 0.0501527 0)
(2.77322 0.0529375 0)
(2.77704 0.0550696 0)
(2.78178 0.0565406 0)
(2.78716 0.0582435 0)
(2.7925 0.0597629 0)
(2.79767 0.0606261 0)
(2.80241 0.0614783 0)
(2.80653 0.0628537 0)
(2.81038 0.0640239 0)
(2.81461 0.0649511 0)
(2.81945 0.0662588 0)
(2.82445 0.0677986 0)
(2.82923 0.0690801 0)
(2.83358 0.0700129 0)
(2.83708 0.0713108 0)
(2.83981 0.0730605 0)
(2.84315 0.0744902 0)
(2.84803 0.0758964 0)
(2.85351 0.0773966 0)
(2.85894 0.078855 0)
(2.86416 0.0805853 0)
(2.86861 0.0827268 0)
(2.87165 0.0845006 0)
(2.87355 0.085589 0)
(2.87688 0.0866854 0)
(2.88253 0.087888 0)
(2.8885 0.0888455 0)
(2.89424 0.0891485 0)
(2.89965 0.0895398 0)
(2.90423 0.0907532 0)
(2.90725 0.0929169 0)
(2.90837 0.0942248 0)
(2.91112 0.0944659 0)
(2.91721 0.0947322 0)
(2.9237 0.0951919 0)
(2.92993 0.0958501 0)
(2.9359 0.0958191 0)
(2.94126 0.0954695 0)
(2.9455 0.0960158 0)
(2.94767 0.097685 0)
(2.94868 0.0987285 0)
(2.95252 0.0980485 0)
(2.95759 0.0976089 0)
(2.96312 0.097998 0)
(2.96855 0.0987008 0)
(2.9736 0.0988905 0)
(2.97792 0.0983076 0)
(2.98077 0.0979481 0)
(2.98215 0.0987995 0)
(2.98434 0.0998182 0)
(2.9885 0.100009 0)
(2.9932 0.0998674 0)
(2.99767 0.0999216 0)
(3.00176 0.100498 0)
(3.00522 0.101352 0)
(3.00775 0.101689 0)
(3.00986 0.101199 0)
(3.0128 0.100679 0)
(3.01667 0.100676 0)
(3.02096 0.100982 0)
(3.02509 0.101286 0)
(3.02818 0.101512 0)
(3.02934 0.101646 0)
(3.0301 0.101709 0)
(3.03352 0.102112 0)
(3.03836 0.102672 0)
(3.04335 0.103045 0)
(3.04819 0.103177 0)
(3.05274 0.103288 0)
(3.05683 0.103676 0)
(3.05977 0.10451 0)
(3.06056 0.105618 0)
(3.0612 0.105973 0)
(3.06527 0.105382 0)
(3.07031 0.105042 0)
(3.0756 0.105141 0)
(3.08075 0.10539 0)
(3.08546 0.105245 0)
(3.08952 0.104705 0)
(3.09243 0.104903 0)
(3.09403 0.106763 0)
(3.09556 0.10896 0)
(3.09913 0.109658 0)
(3.10401 0.109574 0)
(3.10906 0.109798 0)
(3.1142 0.11043 0)
(3.11891 0.111306 0)
(3.12281 0.111758 0)
(3.1255 0.111387 0)
(3.12669 0.111638 0)
(3.12731 0.113881 0)
(3.129 0.116297 0)
(3.13214 0.11718 0)
(3.13704 0.116954 0)
(3.14197 0.116474 0)
(3.14681 0.116302 0)
(3.15167 0.116724 0)
(3.15592 0.117534 0)
(3.15879 0.117701 0)
(3.1596 0.116901 0)
(3.15938 0.117285 0)
(3.16115 0.11911 0)
(3.16498 0.120241 0)
(3.1695 0.120432 0)
(3.174 0.120051 0)
(3.17811 0.118725 0)
(3.18154 0.117851 0)
(3.18468 0.118831 0)
(3.18679 0.118809 0)
(3.19003 0.118863 0)
(2.23582 1.44175 0)
(2.27659 1.43295 0)
(2.31804 1.42331 0)
(2.3601 1.4122 0)
(2.40352 1.39955 0)
(2.44613 1.38753 0)
(2.48922 1.37374 0)
(2.53381 1.35648 0)
(2.57601 1.34183 0)
(2.61619 1.32773 0)
(2.66282 1.3046 0)
(2.70975 1.27927 0)
(2.74778 1.26626 0)
(2.78509 1.24983 0)
(2.83342 1.2167 0)
(2.87716 1.18491 0)
(2.9099 1.17483 0)
(2.94103 1.15999 0)
(2.98775 1.12408 0)
(3.03083 1.0814 0)
(3.06161 1.06505 0)
(3.08484 1.05995 0)
(3.11742 1.03282 0)
(3.16497 0.98666 0)
(3.19915 0.948693 0)
(3.22495 0.942839 0)
(3.24348 0.936142 0)
(3.27865 0.896751 0)
(3.31504 0.841423 0)
(3.33786 0.816972 0)
(3.3583 0.820032 0)
(3.38012 0.805549 0)
(3.42064 0.762376 0)
(3.44985 0.712236 0)
(3.46926 0.69148 0)
(3.48446 0.692557 0)
(3.49231 0.67579 0)
(3.52667 0.631621 0)
(3.55121 0.581345 0)
(3.56853 0.565138 0)
(3.58713 0.57341 0)
(3.60688 0.561281 0)
(3.63835 0.513301 0)
(3.65312 0.462918 0)
(3.66317 0.447342 0)
(3.67185 0.451125 0)
(3.67784 0.43443 0)
(3.70798 0.401235 0)
(3.72868 0.358239 0)
(3.74029 0.334912 0)
(3.75779 0.340838 0)
(3.76918 0.343379 0)
(3.78762 0.305163 0)
(3.79736 0.251523 0)
(3.80089 0.226617 0)
(3.80955 0.231339 0)
(3.81579 0.230394 0)
(3.84017 0.207184 0)
(3.86138 0.171832 0)
(3.8684 0.14239 0)
(3.87927 0.134886 0)
(3.88993 0.140058 0)
(3.88872 0.129498 0)
(3.90088 0.0873161 0)
(3.90466 0.0498487 0)
(3.91074 0.0378959 0)
(3.92216 0.0468258 0)
(3.93411 0.0450773 0)
(3.95779 0.021028 0)
(3.96763 -0.0150886 0)
(3.96927 -0.0350544 0)
(3.9726 -0.0369826 0)
(3.97134 -0.0400841 0)
(3.96997 -0.0609642 0)
(3.98634 -0.0805551 0)
(3.99406 -0.107168 0)
(3.99943 -0.119791 0)
(4.0125 -0.113671 0)
(4.02345 -0.109767 0)
(4.03591 -0.132426 0)
(4.03581 -0.169039 0)
(4.03005 -0.188115 0)
(4.02711 -0.188502 0)
(4.02494 -0.193768 0)
(4.04145 -0.204738 0)
(4.05641 -0.217513 0)
(4.06411 -0.233244 0)
(4.07025 -0.243912 0)
(4.07693 -0.249433 0)
(4.07991 -0.252362 0)
(4.06815 -0.260031 0)
(4.0646 -0.282227 0)
(4.07178 -0.301267 0)
(4.07561 -0.309593 0)
(4.08436 -0.309069 0)
(4.09478 -0.309469 0)
(4.10707 -0.31615 0)
(4.11344 -0.326127 0)
(4.11229 -0.336056 0)
(4.10175 -0.348295 0)
(4.09366 -0.357989 0)
(4.10182 -0.360109 0)
(4.10781 -0.361308 0)
(4.114 -0.365229 0)
(4.12348 -0.372383 0)
(4.12778 -0.378716 0)
(4.13183 -0.384592 0)
(4.1332 -0.388722 0)
(4.12888 -0.392463 0)
(4.12434 -0.395317 0)
(4.12446 -0.396929 0)
(4.12514 -0.398455 0)
(4.1275 -0.401199 0)
(4.13309 -0.402092 0)
(4.14062 -0.401961 0)
(4.14266 -0.402338 0)
(4.14182 -0.402516 0)
(4.13778 -0.402297 0)
(4.13209 -0.400254 0)
(4.13024 -0.398754 0)
(4.12771 -0.396346 0)
(4.12594 -0.394643 0)
(4.12606 -0.385473 0)
(4.12769 -0.370954 0)
(4.12927 -0.357382 0)
(4.12385 -0.339494 0)
(4.11833 -0.326719 0)
(4.11245 -0.322178 0)
(4.09928 -0.302624 0)
(4.08755 -0.267666 0)
(4.08383 -0.255355 0)
(4.07914 -0.242158 0)
(4.06713 -0.194628 0)
(4.06748 -0.167679 0)
(4.07225 -0.161295 0)
(4.0546 -0.129656 0)
(4.04399 -0.100241 0)
(4.03981 -0.0981363 0)
(4.02956 -0.0847271 0)
(4.01276 -0.0491428 0)
(4.01085 -0.0238313 0)
(4.01032 -0.0175654 0)
(4.01556 -0.00332788 0)
(4.01147 0.0226353 0)
(4.01111 0.0313755 0)
(4.00496 0.0377576 0)
(3.9949 0.0443546 0)
(3.98902 0.0565528 0)
(3.98729 0.0664656 0)
(3.98343 0.0689071 0)
(3.98223 0.0754233 0)
(3.9869 0.0841983 0)
(3.98961 0.0906001 0)
(3.98594 0.0949804 0)
(3.98331 0.098462 0)
(3.97889 0.100688 0)
(3.9754 0.0982555 0)
(3.97388 0.0961309 0)
(3.97194 0.0958841 0)
(3.9732 0.0972837 0)
(3.97759 0.0979993 0)
(3.97743 0.0960924 0)
(3.97638 0.0959461 0)
(3.975 0.0961636 0)
(3.97219 0.0947344 0)
(3.97082 0.0903806 0)
(3.97131 0.0889839 0)
(3.97253 0.0900648 0)
(3.97549 0.0912511 0)
(3.97833 0.090788 0)
(3.97919 0.0905776 0)
(3.97775 0.0890846 0)
(3.97407 0.0837584 0)
(3.96436 0.0730559 0)
(3.93788 0.0465477 0)
(3.88443 -0.021152 0)
(3.81336 -0.0893096 0)
(3.68935 -0.222597 0)
(3.52488 -0.437619 0)
(3.4242 -0.516767 0)
(3.29207 -0.637754 0)
(3.1283 -0.828906 0)
(3.0575 -0.886837 0)
(3.01711 -0.901966 0)
(2.97119 -0.965381 0)
(2.95167 -0.999494 0)
(2.94587 -0.993763 0)
(2.94749 -0.996416 0)
(2.94702 -1.00307 0)
(2.94809 -1.00752 0)
(2.95271 -1.00736 0)
(2.95901 -1.00524 0)
(2.96679 -1.00144 0)
(2.97485 -0.999526 0)
(2.98504 -0.998528 0)
(2.99688 -0.994263 0)
(3.00967 -0.985428 0)
(3.0195 -0.979729 0)
(3.0265 -0.978999 0)
(3.03321 -0.975437 0)
(3.04366 -0.969729 0)
(3.05175 -0.966958 0)
(3.05846 -0.967121 0)
(3.06479 -0.96487 0)
(3.07102 -0.960406 0)
(3.07601 -0.958149 0)
(3.07987 -0.957161 0)
(3.0836 -0.954704 0)
(3.08895 -0.952083 0)
(3.09659 -0.949012 0)
(3.10542 -0.943832 0)
(3.1126 -0.940466 0)
(3.11935 -0.939594 0)
(3.12652 -0.936411 0)
(3.13148 -0.932884 0)
(3.13418 -0.93164 0)
(3.13775 -0.929555 0)
(3.14397 -0.926297 0)
(3.14797 -0.922269 0)
(3.15327 -0.918092 0)
(3.15696 -0.914448 0)
(3.16102 -0.910905 0)
(3.16058 -0.903154 0)
(3.15708 -0.888115 0)
(3.15217 -0.87167 0)
(3.13644 -0.844801 0)
(3.10704 -0.796612 0)
(3.06943 -0.742054 0)
(3.01499 -0.660899 0)
(2.95631 -0.57145 0)
(2.90471 -0.491269 0)
(2.83818 -0.377224 0)
(2.78858 -0.284982 0)
(2.75975 -0.238093 0)
(2.72256 -0.170579 0)
(2.68379 -0.0998423 0)
(2.66472 -0.0809326 0)
(2.65777 -0.0641205 0)
(2.64988 -0.0412108 0)
(2.6474 -0.024968 0)
(2.64618 -0.0192592 0)
(2.64456 -0.0166639 0)
(2.64287 -0.00963207 0)
(2.64307 -0.00597971 0)
(2.64723 -0.0063481 0)
(2.65581 -0.00539562 0)
(2.66598 -0.00282367 0)
(2.67574 0.00185856 0)
(2.68152 0.00552761 0)
(2.68439 0.00776235 0)
(2.68604 0.0107492 0)
(2.6895 0.0141656 0)
(2.69503 0.0177879 0)
(2.70017 0.0211827 0)
(2.70465 0.0232595 0)
(2.70932 0.0253315 0)
(2.71357 0.0278227 0)
(2.71735 0.0309779 0)
(2.72094 0.0343805 0)
(2.7247 0.0368821 0)
(2.72896 0.039322 0)
(2.73372 0.0424045 0)
(2.73851 0.0452102 0)
(2.74339 0.0472875 0)
(2.74863 0.0495486 0)
(2.75381 0.0515893 0)
(2.75887 0.0536017 0)
(2.76396 0.0563778 0)
(2.7687 0.0590479 0)
(2.77319 0.0611684 0)
(2.77729 0.0636228 0)
(2.78086 0.0658782 0)
(2.78426 0.0672237 0)
(2.78838 0.0688998 0)
(2.7934 0.0709487 0)
(2.7981 0.0723684 0)
(2.80263 0.0738786 0)
(2.80691 0.0760762 0)
(2.81071 0.0780494 0)
(2.81406 0.0792058 0)
(2.81693 0.0807042 0)
(2.82016 0.0828489 0)
(2.82435 0.084188 0)
(2.82918 0.0849768 0)
(2.83421 0.0860438 0)
(2.83913 0.087366 0)
(2.84384 0.088382 0)
(2.84817 0.0891198 0)
(2.85191 0.0903224 0)
(2.85524 0.0918099 0)
(2.85877 0.0934568 0)
(2.86303 0.095761 0)
(2.86775 0.0978141 0)
(2.87278 0.0988335 0)
(2.87806 0.0997688 0)
(2.88338 0.101406 0)
(2.88812 0.103446 0)
(2.89181 0.104973 0)
(2.89475 0.106243 0)
(2.89792 0.108545 0)
(2.90169 0.110589 0)
(2.90674 0.11069 0)
(2.91248 0.109929 0)
(2.9181 0.109684 0)
(2.9234 0.110701 0)
(2.9274 0.112651 0)
(2.9299 0.113772 0)
(2.932 0.114074 0)
(2.93521 0.115554 0)
(2.93935 0.116766 0)
(2.94472 0.116561 0)
(2.95024 0.115542 0)
(2.9551 0.114556 0)
(2.95956 0.114939 0)
(2.96304 0.116687 0)
(2.96536 0.117991 0)
(2.9675 0.118144 0)
(2.97046 0.118647 0)
(2.97437 0.119439 0)
(2.97871 0.119651 0)
(2.98285 0.119189 0)
(2.98618 0.118576 0)
(2.98869 0.118467 0)
(2.99166 0.11895 0)
(2.99589 0.119587 0)
(3.00063 0.120171 0)
(3.00534 0.120655 0)
(3.00975 0.120927 0)
(3.01353 0.121004 0)
(3.01601 0.121137 0)
(3.01732 0.121294 0)
(3.02003 0.120959 0)
(3.02474 0.120336 0)
(3.02981 0.119818 0)
(3.03491 0.119512 0)
(3.03976 0.11958 0)
(3.04375 0.120028 0)
(3.0463 0.120479 0)
(3.04758 0.120627 0)
(3.04956 0.121225 0)
(3.05365 0.122221 0)
(3.05861 0.1226 0)
(3.06377 0.122417 0)
(3.0688 0.122105 0)
(3.07347 0.122259 0)
(3.07724 0.123466 0)
(3.07931 0.125386 0)
(3.08007 0.1262 0)
(3.0818 0.125793 0)
(3.08594 0.126224 0)
(3.09091 0.127156 0)
(3.09587 0.127441 0)
(3.10085 0.12693 0)
(3.10527 0.126408 0)
(3.10905 0.127398 0)
(3.11198 0.130086 0)
(3.11382 0.132853 0)
(3.11479 0.133989 0)
(3.11618 0.134023 0)
(3.11999 0.134596 0)
(3.12513 0.135053 0)
(3.13065 0.134948 0)
(3.13597 0.134153 0)
(3.14049 0.133205 0)
(3.14402 0.133934 0)
(3.14678 0.136795 0)
(3.14902 0.139988 0)
(3.15089 0.141786 0)
(3.15259 0.141627 0)
(3.15472 0.140695 0)
(3.15833 0.140189 0)
(3.16323 0.139886 0)
(3.16847 0.139076 0)
(3.17308 0.13777 0)
(3.17668 0.137152 0)
(3.17976 0.138008 0)
(3.1829 0.13959 0)
(3.18623 0.140764 0)
(3.18947 0.141644 0)
(3.19258 0.141038 0)
(3.19511 0.139991 0)
(3.19729 0.139719 0)
(3.19943 0.139561 0)
(3.20419 0.140297 0)
(2.26716 1.46405 0)
(2.29974 1.45376 0)
(2.33489 1.44332 0)
(2.37141 1.4327 0)
(2.40879 1.42144 0)
(2.4464 1.40924 0)
(2.48339 1.39639 0)
(2.5203 1.38269 0)
(2.55719 1.36743 0)
(2.59507 1.35049 0)
(2.63223 1.33572 0)
(2.66833 1.32211 0)
(2.70798 1.30235 0)
(2.74886 1.27885 0)
(2.78333 1.26484 0)
(2.81458 1.25183 0)
(2.85507 1.22455 0)
(2.89607 1.19262 0)
(2.92748 1.17948 0)
(2.95441 1.16974 0)
(2.99288 1.14159 0)
(3.03344 1.10199 0)
(3.063 1.08253 0)
(3.08556 1.07858 0)
(3.11282 1.05737 0)
(3.15462 1.01685 0)
(3.18619 0.979863 0)
(3.20983 0.971497 0)
(3.22655 0.967233 0)
(3.25581 0.937859 0)
(3.29415 0.892073 0)
(3.31912 0.862115 0)
(3.34 0.861871 0)
(3.356 0.854557 0)
(3.38834 0.815366 0)
(3.41531 0.765678 0)
(3.43243 0.745354 0)
(3.44831 0.749276 0)
(3.46341 0.736881 0)
(3.49775 0.700236 0)
(3.52326 0.655791 0)
(3.54047 0.634904 0)
(3.55663 0.637325 0)
(3.56307 0.628695 0)
(3.58807 0.586974 0)
(3.60652 0.539165 0)
(3.61921 0.522356 0)
(3.6349 0.530475 0)
(3.65117 0.523592 0)
(3.68065 0.487669 0)
(3.69686 0.442594 0)
(3.70595 0.422531 0)
(3.71655 0.423384 0)
(3.71771 0.415741 0)
(3.7334 0.386463 0)
(3.75468 0.350998 0)
(3.76358 0.32279 0)
(3.78003 0.323807 0)
(3.79397 0.331388 0)
(3.81193 0.309603 0)
(3.82515 0.263147 0)
(3.82647 0.230579 0)
(3.83139 0.227199 0)
(3.83506 0.229721 0)
(3.84746 0.211881 0)
(3.86846 0.191485 0)
(3.88061 0.160963 0)
(3.88902 0.143789 0)
(3.90377 0.142029 0)
(3.91108 0.145733 0)
(3.91263 0.12251 0)
(3.91877 0.0801847 0)
(3.91907 0.0537319 0)
(3.92776 0.0540941 0)
(3.93622 0.0596074 0)
(3.9547 0.0485792 0)
(3.97357 0.0246583 0)
(3.97938 -0.00417644 0)
(3.98327 -0.0173753 0)
(3.98973 -0.022406 0)
(3.98858 -0.034588 0)
(3.98556 -0.0548038 0)
(3.9965 -0.0665873 0)
(4.00487 -0.0870972 0)
(4.01284 -0.103262 0)
(4.02733 -0.101382 0)
(4.03867 -0.100786 0)
(4.05124 -0.122112 0)
(4.05216 -0.155821 0)
(4.04677 -0.176159 0)
(4.04224 -0.182163 0)
(4.04352 -0.191455 0)
(4.0612 -0.199097 0)
(4.07281 -0.207919 0)
(4.08145 -0.227011 0)
(4.08684 -0.24026 0)
(4.09776 -0.251931 0)
(4.1056 -0.262944 0)
(4.09721 -0.272972 0)
(4.08828 -0.2966 0)
(4.09141 -0.311022 0)
(4.0951 -0.312995 0)
(4.10749 -0.322116 0)
(4.12097 -0.335967 0)
(4.12851 -0.339741 0)
(4.13452 -0.343068 0)
(4.13797 -0.357325 0)
(4.13223 -0.373254 0)
(4.12016 -0.384771 0)
(4.12542 -0.390671 0)
(4.13355 -0.391842 0)
(4.13907 -0.395544 0)
(4.14296 -0.401268 0)
(4.14995 -0.402258 0)
(4.15751 -0.402475 0)
(4.15999 -0.404883 0)
(4.15569 -0.407425 0)
(4.14763 -0.410252 0)
(4.14937 -0.411946 0)
(4.15153 -0.412106 0)
(4.15382 -0.411232 0)
(4.15879 -0.406542 0)
(4.16325 -0.397291 0)
(4.16524 -0.393916 0)
(4.16699 -0.39138 0)
(4.16315 -0.390331 0)
(4.15756 -0.389306 0)
(4.15658 -0.388211 0)
(4.1564 -0.386302 0)
(4.15766 -0.381478 0)
(4.16098 -0.373903 0)
(4.16227 -0.3625 0)
(4.15502 -0.351485 0)
(4.14962 -0.34007 0)
(4.14649 -0.332889 0)
(4.13978 -0.328227 0)
(4.1286 -0.314762 0)
(4.11984 -0.296686 0)
(4.11529 -0.283829 0)
(4.11 -0.257971 0)
(4.10657 -0.226487 0)
(4.10499 -0.217103 0)
(4.09979 -0.201304 0)
(4.08276 -0.163093 0)
(4.07589 -0.140702 0)
(4.06923 -0.143778 0)
(4.05825 -0.133458 0)
(4.04252 -0.0937425 0)
(4.04347 -0.067605 0)
(4.04551 -0.0693806 0)
(4.0484 -0.0586329 0)
(4.04249 -0.0242774 0)
(4.04133 -0.0147532 0)
(4.03906 -0.0139817 0)
(4.02637 -0.00411322 0)
(4.01985 0.0111083 0)
(4.01739 0.0159972 0)
(4.01452 0.0171872 0)
(4.01528 0.0270503 0)
(4.02214 0.040849 0)
(4.02388 0.0499466 0)
(4.01932 0.0514891 0)
(4.0168 0.0535437 0)
(4.012 0.0571123 0)
(4.00871 0.0638505 0)
(4.00601 0.0707083 0)
(4.00485 0.0723908 0)
(4.00447 0.074217 0)
(4.00505 0.0760738 0)
(3.99903 0.0677661 0)
(3.97574 0.0449166 0)
(3.91835 -0.0189982 0)
(3.82756 -0.110361 0)
(3.71396 -0.200376 0)
(3.51104 -0.422255 0)
(3.36984 -0.588799 0)
(3.28091 -0.64122 0)
(3.13577 -0.781198 0)
(3.04648 -0.915043 0)
(3.00802 -0.918997 0)
(2.97701 -0.943653 0)
(2.95321 -0.994748 0)
(2.94323 -1.00581 0)
(2.94398 -0.998792 0)
(2.95347 -1.00482 0)
(2.95752 -1.00984 0)
(2.96214 -1.01148 0)
(2.96746 -1.01243 0)
(2.97406 -1.01088 0)
(2.98189 -1.00793 0)
(2.98856 -1.0048 0)
(2.99537 -1.00214 0)
(3.00581 -0.997408 0)
(3.01802 -0.988497 0)
(3.02683 -0.98352 0)
(3.03206 -0.980936 0)
(3.04049 -0.974738 0)
(3.04895 -0.968249 0)
(3.05487 -0.96614 0)
(3.06055 -0.964388 0)
(3.06553 -0.960704 0)
(3.06938 -0.956919 0)
(3.07248 -0.954956 0)
(3.07527 -0.953403 0)
(3.08084 -0.949827 0)
(3.08793 -0.945264 0)
(3.09438 -0.942338 0)
(3.10193 -0.938705 0)
(3.10763 -0.934551 0)
(3.11103 -0.93233 0)
(3.11482 -0.928636 0)
(3.12199 -0.922462 0)
(3.12771 -0.917629 0)
(3.13183 -0.916129 0)
(3.13757 -0.913667 0)
(3.14349 -0.910072 0)
(3.14767 -0.908301 0)
(3.15175 -0.905706 0)
(3.15722 -0.900973 0)
(3.16181 -0.897853 0)
(3.16539 -0.897578 0)
(3.17068 -0.894789 0)
(3.17531 -0.891244 0)
(3.17989 -0.887858 0)
(3.18505 -0.884789 0)
(3.19098 -0.880574 0)
(3.19703 -0.87485 0)
(3.19957 -0.865532 0)
(3.20118 -0.853025 0)
(3.19803 -0.834172 0)
(3.18687 -0.808738 0)
(3.16414 -0.770002 0)
(3.12833 -0.709109 0)
(3.08745 -0.649286 0)
(3.02725 -0.558414 0)
(2.96858 -0.460037 0)
(2.92486 -0.399931 0)
(2.86666 -0.307666 0)
(2.81316 -0.201612 0)
(2.78325 -0.160772 0)
(2.76267 -0.128259 0)
(2.74446 -0.0867235 0)
(2.72567 -0.0486976 0)
(2.71239 -0.0227706 0)
(2.70772 -0.0127407 0)
(2.7064 -0.00508235 0)
(2.70716 0.00515351 0)
(2.70875 0.0157963 0)
(2.71172 0.021692 0)
(2.71559 0.0224726 0)
(2.72063 0.0242878 0)
(2.72675 0.0300073 0)
(2.73215 0.0366444 0)
(2.73541 0.0418287 0)
(2.73653 0.043699 0)
(2.73883 0.0446862 0)
(2.74315 0.0460366 0)
(2.74798 0.0484464 0)
(2.75302 0.0512879 0)
(2.75885 0.0548014 0)
(2.76389 0.0588199 0)
(2.76747 0.0629818 0)
(2.76977 0.0666168 0)
(2.77177 0.06981 0)
(2.776 0.0721163 0)
(2.78107 0.0735065 0)
(2.78664 0.0749028 0)
(2.79238 0.077145 0)
(2.79756 0.0790955 0)
(2.80219 0.0806695 0)
(2.80586 0.0831525 0)
(2.80822 0.0849647 0)
(2.80984 0.0855861 0)
(2.81287 0.0867681 0)
(2.81741 0.0879365 0)
(2.82225 0.0882071 0)
(2.82716 0.0885654 0)
(2.83201 0.0895927 0)
(2.83646 0.0905414 0)
(2.84027 0.0911888 0)
(2.84359 0.0929862 0)
(2.84706 0.0955551 0)
(2.85098 0.0971955 0)
(2.85531 0.0981693 0)
(2.85993 0.0992703 0)
(2.86472 0.100264 0)
(2.86952 0.100943 0)
(2.8743 0.102063 0)
(2.87903 0.104081 0)
(2.88341 0.106201 0)
(2.88735 0.10794 0)
(2.89085 0.110575 0)
(2.89402 0.114225 0)
(2.89744 0.11654 0)
(2.90174 0.117545 0)
(2.90705 0.11896 0)
(2.9127 0.121116 0)
(2.91778 0.123351 0)
(2.92185 0.124761 0)
(2.92462 0.126925 0)
(2.92607 0.130272 0)
(2.92806 0.131926 0)
(2.93272 0.131226 0)
(2.93781 0.130671 0)
(2.94327 0.13114 0)
(2.94866 0.132355 0)
(2.95321 0.133214 0)
(2.95626 0.132964 0)
(2.95772 0.133502 0)
(2.95865 0.135008 0)
(2.96104 0.135534 0)
(2.96563 0.134946 0)
(2.97035 0.133926 0)
(2.97492 0.132938 0)
(2.9796 0.132798 0)
(2.98399 0.133119 0)
(2.9873 0.133419 0)
(2.98962 0.133134 0)
(2.99187 0.132456 0)
(2.99464 0.132248 0)
(2.99781 0.132538 0)
(3.00098 0.132639 0)
(3.00425 0.132189 0)
(3.00788 0.131756 0)
(3.01212 0.132067 0)
(3.01684 0.133025 0)
(3.02154 0.134201 0)
(3.02588 0.135006 0)
(3.02961 0.13502 0)
(3.03237 0.134888 0)
(3.03419 0.135834 0)
(3.03611 0.137411 0)
(3.03949 0.137866 0)
(3.04421 0.137392 0)
(3.04923 0.137064 0)
(3.05448 0.137291 0)
(3.05969 0.13798 0)
(3.06416 0.138615 0)
(3.06715 0.138594 0)
(3.0685 0.138943 0)
(3.0694 0.140924 0)
(3.07174 0.142803 0)
(3.07603 0.143145 0)
(3.08097 0.142851 0)
(3.08598 0.142804 0)
(3.09109 0.143406 0)
(3.09577 0.144809 0)
(3.09893 0.146494 0)
(3.10005 0.147411 0)
(3.10006 0.148902 0)
(3.10127 0.150681 0)
(3.10513 0.151142 0)
(3.11055 0.150815 0)
(3.11569 0.150056 0)
(3.12062 0.1495 0)
(3.12568 0.149792 0)
(3.13035 0.151047 0)
(3.13349 0.152812 0)
(3.13427 0.154688 0)
(3.13344 0.156505 0)
(3.13481 0.15742 0)
(3.13965 0.157491 0)
(3.14506 0.157288 0)
(3.15025 0.156885 0)
(3.15528 0.156688 0)
(3.16037 0.157023 0)
(3.16525 0.157951 0)
(3.16911 0.159309 0)
(3.17089 0.160518 0)
(3.16996 0.161436 0)
(3.16871 0.161921 0)
(3.17127 0.161839 0)
(3.17606 0.161601 0)
(3.18113 0.161374 0)
(3.18608 0.161158 0)
(3.19088 0.161172 0)
(3.19549 0.161691 0)
(3.19947 0.16278 0)
(3.20191 0.164294 0)
(3.20182 0.164936 0)
(3.20082 0.164207 0)
(3.20294 0.163023 0)
(3.20705 0.163042 0)
(3.2145 0.163482 0)
(2.30775 1.49919 0)
(2.3339 1.48686 0)
(2.36416 1.47519 0)
(2.39634 1.46403 0)
(2.42781 1.45371 0)
(2.45818 1.44232 0)
(2.4889 1.42802 0)
(2.51963 1.41394 0)
(2.55019 1.40104 0)
(2.58367 1.38547 0)
(2.61915 1.36826 0)
(2.65251 1.35446 0)
(2.68429 1.34183 0)
(2.71667 1.32476 0)
(2.75045 1.30443 0)
(2.78364 1.2857 0)
(2.81465 1.27184 0)
(2.84404 1.25723 0)
(2.87843 1.23476 0)
(2.9148 1.20833 0)
(2.94531 1.19296 0)
(2.97032 1.18361 0)
(3.00047 1.16072 0)
(3.03641 1.12643 0)
(3.06522 1.10426 0)
(3.08827 1.09837 0)
(3.11207 1.08206 0)
(3.14805 1.04849 0)
(3.17798 1.01467 0)
(3.20119 1.00428 0)
(3.21835 0.999995 0)
(3.24334 0.97404 0)
(3.27733 0.933938 0)
(3.30114 0.905457 0)
(3.32106 0.902476 0)
(3.3347 0.89582 0)
(3.3629 0.86358 0)
(3.39114 0.821213 0)
(3.41006 0.801168 0)
(3.4278 0.804183 0)
(3.4424 0.793718 0)
(3.47129 0.755301 0)
(3.4921 0.71271 0)
(3.50697 0.696178 0)
(3.52086 0.700058 0)
(3.53075 0.688673 0)
(3.55885 0.655007 0)
(3.58 0.615156 0)
(3.59489 0.597149 0)
(3.6112 0.60196 0)
(3.62067 0.596367 0)
(3.6416 0.55693 0)
(3.65466 0.512275 0)
(3.66377 0.495969 0)
(3.67607 0.503206 0)
(3.6878 0.498667 0)
(3.71356 0.470401 0)
(3.7308 0.431393 0)
(3.73972 0.409942 0)
(3.7529 0.408473 0)
(3.75843 0.408335 0)
(3.76208 0.383061 0)
(3.77994 0.34718 0)
(3.78629 0.31882 0)
(3.79956 0.316925 0)
(3.81305 0.32585 0)
(3.83009 0.314169 0)
(3.84801 0.278401 0)
(3.85172 0.243469 0)
(3.85506 0.232166 0)
(3.85988 0.234828 0)
(3.86182 0.224916 0)
(3.87585 0.20631 0)
(3.89009 0.183705 0)
(3.89636 0.160227 0)
(3.90992 0.152154 0)
(3.92427 0.15925 0)
(3.92947 0.154801 0)
(3.93444 0.119296 0)
(3.93218 0.0828534 0)
(3.93493 0.0727694 0)
(3.94185 0.07889 0)
(3.95207 0.0752755 0)
(3.97143 0.0634272 0)
(3.98281 0.0385348 0)
(3.98648 0.0193068 0)
(3.99522 0.0124509 0)
(4.00389 0.00760436 0)
(3.99606 -0.00394881 0)
(3.99257 -0.0210033 0)
(4.00278 -0.0379912 0)
(4.00822 -0.0558348 0)
(4.02056 -0.0591783 0)
(4.03196 -0.053702 0)
(4.04353 -0.060499 0)
(4.05241 -0.0834281 0)
(4.05169 -0.108745 0)
(4.04752 -0.118217 0)
(4.04161 -0.121365 0)
(4.04536 -0.131261 0)
(4.05897 -0.13616 0)
(4.06916 -0.148862 0)
(4.07503 -0.163343 0)
(4.08347 -0.171606 0)
(4.09263 -0.174057 0)
(4.09498 -0.172981 0)
(4.08797 -0.189559 0)
(4.08126 -0.218292 0)
(4.08313 -0.224871 0)
(4.08764 -0.225129 0)
(4.09989 -0.229306 0)
(4.11051 -0.234995 0)
(4.1174 -0.243204 0)
(4.12394 -0.250609 0)
(4.12701 -0.255636 0)
(4.11983 -0.267504 0)
(4.10856 -0.275949 0)
(4.10722 -0.283786 0)
(4.11862 -0.28724 0)
(4.12626 -0.289813 0)
(4.13469 -0.296523 0)
(4.14023 -0.302436 0)
(4.14731 -0.306693 0)
(4.15125 -0.310584 0)
(4.14668 -0.316261 0)
(4.13794 -0.322904 0)
(4.13922 -0.325768 0)
(4.14226 -0.32717 0)
(4.14567 -0.329207 0)
(4.15236 -0.330493 0)
(4.15872 -0.334507 0)
(4.1615 -0.33936 0)
(4.16143 -0.340576 0)
(4.15958 -0.341143 0)
(4.15525 -0.341348 0)
(4.15293 -0.341571 0)
(4.15267 -0.341843 0)
(4.15308 -0.342751 0)
(4.15572 -0.343243 0)
(4.16181 -0.340694 0)
(4.16632 -0.335978 0)
(4.16248 -0.331892 0)
(4.15847 -0.32663 0)
(4.15461 -0.322174 0)
(4.1492 -0.315311 0)
(4.14354 -0.305848 0)
(4.13768 -0.297804 0)
(4.13252 -0.283492 0)
(4.12891 -0.249252 0)
(4.13081 -0.223536 0)
(4.13312 -0.220618 0)
(4.12328 -0.201723 0)
(4.10737 -0.166453 0)
(4.10208 -0.156669 0)
(4.09546 -0.149046 0)
(4.07777 -0.115853 0)
(4.07214 -0.0799464 0)
(4.0735 -0.0730147 0)
(4.07201 -0.0502365 0)
(4.07044 -0.0153 0)
(4.07421 -0.00624225 0)
(4.06782 0.00187936 0)
(4.05522 0.0238683 0)
(4.04627 0.0308365 0)
(4.03286 0.0245503 0)
(4.02496 0.0306543 0)
(4.01599 0.0326762 0)
(3.97329 -0.00863043 0)
(3.88343 -0.131361 0)
(3.79001 -0.207077 0)
(3.57886 -0.398137 0)
(3.37104 -0.657775 0)
(3.28064 -0.698315 0)
(3.17435 -0.77497 0)
(3.07431 -0.929846 0)
(3.03891 -0.961695 0)
(3.02718 -0.94455 0)
(3.00887 -0.964811 0)
(2.98775 -0.998751 0)
(2.97485 -1.00094 0)
(2.97053 -0.994287 0)
(2.96972 -0.996337 0)
(2.97102 -1.00013 0)
(2.97338 -1.00043 0)
(2.97732 -0.999301 0)
(2.9812 -0.996835 0)
(2.98465 -0.995661 0)
(2.98902 -0.994739 0)
(2.99605 -0.99212 0)
(3.00311 -0.98848 0)
(3.01445 -0.981582 0)
(3.02565 -0.975874 0)
(3.03292 -0.971249 0)
(3.04256 -0.962245 0)
(3.0502 -0.957176 0)
(3.05548 -0.955848 0)
(3.06072 -0.953109 0)
(3.06574 -0.949097 0)
(3.07002 -0.946121 0)
(3.07356 -0.944169 0)
(3.07704 -0.941464 0)
(3.08231 -0.938148 0)
(3.08775 -0.935527 0)
(3.09297 -0.934244 0)
(3.09923 -0.930541 0)
(3.10646 -0.924344 0)
(3.11233 -0.92065 0)
(3.11738 -0.917779 0)
(3.1251 -0.914266 0)
(3.13225 -0.910929 0)
(3.13851 -0.907905 0)
(3.14402 -0.904799 0)
(3.14815 -0.901576 0)
(3.15064 -0.897709 0)
(3.15479 -0.89588 0)
(3.15987 -0.895195 0)
(3.16556 -0.893101 0)
(3.17155 -0.890803 0)
(3.17722 -0.889051 0)
(3.18314 -0.886398 0)
(3.18801 -0.882749 0)
(3.19291 -0.878984 0)
(3.20106 -0.875435 0)
(3.20898 -0.872135 0)
(3.21639 -0.869566 0)
(3.22447 -0.865615 0)
(3.23117 -0.860893 0)
(3.2354 -0.85752 0)
(3.24037 -0.851734 0)
(3.24486 -0.84985 0)
(3.24857 -0.846427 0)
(3.25327 -0.841869 0)
(3.25439 -0.835193 0)
(3.25158 -0.823782 0)
(3.24925 -0.811646 0)
(3.23925 -0.786204 0)
(3.22198 -0.755028 0)
(3.19103 -0.706489 0)
(3.14908 -0.63268 0)
(3.1113 -0.577703 0)
(3.0497 -0.48466 0)
(2.9899 -0.372039 0)
(2.95791 -0.316147 0)
(2.90614 -0.234643 0)
(2.87474 -0.170248 0)
(2.85112 -0.118754 0)
(2.81701 -0.057982 0)
(2.79976 -0.0291567 0)
(2.79568 -0.0164611 0)
(2.79116 0.00402531 0)
(2.77994 0.0232171 0)
(2.77512 0.031434 0)
(2.77677 0.038809 0)
(2.77548 0.0466349 0)
(2.77514 0.0509279 0)
(2.77823 0.0534346 0)
(2.78439 0.0588456 0)
(2.79203 0.0676543 0)
(2.79899 0.0707849 0)
(2.80457 0.0714122 0)
(2.80915 0.0739788 0)
(2.81172 0.0761141 0)
(2.81345 0.076116 0)
(2.81539 0.0775884 0)
(2.81832 0.0798892 0)
(2.82284 0.0814551 0)
(2.82828 0.0835643 0)
(2.83335 0.0856824 0)
(2.83776 0.0861305 0)
(2.84141 0.0866233 0)
(2.84465 0.0885329 0)
(2.84708 0.0902105 0)
(2.84918 0.0910297 0)
(2.85168 0.0927827 0)
(2.85495 0.0954703 0)
(2.85863 0.0976717 0)
(2.86262 0.0992111 0)
(2.86716 0.101168 0)
(2.87182 0.102894 0)
(2.87629 0.10404 0)
(2.88086 0.106159 0)
(2.88547 0.109533 0)
(2.88957 0.112993 0)
(2.893 0.115614 0)
(2.89596 0.118107 0)
(2.89914 0.121374 0)
(2.90288 0.123417 0)
(2.90734 0.124635 0)
(2.91258 0.12661 0)
(2.91764 0.129139 0)
(2.92189 0.131135 0)
(2.92505 0.132652 0)
(2.92707 0.135328 0)
(2.92879 0.139049 0)
(2.93187 0.140725 0)
(2.93627 0.141261 0)
(2.94175 0.142517 0)
(2.9472 0.144305 0)
(2.9521 0.145313 0)
(2.95584 0.145931 0)
(2.95805 0.147709 0)
(2.95891 0.149947 0)
(2.96018 0.150755 0)
(2.96455 0.150187 0)
(2.96939 0.149358 0)
(2.97439 0.14921 0)
(2.97949 0.149774 0)
(2.98379 0.150028 0)
(2.98666 0.149193 0)
(2.98778 0.148553 0)
(2.98835 0.150136 0)
(2.99012 0.152182 0)
(2.99357 0.152474 0)
(2.99833 0.151827 0)
(3.0029 0.150489 0)
(3.00757 0.150367 0)
(3.01204 0.15165 0)
(3.01535 0.152634 0)
(3.01733 0.151792 0)
(3.01823 0.150627 0)
(3.01964 0.151303 0)
(3.02271 0.152925 0)
(3.0266 0.153552 0)
(3.03101 0.152961 0)
(3.03537 0.152167 0)
(3.03973 0.152309 0)
(3.04402 0.153759 0)
(3.04771 0.155663 0)
(3.05068 0.156282 0)
(3.0532 0.155408 0)
(3.05565 0.155001 0)
(3.05884 0.156336 0)
(3.06269 0.158491 0)
(3.06665 0.159855 0)
(3.07078 0.159839 0)
(3.075 0.1596 0)
(3.07953 0.16056 0)
(3.08395 0.16223 0)
(3.08769 0.162636 0)
(3.0903 0.161272 0)
(3.09171 0.160533 0)
(3.09337 0.162305 0)
(3.09623 0.164919 0)
(3.0999 0.166196 0)
(3.10423 0.166013 0)
(3.1088 0.165767 0)
(3.11376 0.166487 0)
(3.11849 0.167805 0)
(3.12202 0.168412 0)
(3.12358 0.168162 0)
(3.12383 0.16906 0)
(3.1251 0.171834 0)
(3.12778 0.174076 0)
(3.13152 0.174441 0)
(3.13623 0.173728 0)
(3.14094 0.172864 0)
(3.14594 0.172722 0)
(3.15096 0.173465 0)
(3.15481 0.174677 0)
(3.15642 0.175613 0)
(3.15593 0.176485 0)
(3.15648 0.178339 0)
(3.15969 0.180055 0)
(3.16397 0.180595 0)
(3.16912 0.180515 0)
(3.17426 0.179964 0)
(3.1794 0.179477 0)
(3.18456 0.179676 0)
(3.18878 0.180535 0)
(3.19039 0.181601 0)
(3.18859 0.18216 0)
(3.18754 0.182103 0)
(3.19097 0.182666 0)
(3.1959 0.183584 0)
(3.20085 0.184046 0)
(3.20591 0.184014 0)
(3.21083 0.183721 0)
(3.21543 0.1837 0)
(3.21877 0.184243 0)
(3.21886 0.185169 0)
(3.21586 0.186137 0)
(3.2176 0.185891 0)
(3.22159 0.185839 0)
(3.22911 0.186307 0)
(2.35272 1.54699 0)
(2.37659 1.5329 0)
(2.40496 1.52009 0)
(2.43414 1.50804 0)
(2.46184 1.49571 0)
(2.48594 1.48317 0)
(2.5063 1.47019 0)
(2.52904 1.454 0)
(2.5583 1.43654 0)
(2.58838 1.42373 0)
(2.61781 1.41356 0)
(2.6495 1.39757 0)
(2.68014 1.37847 0)
(2.70499 1.36695 0)
(2.72756 1.35522 0)
(2.75864 1.33281 0)
(2.79216 1.30893 0)
(2.82078 1.29721 0)
(2.84754 1.28928 0)
(2.87678 1.26971 0)
(2.90862 1.24281 0)
(2.93622 1.22442 0)
(2.96071 1.21546 0)
(2.98464 1.20036 0)
(3.01506 1.17361 0)
(3.04547 1.14721 0)
(3.07131 1.13385 0)
(3.09415 1.12633 0)
(3.1191 1.10544 0)
(3.14922 1.07341 0)
(3.17393 1.04891 0)
(3.1944 1.04072 0)
(3.21206 1.03084 0)
(3.23875 1.00339 0)
(3.2681 0.969493 0)
(3.28959 0.949614 0)
(3.30787 0.947481 0)
(3.32338 0.936386 0)
(3.35083 0.902758 0)
(3.37496 0.866403 0)
(3.39246 0.851964 0)
(3.40742 0.853251 0)
(3.42167 0.838552 0)
(3.45013 0.802114 0)
(3.47006 0.7666 0)
(3.48531 0.756181 0)
(3.49934 0.760711 0)
(3.51304 0.747074 0)
(3.53914 0.708982 0)
(3.55603 0.672024 0)
(3.56902 0.659971 0)
(3.58073 0.66432 0)
(3.58921 0.653178 0)
(3.61404 0.619163 0)
(3.63047 0.582506 0)
(3.64239 0.56966 0)
(3.6561 0.576424 0)
(3.66735 0.570804 0)
(3.68806 0.534905 0)
(3.69957 0.49434 0)
(3.70658 0.478068 0)
(3.7157 0.483726 0)
(3.72234 0.48157 0)
(3.74334 0.456877 0)
(3.76117 0.422678 0)
(3.76928 0.400527 0)
(3.78245 0.399095 0)
(3.79195 0.404736 0)
(3.79624 0.386056 0)
(3.80835 0.345186 0)
(3.81172 0.316488 0)
(3.82193 0.314466 0)
(3.83285 0.323463 0)
(3.84681 0.315046 0)
(3.86508 0.288042 0)
(3.87138 0.255962 0)
(3.87726 0.242355 0)
(3.88726 0.241475 0)
(3.88779 0.235347 0)
(3.88797 0.215498 0)
(3.89975 0.197174 0)
(3.90607 0.174448 0)
(3.91928 0.166673 0)
(3.93391 0.174294 0)
(3.94454 0.168531 0)
(3.9531 0.140179 0)
(3.95158 0.110153 0)
(3.95228 0.0995995 0)
(3.95519 0.0977354 0)
(3.96216 0.0883923 0)
(3.975 0.0814541 0)
(3.9845 0.0655265 0)
(3.99017 0.0492014 0)
(4.00192 0.0375504 0)
(4.01455 0.0311211 0)
(4.01617 0.0275517 0)
(4.00631 0.0121592 0)
(4.01009 -0.0134098 0)
(4.01477 -0.030913 0)
(4.02454 -0.0341133 0)
(4.03403 -0.0309076 0)
(4.04695 -0.0378458 0)
(4.05891 -0.0555723 0)
(4.0623 -0.074498 0)
(4.06508 -0.0866617 0)
(4.06568 -0.0974947 0)
(4.05984 -0.111018 0)
(4.06484 -0.119265 0)
(4.0714 -0.127496 0)
(4.07782 -0.13238 0)
(4.09254 -0.145582 0)
(4.10341 -0.161195 0)
(4.10804 -0.168373 0)
(4.11257 -0.175455 0)
(4.11045 -0.187102 0)
(4.10201 -0.208077 0)
(4.10428 -0.225739 0)
(4.10881 -0.227481 0)
(4.11614 -0.230671 0)
(4.13148 -0.238172 0)
(4.14154 -0.249902 0)
(4.14658 -0.260445 0)
(4.14991 -0.270688 0)
(4.14793 -0.280402 0)
(4.13621 -0.293293 0)
(4.13684 -0.304963 0)
(4.14529 -0.307463 0)
(4.1521 -0.312394 0)
(4.15838 -0.320721 0)
(4.16332 -0.325239 0)
(4.16995 -0.327196 0)
(4.17476 -0.331774 0)
(4.17314 -0.34034 0)
(4.16397 -0.346544 0)
(4.16324 -0.349214 0)
(4.16887 -0.34979 0)
(4.17186 -0.35051 0)
(4.17583 -0.351194 0)
(4.17985 -0.349959 0)
(4.18298 -0.347017 0)
(4.18583 -0.343263 0)
(4.18584 -0.34129 0)
(4.18055 -0.342736 0)
(4.17761 -0.342727 0)
(4.17908 -0.342166 0)
(4.18062 -0.340878 0)
(4.18467 -0.338056 0)
(4.18837 -0.331838 0)
(4.1901 -0.325346 0)
(4.18903 -0.320273 0)
(4.18373 -0.313687 0)
(4.17818 -0.30743 0)
(4.17597 -0.303681 0)
(4.17345 -0.30003 0)
(4.17035 -0.295488 0)
(4.16796 -0.28374 0)
(4.16395 -0.25847 0)
(4.16208 -0.239722 0)
(4.15705 -0.234028 0)
(4.14563 -0.225556 0)
(4.13145 -0.203309 0)
(4.11692 -0.207182 0)
(4.09819 -0.205637 0)
(4.0759 -0.202779 0)
(3.97813 -0.286791 0)
(3.84851 -0.427203 0)
(3.76065 -0.478248 0)
(3.49442 -0.717692 0)
(3.29939 -0.967231 0)
(3.22532 -0.964479 0)
(3.14647 -1.0159 0)
(3.06951 -1.1153 0)
(3.03274 -1.12697 0)
(3.02474 -1.11336 0)
(3.00965 -1.12046 0)
(2.99599 -1.13591 0)
(2.99024 -1.13494 0)
(2.98958 -1.12759 0)
(2.99043 -1.12131 0)
(2.98745 -1.10773 0)
(2.9892 -1.09064 0)
(2.99713 -1.07688 0)
(3.00053 -1.06267 0)
(3.00629 -1.04963 0)
(3.01245 -1.03508 0)
(3.01195 -1.0194 0)
(3.01812 -1.00505 0)
(3.02495 -0.994334 0)
(3.02997 -0.982219 0)
(3.04043 -0.970527 0)
(3.04563 -0.958852 0)
(3.04816 -0.953445 0)
(3.05035 -0.951073 0)
(3.05272 -0.947701 0)
(3.05643 -0.943767 0)
(3.06212 -0.938685 0)
(3.06593 -0.936926 0)
(3.07076 -0.935342 0)
(3.07491 -0.932292 0)
(3.07814 -0.929394 0)
(3.0825 -0.926116 0)
(3.09179 -0.923379 0)
(3.10259 -0.918933 0)
(3.11246 -0.913876 0)
(3.12069 -0.910047 0)
(3.12706 -0.906755 0)
(3.13188 -0.902118 0)
(3.13875 -0.899904 0)
(3.14524 -0.899399 0)
(3.15251 -0.897468 0)
(3.15883 -0.894608 0)
(3.16355 -0.893821 0)
(3.16741 -0.89402 0)
(3.16993 -0.89337 0)
(3.17424 -0.890259 0)
(3.18176 -0.886574 0)
(3.18905 -0.882513 0)
(3.19734 -0.879253 0)
(3.20517 -0.877639 0)
(3.21151 -0.87541 0)
(3.22117 -0.86922 0)
(3.22938 -0.863275 0)
(3.2359 -0.859547 0)
(3.2445 -0.854699 0)
(3.25126 -0.85148 0)
(3.25703 -0.850126 0)
(3.26256 -0.847289 0)
(3.26881 -0.845665 0)
(3.27324 -0.843958 0)
(3.27805 -0.842057 0)
(3.28352 -0.83911 0)
(3.28791 -0.836271 0)
(3.29202 -0.833705 0)
(3.29541 -0.830858 0)
(3.30066 -0.826322 0)
(3.30614 -0.821959 0)
(3.30992 -0.81659 0)
(3.31545 -0.809353 0)
(3.31933 -0.80119 0)
(3.31988 -0.786849 0)
(3.31425 -0.761037 0)
(3.30569 -0.735508 0)
(3.28396 -0.695024 0)
(3.25004 -0.637125 0)
(3.21231 -0.576798 0)
(3.16683 -0.505004 0)
(3.11253 -0.409612 0)
(3.06752 -0.338646 0)
(3.03003 -0.278743 0)
(2.98235 -0.188646 0)
(2.94848 -0.112278 0)
(2.92538 -0.0903946 0)
(2.91146 -0.0601298 0)
(2.89074 -0.0174305 0)
(2.87623 0.0133902 0)
(2.87034 0.0245166 0)
(2.86572 0.0407319 0)
(2.85923 0.0618293 0)
(2.85771 0.0674711 0)
(2.8574 0.0718935 0)
(2.85705 0.0812182 0)
(2.85653 0.0920408 0)
(2.86147 0.0983793 0)
(2.86623 0.100354 0)
(2.87336 0.104757 0)
(2.87733 0.110678 0)
(2.8788 0.113303 0)
(2.88051 0.114341 0)
(2.88244 0.114371 0)
(2.88454 0.113206 0)
(2.88678 0.112896 0)
(2.89034 0.11314 0)
(2.89534 0.113444 0)
(2.90084 0.114407 0)
(2.90602 0.117178 0)
(2.90982 0.120537 0)
(2.91228 0.122616 0)
(2.91449 0.12506 0)
(2.91754 0.127878 0)
(2.92132 0.129498 0)
(2.9257 0.131005 0)
(2.93073 0.133562 0)
(2.93549 0.137109 0)
(2.93921 0.139498 0)
(2.94182 0.140858 0)
(2.94388 0.144441 0)
(2.94599 0.14813 0)
(2.94916 0.148855 0)
(2.95304 0.149267 0)
(2.95772 0.151041 0)
(2.96205 0.153306 0)
(2.96589 0.153843 0)
(2.96865 0.153719 0)
(2.97053 0.156121 0)
(2.97224 0.159766 0)
(2.97515 0.160708 0)
(2.97914 0.160118 0)
(2.98366 0.16085 0)
(2.98815 0.162162 0)
(2.99233 0.16243 0)
(2.99576 0.162112 0)
(2.99811 0.163022 0)
(2.99922 0.165156 0)
(3.00024 0.16614 0)
(3.00359 0.165202 0)
(3.00783 0.16439 0)
(3.01252 0.16474 0)
(3.01699 0.165709 0)
(3.02075 0.165716 0)
(3.0234 0.164227 0)
(3.02468 0.163651 0)
(3.02573 0.165481 0)
(3.02762 0.16741 0)
(3.03125 0.167382 0)
(3.03576 0.166204 0)
(3.04004 0.165322 0)
(3.04472 0.16605 0)
(3.04901 0.167751 0)
(3.0519 0.168256 0)
(3.0528 0.166984 0)
(3.05267 0.166529 0)
(3.05511 0.168297 0)
(3.05944 0.170227 0)
(3.06404 0.170986 0)
(3.06864 0.170626 0)
(3.07275 0.170211 0)
(3.07637 0.171059 0)
(3.07925 0.173752 0)
(3.08083 0.176674 0)
(3.08221 0.176884 0)
(3.08467 0.175519 0)
(3.08832 0.1756 0)
(3.09322 0.177267 0)
(3.09818 0.179386 0)
(3.10267 0.180735 0)
(3.10635 0.180763 0)
(3.10913 0.18076 0)
(3.11168 0.18284 0)
(3.11385 0.185802 0)
(3.11617 0.185696 0)
(3.11888 0.182945 0)
(3.12148 0.181625 0)
(3.12536 0.183547 0)
(3.12934 0.18688 0)
(3.13263 0.188946 0)
(3.13579 0.188419 0)
(3.13883 0.187466 0)
(3.1423 0.188672 0)
(3.14554 0.190841 0)
(3.14843 0.190691 0)
(3.15086 0.188555 0)
(3.15304 0.188276 0)
(3.15621 0.191384 0)
(3.15913 0.195521 0)
(3.16115 0.197568 0)
(3.16402 0.196088 0)
(3.16762 0.194227 0)
(3.17202 0.194297 0)
(3.1766 0.195673 0)
(3.18024 0.196455 0)
(3.18251 0.195541 0)
(3.18351 0.19514 0)
(3.18497 0.197747 0)
(3.18731 0.2014 0)
(3.18986 0.203151 0)
(3.19414 0.202322 0)
(3.19871 0.200654 0)
(3.20326 0.199771 0)
(3.20803 0.200608 0)
(3.21178 0.202463 0)
(3.21334 0.203701 0)
(3.21301 0.203278 0)
(3.21325 0.203093 0)
(3.21655 0.204828 0)
(3.22084 0.206581 0)
(3.22531 0.206982 0)
(3.22992 0.206168 0)
(3.23413 0.205036 0)
(3.2377 0.204713 0)
(3.23976 0.206269 0)
(3.23924 0.209225 0)
(3.23848 0.209981 0)
(3.24071 0.209868 0)
(3.24723 0.21051 0)
(2.40657 1.59789 0)
(2.4279 1.58643 0)
(2.45375 1.57511 0)
(2.47993 1.56231 0)
(2.50299 1.5493 0)
(2.51987 1.53572 0)
(2.53299 1.51821 0)
(2.55144 1.49945 0)
(2.57688 1.48466 0)
(2.60677 1.47092 0)
(2.6377 1.4553 0)
(2.66367 1.44392 0)
(2.68322 1.43516 0)
(2.70363 1.41453 0)
(2.7275 1.39007 0)
(2.74905 1.37926 0)
(2.77404 1.3698 0)
(2.80869 1.34921 0)
(2.84054 1.32376 0)
(2.86324 1.31458 0)
(2.8796 1.31166 0)
(2.90238 1.28947 0)
(2.93504 1.25479 0)
(2.95958 1.23611 0)
(2.98073 1.23604 0)
(3.004 1.22644 0)
(3.03681 1.19633 0)
(3.06431 1.16468 0)
(3.08382 1.15656 0)
(3.09914 1.15559 0)
(3.1214 1.13531 0)
(3.15362 1.09868 0)
(3.17676 1.07255 0)
(3.1949 1.07085 0)
(3.2111 1.06788 0)
(3.23848 1.04239 0)
(3.26687 1.00394 0)
(3.28555 0.983701 0)
(3.29897 0.984397 0)
(3.31054 0.976245 0)
(3.33933 0.945771 0)
(3.36519 0.907589 0)
(3.38167 0.892371 0)
(3.39425 0.896758 0)
(3.40693 0.887929 0)
(3.43568 0.85413 0)
(3.45696 0.815417 0)
(3.47066 0.802695 0)
(3.48054 0.807773 0)
(3.48955 0.798003 0)
(3.51736 0.764685 0)
(3.53722 0.726317 0)
(3.54977 0.713253 0)
(3.56039 0.720321 0)
(3.56947 0.715159 0)
(3.59434 0.682561 0)
(3.61208 0.642823 0)
(3.62259 0.627498 0)
(3.63111 0.632942 0)
(3.63578 0.628682 0)
(3.65882 0.59935 0)
(3.67637 0.562068 0)
(3.68623 0.546144 0)
(3.69604 0.553002 0)
(3.70374 0.552758 0)
(3.72385 0.524553 0)
(3.73856 0.485905 0)
(3.74624 0.467529 0)
(3.75222 0.470886 0)
(3.75294 0.470546 0)
(3.77074 0.448286 0)
(3.78866 0.416538 0)
(3.79865 0.397731 0)
(3.80939 0.401434 0)
(3.81421 0.404956 0)
(3.82472 0.382141 0)
(3.83234 0.344282 0)
(3.83726 0.32522 0)
(3.84636 0.32671 0)
(3.85186 0.325556 0)
(3.86583 0.311506 0)
(3.87667 0.288982 0)
(3.88161 0.269196 0)
(3.89249 0.260852 0)
(3.90526 0.261338 0)
(3.906 0.256885 0)
(3.90708 0.230144 0)
(3.9117 0.202221 0)
(3.91593 0.189357 0)
(3.92776 0.193331 0)
(3.93794 0.196157 0)
(3.95431 0.182835 0)
(3.96289 0.157493 0)
(3.96367 0.139118 0)
(3.96732 0.132839 0)
(3.97046 0.126532 0)
(3.96931 0.113331 0)
(3.97793 0.104347 0)
(3.98572 0.0937372 0)
(3.99301 0.0795138 0)
(4.00388 0.068272 0)
(4.01572 0.0698931 0)
(4.02238 0.0679874 0)
(4.0243 0.0455837 0)
(4.01977 0.0211656 0)
(4.01875 0.0152894 0)
(4.0222 0.00910854 0)
(4.03762 0.00168726 0)
(4.04724 -0.008363 0)
(4.05258 -0.0158526 0)
(4.06094 -0.0180739 0)
(4.07116 -0.0298324 0)
(4.0741 -0.0478947 0)
(4.06877 -0.0566616 0)
(4.05984 -0.0668547 0)
(4.06661 -0.078105 0)
(4.07827 -0.0837167 0)
(4.08672 -0.0918506 0)
(4.09598 -0.100424 0)
(4.10456 -0.109041 0)
(4.11055 -0.111403 0)
(4.1123 -0.110758 0)
(4.1087 -0.126586 0)
(4.10282 -0.155054 0)
(4.10461 -0.16435 0)
(4.1108 -0.163001 0)
(4.11884 -0.164061 0)
(4.13114 -0.168735 0)
(4.13958 -0.177241 0)
(4.14406 -0.186286 0)
(4.14596 -0.194107 0)
(4.14114 -0.202296 0)
(4.1287 -0.213236 0)
(4.13207 -0.220769 0)
(4.13902 -0.224308 0)
(4.14526 -0.225884 0)
(4.15431 -0.229147 0)
(4.16268 -0.234883 0)
(4.16804 -0.242003 0)
(4.17125 -0.248413 0)
(4.16747 -0.255315 0)
(4.15795 -0.260341 0)
(4.15766 -0.261731 0)
(4.16243 -0.263254 0)
(4.16759 -0.264778 0)
(4.17258 -0.267883 0)
(4.17992 -0.274728 0)
(4.18289 -0.279249 0)
(4.18557 -0.281055 0)
(4.18618 -0.283534 0)
(4.18146 -0.284952 0)
(4.18003 -0.285364 0)
(4.18046 -0.285443 0)
(4.18106 -0.286007 0)
(4.18266 -0.287205 0)
(4.18699 -0.287846 0)
(4.18923 -0.289264 0)
(4.18684 -0.293205 0)
(4.17848 -0.30274 0)
(4.15009 -0.339115 0)
(4.10606 -0.375163 0)
(3.98104 -0.499502 0)
(3.79128 -0.7333 0)
(3.68818 -0.802801 0)
(3.4614 -1.00736 0)
(3.2514 -1.25516 0)
(3.17925 -1.26365 0)
(3.11707 -1.27755 0)
(3.05736 -1.34161 0)
(3.02709 -1.3556 0)
(3.01329 -1.34492 0)
(3.01165 -1.33751 0)
(3.01498 -1.33032 0)
(3.0228 -1.30833 0)
(3.02599 -1.28501 0)
(3.02928 -1.26797 0)
(3.02709 -1.25026 0)
(3.02526 -1.23058 0)
(3.03149 -1.21836 0)
(3.03367 -1.19628 0)
(3.03785 -1.16903 0)
(3.04693 -1.1568 0)
(3.04729 -1.13724 0)
(3.04925 -1.12503 0)
(3.05114 -1.11514 0)
(3.05093 -1.09515 0)
(3.0551 -1.0802 0)
(3.06019 -1.07073 0)
(3.06138 -1.05355 0)
(3.06609 -1.04523 0)
(3.06811 -1.03461 0)
(3.07182 -1.02503 0)
(3.07714 -1.01865 0)
(3.07912 -1.00216 0)
(3.08473 -0.989586 0)
(3.09344 -0.982287 0)
(3.1014 -0.973507 0)
(3.1058 -0.964427 0)
(3.11093 -0.952976 0)
(3.11562 -0.939761 0)
(3.12264 -0.931741 0)
(3.12968 -0.928742 0)
(3.13988 -0.921629 0)
(3.14737 -0.910821 0)
(3.15004 -0.90502 0)
(3.15085 -0.904077 0)
(3.15248 -0.901347 0)
(3.15537 -0.896101 0)
(3.15931 -0.89247 0)
(3.16581 -0.890406 0)
(3.17327 -0.887272 0)
(3.17819 -0.885819 0)
(3.18582 -0.882804 0)
(3.1945 -0.87865 0)
(3.20111 -0.875272 0)
(3.21158 -0.869793 0)
(3.22276 -0.863761 0)
(3.23152 -0.859985 0)
(3.2394 -0.855774 0)
(3.24939 -0.852577 0)
(3.25936 -0.851446 0)
(3.26927 -0.846942 0)
(3.27707 -0.842084 0)
(3.28207 -0.840322 0)
(3.28553 -0.840343 0)
(3.28884 -0.839332 0)
(3.29362 -0.83674 0)
(3.2991 -0.833515 0)
(3.30573 -0.82935 0)
(3.31157 -0.828123 0)
(3.31783 -0.828563 0)
(3.3257 -0.825762 0)
(3.33389 -0.818679 0)
(3.33922 -0.815271 0)
(3.34475 -0.810928 0)
(3.35427 -0.80505 0)
(3.36061 -0.802756 0)
(3.36789 -0.799737 0)
(3.37721 -0.79505 0)
(3.38229 -0.790125 0)
(3.3886 -0.787987 0)
(3.39313 -0.784919 0)
(3.39637 -0.78051 0)
(3.39604 -0.772627 0)
(3.39517 -0.76412 0)
(3.39193 -0.753431 0)
(3.38408 -0.731347 0)
(3.37054 -0.697768 0)
(3.34759 -0.652205 0)
(3.31882 -0.604107 0)
(3.27555 -0.526592 0)
(3.23279 -0.454784 0)
(3.19042 -0.38776 0)
(3.13658 -0.287317 0)
(3.10188 -0.210858 0)
(3.08084 -0.173862 0)
(3.05054 -0.111068 0)
(3.01915 -0.0383233 0)
(3.00138 -0.0128744 0)
(2.99031 0.00458276 0)
(2.9765 0.0349755 0)
(2.962 0.0711675 0)
(2.9537 0.0789737 0)
(2.95127 0.0846269 0)
(2.94769 0.0970857 0)
(2.94199 0.114942 0)
(2.93786 0.117603 0)
(2.93887 0.120825 0)
(2.94089 0.125292 0)
(2.94472 0.133336 0)
(2.94864 0.140317 0)
(2.95467 0.144512 0)
(2.9603 0.147818 0)
(2.96406 0.148166 0)
(2.96771 0.148725 0)
(2.97157 0.150066 0)
(2.9742 0.149251 0)
(2.97562 0.146946 0)
(2.97861 0.147715 0)
(2.9827 0.149922 0)
(2.9874 0.149723 0)
(2.99192 0.150003 0)
(2.99623 0.152696 0)
(2.99972 0.154156 0)
(3.00193 0.15384 0)
(3.00309 0.155696 0)
(3.00431 0.159432 0)
(3.00614 0.161798 0)
(3.00828 0.163195 0)
(3.01108 0.165209 0)
(3.01456 0.167079 0)
(3.01824 0.168738 0)
(3.0211 0.171265 0)
(3.02284 0.173765 0)
(3.02432 0.174481 0)
(3.02578 0.175332 0)
(3.0279 0.178088 0)
(3.03043 0.180517 0)
(3.03397 0.180633 0)
(3.03792 0.179631 0)
(3.04139 0.179608 0)
(3.04418 0.181383 0)
(3.04602 0.183603 0)
(3.04719 0.184261 0)
(3.04878 0.183331 0)
(3.05123 0.182874 0)
(3.05478 0.183946 0)
(3.0588 0.185781 0)
(3.06262 0.187073 0)
(3.06592 0.186495 0)
(3.06794 0.184742 0)
(3.0689 0.184741 0)
(3.07034 0.18747 0)
(3.07264 0.189991 0)
(3.07615 0.189987 0)
(3.08022 0.18859 0)
(3.08424 0.187973 0)
(3.08861 0.189278 0)
(3.09211 0.191456 0)
(3.09383 0.191991 0)
(3.09394 0.191022 0)
(3.09482 0.191489 0)
(3.09838 0.193275 0)
(3.10298 0.194713 0)
(3.10762 0.195599 0)
(3.11176 0.195898 0)
(3.11517 0.19571 0)
(3.11768 0.195603 0)
(3.1189 0.196783 0)
(3.11959 0.200064 0)
(3.12111 0.202827 0)
(3.12489 0.202686 0)
(3.12947 0.201658 0)
(3.13444 0.201892 0)
(3.1397 0.203874 0)
(3.1438 0.206316 0)
(3.14624 0.206852 0)
(3.14687 0.20621 0)
(3.14699 0.207697 0)
(3.14846 0.21007 0)
(3.15206 0.209773 0)
(3.15601 0.208313 0)
(3.15997 0.208311 0)
(3.16451 0.210117 0)
(3.16857 0.212236 0)
(3.17141 0.21251 0)
(3.1724 0.211346 0)
(3.17265 0.212215 0)
(3.17418 0.214951 0)
(3.17727 0.215578 0)
(3.18187 0.21363 0)
(3.1856 0.211264 0)
(3.18943 0.211683 0)
(3.19351 0.21525 0)
(3.19597 0.219793 0)
(3.19659 0.220881 0)
(3.19708 0.218041 0)
(3.19869 0.216597 0)
(3.20279 0.218474 0)
(3.20686 0.220775 0)
(3.21076 0.220879 0)
(3.21409 0.218718 0)
(3.21648 0.21802 0)
(3.21884 0.221304 0)
(3.22015 0.22625 0)
(3.22032 0.228598 0)
(3.22298 0.22626 0)
(3.22636 0.223637 0)
(3.23042 0.223448 0)
(3.23531 0.225606 0)
(3.23933 0.228149 0)
(3.24214 0.228622 0)
(3.24375 0.226778 0)
(3.24496 0.226644 0)
(3.24704 0.229689 0)
(3.24925 0.232438 0)
(3.25241 0.232133 0)
(3.25629 0.229966 0)
(3.25975 0.228118 0)
(3.26324 0.228544 0)
(3.26631 0.231194 0)
(3.268 0.232777 0)
(3.26836 0.232726 0)
(3.27173 0.233415 0)
(2.46132 1.6729 0)
(2.48471 1.6463 0)
(2.51207 1.62784 0)
(2.53486 1.61654 0)
(2.55347 1.60541 0)
(2.56549 1.59064 0)
(2.56919 1.57384 0)
(2.57773 1.5565 0)
(2.60179 1.54078 0)
(2.63173 1.52592 0)
(2.66134 1.51134 0)
(2.68797 1.49701 0)
(2.70758 1.48184 0)
(2.71726 1.46633 0)
(2.72605 1.44968 0)
(2.7508 1.42991 0)
(2.78348 1.40857 0)
(2.80979 1.3982 0)
(2.83299 1.39591 0)
(2.85958 1.37698 0)
(2.88197 1.34368 0)
(2.89436 1.33028 0)
(2.90371 1.32673 0)
(2.93052 1.311 0)
(2.96814 1.28097 0)
(2.99557 1.2535 0)
(3.01454 1.25279 0)
(3.02775 1.25578 0)
(3.04888 1.23154 0)
(3.07769 1.18776 0)
(3.0963 1.16732 0)
(3.11161 1.17217 0)
(3.12966 1.16825 0)
(3.16265 1.14099 0)
(3.19034 1.10103 0)
(3.20718 1.08796 0)
(3.21761 1.09378 0)
(3.22931 1.0851 0)
(3.25969 1.05017 0)
(3.28311 1.01046 0)
(3.2985 1.00336 0)
(3.30993 1.01001 0)
(3.32939 0.998914 0)
(3.35982 0.962165 0)
(3.37842 0.926444 0)
(3.39029 0.923381 0)
(3.39493 0.927387 0)
(3.41255 0.910128 0)
(3.44237 0.872151 0)
(3.45921 0.839215 0)
(3.47136 0.839663 0)
(3.47736 0.845982 0)
(3.49572 0.829276 0)
(3.52317 0.789871 0)
(3.53729 0.757222 0)
(3.54739 0.756388 0)
(3.55003 0.76235 0)
(3.56357 0.746767 0)
(3.59131 0.710754 0)
(3.60542 0.67573 0)
(3.61618 0.673661 0)
(3.62084 0.683021 0)
(3.63093 0.673553 0)
(3.65763 0.638987 0)
(3.67145 0.600519 0)
(3.68017 0.592022 0)
(3.68314 0.599991 0)
(3.68407 0.595761 0)
(3.70932 0.5714 0)
(3.72838 0.533656 0)
(3.73833 0.512375 0)
(3.74647 0.517777 0)
(3.74785 0.526654 0)
(3.75983 0.514107 0)
(3.77813 0.483298 0)
(3.78731 0.460312 0)
(3.79314 0.44237 0)
(3.79876 0.423324 0)
(3.80486 0.414539 0)
(3.81488 0.417354 0)
(3.82544 0.420243 0)
(3.84113 0.403966 0)
(3.85308 0.37146 0)
(3.85474 0.344458 0)
(3.85844 0.336996 0)
(3.86449 0.34007 0)
(3.86772 0.335448 0)
(3.88098 0.31736 0)
(3.8926 0.295334 0)
(3.89716 0.27719 0)
(3.9064 0.272205 0)
(3.91809 0.278517 0)
(3.92494 0.274232 0)
(3.93134 0.243646 0)
(3.92982 0.213387 0)
(3.93196 0.205011 0)
(3.9387 0.21057 0)
(3.94748 0.208561 0)
(3.96568 0.195921 0)
(3.97525 0.174538 0)
(3.97796 0.160161 0)
(3.98372 0.155143 0)
(3.99099 0.151106 0)
(3.98812 0.140523 0)
(3.99013 0.121343 0)
(3.99574 0.105013 0)
(4.00094 0.100108 0)
(4.0097 0.101285 0)
(4.02452 0.0929227 0)
(4.03655 0.0763772 0)
(4.04075 0.0631548 0)
(4.04201 0.0558556 0)
(4.03858 0.0484113 0)
(4.03396 0.0342003 0)
(4.04228 0.0210582 0)
(4.05313 0.0107796 0)
(4.05983 0.00351323 0)
(4.0675 0.00277024 0)
(4.07807 -0.00174024 0)
(4.08989 -0.0176429 0)
(4.09365 -0.0349678 0)
(4.08965 -0.0435499 0)
(4.0797 -0.0538866 0)
(4.08416 -0.063721 0)
(4.09401 -0.0660896 0)
(4.10418 -0.0759736 0)
(4.11175 -0.0899193 0)
(4.12112 -0.0964112 0)
(4.12991 -0.101469 0)
(4.1342 -0.113132 0)
(4.12998 -0.122326 0)
(4.11747 -0.132178 0)
(4.1196 -0.149461 0)
(4.13215 -0.157133 0)
(4.14015 -0.166267 0)
(4.14805 -0.171835 0)
(4.15665 -0.172195 0)
(4.16623 -0.178217 0)
(4.17187 -0.191992 0)
(4.1687 -0.205354 0)
(4.15635 -0.219764 0)
(4.15282 -0.232922 0)
(4.1627 -0.236499 0)
(4.16967 -0.238447 0)
(4.17808 -0.241587 0)
(4.18608 -0.246443 0)
(4.19126 -0.255543 0)
(4.19492 -0.262843 0)
(4.19784 -0.269499 0)
(4.19209 -0.275119 0)
(4.1868 -0.284408 0)
(4.19264 -0.288115 0)
(4.19445 -0.290732 0)
(4.19675 -0.294206 0)
(4.19587 -0.302819 0)
(4.18283 -0.326195 0)
(4.13232 -0.39944 0)
(4.06501 -0.475703 0)
(3.91786 -0.626178 0)
(3.68839 -0.880813 0)
(3.56638 -0.973153 0)
(3.3495 -1.15759 0)
(3.16796 -1.36279 0)
(3.0999 -1.36686 0)
(3.06482 -1.37255 0)
(3.01811 -1.41392 0)
(2.98922 -1.43378 0)
(2.98353 -1.42703 0)
(2.99537 -1.41593 0)
(3.01118 -1.40642 0)
(3.03139 -1.39035 0)
(3.04737 -1.37576 0)
(3.05524 -1.37493 0)
(3.05879 -1.37667 0)
(3.05845 -1.36964 0)
(3.06215 -1.35729 0)
(3.0682 -1.34937 0)
(3.07739 -1.3437 0)
(3.0895 -1.33598 0)
(3.09664 -1.32827 0)
(3.09859 -1.32395 0)
(3.09875 -1.31688 0)
(3.09986 -1.30673 0)
(3.10427 -1.29758 0)
(3.11151 -1.2915 0)
(3.12036 -1.28015 0)
(3.12883 -1.26087 0)
(3.13913 -1.25089 0)
(3.14264 -1.23744 0)
(3.14205 -1.22146 0)
(3.14603 -1.21159 0)
(3.14485 -1.19125 0)
(3.15031 -1.17344 0)
(3.15667 -1.15439 0)
(3.16364 -1.13191 0)
(3.1731 -1.11762 0)
(3.17186 -1.09712 0)
(3.17475 -1.08109 0)
(3.18107 -1.07299 0)
(3.18099 -1.05235 0)
(3.18647 -1.02667 0)
(3.19119 -1.02045 0)
(3.19771 -1.01195 0)
(3.20305 -0.991932 0)
(3.21049 -0.982079 0)
(3.21689 -0.978721 0)
(3.22065 -0.966875 0)
(3.22351 -0.951525 0)
(3.2294 -0.941953 0)
(3.23906 -0.936288 0)
(3.24654 -0.924958 0)
(3.25129 -0.910983 0)
(3.25957 -0.902562 0)
(3.26855 -0.894416 0)
(3.27103 -0.88603 0)
(3.2775 -0.880245 0)
(3.28378 -0.873227 0)
(3.2858 -0.865312 0)
(3.28909 -0.857062 0)
(3.29268 -0.855333 0)
(3.29729 -0.853464 0)
(3.30148 -0.848134 0)
(3.30475 -0.840384 0)
(3.30888 -0.837618 0)
(3.31404 -0.838202 0)
(3.3191 -0.836315 0)
(3.32592 -0.831647 0)
(3.3322 -0.824362 0)
(3.33904 -0.817271 0)
(3.34956 -0.813276 0)
(3.35837 -0.81115 0)
(3.36687 -0.807972 0)
(3.37796 -0.802674 0)
(3.38878 -0.795503 0)
(3.3965 -0.792887 0)
(3.40694 -0.788761 0)
(3.41364 -0.785655 0)
(3.41887 -0.783107 0)
(3.42523 -0.779088 0)
(3.4305 -0.778561 0)
(3.43587 -0.777842 0)
(3.44104 -0.776261 0)
(3.44591 -0.774086 0)
(3.44941 -0.771269 0)
(3.4531 -0.767332 0)
(3.45733 -0.764498 0)
(3.46232 -0.762147 0)
(3.46669 -0.757542 0)
(3.47299 -0.750811 0)
(3.47607 -0.741822 0)
(3.47597 -0.728799 0)
(3.47657 -0.714434 0)
(3.46988 -0.688125 0)
(3.45817 -0.657757 0)
(3.43756 -0.612803 0)
(3.40773 -0.550653 0)
(3.37835 -0.497633 0)
(3.33631 -0.419696 0)
(3.29204 -0.335671 0)
(3.25816 -0.28917 0)
(3.21783 -0.219963 0)
(3.17741 -0.128117 0)
(3.15351 -0.0873872 0)
(3.13584 -0.0639534 0)
(3.10725 -0.013885 0)
(3.08719 0.0396382 0)
(3.07704 0.0536815 0)
(3.06819 0.0704183 0)
(3.05657 0.0929455 0)
(3.04595 0.119397 0)
(3.04331 0.128252 0)
(3.04174 0.139634 0)
(3.03609 0.153004 0)
(3.03343 0.159799 0)
(3.03317 0.16516 0)
(3.03781 0.173788 0)
(3.04068 0.18179 0)
(3.0433 0.18656 0)
(3.04731 0.190807 0)
(3.0512 0.195108 0)
(3.0537 0.19589 0)
(3.05591 0.195014 0)
(3.0589 0.192575 0)
(3.06135 0.191087 0)
(3.06312 0.190592 0)
(3.06604 0.189351 0)
(3.06888 0.186599 0)
(3.07199 0.187818 0)
(3.07486 0.191654 0)
(3.07775 0.19145 0)
(3.07988 0.190088 0)
(3.0823 0.192381 0)
(3.0837 0.195882 0)
(3.0849 0.196126 0)
(3.08563 0.195146 0)
(3.08616 0.196938 0)
(3.08731 0.200375 0)
(3.08944 0.201999 0)
(3.09237 0.202462 0)
(3.09542 0.203783 0)
(3.09806 0.20586 0)
(3.10026 0.207003 0)
(3.10198 0.206929 0)
(3.10313 0.207325 0)
(3.10436 0.208706 0)
(3.10638 0.209381 0)
(3.10928 0.208739 0)
(3.11232 0.208424 0)
(3.11566 0.209781 0)
(3.11881 0.21153 0)
(3.12138 0.210941 0)
(3.12254 0.208496 0)
(3.1234 0.20832 0)
(3.12609 0.211167 0)
(3.12942 0.21338 0)
(3.13343 0.212625 0)
(3.13706 0.210498 0)
(3.14048 0.210304 0)
(3.14381 0.2128 0)
(3.14574 0.215356 0)
(3.14641 0.215357 0)
(3.14738 0.214279 0)
(3.14994 0.214365 0)
(3.15373 0.215874 0)
(3.15775 0.218379 0)
(3.16137 0.22068 0)
(3.1648 0.221069 0)
(3.16729 0.21942 0)
(3.16776 0.218594 0)
(3.16793 0.221869 0)
(3.16972 0.226644 0)
(3.17264 0.228734 0)
(3.17687 0.227574 0)
(3.18063 0.225992 0)
(3.18484 0.226902 0)
(3.18903 0.230394 0)
(3.19153 0.23309 0)
(3.19189 0.232011 0)
(3.19044 0.230162 0)
(3.1916 0.231891 0)
(3.19565 0.23524 0)
(3.19938 0.236862 0)
(3.20363 0.236005 0)
(3.20754 0.234866 0)
(3.21159 0.236119 0)
(3.21438 0.238383 0)
(3.21467 0.238148 0)
(3.21275 0.236412 0)
(3.21344 0.237356 0)
(3.21713 0.239374 0)
(3.22165 0.239691 0)
(3.22617 0.238217 0)
(3.22961 0.23662 0)
(3.23328 0.237681 0)
(3.23647 0.241091 0)
(3.23751 0.243398 0)
(3.23643 0.241544 0)
(3.2353 0.239223 0)
(3.23825 0.240516 0)
(3.24288 0.24294 0)
(3.2474 0.244257 0)
(3.25192 0.243061 0)
(3.25505 0.240634 0)
(3.25733 0.240872 0)
(3.25889 0.244671 0)
(3.25835 0.249283 0)
(3.2574 0.249887 0)
(3.25979 0.246747 0)
(3.26254 0.245069 0)
(3.26712 0.246162 0)
(3.2724 0.249124 0)
(3.27661 0.251925 0)
(3.27988 0.25171 0)
(3.28153 0.249488 0)
(3.282 0.249797 0)
(3.28234 0.253808 0)
(3.28308 0.256872 0)
(3.2859 0.256353 0)
(3.28963 0.254366 0)
(3.29303 0.253275 0)
(3.29705 0.254805 0)
(3.30055 0.257801 0)
(3.30191 0.258714 0)
(3.3032 0.258789 0)
(2.51271 1.72666 0)
(2.51916 1.72845 0)
(2.54464 1.71946 0)
(2.57365 1.69352 0)
(2.6002 1.66454 0)
(2.61502 1.64526 0)
(2.62236 1.62756 0)
(2.6315 1.61055 0)
(2.64755 1.59763 0)
(2.66852 1.58558 0)
(2.69099 1.57096 0)
(2.71164 1.55539 0)
(2.72652 1.54163 0)
(2.73469 1.52192 0)
(2.74738 1.49789 0)
(2.7664 1.48473 0)
(2.7906 1.47542 0)
(2.82222 1.45843 0)
(2.85166 1.43462 0)
(2.8703 1.42134 0)
(2.87661 1.41759 0)
(2.87906 1.40085 0)
(2.90581 1.36826 0)
(2.93398 1.34244 0)
(2.95427 1.34233 0)
(2.97642 1.34359 0)
(3.00772 1.32101 0)
(3.03111 1.28092 0)
(3.04129 1.26663 0)
(3.04251 1.26837 0)
(3.05657 1.2567 0)
(3.09241 1.2313 0)
(3.12331 1.19368 0)
(3.14235 1.18261 0)
(3.15627 1.19167 0)
(3.16808 1.18782 0)
(3.19313 1.14845 0)
(3.21196 1.10599 0)
(3.22489 1.10111 0)
(3.23511 1.10818 0)
(3.25696 1.09839 0)
(3.28947 1.06592 0)
(3.31104 1.02934 0)
(3.32399 1.02428 0)
(3.32912 1.03218 0)
(3.33871 1.02012 0)
(3.36712 0.981135 0)
(3.38541 0.944676 0)
(3.39832 0.943045 0)
(3.40775 0.951373 0)
(3.42824 0.940222 0)
(3.45547 0.902302 0)
(3.46949 0.868406 0)
(3.47807 0.867429 0)
(3.47898 0.873127 0)
(3.49367 0.857847 0)
(3.52157 0.822302 0)
(3.5369 0.787422 0)
(3.54851 0.78614 0)
(3.55397 0.797054 0)
(3.56524 0.789186 0)
(3.59157 0.753843 0)
(3.60499 0.713141 0)
(3.61314 0.704598 0)
(3.61737 0.714261 0)
(3.6201 0.713071 0)
(3.64505 0.689891 0)
(3.66561 0.649125 0)
(3.67485 0.624412 0)
(3.68384 0.628678 0)
(3.68746 0.640083 0)
(3.69399 0.633429 0)
(3.71799 0.601595 0)
(3.73175 0.561759 0)
(3.73707 0.541519 0)
(3.74383 0.54491 0)
(3.74943 0.554107 0)
(3.7567 0.548421 0)
(3.77717 0.522705 0)
(3.78969 0.490508 0)
(3.79613 0.473618 0)
(3.80457 0.47597 0)
(3.80864 0.48124 0)
(3.81489 0.464275 0)
(3.82951 0.430129 0)
(3.83385 0.404102 0)
(3.84056 0.399928 0)
(3.84913 0.409101 0)
(3.85727 0.409315 0)
(3.87382 0.387179 0)
(3.88271 0.3552 0)
(3.88532 0.337479 0)
(3.89042 0.33858 0)
(3.89197 0.34234 0)
(3.89643 0.328603 0)
(3.91237 0.307866 0)
(3.91859 0.284787 0)
(3.92421 0.277435 0)
(3.93321 0.285034 0)
(3.94068 0.286723 0)
(3.95286 0.263895 0)
(3.95593 0.232655 0)
(3.95506 0.217346 0)
(3.95735 0.220551 0)
(3.95869 0.223092 0)
(3.97228 0.213386 0)
(3.98696 0.196861 0)
(3.9934 0.177341 0)
(3.99799 0.169424 0)
(4.0027 0.174332 0)
(4.00504 0.173246 0)
(4.01073 0.146704 0)
(4.00941 0.120346 0)
(4.01233 0.117497 0)
(4.01658 0.122114 0)
(4.02507 0.119079 0)
(4.04186 0.106922 0)
(4.05088 0.0890039 0)
(4.05593 0.0795461 0)
(4.0593 0.0748197 0)
(4.05473 0.0699337 0)
(4.04736 0.0584187 0)
(4.05832 0.0443092 0)
(4.06601 0.0365788 0)
(4.07459 0.029779 0)
(4.0829 0.0225104 0)
(4.08826 0.0167441 0)
(4.09304 0.0113622 0)
(4.09728 0.00633688 0)
(4.09447 -0.00222408 0)
(4.09063 -0.0201579 0)
(4.09538 -0.0332201 0)
(4.103 -0.0417353 0)
(4.11021 -0.0488337 0)
(4.11619 -0.0521441 0)
(4.12284 -0.0533947 0)
(4.13152 -0.0562976 0)
(4.13895 -0.0600789 0)
(4.13655 -0.0705972 0)
(4.12895 -0.0909905 0)
(4.13074 -0.107227 0)
(4.13442 -0.116948 0)
(4.14061 -0.119858 0)
(4.14993 -0.115398 0)
(4.1574 -0.112344 0)
(4.16793 -0.119032 0)
(4.17269 -0.132135 0)
(4.17161 -0.139113 0)
(4.16765 -0.146321 0)
(4.16245 -0.163292 0)
(4.15978 -0.171235 0)
(4.15596 -0.187411 0)
(4.13063 -0.234554 0)
(4.0561 -0.349937 0)
(3.97629 -0.450944 0)
(3.7457 -0.694923 0)
(3.53854 -0.927187 0)
(3.41192 -1.01218 0)
(3.18097 -1.20269 0)
(3.05578 -1.36289 0)
(3.01291 -1.34464 0)
(2.99277 -1.3511 0)
(2.97473 -1.39043 0)
(2.96362 -1.39864 0)
(2.9616 -1.39452 0)
(2.98044 -1.38878 0)
(3.0051 -1.38261 0)
(3.03125 -1.372 0)
(3.05289 -1.36683 0)
(3.06906 -1.36636 0)
(3.07738 -1.36538 0)
(3.0786 -1.36064 0)
(3.08644 -1.35628 0)
(3.09322 -1.35451 0)
(3.10128 -1.35535 0)
(3.11129 -1.35408 0)
(3.11582 -1.3527 0)
(3.11932 -1.35113 0)
(3.11976 -1.34876 0)
(3.12232 -1.34662 0)
(3.12761 -1.34572 0)
(3.13436 -1.34401 0)
(3.14729 -1.33945 0)
(3.15653 -1.33259 0)
(3.16266 -1.32886 0)
(3.16666 -1.32366 0)
(3.1702 -1.31737 0)
(3.17651 -1.31089 0)
(3.18722 -1.30496 0)
(3.20037 -1.29736 0)
(3.21191 -1.28867 0)
(3.21963 -1.28266 0)
(3.22384 -1.27823 0)
(3.22748 -1.27056 0)
(3.23313 -1.25993 0)
(3.24038 -1.25093 0)
(3.25049 -1.24452 0)
(3.26077 -1.23177 0)
(3.27095 -1.22382 0)
(3.27461 -1.2129 0)
(3.27656 -1.19894 0)
(3.2819 -1.18901 0)
(3.28571 -1.18515 0)
(3.28619 -1.16946 0)
(3.29025 -1.14485 0)
(3.29833 -1.13134 0)
(3.30786 -1.12224 0)
(3.30932 -1.09936 0)
(3.31473 -1.08483 0)
(3.31965 -1.07338 0)
(3.31847 -1.05113 0)
(3.32497 -1.03507 0)
(3.33403 -1.026 0)
(3.33774 -1.00206 0)
(3.34606 -0.983714 0)
(3.35311 -0.980081 0)
(3.35795 -0.970623 0)
(3.3606 -0.951348 0)
(3.36658 -0.933232 0)
(3.37085 -0.929571 0)
(3.37321 -0.920715 0)
(3.3767 -0.907369 0)
(3.38411 -0.894077 0)
(3.39217 -0.884182 0)
(3.40045 -0.876466 0)
(3.40817 -0.86582 0)
(3.41116 -0.855635 0)
(3.41714 -0.845325 0)
(3.42023 -0.8354 0)
(3.4254 -0.828808 0)
(3.43248 -0.821352 0)
(3.43377 -0.812812 0)
(3.43864 -0.806091 0)
(3.44491 -0.799944 0)
(3.44602 -0.795281 0)
(3.44884 -0.791353 0)
(3.4532 -0.789331 0)
(3.45633 -0.784862 0)
(3.46019 -0.777119 0)
(3.46601 -0.77288 0)
(3.4728 -0.771655 0)
(3.48042 -0.767211 0)
(3.48653 -0.764261 0)
(3.49408 -0.757609 0)
(3.50328 -0.753285 0)
(3.51296 -0.750345 0)
(3.5212 -0.746317 0)
(3.52848 -0.743306 0)
(3.53716 -0.737854 0)
(3.54595 -0.732908 0)
(3.55168 -0.730555 0)
(3.56046 -0.725806 0)
(3.56397 -0.723583 0)
(3.56731 -0.719083 0)
(3.57149 -0.715374 0)
(3.57602 -0.710112 0)
(3.57407 -0.697296 0)
(3.56992 -0.680939 0)
(3.56235 -0.659272 0)
(3.54674 -0.628897 0)
(3.52484 -0.594519 0)
(3.49905 -0.547068 0)
(3.46131 -0.465911 0)
(3.43118 -0.411307 0)
(3.39933 -0.355582 0)
(3.35055 -0.251324 0)
(3.32717 -0.19454 0)
(3.30667 -0.153177 0)
(3.26272 -0.0700814 0)
(3.24352 -0.0149726 0)
(3.23315 0.00267027 0)
(3.2096 0.0447743 0)
(3.18801 0.0955396 0)
(3.17708 0.110449 0)
(3.16912 0.12285 0)
(3.15952 0.144351 0)
(3.14865 0.175243 0)
(3.14212 0.18066 0)
(3.13982 0.185522 0)
(3.13556 0.19732 0)
(3.13294 0.208293 0)
(3.1327 0.215023 0)
(3.13572 0.221477 0)
(3.13716 0.225005 0)
(3.14045 0.230726 0)
(3.14384 0.23466 0)
(3.14718 0.236679 0)
(3.14939 0.234 0)
(3.15074 0.231031 0)
(3.15359 0.22876 0)
(3.15632 0.226014 0)
(3.15755 0.222674 0)
(3.15852 0.217727 0)
(3.16009 0.213965 0)
(3.16198 0.213644 0)
(3.16491 0.213365 0)
(3.1684 0.212492 0)
(3.17177 0.212456 0)
(3.17504 0.212715 0)
(3.17768 0.213393 0)
(3.17912 0.215121 0)
(3.17952 0.217061 0)
(3.17961 0.218357 0)
(3.17974 0.218963 0)
(3.18054 0.219369 0)
(3.18273 0.22089 0)
(3.186 0.224233 0)
(3.18836 0.227877 0)
(3.19043 0.228559 0)
(3.19242 0.228661 0)
(3.19398 0.232216 0)
(3.19388 0.235749 0)
(3.19415 0.235319 0)
(3.19592 0.234964 0)
(3.19952 0.237271 0)
(3.2028 0.239709 0)
(3.20581 0.239461 0)
(3.20823 0.238332 0)
(3.21058 0.240388 0)
(3.21187 0.244206 0)
(3.21256 0.244169 0)
(3.21353 0.241206 0)
(3.21565 0.241469 0)
(3.21893 0.245295 0)
(3.22179 0.247452 0)
(3.22499 0.246553 0)
(3.22792 0.246803 0)
(3.22975 0.24882 0)
(3.2299 0.248941 0)
(3.22928 0.247863 0)
(3.23062 0.249769 0)
(3.23382 0.253683 0)
(3.23681 0.255731 0)
(3.24002 0.254311 0)
(3.24258 0.252591 0)
(3.24559 0.254525 0)
(3.24765 0.259331 0)
(3.2477 0.261071 0)
(3.24667 0.258239 0)
(3.2468 0.257764 0)
(3.25088 0.26131 0)
(3.25466 0.264769 0)
(3.25835 0.265337 0)
(3.26171 0.263404 0)
(3.2644 0.262849 0)
(3.26647 0.265924 0)
(3.26609 0.269151 0)
(3.26466 0.267351 0)
(3.26482 0.264607 0)
(3.26839 0.265518 0)
(3.27317 0.268253 0)
(3.27688 0.270178 0)
(3.28014 0.269111 0)
(3.28263 0.266463 0)
(3.28455 0.265812 0)
(3.28529 0.268912 0)
(3.28348 0.272317 0)
(3.2832 0.270807 0)
(3.28552 0.26818 0)
(3.28934 0.268405 0)
(3.2944 0.270809 0)
(3.29863 0.273153 0)
(3.30186 0.272593 0)
(3.30347 0.270208 0)
(3.30377 0.269681 0)
(3.3035 0.272804 0)
(3.30274 0.277091 0)
(3.30346 0.27757 0)
(3.30632 0.275019 0)
(3.30892 0.273656 0)
(3.31305 0.275072 0)
(3.31774 0.278304 0)
(3.32159 0.280786 0)
(3.32404 0.279694 0)
(3.32414 0.27718 0)
(3.32307 0.277697 0)
(3.32329 0.280613 0)
(3.32527 0.283186 0)
(3.32845 0.283397 0)
(3.33206 0.281901 0)
(3.33542 0.281318 0)
(3.33909 0.283595 0)
(3.34099 0.28555 0)
(3.34202 0.285827 0)
(2.67687 1.75907 0)
(2.61092 1.76348 0)
(2.59692 1.75761 0)
(2.60778 1.75278 0)
(2.61625 1.74856 0)
(2.636 1.73633 0)
(2.6592 1.71703 0)
(2.67322 1.69307 0)
(2.69541 1.66202 0)
(2.71783 1.64116 0)
(2.73582 1.62931 0)
(2.75353 1.6132 0)
(2.76703 1.59245 0)
(2.77195 1.57837 0)
(2.77286 1.56872 0)
(2.78635 1.55222 0)
(2.81392 1.52965 0)
(2.83947 1.50943 0)
(2.85859 1.5043 0)
(2.87601 1.49784 0)
(2.89258 1.46507 0)
(2.90192 1.43266 0)
(2.90911 1.42932 0)
(2.92444 1.42546 0)
(2.95715 1.40924 0)
(2.98989 1.37749 0)
(3.01128 1.35784 0)
(3.02136 1.3596 0)
(3.02004 1.35629 0)
(3.0323 1.32383 0)
(3.06187 1.28529 0)
(3.08073 1.27436 0)
(3.09775 1.28253 0)
(3.12278 1.27748 0)
(3.15308 1.24376 0)
(3.16921 1.20642 0)
(3.17414 1.20091 0)
(3.17062 1.20181 0)
(3.18808 1.18875 0)
(3.22178 1.16242 0)
(3.24879 1.12612 0)
(3.26536 1.11805 0)
(3.27737 1.12819 0)
(3.28731 1.12527 0)
(3.30829 1.08434 0)
(3.322 1.04186 0)
(3.33203 1.03823 0)
(3.34065 1.0455 0)
(3.36136 1.03773 0)
(3.39201 1.01002 0)
(3.41217 0.973987 0)
(3.42337 0.964888 0)
(3.42759 0.972041 0)
(3.42903 0.965923 0)
(3.45221 0.93311 0)
(3.47198 0.895214 0)
(3.48311 0.88472 0)
(3.49401 0.893569 0)
(3.50819 0.893746 0)
(3.53431 0.867178 0)
(3.54959 0.82604 0)
(3.55562 0.811591 0)
(3.55748 0.817245 0)
(3.55883 0.814368 0)
(3.58288 0.794056 0)
(3.60559 0.758886 0)
(3.61738 0.735338 0)
(3.62691 0.737997 0)
(3.63171 0.747268 0)
(3.64217 0.736747 0)
(3.66289 0.699518 0)
(3.67141 0.663835 0)
(3.67801 0.65823 0)
(3.68281 0.666422 0)
(3.68715 0.663418 0)
(3.71028 0.644638 0)
(3.72791 0.612508 0)
(3.737 0.591364 0)
(3.74513 0.593822 0)
(3.74706 0.600974 0)
(3.75046 0.5894 0)
(3.77089 0.559164 0)
(3.78005 0.527799 0)
(3.78644 0.51871 0)
(3.79221 0.527454 0)
(3.79612 0.527702 0)
(3.81579 0.507075 0)
(3.82836 0.475117 0)
(3.83367 0.45802 0)
(3.83953 0.460738 0)
(3.83904 0.464935 0)
(3.84437 0.449601 0)
(3.86164 0.422575 0)
(3.86769 0.397467 0)
(3.87452 0.393115 0)
(3.8807 0.402663 0)
(3.88518 0.403992 0)
(3.90129 0.381709 0)
(3.90949 0.349357 0)
(3.91229 0.334811 0)
(3.91579 0.338314 0)
(3.91391 0.339447 0)
(3.92159 0.326549 0)
(3.93765 0.30858 0)
(3.94488 0.286438 0)
(3.95133 0.279336 0)
(3.95685 0.287217 0)
(3.95879 0.290387 0)
(3.97 0.269041 0)
(3.9754 0.23738 0)
(3.97553 0.221228 0)
(3.97791 0.225541 0)
(3.97727 0.228829 0)
(3.98879 0.221382 0)
(4.00509 0.206396 0)
(4.01306 0.185555 0)
(4.01837 0.176758 0)
(4.02207 0.178415 0)
(4.02032 0.181759 0)
(4.01859 0.168353 0)
(4.02791 0.142407 0)
(4.03332 0.125203 0)
(4.03877 0.118834 0)
(4.04581 0.121105 0)
(4.05174 0.123377 0)
(4.0584 0.121653 0)
(4.06567 0.111977 0)
(4.07112 0.0920351 0)
(4.07116 0.0690093 0)
(4.0663 0.0536271 0)
(4.06799 0.0524193 0)
(4.07343 0.0557577 0)
(4.07952 0.0585258 0)
(4.08911 0.0544411 0)
(4.10363 0.0409373 0)
(4.11148 0.0215623 0)
(4.11376 0.00489637 0)
(4.11288 -0.0021992 0)
(4.10685 -0.002946 0)
(4.10167 -0.00816201 0)
(4.1139 -0.0127232 0)
(4.12495 -0.0189941 0)
(4.13438 -0.0304817 0)
(4.14155 -0.0428171 0)
(4.14745 -0.0486404 0)
(4.15485 -0.0474199 0)
(4.14911 -0.0607872 0)
(4.1322 -0.0965213 0)
(4.11136 -0.129416 0)
(4.04109 -0.222073 0)
(3.93543 -0.35808 0)
(3.82061 -0.484139 0)
(3.54316 -0.77364 0)
(3.38094 -0.946562 0)
(3.2566 -1.02742 0)
(3.06791 -1.1877 0)
(2.98017 -1.31019 0)
(2.94847 -1.2823 0)
(2.9515 -1.28437 0)
(2.9525 -1.30859 0)
(2.95771 -1.3143 0)
(2.96945 -1.31781 0)
(2.98761 -1.30771 0)
(3.00721 -1.29921 0)
(3.02902 -1.29467 0)
(3.05084 -1.29293 0)
(3.06803 -1.28812 0)
(3.08133 -1.28142 0)
(3.08745 -1.28146 0)
(3.08593 -1.29129 0)
(3.08951 -1.2987 0)
(3.09525 -1.30083 0)
(3.10292 -1.30188 0)
(3.112 -1.30348 0)
(3.11859 -1.30591 0)
(3.12534 -1.31043 0)
(3.13083 -1.315 0)
(3.13573 -1.31683 0)
(3.14593 -1.31653 0)
(3.15749 -1.31515 0)
(3.17008 -1.31232 0)
(3.18265 -1.30831 0)
(3.19321 -1.30619 0)
(3.20324 -1.30308 0)
(3.21273 -1.29924 0)
(3.22197 -1.29642 0)
(3.23443 -1.29289 0)
(3.24692 -1.28714 0)
(3.2566 -1.28162 0)
(3.26365 -1.27863 0)
(3.26803 -1.27515 0)
(3.27626 -1.2747 0)
(3.28447 -1.27463 0)
(3.29394 -1.27261 0)
(3.30487 -1.26868 0)
(3.31055 -1.26622 0)
(3.31444 -1.26443 0)
(3.31783 -1.26319 0)
(3.32086 -1.26115 0)
(3.32483 -1.258 0)
(3.33038 -1.25453 0)
(3.34178 -1.2473 0)
(3.34949 -1.24127 0)
(3.35795 -1.23564 0)
(3.36188 -1.23023 0)
(3.36371 -1.2234 0)
(3.36913 -1.21515 0)
(3.37679 -1.20807 0)
(3.38649 -1.20015 0)
(3.4019 -1.19097 0)
(3.41477 -1.17789 0)
(3.41721 -1.1709 0)
(3.42092 -1.16186 0)
(3.42317 -1.15035 0)
(3.42568 -1.13689 0)
(3.43176 -1.12706 0)
(3.43989 -1.12216 0)
(3.44946 -1.1104 0)
(3.45829 -1.08668 0)
(3.46562 -1.07175 0)
(3.46985 -1.06866 0)
(3.47105 -1.05928 0)
(3.46824 -1.03813 0)
(3.47261 -1.01597 0)
(3.47989 -1.00988 0)
(3.48481 -0.993122 0)
(3.49163 -0.968081 0)
(3.50077 -0.959949 0)
(3.50922 -0.952921 0)
(3.50931 -0.937782 0)
(3.51087 -0.914883 0)
(3.51682 -0.904524 0)
(3.52348 -0.900247 0)
(3.52367 -0.881355 0)
(3.53026 -0.863545 0)
(3.53792 -0.859991 0)
(3.5471 -0.852918 0)
(3.55487 -0.839251 0)
(3.55931 -0.822884 0)
(3.56543 -0.811807 0)
(3.57257 -0.808687 0)
(3.57882 -0.800905 0)
(3.58028 -0.790008 0)
(3.58539 -0.774212 0)
(3.59057 -0.76938 0)
(3.59626 -0.766031 0)
(3.60126 -0.758567 0)
(3.60226 -0.751284 0)
(3.60544 -0.74514 0)
(3.60917 -0.743549 0)
(3.61236 -0.739563 0)
(3.61359 -0.733437 0)
(3.6168 -0.725289 0)
(3.61974 -0.723196 0)
(3.62311 -0.722795 0)
(3.62884 -0.719876 0)
(3.63491 -0.713188 0)
(3.63819 -0.706573 0)
(3.64572 -0.697301 0)
(3.65458 -0.690612 0)
(3.66284 -0.685603 0)
(3.67039 -0.67698 0)
(3.67661 -0.66412 0)
(3.67532 -0.641738 0)
(3.67329 -0.621409 0)
(3.66639 -0.599017 0)
(3.64596 -0.549106 0)
(3.6268 -0.505217 0)
(3.60227 -0.464141 0)
(3.56648 -0.39271 0)
(3.5419 -0.342829 0)
(3.50848 -0.275024 0)
(3.46716 -0.172201 0)
(3.4442 -0.131072 0)
(3.42828 -0.11183 0)
(3.38598 -0.0408334 0)
(3.36269 0.0407601 0)
(3.34842 0.0548119 0)
(3.33219 0.0764843 0)
(3.30692 0.114887 0)
(3.29751 0.140139 0)
(3.29162 0.157258 0)
(3.27819 0.181185 0)
(3.26871 0.206223 0)
(3.26013 0.207765 0)
(3.25641 0.21421 0)
(3.25043 0.229529 0)
(3.24602 0.24361 0)
(3.24237 0.246762 0)
(3.24579 0.252329 0)
(3.24785 0.257984 0)
(3.24978 0.263756 0)
(3.25275 0.267419 0)
(3.25582 0.272906 0)
(3.25793 0.274919 0)
(3.26001 0.273074 0)
(3.26252 0.271838 0)
(3.26764 0.267049 0)
(3.27087 0.261052 0)
(3.272 0.260301 0)
(3.27279 0.258885 0)
(3.27376 0.252708 0)
(3.27425 0.250722 0)
(3.27581 0.253369 0)
(3.2789 0.252164 0)
(3.28154 0.250103 0)
(3.28486 0.252702 0)
(3.28765 0.255847 0)
(3.28952 0.25504 0)
(3.28925 0.254402 0)
(3.28852 0.25844 0)
(3.28751 0.262161 0)
(3.28664 0.262044 0)
(3.28609 0.262405 0)
(3.2881 0.26568 0)
(3.29034 0.269519 0)
(3.29252 0.27066 0)
(3.294 0.269508 0)
(3.29531 0.271328 0)
(3.29624 0.276607 0)
(3.2963 0.278969 0)
(3.29617 0.276703 0)
(3.29679 0.277016 0)
(3.29893 0.280544 0)
(3.30131 0.282234 0)
(3.30381 0.280509 0)
(3.30531 0.279498 0)
(3.30654 0.282165 0)
(3.30693 0.284334 0)
(3.30697 0.281884 0)
(3.30681 0.279903 0)
(3.30907 0.28275 0)
(3.31181 0.286454 0)
(3.31484 0.286279 0)
(3.31712 0.282763 0)
(3.3183 0.281571 0)
(3.31965 0.285487 0)
(3.31956 0.289861 0)
(3.31933 0.28838 0)
(3.31923 0.285146 0)
(3.32159 0.286584 0)
(3.32538 0.290732 0)
(3.32854 0.293378 0)
(3.33121 0.291928 0)
(3.33236 0.28982 0)
(3.33295 0.291611 0)
(3.33266 0.296393 0)
(3.33191 0.29808 0)
(3.33304 0.294925 0)
(3.33468 0.293433 0)
(3.33853 0.295773 0)
(3.34223 0.29955 0)
(3.34514 0.300509 0)
(3.34675 0.297014 0)
(3.34602 0.293767 0)
(3.34489 0.295538 0)
(3.34464 0.300025 0)
(3.34546 0.301791 0)
(3.34863 0.299312 0)
(3.35113 0.296435 0)
(3.35416 0.296772 0)
(3.35793 0.300552 0)
(3.36033 0.304507 0)
(3.36149 0.303799 0)
(3.36114 0.299026 0)
(3.35953 0.295993 0)
(3.35997 0.298609 0)
(3.36241 0.30392 0)
(3.3645 0.307237 0)
(3.36704 0.305893 0)
(3.3688 0.302395 0)
(3.37048 0.301975 0)
(3.3734 0.305937 0)
(3.37571 0.309713 0)
(3.3773 0.30858 0)
(3.37674 0.305213 0)
(3.37577 0.306042 0)
(3.37642 0.310236 0)
(3.37865 0.312186 0)
(3.38275 0.310147 0)
(3.38562 0.30872 0)
(3.38794 0.31174 0)
(3.3889 0.313736 0)
(3.39023 0.313686 0)
(3.94324 1.08875 0)
(3.41154 1.45638 0)
(3.13555 1.56896 0)
(2.88912 1.70124 0)
(2.75204 1.77383 0)
(2.69537 1.78334 0)
(2.69199 1.77244 0)
(2.69757 1.7586 0)
(2.70978 1.74923 0)
(2.73488 1.74069 0)
(2.76805 1.71958 0)
(2.79556 1.68532 0)
(2.80697 1.66505 0)
(2.80803 1.64969 0)
(2.82123 1.62006 0)
(2.84069 1.59498 0)
(2.85471 1.59034 0)
(2.86767 1.58904 0)
(2.88733 1.57016 0)
(2.90413 1.53712 0)
(2.90871 1.52099 0)
(2.90573 1.51823 0)
(2.91789 1.50248 0)
(2.94884 1.47625 0)
(2.97568 1.44989 0)
(2.9951 1.44267 0)
(3.00914 1.44714 0)
(3.02273 1.42841 0)
(3.03445 1.38011 0)
(3.04203 1.36151 0)
(3.0499 1.36674 0)
(3.0696 1.36197 0)
(3.10263 1.34123 0)
(3.1306 1.30644 0)
(3.14727 1.29227 0)
(3.15293 1.29638 0)
(3.14671 1.28856 0)
(3.16148 1.25577 0)
(3.18934 1.22156 0)
(3.20684 1.21079 0)
(3.22324 1.21888 0)
(3.24576 1.21453 0)
(3.27227 1.18216 0)
(3.28424 1.14583 0)
(3.28605 1.13946 0)
(3.28216 1.13967 0)
(3.2983 1.12678 0)
(3.32818 1.1043 0)
(3.35135 1.07211 0)
(3.36661 1.06174 0)
(3.38141 1.06935 0)
(3.39013 1.06977 0)
(3.40431 1.03244 0)
(3.41269 0.989459 0)
(3.4206 0.984684 0)
(3.43006 0.991235 0)
(3.44983 0.984753 0)
(3.47847 0.962503 0)
(3.49746 0.929038 0)
(3.50741 0.916256 0)
(3.51233 0.91986 0)
(3.50951 0.91841 0)
(3.52125 0.893521 0)
(3.54378 0.859581 0)
(3.55448 0.83768 0)
(3.56651 0.841005 0)
(3.57808 0.84927 0)
(3.59897 0.837696 0)
(3.61729 0.800632 0)
(3.62206 0.771655 0)
(3.62341 0.77014 0)
(3.62036 0.771164 0)
(3.63242 0.760178 0)
(3.65686 0.741716 0)
(3.67426 0.711265 0)
(3.6846 0.697511 0)
(3.69282 0.703332 0)
(3.69612 0.709925 0)
(3.7072 0.689886 0)
(3.71995 0.649469 0)
(3.72446 0.627827 0)
(3.73092 0.632456 0)
(3.73445 0.635667 0)
(3.75244 0.625376 0)
(3.77288 0.601338 0)
(3.78343 0.575187 0)
(3.79115 0.568735 0)
(3.7924 0.57339 0)
(3.78642 0.569507 0)
(3.80177 0.54619 0)
(3.81502 0.516034 0)
(3.82078 0.498627 0)
(3.82858 0.504008 0)
(3.83256 0.510644 0)
(3.84799 0.500156 0)
(3.8641 0.471238 0)
(3.86877 0.44739 0)
(3.87188 0.443829 0)
(3.87003 0.445857 0)
(3.86671 0.437948 0)
(3.88336 0.424657 0)
(3.89688 0.401922 0)
(3.90378 0.382806 0)
(3.91203 0.385223 0)
(3.9154 0.394151 0)
(3.92028 0.389986 0)
(3.93304 0.360994 0)
(3.93575 0.331343 0)
(3.93757 0.32557 0)
(3.9375 0.330475 0)
(3.93763 0.326393 0)
(3.95286 0.318546 0)
(3.9668 0.30073 0)
(3.97435 0.281835 0)
(3.98124 0.276781 0)
(3.98437 0.281592 0)
(3.98035 0.284269 0)
(3.98518 0.264945 0)
(3.99423 0.236582 0)
(3.9956 0.218212 0)
(4.00152 0.218082 0)
(4.00693 0.224731 0)
(4.01117 0.227879 0)
(4.02505 0.21815 0)
(4.03696 0.196433 0)
(4.03959 0.175784 0)
(4.03844 0.166013 0)
(4.03533 0.169093 0)
(4.03009 0.16932 0)
(4.0373 0.15824 0)
(4.0498 0.153003 0)
(4.05991 0.135774 0)
(4.0636 0.122536 0)
(4.0711 0.119879 0)
(4.0784 0.120369 0)
(4.08179 0.118967 0)
(4.07452 0.111484 0)
(4.07761 0.0923547 0)
(4.0836 0.0791904 0)
(4.08931 0.0710197 0)
(4.09574 0.0640102 0)
(4.10294 0.0661324 0)
(4.11237 0.0654898 0)
(4.10646 0.052286 0)
(4.08429 0.00447112 0)
(4.04259 -0.0645313 0)
(3.92228 -0.226384 0)
(3.79215 -0.3573 0)
(3.60841 -0.539391 0)
(3.33539 -0.84475 0)
(3.2131 -0.947127 0)
(3.09962 -1.01703 0)
(2.96435 -1.15277 0)
(2.90979 -1.23766 0)
(2.88716 -1.21246 0)
(2.90535 -1.21468 0)
(2.92443 -1.22012 0)
(2.94276 -1.22352 0)
(2.96682 -1.22621 0)
(2.98163 -1.2192 0)
(2.99081 -1.20776 0)
(3.0132 -1.20446 0)
(3.03344 -1.20635 0)
(3.0517 -1.20211 0)
(3.06453 -1.19753 0)
(3.07372 -1.19835 0)
(3.0746 -1.20707 0)
(3.07442 -1.21913 0)
(3.08124 -1.22431 0)
(3.08857 -1.22628 0)
(3.09836 -1.22832 0)
(3.10716 -1.2307 0)
(3.11733 -1.23546 0)
(3.12699 -1.23989 0)
(3.135 -1.24101 0)
(3.14294 -1.24014 0)
(3.15331 -1.24043 0)
(3.16614 -1.24067 0)
(3.17992 -1.23964 0)
(3.19303 -1.23796 0)
(3.20524 -1.2364 0)
(3.21588 -1.23601 0)
(3.2231 -1.23619 0)
(3.23095 -1.23497 0)
(3.24323 -1.23421 0)
(3.25426 -1.23394 0)
(3.26494 -1.2348 0)
(3.27474 -1.2365 0)
(3.28332 -1.239 0)
(3.28991 -1.24114 0)
(3.29702 -1.24186 0)
(3.30705 -1.24263 0)
(3.31717 -1.24299 0)
(3.32703 -1.24355 0)
(3.33631 -1.24485 0)
(3.34487 -1.24644 0)
(3.35185 -1.24603 0)
(3.36179 -1.24256 0)
(3.36996 -1.24073 0)
(3.37952 -1.23766 0)
(3.39232 -1.23308 0)
(3.40351 -1.22597 0)
(3.41152 -1.22352 0)
(3.41922 -1.21957 0)
(3.42753 -1.21499 0)
(3.43507 -1.21097 0)
(3.44561 -1.20835 0)
(3.45613 -1.20352 0)
(3.46292 -1.19994 0)
(3.46851 -1.19588 0)
(3.47372 -1.19262 0)
(3.47849 -1.19298 0)
(3.48348 -1.19146 0)
(3.49079 -1.18873 0)
(3.50103 -1.18302 0)
(3.5072 -1.17854 0)
(3.51117 -1.17595 0)
(3.5128 -1.16908 0)
(3.51495 -1.1623 0)
(3.51911 -1.15736 0)
(3.52582 -1.15238 0)
(3.53587 -1.14637 0)
(3.54924 -1.13573 0)
(3.55439 -1.12801 0)
(3.56084 -1.11922 0)
(3.56464 -1.1087 0)
(3.57047 -1.09773 0)
(3.57695 -1.08836 0)
(3.58488 -1.079 0)
(3.59987 -1.07098 0)
(3.61063 -1.05336 0)
(3.61851 -1.03991 0)
(3.62681 -1.03502 0)
(3.62856 -1.02185 0)
(3.63267 -1.00779 0)
(3.63757 -1.0007 0)
(3.642 -0.995411 0)
(3.64645 -0.977252 0)
(3.65582 -0.952168 0)
(3.6657 -0.941884 0)
(3.67323 -0.938684 0)
(3.67385 -0.927141 0)
(3.67284 -0.909903 0)
(3.67789 -0.893375 0)
(3.68417 -0.88894 0)
(3.69185 -0.882791 0)
(3.69468 -0.860809 0)
(3.70361 -0.839062 0)
(3.71211 -0.832622 0)
(3.71752 -0.828636 0)
(3.71937 -0.818034 0)
(3.72286 -0.804507 0)
(3.73211 -0.790836 0)
(3.73919 -0.777231 0)
(3.74455 -0.768127 0)
(3.75177 -0.76148 0)
(3.75699 -0.751887 0)
(3.75936 -0.741737 0)
(3.76616 -0.72688 0)
(3.77117 -0.720439 0)
(3.77735 -0.715392 0)
(3.78376 -0.708127 0)
(3.78795 -0.700204 0)
(3.79361 -0.693814 0)
(3.80077 -0.69242 0)
(3.80525 -0.685962 0)
(3.80594 -0.675602 0)
(3.80811 -0.660669 0)
(3.81182 -0.650289 0)
(3.8132 -0.648163 0)
(3.8071 -0.627934 0)
(3.79938 -0.595904 0)
(3.79198 -0.560174 0)
(3.77738 -0.50836 0)
(3.76055 -0.481044 0)
(3.73581 -0.445202 0)
(3.69349 -0.349688 0)
(3.67695 -0.29987 0)
(3.65191 -0.249029 0)
(3.60568 -0.149683 0)
(3.58506 -0.110826 0)
(3.57318 -0.0895623 0)
(3.52893 -0.0144329 0)
(3.50738 0.0628545 0)
(3.49067 0.0724476 0)
(3.4731 0.0917443 0)
(3.44696 0.129046 0)
(3.43229 0.171376 0)
(3.42459 0.185648 0)
(3.4108 0.207046 0)
(3.39707 0.231464 0)
(3.39125 0.244767 0)
(3.38619 0.251471 0)
(3.38099 0.265167 0)
(3.3752 0.284484 0)
(3.36938 0.288037 0)
(3.364 0.290189 0)
(3.36694 0.298713 0)
(3.36692 0.305684 0)
(3.36885 0.308797 0)
(3.37262 0.309221 0)
(3.37719 0.312708 0)
(3.38122 0.317027 0)
(3.38397 0.318008 0)
(3.38608 0.318248 0)
(3.38889 0.313358 0)
(3.39079 0.305646 0)
(3.39148 0.304033 0)
(3.39234 0.304324 0)
(3.39467 0.297946 0)
(3.39447 0.289908 0)
(3.39525 0.290422 0)
(3.39612 0.293762 0)
(3.39735 0.290658 0)
(3.39756 0.287603 0)
(3.39937 0.291291 0)
(3.40102 0.294986 0)
(3.40243 0.293164 0)
(3.40183 0.291484 0)
(3.40203 0.295192 0)
(3.40186 0.300326 0)
(3.40096 0.301103 0)
(3.39908 0.300521 0)
(3.39878 0.303372 0)
(3.39985 0.307409 0)
(3.40085 0.309321 0)
(3.40108 0.308951 0)
(3.40122 0.309392 0)
(3.40208 0.312758 0)
(3.40204 0.316523 0)
(3.40135 0.316473 0)
(3.40113 0.315753 0)
(3.40263 0.318425 0)
(3.40437 0.321597 0)
(3.40616 0.320853 0)
(3.40684 0.317813 0)
(3.40667 0.317727 0)
(3.40679 0.321581 0)
(3.40699 0.324446 0)
(3.40792 0.322287 0)
(3.40828 0.320011 0)
(3.41007 0.322568 0)
(3.41237 0.327151 0)
(3.41474 0.328292 0)
(3.41594 0.324326 0)
(3.41438 0.320961 0)
(3.41341 0.32378 0)
(3.41406 0.330085 0)
(3.41487 0.333137 0)
(3.41708 0.330427 0)
(3.41847 0.327309 0)
(3.42096 0.328786 0)
(3.42315 0.333915 0)
(3.42303 0.336043 0)
(3.42167 0.331531 0)
(3.41945 0.326812 0)
(3.42013 0.328066 0)
(3.42284 0.332721 0)
(3.42446 0.335761 0)
(3.4266 0.334527 0)
(3.42853 0.33145 0)
(3.4301 0.331137 0)
(3.43093 0.334984 0)
(3.43006 0.339072 0)
(3.42926 0.33837 0)
(3.42979 0.333495 0)
(3.43034 0.330165 0)
(3.43199 0.331195 0)
(3.43484 0.335432 0)
(3.43708 0.340711 0)
(3.4378 0.343003 0)
(3.43798 0.339396 0)
(3.43765 0.334146 0)
(3.43822 0.333204 0)
(3.44081 0.33799 0)
(3.44188 0.344102 0)
(3.44128 0.346031 0)
(3.44197 0.341745 0)
(3.44276 0.336683 0)
(3.44406 0.336315 0)
(3.44664 0.342665 0)
(3.44601 0.349598 0)
(3.4477 0.347249 0)
(3.44953 0.343982 0)
(4.97043 0.0700541 0)
(4.82981 0.261088 0)
(4.53847 0.564427 0)
(4.18618 0.918003 0)
(3.60881 1.3994 0)
(3.31593 1.55985 0)
(3.09197 1.61934 0)
(2.91192 1.73712 0)
(2.82043 1.80462 0)
(2.78452 1.79015 0)
(2.78757 1.77721 0)
(2.79873 1.76355 0)
(2.81011 1.75509 0)
(2.83315 1.74085 0)
(2.85947 1.71311 0)
(2.87433 1.69087 0)
(2.88465 1.67344 0)
(2.91081 1.64277 0)
(2.93084 1.61184 0)
(2.93911 1.60378 0)
(2.94367 1.60089 0)
(2.94899 1.5793 0)
(2.95732 1.55344 0)
(2.97033 1.53872 0)
(2.98581 1.53105 0)
(3.00318 1.5223 0)
(3.02488 1.5 0)
(3.04085 1.46692 0)
(3.04499 1.45232 0)
(3.04317 1.45128 0)
(3.056 1.43597 0)
(3.08596 1.41156 0)
(3.11008 1.3851 0)
(3.1286 1.3751 0)
(3.14204 1.37854 0)
(3.14777 1.36523 0)
(3.15427 1.32312 0)
(3.16461 1.30236 0)
(3.17675 1.30213 0)
(3.19644 1.29507 0)
(3.22315 1.27767 0)
(3.24515 1.25396 0)
(3.26094 1.24052 0)
(3.26528 1.23809 0)
(3.26016 1.21974 0)
(3.2772 1.18354 0)
(3.29131 1.16994 0)
(3.30641 1.17316 0)
(3.32997 1.16628 0)
(3.35815 1.14059 0)
(3.37517 1.11199 0)
(3.38275 1.10253 0)
(3.37946 1.10271 0)
(3.37242 1.08965 0)
(3.39507 1.07013 0)
(3.421 1.04214 0)
(3.43742 1.0193 0)
(3.45248 1.02137 0)
(3.46608 1.0311 0)
(3.48026 1.02054 0)
(3.49282 0.975395 0)
(3.49343 0.940371 0)
(3.49778 0.942373 0)
(3.50417 0.947723 0)
(3.52304 0.940353 0)
(3.5496 0.921118 0)
(3.56957 0.888831 0)
(3.5818 0.873542 0)
(3.58767 0.874744 0)
(3.58297 0.875898 0)
(3.581 0.857794 0)
(3.60321 0.829445 0)
(3.61691 0.801474 0)
(3.62736 0.797258 0)
(3.6396 0.805794 0)
(3.65552 0.804937 0)
(3.67636 0.779362 0)
(3.68325 0.744607 0)
(3.68262 0.733151 0)
(3.67791 0.733758 0)
(3.67996 0.726668 0)
(3.70064 0.718513 0)
(3.72126 0.697197 0)
(3.7358 0.672994 0)
(3.74559 0.66853 0)
(3.75155 0.675615 0)
(3.75367 0.675533 0)
(3.76294 0.64287 0)
(3.76647 0.605644 0)
(3.77143 0.599836 0)
(3.7772 0.605801 0)
(3.78634 0.603038 0)
(3.8067 0.593976 0)
(3.82277 0.569147 0)
(3.83157 0.54988 0)
(3.83704 0.545519 0)
(3.83242 0.546983 0)
(3.82338 0.538159 0)
(3.83852 0.519683 0)
(3.85254 0.495703 0)
(3.8595 0.479816 0)
(3.8694 0.483189 0)
(3.87503 0.490903 0)
(3.8862 0.485343 0)
(3.89993 0.457582 0)
(3.90174 0.430185 0)
(3.90016 0.424632 0)
(3.89617 0.425117 0)
(3.89802 0.418529 0)
(3.91287 0.412261 0)
(3.92713 0.396194 0)
(3.93648 0.37776 0)
(3.94486 0.37245 0)
(3.95014 0.377293 0)
(3.94846 0.380007 0)
(3.9526 0.358542 0)
(3.95732 0.327589 0)
(3.95848 0.31166 0)
(3.96471 0.315166 0)
(3.96837 0.320442 0)
(3.97712 0.316961 0)
(3.99287 0.306125 0)
(4.00236 0.283476 0)
(4.00692 0.27118 0)
(4.00914 0.269017 0)
(4.00458 0.265512 0)
(3.99805 0.255651 0)
(4.00618 0.248988 0)
(4.01571 0.23772 0)
(4.02471 0.223944 0)
(4.03481 0.216813 0)
(4.04125 0.215445 0)
(4.04444 0.21802 0)
(4.04619 0.21771 0)
(4.05144 0.198812 0)
(4.05234 0.172016 0)
(4.05265 0.16269 0)
(4.05868 0.162948 0)
(4.06348 0.161921 0)
(4.06773 0.157773 0)
(4.05369 0.124037 0)
(4.02081 0.0655398 0)
(3.92764 -0.0563984 0)
(3.76179 -0.266232 0)
(3.62097 -0.388399 0)
(3.35974 -0.639611 0)
(3.14435 -0.902601 0)
(3.05444 -0.943152 0)
(2.97034 -0.997349 0)
(2.89614 -1.10836 0)
(2.84753 -1.15233 0)
(2.84732 -1.14447 0)
(2.86845 -1.14175 0)
(2.89895 -1.13723 0)
(2.9278 -1.13725 0)
(2.95955 -1.13622 0)
(2.97951 -1.13228 0)
(2.98706 -1.12108 0)
(2.99785 -1.11698 0)
(3.01524 -1.12328 0)
(3.03191 -1.12404 0)
(3.04811 -1.1177 0)
(3.0586 -1.11813 0)
(3.06684 -1.12496 0)
(3.06841 -1.13572 0)
(3.06929 -1.14405 0)
(3.07646 -1.14771 0)
(3.08529 -1.15025 0)
(3.09672 -1.15202 0)
(3.10927 -1.15405 0)
(3.12213 -1.15704 0)
(3.13432 -1.15874 0)
(3.144 -1.15931 0)
(3.1503 -1.15886 0)
(3.16098 -1.15875 0)
(3.17524 -1.1592 0)
(3.18925 -1.15848 0)
(3.20237 -1.15706 0)
(3.21414 -1.15601 0)
(3.22415 -1.15585 0)
(3.23047 -1.15622 0)
(3.23806 -1.15785 0)
(3.25017 -1.16067 0)
(3.26217 -1.16116 0)
(3.27411 -1.15981 0)
(3.28508 -1.15991 0)
(3.29486 -1.16201 0)
(3.30185 -1.16482 0)
(3.308 -1.16669 0)
(3.31948 -1.16835 0)
(3.33117 -1.16858 0)
(3.34286 -1.16863 0)
(3.35475 -1.16904 0)
(3.36568 -1.16904 0)
(3.37478 -1.16891 0)
(3.38065 -1.16819 0)
(3.38868 -1.16713 0)
(3.39973 -1.16718 0)
(3.41034 -1.16748 0)
(3.4219 -1.16737 0)
(3.43316 -1.16634 0)
(3.44356 -1.16484 0)
(3.45186 -1.16518 0)
(3.45735 -1.16632 0)
(3.46651 -1.16721 0)
(3.47682 -1.16816 0)
(3.48757 -1.16738 0)
(3.49783 -1.16641 0)
(3.5074 -1.16764 0)
(3.51619 -1.16962 0)
(3.52347 -1.17018 0)
(3.53044 -1.16786 0)
(3.54079 -1.16594 0)
(3.55148 -1.16367 0)
(3.5621 -1.16029 0)
(3.57178 -1.15826 0)
(3.58029 -1.1581 0)
(3.58848 -1.15338 0)
(3.59935 -1.14702 0)
(3.60582 -1.14327 0)
(3.6163 -1.13825 0)
(3.62772 -1.13585 0)
(3.63631 -1.13228 0)
(3.64378 -1.12965 0)
(3.65431 -1.12596 0)
(3.66086 -1.12079 0)
(3.66829 -1.11651 0)
(3.67668 -1.11525 0)
(3.68277 -1.11154 0)
(3.68797 -1.10853 0)
(3.69277 -1.10495 0)
(3.69592 -1.09926 0)
(3.69963 -1.09369 0)
(3.70389 -1.09145 0)
(3.71213 -1.08676 0)
(3.72118 -1.07808 0)
(3.72848 -1.07051 0)
(3.7321 -1.06597 0)
(3.73477 -1.05773 0)
(3.74306 -1.04951 0)
(3.74931 -1.04217 0)
(3.75573 -1.03141 0)
(3.76588 -1.02189 0)
(3.78105 -1.01395 0)
(3.7915 -1.00229 0)
(3.79391 -0.993728 0)
(3.8002 -0.984629 0)
(3.80472 -0.972229 0)
(3.80759 -0.95887 0)
(3.81385 -0.94906 0)
(3.8218 -0.946264 0)
(3.82902 -0.938134 0)
(3.8362 -0.91633 0)
(3.84618 -0.896485 0)
(3.85301 -0.890175 0)
(3.85721 -0.890492 0)
(3.85712 -0.881967 0)
(3.8538 -0.865334 0)
(3.85799 -0.847249 0)
(3.86526 -0.837955 0)
(3.87411 -0.835081 0)
(3.87984 -0.819455 0)
(3.88541 -0.798119 0)
(3.89205 -0.791993 0)
(3.89764 -0.792037 0)
(3.90532 -0.785338 0)
(3.90914 -0.775079 0)
(3.91179 -0.760312 0)
(3.91848 -0.747706 0)
(3.92386 -0.736982 0)
(3.92915 -0.734404 0)
(3.93481 -0.730534 0)
(3.94183 -0.721926 0)
(3.94862 -0.707408 0)
(3.95023 -0.683387 0)
(3.95161 -0.669926 0)
(3.95321 -0.665198 0)
(3.94259 -0.635468 0)
(3.93317 -0.602109 0)
(3.9223 -0.566058 0)
(3.90652 -0.514982 0)
(3.89221 -0.487621 0)
(3.87028 -0.440444 0)
(3.83368 -0.335302 0)
(3.81872 -0.285234 0)
(3.80485 -0.257753 0)
(3.74873 -0.159967 0)
(3.72556 -0.0779124 0)
(3.71558 -0.0664538 0)
(3.68529 -0.0159597 0)
(3.64867 0.0728434 0)
(3.63567 0.104048 0)
(3.62191 0.113372 0)
(3.59463 0.149664 0)
(3.57078 0.199772 0)
(3.56048 0.225134 0)
(3.54429 0.236608 0)
(3.52801 0.254777 0)
(3.51517 0.282382 0)
(3.51034 0.297919 0)
(3.5032 0.303366 0)
(3.49973 0.313769 0)
(3.49359 0.328092 0)
(3.49087 0.333993 0)
(3.48614 0.339692 0)
(3.48247 0.344733 0)
(3.48219 0.351864 0)
(3.48219 0.355985 0)
(3.48474 0.357287 0)
(3.48892 0.358864 0)
(3.49326 0.362814 0)
(3.49647 0.364126 0)
(3.50008 0.363301 0)
(3.50202 0.361702 0)
(3.50261 0.358002 0)
(3.50352 0.352562 0)
(3.50491 0.35144 0)
(3.50543 0.351762 0)
(3.5062 0.345864 0)
(3.50595 0.33808 0)
(3.50655 0.337654 0)
(3.50724 0.342055 0)
(3.50843 0.340316 0)
(3.50872 0.334831 0)
(3.5096 0.336839 0)
(3.5099 0.343401 0)
(3.51032 0.343823 0)
(3.50991 0.340058 0)
(3.50933 0.341924 0)
(3.50863 0.347877 0)
(3.50789 0.34959 0)
(3.50684 0.348545 0)
(3.50599 0.349958 0)
(3.50602 0.351941 0)
(3.50662 0.353821 0)
(3.50608 0.356849 0)
(3.5043 0.358626 0)
(3.50342 0.357342 0)
(3.50394 0.357194 0)
(3.50525 0.36129 0)
(3.50502 0.365008 0)
(3.50563 0.363568 0)
(3.50657 0.360338 0)
(3.50789 0.362108 0)
(3.5073 0.36734 0)
(3.50528 0.367554 0)
(3.50395 0.363428 0)
(3.50471 0.363494 0)
(3.50686 0.367971 0)
(3.50836 0.369838 0)
(3.50988 0.366528 0)
(3.51047 0.36441 0)
(3.51123 0.367983 0)
(3.51012 0.371682 0)
(3.50893 0.368131 0)
(3.50708 0.36257 0)
(3.50798 0.363856 0)
(3.51019 0.369315 0)
(3.5115 0.371881 0)
(3.5139 0.368537 0)
(3.51459 0.364678 0)
(3.51509 0.367355 0)
(3.5137 0.37289 0)
(3.51171 0.372749 0)
(3.51071 0.369419 0)
(3.5113 0.369609 0)
(3.51262 0.371785 0)
(3.51387 0.371879 0)
(3.51465 0.370172 0)
(3.51569 0.371065 0)
(3.51698 0.375406 0)
(3.51691 0.377657 0)
(3.51656 0.373132 0)
(3.51479 0.36816 0)
(3.51548 0.369947 0)
(3.51802 0.375899 0)
(3.51944 0.380602 0)
(3.52042 0.37859 0)
(3.51927 0.372292 0)
(3.51705 0.370764 0)
(3.5176 0.37784 0)
(3.51656 0.384163 0)
(3.51922 0.380708 0)
(3.5209 0.376951 0)
(5 0.000164804 0)
(4.99989 0.00111585 0)
(4.99729 0.00963699 0)
(4.98009 0.0536149 0)
(4.90649 0.166615 0)
(4.66493 0.479209 0)
(4.38911 0.73211 0)
(3.95273 1.14373 0)
(3.49259 1.54491 0)
(3.2984 1.59098 0)
(3.09706 1.65173 0)
(2.97084 1.76597 0)
(2.90329 1.80909 0)
(2.87913 1.79313 0)
(2.87995 1.77877 0)
(2.88903 1.76647 0)
(2.89913 1.75884 0)
(2.92064 1.74562 0)
(2.94218 1.72318 0)
(2.96443 1.68974 0)
(2.98099 1.66188 0)
(2.98923 1.64357 0)
(3.00293 1.62048 0)
(3.01847 1.60069 0)
(3.03002 1.59295 0)
(3.04033 1.58347 0)
(3.05163 1.56065 0)
(3.05944 1.53572 0)
(3.06335 1.52591 0)
(3.06431 1.51851 0)
(3.07874 1.49862 0)
(3.10106 1.4742 0)
(3.1202 1.45545 0)
(3.13744 1.44788 0)
(3.14925 1.4425 0)
(3.15474 1.4217 0)
(3.16289 1.38433 0)
(3.17455 1.36298 0)
(3.1862 1.36419 0)
(3.19881 1.36432 0)
(3.22272 1.34908 0)
(3.24671 1.3169 0)
(3.26225 1.29086 0)
(3.26879 1.28501 0)
(3.25914 1.28305 0)
(3.25868 1.26954 0)
(3.28507 1.25125 0)
(3.31261 1.22189 0)
(3.33216 1.20142 0)
(3.34572 1.20385 0)
(3.3542 1.21222 0)
(3.36235 1.1959 0)
(3.372 1.14304 0)
(3.37589 1.11393 0)
(3.38523 1.12208 0)
(3.3956 1.12865 0)
(3.41929 1.12104 0)
(3.44718 1.09279 0)
(3.46466 1.05883 0)
(3.47425 1.04861 0)
(3.46982 1.051 0)
(3.45582 1.04513 0)
(3.4718 1.02857 0)
(3.49797 1.00376 0)
(3.51625 0.974535 0)
(3.52867 0.970907 0)
(3.54163 0.98091 0)
(3.55376 0.982743 0)
(3.56725 0.948859 0)
(3.56678 0.903952 0)
(3.56716 0.895403 0)
(3.57252 0.903137 0)
(3.58445 0.900332 0)
(3.60777 0.891262 0)
(3.63047 0.864185 0)
(3.64474 0.839874 0)
(3.65365 0.834031 0)
(3.65206 0.836424 0)
(3.64064 0.829397 0)
(3.65009 0.806336 0)
(3.67092 0.783238 0)
(3.68143 0.763843 0)
(3.693 0.764749 0)
(3.70544 0.772134 0)
(3.72291 0.766195 0)
(3.73755 0.735968 0)
(3.73747 0.706027 0)
(3.73223 0.699672 0)
(3.72739 0.69738 0)
(3.73964 0.692255 0)
(3.75802 0.685914 0)
(3.77743 0.664447 0)
(3.79024 0.644261 0)
(3.79966 0.640443 0)
(3.80397 0.643008 0)
(3.79947 0.640034 0)
(3.79902 0.613991 0)
(3.81076 0.584089 0)
(3.81681 0.57184 0)
(3.82532 0.574728 0)
(3.83217 0.578927 0)
(3.84857 0.573904 0)
(3.86616 0.553964 0)
(3.87371 0.529608 0)
(3.87437 0.518823 0)
(3.86677 0.51657 0)
(3.85953 0.509883 0)
(3.87164 0.500813 0)
(3.88622 0.48994 0)
(3.89837 0.471694 0)
(3.9079 0.462113 0)
(3.91756 0.46316 0)
(3.92242 0.467288 0)
(3.92614 0.456277 0)
(3.92703 0.423396 0)
(3.92519 0.403744 0)
(3.92823 0.405467 0)
(3.93157 0.405424 0)
(3.94397 0.401678 0)
(3.95822 0.393741 0)
(3.96955 0.376144 0)
(3.97692 0.364202 0)
(3.98157 0.360614 0)
(3.97816 0.359402 0)
(3.96788 0.349388 0)
(3.97453 0.333402 0)
(3.98622 0.320313 0)
(3.99299 0.308609 0)
(4.00006 0.305672 0)
(4.00865 0.309983 0)
(4.01629 0.313901 0)
(4.02911 0.298817 0)
(4.03136 0.274977 0)
(4.02453 0.265693 0)
(4.02449 0.252879 0)
(4.0233 0.246371 0)
(4.01531 0.230912 0)
(3.98377 0.175271 0)
(3.92578 0.0935139 0)
(3.75214 -0.119401 0)
(3.57452 -0.324932 0)
(3.41935 -0.453692 0)
(3.13729 -0.714336 0)
(2.97262 -0.929141 0)
(2.90185 -0.934864 0)
(2.87456 -0.973568 0)
(2.8346 -1.05027 0)
(2.81154 -1.07356 0)
(2.81924 -1.07294 0)
(2.84579 -1.06931 0)
(2.87762 -1.06491 0)
(2.91154 -1.06 0)
(2.94561 -1.05384 0)
(2.97115 -1.04862 0)
(2.98859 -1.0408 0)
(2.99248 -1.03482 0)
(3.00384 -1.0427 0)
(3.01776 -1.0488 0)
(3.03146 -1.0461 0)
(3.04622 -1.04349 0)
(3.05597 -1.04746 0)
(3.06394 -1.05582 0)
(3.06833 -1.06518 0)
(3.07052 -1.07188 0)
(3.07857 -1.07559 0)
(3.08985 -1.07821 0)
(3.10375 -1.07929 0)
(3.11843 -1.07956 0)
(3.13253 -1.08065 0)
(3.14572 -1.0815 0)
(3.15612 -1.08225 0)
(3.16299 -1.08263 0)
(3.17464 -1.08361 0)
(3.18895 -1.08453 0)
(3.20322 -1.08349 0)
(3.21671 -1.08204 0)
(3.22887 -1.082 0)
(3.23934 -1.08328 0)
(3.2466 -1.08532 0)
(3.25387 -1.0875 0)
(3.26584 -1.08951 0)
(3.27824 -1.08947 0)
(3.29078 -1.0882 0)
(3.30264 -1.08907 0)
(3.3141 -1.09146 0)
(3.32433 -1.09385 0)
(3.33217 -1.09497 0)
(3.34054 -1.09538 0)
(3.35158 -1.09588 0)
(3.36413 -1.09625 0)
(3.37623 -1.09672 0)
(3.38802 -1.09818 0)
(3.39961 -1.09936 0)
(3.40975 -1.10039 0)
(3.41773 -1.10183 0)
(3.42577 -1.10246 0)
(3.43687 -1.10289 0)
(3.44792 -1.10325 0)
(3.45936 -1.10324 0)
(3.46997 -1.10447 0)
(3.47999 -1.10639 0)
(3.48968 -1.10689 0)
(3.49858 -1.10698 0)
(3.50747 -1.10771 0)
(3.51858 -1.10728 0)
(3.53048 -1.10564 0)
(3.54093 -1.10487 0)
(3.55127 -1.10689 0)
(3.56134 -1.1074 0)
(3.57125 -1.10335 0)
(3.57986 -1.10257 0)
(3.58858 -1.10453 0)
(3.60001 -1.10385 0)
(3.61255 -1.10071 0)
(3.62227 -1.09781 0)
(3.63184 -1.09791 0)
(3.6401 -1.09934 0)
(3.64861 -1.09733 0)
(3.65893 -1.0948 0)
(3.66758 -1.09634 0)
(3.67796 -1.09722 0)
(3.68997 -1.09564 0)
(3.69884 -1.09404 0)
(3.70654 -1.09457 0)
(3.71314 -1.09365 0)
(3.72298 -1.09129 0)
(3.73083 -1.09084 0)
(3.74003 -1.08999 0)
(3.75013 -1.08909 0)
(3.75929 -1.0865 0)
(3.7683 -1.0839 0)
(3.77631 -1.08136 0)
(3.7859 -1.07427 0)
(3.79445 -1.06795 0)
(3.80013 -1.06604 0)
(3.80917 -1.06189 0)
(3.81981 -1.06064 0)
(3.82954 -1.05626 0)
(3.83588 -1.05398 0)
(3.84717 -1.04986 0)
(3.85534 -1.04333 0)
(3.85978 -1.03885 0)
(3.86345 -1.03466 0)
(3.86728 -1.03252 0)
(3.87087 -1.03042 0)
(3.87581 -1.02746 0)
(3.88179 -1.02517 0)
(3.89033 -1.02293 0)
(3.89873 -1.01695 0)
(3.90355 -1.01304 0)
(3.90706 -1.01018 0)
(3.90882 -1.00229 0)
(3.90628 -0.992743 0)
(3.90798 -0.985341 0)
(3.91434 -0.981115 0)
(3.92315 -0.976624 0)
(3.93563 -0.969972 0)
(3.95081 -0.95673 0)
(3.95589 -0.948841 0)
(3.95592 -0.946715 0)
(3.95571 -0.936607 0)
(3.95895 -0.920731 0)
(3.96468 -0.907447 0)
(3.97231 -0.900141 0)
(3.98324 -0.895047 0)
(3.99408 -0.88378 0)
(4.00476 -0.871949 0)
(4.00987 -0.865335 0)
(4.01068 -0.857352 0)
(4.0111 -0.845884 0)
(4.01328 -0.838496 0)
(4.01443 -0.829854 0)
(4.0167 -0.821268 0)
(4.02054 -0.807519 0)
(4.02854 -0.7948 0)
(4.03656 -0.788054 0)
(4.04145 -0.782718 0)
(4.04439 -0.776362 0)
(4.04493 -0.767161 0)
(4.04446 -0.750935 0)
(4.05006 -0.742682 0)
(4.05241 -0.727071 0)
(4.05265 -0.700536 0)
(4.05539 -0.684123 0)
(4.05287 -0.656794 0)
(4.04652 -0.622373 0)
(4.04062 -0.604745 0)
(4.02828 -0.563735 0)
(4.00516 -0.489966 0)
(3.98851 -0.446646 0)
(3.96473 -0.385485 0)
(3.93795 -0.296957 0)
(3.92327 -0.263718 0)
(3.90352 -0.215544 0)
(3.8535 -0.09728 0)
(3.83844 -0.0242133 0)
(3.82758 -0.0212674 0)
(3.79735 0.0251677 0)
(3.75482 0.116018 0)
(3.74172 0.160839 0)
(3.72735 0.164643 0)
(3.6988 0.199215 0)
(3.6761 0.244625 0)
(3.66962 0.260049 0)
(3.65236 0.278945 0)
(3.6352 0.29963 0)
(3.62357 0.327676 0)
(3.6174 0.335689 0)
(3.6088 0.348901 0)
(3.60302 0.361598 0)
(3.59854 0.373106 0)
(3.59624 0.37788 0)
(3.58977 0.385319 0)
(3.58698 0.391382 0)
(3.58468 0.397122 0)
(3.58421 0.400594 0)
(3.58488 0.401471 0)
(3.58656 0.405682 0)
(3.58892 0.408805 0)
(3.5922 0.408457 0)
(3.59506 0.410222 0)
(3.5982 0.410863 0)
(3.60213 0.405739 0)
(3.60495 0.402268 0)
(3.60634 0.403569 0)
(3.60779 0.400771 0)
(3.609 0.394565 0)
(3.60835 0.391536 0)
(3.60753 0.388928 0)
(3.60751 0.38665 0)
(3.60818 0.387974 0)
(3.60885 0.388358 0)
(3.61031 0.383803 0)
(3.61034 0.380214 0)
(3.61103 0.384711 0)
(3.60969 0.392446 0)
(3.60861 0.392602 0)
(3.6069 0.387057 0)
(3.60533 0.38699 0)
(3.60604 0.39284 0)
(3.60621 0.396518 0)
(3.60671 0.39491 0)
(3.60535 0.393561 0)
(3.60418 0.397985 0)
(3.60259 0.403777 0)
(3.60195 0.403474 0)
(3.60036 0.39964 0)
(3.59979 0.401477 0)
(3.60055 0.407134 0)
(3.60187 0.409647 0)
(3.60332 0.406497 0)
(3.60244 0.404157 0)
(3.60162 0.407764 0)
(3.60064 0.412432 0)
(3.60092 0.41035 0)
(3.60013 0.404528 0)
(3.59967 0.40478 0)
(3.60065 0.409565 0)
(3.60192 0.412434 0)
(3.60446 0.40869 0)
(3.60431 0.402536 0)
(3.60323 0.402171 0)
(3.60268 0.408377 0)
(3.6011 0.413018 0)
(3.60098 0.409832 0)
(3.60052 0.406206 0)
(3.60142 0.408271 0)
(3.60216 0.412803 0)
(3.60204 0.41288 0)
(3.60117 0.408096 0)
(3.60008 0.405873 0)
(3.60079 0.410095 0)
(3.60049 0.414564 0)
(3.6008 0.412511 0)
(3.60058 0.408396 0)
(3.60162 0.409256 0)
(3.60388 0.414788 0)
(3.60437 0.418688 0)
(3.60318 0.414551 0)
(3.59905 0.40818 0)
(3.59775 0.411152 0)
(3.59759 0.41916 0)
(3.59895 0.419283 0)
(3.59963 0.416782 0)
(5 7.56752e-09 0)
(5 2.41362e-07 0)
(5 2.96643e-06 0)
(4.99999 8.29976e-05 0)
(4.99997 0.000737305 0)
(4.99897 0.00431347 0)
(4.9915 0.0280458 0)
(4.95338 0.0994455 0)
(4.8116 0.30526 0)
(4.54393 0.627193 0)
(4.3126 0.844073 0)
(3.79349 1.30492 0)
(3.48196 1.59115 0)
(3.32986 1.59355 0)
(3.14097 1.66979 0)
(3.03564 1.7836 0)
(2.98642 1.80809 0)
(2.9642 1.7894 0)
(2.96794 1.77762 0)
(2.97706 1.76868 0)
(2.9834 1.76481 0)
(2.99723 1.75485 0)
(3.01906 1.72337 0)
(3.03939 1.6865 0)
(3.05124 1.67393 0)
(3.06926 1.65389 0)
(3.09122 1.61637 0)
(3.10171 1.5951 0)
(3.10674 1.59605 0)
(3.10879 1.58817 0)
(3.12009 1.55898 0)
(3.13138 1.53156 0)
(3.13957 1.52697 0)
(3.14547 1.53012 0)
(3.15899 1.51194 0)
(3.17596 1.46908 0)
(3.18382 1.44331 0)
(3.18656 1.45067 0)
(3.18929 1.45136 0)
(3.21468 1.42851 0)
(3.23972 1.38878 0)
(3.25333 1.36604 0)
(3.26099 1.37269 0)
(3.257 1.37797 0)
(3.26299 1.34972 0)
(3.28434 1.30481 0)
(3.29725 1.28682 0)
(3.30794 1.29862 0)
(3.31749 1.30386 0)
(3.34273 1.28345 0)
(3.36131 1.24032 0)
(3.36711 1.2162 0)
(3.36195 1.21909 0)
(3.35331 1.21854 0)
(3.3735 1.20841 0)
(3.40149 1.18442 0)
(3.42399 1.15082 0)
(3.43714 1.14304 0)
(3.44472 1.15257 0)
(3.44538 1.15552 0)
(3.45254 1.11812 0)
(3.45974 1.07095 0)
(3.46831 1.06605 0)
(3.47842 1.07622 0)
(3.49291 1.07604 0)
(3.51878 1.06153 0)
(3.53935 1.02725 0)
(3.55 1.0052 0)
(3.55087 1.00213 0)
(3.53515 1.00129 0)
(3.53703 0.990862 0)
(3.5606 0.975961 0)
(3.58361 0.946673 0)
(3.59587 0.929168 0)
(3.60784 0.932924 0)
(3.61835 0.942438 0)
(3.62888 0.931981 0)
(3.63355 0.887495 0)
(3.62934 0.855962 0)
(3.63435 0.859653 0)
(3.64179 0.865008 0)
(3.65896 0.860788 0)
(3.68115 0.847245 0)
(3.69908 0.818683 0)
(3.71011 0.801459 0)
(3.71433 0.79867 0)
(3.70409 0.799201 0)
(3.69502 0.787313 0)
(3.71266 0.769807 0)
(3.73163 0.748803 0)
(3.74207 0.73271 0)
(3.75256 0.732167 0)
(3.76476 0.737972 0)
(3.77751 0.736633 0)
(3.78685 0.708615 0)
(3.78087 0.671002 0)
(3.77745 0.66328 0)
(3.78043 0.667408 0)
(3.79027 0.664522 0)
(3.80802 0.661558 0)
(3.82587 0.644787 0)
(3.83835 0.621135 0)
(3.84715 0.609693 0)
(3.849 0.60898 0)
(3.83788 0.606793 0)
(3.8318 0.591378 0)
(3.84713 0.577879 0)
(3.86145 0.560585 0)
(3.87087 0.548005 0)
(3.88033 0.54665 0)
(3.8881 0.550838 0)
(3.89812 0.547981 0)
(3.90778 0.525274 0)
(3.90475 0.498536 0)
(3.89896 0.491538 0)
(3.89707 0.489826 0)
(3.90774 0.484457 0)
(3.9221 0.479844 0)
(3.93599 0.46522 0)
(3.94453 0.452669 0)
(3.95328 0.448617 0)
(3.95892 0.446683 0)
(3.95381 0.440687 0)
(3.94642 0.422375 0)
(3.95402 0.404226 0)
(3.96202 0.393104 0)
(3.9709 0.393224 0)
(3.97857 0.394626 0)
(3.99113 0.390923 0)
(4.0009 0.37853 0)
(4.00655 0.370336 0)
(4.00481 0.351326 0)
(3.98943 0.318036 0)
(3.9547 0.275109 0)
(3.88228 0.194267 0)
(3.77007 0.0722888 0)
(3.52099 -0.229175 0)
(3.35186 -0.414528 0)
(3.19578 -0.540456 0)
(2.96222 -0.752913 0)
(2.83005 -0.923491 0)
(2.78853 -0.917188 0)
(2.78625 -0.947301 0)
(2.7855 -0.995562 0)
(2.79279 -1.00062 0)
(2.80918 -1.00077 0)
(2.83629 -0.994847 0)
(2.86503 -0.991906 0)
(2.89951 -0.988837 0)
(2.93515 -0.981817 0)
(2.96376 -0.971995 0)
(2.98555 -0.962543 0)
(2.99699 -0.95737 0)
(3.0007 -0.965976 0)
(3.01238 -0.975746 0)
(3.02387 -0.978757 0)
(3.03685 -0.976707 0)
(3.05156 -0.978593 0)
(3.06182 -0.985285 0)
(3.07093 -0.992398 0)
(3.07799 -0.999137 0)
(3.08211 -1.00394 0)
(3.09051 -1.00684 0)
(3.10364 -1.00905 0)
(3.11884 -1.00984 0)
(3.13515 -1.00917 0)
(3.15056 -1.00968 0)
(3.16514 -1.01076 0)
(3.17748 -1.0119 0)
(3.18558 -1.01286 0)
(3.19512 -1.01379 0)
(3.20948 -1.01516 0)
(3.22406 -1.01461 0)
(3.23835 -1.01337 0)
(3.25156 -1.01403 0)
(3.2639 -1.01594 0)
(3.27433 -1.01832 0)
(3.28151 -1.02016 0)
(3.29108 -1.02127 0)
(3.30375 -1.02225 0)
(3.31685 -1.02181 0)
(3.32975 -1.02192 0)
(3.34237 -1.0235 0)
(3.35459 -1.02515 0)
(3.36531 -1.02671 0)
(3.37331 -1.0277 0)
(3.38376 -1.02773 0)
(3.3963 -1.0282 0)
(3.40833 -1.02902 0)
(3.42074 -1.0295 0)
(3.43254 -1.02964 0)
(3.44343 -1.03035 0)
(3.45352 -1.0315 0)
(3.46241 -1.03239 0)
(3.47251 -1.0327 0)
(3.48519 -1.03266 0)
(3.49714 -1.03177 0)
(3.50842 -1.0321 0)
(3.52013 -1.03159 0)
(3.5305 -1.03065 0)
(3.53815 -1.03089 0)
(3.54632 -1.0301 0)
(3.55854 -1.02958 0)
(3.56905 -1.03081 0)
(3.5811 -1.03111 0)
(3.59376 -1.02929 0)
(3.60416 -1.02769 0)
(3.61392 -1.02738 0)
(3.62131 -1.027 0)
(3.62949 -1.02621 0)
(3.64096 -1.02564 0)
(3.65082 -1.02684 0)
(3.66155 -1.02766 0)
(3.67418 -1.02633 0)
(3.68447 -1.02462 0)
(3.69359 -1.02513 0)
(3.70179 -1.02599 0)
(3.70739 -1.02517 0)
(3.71836 -1.02422 0)
(3.72785 -1.02376 0)
(3.73753 -1.02561 0)
(3.74815 -1.02702 0)
(3.7599 -1.02569 0)
(3.76935 -1.02364 0)
(3.77715 -1.02416 0)
(3.78386 -1.02419 0)
(3.78964 -1.0211 0)
(3.80105 -1.02036 0)
(3.81069 -1.01838 0)
(3.81995 -1.01804 0)
(3.82997 -1.02077 0)
(3.84162 -1.02103 0)
(3.85231 -1.01711 0)
(3.85977 -1.01357 0)
(3.86561 -1.01184 0)
(3.86987 -1.01015 0)
(3.87867 -1.01072 0)
(3.88768 -1.01238 0)
(3.89649 -1.01238 0)
(3.90635 -1.01129 0)
(3.91647 -1.00956 0)
(3.92481 -1.00959 0)
(3.93267 -1.00904 0)
(3.93779 -1.00719 0)
(3.94054 -1.00305 0)
(3.94438 -1.00068 0)
(3.95027 -0.997045 0)
(3.96022 -0.994515 0)
(3.96957 -0.991872 0)
(3.97687 -0.988834 0)
(3.98415 -0.988229 0)
(3.99262 -0.987594 0)
(3.99952 -0.983261 0)
(4.00712 -0.971461 0)
(4.01027 -0.964256 0)
(4.01224 -0.9612 0)
(4.01739 -0.956252 0)
(4.02437 -0.955929 0)
(4.02903 -0.953886 0)
(4.03666 -0.95084 0)
(4.04481 -0.946062 0)
(4.04893 -0.94178 0)
(4.05242 -0.93863 0)
(4.05381 -0.935845 0)
(4.05268 -0.929267 0)
(4.05275 -0.921174 0)
(4.05438 -0.916923 0)
(4.05715 -0.91437 0)
(4.06417 -0.910646 0)
(4.07526 -0.905504 0)
(4.08254 -0.90035 0)
(4.08533 -0.8958 0)
(4.08594 -0.889922 0)
(4.08178 -0.881193 0)
(4.08512 -0.870527 0)
(4.09442 -0.863948 0)
(4.10125 -0.857211 0)
(4.10945 -0.851582 0)
(4.12179 -0.844891 0)
(4.13114 -0.838282 0)
(4.13403 -0.836878 0)
(4.13501 -0.833286 0)
(4.13176 -0.821974 0)
(4.13491 -0.808655 0)
(4.13978 -0.800481 0)
(4.14589 -0.795719 0)
(4.15213 -0.789525 0)
(4.15944 -0.783189 0)
(4.16228 -0.771718 0)
(4.15713 -0.755226 0)
(4.15601 -0.738552 0)
(4.15555 -0.724288 0)
(4.15021 -0.697983 0)
(4.14018 -0.660342 0)
(4.13164 -0.629479 0)
(4.11744 -0.572936 0)
(4.10365 -0.506149 0)
(4.09286 -0.482838 0)
(4.06545 -0.415375 0)
(4.02949 -0.297718 0)
(4.01811 -0.259084 0)
(3.98823 -0.194497 0)
(3.94473 -0.0715949 0)
(3.93284 -0.0407969 0)
(3.92752 -0.0171696 0)
(3.86979 0.0844495 0)
(3.85375 0.164636 0)
(3.8431 0.163966 0)
(3.81662 0.195369 0)
(3.78325 0.258014 0)
(3.77408 0.278846 0)
(3.7602 0.295499 0)
(3.73509 0.32209 0)
(3.72223 0.351891 0)
(3.71511 0.358648 0)
(3.7055 0.3723 0)
(3.69895 0.387286 0)
(3.68882 0.407575 0)
(3.68642 0.412741 0)
(3.6834 0.419719 0)
(3.67947 0.427151 0)
(3.67694 0.434299 0)
(3.67462 0.439404 0)
(3.67227 0.441595 0)
(3.67111 0.447681 0)
(3.67054 0.453318 0)
(3.67224 0.454234 0)
(3.67489 0.453332 0)
(3.67758 0.45406 0)
(3.68058 0.456931 0)
(3.68388 0.458739 0)
(3.68871 0.455346 0)
(3.69184 0.449392 0)
(3.69207 0.44751 0)
(3.69263 0.4464 0)
(3.69421 0.443903 0)
(3.69431 0.443277 0)
(3.69311 0.441025 0)
(3.69298 0.434631 0)
(3.69275 0.431702 0)
(3.69416 0.43639 0)
(3.69444 0.441004 0)
(3.69575 0.437461 0)
(3.69502 0.431293 0)
(3.69461 0.431715 0)
(3.69482 0.437428 0)
(3.6939 0.440141 0)
(3.69234 0.438608 0)
(3.69122 0.439097 0)
(3.69161 0.443476 0)
(3.69123 0.447859 0)
(3.69002 0.44729 0)
(3.68895 0.44349 0)
(3.68868 0.441688 0)
(3.68979 0.444967 0)
(3.68943 0.449011 0)
(3.68788 0.449318 0)
(3.6867 0.44947 0)
(3.68689 0.452128 0)
(3.68759 0.453197 0)
(3.68741 0.449701 0)
(3.68543 0.446976 0)
(3.685 0.449425 0)
(3.68587 0.45383 0)
(3.68763 0.454413 0)
(3.68864 0.450257 0)
(3.68798 0.448915 0)
(3.68768 0.453131 0)
(3.6869 0.456413 0)
(3.68491 0.453139 0)
(3.68121 0.44993 0)
(3.68083 0.453008 0)
(3.68186 0.457484 0)
(3.68378 0.458312 0)
(3.68643 0.453327 0)
(3.68652 0.447945 0)
(3.68718 0.449359 0)
(3.68737 0.456374 0)
(3.68548 0.459085 0)
(3.68304 0.452978 0)
(3.68063 0.450717 0)
(3.68107 0.457037 0)
(3.68195 0.459775 0)
(3.68189 0.458167 0)
(5 1.03132e-13 0)
(5 2.8531e-12 0)
(5 7.59208e-11 0)
(5 2.94193e-09 0)
(5 9.03307e-08 0)
(5 1.55722e-06 0)
(5 1.89483e-05 0)
(4.99998 0.000317339 0)
(4.99964 0.002172 0)
(4.99731 0.00943169 0)
(4.98218 0.0528731 0)
(4.91444 0.158855 0)
(4.75146 0.390082 0)
(4.46325 0.723114 0)
(4.23838 0.939178 0)
(3.77405 1.36127 0)
(3.51313 1.59438 0)
(3.37739 1.59515 0)
(3.20589 1.67602 0)
(3.11045 1.78505 0)
(3.07186 1.80351 0)
(3.04934 1.78374 0)
(3.05017 1.77557 0)
(3.05677 1.77079 0)
(3.06148 1.76849 0)
(3.07075 1.75863 0)
(3.09102 1.72692 0)
(3.10981 1.6943 0)
(3.12038 1.68346 0)
(3.13872 1.6571 0)
(3.16265 1.61314 0)
(3.17312 1.59672 0)
(3.17911 1.6055 0)
(3.1876 1.59596 0)
(3.20106 1.55631 0)
(3.2045 1.52716 0)
(3.20414 1.53156 0)
(3.20254 1.53496 0)
(3.21958 1.51251 0)
(3.24087 1.47479 0)
(3.25173 1.45254 0)
(3.25819 1.46077 0)
(3.25935 1.46548 0)
(3.27398 1.43082 0)
(3.28883 1.38044 0)
(3.29627 1.36997 0)
(3.29978 1.38495 0)
(3.30982 1.38341 0)
(3.33702 1.355 0)
(3.35407 1.31278 0)
(3.36089 1.30003 0)
(3.35929 1.30997 0)
(3.35128 1.30503 0)
(3.36948 1.27834 0)
(3.39109 1.24343 0)
(3.40345 1.22862 0)
(3.41331 1.2408 0)
(3.42286 1.24486 0)
(3.44352 1.21629 0)
(3.45168 1.17004 0)
(3.45076 1.15666 0)
(3.44626 1.16377 0)
(3.45145 1.16077 0)
(3.4759 1.15059 0)
(3.50113 1.1211 0)
(3.51648 1.09557 0)
(3.52619 1.0953 0)
(3.52757 1.1035 0)
(3.5213 1.09334 0)
(3.53231 1.05179 0)
(3.54161 1.02212 0)
(3.55191 1.02451 0)
(3.56171 1.03319 0)
(3.5802 1.02919 0)
(3.60358 1.00609 0)
(3.61608 0.974423 0)
(3.62035 0.961294 0)
(3.61088 0.959764 0)
(3.59915 0.954872 0)
(3.61626 0.947044 0)
(3.63797 0.929498 0)
(3.65697 0.900835 0)
(3.66735 0.892406 0)
(3.67756 0.897328 0)
(3.68484 0.904399 0)
(3.68903 0.886588 0)
(3.68926 0.840916 0)
(3.6888 0.819142 0)
(3.69734 0.825381 0)
(3.70629 0.830998 0)
(3.72365 0.827657 0)
(3.74451 0.812155 0)
(3.75891 0.782201 0)
(3.76643 0.766283 0)
(3.76599 0.763322 0)
(3.75035 0.761486 0)
(3.74949 0.754466 0)
(3.76673 0.745673 0)
(3.78581 0.724175 0)
(3.79885 0.701153 0)
(3.80781 0.698379 0)
(3.8157 0.701931 0)
(3.82207 0.705108 0)
(3.81984 0.693561 0)
(3.82215 0.6568 0)
(3.82617 0.632639 0)
(3.83154 0.628831 0)
(3.84002 0.63454 0)
(3.84844 0.63827 0)
(3.86671 0.633092 0)
(3.8831 0.611904 0)
(3.88878 0.58823 0)
(3.88728 0.578133 0)
(3.87623 0.574342 0)
(3.87326 0.568102 0)
(3.88642 0.563404 0)
(3.90044 0.553296 0)
(3.9124 0.537223 0)
(3.92225 0.529577 0)
(3.93066 0.52799 0)
(3.93625 0.527315 0)
(3.93529 0.520251 0)
(3.93355 0.491124 0)
(3.93597 0.472638 0)
(3.94092 0.474517 0)
(3.95067 0.472516 0)
(3.95985 0.471122 0)
(3.96787 0.465757 0)
(3.96454 0.439589 0)
(3.94305 0.390121 0)
(3.8704 0.288298 0)
(3.73559 0.138955 0)
(3.58378 0.0063107 0)
(3.28114 -0.298043 0)
(3.07954 -0.532715 0)
(2.97418 -0.634004 0)
(2.84696 -0.770439 0)
(2.74952 -0.86167 0)
(2.71105 -0.882555 0)
(2.71491 -0.91854 0)
(2.74571 -0.938569 0)
(2.77562 -0.937489 0)
(2.81633 -0.932185 0)
(2.85308 -0.921839 0)
(2.87697 -0.917922 0)
(2.895 -0.91388 0)
(2.92429 -0.910866 0)
(2.95372 -0.904358 0)
(2.98086 -0.892368 0)
(3.00121 -0.886144 0)
(3.01637 -0.892198 0)
(3.02233 -0.903009 0)
(3.02702 -0.911191 0)
(3.03776 -0.913964 0)
(3.04844 -0.914724 0)
(3.06237 -0.919707 0)
(3.07692 -0.92745 0)
(3.08907 -0.931643 0)
(3.10152 -0.93625 0)
(3.11063 -0.940111 0)
(3.11745 -0.942341 0)
(3.13005 -0.943595 0)
(3.1457 -0.944471 0)
(3.16255 -0.94361 0)
(3.17886 -0.94341 0)
(3.19444 -0.94473 0)
(3.20884 -0.946572 0)
(3.22057 -0.948532 0)
(3.22935 -0.949809 0)
(3.24251 -0.9511 0)
(3.25706 -0.951534 0)
(3.27161 -0.950478 0)
(3.28538 -0.950778 0)
(3.29858 -0.952643 0)
(3.31092 -0.955123 0)
(3.32122 -0.957362 0)
(3.33061 -0.958404 0)
(3.34352 -0.95934 0)
(3.35677 -0.959697 0)
(3.37003 -0.959914 0)
(3.38308 -0.960793 0)
(3.39559 -0.961884 0)
(3.407 -0.963239 0)
(3.41667 -0.964396 0)
(3.42751 -0.965055 0)
(3.44027 -0.966304 0)
(3.45304 -0.967107 0)
(3.4662 -0.967146 0)
(3.47905 -0.967045 0)
(3.49121 -0.96731 0)
(3.50185 -0.968088 0)
(3.50954 -0.968002 0)
(3.51898 -0.967909 0)
(3.5319 -0.969315 0)
(3.5434 -0.969925 0)
(3.5559 -0.970015 0)
(3.56938 -0.969182 0)
(3.58142 -0.968513 0)
(3.59214 -0.969222 0)
(3.60144 -0.969799 0)
(3.60776 -0.968664 0)
(3.61918 -0.967826 0)
(3.63072 -0.966706 0)
(3.64145 -0.967283 0)
(3.65304 -0.968314 0)
(3.66575 -0.96749 0)
(3.67617 -0.966444 0)
(3.68525 -0.967069 0)
(3.69275 -0.966831 0)
(3.69956 -0.964691 0)
(3.71148 -0.964162 0)
(3.72164 -0.962564 0)
(3.73177 -0.963313 0)
(3.74315 -0.963778 0)
(3.75511 -0.961638 0)
(3.76415 -0.960273 0)
(3.77178 -0.960932 0)
(3.77746 -0.959781 0)
(3.78514 -0.957239 0)
(3.79638 -0.956037 0)
(3.80558 -0.954692 0)
(3.81511 -0.956119 0)
(3.82573 -0.956572 0)
(3.83693 -0.953464 0)
(3.84495 -0.95115 0)
(3.85144 -0.951425 0)
(3.8565 -0.949677 0)
(3.86194 -0.946584 0)
(3.87211 -0.946946 0)
(3.881 -0.945668 0)
(3.89019 -0.945739 0)
(3.89957 -0.947335 0)
(3.9105 -0.946592 0)
(3.9196 -0.944149 0)
(3.92645 -0.943677 0)
(3.93214 -0.943431 0)
(3.93558 -0.940338 0)
(3.93972 -0.937647 0)
(3.94903 -0.937911 0)
(3.95703 -0.937906 0)
(3.96616 -0.937538 0)
(3.97547 -0.938414 0)
(3.98516 -0.938566 0)
(3.99449 -0.936591 0)
(4.00133 -0.934089 0)
(4.00544 -0.931564 0)
(4.0066 -0.927481 0)
(4.00816 -0.924018 0)
(4.01677 -0.924825 0)
(4.02456 -0.924822 0)
(4.03211 -0.924305 0)
(4.04067 -0.92545 0)
(4.05134 -0.925946 0)
(4.06094 -0.924367 0)
(4.06765 -0.921103 0)
(4.07117 -0.917752 0)
(4.07051 -0.914535 0)
(4.07253 -0.91285 0)
(4.07976 -0.913155 0)
(4.0859 -0.912285 0)
(4.09362 -0.908611 0)
(4.10016 -0.906454 0)
(4.1089 -0.905234 0)
(4.11577 -0.903759 0)
(4.11846 -0.90273 0)
(4.11713 -0.899383 0)
(4.11799 -0.889051 0)
(4.12618 -0.883588 0)
(4.13204 -0.880945 0)
(4.13684 -0.877683 0)
(4.14232 -0.877395 0)
(4.15272 -0.877033 0)
(4.16149 -0.873287 0)
(4.16616 -0.865337 0)
(4.16666 -0.858525 0)
(4.16424 -0.851548 0)
(4.16226 -0.847919 0)
(4.16403 -0.847539 0)
(4.1672 -0.846421 0)
(4.17283 -0.842785 0)
(4.17897 -0.838814 0)
(4.18771 -0.835537 0)
(4.1928 -0.832398 0)
(4.19439 -0.831278 0)
(4.196 -0.827562 0)
(4.19288 -0.819371 0)
(4.1915 -0.810316 0)
(4.19655 -0.806684 0)
(4.20161 -0.804416 0)
(4.20937 -0.800637 0)
(4.22038 -0.794863 0)
(4.2246 -0.791157 0)
(4.22737 -0.788142 0)
(4.2251 -0.781944 0)
(4.22952 -0.768764 0)
(4.23483 -0.757279 0)
(4.23844 -0.749809 0)
(4.24198 -0.743069 0)
(4.24604 -0.738481 0)
(4.24671 -0.720915 0)
(4.23879 -0.68755 0)
(4.23259 -0.666427 0)
(4.22075 -0.635079 0)
(4.20476 -0.581899 0)
(4.19233 -0.54767 0)
(4.16657 -0.485305 0)
(4.13626 -0.378373 0)
(4.12571 -0.34111 0)
(4.10756 -0.296686 0)
(4.05388 -0.165246 0)
(4.03842 -0.106773 0)
(4.02959 -0.0721298 0)
(3.97055 0.0478567 0)
(3.95215 0.134071 0)
(3.94353 0.129245 0)
(3.9222 0.164865 0)
(3.87799 0.252084 0)
(3.86875 0.30622 0)
(3.85698 0.305199 0)
(3.82823 0.332343 0)
(3.80815 0.373966 0)
(3.80272 0.386522 0)
(3.78794 0.399792 0)
(3.77477 0.41343 0)
(3.76536 0.436366 0)
(3.76282 0.442657 0)
(3.75869 0.450339 0)
(3.75849 0.463348 0)
(3.75508 0.471239 0)
(3.74857 0.476765 0)
(3.74697 0.482016 0)
(3.74345 0.486499 0)
(3.743 0.491337 0)
(3.74243 0.49653 0)
(3.74326 0.496697 0)
(3.74507 0.49768 0)
(3.74712 0.502625 0)
(3.74965 0.503913 0)
(3.75172 0.50035 0)
(3.75295 0.500901 0)
(3.75538 0.502266 0)
(3.75933 0.500939 0)
(3.76291 0.497719 0)
(3.76479 0.49217 0)
(3.7647 0.487219 0)
(3.76445 0.487437 0)
(3.76447 0.489441 0)
(3.76577 0.487057 0)
(3.7664 0.482193 0)
(3.76664 0.483177 0)
(3.76643 0.488313 0)
(3.76636 0.488179 0)
(3.76665 0.481434 0)
(3.76536 0.477666 0)
(3.76714 0.481787 0)
(3.76791 0.488781 0)
(3.7674 0.491188 0)
(3.7672 0.486985 0)
(3.7657 0.482942 0)
(3.76435 0.485803 0)
(3.76139 0.491321 0)
(3.75945 0.491222 0)
(3.75957 0.488245 0)
(3.7613 0.487868 0)
(3.76446 0.490808 0)
(3.76605 0.493495 0)
(3.76632 0.492096 0)
(3.76533 0.489369 0)
(3.76427 0.491879 0)
(3.76146 0.497964 0)
(3.75782 0.498796 0)
(3.75635 0.496626 0)
(3.75744 0.496956 0)
(3.76014 0.498231 0)
(3.76282 0.496892 0)
(3.76303 0.492828 0)
(3.76162 0.492047 0)
(3.76077 0.498091 0)
(3.75921 0.502911 0)
(3.76103 0.497717 0)
(3.76072 0.492795 0)
(3.76082 0.495548 0)
(3.76099 0.498693 0)
(3.76019 0.499621 0)
(5 2.79522e-15 0)
(5 2.88022e-15 0)
(5 2.08259e-15 0)
(5 4.9864e-14 0)
(5 1.05223e-12 0)
(5 2.21159e-11 0)
(5 7.21353e-10 0)
(5 2.05002e-08 0)
(5 4.90196e-07 0)
(5 5.14816e-06 0)
(4.99999 6.00987e-05 0)
(4.99992 0.000770692 0)
(4.99918 0.00399374 0)
(4.99511 0.0150599 0)
(4.97006 0.0772151 0)
(4.89285 0.195829 0)
(4.71611 0.445279 0)
(4.43762 0.765509 0)
(4.23784 0.961167 0)
(3.80064 1.3689 0)
(3.56606 1.59603 0)
(3.4467 1.58629 0)
(3.28498 1.65872 0)
(3.19476 1.77315 0)
(3.15046 1.80229 0)
(3.1278 1.77997 0)
(3.12569 1.77144 0)
(3.13049 1.77051 0)
(3.13666 1.76908 0)
(3.13923 1.7633 0)
(3.15504 1.73505 0)
(3.17213 1.70482 0)
(3.18351 1.69447 0)
(3.20892 1.66176 0)
(3.2299 1.61471 0)
(3.23652 1.60631 0)
(3.24025 1.6143 0)
(3.25377 1.59417 0)
(3.26854 1.55349 0)
(3.27291 1.53272 0)
(3.27445 1.543 0)
(3.27325 1.54727 0)
(3.28799 1.51534 0)
(3.29972 1.46938 0)
(3.30402 1.45777 0)
(3.30541 1.47267 0)
(3.31205 1.46984 0)
(3.33766 1.43687 0)
(3.3532 1.3938 0)
(3.3602 1.38318 0)
(3.36051 1.39769 0)
(3.35768 1.39246 0)
(3.37725 1.35291 0)
(3.39044 1.3125 0)
(3.39929 1.31131 0)
(3.40309 1.3274 0)
(3.41693 1.32183 0)
(3.43985 1.28544 0)
(3.44835 1.24633 0)
(3.44876 1.24299 0)
(3.44146 1.25185 0)
(3.44492 1.24083 0)
(3.46902 1.21892 0)
(3.48702 1.1867 0)
(3.49808 1.17748 0)
(3.50557 1.19057 0)
(3.51427 1.1894 0)
(3.52736 1.15041 0)
(3.52711 1.11086 0)
(3.52737 1.11125 0)
(3.52765 1.11655 0)
(3.54337 1.11127 0)
(3.56705 1.09575 0)
(3.58636 1.06527 0)
(3.59749 1.05025 0)
(3.60198 1.0538 0)
(3.59438 1.0559 0)
(3.59033 1.03359 0)
(3.60802 1.00139 0)
(3.61661 0.98185 0)
(3.6275 0.986255 0)
(3.63735 0.993689 0)
(3.6573 0.986329 0)
(3.67592 0.957678 0)
(3.68188 0.928457 0)
(3.67922 0.921058 0)
(3.66621 0.920531 0)
(3.66718 0.914915 0)
(3.68559 0.910478 0)
(3.70592 0.890601 0)
(3.72251 0.863419 0)
(3.73284 0.856557 0)
(3.73969 0.860927 0)
(3.74093 0.865097 0)
(3.73466 0.849758 0)
(3.74406 0.813141 0)
(3.74977 0.789555 0)
(3.75648 0.787017 0)
(3.76644 0.794664 0)
(3.77618 0.800207 0)
(3.79574 0.79161 0)
(3.81128 0.762533 0)
(3.81311 0.730609 0)
(3.80801 0.719732 0)
(3.80149 0.726623 0)
(3.7998 0.725709 0)
(3.815 0.722445 0)
(3.83068 0.713747 0)
(3.84736 0.687217 0)
(3.85777 0.666352 0)
(3.86777 0.661773 0)
(3.86853 0.665115 0)
(3.85696 0.664115 0)
(3.85273 0.647964 0)
(3.86864 0.633723 0)
(3.88031 0.616481 0)
(3.88712 0.607864 0)
(3.89681 0.610716 0)
(3.90683 0.615622 0)
(3.92146 0.604728 0)
(3.92741 0.576056 0)
(3.91732 0.560614 0)
(3.91548 0.553574 0)
(3.91695 0.550317 0)
(3.91384 0.54158 0)
(3.89515 0.504369 0)
(3.84809 0.430512 0)
(3.69849 0.230876 0)
(3.53148 0.0383166 0)
(3.3376 -0.137207 0)
(3.08848 -0.355624 0)
(2.85781 -0.593788 0)
(2.74335 -0.731835 0)
(2.7163 -0.763551 0)
(2.71361 -0.806316 0)
(2.71071 -0.841048 0)
(2.71101 -0.870029 0)
(2.7246 -0.885054 0)
(2.7584 -0.881604 0)
(2.80417 -0.863837 0)
(2.85341 -0.843477 0)
(2.89079 -0.843547 0)
(2.92175 -0.848351 0)
(2.9476 -0.840412 0)
(2.96337 -0.824037 0)
(2.97606 -0.817889 0)
(2.99701 -0.824649 0)
(3.01487 -0.830264 0)
(3.0332 -0.835328 0)
(3.04867 -0.841113 0)
(3.06172 -0.846464 0)
(3.07046 -0.852186 0)
(3.07773 -0.858833 0)
(3.08986 -0.863843 0)
(3.10402 -0.867472 0)
(3.11978 -0.869228 0)
(3.13505 -0.872374 0)
(3.1502 -0.876326 0)
(3.16407 -0.879919 0)
(3.17588 -0.881392 0)
(3.19032 -0.881186 0)
(3.20632 -0.880978 0)
(3.22235 -0.881021 0)
(3.23801 -0.881832 0)
(3.25292 -0.883288 0)
(3.26648 -0.885107 0)
(3.27789 -0.886785 0)
(3.29065 -0.888348 0)
(3.30544 -0.88998 0)
(3.32022 -0.890325 0)
(3.33473 -0.890512 0)
(3.3487 -0.891671 0)
(3.36189 -0.893252 0)
(3.37301 -0.894748 0)
(3.38284 -0.896057 0)
(3.39574 -0.897617 0)
(3.40959 -0.898888 0)
(3.4239 -0.899199 0)
(3.43813 -0.899552 0)
(3.45187 -0.900501 0)
(3.4649 -0.901507 0)
(3.47612 -0.902151 0)
(3.48418 -0.902524 0)
(3.49426 -0.903311 0)
(3.50724 -0.904105 0)
(3.52128 -0.904594 0)
(3.53529 -0.904333 0)
(3.54801 -0.905048 0)
(3.56101 -0.906203 0)
(3.57382 -0.906099 0)
(3.58408 -0.905689 0)
(3.59094 -0.905103 0)
(3.59848 -0.903021 0)
(3.61212 -0.902776 0)
(3.62408 -0.901796 0)
(3.63537 -0.903212 0)
(3.64776 -0.904706 0)
(3.66126 -0.903655 0)
(3.67251 -0.901702 0)
(3.68166 -0.901963 0)
(3.68839 -0.902118 0)
(3.69632 -0.899765 0)
(3.70877 -0.897401 0)
(3.71916 -0.896331 0)
(3.7295 -0.89798 0)
(3.74145 -0.898181 0)
(3.75289 -0.896056 0)
(3.76171 -0.895307 0)
(3.76923 -0.895279 0)
(3.77405 -0.892978 0)
(3.78339 -0.8909 0)
(3.79406 -0.889271 0)
(3.80342 -0.888521 0)
(3.81343 -0.889024 0)
(3.82542 -0.887271 0)
(3.83536 -0.884635 0)
(3.84311 -0.88421 0)
(3.84955 -0.883687 0)
(3.85287 -0.880705 0)
(3.86134 -0.879112 0)
(3.87117 -0.877742 0)
(3.87975 -0.877203 0)
(3.88879 -0.878135 0)
(3.89995 -0.877064 0)
(3.90945 -0.874888 0)
(3.91682 -0.874142 0)
(3.9232 -0.87304 0)
(3.92655 -0.869545 0)
(3.92924 -0.867106 0)
(3.93826 -0.867043 0)
(3.94622 -0.86695 0)
(3.95466 -0.867691 0)
(3.9647 -0.867335 0)
(3.9751 -0.865611 0)
(3.9831 -0.864265 0)
(3.99015 -0.863919 0)
(3.99657 -0.862527 0)
(3.99923 -0.859054 0)
(3.99917 -0.856286 0)
(4.00595 -0.855337 0)
(4.01346 -0.854449 0)
(4.0215 -0.854344 0)
(4.02979 -0.855183 0)
(4.03974 -0.854951 0)
(4.04872 -0.853953 0)
(4.05607 -0.8537 0)
(4.0619 -0.853239 0)
(4.06499 -0.850278 0)
(4.06247 -0.846904 0)
(4.06645 -0.844785 0)
(4.07286 -0.843821 0)
(4.07956 -0.844714 0)
(4.087 -0.846873 0)
(4.09697 -0.847533 0)
(4.10643 -0.846304 0)
(4.11333 -0.846013 0)
(4.1188 -0.845676 0)
(4.12115 -0.843071 0)
(4.1189 -0.838681 0)
(4.12308 -0.834693 0)
(4.12883 -0.834367 0)
(4.13522 -0.836406 0)
(4.14285 -0.838085 0)
(4.15302 -0.837167 0)
(4.16063 -0.834762 0)
(4.16581 -0.833582 0)
(4.16888 -0.831461 0)
(4.16679 -0.827992 0)
(4.16892 -0.823794 0)
(4.17502 -0.821222 0)
(4.18005 -0.822 0)
(4.18667 -0.822176 0)
(4.19635 -0.823382 0)
(4.20426 -0.822587 0)
(4.20968 -0.820817 0)
(4.21435 -0.818478 0)
(4.21585 -0.813616 0)
(4.21062 -0.807812 0)
(4.21119 -0.805554 0)
(4.21546 -0.805442 0)
(4.21934 -0.803757 0)
(4.22714 -0.800219 0)
(4.23666 -0.798005 0)
(4.24298 -0.795509 0)
(4.24691 -0.795195 0)
(4.25161 -0.792031 0)
(4.25102 -0.784552 0)
(4.2479 -0.774468 0)
(4.24949 -0.769901 0)
(4.25076 -0.769075 0)
(4.25754 -0.766686 0)
(4.26612 -0.765299 0)
(4.27184 -0.760352 0)
(4.27474 -0.754054 0)
(4.27486 -0.75077 0)
(4.27208 -0.746972 0)
(4.27003 -0.744985 0)
(4.27291 -0.743118 0)
(4.27642 -0.740892 0)
(4.28008 -0.737905 0)
(4.28727 -0.733728 0)
(4.29441 -0.727776 0)
(4.29669 -0.725553 0)
(4.29775 -0.725078 0)
(4.29705 -0.720846 0)
(4.29832 -0.705061 0)
(4.29895 -0.68609 0)
(4.30313 -0.674317 0)
(4.30348 -0.665654 0)
(4.30218 -0.654797 0)
(4.2915 -0.613628 0)
(4.28072 -0.571741 0)
(4.26867 -0.539525 0)
(4.24448 -0.469692 0)
(4.22486 -0.407854 0)
(4.2091 -0.379267 0)
(4.15952 -0.272447 0)
(4.13278 -0.15443 0)
(4.12852 -0.140298 0)
(4.09864 -0.0768441 0)
(4.04384 0.0650623 0)
(4.03292 0.103252 0)
(4.02479 0.123896 0)
(3.96412 0.222706 0)
(3.94801 0.298357 0)
(3.93937 0.294538 0)
(3.92121 0.317769 0)
(3.88777 0.380959 0)
(3.87987 0.420767 0)
(3.8683 0.419859 0)
(3.84709 0.434169 0)
(3.83583 0.4537 0)
(3.82992 0.478108 0)
(3.82681 0.486772 0)
(3.81873 0.495869 0)
(3.81582 0.502477 0)
(3.8101 0.51102 0)
(3.80849 0.516912 0)
(3.80802 0.522341 0)
(3.80792 0.532285 0)
(3.80683 0.536825 0)
(3.80529 0.539706 0)
(3.80369 0.541573 0)
(3.80122 0.543924 0)
(3.80045 0.544678 0)
(3.80264 0.544747 0)
(3.80683 0.545535 0)
(3.81211 0.546084 0)
(3.81677 0.545917 0)
(3.81996 0.544309 0)
(3.82139 0.544292 0)
(3.82068 0.545396 0)
(3.82102 0.539178 0)
(3.82161 0.53162 0)
(3.82343 0.531813 0)
(3.82554 0.534884 0)
(3.82873 0.534604 0)
(3.83158 0.528173 0)
(3.83024 0.523639 0)
(3.82691 0.527735 0)
(3.82118 0.533477 0)
(3.82031 0.533556 0)
(3.82334 0.529392 0)
(3.82456 0.527117 0)
(3.82804 0.529543 0)
(3.82973 0.533731 0)
(3.83093 0.533206 0)
(3.83047 0.528706 0)
(3.82903 0.529084 0)
(3.82767 0.537566 0)
(3.82437 0.544418 0)
(3.8237 0.54185 0)
(3.82346 0.536683 0)
(3.82429 0.53828 0)
(3.82469 0.543282 0)
(3.82445 0.54236 0)
(3.82284 0.541932 0)
(3.82188 0.543756 0)
(3.82475 0.540759 0)
(3.8274 0.538445 0)
(3.82831 0.541361 0)
(3.82751 0.543473 0)
(3.82675 0.543967 0)
(3.82567 0.544123 0)
(5 4.04773e-15 0)
(5 2.82069e-15 0)
(5 1.84735e-15 0)
(5 1.51858e-15 0)
(5 1.09921e-15 0)
(5 2.23432e-15 0)
(5 1.34636e-14 0)
(5 3.02932e-13 0)
(5 6.43419e-12 0)
(5 9.43801e-11 0)
(5 3.46139e-09 0)
(5 8.38012e-08 0)
(5 1.24183e-06 0)
(5 1.17539e-05 0)
(4.99998 0.000132221 0)
(4.99988 0.00108193 0)
(4.99852 0.00625216 0)
(4.99391 0.0181691 0)
(4.96633 0.0835712 0)
(4.86959 0.234091 0)
(4.73801 0.421545 0)
(4.44253 0.78019 0)
(4.24533 0.961978 0)
(3.90755 1.29838 0)
(3.63043 1.58934 0)
(3.51925 1.58933 0)
(3.37964 1.62557 0)
(3.28756 1.7389 0)
(3.2263 1.79488 0)
(3.2095 1.78492 0)
(3.19526 1.7673 0)
(3.19577 1.76639 0)
(3.20509 1.76373 0)
(3.20872 1.76053 0)
(3.21394 1.74649 0)
(3.232 1.7171 0)
(3.24555 1.69962 0)
(3.26472 1.67229 0)
(3.28656 1.62739 0)
(3.29496 1.61542 0)
(3.30117 1.61931 0)
(3.32041 1.59505 0)
(3.33376 1.55252 0)
(3.33543 1.53722 0)
(3.33356 1.55111 0)
(3.33212 1.55103 0)
(3.35002 1.51816 0)
(3.36144 1.47742 0)
(3.3655 1.46842 0)
(3.36558 1.48399 0)
(3.3695 1.4797 0)
(3.39035 1.43793 0)
(3.39965 1.39567 0)
(3.40413 1.39677 0)
(3.40305 1.413 0)
(3.41682 1.40182 0)
(3.44067 1.36149 0)
(3.44904 1.32435 0)
(3.45283 1.32553 0)
(3.44801 1.33868 0)
(3.45173 1.32401 0)
(3.47332 1.28677 0)
(3.48275 1.25696 0)
(3.49093 1.26321 0)
(3.49403 1.27604 0)
(3.51195 1.26079 0)
(3.5272 1.21792 0)
(3.5286 1.19136 0)
(3.52495 1.19774 0)
(3.51985 1.20033 0)
(3.53673 1.18683 0)
(3.55892 1.16198 0)
(3.57151 1.13586 0)
(3.58175 1.13467 0)
(3.58585 1.14673 0)
(3.59173 1.13521 0)
(3.59714 1.08853 0)
(3.59725 1.06462 0)
(3.60115 1.07175 0)
(3.60536 1.074 0)
(3.62493 1.06745 0)
(3.64618 1.04636 0)
(3.66 1.01939 0)
(3.66831 1.01021 0)
(3.6664 1.01401 0)
(3.65212 1.00971 0)
(3.65799 0.987758 0)
(3.67716 0.964532 0)
(3.68588 0.945414 0)
(3.69615 0.947403 0)
(3.70613 0.95675 0)
(3.72104 0.95297 0)
(3.73601 0.924819 0)
(3.73566 0.888533 0)
(3.72954 0.876798 0)
(3.72706 0.88502 0)
(3.7294 0.884333 0)
(3.74677 0.879551 0)
(3.76499 0.865279 0)
(3.78006 0.83515 0)
(3.78969 0.818449 0)
(3.79723 0.816942 0)
(3.79271 0.8201 0)
(3.77679 0.817602 0)
(3.78305 0.805096 0)
(3.801 0.789251 0)
(3.81606 0.761245 0)
(3.8248 0.746969 0)
(3.83376 0.749185 0)
(3.83966 0.756369 0)
(3.84281 0.761611 0)
(3.84756 0.740183 0)
(3.84854 0.701197 0)
(3.84988 0.687906 0)
(3.85678 0.694838 0)
(3.8639 0.698047 0)
(3.88045 0.693755 0)
(3.89239 0.679246 0)
(3.89951 0.65885 0)
(3.90448 0.651743 0)
(3.88619 0.615133 0)
(3.85755 0.583347 0)
(3.78414 0.501752 0)
(3.67236 0.393765 0)
(3.46448 0.155556 0)
(3.22977 -0.147962 0)
(3.07733 -0.284958 0)
(2.90746 -0.441306 0)
(2.72518 -0.63831 0)
(2.63903 -0.760304 0)
(2.62108 -0.751554 0)
(2.64777 -0.777416 0)
(2.68778 -0.811126 0)
(2.71998 -0.81546 0)
(2.75962 -0.816769 0)
(2.79146 -0.81274 0)
(2.81814 -0.802207 0)
(2.85653 -0.791913 0)
(2.89733 -0.784439 0)
(2.93654 -0.776081 0)
(2.96961 -0.765381 0)
(2.99477 -0.755989 0)
(3.01023 -0.756321 0)
(3.01782 -0.76862 0)
(3.03264 -0.777944 0)
(3.0489 -0.781075 0)
(3.06655 -0.781547 0)
(3.08554 -0.785241 0)
(3.10137 -0.792432 0)
(3.11553 -0.799397 0)
(3.1286 -0.805799 0)
(3.14089 -0.809996 0)
(3.15554 -0.812157 0)
(3.17177 -0.813725 0)
(3.1883 -0.815608 0)
(3.20509 -0.818044 0)
(3.22199 -0.819763 0)
(3.23806 -0.820582 0)
(3.25297 -0.821882 0)
(3.26767 -0.82343 0)
(3.28351 -0.824585 0)
(3.29964 -0.825592 0)
(3.31539 -0.826415 0)
(3.33036 -0.827267 0)
(3.34339 -0.828324 0)
(3.35433 -0.829382 0)
(3.36812 -0.830847 0)
(3.38325 -0.832492 0)
(3.39837 -0.833415 0)
(3.41324 -0.834501 0)
(3.42778 -0.835997 0)
(3.44155 -0.837711 0)
(3.45368 -0.839078 0)
(3.46278 -0.838986 0)
(3.47461 -0.838593 0)
(3.4888 -0.839254 0)
(3.50246 -0.839836 0)
(3.51639 -0.841061 0)
(3.53075 -0.842455 0)
(3.54463 -0.843666 0)
(3.55766 -0.845278 0)
(3.56933 -0.845188 0)
(3.57803 -0.841832 0)
(3.58643 -0.840771 0)
(3.59646 -0.842247 0)
(3.60913 -0.842985 0)
(3.6236 -0.843931 0)
(3.63649 -0.842774 0)
(3.64849 -0.844073 0)
(3.66108 -0.844783 0)
(3.67266 -0.842784 0)
(3.68147 -0.841981 0)
(3.68832 -0.842713 0)
(3.69788 -0.839695 0)
(3.70928 -0.835102 0)
(3.71874 -0.8344 0)
(3.72863 -0.837868 0)
(3.73948 -0.839906 0)
(3.75228 -0.837728 0)
(3.76278 -0.833881 0)
(3.77118 -0.833882 0)
(3.77786 -0.835624 0)
(3.78697 -0.832483 0)
(3.79703 -0.828351 0)
(3.80606 -0.829042 0)
(3.81615 -0.830178 0)
(3.82738 -0.828234 0)
(3.83612 -0.826441 0)
(3.84351 -0.826905 0)
(3.84958 -0.827242 0)
(3.85492 -0.823378 0)
(3.86408 -0.819073 0)
(3.87217 -0.818045 0)
(3.88089 -0.819332 0)
(3.89103 -0.819467 0)
(3.90196 -0.817417 0)
(3.91092 -0.815694 0)
(3.91826 -0.815683 0)
(3.9231 -0.815412 0)
(3.92446 -0.812198 0)
(3.93273 -0.807536 0)
(3.94033 -0.806578 0)
(3.94829 -0.808144 0)
(3.95802 -0.808479 0)
(3.96869 -0.807121 0)
(3.97678 -0.805952 0)
(3.98421 -0.804924 0)
(3.9911 -0.802498 0)
(3.99343 -0.799453 0)
(3.99365 -0.795265 0)
(3.99967 -0.793476 0)
(4.00623 -0.794303 0)
(4.01405 -0.794054 0)
(4.02483 -0.793164 0)
(4.03362 -0.791503 0)
(4.04105 -0.791049 0)
(4.04878 -0.790277 0)
(4.05603 -0.788821 0)
(4.05975 -0.785566 0)
(4.0569 -0.78241 0)
(4.05758 -0.77952 0)
(4.06449 -0.776886 0)
(4.07172 -0.77706 0)
(4.07923 -0.77736 0)
(4.08914 -0.776866 0)
(4.09768 -0.775408 0)
(4.10456 -0.775042 0)
(4.111 -0.774535 0)
(4.11597 -0.772192 0)
(4.11466 -0.768771 0)
(4.11264 -0.763488 0)
(4.11674 -0.76084 0)
(4.12209 -0.761976 0)
(4.12813 -0.762929 0)
(4.13826 -0.762463 0)
(4.14706 -0.760877 0)
(4.15355 -0.760221 0)
(4.15969 -0.760664 0)
(4.16437 -0.760742 0)
(4.16421 -0.755634 0)
(4.16282 -0.748021 0)
(4.16607 -0.746997 0)
(4.17104 -0.749482 0)
(4.17756 -0.750664 0)
(4.18743 -0.749791 0)
(4.19504 -0.748022 0)
(4.20089 -0.748675 0)
(4.20535 -0.750178 0)
(4.2063 -0.746739 0)
(4.20346 -0.73891 0)
(4.20576 -0.737986 0)
(4.21068 -0.740337 0)
(4.21701 -0.741228 0)
(4.2265 -0.740868 0)
(4.23363 -0.740225 0)
(4.23983 -0.740462 0)
(4.24615 -0.741232 0)
(4.24986 -0.739959 0)
(4.24584 -0.732884 0)
(4.2428 -0.729879 0)
(4.24569 -0.731418 0)
(4.25142 -0.730838 0)
(4.26221 -0.731371 0)
(4.26996 -0.730305 0)
(4.27566 -0.728814 0)
(4.28182 -0.728914 0)
(4.28806 -0.729685 0)
(4.29028 -0.727368 0)
(4.28622 -0.720158 0)
(4.28556 -0.717469 0)
(4.28783 -0.717021 0)
(4.2953 -0.715829 0)
(4.30297 -0.715826 0)
(4.30959 -0.713431 0)
(4.31438 -0.71108 0)
(4.31856 -0.707403 0)
(4.31801 -0.701672 0)
(4.31106 -0.696254 0)
(4.31265 -0.694869 0)
(4.31672 -0.694754 0)
(4.32018 -0.693331 0)
(4.32673 -0.691178 0)
(4.33473 -0.689595 0)
(4.34093 -0.686345 0)
(4.3439 -0.683363 0)
(4.34511 -0.680606 0)
(4.34125 -0.677134 0)
(4.33665 -0.672946 0)
(4.33857 -0.670171 0)
(4.34095 -0.668148 0)
(4.34488 -0.66518 0)
(4.35232 -0.660353 0)
(4.35635 -0.656574 0)
(4.35905 -0.653726 0)
(4.36138 -0.649741 0)
(4.35725 -0.637092 0)
(4.35599 -0.617742 0)
(4.35507 -0.599947 0)
(4.35086 -0.577272 0)
(4.34281 -0.557635 0)
(4.33227 -0.526834 0)
(4.31257 -0.45682 0)
(4.2963 -0.402966 0)
(4.28163 -0.372539 0)
(4.23975 -0.273587 0)
(4.21011 -0.181559 0)
(4.19544 -0.152909 0)
(4.1465 -0.0532452 0)
(4.1133 0.0699186 0)
(4.10545 0.0840779 0)
(4.09473 0.118058 0)
(4.02812 0.241635 0)
(4.0158 0.321387 0)
(4.00789 0.313765 0)
(3.98084 0.34403 0)
(3.94665 0.414119 0)
(3.93948 0.44596 0)
(3.92957 0.446218 0)
(3.90455 0.472624 0)
(3.8931 0.506868 0)
(3.89296 0.517786 0)
(3.87849 0.527617 0)
(3.87164 0.534207 0)
(3.86076 0.550747 0)
(3.85697 0.558984 0)
(3.85409 0.56158 0)
(3.85619 0.5662 0)
(3.85918 0.573273 0)
(3.85826 0.578583 0)
(3.85667 0.579839 0)
(3.85393 0.582161 0)
(3.85125 0.588574 0)
(3.8511 0.589792 0)
(3.85349 0.588492 0)
(3.85657 0.588056 0)
(3.86014 0.589783 0)
(3.86445 0.590439 0)
(3.86845 0.588695 0)
(3.86987 0.58524 0)
(3.86909 0.584565 0)
(3.86786 0.586601 0)
(3.86865 0.584688 0)
(3.8704 0.577176 0)
(3.87065 0.574473 0)
(3.87208 0.578004 0)
(3.8737 0.580891 0)
(3.87831 0.577206 0)
(3.87988 0.569948 0)
(3.88009 0.569211 0)
(3.88144 0.576154 0)
(3.88154 0.581646 0)
(3.882 0.578657 0)
(3.88 0.573006 0)
(3.87778 0.57475 0)
(3.87636 0.582126 0)
(3.8744 0.586405 0)
(3.87616 0.58382 0)
(3.87818 0.578938 0)
(3.87932 0.576789 0)
(3.88209 0.581783 0)
(3.88107 0.589627 0)
(3.88054 0.588936 0)
(3.87984 0.583767 0)
(3.8784 0.583697 0)
(5 3.84289e-15 0)
(5 4.34459e-15 0)
(5 2.62665e-15 0)
(5 2.48462e-15 0)
(5 2.82877e-15 0)
(5 3.29771e-15 0)
(5 3.67303e-15 0)
(5 3.75422e-15 0)
(5 3.68709e-15 0)
(5 3.8509e-15 0)
(5 5.57862e-14 0)
(5 1.07316e-12 0)
(5 1.85951e-11 0)
(5 2.9136e-10 0)
(5 9.15569e-09 0)
(5 1.67505e-07 0)
(5 2.24495e-06 0)
(5 1.70845e-05 0)
(4.99997 0.000188241 0)
(4.9998 0.00123079 0)
(4.9985 0.00673453 0)
(4.9922 0.0217242 0)
(4.97324 0.0668711 0)
(4.86765 0.246507 0)
(4.76505 0.394309 0)
(4.51165 0.715751 0)
(4.25828 0.959278 0)
(4.05924 1.1828 0)
(3.71997 1.52445 0)
(3.58739 1.62067 0)
(3.48752 1.59709 0)
(3.37848 1.67383 0)
(3.31529 1.76322 0)
(3.28713 1.79264 0)
(3.26909 1.77366 0)
(3.26295 1.75932 0)
(3.26331 1.75838 0)
(3.27198 1.75487 0)
(3.27515 1.74892 0)
(3.28497 1.73148 0)
(3.29868 1.71222 0)
(3.32053 1.68074 0)
(3.33974 1.63972 0)
(3.34585 1.63166 0)
(3.3513 1.62895 0)
(3.37674 1.59519 0)
(3.39117 1.55359 0)
(3.39526 1.54542 0)
(3.39409 1.56256 0)
(3.39541 1.55778 0)
(3.41125 1.51574 0)
(3.41573 1.47838 0)
(3.41645 1.48198 0)
(3.41345 1.49646 0)
(3.42606 1.48347 0)
(3.44769 1.4431 0)
(3.45454 1.40966 0)
(3.45755 1.41403 0)
(3.45346 1.42787 0)
(3.46397 1.4076 0)
(3.48293 1.36051 0)
(3.48843 1.33426 0)
(3.493 1.34675 0)
(3.49366 1.35733 0)
(3.5146 1.33594 0)
(3.5299 1.29148 0)
(3.53268 1.26955 0)
(3.53208 1.28011 0)
(3.52541 1.28421 0)
(3.53978 1.26364 0)
(3.55857 1.23003 0)
(3.56638 1.2092 0)
(3.57413 1.21973 0)
(3.57757 1.22883 0)
(3.59354 1.20443 0)
(3.60053 1.15956 0)
(3.59905 1.14469 0)
(3.59642 1.15478 0)
(3.59856 1.15292 0)
(3.61875 1.13979 0)
(3.63714 1.11311 0)
(3.64685 1.09323 0)
(3.6561 1.0941 0)
(3.65667 1.10284 0)
(3.6557 1.0858 0)
(3.66074 1.04194 0)
(3.66524 1.02606 0)
(3.67147 1.03403 0)
(3.67656 1.03599 0)
(3.69568 1.02798 0)
(3.71389 1.00398 0)
(3.72391 0.981165 0)
(3.72939 0.973551 0)
(3.72099 0.972995 0)
(3.70675 0.966855 0)
(3.72092 0.95428 0)
(3.73808 0.935164 0)
(3.75069 0.917173 0)
(3.76061 0.910983 0)
(3.76859 0.910354 0)
(3.77613 0.91084 0)
(3.78008 0.907281 0)
(3.77528 0.882895 0)
(3.77992 0.852178 0)
(3.78625 0.839286 0)
(3.79477 0.834273 0)
(3.80571 0.839668 0)
(3.8122 0.847948 0)
(3.82556 0.841405 0)
(3.84026 0.814428 0)
(3.8422 0.783441 0)
(3.83896 0.776202 0)
(3.83363 0.77838 0)
(3.84074 0.776186 0)
(3.84286 0.770506 0)
(3.84987 0.76018 0)
(3.84609 0.724771 0)
(3.82003 0.664783 0)
(3.74776 0.566075 0)
(3.60527 0.387903 0)
(3.44632 0.244551 0)
(3.20718 0.00417552 0)
(2.95706 -0.297758 0)
(2.82026 -0.427816 0)
(2.74793 -0.51908 0)
(2.66256 -0.654871 0)
(2.61374 -0.727854 0)
(2.6253 -0.737252 0)
(2.65417 -0.754492 0)
(2.69803 -0.765323 0)
(2.747 -0.760577 0)
(2.79914 -0.750163 0)
(2.84202 -0.736993 0)
(2.87457 -0.72929 0)
(2.89697 -0.721459 0)
(2.92569 -0.715733 0)
(2.96109 -0.713695 0)
(2.99772 -0.704193 0)
(3.02868 -0.693583 0)
(3.05289 -0.695678 0)
(3.07176 -0.70561 0)
(3.08256 -0.717979 0)
(3.09491 -0.72494 0)
(3.11171 -0.727656 0)
(3.12824 -0.729183 0)
(3.14748 -0.734079 0)
(3.16707 -0.739003 0)
(3.18466 -0.742722 0)
(3.20181 -0.746146 0)
(3.21604 -0.748768 0)
(3.22896 -0.750846 0)
(3.24594 -0.75295 0)
(3.26404 -0.754933 0)
(3.28235 -0.756207 0)
(3.3002 -0.757088 0)
(3.31731 -0.758202 0)
(3.33327 -0.759572 0)
(3.34679 -0.760138 0)
(3.36045 -0.760241 0)
(3.37595 -0.761815 0)
(3.3918 -0.763714 0)
(3.40759 -0.765611 0)
(3.423 -0.767629 0)
(3.43801 -0.76869 0)
(3.4516 -0.768347 0)
(3.46287 -0.768346 0)
(3.4733 -0.769192 0)
(3.48697 -0.7703 0)
(3.50165 -0.771628 0)
(3.51627 -0.772661 0)
(3.53075 -0.773223 0)
(3.54425 -0.774019 0)
(3.55662 -0.77545 0)
(3.5677 -0.776631 0)
(3.57654 -0.775057 0)
(3.58825 -0.772081 0)
(3.60064 -0.772191 0)
(3.61322 -0.774032 0)
(3.62623 -0.776122 0)
(3.63912 -0.778302 0)
(3.65183 -0.779793 0)
(3.66489 -0.778479 0)
(3.67651 -0.773886 0)
(3.68502 -0.77041 0)
(3.69165 -0.772431 0)
(3.69788 -0.774879 0)
(3.70831 -0.774723 0)
(3.72214 -0.773851 0)
(3.7341 -0.772421 0)
(3.74582 -0.772534 0)
(3.75701 -0.771228 0)
(3.76643 -0.771049 0)
(3.77539 -0.773697 0)
(3.7844 -0.773844 0)
(3.79387 -0.766514 0)
(3.80035 -0.758804 0)
(3.80734 -0.759715 0)
(3.81497 -0.765181 0)
(3.82346 -0.767052 0)
(3.83589 -0.762499 0)
(3.84531 -0.757124 0)
(3.85354 -0.758549 0)
(3.86131 -0.759449 0)
(3.86938 -0.756728 0)
(3.87689 -0.756482 0)
(3.88562 -0.756488 0)
(3.8958 -0.752861 0)
(3.90347 -0.74949 0)
(3.90981 -0.750043 0)
(3.91629 -0.751667 0)
(3.9224 -0.750213 0)
(3.92814 -0.744399 0)
(3.93442 -0.739891 0)
(3.94158 -0.739582 0)
(3.94947 -0.741965 0)
(3.95855 -0.742647 0)
(3.96926 -0.740074 0)
(3.97785 -0.736863 0)
(3.98419 -0.736615 0)
(3.98775 -0.736735 0)
(3.98884 -0.730582 0)
(3.99292 -0.727058 0)
(3.99931 -0.72823 0)
(4.00762 -0.728258 0)
(4.01856 -0.727173 0)
(4.02656 -0.726076 0)
(4.03394 -0.725121 0)
(4.04175 -0.724249 0)
(4.04927 -0.723358 0)
(4.05246 -0.719401 0)
(4.05039 -0.713835 0)
(4.05116 -0.712784 0)
(4.05558 -0.711687 0)
(4.06536 -0.710588 0)
(4.07404 -0.71014 0)
(4.0819 -0.709893 0)
(4.09022 -0.709614 0)
(4.0989 -0.708893 0)
(4.10644 -0.707379 0)
(4.11008 -0.705406 0)
(4.1068 -0.702943 0)
(4.10243 -0.695946 0)
(4.10745 -0.692744 0)
(4.11385 -0.693746 0)
(4.12077 -0.694066 0)
(4.13011 -0.694158 0)
(4.13837 -0.69334 0)
(4.14527 -0.692842 0)
(4.15233 -0.692375 0)
(4.15876 -0.691886 0)
(4.16058 -0.689541 0)
(4.15587 -0.682302 0)
(4.1551 -0.679732 0)
(4.15881 -0.681209 0)
(4.16462 -0.680604 0)
(4.17479 -0.680786 0)
(4.18289 -0.679986 0)
(4.1894 -0.679541 0)
(4.19638 -0.680712 0)
(4.20285 -0.681485 0)
(4.20511 -0.677513 0)
(4.20146 -0.66962 0)
(4.20164 -0.66872 0)
(4.20513 -0.671512 0)
(4.21145 -0.671758 0)
(4.22153 -0.670324 0)
(4.22849 -0.668793 0)
(4.23493 -0.670189 0)
(4.2408 -0.670339 0)
(4.24324 -0.665759 0)
(4.24008 -0.659678 0)
(4.23877 -0.658193 0)
(4.24207 -0.659294 0)
(4.24878 -0.659126 0)
(4.25598 -0.658442 0)
(4.2625 -0.658638 0)
(4.26929 -0.659582 0)
(4.27584 -0.65957 0)
(4.27922 -0.65658 0)
(4.27644 -0.652878 0)
(4.27239 -0.654101 0)
(4.27246 -0.652226 0)
(4.28251 -0.650898 0)
(4.29088 -0.650195 0)
(4.29707 -0.648109 0)
(4.30341 -0.648387 0)
(4.31031 -0.651019 0)
(4.31644 -0.653182 0)
(4.31886 -0.648944 0)
(4.31418 -0.640426 0)
(4.31144 -0.638161 0)
(4.31557 -0.639194 0)
(4.32198 -0.640375 0)
(4.32955 -0.640381 0)
(4.33653 -0.639332 0)
(4.34287 -0.638224 0)
(4.34809 -0.637435 0)
(4.3489 -0.636188 0)
(4.34203 -0.632402 0)
(4.33974 -0.629233 0)
(4.34567 -0.630013 0)
(4.35066 -0.630912 0)
(4.35769 -0.631938 0)
(4.36508 -0.632876 0)
(4.37187 -0.632737 0)
(4.37718 -0.632208 0)
(4.38118 -0.630388 0)
(4.37995 -0.625431 0)
(4.36984 -0.620408 0)
(4.36952 -0.617169 0)
(4.37309 -0.616632 0)
(4.37693 -0.616663 0)
(4.38372 -0.615411 0)
(4.39137 -0.61393 0)
(4.39737 -0.611381 0)
(4.3997 -0.608893 0)
(4.39836 -0.607519 0)
(4.39216 -0.604651 0)
(4.38921 -0.600048 0)
(4.394 -0.597292 0)
(4.39614 -0.594602 0)
(4.40041 -0.590817 0)
(4.40634 -0.585665 0)
(4.41015 -0.57913 0)
(4.41382 -0.571306 0)
(4.40668 -0.556278 0)
(4.40161 -0.531303 0)
(4.39617 -0.512335 0)
(4.38444 -0.488026 0)
(4.36589 -0.439189 0)
(4.34931 -0.398989 0)
(4.33377 -0.35302 0)
(4.30281 -0.246291 0)
(4.28494 -0.188203 0)
(4.27177 -0.165304 0)
(4.20575 -0.0407943 0)
(4.17693 0.0699496 0)
(4.17224 0.0782668 0)
(4.12851 0.15463 0)
(4.08932 0.271519 0)
(4.0855 0.286524 0)
(4.08096 0.312265 0)
(4.02164 0.396076 0)
(4.00578 0.473835 0)
(3.99068 0.47117 0)
(3.97292 0.475607 0)
(3.94906 0.511511 0)
(3.94267 0.552607 0)
(3.93805 0.558788 0)
(3.92192 0.569655 0)
(3.91668 0.575219 0)
(3.90874 0.588249 0)
(3.90624 0.594608 0)
(3.90255 0.605347 0)
(3.89939 0.615131 0)
(3.89652 0.622162 0)
(3.89608 0.623161 0)
(3.89495 0.624782 0)
(3.89488 0.629306 0)
(3.89418 0.631642 0)
(3.89448 0.632494 0)
(3.89493 0.633222 0)
(3.8952 0.632637 0)
(3.8947 0.631555 0)
(3.89607 0.63152 0)
(3.90001 0.631633 0)
(3.90543 0.630616 0)
(3.91091 0.626094 0)
(3.9142 0.623679 0)
(3.91733 0.627018 0)
(3.92014 0.62959 0)
(3.9227 0.624431 0)
(3.91999 0.616333 0)
(3.91573 0.617529 0)
(3.91413 0.624037 0)
(3.91468 0.62695 0)
(3.91915 0.623976 0)
(3.92143 0.618794 0)
(3.92241 0.618362 0)
(3.92276 0.624845 0)
(3.9212 0.629782 0)
(3.92038 0.6254 0)
(3.91972 0.622439 0)
(3.92062 0.624368 0)
(5 4.81886e-15 0)
(5 4.9032e-15 0)
(5 4.97492e-15 0)
(5 4.53575e-15 0)
(5 4.41127e-15 0)
(5 3.9679e-15 0)
(5 3.24804e-15 0)
(5 2.30094e-15 0)
(5 1.93927e-16 0)
(5 -9.469e-16 0)
(5 -2.03506e-15 0)
(5 -3.86244e-15 0)
(5 -1.11549e-15 0)
(5 4.68844e-15 0)
(5 1.46382e-13 0)
(5 2.19955e-12 0)
(5 3.50066e-11 0)
(5 4.81283e-10 0)
(5 1.51169e-08 0)
(5 2.2285e-07 0)
(5 2.78343e-06 0)
(5 1.92466e-05 0)
(4.99998 0.000172972 0)
(4.99969 0.00130466 0)
(4.99907 0.00504934 0)
(4.99218 0.0241758 0)
(4.98031 0.0490875 0)
(4.90411 0.187511 0)
(4.7599 0.40864 0)
(4.63781 0.574165 0)
(4.3243 0.930191 0)
(4.15098 1.09307 0)
(3.90071 1.35553 0)
(3.6639 1.62172 0)
(3.57655 1.62527 0)
(3.47614 1.61369 0)
(3.41367 1.69874 0)
(3.36034 1.76691 0)
(3.34488 1.78243 0)
(3.329 1.76397 0)
(3.3257 1.75303 0)
(3.32734 1.74838 0)
(3.33417 1.74301 0)
(3.33825 1.73709 0)
(3.345 1.7259 0)
(3.36717 1.69398 0)
(3.38757 1.65216 0)
(3.39429 1.6474 0)
(3.4014 1.64442 0)
(3.43104 1.5998 0)
(3.44082 1.55626 0)
(3.44317 1.55745 0)
(3.44503 1.57304 0)
(3.45624 1.5575 0)
(3.46879 1.51617 0)
(3.47039 1.48906 0)
(3.47189 1.49688 0)
(3.46774 1.50931 0)
(3.47931 1.48749 0)
(3.49394 1.44256 0)
(3.49678 1.42026 0)
(3.49866 1.43366 0)
(3.49882 1.44206 0)
(3.52013 1.41589 0)
(3.53508 1.36994 0)
(3.53797 1.34953 0)
(3.53895 1.36327 0)
(3.53399 1.36948 0)
(3.55027 1.34277 0)
(3.56551 1.30073 0)
(3.57063 1.28307 0)
(3.57565 1.29922 0)
(3.57706 1.30749 0)
(3.59602 1.28078 0)
(3.60495 1.23552 0)
(3.60538 1.22024 0)
(3.604 1.23304 0)
(3.60143 1.23326 0)
(3.61868 1.21573 0)
(3.63509 1.18603 0)
(3.64243 1.16559 0)
(3.65053 1.17327 0)
(3.65143 1.18317 0)
(3.65996 1.15888 0)
(3.66443 1.11454 0)
(3.66512 1.10175 0)
(3.66702 1.11253 0)
(3.67118 1.11256 0)
(3.69034 1.09962 0)
(3.70582 1.07224 0)
(3.71273 1.05476 0)
(3.71998 1.05508 0)
(3.71825 1.05883 0)
(3.71043 1.04213 0)
(3.72095 1.01098 0)
(3.7275 0.992202 0)
(3.73601 0.996313 0)
(3.74115 1.00313 0)
(3.7568 0.994779 0)
(3.77171 0.971223 0)
(3.77847 0.949085 0)
(3.78161 0.941463 0)
(3.77143 0.939809 0)
(3.76838 0.932337 0)
(3.78284 0.921662 0)
(3.79131 0.916019 0)
(3.8029 0.908995 0)
(3.82197 0.892827 0)
(3.83046 0.8721 0)
(3.83316 0.869844 0)
(3.82679 0.860518 0)
(3.80818 0.826197 0)
(3.78811 0.804055 0)
(3.73682 0.73538 0)
(3.64859 0.621032 0)
(3.51168 0.431237 0)
(3.32389 0.178745 0)
(3.17096 0.0242287 0)
(2.97746 -0.192934 0)
(2.77889 -0.440704 0)
(2.69771 -0.513316 0)
(2.64743 -0.588385 0)
(2.62177 -0.669575 0)
(2.6446 -0.715145 0)
(2.6715 -0.72132 0)
(2.71402 -0.730003 0)
(2.75292 -0.732878 0)
(2.79929 -0.729624 0)
(2.85182 -0.716541 0)
(2.90342 -0.69475 0)
(2.94643 -0.683086 0)
(2.98374 -0.680994 0)
(3.01362 -0.678041 0)
(3.03484 -0.671222 0)
(3.05906 -0.663015 0)
(3.08604 -0.659348 0)
(3.11214 -0.660471 0)
(3.1355 -0.665745 0)
(3.1558 -0.670912 0)
(3.1751 -0.675849 0)
(3.18963 -0.68042 0)
(3.2017 -0.684851 0)
(3.219 -0.688566 0)
(3.23721 -0.691442 0)
(3.25822 -0.692581 0)
(3.27846 -0.692992 0)
(3.29724 -0.695168 0)
(3.31456 -0.697263 0)
(3.32834 -0.699008 0)
(3.33945 -0.700519 0)
(3.35622 -0.70226 0)
(3.37402 -0.703526 0)
(3.39209 -0.703836 0)
(3.41003 -0.703794 0)
(3.42715 -0.703835 0)
(3.44286 -0.704392 0)
(3.45624 -0.705499 0)
(3.46547 -0.706181 0)
(3.47687 -0.706775 0)
(3.49282 -0.708038 0)
(3.50792 -0.708589 0)
(3.5229 -0.709124 0)
(3.53752 -0.710645 0)
(3.55178 -0.711971 0)
(3.56514 -0.711161 0)
(3.57576 -0.708566 0)
(3.58373 -0.708064 0)
(3.59311 -0.710255 0)
(3.60494 -0.711865 0)
(3.61904 -0.712563 0)
(3.63347 -0.711884 0)
(3.64694 -0.710254 0)
(3.65912 -0.710296 0)
(3.67031 -0.711645 0)
(3.67966 -0.712742 0)
(3.68472 -0.710648 0)
(3.69397 -0.706291 0)
(3.70515 -0.704118 0)
(3.71628 -0.703904 0)
(3.72837 -0.70739 0)
(3.73954 -0.711732 0)
(3.75155 -0.712594 0)
(3.76436 -0.708579 0)
(3.77485 -0.700416 0)
(3.78173 -0.696156 0)
(3.78595 -0.700545 0)
(3.78973 -0.704601 0)
(3.79698 -0.704032 0)
(3.81076 -0.703355 0)
(3.82294 -0.698677 0)
(3.83263 -0.692383 0)
(3.84183 -0.692946 0)
(3.85046 -0.699028 0)
(3.8573 -0.703363 0)
(3.86576 -0.697879 0)
(3.87362 -0.686648 0)
(3.8792 -0.680388 0)
(3.88662 -0.684235 0)
(3.89323 -0.691277 0)
(3.89927 -0.693299 0)
(3.90894 -0.686793 0)
(3.91673 -0.678025 0)
(3.92295 -0.674062 0)
(3.9307 -0.67788 0)
(3.93788 -0.683278 0)
(3.9457 -0.684533 0)
(3.95634 -0.679021 0)
(3.96393 -0.67154 0)
(3.96955 -0.670023 0)
(3.97466 -0.674376 0)
(3.97887 -0.677045 0)
(3.98393 -0.671759 0)
(3.98984 -0.663367 0)
(3.99495 -0.659587 0)
(4.00208 -0.662481 0)
(4.00896 -0.667316 0)
(4.01724 -0.667973 0)
(4.02775 -0.663715 0)
(4.03587 -0.658706 0)
(4.04172 -0.655435 0)
(4.04395 -0.653599 0)
(4.04359 -0.654827 0)
(4.04311 -0.655396 0)
(4.05094 -0.652096 0)
(4.06225 -0.650466 0)
(4.06971 -0.647731 0)
(4.07647 -0.6469 0)
(4.08401 -0.648806 0)
(4.09242 -0.650014 0)
(4.10002 -0.64788 0)
(4.10294 -0.64416 0)
(4.10055 -0.638982 0)
(4.09837 -0.633621 0)
(4.10253 -0.6324 0)
(4.1093 -0.633669 0)
(4.11641 -0.634716 0)
(4.12544 -0.634229 0)
(4.13487 -0.632292 0)
(4.14229 -0.631127 0)
(4.14844 -0.630858 0)
(4.15307 -0.629704 0)
(4.15368 -0.627209 0)
(4.14836 -0.621184 0)
(4.14791 -0.61795 0)
(4.15271 -0.618371 0)
(4.15901 -0.617993 0)
(4.16782 -0.617127 0)
(4.17574 -0.616313 0)
(4.18257 -0.615953 0)
(4.18976 -0.616665 0)
(4.19704 -0.617653 0)
(4.20165 -0.613869 0)
(4.19817 -0.60621 0)
(4.19291 -0.604356 0)
(4.19266 -0.603857 0)
(4.19945 -0.602859 0)
(4.20872 -0.603734 0)
(4.2159 -0.602665 0)
(4.22256 -0.602128 0)
(4.2301 -0.603077 0)
(4.23693 -0.604035 0)
(4.24029 -0.600262 0)
(4.23738 -0.592482 0)
(4.23465 -0.592341 0)
(4.23609 -0.5946 0)
(4.24369 -0.593006 0)
(4.25183 -0.591025 0)
(4.25905 -0.589654 0)
(4.266 -0.589229 0)
(4.27196 -0.588906 0)
(4.27485 -0.586806 0)
(4.27241 -0.583134 0)
(4.27 -0.579676 0)
(4.2731 -0.57799 0)
(4.27842 -0.576379 0)
(4.28399 -0.575492 0)
(4.28972 -0.576897 0)
(4.29524 -0.578146 0)
(4.30033 -0.576557 0)
(4.30284 -0.574141 0)
(4.30039 -0.576005 0)
(4.29462 -0.575244 0)
(4.3015 -0.574227 0)
(4.30971 -0.574518 0)
(4.31626 -0.572699 0)
(4.3228 -0.570849 0)
(4.32985 -0.570094 0)
(4.33626 -0.57073 0)
(4.34037 -0.570008 0)
(4.33976 -0.566332 0)
(4.33584 -0.563083 0)
(4.33651 -0.561378 0)
(4.34178 -0.559833 0)
(4.3478 -0.559973 0)
(4.35356 -0.560921 0)
(4.35928 -0.559245 0)
(4.36396 -0.55552 0)
(4.36661 -0.552887 0)
(4.36487 -0.552689 0)
(4.35916 -0.555265 0)
(4.36106 -0.556468 0)
(4.36631 -0.555837 0)
(4.37157 -0.555997 0)
(4.37755 -0.556877 0)
(4.38416 -0.556995 0)
(4.39063 -0.557528 0)
(4.39674 -0.558317 0)
(4.401 -0.557589 0)
(4.39891 -0.554752 0)
(4.39072 -0.552293 0)
(4.38938 -0.551571 0)
(4.39464 -0.551057 0)
(4.40063 -0.550865 0)
(4.407 -0.551502 0)
(4.41336 -0.552563 0)
(4.41909 -0.55301 0)
(4.42321 -0.552571 0)
(4.4233 -0.550043 0)
(4.4155 -0.546118 0)
(4.40952 -0.544377 0)
(4.41442 -0.543916 0)
(4.41857 -0.543877 0)
(4.42314 -0.542174 0)
(4.42817 -0.53901 0)
(4.43295 -0.536591 0)
(4.43512 -0.535067 0)
(4.4363 -0.534203 0)
(4.4349 -0.532311 0)
(4.43017 -0.527933 0)
(4.4284 -0.519952 0)
(4.43027 -0.512239 0)
(4.43162 -0.506016 0)
(4.43564 -0.499133 0)
(4.43774 -0.488943 0)
(4.43471 -0.475939 0)
(4.4285 -0.460031 0)
(4.41768 -0.428942 0)
(4.40877 -0.391895 0)
(4.39676 -0.37105 0)
(4.37468 -0.327913 0)
(4.34306 -0.238157 0)
(4.32669 -0.192322 0)
(4.30666 -0.137031 0)
(4.26186 -0.00358995 0)
(4.24352 0.0494733 0)
(4.23703 0.0610065 0)
(4.16334 0.177482 0)
(4.13483 0.30494 0)
(4.13041 0.30738 0)
(4.12101 0.32649 0)
(4.0608 0.432892 0)
(4.05149 0.487238 0)
(4.04891 0.483577 0)
(4.01331 0.518844 0)
(3.98838 0.579837 0)
(3.9806 0.596803 0)
(3.96668 0.593824 0)
(3.94995 0.609509 0)
(3.94466 0.632008 0)
(3.94721 0.642379 0)
(3.93638 0.651795 0)
(3.93356 0.653562 0)
(3.92755 0.659397 0)
(3.92177 0.666454 0)
(3.91879 0.671119 0)
(3.91886 0.676221 0)
(3.92127 0.679024 0)
(3.92273 0.678859 0)
(3.92394 0.678488 0)
(3.92586 0.67911 0)
(3.92758 0.678871 0)
(3.92725 0.676597 0)
(3.9265 0.67364 0)
(3.92872 0.673918 0)
(3.93405 0.67519 0)
(3.94047 0.675264 0)
(3.9462 0.673206 0)
(3.95039 0.667278 0)
(3.95162 0.663907 0)
(3.95135 0.670578 0)
(3.95043 0.673757 0)
(3.9491 0.671117 0)
(3.9497 0.669653 0)
(3.95232 0.669196 0)
(5 1.43666e-15 0)
(5 -7.43134e-16 0)
(5 -9.72676e-16 0)
(5 -6.06567e-16 0)
(5 1.10096e-16 0)
(5 4.70068e-16 0)
(5 -7.04476e-16 0)
(5 -9.40224e-16 0)
(5 -1.98329e-15 0)
(5 -3.33286e-15 0)
(5 -3.53388e-15 0)
(5 -1.17736e-15 0)
(5 -2.41836e-16 0)
(5 9.43683e-16 0)
(5 1.53958e-15 0)
(5 2.28274e-15 0)
(5 1.74734e-15 0)
(5 5.99812e-15 0)
(5 2.44632e-13 0)
(5 3.02616e-12 0)
(5 4.83282e-11 0)
(5 5.85533e-10 0)
(5 1.38969e-08 0)
(5 2.37538e-07 0)
(5 2.15787e-06 0)
(5 2.00636e-05 0)
(5 0.000106114 0)
(4.99975 0.00101768 0)
(4.99901 0.00407938 0)
(4.99577 0.0157456 0)
(4.97922 0.0522483 0)
(4.95497 0.100534 0)
(4.80548 0.34524 0)
(4.67837 0.530582 0)
(4.49949 0.75624 0)
(4.21076 1.05616 0)
(4.08319 1.19001 0)
(3.81024 1.45971 0)
(3.65187 1.6595 0)
(3.58165 1.63181 0)
(3.49915 1.62568 0)
(3.46032 1.69995 0)
(3.41473 1.75698 0)
(3.39738 1.77408 0)
(3.38731 1.7588 0)
(3.3841 1.74328 0)
(3.38324 1.73822 0)
(3.39061 1.73316 0)
(3.4006 1.72304 0)
(3.40601 1.71257 0)
(3.42249 1.68412 0)
(3.44515 1.64695 0)
(3.45424 1.64073 0)
(3.46491 1.62806 0)
(3.48695 1.58008 0)
(3.49106 1.55979 0)
(3.49258 1.56982 0)
(3.50871 1.56021 0)
(3.52343 1.52186 0)
(3.52093 1.50191 0)
(3.51972 1.50888 0)
(3.51991 1.51649 0)
(3.53176 1.49169 0)
(3.54169 1.45337 0)
(3.54312 1.43407 0)
(3.54575 1.44591 0)
(3.54529 1.45434 0)
(3.56227 1.42607 0)
(3.57458 1.38015 0)
(3.57665 1.36349 0)
(3.57843 1.38061 0)
(3.57898 1.38761 0)
(3.60054 1.35941 0)
(3.61192 1.31272 0)
(3.61313 1.29479 0)
(3.61394 1.31032 0)
(3.60995 1.31623 0)
(3.62553 1.29471 0)
(3.6408 1.25815 0)
(3.64528 1.2355 0)
(3.65176 1.24688 0)
(3.65023 1.26009 0)
(3.66221 1.2386 0)
(3.67133 1.1938 0)
(3.67155 1.17282 0)
(3.6738 1.18486 0)
(3.67287 1.19083 0)
(3.68814 1.17698 0)
(3.70395 1.14942 0)
(3.70981 1.12626 0)
(3.71722 1.12584 0)
(3.71786 1.13537 0)
(3.71513 1.12194 0)
(3.72422 1.08553 0)
(3.72773 1.06337 0)
(3.73379 1.06933 0)
(3.7362 1.07805 0)
(3.75262 1.06875 0)
(3.76878 1.04276 0)
(3.77375 1.02041 0)
(3.77684 1.01942 0)
(3.77436 1.02343 0)
(3.77126 1.00645 0)
(3.77833 0.98871 0)
(3.78217 0.975117 0)
(3.78812 0.960349 0)
(3.79257 0.954558 0)
(3.77482 0.917597 0)
(3.73307 0.847339 0)
(3.65804 0.73693 0)
(3.53314 0.568586 0)
(3.40013 0.418385 0)
(3.19087 0.151217 0)
(3.03476 -0.0730361 0)
(2.94141 -0.204994 0)
(2.80553 -0.394852 0)
(2.73827 -0.510291 0)
(2.71238 -0.553465 0)
(2.69468 -0.615449 0)
(2.70929 -0.656016 0)
(2.74395 -0.667738 0)
(2.78935 -0.657743 0)
(2.83362 -0.645461 0)
(2.87542 -0.63937 0)
(2.9112 -0.637182 0)
(2.95028 -0.619036 0)
(2.9896 -0.592049 0)
(3.02339 -0.589049 0)
(3.05858 -0.589385 0)
(3.09599 -0.582931 0)
(3.12803 -0.579075 0)
(3.15685 -0.584813 0)
(3.17888 -0.591302 0)
(3.20097 -0.593592 0)
(3.22412 -0.593704 0)
(3.24587 -0.595062 0)
(3.26725 -0.599286 0)
(3.28646 -0.604235 0)
(3.30279 -0.608842 0)
(3.31501 -0.612244 0)
(3.32879 -0.614488 0)
(3.34752 -0.615986 0)
(3.36582 -0.616757 0)
(3.38432 -0.617893 0)
(3.40294 -0.619736 0)
(3.42133 -0.621357 0)
(3.4381 -0.622222 0)
(3.45095 -0.622991 0)
(3.45826 -0.623836 0)
(3.46883 -0.624472 0)
(3.48588 -0.625525 0)
(3.50218 -0.626218 0)
(3.51805 -0.627797 0)
(3.53371 -0.62976 0)
(3.54921 -0.630233 0)
(3.56335 -0.629275 0)
(3.57397 -0.629391 0)
(3.5794 -0.630884 0)
(3.58589 -0.631951 0)
(3.60032 -0.632729 0)
(3.61523 -0.632878 0)
(3.62964 -0.632091 0)
(3.64313 -0.632442 0)
(3.656 -0.634126 0)
(3.66791 -0.635758 0)
(3.67702 -0.634047 0)
(3.68135 -0.627974 0)
(3.68727 -0.626752 0)
(3.6976 -0.630334 0)
(3.70867 -0.632547 0)
(3.72218 -0.633166 0)
(3.73607 -0.631254 0)
(3.74866 -0.627904 0)
(3.75941 -0.627468 0)
(3.76779 -0.628753 0)
(3.77155 -0.628725 0)
(3.77108 -0.626901 0)
(3.78227 -0.625047 0)
(3.79342 -0.622619 0)
(3.80409 -0.620479 0)
(3.81558 -0.623098 0)
(3.82608 -0.627819 0)
(3.83661 -0.628589 0)
(3.84744 -0.622763 0)
(3.85461 -0.61255 0)
(3.8578 -0.61034 0)
(3.86092 -0.618222 0)
(3.86455 -0.621724 0)
(3.87393 -0.620847 0)
(3.88601 -0.618273 0)
(3.89694 -0.609018 0)
(3.90637 -0.603083 0)
(3.91504 -0.607794 0)
(3.91932 -0.614389 0)
(3.91918 -0.615772 0)
(3.92804 -0.60905 0)
(3.9372 -0.60234 0)
(3.9456 -0.598474 0)
(3.95433 -0.600559 0)
(3.96148 -0.606446 0)
(3.96632 -0.609139 0)
(3.97091 -0.601956 0)
(3.97392 -0.590125 0)
(3.97833 -0.58686 0)
(3.98758 -0.594398 0)
(3.99383 -0.599895 0)
(4.00351 -0.599528 0)
(4.01405 -0.593952 0)
(4.0212 -0.587311 0)
(4.02725 -0.587469 0)
(4.03114 -0.59204 0)
(4.03084 -0.592515 0)
(4.03441 -0.58388 0)
(4.03992 -0.57734 0)
(4.04553 -0.575797 0)
(4.05407 -0.581145 0)
(4.06045 -0.587288 0)
(4.06849 -0.587184 0)
(4.07888 -0.580204 0)
(4.08548 -0.569822 0)
(4.08878 -0.565424 0)
(4.08901 -0.571912 0)
(4.08613 -0.577437 0)
(4.08759 -0.574795 0)
(4.09973 -0.572012 0)
(4.1078 -0.566381 0)
(4.11391 -0.562139 0)
(4.12115 -0.563749 0)
(4.12821 -0.567035 0)
(4.13509 -0.568077 0)
(4.14101 -0.567275 0)
(4.14432 -0.562654 0)
(4.14272 -0.553726 0)
(4.1394 -0.548714 0)
(4.14241 -0.551792 0)
(4.14743 -0.55489 0)
(4.15494 -0.554089 0)
(4.16406 -0.549747 0)
(4.17032 -0.546963 0)
(4.17638 -0.546162 0)
(4.18282 -0.546813 0)
(4.18901 -0.54811 0)
(4.19256 -0.547579 0)
(4.18898 -0.542207 0)
(4.18371 -0.537041 0)
(4.18606 -0.536171 0)
(4.19236 -0.53439 0)
(4.19879 -0.53182 0)
(4.20589 -0.532519 0)
(4.21312 -0.534733 0)
(4.22087 -0.536183 0)
(4.22911 -0.534787 0)
(4.2349 -0.531019 0)
(4.23446 -0.527636 0)
(4.22636 -0.524773 0)
(4.22084 -0.521712 0)
(4.22869 -0.521627 0)
(4.23584 -0.521408 0)
(4.2424 -0.520185 0)
(4.24945 -0.519029 0)
(4.25718 -0.520531 0)
(4.26419 -0.522648 0)
(4.26943 -0.520829 0)
(4.26845 -0.515175 0)
(4.26214 -0.51339 0)
(4.26152 -0.515352 0)
(4.26911 -0.515252 0)
(4.27823 -0.514528 0)
(4.28596 -0.513326 0)
(4.29285 -0.511822 0)
(4.2986 -0.510129 0)
(4.3008 -0.508585 0)
(4.296 -0.506394 0)
(4.29378 -0.502923 0)
(4.29969 -0.500129 0)
(4.3056 -0.499979 0)
(4.31182 -0.500781 0)
(4.31721 -0.501879 0)
(4.32257 -0.502313 0)
(4.32749 -0.500517 0)
(4.32956 -0.496962 0)
(4.32373 -0.493868 0)
(4.31204 -0.493534 0)
(4.31629 -0.495338 0)
(4.32288 -0.496186 0)
(4.3299 -0.496655 0)
(4.33817 -0.496452 0)
(4.34644 -0.495503 0)
(4.35405 -0.493978 0)
(4.3594 -0.492654 0)
(4.35842 -0.489713 0)
(4.35011 -0.481793 0)
(4.3504 -0.480549 0)
(4.3556 -0.482401 0)
(4.36266 -0.483473 0)
(4.36808 -0.483996 0)
(4.37282 -0.482767 0)
(4.37738 -0.480491 0)
(4.38202 -0.477316 0)
(4.38215 -0.472982 0)
(4.37115 -0.467661 0)
(4.3661 -0.464821 0)
(4.36972 -0.464006 0)
(4.37462 -0.46528 0)
(4.38079 -0.46857 0)
(4.3864 -0.471756 0)
(4.39147 -0.473632 0)
(4.39708 -0.474644 0)
(4.40269 -0.474963 0)
(4.40677 -0.473453 0)
(4.40413 -0.46848 0)
(4.39447 -0.461684 0)
(4.39223 -0.457925 0)
(4.39571 -0.457392 0)
(4.39999 -0.45946 0)
(4.40537 -0.464689 0)
(4.41093 -0.470943 0)
(4.41726 -0.474168 0)
(4.42321 -0.474284 0)
(4.42697 -0.471139 0)
(4.42542 -0.464484 0)
(4.41699 -0.461043 0)
(4.41241 -0.465096 0)
(4.41877 -0.468754 0)
(4.42616 -0.470545 0)
(4.43157 -0.472644 0)
(4.43702 -0.473763 0)
(4.44235 -0.472991 0)
(4.44576 -0.469636 0)
(4.44214 -0.462408 0)
(4.4357 -0.451367 0)
(4.43863 -0.447729 0)
(4.44183 -0.447544 0)
(4.4469 -0.446244 0)
(4.45075 -0.446047 0)
(4.45295 -0.446515 0)
(4.4548 -0.447389 0)
(4.45394 -0.446423 0)
(4.4515 -0.440337 0)
(4.4512 -0.435461 0)
(4.44925 -0.430619 0)
(4.44672 -0.420206 0)
(4.44719 -0.409935 0)
(4.44604 -0.399746 0)
(4.44069 -0.376653 0)
(4.43428 -0.349761 0)
(4.4276 -0.334416 0)
(4.40776 -0.281989 0)
(4.38733 -0.213139 0)
(4.3753 -0.183689 0)
(4.33707 -0.100955 0)
(4.29778 0.0219827 0)
(4.28491 0.0446308 0)
(4.25792 0.08888 0)
(4.18645 0.236878 0)
(4.16909 0.296084 0)
(4.16941 0.294303 0)
(4.10637 0.387093 0)
(4.08196 0.496228 0)
(4.08143 0.500443 0)
(4.0775 0.508566 0)
(4.03185 0.573087 0)
(4.02138 0.627942 0)
(4.01292 0.620692 0)
(3.9955 0.6289 0)
(3.97829 0.662837 0)
(3.97764 0.68019 0)
(3.97307 0.687105 0)
(3.96593 0.692908 0)
(3.96446 0.695428 0)
(3.96017 0.700879 0)
(3.95159 0.705385 0)
(3.94352 0.715258 0)
(3.94158 0.722361 0)
(3.94271 0.723132 0)
(3.94587 0.722284 0)
(3.94791 0.721285 0)
(3.95105 0.71937 0)
(3.95392 0.720192 0)
(3.955 0.72439 0)
(3.95479 0.726703 0)
(3.95556 0.726643 0)
(3.95776 0.727744 0)
(3.96268 0.728066 0)
(5 2.79147e-15 0)
(5 7.89958e-17 0)
(5 5.80272e-17 0)
(5 5.89325e-16 0)
(5 1.6057e-15 0)
(5 2.51643e-15 0)
(5 7.24689e-16 0)
(5 -1.94766e-15 0)
(5 -2.31163e-15 0)
(5 -2.09619e-15 0)
(5 2.66226e-16 0)
(5 1.96595e-15 0)
(5 5.10619e-15 0)
(5 6.27889e-15 0)
(5 5.31234e-15 0)
(5 2.17195e-15 0)
(5 6.95523e-16 0)
(5 7.75089e-16 0)
(5 7.56897e-15 0)
(5 1.02617e-14 0)
(5 6.01416e-15 0)
(5 7.65634e-15 0)
(5 2.32919e-13 0)
(5 3.28513e-12 0)
(5 3.59403e-11 0)
(5 6.20165e-10 0)
(5 7.21918e-09 0)
(5 1.7317e-07 0)
(5 1.53774e-06 0)
(5 1.27156e-05 0)
(4.99999 7.98578e-05 0)
(4.99995 0.000435651 0)
(4.99906 0.00324992 0)
(4.99779 0.00893949 0)
(4.98795 0.036504 0)
(4.96245 0.0842687 0)
(4.91273 0.173058 0)
(4.71591 0.47974 0)
(4.61193 0.63265 0)
(4.39325 0.897687 0)
(4.15162 1.13266 0)
(4.041 1.25282 0)
(3.78003 1.50793 0)
(3.66152 1.67704 0)
(3.60041 1.63794 0)
(3.53291 1.62707 0)
(3.50496 1.69229 0)
(3.4681 1.74343 0)
(3.45144 1.76507 0)
(3.44349 1.7518 0)
(3.43983 1.73426 0)
(3.43805 1.72806 0)
(3.44407 1.72324 0)
(3.45556 1.71145 0)
(3.46023 1.70114 0)
(3.47304 1.67902 0)
(3.49965 1.63793 0)
(3.51046 1.62622 0)
(3.51225 1.62369 0)
(3.53575 1.58396 0)
(3.54601 1.55513 0)
(3.54845 1.55731 0)
(3.56336 1.54479 0)
(3.57196 1.5151 0)
(3.56892 1.51066 0)
(3.56864 1.51612 0)
(3.58242 1.49886 0)
(3.58951 1.46373 0)
(3.5864 1.44999 0)
(3.58667 1.45832 0)
(3.59157 1.46282 0)
(3.60967 1.43575 0)
(3.618 1.3961 0)
(3.61747 1.37993 0)
(3.61931 1.39286 0)
(3.61859 1.39948 0)
(3.63521 1.37293 0)
(3.64872 1.33073 0)
(3.65077 1.30795 0)
(3.65588 1.32193 0)
(3.6534 1.33723 0)
(3.66826 1.31589 0)
(3.6811 1.26915 0)
(3.68082 1.24229 0)
(3.68333 1.25484 0)
(3.68017 1.26764 0)
(3.69234 1.25403 0)
(3.71005 1.22218 0)
(3.71471 1.19258 0)
(3.72071 1.19284 0)
(3.72054 1.20863 0)
(3.7198 1.20194 0)
(3.73291 1.1658 0)
(3.73581 1.13424 0)
(3.74018 1.13676 0)
(3.74202 1.14964 0)
(3.75385 1.1419 0)
(3.7683 1.11685 0)
(3.77078 1.09097 0)
(3.77282 1.09144 0)
(3.76428 1.08256 0)
(3.75024 1.04465 0)
(3.73148 1.01 0)
(3.68729 0.943527 0)
(3.60853 0.807084 0)
(3.52653 0.67629 0)
(3.37535 0.436391 0)
(3.25579 0.245098 0)
(3.13967 0.0718407 0)
(2.96249 -0.179748 0)
(2.87714 -0.305643 0)
(2.81895 -0.399479 0)
(2.75859 -0.536673 0)
(2.74564 -0.592284 0)
(2.76999 -0.619354 0)
(2.79478 -0.660001 0)
(2.82608 -0.68091 0)
(2.86529 -0.681734 0)
(2.91144 -0.673859 0)
(2.9567 -0.660612 0)
(3.00688 -0.64163 0)
(3.05147 -0.632863 0)
(3.09633 -0.622254 0)
(3.13928 -0.600557 0)
(3.16803 -0.590085 0)
(3.19307 -0.582775 0)
(3.22438 -0.56923 0)
(3.24796 -0.562826 0)
(3.26916 -0.561869 0)
(3.28955 -0.558406 0)
(3.30832 -0.556226 0)
(3.32602 -0.555502 0)
(3.34282 -0.554444 0)
(3.36103 -0.555105 0)
(3.37988 -0.557445 0)
(3.39961 -0.559355 0)
(3.41899 -0.55953 0)
(3.43581 -0.558558 0)
(3.44847 -0.558544 0)
(3.45637 -0.559133 0)
(3.46611 -0.558254 0)
(3.48341 -0.55736 0)
(3.49992 -0.55687 0)
(3.51548 -0.557779 0)
(3.53089 -0.560995 0)
(3.54628 -0.563047 0)
(3.56089 -0.561357 0)
(3.57124 -0.558459 0)
(3.57634 -0.559023 0)
(3.58152 -0.561331 0)
(3.59331 -0.561693 0)
(3.60894 -0.560877 0)
(3.6236 -0.559534 0)
(3.63711 -0.560643 0)
(3.64972 -0.564077 0)
(3.6618 -0.564896 0)
(3.67168 -0.560505 0)
(3.6761 -0.556709 0)
(3.67931 -0.559009 0)
(3.68627 -0.561371 0)
(3.69988 -0.561351 0)
(3.71508 -0.559776 0)
(3.72851 -0.557 0)
(3.74027 -0.556722 0)
(3.75086 -0.55916 0)
(3.7593 -0.560954 0)
(3.76269 -0.557478 0)
(3.76441 -0.54928 0)
(3.77108 -0.547205 0)
(3.78224 -0.551667 0)
(3.79273 -0.555053 0)
(3.80559 -0.555592 0)
(3.8193 -0.552376 0)
(3.83107 -0.547538 0)
(3.83983 -0.547013 0)
(3.84349 -0.548867 0)
(3.83995 -0.548064 0)
(3.84204 -0.545802 0)
(3.85523 -0.544872 0)
(3.86627 -0.541493 0)
(3.87676 -0.538834 0)
(3.88748 -0.540589 0)
(3.89773 -0.543949 0)
(3.90732 -0.545148 0)
(3.9146 -0.541359 0)
(3.91611 -0.532164 0)
(3.91519 -0.52734 0)
(3.92151 -0.532945 0)
(3.92843 -0.537225 0)
(3.93822 -0.537077 0)
(3.95106 -0.533148 0)
(3.96192 -0.525356 0)
(3.97047 -0.522687 0)
(3.97441 -0.525553 0)
(3.97106 -0.526919 0)
(3.96955 -0.525587 0)
(3.98126 -0.525006 0)
(3.99157 -0.522306 0)
(4.00141 -0.519278 0)
(4.01053 -0.519161 0)
(4.0184 -0.521775 0)
(4.02386 -0.523789 0)
(4.02545 -0.518123 0)
(4.02261 -0.50555 0)
(4.02642 -0.505568 0)
(4.03443 -0.511887 0)
(4.04154 -0.513856 0)
(4.0523 -0.514133 0)
(4.06216 -0.510321 0)
(4.07047 -0.50711 0)
(4.07759 -0.507043 0)
(4.08088 -0.507089 0)
(4.07535 -0.506094 0)
(4.07644 -0.500607 0)
(4.08238 -0.496411 0)
(4.08953 -0.495955 0)
(4.09909 -0.502012 0)
(4.10546 -0.506479 0)
(4.11471 -0.503833 0)
(4.12201 -0.493794 0)
(4.12529 -0.48225 0)
(4.12623 -0.483691 0)
(4.12462 -0.495162 0)
(4.12197 -0.498711 0)
(4.13071 -0.494989 0)
(4.14093 -0.489472 0)
(4.14703 -0.4819 0)
(4.1528 -0.478731 0)
(4.15946 -0.483305 0)
(4.165 -0.488213 0)
(4.17038 -0.489626 0)
(4.17466 -0.485213 0)
(4.17595 -0.475945 0)
(4.17488 -0.469452 0)
(4.17545 -0.472208 0)
(4.17603 -0.476271 0)
(4.18059 -0.474277 0)
(4.1893 -0.470833 0)
(4.19553 -0.468922 0)
(4.20187 -0.467476 0)
(4.20829 -0.467087 0)
(4.21462 -0.468598 0)
(4.22026 -0.470951 0)
(4.22353 -0.470715 0)
(4.22108 -0.465977 0)
(4.21509 -0.460346 0)
(4.21682 -0.456544 0)
(4.2232 -0.455171 0)
(4.23002 -0.45658 0)
(4.23638 -0.458907 0)
(4.24312 -0.459169 0)
(4.25039 -0.456952 0)
(4.25697 -0.454917 0)
(4.26164 -0.453834 0)
(4.25968 -0.452197 0)
(4.24959 -0.449697 0)
(4.25134 -0.44877 0)
(4.25854 -0.44787 0)
(4.26441 -0.446219 0)
(4.27105 -0.444539 0)
(4.27958 -0.446106 0)
(4.28717 -0.449338 0)
(4.29319 -0.449552 0)
(4.29644 -0.444934 0)
(4.29414 -0.438697 0)
(4.28736 -0.436534 0)
(4.27919 -0.435706 0)
(4.2816 -0.432121 0)
(4.28898 -0.430952 0)
(4.29408 -0.431329 0)
(4.29965 -0.432719 0)
(4.3054 -0.435217 0)
(4.31161 -0.43583 0)
(4.31621 -0.429671 0)
(4.31373 -0.41802 0)
(4.30815 -0.410153 0)
(4.31023 -0.411101 0)
(4.31634 -0.414705 0)
(4.32148 -0.416711 0)
(4.32599 -0.416804 0)
(4.32951 -0.416875 0)
(4.33177 -0.420395 0)
(4.3342 -0.425143 0)
(4.33727 -0.427288 0)
(4.34062 -0.427073 0)
(4.34304 -0.423852 0)
(4.34388 -0.418849 0)
(4.34318 -0.41577 0)
(4.34209 -0.414684 0)
(4.3436 -0.41249 0)
(4.34835 -0.408323 0)
(4.35353 -0.402768 0)
(4.35726 -0.396526 0)
(4.35856 -0.393021 0)
(4.3582 -0.391859 0)
(4.35777 -0.393388 0)
(4.35829 -0.39426 0)
(4.35884 -0.394457 0)
(4.36032 -0.396394 0)
(4.36818 -0.398811 0)
(4.3726 -0.40016 0)
(4.37593 -0.39987 0)
(4.38123 -0.397321 0)
(4.38688 -0.395796 0)
(4.39252 -0.396377 0)
(4.39901 -0.397128 0)
(4.40549 -0.396951 0)
(4.40844 -0.394594 0)
(4.40169 -0.390731 0)
(4.3937 -0.391616 0)
(4.39728 -0.39451 0)
(4.40088 -0.395018 0)
(4.40498 -0.393345 0)
(4.41048 -0.38976 0)
(4.41557 -0.388363 0)
(4.42041 -0.388844 0)
(4.42285 -0.387765 0)
(4.41658 -0.383671 0)
(4.40943 -0.383588 0)
(4.41365 -0.388166 0)
(4.41766 -0.391349 0)
(4.42349 -0.392678 0)
(4.43025 -0.393421 0)
(4.43427 -0.391361 0)
(4.4323 -0.383577 0)
(4.42209 -0.374532 0)
(4.41387 -0.376232 0)
(4.42107 -0.381576 0)
(4.42801 -0.384801 0)
(4.43338 -0.388231 0)
(4.43826 -0.388225 0)
(4.44268 -0.385915 0)
(4.45082 -0.383536 0)
(4.45907 -0.385407 0)
(4.46699 -0.389913 0)
(4.47352 -0.392973 0)
(4.47542 -0.390966 0)
(4.47116 -0.381667 0)
(4.46126 -0.368984 0)
(4.45382 -0.363797 0)
(4.45115 -0.365786 0)
(4.45151 -0.3686 0)
(4.45379 -0.369017 0)
(4.45708 -0.369522 0)
(4.45823 -0.370614 0)
(4.45837 -0.370908 0)
(4.45863 -0.368813 0)
(4.45947 -0.367462 0)
(4.46149 -0.362519 0)
(4.46335 -0.352172 0)
(4.46865 -0.343593 0)
(4.46266 -0.324244 0)
(4.45552 -0.300848 0)
(4.45158 -0.284442 0)
(4.44418 -0.26627 0)
(4.42342 -0.21639 0)
(4.40565 -0.16518 0)
(4.39254 -0.142784 0)
(4.35694 -0.058845 0)
(4.33031 0.0349956 0)
(4.32207 0.0504422 0)
(4.27403 0.13378 0)
(4.22562 0.263108 0)
(4.21732 0.27723 0)
(4.18878 0.326697 0)
(4.12759 0.466149 0)
(4.12021 0.51785 0)
(4.12729 0.50472 0)
(4.09526 0.554677 0)
(4.06131 0.636668 0)
(4.05584 0.655206 0)
(4.04085 0.665952 0)
(4.00862 0.689488 0)
(3.99392 0.728707 0)
(3.98569 0.735555 0)
(3.97927 0.738496 0)
(3.97542 0.752383 0)
(3.97608 0.757519 0)
(3.97433 0.759815 0)
(3.97071 0.762805 0)
(3.96863 0.764089 0)
(3.96558 0.768724 0)
(3.96486 0.778549 0)
(3.9624 0.784084 0)
(5 4.60844e-15 0)
(5 4.41558e-15 0)
(5 5.01771e-15 0)
(5 5.64128e-15 0)
(5 5.54794e-15 0)
(5 5.87987e-15 0)
(5 4.51997e-15 0)
(5 2.85795e-15 0)
(5 2.38242e-15 0)
(5 4.99249e-15 0)
(5 6.17918e-15 0)
(5 6.72438e-15 0)
(5 6.84297e-15 0)
(5 5.63494e-15 0)
(5 2.93439e-15 0)
(5 1.80244e-15 0)
(5 5.35617e-15 0)
(5 9.6525e-15 0)
(5 9.80035e-15 0)
(5 9.28232e-15 0)
(5 8.58581e-15 0)
(5 6.00821e-16 0)
(5 -4.14317e-15 0)
(5 -3.49527e-15 0)
(5 -2.53598e-15 0)
(5 4.41247e-15 0)
(5 1.22223e-13 0)
(5 2.5924e-12 0)
(5 2.45087e-11 0)
(5 3.64904e-10 0)
(5 4.53908e-09 0)
(5 5.75095e-08 0)
(5 9.58545e-07 0)
(5 6.14485e-06 0)
(4.99999 4.7351e-05 0)
(4.99997 0.000216156 0)
(4.99973 0.00125907 0)
(4.99786 0.00669074 0)
(4.99543 0.0165548 0)
(4.97648 0.0647791 0)
(4.94698 0.112931 0)
(4.86117 0.254501 0)
(4.65314 0.571729 0)
(4.56829 0.705388 0)
(4.32315 1.00256 0)
(4.12788 1.17825 0)
(4.03031 1.2812 0)
(3.78048 1.52272 0)
(3.68324 1.68215 0)
(3.62934 1.64241 0)
(3.5732 1.62407 0)
(3.55111 1.68092 0)
(3.52061 1.72704 0)
(3.50091 1.75151 0)
(3.49494 1.74245 0)
(3.49133 1.72433 0)
(3.49016 1.71798 0)
(3.49593 1.71299 0)
(3.50649 1.70236 0)
(3.51149 1.69282 0)
(3.52121 1.67189 0)
(3.54468 1.63311 0)
(3.55574 1.62063 0)
(3.55846 1.61751 0)
(3.58286 1.58126 0)
(3.59626 1.54538 0)
(3.59996 1.54792 0)
(3.60237 1.55134 0)
(3.61684 1.52297 0)
(3.62058 1.49721 0)
(3.62205 1.49622 0)
(3.62639 1.49772 0)
(3.63295 1.47471 0)
(3.63327 1.45627 0)
(3.6341 1.45623 0)
(3.64283 1.44971 0)
(3.65667 1.42083 0)
(3.65639 1.39984 0)
(3.65547 1.40505 0)
(3.65786 1.41528 0)
(3.6769 1.39208 0)
(3.68572 1.34855 0)
(3.6818 1.33128 0)
(3.68351 1.34307 0)
(3.6863 1.35603 0)
(3.70106 1.33668 0)
(3.71472 1.29763 0)
(3.71501 1.26873 0)
(3.72004 1.27266 0)
(3.72115 1.29232 0)
(3.72645 1.28308 0)
(3.73821 1.24207 0)
(3.73694 1.20891 0)
(3.73884 1.2123 0)
(3.74096 1.21519 0)
(3.73639 1.20676 0)
(3.72346 1.17283 0)
(3.6939 1.08888 0)
(3.65143 0.982484 0)
(3.58945 0.875519 0)
(3.45476 0.637718 0)
(3.36501 0.46347 0)
(3.27274 0.294737 0)
(3.1254 0.0215039 0)
(3.07562 -0.0974657 0)
(3.03036 -0.203045 0)
(2.96202 -0.364682 0)
(2.94669 -0.413193 0)
(2.93319 -0.457324 0)
(2.92423 -0.52179 0)
(2.93269 -0.533258 0)
(2.96334 -0.535878 0)
(2.98934 -0.528224 0)
(3.01913 -0.518193 0)
(3.04955 -0.510602 0)
(3.08093 -0.497909 0)
(3.11288 -0.478578 0)
(3.14363 -0.471222 0)
(3.17427 -0.463961 0)
(3.20732 -0.448197 0)
(3.23935 -0.442934 0)
(3.26903 -0.453118 0)
(3.29788 -0.451949 0)
(3.32452 -0.439788 0)
(3.35063 -0.444009 0)
(3.37242 -0.457692 0)
(3.3933 -0.458316 0)
(3.41328 -0.451335 0)
(3.4304 -0.450576 0)
(3.44488 -0.457998 0)
(3.45579 -0.462978 0)
(3.46751 -0.458192 0)
(3.47809 -0.44973 0)
(3.48913 -0.449341 0)
(3.50386 -0.456726 0)
(3.51686 -0.461703 0)
(3.53232 -0.461647 0)
(3.54781 -0.456939 0)
(3.55992 -0.454526 0)
(3.56795 -0.45921 0)
(3.57236 -0.464638 0)
(3.58091 -0.463017 0)
(3.59447 -0.45775 0)
(3.60648 -0.455167 0)
(3.61936 -0.459351 0)
(3.63107 -0.466984 0)
(3.64262 -0.470225 0)
(3.65491 -0.465498 0)
(3.66285 -0.459781 0)
(3.66693 -0.462611 0)
(3.67106 -0.46846 0)
(3.68073 -0.468788 0)
(3.69528 -0.464638 0)
(3.7079 -0.461409 0)
(3.71986 -0.464517 0)
(3.73001 -0.470956 0)
(3.73922 -0.472739 0)
(3.74666 -0.465201 0)
(3.74885 -0.458211 0)
(3.7527 -0.462566 0)
(3.75952 -0.467277 0)
(3.77236 -0.466774 0)
(3.78775 -0.462797 0)
(3.79972 -0.458559 0)
(3.81002 -0.460285 0)
(3.81848 -0.466156 0)
(3.82383 -0.468147 0)
(3.82528 -0.45999 0)
(3.8265 -0.450161 0)
(3.8331 -0.449433 0)
(3.84546 -0.455431 0)
(3.8558 -0.459789 0)
(3.86838 -0.459927 0)
(3.88149 -0.455214 0)
(3.89197 -0.449422 0)
(3.89809 -0.450644 0)
(3.89645 -0.455132 0)
(3.88943 -0.455173 0)
(3.89899 -0.451913 0)
(3.91227 -0.447904 0)
(3.92229 -0.443387 0)
(3.93213 -0.442958 0)
(3.94256 -0.447295 0)
(3.95235 -0.452144 0)
(3.96088 -0.452361 0)
(3.96302 -0.444912 0)
(3.95847 -0.43608 0)
(3.96032 -0.435351 0)
(3.96953 -0.440693 0)
(3.97837 -0.444219 0)
(3.99033 -0.443688 0)
(4.00165 -0.439521 0)
(4.01115 -0.434683 0)
(4.01732 -0.433828 0)
(4.01561 -0.434792 0)
(4.00648 -0.434212 0)
(4.01131 -0.433541 0)
(4.02327 -0.432938 0)
(4.03328 -0.43025 0)
(4.04244 -0.429147 0)
(4.05155 -0.4308 0)
(4.06057 -0.433474 0)
(4.06742 -0.433995 0)
(4.06603 -0.425328 0)
(4.05728 -0.415416 0)
(4.06177 -0.419661 0)
(4.06886 -0.423157 0)
(4.07775 -0.423763 0)
(4.0888 -0.423334 0)
(4.09845 -0.420956 0)
(4.10727 -0.419645 0)
(4.11471 -0.41886 0)
(4.11475 -0.41884 0)
(4.10496 -0.41609 0)
(4.10618 -0.411586 0)
(4.1127 -0.408497 0)
(4.12106 -0.408688 0)
(4.12997 -0.413386 0)
(4.13723 -0.414758 0)
(4.14504 -0.409943 0)
(4.14985 -0.399875 0)
(4.14998 -0.395033 0)
(4.14732 -0.404747 0)
(4.14389 -0.410013 0)
(4.15125 -0.408041 0)
(4.16079 -0.405482 0)
(4.16796 -0.396994 0)
(4.17358 -0.390281 0)
(4.17971 -0.393135 0)
(4.18283 -0.399781 0)
(4.18311 -0.40121 0)
(4.18383 -0.395799 0)
(4.18704 -0.390975 0)
(4.1917 -0.389791 0)
(4.19691 -0.389878 0)
(4.20215 -0.388898 0)
(4.20678 -0.386609 0)
(4.20821 -0.382917 0)
(4.20237 -0.379016 0)
(4.20032 -0.378748 0)
(4.209 -0.380441 0)
(4.21688 -0.382491 0)
(4.22508 -0.385945 0)
(4.2339 -0.387729 0)
(4.24221 -0.386368 0)
(4.2471 -0.381487 0)
(4.24334 -0.372586 0)
(4.22999 -0.367433 0)
(4.22727 -0.370576 0)
(4.23393 -0.37227 0)
(4.24261 -0.372948 0)
(4.25086 -0.373152 0)
(4.2592 -0.372558 0)
(4.26699 -0.372821 0)
(4.27455 -0.373039 0)
(4.27851 -0.371197 0)
(4.27 -0.366574 0)
(4.25603 -0.362435 0)
(4.25786 -0.3601 0)
(4.2636 -0.359398 0)
(4.27069 -0.359951 0)
(4.27847 -0.361148 0)
(4.28582 -0.361229 0)
(4.29205 -0.360722 0)
(4.2961 -0.360939 0)
(4.29319 -0.360544 0)
(4.29309 -0.358622 0)
(4.29669 -0.356512 0)
(4.29993 -0.354338 0)
(4.30494 -0.353227 0)
(4.31085 -0.354342 0)
(4.31596 -0.357093 0)
(4.31655 -0.359867 0)
(4.3146 -0.359049 0)
(4.31736 -0.356017 0)
(4.32201 -0.353037 0)
(4.32723 -0.35035 0)
(4.3319 -0.348813 0)
(4.33691 -0.347503 0)
(4.34178 -0.345904 0)
(4.34597 -0.344121 0)
(4.34696 -0.341886 0)
(4.33483 -0.338549 0)
(4.32186 -0.337297 0)
(4.32553 -0.33772 0)
(4.33066 -0.337438 0)
(4.33642 -0.338163 0)
(4.34173 -0.339863 0)
(4.34903 -0.342239 0)
(4.35488 -0.342069 0)
(4.35728 -0.33926 0)
(4.35857 -0.3357 0)
(4.36268 -0.333131 0)
(4.36885 -0.331538 0)
(4.37308 -0.330868 0)
(4.37462 -0.330982 0)
(4.37613 -0.330173 0)
(4.3792 -0.327841 0)
(4.38317 -0.325305 0)
(4.38657 -0.323622 0)
(4.38729 -0.323575 0)
(4.37889 -0.325802 0)
(4.3652 -0.327048 0)
(4.36643 -0.325713 0)
(4.37128 -0.324594 0)
(4.37627 -0.323473 0)
(4.38131 -0.321569 0)
(4.39007 -0.318877 0)
(4.3955 -0.317669 0)
(4.40272 -0.315638 0)
(4.40781 -0.313508 0)
(4.4096 -0.314286 0)
(4.40194 -0.316036 0)
(4.39085 -0.315277 0)
(4.39471 -0.313878 0)
(4.39912 -0.313044 0)
(4.40427 -0.310524 0)
(4.41048 -0.307615 0)
(4.41571 -0.306298 0)
(4.42204 -0.304456 0)
(4.42441 -0.30516 0)
(4.41431 -0.306024 0)
(4.40876 -0.304273 0)
(4.411 -0.303625 0)
(4.41692 -0.303017 0)
(4.42114 -0.302887 0)
(4.42938 -0.301786 0)
(4.43689 -0.299963 0)
(4.44149 -0.299313 0)
(4.44249 -0.300732 0)
(4.43662 -0.304994 0)
(4.42468 -0.309626 0)
(4.42291 -0.310941 0)
(4.4263 -0.310398 0)
(4.42878 -0.308339 0)
(4.42868 -0.304136 0)
(4.42574 -0.297595 0)
(4.43378 -0.295604 0)
(4.44266 -0.296747 0)
(4.44959 -0.298049 0)
(4.45537 -0.301015 0)
(4.45874 -0.303887 0)
(4.46178 -0.304498 0)
(4.46576 -0.303225 0)
(4.46903 -0.301227 0)
(4.46433 -0.299139 0)
(4.45002 -0.297332 0)
(4.44993 -0.297592 0)
(4.45466 -0.297651 0)
(4.45964 -0.29474 0)
(4.46397 -0.291032 0)
(4.46983 -0.28858 0)
(4.4792 -0.284055 0)
(4.48421 -0.279215 0)
(4.48736 -0.277667 0)
(4.48681 -0.275928 0)
(4.4824 -0.270987 0)
(4.48108 -0.267879 0)
(4.47989 -0.263891 0)
(4.47928 -0.25272 0)
(4.47288 -0.229696 0)
(4.46695 -0.214531 0)
(4.45397 -0.186708 0)
(4.43967 -0.147986 0)
(4.42667 -0.131169 0)
(4.39595 -0.0783211 0)
(4.36368 0.005991 0)
(4.3557 0.0301681 0)
(4.31515 0.11785 0)
(4.26933 0.262145 0)
(4.26596 0.274498 0)
(4.25168 0.304472 0)
(4.16451 0.445863 0)
(4.14481 0.503776 0)
(4.14729 0.489484 0)
(4.08919 0.566266 0)
(4.06733 0.662253 0)
(4.07035 0.661185 0)
(4.06852 0.668939 0)
(4.02877 0.721599 0)
(4.01889 0.758353 0)
(4.01468 0.755127 0)
(4.00159 0.762158 0)
(3.98711 0.789539 0)
(5 4.92479e-16 0)
(5 4.68671e-17 0)
(5 -8.46373e-16 0)
(5 -7.74712e-16 0)
(5 9.26976e-16 0)
(5 1.65755e-15 0)
(5 3.06517e-15 0)
(5 4.9983e-15 0)
(5 7.66914e-15 0)
(5 8.54063e-15 0)
(5 8.30669e-15 0)
(5 8.84678e-15 0)
(5 1.12327e-14 0)
(5 8.57977e-15 0)
(5 3.45102e-15 0)
(5 3.51664e-15 0)
(5 4.67387e-15 0)
(5 8.14483e-15 0)
(5 9.66917e-15 0)
(5 1.0606e-14 0)
(5 9.38738e-15 0)
(5 5.54488e-15 0)
(5 4.36166e-15 0)
(5 3.13679e-15 0)
(5 2.68938e-15 0)
(5 2.67747e-15 0)
(5 2.65177e-15 0)
(5 4.45435e-15 0)
(5 7.04293e-15 0)
(5 1.25649e-14 0)
(5 7.54419e-14 0)
(5 9.63375e-13 0)
(5 1.54743e-11 0)
(5 1.28222e-10 0)
(5 2.34212e-09 0)
(5 2.02614e-08 0)
(5 2.59807e-07 0)
(5 3.36048e-06 0)
(5 1.62542e-05 0)
(4.99998 0.00012682 0)
(4.99995 0.000463854 0)
(4.99938 0.00232388 0)
(4.99604 0.0119123 0)
(4.99284 0.0244189 0)
(4.96492 0.0897124 0)
(4.92444 0.157842 0)
(4.84161 0.287906 0)
(4.6129 0.625203 0)
(4.50921 0.794198 0)
(4.30498 1.04011 0)
(4.13306 1.17891 0)
(4.02759 1.29594 0)
(3.79689 1.53186 0)
(3.71436 1.6791 0)
(3.66729 1.63714 0)
(3.61974 1.6113 0)
(3.59981 1.67054 0)
(3.57249 1.71317 0)
(3.54838 1.73632 0)
(3.54233 1.73129 0)
(3.53966 1.71381 0)
(3.53906 1.70724 0)
(3.54368 1.70232 0)
(3.55204 1.69278 0)
(3.55656 1.68637 0)
(3.56706 1.66819 0)
(3.58945 1.63164 0)
(3.60053 1.61737 0)
(3.60664 1.60939 0)
(3.62465 1.57386 0)
(3.63426 1.55062 0)
(3.64102 1.55121 0)
(3.65237 1.54167 0)
(3.66504 1.51261 0)
(3.66874 1.49087 0)
(3.67219 1.49176 0)
(3.66892 1.49906 0)
(3.67491 1.48073 0)
(3.68799 1.44728 0)
(3.69371 1.42523 0)
(3.69751 1.43197 0)
(3.69494 1.43594 0)
(3.70779 1.40766 0)
(3.71308 1.37988 0)
(3.71398 1.38161 0)
(3.72002 1.37932 0)
(3.72574 1.35749 0)
(3.72264 1.34497 0)
(3.72549 1.34431 0)
(3.71566 1.31914 0)
(3.71439 1.27859 0)
(3.70175 1.21811 0)
(3.6657 1.10654 0)
(3.62637 0.996189 0)
(3.52059 0.764227 0)
(3.44646 0.577877 0)
(3.37361 0.402316 0)
(3.22783 0.112009 0)
(3.16125 -0.0401771 0)
(3.11268 -0.154392 0)
(3.02254 -0.337699 0)
(2.99439 -0.432567 0)
(2.99084 -0.47585 0)
(2.98043 -0.541733 0)
(2.99098 -0.583977 0)
(3.011 -0.610103 0)
(3.02102 -0.621233 0)
(3.03797 -0.621837 0)
(3.0695 -0.612746 0)
(3.10514 -0.601136 0)
(3.14292 -0.578891 0)
(3.1826 -0.547604 0)
(3.217 -0.532717 0)
(3.247 -0.51713 0)
(3.28131 -0.48304 0)
(3.30283 -0.46209 0)
(3.32343 -0.451757 0)
(3.35025 -0.430664 0)
(3.36557 -0.417113 0)
(3.38174 -0.409195 0)
(3.40257 -0.393355 0)
(3.41693 -0.382121 0)
(3.42843 -0.381206 0)
(3.44201 -0.378174 0)
(3.45749 -0.369514 0)
(3.47113 -0.36696 0)
(3.48421 -0.372266 0)
(3.49893 -0.373413 0)
(3.51513 -0.368218 0)
(3.52891 -0.367026 0)
(3.54059 -0.374444 0)
(3.54958 -0.379795 0)
(3.56045 -0.374532 0)
(3.57018 -0.365186 0)
(3.57903 -0.365929 0)
(3.58854 -0.375719 0)
(3.59718 -0.381441 0)
(3.61049 -0.378461 0)
(3.62406 -0.370722 0)
(3.63545 -0.370307 0)
(3.64422 -0.380373 0)
(3.64921 -0.387729 0)
(3.65851 -0.382197 0)
(3.66852 -0.370844 0)
(3.67703 -0.366856 0)
(3.68791 -0.376146 0)
(3.69581 -0.386666 0)
(3.70538 -0.388155 0)
(3.71738 -0.380017 0)
(3.7265 -0.37379 0)
(3.73355 -0.37924 0)
(3.7378 -0.38645 0)
(3.74609 -0.383968 0)
(3.75721 -0.375508 0)
(3.76785 -0.373383 0)
(3.77869 -0.381379 0)
(3.78617 -0.389274 0)
(3.79438 -0.387176 0)
(3.80144 -0.376645 0)
(3.80565 -0.372893 0)
(3.80989 -0.380239 0)
(3.81575 -0.38378 0)
(3.82884 -0.379038 0)
(3.84147 -0.371415 0)
(3.85189 -0.369896 0)
(3.86141 -0.3779 0)
(3.86679 -0.38741 0)
(3.87025 -0.384373 0)
(3.87208 -0.370847 0)
(3.8717 -0.363092 0)
(3.88274 -0.365337 0)
(3.89372 -0.370729 0)
(3.90333 -0.373881 0)
(3.91539 -0.371756 0)
(3.92688 -0.365768 0)
(3.93491 -0.363803 0)
(3.93579 -0.370487 0)
(3.92764 -0.377464 0)
(3.92823 -0.373146 0)
(3.94245 -0.363677 0)
(3.95242 -0.354844 0)
(3.96098 -0.35203 0)
(3.97222 -0.357245 0)
(3.98104 -0.366087 0)
(3.98845 -0.371491 0)
(3.99224 -0.365515 0)
(3.98777 -0.352796 0)
(3.98406 -0.34675 0)
(3.99354 -0.351246 0)
(4.00277 -0.355245 0)
(4.01212 -0.356846 0)
(4.02262 -0.354846 0)
(4.03276 -0.350444 0)
(4.04034 -0.347436 0)
(4.03997 -0.34959 0)
(4.03106 -0.353205 0)
(4.02806 -0.350353 0)
(4.04044 -0.345248 0)
(4.05027 -0.34119 0)
(4.05877 -0.339599 0)
(4.068 -0.342144 0)
(4.07686 -0.347185 0)
(4.0843 -0.351225 0)
(4.08589 -0.345799 0)
(4.07715 -0.333189 0)
(4.07543 -0.332271 0)
(4.08211 -0.336781 0)
(4.09009 -0.337729 0)
(4.10091 -0.335795 0)
(4.10985 -0.333032 0)
(4.1181 -0.331884 0)
(4.12584 -0.332125 0)
(4.12925 -0.333985 0)
(4.12117 -0.333331 0)
(4.11623 -0.327806 0)
(4.12155 -0.323812 0)
(4.12857 -0.322542 0)
(4.13812 -0.325823 0)
(4.14584 -0.328899 0)
(4.15379 -0.326358 0)
(4.15965 -0.318295 0)
(4.16162 -0.312386 0)
(4.15697 -0.317317 0)
(4.14933 -0.321282 0)
(4.15544 -0.321112 0)
(4.1643 -0.320773 0)
(4.17268 -0.316236 0)
(4.18035 -0.310695 0)
(4.18826 -0.31045 0)
(4.19359 -0.313463 0)
(4.1926 -0.315704 0)
(4.1849 -0.311302 0)
(4.18204 -0.303814 0)
(4.18671 -0.303635 0)
(4.19527 -0.304817 0)
(4.20284 -0.30818 0)
(4.21039 -0.311634 0)
(4.21842 -0.312816 0)
(4.22401 -0.309822 0)
(4.22037 -0.302602 0)
(4.20776 -0.296667 0)
(4.20792 -0.29794 0)
(4.21372 -0.300636 0)
(4.2206 -0.302229 0)
(4.23008 -0.301778 0)
(4.23877 -0.300459 0)
(4.24634 -0.298061 0)
(4.2494 -0.295133 0)
(4.24343 -0.296234 0)
(4.23053 -0.296024 0)
(4.23279 -0.294147 0)
(4.24177 -0.29323 0)
(4.24819 -0.29029 0)
(4.25424 -0.288503 0)
(4.26108 -0.289054 0)
(4.26863 -0.290792 0)
(4.27407 -0.293152 0)
(4.26951 -0.292735 0)
(4.26306 -0.288135 0)
(4.26583 -0.285552 0)
(4.27041 -0.284976 0)
(4.27645 -0.285215 0)
(4.28353 -0.285988 0)
(4.29082 -0.285924 0)
(4.29707 -0.283767 0)
(4.29909 -0.279212 0)
(4.29182 -0.276691 0)
(4.27605 -0.280567 0)
(4.27113 -0.280179 0)
(4.28086 -0.27904 0)
(4.28747 -0.277959 0)
(4.29321 -0.277102 0)
(4.29928 -0.276989 0)
(4.30561 -0.277547 0)
(4.31014 -0.279443 0)
(4.30646 -0.281527 0)
(4.29723 -0.280633 0)
(4.29712 -0.278799 0)
(4.30174 -0.27801 0)
(4.3069 -0.277605 0)
(4.31354 -0.275699 0)
(4.32174 -0.272538 0)
(4.3281 -0.268907 0)
(4.33062 -0.26422 0)
(4.3271 -0.261099 0)
(4.31585 -0.263704 0)
(4.312 -0.267783 0)
(4.32007 -0.267953 0)
(4.32712 -0.266628 0)
(4.33317 -0.264097 0)
(4.33901 -0.262598 0)
(4.34537 -0.264231 0)
(4.35003 -0.267528 0)
(4.34894 -0.270657 0)
(4.34201 -0.271614 0)
(4.34068 -0.270586 0)
(4.34503 -0.269339 0)
(4.35063 -0.267756 0)
(4.35639 -0.266568 0)
(4.36101 -0.264958 0)
(4.36097 -0.261568 0)
(4.36024 -0.257597 0)
(4.36701 -0.25734 0)
(4.37069 -0.25676 0)
(4.37402 -0.254458 0)
(4.37704 -0.252934 0)
(4.38104 -0.252622 0)
(4.38588 -0.253605 0)
(4.38995 -0.255172 0)
(4.38933 -0.25462 0)
(4.38073 -0.251082 0)
(4.37735 -0.247151 0)
(4.38488 -0.24665 0)
(4.39054 -0.247533 0)
(4.39544 -0.247753 0)
(4.40011 -0.246741 0)
(4.40364 -0.24448 0)
(4.40535 -0.243062 0)
(4.40276 -0.242606 0)
(4.39489 -0.239511 0)
(4.39215 -0.236266 0)
(4.39691 -0.235579 0)
(4.40101 -0.235162 0)
(4.4051 -0.235136 0)
(4.40865 -0.236978 0)
(4.41112 -0.239754 0)
(4.41269 -0.242001 0)
(4.41318 -0.243066 0)
(4.41006 -0.241566 0)
(4.40566 -0.237132 0)
(4.40777 -0.234877 0)
(4.41425 -0.235198 0)
(4.41881 -0.235714 0)
(4.42246 -0.236186 0)
(4.42563 -0.236401 0)
(4.42975 -0.236234 0)
(4.43518 -0.234167 0)
(4.4391 -0.231804 0)
(4.43456 -0.233514 0)
(4.42417 -0.237374 0)
(4.42303 -0.238861 0)
(4.42606 -0.239081 0)
(4.43023 -0.237735 0)
(4.43465 -0.233903 0)
(4.43705 -0.228529 0)
(4.43702 -0.225219 0)
(4.43818 -0.226063 0)
(4.44142 -0.228246 0)
(4.44437 -0.228922 0)
(4.44718 -0.227839 0)
(4.4499 -0.228525 0)
(4.45262 -0.230204 0)
(4.4558 -0.229496 0)
(4.45852 -0.229655 0)
(4.45951 -0.230793 0)
(4.45649 -0.231179 0)
(4.45232 -0.229095 0)
(4.45438 -0.227395 0)
(4.45651 -0.225847 0)
(4.45833 -0.223153 0)
(4.46077 -0.22123 0)
(4.46372 -0.218937 0)
(4.46294 -0.215132 0)
(4.45847 -0.210684 0)
(4.45739 -0.208497 0)
(4.45774 -0.207402 0)
(4.45768 -0.201455 0)
(4.45684 -0.188363 0)
(4.45845 -0.181209 0)
(4.45523 -0.16148 0)
(4.44487 -0.128197 0)
(4.43574 -0.108621 0)
(4.40644 -0.055827 0)
(4.38237 -0.00615829 0)
(4.36872 0.0100123 0)
(4.30922 0.110285 0)
(4.2762 0.217995 0)
(4.28422 0.222566 0)
(4.24078 0.313691 0)
(4.1908 0.45274 0)
(4.19055 0.448965 0)
(4.16826 0.483349 0)
(4.09542 0.588155 0)
(4.07117 0.661063 0)
(5 1.89211e-15 0)
(5 1.46209e-15 0)
(5 7.40266e-16 0)
(5 1.08773e-15 0)
(5 2.05791e-15 0)
(5 2.9873e-15 0)
(5 5.09816e-15 0)
(5 7.34889e-15 0)
(5 6.60763e-15 0)
(5 6.3211e-15 0)
(5 9.47088e-15 0)
(5 9.78421e-15 0)
(5 1.0056e-14 0)
(5 9.61084e-15 0)
(5 4.96057e-15 0)
(5 3.14807e-16 0)
(5 1.34751e-16 0)
(5 2.02471e-16 0)
(5 2.66014e-15 0)
(5 5.94304e-15 0)
(5 6.03486e-15 0)
(5 5.39621e-15 0)
(5 3.87155e-15 0)
(5 3.17213e-15 0)
(5 3.34485e-15 0)
(5 3.23708e-15 0)
(5 2.20679e-15 0)
(5 4.11928e-15 0)
(5 6.00925e-15 0)
(5 7.89575e-15 0)
(5 9.61474e-15 0)
(5 1.27251e-14 0)
(5 9.66194e-15 0)
(5 1.51849e-14 0)
(5 4.43106e-14 0)
(5 3.45771e-13 0)
(5 4.35585e-12 0)
(5 6.05254e-11 0)
(5 5.69107e-10 0)
(5 8.06803e-09 0)
(5 6.8749e-08 0)
(5 7.3408e-07 0)
(5 7.16039e-06 0)
(5 4.13665e-05 0)
(4.99996 0.00020673 0)
(4.99986 0.000817371 0)
(4.99891 0.00407138 0)
(4.99521 0.0131868 0)
(4.98629 0.0387956 0)
(4.95621 0.11066 0)
(4.92905 0.15103 0)
(4.78815 0.372741 0)
(4.60212 0.650162 0)
(4.54059 0.764013 0)
(4.28735 1.08666 0)
(4.13502 1.22506 0)
(4.06981 1.28245 0)
(3.84366 1.48777 0)
(3.75112 1.65785 0)
(3.70796 1.63812 0)
(3.65828 1.60824 0)
(3.63734 1.64476 0)
(3.61385 1.69125 0)
(3.59924 1.72669 0)
(3.59229 1.71914 0)
(3.5895 1.70053 0)
(3.58605 1.69368 0)
(3.59027 1.69007 0)
(3.59544 1.68762 0)
(3.60034 1.6788 0)
(3.61537 1.64863 0)
(3.62509 1.63242 0)
(3.63592 1.62546 0)
(3.6563 1.59199 0)
(3.66088 1.57199 0)
(3.66179 1.57899 0)
(3.66989 1.57259 0)
(3.68308 1.54106 0)
(3.68627 1.52484 0)
(3.68776 1.52755 0)
(3.69528 1.52921 0)
(3.70245 1.51437 0)
(3.69894 1.47662 0)
(3.70157 1.43234 0)
(3.70189 1.38424 0)
(3.69664 1.32075 0)
(3.66625 1.18556 0)
(3.6461 1.07694 0)
(3.60662 0.92534 0)
(3.53827 0.682662 0)
(3.52325 0.564558 0)
(3.4298 0.344958 0)
(3.36914 0.172799 0)
(3.3343 0.0805074 0)
(3.23815 -0.0834199 0)
(3.19986 -0.147763 0)
(3.16496 -0.195653 0)
(3.11998 -0.256959 0)
(3.09566 -0.28281 0)
(3.08851 -0.296119 0)
(3.08559 -0.306986 0)
(3.08338 -0.31523 0)
(3.08999 -0.311357 0)
(3.10052 -0.313888 0)
(3.11215 -0.313102 0)
(3.13436 -0.307365 0)
(3.16729 -0.301372 0)
(3.20303 -0.304654 0)
(3.24315 -0.306233 0)
(3.28144 -0.298811 0)
(3.31327 -0.287633 0)
(3.34112 -0.289019 0)
(3.36448 -0.298192 0)
(3.38206 -0.289212 0)
(3.39571 -0.279125 0)
(3.41148 -0.288208 0)
(3.42861 -0.287645 0)
(3.44152 -0.272721 0)
(3.45307 -0.273208 0)
(3.46415 -0.280962 0)
(3.47663 -0.276189 0)
(3.48525 -0.266953 0)
(3.4937 -0.269348 0)
(3.50193 -0.275068 0)
(3.5113 -0.272422 0)
(3.51981 -0.267461 0)
(3.52888 -0.269838 0)
(3.53895 -0.275032 0)
(3.55127 -0.274807 0)
(3.56374 -0.27125 0)
(3.57592 -0.272996 0)
(3.58849 -0.281678 0)
(3.59969 -0.288124 0)
(3.61184 -0.283241 0)
(3.61962 -0.271563 0)
(3.62313 -0.271016 0)
(3.62869 -0.283108 0)
(3.63613 -0.29116 0)
(3.65085 -0.288899 0)
(3.66567 -0.281024 0)
(3.67672 -0.277851 0)
(3.68781 -0.285193 0)
(3.69651 -0.293515 0)
(3.70516 -0.289422 0)
(3.70873 -0.273529 0)
(3.70708 -0.266007 0)
(3.71506 -0.278371 0)
(3.72284 -0.288564 0)
(3.73572 -0.288918 0)
(3.7516 -0.280639 0)
(3.7612 -0.27068 0)
(3.76799 -0.272302 0)
(3.77141 -0.279943 0)
(3.77339 -0.276405 0)
(3.77374 -0.264502 0)
(3.77952 -0.265156 0)
(3.78897 -0.273155 0)
(3.79901 -0.275924 0)
(3.81247 -0.270672 0)
(3.82221 -0.261828 0)
(3.82723 -0.260021 0)
(3.82715 -0.266787 0)
(3.82406 -0.268328 0)
(3.82887 -0.257639 0)
(3.83537 -0.250598 0)
(3.84583 -0.254033 0)
(3.8561 -0.262958 0)
(3.86504 -0.26645 0)
(3.87503 -0.258462 0)
(3.87891 -0.244531 0)
(3.87676 -0.240628 0)
(3.87505 -0.251659 0)
(3.87542 -0.259469 0)
(3.88484 -0.256195 0)
(3.89655 -0.248323 0)
(3.90546 -0.241992 0)
(3.9135 -0.243643 0)
(3.91892 -0.251853 0)
(3.92017 -0.257507 0)
(3.91914 -0.25138 0)
(3.9198 -0.23785 0)
(3.92361 -0.232255 0)
(3.93276 -0.236497 0)
(3.94192 -0.243894 0)
(3.94933 -0.248672 0)
(3.95647 -0.246019 0)
(3.961 -0.238237 0)
(3.95975 -0.231056 0)
(3.95678 -0.233403 0)
(3.96017 -0.241026 0)
(3.9668 -0.243609 0)
(3.97685 -0.240978 0)
(3.98702 -0.234729 0)
(3.99526 -0.229783 0)
(4.00047 -0.232412 0)
(3.99842 -0.23742 0)
(3.98811 -0.239472 0)
(3.99198 -0.236396 0)
(4.00128 -0.232225 0)
(4.0089 -0.229147 0)
(4.01772 -0.229151 0)
(4.02686 -0.232805 0)
(4.03411 -0.236131 0)
(4.03783 -0.232916 0)
(4.03404 -0.224139 0)
(4.02832 -0.223771 0)
(4.02952 -0.229518 0)
(4.0371 -0.229598 0)
(4.04723 -0.226908 0)
(4.05559 -0.224369 0)
(4.06372 -0.223352 0)
(4.07144 -0.224507 0)
(4.07577 -0.226662 0)
(4.07038 -0.226446 0)
(4.06358 -0.221975 0)
(4.06729 -0.218485 0)
(4.07412 -0.217871 0)
(4.08317 -0.220192 0)
(4.09156 -0.223564 0)
(4.09885 -0.223099 0)
(4.10415 -0.21715 0)
(4.10427 -0.210458 0)
(4.09927 -0.213006 0)
(4.0957 -0.219663 0)
(4.09884 -0.219939 0)
(4.10872 -0.218328 0)
(4.11732 -0.214103 0)
(4.12491 -0.208994 0)
(4.13247 -0.208206 0)
(4.13817 -0.21205 0)
(4.13828 -0.21716 0)
(4.13145 -0.216316 0)
(4.13071 -0.209013 0)
(4.13484 -0.20531 0)
(4.14069 -0.205705 0)
(4.14837 -0.209479 0)
(4.15571 -0.214185 0)
(4.16268 -0.215582 0)
(4.16717 -0.210851 0)
(4.16406 -0.20293 0)
(4.15623 -0.200017 0)
(4.16001 -0.204385 0)
(4.16637 -0.207975 0)
(4.17276 -0.210493 0)
(4.17976 -0.210364 0)
(4.18614 -0.206642 0)
(4.1902 -0.200559 0)
(4.1905 -0.197259 0)
(4.18529 -0.20213 0)
(4.17945 -0.205118 0)
(4.18629 -0.204414 0)
(4.19448 -0.203372 0)
(4.20099 -0.199577 0)
(4.2069 -0.197414 0)
(4.21267 -0.198482 0)
(4.2171 -0.201001 0)
(4.21699 -0.204112 0)
(4.20903 -0.201962 0)
(4.20778 -0.195888 0)
(4.21156 -0.19323 0)
(4.21671 -0.192997 0)
(4.22435 -0.194945 0)
(4.23319 -0.197964 0)
(4.24193 -0.199415 0)
(4.24904 -0.196535 0)
(4.25095 -0.190495 0)
(4.24559 -0.18873 0)
(4.23986 -0.195091 0)
(4.24119 -0.197376 0)
(4.24937 -0.195437 0)
(4.2556 -0.192763 0)
(4.26048 -0.190707 0)
(4.26535 -0.191135 0)
(4.27009 -0.193465 0)
(4.2729 -0.19581 0)
(4.26886 -0.194845 0)
(4.26344 -0.1909 0)
(4.26496 -0.188771 0)
(4.2691 -0.189208 0)
(4.27452 -0.191287 0)
(4.27991 -0.193076 0)
(4.28521 -0.191636 0)
(4.28843 -0.185945 0)
(4.28825 -0.179725 0)
(4.285 -0.180359 0)
(4.28304 -0.186234 0)
(4.28703 -0.188119 0)
(4.29403 -0.187144 0)
(4.30004 -0.185253 0)
(4.30585 -0.182291 0)
(4.31141 -0.180325 0)
(4.31615 -0.181927 0)
(4.31756 -0.186251 0)
(4.31209 -0.190677 0)
(4.30472 -0.190442 0)
(4.30687 -0.186364 0)
(4.31063 -0.183946 0)
(4.31446 -0.183161 0)
(4.3183 -0.183799 0)
(4.32109 -0.185061 0)
(4.32029 -0.185288 0)
(4.31487 -0.181838 0)
(4.31498 -0.177631 0)
(4.31835 -0.17583 0)
(4.32276 -0.175533 0)
(4.32937 -0.177063 0)
(4.33646 -0.179507 0)
(4.34345 -0.181648 0)
(4.34921 -0.18114 0)
(4.35075 -0.176829 0)
(4.34466 -0.170445 0)
(4.33464 -0.167537 0)
(4.33645 -0.171562 0)
(4.34171 -0.174939 0)
(4.34693 -0.176044 0)
(4.35462 -0.174673 0)
(4.3608 -0.170916 0)
(4.36506 -0.167677 0)
(4.36693 -0.167255 0)
(4.36367 -0.168134 0)
(4.35717 -0.169271 0)
(4.35588 -0.170098 0)
(4.36118 -0.168031 0)
(4.36746 -0.164941 0)
(4.37282 -0.162882 0)
(4.37726 -0.163786 0)
(4.38021 -0.166551 0)
(4.38031 -0.168986 0)
(4.37519 -0.167333 0)
(4.3734 -0.162568 0)
(4.37621 -0.160205 0)
(4.37905 -0.158631 0)
(4.38245 -0.157781 0)
(4.3877 -0.159794 0)
(4.39312 -0.163149 0)
(4.39891 -0.164535 0)
(4.404 -0.162245 0)
(4.4048 -0.159572 0)
(4.39909 -0.158408 0)
(4.39482 -0.15899 0)
(4.39798 -0.160935 0)
(4.40112 -0.162126 0)
(4.40489 -0.161972 0)
(4.40898 -0.159932 0)
(4.41163 -0.156267 0)
(4.4115 -0.152931 0)
(4.40847 -0.153832 0)
(4.40829 -0.156627 0)
(4.41338 -0.157178 0)
(4.41977 -0.15698 0)
(4.42567 -0.156704 0)
(4.43056 -0.156219 0)
(4.4343 -0.155806 0)
(4.43688 -0.155843 0)
(4.43767 -0.157244 0)
(4.43394 -0.160258 0)
(4.42684 -0.160627 0)
(4.42867 -0.157443 0)
(4.43207 -0.154523 0)
(4.43434 -0.151862 0)
(4.43698 -0.151633 0)
(4.43835 -0.152714 0)
(4.43622 -0.152092 0)
(4.43362 -0.149363 0)
(4.43673 -0.147824 0)
(4.43864 -0.146805 0)
(4.44194 -0.143634 0)
(4.44414 -0.141344 0)
(4.44972 -0.140353 0)
(4.45541 -0.140344 0)
(4.45887 -0.140683 0)
(4.46008 -0.141413 0)
(4.45596 -0.138414 0)
(4.44733 -0.128888 0)
(4.4439 -0.122879 0)
(4.4417 -0.119005 0)
(4.43934 -0.108352 0)
(4.43777 -0.0900518 0)
(4.43631 -0.0720801 0)
(4.42402 -0.0304172 0)
(4.41082 0.011337 0)
(4.38936 0.0527087 0)
(4.36104 0.0971853 0)
(4.3084 0.199624 0)
(5 1.8251e-15 0)
(5 2.04909e-15 0)
(5 2.38856e-15 0)
(5 2.52156e-15 0)
(5 2.90298e-15 0)
(5 4.10771e-15 0)
(5 4.329e-15 0)
(5 3.20851e-15 0)
(5 2.71938e-15 0)
(5 4.12459e-15 0)
(5 5.58661e-15 0)
(5 6.33531e-15 0)
(5 7.23231e-15 0)
(5 6.52935e-15 0)
(5 5.22444e-15 0)
(5 2.42426e-15 0)
(5 -1.25222e-15 0)
(5 -9.08316e-15 0)
(5 -1.07305e-14 0)
(5 -1.0558e-14 0)
(5 -7.75582e-15 0)
(5 -4.7629e-15 0)
(5 -4.29527e-16 0)
(5 4.66084e-15 0)
(5 6.25968e-15 0)
(5 6.61211e-15 0)
(5 5.36826e-15 0)
(5 4.87229e-15 0)
(5 4.95703e-15 0)
(5 5.9908e-15 0)
(5 6.01952e-15 0)
(5 5.67072e-15 0)
(5 3.28626e-15 0)
(5 1.48539e-15 0)
(5 8.09988e-16 0)
(5 3.74047e-16 0)
(5 1.03523e-15 0)
(5 1.72186e-15 0)
(5 7.71635e-15 0)
(5 1.27344e-13 0)
(5 9.78151e-13 0)
(5 1.44797e-11 0)
(5 1.79592e-10 0)
(5 1.65285e-09 0)
(5 2.31161e-08 0)
(5 1.37867e-07 0)
(5 1.50363e-06 0)
(5 1.38669e-05 0)
(4.99999 5.59161e-05 0)
(4.99993 0.000369725 0)
(4.99985 0.00110709 0)
(4.99869 0.00410939 0)
(4.99286 0.021027 0)
(4.98763 0.0378077 0)
(4.9552 0.107226 0)
(4.89237 0.238294 0)
(4.86095 0.284612 0)
(4.61415 0.62664 0)
(4.44418 0.946361 0)
(4.41862 0.94271 0)
(4.16855 1.16463 0)
(4.03427 1.32953 0)
(3.9187 1.48953 0)
(3.80939 1.63103 0)
(3.76902 1.61892 0)
(3.73069 1.59825 0)
(3.69538 1.64639 0)
(3.66511 1.68522 0)
(3.6385 1.71743 0)
(3.62097 1.70723 0)
(3.6106 1.67675 0)
(3.60786 1.64957 0)
(3.60276 1.61774 0)
(3.59427 1.5604 0)
(3.57087 1.48973 0)
(3.56087 1.40651 0)
(3.55617 1.34466 0)
(3.50418 1.20023 0)
(3.46753 1.03679 0)
(3.45309 0.953354 0)
(3.39271 0.794784 0)
(3.32229 0.584671 0)
(3.31327 0.473004 0)
(3.23581 0.291281 0)
(3.1864 0.120211 0)
(3.17187 -0.00812624 0)
(3.08854 -0.17276 0)
(3.07291 -0.268605 0)
(3.02833 -0.372736 0)
(2.98189 -0.476486 0)
(2.96811 -0.506684 0)
(2.95107 -0.548399 0)
(2.9377 -0.553478 0)
(2.9291 -0.546952 0)
(2.92512 -0.542952 0)
(2.9312 -0.529476 0)
(2.95013 -0.505215 0)
(2.96412 -0.485292 0)
(2.99783 -0.451273 0)
(3.02367 -0.413232 0)
(3.06401 -0.366649 0)
(3.10206 -0.324573 0)
(3.12895 -0.299374 0)
(3.17059 -0.25648 0)
(3.194 -0.231001 0)
(3.21547 -0.205207 0)
(3.25521 -0.164687 0)
(3.2808 -0.141489 0)
(3.30145 -0.133342 0)
(3.3185 -0.121144 0)
(3.33432 -0.114683 0)
(3.35467 -0.116721 0)
(3.37586 -0.115748 0)
(3.39439 -0.111368 0)
(3.4158 -0.118946 0)
(3.43601 -0.133409 0)
(3.45363 -0.134323 0)
(3.46847 -0.129802 0)
(3.48469 -0.139427 0)
(3.49686 -0.153844 0)
(3.50749 -0.153991 0)
(3.51762 -0.15103 0)
(3.52924 -0.158109 0)
(3.53949 -0.164415 0)
(3.55008 -0.160908 0)
(3.55975 -0.156217 0)
(3.56921 -0.158891 0)
(3.57704 -0.162577 0)
(3.58496 -0.157305 0)
(3.59215 -0.148513 0)
(3.60196 -0.149595 0)
(3.61386 -0.158841 0)
(3.62403 -0.16385 0)
(3.63529 -0.156508 0)
(3.6431 -0.144335 0)
(3.64815 -0.143817 0)
(3.65131 -0.155575 0)
(3.65293 -0.162902 0)
(3.66458 -0.155971 0)
(3.67649 -0.145743 0)
(3.68821 -0.143186 0)
(3.70277 -0.15178 0)
(3.71333 -0.162176 0)
(3.72085 -0.159741 0)
(3.72222 -0.146226 0)
(3.71926 -0.140443 0)
(3.72738 -0.152899 0)
(3.7351 -0.16222 0)
(3.74729 -0.161129 0)
(3.76169 -0.151664 0)
(3.77261 -0.143837 0)
(3.78396 -0.149524 0)
(3.78989 -0.162066 0)
(3.78951 -0.162767 0)
(3.78648 -0.150669 0)
(3.79153 -0.148754 0)
(3.80351 -0.155997 0)
(3.8142 -0.158898 0)
(3.82718 -0.153814 0)
(3.83761 -0.146236 0)
(3.8461 -0.148144 0)
(3.84883 -0.159089 0)
(3.8435 -0.165034 0)
(3.84618 -0.15476 0)
(3.85226 -0.146031 0)
(3.86229 -0.146336 0)
(3.87496 -0.15337 0)
(3.88466 -0.157938 0)
(3.89435 -0.15257 0)
(3.89975 -0.14127 0)
(3.9002 -0.140463 0)
(3.8978 -0.153587 0)
(3.89493 -0.160997 0)
(3.90425 -0.157617 0)
(3.91563 -0.150233 0)
(3.92407 -0.141608 0)
(3.93334 -0.140525 0)
(3.94212 -0.148839 0)
(3.94565 -0.15878 0)
(3.94345 -0.157562 0)
(3.94106 -0.144942 0)
(3.94301 -0.138154 0)
(3.9522 -0.141237 0)
(3.96264 -0.147263 0)
(3.97111 -0.1512 0)
(3.9788 -0.150504 0)
(3.98394 -0.14521 0)
(3.98314 -0.138923 0)
(3.97857 -0.140061 0)
(3.98073 -0.14793 0)
(3.98673 -0.150584 0)
(3.99674 -0.148003 0)
(4.00643 -0.14239 0)
(4.01517 -0.138301 0)
(4.02222 -0.139563 0)
(4.0226 -0.143119 0)
(4.01107 -0.146855 0)
(4.00947 -0.146016 0)
(4.0181 -0.142262 0)
(4.02581 -0.139054 0)
(4.03512 -0.138106 0)
(4.04527 -0.141145 0)
(4.05357 -0.144199 0)
(4.05899 -0.142184 0)
(4.05729 -0.135368 0)
(4.04927 -0.134877 0)
(4.04653 -0.140203 0)
(4.05408 -0.13993 0)
(4.06332 -0.137465 0)
(4.07167 -0.135361 0)
(4.08045 -0.135339 0)
(4.08887 -0.137532 0)
(4.09403 -0.139646 0)
(4.09052 -0.138611 0)
(4.08192 -0.133645 0)
(4.08271 -0.130414 0)
(4.08992 -0.131103 0)
(4.0989 -0.133741 0)
(4.10716 -0.136479 0)
(4.1142 -0.136135 0)
(4.11876 -0.131056 0)
(4.11774 -0.125056 0)
(4.1116 -0.127137 0)
(4.10935 -0.133666 0)
(4.11326 -0.134782 0)
(4.12221 -0.132653 0)
(4.13044 -0.128779 0)
(4.13832 -0.12492 0)
(4.14612 -0.124576 0)
(4.1517 -0.127725 0)
(4.15061 -0.13198 0)
(4.14131 -0.131861 0)
(4.14038 -0.126464 0)
(4.14531 -0.123286 0)
(4.15195 -0.123004 0)
(4.16054 -0.126048 0)
(4.16831 -0.130261 0)
(4.17439 -0.131943 0)
(4.17744 -0.128159 0)
(4.17373 -0.120343 0)
(4.1648 -0.116406 0)
(4.16825 -0.121603 0)
(4.17568 -0.126314 0)
(4.18168 -0.128965 0)
(4.18812 -0.128676 0)
(4.19432 -0.124765 0)
(4.19881 -0.118849 0)
(4.2001 -0.116008 0)
(4.19539 -0.121187 0)
(4.18863 -0.126295 0)
(4.19307 -0.125022 0)
(4.20101 -0.122132 0)
(4.20758 -0.118495 0)
(4.21447 -0.116475 0)
(4.22138 -0.118488 0)
(4.22608 -0.12295 0)
(4.2249 -0.126491 0)
(4.2164 -0.122939 0)
(4.21443 -0.116133 0)
(4.21794 -0.113518 0)
(4.22465 -0.114838 0)
(4.23375 -0.119027 0)
(4.24133 -0.123285 0)
(4.24811 -0.123586 0)
(4.25301 -0.118595 0)
(4.25314 -0.112043 0)
(4.2472 -0.112116 0)
(4.24272 -0.118468 0)
(4.24452 -0.120787 0)
(4.25116 -0.1187 0)
(4.25761 -0.115467 0)
(4.26358 -0.113461 0)
(4.26985 -0.115147 0)
(4.27464 -0.119131 0)
(4.27529 -0.121632 0)
(4.26963 -0.118044 0)
(4.26547 -0.111662 0)
(4.26738 -0.109335 0)
(4.27322 -0.111059 0)
(4.2804 -0.115263 0)
(4.28644 -0.118837 0)
(4.29171 -0.11732 0)
(4.29376 -0.112075 0)
(4.28973 -0.107341 0)
(4.28368 -0.11002 0)
(4.28584 -0.113985 0)
(4.2896 -0.114941 0)
(4.29481 -0.114156 0)
(4.301 -0.111932 0)
(4.30716 -0.108738 0)
(4.31312 -0.107051 0)
(4.31766 -0.109573 0)
(4.31713 -0.114324 0)
(4.30805 -0.117971 0)
(4.30433 -0.114959 0)
(4.3081 -0.110971 0)
(4.31141 -0.108918 0)
(4.31569 -0.107531 0)
(4.32036 -0.107391 0)
(4.32434 -0.108728 0)
(4.32434 -0.110673 0)
(4.31749 -0.110347 0)
(4.31556 -0.107162 0)
(4.31881 -0.105249 0)
(4.3235 -0.105297 0)
(4.33048 -0.1074 0)
(4.33653 -0.109623 0)
(4.34159 -0.110605 0)
(4.34583 -0.109086 0)
(4.34772 -0.104292 0)
(4.34418 -0.0978651 0)
(4.33596 -0.0971794 0)
(4.33834 -0.104468 0)
(4.34267 -0.108232 0)
(4.34702 -0.108252 0)
(4.35385 -0.107153 0)
(4.359 -0.10302 0)
(4.3629 -0.0994614 0)
(4.36601 -0.0994426 0)
(4.36489 -0.101634 0)
(4.35777 -0.104285 0)
(4.35477 -0.104868 0)
(4.35975 -0.102627 0)
(4.3649 -0.0996957 0)
(4.36964 -0.0968412 0)
(4.37479 -0.0973579 0)
(4.37902 -0.100666 0)
(4.38045 -0.103393 0)
(4.37649 -0.1012 0)
(4.37261 -0.0961608 0)
(4.37523 -0.0943282 0)
(4.38028 -0.0938924 0)
(4.3866 -0.09512 0)
(4.39323 -0.0983381 0)
(4.39855 -0.102067 0)
(4.40289 -0.102485 0)
(4.4044 -0.0988658 0)
(4.39991 -0.0960147 0)
(4.39341 -0.0954282 0)
(4.3956 -0.0958311 0)
(4.39958 -0.0968484 0)
(4.40328 -0.0978186 0)
(4.40765 -0.0974783 0)
(4.41173 -0.0953269 0)
(4.41444 -0.092093 0)
(4.4146 -0.0904684 0)
(4.41068 -0.0944968 0)
(4.40827 -0.0976586 0)
(4.41279 -0.0971674 0)
(4.41747 -0.0967313 0)
(4.4221 -0.0957797 0)
(4.42672 -0.0942369 0)
(4.43113 -0.0933021 0)
(4.43522 -0.0937676 0)
(4.43782 -0.0959985 0)
(4.43589 -0.0996156 0)
(4.42893 -0.100705 0)
(4.42824 -0.0965155 0)
(4.43162 -0.0924678 0)
(4.43486 -0.0904638 0)
(4.43851 -0.091278 0)
(4.44033 -0.0942172 0)
(4.43786 -0.0968623 0)
(4.43449 -0.0953152 0)
(4.43793 -0.0924555 0)
(4.44141 -0.0915396 0)
(4.44569 -0.0903793 0)
(4.45079 -0.0895166 0)
(4.45644 -0.090471 0)
(4.4615 -0.0919928 0)
(4.46515 -0.0951377 0)
(4.46658 -0.0959877 0)
(4.46351 -0.0924961 0)
(4.45524 -0.0844868 0)
(4.45777 -0.0794302 0)
(4.46158 -0.0777165 0)
(4.46526 -0.0747984 0)
(4.46851 -0.0726974 0)
(4.47218 -0.0715067 0)
(4.47777 -0.0693516 0)
(4.48109 -0.063541 0)
(4.47831 -0.0541905 0)
(4.47006 -0.0361245 0)
(4.46246 -0.0249541 0)
(5 1.56179e-15 0)
(5 8.7443e-16 0)
(5 4.91666e-16 0)
(5 7.56538e-16 0)
(5 1.63918e-15 0)
(5 1.88476e-15 0)
(5 9.71215e-16 0)
(5 1.23729e-15 0)
(5 1.58025e-15 0)
(5 1.80025e-15 0)
(5 2.47799e-15 0)
(5 3.71505e-15 0)
(5 4.0993e-15 0)
(5 4.87966e-15 0)
(5 5.6716e-15 0)
(5 2.72889e-15 0)
(5 -2.94647e-15 0)
(5 -7.62726e-15 0)
(5 -8.76136e-15 0)
(5 -1.09773e-14 0)
(5 -9.32127e-15 0)
(5 -3.53789e-15 0)
(5 -9.61125e-17 0)
(5 1.96166e-16 0)
(5 4.86254e-16 0)
(5 1.69273e-15 0)
(5 2.80858e-15 0)
(5 2.95066e-15 0)
(5 3.42108e-15 0)
(5 4.35441e-15 0)
(5 4.26071e-15 0)
(5 3.76393e-15 0)
(5 2.7343e-15 0)
(5 2.65238e-15 0)
(5 2.2195e-15 0)
(5 1.41868e-15 0)
(5 1.23364e-15 0)
(5 1.25174e-15 0)
(5 1.55913e-15 0)
(5 1.89404e-15 0)
(5 1.86255e-15 0)
(5 1.5501e-15 0)
(5 3.61728e-15 0)
(5 2.44174e-14 0)
(5 3.38259e-13 0)
(5 2.18201e-12 0)
(5 2.79363e-11 0)
(5 3.81448e-10 0)
(5 3.67027e-09 0)
(5 3.69643e-08 0)
(5 2.55426e-07 0)
(5 1.92675e-06 0)
(5 1.86245e-05 0)
(4.99999 8.55329e-05 0)
(4.99994 0.00032261 0)
(4.99957 0.00172078 0)
(4.99911 0.00392992 0)
(4.9926 0.0172233 0)
(4.97572 0.0580372 0)
(4.96572 0.0789054 0)
(4.8845 0.20732 0)
(4.76639 0.365539 0)
(4.67576 0.446767 0)
(4.45716 0.793135 0)
(4.34055 0.925341 0)
(4.26523 0.872612 0)
(4.00147 1.12389 0)
(3.88365 1.30089 0)
(3.82038 1.24686 0)
(3.71702 1.21266 0)
(3.60911 1.23502 0)
(3.52387 1.29093 0)
(3.45539 1.24854 0)
(3.3871 1.15596 0)
(3.31115 1.13815 0)
(3.26046 1.11727 0)
(3.20718 1.01722 0)
(3.1554 0.924211 0)
(3.11069 0.883232 0)
(3.08636 0.820644 0)
(3.0373 0.726362 0)
(2.99652 0.637254 0)
(2.97833 0.577231 0)
(2.95295 0.508547 0)
(2.93493 0.441066 0)
(2.94193 0.367618 0)
(2.92662 0.318275 0)
(2.92789 0.259665 0)
(2.92973 0.194449 0)
(2.93118 0.140801 0)
(2.94511 0.0849491 0)
(2.96161 0.0315936 0)
(2.98412 -0.0164739 0)
(3.01868 -0.0619587 0)
(3.05782 -0.104531 0)
(3.09929 -0.129459 0)
(3.14548 -0.14324 0)
(3.19248 -0.160675 0)
(3.23673 -0.179773 0)
(3.27234 -0.174304 0)
(3.30244 -0.160748 0)
(3.32686 -0.175437 0)
(3.3391 -0.181306 0)
(3.35114 -0.148918 0)
(3.36187 -0.136603 0)
(3.369 -0.151304 0)
(3.37124 -0.148723 0)
(3.3754 -0.125104 0)
(3.37316 -0.109004 0)
(3.37423 -0.112745 0)
(3.37404 -0.119775 0)
(3.37544 -0.116485 0)
(3.38297 -0.103442 0)
(3.39115 -0.0921334 0)
(3.40352 -0.0936964 0)
(3.41308 -0.100303 0)
(3.42085 -0.0985838 0)
(3.43071 -0.0926842 0)
(3.4427 -0.0910335 0)
(3.45352 -0.0909229 0)
(3.46364 -0.0880656 0)
(3.47578 -0.0881321 0)
(3.48884 -0.0916386 0)
(3.50099 -0.0895767 0)
(3.51204 -0.0826697 0)
(3.52305 -0.0819731 0)
(3.53292 -0.0891857 0)
(3.53863 -0.0913867 0)
(3.54383 -0.0816596 0)
(3.55007 -0.0730464 0)
(3.56199 -0.0767637 0)
(3.57372 -0.0868848 0)
(3.58204 -0.0897057 0)
(3.59213 -0.0802203 0)
(3.60054 -0.0687329 0)
(3.60888 -0.0697994 0)
(3.61175 -0.0820555 0)
(3.60861 -0.0875472 0)
(3.61817 -0.0784996 0)
(3.62921 -0.0704256 0)
(3.64318 -0.0694251 0)
(3.65848 -0.076904 0)
(3.66778 -0.0844715 0)
(3.6725 -0.0804715 0)
(3.67332 -0.068205 0)
(3.67441 -0.0643197 0)
(3.6826 -0.0761103 0)
(3.68815 -0.0843967 0)
(3.69967 -0.0810879 0)
(3.71208 -0.0724197 0)
(3.72471 -0.0677866 0)
(3.7379 -0.0742538 0)
(3.74303 -0.0836878 0)
(3.73965 -0.0808431 0)
(3.7364 -0.0706508 0)
(3.74438 -0.0711614 0)
(3.75712 -0.0789403 0)
(3.76748 -0.0815388 0)
(3.77917 -0.0760594 0)
(3.7896 -0.0702287 0)
(3.7994 -0.0731759 0)
(3.80165 -0.0832899 0)
(3.79421 -0.085745 0)
(3.7965 -0.0757509 0)
(3.80443 -0.070108 0)
(3.81755 -0.0718526 0)
(3.8314 -0.0798041 0)
(3.84001 -0.0845688 0)
(3.8472 -0.0788348 0)
(3.85165 -0.0684976 0)
(3.85411 -0.0674185 0)
(3.85347 -0.0794252 0)
(3.85032 -0.0859253 0)
(3.8593 -0.0822945 0)
(3.86969 -0.0763544 0)
(3.87989 -0.0706394 0)
(3.89164 -0.0707475 0)
(3.90079 -0.0790194 0)
(3.90205 -0.0875092 0)
(3.89661 -0.0836185 0)
(3.8948 -0.0727202 0)
(3.90056 -0.068818 0)
(3.91193 -0.0717483 0)
(3.92327 -0.0770706 0)
(3.93177 -0.0808139 0)
(3.93801 -0.0805307 0)
(3.94126 -0.0764656 0)
(3.93964 -0.0719727 0)
(3.93648 -0.0715643 0)
(3.9411 -0.077385 0)
(3.94785 -0.0806857 0)
(3.95749 -0.0786926 0)
(3.96695 -0.0749644 0)
(3.97673 -0.072955 0)
(3.98428 -0.0741799 0)
(3.98302 -0.0764063 0)
(3.96938 -0.0788731 0)
(3.96962 -0.0780321 0)
(3.97825 -0.075646 0)
(3.98718 -0.0736698 0)
(3.9981 -0.0734423 0)
(4.00917 -0.075825 0)
(4.01777 -0.0783226 0)
(4.02244 -0.0769237 0)
(4.01986 -0.0720315 0)
(4.01147 -0.0732634 0)
(4.00871 -0.0768694 0)
(4.01823 -0.0755776 0)
(4.02665 -0.0740033 0)
(4.03547 -0.073123 0)
(4.04532 -0.0738435 0)
(4.05438 -0.0757779 0)
(4.059 -0.0769768 0)
(4.054 -0.0756019 0)
(4.04532 -0.0720378 0)
(4.0476 -0.0706189 0)
(4.05579 -0.071971 0)
(4.06473 -0.0742329 0)
(4.07251 -0.0757331 0)
(4.07882 -0.0748714 0)
(4.08294 -0.0713621 0)
(4.08247 -0.0675723 0)
(4.07736 -0.0703035 0)
(4.07398 -0.0751768 0)
(4.07984 -0.0746458 0)
(4.08798 -0.0733701 0)
(4.0956 -0.0707185 0)
(4.10427 -0.068883 0)
(4.11309 -0.0692517 0)
(4.11895 -0.071649 0)
(4.116 -0.0742237 0)
(4.10499 -0.0733119 0)
(4.10536 -0.0699133 0)
(4.11134 -0.0682066 0)
(4.11916 -0.0680929 0)
(4.1281 -0.0698938 0)
(4.1359 -0.0724018 0)
(4.1415 -0.0734634 0)
(4.14361 -0.0716228 0)
(4.13964 -0.0670887 0)
(4.13277 -0.0644662 0)
(4.1355 -0.0677001 0)
(4.14255 -0.0712978 0)
(4.14855 -0.0729487 0)
(4.1544 -0.0723414 0)
(4.16013 -0.0697699 0)
(4.16547 -0.0652189 0)
(4.16907 -0.063317 0)
(4.16589 -0.0683886 0)
(4.15706 -0.0714927 0)
(4.16114 -0.0708815 0)
(4.16797 -0.069579 0)
(4.17432 -0.0671558 0)
(4.18193 -0.0656777 0)
(4.18963 -0.0665032 0)
(4.19498 -0.0690588 0)
(4.19381 -0.0713066 0)
(4.18438 -0.0699118 0)
(4.18192 -0.0659525 0)
(4.1868 -0.0642419 0)
(4.19411 -0.0648913 0)
(4.20254 -0.0676806 0)
(4.20922 -0.0704954 0)
(4.21434 -0.070324 0)
(4.21825 -0.0661766 0)
(4.21964 -0.061479 0)
(4.21665 -0.0645544 0)
(4.20905 -0.0687977 0)
(4.2114 -0.0687196 0)
(4.21772 -0.0679694 0)
(4.22303 -0.0657223 0)
(4.22932 -0.064234 0)
(4.23646 -0.0654301 0)
(4.24177 -0.0678332 0)
(4.24197 -0.0689488 0)
(4.23543 -0.0669568 0)
(4.23195 -0.0634813 0)
(4.23559 -0.061972 0)
(4.24205 -0.0629473 0)
(4.24926 -0.0661739 0)
(4.25459 -0.0691276 0)
(4.25824 -0.0680446 0)
(4.25963 -0.0633206 0)
(4.25717 -0.0593247 0)
(4.25315 -0.0630928 0)
(4.25164 -0.0678785 0)
(4.25624 -0.0675728 0)
(4.2616 -0.0664463 0)
(4.26667 -0.0647134 0)
(4.27262 -0.0617107 0)
(4.27925 -0.0604005 0)
(4.28444 -0.0624488 0)
(4.28404 -0.0651137 0)
(4.27439 -0.0669638 0)
(4.27169 -0.065537 0)
(4.27592 -0.0631946 0)
(4.28015 -0.0618285 0)
(4.28581 -0.0609453 0)
(4.29181 -0.0615005 0)
(4.29625 -0.0632004 0)
(4.29532 -0.0649907 0)
(4.28729 -0.0642422 0)
(4.28501 -0.0612231 0)
(4.28852 -0.0598102 0)
(4.29407 -0.0604126 0)
(4.30104 -0.0623662 0)
(4.30665 -0.0641433 0)
(4.31114 -0.0649655 0)
(4.31479 -0.0639228 0)
(4.31645 -0.0605711 0)
(4.3134 -0.05583 0)
(4.30701 -0.0550554 0)
(4.30919 -0.0608088 0)
(4.3128 -0.0643436 0)
(4.31723 -0.0639356 0)
(4.32306 -0.0627015 0)
(4.32785 -0.0592456 0)
(4.33284 -0.0572221 0)
(4.33717 -0.0586474 0)
(4.33591 -0.0603737 0)
(4.32738 -0.062062 0)
(4.32456 -0.061959 0)
(4.32919 -0.0596803 0)
(4.33401 -0.0575325 0)
(4.33978 -0.056512 0)
(4.34585 -0.0570849 0)
(4.35081 -0.0592642 0)
(4.35255 -0.0614526 0)
(4.34789 -0.0608952 0)
(4.34406 -0.0585312 0)
(4.34723 -0.0569347 0)
(4.35237 -0.0562778 0)
(4.35874 -0.0574122 0)
(4.36454 -0.0600006 0)
(4.36869 -0.0618289 0)
(4.37135 -0.0603909 0)
(4.37075 -0.0567345 0)
(4.36483 -0.0541302 0)
(4.3626 -0.0549321 0)
(4.36842 -0.0566133 0)
(4.37268 -0.0577872 0)
(4.37654 -0.0588285 0)
(4.38089 -0.0583286 0)
(4.38458 -0.056718 0)
(4.38737 -0.0549914 0)
(4.38743 -0.0545249 0)
(4.38209 -0.0579148 0)
(4.37888 -0.0583336 0)
(4.38303 -0.057172 0)
(4.3868 -0.0570659 0)
(4.39146 -0.0560028 0)
(4.39606 -0.0542384 0)
(4.4008 -0.0536026 0)
(4.40558 -0.0543205 0)
(4.40882 -0.0559536 0)
(4.40696 -0.0587875 0)
(4.39975 -0.0581298 0)
(4.39922 -0.0530898 0)
(4.40237 -0.0509184 0)
(4.40669 -0.0511752 0)
(4.41124 -0.0526134 0)
(4.41384 -0.0539369 0)
(4.41127 -0.0554466 0)
(4.40689 -0.0550348 0)
(4.40944 -0.0536181 0)
(4.41278 -0.0533443 0)
(4.41752 -0.0526464 0)
(4.42339 -0.0510914 0)
(4.42962 -0.0516476 0)
(4.43506 -0.0543373 0)
(4.43889 -0.0561052 0)
(4.43962 -0.0553335 0)
(4.43413 -0.0529733 0)
(4.42694 -0.0502093 0)
(4.43286 -0.0494574 0)
(4.43811 -0.0496726 0)
(4.44298 -0.050941 0)
(4.44783 -0.0528952 0)
(4.45268 -0.0533082 0)
(4.45715 -0.0522341 0)
(4.46131 -0.0508359 0)
(4.46458 -0.0489147 0)
(4.46305 -0.0472499 0)
(4.45952 -0.0493503 0)
)
;

boundaryField
{
    inlet
    {
        type            fixedValue;
        value           uniform (5 0 0);
    }
    outlet
    {
        type            inletOutlet;
        inletValue      uniform (5 0 0);
        value           nonuniform List<vector> 
32
(
(2.89961 0.0104545 0)
(2.91797 0.0220068 0)
(2.95333 0.0365603 0)
(3.00889 0.0437316 0)
(3.06942 0.0660897 0)
(3.12399 0.0805464 0)
(3.16346 0.100901 0)
(3.19003 0.118863 0)
(3.20419 0.140297 0)
(3.2145 0.163482 0)
(3.22911 0.186307 0)
(3.24723 0.21051 0)
(3.27173 0.233415 0)
(3.3032 0.258789 0)
(3.34202 0.285827 0)
(3.39023 0.313686 0)
(3.44953 0.343982 0)
(3.5209 0.376951 0)
(3.59963 0.416782 0)
(3.68189 0.458167 0)
(3.76019 0.499621 0)
(3.82567 0.544123 0)
(3.8784 0.583697 0)
(3.92062 0.624368 0)
(3.95232 0.669196 0)
(3.96268 0.728066 0)
(3.9624 0.784084 0)
(3.98711 0.789539 0)
(4.07117 0.661063 0)
(4.3084 0.199624 0)
(4.46246 -0.0249541 0)
(4.45952 -0.0493503 0)
)
;
    }
    bottom
    {
        type            symmetryPlane;
    }
    top
    {
        type            symmetryPlane;
    }
    obstacle
    {
        type            slip;
    }
    defaultFaces
    {
        type            empty;
    }
}


// ************************************************************************* //
