/*--------------------------------*- C++ -*----------------------------------*\
  =========                 |
  \\      /  F ield         | OpenFOAM: The Open Source CFD Toolbox
   \\    /   O peration     | Website:  https://openfoam.org
    \\  /    A nd           | Version:  7
     \\/     M anipulation  |
\*---------------------------------------------------------------------------*/
FoamFile
{
    version     2.0;
    format      ascii;
    class       volVectorField;
    location    "2.7";
    object      U;
}
// * * * * * * * * * * * * * * * * * * * * * * * * * * * * * * * * * * * * * //

dimensions      [0 1 -1 0 0 0 0];

internalField   nonuniform List<vector> 
4608
(
(1.5 5.48559e-17 0)
(1.01954 0.000617759 0)
(0.724452 0.000185649 0)
(0.707098 0.00141111 0)
(0.703875 0.00230263 0)
(0.697933 0.00237612 0)
(0.692126 0.00201717 0)
(0.68691 0.00136307 0)
(0.681728 0.000840705 0)
(0.676879 0.000611534 0)
(0.672535 0.000725579 0)
(0.668778 0.00108177 0)
(0.664942 0.0015091 0)
(0.66061 0.00190911 0)
(0.654974 0.002052 0)
(0.647826 0.0017937 0)
(0.641408 0.00126187 0)
(0.637006 0.0010118 0)
(0.634561 0.00110347 0)
(0.633016 0.00150054 0)
(0.630518 0.00195532 0)
(0.626292 0.0023535 0)
(0.620823 0.00237409 0)
(0.615214 0.00194861 0)
(0.610611 0.00151265 0)
(0.606851 0.00142506 0)
(0.603026 0.0016783 0)
(0.59814 0.00210964 0)
(0.592418 0.0024311 0)
(0.587375 0.00236164 0)
(0.582821 0.00202181 0)
(0.578402 0.00175049 0)
(0.573525 0.00173729 0)
(0.567069 0.00203146 0)
(0.55909 0.00225047 0)
(0.552231 0.00223222 0)
(0.54767 0.002041 0)
(0.543158 0.00190297 0)
(0.538286 0.00200368 0)
(0.532488 0.00220976 0)
(0.524795 0.00230793 0)
(0.517213 0.00233447 0)
(0.5117 0.00238746 0)
(0.508164 0.00254084 0)
(0.505008 0.00262014 0)
(0.500901 0.00266867 0)
(0.495673 0.00260199 0)
(0.487894 0.00262864 0)
(0.478484 0.0026137 0)
(0.470444 0.00264093 0)
(0.46478 0.00276242 0)
(0.45996 0.00292675 0)
(0.454721 0.00310003 0)
(0.448335 0.00324005 0)
(0.441491 0.00325339 0)
(0.4321 0.00323511 0)
(0.4215 0.00327847 0)
(0.411845 0.00323662 0)
(0.403823 0.00331542 0)
(0.395782 0.0035371 0)
(0.388781 0.00376741 0)
(0.383087 0.00400274 0)
(0.378062 0.00403956 0)
(0.372514 0.00398767 0)
(0.364041 0.00388687 0)
(0.352572 0.00386321 0)
(0.340455 0.00391964 0)
(0.329597 0.00412957 0)
(0.321151 0.00445402 0)
(0.314766 0.00473924 0)
(0.308808 0.00485942 0)
(0.301369 0.00486703 0)
(0.291285 0.00486947 0)
(0.279397 0.00491029 0)
(0.265921 0.00501546 0)
(0.252721 0.00515581 0)
(0.23991 0.00527713 0)
(0.227516 0.0053633 0)
(0.215409 0.005456 0)
(0.203923 0.00553719 0)
(0.19389 0.00571339 0)
(0.185716 0.00594728 0)
(0.177529 0.0061603 0)
(0.168561 0.0062041 0)
(0.157924 0.00626192 0)
(0.145607 0.00626107 0)
(0.132013 0.00629157 0)
(0.117296 0.00638269 0)
(0.101382 0.00656678 0)
(0.0845807 0.0067389 0)
(0.0686943 0.00680489 0)
(0.0547987 0.00694107 0)
(0.0435103 0.00694033 0)
(0.0330239 0.00685092 0)
(0.0216841 0.00678433 0)
(0.00644198 0.00704044 0)
(1.5 1.18357e-17 0)
(1.02176 0.00328357 0)
(0.724309 0.00168792 0)
(0.705613 0.00398005 0)
(0.703289 0.0060702 0)
(0.697962 0.00651917 0)
(0.692553 0.00585491 0)
(0.68737 0.00430729 0)
(0.681918 0.00286447 0)
(0.676746 0.00201294 0)
(0.672134 0.00214488 0)
(0.668334 0.00315705 0)
(0.664613 0.00448054 0)
(0.660498 0.0056393 0)
(0.655252 0.00601244 0)
(0.648568 0.00536404 0)
(0.642133 0.00419392 0)
(0.637267 0.00350216 0)
(0.634238 0.00363187 0)
(0.632518 0.00450806 0)
(0.630108 0.00575098 0)
(0.625993 0.00681087 0)
(0.620766 0.00692626 0)
(0.615361 0.00597812 0)
(0.61068 0.00488558 0)
(0.606613 0.00456237 0)
(0.602583 0.00511959 0)
(0.597717 0.00622154 0)
(0.592115 0.00705571 0)
(0.587204 0.00699017 0)
(0.582688 0.00622892 0)
(0.578165 0.00556819 0)
(0.573134 0.00553189 0)
(0.566618 0.00627639 0)
(0.558712 0.00680636 0)
(0.551981 0.0067605 0)
(0.547493 0.00629588 0)
(0.542914 0.00600657 0)
(0.537934 0.00620609 0)
(0.53215 0.00668651 0)
(0.524558 0.00686638 0)
(0.517091 0.00687412 0)
(0.51162 0.00700067 0)
(0.508095 0.00749498 0)
(0.504788 0.00782956 0)
(0.500491 0.00813612 0)
(0.495191 0.0081689 0)
(0.487265 0.00826707 0)
(0.477912 0.00814504 0)
(0.470008 0.0080833 0)
(0.464467 0.0082391 0)
(0.459676 0.00852208 0)
(0.454461 0.00906087 0)
(0.447917 0.00962036 0)
(0.44098 0.0100235 0)
(0.431369 0.0101681 0)
(0.420659 0.0102638 0)
(0.411132 0.0100285 0)
(0.403312 0.0100209 0)
(0.395493 0.0103555 0)
(0.388569 0.0109294 0)
(0.38279 0.011811 0)
(0.377428 0.0124176 0)
(0.371438 0.0125969 0)
(0.362805 0.0123573 0)
(0.351551 0.0120919 0)
(0.33977 0.0119112 0)
(0.32919 0.0122206 0)
(0.320855 0.0129632 0)
(0.314395 0.0138831 0)
(0.308047 0.0145306 0)
(0.300367 0.0148247 0)
(0.290256 0.0150321 0)
(0.278308 0.0151023 0)
(0.265019 0.0153231 0)
(0.251877 0.015646 0)
(0.238967 0.0159665 0)
(0.226426 0.0162069 0)
(0.214297 0.0164648 0)
(0.202917 0.0166423 0)
(0.193069 0.0170793 0)
(0.184933 0.0177558 0)
(0.17667 0.0185211 0)
(0.167443 0.0188494 0)
(0.156562 0.0191514 0)
(0.14421 0.0191605 0)
(0.130783 0.0191532 0)
(0.116302 0.019217 0)
(0.100617 0.0195611 0)
(0.0841578 0.0200505 0)
(0.0683404 0.0204537 0)
(0.0545568 0.0210409 0)
(0.0431206 0.0211801 0)
(0.0325019 0.0209223 0)
(0.0212383 0.0205422 0)
(0.00633574 0.0209905 0)
(1.5 -1.08018e-16 0)
(1.02702 0.00567519 0)
(0.725187 0.00324327 0)
(0.704339 0.00645428 0)
(0.702404 0.00905455 0)
(0.697442 0.0101148 0)
(0.692484 0.00951739 0)
(0.687718 0.00761642 0)
(0.682353 0.00558143 0)
(0.677059 0.00413497 0)
(0.672156 0.00413339 0)
(0.668096 0.00548201 0)
(0.664273 0.00731592 0)
(0.660198 0.00891104 0)
(0.655043 0.00948351 0)
(0.648584 0.00886589 0)
(0.642409 0.00741608 0)
(0.637588 0.00631655 0)
(0.634292 0.00632709 0)
(0.632334 0.00748023 0)
(0.629998 0.00926704 0)
(0.625951 0.0107342 0)
(0.620831 0.0108821 0)
(0.615504 0.00972555 0)
(0.610785 0.0082942 0)
(0.606535 0.00781438 0)
(0.602402 0.00860012 0)
(0.59762 0.0101669 0)
(0.592134 0.0112873 0)
(0.587303 0.0111795 0)
(0.582778 0.0101376 0)
(0.578119 0.00923506 0)
(0.572935 0.00924394 0)
(0.566397 0.0103975 0)
(0.558558 0.0111695 0)
(0.551938 0.0111089 0)
(0.547496 0.010472 0)
(0.542849 0.010116 0)
(0.537771 0.010413 0)
(0.53202 0.011144 0)
(0.524571 0.0114089 0)
(0.517299 0.0114097 0)
(0.511989 0.0115964 0)
(0.508602 0.0123364 0)
(0.505165 0.0128124 0)
(0.500718 0.013282 0)
(0.495376 0.0134477 0)
(0.487162 0.0137742 0)
(0.477742 0.0137984 0)
(0.469962 0.0138284 0)
(0.464649 0.0140407 0)
(0.460043 0.0144221 0)
(0.45495 0.0150524 0)
(0.448505 0.0157021 0)
(0.441303 0.0163562 0)
(0.431544 0.0167478 0)
(0.420556 0.0171212 0)
(0.410987 0.0171187 0)
(0.403371 0.0171601 0)
(0.396062 0.0176413 0)
(0.38938 0.0183047 0)
(0.383629 0.0192488 0)
(0.378102 0.0200985 0)
(0.37155 0.0206082 0)
(0.362472 0.0206715 0)
(0.351191 0.0206234 0)
(0.339777 0.0204509 0)
(0.329663 0.0209233 0)
(0.321605 0.0218617 0)
(0.315192 0.0229587 0)
(0.308417 0.0238584 0)
(0.300473 0.0243823 0)
(0.290139 0.0249045 0)
(0.278095 0.0253234 0)
(0.264904 0.0258112 0)
(0.251809 0.0263318 0)
(0.238809 0.0267258 0)
(0.226116 0.0270224 0)
(0.213943 0.0274251 0)
(0.202711 0.0278098 0)
(0.193159 0.0286519 0)
(0.185096 0.0297075 0)
(0.176823 0.0308676 0)
(0.16728 0.0312874 0)
(0.15604 0.0316779 0)
(0.143574 0.0317536 0)
(0.130281 0.0318309 0)
(0.116089 0.0320341 0)
(0.100762 0.0326304 0)
(0.0847464 0.0333731 0)
(0.0689731 0.0339532 0)
(0.0552198 0.0347624 0)
(0.0433911 0.0349836 0)
(0.0323331 0.0347865 0)
(0.0208752 0.0343387 0)
(0.00627012 0.0350801 0)
(1.5 -3.2825e-17 0)
(1.03471 0.00818412 0)
(0.726317 0.00538961 0)
(0.70346 0.00885366 0)
(0.701617 0.0115894 0)
(0.696923 0.0132703 0)
(0.692449 0.0128321 0)
(0.688179 0.0109617 0)
(0.68303 0.0087295 0)
(0.677725 0.00680601 0)
(0.672551 0.00660215 0)
(0.668157 0.00801029 0)
(0.664157 0.010132 0)
(0.660099 0.0120028 0)
(0.655049 0.0126888 0)
(0.648953 0.0120796 0)
(0.643067 0.0105743 0)
(0.638332 0.00926487 0)
(0.634838 0.00914403 0)
(0.632654 0.0104245 0)
(0.630356 0.0125449 0)
(0.62633 0.0142753 0)
(0.621195 0.0144976 0)
(0.615841 0.013337 0)
(0.611085 0.0117772 0)
(0.606722 0.011195 0)
(0.602547 0.0121138 0)
(0.597862 0.0139457 0)
(0.592457 0.0152046 0)
(0.587606 0.0151039 0)
(0.583026 0.0139334 0)
(0.578247 0.012921 0)
(0.572995 0.0130116 0)
(0.566532 0.0144794 0)
(0.558802 0.0154111 0)
(0.552253 0.0153625 0)
(0.547781 0.0146441 0)
(0.543032 0.0142993 0)
(0.53786 0.0146726 0)
(0.53215 0.0155966 0)
(0.524909 0.0159317 0)
(0.517835 0.0159405 0)
(0.512636 0.0161884 0)
(0.509324 0.017097 0)
(0.505691 0.0176743 0)
(0.501212 0.0182284 0)
(0.495729 0.0185289 0)
(0.48744 0.0191527 0)
(0.477949 0.0194412 0)
(0.470179 0.0197236 0)
(0.465025 0.0199978 0)
(0.460602 0.0203173 0)
(0.455628 0.0208957 0)
(0.449305 0.0215943 0)
(0.442028 0.0224468 0)
(0.432233 0.0231177 0)
(0.421028 0.0238144 0)
(0.411288 0.0243003 0)
(0.403714 0.0245126 0)
(0.396828 0.024851 0)
(0.390409 0.0254043 0)
(0.38468 0.0264178 0)
(0.379184 0.0274405 0)
(0.372335 0.0283096 0)
(0.362882 0.0288833 0)
(0.351415 0.0293465 0)
(0.34015 0.0293884 0)
(0.330517 0.0298846 0)
(0.322802 0.0309312 0)
(0.316309 0.0319728 0)
(0.309372 0.0329952 0)
(0.301185 0.0337708 0)
(0.290713 0.0346486 0)
(0.278723 0.0355657 0)
(0.2655 0.0363915 0)
(0.252315 0.0371959 0)
(0.239119 0.0376628 0)
(0.226271 0.0379465 0)
(0.214209 0.0384412 0)
(0.203254 0.0390654 0)
(0.194076 0.0403241 0)
(0.185965 0.0416862 0)
(0.17751 0.0431799 0)
(0.167421 0.0436925 0)
(0.155699 0.0440726 0)
(0.143135 0.0442418 0)
(0.130031 0.0444519 0)
(0.116135 0.0448546 0)
(0.101142 0.0457404 0)
(0.0854611 0.0466622 0)
(0.0696049 0.0474372 0)
(0.0558218 0.0484064 0)
(0.0435924 0.0487416 0)
(0.032089 0.0487492 0)
(0.020327 0.0483658 0)
(0.00620404 0.0493897 0)
(1.5 -6.23644e-17 0)
(1.04491 0.010417 0)
(0.727973 0.00753441 0)
(0.703038 0.011166 0)
(0.701034 0.01411 0)
(0.69632 0.0161914 0)
(0.691935 0.0160039 0)
(0.688001 0.0143553 0)
(0.683283 0.0120053 0)
(0.678226 0.00987407 0)
(0.673038 0.00939922 0)
(0.668406 0.0106337 0)
(0.66427 0.0128952 0)
(0.660158 0.0149726 0)
(0.655038 0.0157742 0)
(0.649074 0.0152287 0)
(0.643417 0.0137444 0)
(0.638854 0.0123014 0)
(0.635323 0.012015 0)
(0.633052 0.0132981 0)
(0.630811 0.0156077 0)
(0.62678 0.0175478 0)
(0.62155 0.0179054 0)
(0.616105 0.0168544 0)
(0.611335 0.015296 0)
(0.606967 0.0146451 0)
(0.602843 0.0156131 0)
(0.598267 0.0175463 0)
(0.592911 0.0188664 0)
(0.587972 0.0188165 0)
(0.583314 0.0176295 0)
(0.578415 0.0166155 0)
(0.573149 0.0168245 0)
(0.566817 0.0185211 0)
(0.559221 0.019565 0)
(0.552706 0.0195615 0)
(0.548135 0.0188067 0)
(0.543261 0.0184949 0)
(0.538001 0.0189267 0)
(0.532387 0.0200339 0)
(0.525445 0.0204786 0)
(0.518595 0.0205474 0)
(0.513511 0.0209054 0)
(0.510213 0.0218578 0)
(0.506423 0.0224571 0)
(0.501907 0.0230321 0)
(0.496347 0.0234418 0)
(0.48812 0.024359 0)
(0.478577 0.0249354 0)
(0.470741 0.0255577 0)
(0.465575 0.0261333 0)
(0.461221 0.0265361 0)
(0.456341 0.0269871 0)
(0.450194 0.0274612 0)
(0.44306 0.0284854 0)
(0.433287 0.0294162 0)
(0.421939 0.0304103 0)
(0.411935 0.0314199 0)
(0.404088 0.0319947 0)
(0.397213 0.0324014 0)
(0.390983 0.0328161 0)
(0.385483 0.0335685 0)
(0.38017 0.0347044 0)
(0.373331 0.0359168 0)
(0.363639 0.0370373 0)
(0.351831 0.038107 0)
(0.340355 0.0386021 0)
(0.330935 0.0392379 0)
(0.323642 0.0400329 0)
(0.317367 0.0409199 0)
(0.310534 0.0420378 0)
(0.302291 0.0430957 0)
(0.291804 0.0443374 0)
(0.280029 0.0457708 0)
(0.266624 0.0469067 0)
(0.253221 0.0480082 0)
(0.239745 0.0486055 0)
(0.226776 0.0489679 0)
(0.214944 0.0496373 0)
(0.204499 0.0505368 0)
(0.195676 0.0522407 0)
(0.187453 0.0537207 0)
(0.178645 0.0553196 0)
(0.167914 0.0559669 0)
(0.155646 0.0563638 0)
(0.142996 0.056726 0)
(0.130064 0.0571754 0)
(0.116452 0.0578095 0)
(0.101682 0.0589551 0)
(0.0860023 0.0599703 0)
(0.0702745 0.0608659 0)
(0.0562515 0.0619245 0)
(0.0436411 0.0623904 0)
(0.031783 0.0627039 0)
(0.0197354 0.062532 0)
(0.00615775 0.0638335 0)
(1.5 -1.81152e-16 0)
(1.05703 0.0124239 0)
(0.729628 0.00979154 0)
(0.70286 0.0136507 0)
(0.700748 0.0169546 0)
(0.695929 0.0192286 0)
(0.691703 0.0190789 0)
(0.687972 0.0174811 0)
(0.683497 0.0151649 0)
(0.678665 0.0129073 0)
(0.673536 0.0122293 0)
(0.668699 0.0133514 0)
(0.664413 0.0157662 0)
(0.660176 0.0180468 0)
(0.654916 0.0189198 0)
(0.64904 0.0183341 0)
(0.643627 0.0167977 0)
(0.639288 0.0152739 0)
(0.635836 0.0148721 0)
(0.633561 0.0161519 0)
(0.63128 0.018596 0)
(0.627174 0.0207302 0)
(0.621827 0.0212357 0)
(0.616309 0.0203207 0)
(0.611545 0.0188314 0)
(0.607189 0.0181379 0)
(0.603084 0.0191041 0)
(0.598542 0.0210634 0)
(0.593187 0.0224275 0)
(0.588175 0.0224564 0)
(0.583488 0.021318 0)
(0.578547 0.020377 0)
(0.573314 0.0207108 0)
(0.567101 0.0225654 0)
(0.559605 0.0237234 0)
(0.553058 0.0238004 0)
(0.548328 0.0230073 0)
(0.543342 0.0226887 0)
(0.538053 0.0231516 0)
(0.532632 0.0244283 0)
(0.526049 0.0250312 0)
(0.519349 0.0251986 0)
(0.514252 0.0256578 0)
(0.510879 0.026722 0)
(0.506966 0.0273597 0)
(0.502414 0.0278514 0)
(0.496926 0.0283032 0)
(0.488913 0.0294442 0)
(0.479411 0.0302718 0)
(0.471553 0.0311908 0)
(0.466293 0.032123 0)
(0.461726 0.0327189 0)
(0.456803 0.0332688 0)
(0.450756 0.0335852 0)
(0.444059 0.0346994 0)
(0.434472 0.0357807 0)
(0.423133 0.0369738 0)
(0.412855 0.0383533 0)
(0.404681 0.0392445 0)
(0.397551 0.0397318 0)
(0.391458 0.0401452 0)
(0.386364 0.0407585 0)
(0.381493 0.0420781 0)
(0.374978 0.0435777 0)
(0.365256 0.0452236 0)
(0.353067 0.0467853 0)
(0.34119 0.0476337 0)
(0.331597 0.0484115 0)
(0.32442 0.0492153 0)
(0.318551 0.0500058 0)
(0.311877 0.0511794 0)
(0.303788 0.0525625 0)
(0.293283 0.0541015 0)
(0.281784 0.0558866 0)
(0.268008 0.0572852 0)
(0.254238 0.0586292 0)
(0.240462 0.0594578 0)
(0.227466 0.0600795 0)
(0.215951 0.0610975 0)
(0.206058 0.062244 0)
(0.197549 0.06422 0)
(0.189093 0.0657148 0)
(0.179742 0.0672739 0)
(0.168566 0.0681124 0)
(0.155852 0.0686495 0)
(0.143175 0.0693135 0)
(0.130415 0.0701118 0)
(0.117011 0.0709489 0)
(0.102347 0.072263 0)
(0.0864341 0.0733429 0)
(0.070878 0.0743001 0)
(0.0566304 0.0754047 0)
(0.0436879 0.0759813 0)
(0.0315445 0.0766613 0)
(0.0192943 0.0768098 0)
(0.00617286 0.0784209 0)
(1.5 1.60127e-17 0)
(1.07097 0.0143742 0)
(0.731335 0.0119719 0)
(0.702915 0.0163908 0)
(0.700817 0.0201879 0)
(0.695928 0.0223799 0)
(0.691844 0.0220633 0)
(0.688059 0.0204636 0)
(0.683785 0.0179767 0)
(0.67903 0.0156752 0)
(0.673891 0.0150117 0)
(0.66883 0.0162293 0)
(0.664475 0.0189143 0)
(0.660091 0.0213165 0)
(0.654714 0.0220667 0)
(0.648997 0.0213092 0)
(0.643879 0.0197122 0)
(0.639817 0.0181299 0)
(0.636465 0.0177206 0)
(0.63423 0.0190735 0)
(0.631849 0.0217185 0)
(0.627594 0.023999 0)
(0.622114 0.0245801 0)
(0.616522 0.0237896 0)
(0.611756 0.0223937 0)
(0.607414 0.0216625 0)
(0.603315 0.0225853 0)
(0.598791 0.0245284 0)
(0.593461 0.0259458 0)
(0.588446 0.0260777 0)
(0.5838 0.0250344 0)
(0.578885 0.024217 0)
(0.573693 0.0246536 0)
(0.567543 0.0266112 0)
(0.56009 0.0279191 0)
(0.553448 0.0281125 0)
(0.548517 0.0272808 0)
(0.543422 0.0269085 0)
(0.538197 0.0273953 0)
(0.533067 0.0288162 0)
(0.526867 0.0295995 0)
(0.520223 0.0299464 0)
(0.514987 0.0306657 0)
(0.511424 0.0318335 0)
(0.507404 0.0324492 0)
(0.502819 0.0328169 0)
(0.497567 0.0332149 0)
(0.489858 0.0344783 0)
(0.48047 0.0355088 0)
(0.472605 0.0366525 0)
(0.467248 0.0379245 0)
(0.462324 0.0387122 0)
(0.457319 0.0396162 0)
(0.451234 0.0399734 0)
(0.44506 0.0411495 0)
(0.435803 0.0422364 0)
(0.424616 0.0435157 0)
(0.414118 0.0450436 0)
(0.405587 0.0461229 0)
(0.398005 0.0467333 0)
(0.392057 0.0473809 0)
(0.387316 0.0480945 0)
(0.383106 0.0497233 0)
(0.376956 0.0514125 0)
(0.367285 0.0534497 0)
(0.354633 0.055327 0)
(0.342189 0.0564228 0)
(0.332259 0.0573393 0)
(0.325174 0.0583253 0)
(0.319734 0.0592002 0)
(0.313411 0.0605461 0)
(0.30559 0.0622311 0)
(0.295206 0.0639581 0)
(0.283646 0.0659414 0)
(0.26958 0.067498 0)
(0.255456 0.0690128 0)
(0.241512 0.0701816 0)
(0.228612 0.0712469 0)
(0.217385 0.0727722 0)
(0.207813 0.0742616 0)
(0.199441 0.0763207 0)
(0.190735 0.0777387 0)
(0.180819 0.0791467 0)
(0.169408 0.0802135 0)
(0.156475 0.0810036 0)
(0.143811 0.0820488 0)
(0.131148 0.0832754 0)
(0.117788 0.0842576 0)
(0.103172 0.0856835 0)
(0.0869021 0.0867214 0)
(0.0714539 0.0877357 0)
(0.0570733 0.0889298 0)
(0.0438672 0.0895914 0)
(0.0314829 0.0906588 0)
(0.0190843 0.0911833 0)
(0.00628717 0.0930978 0)
(1.5 8.43672e-17 0)
(1.08687 0.0163307 0)
(0.733288 0.014095 0)
(0.703064 0.0194667 0)
(0.700958 0.0238126 0)
(0.69607 0.0255533 0)
(0.692243 0.0249565 0)
(0.688357 0.0231346 0)
(0.68416 0.0203609 0)
(0.679315 0.0181482 0)
(0.674103 0.0177089 0)
(0.668929 0.019222 0)
(0.664651 0.0221809 0)
(0.660112 0.0245812 0)
(0.654636 0.0251164 0)
(0.649132 0.0241354 0)
(0.644349 0.0224487 0)
(0.640495 0.0209165 0)
(0.637244 0.0206259 0)
(0.635045 0.0221092 0)
(0.632554 0.0249496 0)
(0.628151 0.02739 0)
(0.622556 0.028001 0)
(0.616928 0.027251 0)
(0.612175 0.0259172 0)
(0.607844 0.0251452 0)
(0.603737 0.026017 0)
(0.599196 0.0279624 0)
(0.593875 0.0294744 0)
(0.588874 0.0297363 0)
(0.584287 0.0288076 0)
(0.579433 0.0281122 0)
(0.574291 0.0285845 0)
(0.568178 0.0305761 0)
(0.560755 0.0320696 0)
(0.553982 0.0324354 0)
(0.548811 0.0316267 0)
(0.54361 0.0312217 0)
(0.538523 0.0317303 0)
(0.533787 0.0332166 0)
(0.528013 0.0341306 0)
(0.521461 0.0346412 0)
(0.516078 0.035592 0)
(0.512237 0.0369646 0)
(0.507982 0.0376639 0)
(0.503324 0.0380575 0)
(0.49833 0.0383199 0)
(0.491006 0.0395672 0)
(0.481853 0.040676 0)
(0.474017 0.0419791 0)
(0.468588 0.0435485 0)
(0.463275 0.044498 0)
(0.458199 0.0458604 0)
(0.452011 0.0464485 0)
(0.446114 0.0477528 0)
(0.437154 0.048847 0)
(0.426151 0.0501149 0)
(0.415501 0.0516252 0)
(0.406595 0.0527696 0)
(0.398686 0.0535213 0)
(0.392832 0.0546166 0)
(0.388466 0.0556407 0)
(0.384862 0.0575929 0)
(0.379021 0.0593877 0)
(0.369473 0.0616313 0)
(0.356365 0.0636549 0)
(0.343322 0.0649169 0)
(0.333001 0.0660093 0)
(0.326052 0.0673899 0)
(0.321015 0.0685397 0)
(0.315098 0.0701338 0)
(0.307441 0.0720678 0)
(0.297151 0.0738844 0)
(0.285298 0.0759935 0)
(0.271094 0.0775861 0)
(0.256749 0.0792962 0)
(0.24281 0.0808977 0)
(0.230117 0.082479 0)
(0.219101 0.0845366 0)
(0.209613 0.0863727 0)
(0.201118 0.0884853 0)
(0.192124 0.0896918 0)
(0.181904 0.0910508 0)
(0.170413 0.0923936 0)
(0.157636 0.0934823 0)
(0.145029 0.0949224 0)
(0.132328 0.0965927 0)
(0.118816 0.0976789 0)
(0.104147 0.0991494 0)
(0.0874928 0.10015 0)
(0.0720952 0.101222 0)
(0.057634 0.102562 0)
(0.0442035 0.103312 0)
(0.0316007 0.104741 0)
(0.0190955 0.105647 0)
(0.00650511 0.107852 0)
(1.5 2.71423e-17 0)
(1.10491 0.0183694 0)
(0.735455 0.0162497 0)
(0.703406 0.022935 0)
(0.701096 0.0276452 0)
(0.696385 0.0286929 0)
(0.692717 0.0277087 0)
(0.688736 0.0254423 0)
(0.684568 0.0223616 0)
(0.679563 0.0203081 0)
(0.674218 0.0202496 0)
(0.669093 0.0222293 0)
(0.66484 0.0254974 0)
(0.660068 0.0278115 0)
(0.654483 0.0280535 0)
(0.649263 0.0268426 0)
(0.644834 0.0251082 0)
(0.641185 0.0236952 0)
(0.638036 0.0235924 0)
(0.635896 0.025275 0)
(0.633262 0.0283853 0)
(0.628732 0.0309125 0)
(0.623092 0.0314447 0)
(0.617452 0.0306551 0)
(0.612691 0.0293422 0)
(0.608319 0.0285514 0)
(0.60418 0.0294055 0)
(0.59961 0.0314146 0)
(0.5943 0.0330753 0)
(0.589325 0.0334837 0)
(0.584812 0.0326587 0)
(0.580056 0.0320326 0)
(0.574989 0.0324545 0)
(0.568907 0.0343795 0)
(0.561534 0.0360581 0)
(0.554616 0.036643 0)
(0.549139 0.0359749 0)
(0.543819 0.0356373 0)
(0.538909 0.0361829 0)
(0.53468 0.0376384 0)
(0.52936 0.038594 0)
(0.522942 0.0392416 0)
(0.517414 0.0403487 0)
(0.513275 0.0419576 0)
(0.508706 0.0428344 0)
(0.503974 0.0434966 0)
(0.49899 0.0437605 0)
(0.492122 0.0449414 0)
(0.483381 0.0460066 0)
(0.475677 0.0473126 0)
(0.470222 0.0490589 0)
(0.46456 0.0501373 0)
(0.459415 0.0519189 0)
(0.453187 0.0528194 0)
(0.447297 0.0542454 0)
(0.43855 0.0555005 0)
(0.427626 0.0567837 0)
(0.416867 0.0582715 0)
(0.407756 0.0594466 0)
(0.39967 0.0603247 0)
(0.393989 0.0619385 0)
(0.390067 0.0633461 0)
(0.386816 0.0654781 0)
(0.381176 0.0674104 0)
(0.371741 0.0696667 0)
(0.35827 0.0717739 0)
(0.344756 0.0731987 0)
(0.334109 0.0745562 0)
(0.32734 0.0765129 0)
(0.322647 0.0780375 0)
(0.317021 0.0798193 0)
(0.309425 0.0819225 0)
(0.299105 0.083733 0)
(0.287016 0.0859478 0)
(0.272834 0.0876558 0)
(0.258483 0.0896324 0)
(0.244711 0.0916938 0)
(0.232276 0.0937163 0)
(0.221393 0.0962054 0)
(0.211743 0.0983008 0)
(0.202924 0.100466 0)
(0.193696 0.101566 0)
(0.18337 0.103048 0)
(0.171984 0.104709 0)
(0.1595 0.106123 0)
(0.14693 0.107897 0)
(0.134026 0.109972 0)
(0.120125 0.111156 0)
(0.105226 0.112669 0)
(0.0882486 0.113722 0)
(0.0728537 0.114852 0)
(0.0583404 0.116372 0)
(0.0447116 0.117206 0)
(0.0318896 0.118933 0)
(0.0192849 0.120188 0)
(0.0068042 0.12268 0)
(1.5 1.91519e-16 0)
(1.12546 0.0205329 0)
(0.738197 0.0185406 0)
(0.703884 0.0268588 0)
(0.700965 0.0313776 0)
(0.69672 0.0317045 0)
(0.693209 0.0303041 0)
(0.68928 0.0274201 0)
(0.685041 0.0240543 0)
(0.679742 0.0221655 0)
(0.674236 0.022668 0)
(0.66932 0.0252153 0)
(0.665005 0.0288429 0)
(0.659995 0.0309735 0)
(0.654418 0.0308971 0)
(0.649572 0.0295204 0)
(0.645506 0.0277725 0)
(0.642019 0.026521 0)
(0.638906 0.0266579 0)
(0.63682 0.0286264 0)
(0.634037 0.0320297 0)
(0.62936 0.0345356 0)
(0.623678 0.0348873 0)
(0.617988 0.0339835 0)
(0.613169 0.0326615 0)
(0.608735 0.0318928 0)
(0.604608 0.0328097 0)
(0.600053 0.0349238 0)
(0.594788 0.0367628 0)
(0.589828 0.0373151 0)
(0.585361 0.0365789 0)
(0.580717 0.0359533 0)
(0.575714 0.036262 0)
(0.569691 0.0380227 0)
(0.562425 0.0398489 0)
(0.555413 0.0406691 0)
(0.549594 0.0402407 0)
(0.544146 0.0400711 0)
(0.53936 0.0407206 0)
(0.535601 0.0421255 0)
(0.530684 0.0431074 0)
(0.52442 0.0438515 0)
(0.518791 0.0450058 0)
(0.51447 0.046789 0)
(0.509623 0.047855 0)
(0.504731 0.0488776 0)
(0.49976 0.0493224 0)
(0.493114 0.0505794 0)
(0.484788 0.0516525 0)
(0.477322 0.052864 0)
(0.471938 0.0545844 0)
(0.466098 0.0557166 0)
(0.460882 0.0577803 0)
(0.454699 0.0589584 0)
(0.448609 0.0604764 0)
(0.440099 0.0620255 0)
(0.42919 0.0634253 0)
(0.418337 0.0650287 0)
(0.409139 0.0662959 0)
(0.401073 0.0673071 0)
(0.395643 0.0693736 0)
(0.392201 0.0711154 0)
(0.389052 0.0732542 0)
(0.383485 0.0752888 0)
(0.374051 0.0775192 0)
(0.360342 0.0797141 0)
(0.346585 0.0813851 0)
(0.33577 0.0831277 0)
(0.329152 0.0857321 0)
(0.324627 0.0876592 0)
(0.319094 0.0894743 0)
(0.311513 0.0916192 0)
(0.301121 0.0933784 0)
(0.288986 0.095785 0)
(0.274944 0.0978013 0)
(0.260682 0.100123 0)
(0.247096 0.102611 0)
(0.234865 0.104904 0)
(0.224038 0.107639 0)
(0.214019 0.10985 0)
(0.204846 0.112179 0)
(0.195408 0.113487 0)
(0.185173 0.11527 0)
(0.173831 0.117278 0)
(0.161714 0.118992 0)
(0.149185 0.120982 0)
(0.135991 0.123387 0)
(0.121575 0.124691 0)
(0.106336 0.126316 0)
(0.089139 0.12752 0)
(0.0737033 0.128705 0)
(0.0591668 0.130405 0)
(0.0453835 0.131303 0)
(0.0323468 0.133255 0)
(0.0196184 0.134805 0)
(0.00715956 0.137602 0)
(1.5 1.96212e-16 0)
(1.14894 0.0227053 0)
(0.741988 0.0211553 0)
(0.703985 0.0309455 0)
(0.700799 0.0347302 0)
(0.697145 0.0345392 0)
(0.693684 0.0326957 0)
(0.68982 0.0291286 0)
(0.685385 0.0254964 0)
(0.679776 0.0238499 0)
(0.674356 0.0250981 0)
(0.669617 0.0282351 0)
(0.665173 0.0321747 0)
(0.659966 0.0340385 0)
(0.654586 0.0336841 0)
(0.650131 0.0322135 0)
(0.646392 0.0305011 0)
(0.642962 0.0293736 0)
(0.639889 0.029875 0)
(0.63782 0.0322142 0)
(0.634849 0.0358929 0)
(0.630013 0.038251 0)
(0.624299 0.0383293 0)
(0.618523 0.0372399 0)
(0.613619 0.0358894 0)
(0.609171 0.0351955 0)
(0.605118 0.0362253 0)
(0.600665 0.0385063 0)
(0.595458 0.0405345 0)
(0.590449 0.0412167 0)
(0.585929 0.0405791 0)
(0.581332 0.0399187 0)
(0.576357 0.0400947 0)
(0.570418 0.0416176 0)
(0.563335 0.0435208 0)
(0.556334 0.0445756 0)
(0.550211 0.0444031 0)
(0.544605 0.0444266 0)
(0.539906 0.0452357 0)
(0.536502 0.0466827 0)
(0.531916 0.0477553 0)
(0.525824 0.0485802 0)
(0.520178 0.0497075 0)
(0.515815 0.0515725 0)
(0.510779 0.0527526 0)
(0.50577 0.0540921 0)
(0.500758 0.0547986 0)
(0.494182 0.0562251 0)
(0.486113 0.0574642 0)
(0.478797 0.0586665 0)
(0.47352 0.0602603 0)
(0.467769 0.0613566 0)
(0.462501 0.0635053 0)
(0.456399 0.0648638 0)
(0.450086 0.0664449 0)
(0.441861 0.0683385 0)
(0.430955 0.0699847 0)
(0.419993 0.0718342 0)
(0.410635 0.0732972 0)
(0.402727 0.074519 0)
(0.39762 0.0769612 0)
(0.394486 0.0789437 0)
(0.39126 0.0809784 0)
(0.385691 0.0830281 0)
(0.376279 0.0852712 0)
(0.36253 0.0875501 0)
(0.348832 0.0895888 0)
(0.338032 0.0917885 0)
(0.331451 0.094973 0)
(0.326801 0.0972891 0)
(0.321141 0.0990039 0)
(0.313568 0.101103 0)
(0.303207 0.10285 0)
(0.291311 0.105576 0)
(0.277523 0.108044 0)
(0.263309 0.110751 0)
(0.249772 0.113637 0)
(0.237617 0.116021 0)
(0.226746 0.118754 0)
(0.216449 0.120995 0)
(0.207093 0.123648 0)
(0.197526 0.125485 0)
(0.187296 0.127731 0)
(0.17604 0.130116 0)
(0.164132 0.132076 0)
(0.151646 0.13414 0)
(0.138219 0.136785 0)
(0.123334 0.138258 0)
(0.107724 0.140104 0)
(0.0903452 0.141566 0)
(0.0747883 0.142809 0)
(0.0602205 0.144677 0)
(0.0463238 0.145626 0)
(0.0330519 0.147743 0)
(0.0202097 0.149522 0)
(0.00754046 0.152656 0)
(1.5 -1.84632e-16 0)
(1.17534 0.0247032 0)
(0.746817 0.0242263 0)
(0.703897 0.0349503 0)
(0.700818 0.0377793 0)
(0.697372 0.0372002 0)
(0.693971 0.0347293 0)
(0.690264 0.0305066 0)
(0.685565 0.0267844 0)
(0.679843 0.0256835 0)
(0.674669 0.0277287 0)
(0.669959 0.0314445 0)
(0.665295 0.0355526 0)
(0.65997 0.0370549 0)
(0.654983 0.0364602 0)
(0.650955 0.0349405 0)
(0.647441 0.0332102 0)
(0.643963 0.0323546 0)
(0.640981 0.0332721 0)
(0.638853 0.0360758 0)
(0.63562 0.0399546 0)
(0.630618 0.0420188 0)
(0.624844 0.0417419 0)
(0.618979 0.0404323 0)
(0.614007 0.0390534 0)
(0.60962 0.0384832 0)
(0.605723 0.0396982 0)
(0.601475 0.0421922 0)
(0.596342 0.0443866 0)
(0.591229 0.045159 0)
(0.586561 0.0446338 0)
(0.581898 0.0439666 0)
(0.576916 0.0440616 0)
(0.571102 0.0453334 0)
(0.564309 0.0472276 0)
(0.557438 0.0484859 0)
(0.551088 0.0485012 0)
(0.545312 0.0486502 0)
(0.540721 0.0495939 0)
(0.537595 0.0511558 0)
(0.533245 0.0524669 0)
(0.527251 0.0534856 0)
(0.521592 0.0546149 0)
(0.517263 0.0564636 0)
(0.512124 0.0576509 0)
(0.507106 0.0591644 0)
(0.501948 0.0600996 0)
(0.495486 0.0617147 0)
(0.487585 0.06322 0)
(0.480239 0.0645378 0)
(0.474938 0.0660845 0)
(0.469451 0.0671638 0)
(0.464157 0.0692219 0)
(0.458205 0.0706528 0)
(0.451759 0.0722802 0)
(0.443869 0.0744911 0)
(0.433029 0.0764857 0)
(0.421921 0.078603 0)
(0.412345 0.0803234 0)
(0.404597 0.0818529 0)
(0.399873 0.0846047 0)
(0.396834 0.086749 0)
(0.39345 0.088646 0)
(0.387847 0.0906779 0)
(0.37851 0.092972 0)
(0.364951 0.0953972 0)
(0.351564 0.0978665 0)
(0.3409 0.100486 0)
(0.334173 0.104068 0)
(0.329097 0.106718 0)
(0.323137 0.108343 0)
(0.31559 0.110467 0)
(0.305452 0.112282 0)
(0.294074 0.115318 0)
(0.280624 0.118334 0)
(0.266309 0.121382 0)
(0.252548 0.12465 0)
(0.240197 0.127018 0)
(0.229223 0.129602 0)
(0.218976 0.131931 0)
(0.209716 0.135011 0)
(0.200094 0.137572 0)
(0.189718 0.140395 0)
(0.178359 0.143169 0)
(0.166481 0.14533 0)
(0.154037 0.147374 0)
(0.140529 0.150207 0)
(0.125336 0.151902 0)
(0.109372 0.154056 0)
(0.091756 0.155853 0)
(0.0759747 0.157172 0)
(0.0613408 0.159214 0)
(0.0473957 0.160224 0)
(0.0339412 0.162481 0)
(0.0209826 0.164379 0)
(0.00789892 0.167849 0)
(1.5 -9.03499e-17 0)
(1.20436 0.0263962 0)
(0.75275 0.0280426 0)
(0.703571 0.0387172 0)
(0.700737 0.0404206 0)
(0.697403 0.0394628 0)
(0.694238 0.0362662 0)
(0.690782 0.0316488 0)
(0.685696 0.028137 0)
(0.680204 0.0279481 0)
(0.675216 0.0307064 0)
(0.670442 0.0350131 0)
(0.665416 0.0390339 0)
(0.660108 0.0400233 0)
(0.655668 0.0392032 0)
(0.652102 0.0375793 0)
(0.648655 0.036021 0)
(0.64514 0.0354582 0)
(0.642216 0.0368313 0)
(0.639881 0.0401481 0)
(0.636256 0.0441019 0)
(0.631123 0.0457043 0)
(0.625289 0.0450648 0)
(0.619402 0.0435285 0)
(0.614388 0.0421662 0)
(0.610117 0.0418006 0)
(0.606465 0.0432781 0)
(0.602481 0.0459977 0)
(0.59742 0.0482944 0)
(0.592174 0.0490704 0)
(0.587299 0.0486267 0)
(0.582468 0.0480094 0)
(0.577454 0.0481483 0)
(0.571806 0.049305 0)
(0.565353 0.0511681 0)
(0.558658 0.0525466 0)
(0.552123 0.0526053 0)
(0.546164 0.0527271 0)
(0.541731 0.0537783 0)
(0.538901 0.0554814 0)
(0.534799 0.0571753 0)
(0.528828 0.0585203 0)
(0.523059 0.0597908 0)
(0.518709 0.0615828 0)
(0.513605 0.0626281 0)
(0.508641 0.0641153 0)
(0.503362 0.0651911 0)
(0.497098 0.0669732 0)
(0.48937 0.0687956 0)
(0.481863 0.0703228 0)
(0.476364 0.0719563 0)
(0.471132 0.0731304 0)
(0.465779 0.0750525 0)
(0.460087 0.0764686 0)
(0.453674 0.0781298 0)
(0.446141 0.0805719 0)
(0.435483 0.0829587 0)
(0.424166 0.0852802 0)
(0.414372 0.0872484 0)
(0.406754 0.0891033 0)
(0.402349 0.0921001 0)
(0.399258 0.0944143 0)
(0.395659 0.0962751 0)
(0.390012 0.0983567 0)
(0.380783 0.100746 0)
(0.36764 0.10338 0)
(0.354699 0.106223 0)
(0.344225 0.109125 0)
(0.337166 0.112838 0)
(0.331511 0.115756 0)
(0.325171 0.117518 0)
(0.317645 0.119813 0)
(0.307912 0.121824 0)
(0.297145 0.125051 0)
(0.28412 0.128597 0)
(0.269566 0.131846 0)
(0.25532 0.135447 0)
(0.242492 0.137818 0)
(0.231505 0.140319 0)
(0.221699 0.142914 0)
(0.212792 0.14642 0)
(0.203272 0.14973 0)
(0.192542 0.153107 0)
(0.180827 0.156246 0)
(0.168854 0.158634 0)
(0.15647 0.16068 0)
(0.143095 0.163698 0)
(0.127807 0.165652 0)
(0.111521 0.168144 0)
(0.0935782 0.170315 0)
(0.0774548 0.171762 0)
(0.0626769 0.174023 0)
(0.0487119 0.175154 0)
(0.0351298 0.177558 0)
(0.0219158 0.179408 0)
(0.00823812 0.183154 0)
(1.5 -1.03482e-16 0)
(1.23538 0.0277956 0)
(0.759565 0.0326098 0)
(0.703754 0.042127 0)
(0.700669 0.0427335 0)
(0.697446 0.0412209 0)
(0.694615 0.0372925 0)
(0.691104 0.0326086 0)
(0.685938 0.0297574 0)
(0.680933 0.0307467 0)
(0.675957 0.0342021 0)
(0.670883 0.0390241 0)
(0.665456 0.0425432 0)
(0.660375 0.0428925 0)
(0.656613 0.0418416 0)
(0.653426 0.0402081 0)
(0.650099 0.0388567 0)
(0.646501 0.0387142 0)
(0.643526 0.0406427 0)
(0.640775 0.0444461 0)
(0.63673 0.0482241 0)
(0.631561 0.0492413 0)
(0.625739 0.0481464 0)
(0.619886 0.0464746 0)
(0.614871 0.0452337 0)
(0.610748 0.0451953 0)
(0.607394 0.0470064 0)
(0.603639 0.0499457 0)
(0.598609 0.0522222 0)
(0.593202 0.0528771 0)
(0.588077 0.0524242 0)
(0.583034 0.0518704 0)
(0.578011 0.052188 0)
(0.572572 0.0534944 0)
(0.566386 0.0554599 0)
(0.559757 0.0569124 0)
(0.553047 0.0568286 0)
(0.547012 0.0567551 0)
(0.542948 0.0578848 0)
(0.540518 0.0598011 0)
(0.53667 0.0618199 0)
(0.530712 0.0635372 0)
(0.524675 0.0650776 0)
(0.520083 0.06691 0)
(0.515006 0.0678277 0)
(0.5101 0.0690857 0)
(0.504862 0.0701506 0)
(0.498934 0.0720287 0)
(0.491481 0.074175 0)
(0.48377 0.075987 0)
(0.477893 0.0778146 0)
(0.472754 0.079184 0)
(0.46726 0.0810556 0)
(0.461918 0.0824004 0)
(0.455761 0.0841099 0)
(0.448566 0.0866649 0)
(0.438216 0.0894381 0)
(0.426629 0.0918867 0)
(0.416617 0.0940425 0)
(0.409125 0.0961518 0)
(0.404973 0.0993061 0)
(0.401801 0.101848 0)
(0.39796 0.103834 0)
(0.39228 0.106097 0)
(0.3832 0.108674 0)
(0.370597 0.111523 0)
(0.358102 0.114599 0)
(0.347821 0.117584 0)
(0.34037 0.121195 0)
(0.334168 0.124378 0)
(0.327501 0.126584 0)
(0.319924 0.129093 0)
(0.310755 0.131477 0)
(0.300423 0.13477 0)
(0.287985 0.138585 0)
(0.273169 0.141965 0)
(0.25831 0.145839 0)
(0.244895 0.148357 0)
(0.233911 0.151005 0)
(0.22483 0.154123 0)
(0.216508 0.157946 0)
(0.207056 0.161854 0)
(0.195839 0.165675 0)
(0.183604 0.169154 0)
(0.171446 0.171891 0)
(0.159087 0.174101 0)
(0.14594 0.177352 0)
(0.13065 0.179588 0)
(0.114004 0.182392 0)
(0.0956374 0.18495 0)
(0.0790652 0.186612 0)
(0.0640656 0.189162 0)
(0.0500688 0.190499 0)
(0.0364058 0.193059 0)
(0.0228224 0.194652 0)
(0.00847544 0.19856 0)
(1.5 -5.22924e-17 0)
(1.26813 0.0287174 0)
(0.767672 0.0374474 0)
(0.703673 0.0452159 0)
(0.700771 0.0448652 0)
(0.697705 0.0423961 0)
(0.695237 0.0376151 0)
(0.691377 0.0335671 0)
(0.686419 0.032015 0)
(0.681851 0.0342744 0)
(0.676555 0.0384206 0)
(0.671019 0.0433915 0)
(0.665354 0.0459005 0)
(0.660879 0.0456064 0)
(0.657813 0.0443207 0)
(0.654987 0.0427308 0)
(0.651736 0.0416411 0)
(0.648035 0.0420928 0)
(0.644849 0.044663 0)
(0.641483 0.0488583 0)
(0.637079 0.0521314 0)
(0.63192 0.0523785 0)
(0.62617 0.0508974 0)
(0.620409 0.0492482 0)
(0.615476 0.0482717 0)
(0.61151 0.0486897 0)
(0.608459 0.0509029 0)
(0.604817 0.0540332 0)
(0.599753 0.0561104 0)
(0.594171 0.0565051 0)
(0.588785 0.0559281 0)
(0.583617 0.0554274 0)
(0.578709 0.0560096 0)
(0.573598 0.0576707 0)
(0.567574 0.0598897 0)
(0.560735 0.061445 0)
(0.553726 0.0611798 0)
(0.547867 0.0608237 0)
(0.544492 0.0619012 0)
(0.542521 0.0639219 0)
(0.538902 0.0663509 0)
(0.532954 0.068437 0)
(0.526552 0.070283 0)
(0.521505 0.0722369 0)
(0.51623 0.0731376 0)
(0.511276 0.0741347 0)
(0.506308 0.0750861 0)
(0.500916 0.0769807 0)
(0.493964 0.0794116 0)
(0.486106 0.0815655 0)
(0.479715 0.0836561 0)
(0.474364 0.0852142 0)
(0.46873 0.087153 0)
(0.463744 0.0883988 0)
(0.458051 0.0902251 0)
(0.45111 0.0927842 0)
(0.441175 0.0959322 0)
(0.429263 0.0984739 0)
(0.419001 0.10073 0)
(0.411664 0.102993 0)
(0.40777 0.106204 0)
(0.404592 0.109005 0)
(0.400528 0.111244 0)
(0.394789 0.113796 0)
(0.385901 0.116716 0)
(0.373737 0.119743 0)
(0.361545 0.122928 0)
(0.351387 0.125843 0)
(0.343695 0.129276 0)
(0.337146 0.132702 0)
(0.330246 0.135472 0)
(0.322607 0.138251 0)
(0.313865 0.141084 0)
(0.303878 0.1444 0)
(0.291892 0.148226 0)
(0.276971 0.151715 0)
(0.261536 0.155823 0)
(0.247607 0.158687 0)
(0.236704 0.161733 0)
(0.228436 0.165601 0)
(0.220674 0.169597 0)
(0.211246 0.173827 0)
(0.199563 0.177958 0)
(0.186827 0.181809 0)
(0.174411 0.185078 0)
(0.162035 0.187686 0)
(0.149096 0.191231 0)
(0.133818 0.193752 0)
(0.116809 0.196797 0)
(0.0980936 0.199733 0)
(0.0810727 0.201726 0)
(0.0658269 0.204637 0)
(0.0516954 0.206265 0)
(0.0378285 0.208996 0)
(0.0237441 0.210142 0)
(0.00861535 0.214096 0)
(1.5 2.16016e-16 0)
(1.30211 0.0291096 0)
(0.777211 0.0425036 0)
(0.70346 0.0478724 0)
(0.701195 0.0465199 0)
(0.69861 0.0427822 0)
(0.696008 0.0378847 0)
(0.691828 0.0348473 0)
(0.68731 0.035142 0)
(0.682705 0.0384117 0)
(0.67696 0.0432006 0)
(0.670907 0.0477985 0)
(0.665463 0.0490017 0)
(0.661865 0.0480913 0)
(0.659351 0.0466577 0)
(0.656743 0.0451215 0)
(0.653483 0.0444215 0)
(0.64965 0.0456042 0)
(0.645969 0.0488978 0)
(0.641865 0.0532115 0)
(0.637194 0.055592 0)
(0.632135 0.0550523 0)
(0.626629 0.0533502 0)
(0.621059 0.0518921 0)
(0.616272 0.0512754 0)
(0.61251 0.0522586 0)
(0.609698 0.0549451 0)
(0.605969 0.0582024 0)
(0.600773 0.0598829 0)
(0.594994 0.0598841 0)
(0.589383 0.0591102 0)
(0.584258 0.0586846 0)
(0.579656 0.05965 0)
(0.574966 0.0616923 0)
(0.568971 0.0641531 0)
(0.561603 0.0657803 0)
(0.554117 0.06546 0)
(0.548591 0.0651181 0)
(0.546164 0.0661163 0)
(0.544556 0.0682224 0)
(0.541239 0.0708504 0)
(0.53539 0.0732002 0)
(0.528635 0.0753009 0)
(0.523014 0.0773599 0)
(0.517324 0.0783091 0)
(0.51224 0.0791463 0)
(0.507727 0.0800266 0)
(0.50308 0.0819286 0)
(0.496841 0.0845634 0)
(0.488945 0.0870901 0)
(0.481916 0.0894809 0)
(0.475861 0.0911932 0)
(0.47041 0.0932453 0)
(0.465511 0.0944385 0)
(0.460459 0.0964143 0)
(0.453732 0.0989241 0)
(0.444338 0.102411 0)
(0.43204 0.105071 0)
(0.421445 0.107345 0)
(0.414308 0.109709 0)
(0.410724 0.112895 0)
(0.407658 0.115928 0)
(0.403429 0.1185 0)
(0.397549 0.121334 0)
(0.388909 0.12473 0)
(0.37696 0.127896 0)
(0.36489 0.131125 0)
(0.354814 0.13394 0)
(0.347144 0.137222 0)
(0.340518 0.14081 0)
(0.333496 0.144109 0)
(0.325755 0.147212 0)
(0.317227 0.1504 0)
(0.307441 0.153764 0)
(0.295731 0.157597 0)
(0.280948 0.161101 0)
(0.265194 0.165476 0)
(0.250958 0.168879 0)
(0.240179 0.172496 0)
(0.232618 0.177108 0)
(0.225197 0.181188 0)
(0.215783 0.185561 0)
(0.203704 0.189948 0)
(0.190604 0.194257 0)
(0.177844 0.198231 0)
(0.165358 0.201452 0)
(0.152444 0.205353 0)
(0.137068 0.20817 0)
(0.119675 0.211396 0)
(0.100775 0.214719 0)
(0.0833494 0.217183 0)
(0.0678442 0.22051 0)
(0.0534038 0.222457 0)
(0.0391128 0.22537 0)
(0.0244155 0.225946 0)
(0.00860663 0.229875 0)
(1.5 7.69713e-17 0)
(1.33658 0.0289971 0)
(0.788293 0.0474471 0)
(0.703722 0.0501398 0)
(0.701988 0.0475354 0)
(0.699872 0.0426155 0)
(0.696762 0.0384489 0)
(0.692721 0.0368613 0)
(0.68866 0.0389676 0)
(0.683313 0.0431739 0)
(0.67693 0.0483027 0)
(0.670681 0.0517806 0)
(0.666131 0.0517149 0)
(0.663234 0.0505193 0)
(0.661186 0.0488336 0)
(0.658678 0.0474525 0)
(0.655286 0.0473295 0)
(0.651192 0.0493395 0)
(0.64673 0.0532453 0)
(0.642019 0.0573071 0)
(0.637241 0.0585907 0)
(0.632542 0.0573626 0)
(0.627299 0.0556164 0)
(0.622019 0.0544517 0)
(0.617389 0.0542411 0)
(0.613886 0.0558698 0)
(0.611156 0.0590978 0)
(0.607111 0.0623366 0)
(0.601656 0.0634675 0)
(0.59563 0.0630241 0)
(0.589914 0.0620615 0)
(0.585012 0.0617927 0)
(0.580919 0.0631083 0)
(0.57659 0.0654216 0)
(0.570479 0.0680127 0)
(0.562427 0.0696483 0)
(0.554572 0.0694159 0)
(0.549578 0.069587 0)
(0.547891 0.0704689 0)
(0.54656 0.0726459 0)
(0.543583 0.0753695 0)
(0.537937 0.0778097 0)
(0.530935 0.0800606 0)
(0.524682 0.0821047 0)
(0.518423 0.0831569 0)
(0.51315 0.0839902 0)
(0.509149 0.0849853 0)
(0.505445 0.0869857 0)
(0.499935 0.0897272 0)
(0.49209 0.0926386 0)
(0.484348 0.0952379 0)
(0.477479 0.0971286 0)
(0.471954 0.099265 0)
(0.467237 0.100492 0)
(0.463057 0.102577 0)
(0.456596 0.10508 0)
(0.447676 0.10876 0)
(0.434945 0.111596 0)
(0.423934 0.113866 0)
(0.41703 0.116383 0)
(0.413791 0.119539 0)
(0.410934 0.122702 0)
(0.406657 0.125613 0)
(0.40055 0.128634 0)
(0.39232 0.132472 0)
(0.380381 0.135784 0)
(0.368233 0.139051 0)
(0.358191 0.141861 0)
(0.3507 0.145101 0)
(0.344199 0.148803 0)
(0.337141 0.152519 0)
(0.329258 0.15586 0)
(0.320745 0.159307 0)
(0.310999 0.16275 0)
(0.299579 0.166705 0)
(0.285105 0.170243 0)
(0.269369 0.174924 0)
(0.255064 0.178987 0)
(0.244356 0.183235 0)
(0.237189 0.188437 0)
(0.229802 0.192596 0)
(0.2204 0.197122 0)
(0.208158 0.201772 0)
(0.194884 0.206649 0)
(0.181823 0.211402 0)
(0.169164 0.215311 0)
(0.156107 0.219596 0)
(0.14058 0.222736 0)
(0.122918 0.226142 0)
(0.104088 0.229913 0)
(0.0863418 0.232973 0)
(0.0705371 0.236757 0)
(0.0555137 0.239018 0)
(0.0404847 0.242131 0)
(0.0249362 0.242133 0)
(0.00856456 0.246062 0)
(1.5 -2.17659e-16 0)
(1.37092 0.0281497 0)
(0.801721 0.051862 0)
(0.704179 0.0516614 0)
(0.703149 0.0474029 0)
(0.701274 0.0425017 0)
(0.697865 0.0394742 0)
(0.694193 0.0400502 0)
(0.689597 0.0435264 0)
(0.683126 0.0484173 0)
(0.676325 0.0532735 0)
(0.670765 0.055121 0)
(0.667239 0.0543871 0)
(0.664957 0.0529727 0)
(0.663161 0.0509573 0)
(0.660675 0.0498691 0)
(0.65697 0.0504992 0)
(0.652364 0.0533102 0)
(0.647122 0.0576082 0)
(0.642077 0.0610357 0)
(0.637427 0.0612415 0)
(0.633223 0.0595191 0)
(0.628266 0.0578463 0)
(0.623237 0.0570109 0)
(0.61872 0.0572937 0)
(0.615535 0.0595859 0)
(0.612671 0.063319 0)
(0.608156 0.0663124 0)
(0.602409 0.0668391 0)
(0.596133 0.0660211 0)
(0.590489 0.0649688 0)
(0.585989 0.0648903 0)
(0.582479 0.0664519 0)
(0.578327 0.0688531 0)
(0.572008 0.0713914 0)
(0.563373 0.0730091 0)
(0.555405 0.0730531 0)
(0.550968 0.0739031 0)
(0.54959 0.0751518 0)
(0.548441 0.0773934 0)
(0.5458 0.0800497 0)
(0.540444 0.0823605 0)
(0.53337 0.0846211 0)
(0.526352 0.086515 0)
(0.519624 0.0876671 0)
(0.514072 0.0886424 0)
(0.510697 0.0900196 0)
(0.507985 0.0922262 0)
(0.502989 0.0950103 0)
(0.495299 0.0982311 0)
(0.486945 0.100849 0)
(0.479279 0.10287 0)
(0.473444 0.105123 0)
(0.469249 0.106552 0)
(0.465766 0.108756 0)
(0.459749 0.111229 0)
(0.450941 0.114894 0)
(0.43794 0.117881 0)
(0.426552 0.120227 0)
(0.419877 0.123015 0)
(0.416954 0.126227 0)
(0.414327 0.1294 0)
(0.410169 0.13254 0)
(0.403935 0.135657 0)
(0.396022 0.139749 0)
(0.384001 0.143277 0)
(0.371624 0.146617 0)
(0.36156 0.14958 0)
(0.354315 0.152944 0)
(0.348058 0.156701 0)
(0.340923 0.16068 0)
(0.333014 0.164115 0)
(0.324384 0.167756 0)
(0.314684 0.171309 0)
(0.303598 0.175534 0)
(0.289523 0.179287 0)
(0.274047 0.184287 0)
(0.259858 0.189043 0)
(0.2491 0.193802 0)
(0.24204 0.199417 0)
(0.234514 0.203728 0)
(0.225239 0.208477 0)
(0.213061 0.213499 0)
(0.199859 0.218989 0)
(0.186529 0.224567 0)
(0.173505 0.229148 0)
(0.160046 0.233867 0)
(0.144231 0.237437 0)
(0.126355 0.241157 0)
(0.107704 0.24553 0)
(0.0896172 0.249251 0)
(0.0733988 0.253482 0)
(0.0575411 0.256009 0)
(0.0415694 0.2593 0)
(0.0251034 0.258785 0)
(0.00845505 0.262811 0)
(1.5 -2.60863e-16 0)
(1.40454 0.0264245 0)
(0.818172 0.0551348 0)
(0.704914 0.0523001 0)
(0.704819 0.046992 0)
(0.70298 0.0430094 0)
(0.699361 0.0416827 0)
(0.695521 0.0440371 0)
(0.689323 0.0484611 0)
(0.682165 0.0537208 0)
(0.675832 0.0576664 0)
(0.671646 0.0579661 0)
(0.668783 0.0571299 0)
(0.667022 0.0552259 0)
(0.665098 0.0531995 0)
(0.662475 0.0525292 0)
(0.658276 0.0539746 0)
(0.652882 0.0575317 0)
(0.647219 0.0619189 0)
(0.642123 0.0643117 0)
(0.637901 0.0636504 0)
(0.634138 0.0617173 0)
(0.629469 0.0601979 0)
(0.624601 0.0596706 0)
(0.620216 0.0605952 0)
(0.617294 0.0635376 0)
(0.614069 0.0675583 0)
(0.609142 0.0700025 0)
(0.603212 0.0699622 0)
(0.59676 0.0689737 0)
(0.591221 0.0680226 0)
(0.587185 0.0682191 0)
(0.58408 0.0698635 0)
(0.579919 0.0721485 0)
(0.573418 0.0744398 0)
(0.564563 0.0760162 0)
(0.5569 0.0767355 0)
(0.552963 0.0780668 0)
(0.551538 0.079743 0)
(0.550396 0.0821422 0)
(0.54792 0.084807 0)
(0.542789 0.0869631 0)
(0.535712 0.0891053 0)
(0.528047 0.0907873 0)
(0.520757 0.0919567 0)
(0.515145 0.0932835 0)
(0.512651 0.0951479 0)
(0.51065 0.0976251 0)
(0.505992 0.100397 0)
(0.498517 0.103736 0)
(0.489709 0.106222 0)
(0.481312 0.108275 0)
(0.475266 0.110811 0)
(0.471504 0.112658 0)
(0.468469 0.115009 0)
(0.462883 0.117314 0)
(0.454088 0.120759 0)
(0.441021 0.123811 0)
(0.42947 0.12634 0)
(0.422976 0.129462 0)
(0.420263 0.132878 0)
(0.417784 0.136042 0)
(0.413825 0.139287 0)
(0.407688 0.142402 0)
(0.399663 0.146562 0)
(0.387712 0.150285 0)
(0.375172 0.153757 0)
(0.365085 0.156972 0)
(0.358078 0.160623 0)
(0.351983 0.164388 0)
(0.344774 0.168547 0)
(0.336895 0.17198 0)
(0.328173 0.175795 0)
(0.318598 0.179544 0)
(0.307874 0.184141 0)
(0.294295 0.188318 0)
(0.279192 0.193582 0)
(0.26521 0.198953 0)
(0.254309 0.204045 0)
(0.247144 0.209936 0)
(0.239493 0.214561 0)
(0.230396 0.219675 0)
(0.218525 0.22528 0)
(0.205444 0.231273 0)
(0.191947 0.237734 0)
(0.178411 0.242858 0)
(0.164485 0.248056 0)
(0.148448 0.252216 0)
(0.13057 0.256424 0)
(0.112248 0.261541 0)
(0.0937956 0.265935 0)
(0.076996 0.270537 0)
(0.0600607 0.273377 0)
(0.0429288 0.2769 0)
(0.0253786 0.276013 0)
(0.00847855 0.280258 0)
(1.5 -5.49667e-17 0)
(1.43669 0.0232021 0)
(0.838003 0.0568439 0)
(0.706615 0.0521284 0)
(0.706843 0.0469914 0)
(0.705065 0.0444842 0)
(0.700979 0.0449885 0)
(0.695641 0.0485147 0)
(0.688408 0.0536158 0)
(0.681374 0.0587342 0)
(0.676324 0.0612159 0)
(0.673101 0.060863 0)
(0.670808 0.0596773 0)
(0.669079 0.057254 0)
(0.666863 0.0555616 0)
(0.66379 0.0554678 0)
(0.658906 0.0576988 0)
(0.65274 0.0618618 0)
(0.647084 0.0660069 0)
(0.642298 0.0671414 0)
(0.638811 0.0658638 0)
(0.635244 0.0639829 0)
(0.630818 0.0627677 0)
(0.62596 0.0626172 0)
(0.621762 0.0643096 0)
(0.618893 0.0677984 0)
(0.615185 0.0716968 0)
(0.610127 0.0733261 0)
(0.604183 0.0727971 0)
(0.597631 0.0718967 0)
(0.592148 0.0713146 0)
(0.588372 0.071947 0)
(0.585376 0.0736222 0)
(0.581067 0.0756264 0)
(0.574573 0.0775231 0)
(0.566156 0.079131 0)
(0.559272 0.0803077 0)
(0.555514 0.0819747 0)
(0.553805 0.0841007 0)
(0.552541 0.0867517 0)
(0.55004 0.089489 0)
(0.544975 0.0916128 0)
(0.537823 0.0935881 0)
(0.529694 0.0950521 0)
(0.52202 0.0961866 0)
(0.516773 0.0980751 0)
(0.515089 0.100333 0)
(0.513494 0.103101 0)
(0.50903 0.105834 0)
(0.501636 0.109088 0)
(0.492442 0.111415 0)
(0.483485 0.113407 0)
(0.477442 0.11637 0)
(0.473987 0.118734 0)
(0.471143 0.121259 0)
(0.465676 0.123299 0)
(0.457009 0.126362 0)
(0.444097 0.129383 0)
(0.432796 0.132137 0)
(0.426414 0.135567 0)
(0.423732 0.13935 0)
(0.421236 0.142614 0)
(0.417426 0.145929 0)
(0.411414 0.148905 0)
(0.403249 0.152939 0)
(0.391494 0.156727 0)
(0.379024 0.160384 0)
(0.368973 0.16389 0)
(0.362105 0.167943 0)
(0.355934 0.171743 0)
(0.348659 0.176092 0)
(0.34081 0.179505 0)
(0.332157 0.18352 0)
(0.322906 0.187554 0)
(0.312514 0.19254 0)
(0.299509 0.197271 0)
(0.284747 0.202693 0)
(0.270956 0.208558 0)
(0.259888 0.213924 0)
(0.252516 0.220036 0)
(0.2449 0.225184 0)
(0.236021 0.230749 0)
(0.224768 0.237134 0)
(0.211607 0.243446 0)
(0.198118 0.250749 0)
(0.183925 0.256358 0)
(0.169436 0.262173 0)
(0.1531 0.267232 0)
(0.13518 0.272216 0)
(0.116996 0.278191 0)
(0.0980775 0.283282 0)
(0.080394 0.28816 0)
(0.0622618 0.2913 0)
(0.0439886 0.29508 0)
(0.0255033 0.293957 0)
(0.008531 0.29849 0)
(1.5 1.94679e-16 0)
(1.46654 0.016237 0)
(0.861585 0.0574746 0)
(0.709751 0.0524523 0)
(0.709208 0.0471926 0)
(0.706951 0.0468755 0)
(0.701629 0.0488508 0)
(0.694982 0.0533705 0)
(0.687383 0.0588284 0)
(0.681137 0.0632245 0)
(0.677575 0.0642291 0)
(0.674863 0.0636419 0)
(0.673006 0.0616555 0)
(0.671032 0.0592647 0)
(0.668458 0.0579252 0)
(0.664571 0.0586305 0)
(0.658775 0.0617765 0)
(0.652448 0.0663407 0)
(0.647005 0.0696283 0)
(0.642938 0.0695545 0)
(0.640038 0.0679594 0)
(0.636504 0.0663448 0)
(0.632175 0.0655177 0)
(0.627222 0.0659196 0)
(0.623189 0.0684518 0)
(0.620033 0.0724153 0)
(0.615962 0.0756367 0)
(0.611104 0.0762351 0)
(0.605288 0.0753504 0)
(0.598761 0.0747295 0)
(0.593299 0.074688 0)
(0.589468 0.0758475 0)
(0.586289 0.0776745 0)
(0.582002 0.079323 0)
(0.575808 0.0808664 0)
(0.568403 0.0823745 0)
(0.562339 0.083908 0)
(0.558462 0.0858175 0)
(0.556317 0.0883599 0)
(0.554826 0.0913048 0)
(0.55221 0.0940756 0)
(0.547138 0.0961784 0)
(0.539819 0.0979528 0)
(0.531379 0.0992601 0)
(0.523659 0.100459 0)
(0.519131 0.102962 0)
(0.517933 0.105641 0)
(0.516431 0.108647 0)
(0.511983 0.111373 0)
(0.504428 0.114369 0)
(0.494888 0.116544 0)
(0.485763 0.118412 0)
(0.480115 0.121832 0)
(0.47675 0.124643 0)
(0.473869 0.127257 0)
(0.468035 0.1291 0)
(0.459591 0.131729 0)
(0.447073 0.134685 0)
(0.436467 0.137689 0)
(0.430187 0.141325 0)
(0.427407 0.145534 0)
(0.424758 0.148992 0)
(0.420958 0.152381 0)
(0.414952 0.155112 0)
(0.406829 0.158896 0)
(0.395293 0.162612 0)
(0.383199 0.16649 0)
(0.373267 0.1703 0)
(0.366442 0.17481 0)
(0.359825 0.178674 0)
(0.352687 0.183257 0)
(0.344782 0.186694 0)
(0.336513 0.19098 0)
(0.32762 0.195385 0)
(0.317585 0.200703 0)
(0.305111 0.206002 0)
(0.290576 0.211464 0)
(0.276968 0.217721 0)
(0.265835 0.223426 0)
(0.258311 0.22983 0)
(0.25092 0.235704 0)
(0.242227 0.241735 0)
(0.231681 0.249002 0)
(0.21833 0.255556 0)
(0.204896 0.263527 0)
(0.190031 0.269783 0)
(0.175125 0.276327 0)
(0.158769 0.282451 0)
(0.141019 0.288392 0)
(0.122836 0.295143 0)
(0.103565 0.300952 0)
(0.0848272 0.306212 0)
(0.0654176 0.309708 0)
(0.0459079 0.313898 0)
(0.0263068 0.312772 0)
(0.0089035 0.31764 0)
(1.5 1.08208e-17 0)
(1.48881 0.00672766 0)
(0.890669 0.0575032 0)
(0.714677 0.0534166 0)
(0.711038 0.0484242 0)
(0.707971 0.0499955 0)
(0.701393 0.0534411 0)
(0.694156 0.0586577 0)
(0.686766 0.0639592 0)
(0.68195 0.0668733 0)
(0.679142 0.0667938 0)
(0.677017 0.0656097 0)
(0.675299 0.0631205 0)
(0.673044 0.0609686 0)
(0.669812 0.0603503 0)
(0.664838 0.0621578 0)
(0.658316 0.0661833 0)
(0.652236 0.0707711 0)
(0.647246 0.0726112 0)
(0.644056 0.0717373 0)
(0.641343 0.0700609 0)
(0.637973 0.0687212 0)
(0.6337 0.0683115 0)
(0.628647 0.0695087 0)
(0.624605 0.0728829 0)
(0.620793 0.0770648 0)
(0.616574 0.0792321 0)
(0.611983 0.0788103 0)
(0.606485 0.0777491 0)
(0.600211 0.077379 0)
(0.594874 0.0779073 0)
(0.590732 0.0795847 0)
(0.587047 0.0817207 0)
(0.582581 0.08319 0)
(0.577068 0.0846804 0)
(0.570863 0.086162 0)
(0.565554 0.0878159 0)
(0.561562 0.0897601 0)
(0.559029 0.0926526 0)
(0.557271 0.0958711 0)
(0.554494 0.0985621 0)
(0.549373 0.100565 0)
(0.541788 0.102122 0)
(0.533109 0.103363 0)
(0.525715 0.104892 0)
(0.522027 0.10797 0)
(0.521033 0.111129 0)
(0.51932 0.114221 0)
(0.51479 0.116965 0)
(0.506896 0.119569 0)
(0.497133 0.121589 0)
(0.488316 0.123416 0)
(0.48337 0.12717 0)
(0.479744 0.130342 0)
(0.476559 0.132809 0)
(0.470086 0.134615 0)
(0.46167 0.136926 0)
(0.449997 0.13982 0)
(0.440464 0.143087 0)
(0.434342 0.146808 0)
(0.43139 0.151382 0)
(0.428442 0.155037 0)
(0.424435 0.158505 0)
(0.418184 0.161005 0)
(0.410225 0.164518 0)
(0.398989 0.168108 0)
(0.387571 0.172208 0)
(0.377907 0.176275 0)
(0.371107 0.181208 0)
(0.363845 0.185131 0)
(0.356844 0.189986 0)
(0.348903 0.193574 0)
(0.341274 0.198198 0)
(0.332767 0.203047 0)
(0.322986 0.208614 0)
(0.310905 0.214365 0)
(0.296564 0.219753 0)
(0.283254 0.226352 0)
(0.272284 0.232571 0)
(0.264751 0.239483 0)
(0.257585 0.246215 0)
(0.249063 0.252714 0)
(0.239141 0.260739 0)
(0.225774 0.267587 0)
(0.212148 0.276088 0)
(0.196932 0.283148 0)
(0.181735 0.290591 0)
(0.165418 0.297984 0)
(0.147657 0.30508 0)
(0.128905 0.312649 0)
(0.109007 0.319284 0)
(0.0889741 0.32513 0)
(0.0682484 0.329033 0)
(0.0476623 0.333721 0)
(0.0271739 0.332771 0)
(0.00927201 0.337913 0)
(1.5 3.5161e-17 0)
(1.49973 0.000654888 0)
(0.929019 0.0592475 0)
(0.720183 0.0549818 0)
(0.712039 0.0511899 0)
(0.708586 0.054305 0)
(0.700605 0.0589114 0)
(0.693331 0.0645143 0)
(0.687003 0.0686352 0)
(0.683326 0.0694978 0)
(0.680964 0.068821 0)
(0.679417 0.0666864 0)
(0.677654 0.0639983 0)
(0.674874 0.0624544 0)
(0.670749 0.0629572 0)
(0.664607 0.0661542 0)
(0.657897 0.0709141 0)
(0.652195 0.0747812 0)
(0.648046 0.0751107 0)
(0.645382 0.0738133 0)
(0.642948 0.0720878 0)
(0.639731 0.0709588 0)
(0.63538 0.0711838 0)
(0.630241 0.0733638 0)
(0.625753 0.0775586 0)
(0.621093 0.0814934 0)
(0.616806 0.0824436 0)
(0.612749 0.0812227 0)
(0.607702 0.080116 0)
(0.601952 0.0799612 0)
(0.596792 0.0809843 0)
(0.592072 0.0831065 0)
(0.587685 0.0855686 0)
(0.583208 0.0872748 0)
(0.578667 0.0888724 0)
(0.573529 0.0902514 0)
(0.568784 0.091765 0)
(0.564769 0.0937845 0)
(0.561932 0.0970013 0)
(0.559785 0.100496 0)
(0.556696 0.10302 0)
(0.551441 0.104844 0)
(0.543549 0.106162 0)
(0.534923 0.107421 0)
(0.528259 0.109494 0)
(0.525508 0.11302 0)
(0.524426 0.116627 0)
(0.522252 0.119639 0)
(0.517552 0.122398 0)
(0.509206 0.124623 0)
(0.499365 0.126517 0)
(0.491193 0.128589 0)
(0.4869 0.132442 0)
(0.482828 0.135806 0)
(0.478984 0.137908 0)
(0.472145 0.139638 0)
(0.463549 0.14186 0)
(0.453119 0.144839 0)
(0.444759 0.148411 0)
(0.43879 0.152108 0)
(0.435607 0.156937 0)
(0.432156 0.160758 0)
(0.427785 0.164198 0)
(0.421045 0.166541 0)
(0.413356 0.169762 0)
(0.402677 0.173264 0)
(0.392153 0.177596 0)
(0.382876 0.181895 0)
(0.376107 0.18717 0)
(0.36812 0.191141 0)
(0.361134 0.196189 0)
(0.353365 0.200127 0)
(0.34651 0.205103 0)
(0.338424 0.210374 0)
(0.328702 0.216087 0)
(0.316815 0.222141 0)
(0.302762 0.227433 0)
(0.290009 0.234379 0)
(0.279548 0.241354 0)
(0.272113 0.249018 0)
(0.264939 0.256638 0)
(0.25656 0.263619 0)
(0.247062 0.272215 0)
(0.233686 0.279486 0)
(0.220042 0.288512 0)
(0.204729 0.296611 0)
(0.189463 0.305172 0)
(0.173359 0.313877 0)
(0.155676 0.321964 0)
(0.136511 0.330258 0)
(0.116113 0.337783 0)
(0.0948468 0.344492 0)
(0.0727316 0.349126 0)
(0.0509108 0.354611 0)
(0.0291213 0.354133 0)
(0.0100374 0.359527 0)
(1.5 -7.22329e-17 0)
(1.5 3.79218e-06 0)
(0.977486 0.0594313 0)
(0.726259 0.0553767 0)
(0.711653 0.05475 0)
(0.707335 0.0596507 0)
(0.699206 0.0648862 0)
(0.692842 0.0700407 0)
(0.687775 0.0719357 0)
(0.684873 0.0714429 0)
(0.683192 0.0697635 0)
(0.681926 0.0669198 0)
(0.679796 0.0646349 0)
(0.676363 0.0641436 0)
(0.670951 0.0661978 0)
(0.664172 0.070607 0)
(0.657582 0.0757284 0)
(0.652537 0.0780544 0)
(0.649331 0.077367 0)
(0.647047 0.0758313 0)
(0.644754 0.0740876 0)
(0.641566 0.0733442 0)
(0.637044 0.074369 0)
(0.631883 0.0775306 0)
(0.626453 0.0821118 0)
(0.62123 0.0853422 0)
(0.616957 0.0852328 0)
(0.613677 0.083626 0)
(0.609201 0.0826064 0)
(0.603989 0.0826753 0)
(0.59881 0.0840335 0)
(0.593479 0.0865024 0)
(0.588369 0.0892991 0)
(0.58429 0.0915271 0)
(0.580759 0.0932652 0)
(0.576322 0.0943384 0)
(0.571944 0.0957632 0)
(0.567986 0.0979108 0)
(0.564953 0.101384 0)
(0.562299 0.105128 0)
(0.5587 0.107455 0)
(0.55325 0.109037 0)
(0.545157 0.110135 0)
(0.537057 0.111517 0)
(0.531522 0.114135 0)
(0.529452 0.117997 0)
(0.528003 0.121994 0)
(0.525118 0.124835 0)
(0.520074 0.127522 0)
(0.51131 0.129494 0)
(0.501668 0.131362 0)
(0.494347 0.133938 0)
(0.490344 0.137685 0)
(0.485887 0.140871 0)
(0.481118 0.142589 0)
(0.474051 0.144117 0)
(0.465727 0.146504 0)
(0.456618 0.14978 0)
(0.449184 0.153552 0)
(0.443347 0.157309 0)
(0.439889 0.162281 0)
(0.43569 0.166177 0)
(0.4309 0.169361 0)
(0.423663 0.17155 0)
(0.416189 0.174552 0)
(0.406517 0.178131 0)
(0.397021 0.182744 0)
(0.388079 0.18733 0)
(0.381258 0.192749 0)
(0.372638 0.196716 0)
(0.365514 0.201792 0)
(0.358353 0.206275 0)
(0.352134 0.211599 0)
(0.344407 0.2173 0)
(0.334485 0.223101 0)
(0.32259 0.22936 0)
(0.309067 0.234688 0)
(0.297288 0.242025 0)
(0.287713 0.249927 0)
(0.280346 0.258502 0)
(0.272787 0.266969 0)
(0.264476 0.274467 0)
(0.255176 0.283433 0)
(0.242029 0.29132 0)
(0.228778 0.300912 0)
(0.213765 0.310236 0)
(0.198616 0.320035 0)
(0.182567 0.33005 0)
(0.164425 0.339112 0)
(0.144769 0.348344 0)
(0.12326 0.357118 0)
(0.100525 0.365085 0)
(0.0768911 0.370834 0)
(0.0538125 0.377291 0)
(0.030819 0.377396 0)
(0.0105787 0.382921 0)
(1.5 -1.94982e-16 0)
(1.5 1.10739e-09 0)
(1.03132 0.0586835 0)
(0.732897 0.0569247 0)
(0.710263 0.0590291 0)
(0.705801 0.0648791 0)
(0.698725 0.0703085 0)
(0.693005 0.074035 0)
(0.689215 0.0739942 0)
(0.686823 0.072605 0)
(0.685651 0.0699909 0)
(0.684309 0.0670617 0)
(0.681538 0.0657576 0)
(0.677117 0.0665853 0)
(0.670813 0.0702227 0)
(0.663778 0.0755379 0)
(0.657836 0.0799276 0)
(0.653753 0.0806083 0)
(0.650936 0.0796678 0)
(0.648974 0.077944 0)
(0.646567 0.0764066 0)
(0.643252 0.0761229 0)
(0.638711 0.0780282 0)
(0.633223 0.0819214 0)
(0.626953 0.086277 0)
(0.621408 0.0884 0)
(0.617711 0.0876619 0)
(0.614744 0.0862604 0)
(0.61082 0.0854761 0)
(0.605997 0.0857334 0)
(0.600609 0.087277 0)
(0.594637 0.0899684 0)
(0.589333 0.0931932 0)
(0.585999 0.0959674 0)
(0.583191 0.0975764 0)
(0.579194 0.0984888 0)
(0.575 0.0999144 0)
(0.571136 0.102171 0)
(0.56803 0.105706 0)
(0.564807 0.109576 0)
(0.560507 0.11179 0)
(0.554816 0.113144 0)
(0.546769 0.114178 0)
(0.539641 0.115826 0)
(0.535424 0.118846 0)
(0.533623 0.122865 0)
(0.531592 0.127045 0)
(0.527883 0.129734 0)
(0.522313 0.132246 0)
(0.51336 0.134135 0)
(0.504242 0.136134 0)
(0.497744 0.139137 0)
(0.493679 0.142713 0)
(0.488759 0.145412 0)
(0.482931 0.146815 0)
(0.475863 0.148274 0)
(0.468311 0.151034 0)
(0.460561 0.154565 0)
(0.453671 0.158473 0)
(0.447943 0.162392 0)
(0.444157 0.167326 0)
(0.439126 0.171121 0)
(0.433609 0.173893 0)
(0.426175 0.175871 0)
(0.418971 0.178833 0)
(0.410864 0.182663 0)
(0.402354 0.187528 0)
(0.393577 0.192584 0)
(0.386163 0.197957 0)
(0.377333 0.201826 0)
(0.370018 0.206834 0)
(0.363884 0.212141 0)
(0.358106 0.217786 0)
(0.35067 0.223639 0)
(0.340422 0.229423 0)
(0.328496 0.235802 0)
(0.315813 0.241488 0)
(0.305442 0.24933 0)
(0.296935 0.258203 0)
(0.289551 0.267739 0)
(0.281238 0.276958 0)
(0.272965 0.284987 0)
(0.263707 0.294095 0)
(0.251316 0.302813 0)
(0.238844 0.313066 0)
(0.224474 0.323877 0)
(0.209401 0.335068 0)
(0.192978 0.346425 0)
(0.174609 0.356518 0)
(0.154635 0.366694 0)
(0.132698 0.37663 0)
(0.109013 0.386207 0)
(0.0838719 0.393666 0)
(0.059056 0.401559 0)
(0.0339572 0.402632 0)
(0.0116945 0.408418 0)
(1.5 -5.96361e-17 0)
(1.5 2.04424e-14 0)
(1.08894 0.0582516 0)
(0.740521 0.0600502 0)
(0.709068 0.0638114 0)
(0.704834 0.0699712 0)
(0.698628 0.0749062 0)
(0.694107 0.0763865 0)
(0.691022 0.0753719 0)
(0.689303 0.0731269 0)
(0.688295 0.0699335 0)
(0.68633 0.0678025 0)
(0.68267 0.0676666 0)
(0.677142 0.0702444 0)
(0.670452 0.0750807 0)
(0.663974 0.0802896 0)
(0.659068 0.0830405 0)
(0.655495 0.0828994 0)
(0.652963 0.0817023 0)
(0.650902 0.0800157 0)
(0.648278 0.0789207 0)
(0.644726 0.079435 0)
(0.640166 0.0821714 0)
(0.633939 0.0863403 0)
(0.62739 0.0898229 0)
(0.622153 0.0907912 0)
(0.618958 0.0899845 0)
(0.616121 0.089034 0)
(0.612525 0.0886366 0)
(0.607687 0.0891573 0)
(0.601799 0.0909426 0)
(0.595637 0.0938337 0)
(0.590898 0.0974091 0)
(0.588399 0.100177 0)
(0.585808 0.101738 0)
(0.582055 0.102709 0)
(0.577882 0.104201 0)
(0.57408 0.10665 0)
(0.570738 0.110092 0)
(0.567189 0.113772 0)
(0.562307 0.115897 0)
(0.556236 0.11716 0)
(0.54883 0.118403 0)
(0.542892 0.12043 0)
(0.53961 0.123712 0)
(0.537707 0.127696 0)
(0.535018 0.131628 0)
(0.530572 0.134228 0)
(0.524287 0.136607 0)
(0.515596 0.13854 0)
(0.507212 0.140782 0)
(0.501243 0.143944 0)
(0.496784 0.147299 0)
(0.491227 0.149437 0)
(0.484467 0.15059 0)
(0.47774 0.152339 0)
(0.471337 0.155382 0)
(0.464888 0.159034 0)
(0.458253 0.163117 0)
(0.452534 0.167323 0)
(0.448256 0.171988 0)
(0.44237 0.175445 0)
(0.435836 0.177774 0)
(0.428416 0.179631 0)
(0.42208 0.182759 0)
(0.415681 0.186718 0)
(0.408004 0.19199 0)
(0.399255 0.197519 0)
(0.390807 0.2027 0)
(0.381804 0.206603 0)
(0.374846 0.211695 0)
(0.369836 0.217534 0)
(0.364449 0.223316 0)
(0.357043 0.229323 0)
(0.346273 0.235145 0)
(0.334586 0.241688 0)
(0.323083 0.24817 0)
(0.31442 0.256619 0)
(0.306927 0.266355 0)
(0.299469 0.276656 0)
(0.290188 0.286574 0)
(0.281789 0.295187 0)
(0.272449 0.304353 0)
(0.261482 0.314136 0)
(0.250076 0.325218 0)
(0.236652 0.337661 0)
(0.221372 0.350279 0)
(0.204432 0.363039 0)
(0.185575 0.374415 0)
(0.165031 0.385935 0)
(0.142281 0.397645 0)
(0.117519 0.409548 0)
(0.0905445 0.419215 0)
(0.0636745 0.428687 0)
(0.0364805 0.430888 0)
(0.0123332 0.43694 0)
(1.5 -6.81575e-17 0)
(1.5 -6.93023e-18 0)
(1.14912 0.0575075 0)
(0.749683 0.0635518 0)
(0.708213 0.0690665 0)
(0.703913 0.0753464 0)
(0.698941 0.0785392 0)
(0.695709 0.0779487 0)
(0.693396 0.0762885 0)
(0.692157 0.0731501 0)
(0.690777 0.0704103 0)
(0.687672 0.0695037 0)
(0.682974 0.0710312 0)
(0.676453 0.0749688 0)
(0.669932 0.0802225 0)
(0.664651 0.0844057 0)
(0.660917 0.085299 0)
(0.657836 0.084596 0)
(0.655283 0.0832857 0)
(0.652782 0.0818949 0)
(0.649757 0.0815324 0)
(0.646069 0.0831962 0)
(0.640877 0.0867057 0)
(0.634115 0.0903824 0)
(0.627839 0.0926816 0)
(0.623499 0.0929238 0)
(0.620681 0.0922359 0)
(0.617938 0.0918349 0)
(0.614313 0.0918642 0)
(0.608914 0.0927592 0)
(0.602538 0.0948813 0)
(0.596947 0.0980646 0)
(0.593381 0.101568 0)
(0.591347 0.104276 0)
(0.588809 0.105596 0)
(0.585177 0.106764 0)
(0.580785 0.108485 0)
(0.576774 0.111256 0)
(0.573071 0.114635 0)
(0.569358 0.11782 0)
(0.564123 0.119679 0)
(0.558069 0.121101 0)
(0.551633 0.122923 0)
(0.546586 0.12541 0)
(0.543563 0.128912 0)
(0.541363 0.132675 0)
(0.538054 0.135906 0)
(0.533007 0.13834 0)
(0.526322 0.140641 0)
(0.518178 0.142736 0)
(0.510449 0.145286 0)
(0.504521 0.148418 0)
(0.499445 0.151381 0)
(0.493108 0.152963 0)
(0.485888 0.154109 0)
(0.479765 0.156294 0)
(0.47479 0.159408 0)
(0.469461 0.163281 0)
(0.463006 0.16739 0)
(0.45716 0.171841 0)
(0.452061 0.176094 0)
(0.44535 0.179039 0)
(0.437672 0.180953 0)
(0.430643 0.182911 0)
(0.425739 0.186174 0)
(0.420837 0.190513 0)
(0.41382 0.196112 0)
(0.405013 0.201831 0)
(0.395431 0.206714 0)
(0.386304 0.210983 0)
(0.380142 0.216383 0)
(0.376081 0.222296 0)
(0.370987 0.228295 0)
(0.363503 0.234259 0)
(0.352333 0.240198 0)
(0.341276 0.247013 0)
(0.331366 0.254544 0)
(0.324371 0.263695 0)
(0.317722 0.274224 0)
(0.30983 0.28504 0)
(0.300123 0.295414 0)
(0.29115 0.304749 0)
(0.281781 0.314105 0)
(0.272888 0.324974 0)
(0.262829 0.337047 0)
(0.250565 0.351044 0)
(0.234979 0.365171 0)
(0.217565 0.379571 0)
(0.198197 0.392669 0)
(0.177699 0.405815 0)
(0.155293 0.419312 0)
(0.130641 0.433538 0)
(0.102296 0.445987 0)
(0.0727716 0.457891 0)
(0.041915 0.462205 0)
(0.014326 0.469152 0)
(1.5 4.77055e-17 0)
(1.5 1.36802e-16 0)
(1.2111 0.0561297 0)
(0.759101 0.0672205 0)
(0.708391 0.0750821 0)
(0.704247 0.0805229 0)
(0.700689 0.0806416 0)
(0.697806 0.0794682 0)
(0.696215 0.0764032 0)
(0.694908 0.0732964 0)
(0.692446 0.0718683 0)
(0.688488 0.0725261 0)
(0.682497 0.075663 0)
(0.675533 0.0803277 0)
(0.670123 0.0851384 0)
(0.666274 0.0871702 0)
(0.663292 0.0868254 0)
(0.660501 0.0857737 0)
(0.657669 0.084327 0)
(0.654491 0.0835465 0)
(0.651095 0.0843714 0)
(0.646893 0.0873248 0)
(0.640709 0.0909302 0)
(0.633989 0.0938794 0)
(0.62877 0.0951199 0)
(0.625456 0.0948351 0)
(0.62298 0.0944435 0)
(0.620247 0.0943906 0)
(0.616171 0.0949076 0)
(0.609911 0.0963234 0)
(0.603398 0.0990724 0)
(0.598765 0.102639 0)
(0.596332 0.105921 0)
(0.594517 0.108131 0)
(0.592002 0.109202 0)
(0.588367 0.110735 0)
(0.583573 0.112797 0)
(0.5792 0.115874 0)
(0.575273 0.119201 0)
(0.571383 0.121767 0)
(0.566099 0.123304 0)
(0.560624 0.125091 0)
(0.555228 0.127609 0)
(0.550526 0.130504 0)
(0.54723 0.134154 0)
(0.544577 0.137685 0)
(0.540643 0.140054 0)
(0.535237 0.142183 0)
(0.528699 0.144412 0)
(0.52123 0.146734 0)
(0.513855 0.149535 0)
(0.507465 0.15259 0)
(0.501564 0.155003 0)
(0.494436 0.156139 0)
(0.487552 0.157483 0)
(0.482181 0.159856 0)
(0.478707 0.163241 0)
(0.474134 0.167297 0)
(0.467776 0.171364 0)
(0.461596 0.175877 0)
(0.455295 0.179671 0)
(0.447783 0.181985 0)
(0.439148 0.183596 0)
(0.433025 0.186049 0)
(0.429919 0.189451 0)
(0.426166 0.194106 0)
(0.419645 0.199759 0)
(0.410704 0.205371 0)
(0.400189 0.209999 0)
(0.391056 0.214968 0)
(0.385887 0.220837 0)
(0.382292 0.226816 0)
(0.377615 0.232638 0)
(0.36985 0.238411 0)
(0.358669 0.244722 0)
(0.348709 0.25216 0)
(0.340566 0.260778 0)
(0.334991 0.270658 0)
(0.329039 0.28171 0)
(0.320529 0.292975 0)
(0.310561 0.303645 0)
(0.300818 0.313873 0)
(0.2917 0.323871 0)
(0.285099 0.335715 0)
(0.276734 0.348809 0)
(0.265726 0.364019 0)
(0.250282 0.379648 0)
(0.23238 0.395911 0)
(0.212462 0.411306 0)
(0.191939 0.426884 0)
(0.169515 0.443211 0)
(0.144006 0.460874 0)
(0.113457 0.477326 0)
(0.0808128 0.492376 0)
(0.04662 0.499441 0)
(0.0152586 0.507325 0)
(1.5 9.81981e-18 0)
(1.5 -7.64688e-17 0)
(1.27479 0.0535341 0)
(0.773118 0.0725171 0)
(0.708152 0.0817567 0)
(0.704112 0.083464 0)
(0.701784 0.0826614 0)
(0.700576 0.0798549 0)
(0.699279 0.0762933 0)
(0.696878 0.074415 0)
(0.693304 0.0744149 0)
(0.68804 0.0769404 0)
(0.680996 0.0809732 0)
(0.674768 0.085779 0)
(0.670707 0.0889055 0)
(0.668117 0.0889094 0)
(0.665943 0.0878755 0)
(0.663359 0.0862103 0)
(0.659974 0.0851538 0)
(0.656089 0.085402 0)
(0.652153 0.0876831 0)
(0.646698 0.0912171 0)
(0.640059 0.0945585 0)
(0.634315 0.0969226 0)
(0.630416 0.0971975 0)
(0.627824 0.0968231 0)
(0.625578 0.096461 0)
(0.622517 0.0967793 0)
(0.617543 0.0977866 0)
(0.610661 0.100071 0)
(0.60442 0.103679 0)
(0.600873 0.107411 0)
(0.599241 0.110288 0)
(0.597542 0.111612 0)
(0.595151 0.112646 0)
(0.591527 0.114501 0)
(0.586306 0.116885 0)
(0.581468 0.120276 0)
(0.577305 0.123624 0)
(0.573128 0.125703 0)
(0.568138 0.127128 0)
(0.563694 0.12934 0)
(0.559232 0.132272 0)
(0.55454 0.135487 0)
(0.550555 0.139182 0)
(0.547216 0.142398 0)
(0.542603 0.14414 0)
(0.53708 0.145926 0)
(0.531242 0.148034 0)
(0.524528 0.150607 0)
(0.51717 0.153568 0)
(0.50991 0.156521 0)
(0.502725 0.158327 0)
(0.495498 0.15911 0)
(0.489469 0.160489 0)
(0.485342 0.163255 0)
(0.482828 0.166869 0)
(0.478725 0.170991 0)
(0.47237 0.175016 0)
(0.465612 0.179332 0)
(0.458127 0.182469 0)
(0.449525 0.184233 0)
(0.440923 0.185945 0)
(0.43612 0.188584 0)
(0.434643 0.192278 0)
(0.431542 0.197158 0)
(0.425328 0.202776 0)
(0.416111 0.208174 0)
(0.40524 0.212748 0)
(0.396344 0.218626 0)
(0.392163 0.22492 0)
(0.388381 0.230911 0)
(0.383945 0.236458 0)
(0.375817 0.241956 0)
(0.365551 0.248712 0)
(0.35721 0.256948 0)
(0.350717 0.266541 0)
(0.346184 0.277294 0)
(0.340494 0.288657 0)
(0.331782 0.300154 0)
(0.321464 0.310972 0)
(0.311303 0.322126 0)
(0.30298 0.333226 0)
(0.298262 0.345998 0)
(0.291765 0.360099 0)
(0.28215 0.376247 0)
(0.267461 0.39331 0)
(0.249343 0.411531 0)
(0.229549 0.429914 0)
(0.209708 0.44866 0)
(0.188517 0.468187 0)
(0.163645 0.489025 0)
(0.13322 0.509549 0)
(0.0982723 0.529494 0)
(0.058718 0.542184 0)
(0.0200448 0.553001 0)
(1.5 8.04498e-18 0)
(1.5 -5.38093e-17 0)
(1.33692 0.0506173 0)
(0.793189 0.0825879 0)
(0.706481 0.0855175 0)
(0.705411 0.084928 0)
(0.704696 0.0822637 0)
(0.70401 0.078865 0)
(0.701898 0.0768772 0)
(0.698288 0.0765689 0)
(0.693346 0.0785012 0)
(0.686609 0.0820246 0)
(0.67977 0.0864945 0)
(0.675055 0.0902952 0)
(0.672258 0.0909706 0)
(0.67067 0.0900135 0)
(0.668823 0.0881639 0)
(0.666032 0.0867311 0)
(0.661999 0.0864939 0)
(0.657524 0.0879705 0)
(0.652386 0.0912736 0)
(0.64619 0.0948727 0)
(0.640244 0.0980043 0)
(0.635915 0.0994064 0)
(0.632913 0.099192 0)
(0.630635 0.0987419 0)
(0.628207 0.0986036 0)
(0.624498 0.0990851 0)
(0.618654 0.10091 0)
(0.611482 0.104392 0)
(0.605902 0.108692 0)
(0.603392 0.11216 0)
(0.602233 0.114095 0)
(0.600713 0.114798 0)
(0.598446 0.115862 0)
(0.594764 0.117922 0)
(0.58907 0.120741 0)
(0.583554 0.1245 0)
(0.579046 0.127903 0)
(0.574572 0.129734 0)
(0.570474 0.131306 0)
(0.567191 0.133746 0)
(0.563518 0.136764 0)
(0.558666 0.140175 0)
(0.553698 0.143807 0)
(0.549176 0.146577 0)
(0.543973 0.148007 0)
(0.538699 0.149602 0)
(0.533763 0.15168 0)
(0.52797 0.154235 0)
(0.520437 0.157358 0)
(0.511952 0.159971 0)
(0.503739 0.161202 0)
(0.496741 0.161964 0)
(0.491741 0.163749 0)
(0.488844 0.166815 0)
(0.486749 0.170471 0)
(0.482993 0.174475 0)
(0.476643 0.178403 0)
(0.469082 0.182252 0)
(0.460401 0.18469 0)
(0.450812 0.186082 0)
(0.443025 0.187932 0)
(0.440008 0.190959 0)
(0.439473 0.195224 0)
(0.436634 0.200117 0)
(0.430679 0.20552 0)
(0.42128 0.210593 0)
(0.41066 0.215517 0)
(0.402425 0.221809 0)
(0.39873 0.228549 0)
(0.394351 0.234638 0)
(0.389871 0.239931 0)
(0.381582 0.245074 0)
(0.37326 0.252377 0)
(0.366889 0.261442 0)
(0.361711 0.271844 0)
(0.357863 0.283342 0)
(0.351939 0.294971 0)
(0.343291 0.306714 0)
(0.332638 0.317824 0)
(0.322619 0.329993 0)
(0.31539 0.342452 0)
(0.311987 0.356269 0)
(0.307422 0.371275 0)
(0.299418 0.388078 0)
(0.286092 0.406281 0)
(0.268703 0.426405 0)
(0.249821 0.448206 0)
(0.230726 0.47108 0)
(0.209936 0.495032 0)
(0.184467 0.521045 0)
(0.152572 0.548877 0)
(0.114647 0.577421 0)
(0.0700976 0.599382 0)
(0.0220514 0.614234 0)
(1.5 -1.18288e-16 0)
(1.5 2.17986e-16 0)
(1.40059 0.0448841 0)
(0.819384 0.094554 0)
(0.708545 0.0880642 0)
(0.708352 0.0848805 0)
(0.708633 0.0808367 0)
(0.707057 0.0786118 0)
(0.704091 0.0786802 0)
(0.699331 0.0802832 0)
(0.693198 0.0834285 0)
(0.686547 0.0873141 0)
(0.681235 0.0913034 0)
(0.677424 0.0930032 0)
(0.67529 0.0924245 0)
(0.673678 0.0909035 0)
(0.67152 0.0891736 0)
(0.668289 0.0882139 0)
(0.663813 0.0887204 0)
(0.658787 0.0913903 0)
(0.652977 0.0950101 0)
(0.647161 0.0985482 0)
(0.642605 0.100879 0)
(0.63921 0.101218 0)
(0.636477 0.100901 0)
(0.633937 0.100575 0)
(0.630944 0.100728 0)
(0.626257 0.101812 0)
(0.620055 0.104739 0)
(0.613357 0.109228 0)
(0.608902 0.11361 0)
(0.606972 0.116287 0)
(0.605741 0.117437 0)
(0.604331 0.117774 0)
(0.601972 0.118954 0)
(0.597897 0.121327 0)
(0.591952 0.124712 0)
(0.585975 0.128684 0)
(0.581234 0.131958 0)
(0.577093 0.133588 0)
(0.574063 0.135307 0)
(0.571656 0.137849 0)
(0.568256 0.141024 0)
(0.562885 0.144633 0)
(0.556703 0.148027 0)
(0.550894 0.150178 0)
(0.545646 0.151399 0)
(0.541267 0.153196 0)
(0.53709 0.155031 0)
(0.5319 0.157332 0)
(0.524397 0.160346 0)
(0.514618 0.162601 0)
(0.505356 0.163575 0)
(0.498936 0.164859 0)
(0.495256 0.166922 0)
(0.493151 0.170031 0)
(0.491137 0.173587 0)
(0.487527 0.177241 0)
(0.481209 0.180854 0)
(0.472809 0.184162 0)
(0.462966 0.185996 0)
(0.45288 0.187013 0)
(0.446242 0.189484 0)
(0.444997 0.192854 0)
(0.444834 0.197775 0)
(0.441847 0.202374 0)
(0.436092 0.207566 0)
(0.426713 0.212214 0)
(0.4169 0.217529 0)
(0.409573 0.224334 0)
(0.405475 0.231457 0)
(0.400466 0.237891 0)
(0.39562 0.242919 0)
(0.38763 0.247923 0)
(0.382036 0.255555 0)
(0.37766 0.265436 0)
(0.373474 0.276649 0)
(0.370046 0.288633 0)
(0.363717 0.300532 0)
(0.355304 0.31224 0)
(0.344564 0.323576 0)
(0.335534 0.336836 0)
(0.329393 0.350862 0)
(0.327004 0.365869 0)
(0.324029 0.381879 0)
(0.317613 0.399415 0)
(0.306184 0.418529 0)
(0.290966 0.440262 0)
(0.274329 0.46519 0)
(0.257051 0.492577 0)
(0.237701 0.521674 0)
(0.214741 0.553544 0)
(0.186436 0.588992 0)
(0.150659 0.627298 0)
(0.102437 0.66428 0)
(0.0352909 0.689385 0)
(1.5 -1.65228e-16 0)
(1.5 1.35957e-16 0)
(1.45745 0.0267264 0)
(0.856849 0.101083 0)
(0.712338 0.0890632 0)
(0.712568 0.0847414 0)
(0.711986 0.0814107 0)
(0.708921 0.0805913 0)
(0.705126 0.0819257 0)
(0.699985 0.0848442 0)
(0.694042 0.0882314 0)
(0.688653 0.0915506 0)
(0.684278 0.0940475 0)
(0.68098 0.0944229 0)
(0.678585 0.0935744 0)
(0.676495 0.0919524 0)
(0.673989 0.0904318 0)
(0.670408 0.0901387 0)
(0.665939 0.0918467 0)
(0.660558 0.0950061 0)
(0.654859 0.0984744 0)
(0.649971 0.101374 0)
(0.646317 0.102618 0)
(0.643398 0.102407 0)
(0.640431 0.102009 0)
(0.637275 0.102058 0)
(0.633535 0.102949 0)
(0.628493 0.105101 0)
(0.622958 0.109048 0)
(0.617477 0.11385 0)
(0.61367 0.117774 0)
(0.611319 0.120013 0)
(0.609628 0.120507 0)
(0.607985 0.120933 0)
(0.605405 0.122159 0)
(0.601211 0.124731 0)
(0.595572 0.128406 0)
(0.589508 0.132196 0)
(0.584707 0.135226 0)
(0.581173 0.137304 0)
(0.578805 0.139389 0)
(0.576647 0.141949 0)
(0.573093 0.144994 0)
(0.567076 0.148548 0)
(0.559535 0.151553 0)
(0.552787 0.153251 0)
(0.548276 0.15474 0)
(0.545167 0.156599 0)
(0.541486 0.157489 0)
(0.536143 0.158847 0)
(0.528354 0.160876 0)
(0.517822 0.163426 0)
(0.508255 0.166045 0)
(0.502442 0.167517 0)
(0.499703 0.169864 0)
(0.498218 0.172971 0)
(0.496146 0.176271 0)
(0.492237 0.179217 0)
(0.485597 0.18191 0)
(0.47635 0.184572 0)
(0.465577 0.186831 0)
(0.455688 0.188054 0)
(0.450579 0.191505 0)
(0.450454 0.195556 0)
(0.450048 0.200309 0)
(0.446715 0.204175 0)
(0.441373 0.209011 0)
(0.432271 0.213881 0)
(0.423536 0.220206 0)
(0.417243 0.227848 0)
(0.411927 0.234563 0)
(0.406886 0.240603 0)
(0.401179 0.244525 0)
(0.394428 0.249886 0)
(0.39173 0.258131 0)
(0.389312 0.269122 0)
(0.386132 0.281217 0)
(0.382733 0.293558 0)
(0.375924 0.30587 0)
(0.367541 0.317364 0)
(0.357399 0.329256 0)
(0.350119 0.343498 0)
(0.345479 0.35878 0)
(0.343769 0.374869 0)
(0.341926 0.39163 0)
(0.337122 0.409346 0)
(0.328351 0.429174 0)
(0.316781 0.453006 0)
(0.303721 0.481449 0)
(0.289047 0.513456 0)
(0.272637 0.547912 0)
(0.253625 0.58649 0)
(0.232412 0.633972 0)
(0.201792 0.694519 0)
(0.15389 0.762774 0)
(0.0870554 0.834559 0)
(1.5 -6.32824e-17 0)
(1.5 -3.12651e-16 0)
(1.49828 0.00216402 0)
(1.00736 0.0903596 0)
(0.728217 0.0934346 0)
(0.716371 0.0872798 0)
(0.713956 0.086966 0)
(0.709921 0.0883185 0)
(0.705855 0.0903818 0)
(0.701529 0.0929507 0)
(0.69726 0.0956103 0)
(0.693285 0.0971863 0)
(0.689949 0.0971021 0)
(0.68723 0.096213 0)
(0.684602 0.0954283 0)
(0.681797 0.0953898 0)
(0.678674 0.096261 0)
(0.675003 0.0980692 0)
(0.670617 0.10067 0)
(0.665591 0.103403 0)
(0.660629 0.105754 0)
(0.656447 0.107085 0)
(0.65327 0.107442 0)
(0.650502 0.10764 0)
(0.647368 0.108122 0)
(0.643792 0.109183 0)
(0.640319 0.11121 0)
(0.636567 0.114264 0)
(0.632519 0.118296 0)
(0.628451 0.122227 0)
(0.624374 0.124941 0)
(0.620633 0.126473 0)
(0.617592 0.127615 0)
(0.615136 0.128846 0)
(0.612363 0.130555 0)
(0.608899 0.133269 0)
(0.604319 0.136779 0)
(0.59912 0.140338 0)
(0.594641 0.143371 0)
(0.591353 0.145903 0)
(0.58869 0.147965 0)
(0.585515 0.149885 0)
(0.580689 0.151762 0)
(0.573899 0.154057 0)
(0.566072 0.15626 0)
(0.559696 0.158156 0)
(0.555459 0.159729 0)
(0.552441 0.160822 0)
(0.548346 0.162095 0)
(0.542108 0.163484 0)
(0.534313 0.165491 0)
(0.524854 0.167893 0)
(0.516915 0.170243 0)
(0.511228 0.172336 0)
(0.507543 0.174398 0)
(0.505625 0.176874 0)
(0.503495 0.179229 0)
(0.499867 0.180682 0)
(0.493664 0.182442 0)
(0.484235 0.184687 0)
(0.474118 0.187756 0)
(0.465933 0.191546 0)
(0.462948 0.19616 0)
(0.461941 0.19997 0)
(0.460606 0.2035 0)
(0.457559 0.206706 0)
(0.454464 0.21166 0)
(0.448244 0.217055 0)
(0.442009 0.223106 0)
(0.436357 0.230153 0)
(0.429493 0.236938 0)
(0.423589 0.244039 0)
(0.41717 0.251238 0)
(0.414871 0.259606 0)
(0.415851 0.268926 0)
(0.417756 0.279249 0)
(0.417643 0.290778 0)
(0.413661 0.302514 0)
(0.407627 0.31473 0)
(0.400278 0.327813 0)
(0.394372 0.342301 0)
(0.391223 0.358323 0)
(0.389605 0.375315 0)
(0.388685 0.39287 0)
(0.38802 0.411108 0)
(0.387439 0.430776 0)
(0.387685 0.453263 0)
(0.387147 0.479907 0)
(0.385594 0.511381 0)
(0.380033 0.546409 0)
(0.37655 0.587701 0)
(0.374467 0.636449 0)
(0.389018 0.697402 0)
(0.409119 0.773868 0)
(0.471033 0.857174 0)
(0.661096 0.966931 0)
(1.5 3.0189e-17 0)
(1.5 -1.7497e-16 0)
(1.5 7.22243e-06 0)
(1.32273 0.0559994 0)
(0.794277 0.0876022 0)
(0.717612 0.0894326 0)
(0.71689 0.0953514 0)
(0.713398 0.0995465 0)
(0.709353 0.101299 0)
(0.705453 0.10269 0)
(0.701947 0.103904 0)
(0.699168 0.104183 0)
(0.696726 0.103883 0)
(0.693956 0.103767 0)
(0.690676 0.104377 0)
(0.687018 0.105994 0)
(0.682857 0.108488 0)
(0.678699 0.11165 0)
(0.674767 0.114641 0)
(0.670925 0.116484 0)
(0.667307 0.117123 0)
(0.663927 0.11735 0)
(0.660618 0.117832 0)
(0.657262 0.11908 0)
(0.65377 0.121278 0)
(0.650228 0.124234 0)
(0.647214 0.12754 0)
(0.644797 0.130536 0)
(0.642462 0.132908 0)
(0.639663 0.134544 0)
(0.636102 0.135911 0)
(0.631589 0.137799 0)
(0.626736 0.140366 0)
(0.623037 0.143181 0)
(0.620387 0.145947 0)
(0.618163 0.148925 0)
(0.615892 0.151959 0)
(0.612683 0.154415 0)
(0.608238 0.156411 0)
(0.603037 0.158456 0)
(0.597774 0.160234 0)
(0.591958 0.161046 0)
(0.58597 0.162726 0)
(0.579965 0.164927 0)
(0.573868 0.166465 0)
(0.567657 0.167706 0)
(0.561591 0.169109 0)
(0.556172 0.170222 0)
(0.551126 0.169732 0)
(0.545953 0.169415 0)
(0.540748 0.17068 0)
(0.534964 0.172989 0)
(0.528005 0.175148 0)
(0.520987 0.176524 0)
(0.515217 0.177155 0)
(0.511421 0.177362 0)
(0.508834 0.177614 0)
(0.506404 0.178629 0)
(0.503019 0.180333 0)
(0.49803 0.183361 0)
(0.491951 0.187834 0)
(0.485722 0.192571 0)
(0.481364 0.19769 0)
(0.477573 0.201886 0)
(0.477152 0.206448 0)
(0.475508 0.210593 0)
(0.475872 0.215125 0)
(0.474265 0.220142 0)
(0.470893 0.225786 0)
(0.465671 0.233082 0)
(0.459672 0.241227 0)
(0.45391 0.248798 0)
(0.451965 0.256327 0)
(0.454037 0.264829 0)
(0.457673 0.275045 0)
(0.462512 0.285943 0)
(0.464624 0.29739 0)
(0.462417 0.308521 0)
(0.459395 0.320861 0)
(0.458238 0.334698 0)
(0.459348 0.350256 0)
(0.461368 0.367371 0)
(0.462927 0.385597 0)
(0.464188 0.404657 0)
(0.467607 0.424555 0)
(0.474933 0.445608 0)
(0.486826 0.468402 0)
(0.500379 0.493786 0)
(0.513355 0.521758 0)
(0.524784 0.552778 0)
(0.540507 0.587958 0)
(0.564114 0.628012 0)
(0.603133 0.673875 0)
(0.66796 0.729307 0)
(0.777855 0.773816 0)
(0.943588 0.803603 0)
(1.5 7.98355e-17 0)
(1.5 1.90982e-16 0)
(1.5 1.05794e-09 0)
(1.49676 0.00460729 0)
(1.00825 0.102283 0)
(0.736728 0.10217 0)
(0.721073 0.110057 0)
(0.716647 0.110655 0)
(0.712193 0.11093 0)
(0.707838 0.111085 0)
(0.704229 0.111476 0)
(0.702146 0.112082 0)
(0.700565 0.113092 0)
(0.698503 0.114584 0)
(0.695627 0.115951 0)
(0.692079 0.117439 0)
(0.687908 0.119523 0)
(0.683529 0.122361 0)
(0.679777 0.125269 0)
(0.676651 0.126824 0)
(0.673866 0.127056 0)
(0.671146 0.127208 0)
(0.668491 0.127887 0)
(0.665701 0.129524 0)
(0.662623 0.132454 0)
(0.659543 0.136328 0)
(0.65678 0.140072 0)
(0.654179 0.142566 0)
(0.652019 0.144027 0)
(0.649819 0.144949 0)
(0.647092 0.146237 0)
(0.643246 0.148416 0)
(0.638892 0.151674 0)
(0.63414 0.155446 0)
(0.630089 0.158841 0)
(0.627344 0.16139 0)
(0.625202 0.162887 0)
(0.622655 0.162804 0)
(0.618916 0.163266 0)
(0.613125 0.164527 0)
(0.605625 0.166446 0)
(0.597218 0.168597 0)
(0.589538 0.169789 0)
(0.583377 0.170476 0)
(0.577734 0.169524 0)
(0.571783 0.168347 0)
(0.565127 0.167285 0)
(0.558412 0.166297 0)
(0.55285 0.16603 0)
(0.548462 0.166148 0)
(0.544469 0.165859 0)
(0.539854 0.165481 0)
(0.533502 0.165436 0)
(0.525658 0.166064 0)
(0.518685 0.167027 0)
(0.514637 0.168366 0)
(0.513189 0.170215 0)
(0.513691 0.172444 0)
(0.514361 0.175429 0)
(0.513942 0.17891 0)
(0.510914 0.182416 0)
(0.506005 0.186836 0)
(0.500273 0.190993 0)
(0.496469 0.195283 0)
(0.496568 0.199777 0)
(0.495897 0.205052 0)
(0.497695 0.210839 0)
(0.498875 0.216948 0)
(0.498838 0.223271 0)
(0.496528 0.22988 0)
(0.493839 0.238071 0)
(0.491592 0.247731 0)
(0.49209 0.258468 0)
(0.494845 0.26924 0)
(0.499249 0.279221 0)
(0.504741 0.288753 0)
(0.507962 0.2987 0)
(0.509117 0.309493 0)
(0.511356 0.321412 0)
(0.515872 0.334501 0)
(0.522289 0.348846 0)
(0.528537 0.364148 0)
(0.533691 0.380347 0)
(0.539107 0.397905 0)
(0.547302 0.416789 0)
(0.559279 0.436814 0)
(0.575148 0.45745 0)
(0.592894 0.478666 0)
(0.613044 0.500079 0)
(0.636168 0.523183 0)
(0.665589 0.5464 0)
(0.701451 0.573877 0)
(0.748722 0.598525 0)
(0.812273 0.625597 0)
(0.900146 0.647595 0)
(1.01371 0.655269 0)
(1.5 -3.96648e-17 0)
(1.5 -1.76558e-16 0)
(1.5 2.43826e-14 0)
(1.5 3.18376e-05 0)
(1.37377 0.0497685 0)
(0.824688 0.107552 0)
(0.727315 0.118128 0)
(0.722978 0.118422 0)
(0.719481 0.117626 0)
(0.715816 0.1172 0)
(0.713139 0.117561 0)
(0.71124 0.118773 0)
(0.709527 0.121577 0)
(0.707102 0.124836 0)
(0.70355 0.126545 0)
(0.6994 0.127281 0)
(0.694702 0.128239 0)
(0.690086 0.129988 0)
(0.686563 0.132382 0)
(0.684215 0.134679 0)
(0.681829 0.136434 0)
(0.679074 0.137847 0)
(0.676253 0.1393 0)
(0.673662 0.141176 0)
(0.671342 0.143838 0)
(0.669181 0.147316 0)
(0.666782 0.150787 0)
(0.663966 0.153197 0)
(0.661016 0.154807 0)
(0.658225 0.155938 0)
(0.655578 0.157333 0)
(0.652529 0.15921 0)
(0.648754 0.161751 0)
(0.644298 0.164764 0)
(0.639581 0.167492 0)
(0.634467 0.168427 0)
(0.629469 0.168422 0)
(0.624712 0.168559 0)
(0.619754 0.168051 0)
(0.613812 0.167518 0)
(0.606629 0.167012 0)
(0.598219 0.166545 0)
(0.589 0.165369 0)
(0.58029 0.162863 0)
(0.573371 0.15956 0)
(0.567486 0.156618 0)
(0.561322 0.154621 0)
(0.555012 0.153539 0)
(0.549632 0.153409 0)
(0.546145 0.153869 0)
(0.543906 0.154075 0)
(0.541236 0.154156 0)
(0.537218 0.154393 0)
(0.53215 0.155779 0)
(0.527633 0.158629 0)
(0.525338 0.16237 0)
(0.525026 0.166436 0)
(0.527563 0.169666 0)
(0.529344 0.173121 0)
(0.53103 0.17634 0)
(0.530254 0.17938 0)
(0.526591 0.18368 0)
(0.522732 0.189692 0)
(0.521016 0.196082 0)
(0.520661 0.20249 0)
(0.521336 0.20838 0)
(0.522718 0.213897 0)
(0.525257 0.21971 0)
(0.528197 0.226559 0)
(0.530306 0.234614 0)
(0.531313 0.243249 0)
(0.531626 0.251789 0)
(0.532856 0.2603 0)
(0.535592 0.26919 0)
(0.539879 0.278627 0)
(0.545533 0.288442 0)
(0.550801 0.298981 0)
(0.555437 0.310322 0)
(0.560827 0.322071 0)
(0.568076 0.333753 0)
(0.576967 0.345596 0)
(0.586635 0.357928 0)
(0.596374 0.371053 0)
(0.606736 0.385116 0)
(0.618807 0.400044 0)
(0.63276 0.415742 0)
(0.648851 0.431566 0)
(0.666451 0.447864 0)
(0.687497 0.463477 0)
(0.712828 0.479337 0)
(0.743925 0.494183 0)
(0.781797 0.510985 0)
(0.826792 0.522038 0)
(0.880591 0.536461 0)
(0.946752 0.54216 0)
(1.00314 0.537905 0)
(1.5 7.34513e-17 0)
(1.5 -3.46348e-17 0)
(1.5 8.38319e-18 0)
(1.5 1.02123e-08 0)
(1.49865 0.00278689 0)
(1.13157 0.106078 0)
(0.760377 0.119347 0)
(0.72834 0.12542 0)
(0.725437 0.124702 0)
(0.722898 0.124828 0)
(0.720996 0.125533 0)
(0.718744 0.127771 0)
(0.716304 0.131895 0)
(0.713037 0.13605 0)
(0.709041 0.137444 0)
(0.705185 0.137043 0)
(0.701339 0.136655 0)
(0.697781 0.137311 0)
(0.695426 0.139138 0)
(0.694021 0.141923 0)
(0.692061 0.145153 0)
(0.689413 0.147837 0)
(0.686539 0.149838 0)
(0.684068 0.151744 0)
(0.68209 0.153993 0)
(0.680309 0.156752 0)
(0.678082 0.159536 0)
(0.674774 0.16202 0)
(0.670685 0.163879 0)
(0.666283 0.165217 0)
(0.66266 0.166318 0)
(0.659749 0.167946 0)
(0.655701 0.169601 0)
(0.650262 0.171102 0)
(0.643514 0.171898 0)
(0.636102 0.171503 0)
(0.628325 0.169174 0)
(0.620685 0.165457 0)
(0.6126 0.161684 0)
(0.604273 0.157994 0)
(0.595557 0.154545 0)
(0.586688 0.151136 0)
(0.577952 0.147632 0)
(0.570157 0.144263 0)
(0.564521 0.141467 0)
(0.56104 0.140125 0)
(0.558293 0.140131 0)
(0.555525 0.141283 0)
(0.552581 0.143009 0)
(0.550365 0.144867 0)
(0.548754 0.146252 0)
(0.547119 0.147893 0)
(0.545679 0.150556 0)
(0.543528 0.154083 0)
(0.542563 0.15769 0)
(0.542003 0.160872 0)
(0.542437 0.164325 0)
(0.544728 0.167981 0)
(0.546082 0.172049 0)
(0.547633 0.176141 0)
(0.547836 0.180352 0)
(0.546596 0.184761 0)
(0.545591 0.189785 0)
(0.545855 0.194997 0)
(0.546943 0.200791 0)
(0.549013 0.207327 0)
(0.551564 0.214466 0)
(0.555101 0.221636 0)
(0.55967 0.228767 0)
(0.563529 0.236228 0)
(0.565891 0.244042 0)
(0.567623 0.252247 0)
(0.569689 0.26059 0)
(0.573061 0.268895 0)
(0.578154 0.277378 0)
(0.585224 0.286124 0)
(0.592977 0.29545 0)
(0.600017 0.305237 0)
(0.60618 0.315318 0)
(0.613387 0.325289 0)
(0.622072 0.335152 0)
(0.632628 0.34479 0)
(0.64455 0.354736 0)
(0.657947 0.364866 0)
(0.67245 0.375571 0)
(0.687989 0.386551 0)
(0.704899 0.397175 0)
(0.722546 0.408888 0)
(0.742725 0.419244 0)
(0.765859 0.430769 0)
(0.793647 0.440252 0)
(0.826569 0.450162 0)
(0.863592 0.455724 0)
(0.904591 0.461019 0)
(0.945491 0.458232 0)
(0.982084 0.452331 0)
(1.5 -4.02742e-18 0)
(1.5 -7.63364e-18 0)
(1.5 1.19631e-17 0)
(1.5 3.24115e-13 0)
(1.5 1.13224e-05 0)
(1.48326 0.0153716 0)
(0.949217 0.12995 0)
(0.744467 0.137045 0)
(0.733139 0.135647 0)
(0.731032 0.134056 0)
(0.728595 0.133937 0)
(0.72618 0.135653 0)
(0.722895 0.139675 0)
(0.718863 0.143826 0)
(0.714824 0.145156 0)
(0.711711 0.144865 0)
(0.709312 0.144831 0)
(0.707603 0.145466 0)
(0.706401 0.147168 0)
(0.705277 0.150188 0)
(0.703428 0.153782 0)
(0.701023 0.15697 0)
(0.698327 0.159184 0)
(0.696012 0.160906 0)
(0.693851 0.162669 0)
(0.691444 0.164735 0)
(0.688244 0.166757 0)
(0.683978 0.168293 0)
(0.67896 0.170523 0)
(0.673575 0.172405 0)
(0.668001 0.172976 0)
(0.662433 0.172204 0)
(0.656402 0.17097 0)
(0.648395 0.169053 0)
(0.637757 0.165765 0)
(0.625245 0.160871 0)
(0.612906 0.154757 0)
(0.602422 0.148499 0)
(0.594082 0.143081 0)
(0.587412 0.138917 0)
(0.581561 0.136001 0)
(0.575955 0.133931 0)
(0.570618 0.132136 0)
(0.566127 0.131222 0)
(0.563819 0.131569 0)
(0.563532 0.132684 0)
(0.563812 0.134999 0)
(0.562987 0.137115 0)
(0.561263 0.138611 0)
(0.559538 0.14039 0)
(0.558796 0.142661 0)
(0.55844 0.145332 0)
(0.558829 0.148322 0)
(0.558924 0.151396 0)
(0.558929 0.155151 0)
(0.559007 0.159692 0)
(0.56022 0.164355 0)
(0.562094 0.168925 0)
(0.56397 0.173199 0)
(0.565604 0.177232 0)
(0.566263 0.181309 0)
(0.566547 0.186007 0)
(0.56749 0.191483 0)
(0.569476 0.19731 0)
(0.57213 0.203131 0)
(0.575678 0.208827 0)
(0.580259 0.215078 0)
(0.585224 0.222146 0)
(0.590045 0.229371 0)
(0.593105 0.236207 0)
(0.594747 0.242722 0)
(0.596653 0.249314 0)
(0.599933 0.255789 0)
(0.60486 0.262301 0)
(0.611664 0.269329 0)
(0.620832 0.277013 0)
(0.630797 0.285425 0)
(0.639029 0.29387 0)
(0.645056 0.302107 0)
(0.651808 0.31017 0)
(0.659864 0.318351 0)
(0.669985 0.326234 0)
(0.681681 0.334304 0)
(0.695279 0.341712 0)
(0.710016 0.349538 0)
(0.726148 0.356817 0)
(0.743463 0.363707 0)
(0.761712 0.371727 0)
(0.781658 0.378276 0)
(0.802949 0.385462 0)
(0.826758 0.391911 0)
(0.852015 0.396569 0)
(0.879097 0.399985 0)
(0.907774 0.40031 0)
(0.935851 0.396513 0)
(0.965853 0.394822 0)
(1.5 -9.76997e-17 0)
(1.5 -1.17187e-16 0)
(1.5 -1.54725e-16 0)
(1.5 -3.15981e-16 0)
(1.5 1.61401e-09 0)
(1.49997 0.00024408 0)
(1.37649 0.0543583 0)
(0.846602 0.132536 0)
(0.740292 0.144082 0)
(0.738579 0.143816 0)
(0.737206 0.144833 0)
(0.733918 0.14692 0)
(0.729433 0.148922 0)
(0.725196 0.150441 0)
(0.722062 0.151215 0)
(0.719971 0.151992 0)
(0.718254 0.153292 0)
(0.7166 0.155375 0)
(0.714904 0.158142 0)
(0.713133 0.161305 0)
(0.711728 0.164365 0)
(0.710745 0.166877 0)
(0.709189 0.16854 0)
(0.706808 0.169398 0)
(0.703895 0.169976 0)
(0.699998 0.170386 0)
(0.694418 0.171834 0)
(0.687523 0.173993 0)
(0.680851 0.174509 0)
(0.673845 0.172494 0)
(0.664937 0.169032 0)
(0.653246 0.163983 0)
(0.640048 0.157448 0)
(0.626853 0.150276 0)
(0.614206 0.143221 0)
(0.602708 0.136883 0)
(0.593483 0.131813 0)
(0.586673 0.128403 0)
(0.582124 0.126216 0)
(0.578854 0.125482 0)
(0.576 0.125228 0)
(0.573307 0.125343 0)
(0.571718 0.125887 0)
(0.571036 0.126849 0)
(0.571343 0.128548 0)
(0.572237 0.130451 0)
(0.572586 0.132279 0)
(0.572192 0.134223 0)
(0.570851 0.136967 0)
(0.57024 0.139772 0)
(0.571181 0.142218 0)
(0.572657 0.145062 0)
(0.574223 0.148433 0)
(0.575398 0.152533 0)
(0.575708 0.157169 0)
(0.576028 0.161636 0)
(0.577408 0.165419 0)
(0.579856 0.168895 0)
(0.582598 0.172872 0)
(0.584746 0.177459 0)
(0.586044 0.182485 0)
(0.58684 0.187725 0)
(0.588148 0.192899 0)
(0.5907 0.19781 0)
(0.594417 0.202587 0)
(0.599155 0.207431 0)
(0.605215 0.212612 0)
(0.611516 0.218358 0)
(0.616078 0.224179 0)
(0.618181 0.229646 0)
(0.619711 0.235319 0)
(0.622226 0.24118 0)
(0.626363 0.247003 0)
(0.632311 0.252844 0)
(0.640533 0.258934 0)
(0.651051 0.265464 0)
(0.661619 0.27234 0)
(0.669371 0.278909 0)
(0.675293 0.285232 0)
(0.682207 0.291354 0)
(0.690108 0.297802 0)
(0.699844 0.30394 0)
(0.71094 0.310524 0)
(0.723897 0.316352 0)
(0.737896 0.322768 0)
(0.753436 0.327983 0)
(0.76994 0.333637 0)
(0.78778 0.338852 0)
(0.806858 0.343095 0)
(0.826366 0.346988 0)
(0.84593 0.350064 0)
(0.865653 0.352382 0)
(0.886362 0.353926 0)
(0.907793 0.353162 0)
(0.930227 0.35193 0)
(0.955031 0.351498 0)
(1.5 2.16981e-16 0)
(1.5 3.34942e-16 0)
(1.5 3.09646e-16 0)
(1.5 1.78401e-17 0)
(1.5 4.75347e-14 0)
(1.5 1.90367e-07 0)
(1.49835 0.00277503 0)
(1.23923 0.0937471 0)
(0.79933 0.139145 0)
(0.745455 0.148195 0)
(0.740923 0.15244 0)
(0.738817 0.155407 0)
(0.736032 0.156826 0)
(0.734003 0.157884 0)
(0.732058 0.158811 0)
(0.730386 0.159802 0)
(0.728791 0.161294 0)
(0.726644 0.163636 0)
(0.723545 0.166641 0)
(0.720547 0.17013 0)
(0.718772 0.173185 0)
(0.718064 0.175392 0)
(0.716389 0.176314 0)
(0.71322 0.175872 0)
(0.707755 0.175241 0)
(0.700526 0.174528 0)
(0.691957 0.172665 0)
(0.680854 0.169233 0)
(0.667365 0.16415 0)
(0.652919 0.157053 0)
(0.638828 0.148376 0)
(0.625593 0.139276 0)
(0.613054 0.131477 0)
(0.602024 0.125468 0)
(0.593189 0.121517 0)
(0.587942 0.119054 0)
(0.585523 0.118112 0)
(0.584366 0.117883 0)
(0.583689 0.118362 0)
(0.582122 0.11922 0)
(0.579699 0.120427 0)
(0.577806 0.122025 0)
(0.578072 0.123499 0)
(0.579372 0.125094 0)
(0.581613 0.127102 0)
(0.582679 0.129578 0)
(0.583076 0.132093 0)
(0.582406 0.134547 0)
(0.581631 0.137108 0)
(0.582346 0.139566 0)
(0.584372 0.142317 0)
(0.58736 0.14576 0)
(0.59022 0.14964 0)
(0.591832 0.153438 0)
(0.592059 0.157065 0)
(0.592344 0.160854 0)
(0.59382 0.164536 0)
(0.596523 0.168199 0)
(0.600091 0.172088 0)
(0.603419 0.176334 0)
(0.60559 0.180789 0)
(0.606933 0.185373 0)
(0.608338 0.190067 0)
(0.610636 0.194688 0)
(0.614254 0.199062 0)
(0.619421 0.203198 0)
(0.626165 0.207413 0)
(0.633067 0.212 0)
(0.637354 0.216624 0)
(0.639651 0.221185 0)
(0.641845 0.226081 0)
(0.645016 0.231063 0)
(0.649569 0.236099 0)
(0.655986 0.241235 0)
(0.665007 0.246599 0)
(0.675968 0.252207 0)
(0.685757 0.25776 0)
(0.692453 0.262824 0)
(0.698459 0.267769 0)
(0.705641 0.272384 0)
(0.713648 0.277466 0)
(0.72331 0.282023 0)
(0.734181 0.287148 0)
(0.746819 0.291565 0)
(0.760445 0.296955 0)
(0.775105 0.301427 0)
(0.789999 0.306164 0)
(0.805584 0.309447 0)
(0.821663 0.312473 0)
(0.838276 0.314539 0)
(0.855251 0.315806 0)
(0.872475 0.316715 0)
(0.889854 0.3168 0)
(0.907651 0.316442 0)
(0.926513 0.316533 0)
(0.946863 0.315491 0)
(1.17231 1.0069 0)
(1.37749 1.01926 0)
(1.45553 1.03587 0)
(1.46308 1.02892 0)
(1.5054 0.942065 0)
(1.57075 0.897649 0)
(1.60119 0.95696 0)
(1.59317 0.984638 0)
(1.67317 0.815244 0)
(1.72726 0.643024 0)
(1.7712 0.654128 0)
(1.82295 0.672512 0)
(1.81297 0.576485 0)
(1.83169 0.486152 0)
(1.82552 0.277046 0)
(1.85903 0.127684 0)
(1.87433 0.100619 0)
(1.87215 0.103051 0)
(1.85061 0.0548182 0)
(1.81059 -0.0862035 0)
(1.81612 -0.193815 0)
(1.82341 -0.176211 0)
(1.79947 -0.196462 0)
(1.76185 -0.302963 0)
(1.76315 -0.339408 0)
(1.75038 -0.333187 0)
(1.70742 -0.374854 0)
(1.68656 -0.404287 0)
(1.67065 -0.366017 0)
(1.65075 -0.348929 0)
(1.63605 -0.389661 0)
(1.63135 -0.405338 0)
(1.62122 -0.385462 0)
(1.60729 -0.390494 0)
(1.60198 -0.400736 0)
(1.59698 -0.378434 0)
(1.59317 -0.351597 0)
(1.5807 -0.359682 0)
(1.57612 -0.3693 0)
(1.57357 -0.34344 0)
(1.56604 -0.322698 0)
(1.55153 -0.327143 0)
(1.53861 -0.323588 0)
(1.51713 -0.296708 0)
(1.49453 -0.270103 0)
(1.4725 -0.261993 0)
(1.45672 -0.249442 0)
(1.44346 -0.226462 0)
(1.42861 -0.211858 0)
(1.41412 -0.205458 0)
(1.40197 -0.192566 0)
(1.38469 -0.174746 0)
(1.36324 -0.148702 0)
(1.34645 -0.134378 0)
(1.33605 -0.124236 0)
(1.33768 -0.10832 0)
(1.35293 -0.0901769 0)
(1.35379 -0.077903 0)
(1.34568 -0.0718227 0)
(1.33476 -0.0636228 0)
(1.31776 -0.0484078 0)
(1.3033 -0.0293402 0)
(1.3022 -0.0218656 0)
(1.30443 -0.0156053 0)
(1.30696 -0.0111351 0)
(1.30782 -0.0080818 0)
(1.30767 -0.00478815 0)
(1.30726 0.000133862 0)
(1.30735 0.00345222 0)
(1.3071 0.00420137 0)
(1.3102 0.00279101 0)
(1.31368 -0.00110988 0)
(1.31131 -0.0033583 0)
(1.30657 -0.00318618 0)
(1.3 -0.0019319 0)
(1.28628 -0.000751998 0)
(1.26867 -0.00124125 0)
(1.25892 -0.00234732 0)
(1.25268 -0.00347623 0)
(1.25166 -0.00463282 0)
(1.2603 -0.00517523 0)
(1.26918 -0.00543269 0)
(1.26659 -0.00589671 0)
(1.26129 -0.00734288 0)
(1.25296 -0.00987868 0)
(1.24338 -0.0106102 0)
(1.23596 -0.010119 0)
(1.22892 -0.00950435 0)
(1.22258 -0.00910437 0)
(1.21741 -0.00923379 0)
(1.2136 -0.00897672 0)
(1.21137 -0.00825336 0)
(1.21177 -0.00729754 0)
(1.21749 -0.00638176 0)
(1.22671 -0.00590182 0)
(1.2287 -0.00553414 0)
(1.18265 0.813393 0)
(1.38966 0.75575 0)
(1.5336 0.702583 0)
(1.61868 0.69875 0)
(1.69545 0.614705 0)
(1.7588 0.4582 0)
(1.78882 0.412129 0)
(1.80973 0.403875 0)
(1.85202 0.317381 0)
(1.8826 0.15963 0)
(1.88321 0.0916262 0)
(1.89803 0.0762556 0)
(1.90827 0.0129936 0)
(1.92936 -0.0686277 0)
(1.93003 -0.170227 0)
(1.91309 -0.219644 0)
(1.91125 -0.288387 0)
(1.90042 -0.339283 0)
(1.91151 -0.372701 0)
(1.91619 -0.41674 0)
(1.90202 -0.445347 0)
(1.88273 -0.491388 0)
(1.8908 -0.518944 0)
(1.89125 -0.550601 0)
(1.87895 -0.582244 0)
(1.87983 -0.606245 0)
(1.883 -0.616369 0)
(1.88262 -0.623368 0)
(1.8773 -0.644921 0)
(1.88193 -0.648068 0)
(1.8806 -0.645953 0)
(1.87194 -0.642187 0)
(1.85645 -0.636975 0)
(1.84025 -0.625349 0)
(1.81968 -0.621779 0)
(1.79419 -0.604551 0)
(1.75585 -0.566921 0)
(1.74006 -0.525627 0)
(1.71939 -0.513454 0)
(1.69161 -0.492274 0)
(1.67296 -0.458577 0)
(1.66189 -0.445008 0)
(1.65439 -0.43985 0)
(1.64808 -0.413454 0)
(1.63775 -0.35921 0)
(1.62856 -0.320364 0)
(1.61587 -0.298864 0)
(1.59737 -0.263554 0)
(1.57863 -0.221105 0)
(1.56323 -0.194727 0)
(1.54957 -0.17566 0)
(1.5294 -0.142247 0)
(1.50317 -0.0947021 0)
(1.48513 -0.0719734 0)
(1.46339 -0.0503239 0)
(1.44882 -0.0175178 0)
(1.44339 -0.00114237 0)
(1.4362 0.0102378 0)
(1.4167 0.0173729 0)
(1.39387 0.0159244 0)
(1.37226 0.0184918 0)
(1.35495 0.0354281 0)
(1.34154 0.0372408 0)
(1.33451 0.038127 0)
(1.3289 0.0365642 0)
(1.32353 0.0292146 0)
(1.3203 0.0257999 0)
(1.31843 0.0214959 0)
(1.32052 0.0182035 0)
(1.32376 0.0158561 0)
(1.32911 0.0108853 0)
(1.33443 0.00298804 0)
(1.33157 -0.00539908 0)
(1.32377 -0.00944957 0)
(1.31523 -0.0106122 0)
(1.30393 -0.0104016 0)
(1.28847 -0.0105162 0)
(1.27697 -0.012489 0)
(1.27036 -0.0143045 0)
(1.26712 -0.016341 0)
(1.27104 -0.0192731 0)
(1.2815 -0.0237601 0)
(1.28418 -0.0263543 0)
(1.28188 -0.0281647 0)
(1.27693 -0.030647 0)
(1.26923 -0.0310018 0)
(1.26214 -0.0286696 0)
(1.25654 -0.0252255 0)
(1.25071 -0.0210579 0)
(1.24473 -0.0171818 0)
(1.24013 -0.0149102 0)
(1.23707 -0.0134623 0)
(1.23577 -0.0117959 0)
(1.23804 -0.00955164 0)
(1.24532 -0.00644147 0)
(1.25013 -0.00319148 0)
(1.11082 0.645888 0)
(1.20751 0.624166 0)
(1.30316 0.594554 0)
(1.38137 0.559683 0)
(1.44962 0.511622 0)
(1.51145 0.456552 0)
(1.55522 0.425922 0)
(1.59453 0.384379 0)
(1.64855 0.311499 0)
(1.68251 0.241455 0)
(1.70507 0.222308 0)
(1.72497 0.190678 0)
(1.76074 0.118265 0)
(1.77747 0.0403393 0)
(1.78145 0.020163 0)
(1.7939 -0.0112569 0)
(1.82083 -0.0582597 0)
(1.83421 -0.121878 0)
(1.83342 -0.156093 0)
(1.83758 -0.173967 0)
(1.8364 -0.198536 0)
(1.83716 -0.255987 0)
(1.83522 -0.308784 0)
(1.83157 -0.320719 0)
(1.83371 -0.334502 0)
(1.84321 -0.359121 0)
(1.85318 -0.390192 0)
(1.85435 -0.419238 0)
(1.85284 -0.426946 0)
(1.85023 -0.449015 0)
(1.8452 -0.481875 0)
(1.84936 -0.50622 0)
(1.84466 -0.517353 0)
(1.84447 -0.524936 0)
(1.84685 -0.533698 0)
(1.84334 -0.554341 0)
(1.83343 -0.572437 0)
(1.81903 -0.585844 0)
(1.8097 -0.597055 0)
(1.80342 -0.597288 0)
(1.79192 -0.597144 0)
(1.78217 -0.610049 0)
(1.78248 -0.621004 0)
(1.78772 -0.616778 0)
(1.78496 -0.608257 0)
(1.77953 -0.60371 0)
(1.77334 -0.602729 0)
(1.76356 -0.600498 0)
(1.7503 -0.595262 0)
(1.73692 -0.580773 0)
(1.71869 -0.569915 0)
(1.70196 -0.551531 0)
(1.68762 -0.512735 0)
(1.68059 -0.481157 0)
(1.67148 -0.458529 0)
(1.65507 -0.419984 0)
(1.64093 -0.38698 0)
(1.62734 -0.351657 0)
(1.61469 -0.304392 0)
(1.60722 -0.281493 0)
(1.58969 -0.244835 0)
(1.56005 -0.191872 0)
(1.53991 -0.168744 0)
(1.51322 -0.146093 0)
(1.48545 -0.120102 0)
(1.46352 -0.103514 0)
(1.43699 -0.0814201 0)
(1.41598 -0.065034 0)
(1.40016 -0.0560247 0)
(1.38905 -0.0405027 0)
(1.38415 -0.0313247 0)
(1.38056 -0.0326723 0)
(1.37164 -0.0332915 0)
(1.36119 -0.0326541 0)
(1.3513 -0.0296853 0)
(1.34069 -0.0232693 0)
(1.32618 -0.0143344 0)
(1.31263 -0.00976559 0)
(1.30466 -0.009838 0)
(1.29894 -0.0108679 0)
(1.29639 -0.0118761 0)
(1.29962 -0.0112133 0)
(1.30899 -0.00840329 0)
(1.31336 -0.00867544 0)
(1.31066 -0.00942417 0)
(1.30637 -0.0112088 0)
(1.30051 -0.0124068 0)
(1.29324 -0.0104734 0)
(1.28577 -0.0070349 0)
(1.27868 -0.00544102 0)
(1.27365 -0.00516389 0)
(1.27075 -0.00516407 0)
(1.26897 -0.00509413 0)
(1.26908 -0.00466475 0)
(1.2732 -0.00429905 0)
(1.28072 -0.00427325 0)
(1.06108 0.529805 0)
(1.11858 0.516964 0)
(1.17298 0.497866 0)
(1.2364 0.470033 0)
(1.28173 0.445979 0)
(1.33252 0.414279 0)
(1.38053 0.377267 0)
(1.41269 0.350507 0)
(1.45888 0.311474 0)
(1.49083 0.280976 0)
(1.51821 0.253614 0)
(1.55698 0.204304 0)
(1.57909 0.170679 0)
(1.59362 0.151227 0)
(1.61866 0.113232 0)
(1.64837 0.057759 0)
(1.66349 0.019795 0)
(1.67377 0.0115807 0)
(1.68981 -0.0150171 0)
(1.70803 -0.0745738 0)
(1.70912 -0.120043 0)
(1.70863 -0.135655 0)
(1.71159 -0.157161 0)
(1.72683 -0.181655 0)
(1.74223 -0.220966 0)
(1.74363 -0.242885 0)
(1.75346 -0.266503 0)
(1.75811 -0.29016 0)
(1.75664 -0.311437 0)
(1.75177 -0.341335 0)
(1.75442 -0.368665 0)
(1.7632 -0.394396 0)
(1.76198 -0.408622 0)
(1.76756 -0.422513 0)
(1.77442 -0.443388 0)
(1.77187 -0.462763 0)
(1.76555 -0.480712 0)
(1.75329 -0.505392 0)
(1.74662 -0.525079 0)
(1.74912 -0.530824 0)
(1.75308 -0.536261 0)
(1.75889 -0.544347 0)
(1.76269 -0.555989 0)
(1.75941 -0.567982 0)
(1.75324 -0.57741 0)
(1.74511 -0.589392 0)
(1.7345 -0.600782 0)
(1.73082 -0.604625 0)
(1.7286 -0.608024 0)
(1.72604 -0.619795 0)
(1.72538 -0.619749 0)
(1.72242 -0.617504 0)
(1.71664 -0.616061 0)
(1.70626 -0.618911 0)
(1.70151 -0.621477 0)
(1.69645 -0.621358 0)
(1.69076 -0.621062 0)
(1.68703 -0.617479 0)
(1.68588 -0.598479 0)
(1.68288 -0.582274 0)
(1.67062 -0.561937 0)
(1.65201 -0.528343 0)
(1.63492 -0.50152 0)
(1.61208 -0.470432 0)
(1.58646 -0.432054 0)
(1.56373 -0.399229 0)
(1.53477 -0.34508 0)
(1.51372 -0.301257 0)
(1.49562 -0.273089 0)
(1.47109 -0.217116 0)
(1.45773 -0.175512 0)
(1.44963 -0.165765 0)
(1.43308 -0.138049 0)
(1.41863 -0.11609 0)
(1.40618 -0.104409 0)
(1.38882 -0.0912063 0)
(1.37187 -0.0739034 0)
(1.35801 -0.0587976 0)
(1.34643 -0.0460932 0)
(1.33759 -0.0407302 0)
(1.33104 -0.0402585 0)
(1.32925 -0.0350623 0)
(1.33241 -0.0260433 0)
(1.3364 -0.0192243 0)
(1.33532 -0.0171896 0)
(1.33035 -0.0169536 0)
(1.32445 -0.0165352 0)
(1.31702 -0.014681 0)
(1.30752 -0.0102524 0)
(1.29758 -0.00425053 0)
(1.29066 -0.00244809 0)
(1.28776 -0.00300909 0)
(1.28589 -0.00567828 0)
(1.28626 -0.00851145 0)
(1.29108 -0.00798068 0)
(1.30148 -0.00451387 0)
(1.02472 0.448975 0)
(1.06684 0.43981 0)
(1.10659 0.426356 0)
(1.15208 0.411432 0)
(1.18643 0.394367 0)
(1.22433 0.375313 0)
(1.26222 0.354694 0)
(1.2933 0.332053 0)
(1.33223 0.304026 0)
(1.36048 0.282938 0)
(1.38764 0.259403 0)
(1.42036 0.22758 0)
(1.4418 0.207269 0)
(1.46487 0.180801 0)
(1.49086 0.144013 0)
(1.50486 0.126805 0)
(1.519 0.10634 0)
(1.54375 0.0663578 0)
(1.55875 0.02945 0)
(1.56735 0.014529 0)
(1.57567 -0.00661531 0)
(1.59356 -0.035553 0)
(1.6105 -0.0730429 0)
(1.61935 -0.088336 0)
(1.6277 -0.0931322 0)
(1.64254 -0.118395 0)
(1.6488 -0.156817 0)
(1.64689 -0.176724 0)
(1.64674 -0.198909 0)
(1.65636 -0.218727 0)
(1.66246 -0.233756 0)
(1.67266 -0.251076 0)
(1.68156 -0.274583 0)
(1.68534 -0.291318 0)
(1.68844 -0.303328 0)
(1.68312 -0.31936 0)
(1.67684 -0.346403 0)
(1.67284 -0.364123 0)
(1.67683 -0.377641 0)
(1.68427 -0.388812 0)
(1.69037 -0.401856 0)
(1.69385 -0.411821 0)
(1.69651 -0.423802 0)
(1.69348 -0.440643 0)
(1.68076 -0.462622 0)
(1.6735 -0.481684 0)
(1.67543 -0.492594 0)
(1.68092 -0.502025 0)
(1.68728 -0.512454 0)
(1.68922 -0.521189 0)
(1.69027 -0.531531 0)
(1.68795 -0.543895 0)
(1.67826 -0.556989 0)
(1.66759 -0.570656 0)
(1.66646 -0.57738 0)
(1.66783 -0.581994 0)
(1.67054 -0.588913 0)
(1.67588 -0.597052 0)
(1.67723 -0.610316 0)
(1.67779 -0.61121 0)
(1.67687 -0.611895 0)
(1.6711 -0.614567 0)
(1.66363 -0.616024 0)
(1.6617 -0.61553 0)
(1.65875 -0.61396 0)
(1.65448 -0.611129 0)
(1.64649 -0.604527 0)
(1.6346 -0.593849 0)
(1.61965 -0.579916 0)
(1.60197 -0.556913 0)
(1.58535 -0.524262 0)
(1.5702 -0.49604 0)
(1.55157 -0.452231 0)
(1.53373 -0.402145 0)
(1.51929 -0.366809 0)
(1.48859 -0.314904 0)
(1.46331 -0.271207 0)
(1.44277 -0.245659 0)
(1.4156 -0.204597 0)
(1.39623 -0.166865 0)
(1.38154 -0.148116 0)
(1.36559 -0.120278 0)
(1.35749 -0.0885825 0)
(1.35688 -0.0739569 0)
(1.36032 -0.0681452 0)
(1.35852 -0.0600345 0)
(1.34753 -0.0542006 0)
(1.33492 -0.0478309 0)
(1.3233 -0.0396129 0)
(1.3128 -0.0257636 0)
(1.30321 -0.0192245 0)
(1.29848 -0.0197794 0)
(1.29542 -0.0222079 0)
(1.29372 -0.0235282 0)
(1.29703 -0.0212807 0)
(1.30812 -0.0140373 0)
(1.00041 0.391852 0)
(1.03329 0.382771 0)
(1.066 0.374368 0)
(1.09995 0.366093 0)
(1.13058 0.354738 0)
(1.15899 0.342048 0)
(1.1852 0.328088 0)
(1.21457 0.311876 0)
(1.24528 0.294223 0)
(1.26959 0.278158 0)
(1.29409 0.256865 0)
(1.32092 0.233815 0)
(1.34695 0.212371 0)
(1.36826 0.194987 0)
(1.38426 0.176973 0)
(1.40399 0.150669 0)
(1.42164 0.125147 0)
(1.43518 0.106927 0)
(1.44728 0.0874989 0)
(1.46497 0.0629783 0)
(1.48723 0.0333578 0)
(1.50108 0.0193076 0)
(1.51515 0.0100488 0)
(1.53304 -0.0131114 0)
(1.54346 -0.0435556 0)
(1.54742 -0.0615366 0)
(1.54665 -0.0784408 0)
(1.55092 -0.103039 0)
(1.56567 -0.124226 0)
(1.57641 -0.142424 0)
(1.58661 -0.155104 0)
(1.60038 -0.171915 0)
(1.60787 -0.190077 0)
(1.6106 -0.205133 0)
(1.6093 -0.228779 0)
(1.60521 -0.252019 0)
(1.60946 -0.266347 0)
(1.61766 -0.276564 0)
(1.62651 -0.291324 0)
(1.63243 -0.305926 0)
(1.63711 -0.319359 0)
(1.63949 -0.33388 0)
(1.63629 -0.350893 0)
(1.62555 -0.371736 0)
(1.62312 -0.388216 0)
(1.6278 -0.395927 0)
(1.63401 -0.407815 0)
(1.6405 -0.419462 0)
(1.64681 -0.431053 0)
(1.64964 -0.440764 0)
(1.65094 -0.451653 0)
(1.6465 -0.464916 0)
(1.63469 -0.478528 0)
(1.63176 -0.488573 0)
(1.63538 -0.49492 0)
(1.63934 -0.502187 0)
(1.64396 -0.510083 0)
(1.64812 -0.519823 0)
(1.64981 -0.529044 0)
(1.65147 -0.538206 0)
(1.65168 -0.545257 0)
(1.64924 -0.554216 0)
(1.64867 -0.561769 0)
(1.64965 -0.565732 0)
(1.65043 -0.569452 0)
(1.64924 -0.573778 0)
(1.64279 -0.580152 0)
(1.63318 -0.586796 0)
(1.63117 -0.588663 0)
(1.63056 -0.590515 0)
(1.63172 -0.594156 0)
(1.63576 -0.597166 0)
(1.63925 -0.597082 0)
(1.63871 -0.594053 0)
(1.63358 -0.587924 0)
(1.62212 -0.579435 0)
(1.60627 -0.56796 0)
(1.58756 -0.553642 0)
(1.56505 -0.529586 0)
(1.54537 -0.503193 0)
(1.52442 -0.468003 0)
(1.50355 -0.423484 0)
(1.48716 -0.378519 0)
(1.47092 -0.325856 0)
(1.46082 -0.28957 0)
(1.45164 -0.250325 0)
(1.42847 -0.202931 0)
(1.40823 -0.175957 0)
(1.38765 -0.151335 0)
(1.36134 -0.117648 0)
(1.34391 -0.0906812 0)
(1.33099 -0.0775462 0)
(1.31827 -0.0594827 0)
(1.31007 -0.0455678 0)
(1.30837 -0.0398014 0)
(1.31793 -0.0317257 0)
(0.982068 0.347522 0)
(1.00957 0.340544 0)
(1.03729 0.334977 0)
(1.06515 0.328797 0)
(1.09139 0.320464 0)
(1.11372 0.311131 0)
(1.13469 0.300459 0)
(1.15904 0.289638 0)
(1.18394 0.276498 0)
(1.2046 0.262492 0)
(1.22294 0.246584 0)
(1.24524 0.229766 0)
(1.27169 0.210814 0)
(1.29385 0.194357 0)
(1.3087 0.181427 0)
(1.32452 0.161824 0)
(1.3403 0.144704 0)
(1.35652 0.128542 0)
(1.37641 0.110667 0)
(1.39139 0.0951027 0)
(1.40654 0.07926 0)
(1.42559 0.059038 0)
(1.44222 0.0369892 0)
(1.45402 0.0216653 0)
(1.46106 0.00812483 0)
(1.4613 -0.0140137 0)
(1.4716 -0.0367681 0)
(1.48222 -0.0522249 0)
(1.49428 -0.0637168 0)
(1.50944 -0.0774914 0)
(1.52386 -0.0978539 0)
(1.53263 -0.115043 0)
(1.53881 -0.127585 0)
(1.53798 -0.143797 0)
(1.53703 -0.16349 0)
(1.54477 -0.17759 0)
(1.55277 -0.190557 0)
(1.56288 -0.204752 0)
(1.57068 -0.219225 0)
(1.57645 -0.231452 0)
(1.58028 -0.246502 0)
(1.57754 -0.26218 0)
(1.57037 -0.278845 0)
(1.57054 -0.29249 0)
(1.57613 -0.299509 0)
(1.58269 -0.308404 0)
(1.59046 -0.321362 0)
(1.59583 -0.332833 0)
(1.60009 -0.342471 0)
(1.60253 -0.353957 0)
(1.60032 -0.366268 0)
(1.59216 -0.382065 0)
(1.59276 -0.393027 0)
(1.59642 -0.399198 0)
(1.59969 -0.405135 0)
(1.60512 -0.414383 0)
(1.60815 -0.425462 0)
(1.60872 -0.435227 0)
(1.60782 -0.44808 0)
(1.61001 -0.459273 0)
(1.6136 -0.467909 0)
(1.61733 -0.475603 0)
(1.62073 -0.482017 0)
(1.6236 -0.488061 0)
(1.62509 -0.495421 0)
(1.62277 -0.50559 0)
(1.61289 -0.519348 0)
(1.60603 -0.532566 0)
(1.60928 -0.539244 0)
(1.61303 -0.544616 0)
(1.61792 -0.550211 0)
(1.62292 -0.555575 0)
(1.62676 -0.561545 0)
(1.62924 -0.568103 0)
(1.63073 -0.574348 0)
(1.63027 -0.581104 0)
(1.62738 -0.584932 0)
(1.6184 -0.585857 0)
(1.61212 -0.584677 0)
(1.61139 -0.584182 0)
(1.61067 -0.58285 0)
(1.60996 -0.580508 0)
(1.60893 -0.576804 0)
(1.60615 -0.569978 0)
(1.60203 -0.561229 0)
(1.59515 -0.540819 0)
(1.5838 -0.514796 0)
(1.56693 -0.488798 0)
(1.54315 -0.457958 0)
(1.51336 -0.417075 0)
(1.48717 -0.37741 0)
(1.46191 -0.339484 0)
(1.43453 -0.286998 0)
(1.41319 -0.236967 0)
(1.40069 -0.211397 0)
(1.39056 -0.169725 0)
(0.968404 0.312006 0)
(0.991016 0.307801 0)
(1.01474 0.303244 0)
(1.0388 0.297147 0)
(1.06044 0.290106 0)
(1.07903 0.282807 0)
(1.09761 0.274876 0)
(1.11802 0.266408 0)
(1.13789 0.256082 0)
(1.15448 0.244498 0)
(1.16973 0.231762 0)
(1.18898 0.220156 0)
(1.21272 0.206774 0)
(1.23454 0.19206 0)
(1.25001 0.179701 0)
(1.26228 0.165649 0)
(1.27952 0.152817 0)
(1.2991 0.139726 0)
(1.31589 0.128102 0)
(1.32913 0.115569 0)
(1.34237 0.0971861 0)
(1.35903 0.0775749 0)
(1.37158 0.0643697 0)
(1.38389 0.0504502 0)
(1.39459 0.0310754 0)
(1.40141 0.0149743 0)
(1.4096 0.00316363 0)
(1.42157 -0.00875707 0)
(1.43722 -0.0257414 0)
(1.45044 -0.0415324 0)
(1.46037 -0.0496062 0)
(1.47208 -0.0671173 0)
(1.47748 -0.0870959 0)
(1.47808 -0.0983866 0)
(1.48083 -0.111269 0)
(1.49113 -0.124821 0)
(1.49748 -0.135671 0)
(1.50397 -0.147004 0)
(1.51347 -0.166657 0)
(1.51866 -0.186809 0)
(1.52057 -0.197235 0)
(1.52088 -0.21018 0)
(1.52693 -0.224168 0)
(1.53097 -0.23096 0)
(1.53623 -0.238451 0)
(1.54315 -0.249248 0)
(1.54743 -0.260358 0)
(1.55177 -0.272897 0)
(1.55461 -0.28781 0)
(1.55314 -0.302158 0)
(1.55091 -0.316503 0)
(1.55495 -0.326093 0)
(1.56088 -0.332746 0)
(1.56692 -0.340985 0)
(1.57154 -0.349222 0)
(1.57465 -0.357399 0)
(1.57441 -0.367761 0)
(1.57156 -0.380201 0)
(1.57339 -0.39019 0)
(1.57808 -0.396342 0)
(1.58302 -0.40322 0)
(1.58724 -0.409983 0)
(1.59091 -0.417053 0)
(1.59316 -0.424841 0)
(1.59269 -0.433963 0)
(1.58598 -0.445022 0)
(1.58123 -0.455867 0)
(1.58456 -0.461679 0)
(1.58787 -0.46582 0)
(1.59113 -0.470377 0)
(1.59408 -0.476621 0)
(1.59592 -0.484222 0)
(1.59741 -0.492248 0)
(1.59958 -0.500158 0)
(1.60194 -0.507871 0)
(1.60382 -0.51492 0)
(1.60524 -0.521775 0)
(1.60436 -0.527578 0)
(1.59991 -0.532923 0)
(1.59825 -0.53812 0)
(1.60093 -0.541594 0)
(1.60376 -0.544427 0)
(1.60679 -0.54714 0)
(1.61052 -0.549669 0)
(1.61441 -0.550712 0)
(1.61731 -0.554337 0)
(1.61823 -0.557674 0)
(1.61717 -0.559531 0)
(1.61259 -0.560857 0)
(1.60161 -0.558675 0)
(1.59571 -0.55576 0)
(1.58813 -0.55046 0)
(1.57776 -0.541731 0)
(1.56957 -0.525962 0)
(1.55879 -0.505773 0)
(1.54485 -0.47413 0)
)
;

boundaryField
{
    inlet
    {
        type            fixedValue;
        value           uniform (1.5 0 0);
    }
    outlet
    {
        type            inletOutlet;
        inletValue      nonuniform 0();
        value           nonuniform 0();
    }
    bottom
    {
        type            symmetryPlane;
    }
    top
    {
        type            symmetryPlane;
    }
    obstacle
    {
        type            slip;
    }
    defaultFaces
    {
        type            empty;
    }
    procBoundary0to1
    {
        type            processor;
        value           nonuniform List<vector> 8((1.22769 -0.00530616 0) (1.24923 -0.00150011 0) (1.28218 -0.00408217 0) (1.30538 -0.00175475 0) (1.31401 -0.00823436 0) (1.32334 -0.0254657 0) (1.38279 -0.130257 0) (1.53216 -0.438341 0));
    }
    procBoundary0to2
    {
        type            processor;
        value           nonuniform List<vector> 
192
(
(1.5 2.2148e-17 0)
(1.5 1.7353e-17 0)
(1.5 1.54618e-16 0)
(1.5 1.43311e-16 0)
(1.5 7.63624e-17 0)
(1.5 1.1811e-11 0)
(1.5 8.14496e-06 0)
(1.49111 0.00818633 0)
(1.13102 0.123373 0)
(0.783088 0.150764 0)
(0.745184 0.152254 0)
(0.744659 0.155542 0)
(0.744122 0.160127 0)
(0.745015 0.165296 0)
(0.744839 0.168884 0)
(0.743027 0.170571 0)
(0.740436 0.17153 0)
(0.736832 0.172361 0)
(0.732108 0.173147 0)
(0.728305 0.174607 0)
(0.726291 0.176625 0)
(0.72401 0.178902 0)
(0.71941 0.17931 0)
(0.712332 0.178065 0)
(0.700789 0.173916 0)
(0.684269 0.166135 0)
(0.665178 0.156445 0)
(0.647873 0.14621 0)
(0.63311 0.136878 0)
(0.62127 0.128861 0)
(0.611821 0.122498 0)
(0.604272 0.117534 0)
(0.596876 0.1143 0)
(0.590227 0.112111 0)
(0.587041 0.111935 0)
(0.586709 0.112321 0)
(0.588244 0.113535 0)
(0.59006 0.114906 0)
(0.590243 0.11582 0)
(0.589608 0.116811 0)
(0.587388 0.11849 0)
(0.586032 0.120696 0)
(0.586956 0.122758 0)
(0.58927 0.125359 0)
(0.592265 0.128096 0)
(0.594192 0.130546 0)
(0.594492 0.132582 0)
(0.593817 0.134949 0)
(0.593707 0.137718 0)
(0.595026 0.140517 0)
(0.597791 0.143393 0)
(0.601716 0.146363 0)
(0.605492 0.149544 0)
(0.607349 0.152687 0)
(0.607554 0.155938 0)
(0.607647 0.159512 0)
(0.608978 0.162911 0)
(0.61172 0.166147 0)
(0.615919 0.1695 0)
(0.620679 0.173231 0)
(0.624076 0.177323 0)
(0.625805 0.181447 0)
(0.627205 0.185625 0)
(0.629242 0.189645 0)
(0.632425 0.193466 0)
(0.637245 0.197126 0)
(0.643866 0.20072 0)
(0.6508 0.204431 0)
(0.655175 0.208205 0)
(0.658009 0.212049 0)
(0.66105 0.216173 0)
(0.664907 0.220362 0)
(0.669873 0.224645 0)
(0.676615 0.229014 0)
(0.685918 0.233596 0)
(0.696551 0.238268 0)
(0.705007 0.242722 0)
(0.710891 0.246741 0)
(0.716825 0.250713 0)
(0.723855 0.254335 0)
(0.731779 0.258396 0)
(0.741413 0.261892 0)
(0.752472 0.266281 0)
(0.765364 0.27001 0)
(0.778911 0.274191 0)
(0.792355 0.277624 0)
(0.804953 0.281081 0)
(0.817304 0.283272 0)
(0.830067 0.285135 0)
(0.843854 0.286226 0)
(0.858776 0.286937 0)
(0.874561 0.287044 0)
(0.890664 0.286492 0)
(0.90701 0.286349 0)
(0.923759 0.286229 0)
(0.940694 0.284921 0)
(0.957883 0.282556 0)
(0.975834 0.279641 0)
(0.9951 0.27562 0)
(1.01543 0.269893 0)
(1.03441 0.263188 0)
(1.05154 0.256922 0)
(1.0685 0.25077 0)
(1.08537 0.243815 0)
(1.10108 0.235682 0)
(1.11503 0.226481 0)
(1.12924 0.217127 0)
(1.14653 0.209075 0)
(1.1671 0.199236 0)
(1.18709 0.186947 0)
(1.20251 0.176011 0)
(1.21693 0.165284 0)
(1.2337 0.155236 0)
(1.25016 0.144751 0)
(1.26363 0.133926 0)
(1.27391 0.119907 0)
(1.28498 0.105078 0)
(1.29978 0.0923941 0)
(1.31624 0.0783776 0)
(1.33012 0.0648213 0)
(1.33979 0.055273 0)
(1.34602 0.0425991 0)
(1.35793 0.0290057 0)
(1.3699 0.0170923 0)
(1.38128 0.00615182 0)
(1.39551 -0.0082446 0)
(1.40844 -0.026759 0)
(1.41672 -0.0363386 0)
(1.42361 -0.0469204 0)
(1.42972 -0.0621284 0)
(1.43355 -0.0727312 0)
(1.43472 -0.0813747 0)
(1.43947 -0.0965187 0)
(1.44642 -0.112578 0)
(1.45221 -0.127349 0)
(1.46094 -0.141024 0)
(1.47159 -0.154859 0)
(1.48011 -0.166269 0)
(1.48725 -0.17304 0)
(1.49449 -0.180753 0)
(1.50013 -0.18999 0)
(1.50331 -0.199417 0)
(1.50332 -0.210594 0)
(1.49949 -0.225003 0)
(1.49815 -0.240802 0)
(1.50342 -0.252579 0)
(1.51096 -0.261608 0)
(1.52007 -0.270698 0)
(1.52768 -0.278734 0)
(1.53402 -0.285655 0)
(1.53892 -0.292687 0)
(1.54106 -0.30047 0)
(1.53714 -0.310688 0)
(1.53496 -0.321747 0)
(1.53942 -0.328795 0)
(1.54426 -0.335727 0)
(1.54842 -0.343068 0)
(1.55177 -0.35036 0)
(1.55427 -0.357965 0)
(1.55271 -0.367697 0)
(1.5483 -0.380231 0)
(1.5511 -0.38856 0)
(1.55599 -0.394073 0)
(1.56107 -0.39994 0)
(1.56539 -0.405205 0)
(1.56906 -0.410048 0)
(1.5715 -0.415077 0)
(1.56976 -0.421777 0)
(1.56198 -0.432656 0)
(1.56148 -0.443334 0)
(1.56584 -0.450928 0)
(1.57107 -0.459538 0)
(1.57557 -0.467165 0)
(1.5795 -0.472878 0)
(1.583 -0.477433 0)
(1.58528 -0.481607 0)
(1.58574 -0.486727 0)
(1.58722 -0.492819 0)
(1.59018 -0.498166 0)
(1.59382 -0.503786 0)
(1.59736 -0.510356 0)
(1.5999 -0.517698 0)
(1.60175 -0.524334 0)
(1.60229 -0.53012 0)
(1.59845 -0.536504 0)
(1.59536 -0.543564 0)
(1.59755 -0.545133 0)
(1.60025 -0.545508 0)
(1.60333 -0.544242 0)
(1.60411 -0.543693 0)
(1.60363 -0.543749 0)
(1.60206 -0.544774 0)
)
;
    }
}


// ************************************************************************* //
