/*--------------------------------*- C++ -*----------------------------------*\
  =========                 |
  \\      /  F ield         | OpenFOAM: The Open Source CFD Toolbox
   \\    /   O peration     | Website:  https://openfoam.org
    \\  /    A nd           | Version:  7
     \\/     M anipulation  |
\*---------------------------------------------------------------------------*/
FoamFile
{
    version     2.0;
    format      ascii;
    class       volVectorField;
    location    "3.5";
    object      U;
}
// * * * * * * * * * * * * * * * * * * * * * * * * * * * * * * * * * * * * * //

dimensions      [0 1 -1 0 0 0 0];

internalField   nonuniform List<vector> 
4608
(
(3.86877 0.44739 0)
(3.87188 0.443829 0)
(3.87003 0.445857 0)
(3.86671 0.437948 0)
(3.88336 0.424657 0)
(3.89688 0.401922 0)
(3.90378 0.382806 0)
(3.91203 0.385223 0)
(3.9154 0.394151 0)
(3.92028 0.389986 0)
(3.93304 0.360994 0)
(3.93575 0.331343 0)
(3.93757 0.32557 0)
(3.9375 0.330475 0)
(3.93763 0.326393 0)
(3.95286 0.318546 0)
(3.9668 0.30073 0)
(3.97435 0.281835 0)
(3.98124 0.276781 0)
(3.98437 0.281592 0)
(3.98035 0.284269 0)
(3.98518 0.264945 0)
(3.99423 0.236582 0)
(3.9956 0.218212 0)
(4.00152 0.218082 0)
(4.00693 0.224731 0)
(4.01117 0.227879 0)
(4.02505 0.21815 0)
(4.03696 0.196433 0)
(4.03959 0.175784 0)
(4.03844 0.166013 0)
(4.03533 0.169093 0)
(4.03009 0.16932 0)
(4.0373 0.15824 0)
(4.0498 0.153003 0)
(4.05991 0.135774 0)
(4.0636 0.122536 0)
(4.0711 0.119879 0)
(4.0784 0.120369 0)
(4.08179 0.118967 0)
(4.07452 0.111484 0)
(4.07761 0.0923547 0)
(4.0836 0.0791904 0)
(4.08931 0.0710197 0)
(4.09574 0.0640102 0)
(4.10294 0.0661324 0)
(4.11237 0.0654898 0)
(4.10646 0.052286 0)
(4.08429 0.00447112 0)
(4.04259 -0.0645313 0)
(3.92228 -0.226384 0)
(3.79215 -0.3573 0)
(3.60841 -0.539391 0)
(3.33539 -0.84475 0)
(3.2131 -0.947127 0)
(3.09962 -1.01703 0)
(2.96435 -1.15277 0)
(2.90979 -1.23766 0)
(2.88716 -1.21246 0)
(2.90535 -1.21468 0)
(2.92443 -1.22012 0)
(2.94276 -1.22352 0)
(2.96682 -1.22621 0)
(2.98163 -1.2192 0)
(2.99081 -1.20776 0)
(3.0132 -1.20446 0)
(3.03344 -1.20635 0)
(3.0517 -1.20211 0)
(3.06453 -1.19753 0)
(3.07372 -1.19835 0)
(3.0746 -1.20707 0)
(3.07442 -1.21913 0)
(3.08124 -1.22431 0)
(3.08857 -1.22628 0)
(3.09836 -1.22832 0)
(3.10716 -1.2307 0)
(3.11733 -1.23546 0)
(3.12699 -1.23989 0)
(3.135 -1.24101 0)
(3.14294 -1.24014 0)
(3.15331 -1.24043 0)
(3.16614 -1.24067 0)
(3.17992 -1.23964 0)
(3.19303 -1.23796 0)
(3.20524 -1.2364 0)
(3.21588 -1.23601 0)
(3.2231 -1.23619 0)
(3.23095 -1.23497 0)
(3.24323 -1.23421 0)
(3.25426 -1.23394 0)
(3.26494 -1.2348 0)
(3.27474 -1.2365 0)
(3.28332 -1.239 0)
(3.28991 -1.24114 0)
(3.29702 -1.24186 0)
(3.30705 -1.24263 0)
(3.31717 -1.24299 0)
(3.32703 -1.24355 0)
(3.33631 -1.24485 0)
(3.34487 -1.24644 0)
(3.35185 -1.24603 0)
(3.36179 -1.24256 0)
(3.36996 -1.24073 0)
(3.37952 -1.23766 0)
(3.39232 -1.23308 0)
(3.40351 -1.22597 0)
(3.41152 -1.22352 0)
(3.41922 -1.21957 0)
(3.42753 -1.21499 0)
(3.43507 -1.21097 0)
(3.44561 -1.20835 0)
(3.45613 -1.20352 0)
(3.46292 -1.19994 0)
(3.46851 -1.19588 0)
(3.47372 -1.19262 0)
(3.47849 -1.19298 0)
(3.48348 -1.19146 0)
(3.49079 -1.18873 0)
(3.50103 -1.18302 0)
(3.5072 -1.17854 0)
(3.51117 -1.17595 0)
(3.5128 -1.16908 0)
(3.51495 -1.1623 0)
(3.51911 -1.15736 0)
(3.52582 -1.15238 0)
(3.53587 -1.14637 0)
(3.54924 -1.13573 0)
(3.55439 -1.12801 0)
(3.56084 -1.11922 0)
(3.56464 -1.1087 0)
(3.57047 -1.09773 0)
(3.57695 -1.08836 0)
(3.58488 -1.079 0)
(3.59987 -1.07098 0)
(3.61063 -1.05336 0)
(3.61851 -1.03991 0)
(3.62681 -1.03502 0)
(3.62856 -1.02185 0)
(3.63267 -1.00779 0)
(3.63757 -1.0007 0)
(3.642 -0.995411 0)
(3.64645 -0.977252 0)
(3.65582 -0.952168 0)
(3.6657 -0.941884 0)
(3.67323 -0.938684 0)
(3.67385 -0.927141 0)
(3.67284 -0.909903 0)
(3.67789 -0.893375 0)
(3.68417 -0.88894 0)
(3.69185 -0.882791 0)
(3.69468 -0.860809 0)
(3.70361 -0.839062 0)
(3.71211 -0.832622 0)
(3.71752 -0.828636 0)
(3.71937 -0.818034 0)
(3.72286 -0.804507 0)
(3.73211 -0.790836 0)
(3.73919 -0.777231 0)
(3.74455 -0.768127 0)
(3.75177 -0.76148 0)
(3.75699 -0.751887 0)
(3.75936 -0.741737 0)
(3.76616 -0.72688 0)
(3.77117 -0.720439 0)
(3.77735 -0.715392 0)
(3.78376 -0.708127 0)
(3.78795 -0.700204 0)
(3.79361 -0.693814 0)
(3.80077 -0.69242 0)
(3.80525 -0.685962 0)
(3.80594 -0.675602 0)
(3.80811 -0.660669 0)
(3.81182 -0.650289 0)
(3.8132 -0.648163 0)
(3.8071 -0.627934 0)
(3.79938 -0.595904 0)
(3.79198 -0.560174 0)
(3.77738 -0.50836 0)
(3.76055 -0.481044 0)
(3.73581 -0.445202 0)
(3.69349 -0.349688 0)
(3.67695 -0.29987 0)
(3.65191 -0.249029 0)
(3.60568 -0.149683 0)
(3.58506 -0.110826 0)
(3.57318 -0.0895623 0)
(3.52893 -0.0144329 0)
(3.50738 0.0628545 0)
(3.49067 0.0724476 0)
(3.4731 0.0917443 0)
(3.44696 0.129046 0)
(3.43229 0.171376 0)
(3.42459 0.185648 0)
(3.4108 0.207046 0)
(3.39707 0.231464 0)
(3.39125 0.244767 0)
(3.38619 0.251471 0)
(3.38099 0.265167 0)
(3.3752 0.284484 0)
(3.36938 0.288037 0)
(3.364 0.290189 0)
(3.36694 0.298713 0)
(3.36692 0.305684 0)
(3.36885 0.308797 0)
(3.37262 0.309221 0)
(3.37719 0.312708 0)
(3.38122 0.317027 0)
(3.38397 0.318008 0)
(3.38608 0.318248 0)
(3.38889 0.313358 0)
(3.39079 0.305646 0)
(3.39148 0.304033 0)
(3.39234 0.304324 0)
(3.39467 0.297946 0)
(3.39447 0.289908 0)
(3.39525 0.290422 0)
(3.39612 0.293762 0)
(3.39735 0.290658 0)
(3.39756 0.287603 0)
(3.39937 0.291291 0)
(3.40102 0.294986 0)
(3.40243 0.293164 0)
(3.40183 0.291484 0)
(3.40203 0.295192 0)
(3.40186 0.300326 0)
(3.40096 0.301103 0)
(3.39908 0.300521 0)
(3.39878 0.303372 0)
(3.39985 0.307409 0)
(3.40085 0.309321 0)
(3.40108 0.308951 0)
(3.40122 0.309392 0)
(3.40208 0.312758 0)
(3.40204 0.316523 0)
(3.40135 0.316473 0)
(3.40113 0.315753 0)
(3.40263 0.318425 0)
(3.40437 0.321597 0)
(3.40616 0.320853 0)
(3.40684 0.317813 0)
(3.40667 0.317727 0)
(3.40679 0.321581 0)
(3.40699 0.324446 0)
(3.40792 0.322287 0)
(3.40828 0.320011 0)
(3.41007 0.322568 0)
(3.41237 0.327151 0)
(3.41474 0.328292 0)
(3.41594 0.324326 0)
(3.41438 0.320961 0)
(3.41341 0.32378 0)
(3.41406 0.330085 0)
(3.41487 0.333137 0)
(3.41708 0.330427 0)
(3.41847 0.327309 0)
(3.42096 0.328786 0)
(3.42315 0.333915 0)
(3.42303 0.336043 0)
(3.42167 0.331531 0)
(3.41945 0.326812 0)
(3.42013 0.328066 0)
(3.42284 0.332721 0)
(3.42446 0.335761 0)
(3.4266 0.334527 0)
(3.42853 0.33145 0)
(3.4301 0.331137 0)
(3.43093 0.334984 0)
(3.43006 0.339072 0)
(3.42926 0.33837 0)
(3.42979 0.333495 0)
(3.43034 0.330165 0)
(3.43199 0.331195 0)
(3.43484 0.335432 0)
(3.43708 0.340711 0)
(3.4378 0.343003 0)
(3.43798 0.339396 0)
(3.43765 0.334146 0)
(3.43822 0.333204 0)
(3.44081 0.33799 0)
(3.44188 0.344102 0)
(3.44128 0.346031 0)
(3.44197 0.341745 0)
(3.44276 0.336683 0)
(3.44406 0.336315 0)
(3.44664 0.342665 0)
(3.44601 0.349598 0)
(3.4477 0.347249 0)
(3.44953 0.343982 0)
(3.83242 0.546983 0)
(3.82338 0.538159 0)
(3.83852 0.519683 0)
(3.85254 0.495703 0)
(3.8595 0.479816 0)
(3.8694 0.483189 0)
(3.87503 0.490903 0)
(3.8862 0.485343 0)
(3.89993 0.457582 0)
(3.90174 0.430185 0)
(3.90016 0.424632 0)
(3.89617 0.425117 0)
(3.89802 0.418529 0)
(3.91287 0.412261 0)
(3.92713 0.396194 0)
(3.93648 0.37776 0)
(3.94486 0.37245 0)
(3.95014 0.377293 0)
(3.94846 0.380007 0)
(3.9526 0.358542 0)
(3.95732 0.327589 0)
(3.95848 0.31166 0)
(3.96471 0.315166 0)
(3.96837 0.320442 0)
(3.97712 0.316961 0)
(3.99287 0.306125 0)
(4.00236 0.283476 0)
(4.00692 0.27118 0)
(4.00914 0.269017 0)
(4.00458 0.265512 0)
(3.99805 0.255651 0)
(4.00618 0.248988 0)
(4.01571 0.23772 0)
(4.02471 0.223944 0)
(4.03481 0.216813 0)
(4.04125 0.215445 0)
(4.04444 0.21802 0)
(4.04619 0.21771 0)
(4.05144 0.198812 0)
(4.05234 0.172016 0)
(4.05265 0.16269 0)
(4.05868 0.162948 0)
(4.06348 0.161921 0)
(4.06773 0.157773 0)
(4.05369 0.124037 0)
(4.02081 0.0655398 0)
(3.92764 -0.0563984 0)
(3.76179 -0.266232 0)
(3.62097 -0.388399 0)
(3.35974 -0.639611 0)
(3.14435 -0.902601 0)
(3.05444 -0.943152 0)
(2.97034 -0.997349 0)
(2.89614 -1.10836 0)
(2.84753 -1.15233 0)
(2.84732 -1.14447 0)
(2.86845 -1.14175 0)
(2.89895 -1.13723 0)
(2.9278 -1.13725 0)
(2.95955 -1.13622 0)
(2.97951 -1.13228 0)
(2.98706 -1.12108 0)
(2.99785 -1.11698 0)
(3.01524 -1.12328 0)
(3.03191 -1.12404 0)
(3.04811 -1.1177 0)
(3.0586 -1.11813 0)
(3.06684 -1.12496 0)
(3.06841 -1.13572 0)
(3.06929 -1.14405 0)
(3.07646 -1.14771 0)
(3.08529 -1.15025 0)
(3.09672 -1.15202 0)
(3.10927 -1.15405 0)
(3.12213 -1.15704 0)
(3.13432 -1.15874 0)
(3.144 -1.15931 0)
(3.1503 -1.15886 0)
(3.16098 -1.15875 0)
(3.17524 -1.1592 0)
(3.18925 -1.15848 0)
(3.20237 -1.15706 0)
(3.21414 -1.15601 0)
(3.22415 -1.15585 0)
(3.23047 -1.15622 0)
(3.23806 -1.15785 0)
(3.25017 -1.16067 0)
(3.26217 -1.16116 0)
(3.27411 -1.15981 0)
(3.28508 -1.15991 0)
(3.29486 -1.16201 0)
(3.30185 -1.16482 0)
(3.308 -1.16669 0)
(3.31948 -1.16835 0)
(3.33117 -1.16858 0)
(3.34286 -1.16863 0)
(3.35475 -1.16904 0)
(3.36568 -1.16904 0)
(3.37478 -1.16891 0)
(3.38065 -1.16819 0)
(3.38868 -1.16713 0)
(3.39973 -1.16718 0)
(3.41034 -1.16748 0)
(3.4219 -1.16737 0)
(3.43316 -1.16634 0)
(3.44356 -1.16484 0)
(3.45186 -1.16518 0)
(3.45735 -1.16632 0)
(3.46651 -1.16721 0)
(3.47682 -1.16816 0)
(3.48757 -1.16738 0)
(3.49783 -1.16641 0)
(3.5074 -1.16764 0)
(3.51619 -1.16962 0)
(3.52347 -1.17018 0)
(3.53044 -1.16786 0)
(3.54079 -1.16594 0)
(3.55148 -1.16367 0)
(3.5621 -1.16029 0)
(3.57178 -1.15826 0)
(3.58029 -1.1581 0)
(3.58848 -1.15338 0)
(3.59935 -1.14702 0)
(3.60582 -1.14327 0)
(3.6163 -1.13825 0)
(3.62772 -1.13585 0)
(3.63631 -1.13228 0)
(3.64378 -1.12965 0)
(3.65431 -1.12596 0)
(3.66086 -1.12079 0)
(3.66829 -1.11651 0)
(3.67668 -1.11525 0)
(3.68277 -1.11154 0)
(3.68797 -1.10853 0)
(3.69277 -1.10495 0)
(3.69592 -1.09926 0)
(3.69963 -1.09369 0)
(3.70389 -1.09145 0)
(3.71213 -1.08676 0)
(3.72118 -1.07808 0)
(3.72848 -1.07051 0)
(3.7321 -1.06597 0)
(3.73477 -1.05773 0)
(3.74306 -1.04951 0)
(3.74931 -1.04217 0)
(3.75573 -1.03141 0)
(3.76588 -1.02189 0)
(3.78105 -1.01395 0)
(3.7915 -1.00229 0)
(3.79391 -0.993728 0)
(3.8002 -0.984629 0)
(3.80472 -0.972229 0)
(3.80759 -0.95887 0)
(3.81385 -0.94906 0)
(3.8218 -0.946264 0)
(3.82902 -0.938134 0)
(3.8362 -0.91633 0)
(3.84618 -0.896485 0)
(3.85301 -0.890175 0)
(3.85721 -0.890492 0)
(3.85712 -0.881967 0)
(3.8538 -0.865334 0)
(3.85799 -0.847249 0)
(3.86526 -0.837955 0)
(3.87411 -0.835081 0)
(3.87984 -0.819455 0)
(3.88541 -0.798119 0)
(3.89205 -0.791993 0)
(3.89764 -0.792037 0)
(3.90532 -0.785338 0)
(3.90914 -0.775079 0)
(3.91179 -0.760312 0)
(3.91848 -0.747706 0)
(3.92386 -0.736982 0)
(3.92915 -0.734404 0)
(3.93481 -0.730534 0)
(3.94183 -0.721926 0)
(3.94862 -0.707408 0)
(3.95023 -0.683387 0)
(3.95161 -0.669926 0)
(3.95321 -0.665198 0)
(3.94259 -0.635468 0)
(3.93317 -0.602109 0)
(3.9223 -0.566058 0)
(3.90652 -0.514982 0)
(3.89221 -0.487621 0)
(3.87028 -0.440444 0)
(3.83368 -0.335302 0)
(3.81872 -0.285234 0)
(3.80485 -0.257753 0)
(3.74873 -0.159967 0)
(3.72556 -0.0779124 0)
(3.71558 -0.0664538 0)
(3.68529 -0.0159597 0)
(3.64867 0.0728434 0)
(3.63567 0.104048 0)
(3.62191 0.113372 0)
(3.59463 0.149664 0)
(3.57078 0.199772 0)
(3.56048 0.225134 0)
(3.54429 0.236608 0)
(3.52801 0.254777 0)
(3.51517 0.282382 0)
(3.51034 0.297919 0)
(3.5032 0.303366 0)
(3.49973 0.313769 0)
(3.49359 0.328092 0)
(3.49087 0.333993 0)
(3.48614 0.339692 0)
(3.48247 0.344733 0)
(3.48219 0.351864 0)
(3.48219 0.355985 0)
(3.48474 0.357287 0)
(3.48892 0.358864 0)
(3.49326 0.362814 0)
(3.49647 0.364126 0)
(3.50008 0.363301 0)
(3.50202 0.361702 0)
(3.50261 0.358002 0)
(3.50352 0.352562 0)
(3.50491 0.35144 0)
(3.50543 0.351762 0)
(3.5062 0.345864 0)
(3.50595 0.33808 0)
(3.50655 0.337654 0)
(3.50724 0.342055 0)
(3.50843 0.340316 0)
(3.50872 0.334831 0)
(3.5096 0.336839 0)
(3.5099 0.343401 0)
(3.51032 0.343823 0)
(3.50991 0.340058 0)
(3.50933 0.341924 0)
(3.50863 0.347877 0)
(3.50789 0.34959 0)
(3.50684 0.348545 0)
(3.50599 0.349958 0)
(3.50602 0.351941 0)
(3.50662 0.353821 0)
(3.50608 0.356849 0)
(3.5043 0.358626 0)
(3.50342 0.357342 0)
(3.50394 0.357194 0)
(3.50525 0.36129 0)
(3.50502 0.365008 0)
(3.50563 0.363568 0)
(3.50657 0.360338 0)
(3.50789 0.362108 0)
(3.5073 0.36734 0)
(3.50528 0.367554 0)
(3.50395 0.363428 0)
(3.50471 0.363494 0)
(3.50686 0.367971 0)
(3.50836 0.369838 0)
(3.50988 0.366528 0)
(3.51047 0.36441 0)
(3.51123 0.367983 0)
(3.51012 0.371682 0)
(3.50893 0.368131 0)
(3.50708 0.36257 0)
(3.50798 0.363856 0)
(3.51019 0.369315 0)
(3.5115 0.371881 0)
(3.5139 0.368537 0)
(3.51459 0.364678 0)
(3.51509 0.367355 0)
(3.5137 0.37289 0)
(3.51171 0.372749 0)
(3.51071 0.369419 0)
(3.5113 0.369609 0)
(3.51262 0.371785 0)
(3.51387 0.371879 0)
(3.51465 0.370172 0)
(3.51569 0.371065 0)
(3.51698 0.375406 0)
(3.51691 0.377657 0)
(3.51656 0.373132 0)
(3.51479 0.36816 0)
(3.51548 0.369947 0)
(3.51802 0.375899 0)
(3.51944 0.380602 0)
(3.52042 0.37859 0)
(3.51927 0.372292 0)
(3.51705 0.370764 0)
(3.5176 0.37784 0)
(3.51656 0.384163 0)
(3.51922 0.380708 0)
(3.5209 0.376951 0)
(3.79902 0.613991 0)
(3.81076 0.584089 0)
(3.81681 0.57184 0)
(3.82532 0.574728 0)
(3.83217 0.578927 0)
(3.84857 0.573904 0)
(3.86616 0.553964 0)
(3.87371 0.529608 0)
(3.87437 0.518823 0)
(3.86677 0.51657 0)
(3.85953 0.509883 0)
(3.87164 0.500813 0)
(3.88622 0.48994 0)
(3.89837 0.471694 0)
(3.9079 0.462113 0)
(3.91756 0.46316 0)
(3.92242 0.467288 0)
(3.92614 0.456277 0)
(3.92703 0.423396 0)
(3.92519 0.403744 0)
(3.92823 0.405467 0)
(3.93157 0.405424 0)
(3.94397 0.401678 0)
(3.95822 0.393741 0)
(3.96955 0.376144 0)
(3.97692 0.364202 0)
(3.98157 0.360614 0)
(3.97816 0.359402 0)
(3.96788 0.349388 0)
(3.97453 0.333402 0)
(3.98622 0.320313 0)
(3.99299 0.308609 0)
(4.00006 0.305672 0)
(4.00865 0.309983 0)
(4.01629 0.313901 0)
(4.02911 0.298817 0)
(4.03136 0.274977 0)
(4.02453 0.265693 0)
(4.02449 0.252879 0)
(4.0233 0.246371 0)
(4.01531 0.230912 0)
(3.98377 0.175271 0)
(3.92578 0.0935139 0)
(3.75214 -0.119401 0)
(3.57452 -0.324932 0)
(3.41935 -0.453692 0)
(3.13729 -0.714336 0)
(2.97262 -0.929141 0)
(2.90185 -0.934864 0)
(2.87456 -0.973568 0)
(2.8346 -1.05027 0)
(2.81154 -1.07356 0)
(2.81924 -1.07294 0)
(2.84579 -1.06931 0)
(2.87762 -1.06491 0)
(2.91154 -1.06 0)
(2.94561 -1.05384 0)
(2.97115 -1.04862 0)
(2.98859 -1.0408 0)
(2.99248 -1.03482 0)
(3.00384 -1.0427 0)
(3.01776 -1.0488 0)
(3.03146 -1.0461 0)
(3.04622 -1.04349 0)
(3.05597 -1.04746 0)
(3.06394 -1.05582 0)
(3.06833 -1.06518 0)
(3.07052 -1.07188 0)
(3.07857 -1.07559 0)
(3.08985 -1.07821 0)
(3.10375 -1.07929 0)
(3.11843 -1.07956 0)
(3.13253 -1.08065 0)
(3.14572 -1.0815 0)
(3.15612 -1.08225 0)
(3.16299 -1.08263 0)
(3.17464 -1.08361 0)
(3.18895 -1.08453 0)
(3.20322 -1.08349 0)
(3.21671 -1.08204 0)
(3.22887 -1.082 0)
(3.23934 -1.08328 0)
(3.2466 -1.08532 0)
(3.25387 -1.0875 0)
(3.26584 -1.08951 0)
(3.27824 -1.08947 0)
(3.29078 -1.0882 0)
(3.30264 -1.08907 0)
(3.3141 -1.09146 0)
(3.32433 -1.09385 0)
(3.33217 -1.09497 0)
(3.34054 -1.09538 0)
(3.35158 -1.09588 0)
(3.36413 -1.09625 0)
(3.37623 -1.09672 0)
(3.38802 -1.09818 0)
(3.39961 -1.09936 0)
(3.40975 -1.10039 0)
(3.41773 -1.10183 0)
(3.42577 -1.10246 0)
(3.43687 -1.10289 0)
(3.44792 -1.10325 0)
(3.45936 -1.10324 0)
(3.46997 -1.10447 0)
(3.47999 -1.10639 0)
(3.48968 -1.10689 0)
(3.49858 -1.10698 0)
(3.50747 -1.10771 0)
(3.51858 -1.10728 0)
(3.53048 -1.10564 0)
(3.54093 -1.10487 0)
(3.55127 -1.10689 0)
(3.56134 -1.1074 0)
(3.57125 -1.10335 0)
(3.57986 -1.10257 0)
(3.58858 -1.10453 0)
(3.60001 -1.10385 0)
(3.61255 -1.10071 0)
(3.62227 -1.09781 0)
(3.63184 -1.09791 0)
(3.6401 -1.09934 0)
(3.64861 -1.09733 0)
(3.65893 -1.0948 0)
(3.66758 -1.09634 0)
(3.67796 -1.09722 0)
(3.68997 -1.09564 0)
(3.69884 -1.09404 0)
(3.70654 -1.09457 0)
(3.71314 -1.09365 0)
(3.72298 -1.09129 0)
(3.73083 -1.09084 0)
(3.74003 -1.08999 0)
(3.75013 -1.08909 0)
(3.75929 -1.0865 0)
(3.7683 -1.0839 0)
(3.77631 -1.08136 0)
(3.7859 -1.07427 0)
(3.79445 -1.06795 0)
(3.80013 -1.06604 0)
(3.80917 -1.06189 0)
(3.81981 -1.06064 0)
(3.82954 -1.05626 0)
(3.83588 -1.05398 0)
(3.84717 -1.04986 0)
(3.85534 -1.04333 0)
(3.85978 -1.03885 0)
(3.86345 -1.03466 0)
(3.86728 -1.03252 0)
(3.87087 -1.03042 0)
(3.87581 -1.02746 0)
(3.88179 -1.02517 0)
(3.89033 -1.02293 0)
(3.89873 -1.01695 0)
(3.90355 -1.01304 0)
(3.90706 -1.01018 0)
(3.90882 -1.00229 0)
(3.90628 -0.992743 0)
(3.90798 -0.985341 0)
(3.91434 -0.981115 0)
(3.92315 -0.976624 0)
(3.93563 -0.969972 0)
(3.95081 -0.95673 0)
(3.95589 -0.948841 0)
(3.95592 -0.946715 0)
(3.95571 -0.936607 0)
(3.95895 -0.920731 0)
(3.96468 -0.907447 0)
(3.97231 -0.900141 0)
(3.98324 -0.895047 0)
(3.99408 -0.88378 0)
(4.00476 -0.871949 0)
(4.00987 -0.865335 0)
(4.01068 -0.857352 0)
(4.0111 -0.845884 0)
(4.01328 -0.838496 0)
(4.01443 -0.829854 0)
(4.0167 -0.821268 0)
(4.02054 -0.807519 0)
(4.02854 -0.7948 0)
(4.03656 -0.788054 0)
(4.04145 -0.782718 0)
(4.04439 -0.776362 0)
(4.04493 -0.767161 0)
(4.04446 -0.750935 0)
(4.05006 -0.742682 0)
(4.05241 -0.727071 0)
(4.05265 -0.700536 0)
(4.05539 -0.684123 0)
(4.05287 -0.656794 0)
(4.04652 -0.622373 0)
(4.04062 -0.604745 0)
(4.02828 -0.563735 0)
(4.00516 -0.489966 0)
(3.98851 -0.446646 0)
(3.96473 -0.385485 0)
(3.93795 -0.296957 0)
(3.92327 -0.263718 0)
(3.90352 -0.215544 0)
(3.8535 -0.09728 0)
(3.83844 -0.0242133 0)
(3.82758 -0.0212674 0)
(3.79735 0.0251677 0)
(3.75482 0.116018 0)
(3.74172 0.160839 0)
(3.72735 0.164643 0)
(3.6988 0.199215 0)
(3.6761 0.244625 0)
(3.66962 0.260049 0)
(3.65236 0.278945 0)
(3.6352 0.29963 0)
(3.62357 0.327676 0)
(3.6174 0.335689 0)
(3.6088 0.348901 0)
(3.60302 0.361598 0)
(3.59854 0.373106 0)
(3.59624 0.37788 0)
(3.58977 0.385319 0)
(3.58698 0.391382 0)
(3.58468 0.397122 0)
(3.58421 0.400594 0)
(3.58488 0.401471 0)
(3.58656 0.405682 0)
(3.58892 0.408805 0)
(3.5922 0.408457 0)
(3.59506 0.410222 0)
(3.5982 0.410863 0)
(3.60213 0.405739 0)
(3.60495 0.402268 0)
(3.60634 0.403569 0)
(3.60779 0.400771 0)
(3.609 0.394565 0)
(3.60835 0.391536 0)
(3.60753 0.388928 0)
(3.60751 0.38665 0)
(3.60818 0.387974 0)
(3.60885 0.388358 0)
(3.61031 0.383803 0)
(3.61034 0.380214 0)
(3.61103 0.384711 0)
(3.60969 0.392446 0)
(3.60861 0.392602 0)
(3.6069 0.387057 0)
(3.60533 0.38699 0)
(3.60604 0.39284 0)
(3.60621 0.396518 0)
(3.60671 0.39491 0)
(3.60535 0.393561 0)
(3.60418 0.397985 0)
(3.60259 0.403777 0)
(3.60195 0.403474 0)
(3.60036 0.39964 0)
(3.59979 0.401477 0)
(3.60055 0.407134 0)
(3.60187 0.409647 0)
(3.60332 0.406497 0)
(3.60244 0.404157 0)
(3.60162 0.407764 0)
(3.60064 0.412432 0)
(3.60092 0.41035 0)
(3.60013 0.404528 0)
(3.59967 0.40478 0)
(3.60065 0.409565 0)
(3.60192 0.412434 0)
(3.60446 0.40869 0)
(3.60431 0.402536 0)
(3.60323 0.402171 0)
(3.60268 0.408377 0)
(3.6011 0.413018 0)
(3.60098 0.409832 0)
(3.60052 0.406206 0)
(3.60142 0.408271 0)
(3.60216 0.412803 0)
(3.60204 0.41288 0)
(3.60117 0.408096 0)
(3.60008 0.405873 0)
(3.60079 0.410095 0)
(3.60049 0.414564 0)
(3.6008 0.412511 0)
(3.60058 0.408396 0)
(3.60162 0.409256 0)
(3.60388 0.414788 0)
(3.60437 0.418688 0)
(3.60318 0.414551 0)
(3.59905 0.40818 0)
(3.59775 0.411152 0)
(3.59759 0.41916 0)
(3.59895 0.419283 0)
(3.59963 0.416782 0)
(3.77745 0.66328 0)
(3.78043 0.667408 0)
(3.79027 0.664522 0)
(3.80802 0.661558 0)
(3.82587 0.644787 0)
(3.83835 0.621135 0)
(3.84715 0.609693 0)
(3.849 0.60898 0)
(3.83788 0.606793 0)
(3.8318 0.591378 0)
(3.84713 0.577879 0)
(3.86145 0.560585 0)
(3.87087 0.548005 0)
(3.88033 0.54665 0)
(3.8881 0.550838 0)
(3.89812 0.547981 0)
(3.90778 0.525274 0)
(3.90475 0.498536 0)
(3.89896 0.491538 0)
(3.89707 0.489826 0)
(3.90774 0.484457 0)
(3.9221 0.479844 0)
(3.93599 0.46522 0)
(3.94453 0.452669 0)
(3.95328 0.448617 0)
(3.95892 0.446683 0)
(3.95381 0.440687 0)
(3.94642 0.422375 0)
(3.95402 0.404226 0)
(3.96202 0.393104 0)
(3.9709 0.393224 0)
(3.97857 0.394626 0)
(3.99113 0.390923 0)
(4.0009 0.37853 0)
(4.00655 0.370336 0)
(4.00481 0.351326 0)
(3.98943 0.318036 0)
(3.9547 0.275109 0)
(3.88228 0.194267 0)
(3.77007 0.0722888 0)
(3.52099 -0.229175 0)
(3.35186 -0.414528 0)
(3.19578 -0.540456 0)
(2.96222 -0.752913 0)
(2.83005 -0.923491 0)
(2.78853 -0.917188 0)
(2.78625 -0.947301 0)
(2.7855 -0.995562 0)
(2.79279 -1.00062 0)
(2.80918 -1.00077 0)
(2.83629 -0.994847 0)
(2.86503 -0.991906 0)
(2.89951 -0.988837 0)
(2.93515 -0.981817 0)
(2.96376 -0.971995 0)
(2.98555 -0.962543 0)
(2.99699 -0.95737 0)
(3.0007 -0.965976 0)
(3.01238 -0.975746 0)
(3.02387 -0.978757 0)
(3.03685 -0.976707 0)
(3.05156 -0.978593 0)
(3.06182 -0.985285 0)
(3.07093 -0.992398 0)
(3.07799 -0.999137 0)
(3.08211 -1.00394 0)
(3.09051 -1.00684 0)
(3.10364 -1.00905 0)
(3.11884 -1.00984 0)
(3.13515 -1.00917 0)
(3.15056 -1.00968 0)
(3.16514 -1.01076 0)
(3.17748 -1.0119 0)
(3.18558 -1.01286 0)
(3.19512 -1.01379 0)
(3.20948 -1.01516 0)
(3.22406 -1.01461 0)
(3.23835 -1.01337 0)
(3.25156 -1.01403 0)
(3.2639 -1.01594 0)
(3.27433 -1.01832 0)
(3.28151 -1.02016 0)
(3.29108 -1.02127 0)
(3.30375 -1.02225 0)
(3.31685 -1.02181 0)
(3.32975 -1.02192 0)
(3.34237 -1.0235 0)
(3.35459 -1.02515 0)
(3.36531 -1.02671 0)
(3.37331 -1.0277 0)
(3.38376 -1.02773 0)
(3.3963 -1.0282 0)
(3.40833 -1.02902 0)
(3.42074 -1.0295 0)
(3.43254 -1.02964 0)
(3.44343 -1.03035 0)
(3.45352 -1.0315 0)
(3.46241 -1.03239 0)
(3.47251 -1.0327 0)
(3.48519 -1.03266 0)
(3.49714 -1.03177 0)
(3.50842 -1.0321 0)
(3.52013 -1.03159 0)
(3.5305 -1.03065 0)
(3.53815 -1.03089 0)
(3.54632 -1.0301 0)
(3.55854 -1.02958 0)
(3.56905 -1.03081 0)
(3.5811 -1.03111 0)
(3.59376 -1.02929 0)
(3.60416 -1.02769 0)
(3.61392 -1.02738 0)
(3.62131 -1.027 0)
(3.62949 -1.02621 0)
(3.64096 -1.02564 0)
(3.65082 -1.02684 0)
(3.66155 -1.02766 0)
(3.67418 -1.02633 0)
(3.68447 -1.02462 0)
(3.69359 -1.02513 0)
(3.70179 -1.02599 0)
(3.70739 -1.02517 0)
(3.71836 -1.02422 0)
(3.72785 -1.02376 0)
(3.73753 -1.02561 0)
(3.74815 -1.02702 0)
(3.7599 -1.02569 0)
(3.76935 -1.02364 0)
(3.77715 -1.02416 0)
(3.78386 -1.02419 0)
(3.78964 -1.0211 0)
(3.80105 -1.02036 0)
(3.81069 -1.01838 0)
(3.81995 -1.01804 0)
(3.82997 -1.02077 0)
(3.84162 -1.02103 0)
(3.85231 -1.01711 0)
(3.85977 -1.01357 0)
(3.86561 -1.01184 0)
(3.86987 -1.01015 0)
(3.87867 -1.01072 0)
(3.88768 -1.01238 0)
(3.89649 -1.01238 0)
(3.90635 -1.01129 0)
(3.91647 -1.00956 0)
(3.92481 -1.00959 0)
(3.93267 -1.00904 0)
(3.93779 -1.00719 0)
(3.94054 -1.00305 0)
(3.94438 -1.00068 0)
(3.95027 -0.997045 0)
(3.96022 -0.994515 0)
(3.96957 -0.991872 0)
(3.97687 -0.988834 0)
(3.98415 -0.988229 0)
(3.99262 -0.987594 0)
(3.99952 -0.983261 0)
(4.00712 -0.971461 0)
(4.01027 -0.964256 0)
(4.01224 -0.9612 0)
(4.01739 -0.956252 0)
(4.02437 -0.955929 0)
(4.02903 -0.953886 0)
(4.03666 -0.95084 0)
(4.04481 -0.946062 0)
(4.04893 -0.94178 0)
(4.05242 -0.93863 0)
(4.05381 -0.935845 0)
(4.05268 -0.929267 0)
(4.05275 -0.921174 0)
(4.05438 -0.916923 0)
(4.05715 -0.91437 0)
(4.06417 -0.910646 0)
(4.07526 -0.905504 0)
(4.08254 -0.90035 0)
(4.08533 -0.8958 0)
(4.08594 -0.889922 0)
(4.08178 -0.881193 0)
(4.08512 -0.870527 0)
(4.09442 -0.863948 0)
(4.10125 -0.857211 0)
(4.10945 -0.851582 0)
(4.12179 -0.844891 0)
(4.13114 -0.838282 0)
(4.13403 -0.836878 0)
(4.13501 -0.833286 0)
(4.13176 -0.821974 0)
(4.13491 -0.808655 0)
(4.13978 -0.800481 0)
(4.14589 -0.795719 0)
(4.15213 -0.789525 0)
(4.15944 -0.783189 0)
(4.16228 -0.771718 0)
(4.15713 -0.755226 0)
(4.15601 -0.738552 0)
(4.15555 -0.724288 0)
(4.15021 -0.697983 0)
(4.14018 -0.660342 0)
(4.13164 -0.629479 0)
(4.11744 -0.572936 0)
(4.10365 -0.506149 0)
(4.09286 -0.482838 0)
(4.06545 -0.415375 0)
(4.02949 -0.297718 0)
(4.01811 -0.259084 0)
(3.98823 -0.194497 0)
(3.94473 -0.0715949 0)
(3.93284 -0.0407969 0)
(3.92752 -0.0171696 0)
(3.86979 0.0844495 0)
(3.85375 0.164636 0)
(3.8431 0.163966 0)
(3.81662 0.195369 0)
(3.78325 0.258014 0)
(3.77408 0.278846 0)
(3.7602 0.295499 0)
(3.73509 0.32209 0)
(3.72223 0.351891 0)
(3.71511 0.358648 0)
(3.7055 0.3723 0)
(3.69895 0.387286 0)
(3.68882 0.407575 0)
(3.68642 0.412741 0)
(3.6834 0.419719 0)
(3.67947 0.427151 0)
(3.67694 0.434299 0)
(3.67462 0.439404 0)
(3.67227 0.441595 0)
(3.67111 0.447681 0)
(3.67054 0.453318 0)
(3.67224 0.454234 0)
(3.67489 0.453332 0)
(3.67758 0.45406 0)
(3.68058 0.456931 0)
(3.68388 0.458739 0)
(3.68871 0.455346 0)
(3.69184 0.449392 0)
(3.69207 0.44751 0)
(3.69263 0.4464 0)
(3.69421 0.443903 0)
(3.69431 0.443277 0)
(3.69311 0.441025 0)
(3.69298 0.434631 0)
(3.69275 0.431702 0)
(3.69416 0.43639 0)
(3.69444 0.441004 0)
(3.69575 0.437461 0)
(3.69502 0.431293 0)
(3.69461 0.431715 0)
(3.69482 0.437428 0)
(3.6939 0.440141 0)
(3.69234 0.438608 0)
(3.69122 0.439097 0)
(3.69161 0.443476 0)
(3.69123 0.447859 0)
(3.69002 0.44729 0)
(3.68895 0.44349 0)
(3.68868 0.441688 0)
(3.68979 0.444967 0)
(3.68943 0.449011 0)
(3.68788 0.449318 0)
(3.6867 0.44947 0)
(3.68689 0.452128 0)
(3.68759 0.453197 0)
(3.68741 0.449701 0)
(3.68543 0.446976 0)
(3.685 0.449425 0)
(3.68587 0.45383 0)
(3.68763 0.454413 0)
(3.68864 0.450257 0)
(3.68798 0.448915 0)
(3.68768 0.453131 0)
(3.6869 0.456413 0)
(3.68491 0.453139 0)
(3.68121 0.44993 0)
(3.68083 0.453008 0)
(3.68186 0.457484 0)
(3.68378 0.458312 0)
(3.68643 0.453327 0)
(3.68652 0.447945 0)
(3.68718 0.449359 0)
(3.68737 0.456374 0)
(3.68548 0.459085 0)
(3.68304 0.452978 0)
(3.68063 0.450717 0)
(3.68107 0.457037 0)
(3.68195 0.459775 0)
(3.68189 0.458167 0)
(3.74949 0.754466 0)
(3.76673 0.745673 0)
(3.78581 0.724175 0)
(3.79885 0.701153 0)
(3.80781 0.698379 0)
(3.8157 0.701931 0)
(3.82207 0.705108 0)
(3.81984 0.693561 0)
(3.82215 0.6568 0)
(3.82617 0.632639 0)
(3.83154 0.628831 0)
(3.84002 0.63454 0)
(3.84844 0.63827 0)
(3.86671 0.633092 0)
(3.8831 0.611904 0)
(3.88878 0.58823 0)
(3.88728 0.578133 0)
(3.87623 0.574342 0)
(3.87326 0.568102 0)
(3.88642 0.563404 0)
(3.90044 0.553296 0)
(3.9124 0.537223 0)
(3.92225 0.529577 0)
(3.93066 0.52799 0)
(3.93625 0.527315 0)
(3.93529 0.520251 0)
(3.93355 0.491124 0)
(3.93597 0.472638 0)
(3.94092 0.474517 0)
(3.95067 0.472516 0)
(3.95985 0.471122 0)
(3.96787 0.465757 0)
(3.96454 0.439589 0)
(3.94305 0.390121 0)
(3.8704 0.288298 0)
(3.73559 0.138955 0)
(3.58378 0.0063107 0)
(3.28114 -0.298043 0)
(3.07954 -0.532715 0)
(2.97418 -0.634004 0)
(2.84696 -0.770439 0)
(2.74952 -0.86167 0)
(2.71105 -0.882555 0)
(2.71491 -0.91854 0)
(2.74571 -0.938569 0)
(2.77562 -0.937489 0)
(2.81633 -0.932185 0)
(2.85308 -0.921839 0)
(2.87697 -0.917922 0)
(2.895 -0.91388 0)
(2.92429 -0.910866 0)
(2.95372 -0.904358 0)
(2.98086 -0.892368 0)
(3.00121 -0.886144 0)
(3.01637 -0.892198 0)
(3.02233 -0.903009 0)
(3.02702 -0.911191 0)
(3.03776 -0.913964 0)
(3.04844 -0.914724 0)
(3.06237 -0.919707 0)
(3.07692 -0.92745 0)
(3.08907 -0.931643 0)
(3.10152 -0.93625 0)
(3.11063 -0.940111 0)
(3.11745 -0.942341 0)
(3.13005 -0.943595 0)
(3.1457 -0.944471 0)
(3.16255 -0.94361 0)
(3.17886 -0.94341 0)
(3.19444 -0.94473 0)
(3.20884 -0.946572 0)
(3.22057 -0.948532 0)
(3.22935 -0.949809 0)
(3.24251 -0.9511 0)
(3.25706 -0.951534 0)
(3.27161 -0.950478 0)
(3.28538 -0.950778 0)
(3.29858 -0.952643 0)
(3.31092 -0.955123 0)
(3.32122 -0.957362 0)
(3.33061 -0.958404 0)
(3.34352 -0.95934 0)
(3.35677 -0.959697 0)
(3.37003 -0.959914 0)
(3.38308 -0.960793 0)
(3.39559 -0.961884 0)
(3.407 -0.963239 0)
(3.41667 -0.964396 0)
(3.42751 -0.965055 0)
(3.44027 -0.966304 0)
(3.45304 -0.967107 0)
(3.4662 -0.967146 0)
(3.47905 -0.967045 0)
(3.49121 -0.96731 0)
(3.50185 -0.968088 0)
(3.50954 -0.968002 0)
(3.51898 -0.967909 0)
(3.5319 -0.969315 0)
(3.5434 -0.969925 0)
(3.5559 -0.970015 0)
(3.56938 -0.969182 0)
(3.58142 -0.968513 0)
(3.59214 -0.969222 0)
(3.60144 -0.969799 0)
(3.60776 -0.968664 0)
(3.61918 -0.967826 0)
(3.63072 -0.966706 0)
(3.64145 -0.967283 0)
(3.65304 -0.968314 0)
(3.66575 -0.96749 0)
(3.67617 -0.966444 0)
(3.68525 -0.967069 0)
(3.69275 -0.966831 0)
(3.69956 -0.964691 0)
(3.71148 -0.964162 0)
(3.72164 -0.962564 0)
(3.73177 -0.963313 0)
(3.74315 -0.963778 0)
(3.75511 -0.961638 0)
(3.76415 -0.960273 0)
(3.77178 -0.960932 0)
(3.77746 -0.959781 0)
(3.78514 -0.957239 0)
(3.79638 -0.956037 0)
(3.80558 -0.954692 0)
(3.81511 -0.956119 0)
(3.82573 -0.956572 0)
(3.83693 -0.953464 0)
(3.84495 -0.95115 0)
(3.85144 -0.951425 0)
(3.8565 -0.949677 0)
(3.86194 -0.946584 0)
(3.87211 -0.946946 0)
(3.881 -0.945668 0)
(3.89019 -0.945739 0)
(3.89957 -0.947335 0)
(3.9105 -0.946592 0)
(3.9196 -0.944149 0)
(3.92645 -0.943677 0)
(3.93214 -0.943431 0)
(3.93558 -0.940338 0)
(3.93972 -0.937647 0)
(3.94903 -0.937911 0)
(3.95703 -0.937906 0)
(3.96616 -0.937538 0)
(3.97547 -0.938414 0)
(3.98516 -0.938566 0)
(3.99449 -0.936591 0)
(4.00133 -0.934089 0)
(4.00544 -0.931564 0)
(4.0066 -0.927481 0)
(4.00816 -0.924018 0)
(4.01677 -0.924825 0)
(4.02456 -0.924822 0)
(4.03211 -0.924305 0)
(4.04067 -0.92545 0)
(4.05134 -0.925946 0)
(4.06094 -0.924367 0)
(4.06765 -0.921103 0)
(4.07117 -0.917752 0)
(4.07051 -0.914535 0)
(4.07253 -0.91285 0)
(4.07976 -0.913155 0)
(4.0859 -0.912285 0)
(4.09362 -0.908611 0)
(4.10016 -0.906454 0)
(4.1089 -0.905234 0)
(4.11577 -0.903759 0)
(4.11846 -0.90273 0)
(4.11713 -0.899383 0)
(4.11799 -0.889051 0)
(4.12618 -0.883588 0)
(4.13204 -0.880945 0)
(4.13684 -0.877683 0)
(4.14232 -0.877395 0)
(4.15272 -0.877033 0)
(4.16149 -0.873287 0)
(4.16616 -0.865337 0)
(4.16666 -0.858525 0)
(4.16424 -0.851548 0)
(4.16226 -0.847919 0)
(4.16403 -0.847539 0)
(4.1672 -0.846421 0)
(4.17283 -0.842785 0)
(4.17897 -0.838814 0)
(4.18771 -0.835537 0)
(4.1928 -0.832398 0)
(4.19439 -0.831278 0)
(4.196 -0.827562 0)
(4.19288 -0.819371 0)
(4.1915 -0.810316 0)
(4.19655 -0.806684 0)
(4.20161 -0.804416 0)
(4.20937 -0.800637 0)
(4.22038 -0.794863 0)
(4.2246 -0.791157 0)
(4.22737 -0.788142 0)
(4.2251 -0.781944 0)
(4.22952 -0.768764 0)
(4.23483 -0.757279 0)
(4.23844 -0.749809 0)
(4.24198 -0.743069 0)
(4.24604 -0.738481 0)
(4.24671 -0.720915 0)
(4.23879 -0.68755 0)
(4.23259 -0.666427 0)
(4.22075 -0.635079 0)
(4.20476 -0.581899 0)
(4.19233 -0.54767 0)
(4.16657 -0.485305 0)
(4.13626 -0.378373 0)
(4.12571 -0.34111 0)
(4.10756 -0.296686 0)
(4.05388 -0.165246 0)
(4.03842 -0.106773 0)
(4.02959 -0.0721298 0)
(3.97055 0.0478567 0)
(3.95215 0.134071 0)
(3.94353 0.129245 0)
(3.9222 0.164865 0)
(3.87799 0.252084 0)
(3.86875 0.30622 0)
(3.85698 0.305199 0)
(3.82823 0.332343 0)
(3.80815 0.373966 0)
(3.80272 0.386522 0)
(3.78794 0.399792 0)
(3.77477 0.41343 0)
(3.76536 0.436366 0)
(3.76282 0.442657 0)
(3.75869 0.450339 0)
(3.75849 0.463348 0)
(3.75508 0.471239 0)
(3.74857 0.476765 0)
(3.74697 0.482016 0)
(3.74345 0.486499 0)
(3.743 0.491337 0)
(3.74243 0.49653 0)
(3.74326 0.496697 0)
(3.74507 0.49768 0)
(3.74712 0.502625 0)
(3.74965 0.503913 0)
(3.75172 0.50035 0)
(3.75295 0.500901 0)
(3.75538 0.502266 0)
(3.75933 0.500939 0)
(3.76291 0.497719 0)
(3.76479 0.49217 0)
(3.7647 0.487219 0)
(3.76445 0.487437 0)
(3.76447 0.489441 0)
(3.76577 0.487057 0)
(3.7664 0.482193 0)
(3.76664 0.483177 0)
(3.76643 0.488313 0)
(3.76636 0.488179 0)
(3.76665 0.481434 0)
(3.76536 0.477666 0)
(3.76714 0.481787 0)
(3.76791 0.488781 0)
(3.7674 0.491188 0)
(3.7672 0.486985 0)
(3.7657 0.482942 0)
(3.76435 0.485803 0)
(3.76139 0.491321 0)
(3.75945 0.491222 0)
(3.75957 0.488245 0)
(3.7613 0.487868 0)
(3.76446 0.490808 0)
(3.76605 0.493495 0)
(3.76632 0.492096 0)
(3.76533 0.489369 0)
(3.76427 0.491879 0)
(3.76146 0.497964 0)
(3.75782 0.498796 0)
(3.75635 0.496626 0)
(3.75744 0.496956 0)
(3.76014 0.498231 0)
(3.76282 0.496892 0)
(3.76303 0.492828 0)
(3.76162 0.492047 0)
(3.76077 0.498091 0)
(3.75921 0.502911 0)
(3.76103 0.497717 0)
(3.76072 0.492795 0)
(3.76082 0.495548 0)
(3.76099 0.498693 0)
(3.76019 0.499621 0)
(3.74977 0.789555 0)
(3.75648 0.787017 0)
(3.76644 0.794664 0)
(3.77618 0.800207 0)
(3.79574 0.79161 0)
(3.81128 0.762533 0)
(3.81311 0.730609 0)
(3.80801 0.719732 0)
(3.80149 0.726623 0)
(3.7998 0.725709 0)
(3.815 0.722445 0)
(3.83068 0.713747 0)
(3.84736 0.687217 0)
(3.85777 0.666352 0)
(3.86777 0.661773 0)
(3.86853 0.665115 0)
(3.85696 0.664115 0)
(3.85273 0.647964 0)
(3.86864 0.633723 0)
(3.88031 0.616481 0)
(3.88712 0.607864 0)
(3.89681 0.610716 0)
(3.90683 0.615622 0)
(3.92146 0.604728 0)
(3.92741 0.576056 0)
(3.91732 0.560614 0)
(3.91548 0.553574 0)
(3.91695 0.550317 0)
(3.91384 0.54158 0)
(3.89515 0.504369 0)
(3.84809 0.430512 0)
(3.69849 0.230876 0)
(3.53148 0.0383166 0)
(3.3376 -0.137207 0)
(3.08848 -0.355624 0)
(2.85781 -0.593788 0)
(2.74335 -0.731835 0)
(2.7163 -0.763551 0)
(2.71361 -0.806316 0)
(2.71071 -0.841048 0)
(2.71101 -0.870029 0)
(2.7246 -0.885054 0)
(2.7584 -0.881604 0)
(2.80417 -0.863837 0)
(2.85341 -0.843477 0)
(2.89079 -0.843547 0)
(2.92175 -0.848351 0)
(2.9476 -0.840412 0)
(2.96337 -0.824037 0)
(2.97606 -0.817889 0)
(2.99701 -0.824649 0)
(3.01487 -0.830264 0)
(3.0332 -0.835328 0)
(3.04867 -0.841113 0)
(3.06172 -0.846464 0)
(3.07046 -0.852186 0)
(3.07773 -0.858833 0)
(3.08986 -0.863843 0)
(3.10402 -0.867472 0)
(3.11978 -0.869228 0)
(3.13505 -0.872374 0)
(3.1502 -0.876326 0)
(3.16407 -0.879919 0)
(3.17588 -0.881392 0)
(3.19032 -0.881186 0)
(3.20632 -0.880978 0)
(3.22235 -0.881021 0)
(3.23801 -0.881832 0)
(3.25292 -0.883288 0)
(3.26648 -0.885107 0)
(3.27789 -0.886785 0)
(3.29065 -0.888348 0)
(3.30544 -0.88998 0)
(3.32022 -0.890325 0)
(3.33473 -0.890512 0)
(3.3487 -0.891671 0)
(3.36189 -0.893252 0)
(3.37301 -0.894748 0)
(3.38284 -0.896057 0)
(3.39574 -0.897617 0)
(3.40959 -0.898888 0)
(3.4239 -0.899199 0)
(3.43813 -0.899552 0)
(3.45187 -0.900501 0)
(3.4649 -0.901507 0)
(3.47612 -0.902151 0)
(3.48418 -0.902524 0)
(3.49426 -0.903311 0)
(3.50724 -0.904105 0)
(3.52128 -0.904594 0)
(3.53529 -0.904333 0)
(3.54801 -0.905048 0)
(3.56101 -0.906203 0)
(3.57382 -0.906099 0)
(3.58408 -0.905689 0)
(3.59094 -0.905103 0)
(3.59848 -0.903021 0)
(3.61212 -0.902776 0)
(3.62408 -0.901796 0)
(3.63537 -0.903212 0)
(3.64776 -0.904706 0)
(3.66126 -0.903655 0)
(3.67251 -0.901702 0)
(3.68166 -0.901963 0)
(3.68839 -0.902118 0)
(3.69632 -0.899765 0)
(3.70877 -0.897401 0)
(3.71916 -0.896331 0)
(3.7295 -0.89798 0)
(3.74145 -0.898181 0)
(3.75289 -0.896056 0)
(3.76171 -0.895307 0)
(3.76923 -0.895279 0)
(3.77405 -0.892978 0)
(3.78339 -0.8909 0)
(3.79406 -0.889271 0)
(3.80342 -0.888521 0)
(3.81343 -0.889024 0)
(3.82542 -0.887271 0)
(3.83536 -0.884635 0)
(3.84311 -0.88421 0)
(3.84955 -0.883687 0)
(3.85287 -0.880705 0)
(3.86134 -0.879112 0)
(3.87117 -0.877742 0)
(3.87975 -0.877203 0)
(3.88879 -0.878135 0)
(3.89995 -0.877064 0)
(3.90945 -0.874888 0)
(3.91682 -0.874142 0)
(3.9232 -0.87304 0)
(3.92655 -0.869545 0)
(3.92924 -0.867106 0)
(3.93826 -0.867043 0)
(3.94622 -0.86695 0)
(3.95466 -0.867691 0)
(3.9647 -0.867335 0)
(3.9751 -0.865611 0)
(3.9831 -0.864265 0)
(3.99015 -0.863919 0)
(3.99657 -0.862527 0)
(3.99923 -0.859054 0)
(3.99917 -0.856286 0)
(4.00595 -0.855337 0)
(4.01346 -0.854449 0)
(4.0215 -0.854344 0)
(4.02979 -0.855183 0)
(4.03974 -0.854951 0)
(4.04872 -0.853953 0)
(4.05607 -0.8537 0)
(4.0619 -0.853239 0)
(4.06499 -0.850278 0)
(4.06247 -0.846904 0)
(4.06645 -0.844785 0)
(4.07286 -0.843821 0)
(4.07956 -0.844714 0)
(4.087 -0.846873 0)
(4.09697 -0.847533 0)
(4.10643 -0.846304 0)
(4.11333 -0.846013 0)
(4.1188 -0.845676 0)
(4.12115 -0.843071 0)
(4.1189 -0.838681 0)
(4.12308 -0.834693 0)
(4.12883 -0.834367 0)
(4.13522 -0.836406 0)
(4.14285 -0.838085 0)
(4.15302 -0.837167 0)
(4.16063 -0.834762 0)
(4.16581 -0.833582 0)
(4.16888 -0.831461 0)
(4.16679 -0.827992 0)
(4.16892 -0.823794 0)
(4.17502 -0.821222 0)
(4.18005 -0.822 0)
(4.18667 -0.822176 0)
(4.19635 -0.823382 0)
(4.20426 -0.822587 0)
(4.20968 -0.820817 0)
(4.21435 -0.818478 0)
(4.21585 -0.813616 0)
(4.21062 -0.807812 0)
(4.21119 -0.805554 0)
(4.21546 -0.805442 0)
(4.21934 -0.803757 0)
(4.22714 -0.800219 0)
(4.23666 -0.798005 0)
(4.24298 -0.795509 0)
(4.24691 -0.795195 0)
(4.25161 -0.792031 0)
(4.25102 -0.784552 0)
(4.2479 -0.774468 0)
(4.24949 -0.769901 0)
(4.25076 -0.769075 0)
(4.25754 -0.766686 0)
(4.26612 -0.765299 0)
(4.27184 -0.760352 0)
(4.27474 -0.754054 0)
(4.27486 -0.75077 0)
(4.27208 -0.746972 0)
(4.27003 -0.744985 0)
(4.27291 -0.743118 0)
(4.27642 -0.740892 0)
(4.28008 -0.737905 0)
(4.28727 -0.733728 0)
(4.29441 -0.727776 0)
(4.29669 -0.725553 0)
(4.29775 -0.725078 0)
(4.29705 -0.720846 0)
(4.29832 -0.705061 0)
(4.29895 -0.68609 0)
(4.30313 -0.674317 0)
(4.30348 -0.665654 0)
(4.30218 -0.654797 0)
(4.2915 -0.613628 0)
(4.28072 -0.571741 0)
(4.26867 -0.539525 0)
(4.24448 -0.469692 0)
(4.22486 -0.407854 0)
(4.2091 -0.379267 0)
(4.15952 -0.272447 0)
(4.13278 -0.15443 0)
(4.12852 -0.140298 0)
(4.09864 -0.0768441 0)
(4.04384 0.0650623 0)
(4.03292 0.103252 0)
(4.02479 0.123896 0)
(3.96412 0.222706 0)
(3.94801 0.298357 0)
(3.93937 0.294538 0)
(3.92121 0.317769 0)
(3.88777 0.380959 0)
(3.87987 0.420767 0)
(3.8683 0.419859 0)
(3.84709 0.434169 0)
(3.83583 0.4537 0)
(3.82992 0.478108 0)
(3.82681 0.486772 0)
(3.81873 0.495869 0)
(3.81582 0.502477 0)
(3.8101 0.51102 0)
(3.80849 0.516912 0)
(3.80802 0.522341 0)
(3.80792 0.532285 0)
(3.80683 0.536825 0)
(3.80529 0.539706 0)
(3.80369 0.541573 0)
(3.80122 0.543924 0)
(3.80045 0.544678 0)
(3.80264 0.544747 0)
(3.80683 0.545535 0)
(3.81211 0.546084 0)
(3.81677 0.545917 0)
(3.81996 0.544309 0)
(3.82139 0.544292 0)
(3.82068 0.545396 0)
(3.82102 0.539178 0)
(3.82161 0.53162 0)
(3.82343 0.531813 0)
(3.82554 0.534884 0)
(3.82873 0.534604 0)
(3.83158 0.528173 0)
(3.83024 0.523639 0)
(3.82691 0.527735 0)
(3.82118 0.533477 0)
(3.82031 0.533556 0)
(3.82334 0.529392 0)
(3.82456 0.527117 0)
(3.82804 0.529543 0)
(3.82973 0.533731 0)
(3.83093 0.533206 0)
(3.83047 0.528706 0)
(3.82903 0.529084 0)
(3.82767 0.537566 0)
(3.82437 0.544418 0)
(3.8237 0.54185 0)
(3.82346 0.536683 0)
(3.82429 0.53828 0)
(3.82469 0.543282 0)
(3.82445 0.54236 0)
(3.82284 0.541932 0)
(3.82188 0.543756 0)
(3.82475 0.540759 0)
(3.8274 0.538445 0)
(3.82831 0.541361 0)
(3.82751 0.543473 0)
(3.82675 0.543967 0)
(3.82567 0.544123 0)
(3.7294 0.884333 0)
(3.74677 0.879551 0)
(3.76499 0.865279 0)
(3.78006 0.83515 0)
(3.78969 0.818449 0)
(3.79723 0.816942 0)
(3.79271 0.8201 0)
(3.77679 0.817602 0)
(3.78305 0.805096 0)
(3.801 0.789251 0)
(3.81606 0.761245 0)
(3.8248 0.746969 0)
(3.83376 0.749185 0)
(3.83966 0.756369 0)
(3.84281 0.761611 0)
(3.84756 0.740183 0)
(3.84854 0.701197 0)
(3.84988 0.687906 0)
(3.85678 0.694838 0)
(3.8639 0.698047 0)
(3.88045 0.693755 0)
(3.89239 0.679246 0)
(3.89951 0.65885 0)
(3.90448 0.651743 0)
(3.88619 0.615133 0)
(3.85755 0.583347 0)
(3.78414 0.501752 0)
(3.67236 0.393765 0)
(3.46448 0.155556 0)
(3.22977 -0.147962 0)
(3.07733 -0.284958 0)
(2.90746 -0.441306 0)
(2.72518 -0.63831 0)
(2.63903 -0.760304 0)
(2.62108 -0.751554 0)
(2.64777 -0.777416 0)
(2.68778 -0.811126 0)
(2.71998 -0.81546 0)
(2.75962 -0.816769 0)
(2.79146 -0.81274 0)
(2.81814 -0.802207 0)
(2.85653 -0.791913 0)
(2.89733 -0.784439 0)
(2.93654 -0.776081 0)
(2.96961 -0.765381 0)
(2.99477 -0.755989 0)
(3.01023 -0.756321 0)
(3.01782 -0.76862 0)
(3.03264 -0.777944 0)
(3.0489 -0.781075 0)
(3.06655 -0.781547 0)
(3.08554 -0.785241 0)
(3.10137 -0.792432 0)
(3.11553 -0.799397 0)
(3.1286 -0.805799 0)
(3.14089 -0.809996 0)
(3.15554 -0.812157 0)
(3.17177 -0.813725 0)
(3.1883 -0.815608 0)
(3.20509 -0.818044 0)
(3.22199 -0.819763 0)
(3.23806 -0.820582 0)
(3.25297 -0.821882 0)
(3.26767 -0.82343 0)
(3.28351 -0.824585 0)
(3.29964 -0.825592 0)
(3.31539 -0.826415 0)
(3.33036 -0.827267 0)
(3.34339 -0.828324 0)
(3.35433 -0.829382 0)
(3.36812 -0.830847 0)
(3.38325 -0.832492 0)
(3.39837 -0.833415 0)
(3.41324 -0.834501 0)
(3.42778 -0.835997 0)
(3.44155 -0.837711 0)
(3.45368 -0.839078 0)
(3.46278 -0.838986 0)
(3.47461 -0.838593 0)
(3.4888 -0.839254 0)
(3.50246 -0.839836 0)
(3.51639 -0.841061 0)
(3.53075 -0.842455 0)
(3.54463 -0.843666 0)
(3.55766 -0.845278 0)
(3.56933 -0.845188 0)
(3.57803 -0.841832 0)
(3.58643 -0.840771 0)
(3.59646 -0.842247 0)
(3.60913 -0.842985 0)
(3.6236 -0.843931 0)
(3.63649 -0.842774 0)
(3.64849 -0.844073 0)
(3.66108 -0.844783 0)
(3.67266 -0.842784 0)
(3.68147 -0.841981 0)
(3.68832 -0.842713 0)
(3.69788 -0.839695 0)
(3.70928 -0.835102 0)
(3.71874 -0.8344 0)
(3.72863 -0.837868 0)
(3.73948 -0.839906 0)
(3.75228 -0.837728 0)
(3.76278 -0.833881 0)
(3.77118 -0.833882 0)
(3.77786 -0.835624 0)
(3.78697 -0.832483 0)
(3.79703 -0.828351 0)
(3.80606 -0.829042 0)
(3.81615 -0.830178 0)
(3.82738 -0.828234 0)
(3.83612 -0.826441 0)
(3.84351 -0.826905 0)
(3.84958 -0.827242 0)
(3.85492 -0.823378 0)
(3.86408 -0.819073 0)
(3.87217 -0.818045 0)
(3.88089 -0.819332 0)
(3.89103 -0.819467 0)
(3.90196 -0.817417 0)
(3.91092 -0.815694 0)
(3.91826 -0.815683 0)
(3.9231 -0.815412 0)
(3.92446 -0.812198 0)
(3.93273 -0.807536 0)
(3.94033 -0.806578 0)
(3.94829 -0.808144 0)
(3.95802 -0.808479 0)
(3.96869 -0.807121 0)
(3.97678 -0.805952 0)
(3.98421 -0.804924 0)
(3.9911 -0.802498 0)
(3.99343 -0.799453 0)
(3.99365 -0.795265 0)
(3.99967 -0.793476 0)
(4.00623 -0.794303 0)
(4.01405 -0.794054 0)
(4.02483 -0.793164 0)
(4.03362 -0.791503 0)
(4.04105 -0.791049 0)
(4.04878 -0.790277 0)
(4.05603 -0.788821 0)
(4.05975 -0.785566 0)
(4.0569 -0.78241 0)
(4.05758 -0.77952 0)
(4.06449 -0.776886 0)
(4.07172 -0.77706 0)
(4.07923 -0.77736 0)
(4.08914 -0.776866 0)
(4.09768 -0.775408 0)
(4.10456 -0.775042 0)
(4.111 -0.774535 0)
(4.11597 -0.772192 0)
(4.11466 -0.768771 0)
(4.11264 -0.763488 0)
(4.11674 -0.76084 0)
(4.12209 -0.761976 0)
(4.12813 -0.762929 0)
(4.13826 -0.762463 0)
(4.14706 -0.760877 0)
(4.15355 -0.760221 0)
(4.15969 -0.760664 0)
(4.16437 -0.760742 0)
(4.16421 -0.755634 0)
(4.16282 -0.748021 0)
(4.16607 -0.746997 0)
(4.17104 -0.749482 0)
(4.17756 -0.750664 0)
(4.18743 -0.749791 0)
(4.19504 -0.748022 0)
(4.20089 -0.748675 0)
(4.20535 -0.750178 0)
(4.2063 -0.746739 0)
(4.20346 -0.73891 0)
(4.20576 -0.737986 0)
(4.21068 -0.740337 0)
(4.21701 -0.741228 0)
(4.2265 -0.740868 0)
(4.23363 -0.740225 0)
(4.23983 -0.740462 0)
(4.24615 -0.741232 0)
(4.24986 -0.739959 0)
(4.24584 -0.732884 0)
(4.2428 -0.729879 0)
(4.24569 -0.731418 0)
(4.25142 -0.730838 0)
(4.26221 -0.731371 0)
(4.26996 -0.730305 0)
(4.27566 -0.728814 0)
(4.28182 -0.728914 0)
(4.28806 -0.729685 0)
(4.29028 -0.727368 0)
(4.28622 -0.720158 0)
(4.28556 -0.717469 0)
(4.28783 -0.717021 0)
(4.2953 -0.715829 0)
(4.30297 -0.715826 0)
(4.30959 -0.713431 0)
(4.31438 -0.71108 0)
(4.31856 -0.707403 0)
(4.31801 -0.701672 0)
(4.31106 -0.696254 0)
(4.31265 -0.694869 0)
(4.31672 -0.694754 0)
(4.32018 -0.693331 0)
(4.32673 -0.691178 0)
(4.33473 -0.689595 0)
(4.34093 -0.686345 0)
(4.3439 -0.683363 0)
(4.34511 -0.680606 0)
(4.34125 -0.677134 0)
(4.33665 -0.672946 0)
(4.33857 -0.670171 0)
(4.34095 -0.668148 0)
(4.34488 -0.66518 0)
(4.35232 -0.660353 0)
(4.35635 -0.656574 0)
(4.35905 -0.653726 0)
(4.36138 -0.649741 0)
(4.35725 -0.637092 0)
(4.35599 -0.617742 0)
(4.35507 -0.599947 0)
(4.35086 -0.577272 0)
(4.34281 -0.557635 0)
(4.33227 -0.526834 0)
(4.31257 -0.45682 0)
(4.2963 -0.402966 0)
(4.28163 -0.372539 0)
(4.23975 -0.273587 0)
(4.21011 -0.181559 0)
(4.19544 -0.152909 0)
(4.1465 -0.0532452 0)
(4.1133 0.0699186 0)
(4.10545 0.0840779 0)
(4.09473 0.118058 0)
(4.02812 0.241635 0)
(4.0158 0.321387 0)
(4.00789 0.313765 0)
(3.98084 0.34403 0)
(3.94665 0.414119 0)
(3.93948 0.44596 0)
(3.92957 0.446218 0)
(3.90455 0.472624 0)
(3.8931 0.506868 0)
(3.89296 0.517786 0)
(3.87849 0.527617 0)
(3.87164 0.534207 0)
(3.86076 0.550747 0)
(3.85697 0.558984 0)
(3.85409 0.56158 0)
(3.85619 0.5662 0)
(3.85918 0.573273 0)
(3.85826 0.578583 0)
(3.85667 0.579839 0)
(3.85393 0.582161 0)
(3.85125 0.588574 0)
(3.8511 0.589792 0)
(3.85349 0.588492 0)
(3.85657 0.588056 0)
(3.86014 0.589783 0)
(3.86445 0.590439 0)
(3.86845 0.588695 0)
(3.86987 0.58524 0)
(3.86909 0.584565 0)
(3.86786 0.586601 0)
(3.86865 0.584688 0)
(3.8704 0.577176 0)
(3.87065 0.574473 0)
(3.87208 0.578004 0)
(3.8737 0.580891 0)
(3.87831 0.577206 0)
(3.87988 0.569948 0)
(3.88009 0.569211 0)
(3.88144 0.576154 0)
(3.88154 0.581646 0)
(3.882 0.578657 0)
(3.88 0.573006 0)
(3.87778 0.57475 0)
(3.87636 0.582126 0)
(3.8744 0.586405 0)
(3.87616 0.58382 0)
(3.87818 0.578938 0)
(3.87932 0.576789 0)
(3.88209 0.581783 0)
(3.88107 0.589627 0)
(3.88054 0.588936 0)
(3.87984 0.583767 0)
(3.8784 0.583697 0)
(3.73808 0.935164 0)
(3.75069 0.917173 0)
(3.76061 0.910983 0)
(3.76859 0.910354 0)
(3.77613 0.91084 0)
(3.78008 0.907281 0)
(3.77528 0.882895 0)
(3.77992 0.852178 0)
(3.78625 0.839286 0)
(3.79477 0.834273 0)
(3.80571 0.839668 0)
(3.8122 0.847948 0)
(3.82556 0.841405 0)
(3.84026 0.814428 0)
(3.8422 0.783441 0)
(3.83896 0.776202 0)
(3.83363 0.77838 0)
(3.84074 0.776186 0)
(3.84286 0.770506 0)
(3.84987 0.76018 0)
(3.84609 0.724771 0)
(3.82003 0.664783 0)
(3.74776 0.566075 0)
(3.60527 0.387903 0)
(3.44632 0.244551 0)
(3.20718 0.00417552 0)
(2.95706 -0.297758 0)
(2.82026 -0.427816 0)
(2.74793 -0.51908 0)
(2.66256 -0.654871 0)
(2.61374 -0.727854 0)
(2.6253 -0.737252 0)
(2.65417 -0.754492 0)
(2.69803 -0.765323 0)
(2.747 -0.760577 0)
(2.79914 -0.750163 0)
(2.84202 -0.736993 0)
(2.87457 -0.72929 0)
(2.89697 -0.721459 0)
(2.92569 -0.715733 0)
(2.96109 -0.713695 0)
(2.99772 -0.704193 0)
(3.02868 -0.693583 0)
(3.05289 -0.695678 0)
(3.07176 -0.70561 0)
(3.08256 -0.717979 0)
(3.09491 -0.72494 0)
(3.11171 -0.727656 0)
(3.12824 -0.729183 0)
(3.14748 -0.734079 0)
(3.16707 -0.739003 0)
(3.18466 -0.742722 0)
(3.20181 -0.746146 0)
(3.21604 -0.748768 0)
(3.22896 -0.750846 0)
(3.24594 -0.75295 0)
(3.26404 -0.754933 0)
(3.28235 -0.756207 0)
(3.3002 -0.757088 0)
(3.31731 -0.758202 0)
(3.33327 -0.759572 0)
(3.34679 -0.760138 0)
(3.36045 -0.760241 0)
(3.37595 -0.761815 0)
(3.3918 -0.763714 0)
(3.40759 -0.765611 0)
(3.423 -0.767629 0)
(3.43801 -0.76869 0)
(3.4516 -0.768347 0)
(3.46287 -0.768346 0)
(3.4733 -0.769192 0)
(3.48697 -0.7703 0)
(3.50165 -0.771628 0)
(3.51627 -0.772661 0)
(3.53075 -0.773223 0)
(3.54425 -0.774019 0)
(3.55662 -0.77545 0)
(3.5677 -0.776631 0)
(3.57654 -0.775057 0)
(3.58825 -0.772081 0)
(3.60064 -0.772191 0)
(3.61322 -0.774032 0)
(3.62623 -0.776122 0)
(3.63912 -0.778302 0)
(3.65183 -0.779793 0)
(3.66489 -0.778479 0)
(3.67651 -0.773886 0)
(3.68502 -0.77041 0)
(3.69165 -0.772431 0)
(3.69788 -0.774879 0)
(3.70831 -0.774723 0)
(3.72214 -0.773851 0)
(3.7341 -0.772421 0)
(3.74582 -0.772534 0)
(3.75701 -0.771228 0)
(3.76643 -0.771049 0)
(3.77539 -0.773697 0)
(3.7844 -0.773844 0)
(3.79387 -0.766514 0)
(3.80035 -0.758804 0)
(3.80734 -0.759715 0)
(3.81497 -0.765181 0)
(3.82346 -0.767052 0)
(3.83589 -0.762499 0)
(3.84531 -0.757124 0)
(3.85354 -0.758549 0)
(3.86131 -0.759449 0)
(3.86938 -0.756728 0)
(3.87689 -0.756482 0)
(3.88562 -0.756488 0)
(3.8958 -0.752861 0)
(3.90347 -0.74949 0)
(3.90981 -0.750043 0)
(3.91629 -0.751667 0)
(3.9224 -0.750213 0)
(3.92814 -0.744399 0)
(3.93442 -0.739891 0)
(3.94158 -0.739582 0)
(3.94947 -0.741965 0)
(3.95855 -0.742647 0)
(3.96926 -0.740074 0)
(3.97785 -0.736863 0)
(3.98419 -0.736615 0)
(3.98775 -0.736735 0)
(3.98884 -0.730582 0)
(3.99292 -0.727058 0)
(3.99931 -0.72823 0)
(4.00762 -0.728258 0)
(4.01856 -0.727173 0)
(4.02656 -0.726076 0)
(4.03394 -0.725121 0)
(4.04175 -0.724249 0)
(4.04927 -0.723358 0)
(4.05246 -0.719401 0)
(4.05039 -0.713835 0)
(4.05116 -0.712784 0)
(4.05558 -0.711687 0)
(4.06536 -0.710588 0)
(4.07404 -0.71014 0)
(4.0819 -0.709893 0)
(4.09022 -0.709614 0)
(4.0989 -0.708893 0)
(4.10644 -0.707379 0)
(4.11008 -0.705406 0)
(4.1068 -0.702943 0)
(4.10243 -0.695946 0)
(4.10745 -0.692744 0)
(4.11385 -0.693746 0)
(4.12077 -0.694066 0)
(4.13011 -0.694158 0)
(4.13837 -0.69334 0)
(4.14527 -0.692842 0)
(4.15233 -0.692375 0)
(4.15876 -0.691886 0)
(4.16058 -0.689541 0)
(4.15587 -0.682302 0)
(4.1551 -0.679732 0)
(4.15881 -0.681209 0)
(4.16462 -0.680604 0)
(4.17479 -0.680786 0)
(4.18289 -0.679986 0)
(4.1894 -0.679541 0)
(4.19638 -0.680712 0)
(4.20285 -0.681485 0)
(4.20511 -0.677513 0)
(4.20146 -0.66962 0)
(4.20164 -0.66872 0)
(4.20513 -0.671512 0)
(4.21145 -0.671758 0)
(4.22153 -0.670324 0)
(4.22849 -0.668793 0)
(4.23493 -0.670189 0)
(4.2408 -0.670339 0)
(4.24324 -0.665759 0)
(4.24008 -0.659678 0)
(4.23877 -0.658193 0)
(4.24207 -0.659294 0)
(4.24878 -0.659126 0)
(4.25598 -0.658442 0)
(4.2625 -0.658638 0)
(4.26929 -0.659582 0)
(4.27584 -0.65957 0)
(4.27922 -0.65658 0)
(4.27644 -0.652878 0)
(4.27239 -0.654101 0)
(4.27246 -0.652226 0)
(4.28251 -0.650898 0)
(4.29088 -0.650195 0)
(4.29707 -0.648109 0)
(4.30341 -0.648387 0)
(4.31031 -0.651019 0)
(4.31644 -0.653182 0)
(4.31886 -0.648944 0)
(4.31418 -0.640426 0)
(4.31144 -0.638161 0)
(4.31557 -0.639194 0)
(4.32198 -0.640375 0)
(4.32955 -0.640381 0)
(4.33653 -0.639332 0)
(4.34287 -0.638224 0)
(4.34809 -0.637435 0)
(4.3489 -0.636188 0)
(4.34203 -0.632402 0)
(4.33974 -0.629233 0)
(4.34567 -0.630013 0)
(4.35066 -0.630912 0)
(4.35769 -0.631938 0)
(4.36508 -0.632876 0)
(4.37187 -0.632737 0)
(4.37718 -0.632208 0)
(4.38118 -0.630388 0)
(4.37995 -0.625431 0)
(4.36984 -0.620408 0)
(4.36952 -0.617169 0)
(4.37309 -0.616632 0)
(4.37693 -0.616663 0)
(4.38372 -0.615411 0)
(4.39137 -0.61393 0)
(4.39737 -0.611381 0)
(4.3997 -0.608893 0)
(4.39836 -0.607519 0)
(4.39216 -0.604651 0)
(4.38921 -0.600048 0)
(4.394 -0.597292 0)
(4.39614 -0.594602 0)
(4.40041 -0.590817 0)
(4.40634 -0.585665 0)
(4.41015 -0.57913 0)
(4.41382 -0.571306 0)
(4.40668 -0.556278 0)
(4.40161 -0.531303 0)
(4.39617 -0.512335 0)
(4.38444 -0.488026 0)
(4.36589 -0.439189 0)
(4.34931 -0.398989 0)
(4.33377 -0.35302 0)
(4.30281 -0.246291 0)
(4.28494 -0.188203 0)
(4.27177 -0.165304 0)
(4.20575 -0.0407943 0)
(4.17693 0.0699496 0)
(4.17224 0.0782668 0)
(4.12851 0.15463 0)
(4.08932 0.271519 0)
(4.0855 0.286524 0)
(4.08096 0.312265 0)
(4.02164 0.396076 0)
(4.00578 0.473835 0)
(3.99068 0.47117 0)
(3.97292 0.475607 0)
(3.94906 0.511511 0)
(3.94267 0.552607 0)
(3.93805 0.558788 0)
(3.92192 0.569655 0)
(3.91668 0.575219 0)
(3.90874 0.588249 0)
(3.90624 0.594608 0)
(3.90255 0.605347 0)
(3.89939 0.615131 0)
(3.89652 0.622162 0)
(3.89608 0.623161 0)
(3.89495 0.624782 0)
(3.89488 0.629306 0)
(3.89418 0.631642 0)
(3.89448 0.632494 0)
(3.89493 0.633222 0)
(3.8952 0.632637 0)
(3.8947 0.631555 0)
(3.89607 0.63152 0)
(3.90001 0.631633 0)
(3.90543 0.630616 0)
(3.91091 0.626094 0)
(3.9142 0.623679 0)
(3.91733 0.627018 0)
(3.92014 0.62959 0)
(3.9227 0.624431 0)
(3.91999 0.616333 0)
(3.91573 0.617529 0)
(3.91413 0.624037 0)
(3.91468 0.62695 0)
(3.91915 0.623976 0)
(3.92143 0.618794 0)
(3.92241 0.618362 0)
(3.92276 0.624845 0)
(3.9212 0.629782 0)
(3.92038 0.6254 0)
(3.91972 0.622439 0)
(3.92062 0.624368 0)
(3.73601 0.996313 0)
(3.74115 1.00313 0)
(3.7568 0.994779 0)
(3.77171 0.971223 0)
(3.77847 0.949085 0)
(3.78161 0.941463 0)
(3.77143 0.939809 0)
(3.76838 0.932337 0)
(3.78284 0.921662 0)
(3.79131 0.916019 0)
(3.8029 0.908995 0)
(3.82197 0.892827 0)
(3.83046 0.8721 0)
(3.83316 0.869844 0)
(3.82679 0.860518 0)
(3.80818 0.826197 0)
(3.78811 0.804055 0)
(3.73682 0.73538 0)
(3.64859 0.621032 0)
(3.51168 0.431237 0)
(3.32389 0.178745 0)
(3.17096 0.0242287 0)
(2.97746 -0.192934 0)
(2.77889 -0.440704 0)
(2.69771 -0.513316 0)
(2.64743 -0.588385 0)
(2.62177 -0.669575 0)
(2.6446 -0.715145 0)
(2.6715 -0.72132 0)
(2.71402 -0.730003 0)
(2.75292 -0.732878 0)
(2.79929 -0.729624 0)
(2.85182 -0.716541 0)
(2.90342 -0.69475 0)
(2.94643 -0.683086 0)
(2.98374 -0.680994 0)
(3.01362 -0.678041 0)
(3.03484 -0.671222 0)
(3.05906 -0.663015 0)
(3.08604 -0.659348 0)
(3.11214 -0.660471 0)
(3.1355 -0.665745 0)
(3.1558 -0.670912 0)
(3.1751 -0.675849 0)
(3.18963 -0.68042 0)
(3.2017 -0.684851 0)
(3.219 -0.688566 0)
(3.23721 -0.691442 0)
(3.25822 -0.692581 0)
(3.27846 -0.692992 0)
(3.29724 -0.695168 0)
(3.31456 -0.697263 0)
(3.32834 -0.699008 0)
(3.33945 -0.700519 0)
(3.35622 -0.70226 0)
(3.37402 -0.703526 0)
(3.39209 -0.703836 0)
(3.41003 -0.703794 0)
(3.42715 -0.703835 0)
(3.44286 -0.704392 0)
(3.45624 -0.705499 0)
(3.46547 -0.706181 0)
(3.47687 -0.706775 0)
(3.49282 -0.708038 0)
(3.50792 -0.708589 0)
(3.5229 -0.709124 0)
(3.53752 -0.710645 0)
(3.55178 -0.711971 0)
(3.56514 -0.711161 0)
(3.57576 -0.708566 0)
(3.58373 -0.708064 0)
(3.59311 -0.710255 0)
(3.60494 -0.711865 0)
(3.61904 -0.712563 0)
(3.63347 -0.711884 0)
(3.64694 -0.710254 0)
(3.65912 -0.710296 0)
(3.67031 -0.711645 0)
(3.67966 -0.712742 0)
(3.68472 -0.710648 0)
(3.69397 -0.706291 0)
(3.70515 -0.704118 0)
(3.71628 -0.703904 0)
(3.72837 -0.70739 0)
(3.73954 -0.711732 0)
(3.75155 -0.712594 0)
(3.76436 -0.708579 0)
(3.77485 -0.700416 0)
(3.78173 -0.696156 0)
(3.78595 -0.700545 0)
(3.78973 -0.704601 0)
(3.79698 -0.704032 0)
(3.81076 -0.703355 0)
(3.82294 -0.698677 0)
(3.83263 -0.692383 0)
(3.84183 -0.692946 0)
(3.85046 -0.699028 0)
(3.8573 -0.703363 0)
(3.86576 -0.697879 0)
(3.87362 -0.686648 0)
(3.8792 -0.680388 0)
(3.88662 -0.684235 0)
(3.89323 -0.691277 0)
(3.89927 -0.693299 0)
(3.90894 -0.686793 0)
(3.91673 -0.678025 0)
(3.92295 -0.674062 0)
(3.9307 -0.67788 0)
(3.93788 -0.683278 0)
(3.9457 -0.684533 0)
(3.95634 -0.679021 0)
(3.96393 -0.67154 0)
(3.96955 -0.670023 0)
(3.97466 -0.674376 0)
(3.97887 -0.677045 0)
(3.98393 -0.671759 0)
(3.98984 -0.663367 0)
(3.99495 -0.659587 0)
(4.00208 -0.662481 0)
(4.00896 -0.667316 0)
(4.01724 -0.667973 0)
(4.02775 -0.663715 0)
(4.03587 -0.658706 0)
(4.04172 -0.655435 0)
(4.04395 -0.653599 0)
(4.04359 -0.654827 0)
(4.04311 -0.655396 0)
(4.05094 -0.652096 0)
(4.06225 -0.650466 0)
(4.06971 -0.647731 0)
(4.07647 -0.6469 0)
(4.08401 -0.648806 0)
(4.09242 -0.650014 0)
(4.10002 -0.64788 0)
(4.10294 -0.64416 0)
(4.10055 -0.638982 0)
(4.09837 -0.633621 0)
(4.10253 -0.6324 0)
(4.1093 -0.633669 0)
(4.11641 -0.634716 0)
(4.12544 -0.634229 0)
(4.13487 -0.632292 0)
(4.14229 -0.631127 0)
(4.14844 -0.630858 0)
(4.15307 -0.629704 0)
(4.15368 -0.627209 0)
(4.14836 -0.621184 0)
(4.14791 -0.61795 0)
(4.15271 -0.618371 0)
(4.15901 -0.617993 0)
(4.16782 -0.617127 0)
(4.17574 -0.616313 0)
(4.18257 -0.615953 0)
(4.18976 -0.616665 0)
(4.19704 -0.617653 0)
(4.20165 -0.613869 0)
(4.19817 -0.60621 0)
(4.19291 -0.604356 0)
(4.19266 -0.603857 0)
(4.19945 -0.602859 0)
(4.20872 -0.603734 0)
(4.2159 -0.602665 0)
(4.22256 -0.602128 0)
(4.2301 -0.603077 0)
(4.23693 -0.604035 0)
(4.24029 -0.600262 0)
(4.23738 -0.592482 0)
(4.23465 -0.592341 0)
(4.23609 -0.5946 0)
(4.24369 -0.593006 0)
(4.25183 -0.591025 0)
(4.25905 -0.589654 0)
(4.266 -0.589229 0)
(4.27196 -0.588906 0)
(4.27485 -0.586806 0)
(4.27241 -0.583134 0)
(4.27 -0.579676 0)
(4.2731 -0.57799 0)
(4.27842 -0.576379 0)
(4.28399 -0.575492 0)
(4.28972 -0.576897 0)
(4.29524 -0.578146 0)
(4.30033 -0.576557 0)
(4.30284 -0.574141 0)
(4.30039 -0.576005 0)
(4.29462 -0.575244 0)
(4.3015 -0.574227 0)
(4.30971 -0.574518 0)
(4.31626 -0.572699 0)
(4.3228 -0.570849 0)
(4.32985 -0.570094 0)
(4.33626 -0.57073 0)
(4.34037 -0.570008 0)
(4.33976 -0.566332 0)
(4.33584 -0.563083 0)
(4.33651 -0.561378 0)
(4.34178 -0.559833 0)
(4.3478 -0.559973 0)
(4.35356 -0.560921 0)
(4.35928 -0.559245 0)
(4.36396 -0.55552 0)
(4.36661 -0.552887 0)
(4.36487 -0.552689 0)
(4.35916 -0.555265 0)
(4.36106 -0.556468 0)
(4.36631 -0.555837 0)
(4.37157 -0.555997 0)
(4.37755 -0.556877 0)
(4.38416 -0.556995 0)
(4.39063 -0.557528 0)
(4.39674 -0.558317 0)
(4.401 -0.557589 0)
(4.39891 -0.554752 0)
(4.39072 -0.552293 0)
(4.38938 -0.551571 0)
(4.39464 -0.551057 0)
(4.40063 -0.550865 0)
(4.407 -0.551502 0)
(4.41336 -0.552563 0)
(4.41909 -0.55301 0)
(4.42321 -0.552571 0)
(4.4233 -0.550043 0)
(4.4155 -0.546118 0)
(4.40952 -0.544377 0)
(4.41442 -0.543916 0)
(4.41857 -0.543877 0)
(4.42314 -0.542174 0)
(4.42817 -0.53901 0)
(4.43295 -0.536591 0)
(4.43512 -0.535067 0)
(4.4363 -0.534203 0)
(4.4349 -0.532311 0)
(4.43017 -0.527933 0)
(4.4284 -0.519952 0)
(4.43027 -0.512239 0)
(4.43162 -0.506016 0)
(4.43564 -0.499133 0)
(4.43774 -0.488943 0)
(4.43471 -0.475939 0)
(4.4285 -0.460031 0)
(4.41768 -0.428942 0)
(4.40877 -0.391895 0)
(4.39676 -0.37105 0)
(4.37468 -0.327913 0)
(4.34306 -0.238157 0)
(4.32669 -0.192322 0)
(4.30666 -0.137031 0)
(4.26186 -0.00358995 0)
(4.24352 0.0494733 0)
(4.23703 0.0610065 0)
(4.16334 0.177482 0)
(4.13483 0.30494 0)
(4.13041 0.30738 0)
(4.12101 0.32649 0)
(4.0608 0.432892 0)
(4.05149 0.487238 0)
(4.04891 0.483577 0)
(4.01331 0.518844 0)
(3.98838 0.579837 0)
(3.9806 0.596803 0)
(3.96668 0.593824 0)
(3.94995 0.609509 0)
(3.94466 0.632008 0)
(3.94721 0.642379 0)
(3.93638 0.651795 0)
(3.93356 0.653562 0)
(3.92755 0.659397 0)
(3.92177 0.666454 0)
(3.91879 0.671119 0)
(3.91886 0.676221 0)
(3.92127 0.679024 0)
(3.92273 0.678859 0)
(3.92394 0.678488 0)
(3.92586 0.67911 0)
(3.92758 0.678871 0)
(3.92725 0.676597 0)
(3.9265 0.67364 0)
(3.92872 0.673918 0)
(3.93405 0.67519 0)
(3.94047 0.675264 0)
(3.9462 0.673206 0)
(3.95039 0.667278 0)
(3.95162 0.663907 0)
(3.95135 0.670578 0)
(3.95043 0.673757 0)
(3.9491 0.671117 0)
(3.9497 0.669653 0)
(3.95232 0.669196 0)
(3.7362 1.07805 0)
(3.75262 1.06875 0)
(3.76878 1.04276 0)
(3.77375 1.02041 0)
(3.77684 1.01942 0)
(3.77436 1.02343 0)
(3.77126 1.00645 0)
(3.77833 0.98871 0)
(3.78217 0.975117 0)
(3.78812 0.960349 0)
(3.79257 0.954558 0)
(3.77482 0.917597 0)
(3.73307 0.847339 0)
(3.65804 0.73693 0)
(3.53314 0.568586 0)
(3.40013 0.418385 0)
(3.19087 0.151217 0)
(3.03476 -0.0730361 0)
(2.94141 -0.204994 0)
(2.80553 -0.394852 0)
(2.73827 -0.510291 0)
(2.71238 -0.553465 0)
(2.69468 -0.615449 0)
(2.70929 -0.656016 0)
(2.74395 -0.667738 0)
(2.78935 -0.657743 0)
(2.83362 -0.645461 0)
(2.87542 -0.63937 0)
(2.9112 -0.637182 0)
(2.95028 -0.619036 0)
(2.9896 -0.592049 0)
(3.02339 -0.589049 0)
(3.05858 -0.589385 0)
(3.09599 -0.582931 0)
(3.12803 -0.579075 0)
(3.15685 -0.584813 0)
(3.17888 -0.591302 0)
(3.20097 -0.593592 0)
(3.22412 -0.593704 0)
(3.24587 -0.595062 0)
(3.26725 -0.599286 0)
(3.28646 -0.604235 0)
(3.30279 -0.608842 0)
(3.31501 -0.612244 0)
(3.32879 -0.614488 0)
(3.34752 -0.615986 0)
(3.36582 -0.616757 0)
(3.38432 -0.617893 0)
(3.40294 -0.619736 0)
(3.42133 -0.621357 0)
(3.4381 -0.622222 0)
(3.45095 -0.622991 0)
(3.45826 -0.623836 0)
(3.46883 -0.624472 0)
(3.48588 -0.625525 0)
(3.50218 -0.626218 0)
(3.51805 -0.627797 0)
(3.53371 -0.62976 0)
(3.54921 -0.630233 0)
(3.56335 -0.629275 0)
(3.57397 -0.629391 0)
(3.5794 -0.630884 0)
(3.58589 -0.631951 0)
(3.60032 -0.632729 0)
(3.61523 -0.632878 0)
(3.62964 -0.632091 0)
(3.64313 -0.632442 0)
(3.656 -0.634126 0)
(3.66791 -0.635758 0)
(3.67702 -0.634047 0)
(3.68135 -0.627974 0)
(3.68727 -0.626752 0)
(3.6976 -0.630334 0)
(3.70867 -0.632547 0)
(3.72218 -0.633166 0)
(3.73607 -0.631254 0)
(3.74866 -0.627904 0)
(3.75941 -0.627468 0)
(3.76779 -0.628753 0)
(3.77155 -0.628725 0)
(3.77108 -0.626901 0)
(3.78227 -0.625047 0)
(3.79342 -0.622619 0)
(3.80409 -0.620479 0)
(3.81558 -0.623098 0)
(3.82608 -0.627819 0)
(3.83661 -0.628589 0)
(3.84744 -0.622763 0)
(3.85461 -0.61255 0)
(3.8578 -0.61034 0)
(3.86092 -0.618222 0)
(3.86455 -0.621724 0)
(3.87393 -0.620847 0)
(3.88601 -0.618273 0)
(3.89694 -0.609018 0)
(3.90637 -0.603083 0)
(3.91504 -0.607794 0)
(3.91932 -0.614389 0)
(3.91918 -0.615772 0)
(3.92804 -0.60905 0)
(3.9372 -0.60234 0)
(3.9456 -0.598474 0)
(3.95433 -0.600559 0)
(3.96148 -0.606446 0)
(3.96632 -0.609139 0)
(3.97091 -0.601956 0)
(3.97392 -0.590125 0)
(3.97833 -0.58686 0)
(3.98758 -0.594398 0)
(3.99383 -0.599895 0)
(4.00351 -0.599528 0)
(4.01405 -0.593952 0)
(4.0212 -0.587311 0)
(4.02725 -0.587469 0)
(4.03114 -0.59204 0)
(4.03084 -0.592515 0)
(4.03441 -0.58388 0)
(4.03992 -0.57734 0)
(4.04553 -0.575797 0)
(4.05407 -0.581145 0)
(4.06045 -0.587288 0)
(4.06849 -0.587184 0)
(4.07888 -0.580204 0)
(4.08548 -0.569822 0)
(4.08878 -0.565424 0)
(4.08901 -0.571912 0)
(4.08613 -0.577437 0)
(4.08759 -0.574795 0)
(4.09973 -0.572012 0)
(4.1078 -0.566381 0)
(4.11391 -0.562139 0)
(4.12115 -0.563749 0)
(4.12821 -0.567035 0)
(4.13509 -0.568077 0)
(4.14101 -0.567275 0)
(4.14432 -0.562654 0)
(4.14272 -0.553726 0)
(4.1394 -0.548714 0)
(4.14241 -0.551792 0)
(4.14743 -0.55489 0)
(4.15494 -0.554089 0)
(4.16406 -0.549747 0)
(4.17032 -0.546963 0)
(4.17638 -0.546162 0)
(4.18282 -0.546813 0)
(4.18901 -0.54811 0)
(4.19256 -0.547579 0)
(4.18898 -0.542207 0)
(4.18371 -0.537041 0)
(4.18606 -0.536171 0)
(4.19236 -0.53439 0)
(4.19879 -0.53182 0)
(4.20589 -0.532519 0)
(4.21312 -0.534733 0)
(4.22087 -0.536183 0)
(4.22911 -0.534787 0)
(4.2349 -0.531019 0)
(4.23446 -0.527636 0)
(4.22636 -0.524773 0)
(4.22084 -0.521712 0)
(4.22869 -0.521627 0)
(4.23584 -0.521408 0)
(4.2424 -0.520185 0)
(4.24945 -0.519029 0)
(4.25718 -0.520531 0)
(4.26419 -0.522648 0)
(4.26943 -0.520829 0)
(4.26845 -0.515175 0)
(4.26214 -0.51339 0)
(4.26152 -0.515352 0)
(4.26911 -0.515252 0)
(4.27823 -0.514528 0)
(4.28596 -0.513326 0)
(4.29285 -0.511822 0)
(4.2986 -0.510129 0)
(4.3008 -0.508585 0)
(4.296 -0.506394 0)
(4.29378 -0.502923 0)
(4.29969 -0.500129 0)
(4.3056 -0.499979 0)
(4.31182 -0.500781 0)
(4.31721 -0.501879 0)
(4.32257 -0.502313 0)
(4.32749 -0.500517 0)
(4.32956 -0.496962 0)
(4.32373 -0.493868 0)
(4.31204 -0.493534 0)
(4.31629 -0.495338 0)
(4.32288 -0.496186 0)
(4.3299 -0.496655 0)
(4.33817 -0.496452 0)
(4.34644 -0.495503 0)
(4.35405 -0.493978 0)
(4.3594 -0.492654 0)
(4.35842 -0.489713 0)
(4.35011 -0.481793 0)
(4.3504 -0.480549 0)
(4.3556 -0.482401 0)
(4.36266 -0.483473 0)
(4.36808 -0.483996 0)
(4.37282 -0.482767 0)
(4.37738 -0.480491 0)
(4.38202 -0.477316 0)
(4.38215 -0.472982 0)
(4.37115 -0.467661 0)
(4.3661 -0.464821 0)
(4.36972 -0.464006 0)
(4.37462 -0.46528 0)
(4.38079 -0.46857 0)
(4.3864 -0.471756 0)
(4.39147 -0.473632 0)
(4.39708 -0.474644 0)
(4.40269 -0.474963 0)
(4.40677 -0.473453 0)
(4.40413 -0.46848 0)
(4.39447 -0.461684 0)
(4.39223 -0.457925 0)
(4.39571 -0.457392 0)
(4.39999 -0.45946 0)
(4.40537 -0.464689 0)
(4.41093 -0.470943 0)
(4.41726 -0.474168 0)
(4.42321 -0.474284 0)
(4.42697 -0.471139 0)
(4.42542 -0.464484 0)
(4.41699 -0.461043 0)
(4.41241 -0.465096 0)
(4.41877 -0.468754 0)
(4.42616 -0.470545 0)
(4.43157 -0.472644 0)
(4.43702 -0.473763 0)
(4.44235 -0.472991 0)
(4.44576 -0.469636 0)
(4.44214 -0.462408 0)
(4.4357 -0.451367 0)
(4.43863 -0.447729 0)
(4.44183 -0.447544 0)
(4.4469 -0.446244 0)
(4.45075 -0.446047 0)
(4.45295 -0.446515 0)
(4.4548 -0.447389 0)
(4.45394 -0.446423 0)
(4.4515 -0.440337 0)
(4.4512 -0.435461 0)
(4.44925 -0.430619 0)
(4.44672 -0.420206 0)
(4.44719 -0.409935 0)
(4.44604 -0.399746 0)
(4.44069 -0.376653 0)
(4.43428 -0.349761 0)
(4.4276 -0.334416 0)
(4.40776 -0.281989 0)
(4.38733 -0.213139 0)
(4.3753 -0.183689 0)
(4.33707 -0.100955 0)
(4.29778 0.0219827 0)
(4.28491 0.0446308 0)
(4.25792 0.08888 0)
(4.18645 0.236878 0)
(4.16909 0.296084 0)
(4.16941 0.294303 0)
(4.10637 0.387093 0)
(4.08196 0.496228 0)
(4.08143 0.500443 0)
(4.0775 0.508566 0)
(4.03185 0.573087 0)
(4.02138 0.627942 0)
(4.01292 0.620692 0)
(3.9955 0.6289 0)
(3.97829 0.662837 0)
(3.97764 0.68019 0)
(3.97307 0.687105 0)
(3.96593 0.692908 0)
(3.96446 0.695428 0)
(3.96017 0.700879 0)
(3.95159 0.705385 0)
(3.94352 0.715258 0)
(3.94158 0.722361 0)
(3.94271 0.723132 0)
(3.94587 0.722284 0)
(3.94791 0.721285 0)
(3.95105 0.71937 0)
(3.95392 0.720192 0)
(3.955 0.72439 0)
(3.95479 0.726703 0)
(3.95556 0.726643 0)
(3.95776 0.727744 0)
(3.96268 0.728066 0)
(3.75385 1.1419 0)
(3.7683 1.11685 0)
(3.77078 1.09097 0)
(3.77282 1.09144 0)
(3.76428 1.08256 0)
(3.75024 1.04465 0)
(3.73148 1.01 0)
(3.68729 0.943527 0)
(3.60853 0.807084 0)
(3.52653 0.67629 0)
(3.37535 0.436391 0)
(3.25579 0.245098 0)
(3.13967 0.0718407 0)
(2.96249 -0.179748 0)
(2.87714 -0.305643 0)
(2.81895 -0.399479 0)
(2.75859 -0.536673 0)
(2.74564 -0.592284 0)
(2.76999 -0.619354 0)
(2.79478 -0.660001 0)
(2.82608 -0.68091 0)
(2.86529 -0.681734 0)
(2.91144 -0.673859 0)
(2.9567 -0.660612 0)
(3.00688 -0.64163 0)
(3.05147 -0.632863 0)
(3.09633 -0.622254 0)
(3.13928 -0.600557 0)
(3.16803 -0.590085 0)
(3.19307 -0.582775 0)
(3.22438 -0.56923 0)
(3.24796 -0.562826 0)
(3.26916 -0.561869 0)
(3.28955 -0.558406 0)
(3.30832 -0.556226 0)
(3.32602 -0.555502 0)
(3.34282 -0.554444 0)
(3.36103 -0.555105 0)
(3.37988 -0.557445 0)
(3.39961 -0.559355 0)
(3.41899 -0.55953 0)
(3.43581 -0.558558 0)
(3.44847 -0.558544 0)
(3.45637 -0.559133 0)
(3.46611 -0.558254 0)
(3.48341 -0.55736 0)
(3.49992 -0.55687 0)
(3.51548 -0.557779 0)
(3.53089 -0.560995 0)
(3.54628 -0.563047 0)
(3.56089 -0.561357 0)
(3.57124 -0.558459 0)
(3.57634 -0.559023 0)
(3.58152 -0.561331 0)
(3.59331 -0.561693 0)
(3.60894 -0.560877 0)
(3.6236 -0.559534 0)
(3.63711 -0.560643 0)
(3.64972 -0.564077 0)
(3.6618 -0.564896 0)
(3.67168 -0.560505 0)
(3.6761 -0.556709 0)
(3.67931 -0.559009 0)
(3.68627 -0.561371 0)
(3.69988 -0.561351 0)
(3.71508 -0.559776 0)
(3.72851 -0.557 0)
(3.74027 -0.556722 0)
(3.75086 -0.55916 0)
(3.7593 -0.560954 0)
(3.76269 -0.557478 0)
(3.76441 -0.54928 0)
(3.77108 -0.547205 0)
(3.78224 -0.551667 0)
(3.79273 -0.555053 0)
(3.80559 -0.555592 0)
(3.8193 -0.552376 0)
(3.83107 -0.547538 0)
(3.83983 -0.547013 0)
(3.84349 -0.548867 0)
(3.83995 -0.548064 0)
(3.84204 -0.545802 0)
(3.85523 -0.544872 0)
(3.86627 -0.541493 0)
(3.87676 -0.538834 0)
(3.88748 -0.540589 0)
(3.89773 -0.543949 0)
(3.90732 -0.545148 0)
(3.9146 -0.541359 0)
(3.91611 -0.532164 0)
(3.91519 -0.52734 0)
(3.92151 -0.532945 0)
(3.92843 -0.537225 0)
(3.93822 -0.537077 0)
(3.95106 -0.533148 0)
(3.96192 -0.525356 0)
(3.97047 -0.522687 0)
(3.97441 -0.525553 0)
(3.97106 -0.526919 0)
(3.96955 -0.525587 0)
(3.98126 -0.525006 0)
(3.99157 -0.522306 0)
(4.00141 -0.519278 0)
(4.01053 -0.519161 0)
(4.0184 -0.521775 0)
(4.02386 -0.523789 0)
(4.02545 -0.518123 0)
(4.02261 -0.50555 0)
(4.02642 -0.505568 0)
(4.03443 -0.511887 0)
(4.04154 -0.513856 0)
(4.0523 -0.514133 0)
(4.06216 -0.510321 0)
(4.07047 -0.50711 0)
(4.07759 -0.507043 0)
(4.08088 -0.507089 0)
(4.07535 -0.506094 0)
(4.07644 -0.500607 0)
(4.08238 -0.496411 0)
(4.08953 -0.495955 0)
(4.09909 -0.502012 0)
(4.10546 -0.506479 0)
(4.11471 -0.503833 0)
(4.12201 -0.493794 0)
(4.12529 -0.48225 0)
(4.12623 -0.483691 0)
(4.12462 -0.495162 0)
(4.12197 -0.498711 0)
(4.13071 -0.494989 0)
(4.14093 -0.489472 0)
(4.14703 -0.4819 0)
(4.1528 -0.478731 0)
(4.15946 -0.483305 0)
(4.165 -0.488213 0)
(4.17038 -0.489626 0)
(4.17466 -0.485213 0)
(4.17595 -0.475945 0)
(4.17488 -0.469452 0)
(4.17545 -0.472208 0)
(4.17603 -0.476271 0)
(4.18059 -0.474277 0)
(4.1893 -0.470833 0)
(4.19553 -0.468922 0)
(4.20187 -0.467476 0)
(4.20829 -0.467087 0)
(4.21462 -0.468598 0)
(4.22026 -0.470951 0)
(4.22353 -0.470715 0)
(4.22108 -0.465977 0)
(4.21509 -0.460346 0)
(4.21682 -0.456544 0)
(4.2232 -0.455171 0)
(4.23002 -0.45658 0)
(4.23638 -0.458907 0)
(4.24312 -0.459169 0)
(4.25039 -0.456952 0)
(4.25697 -0.454917 0)
(4.26164 -0.453834 0)
(4.25968 -0.452197 0)
(4.24959 -0.449697 0)
(4.25134 -0.44877 0)
(4.25854 -0.44787 0)
(4.26441 -0.446219 0)
(4.27105 -0.444539 0)
(4.27958 -0.446106 0)
(4.28717 -0.449338 0)
(4.29319 -0.449552 0)
(4.29644 -0.444934 0)
(4.29414 -0.438697 0)
(4.28736 -0.436534 0)
(4.27919 -0.435706 0)
(4.2816 -0.432121 0)
(4.28898 -0.430952 0)
(4.29408 -0.431329 0)
(4.29965 -0.432719 0)
(4.3054 -0.435217 0)
(4.31161 -0.43583 0)
(4.31621 -0.429671 0)
(4.31373 -0.41802 0)
(4.30815 -0.410153 0)
(4.31023 -0.411101 0)
(4.31634 -0.414705 0)
(4.32148 -0.416711 0)
(4.32599 -0.416804 0)
(4.32951 -0.416875 0)
(4.33177 -0.420395 0)
(4.3342 -0.425143 0)
(4.33727 -0.427288 0)
(4.34062 -0.427073 0)
(4.34304 -0.423852 0)
(4.34388 -0.418849 0)
(4.34318 -0.41577 0)
(4.34209 -0.414684 0)
(4.3436 -0.41249 0)
(4.34835 -0.408323 0)
(4.35353 -0.402768 0)
(4.35726 -0.396526 0)
(4.35856 -0.393021 0)
(4.3582 -0.391859 0)
(4.35777 -0.393388 0)
(4.35829 -0.39426 0)
(4.35884 -0.394457 0)
(4.36032 -0.396394 0)
(4.36818 -0.398811 0)
(4.3726 -0.40016 0)
(4.37593 -0.39987 0)
(4.38123 -0.397321 0)
(4.38688 -0.395796 0)
(4.39252 -0.396377 0)
(4.39901 -0.397128 0)
(4.40549 -0.396951 0)
(4.40844 -0.394594 0)
(4.40169 -0.390731 0)
(4.3937 -0.391616 0)
(4.39728 -0.39451 0)
(4.40088 -0.395018 0)
(4.40498 -0.393345 0)
(4.41048 -0.38976 0)
(4.41557 -0.388363 0)
(4.42041 -0.388844 0)
(4.42285 -0.387765 0)
(4.41658 -0.383671 0)
(4.40943 -0.383588 0)
(4.41365 -0.388166 0)
(4.41766 -0.391349 0)
(4.42349 -0.392678 0)
(4.43025 -0.393421 0)
(4.43427 -0.391361 0)
(4.4323 -0.383577 0)
(4.42209 -0.374532 0)
(4.41387 -0.376232 0)
(4.42107 -0.381576 0)
(4.42801 -0.384801 0)
(4.43338 -0.388231 0)
(4.43826 -0.388225 0)
(4.44268 -0.385915 0)
(4.45082 -0.383536 0)
(4.45907 -0.385407 0)
(4.46699 -0.389913 0)
(4.47352 -0.392973 0)
(4.47542 -0.390966 0)
(4.47116 -0.381667 0)
(4.46126 -0.368984 0)
(4.45382 -0.363797 0)
(4.45115 -0.365786 0)
(4.45151 -0.3686 0)
(4.45379 -0.369017 0)
(4.45708 -0.369522 0)
(4.45823 -0.370614 0)
(4.45837 -0.370908 0)
(4.45863 -0.368813 0)
(4.45947 -0.367462 0)
(4.46149 -0.362519 0)
(4.46335 -0.352172 0)
(4.46865 -0.343593 0)
(4.46266 -0.324244 0)
(4.45552 -0.300848 0)
(4.45158 -0.284442 0)
(4.44418 -0.26627 0)
(4.42342 -0.21639 0)
(4.40565 -0.16518 0)
(4.39254 -0.142784 0)
(4.35694 -0.058845 0)
(4.33031 0.0349956 0)
(4.32207 0.0504422 0)
(4.27403 0.13378 0)
(4.22562 0.263108 0)
(4.21732 0.27723 0)
(4.18878 0.326697 0)
(4.12759 0.466149 0)
(4.12021 0.51785 0)
(4.12729 0.50472 0)
(4.09526 0.554677 0)
(4.06131 0.636668 0)
(4.05584 0.655206 0)
(4.04085 0.665952 0)
(4.00862 0.689488 0)
(3.99392 0.728707 0)
(3.98569 0.735555 0)
(3.97927 0.738496 0)
(3.97542 0.752383 0)
(3.97608 0.757519 0)
(3.97433 0.759815 0)
(3.97071 0.762805 0)
(3.96863 0.764089 0)
(3.96558 0.768724 0)
(3.96486 0.778549 0)
(3.9624 0.784084 0)
(3.72346 1.17283 0)
(3.6939 1.08888 0)
(3.65143 0.982484 0)
(3.58945 0.875519 0)
(3.45476 0.637718 0)
(3.36501 0.46347 0)
(3.27274 0.294737 0)
(3.1254 0.0215039 0)
(3.07562 -0.0974657 0)
(3.03036 -0.203045 0)
(2.96202 -0.364682 0)
(2.94669 -0.413193 0)
(2.93319 -0.457324 0)
(2.92423 -0.52179 0)
(2.93269 -0.533258 0)
(2.96334 -0.535878 0)
(2.98934 -0.528224 0)
(3.01913 -0.518193 0)
(3.04955 -0.510602 0)
(3.08093 -0.497909 0)
(3.11288 -0.478578 0)
(3.14363 -0.471222 0)
(3.17427 -0.463961 0)
(3.20732 -0.448197 0)
(3.23935 -0.442934 0)
(3.26903 -0.453118 0)
(3.29788 -0.451949 0)
(3.32452 -0.439788 0)
(3.35063 -0.444009 0)
(3.37242 -0.457692 0)
(3.3933 -0.458316 0)
(3.41328 -0.451335 0)
(3.4304 -0.450576 0)
(3.44488 -0.457998 0)
(3.45579 -0.462978 0)
(3.46751 -0.458192 0)
(3.47809 -0.44973 0)
(3.48913 -0.449341 0)
(3.50386 -0.456726 0)
(3.51686 -0.461703 0)
(3.53232 -0.461647 0)
(3.54781 -0.456939 0)
(3.55992 -0.454526 0)
(3.56795 -0.45921 0)
(3.57236 -0.464638 0)
(3.58091 -0.463017 0)
(3.59447 -0.45775 0)
(3.60648 -0.455167 0)
(3.61936 -0.459351 0)
(3.63107 -0.466984 0)
(3.64262 -0.470225 0)
(3.65491 -0.465498 0)
(3.66285 -0.459781 0)
(3.66693 -0.462611 0)
(3.67106 -0.46846 0)
(3.68073 -0.468788 0)
(3.69528 -0.464638 0)
(3.7079 -0.461409 0)
(3.71986 -0.464517 0)
(3.73001 -0.470956 0)
(3.73922 -0.472739 0)
(3.74666 -0.465201 0)
(3.74885 -0.458211 0)
(3.7527 -0.462566 0)
(3.75952 -0.467277 0)
(3.77236 -0.466774 0)
(3.78775 -0.462797 0)
(3.79972 -0.458559 0)
(3.81002 -0.460285 0)
(3.81848 -0.466156 0)
(3.82383 -0.468147 0)
(3.82528 -0.45999 0)
(3.8265 -0.450161 0)
(3.8331 -0.449433 0)
(3.84546 -0.455431 0)
(3.8558 -0.459789 0)
(3.86838 -0.459927 0)
(3.88149 -0.455214 0)
(3.89197 -0.449422 0)
(3.89809 -0.450644 0)
(3.89645 -0.455132 0)
(3.88943 -0.455173 0)
(3.89899 -0.451913 0)
(3.91227 -0.447904 0)
(3.92229 -0.443387 0)
(3.93213 -0.442958 0)
(3.94256 -0.447295 0)
(3.95235 -0.452144 0)
(3.96088 -0.452361 0)
(3.96302 -0.444912 0)
(3.95847 -0.43608 0)
(3.96032 -0.435351 0)
(3.96953 -0.440693 0)
(3.97837 -0.444219 0)
(3.99033 -0.443688 0)
(4.00165 -0.439521 0)
(4.01115 -0.434683 0)
(4.01732 -0.433828 0)
(4.01561 -0.434792 0)
(4.00648 -0.434212 0)
(4.01131 -0.433541 0)
(4.02327 -0.432938 0)
(4.03328 -0.43025 0)
(4.04244 -0.429147 0)
(4.05155 -0.4308 0)
(4.06057 -0.433474 0)
(4.06742 -0.433995 0)
(4.06603 -0.425328 0)
(4.05728 -0.415416 0)
(4.06177 -0.419661 0)
(4.06886 -0.423157 0)
(4.07775 -0.423763 0)
(4.0888 -0.423334 0)
(4.09845 -0.420956 0)
(4.10727 -0.419645 0)
(4.11471 -0.41886 0)
(4.11475 -0.41884 0)
(4.10496 -0.41609 0)
(4.10618 -0.411586 0)
(4.1127 -0.408497 0)
(4.12106 -0.408688 0)
(4.12997 -0.413386 0)
(4.13723 -0.414758 0)
(4.14504 -0.409943 0)
(4.14985 -0.399875 0)
(4.14998 -0.395033 0)
(4.14732 -0.404747 0)
(4.14389 -0.410013 0)
(4.15125 -0.408041 0)
(4.16079 -0.405482 0)
(4.16796 -0.396994 0)
(4.17358 -0.390281 0)
(4.17971 -0.393135 0)
(4.18283 -0.399781 0)
(4.18311 -0.40121 0)
(4.18383 -0.395799 0)
(4.18704 -0.390975 0)
(4.1917 -0.389791 0)
(4.19691 -0.389878 0)
(4.20215 -0.388898 0)
(4.20678 -0.386609 0)
(4.20821 -0.382917 0)
(4.20237 -0.379016 0)
(4.20032 -0.378748 0)
(4.209 -0.380441 0)
(4.21688 -0.382491 0)
(4.22508 -0.385945 0)
(4.2339 -0.387729 0)
(4.24221 -0.386368 0)
(4.2471 -0.381487 0)
(4.24334 -0.372586 0)
(4.22999 -0.367433 0)
(4.22727 -0.370576 0)
(4.23393 -0.37227 0)
(4.24261 -0.372948 0)
(4.25086 -0.373152 0)
(4.2592 -0.372558 0)
(4.26699 -0.372821 0)
(4.27455 -0.373039 0)
(4.27851 -0.371197 0)
(4.27 -0.366574 0)
(4.25603 -0.362435 0)
(4.25786 -0.3601 0)
(4.2636 -0.359398 0)
(4.27069 -0.359951 0)
(4.27847 -0.361148 0)
(4.28582 -0.361229 0)
(4.29205 -0.360722 0)
(4.2961 -0.360939 0)
(4.29319 -0.360544 0)
(4.29309 -0.358622 0)
(4.29669 -0.356512 0)
(4.29993 -0.354338 0)
(4.30494 -0.353227 0)
(4.31085 -0.354342 0)
(4.31596 -0.357093 0)
(4.31655 -0.359867 0)
(4.3146 -0.359049 0)
(4.31736 -0.356017 0)
(4.32201 -0.353037 0)
(4.32723 -0.35035 0)
(4.3319 -0.348813 0)
(4.33691 -0.347503 0)
(4.34178 -0.345904 0)
(4.34597 -0.344121 0)
(4.34696 -0.341886 0)
(4.33483 -0.338549 0)
(4.32186 -0.337297 0)
(4.32553 -0.33772 0)
(4.33066 -0.337438 0)
(4.33642 -0.338163 0)
(4.34173 -0.339863 0)
(4.34903 -0.342239 0)
(4.35488 -0.342069 0)
(4.35728 -0.33926 0)
(4.35857 -0.3357 0)
(4.36268 -0.333131 0)
(4.36885 -0.331538 0)
(4.37308 -0.330868 0)
(4.37462 -0.330982 0)
(4.37613 -0.330173 0)
(4.3792 -0.327841 0)
(4.38317 -0.325305 0)
(4.38657 -0.323622 0)
(4.38729 -0.323575 0)
(4.37889 -0.325802 0)
(4.3652 -0.327048 0)
(4.36643 -0.325713 0)
(4.37128 -0.324594 0)
(4.37627 -0.323473 0)
(4.38131 -0.321569 0)
(4.39007 -0.318877 0)
(4.3955 -0.317669 0)
(4.40272 -0.315638 0)
(4.40781 -0.313508 0)
(4.4096 -0.314286 0)
(4.40194 -0.316036 0)
(4.39085 -0.315277 0)
(4.39471 -0.313878 0)
(4.39912 -0.313044 0)
(4.40427 -0.310524 0)
(4.41048 -0.307615 0)
(4.41571 -0.306298 0)
(4.42204 -0.304456 0)
(4.42441 -0.30516 0)
(4.41431 -0.306024 0)
(4.40876 -0.304273 0)
(4.411 -0.303625 0)
(4.41692 -0.303017 0)
(4.42114 -0.302887 0)
(4.42938 -0.301786 0)
(4.43689 -0.299963 0)
(4.44149 -0.299313 0)
(4.44249 -0.300732 0)
(4.43662 -0.304994 0)
(4.42468 -0.309626 0)
(4.42291 -0.310941 0)
(4.4263 -0.310398 0)
(4.42878 -0.308339 0)
(4.42868 -0.304136 0)
(4.42574 -0.297595 0)
(4.43378 -0.295604 0)
(4.44266 -0.296747 0)
(4.44959 -0.298049 0)
(4.45537 -0.301015 0)
(4.45874 -0.303887 0)
(4.46178 -0.304498 0)
(4.46576 -0.303225 0)
(4.46903 -0.301227 0)
(4.46433 -0.299139 0)
(4.45002 -0.297332 0)
(4.44993 -0.297592 0)
(4.45466 -0.297651 0)
(4.45964 -0.29474 0)
(4.46397 -0.291032 0)
(4.46983 -0.28858 0)
(4.4792 -0.284055 0)
(4.48421 -0.279215 0)
(4.48736 -0.277667 0)
(4.48681 -0.275928 0)
(4.4824 -0.270987 0)
(4.48108 -0.267879 0)
(4.47989 -0.263891 0)
(4.47928 -0.25272 0)
(4.47288 -0.229696 0)
(4.46695 -0.214531 0)
(4.45397 -0.186708 0)
(4.43967 -0.147986 0)
(4.42667 -0.131169 0)
(4.39595 -0.0783211 0)
(4.36368 0.005991 0)
(4.3557 0.0301681 0)
(4.31515 0.11785 0)
(4.26933 0.262145 0)
(4.26596 0.274498 0)
(4.25168 0.304472 0)
(4.16451 0.445863 0)
(4.14481 0.503776 0)
(4.14729 0.489484 0)
(4.08919 0.566266 0)
(4.06733 0.662253 0)
(4.07035 0.661185 0)
(4.06852 0.668939 0)
(4.02877 0.721599 0)
(4.01889 0.758353 0)
(4.01468 0.755127 0)
(4.00159 0.762158 0)
(3.98711 0.789539 0)
(3.37361 0.402316 0)
(3.22783 0.112009 0)
(3.16125 -0.0401771 0)
(3.11268 -0.154392 0)
(3.02254 -0.337699 0)
(2.99439 -0.432567 0)
(2.99084 -0.47585 0)
(2.98043 -0.541733 0)
(2.99098 -0.583977 0)
(3.011 -0.610103 0)
(3.02102 -0.621233 0)
(3.03797 -0.621837 0)
(3.0695 -0.612746 0)
(3.10514 -0.601136 0)
(3.14292 -0.578891 0)
(3.1826 -0.547604 0)
(3.217 -0.532717 0)
(3.247 -0.51713 0)
(3.28131 -0.48304 0)
(3.30283 -0.46209 0)
(3.32343 -0.451757 0)
(3.35025 -0.430664 0)
(3.36557 -0.417113 0)
(3.38174 -0.409195 0)
(3.40257 -0.393355 0)
(3.41693 -0.382121 0)
(3.42843 -0.381206 0)
(3.44201 -0.378174 0)
(3.45749 -0.369514 0)
(3.47113 -0.36696 0)
(3.48421 -0.372266 0)
(3.49893 -0.373413 0)
(3.51513 -0.368218 0)
(3.52891 -0.367026 0)
(3.54059 -0.374444 0)
(3.54958 -0.379795 0)
(3.56045 -0.374532 0)
(3.57018 -0.365186 0)
(3.57903 -0.365929 0)
(3.58854 -0.375719 0)
(3.59718 -0.381441 0)
(3.61049 -0.378461 0)
(3.62406 -0.370722 0)
(3.63545 -0.370307 0)
(3.64422 -0.380373 0)
(3.64921 -0.387729 0)
(3.65851 -0.382197 0)
(3.66852 -0.370844 0)
(3.67703 -0.366856 0)
(3.68791 -0.376146 0)
(3.69581 -0.386666 0)
(3.70538 -0.388155 0)
(3.71738 -0.380017 0)
(3.7265 -0.37379 0)
(3.73355 -0.37924 0)
(3.7378 -0.38645 0)
(3.74609 -0.383968 0)
(3.75721 -0.375508 0)
(3.76785 -0.373383 0)
(3.77869 -0.381379 0)
(3.78617 -0.389274 0)
(3.79438 -0.387176 0)
(3.80144 -0.376645 0)
(3.80565 -0.372893 0)
(3.80989 -0.380239 0)
(3.81575 -0.38378 0)
(3.82884 -0.379038 0)
(3.84147 -0.371415 0)
(3.85189 -0.369896 0)
(3.86141 -0.3779 0)
(3.86679 -0.38741 0)
(3.87025 -0.384373 0)
(3.87208 -0.370847 0)
(3.8717 -0.363092 0)
(3.88274 -0.365337 0)
(3.89372 -0.370729 0)
(3.90333 -0.373881 0)
(3.91539 -0.371756 0)
(3.92688 -0.365768 0)
(3.93491 -0.363803 0)
(3.93579 -0.370487 0)
(3.92764 -0.377464 0)
(3.92823 -0.373146 0)
(3.94245 -0.363677 0)
(3.95242 -0.354844 0)
(3.96098 -0.35203 0)
(3.97222 -0.357245 0)
(3.98104 -0.366087 0)
(3.98845 -0.371491 0)
(3.99224 -0.365515 0)
(3.98777 -0.352796 0)
(3.98406 -0.34675 0)
(3.99354 -0.351246 0)
(4.00277 -0.355245 0)
(4.01212 -0.356846 0)
(4.02262 -0.354846 0)
(4.03276 -0.350444 0)
(4.04034 -0.347436 0)
(4.03997 -0.34959 0)
(4.03106 -0.353205 0)
(4.02806 -0.350353 0)
(4.04044 -0.345248 0)
(4.05027 -0.34119 0)
(4.05877 -0.339599 0)
(4.068 -0.342144 0)
(4.07686 -0.347185 0)
(4.0843 -0.351225 0)
(4.08589 -0.345799 0)
(4.07715 -0.333189 0)
(4.07543 -0.332271 0)
(4.08211 -0.336781 0)
(4.09009 -0.337729 0)
(4.10091 -0.335795 0)
(4.10985 -0.333032 0)
(4.1181 -0.331884 0)
(4.12584 -0.332125 0)
(4.12925 -0.333985 0)
(4.12117 -0.333331 0)
(4.11623 -0.327806 0)
(4.12155 -0.323812 0)
(4.12857 -0.322542 0)
(4.13812 -0.325823 0)
(4.14584 -0.328899 0)
(4.15379 -0.326358 0)
(4.15965 -0.318295 0)
(4.16162 -0.312386 0)
(4.15697 -0.317317 0)
(4.14933 -0.321282 0)
(4.15544 -0.321112 0)
(4.1643 -0.320773 0)
(4.17268 -0.316236 0)
(4.18035 -0.310695 0)
(4.18826 -0.31045 0)
(4.19359 -0.313463 0)
(4.1926 -0.315704 0)
(4.1849 -0.311302 0)
(4.18204 -0.303814 0)
(4.18671 -0.303635 0)
(4.19527 -0.304817 0)
(4.20284 -0.30818 0)
(4.21039 -0.311634 0)
(4.21842 -0.312816 0)
(4.22401 -0.309822 0)
(4.22037 -0.302602 0)
(4.20776 -0.296667 0)
(4.20792 -0.29794 0)
(4.21372 -0.300636 0)
(4.2206 -0.302229 0)
(4.23008 -0.301778 0)
(4.23877 -0.300459 0)
(4.24634 -0.298061 0)
(4.2494 -0.295133 0)
(4.24343 -0.296234 0)
(4.23053 -0.296024 0)
(4.23279 -0.294147 0)
(4.24177 -0.29323 0)
(4.24819 -0.29029 0)
(4.25424 -0.288503 0)
(4.26108 -0.289054 0)
(4.26863 -0.290792 0)
(4.27407 -0.293152 0)
(4.26951 -0.292735 0)
(4.26306 -0.288135 0)
(4.26583 -0.285552 0)
(4.27041 -0.284976 0)
(4.27645 -0.285215 0)
(4.28353 -0.285988 0)
(4.29082 -0.285924 0)
(4.29707 -0.283767 0)
(4.29909 -0.279212 0)
(4.29182 -0.276691 0)
(4.27605 -0.280567 0)
(4.27113 -0.280179 0)
(4.28086 -0.27904 0)
(4.28747 -0.277959 0)
(4.29321 -0.277102 0)
(4.29928 -0.276989 0)
(4.30561 -0.277547 0)
(4.31014 -0.279443 0)
(4.30646 -0.281527 0)
(4.29723 -0.280633 0)
(4.29712 -0.278799 0)
(4.30174 -0.27801 0)
(4.3069 -0.277605 0)
(4.31354 -0.275699 0)
(4.32174 -0.272538 0)
(4.3281 -0.268907 0)
(4.33062 -0.26422 0)
(4.3271 -0.261099 0)
(4.31585 -0.263704 0)
(4.312 -0.267783 0)
(4.32007 -0.267953 0)
(4.32712 -0.266628 0)
(4.33317 -0.264097 0)
(4.33901 -0.262598 0)
(4.34537 -0.264231 0)
(4.35003 -0.267528 0)
(4.34894 -0.270657 0)
(4.34201 -0.271614 0)
(4.34068 -0.270586 0)
(4.34503 -0.269339 0)
(4.35063 -0.267756 0)
(4.35639 -0.266568 0)
(4.36101 -0.264958 0)
(4.36097 -0.261568 0)
(4.36024 -0.257597 0)
(4.36701 -0.25734 0)
(4.37069 -0.25676 0)
(4.37402 -0.254458 0)
(4.37704 -0.252934 0)
(4.38104 -0.252622 0)
(4.38588 -0.253605 0)
(4.38995 -0.255172 0)
(4.38933 -0.25462 0)
(4.38073 -0.251082 0)
(4.37735 -0.247151 0)
(4.38488 -0.24665 0)
(4.39054 -0.247533 0)
(4.39544 -0.247753 0)
(4.40011 -0.246741 0)
(4.40364 -0.24448 0)
(4.40535 -0.243062 0)
(4.40276 -0.242606 0)
(4.39489 -0.239511 0)
(4.39215 -0.236266 0)
(4.39691 -0.235579 0)
(4.40101 -0.235162 0)
(4.4051 -0.235136 0)
(4.40865 -0.236978 0)
(4.41112 -0.239754 0)
(4.41269 -0.242001 0)
(4.41318 -0.243066 0)
(4.41006 -0.241566 0)
(4.40566 -0.237132 0)
(4.40777 -0.234877 0)
(4.41425 -0.235198 0)
(4.41881 -0.235714 0)
(4.42246 -0.236186 0)
(4.42563 -0.236401 0)
(4.42975 -0.236234 0)
(4.43518 -0.234167 0)
(4.4391 -0.231804 0)
(4.43456 -0.233514 0)
(4.42417 -0.237374 0)
(4.42303 -0.238861 0)
(4.42606 -0.239081 0)
(4.43023 -0.237735 0)
(4.43465 -0.233903 0)
(4.43705 -0.228529 0)
(4.43702 -0.225219 0)
(4.43818 -0.226063 0)
(4.44142 -0.228246 0)
(4.44437 -0.228922 0)
(4.44718 -0.227839 0)
(4.4499 -0.228525 0)
(4.45262 -0.230204 0)
(4.4558 -0.229496 0)
(4.45852 -0.229655 0)
(4.45951 -0.230793 0)
(4.45649 -0.231179 0)
(4.45232 -0.229095 0)
(4.45438 -0.227395 0)
(4.45651 -0.225847 0)
(4.45833 -0.223153 0)
(4.46077 -0.22123 0)
(4.46372 -0.218937 0)
(4.46294 -0.215132 0)
(4.45847 -0.210684 0)
(4.45739 -0.208497 0)
(4.45774 -0.207402 0)
(4.45768 -0.201455 0)
(4.45684 -0.188363 0)
(4.45845 -0.181209 0)
(4.45523 -0.16148 0)
(4.44487 -0.128197 0)
(4.43574 -0.108621 0)
(4.40644 -0.055827 0)
(4.38237 -0.00615829 0)
(4.36872 0.0100123 0)
(4.30922 0.110285 0)
(4.2762 0.217995 0)
(4.28422 0.222566 0)
(4.24078 0.313691 0)
(4.1908 0.45274 0)
(4.19055 0.448965 0)
(4.16826 0.483349 0)
(4.09542 0.588155 0)
(4.07117 0.661063 0)
(3.16496 -0.195653 0)
(3.11998 -0.256959 0)
(3.09566 -0.28281 0)
(3.08851 -0.296119 0)
(3.08559 -0.306986 0)
(3.08338 -0.31523 0)
(3.08999 -0.311357 0)
(3.10052 -0.313888 0)
(3.11215 -0.313102 0)
(3.13436 -0.307365 0)
(3.16729 -0.301372 0)
(3.20303 -0.304654 0)
(3.24315 -0.306233 0)
(3.28144 -0.298811 0)
(3.31327 -0.287633 0)
(3.34112 -0.289019 0)
(3.36448 -0.298192 0)
(3.38206 -0.289212 0)
(3.39571 -0.279125 0)
(3.41148 -0.288208 0)
(3.42861 -0.287645 0)
(3.44152 -0.272721 0)
(3.45307 -0.273208 0)
(3.46415 -0.280962 0)
(3.47663 -0.276189 0)
(3.48525 -0.266953 0)
(3.4937 -0.269348 0)
(3.50193 -0.275068 0)
(3.5113 -0.272422 0)
(3.51981 -0.267461 0)
(3.52888 -0.269838 0)
(3.53895 -0.275032 0)
(3.55127 -0.274807 0)
(3.56374 -0.27125 0)
(3.57592 -0.272996 0)
(3.58849 -0.281678 0)
(3.59969 -0.288124 0)
(3.61184 -0.283241 0)
(3.61962 -0.271563 0)
(3.62313 -0.271016 0)
(3.62869 -0.283108 0)
(3.63613 -0.29116 0)
(3.65085 -0.288899 0)
(3.66567 -0.281024 0)
(3.67672 -0.277851 0)
(3.68781 -0.285193 0)
(3.69651 -0.293515 0)
(3.70516 -0.289422 0)
(3.70873 -0.273529 0)
(3.70708 -0.266007 0)
(3.71506 -0.278371 0)
(3.72284 -0.288564 0)
(3.73572 -0.288918 0)
(3.7516 -0.280639 0)
(3.7612 -0.27068 0)
(3.76799 -0.272302 0)
(3.77141 -0.279943 0)
(3.77339 -0.276405 0)
(3.77374 -0.264502 0)
(3.77952 -0.265156 0)
(3.78897 -0.273155 0)
(3.79901 -0.275924 0)
(3.81247 -0.270672 0)
(3.82221 -0.261828 0)
(3.82723 -0.260021 0)
(3.82715 -0.266787 0)
(3.82406 -0.268328 0)
(3.82887 -0.257639 0)
(3.83537 -0.250598 0)
(3.84583 -0.254033 0)
(3.8561 -0.262958 0)
(3.86504 -0.26645 0)
(3.87503 -0.258462 0)
(3.87891 -0.244531 0)
(3.87676 -0.240628 0)
(3.87505 -0.251659 0)
(3.87542 -0.259469 0)
(3.88484 -0.256195 0)
(3.89655 -0.248323 0)
(3.90546 -0.241992 0)
(3.9135 -0.243643 0)
(3.91892 -0.251853 0)
(3.92017 -0.257507 0)
(3.91914 -0.25138 0)
(3.9198 -0.23785 0)
(3.92361 -0.232255 0)
(3.93276 -0.236497 0)
(3.94192 -0.243894 0)
(3.94933 -0.248672 0)
(3.95647 -0.246019 0)
(3.961 -0.238237 0)
(3.95975 -0.231056 0)
(3.95678 -0.233403 0)
(3.96017 -0.241026 0)
(3.9668 -0.243609 0)
(3.97685 -0.240978 0)
(3.98702 -0.234729 0)
(3.99526 -0.229783 0)
(4.00047 -0.232412 0)
(3.99842 -0.23742 0)
(3.98811 -0.239472 0)
(3.99198 -0.236396 0)
(4.00128 -0.232225 0)
(4.0089 -0.229147 0)
(4.01772 -0.229151 0)
(4.02686 -0.232805 0)
(4.03411 -0.236131 0)
(4.03783 -0.232916 0)
(4.03404 -0.224139 0)
(4.02832 -0.223771 0)
(4.02952 -0.229518 0)
(4.0371 -0.229598 0)
(4.04723 -0.226908 0)
(4.05559 -0.224369 0)
(4.06372 -0.223352 0)
(4.07144 -0.224507 0)
(4.07577 -0.226662 0)
(4.07038 -0.226446 0)
(4.06358 -0.221975 0)
(4.06729 -0.218485 0)
(4.07412 -0.217871 0)
(4.08317 -0.220192 0)
(4.09156 -0.223564 0)
(4.09885 -0.223099 0)
(4.10415 -0.21715 0)
(4.10427 -0.210458 0)
(4.09927 -0.213006 0)
(4.0957 -0.219663 0)
(4.09884 -0.219939 0)
(4.10872 -0.218328 0)
(4.11732 -0.214103 0)
(4.12491 -0.208994 0)
(4.13247 -0.208206 0)
(4.13817 -0.21205 0)
(4.13828 -0.21716 0)
(4.13145 -0.216316 0)
(4.13071 -0.209013 0)
(4.13484 -0.20531 0)
(4.14069 -0.205705 0)
(4.14837 -0.209479 0)
(4.15571 -0.214185 0)
(4.16268 -0.215582 0)
(4.16717 -0.210851 0)
(4.16406 -0.20293 0)
(4.15623 -0.200017 0)
(4.16001 -0.204385 0)
(4.16637 -0.207975 0)
(4.17276 -0.210493 0)
(4.17976 -0.210364 0)
(4.18614 -0.206642 0)
(4.1902 -0.200559 0)
(4.1905 -0.197259 0)
(4.18529 -0.20213 0)
(4.17945 -0.205118 0)
(4.18629 -0.204414 0)
(4.19448 -0.203372 0)
(4.20099 -0.199577 0)
(4.2069 -0.197414 0)
(4.21267 -0.198482 0)
(4.2171 -0.201001 0)
(4.21699 -0.204112 0)
(4.20903 -0.201962 0)
(4.20778 -0.195888 0)
(4.21156 -0.19323 0)
(4.21671 -0.192997 0)
(4.22435 -0.194945 0)
(4.23319 -0.197964 0)
(4.24193 -0.199415 0)
(4.24904 -0.196535 0)
(4.25095 -0.190495 0)
(4.24559 -0.18873 0)
(4.23986 -0.195091 0)
(4.24119 -0.197376 0)
(4.24937 -0.195437 0)
(4.2556 -0.192763 0)
(4.26048 -0.190707 0)
(4.26535 -0.191135 0)
(4.27009 -0.193465 0)
(4.2729 -0.19581 0)
(4.26886 -0.194845 0)
(4.26344 -0.1909 0)
(4.26496 -0.188771 0)
(4.2691 -0.189208 0)
(4.27452 -0.191287 0)
(4.27991 -0.193076 0)
(4.28521 -0.191636 0)
(4.28843 -0.185945 0)
(4.28825 -0.179725 0)
(4.285 -0.180359 0)
(4.28304 -0.186234 0)
(4.28703 -0.188119 0)
(4.29403 -0.187144 0)
(4.30004 -0.185253 0)
(4.30585 -0.182291 0)
(4.31141 -0.180325 0)
(4.31615 -0.181927 0)
(4.31756 -0.186251 0)
(4.31209 -0.190677 0)
(4.30472 -0.190442 0)
(4.30687 -0.186364 0)
(4.31063 -0.183946 0)
(4.31446 -0.183161 0)
(4.3183 -0.183799 0)
(4.32109 -0.185061 0)
(4.32029 -0.185288 0)
(4.31487 -0.181838 0)
(4.31498 -0.177631 0)
(4.31835 -0.17583 0)
(4.32276 -0.175533 0)
(4.32937 -0.177063 0)
(4.33646 -0.179507 0)
(4.34345 -0.181648 0)
(4.34921 -0.18114 0)
(4.35075 -0.176829 0)
(4.34466 -0.170445 0)
(4.33464 -0.167537 0)
(4.33645 -0.171562 0)
(4.34171 -0.174939 0)
(4.34693 -0.176044 0)
(4.35462 -0.174673 0)
(4.3608 -0.170916 0)
(4.36506 -0.167677 0)
(4.36693 -0.167255 0)
(4.36367 -0.168134 0)
(4.35717 -0.169271 0)
(4.35588 -0.170098 0)
(4.36118 -0.168031 0)
(4.36746 -0.164941 0)
(4.37282 -0.162882 0)
(4.37726 -0.163786 0)
(4.38021 -0.166551 0)
(4.38031 -0.168986 0)
(4.37519 -0.167333 0)
(4.3734 -0.162568 0)
(4.37621 -0.160205 0)
(4.37905 -0.158631 0)
(4.38245 -0.157781 0)
(4.3877 -0.159794 0)
(4.39312 -0.163149 0)
(4.39891 -0.164535 0)
(4.404 -0.162245 0)
(4.4048 -0.159572 0)
(4.39909 -0.158408 0)
(4.39482 -0.15899 0)
(4.39798 -0.160935 0)
(4.40112 -0.162126 0)
(4.40489 -0.161972 0)
(4.40898 -0.159932 0)
(4.41163 -0.156267 0)
(4.4115 -0.152931 0)
(4.40847 -0.153832 0)
(4.40829 -0.156627 0)
(4.41338 -0.157178 0)
(4.41977 -0.15698 0)
(4.42567 -0.156704 0)
(4.43056 -0.156219 0)
(4.4343 -0.155806 0)
(4.43688 -0.155843 0)
(4.43767 -0.157244 0)
(4.43394 -0.160258 0)
(4.42684 -0.160627 0)
(4.42867 -0.157443 0)
(4.43207 -0.154523 0)
(4.43434 -0.151862 0)
(4.43698 -0.151633 0)
(4.43835 -0.152714 0)
(4.43622 -0.152092 0)
(4.43362 -0.149363 0)
(4.43673 -0.147824 0)
(4.43864 -0.146805 0)
(4.44194 -0.143634 0)
(4.44414 -0.141344 0)
(4.44972 -0.140353 0)
(4.45541 -0.140344 0)
(4.45887 -0.140683 0)
(4.46008 -0.141413 0)
(4.45596 -0.138414 0)
(4.44733 -0.128888 0)
(4.4439 -0.122879 0)
(4.4417 -0.119005 0)
(4.43934 -0.108352 0)
(4.43777 -0.0900518 0)
(4.43631 -0.0720801 0)
(4.42402 -0.0304172 0)
(4.41082 0.011337 0)
(4.38936 0.0527087 0)
(4.36104 0.0971853 0)
(4.3084 0.199624 0)
(2.95013 -0.505215 0)
(2.96412 -0.485292 0)
(2.99783 -0.451273 0)
(3.02367 -0.413232 0)
(3.06401 -0.366649 0)
(3.10206 -0.324573 0)
(3.12895 -0.299374 0)
(3.17059 -0.25648 0)
(3.194 -0.231001 0)
(3.21547 -0.205207 0)
(3.25521 -0.164687 0)
(3.2808 -0.141489 0)
(3.30145 -0.133342 0)
(3.3185 -0.121144 0)
(3.33432 -0.114683 0)
(3.35467 -0.116721 0)
(3.37586 -0.115748 0)
(3.39439 -0.111368 0)
(3.4158 -0.118946 0)
(3.43601 -0.133409 0)
(3.45363 -0.134323 0)
(3.46847 -0.129802 0)
(3.48469 -0.139427 0)
(3.49686 -0.153844 0)
(3.50749 -0.153991 0)
(3.51762 -0.15103 0)
(3.52924 -0.158109 0)
(3.53949 -0.164415 0)
(3.55008 -0.160908 0)
(3.55975 -0.156217 0)
(3.56921 -0.158891 0)
(3.57704 -0.162577 0)
(3.58496 -0.157305 0)
(3.59215 -0.148513 0)
(3.60196 -0.149595 0)
(3.61386 -0.158841 0)
(3.62403 -0.16385 0)
(3.63529 -0.156508 0)
(3.6431 -0.144335 0)
(3.64815 -0.143817 0)
(3.65131 -0.155575 0)
(3.65293 -0.162902 0)
(3.66458 -0.155971 0)
(3.67649 -0.145743 0)
(3.68821 -0.143186 0)
(3.70277 -0.15178 0)
(3.71333 -0.162176 0)
(3.72085 -0.159741 0)
(3.72222 -0.146226 0)
(3.71926 -0.140443 0)
(3.72738 -0.152899 0)
(3.7351 -0.16222 0)
(3.74729 -0.161129 0)
(3.76169 -0.151664 0)
(3.77261 -0.143837 0)
(3.78396 -0.149524 0)
(3.78989 -0.162066 0)
(3.78951 -0.162767 0)
(3.78648 -0.150669 0)
(3.79153 -0.148754 0)
(3.80351 -0.155997 0)
(3.8142 -0.158898 0)
(3.82718 -0.153814 0)
(3.83761 -0.146236 0)
(3.8461 -0.148144 0)
(3.84883 -0.159089 0)
(3.8435 -0.165034 0)
(3.84618 -0.15476 0)
(3.85226 -0.146031 0)
(3.86229 -0.146336 0)
(3.87496 -0.15337 0)
(3.88466 -0.157938 0)
(3.89435 -0.15257 0)
(3.89975 -0.14127 0)
(3.9002 -0.140463 0)
(3.8978 -0.153587 0)
(3.89493 -0.160997 0)
(3.90425 -0.157617 0)
(3.91563 -0.150233 0)
(3.92407 -0.141608 0)
(3.93334 -0.140525 0)
(3.94212 -0.148839 0)
(3.94565 -0.15878 0)
(3.94345 -0.157562 0)
(3.94106 -0.144942 0)
(3.94301 -0.138154 0)
(3.9522 -0.141237 0)
(3.96264 -0.147263 0)
(3.97111 -0.1512 0)
(3.9788 -0.150504 0)
(3.98394 -0.14521 0)
(3.98314 -0.138923 0)
(3.97857 -0.140061 0)
(3.98073 -0.14793 0)
(3.98673 -0.150584 0)
(3.99674 -0.148003 0)
(4.00643 -0.14239 0)
(4.01517 -0.138301 0)
(4.02222 -0.139563 0)
(4.0226 -0.143119 0)
(4.01107 -0.146855 0)
(4.00947 -0.146016 0)
(4.0181 -0.142262 0)
(4.02581 -0.139054 0)
(4.03512 -0.138106 0)
(4.04527 -0.141145 0)
(4.05357 -0.144199 0)
(4.05899 -0.142184 0)
(4.05729 -0.135368 0)
(4.04927 -0.134877 0)
(4.04653 -0.140203 0)
(4.05408 -0.13993 0)
(4.06332 -0.137465 0)
(4.07167 -0.135361 0)
(4.08045 -0.135339 0)
(4.08887 -0.137532 0)
(4.09403 -0.139646 0)
(4.09052 -0.138611 0)
(4.08192 -0.133645 0)
(4.08271 -0.130414 0)
(4.08992 -0.131103 0)
(4.0989 -0.133741 0)
(4.10716 -0.136479 0)
(4.1142 -0.136135 0)
(4.11876 -0.131056 0)
(4.11774 -0.125056 0)
(4.1116 -0.127137 0)
(4.10935 -0.133666 0)
(4.11326 -0.134782 0)
(4.12221 -0.132653 0)
(4.13044 -0.128779 0)
(4.13832 -0.12492 0)
(4.14612 -0.124576 0)
(4.1517 -0.127725 0)
(4.15061 -0.13198 0)
(4.14131 -0.131861 0)
(4.14038 -0.126464 0)
(4.14531 -0.123286 0)
(4.15195 -0.123004 0)
(4.16054 -0.126048 0)
(4.16831 -0.130261 0)
(4.17439 -0.131943 0)
(4.17744 -0.128159 0)
(4.17373 -0.120343 0)
(4.1648 -0.116406 0)
(4.16825 -0.121603 0)
(4.17568 -0.126314 0)
(4.18168 -0.128965 0)
(4.18812 -0.128676 0)
(4.19432 -0.124765 0)
(4.19881 -0.118849 0)
(4.2001 -0.116008 0)
(4.19539 -0.121187 0)
(4.18863 -0.126295 0)
(4.19307 -0.125022 0)
(4.20101 -0.122132 0)
(4.20758 -0.118495 0)
(4.21447 -0.116475 0)
(4.22138 -0.118488 0)
(4.22608 -0.12295 0)
(4.2249 -0.126491 0)
(4.2164 -0.122939 0)
(4.21443 -0.116133 0)
(4.21794 -0.113518 0)
(4.22465 -0.114838 0)
(4.23375 -0.119027 0)
(4.24133 -0.123285 0)
(4.24811 -0.123586 0)
(4.25301 -0.118595 0)
(4.25314 -0.112043 0)
(4.2472 -0.112116 0)
(4.24272 -0.118468 0)
(4.24452 -0.120787 0)
(4.25116 -0.1187 0)
(4.25761 -0.115467 0)
(4.26358 -0.113461 0)
(4.26985 -0.115147 0)
(4.27464 -0.119131 0)
(4.27529 -0.121632 0)
(4.26963 -0.118044 0)
(4.26547 -0.111662 0)
(4.26738 -0.109335 0)
(4.27322 -0.111059 0)
(4.2804 -0.115263 0)
(4.28644 -0.118837 0)
(4.29171 -0.11732 0)
(4.29376 -0.112075 0)
(4.28973 -0.107341 0)
(4.28368 -0.11002 0)
(4.28584 -0.113985 0)
(4.2896 -0.114941 0)
(4.29481 -0.114156 0)
(4.301 -0.111932 0)
(4.30716 -0.108738 0)
(4.31312 -0.107051 0)
(4.31766 -0.109573 0)
(4.31713 -0.114324 0)
(4.30805 -0.117971 0)
(4.30433 -0.114959 0)
(4.3081 -0.110971 0)
(4.31141 -0.108918 0)
(4.31569 -0.107531 0)
(4.32036 -0.107391 0)
(4.32434 -0.108728 0)
(4.32434 -0.110673 0)
(4.31749 -0.110347 0)
(4.31556 -0.107162 0)
(4.31881 -0.105249 0)
(4.3235 -0.105297 0)
(4.33048 -0.1074 0)
(4.33653 -0.109623 0)
(4.34159 -0.110605 0)
(4.34583 -0.109086 0)
(4.34772 -0.104292 0)
(4.34418 -0.0978651 0)
(4.33596 -0.0971794 0)
(4.33834 -0.104468 0)
(4.34267 -0.108232 0)
(4.34702 -0.108252 0)
(4.35385 -0.107153 0)
(4.359 -0.10302 0)
(4.3629 -0.0994614 0)
(4.36601 -0.0994426 0)
(4.36489 -0.101634 0)
(4.35777 -0.104285 0)
(4.35477 -0.104868 0)
(4.35975 -0.102627 0)
(4.3649 -0.0996957 0)
(4.36964 -0.0968412 0)
(4.37479 -0.0973579 0)
(4.37902 -0.100666 0)
(4.38045 -0.103393 0)
(4.37649 -0.1012 0)
(4.37261 -0.0961608 0)
(4.37523 -0.0943282 0)
(4.38028 -0.0938924 0)
(4.3866 -0.09512 0)
(4.39323 -0.0983381 0)
(4.39855 -0.102067 0)
(4.40289 -0.102485 0)
(4.4044 -0.0988658 0)
(4.39991 -0.0960147 0)
(4.39341 -0.0954282 0)
(4.3956 -0.0958311 0)
(4.39958 -0.0968484 0)
(4.40328 -0.0978186 0)
(4.40765 -0.0974783 0)
(4.41173 -0.0953269 0)
(4.41444 -0.092093 0)
(4.4146 -0.0904684 0)
(4.41068 -0.0944968 0)
(4.40827 -0.0976586 0)
(4.41279 -0.0971674 0)
(4.41747 -0.0967313 0)
(4.4221 -0.0957797 0)
(4.42672 -0.0942369 0)
(4.43113 -0.0933021 0)
(4.43522 -0.0937676 0)
(4.43782 -0.0959985 0)
(4.43589 -0.0996156 0)
(4.42893 -0.100705 0)
(4.42824 -0.0965155 0)
(4.43162 -0.0924678 0)
(4.43486 -0.0904638 0)
(4.43851 -0.091278 0)
(4.44033 -0.0942172 0)
(4.43786 -0.0968623 0)
(4.43449 -0.0953152 0)
(4.43793 -0.0924555 0)
(4.44141 -0.0915396 0)
(4.44569 -0.0903793 0)
(4.45079 -0.0895166 0)
(4.45644 -0.090471 0)
(4.4615 -0.0919928 0)
(4.46515 -0.0951377 0)
(4.46658 -0.0959877 0)
(4.46351 -0.0924961 0)
(4.45524 -0.0844868 0)
(4.45777 -0.0794302 0)
(4.46158 -0.0777165 0)
(4.46526 -0.0747984 0)
(4.46851 -0.0726974 0)
(4.47218 -0.0715067 0)
(4.47777 -0.0693516 0)
(4.48109 -0.063541 0)
(4.47831 -0.0541905 0)
(4.47006 -0.0361245 0)
(4.46246 -0.0249541 0)
(3.14548 -0.14324 0)
(3.19248 -0.160675 0)
(3.23673 -0.179773 0)
(3.27234 -0.174304 0)
(3.30244 -0.160748 0)
(3.32686 -0.175437 0)
(3.3391 -0.181306 0)
(3.35114 -0.148918 0)
(3.36187 -0.136603 0)
(3.369 -0.151304 0)
(3.37124 -0.148723 0)
(3.3754 -0.125104 0)
(3.37316 -0.109004 0)
(3.37423 -0.112745 0)
(3.37404 -0.119775 0)
(3.37544 -0.116485 0)
(3.38297 -0.103442 0)
(3.39115 -0.0921334 0)
(3.40352 -0.0936964 0)
(3.41308 -0.100303 0)
(3.42085 -0.0985838 0)
(3.43071 -0.0926842 0)
(3.4427 -0.0910335 0)
(3.45352 -0.0909229 0)
(3.46364 -0.0880656 0)
(3.47578 -0.0881321 0)
(3.48884 -0.0916386 0)
(3.50099 -0.0895767 0)
(3.51204 -0.0826697 0)
(3.52305 -0.0819731 0)
(3.53292 -0.0891857 0)
(3.53863 -0.0913867 0)
(3.54383 -0.0816596 0)
(3.55007 -0.0730464 0)
(3.56199 -0.0767637 0)
(3.57372 -0.0868848 0)
(3.58204 -0.0897057 0)
(3.59213 -0.0802203 0)
(3.60054 -0.0687329 0)
(3.60888 -0.0697994 0)
(3.61175 -0.0820555 0)
(3.60861 -0.0875472 0)
(3.61817 -0.0784996 0)
(3.62921 -0.0704256 0)
(3.64318 -0.0694251 0)
(3.65848 -0.076904 0)
(3.66778 -0.0844715 0)
(3.6725 -0.0804715 0)
(3.67332 -0.068205 0)
(3.67441 -0.0643197 0)
(3.6826 -0.0761103 0)
(3.68815 -0.0843967 0)
(3.69967 -0.0810879 0)
(3.71208 -0.0724197 0)
(3.72471 -0.0677866 0)
(3.7379 -0.0742538 0)
(3.74303 -0.0836878 0)
(3.73965 -0.0808431 0)
(3.7364 -0.0706508 0)
(3.74438 -0.0711614 0)
(3.75712 -0.0789403 0)
(3.76748 -0.0815388 0)
(3.77917 -0.0760594 0)
(3.7896 -0.0702287 0)
(3.7994 -0.0731759 0)
(3.80165 -0.0832899 0)
(3.79421 -0.085745 0)
(3.7965 -0.0757509 0)
(3.80443 -0.070108 0)
(3.81755 -0.0718526 0)
(3.8314 -0.0798041 0)
(3.84001 -0.0845688 0)
(3.8472 -0.0788348 0)
(3.85165 -0.0684976 0)
(3.85411 -0.0674185 0)
(3.85347 -0.0794252 0)
(3.85032 -0.0859253 0)
(3.8593 -0.0822945 0)
(3.86969 -0.0763544 0)
(3.87989 -0.0706394 0)
(3.89164 -0.0707475 0)
(3.90079 -0.0790194 0)
(3.90205 -0.0875092 0)
(3.89661 -0.0836185 0)
(3.8948 -0.0727202 0)
(3.90056 -0.068818 0)
(3.91193 -0.0717483 0)
(3.92327 -0.0770706 0)
(3.93177 -0.0808139 0)
(3.93801 -0.0805307 0)
(3.94126 -0.0764656 0)
(3.93964 -0.0719727 0)
(3.93648 -0.0715643 0)
(3.9411 -0.077385 0)
(3.94785 -0.0806857 0)
(3.95749 -0.0786926 0)
(3.96695 -0.0749644 0)
(3.97673 -0.072955 0)
(3.98428 -0.0741799 0)
(3.98302 -0.0764063 0)
(3.96938 -0.0788731 0)
(3.96962 -0.0780321 0)
(3.97825 -0.075646 0)
(3.98718 -0.0736698 0)
(3.9981 -0.0734423 0)
(4.00917 -0.075825 0)
(4.01777 -0.0783226 0)
(4.02244 -0.0769237 0)
(4.01986 -0.0720315 0)
(4.01147 -0.0732634 0)
(4.00871 -0.0768694 0)
(4.01823 -0.0755776 0)
(4.02665 -0.0740033 0)
(4.03547 -0.073123 0)
(4.04532 -0.0738435 0)
(4.05438 -0.0757779 0)
(4.059 -0.0769768 0)
(4.054 -0.0756019 0)
(4.04532 -0.0720378 0)
(4.0476 -0.0706189 0)
(4.05579 -0.071971 0)
(4.06473 -0.0742329 0)
(4.07251 -0.0757331 0)
(4.07882 -0.0748714 0)
(4.08294 -0.0713621 0)
(4.08247 -0.0675723 0)
(4.07736 -0.0703035 0)
(4.07398 -0.0751768 0)
(4.07984 -0.0746458 0)
(4.08798 -0.0733701 0)
(4.0956 -0.0707185 0)
(4.10427 -0.068883 0)
(4.11309 -0.0692517 0)
(4.11895 -0.071649 0)
(4.116 -0.0742237 0)
(4.10499 -0.0733119 0)
(4.10536 -0.0699133 0)
(4.11134 -0.0682066 0)
(4.11916 -0.0680929 0)
(4.1281 -0.0698938 0)
(4.1359 -0.0724018 0)
(4.1415 -0.0734634 0)
(4.14361 -0.0716228 0)
(4.13964 -0.0670887 0)
(4.13277 -0.0644662 0)
(4.1355 -0.0677001 0)
(4.14255 -0.0712978 0)
(4.14855 -0.0729487 0)
(4.1544 -0.0723414 0)
(4.16013 -0.0697699 0)
(4.16547 -0.0652189 0)
(4.16907 -0.063317 0)
(4.16589 -0.0683886 0)
(4.15706 -0.0714927 0)
(4.16114 -0.0708815 0)
(4.16797 -0.069579 0)
(4.17432 -0.0671558 0)
(4.18193 -0.0656777 0)
(4.18963 -0.0665032 0)
(4.19498 -0.0690588 0)
(4.19381 -0.0713066 0)
(4.18438 -0.0699118 0)
(4.18192 -0.0659525 0)
(4.1868 -0.0642419 0)
(4.19411 -0.0648913 0)
(4.20254 -0.0676806 0)
(4.20922 -0.0704954 0)
(4.21434 -0.070324 0)
(4.21825 -0.0661766 0)
(4.21964 -0.061479 0)
(4.21665 -0.0645544 0)
(4.20905 -0.0687977 0)
(4.2114 -0.0687196 0)
(4.21772 -0.0679694 0)
(4.22303 -0.0657223 0)
(4.22932 -0.064234 0)
(4.23646 -0.0654301 0)
(4.24177 -0.0678332 0)
(4.24197 -0.0689488 0)
(4.23543 -0.0669568 0)
(4.23195 -0.0634813 0)
(4.23559 -0.061972 0)
(4.24205 -0.0629473 0)
(4.24926 -0.0661739 0)
(4.25459 -0.0691276 0)
(4.25824 -0.0680446 0)
(4.25963 -0.0633206 0)
(4.25717 -0.0593247 0)
(4.25315 -0.0630928 0)
(4.25164 -0.0678785 0)
(4.25624 -0.0675728 0)
(4.2616 -0.0664463 0)
(4.26667 -0.0647134 0)
(4.27262 -0.0617107 0)
(4.27925 -0.0604005 0)
(4.28444 -0.0624488 0)
(4.28404 -0.0651137 0)
(4.27439 -0.0669638 0)
(4.27169 -0.065537 0)
(4.27592 -0.0631946 0)
(4.28015 -0.0618285 0)
(4.28581 -0.0609453 0)
(4.29181 -0.0615005 0)
(4.29625 -0.0632004 0)
(4.29532 -0.0649907 0)
(4.28729 -0.0642422 0)
(4.28501 -0.0612231 0)
(4.28852 -0.0598102 0)
(4.29407 -0.0604126 0)
(4.30104 -0.0623662 0)
(4.30665 -0.0641433 0)
(4.31114 -0.0649655 0)
(4.31479 -0.0639228 0)
(4.31645 -0.0605711 0)
(4.3134 -0.05583 0)
(4.30701 -0.0550554 0)
(4.30919 -0.0608088 0)
(4.3128 -0.0643436 0)
(4.31723 -0.0639356 0)
(4.32306 -0.0627015 0)
(4.32785 -0.0592456 0)
(4.33284 -0.0572221 0)
(4.33717 -0.0586474 0)
(4.33591 -0.0603737 0)
(4.32738 -0.062062 0)
(4.32456 -0.061959 0)
(4.32919 -0.0596803 0)
(4.33401 -0.0575325 0)
(4.33978 -0.056512 0)
(4.34585 -0.0570849 0)
(4.35081 -0.0592642 0)
(4.35255 -0.0614526 0)
(4.34789 -0.0608952 0)
(4.34406 -0.0585312 0)
(4.34723 -0.0569347 0)
(4.35237 -0.0562778 0)
(4.35874 -0.0574122 0)
(4.36454 -0.0600006 0)
(4.36869 -0.0618289 0)
(4.37135 -0.0603909 0)
(4.37075 -0.0567345 0)
(4.36483 -0.0541302 0)
(4.3626 -0.0549321 0)
(4.36842 -0.0566133 0)
(4.37268 -0.0577872 0)
(4.37654 -0.0588285 0)
(4.38089 -0.0583286 0)
(4.38458 -0.056718 0)
(4.38737 -0.0549914 0)
(4.38743 -0.0545249 0)
(4.38209 -0.0579148 0)
(4.37888 -0.0583336 0)
(4.38303 -0.057172 0)
(4.3868 -0.0570659 0)
(4.39146 -0.0560028 0)
(4.39606 -0.0542384 0)
(4.4008 -0.0536026 0)
(4.40558 -0.0543205 0)
(4.40882 -0.0559536 0)
(4.40696 -0.0587875 0)
(4.39975 -0.0581298 0)
(4.39922 -0.0530898 0)
(4.40237 -0.0509184 0)
(4.40669 -0.0511752 0)
(4.41124 -0.0526134 0)
(4.41384 -0.0539369 0)
(4.41127 -0.0554466 0)
(4.40689 -0.0550348 0)
(4.40944 -0.0536181 0)
(4.41278 -0.0533443 0)
(4.41752 -0.0526464 0)
(4.42339 -0.0510914 0)
(4.42962 -0.0516476 0)
(4.43506 -0.0543373 0)
(4.43889 -0.0561052 0)
(4.43962 -0.0553335 0)
(4.43413 -0.0529733 0)
(4.42694 -0.0502093 0)
(4.43286 -0.0494574 0)
(4.43811 -0.0496726 0)
(4.44298 -0.050941 0)
(4.44783 -0.0528952 0)
(4.45268 -0.0533082 0)
(4.45715 -0.0522341 0)
(4.46131 -0.0508359 0)
(4.46458 -0.0489147 0)
(4.46305 -0.0472499 0)
(4.45952 -0.0493503 0)
)
;

boundaryField
{
    inlet
    {
        type            fixedValue;
        value           nonuniform 0();
    }
    outlet
    {
        type            inletOutlet;
        inletValue      uniform (5 0 0);
        value           nonuniform List<vector> 
16
(
(3.44953 0.343982 0)
(3.5209 0.376951 0)
(3.59963 0.416782 0)
(3.68189 0.458167 0)
(3.76019 0.499621 0)
(3.82567 0.544123 0)
(3.8784 0.583697 0)
(3.92062 0.624368 0)
(3.95232 0.669196 0)
(3.96268 0.728066 0)
(3.9624 0.784084 0)
(3.98711 0.789539 0)
(4.07117 0.661063 0)
(4.3084 0.199624 0)
(4.46246 -0.0249541 0)
(4.45952 -0.0493503 0)
)
;
    }
    bottom
    {
        type            symmetryPlane;
    }
    top
    {
        type            symmetryPlane;
    }
    obstacle
    {
        type            slip;
    }
    defaultFaces
    {
        type            empty;
    }
    procBoundary3to1
    {
        type            processor;
        value           nonuniform List<vector> 
288
(
(3.88518 0.403992 0)
(3.90129 0.381709 0)
(3.90949 0.349357 0)
(3.91229 0.334811 0)
(3.91579 0.338314 0)
(3.91391 0.339447 0)
(3.92159 0.326549 0)
(3.93765 0.30858 0)
(3.94488 0.286438 0)
(3.95133 0.279336 0)
(3.95685 0.287217 0)
(3.95879 0.290387 0)
(3.97 0.269041 0)
(3.9754 0.23738 0)
(3.97553 0.221228 0)
(3.97791 0.225541 0)
(3.97727 0.228829 0)
(3.98879 0.221382 0)
(4.00509 0.206396 0)
(4.01306 0.185555 0)
(4.01837 0.176758 0)
(4.02207 0.178415 0)
(4.02032 0.181759 0)
(4.01859 0.168353 0)
(4.02791 0.142407 0)
(4.03332 0.125203 0)
(4.03877 0.118834 0)
(4.04581 0.121105 0)
(4.05174 0.123377 0)
(4.0584 0.121653 0)
(4.06567 0.111977 0)
(4.07112 0.0920351 0)
(4.07116 0.0690093 0)
(4.0663 0.0536271 0)
(4.06799 0.0524193 0)
(4.07343 0.0557577 0)
(4.07952 0.0585258 0)
(4.08911 0.0544411 0)
(4.10363 0.0409373 0)
(4.11148 0.0215623 0)
(4.11376 0.00489637 0)
(4.11288 -0.0021992 0)
(4.10685 -0.002946 0)
(4.10167 -0.00816201 0)
(4.1139 -0.0127232 0)
(4.12495 -0.0189941 0)
(4.13438 -0.0304817 0)
(4.14155 -0.0428171 0)
(4.14745 -0.0486404 0)
(4.15485 -0.0474199 0)
(4.14911 -0.0607872 0)
(4.1322 -0.0965213 0)
(4.11136 -0.129416 0)
(4.04109 -0.222073 0)
(3.93543 -0.35808 0)
(3.82061 -0.484139 0)
(3.54316 -0.77364 0)
(3.38094 -0.946562 0)
(3.2566 -1.02742 0)
(3.06791 -1.1877 0)
(2.98017 -1.31019 0)
(2.94847 -1.2823 0)
(2.9515 -1.28437 0)
(2.9525 -1.30859 0)
(2.95771 -1.3143 0)
(2.96945 -1.31781 0)
(2.98761 -1.30771 0)
(3.00721 -1.29921 0)
(3.02902 -1.29467 0)
(3.05084 -1.29293 0)
(3.06803 -1.28812 0)
(3.08133 -1.28142 0)
(3.08745 -1.28146 0)
(3.08593 -1.29129 0)
(3.08951 -1.2987 0)
(3.09525 -1.30083 0)
(3.10292 -1.30188 0)
(3.112 -1.30348 0)
(3.11859 -1.30591 0)
(3.12534 -1.31043 0)
(3.13083 -1.315 0)
(3.13573 -1.31683 0)
(3.14593 -1.31653 0)
(3.15749 -1.31515 0)
(3.17008 -1.31232 0)
(3.18265 -1.30831 0)
(3.19321 -1.30619 0)
(3.20324 -1.30308 0)
(3.21273 -1.29924 0)
(3.22197 -1.29642 0)
(3.23443 -1.29289 0)
(3.24692 -1.28714 0)
(3.2566 -1.28162 0)
(3.26365 -1.27863 0)
(3.26803 -1.27515 0)
(3.27626 -1.2747 0)
(3.28447 -1.27463 0)
(3.29394 -1.27261 0)
(3.30487 -1.26868 0)
(3.31055 -1.26622 0)
(3.31444 -1.26443 0)
(3.31783 -1.26319 0)
(3.32086 -1.26115 0)
(3.32483 -1.258 0)
(3.33038 -1.25453 0)
(3.34178 -1.2473 0)
(3.34949 -1.24127 0)
(3.35795 -1.23564 0)
(3.36188 -1.23023 0)
(3.36371 -1.2234 0)
(3.36913 -1.21515 0)
(3.37679 -1.20807 0)
(3.38649 -1.20015 0)
(3.4019 -1.19097 0)
(3.41477 -1.17789 0)
(3.41721 -1.1709 0)
(3.42092 -1.16186 0)
(3.42317 -1.15035 0)
(3.42568 -1.13689 0)
(3.43176 -1.12706 0)
(3.43989 -1.12216 0)
(3.44946 -1.1104 0)
(3.45829 -1.08668 0)
(3.46562 -1.07175 0)
(3.46985 -1.06866 0)
(3.47105 -1.05928 0)
(3.46824 -1.03813 0)
(3.47261 -1.01597 0)
(3.47989 -1.00988 0)
(3.48481 -0.993122 0)
(3.49163 -0.968081 0)
(3.50077 -0.959949 0)
(3.50922 -0.952921 0)
(3.50931 -0.937782 0)
(3.51087 -0.914883 0)
(3.51682 -0.904524 0)
(3.52348 -0.900247 0)
(3.52367 -0.881355 0)
(3.53026 -0.863545 0)
(3.53792 -0.859991 0)
(3.5471 -0.852918 0)
(3.55487 -0.839251 0)
(3.55931 -0.822884 0)
(3.56543 -0.811807 0)
(3.57257 -0.808687 0)
(3.57882 -0.800905 0)
(3.58028 -0.790008 0)
(3.58539 -0.774212 0)
(3.59057 -0.76938 0)
(3.59626 -0.766031 0)
(3.60126 -0.758567 0)
(3.60226 -0.751284 0)
(3.60544 -0.74514 0)
(3.60917 -0.743549 0)
(3.61236 -0.739563 0)
(3.61359 -0.733437 0)
(3.6168 -0.725289 0)
(3.61974 -0.723196 0)
(3.62311 -0.722795 0)
(3.62884 -0.719876 0)
(3.63491 -0.713188 0)
(3.63819 -0.706573 0)
(3.64572 -0.697301 0)
(3.65458 -0.690612 0)
(3.66284 -0.685603 0)
(3.67039 -0.67698 0)
(3.67661 -0.66412 0)
(3.67532 -0.641738 0)
(3.67329 -0.621409 0)
(3.66639 -0.599017 0)
(3.64596 -0.549106 0)
(3.6268 -0.505217 0)
(3.60227 -0.464141 0)
(3.56648 -0.39271 0)
(3.5419 -0.342829 0)
(3.50848 -0.275024 0)
(3.46716 -0.172201 0)
(3.4442 -0.131072 0)
(3.42828 -0.11183 0)
(3.38598 -0.0408334 0)
(3.36269 0.0407601 0)
(3.34842 0.0548119 0)
(3.33219 0.0764843 0)
(3.30692 0.114887 0)
(3.29751 0.140139 0)
(3.29162 0.157258 0)
(3.27819 0.181185 0)
(3.26871 0.206223 0)
(3.26013 0.207765 0)
(3.25641 0.21421 0)
(3.25043 0.229529 0)
(3.24602 0.24361 0)
(3.24237 0.246762 0)
(3.24579 0.252329 0)
(3.24785 0.257984 0)
(3.24978 0.263756 0)
(3.25275 0.267419 0)
(3.25582 0.272906 0)
(3.25793 0.274919 0)
(3.26001 0.273074 0)
(3.26252 0.271838 0)
(3.26764 0.267049 0)
(3.27087 0.261052 0)
(3.272 0.260301 0)
(3.27279 0.258885 0)
(3.27376 0.252708 0)
(3.27425 0.250722 0)
(3.27581 0.253369 0)
(3.2789 0.252164 0)
(3.28154 0.250103 0)
(3.28486 0.252702 0)
(3.28765 0.255847 0)
(3.28952 0.25504 0)
(3.28925 0.254402 0)
(3.28852 0.25844 0)
(3.28751 0.262161 0)
(3.28664 0.262044 0)
(3.28609 0.262405 0)
(3.2881 0.26568 0)
(3.29034 0.269519 0)
(3.29252 0.27066 0)
(3.294 0.269508 0)
(3.29531 0.271328 0)
(3.29624 0.276607 0)
(3.2963 0.278969 0)
(3.29617 0.276703 0)
(3.29679 0.277016 0)
(3.29893 0.280544 0)
(3.30131 0.282234 0)
(3.30381 0.280509 0)
(3.30531 0.279498 0)
(3.30654 0.282165 0)
(3.30693 0.284334 0)
(3.30697 0.281884 0)
(3.30681 0.279903 0)
(3.30907 0.28275 0)
(3.31181 0.286454 0)
(3.31484 0.286279 0)
(3.31712 0.282763 0)
(3.3183 0.281571 0)
(3.31965 0.285487 0)
(3.31956 0.289861 0)
(3.31933 0.28838 0)
(3.31923 0.285146 0)
(3.32159 0.286584 0)
(3.32538 0.290732 0)
(3.32854 0.293378 0)
(3.33121 0.291928 0)
(3.33236 0.28982 0)
(3.33295 0.291611 0)
(3.33266 0.296393 0)
(3.33191 0.29808 0)
(3.33304 0.294925 0)
(3.33468 0.293433 0)
(3.33853 0.295773 0)
(3.34223 0.29955 0)
(3.34514 0.300509 0)
(3.34675 0.297014 0)
(3.34602 0.293767 0)
(3.34489 0.295538 0)
(3.34464 0.300025 0)
(3.34546 0.301791 0)
(3.34863 0.299312 0)
(3.35113 0.296435 0)
(3.35416 0.296772 0)
(3.35793 0.300552 0)
(3.36033 0.304507 0)
(3.36149 0.303799 0)
(3.36114 0.299026 0)
(3.35953 0.295993 0)
(3.35997 0.298609 0)
(3.36241 0.30392 0)
(3.3645 0.307237 0)
(3.36704 0.305893 0)
(3.3688 0.302395 0)
(3.37048 0.301975 0)
(3.3734 0.305937 0)
(3.37571 0.309713 0)
(3.3773 0.30858 0)
(3.37674 0.305213 0)
(3.37577 0.306042 0)
(3.37642 0.310236 0)
(3.37865 0.312186 0)
(3.38275 0.310147 0)
(3.38562 0.30872 0)
(3.38794 0.31174 0)
(3.3889 0.313736 0)
(3.39023 0.313686 0)
)
;
    }
    procBoundary3to2
    {
        type            processor;
        value           nonuniform List<vector> 
16
(
(3.8641 0.471238 0)
(3.83704 0.545519 0)
(3.79947 0.640034 0)
(3.78087 0.671002 0)
(3.75035 0.761486 0)
(3.74406 0.813141 0)
(3.72706 0.88502 0)
(3.72092 0.95428 0)
(3.7275 0.992202 0)
(3.73379 1.06933 0)
(3.74202 1.14964 0)
(3.73639 1.20676 0)
(3.44646 0.577877 0)
(3.19986 -0.147763 0)
(2.9312 -0.529476 0)
(3.09929 -0.129459 0)
)
;
    }
}


// ************************************************************************* //
