/*--------------------------------*- C++ -*----------------------------------*\
  =========                 |
  \\      /  F ield         | OpenFOAM: The Open Source CFD Toolbox
   \\    /   O peration     | Website:  https://openfoam.org
    \\  /    A nd           | Version:  7
     \\/     M anipulation  |
\*---------------------------------------------------------------------------*/
FoamFile
{
    version     2.0;
    format      ascii;
    class       volScalarField;
    location    "0.5";
    object      rho;
}
// * * * * * * * * * * * * * * * * * * * * * * * * * * * * * * * * * * * * * //

dimensions      [1 -3 0 0 0 0 0];

internalField   nonuniform List<scalar> 
18432
(
1.40001
1.40001
1.40001
1.40001
1.40001
1.40001
1.40001
1.40001
1.40001
1.40001
1.40001
1.40001
1.40001
1.40001
1.40001
1.40001
1.40001
1.40001
1.40001
1.40001
1.40001
1.40001
1.40001
1.40001
1.40001
1.40001
1.40001
1.40001
1.40001
1.40001
1.40001
1.40001
1.40001
1.40001
1.40001
1.40001
1.40001
1.40001
1.40001
1.40001
1.40001
1.40001
1.40001
1.40001
1.40001
1.40001
1.40001
1.40001
1.40001
1.40001
2.06934
3.17508
3.3144
3.32037
3.32402
3.32786
3.32223
3.31563
3.31582
3.32175
3.32737
3.329
3.32524
3.31916
3.31631
3.31656
3.31636
3.31306
3.306
3.29858
3.29397
3.29196
3.29016
3.28467
3.27464
3.26317
3.25245
3.24173
3.22793
3.20887
3.18707
3.16953
3.1611
3.15992
3.16122
3.16124
3.15924
3.15592
3.15189
3.14698
3.14028
3.13293
3.12715
3.12456
3.12539
3.12756
1.40001
1.40001
1.40001
1.40001
1.40001
1.40001
1.40001
1.40001
1.40001
1.40001
1.40001
1.40001
1.40001
1.40001
1.40001
1.40001
1.40001
1.40001
1.40001
1.40001
1.40001
1.40001
1.40001
1.40001
1.40001
1.40001
1.40001
1.40001
1.40001
1.40001
1.40001
1.40001
1.40001
1.40001
1.40001
1.40001
1.40001
1.40001
1.40001
1.40001
1.40001
1.40001
1.40001
1.40001
1.40001
1.40001
1.40001
1.40001
1.40001
1.40001
2.05858
3.16897
3.31416
3.31981
3.32511
3.32772
3.32193
3.31595
3.31643
3.32197
3.32736
3.3281
3.32364
3.31779
3.31562
3.31628
3.31641
3.31321
3.30603
3.2986
3.29404
3.29203
3.29031
3.28512
3.27538
3.26382
3.2526
3.24128
3.22708
3.20806
3.18668
3.16949
3.16098
3.15961
3.16077
3.16097
3.15941
3.15646
3.15261
3.14766
3.14076
3.13324
3.12745
3.12503
3.12609
3.12836
1.40001
1.40001
1.40001
1.40001
1.40001
1.40001
1.40001
1.40001
1.40001
1.40001
1.40001
1.40001
1.40001
1.40001
1.40001
1.40001
1.40001
1.40001
1.40001
1.40001
1.40001
1.40001
1.40001
1.40001
1.40001
1.40001
1.40001
1.40001
1.40001
1.40001
1.40001
1.40001
1.40001
1.40001
1.40001
1.40001
1.40001
1.40001
1.40001
1.40001
1.40001
1.40001
1.40001
1.40001
1.40001
1.40001
1.40001
1.40001
1.40001
1.40001
2.03619
3.15953
3.31671
3.31824
3.32484
3.32633
3.32065
3.31577
3.31693
3.32234
3.32721
3.32668
3.32109
3.31553
3.31437
3.31586
3.31671
3.31375
3.30637
3.2987
3.29395
3.29181
3.29018
3.28542
3.27613
3.26451
3.25263
3.24046
3.2257
3.2067
3.1859
3.16934
3.16091
3.15931
3.16022
3.16059
3.1596
3.15712
3.15348
3.14844
3.14129
3.13352
3.12777
3.12565
3.12714
3.12968
1.40001
1.40001
1.40001
1.40001
1.40001
1.40001
1.40001
1.40001
1.40001
1.40001
1.40001
1.40001
1.40001
1.40001
1.40001
1.40001
1.40001
1.40001
1.40001
1.40001
1.40001
1.40001
1.40001
1.40001
1.40001
1.40001
1.40001
1.40001
1.40001
1.40001
1.40001
1.40001
1.40001
1.40001
1.40001
1.40001
1.40001
1.40001
1.40001
1.40001
1.40001
1.40001
1.40001
1.40001
1.40001
1.40001
1.40001
1.40001
1.40001
1.40001
2.00412
3.14476
3.31717
3.31778
3.32483
3.32465
3.31896
3.31566
3.31757
3.32288
3.32681
3.32475
3.31808
3.31289
3.31285
3.31533
3.31692
3.31422
3.30672
3.29872
3.29365
3.2913
3.28981
3.28567
3.27704
3.26533
3.25268
3.23955
3.22416
3.20523
3.18515
3.16924
3.16085
3.15893
3.15955
3.16009
3.15978
3.15785
3.15436
3.14919
3.14172
3.13382
3.12825
3.12655
3.12853
3.13138
1.40001
1.40001
1.40001
1.40001
1.40001
1.40001
1.40001
1.40001
1.40001
1.40001
1.40001
1.40001
1.40001
1.40001
1.40001
1.40001
1.40001
1.40001
1.40001
1.40001
1.40001
1.40001
1.40001
1.40001
1.40001
1.40001
1.40001
1.40001
1.40001
1.40001
1.40001
1.40001
1.40001
1.40001
1.40001
1.40001
1.40001
1.40001
1.40001
1.40001
1.40001
1.40001
1.40001
1.40001
1.40001
1.40001
1.40001
1.40001
1.40001
1.40001
1.96256
3.12405
3.31694
3.3181
3.32459
3.323
3.31734
3.31531
3.31777
3.32292
3.32574
3.32255
3.31541
3.31066
3.31137
3.31455
3.31669
3.31437
3.307
3.29873
3.29314
3.29048
3.28912
3.28562
3.27779
3.26617
3.25288
3.23887
3.22296
3.20423
3.18494
3.16964
3.1612
3.15877
3.15911
3.15985
3.15993
3.15837
3.15486
3.14947
3.14172
3.13376
3.12849
3.12726
3.12969
3.1328
1.40001
1.40001
1.40001
1.40001
1.40001
1.40001
1.40001
1.40001
1.40001
1.40001
1.40001
1.40001
1.40001
1.40001
1.40001
1.40001
1.40001
1.40001
1.40001
1.40001
1.40001
1.40001
1.40001
1.40001
1.40001
1.40001
1.40001
1.40001
1.40001
1.40001
1.40001
1.40001
1.40001
1.40001
1.40001
1.40001
1.40001
1.40001
1.40001
1.40001
1.40001
1.40001
1.40001
1.40001
1.40001
1.40001
1.40001
1.40001
1.40001
1.40001
1.912
3.09781
3.3166
3.31844
3.32393
3.32153
3.31607
3.31462
3.31718
3.32193
3.32388
3.32042
3.31373
3.30953
3.31043
3.31359
3.31581
3.31392
3.307
3.29859
3.29243
3.28935
3.28809
3.28533
3.2783
3.26692
3.25312
3.23839
3.2222
3.20387
3.18531
3.17044
3.16171
3.15858
3.15857
3.15949
3.15986
3.1584
3.15471
3.14911
3.14122
3.1333
3.12834
3.12754
3.13031
3.13359
1.40001
1.40001
1.40001
1.40001
1.40001
1.40001
1.40001
1.40001
1.40001
1.40001
1.40001
1.40001
1.40001
1.40001
1.40001
1.40001
1.40001
1.40001
1.40001
1.40001
1.40001
1.40001
1.40001
1.40001
1.40001
1.40001
1.40001
1.40001
1.40001
1.40001
1.40001
1.40001
1.40001
1.40001
1.40001
1.40001
1.40001
1.40001
1.40001
1.40001
1.40001
1.40001
1.40001
1.40001
1.40001
1.40001
1.40001
1.40001
1.40001
1.40001
1.85324
3.06443
3.31647
3.31894
3.32295
3.32012
3.31484
3.31336
3.31555
3.3197
3.32143
3.3186
3.31305
3.30938
3.31002
3.31255
3.31435
3.31272
3.30642
3.29813
3.29152
3.28803
3.28677
3.28462
3.2784
3.26731
3.25321
3.23804
3.22188
3.20411
3.18628
3.17156
3.16228
3.15834
3.15793
3.15897
3.15947
3.15794
3.15405
3.14821
3.14019
3.13238
3.12765
3.12706
3.12999
3.1333
1.40001
1.40001
1.40001
1.40001
1.40001
1.40001
1.40001
1.40001
1.40001
1.40001
1.40001
1.40001
1.40001
1.40001
1.40001
1.40001
1.40001
1.40001
1.40001
1.40001
1.40001
1.40001
1.40001
1.40001
1.40001
1.40001
1.40001
1.40001
1.40001
1.40001
1.40001
1.40001
1.40001
1.40001
1.40001
1.40001
1.40001
1.40001
1.40001
1.40001
1.40001
1.40001
1.40001
1.40001
1.40001
1.40001
1.40001
1.40001
1.40001
1.40001
1.78665
3.02301
3.31641
3.31967
3.32159
3.31823
3.31315
3.31177
3.31362
3.31725
3.31894
3.31692
3.31263
3.3095
3.30985
3.31159
3.31264
3.31086
3.30501
3.29714
3.2905
3.28677
3.28537
3.28347
3.2778
3.26708
3.25293
3.2377
3.22192
3.20492
3.18778
3.173
3.16292
3.15805
3.15716
3.15813
3.15856
3.15687
3.15278
3.14671
3.13865
3.13093
3.12629
3.12569
3.12852
3.13169
1.40001
1.40001
1.40001
1.40001
1.40001
1.40001
1.40001
1.40001
1.40001
1.40001
1.40001
1.40001
1.40001
1.40001
1.40001
1.40001
1.40001
1.40001
1.40001
1.40001
1.40001
1.40001
1.40001
1.40001
1.40001
1.40001
1.40001
1.40001
1.40001
1.40001
1.40001
1.40001
1.40001
1.40001
1.40001
1.40001
1.40001
1.40001
1.40001
1.40001
1.40001
1.40001
1.40001
1.40001
1.40001
1.40001
1.40001
1.40001
1.40001
1.40001
1.71423
2.9719
3.31681
3.32069
3.31967
3.31542
3.31079
3.31
3.31213
3.31553
3.31691
3.31512
3.31166
3.3093
3.3097
3.31083
3.31088
3.30842
3.30277
3.29568
3.28951
3.2857
3.28398
3.28191
3.27643
3.26602
3.25208
3.23719
3.22208
3.20603
3.18953
3.17455
3.16353
3.15761
3.15609
3.15683
3.15708
3.15519
3.15096
3.14476
3.13672
3.129
3.12421
3.12335
3.12588
3.12876
1.40001
1.40001
1.40001
1.40001
1.40001
1.40001
1.40001
1.40001
1.40001
1.40001
1.40001
1.40001
1.40001
1.40001
1.40001
1.40001
1.40001
1.40001
1.40001
1.40001
1.40001
1.40001
1.40001
1.40001
1.40001
1.40001
1.40001
1.40001
1.40001
1.40001
1.40001
1.40001
1.40001
1.40001
1.40001
1.40001
1.40001
1.40001
1.40001
1.40001
1.40001
1.40001
1.40001
1.40001
1.40001
1.40001
1.40001
1.40001
1.40001
1.40001
1.63924
2.90944
3.31783
3.32132
3.31658
3.31162
3.3079
3.30858
3.31168
3.315
3.31552
3.31305
3.30983
3.30858
3.30937
3.30996
3.30885
3.30537
3.29999
3.29408
3.28873
3.28486
3.28254
3.27993
3.27434
3.2642
3.25072
3.23642
3.22214
3.20713
3.19124
3.17602
3.16399
3.157
3.15473
3.15512
3.1551
3.15297
3.14863
3.14237
3.13437
3.12657
3.12145
3.12012
3.12217
3.12465
1.40001
1.40001
1.40001
1.40001
1.40001
1.40001
1.40001
1.40001
1.40001
1.40001
1.40001
1.40001
1.40001
1.40001
1.40001
1.40001
1.40001
1.40001
1.40001
1.40001
1.40001
1.40001
1.40001
1.40001
1.40001
1.40001
1.40001
1.40001
1.40001
1.40001
1.40001
1.40001
1.40001
1.40001
1.40001
1.40001
1.40001
1.40001
1.40001
1.40001
1.40001
1.40001
1.40001
1.40001
1.40001
1.40001
1.40001
1.40001
1.40001
1.40001
1.56497
2.83311
3.31872
3.32065
3.31209
3.30722
3.30521
3.30795
3.31211
3.31515
3.31424
3.31062
3.3077
3.30751
3.3087
3.30843
3.30597
3.30177
3.29725
3.29286
3.28829
3.2841
3.28086
3.2775
3.27177
3.26197
3.24898
3.23524
3.22174
3.20771
3.1925
3.17708
3.16406
3.15608
3.15307
3.15298
3.15258
3.15014
3.14561
3.13928
3.13142
3.12364
3.11821
3.11636
3.11787
3.11994
1.40001
1.40001
1.40001
1.40001
1.40001
1.40001
1.40001
1.40001
1.40001
1.40001
1.40001
1.40001
1.40001
1.40001
1.40001
1.40001
1.40001
1.40001
1.40001
1.40001
1.40001
1.40001
1.40001
1.40001
1.40001
1.40001
1.40001
1.40001
1.40001
1.40001
1.40001
1.40001
1.40001
1.40001
1.40001
1.40001
1.40001
1.40001
1.40001
1.40001
1.40001
1.40001
1.40001
1.40001
1.40001
1.40001
1.40001
1.40001
1.40001
1.40001
1.49671
2.73951
3.31707
3.31776
3.30684
3.30306
3.30337
3.3082
3.31282
3.31478
3.312
3.30794
3.30635
3.30696
3.3077
3.30586
3.30193
3.29783
3.29503
3.29231
3.28815
3.28314
3.27867
3.27469
3.26912
3.25978
3.24709
3.23356
3.22061
3.20745
3.19299
3.1776
3.16388
3.15501
3.15134
3.15072
3.14975
3.14674
3.14177
3.1353
3.12767
3.1201
3.11451
3.11219
3.11314
3.11476
1.40001
1.40001
1.40001
1.40001
1.40001
1.40001
1.40001
1.40001
1.40001
1.40001
1.40001
1.40001
1.40001
1.40001
1.40001
1.40001
1.40001
1.40001
1.40001
1.40001
1.40001
1.40001
1.40001
1.40001
1.40001
1.40001
1.40001
1.40001
1.40001
1.40001
1.40001
1.40001
1.40001
1.40001
1.40001
1.40001
1.40001
1.40001
1.40001
1.40001
1.40001
1.40001
1.40001
1.40001
1.40001
1.40001
1.40001
1.40001
1.40001
1.40001
1.44147
2.62435
3.30778
3.31262
3.30192
3.30025
3.30273
3.30895
3.31327
3.31307
3.30838
3.30527
3.30587
3.30724
3.30642
3.3023
3.29696
3.294
3.29348
3.29226
3.28801
3.28162
3.27584
3.27168
3.26678
3.25799
3.24521
3.23134
3.21858
3.20629
3.19263
3.17748
3.16334
3.15379
3.14958
3.14839
3.14664
3.14269
3.13695
3.13022
3.12292
3.11586
3.11044
3.10788
3.10831
3.10951
1.40001
1.40001
1.40001
1.40001
1.40001
1.40001
1.40001
1.40001
1.40001
1.40001
1.40001
1.40001
1.40001
1.40001
1.40001
1.40001
1.40001
1.40001
1.40001
1.40001
1.40001
1.40001
1.40001
1.40001
1.40001
1.40001
1.40001
1.40001
1.40001
1.40001
1.40001
1.40001
1.40001
1.40001
1.40001
1.40001
1.40001
1.40001
1.40001
1.40001
1.40001
1.40001
1.40001
1.40001
1.40001
1.40001
1.40001
1.40001
1.40001
1.40001
1.40753
2.48359
3.28398
3.30636
3.29815
3.29913
3.30346
3.31
3.31304
3.31002
3.30406
3.3033
3.30587
3.30748
3.30484
3.29817
3.29223
3.29098
3.29226
3.29198
3.28715
3.27904
3.2723
3.26871
3.26493
3.25664
3.24332
3.22858
3.21568
3.20419
3.19149
3.17674
3.16243
3.15254
3.14793
3.14613
3.14342
3.13823
3.13142
3.12424
3.11722
3.11077
3.10574
3.10311
3.10311
3.10393
1.40001
1.40001
1.40001
1.40001
1.40001
1.40001
1.40001
1.40001
1.40001
1.40001
1.40001
1.40001
1.40001
1.40001
1.40001
1.40001
1.40001
1.40001
1.40001
1.40001
1.40001
1.40001
1.40001
1.40001
1.40001
1.40001
1.40001
1.40001
1.40001
1.40001
1.40001
1.40001
1.40001
1.40001
1.40001
1.40001
1.40001
1.40001
1.40001
1.40001
1.40001
1.40001
1.40001
1.40001
1.40001
1.40001
1.40001
1.40001
1.40001
1.40001
1.40003
2.3132
3.24342
3.29957
3.29629
3.29972
3.30553
3.31118
3.31132
3.30557
3.3
3.30207
3.30611
3.30715
3.30258
3.29396
3.28846
3.28896
3.29141
3.2912
3.28505
3.27521
3.26832
3.26598
3.26343
3.25539
3.24113
3.22524
3.21211
3.2014
3.18971
3.1755
3.16122
3.15116
3.14625
3.14378
3.13997
3.13338
3.1254
3.11769
3.11082
3.10486
3.10024
3.09768
3.09746
3.09804
1.40001
1.40001
1.40001
1.40001
1.40001
1.40001
1.40001
1.40001
1.40001
1.40001
1.40001
1.40001
1.40001
1.40001
1.40001
1.40001
1.40001
1.40001
1.40001
1.40001
1.40001
1.40001
1.40001
1.40001
1.40001
1.40001
1.40001
1.40001
1.40001
1.40001
1.40001
1.40001
1.40001
1.40001
1.40001
1.40001
1.40001
1.40001
1.40001
1.40001
1.40001
1.40001
1.40001
1.40001
1.40001
1.40001
1.40001
1.40001
1.40001
1.40001
1.40001
2.13102
3.18921
3.29391
3.29547
3.30189
3.30885
3.31193
3.30746
3.29989
3.29728
3.30171
3.30633
3.30599
3.29907
3.28977
3.28594
3.2879
3.29093
3.28976
3.28153
3.27029
3.26422
3.26353
3.2619
3.25364
3.23812
3.2211
3.20798
3.19815
3.18743
3.17381
3.15975
3.14968
3.1445
3.1413
3.13628
3.12834
3.11933
3.11109
3.1041
3.09818
3.09367
3.09119
3.09096
3.0914
1.40001
1.40001
1.40001
1.40001
1.40001
1.40001
1.40001
1.40001
1.40001
1.40001
1.40001
1.40001
1.40001
1.40001
1.40001
1.40001
1.40001
1.40001
1.40001
1.40001
1.40001
1.40001
1.40001
1.40001
1.40001
1.40001
1.40001
1.40001
1.40001
1.40001
1.40001
1.40001
1.40001
1.40001
1.40001
1.40001
1.40001
1.40001
1.40001
1.40001
1.40001
1.40001
1.40001
1.40001
1.40001
1.40001
1.40001
1.40001
1.40001
1.40001
1.40001
1.94839
3.11555
3.2909
3.29791
3.30683
3.3124
3.3089
3.29944
3.29396
3.29622
3.30263
3.3068
3.30417
3.29441
3.28543
3.28421
3.28753
3.29046
3.28748
3.27678
3.26507
3.26058
3.26122
3.25994
3.25084
3.23372
3.21585
3.20325
3.19452
3.18473
3.17166
3.15792
3.14793
3.14243
3.13831
3.13201
3.12287
3.11314
3.10447
3.09714
3.09087
3.08613
3.08368
3.08357
3.084
1.40001
1.40001
1.40001
1.40001
1.40001
1.40001
1.40001
1.40001
1.40001
1.40001
1.40001
1.40001
1.40001
1.40001
1.40001
1.40001
1.40001
1.40001
1.40001
1.40001
1.40001
1.40001
1.40001
1.40001
1.40001
1.40001
1.40001
1.40001
1.40001
1.40001
1.40001
1.40001
1.40001
1.40001
1.40001
1.40001
1.40001
1.40001
1.40001
1.40001
1.40001
1.40001
1.40001
1.40001
1.40001
1.40001
1.40001
1.40001
1.40001
1.40001
1.40001
1.77268
3.0137
3.2876
3.30792
3.3125
3.31203
3.29981
3.28971
3.29067
3.29742
3.3045
3.30698
3.30103
3.28856
3.28121
3.28298
3.28752
3.28958
3.28431
3.2713
3.26027
3.25756
3.259
3.25737
3.24678
3.22782
3.20949
3.19782
3.19032
3.18144
3.1689
3.15549
3.14558
3.13974
3.13472
3.12727
3.11726
3.10709
3.09799
3.09003
3.083
3.07767
3.07497
3.07485
3.07526
1.40001
1.40001
1.40001
1.40001
1.40001
1.40001
1.40001
1.40001
1.40001
1.40001
1.40001
1.40001
1.40001
1.40001
1.40001
1.40001
1.40001
1.40001
1.40001
1.40001
1.40001
1.40001
1.40001
1.40001
1.40001
1.40001
1.40001
1.40001
1.40001
1.40001
1.40001
1.40001
1.40001
1.40001
1.40001
1.40001
1.40001
1.40001
1.40001
1.40001
1.40001
1.40001
1.40001
1.40001
1.40001
1.40001
1.40001
1.40001
1.40001
1.40001
1.40001
1.61726
2.8769
3.28862
3.32059
3.31449
3.30354
3.28715
3.28409
3.29127
3.3003
3.3064
3.30589
3.29501
3.28162
3.27853
3.28254
3.28726
3.28748
3.27959
3.26552
3.25654
3.25518
3.25658
3.25387
3.24136
3.22085
3.20257
3.19178
3.1852
3.17714
3.16535
3.15243
3.14247
3.13607
3.13012
3.12175
3.11116
3.10065
3.09096
3.08219
3.07437
3.0685
3.0655
3.06514
3.06548
1.40001
1.40001
1.40001
1.40001
1.40001
1.40001
1.40001
1.40001
1.40001
1.40001
1.40001
1.40001
1.40001
1.40001
1.40001
1.40001
1.40001
1.40001
1.40001
1.40001
1.40001
1.40001
1.40001
1.40001
1.40001
1.40001
1.40001
1.40001
1.40001
1.40001
1.40001
1.40001
1.40001
1.40001
1.40001
1.40001
1.40001
1.40001
1.40001
1.40001
1.40001
1.40001
1.40001
1.40001
1.40001
1.40001
1.40001
1.40001
1.40001
1.40001
1.40001
1.49237
2.70995
3.29212
3.32633
3.30704
3.28945
3.27812
3.28452
3.29599
3.30444
3.30763
3.30151
3.2856
3.27592
3.278
3.2832
3.28622
3.28345
3.27278
3.25995
3.25418
3.25343
3.25369
3.249
3.23464
3.21386
3.19632
3.18576
3.1791
3.17145
3.1607
3.14864
3.13855
3.13131
3.12443
3.11551
3.10471
3.09384
3.0833
3.07354
3.06501
3.0587
3.05518
3.054
3.05391
1.40001
1.40001
1.40001
1.40001
1.40001
1.40001
1.40001
1.40001
1.40001
1.40001
1.40001
1.40001
1.40001
1.40001
1.40001
1.40001
1.40001
1.40001
1.40001
1.40001
1.40001
1.40001
1.40001
1.40001
1.40001
1.40001
1.40001
1.40001
1.40001
1.40001
1.40001
1.40001
1.40001
1.40001
1.40001
1.40001
1.40001
1.40001
1.40001
1.40001
1.40001
1.40001
1.40001
1.40001
1.40001
1.40001
1.40001
1.40001
1.40001
1.40001
1.40001
1.41405
2.5096
3.28065
3.31913
3.29177
3.27631
3.27736
3.28989
3.30286
3.30902
3.30682
3.29145
3.27494
3.27367
3.2797
3.28477
3.28436
3.27702
3.26397
3.25508
3.25278
3.25211
3.25006
3.24238
3.22676
3.20755
3.19144
3.18029
3.17226
3.16431
3.15482
3.14413
3.13402
3.12566
3.11765
3.10819
3.09718
3.08571
3.07405
3.06338
3.05456
3.0482
3.04413
3.04171
3.04092
1.40001
1.40001
1.40001
1.40001
1.40001
1.40001
1.40001
1.40001
1.40001
1.40001
1.40001
1.40001
1.40001
1.40001
1.40001
1.40001
1.40001
1.40001
1.40001
1.40001
1.40001
1.40001
1.40001
1.40001
1.40001
1.40001
1.40001
1.40001
1.40001
1.40001
1.40001
1.40001
1.40001
1.40001
1.40001
1.40001
1.40001
1.40001
1.40001
1.40001
1.40001
1.40001
1.40001
1.40001
1.40001
1.40001
1.40001
1.40001
1.40001
1.40001
1.40001
1.40008
2.25757
3.23149
3.29985
3.276
3.27092
3.28286
3.29915
3.30957
3.31149
3.29925
3.27803
3.26903
3.27451
3.28265
3.28598
3.28148
3.26825
3.25519
3.25143
3.25169
3.25053
3.24538
3.23427
3.21845
3.20227
3.1878
3.17557
3.16537
3.15648
3.14807
3.13888
3.12884
3.11936
3.11018
3.10012
3.08869
3.07626
3.06328
3.05185
3.04314
3.0369
3.03179
3.02738
3.02545
1.40001
1.40001
1.40001
1.40001
1.40001
1.40001
1.40001
1.40001
1.40001
1.40001
1.40001
1.40001
1.40001
1.40001
1.40001
1.40001
1.40001
1.40001
1.40001
1.40001
1.40001
1.40001
1.40001
1.40001
1.40001
1.40001
1.40001
1.40001
1.40001
1.40001
1.40001
1.40001
1.40001
1.40001
1.40001
1.40001
1.40001
1.40001
1.40001
1.40001
1.40001
1.40001
1.40001
1.40001
1.40001
1.40001
1.40001
1.40001
1.40001
1.40001
1.40001
1.40001
1.99356
3.14136
3.27915
3.26581
3.27552
3.29409
3.30769
3.3135
3.30558
3.2846
3.26884
3.27007
3.27835
3.28492
3.28512
3.2751
3.25813
3.24939
3.24912
3.25002
3.24739
3.23897
3.22549
3.21113
3.19799
3.18442
3.17072
3.15834
3.14851
3.14085
3.13277
3.12281
3.11253
3.10246
3.09152
3.07886
3.06456
3.04985
3.03792
3.02992
3.02428
3.01809
3.01142
3.00835
1.40001
1.40001
1.40001
1.40001
1.40001
1.40001
1.40001
1.40001
1.40001
1.40001
1.40001
1.40001
1.40001
1.40001
1.40001
1.40001
1.40001
1.40001
1.40001
1.40001
1.40001
1.40001
1.40001
1.40001
1.40001
1.40001
1.40001
1.40001
1.40001
1.40001
1.40001
1.40001
1.40001
1.40001
1.40001
1.40001
1.40001
1.40001
1.40001
1.40001
1.40001
1.40001
1.40001
1.40001
1.40001
1.40001
1.40001
1.40001
1.40001
1.40001
1.40001
1.40001
1.75181
2.99689
3.2624
3.26995
3.28916
3.30563
3.31387
3.30757
3.28749
3.27095
3.27009
3.27726
3.28377
3.28543
3.2798
3.26387
3.25038
3.24757
3.24828
3.24745
3.24191
3.23052
3.21727
3.20596
3.19454
3.18025
3.16455
3.1507
3.14077
3.1338
3.12616
3.11592
3.10505
3.09449
3.0827
3.06826
3.0514
3.03469
3.0223
3.01502
3.00977
3.00213
2.99273
2.98819
1.40001
1.40001
1.40001
1.40001
1.40001
1.40001
1.40001
1.40001
1.40001
1.40001
1.40001
1.40001
1.40001
1.40001
1.40001
1.40001
1.40001
1.40001
1.40001
1.40001
1.40001
1.40001
1.40001
1.40001
1.40001
1.40001
1.40001
1.40001
1.40001
1.40001
1.40001
1.40001
1.40001
1.40001
1.40001
1.40001
1.40001
1.40001
1.40001
1.40001
1.40001
1.40001
1.40001
1.40001
1.40001
1.40001
1.40001
1.40001
1.40001
1.40001
1.40001
1.40001
1.55633
2.79567
3.25764
3.28529
3.30061
3.31459
3.30959
3.28784
3.2691
3.26694
3.27667
3.28632
3.28869
3.28317
3.26708
3.25097
3.24701
3.24817
3.2483
3.24379
3.23332
3.21992
3.21001
3.20253
3.19161
3.17509
3.15677
3.14216
3.13308
3.12677
3.11887
3.10794
3.09653
3.08578
3.07331
3.05679
3.0367
3.01734
3.00391
2.99679
2.99159
2.98303
2.97182
2.96647
1.40001
1.40001
1.40001
1.40001
1.40001
1.40001
1.40001
1.40001
1.40001
1.40001
1.40001
1.40001
1.40001
1.40001
1.40001
1.40001
1.40001
1.40001
1.40001
1.40001
1.40001
1.40001
1.40001
1.40001
1.40001
1.40001
1.40001
1.40001
1.40001
1.40001
1.40001
1.40001
1.40001
1.40001
1.40001
1.40001
1.40001
1.40001
1.40001
1.40001
1.40001
1.40001
1.40001
1.40001
1.40001
1.40001
1.40001
1.40001
1.40001
1.40001
1.40001
1.40001
1.42747
2.54986
3.25731
3.29851
3.30588
3.30651
3.28944
3.27056
3.26259
3.27052
3.28387
3.29189
3.2902
3.2745
3.25185
3.24329
3.24539
3.24874
3.24746
3.23823
3.22219
3.20904
3.20366
3.19943
3.18836
3.16899
3.14797
3.13306
3.12501
3.11912
3.1106
3.09885
3.08681
3.07582
3.06281
3.04464
3.02187
2.99995
2.98462
2.97593
2.96904
2.95911
2.94669
2.94061
1.40001
1.40001
1.40001
1.40001
1.40001
1.40001
1.40001
1.40001
1.40001
1.40001
1.40001
1.40001
1.40001
1.40001
1.40001
1.40001
1.40001
1.40001
1.40001
1.40001
1.40001
1.40001
1.40001
1.40001
1.40001
1.40001
1.40001
1.40001
1.40001
1.40001
1.40001
1.40001
1.40001
1.40001
1.40001
1.40001
1.40001
1.40001
1.40001
1.40001
1.40001
1.40001
1.40001
1.40001
1.40001
1.40001
1.40001
1.40001
1.40001
1.40001
1.40001
1.40001
1.40029
2.24064
3.21153
3.30535
3.29232
3.27945
3.27073
3.26773
3.27211
3.28159
3.28879
3.2922
3.28349
3.26087
3.24344
3.24145
3.24505
3.24797
3.24417
3.23001
3.21067
3.19998
3.19738
3.19446
3.18283
3.16151
3.13927
3.12439
3.11652
3.11022
3.10075
3.08812
3.07531
3.06379
3.05032
3.03119
3.00649
2.98171
2.96251
2.94956
2.93926
2.92855
2.9173
2.91269
1.40001
1.40001
1.40001
1.40001
1.40001
1.40001
1.40001
1.40001
1.40001
1.40001
1.40001
1.40001
1.40001
1.40001
1.40001
1.40001
1.40001
1.40001
1.40001
1.40001
1.40001
1.40001
1.40001
1.40001
1.40001
1.40001
1.40001
1.40001
1.40001
1.40001
1.40001
1.40001
1.40001
1.40001
1.40001
1.40001
1.40001
1.40001
1.40001
1.40001
1.40001
1.40001
1.40001
1.40001
1.40001
1.40001
1.40001
1.40001
1.40001
1.40001
1.40001
1.40001
1.40001
1.91867
3.09136
3.29474
3.26874
3.256
3.26572
3.2814
3.29301
3.29509
3.29196
3.28153
3.26535
3.25038
3.24504
3.24506
3.24618
3.24499
3.23664
3.21876
3.20146
3.19359
3.19095
3.1868
3.17401
3.15255
3.13149
3.11695
3.10804
3.10002
3.08891
3.07525
3.06163
3.04936
3.03543
3.01601
2.99073
2.96401
2.94029
2.92072
2.90399
2.89
2.87962
2.87586
1.40001
1.40001
1.40001
1.40001
1.40001
1.40001
1.40001
1.40001
1.40001
1.40001
1.40001
1.40001
1.40001
1.40001
1.40001
1.40001
1.40001
1.40001
1.40001
1.40001
1.40001
1.40001
1.40001
1.40001
1.40001
1.40001
1.40001
1.40001
1.40001
1.40001
1.40001
1.40001
1.40001
1.40001
1.40001
1.40001
1.40001
1.40001
1.40001
1.40001
1.40001
1.40001
1.40001
1.40001
1.40001
1.40001
1.40001
1.40001
1.40001
1.40001
1.40001
1.40001
1.40001
1.64154
2.88385
3.27197
3.24905
3.2581
3.28133
3.30433
3.31034
3.30205
3.28097
3.2617
3.25068
3.24867
3.25056
3.25121
3.24827
3.23996
3.22485
3.20743
3.19574
3.18914
3.18412
3.17667
3.16236
3.14272
3.12451
3.11042
3.09966
3.08887
3.07528
3.06016
3.04549
3.03212
3.01769
2.99848
2.97329
2.94428
2.91376
2.8838
2.85765
2.84015
2.83242
2.83304
1.40001
1.40001
1.40001
1.40001
1.40001
1.40001
1.40001
1.40001
1.40001
1.40001
1.40001
1.40001
1.40001
1.40001
1.40001
1.40001
1.40001
1.40001
1.40001
1.40001
1.40001
1.40001
1.40001
1.40001
1.40001
1.40001
1.40001
1.40001
1.40001
1.40001
1.40001
1.40001
1.40001
1.40001
1.40001
1.40001
1.40001
1.40001
1.40001
1.40001
1.40001
1.40001
1.40001
1.40001
1.40001
1.40001
1.40001
1.40001
1.40001
1.40001
1.40001
1.40001
1.40001
1.44535
2.57857
3.23514
3.26999
3.2872
3.30388
3.31391
3.3108
3.29105
3.26224
3.24651
3.24597
3.25152
3.25568
3.25463
3.24657
3.23064
3.21334
3.20126
3.19309
3.18519
3.17587
3.1642
3.14938
3.13308
3.11802
3.1042
3.09099
3.07666
3.06028
3.04379
3.02805
3.01309
2.99743
2.97788
2.95272
2.92199
2.88559
2.84557
2.80848
2.78355
2.77119
2.76684
1.40001
1.40001
1.40001
1.40001
1.40001
1.40001
1.40001
1.40001
1.40001
1.40001
1.40001
1.40001
1.40001
1.40001
1.40001
1.40001
1.40001
1.40001
1.40001
1.40001
1.40001
1.40001
1.40001
1.40001
1.40001
1.40001
1.40001
1.40001
1.40001
1.40001
1.40001
1.40001
1.40001
1.40001
1.40001
1.40001
1.40001
1.40001
1.40001
1.40001
1.40001
1.40001
1.40001
1.40001
1.40001
1.40001
1.40001
1.40001
1.40001
1.40001
1.40001
1.40001
1.40001
1.4008
2.17559
3.16216
3.30543
3.30207
3.30217
3.30325
3.29364
3.27041
3.24758
3.24385
3.24979
3.25814
3.25986
3.25182
3.23518
3.21761
3.20683
3.20076
3.19314
3.18128
3.16575
3.15043
3.13734
3.12493
3.11201
3.09696
3.08012
3.06232
3.04448
3.02736
3.01031
2.9929
2.97509
2.95446
2.92855
2.89501
2.85101
2.79762
2.74439
2.70411
2.68162
2.67159
1.40001
1.40001
1.40001
1.40001
1.40001
1.40001
1.40001
1.40001
1.40001
1.40001
1.40001
1.40001
1.40001
1.40001
1.40001
1.40001
1.40001
1.40001
1.40001
1.40001
1.40001
1.40001
1.40001
1.40001
1.40001
1.40001
1.40001
1.40001
1.40001
1.40001
1.40001
1.40001
1.40001
1.40001
1.40001
1.40001
1.40001
1.40001
1.40001
1.40001
1.40001
1.40001
1.40001
1.40001
1.40001
1.40001
1.40001
1.40001
1.40001
1.40001
1.40001
1.40001
1.40001
1.40001
1.77275
2.99129
3.34114
3.3055
3.28836
3.28254
3.27208
3.25457
3.2472
3.25154
3.25782
3.2584
3.25188
3.23621
3.21764
3.20802
3.20629
3.20359
3.19346
3.17544
3.1544
3.13821
3.12847
3.1195
3.10647
3.08767
3.06636
3.04659
3.02969
3.01332
2.9947
2.97348
2.95196
2.92935
2.90202
2.86554
2.81535
2.75239
2.68628
2.62716
2.58027
2.56638
1.40001
1.40001
1.40001
1.40001
1.40001
1.40001
1.40001
1.40001
1.40001
1.40001
1.40001
1.40001
1.40001
1.40001
1.40001
1.40001
1.40001
1.40001
1.40001
1.40001
1.40001
1.40001
1.40001
1.40001
1.40001
1.40001
1.40001
1.40001
1.40001
1.40001
1.40001
1.40001
1.40001
1.40001
1.40001
1.40001
1.40001
1.40001
1.40001
1.40001
1.40001
1.40001
1.40001
1.40001
1.40001
1.40001
1.40001
1.40001
1.40001
1.40001
1.40001
1.40001
1.40001
1.40001
1.42099
2.18969
3.15461
3.2986
3.30039
3.28319
3.2725
3.2629
3.25368
3.24463
3.23567
3.22492
3.21236
3.20273
3.19853
3.19657
3.19225
3.18271
3.16727
3.14825
3.12994
3.11524
3.10293
3.08979
3.07312
3.05286
3.03218
3.01252
2.99356
2.97377
2.95122
2.92477
2.89546
2.86303
2.82513
2.7779
2.71779
2.64008
2.54314
2.41249
2.21972
1.7867
1.40001
1.40001
1.40001
1.40001
1.40001
1.40001
1.40001
1.40001
1.40001
1.40001
1.40001
1.40001
1.40001
1.40001
1.40001
1.40001
1.40001
1.40001
1.40001
1.40001
1.40001
1.40001
1.40001
1.40001
1.40001
1.40001
1.40001
1.40001
1.40001
1.40001
1.40001
1.40001
1.40001
1.40001
1.40001
1.40001
1.40001
1.40001
1.40001
1.40001
1.40001
1.40001
1.40001
1.40001
1.40001
1.40001
1.40001
1.40001
1.40001
1.40001
1.40001
1.40001
1.40001
1.40001
1.40004
1.42514
2.02962
3.05469
3.25379
3.26025
3.24775
3.23625
3.22309
3.21062
3.19906
3.18579
3.17141
3.15934
3.15126
3.14451
3.13646
3.12632
3.11453
3.10132
3.08687
3.0709
3.05246
3.03275
3.01354
2.99557
2.97625
2.95238
2.92576
2.89871
2.87097
2.83898
2.79949
2.75164
2.6968
2.63498
2.5642
2.47747
2.36663
2.21383
1.99985
1.70653
1.40001
1.40001
1.40001
1.40001
1.40001
1.40001
1.40001
1.40001
1.40001
1.40001
1.40001
1.40001
1.40001
1.40001
1.40001
1.40001
1.40001
1.40001
1.40001
1.40001
1.40001
1.40001
1.40001
1.40001
1.40001
1.40001
1.40001
1.40001
1.40001
1.40001
1.40001
1.40001
1.40001
1.40001
1.40001
1.40001
1.40001
1.40001
1.40001
1.40001
1.40001
1.40001
1.40001
1.40001
1.40001
1.40001
1.40001
1.40001
1.40001
1.40001
1.40001
1.40001
1.40001
1.40001
1.40001
1.40006
1.41911
1.77737
2.80163
3.20093
3.22483
3.20266
3.18321
3.18222
3.17946
3.17116
3.15152
3.12796
3.11121
3.10026
3.09164
3.08245
3.07016
3.0547
3.03876
3.02356
3.00763
2.98883
2.96638
2.94107
2.91461
2.88783
2.86064
2.83149
2.79768
2.75801
2.71327
2.6633
2.60734
2.54436
2.47158
2.38623
2.28177
2.15652
1.99802
1.81378
1.40001
1.40001
1.40001
1.40001
1.40001
1.40001
1.40001
1.40001
1.40001
1.40001
1.40001
1.40001
1.40001
1.40001
1.40001
1.40001
1.40001
1.40001
1.40001
1.40001
1.40001
1.40001
1.40001
1.40001
1.40001
1.40001
1.40001
1.40001
1.40001
1.40001
1.40001
1.40001
1.40001
1.40001
1.40001
1.40001
1.40001
1.40001
1.40001
1.40001
1.40001
1.40001
1.40001
1.40001
1.40001
1.40001
1.40001
1.40001
1.40001
1.40001
1.40001
1.40001
1.40001
1.40001
1.40001
1.40001
1.40004
1.40775
1.56762
2.34281
3.05411
3.15912
3.17876
3.17639
3.16692
3.15682
3.12977
3.09858
3.07963
3.06803
3.06077
3.05202
3.03573
3.01326
2.99049
2.97196
2.95698
2.94162
2.9186
2.88788
2.8556
2.82586
2.79853
2.76929
2.73217
2.68878
2.64249
2.59404
2.54285
2.48843
2.42461
2.34637
2.25651
2.15301
2.02959
1.92489
1.40001
1.40001
1.40001
1.40001
1.40001
1.40001
1.40001
1.40001
1.40001
1.40001
1.40001
1.40001
1.40001
1.40001
1.40001
1.40001
1.40001
1.40001
1.40001
1.40001
1.40001
1.40001
1.40001
1.40001
1.40001
1.40001
1.40001
1.40001
1.40001
1.40001
1.40001
1.40001
1.40001
1.40001
1.40001
1.40001
1.40001
1.40001
1.40001
1.40001
1.40001
1.40001
1.40001
1.40001
1.40001
1.40001
1.40001
1.40001
1.40001
1.40001
1.40001
1.40001
1.40001
1.40001
1.40001
1.40001
1.40001
1.40002
1.40196
1.45699
1.80929
2.65757
3.05119
3.13787
3.16659
3.14782
3.1187
3.08665
3.05743
3.0406
3.03323
3.02966
3.01538
2.99101
2.9606
2.93474
2.91458
2.89949
2.88215
2.85283
2.81689
2.78121
2.74762
2.71584
2.6828
2.64385
2.59927
2.55161
2.5012
2.44938
2.39297
2.33105
2.26129
2.17768
2.09214
2.02158
1.40001
1.40001
1.40001
1.40001
1.40001
1.40001
1.40001
1.40001
1.40001
1.40001
1.40001
1.40001
1.40001
1.40001
1.40001
1.40001
1.40001
1.40001
1.40001
1.40001
1.40001
1.40001
1.40001
1.40001
1.40001
1.40001
1.40001
1.40001
1.40001
1.40001
1.40001
1.40001
1.40001
1.40001
1.40001
1.40001
1.40001
1.40001
1.40001
1.40001
1.40001
1.40001
1.40001
1.40001
1.40001
1.40001
1.40001
1.40001
1.40001
1.40001
1.40001
1.40001
1.40001
1.40001
1.40001
1.40001
1.40001
1.40001
1.40001
1.40027
1.41064
1.54121
1.97981
2.72736
3.01984
3.10888
3.12953
3.09766
3.04934
3.02063
3.00798
3.00697
2.99779
2.97623
2.94556
2.91205
2.88731
2.86914
2.85691
2.83475
2.79899
2.75861
2.71935
2.68202
2.64886
2.61822
2.58159
2.53625
2.48495
2.43169
2.37818
2.32625
2.27493
2.22081
2.16298
2.10225
1.40001
1.40001
1.40001
1.40001
1.40001
1.40001
1.40001
1.40001
1.40001
1.40001
1.40001
1.40001
1.40001
1.40001
1.40001
1.40001
1.40001
1.40001
1.40001
1.40001
1.40001
1.40001
1.40001
1.40001
1.40001
1.40001
1.40001
1.40001
1.40001
1.40001
1.40001
1.40001
1.40001
1.40001
1.40001
1.40001
1.40001
1.40001
1.40001
1.40001
1.40001
1.40001
1.40001
1.40001
1.40001
1.40001
1.40001
1.40001
1.40001
1.40001
1.40001
1.40001
1.40001
1.40001
1.40001
1.40001
1.40001
1.40001
1.40001
1.40001
1.40002
1.4014
1.42422
1.58441
2.02131
2.65623
2.97133
3.06279
3.0554
3.03018
3.00713
2.98887
2.98034
2.96052
2.93325
2.89793
2.86972
2.84746
2.83361
2.81933
2.7903
2.75294
2.71253
2.67336
2.63704
2.60823
2.57886
2.53572
2.48627
2.43556
2.38585
2.34084
2.30427
2.26848
2.22206
2.16828
1.40001
1.40001
1.40001
1.40001
1.40001
1.40001
1.40001
1.40001
1.40001
1.40001
1.40001
1.40001
1.40001
1.40001
1.40001
1.40001
1.40001
1.40001
1.40001
1.40001
1.40001
1.40001
1.40001
1.40001
1.40001
1.40001
1.40001
1.40001
1.40001
1.40001
1.40001
1.40001
1.40001
1.40001
1.40001
1.40001
1.40001
1.40001
1.40001
1.40001
1.40001
1.40001
1.40001
1.40001
1.40001
1.40001
1.40001
1.40001
1.40001
1.40001
1.40001
1.40001
1.40001
1.40001
1.40001
1.40001
1.40001
1.40001
1.40001
1.40001
1.40001
1.40001
1.40008
1.40245
1.43075
1.57885
1.9491
2.49629
2.84753
2.98211
2.99502
2.98576
2.97616
2.96063
2.93204
2.90013
2.86924
2.84116
2.81657
2.79834
2.77597
2.74517
2.71129
2.67591
2.64065
2.60934
2.58188
2.54716
2.50464
2.46008
2.41707
2.37851
2.34656
2.31565
2.27459
2.22602
1.40001
1.40001
1.40001
1.40001
1.40001
1.40001
1.40001
1.40001
1.40001
1.40001
1.40001
1.40001
1.40001
1.40001
1.40001
1.40001
1.40001
1.40001
1.40001
1.40001
1.40001
1.40001
1.40001
1.40001
1.40001
1.40001
1.40001
1.40001
1.40001
1.40001
1.40001
1.40001
1.40001
1.40001
1.40001
1.40001
1.40001
1.40001
1.40001
1.40001
1.40001
1.40001
1.40001
1.40001
1.40001
1.40001
1.40001
1.40001
1.40001
1.40001
1.40001
1.40001
1.40001
1.40001
1.40001
1.40001
1.40001
1.40001
1.40001
1.40001
1.40001
1.40001
1.40001
1.40001
1.40013
1.40253
1.42538
1.53564
1.81193
2.25348
2.64448
2.86148
2.94284
2.93144
2.91619
2.90625
2.89183
2.86456
2.82977
2.79619
2.76506
2.73798
2.71213
2.6807
2.64748
2.61502
2.58541
2.55803
2.52499
2.48738
2.44964
2.41485
2.38526
2.35676
2.31938
2.27533
1.40001
1.40001
1.40001
1.40001
1.40001
1.40001
1.40001
1.40001
1.40001
1.40001
1.40001
1.40001
1.40001
1.40001
1.40001
1.40001
1.40001
1.40001
1.40001
1.40001
1.40001
1.40001
1.40001
1.40001
1.40001
1.40001
1.40001
1.40001
1.40001
1.40001
1.40001
1.40001
1.40001
1.40001
1.40001
1.40001
1.40001
1.40001
1.40001
1.40001
1.40001
1.40001
1.40001
1.40001
1.40001
1.40001
1.40001
1.40001
1.40001
1.40001
1.40001
1.40001
1.40001
1.40001
1.40001
1.40001
1.40001
1.40001
1.40001
1.40001
1.40001
1.40001
1.40001
1.40001
1.40001
1.40001
1.4001
1.40163
1.41503
1.47903
1.6575
1.97696
2.35351
2.67081
2.7917
2.84652
2.88279
2.87186
2.8436
2.81352
2.78496
2.76344
2.73732
2.7026
2.66605
2.63282
2.60392
2.57655
2.54463
2.50996
2.47632
2.44558
2.41856
2.39109
2.35697
2.31787
1.40001
1.40001
1.40001
1.40001
1.40001
1.40001
1.40001
1.40001
1.40001
1.40001
1.40001
1.40001
1.40001
1.40001
1.40001
1.40001
1.40001
1.40001
1.40001
1.40001
1.40001
1.40001
1.40001
1.40001
1.40001
1.40001
1.40001
1.40001
1.40001
1.40001
1.40001
1.40001
1.40001
1.40001
1.40001
1.40001
1.40001
1.40001
1.40001
1.40001
1.40001
1.40001
1.40001
1.40001
1.40001
1.40001
1.40001
1.40001
1.40001
1.40001
1.40001
1.40001
1.40001
1.40001
1.40001
1.40001
1.40001
1.40001
1.40001
1.40001
1.40001
1.40001
1.40001
1.40001
1.40001
1.40001
1.40001
1.40001
1.40005
1.40069
1.40622
1.43452
1.52704
1.72666
2.02037
2.3186
2.58952
2.73909
2.76772
2.78242
2.79695
2.78508
2.75879
2.72938
2.70046
2.67696
2.65219
2.61949
2.58367
2.54999
2.51948
2.48866
2.45753
2.42723
2.39594
2.36172
1.40001
1.40001
1.40001
1.40001
1.40001
1.40001
1.40001
1.40001
1.40001
1.40001
1.40001
1.40001
1.40001
1.40001
1.40001
1.40001
1.40001
1.40001
1.40001
1.40001
1.40001
1.40001
1.40001
1.40001
1.40001
1.40001
1.40001
1.40001
1.40001
1.40001
1.40001
1.40001
1.40001
1.40001
1.40001
1.40001
1.40001
1.40001
1.40001
1.40001
1.40001
1.40001
1.40001
1.40001
1.40001
1.40001
1.40001
1.40001
1.40001
1.40001
1.40001
1.40001
1.40001
1.40001
1.40001
1.40001
1.40001
1.40001
1.40001
1.40001
1.40001
1.40001
1.40001
1.40001
1.40001
1.40001
1.40001
1.40001
1.40001
1.40001
1.40002
1.40019
1.40179
1.41101
1.44658
1.53892
1.71661
1.96275
2.23362
2.43364
2.60705
2.70161
2.70836
2.70448
2.70583
2.70355
2.68196
2.65464
2.62647
2.6013
2.58006
2.55082
2.51622
2.48312
2.45375
2.42302
1.40001
1.40001
1.40001
1.40001
1.40001
1.40001
1.40001
1.40001
1.40001
1.40001
1.40001
1.40001
1.40001
1.40001
1.40001
1.40001
1.40001
1.40001
1.40001
1.40001
1.40001
1.40001
1.40001
1.40001
1.40001
1.40001
1.40001
1.40001
1.40001
1.40001
1.40001
1.40001
1.40001
1.40001
1.40001
1.40001
1.40001
1.40001
1.40001
1.40001
1.40001
1.40001
1.40001
1.40001
1.40001
1.40001
1.40001
1.40001
1.40001
1.40001
1.40001
1.40001
1.40001
1.40001
1.40001
1.40001
1.40001
1.40001
1.40001
1.40001
1.40001
1.40001
1.40001
1.40001
1.40001
1.40001
1.40001
1.40001
1.40001
1.40001
1.40001
1.40001
1.40001
1.40004
1.40034
1.40236
1.41155
1.44237
1.51641
1.65089
1.84903
2.06415
2.28768
2.42591
2.53587
2.62277
2.64183
2.63337
2.62187
2.61735
2.60986
2.5873
2.55988
2.53296
2.51136
2.49093
1.40001
1.40001
1.40001
1.40001
1.40001
1.40001
1.40001
1.40001
1.40001
1.40001
1.40001
1.40001
1.40001
1.40001
1.40001
1.40001
1.40001
1.40001
1.40001
1.40001
1.40001
1.40001
1.40001
1.40001
1.40001
1.40001
1.40001
1.40001
1.40001
1.40001
1.40001
1.40001
1.40001
1.40001
1.40001
1.40001
1.40001
1.40001
1.40001
1.40001
1.40001
1.40001
1.40001
1.40001
1.40001
1.40001
1.40001
1.40001
1.40001
1.40001
1.40001
1.40001
1.40001
1.40001
1.40001
1.40001
1.40001
1.40001
1.40001
1.40001
1.40001
1.40001
1.40001
1.40001
1.40001
1.40001
1.40001
1.40001
1.40001
1.40001
1.40001
1.40001
1.40001
1.40001
1.40001
1.40001
1.40004
1.40032
1.40186
1.40833
1.42808
1.47511
1.56742
1.69834
1.87671
2.05894
2.22264
2.36956
2.44746
2.50591
2.55736
2.56329
2.55363
2.53735
2.52688
2.51831
1.40001
1.40001
1.40001
1.40001
1.40001
1.40001
1.40001
1.40001
1.40001
1.40001
1.40001
1.40001
1.40001
1.40001
1.40001
1.40001
1.40001
1.40001
1.40001
1.40001
1.40001
1.40001
1.40001
1.40001
1.40001
1.40001
1.40001
1.40001
1.40001
1.40001
1.40001
1.40001
1.40001
1.40001
1.40001
1.40001
1.40001
1.40001
1.40001
1.40001
1.40001
1.40001
1.40001
1.40001
1.40001
1.40001
1.40001
1.40001
1.40001
1.40001
1.40001
1.40001
1.40001
1.40001
1.40001
1.40001
1.40001
1.40001
1.40001
1.40001
1.40001
1.40001
1.40001
1.40001
1.40001
1.40001
1.40001
1.40001
1.40001
1.40001
1.40001
1.40001
1.40001
1.40001
1.40001
1.40001
1.40001
1.40001
1.40001
1.40003
1.40017
1.40095
1.40408
1.41363
1.43784
1.48505
1.56751
1.68221
1.82172
1.97579
2.11799
2.23845
2.33964
2.39959
2.43225
2.4681
1.40001
1.40001
1.40001
1.40001
1.40001
1.40001
1.40001
1.40001
1.40001
1.40001
1.40001
1.40001
1.40001
1.40001
1.40001
1.40001
1.40001
1.40001
1.40001
1.40001
1.40001
1.40001
1.40001
1.40001
1.40001
1.40001
1.40001
1.40001
1.40001
1.40001
1.40001
1.40001
1.40001
1.40001
1.40001
1.40001
1.40001
1.40001
1.40001
1.40001
1.40001
1.40001
1.40001
1.40001
1.40001
1.40001
1.40001
1.40001
1.40001
1.40001
1.40001
1.40001
1.40001
1.40001
1.40001
1.40001
1.40001
1.40001
1.40001
1.40001
1.40001
1.40001
1.40001
1.40001
1.40001
1.40001
1.40001
1.40001
1.40001
1.40001
1.40001
1.40001
1.40001
1.40001
1.40001
1.40001
1.40001
1.40001
1.40001
1.40001
1.40001
1.40001
1.40001
1.40006
1.40032
1.40133
1.4047
1.41356
1.43341
1.47094
1.53075
1.61773
1.7251
1.84476
1.96948
2.07991
1.40001
1.40001
1.40001
1.40001
1.40001
1.40001
1.40001
1.40001
1.40001
1.40001
1.40001
1.40001
1.40001
1.40001
1.40001
1.40001
1.40001
1.40001
1.40001
1.40001
1.40001
1.40001
1.40001
1.40001
1.40001
1.40001
1.40001
1.40001
1.40001
1.40001
1.40001
1.40001
1.40001
1.40001
1.40001
1.40001
1.40001
1.40001
1.40001
1.40001
1.40001
1.40001
1.40001
1.40001
1.40001
1.40001
1.40001
1.40001
1.40001
1.40001
1.40001
1.40001
1.40001
1.40001
1.40001
1.40001
1.40001
1.40001
1.40001
1.40001
1.40001
1.40001
1.40001
1.40001
1.40001
1.40001
1.40001
1.40001
1.40001
1.40001
1.40001
1.40001
1.40001
1.40001
1.40001
1.40001
1.40001
1.40001
1.40001
1.40001
1.40001
1.40001
1.40001
1.40001
1.40001
1.40001
1.40002
1.40007
1.40029
1.40107
1.40332
1.40908
1.42121
1.44427
1.48202
1.53707
1.40001
1.40001
1.40001
1.40001
1.40001
1.40001
1.40001
1.40001
1.40001
1.40001
1.40001
1.40001
1.40001
1.40001
1.40001
1.40001
1.40001
1.40001
1.40001
1.40001
1.40001
1.40001
1.40001
1.40001
1.40001
1.40001
1.40001
1.40001
1.40001
1.40001
1.40001
1.40001
1.40001
1.40001
1.40001
1.40001
1.40001
1.40001
1.40001
1.40001
1.40001
1.40001
1.40001
1.40001
1.40001
1.40001
1.40001
1.40001
1.40001
1.40001
1.40001
1.40001
1.40001
1.40001
1.40001
1.40001
1.40001
1.40001
1.40001
1.40001
1.40001
1.40001
1.40001
1.40001
1.40001
1.40001
1.40001
1.40001
1.40001
1.40001
1.40001
1.40001
1.40001
1.40001
1.40001
1.40001
1.40001
1.40001
1.40001
1.40001
1.40001
1.40001
1.40001
1.40001
1.40001
1.40001
1.40001
1.40001
1.40001
1.40001
1.40001
1.40004
1.40015
1.40053
1.40157
1.40416
1.40001
1.40001
1.40001
1.40001
1.40001
1.40001
1.40001
1.40001
1.40001
1.40001
1.40001
1.40001
1.40001
1.40001
1.40001
1.40001
1.40001
1.40001
1.40001
1.40001
1.40001
1.40001
1.40001
1.40001
1.40001
1.40001
1.40001
1.40001
1.40001
1.40001
1.40001
1.40001
1.40001
1.40001
1.40001
1.40001
1.40001
1.40001
1.40001
1.40001
1.40001
1.40001
1.40001
1.40001
1.40001
1.40001
1.40001
1.40001
1.40001
1.40001
1.40001
1.40001
1.40001
1.40001
1.40001
1.40001
1.40001
1.40001
1.40001
1.40001
1.40001
1.40001
1.40001
1.40001
1.40001
1.40001
1.40001
1.40001
1.40001
1.40001
1.40001
1.40001
1.40001
1.40001
1.40001
1.40001
1.40001
1.40001
1.40001
1.40001
1.40001
1.40001
1.40001
1.40001
1.40001
1.40001
1.40001
1.40001
1.40001
1.40001
1.40001
1.40001
1.40001
1.40001
1.40001
1.40002
1.40001
1.40001
1.40001
1.40001
1.40001
1.40001
1.40001
1.40001
1.40001
1.40001
1.40001
1.40001
1.40001
1.40001
1.40001
1.40001
1.40001
1.40001
1.40001
1.40001
1.40001
1.40001
1.40001
1.40001
1.40001
1.40001
1.40001
1.40001
1.40001
1.40001
1.40001
1.40001
1.40001
1.40001
1.40001
1.40001
1.40001
1.40001
1.40001
1.40001
1.40001
1.40001
1.40001
1.40001
1.40001
1.40001
1.40001
1.40001
1.40001
1.40001
1.40001
1.40001
1.40001
1.40001
1.40001
1.40001
1.40001
1.40001
1.40001
1.40001
1.40001
1.40001
1.40001
1.40001
1.40001
1.40001
1.40001
1.40001
1.40001
1.40001
1.40001
1.40001
1.40001
1.40001
1.40001
1.40001
1.40001
1.40001
1.40001
1.40001
1.40001
1.40001
1.40001
1.40001
1.40001
1.40001
1.40001
1.40001
1.40001
1.40001
1.40001
1.40001
1.40001
1.40001
1.40001
1.40001
1.40001
1.40001
1.40001
1.40001
1.40001
1.40001
1.40001
1.40001
1.40001
1.40001
1.40001
1.40001
1.40001
1.40001
1.40001
1.40001
1.40001
1.40001
1.40001
1.40001
1.40001
1.40001
1.40001
1.40001
1.40001
1.40001
1.40001
1.40001
1.40001
1.40001
1.40001
1.40001
1.40001
1.40001
1.40001
1.40001
1.40001
1.40001
1.40001
1.40001
1.40001
1.40001
1.40001
1.40001
1.40001
1.40001
1.40001
1.40001
1.40001
1.40001
1.40001
1.40001
1.40001
1.40001
1.40001
1.40001
1.40001
1.40001
1.40001
1.40001
1.40001
1.40001
1.40001
1.40001
1.40001
1.40001
1.40001
1.40001
1.40001
1.40001
1.40001
1.40001
1.40001
1.40001
1.40001
1.40001
1.40001
1.40001
1.40001
1.40001
1.40001
1.40001
1.40001
1.40001
1.40001
1.40001
1.40001
1.40001
1.40001
1.40001
1.40001
1.40001
1.40001
1.40001
1.40001
1.40001
1.40001
1.40001
1.40001
1.40001
1.40001
1.40001
1.40001
1.40001
1.40001
1.40001
1.40001
1.40001
1.40001
1.40001
1.40001
1.40001
1.40001
1.40001
1.40001
1.40001
1.40001
1.40001
1.40001
1.40001
1.40001
1.40001
1.40001
1.40001
1.40001
1.40001
1.40001
1.40001
1.40001
1.40001
1.40001
1.40001
1.40001
1.40001
1.40001
1.40001
1.40001
1.40001
1.40001
1.40001
1.40001
1.40001
1.40001
1.40001
1.40001
1.40001
1.40001
1.40001
1.40001
1.40001
1.40001
1.40001
1.40001
1.40001
1.40001
1.40001
1.40001
1.40001
1.40001
1.40001
1.40001
1.40001
1.40001
1.40001
1.40001
1.40001
1.40001
1.40001
1.40001
1.40001
1.40001
1.40001
1.40001
1.40001
1.40001
1.40001
1.40001
1.40001
1.40001
1.40001
1.40001
1.40001
1.40001
1.40001
1.40001
1.40001
1.40001
1.40001
1.40001
1.40001
1.40001
1.40001
1.40001
1.40001
1.40001
1.40001
1.40001
1.40001
1.40001
1.40001
1.40001
1.40001
1.40001
1.40001
1.40001
1.40001
1.40001
1.40001
1.40001
1.40001
1.40001
1.40001
1.40001
1.40001
1.40001
1.40001
1.40001
1.40001
1.40001
1.40001
1.40001
1.40001
1.40001
1.40001
1.40001
1.40001
1.40001
1.40001
1.40001
1.40001
1.40001
1.40001
1.40001
1.40001
1.40001
1.40001
1.40001
1.40001
1.40001
1.40001
1.40001
1.40001
1.40001
1.40001
1.40001
1.40001
1.40001
1.40001
1.40001
1.40001
1.40001
1.40001
1.40001
1.40001
1.40001
1.40001
1.40001
1.40001
1.40001
1.40001
1.40001
1.40001
1.40001
1.40001
1.40001
1.40001
1.40001
1.40001
1.40001
1.40001
1.40001
1.40001
1.40001
1.40001
1.40001
1.40001
1.40001
1.40001
1.40001
1.40001
1.40001
1.40001
1.40001
1.40001
1.40001
1.40001
1.40001
1.40001
1.40001
1.40001
1.40001
1.40001
1.40001
1.40001
1.40001
1.40001
1.40001
1.40001
1.40001
1.40001
1.40001
1.40001
1.40001
1.40001
1.40001
1.40001
1.40001
1.40001
1.40001
1.40001
1.40001
1.40001
1.40001
1.40001
1.40001
1.40001
1.40001
1.40001
1.40001
1.40001
1.40001
1.40001
1.40001
1.40001
1.40001
1.40001
1.40001
1.40001
1.40001
1.40001
1.40001
1.40001
1.40001
1.40001
1.40001
1.40001
1.40001
1.40001
1.40001
1.40001
1.40001
1.40001
1.40001
1.40001
1.40001
1.40001
1.40001
1.40001
1.40001
1.40001
1.40001
1.40001
1.40001
1.40001
1.40001
1.40001
1.40001
1.40001
1.40001
1.40001
1.40001
1.40001
1.40001
1.40001
1.40001
1.40001
1.40001
1.40001
1.40001
1.40001
1.40001
1.40001
1.40001
1.40001
1.40001
1.40001
1.40001
1.40001
1.40001
1.40001
1.40001
1.40001
1.40001
1.40001
1.40001
1.40001
1.40001
1.40001
1.40001
1.40001
1.40001
1.40001
1.40001
1.40001
1.40001
1.40001
1.40001
1.40001
1.40001
1.40001
1.40001
1.40001
1.40001
1.40001
1.40001
1.40001
1.40001
1.40001
1.40001
1.40001
1.40001
1.40001
1.40001
1.40001
1.40001
1.40001
1.40001
1.40001
1.40001
1.40001
1.40001
1.40001
1.40001
1.40001
1.40001
1.40001
1.40001
1.40001
1.40001
1.40001
1.40001
1.40001
1.40001
1.40001
1.40001
1.40001
1.40001
1.40001
1.40001
1.40001
1.40001
1.40001
1.40001
1.40001
1.40001
1.40001
1.40001
1.40001
1.40001
1.40001
1.40001
1.40001
1.40001
1.40001
1.40001
1.40001
1.40001
1.40001
1.40001
1.40001
1.40001
1.40001
1.40001
1.40001
1.40001
1.40001
1.40001
1.40001
1.40001
1.40001
1.40001
1.40001
1.40001
1.40001
1.40001
1.40001
1.40001
1.40001
1.40001
1.40001
1.40001
1.40001
1.40001
1.40001
1.40001
1.40001
1.40001
1.40001
1.40001
1.40001
1.40001
1.40001
1.40001
1.40001
1.40001
1.40001
1.40001
1.40001
1.40001
1.40001
1.40001
1.40001
1.40001
1.40001
1.40001
1.40001
1.40001
1.40001
1.40001
1.40001
1.40001
1.40001
1.40001
1.40001
1.40001
1.40001
1.40001
1.40001
1.40001
1.40001
1.40001
1.40001
1.40001
1.40001
1.40001
1.40001
1.40001
1.40001
1.40001
1.40001
1.40001
1.40001
1.40001
1.40001
1.40001
1.40001
1.40001
1.40001
1.40001
1.40001
1.40001
1.40001
1.40001
1.40001
1.40001
1.40001
1.40001
1.40001
1.40001
1.40001
1.40001
1.40001
1.40001
1.40001
1.40001
1.40001
1.40001
1.40001
1.40001
1.40001
1.40001
1.40001
1.40001
1.40001
1.40001
1.40001
1.40001
1.40001
1.40001
1.40001
1.40001
1.40001
1.40001
1.40001
1.40001
1.40001
1.40001
1.40001
1.40001
1.40001
1.40001
1.40001
1.40001
1.40001
1.40001
1.40001
1.40001
1.40001
1.40001
1.40001
1.40001
1.40001
1.40001
1.40001
1.40001
1.40001
1.40001
1.40001
1.40001
1.40001
1.40001
1.40001
1.40001
1.40001
1.40001
1.40001
1.40001
1.40001
1.40001
1.40001
1.40001
1.40001
1.40001
1.40001
1.40001
1.40001
1.40001
1.40001
1.40001
1.40001
1.40001
1.40001
1.40001
1.40001
1.40001
1.40001
1.40001
1.40001
1.40001
1.40001
1.40001
1.40001
1.40001
1.40001
1.40001
1.40001
1.40001
1.40001
1.40001
1.40001
1.40001
1.40001
1.40001
1.40001
1.40001
1.40001
1.40001
1.40001
1.40001
1.40001
1.40001
1.40001
1.40001
1.40001
1.40001
1.40001
1.40001
1.40001
1.40001
1.40001
1.40001
1.40001
1.40001
1.40001
1.40001
1.40001
1.40001
1.40001
1.40001
1.40001
1.40001
1.40001
1.40001
1.40001
1.40001
1.40001
1.40001
1.40001
1.40001
1.40001
1.40001
1.40001
1.40001
1.40001
1.40001
1.40001
1.40001
1.40001
1.40001
1.40001
1.40001
1.40001
1.40001
1.40001
1.40001
1.40001
1.40001
1.40001
1.40001
1.40001
1.40001
1.40001
1.40001
1.40001
1.40001
1.40001
1.40001
1.40001
1.40001
1.40001
1.40001
1.40001
1.40001
1.40001
1.40001
1.40001
1.40001
1.40001
1.40001
1.40001
1.40001
1.40001
1.40001
1.40001
1.40001
1.40001
1.40001
1.40001
1.40001
1.40001
1.40001
1.40001
1.40001
1.40001
1.40001
1.40001
1.40001
1.40001
1.40001
1.40001
1.40001
1.40001
1.40001
1.40001
1.40001
1.40001
1.40001
1.40001
1.40001
1.40001
1.40001
1.40001
1.40001
1.40001
1.40001
1.40001
1.40001
1.40001
1.40001
1.40001
1.40001
1.40001
1.40001
1.40001
1.40001
1.40001
1.40001
1.40001
1.40001
1.40001
1.40001
1.40001
1.40001
1.40001
1.40001
1.40001
1.40001
1.40001
1.40001
1.40001
1.40001
1.40001
1.40001
1.40001
1.40001
1.40001
1.40001
1.40001
1.40001
1.40001
1.40001
1.40001
1.40001
1.40001
1.40001
1.40001
1.40001
1.40001
1.40001
1.40001
1.40001
1.40001
1.40001
1.40001
1.40001
1.40001
1.40001
1.40001
1.40001
1.40001
1.40001
1.40001
1.40001
1.40001
1.40001
1.40001
1.40001
1.40001
1.40001
1.40001
1.40001
1.40001
1.40001
1.40001
1.40001
1.40001
1.40001
1.40001
1.40001
1.40001
1.40001
1.40001
1.40001
1.40001
1.40001
1.40001
1.40001
1.40001
1.40001
1.40001
1.40001
1.40001
1.40001
1.40001
1.40001
1.40001
1.40001
1.40001
1.40001
1.40001
1.40001
1.40001
1.40001
1.40001
1.40001
1.40001
1.40001
1.40001
1.40001
1.40001
1.40001
1.40001
1.40001
1.40001
1.40001
1.40001
1.40001
1.40001
1.40001
1.40001
1.40001
1.40001
1.40001
1.40001
1.40001
1.40001
1.40001
1.40001
1.40001
1.40001
1.40001
1.40001
1.40001
1.40001
1.40001
1.40001
1.40001
1.40001
1.40001
1.40001
1.40001
1.40001
1.40001
1.40001
1.40001
1.40001
1.40001
1.40001
1.40001
1.40001
1.40001
1.40001
1.40001
1.40001
1.40001
1.40001
1.40001
1.40001
1.40001
1.40001
1.40001
1.40001
1.40001
1.40001
1.40001
1.40001
1.40001
1.40001
1.40001
1.40001
1.40001
1.40001
1.40001
1.40001
1.40001
1.40001
1.40001
1.40001
1.40001
1.40001
1.40001
1.40001
1.40001
1.40001
1.40001
1.40001
1.40001
1.40001
1.40001
1.40001
1.40001
1.40001
1.40001
1.40001
1.40001
1.40001
1.40001
1.40001
1.40001
1.40001
1.40001
1.40001
1.40001
1.40001
1.40001
1.40001
1.40001
1.40001
1.40001
1.40001
1.40001
1.40001
1.40001
1.40001
1.40001
1.40001
1.40001
1.40001
1.40001
1.40001
1.40001
1.40001
1.40001
1.40001
1.40001
1.40001
1.40001
1.40001
1.40001
1.40001
1.40001
1.40001
1.40001
1.40001
1.40001
1.40001
1.40001
1.40001
1.40001
1.40001
1.40001
1.40001
1.40001
1.40001
1.40001
1.40001
1.40001
1.40001
1.40001
1.40001
1.40001
1.40001
1.40001
1.40001
1.40001
1.40001
1.40001
1.40001
1.40001
1.40001
1.40001
1.40001
1.40001
1.40001
1.40001
1.40001
1.40001
1.40001
1.40001
1.40001
1.40001
1.40001
1.40001
1.40001
1.40001
1.40001
1.40001
1.40001
1.40001
1.40001
1.40001
1.40001
1.40001
1.40001
1.40001
1.40001
1.40001
1.40001
1.40001
1.40001
1.40001
1.40001
1.40001
1.40001
1.40001
1.40001
1.40001
1.40001
1.40001
1.40001
1.40001
1.40001
1.40001
1.40001
1.40001
1.40001
1.40001
1.40001
1.40001
1.40001
1.40001
1.40001
1.40001
1.40001
1.40001
1.40001
1.40001
1.40001
1.40001
1.40001
1.40001
1.40001
1.40001
1.40001
1.40001
1.40001
1.40001
1.40001
1.40001
1.40001
1.40001
1.40001
1.40001
1.40001
1.40001
1.40001
1.40001
1.40001
1.40001
1.40001
1.40001
1.40001
1.40001
1.40001
1.40001
1.40001
1.40001
1.40001
1.40001
1.40001
1.40001
1.40001
1.40001
1.40001
1.40001
1.40001
1.40001
1.40001
1.40001
1.40001
1.40001
1.40001
1.40001
1.40001
1.40001
1.40001
1.40001
1.40001
1.40001
1.40001
1.40001
1.40001
1.40001
1.40001
1.40001
1.40001
1.40001
1.40001
1.40001
1.40001
1.40001
1.40001
1.40001
1.40001
1.40001
1.40001
1.40001
1.40001
1.40001
1.40001
1.40001
1.40001
1.40001
1.40001
1.40001
1.40001
1.40001
1.40001
1.40001
1.40001
1.40001
1.40001
0.961948
0.651743
0.48813
0.396996
0.34132
0.288652
0.229646
0.197523
0.183628
0.166682
0.143267
0.139377
0.148328
0.147175
0.144396
0.145287
0.151892
0.162369
0.176406
0.192091
0.203486
0.220094
0.234993
0.246556
0.261011
0.285956
0.313484
0.338837
0.367393
0.408062
0.446812
0.478774
0.50807
0.533066
0.557353
0.580194
0.607701
0.697448
0.872354
0.934593
0.93772
0.929741
0.926264
0.936016
0.951253
0.968146
0.977269
0.983296
0.979515
0.976211
0.976529
0.97883
0.986519
0.994001
0.996897
0.999147
1.00123
1.00195
1.00363
1.00705
1.01108
1.0157
1.02245
1.03486
1.05038
1.05763
1.06003
1.06143
1.06183
1.0633
1.06522
1.06973
1.0816
1.09677
1.10288
1.10443
1.10399
1.10171
1.10181
1.10285
1.10723
1.12104
1.13982
1.14765
1.14891
1.14881
1.1461
1.14471
1.14499
1.14639
1.1514
1.16341
1.17763
1.18513
1.18756
1.18897
1.19091
1.19398
1.1968
1.1998
1.20496
1.21323
1.2252
1.24409
1.26744
1.27707
1.27901
1.27875
1.27957
1.28268
1.28984
1.30488
1.33194
1.37555
1.42221
1.43596
1.43303
1.42195
1.40557
1.39746
1.39447
1.39264
1.39292
1.40026
1.41633
1.42404
1.42293
1.42082
1.41776
1.41366
1.41167
1.41094
1.41069
1.41285
1.41763
1.41883
1.41816
1.41653
1.41272
1.40979
1.4092
1.40901
1.41048
1.41694
1.42451
1.42583
1.42552
1.4246
1.42146
1.41625
1.41412
1.4139
1.41377
1.41384
1.41514
1.41766
1.41859
1.41851
1.41842
1.41836
1.41833
1.4184
1.41891
1.42029
1.42122
1.42124
1.42108
1.4203
1.41849
1.41729
1.4172
1.41727
1.41776
1.41946
1.42162
1.42213
1.42212
1.42179
1.42005
1.41532
1.41079
1.40989
1.40984
1.4098
1.40967
1.4092
1.40834
1.408
1.40801
1.40812
1.4087
1.41061
1.41311
1.41381
1.41385
1.41377
1.4129
1.40944
1.40321
1.40022
1.40001
1.40001
1.40001
1.40001
1.40001
1.40001
1.40001
1.40001
1.40001
1.40001
1.40001
1.40001
1.40001
1.40001
1.40001
1.40001
1.40001
1.40001
1.40001
1.40001
1.40001
1.40001
1.40001
1.40001
1.40001
1.40001
1.40001
1.40001
1.40001
1.40001
1.40001
1.40001
1.40001
1.40001
1.40001
1.40001
1.40001
1.40001
1.40001
1.40001
1.40001
1.40001
1.40001
1.40001
1.40001
1.40001
1.40001
1.40001
1.40001
1.40001
1.40001
1.40001
1.40001
1.40001
1.40001
1.40001
1.40001
1.40001
1.40001
1.40001
1.40001
1.40001
1.40001
1.40001
1.40001
1.40001
1.40001
1.40001
1.40001
1.40001
1.40001
1.40001
1.40001
1.40001
1.40001
1.40001
1.40001
1.40001
1.40001
1.40001
1.40001
1.40001
1.40001
1.40001
1.40001
1.40001
1.40001
1.40001
1.40001
1.40001
1.40001
1.40001
1.40001
1.40001
1.40001
1.40001
1.40001
1.40001
1.40001
1.40001
1.40001
1.40001
1.40001
1.40001
1.40001
1.40001
1.40001
1.40001
1.40001
1.40001
1.40001
1.40001
1.40001
1.40001
1.40001
1.40001
1.40001
1.40001
1.40001
1.40001
1.40001
1.40001
1.40001
1.40001
1.40001
1.40001
1.40001
1.40001
1.40001
1.40001
1.40001
1.40001
1.40001
1.40001
1.40001
1.40001
1.40001
1.40001
1.40001
1.40001
1.40001
1.40001
1.40001
1.40001
1.40001
1.40001
1.40001
1.40001
1.40001
1.40001
1.40001
1.40001
1.40001
1.40001
1.40001
1.40001
1.40001
1.40001
1.40001
1.40001
1.40001
1.40001
1.40001
1.40001
1.40001
1.40001
1.40001
1.40001
1.40001
1.40001
1.40001
1.40001
1.40001
1.40001
1.40001
1.40001
1.40001
1.40001
1.40001
1.40001
1.40001
1.40001
1.40001
1.40001
1.34348
1.1218
0.944149
0.839086
0.776859
0.710427
0.628504
0.590314
0.571165
0.544981
0.502245
0.471448
0.464468
0.451298
0.430909
0.417422
0.416196
0.418722
0.414742
0.409814
0.406481
0.406149
0.405415
0.404394
0.406478
0.41347
0.413733
0.414218
0.420393
0.427848
0.429818
0.431695
0.438176
0.454276
0.466369
0.47848
0.495486
0.525135
0.583986
0.65227
0.709404
0.761726
0.812516
0.864272
0.908675
0.93884
0.953101
0.966897
0.983424
0.994004
0.999558
1.00663
1.01271
1.01308
1.01382
1.01534
1.01861
1.02212
1.02611
1.0309
1.03582
1.04093
1.04724
1.05689
1.06849
1.0739
1.07574
1.07684
1.07776
1.07911
1.08113
1.08642
1.09803
1.10964
1.11366
1.11519
1.11473
1.11319
1.11424
1.11608
1.12078
1.13296
1.14828
1.1549
1.15656
1.15733
1.1576
1.15851
1.15964
1.16201
1.1674
1.17618
1.1851
1.19059
1.19361
1.19676
1.20149
1.20764
1.2126
1.21534
1.21842
1.22385
1.23248
1.24513
1.2635
1.27977
1.28456
1.28543
1.28631
1.28918
1.29632
1.30957
1.32922
1.35505
1.38643
1.41278
1.42017
1.41867
1.41523
1.40701
1.39618
1.3917
1.39026
1.39142
1.40036
1.41343
1.41588
1.41437
1.4118
1.40811
1.40604
1.40533
1.40511
1.40724
1.41275
1.41512
1.41466
1.41338
1.41034
1.40795
1.40744
1.40742
1.40955
1.41656
1.42333
1.42423
1.4239
1.42305
1.42024
1.41533
1.41308
1.41275
1.41277
1.41418
1.41712
1.41832
1.41826
1.41809
1.41795
1.41788
1.41784
1.418
1.419
1.42115
1.42232
1.42234
1.42213
1.42122
1.41901
1.41743
1.41729
1.41734
1.41781
1.41947
1.42144
1.42185
1.42184
1.42148
1.41961
1.41477
1.4106
1.40989
1.40985
1.40983
1.40973
1.40939
1.4088
1.40855
1.40854
1.40866
1.4093
1.41122
1.41332
1.41373
1.41373
1.41352
1.41232
1.40821
1.40222
1.4001
1.40001
1.40001
1.40001
1.40001
1.40001
1.40001
1.40001
1.40001
1.40001
1.40001
1.40001
1.40001
1.40001
1.40001
1.40001
1.40001
1.40001
1.40001
1.40001
1.40001
1.40001
1.40001
1.40001
1.40001
1.40001
1.40001
1.40001
1.40001
1.40001
1.40001
1.40001
1.40001
1.40001
1.40001
1.40001
1.40001
1.40001
1.40001
1.40001
1.40001
1.40001
1.40001
1.40001
1.40001
1.40001
1.40001
1.40001
1.40001
1.40001
1.40001
1.40001
1.40001
1.40001
1.40001
1.40001
1.40001
1.40001
1.40001
1.40001
1.40001
1.40001
1.40001
1.40001
1.40001
1.40001
1.40001
1.40001
1.40001
1.40001
1.40001
1.40001
1.40001
1.40001
1.40001
1.40001
1.40001
1.40001
1.40001
1.40001
1.40001
1.40001
1.40001
1.40001
1.40001
1.40001
1.40001
1.40001
1.40001
1.40001
1.40001
1.40001
1.40001
1.40001
1.40001
1.40001
1.40001
1.40001
1.40001
1.40001
1.40001
1.40001
1.40001
1.40001
1.40001
1.40001
1.40001
1.40001
1.40001
1.40001
1.40001
1.40001
1.40001
1.40001
1.40001
1.40001
1.40001
1.40001
1.40001
1.40001
1.40001
1.40001
1.40001
1.40001
1.40001
1.40001
1.40001
1.40001
1.40001
1.40001
1.40001
1.40001
1.40001
1.40001
1.40001
1.40001
1.40001
1.40001
1.40001
1.40001
1.40001
1.40001
1.40001
1.40001
1.40001
1.40001
1.40001
1.40001
1.40001
1.40001
1.40001
1.40001
1.40001
1.40001
1.40001
1.40001
1.40001
1.40001
1.40001
1.40001
1.40001
1.40001
1.40001
1.40001
1.40001
1.40001
1.40001
1.40001
1.40001
1.40001
1.40001
1.40001
1.40001
1.40001
1.40001
1.40001
1.40001
1.40001
1.40001
1.40001
1.40001
1.40001
1.40001
1.40001
1.40001
1.64305
1.47524
1.35172
1.25999
1.15883
1.06462
1.01676
0.979607
0.929155
0.862043
0.823107
0.798385
0.768663
0.722272
0.687568
0.679647
0.669753
0.653058
0.620293
0.600801
0.593856
0.585378
0.574477
0.559021
0.555195
0.552491
0.54466
0.534336
0.528788
0.520683
0.506918
0.502663
0.505092
0.510397
0.51259
0.513284
0.513968
0.517032
0.527488
0.547725
0.577316
0.620962
0.682766
0.747205
0.80652
0.867762
0.925411
0.968179
1.01141
1.05168
1.07902
1.08892
1.08644
1.0834
1.08713
1.09014
1.08815
1.08664
1.08721
1.09207
1.09813
1.1036
1.10942
1.11417
1.1161
1.11624
1.11268
1.11147
1.11313
1.11594
1.12221
1.13519
1.14884
1.15407
1.1563
1.15707
1.15365
1.15285
1.15497
1.15884
1.16848
1.18186
1.18797
1.1896
1.1901
1.18993
1.1914
1.19359
1.19787
1.20674
1.21667
1.22157
1.22324
1.22439
1.22557
1.22786
1.23197
1.23934
1.24792
1.25172
1.25411
1.25722
1.26165
1.26795
1.27663
1.28657
1.29511
1.3038
1.3114
1.31536
1.3198
1.32712
1.33802
1.35173
1.36671
1.38463
1.40466
1.41446
1.41545
1.41407
1.40831
1.4037
1.4022
1.40212
1.40616
1.41649
1.42177
1.42099
1.4188
1.41457
1.41066
1.40959
1.4093
1.41112
1.41603
1.41793
1.41741
1.41599
1.41344
1.41218
1.41187
1.41252
1.41637
1.42212
1.42355
1.42319
1.42237
1.42001
1.41558
1.41302
1.41272
1.4128
1.41424
1.41782
1.41992
1.41991
1.41936
1.41797
1.41703
1.41692
1.41693
1.41735
1.41918
1.42225
1.42346
1.42349
1.42331
1.4223
1.41975
1.41793
1.41774
1.41778
1.41827
1.41986
1.42142
1.42166
1.42162
1.42103
1.41851
1.41335
1.41015
1.40975
1.40971
1.40966
1.40952
1.40924
1.40904
1.40904
1.40912
1.40948
1.41069
1.41287
1.41394
1.41402
1.41401
1.41351
1.41112
1.4054
1.40073
1.40002
1.40001
1.40001
1.40001
1.40001
1.40001
1.40001
1.40001
1.40001
1.40001
1.40001
1.40001
1.40001
1.40001
1.40001
1.40001
1.40001
1.40001
1.40001
1.40001
1.40001
1.40001
1.40001
1.40001
1.40001
1.40001
1.40001
1.40001
1.40001
1.40001
1.40001
1.40001
1.40001
1.40001
1.40001
1.40001
1.40001
1.40001
1.40001
1.40001
1.40001
1.40001
1.40001
1.40001
1.40001
1.40001
1.40001
1.40001
1.40001
1.40001
1.40001
1.40001
1.40001
1.40001
1.40001
1.40001
1.40001
1.40001
1.40001
1.40001
1.40001
1.40001
1.40001
1.40001
1.40001
1.40001
1.40001
1.40001
1.40001
1.40001
1.40001
1.40001
1.40001
1.40001
1.40001
1.40001
1.40001
1.40001
1.40001
1.40001
1.40001
1.40001
1.40001
1.40001
1.40001
1.40001
1.40001
1.40001
1.40001
1.40001
1.40001
1.40001
1.40001
1.40001
1.40001
1.40001
1.40001
1.40001
1.40001
1.40001
1.40001
1.40001
1.40001
1.40001
1.40001
1.40001
1.40001
1.40001
1.40001
1.40001
1.40001
1.40001
1.40001
1.40001
1.40001
1.40001
1.40001
1.40001
1.40001
1.40001
1.40001
1.40001
1.40001
1.40001
1.40001
1.40001
1.40001
1.40001
1.40001
1.40001
1.40001
1.40001
1.40001
1.40001
1.40001
1.40001
1.40001
1.40001
1.40001
1.40001
1.40001
1.40001
1.40001
1.40001
1.40001
1.40001
1.40001
1.40001
1.40001
1.40001
1.40001
1.40001
1.40001
1.40001
1.40001
1.40001
1.40001
1.40001
1.40001
1.40001
1.40001
1.40001
1.40001
1.40001
1.40001
1.40001
1.40001
1.40001
1.40001
1.40001
1.40001
1.40001
1.40001
1.40001
1.40001
1.40001
1.40001
1.40001
1.40001
1.40001
1.40001
1.40001
1.40001
1.40001
1.40001
1.83026
1.71493
1.62569
1.53786
1.44777
1.38476
1.32025
1.2468
1.19804
1.16239
1.11886
1.06106
1.01282
0.987219
0.962849
0.931817
0.888651
0.865555
0.849075
0.828219
0.799846
0.776835
0.769509
0.763944
0.753707
0.739523
0.716075
0.695694
0.69064
0.684483
0.670225
0.662917
0.66298
0.661767
0.65698
0.646659
0.629951
0.625245
0.62589
0.627237
0.631178
0.640963
0.646567
0.652486
0.664904
0.69045
0.734135
0.792789
0.853115
0.915007
0.986017
1.03169
1.05587
1.0874
1.12454
1.14372
1.14632
1.14615
1.14926
1.16015
1.17618
1.18323
1.1836
1.18257
1.17858
1.16832
1.1566
1.15361
1.15405
1.15752
1.16924
1.18884
1.19896
1.20179
1.20368
1.20038
1.19338
1.19465
1.19821
1.20647
1.22276
1.23335
1.23552
1.23663
1.23452
1.23176
1.23301
1.23564
1.24279
1.25699
1.26662
1.26908
1.27056
1.2701
1.26901
1.27062
1.27309
1.27798
1.28822
1.29805
1.30154
1.30302
1.30431
1.30601
1.30873
1.31212
1.31663
1.32561
1.34074
1.34968
1.35207
1.35322
1.35579
1.36043
1.3666
1.37481
1.38719
1.40292
1.40972
1.41078
1.41052
1.40751
1.4058
1.40586
1.40778
1.41344
1.41856
1.41889
1.41772
1.41407
1.41003
1.40911
1.40929
1.4117
1.41561
1.41638
1.41581
1.41431
1.41325
1.41312
1.41367
1.41603
1.42007
1.42177
1.42162
1.42092
1.41864
1.4146
1.41279
1.41266
1.41283
1.41428
1.41818
1.42164
1.42211
1.42193
1.42093
1.41875
1.41742
1.41728
1.41733
1.418
1.42036
1.42331
1.42404
1.42406
1.42386
1.4227
1.42015
1.41866
1.41856
1.41867
1.41937
1.42084
1.42153
1.42155
1.42131
1.4199
1.41594
1.41154
1.41025
1.41005
1.40993
1.40973
1.40946
1.40936
1.4094
1.4095
1.40981
1.41079
1.41289
1.41435
1.41452
1.41453
1.41423
1.41259
1.40774
1.40178
1.40007
1.40001
1.40001
1.40001
1.40001
1.40001
1.40001
1.40001
1.40001
1.40001
1.40001
1.40001
1.40001
1.40001
1.40001
1.40001
1.40001
1.40001
1.40001
1.40001
1.40001
1.40001
1.40001
1.40001
1.40001
1.40001
1.40001
1.40001
1.40001
1.40001
1.40001
1.40001
1.40001
1.40001
1.40001
1.40001
1.40001
1.40001
1.40001
1.40001
1.40001
1.40001
1.40001
1.40001
1.40001
1.40001
1.40001
1.40001
1.40001
1.40001
1.40001
1.40001
1.40001
1.40001
1.40001
1.40001
1.40001
1.40001
1.40001
1.40001
1.40001
1.40001
1.40001
1.40001
1.40001
1.40001
1.40001
1.40001
1.40001
1.40001
1.40001
1.40001
1.40001
1.40001
1.40001
1.40001
1.40001
1.40001
1.40001
1.40001
1.40001
1.40001
1.40001
1.40001
1.40001
1.40001
1.40001
1.40001
1.40001
1.40001
1.40001
1.40001
1.40001
1.40001
1.40001
1.40001
1.40001
1.40001
1.40001
1.40001
1.40001
1.40001
1.40001
1.40001
1.40001
1.40001
1.40001
1.40001
1.40001
1.40001
1.40001
1.40001
1.40001
1.40001
1.40001
1.40001
1.40001
1.40001
1.40001
1.40001
1.40001
1.40001
1.40001
1.40001
1.40001
1.40001
1.40001
1.40001
1.40001
1.40001
1.40001
1.40001
1.40001
1.40001
1.40001
1.40001
1.40001
1.40001
1.40001
1.40001
1.40001
1.40001
1.40001
1.40001
1.40001
1.40001
1.40001
1.40001
1.40001
1.40001
1.40001
1.40001
1.40001
1.40001
1.40001
1.40001
1.40001
1.40001
1.40001
1.40001
1.40001
1.40001
1.40001
1.40001
1.40001
1.40001
1.40001
1.40001
1.40001
1.40001
1.40001
1.40001
1.40001
1.40001
1.40001
1.40001
1.40001
1.40001
1.40001
1.40001
1.40001
1.40001
1.40001
1.40001
1.40001
1.40001
1.95606
1.8821
1.80721
1.72719
1.66161
1.60436
1.53212
1.46449
1.42409
1.37524
1.32172
1.28638
1.25409
1.21035
1.16148
1.1342
1.11047
1.08179
1.042
1.00616
0.992986
0.982179
0.965884
0.940008
0.922972
0.907099
0.884275
0.854754
0.830848
0.82334
0.822988
0.820482
0.812225
0.799216
0.784769
0.770585
0.757516
0.744939
0.738467
0.737156
0.734925
0.727186
0.715876
0.699955
0.687015
0.687466
0.693561
0.710046
0.734508
0.768522
0.820919
0.880279
0.934556
0.991471
1.04697
1.09023
1.11626
1.13806
1.16072
1.18672
1.21563
1.22567
1.22685
1.22613
1.22063
1.21222
1.20731
1.20623
1.20631
1.21248
1.22919
1.24198
1.24402
1.24425
1.2396
1.22785
1.22437
1.22693
1.23288
1.24714
1.26462
1.27062
1.27258
1.27306
1.26937
1.26877
1.27107
1.27609
1.28866
1.30477
1.31098
1.31301
1.31416
1.31197
1.31059
1.31242
1.31529
1.32214
1.33533
1.34462
1.34699
1.34787
1.34686
1.34602
1.3467
1.34831
1.35207
1.3614
1.37502
1.38104
1.38267
1.38132
1.37667
1.37675
1.37919
1.38315
1.38954
1.4003
1.4065
1.40837
1.40891
1.40752
1.40707
1.40796
1.40988
1.41351
1.41592
1.41605
1.4148
1.4114
1.40914
1.40912
1.41022
1.41346
1.41601
1.4162
1.41549
1.41402
1.41366
1.41399
1.41521
1.41757
1.41898
1.41897
1.41872
1.41781
1.41548
1.4135
1.4132
1.41344
1.41471
1.41812
1.42212
1.42319
1.42323
1.42295
1.42161
1.41944
1.4186
1.4186
1.41893
1.42015
1.42259
1.42408
1.42423
1.42422
1.4238
1.42227
1.42021
1.41963
1.41967
1.42002
1.42098
1.42169
1.42174
1.42158
1.42045
1.41677
1.41188
1.41047
1.41048
1.41068
1.41086
1.41082
1.41059
1.41051
1.41061
1.41085
1.41146
1.41295
1.41469
1.41508
1.41507
1.41478
1.41338
1.409
1.40261
1.40014
1.40001
1.40001
1.40001
1.40001
1.40001
1.40001
1.40001
1.40001
1.40001
1.40001
1.40001
1.40001
1.40001
1.40001
1.40001
1.40001
1.40001
1.40001
1.40001
1.40001
1.40001
1.40001
1.40001
1.40001
1.40001
1.40001
1.40001
1.40001
1.40001
1.40001
1.40001
1.40001
1.40001
1.40001
1.40001
1.40001
1.40001
1.40001
1.40001
1.40001
1.40001
1.40001
1.40001
1.40001
1.40001
1.40001
1.40001
1.40001
1.40001
1.40001
1.40001
1.40001
1.40001
1.40001
1.40001
1.40001
1.40001
1.40001
1.40001
1.40001
1.40001
1.40001
1.40001
1.40001
1.40001
1.40001
1.40001
1.40001
1.40001
1.40001
1.40001
1.40001
1.40001
1.40001
1.40001
1.40001
1.40001
1.40001
1.40001
1.40001
1.40001
1.40001
1.40001
1.40001
1.40001
1.40001
1.40001
1.40001
1.40001
1.40001
1.40001
1.40001
1.40001
1.40001
1.40001
1.40001
1.40001
1.40001
1.40001
1.40001
1.40001
1.40001
1.40001
1.40001
1.40001
1.40001
1.40001
1.40001
1.40001
1.40001
1.40001
1.40001
1.40001
1.40001
1.40001
1.40001
1.40001
1.40001
1.40001
1.40001
1.40001
1.40001
1.40001
1.40001
1.40001
1.40001
1.40001
1.40001
1.40001
1.40001
1.40001
1.40001
1.40001
1.40001
1.40001
1.40001
1.40001
1.40001
1.40001
1.40001
1.40001
1.40001
1.40001
1.40001
1.40001
1.40001
1.40001
1.40001
1.40001
1.40001
1.40001
1.40001
1.40001
1.40001
1.40001
1.40001
1.40001
1.40001
1.40001
1.40001
1.40001
1.40001
1.40001
1.40001
1.40001
1.40001
1.40001
1.40001
1.40001
1.40001
1.40001
1.40001
1.40001
1.40001
1.40001
1.40001
1.40001
1.40001
1.40001
1.40001
1.40001
1.40001
1.40001
1.40001
1.40001
1.40001
2.04068
1.98159
1.92683
1.8699
1.81379
1.7598
1.70227
1.637
1.57575
1.53655
1.50871
1.47064
1.42127
1.38211
1.35266
1.31734
1.27363
1.24371
1.22473
1.20092
1.16868
1.14153
1.12638
1.10879
1.08595
1.05201
1.0152
1.00243
0.995236
0.982993
0.969676
0.962733
0.956203
0.943722
0.922007
0.892913
0.8829
0.881276
0.876979
0.870554
0.86367
0.85219
0.833694
0.816695
0.80359
0.793248
0.790418
0.790713
0.79417
0.806808
0.824587
0.83247
0.840911
0.858536
0.88651
0.925862
0.980599
1.04316
1.10261
1.15615
1.20289
1.21942
1.2245
1.2253
1.21917
1.21656
1.22036
1.22495
1.23491
1.25638
1.272
1.27386
1.2739
1.27019
1.25917
1.25291
1.2535
1.2571
1.26816
1.28592
1.29524
1.29699
1.29748
1.29328
1.28974
1.2912
1.29472
1.30381
1.32014
1.33092
1.33353
1.33492
1.33388
1.33021
1.33108
1.33356
1.33911
1.35136
1.36337
1.36709
1.36838
1.36752
1.36431
1.36449
1.366
1.3687
1.37534
1.38626
1.39269
1.39444
1.3949
1.39162
1.38907
1.38991
1.39115
1.39318
1.39783
1.40257
1.40474
1.40633
1.40687
1.40712
1.40819
1.40947
1.41134
1.4132
1.41383
1.41359
1.41161
1.40944
1.40945
1.41038
1.41274
1.41621
1.41755
1.41766
1.41674
1.41516
1.41507
1.41559
1.41681
1.41829
1.41866
1.41858
1.4181
1.41677
1.41534
1.41517
1.41551
1.41638
1.41842
1.42166
1.42327
1.42345
1.42344
1.423
1.42157
1.42039
1.42034
1.42062
1.42153
1.42324
1.42431
1.42443
1.42442
1.42411
1.42304
1.42133
1.42059
1.42063
1.42088
1.42155
1.42206
1.42212
1.42203
1.42114
1.41783
1.41227
1.41002
1.40998
1.41014
1.41087
1.41236
1.41298
1.413
1.41297
1.41308
1.41336
1.41392
1.41447
1.41454
1.41457
1.41435
1.41312
1.40919
1.40299
1.4002
1.40001
1.40001
1.40001
1.40001
1.40001
1.40001
1.40001
1.40001
1.40001
1.40001
1.40001
1.40001
1.40001
1.40001
1.40001
1.40001
1.40001
1.40001
1.40001
1.40001
1.40001
1.40001
1.40001
1.40001
1.40001
1.40001
1.40001
1.40001
1.40001
1.40001
1.40001
1.40001
1.40001
1.40001
1.40001
1.40001
1.40001
1.40001
1.40001
1.40001
1.40001
1.40001
1.40001
1.40001
1.40001
1.40001
1.40001
1.40001
1.40001
1.40001
1.40001
1.40001
1.40001
1.40001
1.40001
1.40001
1.40001
1.40001
1.40001
1.40001
1.40001
1.40001
1.40001
1.40001
1.40001
1.40001
1.40001
1.40001
1.40001
1.40001
1.40001
1.40001
1.40001
1.40001
1.40001
1.40001
1.40001
1.40001
1.40001
1.40001
1.40001
1.40001
1.40001
1.40001
1.40001
1.40001
1.40001
1.40001
1.40001
1.40001
1.40001
1.40001
1.40001
1.40001
1.40001
1.40001
1.40001
1.40001
1.40001
1.40001
1.40001
1.40001
1.40001
1.40001
1.40001
1.40001
1.40001
1.40001
1.40001
1.40001
1.40001
1.40001
1.40001
1.40001
1.40001
1.40001
1.40001
1.40001
1.40001
1.40001
1.40001
1.40001
1.40001
1.40001
1.40001
1.40001
1.40001
1.40001
1.40001
1.40001
1.40001
1.40001
1.40001
1.40001
1.40001
1.40001
1.40001
1.40001
1.40001
1.40001
1.40001
1.40001
1.40001
1.40001
1.40001
1.40001
1.40001
1.40001
1.40001
1.40001
1.40001
1.40001
1.40001
1.40001
1.40001
1.40001
1.40001
1.40001
1.40001
1.40001
1.40001
1.40001
1.40001
1.40001
1.40001
1.40001
1.40001
1.40001
1.40001
1.40001
1.40001
1.40001
1.40001
1.40001
1.40001
1.40001
1.40001
1.40001
1.40001
1.40001
1.40001
1.40001
1.40001
1.40001
1.40001
1.40001
1.40001
2.11281
2.06155
2.01815
1.97657
1.93035
1.87951
1.8226
1.76273
1.71603
1.68161
1.65106
1.61961
1.5812
1.53109
1.48096
1.45305
1.43454
1.41087
1.37859
1.34314
1.31945
1.29623
1.26597
1.23427
1.21519
1.19512
1.173
1.14834
1.12967
1.12172
1.11387
1.10141
1.08204
1.05787
1.04142
1.02825
1.01426
1.00237
0.997393
0.988272
0.974375
0.96217
0.949708
0.933269
0.923352
0.918987
0.910398
0.900045
0.893097
0.886068
0.877353
0.871076
0.863574
0.855542
0.858865
0.872967
0.898879
0.940634
0.995511
1.0606
1.13113
1.16871
1.18358
1.18948
1.18979
1.19483
1.20227
1.21684
1.25043
1.27615
1.28053
1.28172
1.28035
1.27315
1.2699
1.27215
1.27721
1.28982
1.30886
1.31783
1.31932
1.31949
1.31538
1.31059
1.31101
1.31314
1.31952
1.33242
1.34321
1.34593
1.34692
1.34601
1.34183
1.34144
1.34313
1.34714
1.35667
1.36782
1.37185
1.37312
1.37291
1.36993
1.36969
1.3712
1.37362
1.37913
1.38868
1.39475
1.3963
1.39727
1.39627
1.39396
1.39486
1.3963
1.39786
1.40062
1.40382
1.40509
1.40598
1.40629
1.40666
1.40772
1.40887
1.41018
1.41156
1.41239
1.41264
1.41166
1.40995
1.41005
1.41096
1.41256
1.41548
1.41811
1.41882
1.41899
1.41833
1.41677
1.41648
1.41694
1.41763
1.41864
1.41967
1.42014
1.42027
1.41991
1.41936
1.41941
1.4199
1.42076
1.42218
1.42319
1.42336
1.42338
1.42318
1.42244
1.42175
1.42179
1.42208
1.42278
1.42406
1.42497
1.42512
1.42516
1.42502
1.4243
1.42268
1.42162
1.42162
1.42182
1.42219
1.42243
1.42247
1.42237
1.42169
1.41922
1.41394
1.41025
1.4098
1.40986
1.41021
1.41168
1.41459
1.41635
1.41671
1.41682
1.41676
1.41635
1.41557
1.41462
1.41387
1.41303
1.41136
1.40761
1.40241
1.40016
1.40001
1.40001
1.40001
1.40001
1.40001
1.40001
1.40001
1.40001
1.40001
1.40001
1.40001
1.40001
1.40001
1.40001
1.40001
1.40001
1.40001
1.40001
1.40001
1.40001
1.40001
1.40001
1.40001
1.40001
1.40001
1.40001
1.40001
1.40001
1.40001
1.40001
1.40001
1.40001
1.40001
1.40001
1.40001
1.40001
1.40001
1.40001
1.40001
1.40001
1.40001
1.40001
1.40001
1.40001
1.40001
1.40001
1.40001
1.40001
1.40001
1.40001
1.40001
1.40001
1.40001
1.40001
1.40001
1.40001
1.40001
1.40001
1.40001
1.40001
1.40001
1.40001
1.40001
1.40001
1.40001
1.40001
1.40001
1.40001
1.40001
1.40001
1.40001
1.40001
1.40001
1.40001
1.40001
1.40001
1.40001
1.40001
1.40001
1.40001
1.40001
1.40001
1.40001
1.40001
1.40001
1.40001
1.40001
1.40001
1.40001
1.40001
1.40001
1.40001
1.40001
1.40001
1.40001
1.40001
1.40001
1.40001
1.40001
1.40001
1.40001
1.40001
1.40001
1.40001
1.40001
1.40001
1.40001
1.40001
1.40001
1.40001
1.40001
1.40001
1.40001
1.40001
1.40001
1.40001
1.40001
1.40001
1.40001
1.40001
1.40001
1.40001
1.40001
1.40001
1.40001
1.40001
1.40001
1.40001
1.40001
1.40001
1.40001
1.40001
1.40001
1.40001
1.40001
1.40001
1.40001
1.40001
1.40001
1.40001
1.40001
1.40001
1.40001
1.40001
1.40001
1.40001
1.40001
1.40001
1.40001
1.40001
1.40001
1.40001
1.40001
1.40001
1.40001
1.40001
1.40001
1.40001
1.40001
1.40001
1.40001
1.40001
1.40001
1.40001
1.40001
1.40001
1.40001
1.40001
1.40001
1.40001
1.40001
1.40001
1.40001
1.40001
1.40001
1.40001
1.40001
1.40001
1.40001
1.40001
1.40001
1.40001
1.40001
1.40001
1.40001
1.40001
1.40001
1.40001
2.17596
2.13147
2.09505
2.06117
2.02035
1.97192
1.91711
1.86854
1.8334
1.80552
1.77701
1.74231
1.6989
1.64598
1.60743
1.58306
1.56184
1.54176
1.51784
1.48598
1.43918
1.39959
1.38183
1.3689
1.35127
1.3286
1.30147
1.28345
1.26689
1.24481
1.22256
1.21141
1.2012
1.18586
1.16882
1.14571
1.12588
1.1155
1.10506
1.09327
1.08064
1.07139
1.06497
1.05634
1.04234
1.0244
1.01533
1.00961
1.00212
0.994036
0.984718
0.972694
0.95161
0.928174
0.9248
0.926755
0.935642
0.955978
0.985875
1.01948
1.05447
1.08694
1.1098
1.12658
1.14148
1.15868
1.18247
1.22017
1.25483
1.26584
1.27047
1.27118
1.2669
1.26906
1.27399
1.28212
1.30028
1.32188
1.32843
1.33041
1.3314
1.32913
1.32627
1.32715
1.32931
1.33538
1.34746
1.35594
1.35763
1.35823
1.35686
1.35331
1.35313
1.35456
1.3581
1.36636
1.37529
1.37824
1.37926
1.37922
1.37651
1.37589
1.37725
1.37929
1.38379
1.39232
1.39808
1.39953
1.40046
1.39965
1.3975
1.39848
1.39999
1.40165
1.40424
1.407
1.40817
1.40895
1.4094
1.40886
1.40867
1.40959
1.41058
1.41155
1.41231
1.41263
1.41175
1.41054
1.41098
1.41191
1.41322
1.41546
1.41783
1.41868
1.41901
1.41904
1.41835
1.41737
1.41728
1.41762
1.41815
1.41905
1.42066
1.42261
1.42375
1.42422
1.42435
1.42375
1.42314
1.42331
1.42368
1.42407
1.42429
1.42437
1.4242
1.42373
1.42355
1.42367
1.42395
1.42446
1.42486
1.42499
1.4251
1.42518
1.42516
1.42467
1.42378
1.4234
1.4233
1.42313
1.42276
1.42225
1.42177
1.4211
1.41946
1.41568
1.41157
1.41045
1.4105
1.41082
1.41204
1.4152
1.41867
1.41972
1.41988
1.41988
1.41955
1.41841
1.41615
1.41343
1.41087
1.40811
1.40446
1.40108
1.40006
1.40001
1.40001
1.40001
1.40001
1.40001
1.40001
1.40001
1.40001
1.40001
1.40001
1.40001
1.40001
1.40001
1.40001
1.40001
1.40001
1.40001
1.40001
1.40001
1.40001
1.40001
1.40001
1.40001
1.40001
1.40001
1.40001
1.40001
1.40001
1.40001
1.40001
1.40001
1.40001
1.40001
1.40001
1.40001
1.40001
1.40001
1.40001
1.40001
1.40001
1.40001
1.40001
1.40001
1.40001
1.40001
1.40001
1.40001
1.40001
1.40001
1.40001
1.40001
1.40001
1.40001
1.40001
1.40001
1.40001
1.40001
1.40001
1.40001
1.40001
1.40001
1.40001
1.40001
1.40001
1.40001
1.40001
1.40001
1.40001
1.40001
1.40001
1.40001
1.40001
1.40001
1.40001
1.40001
1.40001
1.40001
1.40001
1.40001
1.40001
1.40001
1.40001
1.40001
1.40001
1.40001
1.40001
1.40001
1.40001
1.40001
1.40001
1.40001
1.40001
1.40001
1.40001
1.40001
1.40001
1.40001
1.40001
1.40001
1.40001
1.40001
1.40001
1.40001
1.40001
1.40001
1.40001
1.40001
1.40001
1.40001
1.40001
1.40001
1.40001
1.40001
1.40001
1.40001
1.40001
1.40001
1.40001
1.40001
1.40001
1.40001
1.40001
1.40001
1.40001
1.40001
1.40001
1.40001
1.40001
1.40001
1.40001
1.40001
1.40001
1.40001
1.40001
1.40001
1.40001
1.40001
1.40001
1.40001
1.40001
1.40001
1.40001
1.40001
1.40001
1.40001
1.40001
1.40001
1.40001
1.40001
1.40001
1.40001
1.40001
1.40001
1.40001
1.40001
1.40001
1.40001
1.40001
1.40001
1.40001
1.40001
1.40001
1.40001
1.40001
1.40001
1.40001
1.40001
1.40001
1.40001
1.40001
1.40001
1.40001
1.40001
1.40001
1.40001
1.40001
1.40001
1.40001
1.40001
1.40001
1.40001
1.40001
1.40001
1.40001
1.40001
1.40001
1.40001
1.40001
1.40001
2.23057
2.19212
2.16151
2.13218
2.09496
2.04948
1.99999
1.96069
1.93167
1.90764
1.87891
1.84268
1.79656
1.74938
1.71931
1.69825
1.68021
1.65776
1.62922
1.58942
1.54141
1.51496
1.4991
1.48447
1.47091
1.45449
1.4315
1.39696
1.362
1.34522
1.33705
1.32689
1.31336
1.29948
1.28212
1.2558
1.22789
1.21179
1.20268
1.19724
1.19339
1.18682
1.17744
1.16236
1.13588
1.11888
1.1146
1.11134
1.10679
1.10057
1.09164
1.07678
1.05238
1.03257
1.02648
1.02138
1.0177
1.01911
1.02646
1.03533
1.04193
1.0557
1.07604
1.09663
1.11939
1.14889
1.18824
1.21809
1.23023
1.23861
1.24451
1.2486
1.25488
1.26216
1.27356
1.29563
1.31999
1.3278
1.33091
1.33249
1.33201
1.33188
1.33412
1.33704
1.34384
1.35709
1.3661
1.36818
1.3693
1.36883
1.36571
1.36575
1.36745
1.37101
1.37884
1.38656
1.38868
1.38944
1.38912
1.3867
1.38642
1.38766
1.38929
1.39244
1.39873
1.404
1.40536
1.40611
1.4057
1.40364
1.4042
1.40547
1.4067
1.40844
1.4109
1.41224
1.41307
1.41374
1.41398
1.41323
1.41258
1.41317
1.41393
1.41467
1.41527
1.41532
1.41429
1.41443
1.41537
1.41657
1.41834
1.42031
1.42127
1.42169
1.42173
1.42086
1.41973
1.41959
1.41987
1.42034
1.42112
1.42255
1.42473
1.42624
1.42669
1.42688
1.42673
1.42549
1.42387
1.42374
1.42403
1.42441
1.425
1.4258
1.42645
1.42686
1.4271
1.42709
1.42659
1.42555
1.42497
1.42492
1.42493
1.4249
1.42483
1.42491
1.42503
1.42509
1.42501
1.42452
1.42346
1.42215
1.42092
1.41942
1.41698
1.41372
1.41223
1.41229
1.41271
1.41404
1.41722
1.42083
1.42198
1.42212
1.42218
1.42183
1.42025
1.41694
1.41241
1.40788
1.40405
1.40131
1.40017
1.40001
1.40001
1.40001
1.40001
1.40001
1.40001
1.40001
1.40001
1.40001
1.40001
1.40001
1.40001
1.40001
1.40001
1.40001
1.40001
1.40001
1.40001
1.40001
1.40001
1.40001
1.40001
1.40001
1.40001
1.40001
1.40001
1.40001
1.40001
1.40001
1.40001
1.40001
1.40001
1.40001
1.40001
1.40001
1.40001
1.40001
1.40001
1.40001
1.40001
1.40001
1.40001
1.40001
1.40001
1.40001
1.40001
1.40001
1.40001
1.40001
1.40001
1.40001
1.40001
1.40001
1.40001
1.40001
1.40001
1.40001
1.40001
1.40001
1.40001
1.40001
1.40001
1.40001
1.40001
1.40001
1.40001
1.40001
1.40001
1.40001
1.40001
1.40001
1.40001
1.40001
1.40001
1.40001
1.40001
1.40001
1.40001
1.40001
1.40001
1.40001
1.40001
1.40001
1.40001
1.40001
1.40001
1.40001
1.40001
1.40001
1.40001
1.40001
1.40001
1.40001
1.40001
1.40001
1.40001
1.40001
1.40001
1.40001
1.40001
1.40001
1.40001
1.40001
1.40001
1.40001
1.40001
1.40001
1.40001
1.40001
1.40001
1.40001
1.40001
1.40001
1.40001
1.40001
1.40001
1.40001
1.40001
1.40001
1.40001
1.40001
1.40001
1.40001
1.40001
1.40001
1.40001
1.40001
1.40001
1.40001
1.40001
1.40001
1.40001
1.40001
1.40001
1.40001
1.40001
1.40001
1.40001
1.40001
1.40001
1.40001
1.40001
1.40001
1.40001
1.40001
1.40001
1.40001
1.40001
1.40001
1.40001
1.40001
1.40001
1.40001
1.40001
1.40001
1.40001
1.40001
1.40001
1.40001
1.40001
1.40001
1.40001
1.40001
1.40001
1.40001
1.40001
1.40001
1.40001
1.40001
1.40001
1.40001
1.40001
1.40001
1.40001
1.40001
1.40001
1.40001
1.40001
1.40001
1.40001
1.40001
1.40001
1.40001
1.40001
1.40001
1.40001
1.40001
1.40001
1.40001
1.40001
1.40001
2.27919
2.24614
2.21932
2.19301
2.15932
2.11812
2.07514
2.04173
2.01642
1.99423
1.96599
1.92991
1.88495
1.84595
1.82069
1.80199
1.78293
1.75807
1.72557
1.68076
1.64398
1.62471
1.61119
1.59898
1.58217
1.56015
1.52792
1.48845
1.46678
1.45527
1.44515
1.43484
1.42274
1.40612
1.37911
1.34386
1.32507
1.31689
1.313
1.30939
1.30193
1.29169
1.27506
1.24567
1.22412
1.21843
1.21621
1.21455
1.20999
1.20309
1.19165
1.16935
1.15102
1.1432
1.13705
1.13204
1.12587
1.11814
1.11021
1.09932
1.08662
1.08901
1.10096
1.12047
1.14798
1.18049
1.20035
1.21097
1.22017
1.22745
1.23343
1.24019
1.24875
1.26118
1.28244
1.30602
1.31513
1.31986
1.32357
1.32544
1.3278
1.33165
1.33676
1.34536
1.35825
1.36588
1.36859
1.37078
1.37207
1.3723
1.37369
1.37579
1.37957
1.38667
1.39272
1.39448
1.39552
1.3959
1.39521
1.39581
1.39715
1.39851
1.40096
1.40566
1.40909
1.41007
1.41068
1.41055
1.40924
1.40933
1.41022
1.4111
1.41213
1.41352
1.41457
1.41539
1.41605
1.41618
1.41566
1.41578
1.41635
1.41696
1.41757
1.41809
1.41806
1.41752
1.41812
1.41911
1.42039
1.42197
1.4232
1.42387
1.42434
1.42465
1.42466
1.42433
1.42428
1.42453
1.42497
1.42565
1.42656
1.4275
1.4281
1.4284
1.42855
1.42849
1.42774
1.42589
1.42424
1.42407
1.4243
1.42464
1.42535
1.42693
1.42863
1.42918
1.42937
1.42938
1.42854
1.42666
1.42569
1.42574
1.42592
1.42615
1.42639
1.42656
1.42661
1.42643
1.42559
1.42418
1.42287
1.42187
1.42082
1.41908
1.41655
1.41546
1.41565
1.41625
1.41766
1.42039
1.423
1.42357
1.42355
1.42325
1.42212
1.41962
1.4151
1.40896
1.40357
1.40088
1.40013
1.40001
1.40001
1.40001
1.40001
1.40001
1.40001
1.40001
1.40001
1.40001
1.40001
1.40001
1.40001
1.40001
1.40001
1.40001
1.40001
1.40001
1.40001
1.40001
1.40001
1.40001
1.40001
1.40001
1.40001
1.40001
1.40001
1.40001
1.40001
1.40001
1.40001
1.40001
1.40001
1.40001
1.40001
1.40001
1.40001
1.40001
1.40001
1.40001
1.40001
1.40001
1.40001
1.40001
1.40001
1.40001
1.40001
1.40001
1.40001
1.40001
1.40001
1.40001
1.40001
1.40001
1.40001
1.40001
1.40001
1.40001
1.40001
1.40001
1.40001
1.40001
1.40001
1.40001
1.40001
1.40001
1.40001
1.40001
1.40001
1.40001
1.40001
1.40001
1.40001
1.40001
1.40001
1.40001
1.40001
1.40001
1.40001
1.40001
1.40001
1.40001
1.40001
1.40001
1.40001
1.40001
1.40001
1.40001
1.40001
1.40001
1.40001
1.40001
1.40001
1.40001
1.40001
1.40001
1.40001
1.40001
1.40001
1.40001
1.40001
1.40001
1.40001
1.40001
1.40001
1.40001
1.40001
1.40001
1.40001
1.40001
1.40001
1.40001
1.40001
1.40001
1.40001
1.40001
1.40001
1.40001
1.40001
1.40001
1.40001
1.40001
1.40001
1.40001
1.40001
1.40001
1.40001
1.40001
1.40001
1.40001
1.40001
1.40001
1.40001
1.40001
1.40001
1.40001
1.40001
1.40001
1.40001
1.40001
1.40001
1.40001
1.40001
1.40001
1.40001
1.40001
1.40001
1.40001
1.40001
1.40001
1.40001
1.40001
1.40001
1.40001
1.40001
1.40001
1.40001
1.40001
1.40001
1.40001
1.40001
1.40001
1.40001
1.40001
1.40001
1.40001
1.40001
1.40001
1.40001
1.40001
1.40001
1.40001
1.40001
1.40001
1.40001
1.40001
1.40001
1.40001
1.40001
1.40001
1.40001
1.40001
1.40001
1.40001
1.40001
1.40001
1.40001
1.40001
1.40001
1.40001
1.40001
1.40001
1.40001
1.40001
2.3273
2.29724
2.27226
2.24764
2.21669
2.17959
2.14247
2.11368
2.09157
2.07083
2.04377
2.00916
1.96803
1.9355
1.91329
1.896
1.87598
1.84962
1.81397
1.7721
1.74663
1.73107
1.71887
1.70233
1.68095
1.652
1.61415
1.58793
1.5741
1.56374
1.55399
1.54101
1.52354
1.49688
1.46192
1.4421
1.43346
1.42886
1.42421
1.41564
1.40402
1.38592
1.35522
1.33186
1.32488
1.32224
1.3216
1.31735
1.31027
1.29909
1.27761
1.25831
1.25258
1.24904
1.24476
1.23873
1.23114
1.21986
1.20022
1.17965
1.17356
1.1735
1.17913
1.19364
1.20853
1.21536
1.21847
1.21745
1.22301
1.2308
1.23902
1.2488
1.26157
1.27993
1.29724
1.30463
1.30961
1.31349
1.31667
1.32125
1.32627
1.33279
1.34404
1.35874
1.36546
1.36841
1.37025
1.37082
1.37233
1.3746
1.37739
1.38293
1.39099
1.39489
1.39647
1.39768
1.39809
1.39824
1.39942
1.40085
1.40241
1.4051
1.40942
1.4118
1.41274
1.41338
1.41329
1.41221
1.41223
1.41295
1.4137
1.41456
1.41583
1.41679
1.41755
1.4181
1.41776
1.41712
1.41769
1.41848
1.41918
1.41976
1.42013
1.42009
1.42027
1.42111
1.4221
1.42336
1.42478
1.42567
1.42619
1.42648
1.4263
1.42619
1.42671
1.42735
1.42807
1.42878
1.42935
1.42973
1.42991
1.42994
1.42996
1.43006
1.43008
1.42969
1.42848
1.42711
1.42687
1.4271
1.42752
1.42827
1.42943
1.43031
1.43057
1.43067
1.43046
1.42928
1.42752
1.42695
1.42712
1.42749
1.42822
1.42879
1.429
1.42905
1.4287
1.42729
1.42525
1.42383
1.42323
1.42289
1.42215
1.4204
1.41942
1.41962
1.42007
1.42102
1.42252
1.42329
1.42331
1.42325
1.42271
1.42094
1.41684
1.41012
1.40354
1.40061
1.40006
1.40001
1.40001
1.40001
1.40001
1.40001
1.40001
1.40001
1.40001
1.40001
1.40001
1.40001
1.40001
1.40001
1.40001
1.40001
1.40001
1.40001
1.40001
1.40001
1.40001
1.40001
1.40001
1.40001
1.40001
1.40001
1.40001
1.40001
1.40001
1.40001
1.40001
1.40001
1.40001
1.40001
1.40001
1.40001
1.40001
1.40001
1.40001
1.40001
1.40001
1.40001
1.40001
1.40001
1.40001
1.40001
1.40001
1.40001
1.40001
1.40001
1.40001
1.40001
1.40001
1.40001
1.40001
1.40001
1.40001
1.40001
1.40001
1.40001
1.40001
1.40001
1.40001
1.40001
1.40001
1.40001
1.40001
1.40001
1.40001
1.40001
1.40001
1.40001
1.40001
1.40001
1.40001
1.40001
1.40001
1.40001
1.40001
1.40001
1.40001
1.40001
1.40001
1.40001
1.40001
1.40001
1.40001
1.40001
1.40001
1.40001
1.40001
1.40001
1.40001
1.40001
1.40001
1.40001
1.40001
1.40001
1.40001
1.40001
1.40001
1.40001
1.40001
1.40001
1.40001
1.40001
1.40001
1.40001
1.40001
1.40001
1.40001
1.40001
1.40001
1.40001
1.40001
1.40001
1.40001
1.40001
1.40001
1.40001
1.40001
1.40001
1.40001
1.40001
1.40001
1.40001
1.40001
1.40001
1.40001
1.40001
1.40001
1.40001
1.40001
1.40001
1.40001
1.40001
1.40001
1.40001
1.40001
1.40001
1.40001
1.40001
1.40001
1.40001
1.40001
1.40001
1.40001
1.40001
1.40001
1.40001
1.40001
1.40001
1.40001
1.40001
1.40001
1.40001
1.40001
1.40001
1.40001
1.40001
1.40001
1.40001
1.40001
1.40001
1.40001
1.40001
1.40001
1.40001
1.40001
1.40001
1.40001
1.40001
1.40001
1.40001
1.40001
1.40001
1.40001
1.40001
1.40001
1.40001
1.40001
1.40001
1.40001
1.40001
1.40001
1.40001
1.40001
1.40001
1.40001
1.40001
1.40001
1.40001
1.40001
1.40001
1.40001
1.40001
2.38847
2.35636
2.33014
2.30655
2.27729
2.24191
2.20827
2.18299
2.16313
2.14151
2.11407
2.08041
2.04489
2.01808
1.99816
1.98156
1.96117
1.93412
1.89793
1.86364
1.84356
1.83006
1.81709
1.79808
1.77192
1.7359
1.70964
1.69456
1.68119
1.66869
1.65486
1.63709
1.61225
1.58129
1.5609
1.55076
1.54363
1.53685
1.52721
1.51432
1.49531
1.46566
1.44281
1.43481
1.43104
1.42922
1.424
1.41587
1.4034
1.38095
1.36148
1.35557
1.35304
1.35091
1.34572
1.33812
1.32625
1.30548
1.28683
1.28074
1.27891
1.27985
1.28105
1.2795
1.27509
1.268
1.26041
1.25956
1.26354
1.26947
1.27622
1.28493
1.29687
1.30748
1.31228
1.31559
1.31661
1.31948
1.32427
1.32906
1.33493
1.34515
1.35916
1.36578
1.36914
1.37128
1.37179
1.37314
1.3757
1.37854
1.38338
1.39074
1.39436
1.39595
1.3972
1.39775
1.39841
1.3999
1.40153
1.40325
1.40586
1.40991
1.41222
1.41334
1.41416
1.41413
1.41332
1.41383
1.4149
1.41594
1.41712
1.41842
1.41933
1.42001
1.42018
1.41946
1.41973
1.42068
1.42164
1.42251
1.42322
1.42367
1.42363
1.42327
1.4237
1.42443
1.42531
1.42629
1.42696
1.42743
1.42772
1.4275
1.42666
1.42652
1.42693
1.42744
1.42805
1.42858
1.42897
1.4293
1.42958
1.42981
1.43001
1.43015
1.43003
1.42926
1.42894
1.42934
1.42987
1.43063
1.4318
1.43307
1.43369
1.43394
1.43399
1.43343
1.43148
1.42916
1.4287
1.42901
1.42965
1.43094
1.43203
1.43233
1.43242
1.43204
1.42991
1.42681
1.42552
1.42562
1.42583
1.42591
1.42569
1.42433
1.42245
1.422
1.42203
1.42222
1.42241
1.42239
1.42196
1.42042
1.41684
1.41066
1.40387
1.40058
1.40004
1.40001
1.40001
1.40001
1.40001
1.40001
1.40001
1.40001
1.40001
1.40001
1.40001
1.40001
1.40001
1.40001
1.40001
1.40001
1.40001
1.40001
1.40001
1.40001
1.40001
1.40001
1.40001
1.40001
1.40001
1.40001
1.40001
1.40001
1.40001
1.40001
1.40001
1.40001
1.40001
1.40001
1.40001
1.40001
1.40001
1.40001
1.40001
1.40001
1.40001
1.40001
1.40001
1.40001
1.40001
1.40001
1.40001
1.40001
1.40001
1.40001
1.40001
1.40001
1.40001
1.40001
1.40001
1.40001
1.40001
1.40001
1.40001
1.40001
1.40001
1.40001
1.40001
1.40001
1.40001
1.40001
1.40001
1.40001
1.40001
1.40001
1.40001
1.40001
1.40001
1.40001
1.40001
1.40001
1.40001
1.40001
1.40001
1.40001
1.40001
1.40001
1.40001
1.40001
1.40001
1.40001
1.40001
1.40001
1.40001
1.40001
1.40001
1.40001
1.40001
1.40001
1.40001
1.40001
1.40001
1.40001
1.40001
1.40001
1.40001
1.40001
1.40001
1.40001
1.40001
1.40001
1.40001
1.40001
1.40001
1.40001
1.40001
1.40001
1.40001
1.40001
1.40001
1.40001
1.40001
1.40001
1.40001
1.40001
1.40001
1.40001
1.40001
1.40001
1.40001
1.40001
1.40001
1.40001
1.40001
1.40001
1.40001
1.40001
1.40001
1.40001
1.40001
1.40001
1.40001
1.40001
1.40001
1.40001
1.40001
1.40001
1.40001
1.40001
1.40001
1.40001
1.40001
1.40001
1.40001
1.40001
1.40001
1.40001
1.40001
1.40001
1.40001
1.40001
1.40001
1.40001
1.40001
1.40001
1.40001
1.40001
1.40001
1.40001
1.40001
1.40001
1.40001
1.40001
1.40001
1.40001
1.40001
1.40001
1.40001
1.40001
1.40001
1.40001
1.40001
1.40001
1.40001
1.40001
1.40001
1.40001
1.40001
1.40001
1.40001
1.40001
1.40001
1.40001
1.40001
1.40001
1.40001
1.40001
1.40001
1.40001
1.40001
1.40001
1.40001
1.40001
2.46327
2.4318
2.40322
2.37875
2.35165
2.31801
2.28425
2.25819
2.2387
2.2161
2.18523
2.1507
2.12398
2.10169
2.08011
2.06024
2.03913
2.01219
1.97903
1.9515
1.93356
1.92038
1.90559
1.88485
1.85537
1.82279
1.80531
1.79449
1.78285
1.76545
1.74297
1.71861
1.698
1.68109
1.66715
1.65501
1.64412
1.6327
1.61919
1.60162
1.57644
1.55391
1.54428
1.53844
1.53416
1.52769
1.51833
1.50433
1.4809
1.46152
1.4552
1.4526
1.45056
1.44521
1.43712
1.42346
1.40178
1.38772
1.38307
1.38147
1.37983
1.37576
1.36905
1.35597
1.33838
1.33192
1.3305
1.33014
1.3291
1.32748
1.32865
1.33269
1.33719
1.33943
1.3404
1.33749
1.33302
1.33544
1.34012
1.34663
1.35677
1.36588
1.36967
1.3719
1.37088
1.3698
1.37269
1.376
1.38038
1.38723
1.39292
1.39562
1.39758
1.39887
1.3994
1.40033
1.40185
1.40336
1.40488
1.40715
1.41102
1.41383
1.41507
1.41609
1.41632
1.41512
1.41522
1.4163
1.41738
1.41898
1.4213
1.42257
1.42336
1.42372
1.42281
1.42266
1.42361
1.42468
1.42608
1.4273
1.42814
1.42877
1.42892
1.4288
1.42923
1.42991
1.43067
1.43132
1.43187
1.43233
1.43256
1.43215
1.43164
1.43197
1.43245
1.43288
1.43322
1.43344
1.43349
1.43334
1.43317
1.43317
1.43327
1.43324
1.43279
1.43216
1.43217
1.43247
1.43286
1.43348
1.43455
1.43544
1.43572
1.43592
1.43595
1.43517
1.43321
1.43255
1.43293
1.43373
1.43541
1.4368
1.43713
1.43724
1.43624
1.43264
1.42919
1.42863
1.42889
1.42919
1.42924
1.42885
1.42675
1.42275
1.42086
1.4208
1.42079
1.42058
1.41999
1.41856
1.41552
1.41019
1.40395
1.40063
1.40004
1.40001
1.40001
1.40001
1.40001
1.40001
1.40001
1.40001
1.40001
1.40001
1.40001
1.40001
1.40001
1.40001
1.40001
1.40001
1.40001
1.40001
1.40001
1.40001
1.40001
1.40001
1.40001
1.40001
1.40001
1.40001
1.40001
1.40001
1.40001
1.40001
1.40001
1.40001
1.40001
1.40001
1.40001
1.40001
1.40001
1.40001
1.40001
1.40001
1.40001
1.40001
1.40001
1.40001
1.40001
1.40001
1.40001
1.40001
1.40001
1.40001
1.40001
1.40001
1.40001
1.40001
1.40001
1.40001
1.40001
1.40001
1.40001
1.40001
1.40001
1.40001
1.40001
1.40001
1.40001
1.40001
1.40001
1.40001
1.40001
1.40001
1.40001
1.40001
1.40001
1.40001
1.40001
1.40001
1.40001
1.40001
1.40001
1.40001
1.40001
1.40001
1.40001
1.40001
1.40001
1.40001
1.40001
1.40001
1.40001
1.40001
1.40001
1.40001
1.40001
1.40001
1.40001
1.40001
1.40001
1.40001
1.40001
1.40001
1.40001
1.40001
1.40001
1.40001
1.40001
1.40001
1.40001
1.40001
1.40001
1.40001
1.40001
1.40001
1.40001
1.40001
1.40001
1.40001
1.40001
1.40001
1.40001
1.40001
1.40001
1.40001
1.40001
1.40001
1.40001
1.40001
1.40001
1.40001
1.40001
1.40001
1.40001
1.40001
1.40001
1.40001
1.40001
1.40001
1.40001
1.40001
1.40001
1.40001
1.40001
1.40001
1.40001
1.40001
1.40001
1.40001
1.40001
1.40001
1.40001
1.40001
1.40001
1.40001
1.40001
1.40001
1.40001
1.40001
1.40001
1.40001
1.40001
1.40001
1.40001
1.40001
1.40001
1.40001
1.40001
1.40001
1.40001
1.40001
1.40001
1.40001
1.40001
1.40001
1.40001
1.40001
1.40001
1.40001
1.40001
1.40001
1.40001
1.40001
1.40001
1.40001
1.40001
1.40001
1.40001
1.40001
1.40001
1.40001
1.40001
1.40001
1.40001
1.40001
1.40001
1.40001
1.40001
1.40001
1.40001
1.40001
1.40001
1.40001
2.49999
2.4755
2.45079
2.43157
2.41513
2.3931
2.36589
2.34001
2.31884
2.2983
2.2705
2.23755
2.21052
2.19084
2.16947
2.14356
2.11793
2.09264
2.06566
2.04121
2.02258
2.00689
1.98893
1.96542
1.93471
1.91056
1.89632
1.88483
1.87065
1.85086
1.82261
1.79917
1.78747
1.77787
1.76407
1.74657
1.72895
1.71453
1.7003
1.68305
1.6623
1.64757
1.63881
1.63173
1.62403
1.6139
1.59939
1.57629
1.55675
1.54971
1.54628
1.54303
1.53681
1.52769
1.51202
1.49012
1.4788
1.47483
1.47295
1.46945
1.46337
1.45345
1.43553
1.41846
1.41283
1.41101
1.40873
1.40434
1.39616
1.38904
1.38751
1.38689
1.38582
1.3837
1.37804
1.36939
1.36775
1.36962
1.37448
1.38229
1.3871
1.38887
1.38846
1.38196
1.3791
1.38127
1.38471
1.38992
1.39624
1.40009
1.40227
1.40392
1.40496
1.40537
1.40614
1.40761
1.40903
1.4104
1.41221
1.4151
1.41719
1.41835
1.41919
1.41912
1.4177
1.41778
1.41891
1.42
1.42145
1.42362
1.42488
1.42564
1.42601
1.4251
1.42464
1.42551
1.42649
1.42777
1.42912
1.43004
1.43089
1.43171
1.43233
1.43265
1.4332
1.43397
1.43473
1.43543
1.43607
1.43662
1.43697
1.43702
1.43733
1.4379
1.43844
1.43889
1.4392
1.43931
1.4389
1.43848
1.43873
1.43912
1.43943
1.43962
1.43959
1.43924
1.43904
1.43926
1.43968
1.4404
1.44124
1.44164
1.44188
1.4419
1.44106
1.43922
1.43873
1.43912
1.43976
1.44102
1.44242
1.44277
1.44225
1.43921
1.43347
1.43004
1.42978
1.42981
1.42973
1.42953
1.42909
1.42762
1.42363
1.4187
1.41709
1.41671
1.41619
1.41509
1.41286
1.40886
1.40377
1.40067
1.40004
1.40001
1.40001
1.40001
1.40001
1.40001
1.40001
1.40001
1.40001
1.40001
1.40001
1.40001
1.40001
1.40001
1.40001
1.40001
1.40001
1.40001
1.40001
1.40001
1.40001
1.40001
1.40001
1.40001
1.40001
1.40001
1.40001
1.40001
1.40001
1.40001
1.40001
1.40001
1.40001
1.40001
1.40001
1.40001
1.40001
1.40001
1.40001
1.40001
1.40001
1.40001
1.40001
1.40001
1.40001
1.40001
1.40001
1.40001
1.40001
1.40001
1.40001
1.40001
1.40001
1.40001
1.40001
1.40001
1.40001
1.40001
1.40001
1.40001
1.40001
1.40001
1.40001
1.40001
1.40001
1.40001
1.40001
1.40001
1.40001
1.40001
1.40001
1.40001
1.40001
1.40001
1.40001
1.40001
1.40001
1.40001
1.40001
1.40001
1.40001
1.40001
1.40001
1.40001
1.40001
1.40001
1.40001
1.40001
1.40001
1.40001
1.40001
1.40001
1.40001
1.40001
1.40001
1.40001
1.40001
1.40001
1.40001
1.40001
1.40001
1.40001
1.40001
1.40001
1.40001
1.40001
1.40001
1.40001
1.40001
1.40001
1.40001
1.40001
1.40001
1.40001
1.40001
1.40001
1.40001
1.40001
1.40001
1.40001
1.40001
1.40001
1.40001
1.40001
1.40001
1.40001
1.40001
1.40001
1.40001
1.40001
1.40001
1.40001
1.40001
1.40001
1.40001
1.40001
1.40001
1.40001
1.40001
1.40001
1.40001
1.40001
1.40001
1.40001
1.40001
1.40001
1.40001
1.40001
1.40001
1.40001
1.40001
1.40001
1.40001
1.40001
1.40001
1.40001
1.40001
1.40001
1.40001
1.40001
1.40001
1.40001
1.40001
1.40001
1.40001
1.40001
1.40001
1.40001
1.40001
1.40001
1.40001
1.40001
1.40001
1.40001
1.40001
1.40001
1.40001
1.40001
1.40001
1.40001
1.40001
1.40001
1.40001
1.40001
1.40001
1.40001
1.40001
1.40001
1.40001
1.40001
1.40001
1.40001
1.40001
1.40001
1.40001
1.40001
1.40001
1.40001
1.40001
1.40001
1.40001
1.40001
2.4765
2.4707
2.45766
2.44387
2.43262
2.42137
2.40156
2.3795
2.35958
2.34506
2.33034
2.30896
2.2859
2.2677
2.24966
2.22951
2.20637
2.18205
2.15693
2.13414
2.11569
2.09772
2.07606
2.04856
2.02022
2.00238
1.98875
1.97328
1.95363
1.92772
1.90259
1.88782
1.87603
1.86318
1.84679
1.82537
1.80535
1.7914
1.77854
1.76331
1.74522
1.73081
1.7211
1.71222
1.70175
1.68748
1.66564
1.64551
1.6374
1.63282
1.62816
1.62082
1.61029
1.59264
1.57111
1.56145
1.55767
1.55485
1.54984
1.54215
1.52904
1.50879
1.49595
1.49192
1.48947
1.48528
1.47835
1.46645
1.45558
1.45155
1.44876
1.4451
1.43989
1.4309
1.42012
1.41687
1.41717
1.42003
1.42236
1.42255
1.42087
1.41428
1.40467
1.40189
1.40312
1.40686
1.41118
1.413
1.41361
1.41226
1.41251
1.41367
1.41456
1.41463
1.41345
1.41416
1.4157
1.41754
1.42034
1.42283
1.42428
1.42529
1.42469
1.42228
1.42249
1.4239
1.42572
1.42877
1.43134
1.4325
1.43324
1.43293
1.43134
1.43144
1.43248
1.43371
1.43504
1.43596
1.43664
1.4371
1.43739
1.43769
1.43814
1.43867
1.43925
1.43979
1.44022
1.44053
1.44073
1.44072
1.4404
1.44056
1.44106
1.44163
1.44237
1.44304
1.44343
1.44361
1.4434
1.44357
1.44404
1.44463
1.44575
1.44693
1.44747
1.44767
1.44765
1.44816
1.44882
1.44978
1.451
1.45159
1.45192
1.45153
1.44854
1.44582
1.44564
1.44578
1.44589
1.44579
1.44521
1.44345
1.43952
1.43303
1.42916
1.42879
1.42878
1.42867
1.42831
1.42744
1.42531
1.42089
1.41504
1.41172
1.41064
1.40983
1.40858
1.40637
1.40318
1.40071
1.40005
1.40001
1.40001
1.40001
1.40001
1.40001
1.40001
1.40001
1.40001
1.40001
1.40001
1.40001
1.40001
1.40001
1.40001
1.40001
1.40001
1.40001
1.40001
1.40001
1.40001
1.40001
1.40001
1.40001
1.40001
1.40001
1.40001
1.40001
1.40001
1.40001
1.40001
1.40001
1.40001
1.40001
1.40001
1.40001
1.40001
1.40001
1.40001
1.40001
1.40001
1.40001
1.40001
1.40001
1.40001
1.40001
1.40001
1.40001
1.40001
1.40001
1.40001
1.40001
1.40001
1.40001
1.40001
1.40001
1.40001
1.40001
1.40001
1.40001
1.40001
1.40001
1.40001
1.40001
1.40001
1.40001
1.40001
1.40001
1.40001
1.40001
1.40001
1.40001
1.40001
1.40001
1.40001
1.40001
1.40001
1.40001
1.40001
1.40001
1.40001
1.40001
1.40001
1.40001
1.40001
1.40001
1.40001
1.40001
1.40001
1.40001
1.40001
1.40001
1.40001
1.40001
1.40001
1.40001
1.40001
1.40001
1.40001
1.40001
1.40001
1.40001
1.40001
1.40001
1.40001
1.40001
1.40001
1.40001
1.40001
1.40001
1.40001
1.40001
1.40001
1.40001
1.40001
1.40001
1.40001
1.40001
1.40001
1.40001
1.40001
1.40001
1.40001
1.40001
1.40001
1.40001
1.40001
1.40001
1.40001
1.40001
1.40001
1.40001
1.40001
1.40001
1.40001
1.40001
1.40001
1.40001
1.40001
1.40001
1.40001
1.40001
1.40001
1.40001
1.40001
1.40001
1.40001
1.40001
1.40001
1.40001
1.40001
1.40001
1.40001
1.40001
1.40001
1.40001
1.40001
1.40001
1.40001
1.40001
1.40001
1.40001
1.40001
1.40001
1.40001
1.40001
1.40001
1.40001
1.40001
1.40001
1.40001
1.40001
1.40001
1.40001
1.40001
1.40001
1.40001
1.40001
1.40001
1.40001
1.40001
1.40001
1.40001
1.40001
1.40001
1.40001
1.40001
1.40001
1.40001
1.40001
1.40001
1.40001
1.40001
1.40001
1.40001
1.40001
1.40001
1.40001
1.40001
1.40001
1.40001
1.40001
1.40001
1.40001
2.18009
2.25321
2.31309
2.34549
2.36472
2.38468
2.3827
2.37897
2.36614
2.35581
2.34553
2.3332
2.31567
2.29659
2.28016
2.26653
2.2524
2.23531
2.21563
2.19712
2.18315
2.17078
2.15351
2.13025
2.10669
2.09034
2.07678
2.06029
2.03771
2.01004
1.9907
1.97824
1.96498
1.9472
1.92323
1.89987
1.88608
1.87471
1.86101
1.84297
1.82156
1.80711
1.79753
1.78744
1.77438
1.75512
1.73192
1.7204
1.71423
1.70855
1.70055
1.6892
1.67082
1.64891
1.63921
1.63502
1.63118
1.62493
1.6156
1.59968
1.57957
1.57025
1.56706
1.56385
1.55828
1.54946
1.53461
1.52242
1.5182
1.515
1.51055
1.50385
1.49218
1.47947
1.4758
1.47567
1.47573
1.47396
1.47087
1.46495
1.45356
1.44427
1.4424
1.44319
1.44573
1.44648
1.44577
1.44156
1.43675
1.43673
1.43752
1.43787
1.43754
1.43511
1.43247
1.43283
1.4346
1.43791
1.44032
1.44154
1.44221
1.44066
1.4365
1.43617
1.43752
1.43984
1.44375
1.44625
1.44719
1.44768
1.44601
1.44337
1.4438
1.44515
1.4474
1.44922
1.45008
1.4506
1.45034
1.44973
1.44997
1.45046
1.45091
1.4513
1.45187
1.45258
1.45323
1.45374
1.45401
1.4538
1.45326
1.45364
1.45429
1.45513
1.45648
1.45753
1.45806
1.45812
1.45802
1.45855
1.45924
1.46031
1.46183
1.4627
1.46313
1.46279
1.46041
1.45926
1.45936
1.45938
1.45917
1.45826
1.45525
1.44971
1.44605
1.44567
1.44574
1.4457
1.44546
1.44475
1.44264
1.43721
1.42934
1.4259
1.4256
1.42544
1.42503
1.42418
1.42247
1.4192
1.41391
1.40846
1.40575
1.40483
1.40416
1.40325
1.40191
1.40059
1.40006
1.40001
1.40001
1.40001
1.40001
1.40001
1.40001
1.40001
1.40001
1.40001
1.40001
1.40001
1.40001
1.40001
1.40001
1.40001
1.40001
1.40001
1.40001
1.40001
1.40001
1.40001
1.40001
1.40001
1.40001
1.40001
1.40001
1.40001
1.40001
1.40001
1.40001
1.40001
1.40001
1.40001
1.40001
1.40001
1.40001
1.40001
1.40001
1.40001
1.40001
1.40001
1.40001
1.40001
1.40001
1.40001
1.40001
1.40001
1.40001
1.40001
1.40001
1.40001
1.40001
1.40001
1.40001
1.40001
1.40001
1.40001
1.40001
1.40001
1.40001
1.40001
1.40001
1.40001
1.40001
1.40001
1.40001
1.40001
1.40001
1.40001
1.40001
1.40001
1.40001
1.40001
1.40001
1.40001
1.40001
1.40001
1.40001
1.40001
1.40001
1.40001
1.40001
1.40001
1.40001
1.40001
1.40001
1.40001
1.40001
1.40001
1.40001
1.40001
1.40001
1.40001
1.40001
1.40001
1.40001
1.40001
1.40001
1.40001
1.40001
1.40001
1.40001
1.40001
1.40001
1.40001
1.40001
1.40001
1.40001
1.40001
1.40001
1.40001
1.40001
1.40001
1.40001
1.40001
1.40001
1.40001
1.40001
1.40001
1.40001
1.40001
1.40001
1.40001
1.40001
1.40001
1.40001
1.40001
1.40001
1.40001
1.40001
1.40001
1.40001
1.40001
1.40001
1.40001
1.40001
1.40001
1.40001
1.40001
1.40001
1.40001
1.40001
1.40001
1.40001
1.40001
1.40001
1.40001
1.40001
1.40001
1.40001
1.40001
1.40001
1.40001
1.40001
1.40001
1.40001
1.40001
1.40001
1.40001
1.40001
1.40001
1.40001
1.40001
1.40001
1.40001
1.40001
1.40001
1.40001
1.40001
1.40001
1.40001
1.40001
1.40001
1.40001
1.40001
1.40001
1.40001
1.40001
1.40001
1.40001
1.40001
1.40001
1.40001
1.40001
1.40001
1.40001
1.40001
1.40001
1.40001
1.40001
1.40001
1.40001
1.40001
1.40001
1.40001
1.40001
1.40001
1.40001
1.40001
1.40001
1.40001
1.40001
1.40001
1.40001
1.40001
1.61064
1.69817
1.79565
1.89243
1.98663
2.07207
2.13592
2.19194
2.23857
2.26124
2.27509
2.28946
2.29089
2.28872
2.28033
2.26883
2.2616
2.25166
2.23721
2.22064
2.20608
2.19419
2.18211
2.16599
2.14781
2.1332
2.12215
2.11033
2.09495
2.07697
2.06162
2.04988
2.03814
2.02189
2.00013
1.9811
1.96867
1.95697
1.94229
1.92258
1.90071
1.88611
1.8756
1.86434
1.84943
1.82814
1.80858
1.79884
1.79152
1.78312
1.77174
1.75447
1.73174
1.71997
1.71454
1.70923
1.70188
1.69134
1.67407
1.6544
1.64607
1.64269
1.6387
1.63212
1.62186
1.60509
1.59208
1.58793
1.58476
1.58004
1.57295
1.56072
1.54617
1.54104
1.53965
1.53805
1.53472
1.52951
1.52044
1.50679
1.49903
1.4977
1.49872
1.49846
1.49637
1.49253
1.48429
1.47757
1.47694
1.47793
1.47755
1.47581
1.47209
1.46612
1.4639
1.46435
1.46656
1.4689
1.46971
1.46951
1.46624
1.46028
1.45879
1.45959
1.46157
1.46509
1.46696
1.46751
1.46715
1.46336
1.45988
1.46028
1.46161
1.46411
1.46617
1.46691
1.46721
1.46655
1.46655
1.46719
1.46804
1.46874
1.46917
1.4692
1.46968
1.47042
1.47146
1.47293
1.47385
1.4744
1.47431
1.47421
1.4749
1.47589
1.47747
1.47856
1.47903
1.47773
1.4745
1.47382
1.47392
1.47385
1.47343
1.47193
1.46765
1.46208
1.46018
1.46013
1.46006
1.4598
1.45899
1.45645
1.45037
1.44454
1.44348
1.44336
1.44306
1.44239
1.44097
1.43768
1.43078
1.42261
1.41969
1.41933
1.41895
1.41818
1.41674
1.41425
1.41036
1.40571
1.40259
1.40159
1.4013
1.40106
1.40073
1.40031
1.40005
1.40001
1.40001
1.40001
1.40001
1.40001
1.40001
1.40001
1.40001
1.40001
1.40001
1.40001
1.40001
1.40001
1.40001
1.40001
1.40001
1.40001
1.40001
1.40001
1.40001
1.40001
1.40001
1.40001
1.40001
1.40001
1.40001
1.40001
1.40001
1.40001
1.40001
1.40001
1.40001
1.40001
1.40001
1.40001
1.40001
1.40001
1.40001
1.40001
1.40001
1.40001
1.40001
1.40001
1.40001
1.40001
1.40001
1.40001
1.40001
1.40001
1.40001
1.40001
1.40001
1.40001
1.40001
1.40001
1.40001
1.40001
1.40001
1.40001
1.40001
1.40001
1.40001
1.40001
1.40001
1.40001
1.40001
1.40001
1.40001
1.40001
1.40001
1.40001
1.40001
1.40001
1.40001
1.40001
1.40001
1.40001
1.40001
1.40001
1.40001
1.40001
1.40001
1.40001
1.40001
1.40001
1.40001
1.40001
1.40001
1.40001
1.40001
1.40001
1.40001
1.40001
1.40001
1.40001
1.40001
1.40001
1.40001
1.40001
1.40001
1.40001
1.40001
1.40001
1.40001
1.40001
1.40001
1.40001
1.40001
1.40001
1.40001
1.40001
1.40001
1.40001
1.40001
1.40001
1.40001
1.40001
1.40001
1.40001
1.40001
1.40001
1.40001
1.40001
1.40001
1.40001
1.40001
1.40001
1.40001
1.40001
1.40001
1.40001
1.40001
1.40001
1.40001
1.40001
1.40001
1.40001
1.40001
1.40001
1.40001
1.40001
1.40001
1.40001
1.40001
1.40001
1.40001
1.40001
1.40001
1.40001
1.40001
1.40001
1.40001
1.40001
1.40001
1.40001
1.40001
1.40001
1.40001
1.40001
1.40001
1.40001
1.40001
1.40001
1.40001
1.40001
1.40001
1.40001
1.40001
1.40001
1.40001
1.40001
1.40001
1.40001
1.40001
1.40001
1.40001
1.40001
1.40001
1.40001
1.40001
1.40001
1.40001
1.40001
1.40001
1.40001
1.40001
1.40001
1.40001
1.40001
1.40001
1.40001
1.40001
1.40001
1.40001
1.40001
1.40001
1.40001
1.40001
1.40001
1.40001
1.40001
1.40001
1.40001
1.40001
1.40001
1.40001
1.40001
1.40977
1.42059
1.43924
1.46833
1.50964
1.56345
1.62831
1.70165
1.77887
1.85557
1.92945
1.99309
2.04678
2.09606
2.13253
2.15785
2.17396
2.18446
2.19563
2.19419
2.1917
2.18462
2.17563
2.1691
2.16112
2.14895
2.13629
2.12535
2.11401
2.10075
2.08775
2.07544
2.06361
2.05096
2.03756
2.02477
2.01381
2.00373
1.99167
1.97692
1.96328
1.95309
1.94361
1.93269
1.91838
1.90075
1.88689
1.87748
1.86857
1.858
1.84387
1.824
1.8083
1.80054
1.79367
1.78555
1.7747
1.75801
1.73883
1.73029
1.72545
1.71999
1.71255
1.70106
1.68398
1.67102
1.6659
1.66219
1.65731
1.65008
1.63807
1.62237
1.61542
1.61279
1.60993
1.60586
1.59974
1.58904
1.57461
1.56816
1.56684
1.56644
1.56456
1.56094
1.55485
1.54408
1.53616
1.53508
1.53529
1.53405
1.53188
1.52781
1.52012
1.51425
1.51352
1.51473
1.51671
1.51693
1.51598
1.51271
1.50607
1.50242
1.50203
1.50239
1.5044
1.50557
1.50566
1.50414
1.50016
1.49804
1.49859
1.49996
1.50169
1.50238
1.50244
1.50088
1.4991
1.49943
1.5005
1.50217
1.50312
1.50337
1.50271
1.49993
1.4991
1.49959
1.50062
1.50137
1.50133
1.49902
1.49406
1.49165
1.49123
1.49082
1.48996
1.48776
1.48264
1.47701
1.4755
1.47538
1.47519
1.47472
1.47349
1.47002
1.46322
1.45889
1.45833
1.45805
1.45746
1.45619
1.4531
1.44625
1.43885
1.43681
1.43636
1.43567
1.43442
1.43209
1.42762
1.42019
1.41355
1.41161
1.41121
1.4107
1.40979
1.40824
1.40589
1.40307
1.40102
1.40032
1.4002
1.40017
1.40014
1.40009
1.40003
1.40001
1.40001
1.40001
1.40001
1.40001
1.40001
1.40001
1.40001
1.40001
1.40001
1.40001
1.40001
1.40001
1.40001
1.40001
1.40001
1.40001
1.40001
1.40001
1.40001
1.40001
1.40001
1.40001
1.40001
1.40001
1.40001
1.40001
1.40001
1.40001
1.40001
1.40001
1.40001
1.40001
1.40001
1.40001
1.40001
1.40001
1.40001
1.40001
1.40001
1.40001
1.40001
1.40001
1.40001
1.40001
1.40001
1.40001
1.40001
1.40001
1.40001
1.40001
1.40001
1.40001
1.40001
1.40001
1.40001
1.40001
1.40001
1.40001
1.40001
1.40001
1.40001
1.40001
1.40001
1.40001
1.40001
1.40001
1.40001
1.40001
1.40001
1.40001
1.40001
1.40001
1.40001
1.40001
1.40001
1.40001
1.40001
1.40001
1.40001
1.40001
1.40001
1.40001
1.40001
1.40001
1.40001
1.40001
1.40001
1.40001
1.40001
1.40001
1.40001
1.40001
1.40001
1.40001
1.40001
1.40001
1.40001
1.40001
1.40001
1.40001
1.40001
1.40001
1.40001
1.40001
1.40001
1.40001
1.40001
1.40001
1.40001
1.40001
1.40001
1.40001
1.40001
1.40001
1.40001
1.40001
1.40001
1.40001
1.40001
1.40001
1.40001
1.40001
1.40001
1.40001
1.40001
1.40001
1.40001
1.40001
1.40001
1.40001
1.40001
1.40001
1.40001
1.40001
1.40001
1.40001
1.40001
1.40001
1.40001
1.40001
1.40001
1.40001
1.40001
1.40001
1.40001
1.40001
1.40001
1.40001
1.40001
1.40001
1.40001
1.40001
1.40001
1.40001
1.40001
1.40001
1.40001
1.40001
1.40001
1.40001
1.40001
1.40001
1.40001
1.40001
1.40001
1.40001
1.40001
1.40001
1.40001
1.40001
1.40001
1.40001
1.40001
1.40001
1.40001
1.40001
1.40001
1.40001
1.40001
1.40001
1.40001
1.40001
1.40001
1.40001
1.40001
1.40001
1.40001
1.40001
1.40001
1.40001
1.40001
1.40001
1.40001
1.40001
1.40001
1.40001
1.40001
1.40001
1.40001
1.40001
1.40001
1.40001
1.40001
1.40001
1.40001
1.40001
1.40001
1.40001
1.40005
1.40016
1.40049
1.4013
1.40312
1.40682
1.41367
1.42511
1.44286
1.46835
1.50232
1.54435
1.59446
1.64998
1.70873
1.76849
1.82578
1.87926
1.92853
1.96901
2.00441
2.03529
2.05617
2.06913
2.08023
2.09278
2.09487
2.09287
2.08809
2.08286
2.07998
2.07532
2.06561
2.05393
2.0438
2.03665
2.029
2.0189
2.00703
1.99434
1.98404
1.9756
1.96692
1.95665
1.9439
1.931
1.92222
1.91511
1.90772
1.8985
1.88593
1.87248
1.86391
1.85774
1.85156
1.84348
1.83186
1.81674
1.80723
1.80219
1.79682
1.78971
1.77957
1.76401
1.75241
1.74791
1.74319
1.73749
1.72969
1.71817
1.7047
1.6971
1.69309
1.68892
1.68377
1.67754
1.66808
1.65424
1.64699
1.64579
1.64369
1.63957
1.63542
1.62917
1.61842
1.60885
1.6073
1.60656
1.60374
1.59976
1.5951
1.58934
1.58365
1.57962
1.57815
1.57831
1.57793
1.57544
1.57049
1.56374
1.56037
1.55958
1.55893
1.558
1.55635
1.55286
1.54737
1.54463
1.54458
1.54567
1.54691
1.54687
1.54603
1.54293
1.53537
1.52993
1.52916
1.52905
1.52886
1.52835
1.5271
1.52358
1.51666
1.51208
1.51109
1.51038
1.5093
1.50743
1.50413
1.49875
1.49404
1.49284
1.49238
1.49162
1.49002
1.48605
1.47852
1.47382
1.4731
1.47263
1.47179
1.47012
1.46635
1.45881
1.4521
1.45045
1.44975
1.44868
1.44677
1.44303
1.43603
1.42825
1.42524
1.42435
1.42333
1.42168
1.4189
1.41441
1.4088
1.40537
1.40459
1.40434
1.40399
1.40338
1.40243
1.40126
1.40037
1.40006
1.40002
1.40001
1.40001
1.40001
1.40001
1.40001
1.40001
1.40001
1.40001
1.40001
1.40001
1.40001
1.40001
1.40001
1.40001
1.40001
1.40001
1.40001
1.40001
1.40001
1.40001
1.40001
1.40001
1.40001
1.40001
1.40001
1.40001
1.40001
1.40001
1.40001
1.40001
1.40001
1.40001
1.40001
1.40001
1.40001
1.40001
1.40001
1.40001
1.40001
1.40001
1.40001
1.40001
1.40001
1.40001
1.40001
1.40001
1.40001
1.40001
1.40001
1.40001
1.40001
1.40001
1.40001
1.40001
1.40001
1.40001
1.40001
1.40001
1.40001
1.40001
1.40001
1.40001
1.40001
1.40001
1.40001
1.40001
1.40001
1.40001
1.40001
1.40001
1.40001
1.40001
1.40001
1.40001
1.40001
1.40001
1.40001
1.40001
1.40001
1.40001
1.40001
1.40001
1.40001
1.40001
1.40001
1.40001
1.40001
1.40001
1.40001
1.40001
1.40001
1.40001
1.40001
1.40001
1.40001
1.40001
1.40001
1.40001
1.40001
1.40001
1.40001
1.40001
1.40001
1.40001
1.40001
1.40001
1.40001
1.40001
1.40001
1.40001
1.40001
1.40001
1.40001
1.40001
1.40001
1.40001
1.40001
1.40001
1.40001
1.40001
1.40001
1.40001
1.40001
1.40001
1.40001
1.40001
1.40001
1.40001
1.40001
1.40001
1.40001
1.40001
1.40001
1.40001
1.40001
1.40001
1.40001
1.40001
1.40001
1.40001
1.40001
1.40001
1.40001
1.40001
1.40001
1.40001
1.40001
1.40001
1.40001
1.40001
1.40001
1.40001
1.40001
1.40001
1.40001
1.40001
1.40001
1.40001
1.40001
1.40001
1.40001
1.40001
1.40001
1.40001
1.40001
1.40001
1.40001
1.40001
1.40001
1.40001
1.40001
1.40001
1.40001
1.40001
1.40001
1.40001
1.40001
1.40001
1.40001
1.40001
1.40001
1.40001
1.40001
1.40001
1.40001
1.40001
1.40001
1.40001
1.40001
1.40001
1.40001
1.40001
1.40001
1.40001
1.40001
1.40001
1.40001
1.40001
1.40001
1.40001
1.40001
1.40001
1.40001
1.40001
1.40001
1.40001
1.40001
1.40001
1.40001
1.40001
1.40001
1.40001
1.40001
1.40001
1.40001
1.40001
1.40001
1.40001
1.40001
1.40001
1.40003
1.4001
1.40026
1.40065
1.40151
1.40321
1.40633
1.41165
1.42
1.43242
1.44972
1.4724
1.50061
1.53416
1.57249
1.61398
1.65755
1.70144
1.74498
1.78614
1.8237
1.85715
1.88831
1.91423
1.93434
1.95071
1.96434
1.97639
1.98443
1.98581
1.98649
1.98667
1.98661
1.98368
1.97883
1.97236
1.96513
1.96012
1.9546
1.94624
1.93635
1.92764
1.92148
1.91608
1.90824
1.89715
1.88579
1.87869
1.8734
1.86728
1.85888
1.84796
1.83672
1.8297
1.82498
1.81907
1.81192
1.80263
1.79134
1.78434
1.78004
1.77557
1.76954
1.76125
1.75008
1.74247
1.73815
1.73422
1.7297
1.72346
1.71469
1.70662
1.70052
1.69492
1.69099
1.68773
1.68296
1.6765
1.66971
1.66318
1.65679
1.65264
1.64966
1.64579
1.64074
1.63443
1.6279
1.62478
1.62269
1.61989
1.61644
1.6116
1.60439
1.59694
1.59218
1.59003
1.58863
1.58745
1.58572
1.58223
1.57437
1.56527
1.56281
1.5619
1.56051
1.55854
1.55606
1.5526
1.54694
1.53927
1.53503
1.5339
1.53302
1.53192
1.53008
1.52661
1.5203
1.5137
1.51104
1.50999
1.50887
1.50716
1.50399
1.49774
1.49022
1.48719
1.48622
1.48511
1.48319
1.47935
1.47208
1.46496
1.4626
1.4615
1.46006
1.4577
1.45348
1.44623
1.43868
1.43547
1.43413
1.4326
1.43023
1.42632
1.42038
1.41459
1.41207
1.41116
1.41024
1.4089
1.40689
1.40423
1.40197
1.40113
1.401
1.40093
1.40082
1.40062
1.40035
1.40011
1.40002
1.40001
1.40001
1.40001
1.40001
1.40001
1.40001
1.40001
1.40001
1.40001
1.40001
1.40001
1.40001
1.40001
1.40001
1.40001
1.40001
1.40001
1.40001
1.40001
1.40001
1.40001
1.40001
1.40001
1.40001
1.40001
1.40001
1.40001
1.40001
1.40001
1.40001
1.40001
1.40001
1.40001
1.40001
1.40001
1.40001
1.40001
1.40001
1.40001
1.40001
1.40001
1.40001
1.40001
1.40001
1.40001
1.40001
1.40001
1.40001
1.40001
1.40001
1.40001
1.40001
1.40001
1.40001
1.40001
1.40001
1.40001
1.40001
1.40001
1.40001
1.40001
1.40001
1.40001
1.40001
1.40001
1.40001
1.40001
1.40001
1.40001
1.40001
1.40001
1.40001
1.40001
1.40001
1.40001
1.40001
1.40001
1.40001
1.40001
1.40001
1.40001
1.40001
1.40001
1.40001
1.40001
1.40001
1.40001
1.40001
1.40001
1.40001
1.40001
1.40001
1.40001
1.40001
1.40001
1.40001
1.40001
1.40001
1.40001
1.40001
1.40001
1.40001
1.40001
1.40001
1.40001
1.40001
1.40001
1.40001
1.40001
1.40001
1.40001
1.40001
1.40001
1.40001
1.40001
1.40001
1.40001
1.40001
1.40001
1.40001
1.40001
1.40001
1.40001
1.40001
1.40001
1.40001
1.40001
1.40001
1.40001
1.40001
1.40001
1.40001
1.40001
1.40001
1.40001
1.40001
1.40001
1.40001
1.40001
1.40001
1.40001
1.40001
1.40001
1.40001
1.40001
1.40001
1.40001
1.40001
1.40001
1.40001
1.40001
1.40001
1.40001
1.40001
1.40001
1.40001
1.40001
1.40001
1.40001
1.40001
1.40001
1.40001
1.40001
1.40001
1.40001
1.40001
1.40001
1.40001
1.40001
1.40001
1.40001
1.40001
1.40001
1.40001
1.40001
1.40001
1.40001
1.40001
1.40001
1.40001
1.40001
1.40001
1.40001
1.40001
1.40001
1.40001
1.40001
1.40001
1.40001
1.40001
1.40001
1.40001
1.40001
1.40001
1.40001
1.40001
1.40001
1.40001
1.40001
1.40001
1.40001
1.40001
1.40001
1.40001
1.40001
1.40001
1.40001
1.40001
1.40001
1.40001
1.40001
1.40001
1.40001
1.40001
1.40001
1.40001
1.40001
1.40001
1.40001
1.40001
1.40001
1.40001
1.40001
1.40001
1.40001
1.40001
1.40001
1.40001
1.40002
1.40004
1.40009
1.40021
1.40047
1.40101
1.402
1.40375
1.40662
1.4111
1.41764
1.42677
1.43898
1.45446
1.4733
1.49547
1.5208
1.54847
1.57792
1.60857
1.63932
1.66949
1.69888
1.72659
1.75231
1.77612
1.79676
1.81369
1.8287
1.84295
1.85511
1.8633
1.86822
1.87183
1.8749
1.87863
1.87948
1.8788
1.87597
1.87165
1.86697
1.86411
1.86233
1.85758
1.85171
1.84476
1.83761
1.8322
1.82782
1.82291
1.8167
1.80872
1.80013
1.79421
1.7899
1.78409
1.77703
1.77115
1.7649
1.75708
1.74957
1.74347
1.73968
1.73626
1.73035
1.72191
1.71205
1.70721
1.70421
1.69943
1.69396
1.68863
1.68154
1.67307
1.67021
1.66673
1.66047
1.65493
1.6505
1.64567
1.63839
1.63176
1.63078
1.62962
1.62497
1.61935
1.61344
1.60683
1.59884
1.5925
1.59021
1.58966
1.58904
1.5865
1.58181
1.57497
1.56798
1.56344
1.56054
1.55804
1.5552
1.55102
1.54429
1.53696
1.5333
1.53177
1.5303
1.52836
1.5256
1.52118
1.51362
1.5049
1.5008
1.49922
1.49761
1.49529
1.49161
1.48553
1.47758
1.47221
1.46982
1.46778
1.46501
1.46064
1.45391
1.44674
1.44282
1.44082
1.43878
1.43596
1.43173
1.42587
1.42026
1.41732
1.41586
1.41445
1.41254
1.40987
1.40661
1.40413
1.40318
1.4028
1.40243
1.4019
1.40121
1.40053
1.40017
1.4001
1.40009
1.40009
1.40008
1.40005
1.40003
1.40001
1.40001
1.40001
1.40001
1.40001
1.40001
1.40001
1.40001
1.40001
1.40001
1.40001
1.40001
1.40001
1.40001
1.40001
1.40001
1.40001
1.40001
1.40001
1.40001
1.40001
1.40001
1.40001
1.40001
1.40001
1.40001
1.40001
1.40001
1.40001
1.40001
1.40001
1.40001
1.40001
1.40001
1.40001
1.40001
1.40001
1.40001
1.40001
1.40001
1.40001
1.40001
1.40001
1.40001
1.40001
1.40001
1.40001
1.40001
1.40001
1.40001
1.40001
1.40001
1.40001
1.40001
1.40001
1.40001
1.40001
1.40001
1.40001
1.40001
1.40001
1.40001
1.40001
1.40001
1.40001
1.40001
1.40001
1.40001
1.40001
1.40001
1.40001
1.40001
1.40001
1.40001
1.40001
1.40001
1.40001
1.40001
1.40001
1.40001
1.40001
1.40001
1.40001
1.40001
1.40001
1.40001
1.40001
1.40001
1.40001
1.40001
1.40001
1.40001
1.40001
1.40001
1.40001
1.40001
1.40001
1.40001
1.40001
1.40001
1.40001
1.40001
1.40001
1.40001
1.40001
1.40001
1.40001
1.40001
1.40001
1.40001
1.40001
1.40001
1.40001
1.40001
1.40001
1.40001
1.40001
1.40001
1.40001
1.40001
1.40001
1.40001
1.40001
1.40001
1.40001
1.40001
1.40001
1.40001
1.40001
1.40001
1.40001
1.40001
1.40001
1.40001
1.40001
1.40001
1.40001
1.40001
1.40001
1.40001
1.40001
1.40001
1.40001
1.40001
1.40001
1.40001
1.40001
1.40001
1.40001
1.40001
1.40001
1.40001
1.40001
1.40001
1.40001
1.40001
1.40001
1.40001
1.40001
1.40001
1.40001
1.40001
1.40001
1.40001
1.40001
1.40001
1.40001
1.40001
1.40001
1.40001
1.40001
1.40001
1.40001
1.40001
1.40001
1.40001
1.40001
1.40001
1.40001
1.40001
1.40001
1.40001
1.40001
1.40001
1.40001
1.40001
1.40001
1.40001
1.40001
1.40001
1.40001
1.40001
1.40001
1.40001
1.40001
1.40001
1.40001
1.40001
1.40001
1.40001
1.40001
1.40001
1.40001
1.40001
1.40001
1.40001
1.40001
1.40001
1.40001
1.40001
1.40001
1.40001
1.40001
1.40001
1.40001
1.40001
1.40001
1.40001
1.40001
1.40001
1.40001
1.40001
1.40001
1.40001
1.40001
1.40001
1.40001
1.40001
1.40001
1.40001
1.40001
1.40001
1.40001
1.40001
1.40001
1.40001
1.40001
1.40001
1.40002
1.40004
1.40009
1.4002
1.40041
1.40079
1.40144
1.40251
1.40418
1.40668
1.41022
1.41506
1.42145
1.42952
1.4394
1.45119
1.4649
1.48033
1.49714
1.51509
1.534
1.55359
1.5734
1.59299
1.61202
1.63019
1.64746
1.66365
1.6789
1.69286
1.70551
1.7161
1.72439
1.7318
1.7393
1.74642
1.75194
1.75441
1.75519
1.75627
1.75778
1.75907
1.75968
1.75792
1.75487
1.75174
1.74936
1.74803
1.74582
1.74201
1.73721
1.73137
1.72731
1.72454
1.72138
1.71702
1.71106
1.70428
1.70055
1.69673
1.69179
1.68675
1.68125
1.67474
1.67148
1.66815
1.66244
1.65653
1.65081
1.64456
1.63842
1.63608
1.63409
1.62926
1.62343
1.61758
1.61152
1.60508
1.59877
1.59474
1.59208
1.58885
1.58507
1.58121
1.57691
1.57154
1.56444
1.55608
1.55012
1.547
1.54465
1.5422
1.53907
1.53459
1.52774
1.51883
1.51239
1.50949
1.50716
1.50429
1.50051
1.49532
1.48819
1.48026
1.47503
1.47228
1.46978
1.46657
1.46215
1.45617
1.44945
1.44436
1.44134
1.43884
1.43591
1.43201
1.42706
1.42228
1.41925
1.41743
1.41572
1.41366
1.41103
1.40806
1.40569
1.4045
1.40388
1.40329
1.40258
1.40171
1.4009
1.40046
1.40033
1.40029
1.40024
1.40017
1.40009
1.40003
1.40001
1.40001
1.40001
1.40001
1.40001
1.40001
1.40001
1.40001
1.40001
1.40001
1.40001
1.40001
1.40001
1.40001
1.40001
1.40001
1.40001
1.40001
1.40001
1.40001
1.40001
1.40001
1.40001
1.40001
1.40001
1.40001
1.40001
1.40001
1.40001
1.40001
1.40001
1.40001
1.40001
1.40001
1.40001
1.40001
1.40001
1.40001
1.40001
1.40001
1.40001
1.40001
1.40001
1.40001
1.40001
1.40001
1.40001
1.40001
1.40001
1.40001
1.40001
1.40001
1.40001
1.40001
1.40001
1.40001
1.40001
1.40001
1.40001
1.40001
1.40001
1.40001
1.40001
1.40001
1.40001
1.40001
1.40001
1.40001
1.40001
1.40001
1.40001
1.40001
1.40001
1.40001
1.40001
1.40001
1.40001
1.40001
1.40001
1.40001
1.40001
1.40001
1.40001
1.40001
1.40001
1.40001
1.40001
1.40001
1.40001
1.40001
1.40001
1.40001
1.40001
1.40001
1.40001
1.40001
1.40001
1.40001
1.40001
1.40001
1.40001
1.40001
1.40001
1.40001
1.40001
1.40001
1.40001
1.40001
1.40001
1.40001
1.40001
1.40001
1.40001
1.40001
1.40001
1.40001
1.40001
1.40001
1.40001
1.40001
1.40001
1.40001
1.40001
1.40001
1.40001
1.40001
1.40001
1.40001
1.40001
1.40001
1.40001
1.40001
1.40001
1.40001
1.40001
1.40001
1.40001
1.40001
1.40001
1.40001
1.40001
1.40001
1.40001
1.40001
1.40001
1.40001
1.40001
1.40001
1.40001
1.40001
1.40001
1.40001
1.40001
1.40001
1.40001
1.40001
1.40001
1.40001
1.40001
1.40001
1.40001
1.40001
1.40001
1.40001
1.40001
1.40001
1.40001
1.40001
1.40001
1.40001
1.40001
1.40001
1.40001
1.40001
1.40001
1.40001
1.40001
1.40001
1.40001
1.40001
1.40001
1.40001
1.40001
1.40001
1.40001
1.40001
1.40001
1.40001
1.40001
1.40001
1.40001
1.40001
1.40001
1.40001
1.40001
1.40001
1.40001
1.40001
1.40001
1.40001
1.40001
1.40001
1.40001
1.40001
1.40001
1.40001
1.40001
1.40001
1.40001
1.40001
1.40001
1.40001
1.40001
1.40001
1.40001
1.40001
1.40001
1.40001
1.40001
1.40001
1.40001
1.40001
1.40001
1.40001
1.40001
1.40001
1.40001
1.40001
1.40001
1.40001
1.40001
1.40001
1.40001
1.40001
1.40001
1.40001
1.40001
1.40001
1.40001
1.40001
1.40001
1.40001
1.40001
1.40001
1.40001
1.40001
1.40001
1.40001
1.40001
1.40001
1.40001
1.40001
1.40001
1.40001
1.40003
1.40005
1.4001
1.40019
1.40034
1.40059
1.401
1.40161
1.40252
1.40379
1.40553
1.40784
1.41083
1.41455
1.41907
1.42444
1.43069
1.43779
1.44567
1.45432
1.46361
1.47344
1.48357
1.49389
1.50442
1.51515
1.52574
1.53596
1.54568
1.55476
1.56345
1.57183
1.57977
1.5871
1.59357
1.5989
1.60355
1.60798
1.61222
1.61611
1.61866
1.61991
1.62073
1.62178
1.62307
1.62393
1.62377
1.62259
1.62079
1.61892
1.61781
1.61639
1.61422
1.61216
1.60984
1.60657
1.60288
1.59903
1.59539
1.59258
1.59068
1.58779
1.58358
1.57869
1.57335
1.56894
1.56554
1.56225
1.55868
1.55431
1.54909
1.54377
1.53912
1.53523
1.53154
1.52755
1.52298
1.5176
1.51156
1.5061
1.50221
1.49901
1.49552
1.49137
1.48635
1.48031
1.47389
1.46891
1.46575
1.46305
1.45993
1.45604
1.45127
1.44578
1.4405
1.43674
1.43424
1.43194
1.42925
1.42598
1.42221
1.41853
1.41581
1.41402
1.41251
1.41088
1.40897
1.40694
1.40524
1.4042
1.40356
1.40299
1.40235
1.40165
1.401
1.4006
1.40044
1.40036
1.40028
1.4002
1.40011
1.40004
1.40002
1.40001
1.40001
1.40001
1.40001
1.40001
1.40001
1.40001
1.40001
1.40001
1.40001
1.40001
1.40001
1.40001
1.40001
1.40001
1.40001
1.40001
1.40001
1.40001
1.40001
1.40001
1.40001
1.40001
1.40001
1.40001
1.40001
1.40001
1.40001
1.40001
1.40001
1.40001
1.40001
1.40001
1.40001
1.40001
1.40001
1.40001
1.40001
1.40001
1.40001
1.40001
1.40001
1.40001
1.40001
1.40001
1.40001
1.40001
1.40001
1.40001
1.40001
1.40001
1.40001
1.40001
1.40001
1.40001
1.40001
1.40001
1.40001
1.40001
1.40001
1.40001
1.40001
1.40001
1.40001
1.40001
1.40001
1.40001
1.40001
1.40001
1.40001
1.40001
1.40001
1.40001
1.40001
1.40001
1.40001
1.40001
1.40001
1.40001
1.40001
1.40001
1.40001
1.40001
1.40001
1.40001
1.40001
1.40001
1.40001
1.40001
1.40001
1.40001
1.40001
1.40001
1.40001
1.40001
1.40001
1.40001
1.40001
1.40001
1.40001
1.40001
1.40001
1.40001
1.40001
1.40001
1.40001
1.40001
1.40001
1.40001
1.40001
1.40001
1.40001
1.40001
1.40001
1.40001
1.40001
1.40001
1.40001
1.40001
1.40001
1.40001
1.40001
1.40001
1.40001
1.40001
1.40001
1.40001
1.40001
1.40001
1.40001
1.40001
1.40001
1.40001
1.40001
1.40001
1.40001
1.40001
1.40001
1.40001
1.40001
1.40001
1.40001
1.40001
1.40001
1.40001
1.40001
1.40001
1.40001
1.40001
1.40001
1.40001
1.40001
1.40001
1.40001
1.40001
1.40001
1.40001
1.40001
1.40001
1.40001
1.40001
1.40001
1.40001
1.40001
1.40001
1.40001
1.40001
1.40001
1.40001
1.40001
1.40001
1.40001
1.40001
1.40001
1.40001
1.40001
1.40001
1.40001
1.40001
1.40001
1.40001
1.40001
1.40001
1.40001
1.40001
1.40001
1.40001
1.40001
1.40001
1.40001
1.40001
1.40001
1.40001
1.40001
1.40001
1.40001
1.40001
1.40001
1.40001
1.40001
1.40001
1.40001
1.40001
1.40001
1.40001
1.40001
1.40001
1.40001
1.40001
1.40001
1.40001
1.40001
1.40001
1.40001
1.40001
1.40001
1.40001
1.40001
1.40001
1.40001
1.40001
1.40001
1.40001
1.40001
1.40001
1.40001
1.40001
1.40001
1.40001
1.40001
1.40001
1.40001
1.40001
1.40001
1.40001
1.40001
1.40001
1.40001
1.40001
1.40001
1.40001
1.40001
1.40001
1.40001
1.40001
1.40001
1.40001
1.40001
1.40001
1.40001
1.40001
1.40001
1.40001
1.40001
1.40001
1.40001
1.40001
1.40001
1.40001
1.40001
1.40001
1.40001
1.40001
1.40001
1.40001
1.40001
1.40001
1.40001
1.40001
1.40002
1.40003
1.40005
1.40008
1.40014
1.40022
1.40035
1.40054
1.40081
1.40119
1.4017
1.40236
1.4032
1.40426
1.40555
1.40711
1.40895
1.41107
1.41345
1.41608
1.41898
1.42216
1.42558
1.42919
1.43294
1.43676
1.4406
1.4445
1.44847
1.45245
1.45631
1.45997
1.46341
1.46664
1.46976
1.47282
1.47569
1.47826
1.48036
1.48202
1.48347
1.48486
1.48619
1.4873
1.48813
1.48833
1.48806
1.48762
1.48713
1.48699
1.48652
1.48568
1.48456
1.48299
1.48114
1.47924
1.47748
1.47586
1.4741
1.47203
1.46961
1.46691
1.46417
1.46164
1.45936
1.45714
1.45472
1.45195
1.44883
1.44558
1.44271
1.44042
1.43836
1.43615
1.43366
1.43084
1.42782
1.42493
1.42269
1.42105
1.41953
1.41783
1.41588
1.41375
1.41164
1.40985
1.40857
1.40766
1.4068
1.40585
1.4048
1.40376
1.40289
1.40229
1.40191
1.4016
1.40128
1.40094
1.40064
1.40042
1.40031
1.40024
1.40019
1.40013
1.40008
1.40004
1.40002
1.40002
1.40001
1.40001
1.40001
1.40001
1.40001
1.40001
1.40001
1.40001
1.40001
1.40001
1.40001
1.40001
1.40001
1.40001
1.40001
1.40001
1.40001
1.40001
1.40001
1.40001
1.40001
1.40001
1.40001
1.40001
1.40001
1.40001
1.40001
1.40001
1.40001
1.40001
1.40001
1.40001
1.40001
1.40001
1.40001
1.40001
1.40001
1.40001
1.40001
1.40001
1.40001
1.40001
1.40001
1.40001
1.40001
1.40001
1.40001
1.40001
1.40001
1.40001
1.40001
1.40001
1.40001
1.40001
1.40001
1.40001
1.40001
1.40001
1.40001
1.40001
1.40001
1.40001
1.40001
1.40001
1.40001
1.40001
1.40001
1.40001
1.40001
1.40001
1.40001
1.40001
1.40001
1.40001
1.40001
1.40001
1.40001
1.40001
1.40001
1.40001
1.40001
1.40001
1.40001
1.40001
1.40001
1.40001
1.40001
1.40001
1.40001
1.40001
1.40001
1.40001
1.40001
1.40001
1.40001
1.40001
1.40001
1.40001
1.40001
1.40001
1.40001
1.40001
1.40001
1.40001
1.40001
1.40001
1.40001
1.40001
1.40001
1.40001
1.40001
1.40001
1.40001
1.40001
1.40001
1.40001
1.40001
1.40001
1.40001
1.40001
1.40001
1.40001
1.40001
1.40001
1.40001
1.40001
1.40001
1.40001
1.40001
1.40001
1.40001
1.40001
1.40001
1.40001
1.40001
1.40001
1.40001
1.40001
1.40001
1.40001
1.40001
1.40001
1.40001
1.40001
1.40001
1.40001
1.40001
1.40001
1.40001
1.40001
1.40001
1.40001
1.40001
1.40001
1.40001
1.40001
1.40001
1.40001
1.40001
1.40001
1.40001
1.40001
1.40001
1.40001
1.40001
1.40001
1.40001
1.40001
1.40001
1.40001
1.40001
1.40001
1.40001
1.40001
1.40001
1.40001
1.40001
1.40001
1.40001
1.40001
1.40001
1.40001
1.40001
1.40001
1.40001
1.40001
1.40001
1.40001
1.40001
1.40001
1.40001
1.40001
1.40001
1.40001
1.40001
1.40001
1.40001
1.40001
1.40001
1.40001
1.40001
1.40001
1.40001
1.40001
1.40001
1.40001
1.40001
1.40001
1.40001
1.40001
1.40001
1.40001
1.40001
1.40001
1.40001
1.40001
1.40001
1.40001
1.40001
1.40001
1.40001
1.40001
1.40001
1.40001
1.40001
1.40001
1.40001
1.40001
1.40001
1.40001
1.40001
1.40001
1.40001
1.40001
1.40001
1.40001
1.40001
1.40001
1.40001
1.40001
1.40001
1.40001
1.40001
1.40001
1.40001
1.40001
1.40001
1.40001
1.40001
1.40001
1.40001
1.40001
1.40001
1.40001
1.40001
1.40001
1.40001
1.40001
1.40001
1.40001
1.40001
1.40001
1.40001
1.40001
1.40001
1.40001
1.40001
1.40001
1.40001
1.40001
1.40001
1.40001
1.40001
1.40001
1.40001
1.40001
1.40001
1.40001
1.40001
1.40001
1.40001
1.40001
1.40001
1.40001
1.40001
1.40001
1.40001
1.40002
1.40003
1.40004
1.40006
1.40009
1.40013
1.40018
1.40025
1.40035
1.40047
1.40062
1.40081
1.40103
1.40129
1.4016
1.40195
1.40236
1.40281
1.40331
1.40384
1.40441
1.40501
1.40565
1.40633
1.40701
1.4077
1.40836
1.40901
1.40964
1.41029
1.41092
1.4115
1.41202
1.41247
1.41283
1.41316
1.41347
1.41375
1.41398
1.41411
1.41407
1.41398
1.41386
1.41371
1.41352
1.4133
1.41302
1.41265
1.4122
1.41169
1.41118
1.41068
1.4102
1.40969
1.40912
1.4085
1.40784
1.40718
1.4066
1.40612
1.40567
1.40518
1.40464
1.40408
1.40353
1.40305
1.40268
1.4024
1.40214
1.40186
1.40155
1.40124
1.40097
1.40077
1.40064
1.40054
1.40046
1.40036
1.40027
1.40019
1.40013
1.40009
1.40007
1.40006
1.40004
1.40003
1.40002
1.40001
1.40001
1.40001
1.40001
1.40001
1.40001
1.40001
1.40001
1.40001
1.40001
1.40001
1.40001
1.40001
1.40001
1.40001
1.40001
1.40001
1.40001
1.40001
1.40001
1.40001
1.40001
1.40001
1.40001
1.40001
1.40001
1.40001
1.40001
1.40001
1.40001
1.40001
1.40001
1.40001
1.40001
1.40001
1.40001
1.40001
1.40001
1.40001
1.40001
1.40001
1.40001
1.40001
1.40001
1.40001
1.40001
1.40001
1.40001
1.40001
1.40001
1.40001
1.40001
1.40001
1.40001
1.40001
1.40001
1.40001
1.40001
1.40001
1.40001
1.40001
1.40001
1.40001
1.40001
1.40001
1.40001
1.40001
1.40001
1.40001
1.40001
1.40001
1.40001
1.40001
1.40001
1.40001
1.40001
1.40001
1.40001
1.40001
1.40001
1.40001
1.40001
1.40001
1.40001
1.40001
1.40001
1.40001
1.40001
1.40001
1.40001
1.40001
1.40001
1.40001
1.40001
1.40001
1.40001
1.40001
1.40001
1.40001
1.40001
1.40001
1.40001
1.40001
1.40001
1.40001
1.40001
1.40001
1.40001
1.40001
1.40001
1.40001
1.40001
1.40001
1.40001
1.40001
1.40001
1.40001
1.40001
1.40001
1.40001
1.40001
1.40001
1.40001
1.40001
1.40001
1.40001
1.40001
1.40001
1.40001
1.40001
1.40001
1.40001
1.40001
1.40001
1.40001
1.40001
1.40001
1.40001
1.40001
1.40001
1.40001
1.40001
1.40001
1.40001
1.40001
1.40001
1.40001
1.40001
1.40001
1.40001
1.40001
1.40001
1.40001
1.40001
1.40001
1.40001
1.40001
1.40001
1.40001
1.40001
1.40001
1.40001
1.40001
1.40001
1.40001
1.40001
1.40001
1.40001
1.40001
1.40001
1.40001
1.40001
1.40001
1.40001
1.40001
1.40001
1.40001
1.40001
1.40001
1.40001
1.40001
1.40001
1.40001
1.40001
1.40001
1.40001
1.40001
1.40001
1.40001
1.40001
1.40001
1.40001
1.40001
1.40001
1.40001
1.40001
1.40001
1.40001
1.40001
1.40001
1.40001
1.40001
1.40001
1.40001
1.40001
1.40001
1.40001
1.40001
1.40001
1.40001
1.40001
1.40001
1.40001
1.40001
1.40001
1.40001
1.40001
1.40001
1.40001
1.40001
1.40001
1.40001
1.40001
1.40001
1.40001
1.40001
1.40001
1.40001
1.40001
1.40001
1.40001
1.40001
1.40001
1.40001
1.40001
1.40001
1.40001
1.40001
1.40001
1.40001
1.40001
1.40001
1.40001
1.40001
1.40001
1.40001
1.40001
1.40001
1.40001
1.40001
1.40001
1.40001
1.40001
1.40001
1.40001
1.40001
1.40001
1.40001
1.40001
1.40001
1.40001
1.40001
1.40001
1.40001
1.40001
1.40001
1.40001
1.40001
1.40001
1.40001
1.40001
1.40001
1.40001
1.40001
1.40001
1.40001
1.40001
1.40001
1.40001
1.40001
1.40001
1.40001
1.40001
1.40001
1.40001
1.40001
1.40001
1.40001
1.40001
1.40001
1.40001
1.40001
1.40001
1.40001
1.40001
1.40001
1.40001
1.40001
1.40001
1.40001
1.40001
1.40001
1.40001
1.40001
1.40001
1.40001
1.40001
1.40001
1.40001
1.40001
1.40001
1.40001
1.40002
1.40002
1.40003
1.40004
1.40005
1.40006
1.40007
1.40009
1.40011
1.40013
1.40015
1.40017
1.4002
1.40023
1.40026
1.40029
1.40032
1.40035
1.40038
1.4004
1.40043
1.40046
1.40049
1.40051
1.40052
1.40053
1.40054
1.40054
1.40055
1.40055
1.40054
1.40053
1.40051
1.40049
1.40047
1.40045
1.40043
1.4004
1.40038
1.40034
1.40031
1.40028
1.40025
1.40023
1.40021
1.40018
1.40016
1.40013
1.40011
1.40009
1.40008
1.40007
1.40006
1.40005
1.40004
1.40003
1.40002
1.40002
1.40001
1.40001
1.40001
1.40001
1.40001
1.40001
1.40001
1.40001
1.40001
1.40001
1.40001
1.40001
1.40001
1.40001
1.40001
1.40001
1.40001
1.40001
1.40001
1.40001
1.40001
1.40001
1.40001
1.40001
1.40001
1.40001
1.40001
1.40001
1.40001
1.40001
1.40001
1.40001
1.40001
1.40001
1.40001
1.40001
1.40001
1.40001
1.40001
1.40001
1.40001
1.40001
1.40001
1.40001
1.40001
1.40001
1.40001
1.40001
1.40001
1.40001
1.40001
1.40001
1.40001
1.40001
1.40001
1.40001
1.40001
1.40001
1.40001
1.40001
1.40001
1.40001
1.40001
1.40001
1.40001
1.40001
1.40001
1.40001
1.40001
1.40001
1.40001
1.40001
1.40001
1.40001
1.40001
1.40001
1.40001
1.40001
1.40001
1.40001
1.40001
1.40001
1.40001
1.40001
1.40001
1.40001
1.40001
1.40001
1.40001
1.40001
1.40001
1.40001
1.40001
1.40001
1.40001
1.40001
1.40001
1.40001
1.40001
1.40001
1.40001
1.40001
1.40001
1.40001
1.40001
1.40001
1.40001
1.40001
1.40001
1.40001
1.40001
1.40001
1.40001
1.40001
1.40001
1.40001
1.40001
1.40001
1.40001
1.40001
1.40001
1.40001
1.40001
1.40001
1.40001
1.40001
1.40001
1.40001
1.40001
1.40001
1.40001
1.40001
1.40001
1.40001
1.40001
1.40001
1.40001
1.40001
1.40001
1.40001
1.40001
1.40001
1.40001
1.40001
1.40001
1.40001
1.40001
1.40001
1.40001
1.40001
1.40001
1.40001
1.40001
1.40001
1.40001
1.40001
1.40001
1.40001
1.40001
1.40001
1.40001
1.40001
1.40001
1.40001
1.40001
1.40001
1.40001
1.40001
1.40001
1.40001
1.40001
1.40001
1.40001
1.40001
1.40001
1.40001
1.40001
1.40001
1.40001
1.40001
1.40001
1.40001
1.40001
1.40001
1.40001
1.40001
1.40001
1.40001
1.40001
1.40001
1.40001
1.40001
1.40001
1.40001
1.40001
1.40001
1.40001
1.40001
1.40001
1.40001
1.40001
1.40001
1.40001
1.40001
1.40001
1.40001
1.40001
1.40001
1.40001
1.40001
1.40001
1.40001
1.40001
1.40001
1.40001
1.40001
1.40001
1.40001
1.40001
1.40001
1.40001
1.40001
1.40001
1.40001
1.40001
1.40001
1.40001
1.40001
1.40001
1.40001
1.40001
1.40001
1.40001
1.40001
1.40001
1.40001
1.40001
1.40001
1.40001
1.40001
1.40001
1.40001
1.40001
1.40001
1.40001
1.40001
1.40001
1.40001
1.40001
1.40001
1.40001
1.40001
1.40001
1.40001
1.40001
1.40001
1.40001
1.40001
1.40001
1.40001
1.40001
1.40001
1.40001
1.40001
1.40001
1.40001
1.40001
1.40001
1.40001
1.40001
1.40001
1.40001
1.40001
1.40001
1.40001
1.40001
1.40001
1.40001
1.40001
1.40001
1.40001
1.40001
1.40001
1.40001
1.40001
1.40001
1.40001
1.40001
1.40001
1.40001
1.40001
1.40001
1.40001
1.40001
1.40001
1.40001
1.40001
1.40001
1.40001
1.40001
1.40001
1.40001
1.40001
1.40001
1.40001
1.40001
1.40001
1.40001
1.40001
1.40001
1.40001
1.40001
1.40001
1.40001
1.40001
1.40001
1.40001
1.40001
1.40001
1.40001
1.40001
1.40001
1.40001
1.40001
1.40001
1.40001
1.40001
1.40001
1.40001
1.40001
1.40001
1.40001
1.40001
1.40001
1.40001
1.40001
1.40001
1.40001
1.40001
1.40001
1.40001
1.40001
1.40001
1.40001
1.40001
1.40001
1.40001
1.40001
1.40001
1.40001
1.40001
1.40001
1.40001
1.40001
1.40001
1.40001
1.40001
1.40001
1.40001
1.40001
1.40001
1.40001
1.40001
1.40001
1.40001
1.40001
1.40001
1.40001
1.40001
1.40001
1.40001
1.40001
1.40001
1.40001
1.40001
1.40001
1.40001
1.40001
1.40001
1.40001
1.40001
1.40001
1.40001
1.40001
1.40001
1.40001
1.40001
1.40001
1.40001
1.40001
1.40001
1.40001
1.40001
1.40001
1.40001
1.40001
1.40001
1.40001
1.40001
1.40001
1.40001
1.40001
1.40001
1.40001
1.40001
1.40001
1.40001
1.40001
1.40001
1.40001
1.40001
1.40001
1.40001
1.40001
1.40001
1.40001
1.40001
1.40001
1.40001
1.40001
1.40001
1.40001
1.40001
1.40001
1.40001
1.40001
1.40001
1.40001
1.40001
1.40001
1.40001
1.40001
1.40001
1.40001
1.40001
1.40001
1.40001
1.40001
1.40001
1.40001
1.40001
1.40001
1.40001
1.40001
1.40001
1.40001
1.40001
1.40001
1.40001
1.40001
1.40001
1.40001
1.40001
1.40001
1.40001
1.40001
1.40001
1.40001
1.40001
1.40001
1.40001
1.40001
1.40001
1.40001
1.40001
1.40001
1.40001
1.40001
1.40001
1.40001
1.40001
1.40001
1.40001
1.40001
1.40001
1.40001
1.40001
1.40001
1.40001
1.40001
1.40001
1.40001
1.40001
1.40001
1.40001
1.40001
1.40001
1.40001
1.40001
1.40001
1.40001
1.40001
1.40001
1.40001
1.40001
1.40001
1.40001
1.40001
1.40001
1.40001
1.40001
1.40001
1.40001
1.40001
1.40001
1.40001
1.40001
1.40001
1.40001
1.40001
1.40001
1.40001
1.40001
1.40001
1.40001
1.40001
1.40001
1.40001
1.40001
1.40001
1.40001
1.40001
1.40001
1.40001
1.40001
1.40001
1.40001
1.40001
1.40001
1.40001
1.40001
1.40001
1.40001
1.40001
1.40001
1.40001
1.40001
1.40001
1.40001
1.40001
1.40001
1.40001
1.40001
1.40001
1.40001
1.40001
1.40001
1.40001
1.40001
1.40001
1.40001
1.40001
1.40001
1.40001
1.40001
1.40001
1.40001
1.40001
1.40001
1.40001
1.40001
1.40001
1.40001
1.40001
1.40001
1.40001
1.40001
1.40001
1.40001
1.40001
1.40001
1.40001
1.40001
1.40001
1.40001
1.40001
1.40001
1.40001
1.40001
1.40001
1.40001
1.40001
1.40001
1.40001
1.40001
1.40001
1.40001
1.40001
1.40001
1.40001
1.40001
1.40001
1.40001
1.40001
1.40001
1.40001
1.40001
1.40001
1.40001
1.40001
1.40001
1.40001
1.40001
1.40001
1.40001
1.40001
1.40001
1.40001
1.40001
1.40001
1.40001
1.40001
1.40001
1.40001
1.40001
1.40001
1.40001
1.40001
1.40001
1.40001
1.40001
1.40001
1.40001
1.40001
1.40001
1.40001
1.40001
1.40001
1.40001
1.40001
1.40001
1.40001
1.40001
1.40001
1.40001
1.40001
1.40001
1.40001
1.40001
1.40001
1.40001
1.40001
1.40001
1.40001
1.40001
1.40001
1.40001
1.40001
1.40001
1.40001
1.40001
1.40001
1.40001
1.40001
1.40001
1.40001
1.40001
1.40001
1.40001
1.40001
1.40001
1.40001
1.40001
1.40001
1.40001
1.40001
1.40001
1.40001
1.40001
1.40001
1.40001
1.40001
1.40001
1.40001
1.40001
1.40001
1.40001
1.40001
1.40001
1.40001
1.40001
1.40001
1.40001
1.40001
1.40001
1.40001
1.40001
1.40001
1.40001
1.40001
1.40001
1.40001
1.40001
1.40001
1.40001
1.40001
1.40001
1.40001
1.40001
1.40001
1.40001
1.40001
1.40001
1.40001
1.40001
1.40001
1.40001
1.40001
1.40001
1.40001
1.40001
1.40001
1.40001
1.40001
1.40001
1.40001
1.40001
1.40001
1.40001
1.40001
1.40001
1.40001
1.40001
1.40001
1.40001
1.40001
1.40001
1.40001
1.40001
1.40001
1.40001
1.40001
1.40001
1.40001
1.40001
1.40001
1.40001
1.40001
1.40001
1.40001
1.40001
1.40001
1.40001
1.40001
1.40001
1.40001
1.40001
1.40001
1.40001
1.40001
1.40001
1.40001
1.40001
1.40001
1.40001
1.40001
1.40001
1.40001
1.40001
1.40001
1.40001
1.40001
1.40001
1.40001
1.40001
1.40001
1.40001
1.40001
1.40001
1.40001
1.40001
1.40001
1.40001
1.40001
1.40001
1.40001
1.40001
1.40001
1.40001
1.40001
1.40001
1.40001
1.40001
1.40001
1.40001
1.40001
1.40001
1.40001
1.40001
1.40001
1.40001
1.40001
1.40001
1.40001
1.40001
1.40001
1.40001
1.40001
1.40001
1.40001
1.40001
1.40001
1.40001
1.40001
1.40001
1.40001
1.40001
1.40001
1.40001
1.40001
1.40001
1.40001
1.40001
1.40001
1.40001
1.40001
1.40001
1.40001
1.40001
1.40001
1.40001
1.40001
1.40001
1.40001
1.40001
1.40001
1.40001
1.40001
1.40001
1.40001
1.40001
1.40001
1.40001
1.40001
1.40001
1.40001
1.40001
1.40001
1.40001
1.40001
1.40001
1.40001
1.40001
1.40001
1.40001
1.40001
1.40001
1.40001
1.40001
1.40001
1.40001
1.40001
1.40001
1.40001
1.40001
1.40001
1.40001
1.40001
1.40001
1.40001
1.40001
1.40001
1.40001
1.40001
1.40001
1.40001
1.40001
1.40001
1.40001
1.40001
1.40001
1.40001
1.40001
1.40001
1.40001
1.40001
1.40001
1.40001
1.40001
1.40001
1.40001
1.40001
1.40001
1.40001
1.40001
1.40001
1.40001
1.40001
1.40001
1.40001
1.40001
1.40001
1.40001
1.40001
1.40001
1.40001
1.40001
1.40001
1.40001
1.40001
1.40001
1.40001
1.40001
1.40001
1.40001
1.40001
1.40001
1.40001
1.40001
1.40001
1.40001
1.40001
1.40001
1.40001
1.40001
1.40001
1.40001
1.40001
1.40001
1.40001
1.40001
1.40001
1.40001
1.40001
1.40001
1.40001
1.40001
1.40001
1.40001
1.40001
1.40001
1.40001
1.40001
1.40001
1.40001
1.40001
1.40001
1.40001
1.40001
1.40001
1.40001
1.40001
1.40001
1.40001
1.40001
1.40001
1.40001
1.40001
1.40001
1.40001
1.40001
1.40001
1.40001
1.40001
1.40001
1.40001
1.40001
1.40001
1.40001
1.40001
1.40001
1.40001
1.40001
1.40001
1.40001
1.40001
1.40001
1.40001
1.40001
1.40001
1.40001
1.40001
1.40001
1.40001
1.40001
1.40001
1.40001
1.40001
1.40001
1.40001
1.40001
1.40001
1.40001
1.40001
1.40001
1.40001
1.40001
1.40001
1.40001
1.40001
1.40001
1.40001
1.40001
1.40001
1.40001
1.40001
1.40001
1.40001
1.40001
1.40001
1.40001
1.40001
1.40001
1.40001
1.40001
1.40001
1.40001
1.40001
1.40001
1.40001
1.40001
1.40001
1.40001
1.40001
1.40001
1.40001
1.40001
1.40001
1.40001
1.40001
1.40001
1.40001
1.40001
1.40001
1.40001
1.40001
1.40001
1.40001
1.40001
1.40001
1.40001
1.40001
1.40001
1.40001
1.40001
1.40001
1.40001
1.40001
1.40001
1.40001
1.40001
1.40001
1.40001
1.40001
1.40001
1.40001
1.40001
1.40001
1.40001
1.40001
1.40001
1.40001
1.40001
1.40001
1.40001
1.40001
1.40001
1.40001
1.40001
1.40001
1.40001
1.40001
1.40001
1.40001
1.40001
1.40001
1.40001
1.40001
1.40001
1.40001
1.40001
1.40001
1.40001
1.40001
1.40001
1.40001
1.40001
1.40001
1.40001
1.40001
1.40001
1.40001
1.40001
1.40001
1.40001
1.40001
1.40001
1.40001
1.40001
1.40001
1.40001
1.40001
1.40001
1.40001
1.40001
1.40001
1.40001
1.40001
1.40001
1.40001
1.40001
1.40001
1.40001
1.40001
1.40001
1.40001
1.40001
1.40001
1.40001
1.40001
1.40001
1.40001
1.40001
1.40001
1.40001
1.40001
1.40001
1.40001
1.40001
1.40001
1.40001
1.40001
1.40001
1.40001
1.40001
1.40001
1.40001
1.40001
1.40001
1.40001
1.40001
1.40001
1.40001
1.40001
1.40001
1.40001
1.40001
1.40001
1.40001
1.40001
1.40001
1.40001
1.40001
1.40001
1.40001
1.40001
1.40001
1.40001
1.40001
1.40001
1.40001
1.40001
1.40001
1.40001
1.40001
1.40001
1.40001
1.40001
1.40001
1.40001
1.40001
1.40001
1.40001
1.40001
1.40001
1.40001
1.40001
1.40001
1.40001
1.40001
1.40001
1.40001
1.40001
1.40001
1.40001
1.40001
1.40001
1.40001
1.40001
1.40001
1.40001
1.40001
1.40001
1.40001
1.40001
1.40001
1.40001
1.40001
1.40001
1.40001
1.40001
1.40001
1.40001
1.40001
1.40001
1.40001
1.40001
1.40001
1.40001
1.40001
1.40001
1.40001
1.40001
1.40001
1.40001
1.40001
1.40001
1.40001
1.40001
1.40001
1.40001
1.40001
1.40001
1.40001
1.40001
1.40001
1.40001
1.40001
1.40001
1.40001
1.40001
1.40001
1.40001
1.40001
1.40001
1.40001
1.40001
1.40001
1.40001
1.40001
1.40001
1.40001
1.40001
1.40001
1.40001
1.40001
1.40001
1.40001
1.40001
1.40001
1.40001
1.40001
1.40001
1.40001
1.40001
1.40001
1.40001
1.40001
1.40001
1.40001
1.40001
1.40001
1.40001
1.40001
1.40001
1.40001
1.40001
1.40001
1.40001
1.40001
1.40001
1.40001
1.40001
1.40001
1.40001
1.40001
1.40001
1.40001
1.40001
1.40001
1.40001
1.40001
1.40001
1.40001
1.40001
1.40001
1.40001
1.40001
1.40001
1.40001
1.40001
1.40001
1.40001
1.40001
1.40001
1.40001
1.40001
1.40001
1.40001
1.40001
1.40001
1.40001
1.40001
1.40001
1.40001
1.40001
1.40001
1.40001
1.40001
1.40001
1.40001
1.40001
1.40001
1.40001
1.40001
1.40001
1.40001
1.40001
1.40001
1.40001
1.40001
1.40001
1.40001
1.40001
1.40001
1.40001
1.40001
1.40001
1.40001
1.40001
1.40001
1.40001
1.40001
1.40001
1.40001
1.40001
1.40001
1.40001
1.40001
1.40001
1.40001
1.40001
1.40001
1.40001
1.40001
1.40001
1.40001
1.40001
1.40001
1.40001
1.40001
1.40001
1.40001
1.40001
1.40001
1.40001
1.40001
1.40001
1.40001
1.40001
1.40001
1.40001
1.40001
1.40001
1.40001
1.40001
1.40001
1.40001
1.40001
1.40001
1.40001
1.40001
1.40001
1.40001
1.40001
1.40001
1.40001
1.40001
1.40001
1.40001
1.40001
1.40001
1.40001
1.40001
1.40001
1.40001
1.40001
1.40001
1.40001
1.40001
1.40001
1.40001
1.40001
1.40001
1.40001
1.40001
1.40001
1.40001
1.40001
1.40001
1.40001
1.40001
1.40001
1.40001
1.40001
1.40001
1.40001
1.40001
1.40001
1.40001
1.40001
1.40001
1.40001
1.40001
1.40001
1.40001
1.40001
1.40001
1.40001
1.40001
1.40001
1.40001
1.40001
1.40001
1.40001
1.40001
1.40001
1.40001
1.40001
1.40001
1.40001
1.40001
1.40001
1.40001
1.40001
1.40001
1.40001
1.40001
1.40001
1.40001
1.40001
1.40001
1.40001
1.40001
1.40001
1.40001
1.40001
1.40001
1.40001
1.40001
1.40001
1.40001
1.40001
1.40001
1.40001
1.40001
1.40001
1.40001
1.40001
1.40001
1.40001
1.40001
1.40001
1.40001
1.40001
1.40001
1.40001
1.40001
1.40001
1.40001
1.40001
1.40001
1.40001
1.40001
1.40001
1.40001
1.40001
1.40001
1.40001
1.40001
1.40001
1.40001
1.40001
1.40001
1.40001
1.40001
1.40001
1.40001
1.40001
1.40001
1.40001
1.40001
1.40001
1.40001
1.40001
1.40001
1.40001
1.40001
1.40001
1.40001
1.40001
1.40001
1.40001
1.40001
1.40001
1.40001
1.40001
1.40001
1.40001
1.40001
1.40001
1.40001
1.40001
1.40001
1.40001
1.40001
1.40001
1.40001
1.40001
1.40001
1.40001
1.40001
1.40001
1.40001
1.40001
1.40001
1.40001
1.40001
1.40001
1.40001
1.40001
1.40001
1.40001
1.40001
1.40001
1.40001
1.40001
1.40001
1.40001
1.40001
1.40001
1.40001
1.40001
1.40001
1.40001
1.40001
1.40001
1.40001
1.40001
1.40001
1.40001
1.40001
1.40001
1.40001
1.40001
1.40001
1.40001
1.40001
1.40001
1.40001
1.40001
1.40001
1.40001
1.40001
1.40001
1.40001
1.40001
1.40001
1.40001
1.40001
1.40001
1.40001
1.40001
1.40001
1.40001
1.40001
1.40001
1.40001
1.40001
1.40001
1.40001
1.40001
1.40001
1.40001
1.40001
1.40001
1.40001
1.40001
1.40001
1.40001
1.40001
1.40001
1.40001
1.40001
1.40001
1.40001
1.40001
1.40001
1.40001
1.40001
1.40001
1.40001
1.40001
1.40001
1.40001
1.40001
1.40001
1.40001
1.40001
1.40001
1.40001
1.40001
1.40001
1.40001
1.40001
1.40001
1.40001
1.40001
1.40001
1.40001
1.40001
1.40001
1.40001
1.40001
1.40001
1.40001
1.40001
1.40001
1.40001
1.40001
1.40001
1.40001
1.40001
1.40001
1.40001
1.40001
1.40001
1.40001
1.40001
1.40001
1.40001
1.40001
1.40001
1.40001
1.40001
1.40001
1.40001
1.40001
1.40001
1.40001
1.40001
1.40001
1.40001
1.40001
1.40001
1.40001
1.40001
1.40001
1.40001
1.40001
1.40001
1.40001
1.40001
1.40001
1.40001
1.40001
1.40001
1.40001
1.40001
1.40001
1.40001
1.40001
1.40001
1.40001
1.40001
1.40001
1.40001
1.40001
1.40001
1.40001
1.40001
1.40001
1.40001
1.40001
1.40001
1.40001
1.40001
1.40001
1.40001
1.40001
1.40001
1.40001
1.40001
1.40001
1.40001
1.40001
1.40001
1.40001
1.40001
1.40001
1.40001
1.40001
1.40001
1.40001
1.40001
1.40001
1.40001
1.40001
1.40001
1.40001
1.40001
1.40001
1.40001
1.40001
1.40001
1.40001
1.40001
1.40001
1.40001
1.40001
1.40001
1.40001
1.40001
1.40001
1.40001
1.40001
1.40001
1.40001
1.40001
1.40001
1.40001
1.40001
1.40001
1.40001
1.40001
1.40001
1.40001
1.40001
1.40001
1.40001
1.40001
1.40001
1.40001
1.40001
1.40001
1.40001
1.40001
1.40001
1.40001
1.40001
1.40001
1.40001
1.40001
1.40001
1.40001
1.40001
1.40001
1.40001
1.40001
1.40001
1.40001
1.40001
1.40001
1.40001
1.40001
1.40001
1.40001
1.40001
1.40001
1.40001
1.40001
1.40001
1.40001
1.40001
1.40001
1.40001
1.40001
1.40001
1.40001
1.40001
1.40001
1.40001
1.40001
1.40001
1.40001
1.40001
1.40001
1.40001
1.40001
1.40001
1.40001
1.40001
1.40001
1.40001
1.40001
1.40001
1.40001
1.40001
1.40001
1.40001
1.40001
1.40001
1.40001
1.40001
1.40001
1.40001
1.40001
1.40001
1.40001
1.40001
1.40001
1.40001
1.40001
1.40001
1.40001
1.40001
1.40001
1.40001
1.40001
1.40001
1.40001
1.40001
1.40001
1.40001
1.40001
1.40001
1.40001
1.40001
1.40001
1.40001
1.40001
1.40001
1.40001
1.40001
1.40001
1.40001
1.40001
1.40001
1.40001
1.40001
1.40001
1.40001
1.40001
1.40001
1.40001
1.40001
1.40001
1.40001
1.40001
1.40001
1.40001
1.40001
1.40001
1.40001
1.40001
1.40001
1.40001
1.40001
1.40001
1.40001
1.40001
1.40001
1.40001
1.40001
1.40001
1.40001
1.40001
1.40001
1.40001
1.40001
1.40001
1.40001
1.40001
1.40001
1.40001
1.40001
1.40001
1.40001
1.40001
1.40001
1.40001
1.40001
1.40001
1.40001
1.40001
1.40001
1.40001
1.40001
1.40001
1.40001
1.40001
1.40001
1.40001
1.40001
1.40001
1.40001
1.40001
1.40001
1.40001
1.40001
1.40001
1.40001
1.40001
1.40001
1.40001
1.40001
1.40001
1.40001
1.40001
1.40001
1.40001
1.40001
1.40001
1.40001
1.40001
1.40001
1.40001
1.40001
1.40001
1.40001
1.40001
1.40001
1.40001
1.40001
1.40001
1.40001
1.40001
1.40001
1.40001
1.40001
1.40001
1.40001
1.40001
1.40001
1.40001
1.40001
1.40001
1.40001
1.40001
1.40001
1.40001
1.40001
1.40001
1.40001
1.40001
1.40001
1.40001
1.40001
1.40001
1.40001
1.40001
1.40001
1.40001
1.40001
1.40001
1.40001
1.40001
1.40001
1.40001
1.40001
1.40001
1.40001
1.40001
1.40001
1.40001
1.40001
1.40001
1.40001
1.40001
1.40001
1.40001
1.40001
1.40001
1.40001
1.40001
1.40001
1.40001
1.40001
1.40001
1.40001
1.40001
1.40001
1.40001
1.40001
1.40001
1.40001
1.40001
1.40001
1.40001
1.40001
1.40001
1.40001
1.40001
1.40001
1.40001
1.40001
1.40001
1.40001
1.40001
1.40001
1.40001
1.40001
1.40001
1.40001
1.40001
1.40001
1.40001
1.40001
1.40001
1.40001
1.40001
1.40001
1.40001
1.40001
1.40001
1.40001
1.40001
1.40001
1.40001
1.40001
1.40001
1.40001
1.40001
1.40001
1.40001
1.40001
1.40001
1.40001
1.40001
1.40001
1.40001
1.40001
1.40001
1.40001
1.40001
1.40001
1.40001
1.40001
1.40001
1.40001
1.40001
1.40001
1.40001
1.40001
1.40001
1.40001
1.40001
1.40001
1.40001
1.40001
1.40001
1.40001
1.40001
1.40001
1.40001
1.40001
1.40001
1.40001
1.40001
1.40001
1.40001
1.40001
1.40001
1.40001
1.40001
1.40001
1.40001
1.40001
1.40001
1.40001
1.40001
1.40001
1.40001
1.40001
1.40001
1.40001
1.40001
1.40001
1.40001
1.40001
1.40001
1.40001
1.40001
1.40001
1.40001
1.40001
1.40001
1.40001
1.40001
1.40001
1.40001
1.40001
1.40001
1.40001
1.40001
1.40001
1.40001
1.40001
1.40001
1.40001
1.40001
1.40001
1.40001
1.40001
1.40001
1.40001
1.40001
1.40001
1.40001
1.40001
1.40001
1.40001
1.40001
1.40001
1.40001
1.40001
1.40001
1.40001
1.40001
1.40001
1.40001
1.40001
1.40001
1.40001
1.40001
1.40001
1.40001
1.40001
1.40001
1.40001
1.40001
1.40001
1.40001
1.40001
1.40001
1.40001
1.40001
1.40001
1.40001
1.40001
1.40001
1.40001
1.40001
1.40001
1.40001
1.40001
1.40001
1.40001
1.40001
1.40001
1.40001
1.40001
1.40001
1.40001
1.40001
1.40001
1.40001
1.40001
1.40001
1.40001
1.40001
1.40001
1.40001
1.40001
1.40001
1.40001
1.40001
1.40001
1.40001
1.40001
1.40001
1.40001
1.40001
1.40001
1.40001
1.40001
1.40001
1.40001
1.40001
1.40001
1.40001
1.40001
1.40001
1.40001
1.40001
1.40001
1.40001
1.40001
1.40001
1.40001
1.40001
1.40001
1.40001
1.40001
1.40001
1.40001
1.40001
1.40001
1.40001
1.40001
1.40001
1.40001
1.40001
1.40001
1.40001
1.40001
1.40001
1.40001
1.40001
1.40001
1.40001
1.40001
1.40001
1.40001
1.40001
1.40001
1.40001
1.40001
1.40001
1.40001
1.40001
1.40001
1.40001
1.40001
1.40001
1.40001
1.40001
1.40001
1.40001
1.40001
1.40001
1.40001
1.40001
1.40001
1.40001
1.40001
1.40001
1.40001
1.40001
1.40001
1.40001
1.40001
1.40001
1.40001
1.40001
1.40001
1.40001
1.40001
1.40001
1.40001
1.40001
1.40001
1.40001
1.40001
1.40001
1.40001
1.40001
1.40001
1.40001
1.40001
1.40001
1.40001
1.40001
1.40001
1.40001
1.40001
1.40001
1.40001
1.40001
1.40001
1.40001
1.40001
1.40001
1.40001
1.40001
1.40001
1.40001
1.40001
1.40001
1.40001
1.40001
1.40001
1.40001
1.40001
1.40001
1.40001
1.40001
1.40001
1.40001
1.40001
1.40001
1.40001
1.40001
1.40001
1.40001
1.40001
1.40001
1.40001
1.40001
1.40001
1.40001
1.40001
1.40001
1.40001
1.40001
1.40001
1.40001
1.40001
1.40001
1.40001
1.40001
1.40001
1.40001
1.40001
1.40001
1.40001
1.40001
1.40001
1.40001
1.40001
1.40001
1.40001
1.40001
1.40001
1.40001
1.40001
1.40001
1.40001
1.40001
1.40001
1.40001
1.40001
1.40001
1.40001
1.40001
1.40001
1.40001
1.40001
1.40001
1.40001
1.40001
1.40001
1.40001
1.40001
1.40001
1.40001
1.40001
1.40001
1.40001
1.40001
1.40001
1.40001
1.40001
1.40001
1.40001
1.40001
1.40001
1.40001
1.40001
1.40001
1.40001
1.40001
1.40001
1.40001
1.40001
1.40001
1.40001
1.40001
1.40001
1.40001
1.40001
1.40001
1.40001
1.40001
1.40001
1.40001
1.40001
1.40001
1.40001
1.40001
1.40001
1.40001
1.40001
1.40001
1.40001
1.40001
1.40001
1.40001
1.40001
1.40001
1.40001
1.40001
1.40001
1.40001
1.40001
1.40001
1.40001
1.40001
1.40001
1.40001
1.40001
1.40001
1.40001
1.40001
1.40001
1.40001
1.40001
1.40001
1.40001
1.40001
1.40001
1.40001
1.40001
1.40001
1.40001
1.40001
1.40001
1.40001
1.40001
1.40001
1.40001
1.40001
1.40001
1.40001
1.40001
1.40001
1.40001
1.40001
1.40001
1.40001
1.40001
1.40001
1.40001
1.40001
1.40001
1.40001
1.40001
1.40001
1.40001
1.40001
1.40001
1.40001
1.40001
1.40001
1.40001
1.40001
1.40001
1.40001
1.40001
1.40001
1.40001
1.40001
1.40001
1.40001
1.40001
1.40001
1.40001
1.40001
1.40001
1.40001
1.40001
1.40001
1.40001
1.40001
1.40001
1.40001
1.40001
1.40001
1.40001
1.40001
1.40001
1.40001
1.40001
1.40001
1.40001
1.40001
1.40001
1.40001
1.40001
1.40001
1.40001
1.40001
1.40001
1.40001
1.40001
1.40001
1.40001
1.40001
1.40001
1.40001
1.40001
1.40001
1.40001
1.40001
1.40001
1.40001
1.40001
1.40001
1.40001
1.40001
1.40001
1.40001
1.40001
1.40001
1.40001
1.40001
1.40001
1.40001
1.40001
1.40001
1.40001
1.40001
1.40001
1.40001
1.40001
1.40001
1.40001
1.40001
1.40001
1.40001
1.40001
1.40001
1.40001
1.40001
1.40001
1.40001
1.40001
1.40001
1.40001
1.40001
1.40001
1.40001
1.40001
1.40001
1.40001
1.40001
1.40001
1.40001
1.40001
1.40001
1.40001
1.40001
1.40001
1.40001
1.40001
1.40001
1.40001
1.40001
1.40001
1.40001
1.40001
1.40001
1.40001
1.40001
1.40001
1.40001
1.40001
1.40001
1.40001
1.40001
1.40001
1.40001
1.40001
1.40001
1.40001
1.40001
1.40001
1.40001
1.40001
1.40001
1.40001
1.40001
1.40001
1.40001
1.40001
1.40001
1.40001
1.40001
1.40001
1.40001
1.40001
)
;

boundaryField
{
    inlet
    {
        type            calculated;
        value           uniform 1.40001;
    }
    outlet
    {
        type            calculated;
        value           uniform 1.40001;
    }
    bottom
    {
        type            symmetryPlane;
    }
    top
    {
        type            symmetryPlane;
    }
    obstacle
    {
        type            calculated;
        value           nonuniform List<scalar> 
416
(
3.12756
3.12836
3.12968
3.13138
3.1328
3.13359
3.1333
3.13169
3.12876
3.12465
3.11994
3.11476
3.10951
3.10393
3.09804
3.0914
3.084
3.07526
3.06548
3.05391
3.04092
3.02545
3.00835
2.98819
2.96647
2.94061
2.91269
2.87586
2.83304
2.76684
2.67159
2.56638
0.961948
0.651743
0.48813
0.396996
0.34132
0.288652
0.229646
0.197523
0.183628
0.166682
0.143267
0.139377
0.148328
0.147175
0.144396
0.145287
0.151892
0.162369
0.176406
0.192091
0.203486
0.220094
0.234993
0.246556
0.261011
0.285956
0.313484
0.338837
0.367393
0.408062
0.446812
0.478774
0.50807
0.533066
0.557353
0.580194
0.607701
0.697448
0.872354
0.934593
0.93772
0.929741
0.926264
0.936016
0.951253
0.968146
0.977269
0.983296
0.979515
0.976211
0.976529
0.97883
0.986519
0.994001
0.996897
0.999147
1.00123
1.00195
1.00363
1.00705
1.01108
1.0157
1.02245
1.03486
1.05038
1.05763
1.06003
1.06143
1.06183
1.0633
1.06522
1.06973
1.0816
1.09677
1.10288
1.10443
1.10399
1.10171
1.10181
1.10285
1.10723
1.12104
1.13982
1.14765
1.14891
1.14881
1.1461
1.14471
1.14499
1.14639
1.1514
1.16341
1.17763
1.18513
1.18756
1.18897
1.19091
1.19398
1.1968
1.1998
1.20496
1.21323
1.2252
1.24409
1.26744
1.27707
1.27901
1.27875
1.27957
1.28268
1.28984
1.30488
1.33194
1.37555
1.42221
1.43596
1.43303
1.42195
1.40557
1.39746
1.39447
1.39264
1.39292
1.40026
1.41633
1.42404
1.42293
1.42082
1.41776
1.41366
1.41167
1.41094
1.41069
1.41285
1.41763
1.41883
1.41816
1.41653
1.41272
1.40979
1.4092
1.40901
1.41048
1.41694
1.42451
1.42583
1.42552
1.4246
1.42146
1.41625
1.41412
1.4139
1.41377
1.41384
1.41514
1.41766
1.41859
1.41851
1.41842
1.41836
1.41833
1.4184
1.41891
1.42029
1.42122
1.42124
1.42108
1.4203
1.41849
1.41729
1.4172
1.41727
1.41776
1.41946
1.42162
1.42213
1.42212
1.42179
1.42005
1.41532
1.41079
1.40989
1.40984
1.4098
1.40967
1.4092
1.40834
1.408
1.40801
1.40812
1.4087
1.41061
1.41311
1.41381
1.41385
1.41377
1.4129
1.40944
1.40321
1.40022
1.40001
1.40001
1.40001
1.40001
1.40001
1.40001
1.40001
1.40001
1.40001
1.40001
1.40001
1.40001
1.40001
1.40001
1.40001
1.40001
1.40001
1.40001
1.40001
1.40001
1.40001
1.40001
1.40001
1.40001
1.40001
1.40001
1.40001
1.40001
1.40001
1.40001
1.40001
1.40001
1.40001
1.40001
1.40001
1.40001
1.40001
1.40001
1.40001
1.40001
1.40001
1.40001
1.40001
1.40001
1.40001
1.40001
1.40001
1.40001
1.40001
1.40001
1.40001
1.40001
1.40001
1.40001
1.40001
1.40001
1.40001
1.40001
1.40001
1.40001
1.40001
1.40001
1.40001
1.40001
1.40001
1.40001
1.40001
1.40001
1.40001
1.40001
1.40001
1.40001
1.40001
1.40001
1.40001
1.40001
1.40001
1.40001
1.40001
1.40001
1.40001
1.40001
1.40001
1.40001
1.40001
1.40001
1.40001
1.40001
1.40001
1.40001
1.40001
1.40001
1.40001
1.40001
1.40001
1.40001
1.40001
1.40001
1.40001
1.40001
1.40001
1.40001
1.40001
1.40001
1.40001
1.40001
1.40001
1.40001
1.40001
1.40001
1.40001
1.40001
1.40001
1.40001
1.40001
1.40001
1.40001
1.40001
1.40001
1.40001
1.40001
1.40001
1.40001
1.40001
1.40001
1.40001
1.40001
1.40001
1.40001
1.40001
1.40001
1.40001
1.40001
1.40001
1.40001
1.40001
1.40001
1.40001
1.40001
1.40001
1.40001
1.40001
1.40001
1.40001
1.40001
1.40001
1.40001
1.40001
1.40001
1.40001
1.40001
1.40001
1.40001
1.40001
1.40001
1.40001
1.40001
1.40001
1.40001
1.40001
1.40001
1.40001
1.40001
1.40001
1.40001
1.40001
1.40001
1.40001
1.40001
1.40001
1.40001
1.40001
1.40001
1.40001
1.40001
1.40001
1.40001
1.40001
1.40001
1.40001
1.40001
1.40001
1.40001
1.40001
)
;
    }
    defaultFaces
    {
        type            empty;
    }
}


// ************************************************************************* //
