/*--------------------------------*- C++ -*----------------------------------*\
  =========                 |
  \\      /  F ield         | OpenFOAM: The Open Source CFD Toolbox
   \\    /   O peration     | Website:  https://openfoam.org
    \\  /    A nd           | Version:  7
     \\/     M anipulation  |
\*---------------------------------------------------------------------------*/
FoamFile
{
    version     2.0;
    format      ascii;
    class       volScalarField;
    location    "3";
    object      p;
}
// * * * * * * * * * * * * * * * * * * * * * * * * * * * * * * * * * * * * * //

dimensions      [1 -1 -2 0 0 0 0];

internalField   nonuniform List<scalar> 
18432
(
1
1
1
1
1
1
1
1
1
1
1
1
1
1
1
1
1
1
1
1
1
1
1
1
1
1
1
1.65022
4.16589
4.6513
4.6565
4.68225
4.69898
4.71875
4.74154
4.76625
4.79036
4.81236
4.83303
4.85389
4.87485
4.89492
4.91364
4.93158
4.9514
4.97257
4.99214
5.00816
5.02072
5.03204
5.04463
5.06049
5.07985
5.10171
5.1245
5.1484
5.17329
5.19865
5.22269
5.24355
5.26073
5.2751
5.2882
5.30217
5.31779
5.33543
5.35408
5.37305
5.39235
5.41285
5.43423
5.45445
5.47178
5.48662
5.49999
5.51128
5.52129
5.5306
5.54036
5.55161
5.56638
5.58535
5.6039
5.61682
5.6234
5.62609
5.6289
5.63511
5.64594
5.66073
5.67582
5.68754
5.69388
5.69547
5.69394
5.69259
1
1
1
1
1
1
1
1
1
1
1
1
1
1
1
1
1
1
1
1
1
1
1
1
1
1
1
1.64001
4.16108
4.64792
4.65917
4.68239
4.69866
4.71807
4.74068
4.76555
4.78965
4.81156
4.83221
4.85296
4.8736
4.89332
4.91182
4.92968
4.94968
4.97124
4.99137
5.00771
5.0203
5.03151
5.04412
5.05997
5.0791
5.10024
5.12215
5.14562
5.1712
5.19796
5.22304
5.24373
5.25949
5.27199
5.28425
5.29928
5.31711
5.3371
5.35749
5.37669
5.3945
5.41234
5.43129
5.45054
5.46841
5.48444
5.49865
5.51025
5.52042
5.53022
5.54059
5.55189
5.5659
5.58349
5.6009
5.61384
5.62134
5.62514
5.62883
5.6356
5.64641
5.66006
5.67363
5.68402
5.69001
5.69272
5.69327
5.69329
1
1
1
1
1
1
1
1
1
1
1
1
1
1
1
1
1
1
1
1
1
1
1
1
1
1
1
1.62181
4.15136
4.64614
4.65884
4.68045
4.69694
4.71625
4.73879
4.76376
4.788
4.81003
4.83083
4.85161
4.87219
4.89172
4.90985
4.92727
4.94711
4.96887
4.9897
5.00668
5.01959
5.03082
5.04337
5.05916
5.07805
5.09849
5.11941
5.1421
5.16783
5.19595
5.22264
5.24384
5.25861
5.26905
5.27947
5.29457
5.31443
5.33715
5.36009
5.38058
5.39766
5.41283
5.42843
5.44548
5.46329
5.4808
5.49639
5.50863
5.51893
5.52905
5.54013
5.55191
5.56537
5.58132
5.59706
5.60955
5.61794
5.62328
5.62834
5.63617
5.64717
5.65971
5.67108
5.67904
5.68408
5.68812
5.69172
5.69412
1
1
1
1
1
1
1
1
1
1
1
1
1
1
1
1
1
1
1
1
1
1
1
1
1
1
1
1.59903
4.13202
4.64386
4.65729
4.67841
4.69545
4.71456
4.73669
4.76149
4.78572
4.80792
4.82893
4.84993
4.87083
4.89041
4.9082
4.92491
4.94411
4.96549
4.98673
5.00448
5.01825
5.03004
5.04268
5.05817
5.07643
5.0959
5.11597
5.13824
5.16387
5.19274
5.22088
5.24285
5.25725
5.26663
5.2757
5.29003
5.31082
5.33619
5.36173
5.38356
5.40021
5.41311
5.42539
5.43962
5.45672
5.47553
5.49296
5.50648
5.51724
5.5274
5.53876
5.55063
5.56339
5.5777
5.59189
5.60393
5.61334
5.62076
5.62791
5.63667
5.64727
5.65785
5.6666
5.67235
5.67684
5.68245
5.68912
5.69381
1
1
1
1
1
1
1
1
1
1
1
1
1
1
1
1
1
1
1
1
1
1
1
1
1
1
1
1.56985
4.10556
4.64058
4.65454
4.67619
4.69357
4.71218
4.73376
4.75844
4.7828
4.80525
4.82665
4.84814
4.86959
4.88957
4.90727
4.92343
4.94181
4.96216
4.98297
5.00093
5.01575
5.02864
5.04186
5.05722
5.07477
5.09318
5.11265
5.1349
5.16029
5.18872
5.21713
5.23987
5.25506
5.26501
5.27414
5.28771
5.30754
5.3329
5.35969
5.38322
5.4006
5.41267
5.4228
5.43448
5.45031
5.46956
5.48847
5.50353
5.51512
5.52531
5.53636
5.54779
5.55989
5.57303
5.58604
5.59764
5.60797
5.6175
5.62685
5.63638
5.64611
5.65422
5.66053
5.66478
5.66927
5.67645
5.68531
5.69145
1
1
1
1
1
1
1
1
1
1
1
1
1
1
1
1
1
1
1
1
1
1
1
1
1
1
1
1.53257
4.07259
4.63674
4.65065
4.67303
4.69102
4.709
4.73028
4.75503
4.77964
4.80237
4.82411
4.84585
4.86764
4.88813
4.90614
4.92245
4.94018
4.95977
4.97965
4.99697
5.01231
5.02623
5.04036
5.05599
5.07309
5.0906
5.10959
5.13192
5.15726
5.18478
5.21212
5.23477
5.25113
5.26302
5.27371
5.28749
5.30601
5.32924
5.35461
5.37836
5.39705
5.41008
5.41992
5.4304
5.44525
5.46419
5.48356
5.49952
5.51183
5.52196
5.53236
5.54319
5.55487
5.56736
5.5796
5.59088
5.60212
5.61356
5.62471
5.63465
5.64272
5.64859
5.65322
5.65696
5.6621
5.67037
5.67999
5.68641
1
1
1
1
1
1
1
1
1
1
1
1
1
1
1
1
1
1
1
1
1
1
1
1
1
1
1
1.4867
4.03156
4.63383
4.6462
4.66891
4.68717
4.70492
4.72626
4.7515
4.77622
4.79922
4.82111
4.8428
4.86463
4.88553
4.90438
4.92149
4.93928
4.95854
4.97744
4.9936
5.00839
5.02252
5.03741
5.05363
5.07089
5.08803
5.10674
5.12903
5.15444
5.1814
5.20735
5.22895
5.24563
5.2593
5.27225
5.28712
5.30511
5.3266
5.34957
5.37119
5.38947
5.4039
5.41541
5.42678
5.44182
5.4602
5.47885
5.4944
5.5066
5.51648
5.52653
5.53726
5.54897
5.56114
5.57276
5.58375
5.59579
5.60886
5.6214
5.63101
5.63712
5.64115
5.64508
5.64938
5.65545
5.664
5.67284
5.67861
1
1
1
1
1
1
1
1
1
1
1
1
1
1
1
1
1
1
1
1
1
1
1
1
1
1
1
1.43331
3.9812
4.63055
4.64132
4.6642
4.68175
4.69983
4.72227
4.74771
4.77268
4.79595
4.81793
4.83936
4.86076
4.88161
4.90116
4.91935
4.93787
4.95734
4.97579
4.99111
5.00494
5.01849
5.03345
5.05021
5.06787
5.08507
5.10373
5.12591
5.15155
5.17856
5.20375
5.22417
5.24003
5.2538
5.26789
5.28424
5.30303
5.32406
5.34522
5.36403
5.37998
5.39448
5.40839
5.42271
5.43946
5.45766
5.47482
5.48843
5.49914
5.50842
5.51877
5.53028
5.54258
5.55465
5.56564
5.57622
5.58877
5.60291
5.61601
5.62487
5.62958
5.63259
5.6365
5.64188
5.64883
5.65686
5.66377
5.66845
1
1
1
1
1
1
1
1
1
1
1
1
1
1
1
1
1
1
1
1
1
1
1
1
1
1
1
1.37502
3.91831
4.62558
4.63873
4.65963
4.67611
4.6953
4.71796
4.74317
4.76856
4.79239
4.81463
4.83584
4.85674
4.87721
4.89686
4.91581
4.93514
4.95526
4.97393
4.9891
5.00213
5.01478
5.02916
5.04572
5.06342
5.08092
5.0999
5.12212
5.14806
5.17556
5.20077
5.22062
5.23554
5.24821
5.26159
5.2783
5.29836
5.32035
5.34102
5.35766
5.37071
5.38374
5.39919
5.41716
5.43684
5.45556
5.4711
5.48179
5.48976
5.49802
5.50914
5.52223
5.53572
5.54797
5.55834
5.56832
5.58086
5.59525
5.60812
5.61631
5.62045
5.62353
5.62794
5.63429
5.64143
5.64817
5.65277
5.65659
1
1
1
1
1
1
1
1
1
1
1
1
1
1
1
1
1
1
1
1
1
1
1
1
1
1
1
1.31447
3.84036
4.61869
4.63732
4.65513
4.67259
4.69145
4.71294
4.73807
4.76397
4.78814
4.81047
4.83151
4.85218
4.87248
4.8921
4.91134
4.93108
4.95178
4.97103
4.98668
4.99957
5.01151
5.02491
5.04053
5.05768
5.07565
5.09545
5.1178
5.1436
5.17136
5.19704
5.21712
5.23171
5.24327
5.25511
5.2708
5.29121
5.31443
5.33579
5.35163
5.36265
5.3738
5.38933
5.4097
5.43223
5.45217
5.4665
5.47441
5.47941
5.48633
5.49801
5.51284
5.5279
5.54081
5.55084
5.56009
5.57182
5.58539
5.59756
5.60569
5.61043
5.6144
5.61936
5.62612
5.63251
5.6374
5.64019
5.6438
1
1
1
1
1
1
1
1
1
1
1
1
1
1
1
1
1
1
1
1
1
1
1
1
1
1
1
1.2536
3.74865
4.61025
4.63046
4.65006
4.6693
4.68702
4.70818
4.73294
4.75834
4.78234
4.80489
4.82627
4.84726
4.86764
4.88716
4.90636
4.92627
4.9474
4.96727
4.98364
4.99661
5.00795
5.02012
5.03445
5.05099
5.06999
5.09103
5.11343
5.13826
5.16521
5.191
5.21182
5.22703
5.23848
5.24934
5.26355
5.28305
5.30652
5.32879
5.34506
5.35544
5.36523
5.37995
5.40091
5.42496
5.44603
5.45987
5.46605
5.46881
5.47437
5.48594
5.5019
5.5185
5.53265
5.54291
5.55144
5.5615
5.57327
5.58453
5.59328
5.59986
5.60528
5.61042
5.61661
5.62149
5.62456
5.62632
5.63014
1
1
1
1
1
1
1
1
1
1
1
1
1
1
1
1
1
1
1
1
1
1
1
1
1
1
1
1.19254
3.64422
4.60206
4.62523
4.64526
4.66455
4.68257
4.70404
4.7282
4.75296
4.77669
4.79901
4.82023
4.84126
4.86173
4.88139
4.90091
4.92142
4.94317
4.96354
4.98014
4.99279
5.00321
5.01387
5.02704
5.04394
5.0648
5.08717
5.10942
5.13276
5.15771
5.18253
5.20384
5.22039
5.23303
5.24406
5.25713
5.2751
5.29768
5.32021
5.33733
5.34813
5.35737
5.37096
5.39117
5.41525
5.43681
5.45074
5.45652
5.45821
5.4627
5.47346
5.48957
5.50732
5.52311
5.53427
5.54215
5.5499
5.55926
5.56961
5.57955
5.58874
5.59577
5.60055
5.60533
5.60828
5.60991
5.61128
5.61532
1
1
1
1
1
1
1
1
1
1
1
1
1
1
1
1
1
1
1
1
1
1
1
1
1
1
1
1.12682
3.52265
4.59984
4.62764
4.64335
4.66195
4.67957
4.70012
4.72288
4.74686
4.77052
4.79277
4.81388
4.83462
4.85474
4.87438
4.89454
4.91643
4.93943
4.96034
4.97668
4.98817
4.99671
5.00571
5.01871
5.03742
5.06045
5.08368
5.10555
5.12735
5.14993
5.17296
5.19404
5.21181
5.22618
5.23825
5.25091
5.26756
5.28889
5.31105
5.32862
5.33995
5.34906
5.36161
5.38054
5.40375
5.42511
5.43928
5.44553
5.4472
5.45106
5.46066
5.47614
5.49444
5.51191
5.52436
5.53168
5.53696
5.54373
5.55321
5.56459
5.57659
5.58509
5.58908
5.59203
5.59323
5.59403
5.59528
5.59922
1
1
1
1
1
1
1
1
1
1
1
1
1
1
1
1
1
1
1
1
1
1
1
1
1
1
1
1.04793
3.35897
4.60652
4.63533
4.64536
4.66076
4.675
4.69327
4.7153
4.73996
4.76461
4.78721
4.80799
4.82778
4.84701
4.86642
4.88745
4.91109
4.93555
4.95687
4.97251
4.98207
4.98836
4.99655
5.01081
5.03189
5.05636
5.07968
5.10103
5.12153
5.14221
5.16354
5.18394
5.20224
5.21783
5.23097
5.24384
5.25984
5.28028
5.30181
5.31914
5.33039
5.33928
5.35097
5.36875
5.39097
5.41178
5.42597
5.43282
5.43507
5.4388
5.44745
5.46206
5.48038
5.49911
5.51277
5.51968
5.52284
5.52729
5.53598
5.54866
5.56285
5.57233
5.57557
5.57679
5.57671
5.57706
5.57788
5.58104
1
1
1
1
1
1
1
1
1
1
1
1
1
1
1
1
1
1
1
1
1
1
1
1
1
1
1
1.00308
3.17057
4.59572
4.63043
4.6414
4.65698
4.67069
4.68809
4.70922
4.73347
4.75806
4.78095
4.80183
4.8212
4.83994
4.85922
4.8808
4.90537
4.93045
4.95172
4.96645
4.97427
4.97936
4.98816
5.00452
5.02709
5.0515
5.07433
5.095
5.11459
5.13427
5.15467
5.17456
5.19278
5.20858
5.22213
5.23539
5.2514
5.27153
5.29239
5.30886
5.31929
5.3277
5.33878
5.35576
5.37731
5.39767
5.41162
5.41877
5.4216
5.4256
5.43384
5.44772
5.46548
5.48449
5.49875
5.5056
5.50757
5.51028
5.51818
5.53146
5.54659
5.55661
5.55982
5.55999
5.5592
5.5591
5.5591
5.56083
1
1
1
1
1
1
1
1
1
1
1
1
1
1
1
1
1
1
1
1
1
1
1
1
1
1
1
1.00004
2.94696
4.57515
4.62649
4.63796
4.65304
4.66608
4.6826
4.70312
4.72686
4.7511
4.77405
4.79537
4.81533
4.83455
4.85409
4.87556
4.8994
4.92341
4.94386
4.95775
4.96516
4.97094
4.9818
4.99973
5.0223
5.04562
5.06762
5.08749
5.10649
5.12587
5.14607
5.16579
5.18366
5.19897
5.21227
5.22567
5.24184
5.2619
5.28198
5.29741
5.30687
5.31456
5.32523
5.34171
5.36283
5.38286
5.39647
5.40355
5.40669
5.41112
5.41944
5.43275
5.44939
5.46764
5.48211
5.48947
5.49131
5.49328
5.50033
5.51294
5.52737
5.53767
5.54165
5.54162
5.54051
5.53956
5.5384
5.53823
1
1
1
1
1
1
1
1
1
1
1
1
1
1
1
1
1
1
1
1
1
1
1
1
1
1
1
1
2.72121
4.54292
4.61742
4.63041
4.64691
4.66129
4.67826
4.69839
4.72089
4.74395
4.76669
4.789
4.81052
4.83086
4.85065
4.87109
4.89281
4.91464
4.93374
4.94724
4.95597
4.96397
4.97733
4.99537
5.01682
5.03884
5.05967
5.07868
5.09721
5.11652
5.13672
5.1564
5.17392
5.18868
5.20159
5.21497
5.23121
5.25103
5.27023
5.28457
5.29328
5.30048
5.31079
5.32672
5.34733
5.36704
5.38049
5.3876
5.39102
5.396
5.40454
5.41709
5.43199
5.44861
5.463
5.47139
5.47422
5.4762
5.48163
5.49192
5.50439
5.51483
5.52046
5.5217
5.52071
5.5187
5.51616
5.51399
1
1
1
1
1
1
1
1
1
1
1
1
1
1
1
1
1
1
1
1
1
1
1
1
1
1
1
1
2.49909
4.49596
4.60742
4.6217
4.63978
4.65601
4.67393
4.69379
4.7152
4.73734
4.76014
4.78364
4.80676
4.82789
4.8472
4.86586
4.88516
4.9051
4.92314
4.93716
4.94793
4.95851
4.97332
4.99046
5.01032
5.03128
5.05114
5.0696
5.08779
5.1069
5.12685
5.14631
5.1635
5.17785
5.1905
5.20368
5.21952
5.2385
5.25642
5.26977
5.27837
5.28575
5.29592
5.31111
5.3308
5.34997
5.3635
5.37104
5.37504
5.38056
5.38895
5.40007
5.41261
5.42709
5.44119
5.45126
5.45604
5.45853
5.46172
5.4684
5.47839
5.48906
5.49694
5.50036
5.49922
5.49579
5.49148
5.48707
1
1
1
1
1
1
1
1
1
1
1
1
1
1
1
1
1
1
1
1
1
1
1
1
1
1
1
1
2.28173
4.43154
4.59781
4.6118
4.63193
4.65023
4.66923
4.68898
4.70986
4.73201
4.75548
4.77983
4.80315
4.82352
4.84142
4.8584
4.87645
4.89594
4.91427
4.92977
4.94199
4.95399
4.96841
4.98399
5.00251
5.02273
5.04205
5.06022
5.07802
5.09664
5.11598
5.13496
5.15183
5.16605
5.17875
5.19189
5.20728
5.22515
5.24151
5.25391
5.26289
5.27098
5.28105
5.29503
5.31313
5.33132
5.34511
5.3537
5.35891
5.365
5.37267
5.38161
5.39124
5.40332
5.41698
5.42901
5.43643
5.43944
5.43983
5.44234
5.44951
5.46013
5.47044
5.47631
5.47521
5.47053
5.4645
5.45817
1
1
1
1
1
1
1
1
1
1
1
1
1
1
1
1
1
1
1
1
1
1
1
1
1
1
1
1
2.07011
4.34784
4.58937
4.60186
4.62504
4.6447
4.66393
4.68352
4.70473
4.72771
4.75202
4.7763
4.79833
4.81686
4.83318
4.84929
4.8675
4.88813
4.90834
4.92558
4.93849
4.94994
4.96206
4.97567
4.99322
5.01308
5.03248
5.05068
5.06808
5.08603
5.10454
5.12278
5.13921
5.15334
5.16623
5.17941
5.19421
5.21064
5.22506
5.23666
5.2465
5.2557
5.26577
5.27826
5.29428
5.31115
5.32531
5.33556
5.34263
5.3491
5.35533
5.36134
5.36776
5.37744
5.3907
5.40467
5.41459
5.41798
5.41567
5.41439
5.41866
5.429
5.4413
5.44911
5.44807
5.44225
5.43464
5.42673
1
1
1
1
1
1
1
1
1
1
1
1
1
1
1
1
1
1
1
1
1
1
1
1
1
1
1
1
1.86295
4.24284
4.58213
4.59338
4.61982
4.6397
4.65877
4.6783
4.70018
4.72415
4.74874
4.77201
4.79196
4.80858
4.82386
4.83994
4.85927
4.88172
4.90419
4.92282
4.93598
4.94551
4.95488
4.96659
4.98312
5.00279
5.02254
5.04086
5.05781
5.07486
5.09223
5.10944
5.12548
5.13975
5.15312
5.16653
5.18083
5.19558
5.20782
5.21884
5.22977
5.24005
5.2501
5.26108
5.27479
5.28999
5.30444
5.31659
5.32566
5.33227
5.33647
5.33911
5.34266
5.35024
5.36295
5.37812
5.38949
5.3928
5.38868
5.38428
5.38558
5.39486
5.40813
5.41722
5.41671
5.41051
5.40212
5.39348
1
1
1
1
1
1
1
1
1
1
1
1
1
1
1
1
1
1
1
1
1
1
1
1
1
1
1
1
1.66159
4.1135
4.57434
4.58637
4.61504
4.63472
4.65415
4.67408
4.69604
4.72004
4.74438
4.7666
4.78539
4.80121
4.81605
4.83225
4.85211
4.87536
4.89896
4.91844
4.93197
4.94028
4.94762
4.9576
4.97271
4.99182
5.01165
5.03007
5.0467
5.06299
5.07931
5.09555
5.11144
5.12615
5.1402
5.15372
5.16701
5.17946
5.1896
5.20088
5.21323
5.22421
5.23391
5.24325
5.2546
5.26788
5.28246
5.29655
5.30747
5.31388
5.31576
5.31531
5.31637
5.32214
5.33386
5.34878
5.36016
5.36338
5.35892
5.35259
5.35163
5.35912
5.37165
5.38064
5.38054
5.3743
5.36575
5.35684
1
1
1
1
1
1
1
1
1
1
1
1
1
1
1
1
1
1
1
1
1
1
1
1
1
1
1
1
1.46866
3.95498
4.56914
4.58228
4.61122
4.63089
4.65052
4.6706
4.69241
4.71556
4.73853
4.75966
4.77833
4.79457
4.80972
4.82618
4.84647
4.87051
4.89471
4.91407
4.92692
4.93354
4.93935
4.94815
4.96217
4.98083
5.00081
5.01952
5.0361
5.05134
5.06563
5.08032
5.09638
5.11226
5.12745
5.14089
5.15241
5.16199
5.17054
5.18295
5.19673
5.2079
5.21669
5.22413
5.23314
5.2444
5.25902
5.27487
5.28748
5.29352
5.29289
5.28996
5.28885
5.29293
5.30312
5.31629
5.32642
5.32947
5.32565
5.31859
5.31558
5.31982
5.32969
5.33745
5.33826
5.33327
5.32583
5.31766
1
1
1
1
1
1
1
1
1
1
1
1
1
1
1
1
1
1
1
1
1
1
1
1
1
1
1
1
1.29349
3.7573
4.56729
4.57876
4.6065
4.62731
4.64801
4.66857
4.68995
4.71189
4.73337
4.75385
4.7733
4.79076
4.80653
4.82253
4.84132
4.86371
4.88683
4.90613
4.91895
4.92543
4.93122
4.93959
4.95258
4.97009
4.98921
5.00748
5.02374
5.03767
5.05001
5.06406
5.08128
5.099
5.11529
5.12806
5.13699
5.14341
5.15128
5.16559
5.18066
5.19152
5.19875
5.20394
5.21052
5.21994
5.23456
5.25176
5.26543
5.27093
5.26841
5.26339
5.26023
5.26255
5.27055
5.28071
5.28861
5.29138
5.28911
5.28292
5.27826
5.27844
5.28367
5.28867
5.28955
5.28549
5.27917
5.27175
1
1
1
1
1
1
1
1
1
1
1
1
1
1
1
1
1
1
1
1
1
1
1
1
1
1
1
1
1.13771
3.52491
4.56949
4.57833
4.60403
4.6263
4.64761
4.66752
4.68705
4.70685
4.72712
4.74786
4.7681
4.78595
4.80146
4.81656
4.83394
4.85497
4.87731
4.89672
4.90999
4.91678
4.92262
4.93054
4.94262
4.95912
4.97754
4.99553
5.01138
5.02364
5.03409
5.04818
5.0669
5.08628
5.10298
5.11426
5.12024
5.12419
5.13237
5.14875
5.1645
5.17428
5.17929
5.18179
5.18635
5.19451
5.20914
5.22705
5.24114
5.24612
5.24242
5.2354
5.23022
5.23015
5.23522
5.24208
5.24749
5.24977
5.2489
5.24381
5.23679
5.23126
5.22991
5.23163
5.23274
5.23079
5.2266
5.22102
1
1
1
1
1
1
1
1
1
1
1
1
1
1
1
1
1
1
1
1
1
1
1
1
1
1
1
1
1.01571
3.25396
4.553
4.56717
4.59502
4.61956
4.64173
4.66227
4.68179
4.70143
4.72211
4.74372
4.76451
4.78204
4.79653
4.81007
4.82569
4.84531
4.86714
4.88661
4.90005
4.90711
4.91333
4.92121
4.9327
4.94829
4.9659
4.98332
4.99827
5.0087
5.01786
5.03271
5.05265
5.07269
5.08876
5.09822
5.10182
5.10453
5.11425
5.13227
5.14781
5.15603
5.15849
5.15818
5.16121
5.16878
5.18317
5.20059
5.21418
5.21866
5.21446
5.20607
5.19873
5.19532
5.1969
5.20082
5.20373
5.20511
5.20477
5.20051
5.19145
5.18052
5.17256
5.16956
5.16869
5.16648
5.16241
5.15717
1
1
1
1
1
1
1
1
1
1
1
1
1
1
1
1
1
1
1
1
1
1
1
1
1
1
1
1
1.0005
2.90507
4.51131
4.55947
4.5904
4.61604
4.63821
4.65802
4.67671
4.69597
4.71703
4.73911
4.75985
4.77679
4.79033
4.80285
4.8173
4.83586
4.85684
4.87568
4.88901
4.89658
4.90336
4.91138
4.92243
4.93713
4.9538
4.97042
4.98432
4.99356
5.00285
5.01875
5.03875
5.05793
5.07252
5.08019
5.08266
5.08579
5.09753
5.1159
5.13008
5.13601
5.13562
5.13312
5.1355
5.14324
5.15702
5.17252
5.18459
5.1886
5.18469
5.17558
5.16554
5.1582
5.15592
5.15688
5.15816
5.15839
5.15679
5.15114
5.13865
5.12099
5.10523
5.09616
5.0925
5.09047
5.08742
5.08428
1
1
1
1
1
1
1
1
1
1
1
1
1
1
1
1
1
1
1
1
1
1
1
1
1
1
1
1
1
2.54264
4.44606
4.55491
4.58908
4.61422
4.636
4.65533
4.67322
4.69165
4.71199
4.73355
4.75363
4.76999
4.78333
4.79563
4.80936
4.82672
4.84643
4.86402
4.87699
4.88576
4.89347
4.90191
4.91261
4.92616
4.94141
4.95672
4.96951
4.97869
4.98937
5.0058
5.02449
5.04148
5.05407
5.06054
5.06321
5.06823
5.08123
5.09803
5.10986
5.1135
5.11051
5.10687
5.10951
5.11786
5.13038
5.14274
5.15201
5.15511
5.15198
5.143
5.13039
5.11903
5.11248
5.11066
5.11047
5.10868
5.10376
5.09489
5.07872
5.05657
5.03459
5.01845
5.00824
5.0001
4.99179
4.98485
1
1
1
1
1
1
1
1
1
1
1
1
1
1
1
1
1
1
1
1
1
1
1
1
1
1
1
1
1
2.1816
4.34855
4.55851
4.58918
4.61496
4.6358
4.65346
4.66963
4.68707
4.70616
4.72643
4.74562
4.76182
4.77554
4.78839
4.8021
4.81853
4.83661
4.85231
4.86427
4.87434
4.88314
4.89211
4.90213
4.91397
4.92731
4.94093
4.95301
4.96359
4.97616
4.99242
5.00905
5.02305
5.03333
5.03936
5.04362
5.05114
5.06394
5.0778
5.08658
5.08785
5.08342
5.08024
5.08393
5.0928
5.10338
5.112
5.11761
5.11916
5.11678
5.10889
5.09434
5.07868
5.06739
5.06277
5.06093
5.05629
5.04615
5.03157
5.00989
4.98172
4.95053
4.92237
4.90072
4.885
4.8723
4.86553
1
1
1
1
1
1
1
1
1
1
1
1
1
1
1
1
1
1
1
1
1
1
1
1
1
1
1
1
1
1.84167
4.20343
4.56543
4.59676
4.62284
4.64101
4.65614
4.66962
4.68393
4.70012
4.71796
4.73577
4.75219
4.76702
4.7809
4.79482
4.81003
4.82579
4.83937
4.85043
4.86183
4.87209
4.88173
4.89145
4.90196
4.91358
4.92535
4.93693
4.94941
4.96354
4.97865
4.99142
5.00103
5.00911
5.016
5.02358
5.03339
5.04436
5.05437
5.06017
5.05982
5.05557
5.05444
5.05919
5.06746
5.07524
5.07982
5.08109
5.08001
5.07789
5.07188
5.05699
5.03735
5.02114
5.01254
5.00743
4.99909
4.98321
4.96157
4.93342
4.89929
4.86042
4.82071
4.78378
4.74877
4.71434
4.68763
1
1
1
1
1
1
1
1
1
1
1
1
1
1
1
1
1
1
1
1
1
1
1
1
1
1
1
1
1
1.53237
4.00373
4.58769
4.6002
4.62622
4.64164
4.65486
4.66685
4.6789
4.69255
4.70812
4.72457
4.74106
4.75687
4.77186
4.78644
4.80122
4.81565
4.82808
4.83873
4.85101
4.86179
4.87065
4.8784
4.88589
4.89462
4.90529
4.91835
4.9338
4.94937
4.96318
4.97271
4.97942
4.98655
4.99506
5.00571
5.01622
5.02421
5.02979
5.03212
5.03051
5.02755
5.02909
5.03454
5.04124
5.04617
5.04689
5.04347
5.03946
5.03716
5.0331
5.01901
4.99613
4.97485
4.96099
4.95164
4.93871
4.9164
4.88648
4.85026
4.80719
4.75459
4.69252
4.62444
4.55456
4.49134
4.44124
1
1
1
1
1
1
1
1
1
1
1
1
1
1
1
1
1
1
1
1
1
1
1
1
1
1
1
1
1
1.25968
3.74202
4.62583
4.61036
4.63174
4.64393
4.65482
4.6647
4.67489
4.68601
4.69894
4.71334
4.72936
4.74602
4.76201
4.77683
4.79062
4.80325
4.81449
4.82472
4.83783
4.84975
4.85876
4.86572
4.87161
4.87854
4.88943
4.90434
4.92156
4.93689
4.94816
4.9547
4.9594
4.96617
4.9764
4.98883
4.99848
5.00269
5.0037
5.00291
5.00134
5.0015
5.00567
5.01079
5.01515
5.01662
5.01257
5.00442
4.99727
4.99464
4.99236
4.98057
4.95596
4.92805
4.90602
4.89084
4.87433
4.84771
4.80978
4.76373
4.71054
4.64585
4.56635
4.47247
4.36778
4.26375
4.2298
1
1
1
1
1
1
1
1
1
1
1
1
1
1
1
1
1
1
1
1
1
1
1
1
1
1
1
1
1
1.01295
2.76669
4.53587
4.62447
4.62872
4.63634
4.64505
4.65291
4.65992
4.6667
4.67514
4.68662
4.70185
4.71983
4.73741
4.75288
4.76609
4.77714
4.78678
4.79537
4.80708
4.81885
4.82693
4.83203
4.83534
4.84007
4.84986
4.86416
4.87989
4.89291
4.90114
4.90476
4.90684
4.91168
4.92078
4.931
4.93743
4.9376
4.93453
4.93201
4.93297
4.9366
4.93952
4.93936
4.93613
4.9297
4.92006
4.90843
4.89687
4.88838
4.88071
4.86744
4.8427
4.80791
4.77043
4.7364
4.70426
4.66608
4.61439
4.5465
4.46191
4.3574
4.22326
4.04502
3.79125
3.3952
2.57723
1
1
1
1
1
1
1
1
1
1
1
1
1
1
1
1
1
1
1
1
1
1
1
1
1
1
1
1
1
1.00002
1.37816
3.84334
4.57195
4.57265
4.58407
4.59606
4.606
4.61268
4.61692
4.62465
4.63839
4.65619
4.67545
4.69317
4.70795
4.71957
4.728
4.73428
4.74073
4.74899
4.75994
4.76986
4.77709
4.78201
4.78588
4.79121
4.79972
4.81013
4.81924
4.8242
4.82474
4.82315
4.82368
4.82746
4.83177
4.83221
4.82875
4.82547
4.82441
4.82462
4.82376
4.81851
4.80807
4.79435
4.78091
4.76878
4.75538
4.73787
4.71603
4.69125
4.66454
4.63412
4.59624
4.54876
4.4936
4.43329
4.3667
4.28785
4.1906
4.07023
3.92317
3.74221
3.51842
3.20791
2.79919
2.29248
1
1
1
1
1
1
1
1
1
1
1
1
1
1
1
1
1
1
1
1
1
1
1
1
1
1
1
1
1
1
1.00622
2.07412
4.23974
4.51746
4.52308
4.53516
4.54713
4.55853
4.57122
4.58438
4.59597
4.60845
4.62355
4.63799
4.65036
4.66012
4.66723
4.67186
4.67611
4.68299
4.69357
4.70521
4.7149
4.72123
4.72428
4.72584
4.72847
4.73312
4.73737
4.73866
4.73684
4.73414
4.73344
4.73425
4.73353
4.72937
4.72389
4.71923
4.71525
4.71007
4.70144
4.68841
4.67264
4.6568
4.64235
4.62752
4.60847
4.58265
4.55056
4.5145
4.47679
4.4374
4.39289
4.33926
4.27628
4.20571
4.12698
4.03608
3.92724
3.79782
3.6458
3.46753
3.26249
3.00588
2.72513
2.41018
1
1
1
1
1
1
1
1
1
1
1
1
1
1
1
1
1
1
1
1
1
1
1
1
1
1
1
1
1
1
1.00001
1.05042
2.65172
4.3756
4.46889
4.47578
4.49067
4.50535
4.52164
4.53702
4.54886
4.55944
4.57234
4.58523
4.59691
4.60673
4.61358
4.61721
4.61978
4.62579
4.63504
4.64482
4.65259
4.65729
4.65916
4.66002
4.6601
4.65947
4.65737
4.65198
4.64418
4.63928
4.63884
4.63877
4.63601
4.63034
4.62273
4.61336
4.60244
4.58912
4.57378
4.55815
4.54403
4.53134
4.51776
4.49888
4.47204
4.43939
4.40519
4.37051
4.33334
4.29016
4.23815
4.17758
4.11088
4.03979
3.96435
3.88075
3.78169
3.66219
3.524
3.36532
3.18911
2.98778
2.78304
2.58255
1
1
1
1
1
1
1
1
1
1
1
1
1
1
1
1
1
1
1
1
1
1
1
1
1
1
1
1
1
1
1
1.00015
1.11185
3.07782
4.39769
4.44714
4.45442
4.46953
4.47979
4.48993
4.50235
4.51756
4.53141
4.54138
4.5489
4.55471
4.55847
4.5599
4.56248
4.57014
4.57737
4.58197
4.58442
4.58539
4.58503
4.58586
4.58756
4.5849
4.57784
4.56641
4.55392
4.54696
4.54624
4.5475
4.54755
4.54424
4.53622
4.5237
4.50746
4.49029
4.47543
4.46327
4.45342
4.44508
4.43385
4.41265
4.38108
4.34598
4.31364
4.28446
4.25528
4.21814
4.16621
4.10333
4.03521
3.96388
3.88988
3.8127
3.72864
3.63
3.51251
3.37397
3.21723
3.05833
2.91769
2.77248
1
1
1
1
1
1
1
1
1
1
1
1
1
1
1
1
1
1
1
1
1
1
1
1
1
1
1
1
1
1
1
1
1.00057
1.17465
3.36552
4.37828
4.43376
4.43689
4.44107
4.44302
4.45347
4.46773
4.47889
4.48838
4.49541
4.50004
4.50176
4.50186
4.50522
4.51322
4.51886
4.51878
4.51546
4.51218
4.50938
4.50956
4.51203
4.50787
4.49662
4.48124
4.47028
4.46748
4.46968
4.47397
4.47747
4.47617
4.46977
4.45939
4.44612
4.43315
4.42375
4.41688
4.4114
4.407
4.40053
4.38175
4.35086
4.31728
4.28523
4.25575
4.23026
4.20514
4.16661
4.11119
4.04563
3.97449
3.90008
3.82467
3.74894
3.67056
3.5852
3.48438
3.37185
3.26114
3.15386
3.04248
1
1
1
1
1
1
1
1
1
1
1
1
1
1
1
1
1
1
1
1
1
1
1
1
1
1
1
1
1
1
1
1
1
1.00126
1.26798
3.46144
4.37144
4.39984
4.38965
4.3936
4.40455
4.41624
4.42584
4.43478
4.44139
4.44459
4.44372
4.44054
4.44206
4.44708
4.44974
4.44576
4.43767
4.43309
4.43276
4.43635
4.44256
4.44226
4.43378
4.42181
4.41749
4.42232
4.43151
4.43957
4.44293
4.44143
4.43924
4.43744
4.43388
4.43037
4.42824
4.4271
4.42751
4.42979
4.43127
4.42358
4.40147
4.37411
4.34518
4.31564
4.28676
4.26086
4.23516
4.20216
4.15309
4.09066
4.02116
3.94827
3.87608
3.80596
3.73846
3.67131
3.60208
3.52521
3.43605
3.34001
1
1
1
1
1
1
1
1
1
1
1
1
1
1
1
1
1
1
1
1
1
1
1
1
1
1
1
1
1
1
1
1
1
1
1.0026
1.27848
3.43074
4.33924
4.3537
4.33911
4.34842
4.36541
4.37459
4.38215
4.38687
4.38745
4.38367
4.37958
4.38073
4.38459
4.38455
4.37816
4.368
4.36423
4.36956
4.38097
4.39452
4.40307
4.40478
4.4037
4.40641
4.41664
4.4305
4.44419
4.45485
4.46133
4.47533
4.49356
4.51205
4.52544
4.5349
4.54115
4.54484
4.54828
4.55295
4.55252
4.53957
4.514
4.48043
4.44282
4.40303
4.36483
4.33018
4.29752
4.26061
4.21118
4.1495
4.07981
4.00766
3.93604
3.86826
3.8053
3.74607
3.68443
3.61513
3.53926
1
1
1
1
1
1
1
1
1
1
1
1
1
1
1
1
1
1
1
1
1
1
1
1
1
1
1
1
1
1
1
1
1
1
1
1.0029
1.24866
3.24996
4.26707
4.30597
4.3047
4.31981
4.32432
4.32381
4.32251
4.32001
4.31736
4.31771
4.32244
4.32965
4.33416
4.33417
4.32935
4.32447
4.33187
4.35088
4.37479
4.39963
4.42445
4.44766
4.47243
4.49839
4.52477
4.54982
4.57785
4.60737
4.63594
4.66479
4.69225
4.70615
4.70369
4.69451
4.68084
4.66586
4.65185
4.63924
4.62222
4.59531
4.55809
4.51464
4.46679
4.41716
4.36982
4.32614
4.28849
4.24947
4.20215
4.14375
4.0794
4.01277
3.94623
3.88068
3.81747
3.75755
3.7009
3.64458
1
1
1
1
1
1
1
1
1
1
1
1
1
1
1
1
1
1
1
1
1
1
1
1
1
1
1
1
1
1
1
1
1
1
1
1
1.0025
1.21136
2.87319
4.1331
4.29234
4.2943
4.28935
4.27617
4.25949
4.25114
4.25541
4.26545
4.27871
4.29454
4.30783
4.32196
4.33843
4.35035
4.36261
4.39165
4.43947
4.49948
4.56459
4.6276
4.68344
4.72607
4.75019
4.76386
4.77849
4.78785
4.79595
4.80613
4.8174
4.81286
4.79165
4.76491
4.73433
4.70242
4.67277
4.64865
4.62672
4.59887
4.56285
4.52193
4.4783
4.43337
4.38896
4.34546
4.30655
4.26844
4.22567
4.17486
4.11942
4.06232
4.00489
3.94729
3.88958
3.8325
3.7769
3.72215
1
1
1
1
1
1
1
1
1
1
1
1
1
1
1
1
1
1
1
1
1
1
1
1
1
1
1
1
1
1
1
1
1
1
1
1
1
1.00191
1.14585
2.36606
3.96988
4.25484
4.25286
4.23718
4.22142
4.20875
4.211
4.22924
4.26057
4.3021
4.34256
4.38677
4.43945
4.49485
4.55126
4.61993
4.69386
4.76391
4.82554
4.87333
4.89911
4.90253
4.89632
4.89126
4.88384
4.87689
4.87072
4.86492
4.85552
4.83303
4.80238
4.77052
4.73863
4.70796
4.6794
4.65318
4.62532
4.58866
4.5478
4.50704
4.46863
4.4338
4.40208
4.36798
4.3296
4.28458
4.23496
4.18412
4.1342
4.08661
4.04225
4.00073
3.95938
3.91232
3.85741
3.79963
1
1
1
1
1
1
1
1
1
1
1
1
1
1
1
1
1
1
1
1
1
1
1
1
1
1
1
1
1
1
1
1
1
1
1
1
1
1
1.00109
1.07851
1.82485
3.68946
4.19378
4.22866
4.21507
4.21358
4.22628
4.26733
4.33734
4.43542
4.54538
4.65077
4.7376
4.79958
4.84483
4.89295
4.93642
4.97586
5.00631
5.00808
4.99356
4.96309
4.93815
4.91912
4.90691
4.90523
4.90294
4.88259
4.84895
4.81169
4.77542
4.74034
4.70986
4.69039
4.67899
4.65806
4.61998
4.57718
4.53414
4.49288
4.45574
4.42583
4.40583
4.38749
4.35729
4.31218
4.26196
4.21182
4.16362
4.11881
4.07867
4.04431
4.01608
3.98588
3.93944
3.88392
1
1
1
1
1
1
1
1
1
1
1
1
1
1
1
1
1
1
1
1
1
1
1
1
1
1
1
1
1
1
1
1
1
1
1
1
1
1
1
1.00045
1.02846
1.39029
3.18592
4.15637
4.28465
4.33315
4.42444
4.55261
4.68058
4.80106
4.90317
4.97315
5.00229
5.00247
5.01175
5.02242
5.03852
5.05485
5.04872
5.02767
4.99289
4.95638
4.92942
4.90997
4.90347
4.90754
4.90253
4.87454
4.83932
4.79985
4.76295
4.72941
4.7018
4.68743
4.68355
4.66615
4.62874
4.58772
4.54558
4.50458
4.46613
4.4333
4.41032
4.39609
4.37775
4.3425
4.29729
4.2504
4.20437
4.16003
4.11804
4.08021
4.05036
4.03134
4.00705
3.96129
1
1
1
1
1
1
1
1
1
1
1
1
1
1
1
1
1
1
1
1
1
1
1
1
1
1
1
1
1
1
1
1
1
1
1
1
1
1
1
1
1.0001
1.00643
1.21381
2.75231
4.44297
4.75587
4.859
4.96391
5.04158
5.09523
5.11538
5.11831
5.10734
5.09398
5.08268
5.07652
5.07846
5.07365
5.05224
5.02353
4.98647
4.95582
4.93041
4.91367
4.90924
4.90702
4.8877
4.85665
4.8249
4.79363
4.76346
4.73617
4.71415
4.69853
4.6859
4.669
4.64171
4.60637
4.56942
4.53261
4.49699
4.46409
4.43566
4.41262
4.39301
4.37003
4.33592
4.29431
4.25111
4.20826
4.16657
4.12728
4.09303
4.06801
4.05123
4.02269
1
1
1
1
1
1
1
1
1
1
1
1
1
1
1
1
1
1
1
1
1
1
1
1
1
1
1
1
1
1
1
1
1
1
1
1
1
1
1
1
1
1.00001
1.00208
1.19089
3.80693
5.14762
5.17571
5.18655
5.18934
5.18179
5.16622
5.1445
5.1253
5.11154
5.10011
5.0892
5.07898
5.06169
5.03354
5.00298
4.97425
4.95
4.93225
4.92207
4.91465
4.89863
4.8726
4.84471
4.81796
4.7939
4.77288
4.75413
4.7359
4.71673
4.6959
4.6732
4.64872
4.62263
4.59453
4.56426
4.53252
4.50034
4.46875
4.439
4.41299
4.39172
4.36923
4.33629
4.29698
4.25664
4.21674
4.1778
4.14068
4.1073
4.08111
4.06227
1
1
1
1
1
1
1
1
1
1
1
1
1
1
1
1
1
1
1
1
1
1
1
1
1
1
1
1
1
1
1
1
1
1
1
1
1
1
1
1
1
1
1
1.00106
2.5151
4.99299
5.24236
5.21116
5.19196
5.16508
5.14384
5.12207
5.10615
5.09948
5.09529
5.08654
5.06965
5.04534
5.01648
4.98792
4.96319
4.94462
4.93335
4.92715
4.91823
4.89996
4.87558
4.85029
4.82638
4.80548
4.78783
4.77137
4.75321
4.73228
4.70958
4.68658
4.66426
4.64263
4.61991
4.59354
4.56345
4.53152
4.49941
4.46829
4.43958
4.41558
4.39661
4.37345
4.33936
4.30106
4.26222
4.2238
4.18653
4.15187
4.12259
4.10244
1
1
1
1
1
1
1
1
1
1
1
1
1
1
1
1
1
1
1
1
1
1
1
1
1
1
1
1
1
1
1
1
1
1
1
1
1
1
1
1
1
1
1
1
1.52564
4.37885
5.1627
5.15059
5.14187
5.14301
5.14081
5.13383
5.11994
5.10405
5.08825
5.07108
5.05085
5.02843
5.00635
4.9864
4.97039
4.95996
4.95397
4.948
4.93585
4.91666
4.89323
4.86905
4.84596
4.82503
4.806
4.78743
4.7679
4.74705
4.72545
4.70385
4.6829
4.66246
4.64127
4.61742
4.58952
4.55889
4.52753
4.497
4.46861
4.44458
4.42659
4.40722
4.37695
4.3408
4.30346
4.26645
4.23075
4.19741
4.16841
4.14685
1
1
1
1
1
1
1
1
1
1
1
1
1
1
1
1
1
1
1
1
1
1
1
1
1
1
1
1
1
1
1
1
1
1
1
1
1
1
1
1
1
1
1
1
1.01106
3.21645
5.1601
5.20408
5.18205
5.16774
5.1502
5.13499
5.11937
5.10166
5.08175
5.06136
5.04307
5.02939
5.0206
5.01465
5.00802
4.99805
4.98448
4.96724
4.94771
4.92738
4.90733
4.88789
4.86861
4.84836
4.82714
4.80573
4.78482
4.7645
4.74408
4.72341
4.70259
4.68142
4.65928
4.63496
4.60811
4.57946
4.55036
4.52196
4.49557
4.47271
4.45439
4.43629
4.40986
4.3766
4.34186
4.30761
4.27457
4.24335
4.21516
4.19169
1
1
1
1
1
1
1
1
1
1
1
1
1
1
1
1
1
1
1
1
1
1
1
1
1
1
1
1
1
1
1
1
1
1
1
1
1
1
1
1
1
1
1
1
1.00001
2.03877
4.77221
5.17307
5.15305
5.13894
5.12713
5.11989
5.11842
5.11658
5.10825
5.092
5.07352
5.05638
5.0422
5.03
5.01801
5.0039
4.98562
4.96348
4.94006
4.91888
4.90177
4.88871
4.87664
4.86215
4.84324
4.82145
4.79891
4.77731
4.75722
4.73802
4.71837
4.69717
4.67407
4.64939
4.62358
4.59724
4.57102
4.54551
4.52191
4.50111
4.48253
4.46292
4.43796
4.40767
4.37576
4.34439
4.31438
4.28603
4.25973
4.2357
1
1
1
1
1
1
1
1
1
1
1
1
1
1
1
1
1
1
1
1
1
1
1
1
1
1
1
1
1
1
1
1
1
1
1
1
1
1
1
1
1
1
1
1
1
1.23382
3.95145
5.15016
5.18341
5.17002
5.1584
5.14701
5.13666
5.12481
5.11184
5.09659
5.07864
5.05864
5.03809
5.01881
5.00209
4.98831
4.97598
4.96228
4.94579
4.92784
4.91097
4.89635
4.88282
4.86784
4.84977
4.82895
4.80684
4.78514
4.76508
4.74684
4.72951
4.71112
4.69006
4.666
4.63997
4.6137
4.58892
4.56699
4.54767
4.52952
4.51029
4.48789
4.46184
4.43368
4.4047
4.37647
4.34985
4.32497
4.30131
4.27829
1
1
1
1
1
1
1
1
1
1
1
1
1
1
1
1
1
1
1
1
1
1
1
1
1
1
1
1
1
1
1
1
1
1
1
1
1
1
1
1
1
1
1
1
1
1.00227
2.86795
5.11004
5.20806
5.18199
5.16685
5.15135
5.1326
5.1129
5.09437
5.07824
5.06556
5.05641
5.04839
5.03857
5.02572
5.0109
4.99539
4.97992
4.96414
4.94723
4.92823
4.90726
4.88533
4.86378
4.8437
4.82536
4.8083
4.79178
4.7753
4.75866
4.74183
4.72402
4.70415
4.68185
4.65801
4.63431
4.61239
4.59291
4.57513
4.55689
4.53568
4.51049
4.48245
4.45349
4.42592
4.40122
4.37954
4.35968
4.33961
4.31733
1
1
1
1
1
1
1
1
1
1
1
1
1
1
1
1
1
1
1
1
1
1
1
1
1
1
1
1
1
1
1
1
1
1
1
1
1
1
1
1
1
1
1
1
1
1
1.95352
4.73448
5.18584
5.16022
5.13981
5.12496
5.11545
5.11098
5.10698
5.09916
5.08769
5.07538
5.06281
5.04922
5.03464
5.01912
5.00169
4.98157
4.95996
4.93909
4.92027
4.90403
4.88982
4.87584
4.86036
4.8433
4.82596
4.80937
4.79313
4.77569
4.75635
4.73529
4.71289
4.68999
4.66749
4.64616
4.62644
4.60803
4.5899
4.57077
4.54977
4.5269
4.50291
4.47873
4.45531
4.43316
4.41224
4.39165
4.3699
4.34556
1
1
1
1
1
1
1
1
1
1
1
1
1
1
1
1
1
1
1
1
1
1
1
1
1
1
1
1
1
1
1
1
1
1
1
1
1
1
1
1
1
1
1
1
1
1
1.29312
4.06178
5.15562
5.16928
5.16713
5.16492
5.15426
5.14258
5.12956
5.11545
5.10025
5.08415
5.06751
5.04907
5.02865
5.00775
4.98881
4.97354
4.96177
4.95074
4.93827
4.92394
4.90849
4.89262
4.87673
4.86069
4.84339
4.82397
4.80216
4.77832
4.75356
4.72957
4.70807
4.68963
4.67331
4.65734
4.64056
4.62283
4.60444
4.58529
4.5649
4.54301
4.52001
4.49684
4.47429
4.45244
4.43088
4.40881
4.38596
4.36253
1
1
1
1
1
1
1
1
1
1
1
1
1
1
1
1
1
1
1
1
1
1
1
1
1
1
1
1
1
1
1
1
1
1
1
1
1
1
1
1
1
1
1
1
1
1
1.00413
3.22607
5.1753
5.23455
5.20789
5.19289
5.17322
5.15277
5.13247
5.11252
5.09039
5.06661
5.04498
5.02884
5.01876
5.01146
5.00277
4.99131
4.97809
4.96371
4.94858
4.93275
4.91578
4.89751
4.87828
4.85773
4.83548
4.81251
4.79096
4.77262
4.7574
4.74341
4.72877
4.7125
4.695
4.67718
4.65943
4.64101
4.62087
4.59878
4.57492
4.54989
4.52485
4.50112
4.4796
4.46005
4.44105
4.42157
4.40152
4.38157
1
1
1
1
1
1
1
1
1
1
1
1
1
1
1
1
1
1
1
1
1
1
1
1
1
1
1
1
1
1
1
1
1
1
1
1
1
1
1
1
1
1
1
1
1
1
1
2.49809
5.0409
5.23786
5.20522
5.18124
5.15628
5.12979
5.10329
5.08125
5.06903
5.06492
5.06144
5.05513
5.04548
5.03344
5.01945
5.00429
4.98779
4.96933
4.9492
4.92877
4.90781
4.88545
4.86285
4.84295
4.82765
4.81535
4.80291
4.78896
4.7735
4.75692
4.73965
4.72219
4.70413
4.68467
4.6634
4.64026
4.61525
4.58992
4.56675
4.5474
4.53159
4.51692
4.50085
4.48265
4.46304
4.44357
4.42478
4.40613
1
1
1
1
1
1
1
1
1
1
1
1
1
1
1
1
1
1
1
1
1
1
1
1
1
1
1
1
1
1
1
1
1
1
1
1
1
1
1
1
1
1
1
1
1
1
1
1.91497
4.74607
5.20554
5.17069
5.14505
5.1232
5.11279
5.11245
5.11344
5.11148
5.10546
5.09509
5.08096
5.06451
5.0456
5.02411
5.00104
4.97773
4.95457
4.93024
4.90609
4.88662
4.87472
4.86723
4.85884
4.84734
4.83319
4.81705
4.79977
4.78171
4.76264
4.74225
4.72076
4.6988
4.67558
4.65121
4.62845
4.6102
4.59628
4.58369
4.56961
4.55322
4.53511
4.5161
4.49708
4.47852
4.45948
4.43847
4.41462
1
1
1
1
1
1
1
1
1
1
1
1
1
1
1
1
1
1
1
1
1
1
1
1
1
1
1
1
1
1
1
1
1
1
1
1
1
1
1
1
1
1
1
1
1
1
1
1.47129
4.33244
5.16612
5.15793
5.15326
5.15941
5.16437
5.16649
5.16094
5.14856
5.13157
5.11019
5.08503
5.0582
5.03035
5.00302
4.97579
4.94889
4.92714
4.91647
4.91419
4.9119
4.90561
4.89475
4.87993
4.86253
4.8432
4.822
4.79927
4.77561
4.7521
4.72867
4.70386
4.67993
4.66178
4.65106
4.64273
4.63189
4.61747
4.60013
4.5812
4.56163
4.54155
4.52073
4.49894
4.47636
4.45251
4.42619
4.39952
1
1
1
1
1
1
1
1
1
1
1
1
1
1
1
1
1
1
1
1
1
1
1
1
1
1
1
1
1
1
1
1
1
1
1
1
1
1
1
1
1
1
1
1
1
1
1
1.17137
3.87692
5.17987
5.20651
5.21074
5.21756
5.21408
5.20022
5.17874
5.15248
5.12367
5.0928
5.06038
5.02816
4.99857
4.97211
4.95503
4.95281
4.95675
4.95913
4.95618
4.94654
4.93115
4.91111
4.88697
4.86067
4.83357
4.80624
4.77945
4.75282
4.72613
4.70454
4.69446
4.69259
4.68936
4.68055
4.66625
4.64814
4.62758
4.60519
4.58168
4.55777
4.53388
4.51024
4.48485
4.45754
4.43291
4.41654
4.40799
1
1
1
1
1
1
1
1
1
1
1
1
1
1
1
1
1
1
1
1
1
1
1
1
1
1
1
1
1
1
1
1
1
1
1
1
1
1
1
1
1
1
1
1
1
1
1
1.0221
3.50266
5.20777
5.26054
5.2591
5.24765
5.22072
5.1936
5.16322
5.12924
5.09304
5.05759
5.02686
5.00154
4.98602
4.98642
4.99586
5.00586
5.00859
5.00215
4.9859
4.96102
4.93256
4.90212
4.86943
4.83595
4.80417
4.77539
4.74936
4.73226
4.73011
4.73404
4.73567
4.73223
4.72062
4.69987
4.67454
4.64826
4.62178
4.59509
4.56803
4.54048
4.51304
4.48627
4.46601
4.45722
4.45333
4.44748
4.43717
1
1
1
1
1
1
1
1
1
1
1
1
1
1
1
1
1
1
1
1
1
1
1
1
1
1
1
1
1
1
1
1
1
1
1
1
1
1
1
1
1
1
1
1
1
1
1
1.00002
3.2081
5.21214
5.29609
5.26572
5.23673
5.20505
5.17257
5.13541
5.09598
5.06132
5.03381
5.01408
5.00941
5.01936
5.03823
5.05329
5.05525
5.04099
5.01395
4.98411
4.9504
4.91167
4.87046
4.83361
4.80367
4.77843
4.76099
4.75967
4.77076
4.7848
4.79075
4.78141
4.75736
4.72955
4.69918
4.6646
4.6284
4.59561
4.56702
4.54201
4.52039
4.50519
4.50253
4.50697
4.51144
4.5047
4.48124
4.45327
1
1
1
1
1
1
1
1
1
1
1
1
1
1
1
1
1
1
1
1
1
1
1
1
1
1
1
1
1
1
1
1
1
1
1
1
1
1
1
1
1
1
1
1
1
1
1
1
3.01778
5.21076
5.29779
5.25544
5.22554
5.19096
5.15359
5.11199
5.07678
5.04952
5.03006
5.02598
5.03792
5.06122
5.08194
5.08685
5.06894
5.0395
5.00616
4.96668
4.92075
4.87344
4.83506
4.80679
4.78432
4.77334
4.78186
4.8072
4.83389
4.84265
4.82643
4.7974
4.76423
4.7249
4.67829
4.62838
4.58537
4.5537
4.52866
4.51075
4.5099
4.52976
4.55943
4.57593
4.56545
4.53755
4.50474
4.46545
1
1
1
1
1
1
1
1
1
1
1
1
1
1
1
1
1
1
1
1
1
1
1
1
1
1
1
1
1
1
1
1
1
1
1
1
1
1
1
1
1
1
1
1
1
1
1
1
2.92634
5.19512
5.28566
5.24322
5.21668
5.1821
5.1402
5.09992
5.07081
5.04708
5.0353
5.04074
5.06108
5.08819
5.10406
5.0932
5.06383
5.03016
4.99052
4.94315
4.89232
4.85241
4.82442
4.80084
4.78718
4.79151
4.81528
4.85297
4.87847
4.86998
4.84106
4.80725
4.76496
4.71
4.64684
4.59598
4.56423
4.53827
4.5194
4.51635
4.53306
4.57219
4.61229
4.61883
4.59529
4.56431
4.52685
4.47552
1.06492
0.609822
0.416363
0.289354
0.190661
0.149475
0.13386
0.113066
0.078344
0.0621629
0.0663228
0.066936
0.0616276
0.0584329
0.0600233
0.067734
0.0773542
0.0811694
0.0828882
0.0860334
0.0925857
0.102379
0.12025
0.136312
0.148529
0.160187
0.179313
0.200476
0.211277
0.223495
0.246024
0.277398
0.307355
0.336375
0.363644
0.385511
0.403266
0.423181
0.447828
0.478565
0.516377
0.554257
0.581867
0.602121
0.62088
0.640718
0.665148
0.696779
0.737482
0.790122
0.849238
0.900667
0.944998
0.98377
1.02864
1.08523
1.15515
1.23362
1.32679
1.42164
1.5015
1.56323
1.61835
1.67716
1.74215
1.81622
1.91737
2.03768
2.10505
2.15078
2.18719
2.21645
2.25397
2.30009
2.37551
2.45563
2.4977
2.51698
2.51673
2.52162
2.53339
2.56175
2.59476
2.60045
2.59312
2.56905
2.55143
2.55799
2.57373
2.60916
2.64364
2.6612
2.67397
2.67198
2.67954
2.69931
2.7268
2.77148
2.81164
2.82813
2.83484
2.83001
2.82542
2.82436
2.8263
2.8363
2.8427
2.84248
2.84149
2.84332
2.8483
2.85695
2.86506
2.86935
2.8688
2.85871
2.84833
2.84512
2.84462
2.85369
2.87532
2.88372
2.88205
2.87557
2.85651
2.83528
2.82805
2.82397
2.82475
2.83359
2.8405
2.83616
2.82822
2.81954
2.80885
2.79462
2.77477
2.75344
2.7405
2.73103
2.7224
2.71813
2.72491
2.73092
2.72273
2.71218
2.69729
2.6722
2.64652
2.63477
2.62681
2.6215
2.62235
2.62623
2.62244
2.61492
2.60667
2.59561
2.57798
2.55516
2.5396
2.5304
2.52156
2.51299
2.50647
2.50339
2.4972
2.48719
2.47702
2.46566
2.45113
2.43643
2.42726
2.41993
2.41398
2.4108
2.40746
2.40087
2.39357
2.38549
2.37532
2.36258
2.34908
2.33578
2.32135
2.30643
2.29561
2.28735
2.27944
2.27259
2.2687
2.26645
2.26004
2.25231
2.2441
2.23305
2.21407
2.19008
2.17716
2.16972
2.16282
2.15806
2.15745
2.15501
2.14802
2.14057
2.13203
2.11942
2.09802
2.07499
2.06415
2.05753
2.05144
2.04731
2.04904
2.05541
2.05256
2.04567
2.03866
2.02928
2.01127
1.98137
1.961
1.95351
1.94772
1.94354
1.94602
1.95681
1.95587
1.94993
1.94358
1.93601
1.92318
1.89753
1.87026
1.85949
1.85313
1.84716
1.84309
1.84383
1.84271
1.83699
1.83152
1.82556
1.81671
1.80065
1.78352
1.77557
1.77006
1.76475
1.76078
1.75914
1.75561
1.75017
1.74465
1.73849
1.72949
1.7138
1.69687
1.68851
1.68322
1.6783
1.6734
1.66842
1.66324
1.65751
1.65
1.63786
1.62219
1.61239
1.60676
1.60181
1.59712
1.59295
1.58949
1.58542
1.58083
1.5761
1.57095
1.564
1.55185
1.53649
1.52837
1.52388
1.51981
1.51608
1.51317
1.50994
1.50598
1.50191
1.49757
1.49218
1.48336
1.46778
1.45396
1.44827
1.44426
1.44034
1.43649
1.43282
1.42886
1.42463
1.41994
1.41324
1.40025
1.38122
1.37087
1.36676
1.36343
1.3605
1.35877
1.35902
1.3588
1.35678
1.35408
1.35065
1.34658
1.34021
1.32626
1.30637
1.29711
1.29345
1.29023
1.28755
1.28671
1.28875
1.28775
1.2849
1.28159
1.27781
1.27261
1.26199
1.24319
1.23099
1.22683
1.22374
1.22092
1.21881
1.21783
1.21615
1.21349
1.21066
1.20759
1.20332
1.19474
1.18084
1.17262
1.16915
1.16628
1.16365
1.16122
1.15887
1.15647
1.15393
1.15078
1.14535
1.13407
1.12334
1.11965
1.11688
1.1143
1.1127
1.1099
1.10703
1.10472
1.10258
1.1002
1.09683
1.09001
1.07656
1.06609
1.06291
1.06073
1.05853
1.05648
1.05519
1.05385
1.05073
1.04777
1.0449
1.04069
1.0314
1.01813
1.01218
1.61446
1.23588
1.02874
0.85535
0.696276
0.6209
0.572675
0.510615
0.426796
0.387121
0.384108
0.365856
0.330903
0.297849
0.295528
0.297477
0.287326
0.267359
0.258475
0.259065
0.259795
0.258087
0.256215
0.254613
0.256196
0.259713
0.260506
0.259159
0.258496
0.260686
0.266894
0.273254
0.278342
0.283876
0.290945
0.297063
0.307746
0.317379
0.327874
0.344385
0.363998
0.383315
0.403515
0.425579
0.449739
0.475541
0.503863
0.536265
0.569943
0.606313
0.645433
0.685859
0.726056
0.772161
0.824484
0.879067
0.929173
0.982762
1.04329
1.09147
1.13389
1.18457
1.24195
1.28513
1.33912
1.41151
1.50499
1.57843
1.6319
1.68333
1.7256
1.77258
1.83538
1.90742
1.9869
2.07382
2.14151
2.18589
2.22389
2.26212
2.30706
2.37283
2.43804
2.46223
2.47293
2.47278
2.47893
2.49732
2.525
2.57845
2.63405
2.66329
2.68415
2.68943
2.69826
2.71829
2.74219
2.7812
2.81945
2.83163
2.83331
2.8262
2.81992
2.81912
2.82262
2.82648
2.82882
2.82979
2.83319
2.84019
2.85222
2.87206
2.88775
2.89251
2.89161
2.87725
2.85196
2.8421
2.83928
2.84298
2.86304
2.88745
2.88987
2.88513
2.87266
2.8476
2.82159
2.81173
2.80778
2.80786
2.81177
2.81695
2.82162
2.81961
2.81198
2.80229
2.78843
2.76598
2.73787
2.72244
2.71401
2.70849
2.71181
2.72643
2.72853
2.71953
2.70815
2.69044
2.66164
2.63425
2.62258
2.61554
2.61176
2.61323
2.61728
2.6157
2.60844
2.59975
2.58817
2.57077
2.54684
2.52712
2.51678
2.50803
2.5002
2.49561
2.49419
2.48819
2.47883
2.46902
2.45733
2.44181
2.42598
2.4166
2.40987
2.40488
2.40194
2.397
2.38974
2.38185
2.37296
2.36236
2.35036
2.33803
2.32495
2.30939
2.2927
2.28157
2.27393
2.26707
2.26205
2.26036
2.2589
2.25283
2.24535
2.23699
2.22519
2.20587
2.18198
2.16768
2.16009
2.15366
2.15006
2.14974
2.14675
2.13982
2.13216
2.12307
2.10999
2.09021
2.06812
2.05531
2.04858
2.04306
2.04048
2.04458
2.04984
2.04622
2.03972
2.03254
2.02226
2.00403
1.97676
1.95559
1.94688
1.94117
1.93755
1.94015
1.94806
1.94552
1.93951
1.93288
1.92452
1.91064
1.88694
1.86211
1.85004
1.84352
1.83798
1.83523
1.83689
1.83455
1.82909
1.82355
1.81696
1.80692
1.79112
1.77519
1.76635
1.76055
1.75544
1.75219
1.75052
1.74637
1.74109
1.73548
1.72852
1.71756
1.70121
1.68774
1.68108
1.67621
1.67156
1.66688
1.66195
1.65668
1.65055
1.64201
1.62917
1.61526
1.60645
1.60085
1.59604
1.59161
1.58795
1.58466
1.5805
1.5759
1.57108
1.56549
1.5574
1.54416
1.52919
1.52094
1.51631
1.51235
1.50929
1.50727
1.50413
1.50018
1.49604
1.49145
1.48533
1.47519
1.45999
1.44721
1.44075
1.43633
1.43253
1.42965
1.42735
1.42385
1.41968
1.41473
1.40685
1.39251
1.37597
1.36701
1.36253
1.35904
1.35592
1.3537
1.35341
1.35446
1.35306
1.35052
1.34711
1.34269
1.3345
1.31817
1.30126
1.29395
1.29009
1.28671
1.28373
1.28205
1.28316
1.28337
1.28093
1.2776
1.27363
1.26717
1.25341
1.23523
1.22631
1.2225
1.21937
1.21652
1.21445
1.21355
1.21179
1.20899
1.20598
1.20243
1.19639
1.18431
1.17265
1.16822
1.1655
1.16319
1.16149
1.15961
1.15733
1.15488
1.1521
1.14809
1.14008
1.12717
1.1195
1.11629
1.11337
1.11115
1.1103
1.10773
1.10547
1.10358
1.10148
1.09869
1.09364
1.08256
1.06929
1.06436
1.06226
1.06034
1.05857
1.05759
1.05712
1.05399
1.0507
1.04755
1.04344
1.03524
1.02262
1.01662
2.04721
1.80236
1.61559
1.41652
1.26812
1.17338
1.0692
0.940784
0.860401
0.830114
0.792316
0.735091
0.662342
0.63456
0.614989
0.587077
0.539593
0.505727
0.49945
0.490231
0.477587
0.45548
0.438093
0.432382
0.423949
0.409235
0.393556
0.391202
0.394551
0.39499
0.390048
0.389449
0.388696
0.384292
0.383795
0.394457
0.408182
0.412884
0.423967
0.442107
0.449617
0.459901
0.479253
0.50594
0.535131
0.551834
0.567854
0.592182
0.620705
0.635241
0.652174
0.675064
0.70562
0.729145
0.740008
0.752389
0.763906
0.774426
0.788925
0.809249
0.829763
0.849097
0.870543
0.896728
0.928458
0.965986
1.01413
1.07078
1.12952
1.19251
1.2577
1.32033
1.39053
1.48339
1.56527
1.6454
1.73235
1.80326
1.87036
1.93371
2.01254
2.1125
2.20353
2.2861
2.33922
2.3777
2.42759
2.47326
2.52055
2.5843
2.65961
2.7078
2.7382
2.75676
2.76409
2.7738
2.78507
2.79657
2.80617
2.81194
2.81658
2.8234
2.83362
2.84026
2.8434
2.84359
2.83482
2.81936
2.81961
2.82772
2.8432
2.87422
2.90634
2.91439
2.91345
2.89903
2.85787
2.82076
2.81173
2.80832
2.81579
2.84547
2.87724
2.88211
2.87922
2.87077
2.85243
2.82251
2.79964
2.79389
2.79104
2.79095
2.79639
2.81102
2.8216
2.81644
2.80831
2.7949
2.76665
2.72672
2.70719
2.6991
2.69448
2.70098
2.72032
2.72416
2.71617
2.70563
2.68875
2.6598
2.62478
2.60678
2.59904
2.59313
2.59044
2.59321
2.59974
2.59778
2.5901
2.58054
2.56492
2.53792
2.51087
2.49919
2.49139
2.48537
2.48365
2.48654
2.48402
2.47637
2.46812
2.45783
2.44267
2.42159
2.4044
2.39584
2.38877
2.38183
2.37524
2.36932
2.36355
2.35621
2.34814
2.3395
2.32993
2.31789
2.29984
2.27703
2.26308
2.25577
2.2496
2.24528
2.24471
2.24812
2.24545
2.23899
2.23184
2.22235
2.20639
2.18006
2.15527
2.14462
2.13754
2.13191
2.12957
2.13045
2.12822
2.12241
2.11541
2.10641
2.09304
2.0726
2.04923
2.03684
2.03082
2.02615
2.02415
2.02897
2.035
2.03178
2.02553
2.01824
2.00694
1.98757
1.95856
1.93599
1.92768
1.92247
1.91959
1.92243
1.92733
1.9243
1.9191
1.91299
1.90455
1.89029
1.86662
1.84216
1.8315
1.82595
1.82112
1.81843
1.81979
1.81927
1.81454
1.80903
1.80243
1.79298
1.77829
1.75981
1.74873
1.74308
1.73804
1.73405
1.73027
1.72539
1.72005
1.71409
1.70685
1.69711
1.68347
1.67025
1.66337
1.65867
1.65421
1.64966
1.64466
1.6392
1.63294
1.62507
1.61475
1.60261
1.5931
1.58744
1.58297
1.57895
1.57569
1.57268
1.56887
1.56448
1.55962
1.55343
1.54421
1.5303
1.51545
1.50759
1.5033
1.49947
1.49621
1.49351
1.49017
1.48632
1.48215
1.47737
1.47111
1.4626
1.45123
1.43739
1.42677
1.42138
1.4174
1.41395
1.41088
1.40721
1.40278
1.3974
1.39013
1.38037
1.36909
1.35985
1.35458
1.35119
1.34816
1.34524
1.34288
1.34089
1.33817
1.33462
1.33046
1.32515
1.31723
1.306
1.29444
1.28709
1.28292
1.27972
1.27658
1.27359
1.27131
1.26901
1.26573
1.26173
1.25658
1.24794
1.23431
1.2233
1.21859
1.21553
1.21283
1.21025
1.20793
1.20549
1.20273
1.19973
1.19625
1.19154
1.18399
1.17232
1.16148
1.15607
1.15289
1.15029
1.14808
1.14606
1.14392
1.14156
1.13889
1.13574
1.13078
1.12202
1.11281
1.10839
1.10559
1.10285
1.09994
1.09752
1.09534
1.09312
1.09073
1.08764
1.08303
1.07509
1.06381
1.05705
1.0543
1.05175
1.04934
1.04682
1.04381
1.04085
1.03775
1.03388
1.02907
1.01937
2.36179
2.18751
2.03525
1.86758
1.7399
1.62334
1.48458
1.3866
1.33146
1.254
1.1627
1.1121
1.071
1.01697
0.943352
0.892161
0.872918
0.853624
0.829209
0.791494
0.769266
0.759614
0.739025
0.709915
0.680869
0.668591
0.672672
0.676585
0.667325
0.656026
0.651061
0.656421
0.657139
0.649839
0.647571
0.660273
0.672395
0.668527
0.670757
0.676554
0.673059
0.676543
0.692163
0.706372
0.710111
0.709787
0.704754
0.70279
0.704942
0.709145
0.719964
0.732016
0.734411
0.734267
0.728712
0.722657
0.72306
0.725927
0.733774
0.743669
0.748211
0.750985
0.752598
0.751884
0.755607
0.762802
0.774411
0.791795
0.808264
0.822404
0.840216
0.864851
0.89268
0.929565
0.972257
1.01641
1.06837
1.12759
1.197
1.27316
1.36372
1.47576
1.59174
1.72453
1.85104
1.94656
2.06105
2.16037
2.23853
2.33559
2.43767
2.50301
2.56574
2.60205
2.61893
2.64908
2.68285
2.70491
2.7299
2.75528
2.7797
2.8105
2.85119
2.88001
2.88985
2.89265
2.87698
2.84773
2.84216
2.84732
2.85689
2.88449
2.9282
2.94338
2.94075
2.92762
2.88919
2.8291
2.79985
2.79237
2.7916
2.80567
2.8404
2.87076
2.87863
2.87919
2.87673
2.86291
2.82593
2.78559
2.77305
2.76817
2.76618
2.77473
2.80058
2.8185
2.81479
2.80766
2.79182
2.75272
2.70688
2.69085
2.68394
2.68104
2.69081
2.70956
2.71207
2.70444
2.69512
2.68082
2.65296
2.6126
2.59024
2.58203
2.57532
2.5715
2.576
2.58965
2.59037
2.58232
2.57229
2.55442
2.52174
2.49413
2.48454
2.47784
2.47322
2.47371
2.47914
2.47636
2.46885
2.46059
2.45002
2.43436
2.41136
2.3892
2.37816
2.37062
2.36371
2.35763
2.35385
2.35267
2.34784
2.34015
2.33239
2.32356
2.30992
2.28574
2.2614
2.25093
2.24452
2.23855
2.23442
2.23535
2.24039
2.2375
2.2312
2.22415
2.21495
2.19863
2.16958
2.14259
2.13144
2.12424
2.11813
2.11474
2.11554
2.11624
2.11215
2.10617
2.09932
2.08964
2.07228
2.04573
2.02667
2.01938
2.01431
2.01133
2.01374
2.02248
2.02333
2.01778
2.01124
2.00243
1.9866
1.95705
1.92402
1.91044
1.90456
1.90047
1.89974
1.9071
1.9107
1.90686
1.9018
1.89555
1.88525
1.86467
1.83537
1.81906
1.81316
1.80846
1.80511
1.80542
1.80902
1.80672
1.80151
1.79574
1.78795
1.77444
1.75334
1.73749
1.73101
1.72601
1.72133
1.71757
1.71464
1.71059
1.70599
1.70075
1.69323
1.68071
1.66351
1.65219
1.64687
1.64236
1.63795
1.63386
1.62949
1.6246
1.61905
1.61169
1.60105
1.58776
1.57816
1.57303
1.56884
1.56492
1.56165
1.5593
1.55635
1.55212
1.54714
1.54026
1.52874
1.51166
1.49827
1.49243
1.48837
1.48454
1.48099
1.47807
1.47613
1.47376
1.46998
1.46563
1.46
1.4509
1.43593
1.41874
1.40966
1.40544
1.40182
1.39867
1.39642
1.39363
1.3897
1.38513
1.37934
1.37115
1.35966
1.34819
1.34178
1.33804
1.33483
1.33178
1.32896
1.3266
1.32467
1.32199
1.31844
1.3142
1.30818
1.2988
1.28609
1.27585
1.27065
1.26718
1.26401
1.261
1.25823
1.25525
1.25173
1.24745
1.2414
1.23151
1.21934
1.21188
1.208
1.20505
1.20244
1.20002
1.19778
1.19558
1.19305
1.19012
1.18621
1.17929
1.16679
1.15384
1.14772
1.14459
1.14212
1.13997
1.13801
1.13633
1.13506
1.13332
1.13048
1.12673
1.1205
1.10997
1.10219
1.09888
1.09593
1.09306
1.09083
1.08896
1.08733
1.08567
1.08344
1.08
1.07328
1.06135
1.05082
1.04693
1.04424
1.04151
1.03924
1.03697
1.03452
1.03216
1.02994
1.02426
2.63353
2.51097
2.379
2.24645
2.14461
2.03359
1.90748
1.82838
1.76334
1.67905
1.60595
1.54931
1.48406
1.40436
1.35254
1.33
1.29345
1.2429
1.21484
1.19837
1.16424
1.11166
1.07215
1.06771
1.04898
1.02098
1.0214
1.02023
0.994948
0.982948
0.977952
0.960816
0.950085
0.952712
0.953932
0.946211
0.940136
0.92748
0.911386
0.909808
0.910373
0.913253
0.916233
0.91308
0.906507
0.895264
0.87857
0.866396
0.86497
0.865897
0.865187
0.863911
0.859517
0.850259
0.835201
0.824527
0.823175
0.825242
0.834513
0.842681
0.844221
0.844179
0.840033
0.830711
0.829622
0.834507
0.844638
0.851455
0.853082
0.852449
0.855588
0.85919
0.861151
0.862888
0.86439
0.865813
0.864971
0.864534
0.871032
0.882556
0.900675
0.929444
0.96748
1.0124
1.06825
1.12974
1.20224
1.29582
1.39363
1.50803
1.64028
1.7642
1.90749
2.05204
2.15103
2.26221
2.37657
2.44331
2.50735
2.57923
2.63948
2.70482
2.78882
2.85793
2.88433
2.89233
2.8797
2.84955
2.83601
2.84122
2.84921
2.87116
2.9214
2.95728
2.95794
2.94756
2.92021
2.86944
2.81331
2.79154
2.78749
2.78876
2.80617
2.85455
2.89837
2.90336
2.89871
2.88752
2.85554
2.79398
2.75288
2.74171
2.73372
2.73448
2.76401
2.80726
2.81442
2.80954
2.80053
2.77522
2.7255
2.68797
2.67789
2.67133
2.66769
2.67711
2.70274
2.70913
2.70021
2.68921
2.67154
2.63808
2.5978
2.5808
2.57243
2.56528
2.56374
2.57663
2.58893
2.58347
2.57509
2.5642
2.54364
2.50945
2.48648
2.47823
2.47145
2.46714
2.46727
2.46841
2.46302
2.45571
2.44811
2.43881
2.42547
2.4041
2.38001
2.36755
2.3588
2.35035
2.34344
2.34058
2.33931
2.33318
2.32549
2.31752
2.30639
2.28565
2.25932
2.24669
2.24022
2.23406
2.22864
2.22625
2.2288
2.22742
2.22137
2.21445
2.20665
2.19624
2.17869
2.15165
2.1317
2.12289
2.11579
2.10968
2.10629
2.10569
2.10302
2.09735
2.09108
2.08469
2.07632
2.06127
2.03692
2.01985
2.01315
2.00776
2.00439
2.00614
2.0095
2.00607
2.00026
1.99361
1.98486
1.96979
1.94164
1.91191
1.90016
1.89401
1.88913
1.88744
1.8921
1.89442
1.89065
1.8858
1.88029
1.87187
1.85386
1.82533
1.80946
1.80371
1.79865
1.79487
1.79447
1.79606
1.79245
1.78698
1.78104
1.77338
1.76042
1.7401
1.7255
1.71972
1.71509
1.71076
1.70741
1.70451
1.70026
1.69565
1.69049
1.68317
1.67032
1.6526
1.64155
1.6364
1.63205
1.62783
1.62393
1.62018
1.61593
1.61139
1.60565
1.59591
1.58098
1.56945
1.56386
1.55967
1.55578
1.55212
1.54901
1.54593
1.54195
1.53741
1.5315
1.52097
1.50279
1.48757
1.4813
1.47707
1.47321
1.46958
1.46667
1.46488
1.46259
1.45903
1.4551
1.45055
1.44389
1.43193
1.41381
1.40093
1.39597
1.39243
1.3891
1.38647
1.38411
1.38079
1.37695
1.37225
1.36512
1.35334
1.34031
1.33305
1.32892
1.32553
1.32252
1.31969
1.3173
1.31592
1.31465
1.31184
1.30845
1.3042
1.29699
1.28418
1.27029
1.26301
1.2591
1.25594
1.253
1.25017
1.24731
1.24411
1.2405
1.23583
1.22828
1.21558
1.20332
1.19818
1.19524
1.19261
1.19027
1.18843
1.18652
1.18391
1.1809
1.17721
1.17158
1.16171
1.14897
1.14175
1.13876
1.13649
1.13441
1.13242
1.13057
1.12895
1.12712
1.12468
1.12166
1.11711
1.1084
1.09751
1.09197
1.08893
1.08647
1.08444
1.08256
1.08066
1.07868
1.07641
1.07315
1.0667
1.05466
1.04531
1.04198
1.03938
1.0367
1.03407
1.0315
1.02885
1.0269
1.02296
2.94
2.85195
2.75147
2.64027
2.55215
2.46566
2.35949
2.25953
2.18985
2.13099
2.05201
1.96063
1.90604
1.86352
1.80013
1.74701
1.72137
1.68485
1.62464
1.58123
1.54862
1.49524
1.45582
1.44502
1.42148
1.38412
1.37166
1.35372
1.31308
1.29859
1.28851
1.26581
1.25901
1.24922
1.2266
1.2001
1.1869
1.1659
1.14765
1.14532
1.1376
1.12802
1.12335
1.1103
1.09551
1.08219
1.06595
1.06058
1.059
1.05283
1.0438
1.03487
1.02161
1.00261
0.991129
0.991438
0.991967
0.989975
0.992547
0.992673
0.986894
0.977659
0.967249
0.959629
0.953007
0.951825
0.952214
0.948434
0.941564
0.939439
0.940528
0.9421
0.942908
0.943152
0.942396
0.938746
0.929274
0.924185
0.925558
0.930561
0.939064
0.947423
0.948524
0.949011
0.948058
0.946252
0.946912
0.950947
0.959064
0.973733
0.998346
1.03245
1.08233
1.15227
1.23636
1.33236
1.44857
1.56691
1.68536
1.83269
1.97953
2.11771
2.28578
2.46946
2.59606
2.69581
2.74838
2.7704
2.76425
2.76464
2.77518
2.79387
2.8362
2.89678
2.93063
2.93404
2.93131
2.91556
2.88156
2.83919
2.82038
2.81877
2.82195
2.84364
2.88913
2.91522
2.90799
2.89263
2.86456
2.81047
2.74505
2.7159
2.70705
2.70464
2.71842
2.75684
2.79016
2.79494
2.79236
2.78369
2.75776
2.70938
2.67733
2.66803
2.66103
2.6583
2.66915
2.68961
2.69177
2.68314
2.67261
2.65419
2.61759
2.57643
2.56055
2.55254
2.54688
2.55075
2.57325
2.58736
2.58019
2.57018
2.55664
2.53035
2.48911
2.46287
2.45449
2.44825
2.44373
2.44265
2.45127
2.459
2.45312
2.44424
2.43365
2.41769
2.38877
2.35498
2.3399
2.33135
2.32375
2.31991
2.32636
2.33205
2.3258
2.31826
2.30947
2.29366
2.26922
2.25387
2.24623
2.23903
2.23195
2.22596
2.22275
2.22042
2.21446
2.20747
2.20028
2.19211
2.1806
2.16134
2.13884
2.12686
2.11952
2.11258
2.1063
2.10127
2.09848
2.0944
2.08772
2.08089
2.07362
2.06423
2.04922
2.02969
2.01681
2.0107
2.00544
2.00053
1.99652
1.9941
1.98985
1.98333
1.97596
1.96658
1.95114
1.92652
1.90488
1.89602
1.89045
1.88582
1.88376
1.8868
1.8873
1.88214
1.87631
1.86974
1.85938
1.83971
1.81534
1.80413
1.79878
1.79374
1.79067
1.78856
1.78332
1.77736
1.77127
1.76487
1.75729
1.74626
1.73027
1.71822
1.71286
1.70828
1.7039
1.69933
1.69438
1.68892
1.68294
1.67651
1.6689
1.65877
1.6464
1.63678
1.63157
1.62762
1.62384
1.61977
1.61533
1.6106
1.60473
1.59587
1.58222
1.56912
1.56192
1.55708
1.55297
1.54915
1.54542
1.54243
1.53886
1.53433
1.52886
1.52046
1.50544
1.48819
1.4788
1.47338
1.46858
1.46424
1.46039
1.45683
1.45376
1.45118
1.44801
1.44451
1.44068
1.43516
1.42498
1.40946
1.39517
1.38758
1.38332
1.37979
1.37641
1.37331
1.37024
1.36667
1.36206
1.35433
1.3424
1.33274
1.32741
1.32313
1.31918
1.31578
1.31286
1.31038
1.30861
1.30643
1.30355
1.3005
1.29644
1.28839
1.2732
1.26033
1.25521
1.2517
1.24815
1.24448
1.24122
1.23816
1.23503
1.23163
1.22745
1.22062
1.20827
1.19613
1.19084
1.18789
1.18531
1.18278
1.18018
1.17748
1.17468
1.17176
1.16849
1.16413
1.15698
1.14576
1.13655
1.13256
1.12994
1.12765
1.12546
1.12325
1.12109
1.1193
1.11743
1.11502
1.1118
1.10606
1.0956
1.0869
1.08343
1.081
1.07855
1.07597
1.07332
1.07058
1.06741
1.0629
1.05479
1.04546
1.04096
1.0383
1.03591
1.03362
1.03148
1.02918
1.02724
1.02301
3.24711
3.16114
3.07244
2.97928
2.89823
2.82946
2.74648
2.64836
2.56878
2.51074
2.44254
2.35015
2.27313
2.2329
2.18238
2.11642
2.06938
2.03214
1.97886
1.91355
1.87861
1.84295
1.79615
1.76597
1.73663
1.68696
1.64585
1.61623
1.57796
1.56406
1.55256
1.52835
1.51437
1.49514
1.46304
1.42905
1.39203
1.37244
1.3647
1.35151
1.34158
1.33108
1.31407
1.28542
1.27154
1.26702
1.25575
1.2491
1.24348
1.23391
1.21767
1.1915
1.17457
1.16378
1.15698
1.15764
1.16061
1.15418
1.15102
1.14906
1.14025
1.12681
1.11907
1.11397
1.1066
1.09689
1.09226
1.08522
1.07838
1.07866
1.08059
1.07826
1.077
1.07456
1.06819
1.05796
1.04568
1.03554
1.03153
1.02834
1.02488
1.02167
1.0174
1.01272
1.00823
1.00406
0.999893
0.993654
0.985305
0.982862
0.983176
0.987387
0.994737
1.0031
1.0102
1.0159
1.02329
1.03318
1.04608
1.07026
1.11408
1.18229
1.28156
1.41975
1.57452
1.73461
1.92025
2.06848
2.19264
2.34036
2.44908
2.51728
2.60517
2.69203
2.7666
2.84439
2.91243
2.9302
2.93338
2.91208
2.87852
2.85677
2.84608
2.8393
2.84406
2.87548
2.88938
2.87324
2.85244
2.82204
2.76978
2.71978
2.7055
2.70258
2.70493
2.71971
2.75296
2.78422
2.78823
2.78296
2.77006
2.74
2.69478
2.66645
2.65504
2.64613
2.64311
2.65654
2.67565
2.6737
2.66467
2.65277
2.62828
2.58533
2.55782
2.54813
2.54031
2.53735
2.55032
2.57015
2.56803
2.55926
2.54997
2.53568
2.50575
2.46808
2.45058
2.44291
2.43606
2.43125
2.43408
2.44517
2.44346
2.43457
2.42473
2.41146
2.38745
2.35334
2.3352
2.32699
2.3201
2.3181
2.32916
2.33838
2.33208
2.32358
2.31359
2.29533
2.26326
2.24045
2.23203
2.22502
2.21863
2.21507
2.21353
2.20763
2.20035
2.19315
2.18557
2.17692
2.16631
2.15377
2.14271
2.13435
2.12645
2.11843
2.11013
2.10143
2.092
2.08156
2.07141
2.06251
2.05529
2.0494
2.04394
2.03679
2.02657
2.01021
1.99492
1.98749
1.98126
1.97491
1.96855
1.96201
1.95508
1.94782
1.94092
1.93267
1.9188
1.90085
1.89077
1.88448
1.87858
1.87313
1.86935
1.8661
1.86051
1.8544
1.84815
1.84095
1.8303
1.81169
1.79276
1.78384
1.77795
1.77262
1.76848
1.76751
1.76815
1.76468
1.75997
1.75468
1.74622
1.73017
1.71019
1.70072
1.69563
1.69081
1.68633
1.68319
1.68166
1.67845
1.67403
1.66901
1.66222
1.65183
1.63702
1.62167
1.61232
1.60616
1.60043
1.59441
1.58811
1.58224
1.57721
1.57276
1.56837
1.56388
1.55818
1.54948
1.53837
1.53024
1.52454
1.51889
1.51266
1.50557
1.4978
1.49046
1.4841
1.47785
1.47152
1.46523
1.45849
1.45243
1.44774
1.44357
1.43945
1.43504
1.43005
1.42445
1.41801
1.4106
1.40263
1.39361
1.38447
1.37939
1.37661
1.37351
1.36954
1.36479
1.35842
1.34848
1.33801
1.33293
1.32936
1.32586
1.32231
1.31855
1.31476
1.31067
1.3062
1.30147
1.2967
1.29212
1.28754
1.28191
1.2729
1.26008
1.25052
1.24592
1.24267
1.23983
1.23721
1.23535
1.2339
1.23101
1.22738
1.22227
1.21246
1.19675
1.18685
1.18308
1.1802
1.17753
1.17503
1.17289
1.17076
1.16846
1.16618
1.16368
1.16006
1.15302
1.14077
1.13075
1.12696
1.12474
1.1229
1.12145
1.12073
1.1209
1.1198
1.11761
1.11489
1.11083
1.1024
1.08852
1.07963
1.07658
1.07435
1.07225
1.07002
1.06752
1.06463
1.06069
1.0542
1.04562
1.03952
1.03648
1.03424
1.03221
1.03017
1.0281
1.0264
1.02242
3.45974
3.37748
3.29266
3.20756
3.12786
3.05554
2.98187
2.90265
2.83153
2.77592
2.71842
2.64122
2.55644
2.49887
2.45173
2.39035
2.32224
2.27472
2.23599
2.18716
2.14557
2.11709
2.08005
2.0356
1.99088
1.93309
1.87022
1.84514
1.81805
1.7914
1.78251
1.76392
1.73952
1.71812
1.68634
1.6385
1.60382
1.58905
1.56794
1.55233
1.54202
1.52174
1.49906
1.47867
1.46322
1.45785
1.45163
1.44137
1.42815
1.41322
1.39216
1.36041
1.34739
1.34395
1.3321
1.32625
1.32589
1.31842
1.30997
1.30573
1.29887
1.28915
1.27945
1.26723
1.2493
1.23295
1.22927
1.22515
1.21808
1.21442
1.20999
1.20125
1.19511
1.19045
1.18406
1.17658
1.16933
1.16089
1.14877
1.13457
1.12862
1.12668
1.12489
1.12274
1.12052
1.11749
1.11282
1.10415
1.08738
1.07334
1.06928
1.06844
1.07045
1.07169
1.07076
1.06829
1.06481
1.05945
1.04601
1.02967
1.02508
1.02504
1.02765
1.03819
1.05776
1.08431
1.12078
1.17101
1.23392
1.32285
1.43441
1.55922
1.70093
1.87978
2.05446
2.21451
2.39886
2.54591
2.63679
2.72114
2.76477
2.7711
2.76291
2.76984
2.77689
2.79589
2.82468
2.83554
2.8283
2.81635
2.7967
2.76599
2.74058
2.73357
2.73026
2.73128
2.74852
2.78142
2.79036
2.78211
2.76815
2.74298
2.69704
2.65161
2.6337
2.6255
2.62243
2.63242
2.65625
2.66263
2.65584
2.64622
2.62729
2.58984
2.55839
2.54707
2.53833
2.5319
2.53531
2.553
2.55757
2.54972
2.54124
2.53076
2.51126
2.4755
2.44771
2.43775
2.43004
2.42358
2.42357
2.43551
2.43963
2.43156
2.42179
2.4097
2.38859
2.35421
2.33166
2.32273
2.31531
2.31124
2.31827
2.33027
2.32612
2.31781
2.30904
2.29581
2.26938
2.23759
2.22362
2.21583
2.20838
2.20238
2.20033
2.20078
2.19615
2.18924
2.18209
2.17333
2.15911
2.14058
2.12937
2.1218
2.11422
2.10693
2.09987
2.09231
2.0843
2.07599
2.06695
2.05675
2.04627
2.0368
2.02835
2.02057
2.01223
2.00157
1.98769
1.97813
1.97238
1.96676
1.96128
1.95605
1.95056
1.94465
1.93799
1.92822
1.91092
1.89024
1.87948
1.87342
1.86762
1.86297
1.86221
1.86355
1.85922
1.85346
1.84733
1.8392
1.82394
1.79927
1.7837
1.77758
1.77238
1.76801
1.76612
1.76598
1.76246
1.7572
1.75168
1.74511
1.73467
1.7186
1.70808
1.70259
1.69748
1.69238
1.68763
1.68276
1.67751
1.67192
1.66583
1.6585
1.64815
1.63233
1.61644
1.60841
1.60303
1.59813
1.59359
1.58944
1.58559
1.58172
1.57742
1.5724
1.56535
1.55397
1.5425
1.5362
1.53128
1.52664
1.52232
1.51809
1.5139
1.51006
1.50642
1.50166
1.49609
1.48856
1.47536
1.45984
1.45177
1.44656
1.44147
1.43584
1.42962
1.42417
1.41985
1.4163
1.4132
1.41041
1.4074
1.40394
1.39822
1.38781
1.37197
1.35913
1.35231
1.3469
1.34215
1.33866
1.33545
1.33253
1.33124
1.33331
1.33216
1.32797
1.32324
1.31734
1.30802
1.29552
1.28682
1.2815
1.27671
1.27142
1.26498
1.25781
1.25236
1.24868
1.24545
1.24175
1.23614
1.22857
1.22295
1.2189
1.21479
1.21012
1.20444
1.19745
1.19024
1.18394
1.17886
1.17437
1.16997
1.16584
1.16246
1.15962
1.15712
1.15475
1.15224
1.14914
1.14476
1.13892
1.13228
1.12526
1.11889
1.11493
1.11204
1.10887
1.10496
1.10105
1.09816
1.09596
1.09385
1.09096
1.08698
1.08126
1.07374
1.06666
1.06186
1.0586
1.056
1.05358
1.05081
1.0473
1.04306
1.03835
1.03394
1.03047
1.02763
1.02498
1.02294
1.01886
3.58401
3.51755
3.4457
3.36973
3.29322
3.21871
3.14619
3.07703
3.01728
2.97159
2.92884
2.86843
2.79631
2.73397
2.67924
2.6172
2.54595
2.48313
2.4429
2.41349
2.37689
2.34206
2.31113
2.26735
2.21486
2.15895
2.09692
2.05889
2.03849
2.0106
1.99372
1.97694
1.952
1.9288
1.89499
1.8538
1.82173
1.79076
1.76932
1.75577
1.73842
1.71065
1.68793
1.67721
1.6582
1.64247
1.63406
1.62102
1.60239
1.58277
1.56398
1.5433
1.52027
1.5081
1.49522
1.47897
1.46914
1.46693
1.46105
1.45356
1.44817
1.43942
1.42465
1.39842
1.38043
1.373
1.36658
1.3614
1.35456
1.34268
1.32636
1.31912
1.3138
1.30973
1.30837
1.3055
1.29957
1.29038
1.27172
1.24683
1.23746
1.23486
1.23578
1.23747
1.23442
1.22972
1.22344
1.21275
1.19177
1.17225
1.16657
1.16368
1.16294
1.16189
1.15828
1.15408
1.14913
1.14237
1.12955
1.10526
1.08373
1.07799
1.07556
1.07428
1.07486
1.07831
1.08223
1.08544
1.08878
1.09056
1.09155
1.08843
1.09902
1.12735
1.17697
1.25327
1.36502
1.50728
1.65699
1.82367
1.9999
2.12733
2.2499
2.39138
2.49239
2.57533
2.66218
2.73302
2.7711
2.7896
2.79231
2.78582
2.77221
2.75726
2.75328
2.75213
2.76191
2.78364
2.7812
2.76407
2.74104
2.7112
2.66949
2.62883
2.61517
2.61127
2.61166
2.62406
2.6501
2.65895
2.65257
2.64342
2.62696
2.59325
2.55872
2.54478
2.53522
2.52733
2.52596
2.53845
2.54842
2.54276
2.53471
2.52519
2.50767
2.47323
2.44257
2.43128
2.42324
2.41641
2.41579
2.42736
2.43281
2.42534
2.41595
2.40483
2.38554
2.35165
2.32601
2.31638
2.30882
2.30369
2.30732
2.31946
2.31751
2.30944
2.30105
2.28959
2.26738
2.23372
2.21495
2.20693
2.19973
2.19404
2.19261
2.19459
2.19068
2.18382
2.1765
2.16674
2.1501
2.1323
2.12292
2.1153
2.10803
2.10236
2.0961
2.08817
2.07967
2.06997
2.05829
2.04631
2.03688
2.02916
2.02191
2.01466
2.00704
1.99834
1.98686
1.97229
1.96241
1.95654
1.95067
1.94484
1.93911
1.93288
1.9261
1.91871
1.9092
1.89401
1.87848
1.87059
1.86518
1.86074
1.85721
1.85176
1.84564
1.83953
1.83309
1.82517
1.8123
1.79271
1.78062
1.77541
1.77077
1.76707
1.76526
1.7637
1.75966
1.75457
1.74929
1.74308
1.73276
1.71342
1.69704
1.69055
1.6853
1.68003
1.67537
1.67219
1.66855
1.66308
1.65732
1.65068
1.6398
1.62127
1.60684
1.60084
1.59647
1.59247
1.58891
1.58602
1.58271
1.5788
1.57468
1.57002
1.56337
1.55111
1.53434
1.52425
1.51922
1.51495
1.51068
1.50642
1.5026
1.49917
1.49467
1.48966
1.48409
1.47569
1.46129
1.44861
1.44213
1.43711
1.4325
1.42865
1.42487
1.42109
1.41762
1.41422
1.41077
1.40712
1.40283
1.39585
1.38441
1.36963
1.35679
1.34973
1.34579
1.34282
1.3403
1.33823
1.33661
1.33527
1.33256
1.32818
1.32316
1.31652
1.30667
1.29666
1.29055
1.28622
1.28198
1.27763
1.27332
1.26944
1.26604
1.26248
1.25776
1.25032
1.24006
1.23203
1.22736
1.22281
1.21754
1.2143
1.21195
1.20963
1.20712
1.20386
1.19948
1.19339
1.18583
1.17888
1.17289
1.16728
1.16134
1.15597
1.15224
1.14927
1.1466
1.14421
1.14191
1.13965
1.13718
1.13305
1.12547
1.11406
1.10607
1.102
1.09851
1.09456
1.09118
1.089
1.08699
1.08515
1.08325
1.08069
1.07791
1.07466
1.0694
1.06057
1.0511
1.0457
1.04208
1.03873
1.03561
1.03294
1.03078
1.02892
1.02724
1.02564
1.02451
1.02153
3.66706
3.61147
3.55446
3.49397
3.42978
3.36331
3.29579
3.22986
3.17175
3.12597
3.08508
3.03315
2.97654
2.92462
2.87313
2.81476
2.74619
2.6833
2.64139
2.6095
2.57643
2.54023
2.50635
2.46973
2.42365
2.36972
2.31133
2.26487
2.23815
2.21538
2.1933
2.17559
2.15091
2.12001
2.08756
2.04638
2.00536
1.98536
1.96784
1.94422
1.92421
1.9036
1.87456
1.8416
1.82704
1.81528
1.79659
1.78166
1.76851
1.75323
1.73736
1.71935
1.69323
1.65753
1.63268
1.62427
1.62116
1.61633
1.61136
1.60572
1.59626
1.58132
1.55647
1.53096
1.51935
1.51245
1.50469
1.49439
1.47895
1.45754
1.44425
1.43949
1.43707
1.43597
1.43218
1.42613
1.4177
1.40309
1.375
1.34878
1.34171
1.33873
1.33946
1.34105
1.33772
1.33283
1.32635
1.31506
1.292
1.26967
1.26297
1.2594
1.25755
1.25747
1.25576
1.25207
1.2472
1.24088
1.23135
1.21224
1.18398
1.17017
1.16545
1.16184
1.16051
1.16113
1.158
1.15398
1.1499
1.14462
1.13586
1.11681
1.09649
1.09215
1.0923
1.09412
1.10059
1.11356
1.13275
1.16067
1.19369
1.24263
1.31372
1.41501
1.5383
1.67399
1.8367
2.01937
2.16958
2.30468
2.43244
2.51245
2.54746
2.58745
2.61403
2.63141
2.66295
2.70269
2.71468
2.71018
2.69873
2.68111
2.65658
2.63056
2.61977
2.61338
2.61194
2.62225
2.64743
2.65712
2.64983
2.64064
2.62706
2.60091
2.56118
2.53529
2.52346
2.51533
2.51248
2.52075
2.53317
2.53045
2.52329
2.51501
2.50043
2.46954
2.43606
2.42244
2.41413
2.4073
2.40618
2.41661
2.422
2.41515
2.4065
2.39651
2.3792
2.34688
2.3192
2.30882
2.30146
2.29634
2.29891
2.30919
2.30682
2.2991
2.29105
2.28028
2.25945
2.22623
2.20693
2.19918
2.19233
2.18713
2.18602
2.18723
2.18285
2.17609
2.16858
2.15781
2.13965
2.12303
2.11442
2.10695
2.10068
2.09653
2.09019
2.08224
2.07373
2.06353
2.05017
2.03694
2.02798
2.02081
2.01398
2.00722
2.00038
1.9932
1.98477
1.97258
1.95594
1.94508
1.93914
1.9332
1.92746
1.92264
1.91787
1.91166
1.90504
1.89755
1.88672
1.87063
1.85832
1.85179
1.84572
1.84023
1.83509
1.82906
1.82298
1.81658
1.80847
1.79495
1.77834
1.77003
1.76514
1.76038
1.75621
1.75345
1.7498
1.74469
1.73923
1.73267
1.72216
1.70422
1.68997
1.68371
1.67842
1.67315
1.66848
1.66444
1.65937
1.65375
1.64794
1.64108
1.63014
1.61249
1.59965
1.59425
1.58992
1.58642
1.58524
1.58465
1.58131
1.5773
1.57306
1.56748
1.5569
1.53742
1.52309
1.51803
1.51413
1.51025
1.50652
1.50309
1.49933
1.49496
1.49036
1.48487
1.47528
1.45952
1.44897
1.444
1.43968
1.43571
1.43313
1.43386
1.43273
1.42865
1.42484
1.42101
1.4168
1.4114
1.40187
1.38343
1.36491
1.35844
1.35568
1.35352
1.35252
1.35251
1.35151
1.35007
1.34823
1.34477
1.3399
1.3331
1.32043
1.30388
1.29401
1.28838
1.2834
1.2789
1.27512
1.27172
1.26843
1.2652
1.26223
1.2595
1.25671
1.25319
1.24639
1.23404
1.22121
1.21439
1.2104
1.20698
1.20397
1.20107
1.19774
1.19376
1.18854
1.18042
1.17181
1.16752
1.16496
1.16426
1.16263
1.15962
1.15686
1.1539
1.15066
1.1474
1.14381
1.13838
1.12806
1.11737
1.11249
1.10933
1.10544
1.10129
1.09703
1.09294
1.09052
1.08868
1.08688
1.08509
1.08296
1.08039
1.07636
1.06736
1.05477
1.04816
1.04466
1.04167
1.03873
1.03522
1.03188
1.03003
1.0284
1.02689
1.02535
1.02368
1.02225
1.01702
3.74285
3.68865
3.63772
3.59008
3.54418
3.49556
3.43992
3.38012
3.32183
3.26644
3.2121
3.16019
3.11691
3.08241
3.04199
2.9888
2.92571
2.87037
2.82791
2.78714
2.74597
2.70955
2.67889
2.64639
2.60585
2.55376
2.49775
2.45955
2.43328
2.41016
2.38575
2.35861
2.32715
2.28839
2.24472
2.20983
2.18645
2.16699
2.14911
2.13095
2.10927
2.08168
2.04337
2.00192
1.9752
1.95884
1.94781
1.93888
1.92847
1.91662
1.90154
1.87975
1.84286
1.79702
1.77619
1.76762
1.76365
1.76355
1.75827
1.74787
1.73408
1.71261
1.68351
1.66441
1.6536
1.64257
1.62776
1.60494
1.58005
1.56871
1.56332
1.56074
1.55975
1.55554
1.54864
1.53942
1.52487
1.49674
1.46359
1.45194
1.44761
1.44578
1.44725
1.446
1.44142
1.43547
1.4273
1.41305
1.38677
1.36459
1.35728
1.3528
1.35029
1.34936
1.34616
1.34134
1.33575
1.32887
1.31875
1.29906
1.27004
1.25601
1.25125
1.24728
1.24495
1.24453
1.24164
1.23644
1.23046
1.22321
1.21202
1.18991
1.1621
1.15145
1.14712
1.14345
1.14123
1.13981
1.13835
1.13671
1.13665
1.13601
1.13098
1.12268
1.12599
1.13994
1.16604
1.21254
1.28115
1.37172
1.48858
1.61699
1.74755
1.88621
2.02698
2.14152
2.24966
2.37023
2.48404
2.53621
2.58098
2.60778
2.61243
2.60547
2.60706
2.60762
2.60922
2.62168
2.64402
2.65264
2.64691
2.63466
2.61646
2.59167
2.55683
2.52134
2.5066
2.50127
2.4988
2.50141
2.51188
2.5118
2.50452
2.49669
2.48552
2.46218
2.42917
2.41246
2.4045
2.39838
2.397
2.40409
2.40653
2.3997
2.39169
2.38221
2.36681
2.33849
2.31208
2.30166
2.29468
2.28997
2.29244
2.2993
2.29427
2.28693
2.2792
2.26856
2.24834
2.21649
2.19836
2.19119
2.18479
2.18007
2.17917
2.17915
2.17411
2.16716
2.15898
2.14661
2.12686
2.11143
2.1035
2.0965
2.09114
2.08842
2.08321
2.07565
2.06742
2.05732
2.04287
2.02717
2.01819
2.0119
2.00586
1.99974
1.99341
1.98691
1.97978
1.97039
1.95557
1.93768
1.92748
1.92176
1.91608
1.91085
1.90746
1.90485
1.8992
1.89239
1.8846
1.87339
1.85607
1.84179
1.83482
1.82869
1.82311
1.81788
1.81188
1.80592
1.79966
1.79182
1.77943
1.76554
1.75847
1.75373
1.74907
1.74437
1.73958
1.73457
1.72926
1.72314
1.71436
1.69906
1.68285
1.67511
1.66958
1.6642
1.6594
1.6551
1.6499
1.64433
1.63851
1.63131
1.6192
1.60313
1.59484
1.59027
1.58615
1.58311
1.58005
1.57596
1.57178
1.56753
1.56291
1.55728
1.54889
1.53432
1.51799
1.51082
1.50677
1.50288
1.49906
1.4953
1.49118
1.48662
1.4817
1.47602
1.46784
1.45401
1.44048
1.43381
1.42896
1.42435
1.42083
1.4201
1.41714
1.41304
1.4093
1.40545
1.40096
1.39468
1.38325
1.36739
1.35945
1.356
1.35255
1.34808
1.3441
1.34138
1.33888
1.33638
1.33338
1.32933
1.32402
1.31475
1.30024
1.29128
1.28707
1.28356
1.28094
1.27991
1.27865
1.27562
1.27219
1.26862
1.26492
1.26089
1.25557
1.24696
1.23365
1.22059
1.21308
1.20864
1.20536
1.20273
1.20035
1.1982
1.19579
1.19238
1.18623
1.17627
1.16869
1.16423
1.16012
1.15605
1.15204
1.14891
1.1461
1.14318
1.13984
1.13648
1.13315
1.12897
1.1222
1.11143
1.10251
1.09801
1.09495
1.09255
1.0901
1.08777
1.08589
1.08409
1.08231
1.08057
1.07835
1.07553
1.0719
1.06388
1.05156
1.04535
1.04207
1.039
1.03597
1.03315
1.03079
1.02869
1.02651
1.02409
1.02152
1.01895
1.01597
1.00728
3.82817
3.77322
3.71973
3.67021
3.62766
3.59234
3.55443
3.50579
3.45118
3.39391
3.3355
3.28127
3.23726
3.20671
3.1781
3.13373
3.08425
3.0384
2.99246
2.94207
2.89315
2.85607
2.83071
2.80461
2.76565
2.71692
2.6749
2.64381
2.61414
2.58346
2.55071
2.51593
2.47762
2.43517
2.39796
2.3731
2.35428
2.33659
2.31751
2.29605
2.26984
2.23474
2.18962
2.14907
2.12516
2.10974
2.09853
2.08977
2.08044
2.06745
2.04927
2.02218
1.97852
1.93716
1.92042
1.91082
1.90594
1.90111
1.89213
1.87973
1.86325
1.84198
1.81889
1.79873
1.77957
1.75556
1.72558
1.70631
1.69779
1.69276
1.6906
1.68796
1.68158
1.67293
1.66195
1.64599
1.61734
1.58136
1.56692
1.56141
1.55817
1.55671
1.55262
1.54685
1.54003
1.53132
1.51877
1.49796
1.47013
1.45391
1.44735
1.44208
1.43744
1.43299
1.42823
1.42281
1.41643
1.40856
1.3973
1.37665
1.3488
1.3365
1.33156
1.32736
1.32492
1.32385
1.32034
1.31506
1.3089
1.30134
1.28973
1.26747
1.24214
1.23255
1.22758
1.22332
1.22107
1.21711
1.21132
1.20487
1.19834
1.19058
1.17732
1.15598
1.14341
1.14002
1.13797
1.13918
1.14087
1.14436
1.15214
1.16395
1.177
1.19959
1.24233
1.30594
1.39198
1.50387
1.63905
1.7799
1.91337
2.05109
2.15989
2.23319
2.31541
2.39504
2.43148
2.47273
2.51467
2.54251
2.55974
2.56607
2.56294
2.55487
2.53894
2.5148
2.50071
2.49404
2.48833
2.48679
2.4941
2.49813
2.48999
2.48015
2.46977
2.45244
2.42632
2.40809
2.3998
2.39387
2.39194
2.39361
2.38881
2.38155
2.3741
2.36475
2.34894
2.32278
2.30254
2.29387
2.28727
2.28329
2.28679
2.28861
2.28182
2.27492
2.2672
2.25541
2.23162
2.20067
2.18788
2.18178
2.1762
2.17272
2.17283
2.17116
2.16559
2.15866
2.14989
2.135
2.11152
2.09661
2.08933
2.08279
2.07815
2.07783
2.07585
2.06865
2.06078
2.05141
2.03736
2.01855
2.00623
1.99986
1.9944
1.98948
1.98428
1.97857
1.97255
1.96564
1.95565
1.93928
1.92058
1.91012
1.90437
1.89907
1.8942
1.891
1.88883
1.88339
1.87657
1.8686
1.85639
1.83822
1.82462
1.8176
1.81144
1.80586
1.80038
1.79465
1.78903
1.78302
1.77534
1.76379
1.75129
1.74378
1.73856
1.73356
1.72862
1.72369
1.71854
1.71273
1.705
1.69198
1.67521
1.66598
1.66035
1.655
1.65037
1.64597
1.64065
1.63497
1.62892
1.62143
1.60956
1.595
1.58705
1.58199
1.57723
1.57335
1.57155
1.56909
1.56528
1.56136
1.55723
1.55202
1.54265
1.52452
1.50896
1.50337
1.49939
1.49558
1.49215
1.48919
1.48566
1.4813
1.47645
1.47014
1.45866
1.44192
1.4323
1.42731
1.42261
1.41807
1.41463
1.41418
1.41108
1.40693
1.40349
1.40002
1.39583
1.389
1.37513
1.35761
1.34987
1.34631
1.34324
1.34063
1.33821
1.33574
1.33341
1.33085
1.32743
1.32291
1.31559
1.30222
1.29053
1.28525
1.28112
1.2771
1.27324
1.26965
1.26638
1.26304
1.25949
1.25578
1.25188
1.24736
1.2408
1.23129
1.22375
1.21973
1.21659
1.21345
1.21002
1.20501
1.19644
1.19069
1.18781
1.18487
1.18179
1.1776
1.17194
1.16426
1.15643
1.15061
1.14718
1.14452
1.14199
1.13948
1.13621
1.13288
1.12933
1.12363
1.11315
1.10112
1.09431
1.09143
1.08987
1.08866
1.08791
1.08758
1.08649
1.08511
1.08364
1.08176
1.07924
1.07379
1.06274
1.05639
1.05379
1.05087
1.04748
1.04419
1.04125
1.03857
1.036
1.03352
1.03088
1.02752
1.02215
1.01197
1.00122
0.993062
3.90871
3.85506
3.80123
3.74975
3.70397
3.66721
3.63994
3.60796
3.56257
3.50942
3.4515
3.3952
3.34706
3.30892
3.28272
3.25739
3.2209
3.17785
3.12846
3.07328
3.02444
2.98883
2.96474
2.94694
2.91736
2.8815
2.84632
2.80974
2.76744
2.71671
2.67293
2.64383
2.61871
2.59095
2.5634
2.53889
2.51683
2.49477
2.46949
2.43701
2.39463
2.35411
2.32651
2.30528
2.28499
2.26444
2.24533
2.22889
2.21342
2.19629
2.17503
2.14739
2.11317
2.0831
2.06402
2.04927
2.03629
2.02424
2.01174
1.9979
1.9828
1.96665
1.94887
1.92634
1.89143
1.84959
1.82877
1.81956
1.8152
1.81707
1.81549
1.80687
1.79623
1.78272
1.76197
1.72576
1.69143
1.68002
1.67455
1.67176
1.66794
1.66148
1.654
1.64516
1.63363
1.61559
1.58672
1.56284
1.55338
1.54684
1.54006
1.53267
1.5245
1.51605
1.50813
1.50061
1.49273
1.48378
1.47244
1.45508
1.43076
1.41557
1.40914
1.4037
1.39957
1.39636
1.39134
1.38514
1.37827
1.37014
1.35815
1.33584
1.31037
1.3003
1.29499
1.2905
1.28765
1.28374
1.27871
1.27326
1.26689
1.25824
1.24354
1.22077
1.20383
1.19645
1.19026
1.18447
1.17946
1.17473
1.17035
1.16631
1.15951
1.15024
1.14048
1.13909
1.14047
1.1476
1.16334
1.18768
1.22264
1.27335
1.34125
1.42333
1.52142
1.64226
1.76491
1.87938
2.00856
2.13311
2.21226
2.29135
2.36952
2.39977
2.41958
2.44011
2.4436
2.44152
2.44676
2.45234
2.46473
2.47784
2.47602
2.47073
2.46301
2.44668
2.42113
2.40047
2.3919
2.38517
2.38001
2.37786
2.37536
2.36996
2.36358
2.35509
2.34092
2.31631
2.29139
2.28026
2.2732
2.26818
2.26917
2.27444
2.27006
2.26387
2.25666
2.24418
2.21637
2.18433
2.17338
2.16763
2.16276
2.16067
2.16394
2.16316
2.15778
2.15123
2.14242
2.12615
2.09824
2.08039
2.07315
2.06671
2.0617
2.06134
2.0653
2.06157
2.0541
2.0461
2.03538
2.01841
1.99744
1.98515
1.97864
1.9732
1.96915
1.96576
1.96096
1.9559
1.95022
1.94182
1.92689
1.90595
1.89229
1.88626
1.88122
1.87644
1.87256
1.86981
1.86474
1.85807
1.85017
1.8383
1.82077
1.80702
1.79953
1.79331
1.78741
1.78179
1.77642
1.77106
1.76518
1.75759
1.74689
1.73534
1.72747
1.72212
1.71734
1.71259
1.70769
1.70234
1.69567
1.6852
1.66901
1.65729
1.65154
1.64636
1.64175
1.63747
1.63225
1.62655
1.62034
1.61235
1.59947
1.58573
1.57901
1.57413
1.56957
1.56639
1.56447
1.56118
1.55743
1.55352
1.5492
1.54356
1.53355
1.51536
1.5007
1.49542
1.49156
1.48786
1.48458
1.48185
1.47859
1.47432
1.46938
1.4631
1.45249
1.43639
1.42643
1.42152
1.4169
1.41302
1.41225
1.4105
1.40558
1.40148
1.39763
1.39316
1.38657
1.37433
1.35683
1.34733
1.34361
1.34063
1.33794
1.33577
1.33383
1.3314
1.3288
1.32574
1.32169
1.31528
1.30297
1.2883
1.2811
1.27652
1.27206
1.26804
1.2655
1.2635
1.26083
1.25796
1.25489
1.25183
1.2482
1.24196
1.23078
1.21907
1.21273
1.20872
1.20504
1.20138
1.1982
1.19551
1.19301
1.19051
1.18713
1.18092
1.17119
1.16506
1.16114
1.15754
1.15403
1.15067
1.14722
1.14297
1.13776
1.13316
1.12894
1.12464
1.12026
1.11516
1.10794
1.1001
1.09597
1.0938
1.092
1.08931
1.08498
1.0815
1.07947
1.07757
1.07551
1.073
1.06967
1.0644
1.05455
1.04536
1.04164
1.03876
1.03538
1.0322
1.0295
1.0269
1.02424
1.02154
1.01881
1.01568
1.01064
1.00176
0.994445
0.989929
3.97703
3.92705
3.87676
3.82827
3.78354
3.74486
3.71541
3.69035
3.65437
3.60713
3.55303
3.49919
3.45326
3.41545
3.3883
3.3692
3.33879
3.29704
3.24637
3.19035
3.14423
3.11042
3.08728
3.07536
3.05698
3.02542
2.98754
2.94196
2.88628
2.83173
2.79524
2.77042
2.75618
2.74606
2.72608
2.69985
2.66927
2.63183
2.58419
2.53437
2.50063
2.48123
2.46919
2.45735
2.43978
2.41773
2.38879
2.35001
2.31795
2.29885
2.28443
2.26955
2.25241
2.23369
2.21216
2.18348
2.15208
2.13271
2.12007
2.10945
2.09736
2.08277
2.0648
2.03871
1.99651
1.96093
1.94743
1.93903
1.93669
1.9362
1.92807
1.91647
1.90172
1.87903
1.83958
1.80296
1.79068
1.78421
1.78112
1.77831
1.77184
1.7635
1.75364
1.74107
1.72105
1.68474
1.65154
1.64111
1.63574
1.63332
1.62884
1.62152
1.61295
1.60212
1.58659
1.56842
1.55542
1.54582
1.53625
1.52535
1.5113
1.49361
1.48042
1.47305
1.46664
1.46045
1.4542
1.44749
1.44015
1.4317
1.42029
1.40056
1.37588
1.36464
1.35902
1.35405
1.35019
1.34595
1.34079
1.33513
1.32858
1.31965
1.30368
1.28062
1.2681
1.26213
1.25661
1.25083
1.24471
1.2386
1.23205
1.22442
1.21468
1.20066
1.18083
1.16568
1.15957
1.15546
1.1525
1.15213
1.15226
1.15181
1.15095
1.1488
1.15041
1.15994
1.17983
1.2151
1.27078
1.34678
1.4385
1.53817
1.65627
1.75743
1.84714
1.95934
2.04623
2.10413
2.17826
2.2488
2.29028
2.33618
2.37451
2.38782
2.39119
2.38881
2.37553
2.35936
2.35272
2.34945
2.34625
2.34553
2.35209
2.36164
2.35745
2.34738
2.3329
2.31242
2.28569
2.26687
2.25962
2.2537
2.25098
2.25566
2.25486
2.24806
2.24053
2.22947
2.20608
2.17486
2.16162
2.15586
2.15137
2.14928
2.15165
2.15098
2.14595
2.13981
2.1319
2.11738
2.08908
2.0679
2.06037
2.05452
2.04986
2.04835
2.0514
2.04924
2.04243
2.03574
2.02841
2.01657
1.99468
1.97362
1.964
1.95776
1.9523
1.94789
1.94503
1.94151
1.93709
1.9324
1.92601
1.91491
1.89511
1.87451
1.86594
1.86089
1.85594
1.85138
1.84811
1.84415
1.83812
1.83108
1.82088
1.80475
1.78902
1.78041
1.77395
1.76796
1.76236
1.75706
1.75182
1.74623
1.7394
1.73011
1.71924
1.71067
1.70497
1.70023
1.69567
1.69089
1.68532
1.67731
1.66354
1.64942
1.64295
1.63812
1.63361
1.62958
1.62477
1.61932
1.61337
1.60569
1.59288
1.57752
1.56975
1.56489
1.56031
1.55664
1.55451
1.55149
1.54783
1.54402
1.53976
1.53418
1.52442
1.50682
1.49222
1.48696
1.48336
1.47994
1.47677
1.47394
1.47097
1.46716
1.46248
1.45624
1.44536
1.42949
1.42038
1.41558
1.41097
1.40711
1.4058
1.40388
1.39936
1.39524
1.39123
1.38661
1.37978
1.36663
1.34856
1.33915
1.33542
1.33251
1.32978
1.32735
1.32529
1.32299
1.32031
1.31696
1.31245
1.30502
1.29133
1.27997
1.27521
1.27109
1.26755
1.26437
1.26081
1.2574
1.25401
1.2505
1.24644
1.24103
1.23274
1.22205
1.21461
1.21072
1.20764
1.20467
1.20182
1.19895
1.19589
1.19236
1.18764
1.18142
1.17454
1.16895
1.16476
1.16052
1.15568
1.15087
1.1465
1.14229
1.13846
1.13501
1.13216
1.1298
1.12674
1.12351
1.11975
1.11347
1.10197
1.09121
1.08663
1.08391
1.08183
1.07999
1.07859
1.07808
1.0767
1.07496
1.07307
1.07062
1.06597
1.05464
1.04187
1.03713
1.03404
1.03154
1.02948
1.02665
1.02448
1.02243
1.02016
1.01716
1.01212
1.00576
1.00196
0.999638
0.998094
0.99522
4.035
3.99398
3.94979
3.9056
3.8621
3.82074
3.78402
3.75446
3.7267
3.68883
3.6434
3.5962
3.55309
3.51628
3.48802
3.46657
3.43721
3.3976
3.3511
3.30122
3.25807
3.22443
3.19993
3.18634
3.17008
3.13968
3.10081
3.05172
2.99476
2.95103
2.92142
2.90001
2.88997
2.88099
2.85925
2.83012
2.79318
2.74183
2.68129
2.64311
2.62282
2.61086
2.60551
2.5938
2.57362
2.54763
2.51102
2.46056
2.42132
2.40122
2.38949
2.38637
2.38001
2.36445
2.344
2.31479
2.27017
2.23457
2.21885
2.20917
2.2
2.18589
2.16785
2.14309
2.10599
2.07502
2.0608
2.0512
2.04664
2.0403
2.02838
2.01333
1.99288
1.95899
1.91765
1.89896
1.8895
1.88217
1.87701
1.87093
1.86261
1.85247
1.84031
1.8242
1.79672
1.75516
1.73223
1.72376
1.71755
1.71503
1.71105
1.70324
1.69386
1.68189
1.66289
1.63578
1.61806
1.60942
1.60185
1.59388
1.58501
1.57467
1.56128
1.54461
1.53228
1.52453
1.51732
1.50988
1.50186
1.49299
1.4823
1.46633
1.44307
1.42777
1.42086
1.4151
1.41005
1.40438
1.39807
1.3913
1.38362
1.37336
1.35635
1.33441
1.32206
1.31604
1.31075
1.30549
1.29996
1.29405
1.28774
1.28042
1.27072
1.25538
1.23498
1.22137
1.21387
1.20712
1.19993
1.19308
1.18633
1.17922
1.17025
1.15666
1.14148
1.13492
1.13517
1.13538
1.13613
1.1381
1.14279
1.15281
1.16358
1.1787
1.20526
1.24859
1.31091
1.38769
1.481
1.59529
1.69906
1.80324
1.93146
2.01082
2.06295
2.13147
2.18363
2.20188
2.22907
2.26022
2.27106
2.28118
2.29343
2.30019
2.30493
2.304
2.29969
2.29158
2.27696
2.26227
2.25525
2.24816
2.24424
2.24568
2.24057
2.23184
2.2222
2.21026
2.19021
2.1656
2.15492
2.14947
2.14551
2.14459
2.14262
2.13728
2.13111
2.12383
2.11144
2.08678
2.06403
2.05559
2.04987
2.04534
2.04338
2.04474
2.04332
2.03691
2.02953
2.02065
2.00703
1.98581
1.96773
1.95864
1.95235
1.94669
1.94162
1.93706
1.93244
1.92791
1.92385
1.92012
1.91609
1.91081
1.90049
1.88096
1.85741
1.84522
1.8396
1.83462
1.82985
1.82557
1.82142
1.81584
1.80954
1.80114
1.78726
1.77127
1.76205
1.75577
1.74986
1.74405
1.73825
1.73234
1.72605
1.71898
1.71076
1.7017
1.6932
1.68677
1.68187
1.67724
1.6722
1.66551
1.6539
1.63993
1.63347
1.62926
1.6254
1.62224
1.61852
1.61376
1.60862
1.6021
1.59104
1.57387
1.56089
1.55465
1.54984
1.54541
1.54164
1.53916
1.53607
1.53254
1.52884
1.52423
1.51624
1.50035
1.48408
1.47759
1.47382
1.47035
1.46714
1.46435
1.46166
1.45828
1.45415
1.44867
1.43894
1.42343
1.4136
1.40895
1.4045
1.40067
1.39862
1.39622
1.39225
1.38831
1.38434
1.37968
1.37236
1.3579
1.34042
1.33234
1.32823
1.32512
1.32238
1.31982
1.31749
1.31514
1.31247
1.30913
1.30451
1.29582
1.28136
1.27254
1.26814
1.26388
1.26038
1.25811
1.25513
1.25177
1.24841
1.24503
1.24126
1.23552
1.22485
1.21274
1.20622
1.20259
1.19943
1.1962
1.19279
1.1893
1.18607
1.18321
1.18034
1.17685
1.17058
1.15931
1.15215
1.14877
1.14548
1.14297
1.14173
1.13879
1.13555
1.13241
1.12911
1.12517
1.11988
1.11313
1.10541
1.09755
1.0911
1.08709
1.08454
1.08252
1.0806
1.07811
1.07459
1.07068
1.06775
1.06528
1.0627
1.05948
1.05406
1.04426
1.03698
1.034
1.03155
1.02907
1.0261
1.02307
1.02006
1.01728
1.01449
1.01138
1.00722
1.00071
0.991969
0.985982
0.984211
0.981817
4.08536
4.05417
4.0136
3.97029
3.92655
3.88561
3.85007
3.82263
3.8011
3.77069
3.73091
3.68696
3.64345
3.60479
3.57248
3.54763
3.52363
3.491
3.45228
3.4098
3.36618
3.32729
3.29591
3.27337
3.25741
3.23323
3.19885
3.15668
3.11025
3.0722
3.0427
3.0201
3.00606
2.99085
2.96597
2.93449
2.89349
2.83836
2.79053
2.76459
2.7463
2.73657
2.72937
2.71214
2.68782
2.65644
2.61157
2.55963
2.52871
2.51098
2.50025
2.4979
2.49231
2.47696
2.45649
2.42833
2.38332
2.33493
2.31246
2.29973
2.29249
2.28215
2.26618
2.24645
2.21929
2.18509
2.16333
2.15029
2.14046
2.13016
2.11654
2.10015
2.07954
2.04998
2.01417
1.99309
1.98131
1.97173
1.96357
1.9546
1.94415
1.93227
1.91832
1.89977
1.86947
1.8321
1.8142
1.8049
1.79783
1.79396
1.78818
1.77933
1.76912
1.75643
1.73634
1.70371
1.68046
1.67152
1.66449
1.65798
1.65066
1.64216
1.63227
1.6195
1.60143
1.58459
1.57486
1.56673
1.55842
1.54956
1.5398
1.52792
1.51095
1.49138
1.47939
1.47175
1.46467
1.45751
1.4501
1.4423
1.43345
1.42154
1.403
1.38368
1.37403
1.36779
1.36184
1.35578
1.34955
1.34306
1.33598
1.32745
1.31508
1.29584
1.27846
1.27036
1.26438
1.25836
1.25213
1.24551
1.23831
1.22951
1.21656
1.19715
1.18072
1.1722
1.16596
1.16017
1.15471
1.14954
1.1449
1.14099
1.13624
1.12713
1.11438
1.11041
1.11088
1.11445
1.12317
1.13716
1.16177
1.20138
1.25299
1.31378
1.37879
1.45467
1.54696
1.62802
1.71433
1.82025
1.89231
1.962
2.05322
2.10866
2.13714
2.17488
2.19257
2.19375
2.20083
2.20195
2.20029
2.20467
2.21409
2.22621
2.22874
2.22385
2.21625
2.20343
2.18175
2.15998
2.14942
2.14299
2.13666
2.13392
2.13232
2.12756
2.12169
2.11341
2.09725
2.06652
2.0456
2.03908
2.03364
2.03058
2.03327
2.03654
2.03222
2.02606
2.01873
2.0071
1.98286
1.95444
1.94386
1.93832
1.93377
1.93256
1.93287
1.9296
1.92507
1.92
1.91391
1.90508
1.89234
1.88316
1.87704
1.86966
1.85776
1.84038
1.82571
1.81916
1.81443
1.80988
1.80483
1.79931
1.79341
1.78669
1.77741
1.76385
1.75291
1.74674
1.74144
1.73616
1.73087
1.72551
1.71985
1.71305
1.7024
1.68633
1.67535
1.67041
1.66644
1.66271
1.65904
1.65516
1.65014
1.64139
1.62689
1.61518
1.60988
1.60531
1.60057
1.59591
1.5913
1.58652
1.58154
1.57508
1.56385
1.54913
1.5408
1.53624
1.53209
1.52803
1.52394
1.51977
1.51537
1.51028
1.5031
1.49082
1.47647
1.46938
1.46552
1.4619
1.45809
1.45429
1.45062
1.44691
1.44302
1.4388
1.43322
1.4223
1.40791
1.4011
1.39691
1.39271
1.38909
1.38594
1.38206
1.37805
1.37402
1.36963
1.36393
1.35384
1.33811
1.32743
1.32289
1.31941
1.31609
1.31278
1.30952
1.30626
1.3027
1.2985
1.29289
1.28347
1.27148
1.2656
1.26183
1.25817
1.25533
1.25292
1.2498
1.24648
1.24313
1.23944
1.23402
1.22343
1.20971
1.2023
1.19854
1.19537
1.19223
1.18905
1.18606
1.1834
1.1809
1.17826
1.17499
1.16994
1.16034
1.1487
1.14395
1.14129
1.13848
1.13565
1.13314
1.13104
1.1281
1.12464
1.12109
1.11754
1.11392
1.10938
1.10177
1.0916
1.08444
1.08053
1.07755
1.07462
1.07176
1.06933
1.06727
1.06529
1.0631
1.06069
1.05818
1.05498
1.04885
1.03724
1.02904
1.02558
1.02221
1.01894
1.0173
1.01916
1.01846
1.01617
1.01407
1.01149
1.0078
1.00149
0.991434
0.981336
0.97783
0.975127
4.1298
4.1019
4.06341
4.02176
3.98132
3.94516
3.91494
3.89372
3.87543
3.84498
3.80629
3.76336
3.72021
3.68185
3.64976
3.62589
3.60808
3.58221
3.54748
3.5076
3.46263
3.4185
3.38248
3.35451
3.33543
3.31916
3.29283
3.25903
3.21904
3.17724
3.14371
3.11806
3.09982
3.08287
3.05829
3.02752
2.98867
2.94135
2.90297
2.87728
2.85811
2.84663
2.8351
2.81468
2.78836
2.7547
2.70809
2.66123
2.63473
2.61682
2.60556
2.60108
2.5918
2.57458
2.55276
2.52335
2.47794
2.4286
2.40444
2.3901
2.38163
2.37514
2.36196
2.34471
2.32269
2.29019
2.25493
2.23529
2.22176
2.20971
2.19628
2.18094
2.16343
2.14157
2.11075
2.0804
2.06462
2.0535
2.04415
2.03431
2.02287
2.00993
1.99476
1.97453
1.94286
1.90927
1.89392
1.88417
1.87676
1.87008
1.86112
1.85092
1.83946
1.8253
1.80399
1.77195
1.74906
1.73945
1.7315
1.72405
1.71626
1.70772
1.69829
1.68696
1.67052
1.64774
1.63109
1.6218
1.61343
1.6049
1.59595
1.58628
1.57491
1.55955
1.54084
1.52696
1.51781
1.50946
1.50086
1.49158
1.48076
1.46632
1.44767
1.43322
1.42509
1.41837
1.41173
1.40491
1.39779
1.39012
1.38103
1.36775
1.34641
1.32758
1.31988
1.31409
1.30832
1.30254
1.2967
1.29059
1.28371
1.27464
1.25929
1.23804
1.22475
1.21777
1.21127
1.20462
1.19783
1.19083
1.1834
1.1754
1.16586
1.15209
1.13366
1.12169
1.11688
1.11302
1.10945
1.10923
1.10958
1.10801
1.10574
1.10306
1.09806
1.09691
1.10491
1.12205
1.15058
1.19783
1.26061
1.33063
1.42199
1.507
1.57992
1.67601
1.75402
1.80609
1.87645
1.95338
1.98553
2.02499
2.08007
2.11278
2.13267
2.14934
2.14999
2.148
2.14339
2.12986
2.11864
2.11491
2.11178
2.11025
2.11669
2.1215
2.11623
2.10699
2.09158
2.06771
2.03915
2.02452
2.01848
2.0142
2.01329
2.01689
2.01546
2.01015
2.0039
1.99344
1.96818
1.93817
1.92787
1.92231
1.91725
1.91435
1.91668
1.91866
1.91455
1.90947
1.90405
1.89439
1.87651
1.86052
1.8527
1.84656
1.84008
1.83136
1.8176
1.80609
1.80125
1.7972
1.79287
1.78796
1.7823
1.77566
1.76685
1.75312
1.7392
1.73275
1.72822
1.7247
1.72302
1.71954
1.71471
1.70926
1.70103
1.68679
1.66942
1.65807
1.65159
1.64584
1.63973
1.63391
1.62912
1.62453
1.61815
1.60696
1.59713
1.59193
1.5875
1.583
1.57828
1.57352
1.56895
1.56428
1.55865
1.55007
1.53669
1.52527
1.51987
1.51562
1.51134
1.50693
1.50221
1.49662
1.48882
1.47776
1.46873
1.46445
1.46109
1.45765
1.45385
1.44924
1.44391
1.4387
1.43352
1.42711
1.41655
1.40384
1.39692
1.3928
1.38875
1.38455
1.38045
1.37641
1.37237
1.36833
1.3642
1.35953
1.35238
1.33968
1.32716
1.32145
1.31786
1.31434
1.31056
1.30667
1.30293
1.29927
1.29538
1.29064
1.28317
1.2707
1.26195
1.2584
1.25514
1.2521
1.24992
1.24787
1.24504
1.24202
1.23894
1.23528
1.22867
1.21473
1.20074
1.19504
1.19154
1.18838
1.18541
1.18251
1.17974
1.17715
1.17458
1.17179
1.16827
1.16233
1.15026
1.13858
1.13479
1.13222
1.12973
1.12792
1.1272
1.12598
1.1233
1.12014
1.11666
1.11195
1.10363
1.0934
1.08782
1.0848
1.0822
1.07969
1.07725
1.07464
1.07101
1.06541
1.06066
1.05787
1.05549
1.05305
1.05029
1.04647
1.03894
1.02748
1.0224
1.01994
1.0178
1.01634
1.0138
1.0113
1.00905
1.00675
1.00431
1.00136
0.997274
0.990321
0.981402
0.976742
0.974986
0.972158
4.17148
4.14532
4.11079
4.07342
4.03782
4.00661
3.98186
3.96425
3.9409
3.90671
3.86685
3.82417
3.78446
3.75044
3.72266
3.7038
3.68958
3.66395
3.62893
3.58765
3.541
3.49846
3.46504
3.43868
3.42134
3.40731
3.38241
3.3494
3.30863
3.26521
3.23134
3.20542
3.1863
3.16987
3.14703
3.11826
3.08303
3.04047
3.00233
2.97555
2.95568
2.94244
2.92844
2.90712
2.88087
2.84829
2.80479
2.76
2.73239
2.71328
2.70069
2.69354
2.68078
2.66153
2.63789
2.60589
2.55884
2.51576
2.49502
2.48085
2.4724
2.46501
2.45108
2.43317
2.41009
2.3754
2.33779
2.31792
2.3043
2.29226
2.27882
2.26353
2.24608
2.22357
2.19011
2.15784
2.14192
2.13059
2.12176
2.11206
2.09981
2.08569
2.06869
2.0445
2.00864
1.98202
1.97003
1.96084
1.95285
1.94293
1.93196
1.92003
1.90589
1.88569
1.85465
1.82871
1.81724
1.80822
1.7993
1.79005
1.78032
1.76989
1.75812
1.74298
1.72123
1.70031
1.68872
1.67971
1.67073
1.66146
1.6518
1.64141
1.6293
1.61325
1.59333
1.57795
1.56807
1.55929
1.5503
1.54057
1.52909
1.51366
1.49436
1.4803
1.47212
1.46499
1.45784
1.45045
1.44264
1.43385
1.42218
1.40294
1.37887
1.36691
1.3606
1.35452
1.34839
1.34218
1.33585
1.32924
1.32185
1.31196
1.29544
1.27421
1.262
1.25547
1.24955
1.24359
1.23744
1.23097
1.22386
1.21516
1.20251
1.18452
1.16964
1.16156
1.15522
1.14884
1.14257
1.13654
1.13045
1.12379
1.11483
1.09987
1.08148
1.07407
1.07193
1.07138
1.07192
1.07381
1.07745
1.08202
1.08927
1.10026
1.11042
1.13085
1.16514
1.20842
1.26412
1.34186
1.42016
1.49675
1.6028
1.68805
1.74991
1.82533
1.8897
1.91754
1.94617
1.98562
2.01601
2.02264
2.03855
2.04877
2.05369
2.05907
2.05971
2.05785
2.05477
2.04711
2.03252
2.02138
2.01732
2.01425
2.01264
2.00812
2.00201
1.99411
1.98339
1.96842
1.94596
1.92584
1.91866
1.91357
1.90912
1.90787
1.90991
1.90564
1.89918
1.8918
1.87817
1.85593
1.84435
1.83957
1.83474
1.82987
1.825
1.81961
1.81293
1.80284
1.78691
1.77569
1.77083
1.76681
1.76444
1.76152
1.75698
1.75091
1.74094
1.72668
1.71609
1.71039
1.7052
1.69972
1.69403
1.68845
1.6832
1.67749
1.66727
1.65181
1.64076
1.63466
1.62953
1.62418
1.61727
1.60649
1.5976
1.59371
1.58972
1.58504
1.58015
1.57517
1.57052
1.56644
1.56244
1.55816
1.55262
1.54227
1.52397
1.51295
1.50922
1.50571
1.50202
1.49816
1.494
1.48918
1.48245
1.47191
1.45751
1.4472
1.44246
1.43866
1.43523
1.43318
1.43221
1.42959
1.42632
1.42093
1.40897
1.39326
1.38615
1.38232
1.37857
1.37475
1.37084
1.36686
1.3628
1.35854
1.35347
1.34595
1.33551
1.32832
1.32458
1.32117
1.3176
1.31372
1.30901
1.30354
1.29886
1.29499
1.29068
1.28369
1.27175
1.26425
1.26172
1.2589
1.25607
1.25366
1.25194
1.24967
1.24651
1.24323
1.23981
1.23534
1.2262
1.20716
1.19279
1.18898
1.18677
1.18509
1.1832
1.18079
1.17832
1.17576
1.17307
1.17018
1.16661
1.1604
1.14702
1.13298
1.12826
1.12576
1.12313
1.12031
1.11774
1.11507
1.11232
1.10923
1.10584
1.1022
1.09758
1.09013
1.08138
1.07602
1.07253
1.0691
1.06561
1.06308
1.06112
1.05936
1.05754
1.0555
1.05319
1.05048
1.04704
1.04215
1.03397
1.02184
1.01371
1.01076
1.00816
1.00568
1.00415
1.00241
1.00054
0.998716
0.996818
0.99472
0.992063
0.987969
0.980673
0.971969
0.967596
0.963731
4.21259
4.18636
4.15552
4.12293
4.09169
4.06407
4.04228
4.0227
3.99475
3.95985
3.92106
3.88174
3.84632
3.8161
3.79248
3.77754
3.76094
3.73223
3.69645
3.65412
3.60903
3.57126
3.54138
3.51878
3.50401
3.48403
3.45408
3.41781
3.3767
3.34051
3.3126
3.29081
3.27515
3.25761
3.23267
3.2023
3.16443
3.12102
3.0864
3.06183
3.04349
3.03079
3.01547
2.99357
2.96735
2.93493
2.8916
2.84695
2.81924
2.79979
2.78669
2.77717
2.7614
2.74045
2.71489
2.67964
2.63335
2.60128
2.58364
2.57063
2.56205
2.54985
2.53261
2.51165
2.48259
2.44272
2.41432
2.39891
2.3871
2.37563
2.36119
2.34459
2.32461
2.29591
2.25686
2.23114
2.21739
2.20685
2.19879
2.18799
2.17422
2.15817
2.13743
2.10551
2.07097
2.05452
2.04359
2.03437
2.02427
2.01275
2.00025
1.98595
1.96659
1.93582
1.9075
1.89553
1.88615
1.87667
1.86663
1.85607
1.84456
1.8306
1.81016
1.78298
1.76503
1.75516
1.7462
1.73717
1.72786
1.71806
1.70743
1.69496
1.6781
1.65548
1.63612
1.62468
1.61545
1.60628
1.59674
1.58636
1.5741
1.55795
1.53916
1.52561
1.51676
1.50882
1.50088
1.49258
1.48344
1.47219
1.45535
1.43181
1.41597
1.4083
1.40154
1.39481
1.38803
1.38112
1.37402
1.36646
1.3575
1.34426
1.32272
1.30287
1.29399
1.28791
1.28207
1.27627
1.27039
1.26432
1.25773
1.24964
1.23758
1.22056
1.20767
1.2006
1.19453
1.18841
1.18198
1.17494
1.16698
1.15712
1.14176
1.12056
1.10728
1.10097
1.09564
1.09062
1.08591
1.08135
1.07692
1.07233
1.06862
1.06258
1.05169
1.0416
1.03931
1.03935
1.04074
1.04646
1.0568
1.07307
1.10478
1.14579
1.18817
1.23731
1.29254
1.36412
1.42857
1.50229
1.5833
1.6425
1.71833
1.79429
1.82431
1.86608
1.90628
1.92085
1.94712
1.96064
1.9579
1.9599
1.96285
1.96546
1.97519
1.98593
1.98563
1.98099
1.97179
1.95384
1.93043
1.91589
1.90828
1.90278
1.89935
1.90291
1.90312
1.89743
1.89123
1.88345
1.86629
1.8366
1.81857
1.81221
1.8069
1.80334
1.80482
1.80525
1.80164
1.79657
1.78606
1.7687
1.75528
1.74807
1.74193
1.73639
1.73137
1.72645
1.7213
1.71579
1.7082
1.69791
1.68956
1.68414
1.67914
1.67379
1.667
1.65588
1.64368
1.63727
1.63274
1.62831
1.62359
1.6184
1.61228
1.60393
1.5906
1.57362
1.56541
1.56157
1.55817
1.55686
1.56234
1.56456
1.56107
1.55723
1.55284
1.54546
1.52929
1.50426
1.48841
1.4825
1.4786
1.47529
1.47315
1.47227
1.4693
1.46463
1.4559
1.44212
1.43252
1.42794
1.42398
1.41985
1.41498
1.40926
1.40426
1.40029
1.39481
1.38568
1.37774
1.37365
1.37028
1.36686
1.36314
1.35927
1.35531
1.35095
1.34505
1.33408
1.31721
1.30756
1.30398
1.30106
1.29834
1.29682
1.29929
1.2995
1.29648
1.29331
1.28967
1.28412
1.27366
1.2564
1.24156
1.23652
1.23413
1.23198
1.23015
1.22914
1.22843
1.2267
1.22417
1.22105
1.21671
1.20995
1.19897
1.18372
1.17312
1.16897
1.16611
1.16358
1.1613
1.15911
1.15677
1.15418
1.15122
1.14734
1.14139
1.13205
1.12223
1.11735
1.11443
1.11175
1.10916
1.10678
1.10437
1.10175
1.0986
1.09448
1.08827
1.07997
1.07398
1.07061
1.06778
1.0651
1.06258
1.05977
1.0556
1.04929
1.04404
1.04119
1.03904
1.03702
1.03512
1.03303
1.03021
1.02445
1.01338
1.00363
0.999949
0.997154
0.994472
0.99236
0.990396
0.988297
0.986085
0.983819
0.981286
0.978539
0.975041
0.969284
0.962757
0.956724
4.25429
4.22764
4.19874
4.16918
4.1407
4.11515
4.09416
4.07273
4.04283
4.00777
3.97034
3.93423
3.90217
3.87491
3.85487
3.84151
3.82097
3.79013
3.75384
3.71291
3.6727
3.6392
3.61201
3.59265
3.57657
3.55073
3.51801
3.47999
3.44278
3.41338
3.39014
3.37357
3.35825
3.33513
3.30625
3.27132
3.22931
3.19033
3.16259
3.14121
3.12614
3.11426
3.09604
3.07229
3.04432
3.00865
2.96217
2.92215
2.89784
2.87956
2.8674
2.85488
2.83584
2.81284
2.78399
2.74418
2.7059
2.68442
2.66854
2.65686
2.64462
2.62759
2.60722
2.58116
2.54368
2.50832
2.48982
2.47636
2.46566
2.45253
2.43653
2.418
2.39377
2.35738
2.32158
2.3039
2.29127
2.28187
2.27182
2.25812
2.24221
2.22273
2.19392
2.15818
2.13853
2.12655
2.11567
2.10414
2.0916
2.07811
2.06262
2.04129
2.00854
1.9813
1.96916
1.95939
1.95012
1.93975
1.92852
1.91626
1.90143
1.87906
1.84771
1.82823
1.81852
1.80965
1.80043
1.79054
1.78013
1.76898
1.75627
1.73949
1.71648
1.69636
1.68451
1.67495
1.6654
1.65524
1.64413
1.63188
1.61728
1.59849
1.58013
1.56838
1.55955
1.55098
1.5421
1.53261
1.5219
1.50807
1.48735
1.46593
1.4554
1.44825
1.44122
1.43411
1.42692
1.41962
1.41213
1.40401
1.39387
1.37769
1.35262
1.33372
1.32534
1.31881
1.31241
1.30597
1.29936
1.29234
1.28434
1.2737
1.2585
1.24493
1.23776
1.23226
1.22693
1.22153
1.21564
1.20831
1.19635
1.17452
1.15605
1.14938
1.14437
1.13901
1.13344
1.1277
1.12182
1.11576
1.10906
1.10052
1.08698
1.06603
1.04837
1.04159
1.0376
1.0341
1.03064
1.02832
1.02878
1.02884
1.02764
1.02537
1.02289
1.02091
1.01999
1.02355
1.03408
1.05256
1.08521
1.12708
1.17356
1.23239
1.29052
1.35693
1.42828
1.48574
1.55705
1.64176
1.68223
1.72636
1.77759
1.80299
1.82875
1.85557
1.88067
1.90154
1.90586
1.90153
1.88791
1.87389
1.86971
1.86913
1.87456
1.88569
1.88563
1.88146
1.87679
1.86927
1.85467
1.8294
1.80817
1.80033
1.79492
1.79052
1.78793
1.78652
1.78459
1.78081
1.77551
1.7643
1.74653
1.73423
1.72751
1.72154
1.71642
1.7119
1.70683
1.69977
1.6876
1.67565
1.6712
1.66825
1.66457
1.65998
1.65401
1.64301
1.62697
1.61791
1.61323
1.60901
1.60597
1.60374
1.60016
1.59558
1.58627
1.56707
1.54994
1.54474
1.54125
1.53788
1.53593
1.53642
1.53537
1.53226
1.52846
1.52394
1.51653
1.50127
1.48096
1.46921
1.46325
1.45843
1.45414
1.44939
1.44279
1.43755
1.43419
1.43061
1.42644
1.4213
1.41602
1.41116
1.40601
1.39927
1.38947
1.38185
1.37922
1.37646
1.37223
1.36834
1.36442
1.36003
1.3553
1.351
1.34715
1.34309
1.33706
1.3239
1.30348
1.29503
1.29288
1.29099
1.28876
1.28601
1.28311
1.28059
1.27813
1.27503
1.27169
1.26825
1.26391
1.25528
1.23908
1.22458
1.21886
1.21618
1.2143
1.21319
1.21327
1.21611
1.21732
1.2156
1.21337
1.21008
1.20383
1.18919
1.16931
1.15969
1.15584
1.15286
1.15041
1.14906
1.14856
1.14694
1.14481
1.14255
1.13962
1.13414
1.12377
1.11323
1.1083
1.10527
1.10232
1.09911
1.09562
1.09239
1.08938
1.0854
1.07984
1.07594
1.07331
1.07071
1.06823
1.06583
1.06316
1.0594
1.05253
1.04234
1.03546
1.03203
1.02916
1.02622
1.02295
1.01925
1.0152
1.01068
1.00418
0.9957
0.991153
0.988922
0.986786
0.984629
0.982459
0.98018
0.977708
0.975074
0.972161
0.968718
0.963909
0.956934
0.951889
0.94856
4.29213
4.26486
4.23708
4.21011
4.18487
4.16206
4.14124
4.11803
4.08746
4.05299
4.0184
3.98544
3.95536
3.92983
3.91207
3.89872
3.87485
3.84238
3.80586
3.76641
3.72878
3.69714
3.67141
3.65339
3.63644
3.60972
3.57688
3.54036
3.50827
3.48204
3.46143
3.44589
3.42632
3.39971
3.36793
3.32939
3.28814
3.2564
3.23265
3.21442
3.20218
3.18881
3.16783
3.14218
3.11104
3.0696
3.02354
2.99289
2.97174
2.95604
2.94436
2.92736
2.90543
2.87903
2.84342
2.80458
2.78043
2.7629
2.74904
2.73516
2.71752
2.69747
2.67355
2.63991
2.60004
2.57628
2.56072
2.54921
2.53784
2.52238
2.50475
2.4839
2.45459
2.41488
2.38859
2.37385
2.36198
2.35057
2.33648
2.32039
2.30096
2.27306
2.23938
2.22023
2.2078
2.19582
2.18301
2.16933
2.15464
2.13786
2.11475
2.08007
2.05274
2.04025
2.03015
2.02117
2.01035
1.99838
1.98534
1.96937
1.94474
1.91218
1.89331
1.88305
1.87305
1.86273
1.85199
1.84072
1.82849
1.81342
1.79169
1.7674
1.75255
1.7426
1.73311
1.72331
1.71296
1.70153
1.68706
1.66632
1.64336
1.62874
1.61902
1.61016
1.60133
1.59218
1.58227
1.57081
1.55575
1.53364
1.51085
1.49903
1.49139
1.48413
1.47682
1.46935
1.46168
1.45367
1.44516
1.43585
1.42449
1.40761
1.38349
1.36498
1.35593
1.34895
1.34223
1.33553
1.32869
1.32151
1.31322
1.3016
1.2851
1.27179
1.26454
1.25841
1.25231
1.24609
1.23938
1.23082
1.21582
1.19317
1.18129
1.17622
1.1714
1.16679
1.16271
1.15834
1.15358
1.14852
1.14253
1.13361
1.11723
1.09398
1.08017
1.07356
1.06766
1.06168
1.05555
1.04889
1.0413
1.03383
1.02735
1.02032
1.01012
0.998202
0.994392
0.992893
0.99259
0.993867
0.995655
0.995043
0.994177
0.993446
0.992413
0.996033
1.00927
1.03036
1.0638
1.11209
1.15844
1.2187
1.28976
1.3411
1.41018
1.48325
1.53027
1.596
1.65811
1.6866
1.72276
1.74919
1.76014
1.77693
1.8038
1.82776
1.83299
1.82988
1.82366
1.81904
1.81027
1.80156
1.79728
1.79478
1.79567
1.79383
1.78756
1.78091
1.77323
1.76325
1.74709
1.72324
1.70932
1.70435
1.70067
1.69972
1.70251
1.70091
1.69719
1.69207
1.68353
1.66768
1.64598
1.6352
1.63147
1.62769
1.62365
1.61938
1.6141
1.60672
1.5993
1.59379
1.58963
1.58577
1.58177
1.57748
1.57235
1.56275
1.54288
1.52651
1.5221
1.51919
1.51726
1.5172
1.51991
1.51929
1.51623
1.51265
1.50813
1.50003
1.48582
1.47008
1.45842
1.44842
1.43636
1.42621
1.42226
1.41913
1.41593
1.41262
1.40978
1.40783
1.4043
1.40043
1.39672
1.39248
1.38597
1.37313
1.35352
1.34444
1.34164
1.33927
1.33769
1.33919
1.34592
1.34673
1.34429
1.34155
1.33796
1.33023
1.3131
1.28882
1.27487
1.27044
1.26734
1.26432
1.26199
1.26178
1.26417
1.2628
1.25985
1.25695
1.2538
1.24972
1.24297
1.23145
1.21644
1.20408
1.19764
1.19475
1.1932
1.19247
1.19276
1.19305
1.19163
1.18946
1.18635
1.18197
1.17523
1.16719
1.15917
1.15045
1.14141
1.13517
1.13142
1.12812
1.1249
1.12197
1.11951
1.11763
1.11591
1.1132
1.10942
1.10548
1.10208
1.09896
1.09541
1.08964
1.07883
1.06825
1.06383
1.06142
1.05926
1.05743
1.0552
1.05276
1.05018
1.04698
1.04173
1.03296
1.02525
1.02187
1.0194
1.01687
1.01407
1.01079
1.00719
1.00341
0.998835
0.992931
0.986605
0.982033
0.979434
0.977365
0.975329
0.973245
0.971138
0.969012
0.966899
0.964395
0.960512
0.954141
0.949582
0.948149
4.31891
4.29139
4.26464
4.23996
4.2178
4.19723
4.17553
4.1499
4.12022
4.08899
4.05823
4.02864
4.00175
3.97998
3.9657
3.95099
3.92183
3.88645
3.85038
3.81534
3.78305
3.75416
3.73012
3.71329
3.69508
3.66675
3.63345
3.59904
3.56852
3.54288
3.52335
3.50799
3.48631
3.45844
3.42571
3.38753
3.35207
3.3247
3.30197
3.28527
3.27317
3.25459
3.23023
3.20177
3.16651
3.12242
3.08462
3.06037
3.0414
3.0283
3.01452
2.99338
2.96723
2.9326
2.8949
2.87011
2.8517
2.83663
2.82337
2.80627
2.78565
2.76138
2.72768
2.68497
2.65573
2.63844
2.62503
2.6158
2.60372
2.58725
2.5687
2.54632
2.51407
2.47573
2.45386
2.43911
2.42618
2.41188
2.39542
2.37569
2.34764
2.31528
2.29694
2.28426
2.27236
2.25923
2.24486
2.2292
2.211
2.18524
2.14793
2.12018
2.107
2.09617
2.08706
2.07599
2.06349
2.05012
2.03461
2.0123
1.97978
1.95731
1.94588
1.93491
1.92353
1.91185
1.90006
1.88726
1.87039
1.84532
1.82198
1.80956
1.80011
1.79067
1.7811
1.7716
1.76141
1.74668
1.7231
1.69422
1.67763
1.66822
1.65934
1.65018
1.6405
1.63003
1.61845
1.60466
1.58558
1.56215
1.54577
1.5358
1.52666
1.5172
1.50772
1.49815
1.48841
1.47947
1.47103
1.4624
1.45268
1.44003
1.42184
1.40133
1.38772
1.37892
1.37099
1.36288
1.35359
1.34046
1.3226
1.31041
1.30412
1.29859
1.29308
1.28755
1.28179
1.27525
1.26575
1.24748
1.22411
1.21336
1.20783
1.20232
1.19637
1.18964
1.18253
1.17641
1.17102
1.16461
1.15435
1.13791
1.12643
1.12127
1.11651
1.11109
1.10493
1.09807
1.09054
1.08259
1.07439
1.06542
1.05319
1.03355
1.01474
1.00754
1.00331
0.999391
0.995967
0.993286
0.989993
0.986232
0.981395
0.975565
0.966105
0.9576
0.954019
0.952254
0.951202
0.950238
0.950194
0.953357
0.96316
0.975663
0.992345
1.02115
1.056
1.09718
1.15117
1.21338
1.26945
1.32756
1.4013
1.45278
1.49801
1.5614
1.61413
1.62754
1.64864
1.67781
1.68624
1.69166
1.70807
1.72358
1.74024
1.75681
1.76082
1.75817
1.74945
1.73694
1.72083
1.70068
1.68574
1.67911
1.67571
1.6744
1.67718
1.68956
1.69119
1.68543
1.67799
1.66606
1.64493
1.61851
1.6027
1.59711
1.59274
1.58867
1.58548
1.58409
1.58412
1.58239
1.57907
1.57539
1.57142
1.56632
1.55933
1.55006
1.53676
1.51733
1.49987
1.49389
1.49139
1.48981
1.49062
1.49227
1.4902
1.48689
1.48312
1.47936
1.47534
1.46982
1.46192
1.45078
1.43258
1.41067
1.40246
1.40009
1.39764
1.39583
1.39633
1.40305
1.4055
1.40173
1.39768
1.39336
1.38734
1.3746
1.34889
1.32564
1.31867
1.3154
1.31255
1.31064
1.31041
1.31492
1.31926
1.31793
1.31587
1.31366
1.30893
1.29409
1.27046
1.25749
1.25302
1.24975
1.24688
1.24419
1.24183
1.24034
1.24285
1.24931
1.24874
1.24569
1.24198
1.23672
1.22734
1.21248
1.19478
1.18104
1.17521
1.17314
1.17188
1.171
1.1708
1.17293
1.1757
1.17505
1.173
1.16981
1.16528
1.15706
1.14241
1.12655
1.11942
1.11661
1.11455
1.11211
1.10911
1.1054
1.10119
1.09786
1.09539
1.09305
1.09066
1.08797
1.08406
1.07575
1.06202
1.05613
1.05419
1.05233
1.05083
1.05023
1.04862
1.04625
1.04405
1.04178
1.03874
1.03281
1.02141
1.01213
1.00865
1.00621
1.00408
1.00218
1.00052
0.999087
0.997606
0.995726
0.992576
0.985331
0.979369
0.977786
0.976479
0.975107
0.973903
0.973017
0.972039
0.970521
0.967747
0.963738
0.962988
0.967301
4.33902
4.31599
4.29378
4.2724
4.25131
4.22915
4.2044
4.17679
4.14745
4.11793
4.08944
4.06342
4.04088
4.0222
4.00496
3.98246
3.9525
3.91946
3.88695
3.85654
3.82872
3.8036
3.78263
3.76572
3.74488
3.71458
3.68147
3.64965
3.62088
3.59669
3.57986
3.56365
3.53784
3.50799
3.4742
3.43819
3.40703
3.38157
3.36079
3.34659
3.33385
3.31295
3.28725
3.25695
3.21943
3.18216
3.15549
3.13382
3.11772
3.10185
3.07895
3.05185
3.01817
2.9845
2.96059
2.94171
2.92606
2.9093
2.88904
2.86648
2.8404
2.80728
2.76544
2.73074
2.71065
2.69451
2.68186
2.67104
2.65722
2.63983
2.61868
2.58849
2.55286
2.53186
2.51634
2.5005
2.48351
2.46477
2.44252
2.41342
2.38397
2.36667
2.35367
2.34073
2.32632
2.31096
2.29508
2.27767
2.25483
2.22063
2.18941
2.17456
2.16224
2.1515
2.14015
2.12716
2.11321
2.09648
2.07135
2.03821
2.01644
2.004
1.99222
1.98059
1.9681
1.95458
1.93809
1.91461
1.8899
1.87528
1.86491
1.85497
1.84467
1.83369
1.82103
1.80333
1.77494
1.74713
1.73431
1.72565
1.71764
1.70923
1.70049
1.69147
1.68183
1.67072
1.65554
1.63063
1.60122
1.58666
1.57865
1.57116
1.56436
1.558
1.54969
1.53951
1.52741
1.51309
1.49846
1.48675
1.4776
1.46853
1.45751
1.44227
1.42537
1.41291
1.40347
1.39429
1.38291
1.36499
1.34756
1.34049
1.33507
1.32954
1.32455
1.31897
1.31266
1.30557
1.29583
1.27747
1.25128
1.23715
1.23087
1.22557
1.2206
1.21623
1.21143
1.20571
1.19763
1.18574
1.16765
1.1529
1.148
1.14403
1.1401
1.1361
1.13169
1.12658
1.11963
1.10873
1.08881
1.06532
1.05676
1.05265
1.04912
1.04613
1.04276
1.03786
1.03257
1.02668
1.01998
1.01084
0.995387
0.978425
0.970546
0.966293
0.962643
0.959372
0.955441
0.94892
0.935961
0.920403
0.916192
0.914418
0.913303
0.913132
0.915173
0.918137
0.921424
0.92766
0.93805
0.957203
0.985294
1.01151
1.03819
1.08225
1.12904
1.16833
1.21988
1.29248
1.34531
1.38875
1.43884
1.50806
1.56497
1.59979
1.64193
1.66397
1.66403
1.66361
1.66054
1.655
1.64736
1.63884
1.63677
1.63844
1.64461
1.6606
1.67825
1.67731
1.67146
1.66373
1.64963
1.62202
1.59178
1.57825
1.57404
1.57052
1.56574
1.56111
1.55666
1.55313
1.55104
1.55059
1.55052
1.54708
1.54283
1.53847
1.53181
1.51814
1.49568
1.47408
1.4641
1.46045
1.45752
1.45555
1.45553
1.46226
1.4669
1.46398
1.46084
1.45826
1.4543
1.44841
1.43745
1.41426
1.38573
1.37559
1.37286
1.37024
1.36852
1.37075
1.37926
1.38026
1.37659
1.37262
1.36783
1.36057
1.34591
1.3208
1.30363
1.29863
1.29571
1.29334
1.2921
1.29466
1.30027
1.29913
1.29646
1.29329
1.28876
1.28107
1.26658
1.25299
1.24565
1.24022
1.2349
1.23104
1.22848
1.22697
1.22613
1.22591
1.22512
1.22301
1.22019
1.21668
1.21234
1.2065
1.1979
1.18576
1.17089
1.15756
1.15177
1.14966
1.14778
1.14615
1.14506
1.14483
1.14758
1.15076
1.15012
1.14764
1.14324
1.13483
1.12074
1.10614
1.09988
1.09766
1.0963
1.09589
1.09484
1.09299
1.09104
1.08907
1.08702
1.08459
1.08118
1.07425
1.05974
1.04445
1.03985
1.03775
1.03563
1.03371
1.03202
1.03004
1.02815
1.02635
1.02432
1.02081
1.01424
1.00847
1.00646
1.00487
1.00331
1.00208
1.0011
1.00022
0.999142
0.997635
0.996435
0.996992
0.999519
1.00412
1.01101
1.01953
1.03154
1.04948
1.06429
1.07505
1.09028
1.11164
1.13096
1.1717
4.36205
4.34274
4.32265
4.30059
4.27597
4.24924
4.22162
4.19445
4.16851
4.14406
4.12124
4.1003
4.08094
4.06144
4.03885
4.01196
3.98229
3.95188
3.92229
3.89436
3.86858
3.84541
3.82412
3.80208
3.77652
3.74806
3.71903
3.69114
3.6658
3.64528
3.63027
3.61
3.58042
3.54826
3.51613
3.48597
3.45839
3.43422
3.41631
3.40634
3.38983
3.36302
3.33317
3.29854
3.26006
3.2286
3.20401
3.18424
3.17059
3.15274
3.12844
3.09969
3.06591
3.03675
3.01468
2.9968
2.98275
2.96531
2.94361
2.91951
2.89081
2.85552
2.82289
2.80073
2.78201
2.76655
2.75452
2.73896
2.71948
2.69659
2.6655
2.6331
2.6138
2.5983
2.58201
2.56348
2.54319
2.51943
2.48805
2.45806
2.44113
2.42785
2.41685
2.40545
2.39152
2.37553
2.35547
2.32599
2.28367
2.25348
2.2391
2.22751
2.21684
2.20386
2.18982
2.17424
2.15398
2.12421
2.09385
2.07839
2.06824
2.06157
2.05197
2.03844
2.02205
1.9983
1.96556
1.94317
1.93118
1.92054
1.90978
1.89874
1.88687
1.8733
1.85608
1.83113
1.79701
1.77335
1.76258
1.75318
1.74476
1.73658
1.72717
1.71725
1.70663
1.6948
1.6798
1.65783
1.63726
1.62518
1.61521
1.6047
1.59164
1.57299
1.5526
1.53875
1.52946
1.52102
1.51255
1.50448
1.49658
1.48889
1.48138
1.47407
1.4667
1.45755
1.44359
1.42217
1.39624
1.37382
1.35967
1.3508
1.3436
1.33699
1.3314
1.32577
1.31919
1.31228
1.30498
1.29733
1.28884
1.27661
1.26096
1.24935
1.24151
1.23386
1.22412
1.21004
1.19278
1.1785
1.17129
1.16647
1.16216
1.15846
1.15509
1.15089
1.14629
1.14175
1.13717
1.12995
1.11374
1.08715
1.06913
1.06119
1.05492
1.04876
1.04282
1.03683
1.02983
1.02068
1.01209
1.00728
1.00325
0.999679
0.996385
0.993016
0.98953
0.985621
0.979853
0.967681
0.944008
0.924694
0.918795
0.915424
0.912366
0.90974
0.907889
0.906168
0.903424
0.899532
0.893784
0.889776
0.888451
0.887353
0.885203
0.881705
0.875114
0.874684
0.88333
0.903445
0.933959
0.972536
1.01309
1.06584
1.13157
1.18468
1.24911
1.33147
1.35947
1.39475
1.44103
1.45657
1.48144
1.50545
1.51305
1.53138
1.55398
1.57784
1.60292
1.6185
1.62042
1.61818
1.61237
1.60291
1.58672
1.57324
1.56603
1.56051
1.5555
1.54967
1.54303
1.53724
1.53373
1.53103
1.53036
1.52756
1.52098
1.51486
1.5087
1.50174
1.49186
1.47622
1.45371
1.43107
1.42316
1.42011
1.41768
1.41759
1.42474
1.44279
1.45312
1.45082
1.44731
1.44339
1.43755
1.42342
1.39068
1.35874
1.34994
1.34745
1.34537
1.34433
1.34881
1.36199
1.36581
1.36263
1.35879
1.35434
1.34639
1.32903
1.30613
1.29311
1.28751
1.28345
1.28036
1.278
1.27632
1.2753
1.2736
1.27113
1.26826
1.26521
1.26169
1.25702
1.25229
1.24746
1.24167
1.23303
1.21853
1.20678
1.20378
1.2017
1.20016
1.19986
1.20341
1.20465
1.20221
1.1993
1.19577
1.19018
1.17796
1.15744
1.13984
1.13261
1.13014
1.12849
1.12702
1.12604
1.12623
1.12683
1.12622
1.12525
1.12396
1.1217
1.11767
1.11019
1.09636
1.08139
1.07537
1.07248
1.06979
1.06757
1.06568
1.06403
1.06321
1.06318
1.06192
1.05913
1.05357
1.04287
1.0358
1.03404
1.03253
1.03112
1.03014
1.02944
1.0286
1.02758
1.02633
1.02417
1.02215
1.02293
1.02627
1.03167
1.03939
1.0494
1.06017
1.07403
1.09179
1.10926
1.12932
1.15632
1.18443
1.21699
1.25263
1.28597
1.32218
1.36467
1.3893
1.41068
1.44274
1.47949
1.50565
1.54014
4.38594
4.36316
4.33812
4.31126
4.28368
4.25666
4.23129
4.20826
4.18749
4.16814
4.14936
4.13038
4.1104
4.08835
4.06347
4.0359
4.00663
3.97711
3.94888
3.92316
3.90005
3.87842
3.85607
3.83169
3.80604
3.78066
3.75659
3.73412
3.71326
3.69313
3.66961
3.64
3.60785
3.57606
3.54592
3.51808
3.49312
3.47202
3.45715
3.44586
3.42462
3.39571
3.36491
3.33346
3.30406
3.278
3.25529
3.23809
3.22283
3.19953
3.17143
3.13965
3.10825
3.0821
3.05964
3.04214
3.02821
3.00792
2.98345
2.95678
2.92543
2.89054
2.86346
2.84231
2.82374
2.809
2.79377
2.77422
2.75233
2.72543
2.69056
2.66162
2.64324
2.6288
2.61607
2.59995
2.58157
2.56075
2.5364
2.51248
2.49258
2.47396
2.45544
2.43696
2.41799
2.39669
2.36907
2.34003
2.32298
2.31039
2.29945
2.29094
2.27869
2.26284
2.24579
2.22628
2.20111
2.16789
2.14137
2.1251
2.10957
2.09052
2.06437
2.03795
2.02272
2.01233
2.00443
1.99969
1.99333
1.98208
1.96955
1.95656
1.94221
1.92321
1.89099
1.84874
1.827
1.81742
1.80845
1.79952
1.79025
1.7798
1.76851
1.75595
1.74002
1.71699
1.69764
1.68748
1.67885
1.66995
1.65999
1.64695
1.62488
1.59089
1.5673
1.55879
1.55384
1.55235
1.55158
1.54705
1.54071
1.53354
1.52588
1.51778
1.50873
1.49714
1.47828
1.44637
1.41488
1.39768
1.38713
1.37834
1.37121
1.36576
1.36122
1.35616
1.35061
1.3451
1.33957
1.33357
1.32668
1.31801
1.30434
1.28582
1.27075
1.25861
1.24339
1.22078
1.20383
1.19897
1.19648
1.19509
1.19351
1.18937
1.18379
1.17782
1.17135
1.16293
1.14826
1.1257
1.10668
1.09746
1.0911
1.08427
1.07561
1.06626
1.05923
1.05145
1.03889
1.02855
1.02437
1.02113
1.0184
1.01552
1.01182
1.00794
1.00402
0.999803
0.994516
0.985602
0.968467
0.951539
0.944312
0.939599
0.93522
0.93116
0.926987
0.922315
0.916798
0.91029
0.901848
0.892804
0.886821
0.88278
0.878818
0.872445
0.858757
0.845464
0.842345
0.841367
0.840874
0.841676
0.844755
0.850765
0.86162
0.875366
0.892506
0.919964
0.958306
0.994383
1.02703
1.05918
1.10579
1.15034
1.18399
1.22909
1.29555
1.33878
1.373
1.41124
1.45775
1.491
1.49766
1.5161
1.53373
1.53438
1.5352
1.53214
1.52731
1.52197
1.51522
1.50724
1.50278
1.50017
1.49742
1.49822
1.50635
1.50908
1.50556
1.50004
1.49192
1.47916
1.45897
1.43183
1.40941
1.40122
1.39792
1.39547
1.39577
1.40716
1.42274
1.42233
1.41867
1.41548
1.41189
1.40562
1.39014
1.36056
1.33617
1.32767
1.32461
1.32244
1.32197
1.32806
1.33636
1.33626
1.33344
1.33004
1.32644
1.32186
1.31241
1.29864
1.2893
1.28355
1.27743
1.26832
1.25694
1.24935
1.24557
1.24256
1.23976
1.23777
1.2367
1.23569
1.23369
1.23091
1.2274
1.22275
1.21498
1.20081
1.18348
1.17719
1.17449
1.17206
1.17051
1.17123
1.17393
1.1731
1.17099
1.16899
1.16693
1.16214
1.15051
1.13237
1.11927
1.11425
1.11123
1.10855
1.10609
1.10415
1.10364
1.10456
1.10281
1.10007
1.0973
1.09399
1.08871
1.07869
1.06991
1.067
1.06442
1.06167
1.06002
1.05905
1.05891
1.05997
1.06006
1.05828
1.05576
1.0553
1.05677
1.06004
1.06509
1.07223
1.08216
1.09639
1.10835
1.11921
1.13546
1.15772
1.18016
1.20726
1.23821
1.27167
1.31218
1.34607
1.377
1.41895
1.46358
1.48643
1.50989
1.54359
1.55993
1.57197
1.59339
1.62368
1.64171
1.64262
1.64357
1.65063
1.66021
1.67449
1.69189
1.69492
4.38765
4.35881
4.33059
4.30557
4.28532
4.26874
4.25263
4.23462
4.21488
4.19466
4.17465
4.1542
4.13174
4.10612
4.07809
4.04904
4.0201
3.99251
3.96689
3.94321
3.92101
3.89922
3.87702
3.85445
3.83193
3.80976
3.78845
3.76787
3.7459
3.71924
3.6887
3.65781
3.62837
3.6012
3.57654
3.55417
3.53428
3.51717
3.50103
3.48056
3.45397
3.42525
3.39692
3.37009
3.34499
3.32151
3.30088
3.2824
3.25807
3.22864
3.19834
3.16942
3.14279
3.1182
3.0964
3.07866
3.06014
3.03672
3.01073
2.98255
2.95485
2.93077
2.9097
2.89191
2.87743
2.85988
2.83795
2.81446
2.78795
2.75491
2.71868
2.6938
2.67497
2.65919
2.64588
2.62995
2.61169
2.59287
2.57378
2.55434
2.53444
2.5142
2.49368
2.47272
2.45036
2.42313
2.38625
2.35304
2.33455
2.31972
2.30738
2.29906
2.29331
2.28239
2.26766
2.25172
2.23371
2.21282
2.18972
2.16729
2.14624
2.1236
2.09366
2.05736
2.03486
2.02149
2.00964
2.0009
1.99625
1.99045
1.97984
1.96789
1.95522
1.94134
1.92472
1.90254
1.87641
1.85065
1.82802
1.80612
1.78531
1.77065
1.76035
1.75178
1.74492
1.74169
1.74171
1.7359
1.72627
1.7159
1.70453
1.69078
1.67139
1.64184
1.60701
1.57702
1.55805
1.54814
1.54038
1.53368
1.52785
1.52161
1.51453
1.50669
1.49786
1.48815
1.47915
1.4709
1.4609
1.44874
1.43404
1.41526
1.38985
1.36286
1.34944
1.34257
1.33649
1.33091
1.32595
1.32182
1.31893
1.3173
1.31485
1.30951
1.30229
1.29359
1.28123
1.26059
1.23017
1.20069
1.18818
1.18271
1.17788
1.17343
1.16896
1.16401
1.15854
1.15233
1.14329
1.13174
1.12599
1.12198
1.11699
1.11072
1.10035
1.07834
1.05509
1.04849
1.0451
1.0428
1.04255
1.04543
1.04563
1.04206
1.03795
1.03375
1.02952
1.02506
1.01995
1.01296
0.999531
0.969947
0.938347
0.92801
0.923799
0.920161
0.916886
0.91387
0.911217
0.908648
0.904587
0.900015
0.895698
0.891626
0.887637
0.882652
0.873575
0.856798
0.844458
0.839159
0.833592
0.829645
0.828558
0.828466
0.828922
0.829817
0.831102
0.833022
0.836007
0.837926
0.839588
0.842105
0.844709
0.841176
0.845013
0.861547
0.891179
0.9297
0.97506
1.01814
1.06967
1.13202
1.17766
1.22742
1.30692
1.34164
1.36172
1.39947
1.41154
1.41869
1.42578
1.42066
1.42332
1.43012
1.43383
1.44211
1.4586
1.47497
1.48321
1.48307
1.48019
1.4755
1.46629
1.4496
1.42369
1.39975
1.38925
1.38492
1.38225
1.38242
1.39104
1.39747
1.39529
1.39141
1.38743
1.38262
1.37537
1.36241
1.34254
1.32253
1.30788
1.30144
1.29901
1.29755
1.29697
1.29778
1.30176
1.30563
1.30363
1.30075
1.29902
1.29692
1.29368
1.28987
1.28343
1.26855
1.24347
1.22814
1.22287
1.21906
1.21589
1.21368
1.21292
1.2179
1.22408
1.2227
1.2199
1.21676
1.21199
1.20117
1.17817
1.15587
1.14929
1.14628
1.14358
1.14183
1.1427
1.14649
1.14605
1.14425
1.14264
1.14087
1.1381
1.13205
1.12144
1.11227
1.10786
1.10449
1.10042
1.09684
1.09513
1.09437
1.09472
1.0934
1.0906
1.08758
1.08391
1.08123
1.08126
1.08254
1.08531
1.08905
1.09439
1.09907
1.10443
1.11425
1.12937
1.15042
1.17434
1.20275
1.23757
1.273
1.31435
1.36143
1.40015
1.43976
1.46398
1.48158
1.51305
1.53653
1.55628
1.58868
1.61391
1.63679
1.66386
1.6786
1.69645
1.72325
1.75555
1.77249
1.7789
1.78122
1.77935
1.77093
1.76028
1.75781
1.75431
1.74828
1.74494
1.74402
1.7434
1.74755
1.76482
1.7676
4.37649
4.35925
4.34577
4.33178
4.31449
4.29445
4.27321
4.25207
4.23153
4.21043
4.18658
4.15988
4.13122
4.10127
4.07168
4.04498
4.02322
4.00598
3.98939
3.96989
3.94755
3.92456
3.90248
3.88157
3.85997
3.83505
3.80714
3.77817
3.74952
3.72206
3.69629
3.67184
3.64853
3.62693
3.60743
3.58934
3.57154
3.5528
3.52898
3.49951
3.46909
3.43939
3.41117
3.38493
3.36138
3.34113
3.32332
3.30449
3.28272
3.25924
3.23513
3.21109
3.18837
3.16639
3.14096
3.11353
3.08442
3.05393
3.02441
2.99789
2.97448
2.95437
2.93971
2.93331
2.92327
2.90102
2.87673
2.85103
2.82271
2.79004
2.75435
2.72322
2.6994
2.67845
2.65859
2.6395
2.62201
2.60733
2.59753
2.58893
2.57234
2.55302
2.53317
2.51236
2.48973
2.46293
2.42761
2.38636
2.35726
2.33969
2.32463
2.31182
2.30217
2.29554
2.28722
2.27354
2.2572
2.23982
2.2212
2.20134
2.18108
2.15953
2.13253
2.09426
2.05782
2.04025
2.02773
2.01635
2.0072
2.00108
1.99456
1.98375
1.97103
1.95741
1.94234
1.92636
1.91064
1.89526
1.87822
1.85293
1.81329
1.78394
1.77163
1.76101
1.75109
1.74317
1.73909
1.73381
1.72467
1.7149
1.70454
1.69307
1.68161
1.67142
1.65827
1.63867
1.60658
1.56934
1.55179
1.54271
1.53416
1.52581
1.51785
1.51013
1.50246
1.49474
1.48711
1.4797
1.47384
1.47023
1.46368
1.45431
1.43742
1.40328
1.36639
1.35183
1.3444
1.33773
1.33151
1.32587
1.32065
1.31505
1.30907
1.30328
1.29755
1.29181
1.28614
1.28016
1.269
1.24354
1.20575
1.18638
1.17927
1.17356
1.16831
1.16362
1.16001
1.15925
1.16524
1.16756
1.16315
1.15752
1.15154
1.14448
1.1336
1.11063
1.073
1.0506
1.04377
1.03889
1.03445
1.03101
1.02886
1.02746
1.02469
1.02083
1.01682
1.01278
1.00853
1.00353
0.996244
0.981296
0.952906
0.934091
0.929301
0.926104
0.923079
0.920461
0.918984
0.921878
0.927807
0.926266
0.922334
0.918418
0.914318
0.909577
0.902804
0.888625
0.859564
0.835793
0.829362
0.826141
0.823542
0.821307
0.819289
0.817405
0.815505
0.813556
0.811748
0.809786
0.807371
0.804869
0.801247
0.792808
0.77695
0.767173
0.766474
0.768185
0.773023
0.781708
0.794891
0.815538
0.841031
0.868471
0.913145
0.958652
0.99371
1.04159
1.07415
1.10955
1.15487
1.17634
1.20122
1.24777
1.27399
1.29411
1.32784
1.36901
1.38745
1.40293
1.41799
1.42051
1.42089
1.41816
1.41043
1.39747
1.37889
1.36756
1.3632
1.36108
1.36207
1.3669
1.37142
1.36912
1.36344
1.35733
1.34971
1.34028
1.33092
1.32148
1.31101
1.29852
1.2833
1.27427
1.27095
1.2683
1.26681
1.26803
1.27463
1.27609
1.27313
1.27055
1.26838
1.26597
1.26211
1.25356
1.23428
1.21176
1.20239
1.19812
1.19471
1.19235
1.1921
1.19729
1.20088
1.19899
1.19619
1.19334
1.18972
1.18336
1.16995
1.14969
1.13809
1.13444
1.1319
1.13014
1.12943
1.13076
1.13245
1.13145
1.13142
1.13128
1.12921
1.12655
1.12366
1.12221
1.12137
1.12013
1.11743
1.11163
1.10886
1.11083
1.11547
1.12413
1.1382
1.15656
1.17768
1.20168
1.23517
1.27534
1.30625
1.33815
1.36809
1.39217
1.4242
1.45502
1.48404
1.5215
1.55686
1.58452
1.6135
1.64964
1.69311
1.74469
1.78589
1.79672
1.79905
1.79563
1.78866
1.77856
1.77223
1.77246
1.76894
1.76802
1.76818
1.76779
1.76938
1.77815
1.79924
1.8127
1.81234
1.80981
1.80396
1.78952
1.76558
1.74946
1.74266
1.73835
1.73498
1.73262
1.73213
1.73794
1.75655
1.76132
4.39939
4.38594
4.36844
4.34832
4.32677
4.30437
4.28148
4.25827
4.23367
4.20566
4.17439
4.14244
4.11423
4.09315
4.08072
4.0711
4.05708
4.03817
4.01696
3.99509
3.97357
3.95247
3.92922
3.90154
3.87109
3.83796
3.80484
3.77456
3.74732
3.72504
3.70952
3.69729
3.68249
3.66439
3.64566
3.62747
3.60555
3.57757
3.54751
3.51438
3.4802
3.44862
3.41972
3.39283
3.36887
3.34971
3.33479
3.32084
3.30649
3.29254
3.27742
3.25555
3.22881
3.20085
3.17008
3.13435
3.0949
3.05892
3.03058
3.00575
2.98363
2.96597
2.95615
2.95555
2.95172
2.93423
2.91096
2.88595
2.85867
2.82895
2.797
2.76303
2.72728
2.69353
2.66821
2.64785
2.63012
2.61549
2.60659
2.60498
2.60007
2.58395
2.56438
2.54367
2.52091
2.495
2.46421
2.42741
2.3881
2.35723
2.33737
2.32104
2.3068
2.29453
2.28533
2.28061
2.27408
2.2599
2.24367
2.2266
2.20839
2.18854
2.1654
2.13509
2.09506
2.05975
2.04171
2.02878
2.01684
2.00608
1.99733
1.99189
1.98575
1.97412
1.96108
1.94779
1.93411
1.92013
1.90468
1.88338
1.84725
1.80376
1.78249
1.77154
1.76094
1.7512
1.74327
1.73864
1.73384
1.72441
1.71403
1.70358
1.69288
1.68201
1.67112
1.65759
1.63364
1.59122
1.55872
1.54698
1.53789
1.52921
1.52112
1.51413
1.50976
1.5081
1.50331
1.49583
1.48789
1.47968
1.47108
1.46144
1.44612
1.41296
1.37201
1.35575
1.34805
1.34105
1.33442
1.32845
1.32411
1.32216
1.31868
1.3128
1.30645
1.29998
1.29315
1.28502
1.27315
1.24782
1.20898
1.18969
1.18268
1.17668
1.17097
1.16553
1.16074
1.15776
1.15879
1.15972
1.1554
1.15034
1.14521
1.13966
1.13183
1.11463
1.08003
1.05525
1.04842
1.04362
1.03907
1.03476
1.03095
1.0284
1.02771
1.02618
1.02277
1.01896
1.01505
1.01082
1.00509
0.993078
0.965314
0.938214
0.930354
0.926206
0.922104
0.918096
0.914378
0.911926
0.912652
0.914219
0.912012
0.908818
0.90542
0.901879
0.897823
0.891702
0.877269
0.849944
0.833318
0.828686
0.825299
0.822162
0.819123
0.816106
0.813109
0.810357
0.808225
0.80727
0.805424
0.802711
0.799849
0.796836
0.791207
0.775336
0.75356
0.747621
0.746057
0.744338
0.743087
0.742752
0.743975
0.747269
0.751954
0.758449
0.764607
0.773133
0.789943
0.806507
0.820442
0.839783
0.861628
0.896421
0.939307
0.975709
1.0244
1.08721
1.12136
1.15917
1.21794
1.24704
1.27183
1.30914
1.32172
1.32354
1.33382
1.33471
1.32713
1.32818
1.33004
1.33046
1.33377
1.33474
1.33305
1.33161
1.33165
1.32934
1.32675
1.324
1.31819
1.30809
1.29192
1.26902
1.25337
1.24939
1.24678
1.24515
1.24758
1.25313
1.2528
1.2505
1.24775
1.24466
1.2403
1.23226
1.21603
1.19453
1.18367
1.17966
1.17632
1.17407
1.17359
1.17468
1.17571
1.17499
1.17322
1.17146
1.16955
1.16647
1.15996
1.14978
1.14304
1.14031
1.13809
1.1357
1.13474
1.13508
1.13711
1.13987
1.14281
1.14893
1.15888
1.17248
1.19006
1.21439
1.23926
1.25384
1.27014
1.29198
1.31818
1.35056
1.38328
1.41844
1.4631
1.50559
1.54128
1.58319
1.64587
1.70507
1.74538
1.78178
1.79773
1.80005
1.80904
1.81474
1.81486
1.81561
1.82003
1.82836
1.83709
1.8459
1.86213
1.89734
1.92068
1.92254
1.92105
1.91424
1.90034
1.88232
1.86504
1.8511
1.8401
1.8314
1.82497
1.82101
1.8182
1.81793
1.82733
1.83083
1.82458
1.81768
1.80821
1.79368
1.77089
1.74055
1.71947
1.71304
1.7104
1.70856
1.70784
1.71011
1.71801
1.72715
4.41954
4.39713
4.37328
4.34956
4.32663
4.3043
4.28057
4.25267
4.22201
4.1922
4.16736
4.14953
4.13531
4.12082
4.10447
4.08538
4.06396
4.04167
4.02016
4.00094
3.98306
3.95961
3.92934
3.89539
3.86095
3.83163
3.80425
3.77985
3.75991
3.74271
3.72511
3.70721
3.68996
3.67454
3.66078
3.6433
3.61781
3.5886
3.55595
3.52112
3.48785
3.45717
3.42892
3.40283
3.37856
3.35821
3.34287
3.33
3.31807
3.30685
3.29349
3.27402
3.2491
3.22171
3.19148
3.15645
3.11912
3.0849
3.05484
3.02804
3.00479
2.98502
2.97193
2.96327
2.95256
2.93861
2.922
2.90093
2.87688
2.85127
2.82421
2.79537
2.76379
2.72824
2.69121
2.66404
2.64438
2.62687
2.61358
2.60528
2.59868
2.58878
2.57332
2.55396
2.53277
2.50996
2.48551
2.45927
2.4306
2.39754
2.36187
2.33683
2.31999
2.30425
2.29043
2.28012
2.27477
2.27014
2.25771
2.24141
2.22423
2.2057
2.18525
2.16217
2.13505
2.10177
2.06601
2.04287
2.02859
2.01524
2.00285
1.99265
1.98677
1.98357
1.97364
1.96039
1.94711
1.93318
1.91791
1.90003
1.87655
1.84236
1.80331
1.78158
1.77013
1.75943
1.74941
1.74118
1.73669
1.73374
1.72509
1.71454
1.70413
1.69336
1.68179
1.66842
1.64988
1.61842
1.57697
1.55481
1.5456
1.53709
1.52885
1.52183
1.51779
1.51714
1.51269
1.50478
1.49663
1.48821
1.47919
1.46879
1.45412
1.42685
1.38559
1.36213
1.35409
1.34716
1.34034
1.33414
1.32977
1.32844
1.32584
1.3197
1.31305
1.30637
1.29933
1.29143
1.28071
1.26049
1.22431
1.19777
1.1897
1.18397
1.17828
1.17307
1.16918
1.16822
1.16958
1.1662
1.1608
1.1554
1.14987
1.14384
1.1363
1.12334
1.09604
1.06492
1.05369
1.04895
1.04437
1.03988
1.03595
1.03335
1.03229
1.02971
1.02568
1.02143
1.01698
1.01209
1.00614
0.996625
0.976499
0.948473
0.935044
0.930666
0.926982
0.923337
0.9201
0.917719
0.916648
0.916044
0.913688
0.910376
0.906847
0.903159
0.899001
0.893272
0.881989
0.859373
0.838449
0.831415
0.828256
0.825226
0.822379
0.819949
0.818318
0.817808
0.816113
0.813145
0.810109
0.806908
0.80327
0.798682
0.791673
0.777699
0.75681
0.744907
0.741079
0.738578
0.736099
0.734044
0.732934
0.733131
0.734442
0.73466
0.734276
0.734247
0.73426
0.733431
0.732043
0.729701
0.721469
0.713444
0.716697
0.726421
0.741754
0.766642
0.795717
0.823613
0.864704
0.909154
0.949612
1.00733
1.04687
1.07786
1.12945
1.15585
1.16288
1.18524
1.21416
1.2184
1.22884
1.24526
1.25501
1.26496
1.27645
1.29036
1.29967
1.30157
1.29922
1.29371
1.28583
1.27153
1.25195
1.23921
1.23238
1.22894
1.2269
1.22856
1.23364
1.23249
1.22859
1.22445
1.21974
1.21404
1.20611
1.19394
1.18233
1.17617
1.17201
1.16967
1.16876
1.16761
1.16629
1.16558
1.16515
1.16584
1.16848
1.1729
1.17881
1.18717
1.20044
1.20914
1.21415
1.22532
1.24295
1.26425
1.29169
1.32123
1.35374
1.39405
1.43974
1.49229
1.54354
1.58781
1.64126
1.67265
1.69208
1.72295
1.74582
1.75651
1.77605
1.80241
1.82172
1.83344
1.84829
1.86876
1.89402
1.92548
1.94522
1.94749
1.94463
1.93554
1.92193
1.90556
1.88969
1.88018
1.87628
1.87554
1.87578
1.87649
1.88081
1.89733
1.9168
1.91847
1.91479
1.90944
1.89926
1.88429
1.86873
1.85112
1.83201
1.81948
1.81338
1.80959
1.80664
1.80442
1.80828
1.82033
1.82016
1.81607
1.81198
1.80529
1.79384
1.77624
1.75208
1.7325
1.72535
1.72121
1.71698
1.71343
1.71211
1.71336
4.42378
4.39171
4.36003
4.33131
4.30497
4.28094
4.25954
4.2409
4.22616
4.21883
4.21468
4.20505
4.18121
4.1513
4.11806
4.08521
4.0555
4.02801
4.00302
3.98045
3.95952
3.94028
3.9237
3.91017
3.89988
3.88292
3.85656
3.82657
3.79335
3.75804
3.72851
3.70207
3.67819
3.65707
3.63651
3.61588
3.5978
3.58586
3.57892
3.56243
3.53577
3.50683
3.47499
3.43945
3.40322
3.37379
3.34891
3.3263
3.30613
3.28637
3.2674
3.25194
3.24336
3.23597
3.21673
3.19246
3.16522
3.13456
3.10075
3.06497
3.03076
3.00404
2.98044
2.95741
2.93538
2.91554
2.89981
2.8917
2.88826
2.87306
2.85106
2.82792
2.80169
2.77113
2.73731
2.70016
2.66497
2.64017
2.61947
2.59985
2.58191
2.56675
2.55703
2.55399
2.5438
2.52545
2.50655
2.48646
2.46406
2.43747
2.40449
2.36405
2.33035
2.30999
2.29324
2.27776
2.26434
2.2547
2.25125
2.24649
2.23238
2.2167
2.20061
2.18313
2.16336
2.13928
2.10685
2.06592
2.03617
2.01976
2.00587
1.99298
1.98203
1.97518
1.97315
1.96568
1.95272
1.93965
1.92634
1.91195
1.89539
1.8739
1.84157
1.80102
1.77642
1.7638
1.75268
1.74229
1.7335
1.72813
1.72567
1.71797
1.70725
1.6967
1.68594
1.6743
1.66067
1.6419
1.61093
1.57213
1.55169
1.54201
1.53327
1.52498
1.51793
1.51365
1.51125
1.5047
1.4961
1.48758
1.4788
1.4692
1.45782
1.44149
1.41304
1.37731
1.3599
1.35223
1.34517
1.33832
1.33219
1.32783
1.3257
1.32128
1.31436
1.3073
1.30031
1.29283
1.28413
1.27211
1.25048
1.21775
1.19807
1.19124
1.1855
1.17976
1.17438
1.17017
1.16822
1.16607
1.16098
1.15522
1.14943
1.14336
1.13665
1.12837
1.11485
1.08897
1.06231
1.05255
1.04757
1.04275
1.03808
1.03389
1.03084
1.02842
1.0245
1.01995
1.0153
1.01044
1.0052
0.999347
0.991566
0.976134
0.950788
0.935035
0.930033
0.926194
0.922337
0.918609
0.91547
0.913503
0.911504
0.908123
0.904356
0.900484
0.896432
0.892143
0.887391
0.88018
0.864388
0.841594
0.830074
0.826082
0.82276
0.819478
0.816404
0.813934
0.812217
0.809852
0.806831
0.803643
0.800385
0.797033
0.793497
0.789276
0.781459
0.765271
0.747465
0.73993
0.736698
0.734068
0.731841
0.730313
0.729174
0.727269
0.725226
0.723562
0.721796
0.719598
0.717318
0.714777
0.710969
0.702444
0.686534
0.677271
0.675603
0.675493
0.67626
0.678414
0.683518
0.693431
0.705808
0.720331
0.738813
0.764918
0.795457
0.828472
0.852502
0.881413
0.923195
0.949076
0.981965
1.02602
1.05191
1.08435
1.12386
1.15225
1.18097
1.21401
1.22778
1.2307
1.23471
1.23401
1.23091
1.22481
1.21148
1.20821
1.20842
1.20721
1.20556
1.20531
1.20833
1.21398
1.21624
1.21555
1.21485
1.21519
1.21594
1.21753
1.22067
1.22363
1.22463
1.22852
1.2399
1.25669
1.27768
1.30127
1.33048
1.36675
1.40694
1.463
1.52336
1.55074
1.57829
1.61558
1.64249
1.67063
1.70462
1.7305
1.75921
1.80013
1.8452
1.8768
1.89856
1.91867
1.94163
1.96758
1.98281
1.98916
1.99041
1.9865
1.98597
1.98309
1.97319
1.96599
1.96508
1.96545
1.96734
1.97443
1.98862
1.99151
1.98764
1.98278
1.97391
1.95858
1.94048
1.92432
1.90841
1.88982
1.87984
1.87539
1.87121
1.86726
1.86683
1.8734
1.87273
1.86811
1.86407
1.85863
1.84955
1.833
1.80386
1.78075
1.77574
1.77345
1.77132
1.76961
1.76982
1.77742
1.79192
1.79549
1.79198
1.78753
1.78228
1.77528
1.76369
1.74053
1.71544
1.70813
1.7049
1.70201
1.69967
1.6991
4.41816
4.3663
4.32142
4.28755
4.25971
4.2374
4.224
4.22836
4.25177
4.27609
4.27617
4.2519
4.22003
4.1823
4.13529
4.07995
4.0292
3.99174
3.96105
3.93407
3.91266
3.90128
3.90841
3.93292
3.94874
3.93429
3.90607
3.8738
3.83458
3.78458
3.72818
3.6812
3.64694
3.61762
3.59157
3.5707
3.56003
3.56904
3.59412
3.59992
3.57966
3.55369
3.52434
3.4882
3.44108
3.38636
3.3391
3.30558
3.27813
3.25367
3.23314
3.22077
3.22631
3.24575
3.24604
3.22632
3.20286
3.17713
3.14635
3.10569
3.05318
3.00001
2.96172
2.93456
2.91142
2.89104
2.87625
2.87569
2.89184
2.89273
2.87404
2.85271
2.83047
2.80609
2.7757
2.73219
2.67619
2.63159
2.60534
2.58469
2.56589
2.54969
2.54056
2.54704
2.55706
2.54581
2.52771
2.5092
2.48953
2.4671
2.43692
2.39048
2.33661
2.30506
2.28675
2.27046
2.25539
2.24294
2.23776
2.245
2.24595
2.23243
2.21702
2.20136
2.18449
2.16421
2.13444
2.08664
2.03954
2.01703
2.00249
1.98894
1.97639
1.96636
1.96288
1.9677
1.96297
1.95036
1.93736
1.92414
1.90976
1.89214
1.86515
1.82096
1.7799
1.76196
1.75018
1.73914
1.72888
1.72057
1.7171
1.7191
1.71391
1.70355
1.69299
1.68222
1.67037
1.65565
1.63267
1.59387
1.55697
1.54166
1.53225
1.5234
1.51507
1.50788
1.50334
1.50186
1.49692
1.48874
1.48032
1.4718
1.46249
1.45073
1.43169
1.39828
1.36649
1.35387
1.34628
1.33911
1.33221
1.32593
1.32106
1.31873
1.31574
1.3095
1.30251
1.29546
1.288
1.2791
1.26577
1.24107
1.21002
1.19478
1.18806
1.18208
1.17621
1.17062
1.16569
1.16219
1.15899
1.15391
1.14823
1.14253
1.13668
1.13017
1.12143
1.1053
1.07774
1.05648
1.04869
1.04347
1.03854
1.03382
1.0294
1.02551
1.02196
1.01787
1.01344
1.00892
1.00434
0.999456
0.993581
0.984273
0.965401
0.942657
0.932189
0.92746
0.923393
0.919486
0.915677
0.91205
0.908775
0.905569
0.902059
0.898432
0.894758
0.890971
0.886806
0.881539
0.871884
0.852137
0.833391
0.826544
0.822583
0.818889
0.815812
0.813002
0.810079
0.807328
0.804876
0.80233
0.799504
0.796406
0.793136
0.789569
0.784938
0.7753
0.75702
0.743241
0.738557
0.735203
0.731953
0.72946
0.727341
0.72484
0.721734
0.719423
0.717717
0.715578
0.712988
0.710137
0.706617
0.700852
0.689034
0.674709
0.666127
0.662613
0.660815
0.659798
0.659234
0.65887
0.658341
0.657813
0.658056
0.659524
0.662444
0.666366
0.672669
0.680388
0.686474
0.694161
0.707581
0.730716
0.758416
0.791609
0.832599
0.869301
0.911328
0.963794
0.994426
1.02397
1.07548
1.10277
1.11128
1.13199
1.15515
1.16444
1.17662
1.1888
1.19893
1.21166
1.23209
1.25845
1.28922
1.32496
1.36845
1.41171
1.45342
1.49554
1.5183
1.5381
1.55714
1.57039
1.59201
1.62157
1.63947
1.65995
1.69511
1.7324
1.77126
1.8212
1.86408
1.87999
1.89786
1.90653
1.90582
1.90355
1.91084
1.92031
1.93797
1.96753
1.98839
1.99212
1.99619
2.00271
2.01301
2.03286
2.04852
2.04984
2.04845
2.03927
2.02353
2.00722
1.99225
1.97869
1.96824
1.96053
1.95407
1.9507
1.95532
1.9605
1.95549
1.94964
1.94333
1.93471
1.92377
1.91088
1.89396
1.87388
1.86255
1.85793
1.85369
1.84946
1.84804
1.85777
1.86748
1.86457
1.86027
1.85605
1.85045
1.83813
1.80825
1.77801
1.7695
1.76576
1.76198
1.75837
1.75612
1.75816
1.77355
1.79294
1.79478
1.79223
1.78974
1.78642
1.77953
1.7609
1.72792
1.70873
1.70379
1.70026
1.69753
1.69667
4.40621
4.33726
4.29343
4.26426
4.23844
4.22077
4.2214
4.24601
4.29145
4.32231
4.31156
4.2828
4.25043
4.20951
4.15028
4.07148
4.00499
3.96724
3.9385
3.91256
3.89451
3.89457
3.92061
3.96575
3.98453
3.96486
3.93618
3.90461
3.86427
3.80405
3.72368
3.66062
3.62665
3.60006
3.57576
3.55785
3.55544
3.57898
3.62065
3.63068
3.6087
3.58223
3.55368
3.51813
3.46461
3.38758
3.32231
3.28907
3.26473
3.24194
3.22298
3.21503
3.22979
3.26377
3.27147
3.25078
3.22644
3.20068
3.1698
3.12456
3.05459
2.9846
2.9482
2.92491
2.90292
2.88245
2.86813
2.87076
2.89595
2.90792
2.8917
2.8706
2.84914
2.82566
2.79428
2.74219
2.67035
2.6216
2.59796
2.57826
2.55921
2.54227
2.53311
2.54312
2.56366
2.55881
2.54171
2.52402
2.50593
2.48503
2.45331
2.39643
2.33186
2.30025
2.28275
2.26652
2.25088
2.23749
2.23167
2.24249
2.25347
2.24376
2.22906
2.21424
2.19873
2.17954
2.1471
2.08936
2.03645
2.01447
2.00004
1.98629
1.97308
1.96181
1.95691
1.96488
1.96941
1.95948
1.94715
1.93481
1.92181
1.90554
1.87744
1.82583
1.77854
1.75976
1.74775
1.7364
1.72545
1.71583
1.71025
1.71369
1.71766
1.71031
1.70045
1.69053
1.68032
1.66807
1.64744
1.60579
1.55924
1.53983
1.52972
1.52046
1.5115
1.5031
1.49635
1.49372
1.49509
1.49081
1.48304
1.47507
1.46704
1.45816
1.44505
1.41788
1.37695
1.35439
1.34531
1.33765
1.33025
1.32309
1.31657
1.3119
1.31098
1.31034
1.3048
1.29826
1.29169
1.28495
1.27668
1.26154
1.23007
1.19888
1.18733
1.18067
1.17432
1.16807
1.16207
1.15673
1.15309
1.15097
1.14654
1.14102
1.13551
1.12989
1.1238
1.11565
1.09933
1.07073
1.05019
1.04246
1.03685
1.0316
1.02666
1.0219
1.01737
1.01354
1.01041
1.00636
1.00195
0.997535
0.992985
0.988002
0.980809
0.965517
0.941778
0.927661
0.921946
0.917373
0.913051
0.908928
0.90494
0.901119
0.897712
0.894457
0.890842
0.887224
0.883543
0.87966
0.875309
0.868402
0.852712
0.831408
0.821015
0.816167
0.81243
0.80896
0.805357
0.801913
0.798732
0.796094
0.794446
0.793165
0.791038
0.788332
0.785374
0.782071
0.776212
0.761863
0.742318
0.731829
0.727981
0.725375
0.722746
0.719719
0.716398
0.713531
0.711615
0.7113
0.709542
0.706801
0.704203
0.701699
0.69869
0.690955
0.674664
0.660645
0.655334
0.653261
0.651598
0.650033
0.647913
0.645593
0.644058
0.643254
0.643137
0.643388
0.642364
0.64075
0.638818
0.6346
0.624333
0.618078
0.619314
0.623552
0.632263
0.644773
0.662377
0.687078
0.715188
0.751054
0.80245
0.855269
0.910053
0.969306
1.02738
1.08765
1.14577
1.20402
1.27098
1.33829
1.40613
1.47969
1.54949
1.61537
1.68169
1.74755
1.81792
1.8866
1.93757
1.97255
2.00004
2.02751
2.0572
2.08573
2.11128
2.14101
2.17663
2.21403
2.25191
2.28691
2.31089
2.31901
2.32083
2.31476
2.29186
2.24936
2.21896
2.21306
2.20788
2.19674
2.18097
2.15621
2.12004
2.09719
2.08723
2.08554
2.08536
2.07522
2.06337
2.04919
2.02914
2.00517
1.98454
1.96588
1.94237
1.9261
1.91881
1.91398
1.91238
1.91575
1.91604
1.91201
1.90769
1.9029
1.89707
1.88848
1.87238
1.8475
1.83403
1.82951
1.82538
1.82193
1.82211
1.83434
1.84997
1.84849
1.84346
1.83927
1.83491
1.82499
1.79734
1.76588
1.75642
1.75238
1.74817
1.74428
1.7418
1.74399
1.76074
1.78384
1.78788
1.78545
1.78288
1.77985
1.77455
1.75936
1.72536
1.70092
1.69537
1.69229
1.68998
1.68928
)
;

boundaryField
{
    inlet
    {
        type            fixedValue;
        value           uniform 1;
    }
    outlet
    {
        type            zeroGradient;
    }
    bottom
    {
        type            symmetryPlane;
    }
    top
    {
        type            symmetryPlane;
    }
    obstacle
    {
        type            zeroGradient;
    }
    defaultFaces
    {
        type            empty;
    }
}


// ************************************************************************* //
