/*--------------------------------*- C++ -*----------------------------------*\
  =========                 |
  \\      /  F ield         | OpenFOAM: The Open Source CFD Toolbox
   \\    /   O peration     | Website:  https://openfoam.org
    \\  /    A nd           | Version:  7
     \\/     M anipulation  |
\*---------------------------------------------------------------------------*/
FoamFile
{
    version     2.0;
    format      ascii;
    class       volVectorField;
    location    "1.6";
    object      U;
}
// * * * * * * * * * * * * * * * * * * * * * * * * * * * * * * * * * * * * * //

dimensions      [0 1 -1 0 0 0 0];

internalField   nonuniform List<vector> 
18432
(
(2 -3.51449e-17 0)
(2 -4.9246e-18 0)
(2 -2.78996e-17 0)
(2 9.13324e-18 0)
(2 1.16094e-17 0)
(2 -1.17182e-16 0)
(2 -1.08546e-16 0)
(2 -1.41504e-16 0)
(2 -8.40605e-17 0)
(2 -2.61484e-16 0)
(2 -1.24606e-17 0)
(2 1.69127e-17 0)
(2 -1.14938e-16 0)
(2 -9.01735e-17 0)
(2 1.08306e-16 0)
(2 4.28525e-16 0)
(2 2.99453e-16 0)
(2 4.30355e-16 0)
(2 3.94613e-16 0)
(2 2.46628e-16 0)
(2 1.94111e-16 0)
(2 -8.54062e-17 0)
(2 -2.14471e-17 0)
(2 -6.56793e-16 0)
(2 -9.44912e-16 0)
(2 -8.27515e-16 0)
(2 -4.50911e-16 0)
(2 -4.80877e-17 0)
(2 8.28018e-17 0)
(2 6.86455e-17 0)
(2 -2.12893e-16 0)
(2 -4.36199e-16 0)
(2 -3.70597e-16 0)
(2 -1.30908e-16 0)
(2 -4.64337e-17 0)
(2 7.75057e-17 0)
(1.24674 0.00180652 0)
(0.712312 0.000310993 0)
(0.681824 0.00357447 0)
(0.673542 0.00531764 0)
(0.655755 0.00574767 0)
(0.637068 0.00561544 0)
(0.622981 0.00417569 0)
(0.61408 0.00295527 0)
(0.611406 0.00175072 0)
(0.609406 0.00160061 0)
(0.60462 0.00228343 0)
(0.592337 0.00312614 0)
(0.575741 0.00412427 0)
(0.560635 0.00492761 0)
(0.549286 0.00497999 0)
(0.541106 0.00397312 0)
(0.53566 0.00297737 0)
(0.530549 0.0030662 0)
(0.524678 0.00390578 0)
(0.514853 0.00460493 0)
(0.501319 0.00506467 0)
(0.487358 0.00489186 0)
(0.476512 0.00438872 0)
(0.468572 0.00428744 0)
(0.461504 0.0045436 0)
(0.454344 0.00481305 0)
(0.446503 0.00490478 0)
(0.437403 0.00487629 0)
(0.42692 0.00488629 0)
(0.413846 0.00498996 0)
(0.399738 0.00514911 0)
(0.386007 0.00530042 0)
(0.373713 0.0053562 0)
(0.362889 0.00539873 0)
(0.35277 0.00548603 0)
(0.342488 0.00552156 0)
(0.331426 0.00549743 0)
(0.319988 0.00546943 0)
(0.308145 0.00545745 0)
(0.295799 0.00549389 0)
(0.28295 0.0056035 0)
(0.269122 0.0057828 0)
(0.25445 0.00593514 0)
(0.238377 0.00608843 0)
(0.222217 0.00619405 0)
(0.208256 0.00628596 0)
(0.19741 0.00641481 0)
(0.188078 0.00666377 0)
(0.177498 0.00689158 0)
(0.164756 0.00713207 0)
(0.149839 0.00729869 0)
(0.134005 0.00737298 0)
(0.119912 0.00740808 0)
(0.107422 0.0074197 0)
(0.0961051 0.00737609 0)
(0.0827307 0.00748359 0)
(0.0669224 0.0077374 0)
(0.0490774 0.00819373 0)
(0.0298137 0.00869635 0)
(0.0100584 0.00933291 0)
(2 -3.28028e-17 0)
(2 4.5535e-17 0)
(2 7.82019e-17 0)
(2 1.72298e-16 0)
(2 -2.53488e-16 0)
(2 -2.32671e-16 0)
(2 -1.28529e-17 0)
(2 6.86958e-17 0)
(2 4.38791e-17 0)
(2 -4.94167e-16 0)
(2 -1.14948e-16 0)
(2 -1.54385e-16 0)
(2 -3.97519e-16 0)
(2 -2.90804e-16 0)
(2 1.1021e-16 0)
(2 6.27463e-16 0)
(2 2.69653e-16 0)
(2 3.32525e-16 0)
(2 1.36915e-16 0)
(2 1.16482e-16 0)
(2 2.42263e-16 0)
(2 7.24212e-18 0)
(2 -3.06297e-16 0)
(2 -5.29091e-16 0)
(2 -1.37176e-15 0)
(2 -1.74176e-15 0)
(2 -1.21614e-15 0)
(2 -2.1877e-16 0)
(2 -2.94486e-17 0)
(2 1.27181e-16 0)
(2 -1.38253e-16 0)
(2 -5.78132e-16 0)
(2 -5.79927e-16 0)
(2 -2.9316e-16 0)
(2 -2.6651e-16 0)
(2 4.40157e-16 0)
(1.25349 0.00932 0)
(0.712535 0.00487537 0)
(0.677759 0.00839481 0)
(0.670031 0.0139749 0)
(0.65297 0.0156832 0)
(0.635761 0.0157022 0)
(0.623151 0.0124251 0)
(0.614368 0.00925744 0)
(0.611474 0.00605841 0)
(0.608502 0.00530572 0)
(0.603247 0.00703239 0)
(0.590856 0.00959396 0)
(0.574402 0.0124573 0)
(0.559835 0.0146062 0)
(0.548927 0.0149172 0)
(0.541 0.0125406 0)
(0.535117 0.0100124 0)
(0.529164 0.00978615 0)
(0.523299 0.0117206 0)
(0.513727 0.0137388 0)
(0.500478 0.0150713 0)
(0.486773 0.0147551 0)
(0.475917 0.0135762 0)
(0.467668 0.0133291 0)
(0.460318 0.0139823 0)
(0.452992 0.0146394 0)
(0.445136 0.0148286 0)
(0.436115 0.0147376 0)
(0.425704 0.0147882 0)
(0.412673 0.0151349 0)
(0.398525 0.015619 0)
(0.384719 0.016062 0)
(0.372349 0.0162682 0)
(0.361421 0.0164868 0)
(0.351148 0.0168478 0)
(0.340675 0.0170184 0)
(0.329525 0.0169217 0)
(0.318097 0.0166865 0)
(0.306296 0.0164384 0)
(0.294241 0.0165077 0)
(0.281551 0.0169018 0)
(0.267755 0.0175174 0)
(0.25297 0.0180028 0)
(0.236622 0.0183399 0)
(0.22034 0.0185252 0)
(0.206483 0.0187564 0)
(0.195807 0.0191712 0)
(0.186591 0.0198886 0)
(0.175972 0.0205318 0)
(0.163098 0.0211883 0)
(0.148008 0.0216273 0)
(0.132106 0.0218638 0)
(0.117911 0.0220297 0)
(0.105535 0.0222035 0)
(0.0943981 0.0221561 0)
(0.0815468 0.0225958 0)
(0.0664466 0.0234617 0)
(0.0492276 0.0248429 0)
(0.0302806 0.0263286 0)
(0.0102715 0.0281937 0)
(2 -6.87226e-17 0)
(2 3.41422e-18 0)
(2 2.65304e-16 0)
(2 2.70097e-16 0)
(2 8.31165e-18 0)
(2 -5.82889e-17 0)
(2 2.05567e-16 0)
(2 3.17382e-16 0)
(2 -1.45573e-16 0)
(2 -2.52329e-16 0)
(2 -3.27205e-16 0)
(2 -2.07399e-16 0)
(2 -2.00252e-16 0)
(2 -1.83989e-17 0)
(2 4.77101e-17 0)
(2 1.19849e-16 0)
(2 8.36809e-17 0)
(2 1.20613e-16 0)
(2 1.6154e-16 0)
(2 1.27411e-16 0)
(2 -1.37629e-16 0)
(2 -3.25201e-16 0)
(2 -6.46538e-16 0)
(2 -7.90386e-16 0)
(2 -1.32593e-15 0)
(2 -1.14125e-15 0)
(2 -2.29752e-16 0)
(2 3.69013e-16 0)
(2 2.51356e-16 0)
(2 4.9051e-16 0)
(2 2.18447e-16 0)
(2 -2.22565e-16 0)
(2 -4.39917e-16 0)
(2 -3.72508e-16 0)
(2 8.0046e-17 0)
(2 -7.81811e-17 0)
(1.26861 0.0155545 0)
(0.715715 0.010717 0)
(0.67504 0.0143775 0)
(0.667497 0.0218495 0)
(0.65144 0.0244864 0)
(0.635682 0.0246948 0)
(0.624513 0.0204361 0)
(0.616056 0.0158243 0)
(0.613003 0.0111994 0)
(0.608899 0.00999693 0)
(0.602729 0.0123648 0)
(0.589956 0.0163127 0)
(0.573503 0.020721 0)
(0.559347 0.0238121 0)
(0.54891 0.0241136 0)
(0.541387 0.0208435 0)
(0.535304 0.0173467 0)
(0.528741 0.0168479 0)
(0.52285 0.0194546 0)
(0.51354 0.0225955 0)
(0.500514 0.0246408 0)
(0.487028 0.0242457 0)
(0.476198 0.0226678 0)
(0.467713 0.0224043 0)
(0.460134 0.0234173 0)
(0.452649 0.0243707 0)
(0.444778 0.0246186 0)
(0.435857 0.0244923 0)
(0.425571 0.0245929 0)
(0.412626 0.025145 0)
(0.398444 0.0258977 0)
(0.384566 0.0265692 0)
(0.372129 0.0268737 0)
(0.361084 0.0272209 0)
(0.350606 0.0278616 0)
(0.339828 0.0282807 0)
(0.328423 0.0282981 0)
(0.316858 0.028117 0)
(0.305208 0.027869 0)
(0.293539 0.0279707 0)
(0.281124 0.0285135 0)
(0.267349 0.0293352 0)
(0.252349 0.0300435 0)
(0.23561 0.0306099 0)
(0.219202 0.0310175 0)
(0.205465 0.0315445 0)
(0.194878 0.0322868 0)
(0.185627 0.0333581 0)
(0.174812 0.0343477 0)
(0.161546 0.0352433 0)
(0.146051 0.0358507 0)
(0.129898 0.0361451 0)
(0.115375 0.0363241 0)
(0.103028 0.0365752 0)
(0.0920477 0.0366572 0)
(0.0797794 0.0375639 0)
(0.0654583 0.0390674 0)
(0.0489469 0.0412487 0)
(0.0304833 0.0435833 0)
(0.0104958 0.0462544 0)
(2 7.6832e-17 0)
(2 -1.03128e-17 0)
(2 -7.67963e-17 0)
(2 -1.05641e-16 0)
(2 2.49622e-18 0)
(2 -6.15851e-17 0)
(2 -1.40898e-16 0)
(2 -2.97277e-16 0)
(2 5.4789e-16 0)
(2 2.14899e-16 0)
(2 -8.22998e-18 0)
(2 3.26538e-17 0)
(2 1.44866e-16 0)
(2 -8.5141e-17 0)
(2 -2.2678e-16 0)
(2 -2.48984e-16 0)
(2 -1.336e-16 0)
(2 2.06717e-16 0)
(2 2.42789e-16 0)
(2 -1.7504e-16 0)
(2 -3.68986e-16 0)
(2 -2.93971e-16 0)
(2 -3.09285e-16 0)
(2 -6.26165e-16 0)
(2 -7.0748e-16 0)
(2 -3.8495e-16 0)
(2 -1.04973e-15 0)
(2 -9.9376e-16 0)
(2 -6.50851e-16 0)
(2 -2.00902e-16 0)
(2 1.77107e-16 0)
(2 -3.59645e-17 0)
(2 -1.73163e-16 0)
(2 -1.70575e-16 0)
(2 -8.40201e-17 0)
(2 9.41227e-16 0)
(1.2888 0.0218546 0)
(0.718673 0.0181391 0)
(0.672784 0.0204533 0)
(0.665843 0.0289563 0)
(0.650683 0.0326658 0)
(0.635955 0.032927 0)
(0.625971 0.0280304 0)
(0.617749 0.0226203 0)
(0.614752 0.0171523 0)
(0.609891 0.0156717 0)
(0.602898 0.0184388 0)
(0.589804 0.0233876 0)
(0.573542 0.0289692 0)
(0.559743 0.0325503 0)
(0.549628 0.0327078 0)
(0.542391 0.0289 0)
(0.536204 0.0248853 0)
(0.529252 0.024199 0)
(0.523351 0.0271842 0)
(0.514361 0.0311966 0)
(0.50158 0.0338378 0)
(0.48819 0.0334765 0)
(0.477209 0.0317684 0)
(0.468414 0.0315864 0)
(0.460616 0.0329049 0)
(0.453015 0.0340567 0)
(0.445191 0.0343262 0)
(0.436431 0.0341873 0)
(0.426321 0.0343445 0)
(0.413496 0.0350866 0)
(0.399277 0.0360952 0)
(0.385312 0.0369662 0)
(0.372812 0.0373533 0)
(0.361672 0.0378108 0)
(0.351008 0.0387249 0)
(0.33991 0.0394485 0)
(0.328188 0.0396687 0)
(0.31641 0.0396999 0)
(0.304924 0.0396266 0)
(0.293642 0.0397992 0)
(0.281626 0.04041 0)
(0.268008 0.0413441 0)
(0.252764 0.042232 0)
(0.235659 0.0430337 0)
(0.219182 0.0436982 0)
(0.205628 0.0445725 0)
(0.195208 0.0457169 0)
(0.185882 0.047122 0)
(0.174735 0.0484253 0)
(0.160904 0.0494791 0)
(0.144795 0.0501587 0)
(0.128166 0.0504402 0)
(0.113106 0.0505284 0)
(0.100684 0.0508454 0)
(0.0898151 0.0510944 0)
(0.0780954 0.0524567 0)
(0.0645185 0.0545265 0)
(0.0486757 0.0574022 0)
(0.0306802 0.0605067 0)
(0.0107062 0.0637303 0)
(2 5.04888e-17 0)
(2 -1.82714e-16 0)
(2 -1.93488e-16 0)
(2 -1.29424e-16 0)
(2 -2.45756e-18 0)
(2 2.69674e-17 0)
(2 6.75463e-17 0)
(2 2.50201e-16 0)
(2 1.11339e-16 0)
(2 1.97322e-16 0)
(2 5.78522e-16 0)
(2 3.66659e-16 0)
(2 3.41745e-16 0)
(2 1.55895e-16 0)
(2 -2.42482e-16 0)
(2 -4.75769e-16 0)
(2 -2.7027e-16 0)
(2 -4.65202e-16 0)
(2 -5.00517e-16 0)
(2 -7.19427e-16 0)
(2 -6.49071e-16 0)
(2 -5.50937e-16 0)
(2 -8.04688e-17 0)
(2 5.59496e-17 0)
(2 1.69213e-16 0)
(2 5.33602e-17 0)
(2 2.55451e-16 0)
(2 2.78996e-16 0)
(2 4.24388e-16 0)
(2 3.59434e-16 0)
(2 3.43731e-16 0)
(2 6.98071e-16 0)
(2 7.37543e-16 0)
(2 7.11614e-16 0)
(2 4.45911e-16 0)
(2 3.41222e-16 0)
(1.31576 0.0276176 0)
(0.721961 0.0249218 0)
(0.671521 0.0271274 0)
(0.665065 0.0366633 0)
(0.650039 0.0409581 0)
(0.635544 0.0408559 0)
(0.626255 0.0353342 0)
(0.618272 0.0294837 0)
(0.615866 0.023552 0)
(0.610883 0.0219931 0)
(0.603674 0.0250305 0)
(0.590463 0.0306521 0)
(0.574422 0.0371287 0)
(0.560635 0.0409591 0)
(0.550458 0.0409511 0)
(0.543152 0.0367969 0)
(0.536833 0.0324972 0)
(0.529625 0.0316781 0)
(0.523938 0.0348589 0)
(0.515444 0.0395201 0)
(0.503009 0.0427164 0)
(0.489645 0.0425189 0)
(0.478412 0.0408421 0)
(0.469271 0.0407584 0)
(0.461271 0.0423134 0)
(0.453577 0.0436107 0)
(0.445831 0.0439092 0)
(0.437257 0.0438089 0)
(0.427362 0.0440495 0)
(0.414686 0.0449643 0)
(0.400436 0.0462129 0)
(0.386378 0.0472645 0)
(0.373843 0.0477455 0)
(0.36266 0.0483137 0)
(0.351858 0.049469 0)
(0.340467 0.050493 0)
(0.328427 0.0509483 0)
(0.316436 0.0512557 0)
(0.305082 0.0515234 0)
(0.294086 0.0519292 0)
(0.282491 0.0526367 0)
(0.26913 0.0536112 0)
(0.253725 0.0546113 0)
(0.236401 0.0556453 0)
(0.220011 0.0565683 0)
(0.206776 0.057822 0)
(0.196595 0.0593891 0)
(0.187164 0.0611426 0)
(0.17561 0.062711 0)
(0.161143 0.0637912 0)
(0.144324 0.064519 0)
(0.127096 0.0647606 0)
(0.111533 0.0647437 0)
(0.0990322 0.0651886 0)
(0.0882786 0.0656699 0)
(0.0769623 0.067453 0)
(0.0639168 0.0699609 0)
(0.0484967 0.0733589 0)
(0.0307835 0.0769746 0)
(0.0108559 0.0804263 0)
(2 -7.64306e-17 0)
(2 9.75241e-17 0)
(2 3.29755e-16 0)
(2 4.38604e-16 0)
(2 5.21311e-16 0)
(2 5.56642e-16 0)
(2 7.94799e-16 0)
(2 9.8059e-16 0)
(2 2.13897e-16 0)
(2 6.43959e-16 0)
(2 4.52941e-16 0)
(2 4.81056e-16 0)
(2 4.4077e-16 0)
(2 2.77492e-16 0)
(2 4.07409e-17 0)
(2 -1.25278e-16 0)
(2 -2.77143e-16 0)
(2 -3.76336e-16 0)
(2 -6.42353e-16 0)
(2 -7.46122e-16 0)
(2 -4.80258e-16 0)
(2 -8.34561e-17 0)
(2 -1.82347e-17 0)
(2 2.6448e-16 0)
(2 1.04481e-15 0)
(2 4.33123e-16 0)
(2 1.07954e-15 0)
(2 9.73027e-16 0)
(2 1.43461e-15 0)
(2 9.17475e-16 0)
(2 5.98451e-16 0)
(2 9.79859e-16 0)
(2 1.09946e-15 0)
(2 7.9313e-16 0)
(2 9.37872e-16 0)
(2 -8.30971e-16 0)
(1.34925 0.032415 0)
(0.724513 0.0299073 0)
(0.671116 0.034697 0)
(0.664389 0.0455942 0)
(0.649481 0.0498255 0)
(0.635288 0.0486194 0)
(0.626832 0.0421662 0)
(0.619416 0.0357711 0)
(0.617603 0.0296958 0)
(0.612553 0.0284023 0)
(0.605212 0.0318808 0)
(0.591672 0.0382039 0)
(0.575522 0.0455134 0)
(0.561356 0.0494588 0)
(0.550871 0.0491302 0)
(0.543551 0.0445419 0)
(0.537343 0.0399886 0)
(0.530172 0.0390639 0)
(0.525019 0.0424054 0)
(0.517069 0.0475946 0)
(0.504931 0.0513608 0)
(0.491431 0.051421 0)
(0.479788 0.0498419 0)
(0.470202 0.049838 0)
(0.461956 0.0515791 0)
(0.454156 0.053037 0)
(0.446494 0.0534184 0)
(0.438122 0.0534122 0)
(0.428494 0.0537572 0)
(0.416017 0.0548249 0)
(0.401774 0.0563079 0)
(0.38764 0.0575585 0)
(0.375104 0.0581826 0)
(0.36393 0.0588807 0)
(0.353026 0.0602287 0)
(0.341382 0.0615064 0)
(0.329061 0.0621652 0)
(0.316896 0.0626995 0)
(0.305648 0.0633304 0)
(0.294888 0.0641344 0)
(0.283588 0.0650563 0)
(0.270472 0.0661507 0)
(0.254961 0.0672667 0)
(0.237582 0.0685226 0)
(0.221449 0.0696228 0)
(0.208655 0.0712351 0)
(0.198697 0.0732534 0)
(0.189077 0.0752879 0)
(0.17707 0.0770748 0)
(0.161925 0.0782277 0)
(0.144337 0.0789168 0)
(0.126536 0.0791915 0)
(0.110617 0.0790907 0)
(0.0981283 0.0797473 0)
(0.0875409 0.0805216 0)
(0.0764737 0.0826809 0)
(0.0636727 0.0854707 0)
(0.0483241 0.0892251 0)
(0.0306402 0.0930553 0)
(0.0108794 0.0965106 0)
(2 -5.05538e-17 0)
(2 1.97268e-16 0)
(2 6.21315e-16 0)
(2 7.63184e-16 0)
(2 9.69048e-16 0)
(2 1.18095e-15 0)
(2 1.27138e-15 0)
(2 1.18267e-15 0)
(2 7.12795e-16 0)
(2 6.93658e-16 0)
(2 4.43491e-16 0)
(2 3.74178e-16 0)
(2 3.77939e-16 0)
(2 2.07762e-16 0)
(2 3.66549e-16 0)
(2 -1.12381e-17 0)
(2 -3.60419e-16 0)
(2 -6.74624e-16 0)
(2 -7.80524e-16 0)
(2 -7.62537e-16 0)
(2 -4.59668e-16 0)
(2 3.0374e-16 0)
(2 5.49543e-16 0)
(2 5.77089e-16 0)
(2 1.33291e-15 0)
(2 1.52117e-15 0)
(2 2.22726e-15 0)
(2 1.91727e-15 0)
(2 8.80718e-16 0)
(2 4.87184e-16 0)
(2 1.55366e-15 0)
(2 1.57095e-15 0)
(2 1.41281e-15 0)
(2 9.37209e-16 0)
(2 7.4254e-16 0)
(2 3.93718e-16 0)
(1.38853 0.0366912 0)
(0.727297 0.0336591 0)
(0.671359 0.0435998 0)
(0.663905 0.0555116 0)
(0.649389 0.0587074 0)
(0.635679 0.0559088 0)
(0.628142 0.0484009 0)
(0.621478 0.0413907 0)
(0.619558 0.0356566 0)
(0.61405 0.0350007 0)
(0.606529 0.0391537 0)
(0.592645 0.0463335 0)
(0.57638 0.0543193 0)
(0.5619 0.058067 0)
(0.551228 0.057104 0)
(0.544091 0.0519326 0)
(0.538066 0.0471662 0)
(0.531144 0.0463255 0)
(0.526591 0.0498934 0)
(0.519118 0.0556944 0)
(0.507103 0.0599802 0)
(0.493336 0.0602755 0)
(0.48121 0.0587287 0)
(0.471152 0.0587318 0)
(0.462673 0.06061 0)
(0.454811 0.0622877 0)
(0.447242 0.0628693 0)
(0.439055 0.0630118 0)
(0.429732 0.0634681 0)
(0.417505 0.0646726 0)
(0.403307 0.066384 0)
(0.389089 0.0678815 0)
(0.376527 0.0687381 0)
(0.365342 0.0696216 0)
(0.354316 0.0711313 0)
(0.342436 0.0726053 0)
(0.329881 0.0733945 0)
(0.317629 0.0740646 0)
(0.306463 0.0750064 0)
(0.296068 0.0762521 0)
(0.284972 0.0774854 0)
(0.271971 0.0788481 0)
(0.256386 0.0801984 0)
(0.239013 0.0817278 0)
(0.223258 0.0829637 0)
(0.210993 0.0847832 0)
(0.201301 0.0872174 0)
(0.19144 0.0894459 0)
(0.178958 0.0914118 0)
(0.163102 0.0926626 0)
(0.144691 0.0934057 0)
(0.126427 0.0937511 0)
(0.110321 0.093714 0)
(0.0980091 0.094638 0)
(0.0876452 0.0957457 0)
(0.0766253 0.0982228 0)
(0.0636996 0.101132 0)
(0.0480228 0.105149 0)
(0.0301247 0.108808 0)
(0.0107648 0.112138 0)
(2 -1.2348e-16 0)
(2 -4.25802e-17 0)
(2 1.46035e-16 0)
(2 5.11533e-16 0)
(2 5.81677e-16 0)
(2 5.54793e-16 0)
(2 8.4658e-16 0)
(2 7.99285e-16 0)
(2 4.29031e-16 0)
(2 2.98493e-16 0)
(2 4.70906e-16 0)
(2 2.17127e-16 0)
(2 3.02308e-16 0)
(2 7.20582e-16 0)
(2 7.03846e-16 0)
(2 1.71172e-16 0)
(2 -3.50391e-16 0)
(2 -5.07021e-16 0)
(2 -8.45412e-16 0)
(2 -6.61377e-16 0)
(2 -5.90218e-16 0)
(2 -4.1545e-16 0)
(2 7.94939e-17 0)
(2 8.97126e-16 0)
(2 1.29354e-15 0)
(2 1.84862e-15 0)
(2 1.77631e-15 0)
(2 2.11126e-15 0)
(2 1.72092e-15 0)
(2 1.27346e-15 0)
(2 1.06726e-15 0)
(2 1.39847e-15 0)
(2 1.27374e-15 0)
(2 1.01959e-15 0)
(2 5.43962e-16 0)
(2 7.9406e-16 0)
(1.43367 0.0407725 0)
(0.731422 0.0381032 0)
(0.671787 0.0539505 0)
(0.663091 0.0655194 0)
(0.649743 0.0666598 0)
(0.637129 0.0624567 0)
(0.63002 0.0539709 0)
(0.624532 0.0462585 0)
(0.621591 0.0415539 0)
(0.615101 0.041784 0)
(0.607507 0.0468953 0)
(0.593522 0.0551683 0)
(0.577186 0.0634933 0)
(0.562526 0.0665576 0)
(0.551793 0.0646784 0)
(0.54486 0.0588576 0)
(0.53902 0.0540298 0)
(0.532627 0.0534974 0)
(0.528564 0.0574302 0)
(0.521501 0.0638928 0)
(0.509438 0.068666 0)
(0.495362 0.0690418 0)
(0.482793 0.0673905 0)
(0.472311 0.0673378 0)
(0.46365 0.0693481 0)
(0.455756 0.0713334 0)
(0.448212 0.0722631 0)
(0.440101 0.0726065 0)
(0.431055 0.073184 0)
(0.41912 0.0745117 0)
(0.405033 0.0764378 0)
(0.390787 0.0782343 0)
(0.378204 0.0794218 0)
(0.366981 0.0805687 0)
(0.355787 0.0822502 0)
(0.343644 0.0838916 0)
(0.330876 0.0847361 0)
(0.318674 0.0854472 0)
(0.307674 0.0866318 0)
(0.297613 0.0882649 0)
(0.286759 0.0898151 0)
(0.27375 0.0915354 0)
(0.258133 0.0932871 0)
(0.240663 0.0952021 0)
(0.225232 0.0966824 0)
(0.2135 0.098678 0)
(0.204095 0.101317 0)
(0.193971 0.103621 0)
(0.181015 0.105707 0)
(0.164465 0.107089 0)
(0.145236 0.107951 0)
(0.126638 0.10851 0)
(0.110521 0.108661 0)
(0.0985497 0.109919 0)
(0.0884048 0.111354 0)
(0.0772127 0.114053 0)
(0.0638223 0.116893 0)
(0.0475107 0.121127 0)
(0.0292476 0.124358 0)
(0.0105378 0.127553 0)
(2 2.94388e-17 0)
(2 2.42656e-16 0)
(2 1.92421e-16 0)
(2 3.6213e-16 0)
(2 4.84565e-16 0)
(2 5.01755e-16 0)
(2 2.71207e-16 0)
(2 2.35063e-16 0)
(2 8.28117e-17 0)
(2 -1.4526e-16 0)
(2 -2.28336e-16 0)
(2 8.7989e-17 0)
(2 -5.06586e-17 0)
(2 3.70518e-16 0)
(2 6.07291e-16 0)
(2 3.65872e-16 0)
(2 3.04032e-16 0)
(2 3.6285e-16 0)
(2 2.19807e-16 0)
(2 5.99058e-17 0)
(2 -7.69923e-17 0)
(2 -2.08921e-16 0)
(2 -7.55782e-17 0)
(2 1.05691e-15 0)
(2 1.51614e-15 0)
(2 1.2517e-15 0)
(2 3.71e-16 0)
(2 7.45047e-16 0)
(2 1.37726e-15 0)
(2 1.25173e-15 0)
(2 8.03931e-16 0)
(2 9.94157e-16 0)
(2 8.06645e-16 0)
(2 7.30558e-16 0)
(2 4.68065e-16 0)
(2 2.64229e-16 0)
(1.48467 0.0448756 0)
(0.73787 0.0448841 0)
(0.671351 0.0649881 0)
(0.662027 0.0742667 0)
(0.650892 0.073386 0)
(0.639745 0.0679032 0)
(0.632626 0.0587634 0)
(0.627616 0.0507967 0)
(0.62336 0.0474401 0)
(0.615827 0.0488497 0)
(0.607947 0.0552286 0)
(0.594291 0.064672 0)
(0.578069 0.0727059 0)
(0.563407 0.0746881 0)
(0.552729 0.0717277 0)
(0.546021 0.065308 0)
(0.540351 0.060699 0)
(0.534622 0.0607401 0)
(0.530896 0.0652373 0)
(0.523999 0.0724608 0)
(0.511784 0.0774589 0)
(0.497418 0.07767 0)
(0.484459 0.0757914 0)
(0.473621 0.0756694 0)
(0.464833 0.0778634 0)
(0.45694 0.0802453 0)
(0.449346 0.0815891 0)
(0.441248 0.0821555 0)
(0.432483 0.0828364 0)
(0.420945 0.0842659 0)
(0.40712 0.0863974 0)
(0.392961 0.0885439 0)
(0.38037 0.0901533 0)
(0.369048 0.0916442 0)
(0.357594 0.0935537 0)
(0.3451 0.0954029 0)
(0.332081 0.0962947 0)
(0.32003 0.0969833 0)
(0.309262 0.098345 0)
(0.299605 0.100269 0)
(0.289002 0.102057 0)
(0.275865 0.104132 0)
(0.260362 0.106369 0)
(0.242712 0.108753 0)
(0.227462 0.110644 0)
(0.216119 0.1129 0)
(0.20692 0.115627 0)
(0.196555 0.117889 0)
(0.183186 0.119984 0)
(0.16607 0.121516 0)
(0.146159 0.122543 0)
(0.127389 0.123486 0)
(0.111381 0.123975 0)
(0.0998108 0.125604 0)
(0.0898114 0.127302 0)
(0.0782338 0.130119 0)
(0.0641236 0.132698 0)
(0.0470328 0.137148 0)
(0.0283352 0.139812 0)
(0.0103098 0.143027 0)
(2 1.62887e-16 0)
(2 3.65412e-16 0)
(2 4.72987e-16 0)
(2 3.67525e-16 0)
(2 1.02042e-15 0)
(2 1.03043e-15 0)
(2 8.29156e-16 0)
(2 6.79699e-16 0)
(2 4.40664e-16 0)
(2 1.06206e-16 0)
(2 -4.39307e-16 0)
(2 -2.14137e-16 0)
(2 2.33207e-16 0)
(2 3.07291e-16 0)
(2 5.28706e-17 0)
(2 8.16052e-16 0)
(2 1.02321e-15 0)
(2 7.78847e-16 0)
(2 6.3613e-16 0)
(2 3.96392e-16 0)
(2 4.43582e-16 0)
(2 2.83788e-16 0)
(2 3.53907e-16 0)
(2 6.99879e-16 0)
(2 9.05667e-16 0)
(2 1.09691e-15 0)
(2 1.34439e-16 0)
(2 2.60364e-16 0)
(2 5.41061e-16 0)
(2 4.20157e-16 0)
(2 3.53415e-16 0)
(2 2.24157e-16 0)
(2 3.61928e-16 0)
(2 4.61774e-16 0)
(2 3.05101e-16 0)
(2 -1.22715e-17 0)
(1.54111 0.048992 0)
(0.746892 0.0549968 0)
(0.669998 0.0761809 0)
(0.661674 0.0811463 0)
(0.652862 0.0787382 0)
(0.643043 0.0722694 0)
(0.635805 0.062757 0)
(0.630303 0.0551984 0)
(0.624465 0.0533965 0)
(0.616492 0.0563472 0)
(0.608009 0.0642754 0)
(0.594978 0.0745835 0)
(0.579028 0.0816217 0)
(0.564465 0.0822374 0)
(0.553979 0.0781422 0)
(0.547572 0.0713621 0)
(0.542012 0.0671989 0)
(0.537162 0.0681482 0)
(0.533535 0.0735069 0)
(0.526533 0.0814057 0)
(0.514123 0.0863047 0)
(0.49956 0.086114 0)
(0.486311 0.0839764 0)
(0.475237 0.0838491 0)
(0.466364 0.0862919 0)
(0.458508 0.0891082 0)
(0.450773 0.0908159 0)
(0.442714 0.0915512 0)
(0.434106 0.0923042 0)
(0.42312 0.0938407 0)
(0.409678 0.0962147 0)
(0.395675 0.0987761 0)
(0.38306 0.100879 0)
(0.371556 0.102752 0)
(0.359745 0.104936 0)
(0.346824 0.10707 0)
(0.333495 0.108088 0)
(0.321553 0.108799 0)
(0.311153 0.110319 0)
(0.301892 0.112411 0)
(0.291566 0.114305 0)
(0.278261 0.116639 0)
(0.263087 0.119341 0)
(0.245301 0.122205 0)
(0.2301 0.124645 0)
(0.218874 0.127345 0)
(0.209664 0.13018 0)
(0.199062 0.132361 0)
(0.185341 0.134347 0)
(0.167834 0.136018 0)
(0.147453 0.137237 0)
(0.128626 0.138681 0)
(0.112735 0.139687 0)
(0.101475 0.141684 0)
(0.0914608 0.143543 0)
(0.0793014 0.146384 0)
(0.0643604 0.148565 0)
(0.0465684 0.153241 0)
(0.0275566 0.155359 0)
(0.0101012 0.158786 0)
(2 1.91533e-16 0)
(2 1.06491e-16 0)
(2 7.47169e-17 0)
(2 9.63628e-19 0)
(2 -4.96765e-17 0)
(2 9.15015e-16 0)
(2 1.27164e-15 0)
(2 1.00695e-15 0)
(2 7.99451e-16 0)
(2 7.59e-16 0)
(2 4.87203e-16 0)
(2 3.87834e-16 0)
(2 3.10373e-16 0)
(2 -1.47115e-16 0)
(2 1.8313e-16 0)
(2 7.78689e-16 0)
(2 1.14043e-15 0)
(2 1.19222e-15 0)
(2 1.22382e-15 0)
(2 1.13007e-15 0)
(2 9.15609e-16 0)
(2 3.84335e-16 0)
(2 2.39274e-16 0)
(2 1.53518e-16 0)
(2 -2.78649e-16 0)
(2 1.07318e-16 0)
(2 2.72859e-16 0)
(2 2.04883e-16 0)
(2 1.04606e-16 0)
(2 5.03832e-16 0)
(2 7.56992e-17 0)
(2 -1.21639e-16 0)
(2 1.73427e-16 0)
(2 5.62528e-16 0)
(2 6.2464e-16 0)
(2 -6.10375e-17 0)
(1.6025 0.0530951 0)
(0.758987 0.0691795 0)
(0.667752 0.0853882 0)
(0.662903 0.0861048 0)
(0.655494 0.0827858 0)
(0.646855 0.0751054 0)
(0.639238 0.0658231 0)
(0.632663 0.0596507 0)
(0.625269 0.0597198 0)
(0.617179 0.0646958 0)
(0.608115 0.0742354 0)
(0.595553 0.0848297 0)
(0.580052 0.0899664 0)
(0.565616 0.089101 0)
(0.555444 0.083915 0)
(0.549385 0.0772144 0)
(0.543923 0.073839 0)
(0.540127 0.0758982 0)
(0.536208 0.0823381 0)
(0.528821 0.0906321 0)
(0.516367 0.0950318 0)
(0.501885 0.0942781 0)
(0.488466 0.092033 0)
(0.477217 0.0920714 0)
(0.46823 0.0948128 0)
(0.460321 0.0980213 0)
(0.452377 0.0999713 0)
(0.4444 0.100763 0)
(0.435882 0.101556 0)
(0.425602 0.10323 0)
(0.41266 0.105903 0)
(0.398881 0.108935 0)
(0.386222 0.111571 0)
(0.374456 0.113811 0)
(0.362225 0.116268 0)
(0.348847 0.118736 0)
(0.335188 0.120001 0)
(0.323258 0.120899 0)
(0.313276 0.122664 0)
(0.304261 0.124839 0)
(0.294246 0.126685 0)
(0.280873 0.12914 0)
(0.266238 0.132197 0)
(0.248512 0.135484 0)
(0.233359 0.138531 0)
(0.221989 0.141847 0)
(0.212417 0.14493 0)
(0.201446 0.147118 0)
(0.187388 0.148944 0)
(0.169717 0.150725 0)
(0.149202 0.152123 0)
(0.130474 0.154128 0)
(0.114698 0.155778 0)
(0.103567 0.158081 0)
(0.0933369 0.159975 0)
(0.0804807 0.162794 0)
(0.0647245 0.164567 0)
(0.0463913 0.169487 0)
(0.0271927 0.171177 0)
(0.00997375 0.174951 0)
(2 -2.03837e-18 0)
(2 -1.94932e-16 0)
(2 -3.27031e-16 0)
(2 -2.39903e-16 0)
(2 -1.17676e-16 0)
(2 -2.1499e-17 0)
(2 5.77745e-16 0)
(2 9.15374e-16 0)
(2 1.30283e-15 0)
(2 1.44542e-15 0)
(2 1.62126e-15 0)
(2 1.33334e-15 0)
(2 1.17435e-15 0)
(2 1.18206e-15 0)
(2 1.51635e-15 0)
(2 1.80226e-15 0)
(2 1.21485e-15 0)
(2 1.11314e-15 0)
(2 7.43042e-16 0)
(2 8.53818e-16 0)
(2 5.47959e-16 0)
(2 2.34366e-16 0)
(2 1.30281e-16 0)
(2 1.34014e-16 0)
(2 9.01876e-17 0)
(2 2.9967e-17 0)
(2 4.01835e-16 0)
(2 1.40007e-16 0)
(2 -3.87414e-17 0)
(2 3.78855e-16 0)
(2 1.58815e-16 0)
(2 1.71485e-17 0)
(2 2.81106e-16 0)
(2 4.04425e-16 0)
(2 5.01668e-16 0)
(2 1.10361e-16 0)
(1.6681 0.0577073 0)
(0.774227 0.0865813 0)
(0.668354 0.0923286 0)
(0.66512 0.090554 0)
(0.658821 0.0852391 0)
(0.650961 0.0762253 0)
(0.642657 0.0683785 0)
(0.634833 0.0646302 0)
(0.626159 0.0669685 0)
(0.617489 0.0741719 0)
(0.608282 0.0853031 0)
(0.595784 0.0950201 0)
(0.581139 0.0976121 0)
(0.566926 0.0952636 0)
(0.557325 0.0891676 0)
(0.551655 0.0829353 0)
(0.546468 0.0807822 0)
(0.54333 0.084122 0)
(0.538713 0.0917394 0)
(0.530767 0.0999555 0)
(0.518588 0.103436 0)
(0.504552 0.10212 0)
(0.491042 0.100036 0)
(0.479593 0.100441 0)
(0.470343 0.103542 0)
(0.462235 0.107077 0)
(0.454077 0.109125 0)
(0.446203 0.10984 0)
(0.437877 0.110629 0)
(0.428346 0.112475 0)
(0.416033 0.115481 0)
(0.402537 0.119021 0)
(0.389773 0.12221 0)
(0.377648 0.124781 0)
(0.364965 0.127474 0)
(0.351177 0.130272 0)
(0.337254 0.131883 0)
(0.325306 0.133138 0)
(0.31558 0.135281 0)
(0.306688 0.137585 0)
(0.296905 0.139281 0)
(0.283687 0.14175 0)
(0.269673 0.144984 0)
(0.252379 0.148624 0)
(0.237371 0.15229 0)
(0.22566 0.156345 0)
(0.215338 0.159822 0)
(0.203736 0.162165 0)
(0.189286 0.163879 0)
(0.171655 0.165735 0)
(0.151382 0.167307 0)
(0.132924 0.169821 0)
(0.117222 0.17213 0)
(0.105938 0.174696 0)
(0.0952545 0.176542 0)
(0.0816763 0.179356 0)
(0.0652035 0.180832 0)
(0.0464951 0.186001 0)
(0.0272236 0.187411 0)
(0.00990147 0.191598 0)
(2 -1.47983e-16 0)
(2 -1.0825e-16 0)
(2 -2.8652e-16 0)
(2 -1.39582e-16 0)
(2 5.83298e-17 0)
(2 -1.60493e-16 0)
(2 -1.16751e-16 0)
(2 9.89969e-16 0)
(2 9.41166e-16 0)
(2 1.08916e-15 0)
(2 1.58582e-15 0)
(2 1.95384e-15 0)
(2 2.53366e-15 0)
(2 2.70861e-15 0)
(2 2.64855e-15 0)
(2 2.25655e-15 0)
(2 1.54376e-15 0)
(2 9.86374e-16 0)
(2 5.83085e-17 0)
(2 -2.58341e-16 0)
(2 -1.79479e-16 0)
(2 2.40091e-16 0)
(2 6.68667e-17 0)
(2 1.02145e-16 0)
(2 5.38334e-17 0)
(2 7.90768e-17 0)
(2 -3.62469e-17 0)
(2 -6.96724e-17 0)
(2 7.53234e-17 0)
(2 -4.91988e-17 0)
(2 1.23659e-16 0)
(2 6.30116e-17 0)
(2 -8.98642e-17 0)
(2 -5.03161e-17 0)
(2 3.35869e-16 0)
(2 4.71692e-16 0)
(1.73943 0.0618562 0)
(0.793738 0.10419 0)
(0.670477 0.0980416 0)
(0.668065 0.0936317 0)
(0.663446 0.0852102 0)
(0.655756 0.0763871 0)
(0.645964 0.0715919 0)
(0.63669 0.0708098 0)
(0.62644 0.0756668 0)
(0.617345 0.0851112 0)
(0.60806 0.0971461 0)
(0.595888 0.104497 0)
(0.582656 0.104385 0)
(0.568966 0.10061 0)
(0.560095 0.094063 0)
(0.554592 0.0887423 0)
(0.549841 0.0882353 0)
(0.546496 0.0930558 0)
(0.540836 0.101519 0)
(0.532399 0.109128 0)
(0.521004 0.111473 0)
(0.507814 0.109618 0)
(0.494263 0.107917 0)
(0.482485 0.10885 0)
(0.472658 0.112441 0)
(0.464022 0.116345 0)
(0.455723 0.1184 0)
(0.447941 0.118938 0)
(0.439987 0.119677 0)
(0.431245 0.121704 0)
(0.419733 0.124996 0)
(0.40662 0.129024 0)
(0.393705 0.132747 0)
(0.381145 0.135619 0)
(0.368005 0.138523 0)
(0.353888 0.141615 0)
(0.339835 0.143626 0)
(0.327882 0.145355 0)
(0.318129 0.147942 0)
(0.309244 0.150515 0)
(0.299495 0.152072 0)
(0.286617 0.154552 0)
(0.2732 0.157828 0)
(0.256827 0.161753 0)
(0.242184 0.165989 0)
(0.230062 0.170819 0)
(0.21869 0.17477 0)
(0.20616 0.177403 0)
(0.191203 0.179164 0)
(0.173676 0.181077 0)
(0.154012 0.182852 0)
(0.136017 0.185747 0)
(0.120367 0.18865 0)
(0.108625 0.191473 0)
(0.0972666 0.193257 0)
(0.083026 0.196138 0)
(0.065982 0.19751 0)
(0.0469852 0.202902 0)
(0.02762 0.204139 0)
(0.00989661 0.208745 0)
(2 -8.4074e-17 0)
(2 1.42936e-17 0)
(2 -4.18442e-17 0)
(2 -7.0711e-17 0)
(2 1.45243e-16 0)
(2 3.40994e-17 0)
(2 -2.7866e-16 0)
(2 1.70324e-17 0)
(2 4.37578e-16 0)
(2 6.93585e-16 0)
(2 1.02414e-15 0)
(2 1.87654e-15 0)
(2 2.04913e-15 0)
(2 1.54808e-15 0)
(2 1.36051e-15 0)
(2 1.35119e-15 0)
(2 1.09602e-15 0)
(2 3.86326e-16 0)
(2 -1.74087e-16 0)
(2 -6.30163e-16 0)
(2 -5.18389e-16 0)
(2 -1.97017e-18 0)
(2 -1.73319e-17 0)
(2 -2.07692e-16 0)
(2 -1.11829e-16 0)
(2 3.2619e-16 0)
(2 3.96007e-16 0)
(2 3.39672e-16 0)
(2 5.1214e-16 0)
(2 2.77298e-16 0)
(2 1.74879e-16 0)
(2 4.01229e-17 0)
(2 -3.24912e-16 0)
(2 -5.11985e-16 0)
(2 -6.76402e-17 0)
(2 -1.55395e-16 0)
(1.8171 0.0626419 0)
(0.819774 0.118933 0)
(0.673107 0.103535 0)
(0.672435 0.0954445 0)
(0.669211 0.0852618 0)
(0.660752 0.0782207 0)
(0.64876 0.0763496 0)
(0.637483 0.0787494 0)
(0.625982 0.0861788 0)
(0.616394 0.0975187 0)
(0.606929 0.108683 0)
(0.595867 0.112358 0)
(0.58456 0.110096 0)
(0.572022 0.105219 0)
(0.563752 0.0990478 0)
(0.55804 0.0950358 0)
(0.55366 0.0964926 0)
(0.549021 0.102611 0)
(0.542166 0.111517 0)
(0.53359 0.118264 0)
(0.523511 0.119235 0)
(0.511393 0.116936 0)
(0.497892 0.115731 0)
(0.485622 0.117199 0)
(0.474974 0.12132 0)
(0.465652 0.125689 0)
(0.45719 0.127793 0)
(0.449725 0.128141 0)
(0.442391 0.128761 0)
(0.43448 0.13095 0)
(0.423905 0.134403 0)
(0.411268 0.138826 0)
(0.398142 0.143057 0)
(0.385028 0.146256 0)
(0.371366 0.149421 0)
(0.356947 0.152797 0)
(0.342897 0.155222 0)
(0.331017 0.157483 0)
(0.320973 0.160459 0)
(0.312042 0.163414 0)
(0.302103 0.164949 0)
(0.289684 0.167536 0)
(0.276855 0.170843 0)
(0.261815 0.175013 0)
(0.247799 0.179701 0)
(0.235247 0.185234 0)
(0.222593 0.189708 0)
(0.208742 0.192754 0)
(0.193083 0.194775 0)
(0.175626 0.196807 0)
(0.156814 0.198802 0)
(0.139353 0.201998 0)
(0.123789 0.20535 0)
(0.111308 0.208457 0)
(0.0991329 0.210261 0)
(0.0843535 0.213272 0)
(0.0669438 0.214724 0)
(0.0477301 0.220274 0)
(0.0281988 0.221396 0)
(0.00990413 0.226396 0)
(2 -3.59819e-17 0)
(2 -5.15018e-17 0)
(2 4.19037e-17 0)
(2 -1.34358e-17 0)
(2 4.47978e-17 0)
(2 -9.79783e-18 0)
(2 -4.94257e-16 0)
(2 -8.00924e-17 0)
(2 3.45214e-16 0)
(2 4.71832e-16 0)
(2 6.33578e-16 0)
(2 8.31418e-16 0)
(2 5.24231e-16 0)
(2 1.31232e-16 0)
(2 2.35408e-16 0)
(2 6.87306e-16 0)
(2 5.16711e-16 0)
(2 -2.33596e-18 0)
(2 -9.47176e-17 0)
(2 -1.1866e-16 0)
(2 -4.11884e-16 0)
(2 -6.38432e-16 0)
(2 -2.10187e-16 0)
(2 -7.49266e-16 0)
(2 -4.50918e-16 0)
(2 4.4491e-16 0)
(2 8.76965e-16 0)
(2 8.10324e-16 0)
(2 7.19972e-16 0)
(2 6.74917e-16 0)
(2 3.50962e-16 0)
(2 -1.19688e-16 0)
(2 -1.85554e-16 0)
(2 -3.21667e-16 0)
(2 -4.09988e-16 0)
(2 -7.23475e-16 0)
(1.89642 0.0551215 0)
(0.855209 0.12672 0)
(0.677268 0.105585 0)
(0.678075 0.0956607 0)
(0.674491 0.0867554 0)
(0.664542 0.0826312 0)
(0.650285 0.083353 0)
(0.637036 0.0889335 0)
(0.624751 0.0986003 0)
(0.614718 0.110526 0)
(0.605172 0.118453 0)
(0.596227 0.11865 0)
(0.587239 0.114853 0)
(0.576308 0.109627 0)
(0.56826 0.104549 0)
(0.562158 0.102121 0)
(0.557342 0.105329 0)
(0.550547 0.112575 0)
(0.543058 0.12198 0)
(0.534625 0.127412 0)
(0.526169 0.126897 0)
(0.515288 0.12419 0)
(0.501912 0.123454 0)
(0.489037 0.125328 0)
(0.477524 0.129922 0)
(0.467634 0.134788 0)
(0.459003 0.137089 0)
(0.451874 0.13742 0)
(0.445096 0.137998 0)
(0.43794 0.140336 0)
(0.428232 0.143854 0)
(0.416086 0.148539 0)
(0.402718 0.153238 0)
(0.388959 0.156768 0)
(0.374756 0.160254 0)
(0.360138 0.163905 0)
(0.346294 0.1667 0)
(0.334695 0.169487 0)
(0.324266 0.172711 0)
(0.315285 0.176072 0)
(0.304968 0.177783 0)
(0.292998 0.180626 0)
(0.280781 0.184098 0)
(0.267232 0.18856 0)
(0.253983 0.193578 0)
(0.241009 0.199657 0)
(0.227 0.204624 0)
(0.21171 0.208149 0)
(0.195184 0.2106 0)
(0.177795 0.212876 0)
(0.159901 0.215113 0)
(0.143103 0.218584 0)
(0.127693 0.222196 0)
(0.114372 0.22561 0)
(0.101352 0.22761 0)
(0.0861551 0.230821 0)
(0.0685099 0.232528 0)
(0.0490429 0.238197 0)
(0.0291318 0.239266 0)
(0.0100008 0.244594 0)
(2 -1.01114e-17 0)
(2 2.27008e-16 0)
(2 2.38699e-16 0)
(2 2.77344e-16 0)
(2 1.19743e-17 0)
(2 -8.06157e-17 0)
(2 -3.78084e-16 0)
(2 -3.78876e-16 0)
(2 1.08705e-16 0)
(2 9.40319e-17 0)
(2 1.52505e-16 0)
(2 -1.7921e-16 0)
(2 -2.35165e-16 0)
(2 -1.54761e-16 0)
(2 5.45007e-17 0)
(2 4.64303e-17 0)
(2 9.94266e-17 0)
(2 2.22601e-16 0)
(2 4.9135e-16 0)
(2 4.29276e-16 0)
(2 5.32613e-17 0)
(2 -8.81242e-17 0)
(2 -3.97668e-16 0)
(2 -6.57391e-16 0)
(2 -1.03238e-15 0)
(2 -6.16289e-16 0)
(2 3.05847e-16 0)
(2 5.68634e-16 0)
(2 6.99036e-16 0)
(2 5.1667e-16 0)
(2 -2.90793e-17 0)
(2 -6.95869e-16 0)
(2 -7.57361e-16 0)
(2 -8.42555e-16 0)
(2 -7.41273e-16 0)
(2 -6.34259e-16 0)
(1.96282 0.0270236 0)
(0.898716 0.126592 0)
(0.682792 0.10576 0)
(0.68299 0.0959413 0)
(0.678096 0.0904564 0)
(0.665796 0.0890773 0)
(0.649899 0.0922618 0)
(0.635717 0.100902 0)
(0.623166 0.112342 0)
(0.61301 0.122779 0)
(0.604341 0.125951 0)
(0.598228 0.123599 0)
(0.591501 0.119018 0)
(0.58191 0.114287 0)
(0.573466 0.110683 0)
(0.566535 0.110028 0)
(0.560036 0.114759 0)
(0.551219 0.123287 0)
(0.54348 0.132844 0)
(0.535567 0.136588 0)
(0.52912 0.134642 0)
(0.519361 0.131625 0)
(0.506078 0.131234 0)
(0.492558 0.133303 0)
(0.480384 0.138253 0)
(0.470225 0.14359 0)
(0.461453 0.146175 0)
(0.454498 0.146777 0)
(0.448043 0.147505 0)
(0.441389 0.150058 0)
(0.432382 0.153576 0)
(0.420834 0.158302 0)
(0.40743 0.163318 0)
(0.393151 0.167061 0)
(0.378551 0.170873 0)
(0.36389 0.174816 0)
(0.350347 0.177958 0)
(0.339104 0.181257 0)
(0.328212 0.1847 0)
(0.319072 0.188428 0)
(0.308206 0.190558 0)
(0.296572 0.193818 0)
(0.284986 0.197627 0)
(0.272938 0.202504 0)
(0.26045 0.207755 0)
(0.247126 0.214175 0)
(0.23188 0.219518 0)
(0.215197 0.223524 0)
(0.197736 0.226534 0)
(0.180336 0.229165 0)
(0.163206 0.23175 0)
(0.147017 0.235564 0)
(0.131708 0.239378 0)
(0.11741 0.243114 0)
(0.103532 0.245443 0)
(0.0879887 0.248899 0)
(0.0701876 0.250976 0)
(0.0504894 0.256763 0)
(0.0301719 0.257861 0)
(0.0101229 0.26339 0)
(2 -1.08506e-17 0)
(2 -2.56374e-17 0)
(2 7.6666e-17 0)
(2 2.58608e-17 0)
(2 1.05253e-17 0)
(2 -3.5764e-16 0)
(2 -6.58209e-16 0)
(2 -7.55905e-16 0)
(2 -8.33552e-16 0)
(2 -5.07246e-16 0)
(2 -5.2261e-17 0)
(2 -1.94973e-16 0)
(2 -1.79312e-16 0)
(2 -8.38708e-17 0)
(2 -1.67934e-16 0)
(2 -2.19286e-16 0)
(2 -9.99194e-17 0)
(2 -7.57536e-18 0)
(2 1.72207e-16 0)
(2 2.07877e-16 0)
(2 4.45793e-16 0)
(2 3.88437e-16 0)
(2 1.33014e-16 0)
(2 -1.10377e-16 0)
(2 -2.81728e-16 0)
(2 -3.33246e-16 0)
(2 3.0078e-16 0)
(2 4.61293e-16 0)
(2 4.83134e-16 0)
(2 4.40318e-16 0)
(2 -1.07923e-16 0)
(2 -2.83521e-16 0)
(2 -4.46949e-16 0)
(2 -4.57374e-16 0)
(2 -5.45243e-16 0)
(2 -5.31083e-16 0)
(1.99974 0.00396684 0)
(0.958701 0.120415 0)
(0.691635 0.106813 0)
(0.686079 0.0971502 0)
(0.678938 0.0954572 0)
(0.664867 0.0963304 0)
(0.649748 0.103254 0)
(0.634172 0.114112 0)
(0.621775 0.126039 0)
(0.612118 0.132635 0)
(0.605685 0.131775 0)
(0.602225 0.128226 0)
(0.597306 0.123268 0)
(0.588215 0.119388 0)
(0.578777 0.117372 0)
(0.570281 0.118476 0)
(0.561182 0.124625 0)
(0.551884 0.134745 0)
(0.544155 0.143735 0)
(0.537386 0.145411 0)
(0.532413 0.142679 0)
(0.523421 0.139427 0)
(0.510164 0.139166 0)
(0.496058 0.141321 0)
(0.483557 0.146594 0)
(0.473421 0.152357 0)
(0.464563 0.155172 0)
(0.457634 0.156157 0)
(0.451206 0.157148 0)
(0.444851 0.160031 0)
(0.436337 0.163611 0)
(0.425469 0.168176 0)
(0.41237 0.173248 0)
(0.397819 0.177039 0)
(0.382973 0.181155 0)
(0.368318 0.18547 0)
(0.354956 0.189052 0)
(0.343804 0.192887 0)
(0.332581 0.196675 0)
(0.323035 0.200651 0)
(0.311622 0.203348 0)
(0.300414 0.207142 0)
(0.289553 0.211397 0)
(0.278986 0.216778 0)
(0.267162 0.222188 0)
(0.253571 0.228741 0)
(0.237322 0.234378 0)
(0.219381 0.238836 0)
(0.200984 0.242505 0)
(0.18346 0.245625 0)
(0.166904 0.2487 0)
(0.151273 0.252949 0)
(0.13608 0.256981 0)
(0.120829 0.261036 0)
(0.106208 0.263763 0)
(0.0903925 0.267498 0)
(0.0724497 0.270007 0)
(0.0524698 0.275968 0)
(0.0316263 0.277245 0)
(0.0104191 0.282856 0)
(2 7.97811e-17 0)
(2 8.0406e-17 0)
(2 8.02537e-18 0)
(2 -3.88481e-16 0)
(2 -3.90417e-16 0)
(2 -6.83131e-16 0)
(2 -6.27743e-16 0)
(2 -6.32238e-16 0)
(2 -5.35194e-16 0)
(2 -4.41101e-16 0)
(2 -2.65595e-16 0)
(2 -9.53275e-17 0)
(2 1.93486e-16 0)
(2 1.35081e-16 0)
(2 2.45475e-16 0)
(2 2.58499e-16 0)
(2 2.03804e-16 0)
(2 1.34583e-16 0)
(2 4.35329e-16 0)
(2 7.65127e-16 0)
(2 1.30242e-15 0)
(2 8.65793e-16 0)
(2 5.71807e-16 0)
(2 1.10495e-15 0)
(2 5.26898e-16 0)
(2 4.39164e-16 0)
(2 6.87667e-16 0)
(2 4.59912e-16 0)
(2 3.05461e-16 0)
(2 4.64436e-16 0)
(2 2.06965e-16 0)
(2 2.56051e-16 0)
(2 2.95762e-16 0)
(2 2.56555e-16 0)
(2 1.24046e-16 0)
(2 -1.36445e-16 0)
(2.00003 5.09178e-05 0)
(1.03999 0.119657 0)
(0.70034 0.109314 0)
(0.68738 0.100128 0)
(0.679756 0.101666 0)
(0.664561 0.105771 0)
(0.648616 0.115836 0)
(0.631298 0.127697 0)
(0.619869 0.137911 0)
(0.61262 0.139699 0)
(0.609076 0.136981 0)
(0.607816 0.133067 0)
(0.604041 0.127682 0)
(0.594829 0.124534 0)
(0.583693 0.124075 0)
(0.572977 0.127094 0)
(0.561798 0.135421 0)
(0.552907 0.146878 0)
(0.545772 0.153978 0)
(0.540119 0.153886 0)
(0.536128 0.150423 0)
(0.527412 0.147143 0)
(0.513979 0.14711 0)
(0.499229 0.149741 0)
(0.486608 0.155554 0)
(0.476731 0.16159 0)
(0.468066 0.164324 0)
(0.461068 0.165522 0)
(0.454599 0.166753 0)
(0.448524 0.169982 0)
(0.440359 0.17376 0)
(0.430113 0.178137 0)
(0.417482 0.183037 0)
(0.402892 0.186791 0)
(0.38792 0.191163 0)
(0.373262 0.195923 0)
(0.359912 0.200102 0)
(0.348542 0.204519 0)
(0.337151 0.208764 0)
(0.327132 0.212823 0)
(0.315406 0.216083 0)
(0.304978 0.220494 0)
(0.294966 0.225254 0)
(0.28563 0.231142 0)
(0.274218 0.236751 0)
(0.260266 0.243361 0)
(0.24314 0.249305 0)
(0.224061 0.254172 0)
(0.204805 0.258533 0)
(0.187062 0.26229 0)
(0.170892 0.266041 0)
(0.155671 0.270832 0)
(0.140459 0.275179 0)
(0.124215 0.279565 0)
(0.108893 0.282701 0)
(0.0928069 0.286732 0)
(0.0747592 0.289709 0)
(0.0545641 0.295909 0)
(0.0332489 0.297526 0)
(0.0107968 0.303105 0)
(2 -6.70528e-17 0)
(2 9.81541e-18 0)
(2 -1.32788e-16 0)
(2 -5.98456e-17 0)
(2 -3.65896e-16 0)
(2 -4.33838e-16 0)
(2 -3.18081e-16 0)
(2 -2.27908e-17 0)
(2 4.47264e-17 0)
(2 1.13063e-16 0)
(2 -1.06003e-16 0)
(2 -2.75198e-16 0)
(2 -1.00411e-17 0)
(2 3.47559e-16 0)
(2 4.01789e-16 0)
(2 1.11306e-16 0)
(2 -1.60546e-18 0)
(2 2.19893e-16 0)
(2 4.02061e-16 0)
(2 9.84102e-16 0)
(2 1.18754e-15 0)
(2 1.01897e-15 0)
(2 9.8511e-16 0)
(2 7.52812e-16 0)
(2 -2.03733e-16 0)
(2 -7.89459e-17 0)
(2 5.01047e-16 0)
(2 6.16926e-16 0)
(2 4.98755e-16 0)
(2 3.16863e-16 0)
(2 4.22656e-16 0)
(2 5.59336e-16 0)
(2 6.90031e-16 0)
(2 5.95124e-16 0)
(2 7.12111e-16 0)
(2 4.58691e-16 0)
(2 6.97299e-08 0)
(1.13598 0.119725 0)
(0.710082 0.113022 0)
(0.688738 0.105354 0)
(0.680845 0.110591 0)
(0.664192 0.117939 0)
(0.64586 0.129275 0)
(0.629262 0.140637 0)
(0.619245 0.146593 0)
(0.615518 0.145312 0)
(0.614215 0.142247 0)
(0.614519 0.1374 0)
(0.610798 0.131954 0)
(0.600878 0.12962 0)
(0.587247 0.130795 0)
(0.574041 0.136538 0)
(0.561857 0.147387 0)
(0.553993 0.158984 0)
(0.547963 0.163 0)
(0.5439 0.161294 0)
(0.540216 0.157033 0)
(0.531388 0.154095 0)
(0.517598 0.154738 0)
(0.502183 0.1585 0)
(0.489555 0.165334 0)
(0.480028 0.171516 0)
(0.471804 0.173673 0)
(0.46495 0.174699 0)
(0.458719 0.17605 0)
(0.452616 0.179608 0)
(0.444811 0.18375 0)
(0.434914 0.188157 0)
(0.422595 0.192809 0)
(0.408141 0.196536 0)
(0.393203 0.201062 0)
(0.378658 0.206234 0)
(0.365361 0.211088 0)
(0.353656 0.216043 0)
(0.342123 0.22076 0)
(0.331653 0.22484 0)
(0.319897 0.228656 0)
(0.310526 0.233786 0)
(0.301322 0.239176 0)
(0.292633 0.245594 0)
(0.281272 0.251571 0)
(0.266827 0.258249 0)
(0.248971 0.26444 0)
(0.229084 0.26963 0)
(0.209319 0.274606 0)
(0.191552 0.279099 0)
(0.175811 0.283688 0)
(0.160894 0.289117 0)
(0.145535 0.29388 0)
(0.128323 0.298645 0)
(0.112355 0.302232 0)
(0.095984 0.306597 0)
(0.0778175 0.310096 0)
(0.0573601 0.31662 0)
(0.0354245 0.318744 0)
(0.0114147 0.324242 0)
(2 5.42088e-17 0)
(2 -1.79684e-17 0)
(2 8.83634e-17 0)
(2 3.8009e-16 0)
(2 -9.33284e-18 0)
(2 -4.13488e-16 0)
(2 3.09701e-17 0)
(2 4.36071e-16 0)
(2 4.26005e-16 0)
(2 4.74913e-16 0)
(2 4.28634e-16 0)
(2 -9.84486e-18 0)
(2 8.36963e-18 0)
(2 1.16336e-16 0)
(2 -5.60137e-17 0)
(2 4.37228e-18 0)
(2 2.18703e-16 0)
(2 5.87904e-16 0)
(2 2.55715e-16 0)
(2 7.56807e-16 0)
(2 9.28643e-16 0)
(2 7.66134e-16 0)
(2 1.05441e-15 0)
(2 7.71771e-16 0)
(2 -1.40908e-16 0)
(2 -3.63375e-16 0)
(2 -4.01902e-16 0)
(2 -3.66278e-16 0)
(2 -5.90389e-17 0)
(2 8.59905e-17 0)
(2 3.67548e-16 0)
(2 1.00533e-15 0)
(2 1.12982e-15 0)
(2 1.06675e-15 0)
(2 1.03351e-15 0)
(2 7.83346e-16 0)
(2 5.25239e-12 0)
(1.24382 0.11954 0)
(0.72233 0.116816 0)
(0.690126 0.11289 0)
(0.68212 0.121972 0)
(0.663966 0.131603 0)
(0.644968 0.142861 0)
(0.630082 0.151741 0)
(0.622341 0.152372 0)
(0.620838 0.150318 0)
(0.620217 0.146557 0)
(0.621259 0.140755 0)
(0.616702 0.136341 0)
(0.605394 0.135283 0)
(0.589121 0.138549 0)
(0.57389 0.147309 0)
(0.562229 0.160422 0)
(0.555035 0.169994 0)
(0.550743 0.170473 0)
(0.54814 0.167379 0)
(0.544145 0.162546 0)
(0.535274 0.160195 0)
(0.521327 0.161878 0)
(0.505502 0.167308 0)
(0.492784 0.175569 0)
(0.483324 0.181875 0)
(0.475551 0.183131 0)
(0.46917 0.183657 0)
(0.463387 0.184993 0)
(0.457195 0.188856 0)
(0.44958 0.19346 0)
(0.439762 0.198233 0)
(0.427469 0.202698 0)
(0.413284 0.206451 0)
(0.398628 0.211007 0)
(0.3845 0.216453 0)
(0.371472 0.221938 0)
(0.359282 0.227317 0)
(0.347596 0.232471 0)
(0.336489 0.236655 0)
(0.325024 0.241209 0)
(0.316737 0.24716 0)
(0.30829 0.253295 0)
(0.299736 0.260216 0)
(0.288239 0.266629 0)
(0.273402 0.273332 0)
(0.255094 0.27962 0)
(0.234807 0.285101 0)
(0.214917 0.290622 0)
(0.19725 0.296004 0)
(0.18173 0.301657 0)
(0.166683 0.307952 0)
(0.150518 0.313327 0)
(0.132325 0.318583 0)
(0.115435 0.322692 0)
(0.0987945 0.327408 0)
(0.0806574 0.331454 0)
(0.0601081 0.338325 0)
(0.0376871 0.341007 0)
(0.0120899 0.346377 0)
(2 3.07031e-17 0)
(2 1.97635e-16 0)
(2 3.5644e-16 0)
(2 1.92594e-16 0)
(2 -1.63322e-16 0)
(2 -4.51866e-16 0)
(2 3.11027e-16 0)
(2 3.54242e-16 0)
(2 5.55525e-16 0)
(2 6.11059e-16 0)
(2 8.40354e-16 0)
(2 2.22267e-16 0)
(2 8.58424e-17 0)
(2 2.80577e-17 0)
(2 1.05646e-17 0)
(2 2.55274e-16 0)
(2 7.84569e-16 0)
(2 5.62889e-16 0)
(2 7.99192e-16 0)
(2 5.57882e-16 0)
(2 5.09079e-16 0)
(2 8.51773e-16 0)
(2 6.65936e-16 0)
(2 1.44008e-16 0)
(2 2.28186e-16 0)
(2 9.13098e-18 0)
(2 -8.92188e-16 0)
(2 -7.92482e-16 0)
(2 -5.0698e-16 0)
(2 1.03452e-16 0)
(2 1.28002e-16 0)
(2 6.19373e-16 0)
(2 8.70907e-16 0)
(2 9.78951e-16 0)
(2 8.80217e-16 0)
(2 6.29258e-16 0)
(2 1.33635e-15 0)
(1.36323 0.119298 0)
(0.737369 0.123912 0)
(0.690646 0.122483 0)
(0.683868 0.134174 0)
(0.665775 0.145172 0)
(0.648047 0.155291 0)
(0.634356 0.159997 0)
(0.628271 0.157401 0)
(0.626272 0.154195 0)
(0.627375 0.149553 0)
(0.627143 0.143665 0)
(0.621098 0.141237 0)
(0.607843 0.142114 0)
(0.589532 0.148215 0)
(0.573724 0.160014 0)
(0.563146 0.173244 0)
(0.556448 0.178544 0)
(0.553743 0.176916 0)
(0.552522 0.17212 0)
(0.548026 0.167341 0)
(0.539163 0.165864 0)
(0.525594 0.168809 0)
(0.509812 0.176163 0)
(0.496818 0.185805 0)
(0.486899 0.191986 0)
(0.47947 0.192379 0)
(0.473513 0.19243 0)
(0.468217 0.193767 0)
(0.462207 0.197895 0)
(0.454347 0.202958 0)
(0.444695 0.208254 0)
(0.432257 0.212615 0)
(0.418436 0.216439 0)
(0.404312 0.220989 0)
(0.390904 0.226574 0)
(0.378369 0.232529 0)
(0.365365 0.238317 0)
(0.353464 0.24384 0)
(0.341542 0.248339 0)
(0.33089 0.253862 0)
(0.323638 0.260628 0)
(0.315958 0.267481 0)
(0.307306 0.274774 0)
(0.295605 0.281594 0)
(0.280415 0.28839 0)
(0.261696 0.294776 0)
(0.241164 0.300694 0)
(0.22136 0.306838 0)
(0.203921 0.313283 0)
(0.188509 0.320107 0)
(0.173175 0.327367 0)
(0.156077 0.33341 0)
(0.137154 0.339249 0)
(0.119476 0.343932 0)
(0.102716 0.349074 0)
(0.0846831 0.353729 0)
(0.0639598 0.36102 0)
(0.040775 0.364322 0)
(0.0131115 0.369639 0)
(2 -1.26007e-16 0)
(2 -4.75791e-17 0)
(2 -1.55543e-16 0)
(2 -1.32173e-16 0)
(2 6.36915e-17 0)
(2 1.98864e-16 0)
(2 1.7749e-16 0)
(2 2.86422e-16 0)
(2 3.28578e-16 0)
(2 1.45649e-16 0)
(2 -2.14393e-16 0)
(2 -1.99475e-16 0)
(2 -8.15984e-17 0)
(2 3.10082e-17 0)
(2 1.72498e-16 0)
(2 4.37255e-16 0)
(2 3.08128e-16 0)
(2 4.24581e-16 0)
(2 7.61202e-16 0)
(2 7.27963e-16 0)
(2 3.9597e-16 0)
(2 2.15042e-16 0)
(2 1.17158e-16 0)
(2 -1.05639e-17 0)
(2 -1.61291e-16 0)
(2 -3.53221e-18 0)
(2 -4.79486e-16 0)
(2 -6.79139e-16 0)
(2 -2.60184e-16 0)
(2 1.81936e-16 0)
(2 1.04772e-16 0)
(2 1.44896e-16 0)
(2 4.6771e-16 0)
(2 8.34335e-16 0)
(2 5.72918e-16 0)
(2 4.02271e-16 0)
(2 -1.00762e-15 0)
(1.49449 0.117379 0)
(0.756812 0.133348 0)
(0.691402 0.132012 0)
(0.685515 0.145861 0)
(0.669021 0.157564 0)
(0.653125 0.165024 0)
(0.640481 0.165589 0)
(0.634718 0.162486 0)
(0.63253 0.157603 0)
(0.633937 0.151598 0)
(0.631347 0.147673 0)
(0.623905 0.146881 0)
(0.609081 0.150937 0)
(0.589899 0.160217 0)
(0.574727 0.173605 0)
(0.564929 0.184171 0)
(0.55959 0.185167 0)
(0.556959 0.182104 0)
(0.556513 0.176177 0)
(0.551601 0.172116 0)
(0.543193 0.171763 0)
(0.530214 0.176216 0)
(0.514827 0.185466 0)
(0.501369 0.195919 0)
(0.490836 0.201433 0)
(0.483516 0.201227 0)
(0.477799 0.201062 0)
(0.472861 0.202579 0)
(0.467323 0.206952 0)
(0.459364 0.212332 0)
(0.449947 0.218 0)
(0.4374 0.222314 0)
(0.424017 0.22626 0)
(0.410474 0.230941 0)
(0.397719 0.236769 0)
(0.385504 0.243033 0)
(0.371827 0.249151 0)
(0.359382 0.254965 0)
(0.346942 0.260007 0)
(0.337787 0.266565 0)
(0.331495 0.274042 0)
(0.324479 0.281468 0)
(0.315534 0.289038 0)
(0.303484 0.296292 0)
(0.28779 0.303487 0)
(0.268485 0.310151 0)
(0.247822 0.316685 0)
(0.228438 0.323535 0)
(0.211514 0.33108 0)
(0.196214 0.338946 0)
(0.180503 0.347293 0)
(0.162195 0.354085 0)
(0.142251 0.360806 0)
(0.123506 0.366269 0)
(0.106449 0.372073 0)
(0.0884448 0.377467 0)
(0.0676023 0.385217 0)
(0.0437918 0.389012 0)
(0.0140925 0.394263 0)
(2 3.80916e-18 0)
(2 -7.26248e-17 0)
(2 -5.15955e-17 0)
(2 3.09383e-16 0)
(2 6.89548e-16 0)
(2 9.47214e-16 0)
(2 3.20659e-16 0)
(2 5.63643e-16 0)
(2 -2.13399e-17 0)
(2 -8.1806e-16 0)
(2 -8.58066e-16 0)
(2 -8.29242e-16 0)
(2 -5.46476e-16 0)
(2 -1.79206e-16 0)
(2 7.22261e-17 0)
(2 3.33489e-16 0)
(2 1.26141e-16 0)
(2 1.70448e-16 0)
(2 1.37266e-16 0)
(2 3.68095e-16 0)
(2 1.01516e-16 0)
(2 -1.26932e-17 0)
(2 1.32922e-16 0)
(2 3.28467e-16 0)
(2 1.10504e-16 0)
(2 -2.24036e-16 0)
(2 -4.92551e-16 0)
(2 -5.12634e-16 0)
(2 -3.95375e-16 0)
(2 7.12196e-17 0)
(2 5.08875e-16 0)
(2 5.69153e-16 0)
(2 5.34233e-16 0)
(2 4.46245e-16 0)
(2 4.15696e-16 0)
(2 4.07531e-16 0)
(2 -2.16581e-15 0)
(1.63615 0.11003 0)
(0.78393 0.142399 0)
(0.692266 0.141566 0)
(0.686268 0.157449 0)
(0.671779 0.16878 0)
(0.657247 0.172769 0)
(0.645864 0.171603 0)
(0.641781 0.166062 0)
(0.639134 0.159937 0)
(0.638266 0.154908 0)
(0.633443 0.152905 0)
(0.625336 0.154588 0)
(0.609957 0.161983 0)
(0.591348 0.173725 0)
(0.577643 0.186209 0)
(0.568311 0.192163 0)
(0.56371 0.19041 0)
(0.56112 0.186091 0)
(0.559977 0.180314 0)
(0.554788 0.177439 0)
(0.54736 0.178636 0)
(0.534852 0.184837 0)
(0.519862 0.195655 0)
(0.505945 0.205895 0)
(0.495144 0.210068 0)
(0.48798 0.209476 0)
(0.482315 0.209367 0)
(0.47757 0.211281 0)
(0.472558 0.216042 0)
(0.46476 0.22164 0)
(0.455277 0.227468 0)
(0.442846 0.23178 0)
(0.429919 0.236028 0)
(0.4169 0.241062 0)
(0.40466 0.24726 0)
(0.392424 0.253641 0)
(0.37861 0.259801 0)
(0.365702 0.265761 0)
(0.353565 0.271545 0)
(0.345958 0.279099 0)
(0.340392 0.287259 0)
(0.333562 0.295203 0)
(0.324125 0.303112 0)
(0.311554 0.310866 0)
(0.295322 0.318785 0)
(0.275365 0.325858 0)
(0.254891 0.333109 0)
(0.236341 0.340713 0)
(0.220339 0.349373 0)
(0.205068 0.358112 0)
(0.189141 0.367609 0)
(0.169812 0.375236 0)
(0.148919 0.383103 0)
(0.129125 0.389582 0)
(0.111769 0.396327 0)
(0.0936652 0.40262 0)
(0.0724874 0.41093 0)
(0.0476873 0.415104 0)
(0.0154308 0.420359 0)
(2 2.26004e-17 0)
(2 -2.33373e-17 0)
(2 9.00571e-17 0)
(2 7.56306e-16 0)
(2 1.5195e-15 0)
(2 1.70767e-15 0)
(2 7.30582e-16 0)
(2 2.1582e-16 0)
(2 -5.02085e-16 0)
(2 -9.63518e-16 0)
(2 -8.05996e-16 0)
(2 -3.68732e-16 0)
(2 -2.05112e-16 0)
(2 -7.39045e-16 0)
(2 -6.03689e-16 0)
(2 -5.75646e-16 0)
(2 -4.18852e-16 0)
(2 -2.61378e-16 0)
(2 -1.6907e-16 0)
(2 -1.15943e-16 0)
(2 -7.0584e-17 0)
(2 2.23921e-16 0)
(2 6.31483e-16 0)
(2 4.40085e-16 0)
(2 2.40137e-16 0)
(2 -2.73663e-16 0)
(2 -2.15168e-17 0)
(2 2.35118e-16 0)
(2 8.03899e-17 0)
(2 9.07511e-17 0)
(2 7.08312e-16 0)
(2 1.1072e-15 0)
(2 8.26492e-16 0)
(2 5.20155e-16 0)
(2 5.26019e-16 0)
(2 4.79999e-16 0)
(2 -3.71966e-16 0)
(1.7779 0.0955409 0)
(0.821473 0.149885 0)
(0.693937 0.152953 0)
(0.683058 0.170359 0)
(0.67107 0.177912 0)
(0.661028 0.178605 0)
(0.652833 0.173961 0)
(0.647739 0.168415 0)
(0.644045 0.163424 0)
(0.640414 0.159527 0)
(0.634517 0.159913 0)
(0.625911 0.164549 0)
(0.611957 0.173938 0)
(0.595353 0.186074 0)
(0.582382 0.195855 0)
(0.573336 0.19763 0)
(0.568351 0.194451 0)
(0.565721 0.189473 0)
(0.563387 0.184826 0)
(0.557815 0.183789 0)
(0.550913 0.187042 0)
(0.538828 0.195108 0)
(0.524363 0.206664 0)
(0.51053 0.215448 0)
(0.500069 0.217779 0)
(0.493046 0.217047 0)
(0.487208 0.217311 0)
(0.482434 0.219891 0)
(0.477602 0.225289 0)
(0.469826 0.231078 0)
(0.460504 0.236848 0)
(0.448579 0.241159 0)
(0.436385 0.245742 0)
(0.423979 0.251101 0)
(0.412104 0.257579 0)
(0.399663 0.263939 0)
(0.385805 0.270071 0)
(0.372677 0.27628 0)
(0.36153 0.283142 0)
(0.354945 0.291669 0)
(0.349581 0.300488 0)
(0.342677 0.308883 0)
(0.332911 0.317211 0)
(0.319878 0.325337 0)
(0.303474 0.334076 0)
(0.283055 0.341622 0)
(0.263126 0.349662 0)
(0.245529 0.358183 0)
(0.230502 0.367985 0)
(0.21542 0.377602 0)
(0.19887 0.388378 0)
(0.178301 0.397184 0)
(0.156017 0.40661 0)
(0.134697 0.414463 0)
(0.116734 0.422508 0)
(0.0982637 0.429945 0)
(0.0766858 0.438909 0)
(0.051077 0.443192 0)
(0.0165286 0.448368 0)
(2 -7.81259e-17 0)
(2 -1.82325e-16 0)
(2 -1.02766e-16 0)
(2 4.24571e-16 0)
(2 1.0253e-15 0)
(2 1.52659e-15 0)
(2 1.23447e-15 0)
(2 5.19122e-16 0)
(2 1.78431e-16 0)
(2 -2.95957e-16 0)
(2 -2.45487e-16 0)
(2 -7.0445e-17 0)
(2 -1.3046e-16 0)
(2 -3.75062e-16 0)
(2 -5.18825e-16 0)
(2 -4.35284e-16 0)
(2 -4.63814e-16 0)
(2 -7.106e-16 0)
(2 -1.21511e-15 0)
(2 -1.10835e-15 0)
(2 -7.03032e-16 0)
(2 -1.2545e-16 0)
(2 3.52506e-16 0)
(2 9.45638e-16 0)
(2 7.58675e-16 0)
(2 8.51232e-16 0)
(2 9.30742e-16 0)
(2 5.47502e-16 0)
(2 6.46025e-16 0)
(2 3.37843e-16 0)
(2 5.67048e-16 0)
(2 5.84716e-16 0)
(2 6.32398e-16 0)
(2 6.74776e-16 0)
(2 6.51668e-16 0)
(2 7.52403e-16 0)
(2 1.90061e-16 0)
(1.90284 0.0664155 0)
(0.870148 0.16405 0)
(0.694522 0.168179 0)
(0.681102 0.181455 0)
(0.67442 0.182497 0)
(0.667326 0.179332 0)
(0.658624 0.176297 0)
(0.651802 0.172326 0)
(0.647064 0.16789 0)
(0.641171 0.166318 0)
(0.635075 0.168343 0)
(0.627315 0.174354 0)
(0.6157 0.184744 0)
(0.600693 0.196012 0)
(0.587496 0.202806 0)
(0.578585 0.202107 0)
(0.573302 0.197894 0)
(0.570519 0.193055 0)
(0.567159 0.189938 0)
(0.56176 0.190937 0)
(0.554697 0.196502 0)
(0.543114 0.206338 0)
(0.529182 0.2176 0)
(0.515755 0.224039 0)
(0.505743 0.224675 0)
(0.498526 0.224205 0)
(0.492363 0.225168 0)
(0.487411 0.22853 0)
(0.482361 0.234535 0)
(0.474614 0.240515 0)
(0.466003 0.246134 0)
(0.455003 0.250401 0)
(0.4437 0.255291 0)
(0.431703 0.260913 0)
(0.419752 0.267684 0)
(0.406676 0.274015 0)
(0.392822 0.280388 0)
(0.379936 0.287138 0)
(0.37027 0.29522 0)
(0.364341 0.304403 0)
(0.358869 0.313602 0)
(0.352112 0.322329 0)
(0.342417 0.33118 0)
(0.328923 0.339528 0)
(0.312562 0.349134 0)
(0.29183 0.357368 0)
(0.272466 0.36639 0)
(0.255756 0.37618 0)
(0.241411 0.387231 0)
(0.226628 0.397815 0)
(0.209847 0.409872 0)
(0.188327 0.419931 0)
(0.165238 0.430989 0)
(0.142941 0.440389 0)
(0.12452 0.450035 0)
(0.105468 0.458993 0)
(0.0829473 0.468969 0)
(0.0557223 0.473435 0)
(0.0181216 0.478693 0)
(2 -1.83581e-17 0)
(2 1.41012e-16 0)
(2 1.35876e-16 0)
(2 8.22765e-17 0)
(2 -3.64357e-16 0)
(2 1.97756e-16 0)
(2 3.49896e-16 0)
(2 5.04898e-16 0)
(2 2.9531e-16 0)
(2 1.70552e-16 0)
(2 1.75598e-16 0)
(2 2.45104e-16 0)
(2 2.4879e-16 0)
(2 -1.74145e-16 0)
(2 -4.27763e-16 0)
(2 -5.35147e-16 0)
(2 -3.7537e-16 0)
(2 -3.11298e-16 0)
(2 -2.54301e-16 0)
(2 -6.79971e-17 0)
(2 -2.46669e-17 0)
(2 -2.43974e-16 0)
(2 2.26274e-17 0)
(2 3.2323e-16 0)
(2 2.58507e-16 0)
(2 6.7601e-16 0)
(2 8.13514e-16 0)
(2 2.82329e-16 0)
(2 1.56378e-16 0)
(2 2.19356e-16 0)
(2 -1.04341e-16 0)
(2 -2.05702e-16 0)
(2 -8.73123e-17 0)
(2 1.09848e-16 0)
(2 3.43479e-17 0)
(2 2.15675e-16 0)
(2 -9.85927e-17 0)
(1.9809 0.022111 0)
(0.937529 0.177848 0)
(0.70127 0.183693 0)
(0.684726 0.186647 0)
(0.67967 0.182765 0)
(0.672444 0.180136 0)
(0.663199 0.178257 0)
(0.655011 0.176175 0)
(0.648498 0.174636 0)
(0.642861 0.174056 0)
(0.637338 0.176681 0)
(0.630209 0.183306 0)
(0.620092 0.194117 0)
(0.605567 0.204201 0)
(0.591989 0.208478 0)
(0.583025 0.206294 0)
(0.578504 0.201344 0)
(0.575368 0.196989 0)
(0.570971 0.195721 0)
(0.56541 0.199041 0)
(0.557685 0.207049 0)
(0.546446 0.21801 0)
(0.533594 0.227881 0)
(0.521318 0.231692 0)
(0.51178 0.231301 0)
(0.504305 0.231272 0)
(0.497909 0.233042 0)
(0.492712 0.237102 0)
(0.487108 0.243482 0)
(0.479702 0.24972 0)
(0.472162 0.25529 0)
(0.462185 0.259514 0)
(0.451604 0.264775 0)
(0.439624 0.270599 0)
(0.427174 0.277629 0)
(0.413345 0.283899 0)
(0.399896 0.290802 0)
(0.388128 0.298313 0)
(0.380077 0.30744 0)
(0.374256 0.316848 0)
(0.369036 0.326182 0)
(0.362336 0.335269 0)
(0.352884 0.344847 0)
(0.338888 0.353419 0)
(0.322437 0.363961 0)
(0.301777 0.373146 0)
(0.283035 0.383291 0)
(0.26728 0.394517 0)
(0.253541 0.406792 0)
(0.239068 0.418406 0)
(0.22235 0.431885 0)
(0.199871 0.443488 0)
(0.175731 0.456553 0)
(0.151727 0.468218 0)
(0.132027 0.480162 0)
(0.111775 0.491139 0)
(0.0879681 0.502429 0)
(0.0592387 0.507075 0)
(0.0191109 0.512379 0)
(2 -1.35327e-16 0)
(2 2.32113e-17 0)
(2 1.55249e-16 0)
(2 -1.52135e-16 0)
(2 -5.86171e-16 0)
(2 -9.88052e-16 0)
(2 -2.48257e-16 0)
(2 6.73318e-17 0)
(2 3.15219e-17 0)
(2 1.04553e-16 0)
(2 3.56977e-16 0)
(2 1.37302e-16 0)
(2 -2.2459e-16 0)
(2 -1.71406e-16 0)
(2 -1.88515e-16 0)
(2 -2.58371e-16 0)
(2 -1.31923e-16 0)
(2 3.50271e-17 0)
(2 3.19905e-16 0)
(2 2.90536e-16 0)
(2 -1.01549e-16 0)
(2 -1.33807e-16 0)
(2 -2.24361e-16 0)
(2 -8.85886e-17 0)
(2 -7.01288e-17 0)
(2 4.39318e-17 0)
(2 1.22054e-16 0)
(2 8.49788e-17 0)
(2 -8.16895e-17 0)
(2 -3.60151e-17 0)
(2 -1.8479e-16 0)
(2 -1.00864e-16 0)
(2 -1.05848e-16 0)
(2 -3.24881e-16 0)
(2 -5.382e-16 0)
(2 -5.38808e-16 0)
(2 -5.1282e-16 0)
(2.00044 0.00192478 0)
(1.0415 0.191435 0)
(0.704775 0.198477 0)
(0.688044 0.190844 0)
(0.684007 0.184641 0)
(0.675667 0.182114 0)
(0.6661 0.181964 0)
(0.658398 0.181964 0)
(0.652758 0.180421 0)
(0.6474 0.180703 0)
(0.641514 0.18482 0)
(0.633175 0.193185 0)
(0.621922 0.203685 0)
(0.607591 0.211539 0)
(0.594965 0.213313 0)
(0.587299 0.209811 0)
(0.583696 0.204995 0)
(0.579674 0.202155 0)
(0.574768 0.20284 0)
(0.568759 0.208387 0)
(0.560927 0.217857 0)
(0.550929 0.228764 0)
(0.539412 0.236312 0)
(0.528123 0.237996 0)
(0.51848 0.237558 0)
(0.510635 0.238164 0)
(0.503916 0.240732 0)
(0.498224 0.245439 0)
(0.491911 0.252145 0)
(0.485147 0.258757 0)
(0.478669 0.264481 0)
(0.469593 0.268721 0)
(0.459489 0.274375 0)
(0.447195 0.280258 0)
(0.434122 0.287389 0)
(0.419963 0.293721 0)
(0.407708 0.301382 0)
(0.397555 0.309718 0)
(0.390999 0.319516 0)
(0.384598 0.328939 0)
(0.379782 0.338473 0)
(0.373029 0.347959 0)
(0.363764 0.358415 0)
(0.349117 0.367326 0)
(0.332754 0.378789 0)
(0.312589 0.389194 0)
(0.294658 0.400526 0)
(0.279933 0.413216 0)
(0.266683 0.42669 0)
(0.252638 0.439493 0)
(0.236239 0.454526 0)
(0.21357 0.468019 0)
(0.18907 0.483153 0)
(0.164469 0.497242 0)
(0.144204 0.511696 0)
(0.122934 0.525208 0)
(0.0972313 0.538652 0)
(0.0654182 0.544471 0)
(0.0212211 0.55033 0)
(2 -1.68462e-17 0)
(2 -1.18186e-18 0)
(2 -7.75421e-17 0)
(2 -4.94255e-16 0)
(2 -1.09284e-15 0)
(2 -8.30081e-16 0)
(2 -5.40699e-16 0)
(2 -6.65512e-16 0)
(2 -1.76444e-16 0)
(2 1.09601e-16 0)
(2 -8.89753e-18 0)
(2 -4.0056e-16 0)
(2 -5.01044e-16 0)
(2 -3.50507e-16 0)
(2 -8.85871e-17 0)
(2 -1.57534e-16 0)
(2 1.31812e-17 0)
(2 2.44317e-16 0)
(2 6.97662e-16 0)
(2 6.76405e-16 0)
(2 -2.56885e-16 0)
(2 -4.11879e-16 0)
(2 -2.2277e-16 0)
(2 -4.40062e-16 0)
(2 -4.26394e-16 0)
(2 -3.2356e-17 0)
(2 1.34922e-16 0)
(2 1.03762e-16 0)
(2 1.25641e-16 0)
(2 -5.84814e-18 0)
(2 -1.6327e-16 0)
(2 -1.45597e-16 0)
(2 7.45424e-17 0)
(2 5.12613e-17 0)
(2 5.87091e-17 0)
(2 -3.14762e-16 0)
(2 -5.3753e-16 0)
(2.00001 1.64163e-05 0)
(1.19813 0.20253 0)
(0.722316 0.207367 0)
(0.694037 0.196179 0)
(0.690558 0.187843 0)
(0.68182 0.184195 0)
(0.672391 0.183361 0)
(0.664795 0.183523 0)
(0.658668 0.184822 0)
(0.652084 0.188825 0)
(0.643271 0.195676 0)
(0.632843 0.204696 0)
(0.621503 0.213005 0)
(0.610155 0.216827 0)
(0.59954 0.216083 0)
(0.592221 0.213008 0)
(0.588356 0.209635 0)
(0.584275 0.208162 0)
(0.579385 0.210656 0)
(0.57363 0.217614 0)
(0.566209 0.227637 0)
(0.557433 0.237838 0)
(0.546593 0.243109 0)
(0.535506 0.243936 0)
(0.52519 0.243858 0)
(0.516817 0.24513 0)
(0.509495 0.248367 0)
(0.50283 0.25377 0)
(0.49621 0.261063 0)
(0.490263 0.268075 0)
(0.48487 0.273969 0)
(0.476971 0.278073 0)
(0.467453 0.283793 0)
(0.454921 0.289435 0)
(0.441534 0.296528 0)
(0.42788 0.30336 0)
(0.417096 0.311879 0)
(0.408461 0.320955 0)
(0.402646 0.331164 0)
(0.395368 0.340689 0)
(0.390734 0.350651 0)
(0.383899 0.360574 0)
(0.374803 0.371772 0)
(0.359856 0.381113 0)
(0.344086 0.393311 0)
(0.325034 0.405046 0)
(0.308141 0.417584 0)
(0.294518 0.431726 0)
(0.281282 0.446558 0)
(0.26814 0.460687 0)
(0.252155 0.477287 0)
(0.229627 0.493047 0)
(0.204652 0.51068 0)
(0.178781 0.52836 0)
(0.156253 0.5468 0)
(0.132542 0.564264 0)
(0.104362 0.580855 0)
(0.0698121 0.588563 0)
(0.0220569 0.594913 0)
(2 5.26519e-17 0)
(2 7.42999e-17 0)
(2 -1.23822e-16 0)
(2 -6.56765e-16 0)
(2 -9.88912e-16 0)
(2 -5.17277e-16 0)
(2 -5.07256e-16 0)
(2 -5.57776e-16 0)
(2 -1.48637e-16 0)
(2 -6.60834e-18 0)
(2 -4.32559e-16 0)
(2 -8.87852e-16 0)
(2 -4.90805e-16 0)
(2 -4.57264e-16 0)
(2 -3.32875e-16 0)
(2 -1.05371e-16 0)
(2 -2.73185e-17 0)
(2 -4.73037e-17 0)
(2 1.29719e-16 0)
(2 4.68629e-16 0)
(2 2.52191e-16 0)
(2 -1.34251e-16 0)
(2 -2.21799e-16 0)
(2 -7.15905e-16 0)
(2 -2.2481e-16 0)
(2 -1.9454e-16 0)
(2 -1.87936e-16 0)
(2 3.03807e-16 0)
(2 4.07988e-16 0)
(2 3.29463e-16 0)
(2 -8.56002e-17 0)
(2 -3.09296e-16 0)
(2 -4.47171e-16 0)
(2 -4.22434e-16 0)
(2 -2.67619e-16 0)
(2 -2.33466e-16 0)
(2 3.46774e-17 0)
(2 1.63567e-08 0)
(1.397 0.197945 0)
(0.75142 0.2154 0)
(0.702313 0.198877 0)
(0.699578 0.190951 0)
(0.691201 0.187033 0)
(0.680386 0.186363 0)
(0.670328 0.188358 0)
(0.661684 0.192656 0)
(0.651964 0.199554 0)
(0.640206 0.208053 0)
(0.630034 0.216074 0)
(0.622039 0.2202 0)
(0.615059 0.219974 0)
(0.605572 0.218717 0)
(0.597968 0.216613 0)
(0.593459 0.2147 0)
(0.589814 0.214947 0)
(0.5853 0.218279 0)
(0.580202 0.225759 0)
(0.572614 0.23616 0)
(0.564345 0.245724 0)
(0.553771 0.249702 0)
(0.542365 0.250454 0)
(0.531045 0.250722 0)
(0.521986 0.252539 0)
(0.513857 0.256124 0)
(0.506593 0.262309 0)
(0.50068 0.270363 0)
(0.495983 0.27745 0)
(0.492045 0.283041 0)
(0.485499 0.286625 0)
(0.476375 0.292141 0)
(0.463486 0.297539 0)
(0.44998 0.304962 0)
(0.437141 0.313113 0)
(0.427496 0.322642 0)
(0.419659 0.332495 0)
(0.413828 0.343013 0)
(0.405912 0.352708 0)
(0.40135 0.363046 0)
(0.394731 0.373158 0)
(0.386034 0.38467 0)
(0.371489 0.394622 0)
(0.356653 0.407518 0)
(0.339047 0.420832 0)
(0.323197 0.43481 0)
(0.310099 0.45023 0)
(0.29737 0.46646 0)
(0.284878 0.48223 0)
(0.269555 0.500492 0)
(0.247826 0.51894 0)
(0.22358 0.539373 0)
(0.198299 0.561038 0)
(0.175458 0.583611 0)
(0.151156 0.605465 0)
(0.121058 0.626801 0)
(0.0813527 0.639605 0)
(0.0264103 0.648057 0)
(2 2.40147e-17 0)
(2 -1.40311e-16 0)
(2 -3.02504e-16 0)
(2 -5.39079e-16 0)
(2 -5.68869e-16 0)
(2 -5.68772e-16 0)
(2 -7.1135e-16 0)
(2 -7.33098e-16 0)
(2 -5.87768e-16 0)
(2 -3.0026e-16 0)
(2 -2.55482e-17 0)
(2 -5.69182e-17 0)
(2 -3.40554e-16 0)
(2 -3.0947e-16 0)
(2 -4.18756e-16 0)
(2 -1.05917e-16 0)
(2 -1.13381e-16 0)
(2 8.33207e-17 0)
(2 -3.34292e-16 0)
(2 -4.90223e-16 0)
(2 -4.24001e-16 0)
(2 -5.01497e-16 0)
(2 -8.86726e-16 0)
(2 -7.2252e-16 0)
(2 -1.27391e-16 0)
(2 -3.2623e-16 0)
(2 -9.59415e-17 0)
(2 1.63306e-16 0)
(2 6.41332e-16 0)
(2 5.4998e-16 0)
(2 4.48152e-16 0)
(2 2.62452e-16 0)
(2 1.50171e-16 0)
(2 -3.48433e-16 0)
(2 -7.12103e-16 0)
(2 -4.43944e-16 0)
(2 3.74033e-16 0)
(2 1.48784e-12 0)
(1.618 0.173702 0)
(0.787606 0.226915 0)
(0.706969 0.201277 0)
(0.705621 0.194775 0)
(0.698568 0.191314 0)
(0.686765 0.19231 0)
(0.673119 0.196469 0)
(0.659782 0.203169 0)
(0.647054 0.211362 0)
(0.636988 0.219829 0)
(0.630886 0.224704 0)
(0.626848 0.224266 0)
(0.622513 0.221839 0)
(0.613907 0.220669 0)
(0.605625 0.220195 0)
(0.599987 0.219874 0)
(0.595923 0.221306 0)
(0.59124 0.225629 0)
(0.585353 0.234387 0)
(0.577055 0.245813 0)
(0.567708 0.254421 0)
(0.558514 0.256894 0)
(0.547823 0.257404 0)
(0.536415 0.257722 0)
(0.527109 0.259894 0)
(0.518631 0.263687 0)
(0.511924 0.270748 0)
(0.507177 0.279316 0)
(0.503567 0.28598 0)
(0.500578 0.290981 0)
(0.494597 0.294226 0)
(0.485219 0.299878 0)
(0.471759 0.305655 0)
(0.458292 0.313995 0)
(0.44667 0.323725 0)
(0.437863 0.334015 0)
(0.430684 0.344241 0)
(0.424949 0.354767 0)
(0.417022 0.36443 0)
(0.412526 0.374958 0)
(0.406228 0.385048 0)
(0.398008 0.396622 0)
(0.384615 0.407484 0)
(0.370949 0.421082 0)
(0.354946 0.436075 0)
(0.339927 0.451857 0)
(0.326763 0.468538 0)
(0.314754 0.486062 0)
(0.303272 0.503604 0)
(0.288949 0.523403 0)
(0.269461 0.544765 0)
(0.246123 0.568338 0)
(0.221805 0.594709 0)
(0.19724 0.623942 0)
(0.169718 0.654029 0)
(0.135596 0.684351 0)
(0.0908807 0.706295 0)
(0.0280115 0.718604 0)
(2 4.22464e-17 0)
(2 -7.70511e-17 0)
(2 -4.72904e-16 0)
(2 -4.08838e-16 0)
(2 -5.48668e-16 0)
(2 -7.72928e-16 0)
(2 -8.81237e-16 0)
(2 -5.81559e-16 0)
(2 -7.80446e-16 0)
(2 -7.98555e-16 0)
(2 -7.37166e-16 0)
(2 -6.416e-16 0)
(2 -5.0817e-16 0)
(2 -6.08524e-16 0)
(2 -5.78578e-16 0)
(2 -3.47047e-16 0)
(2 -5.64911e-16 0)
(2 -6.36526e-16 0)
(2 -8.01332e-16 0)
(2 -8.09165e-16 0)
(2 -4.27973e-16 0)
(2 -7.80754e-16 0)
(2 -7.9424e-16 0)
(2 -8.10031e-16 0)
(2 -5.97191e-16 0)
(2 -7.2588e-17 0)
(2 4.8027e-16 0)
(2 1.29372e-15 0)
(2 9.45485e-16 0)
(2 2.26597e-16 0)
(2 1.86839e-16 0)
(2 -1.77478e-16 0)
(2 -8.1833e-17 0)
(2 -1.11877e-16 0)
(2 -7.47334e-16 0)
(2 -8.97546e-16 0)
(2 -3.12873e-16 0)
(2 6.19228e-16 0)
(1.83294 0.130488 0)
(0.833086 0.242312 0)
(0.710965 0.203398 0)
(0.711567 0.195991 0)
(0.704632 0.196574 0)
(0.691112 0.200798 0)
(0.674263 0.207821 0)
(0.659428 0.215313 0)
(0.648469 0.223246 0)
(0.641598 0.229353 0)
(0.638104 0.22953 0)
(0.635948 0.22763 0)
(0.632856 0.224794 0)
(0.624694 0.224005 0)
(0.615227 0.224625 0)
(0.607388 0.225307 0)
(0.601261 0.228643 0)
(0.594026 0.235283 0)
(0.585895 0.245211 0)
(0.578478 0.256369 0)
(0.571252 0.262523 0)
(0.564633 0.262879 0)
(0.555201 0.263063 0)
(0.543562 0.26397 0)
(0.533617 0.266759 0)
(0.524796 0.27112 0)
(0.519268 0.279077 0)
(0.515074 0.288175 0)
(0.511412 0.294452 0)
(0.508337 0.29924 0)
(0.501886 0.302407 0)
(0.492245 0.308197 0)
(0.47918 0.314523 0)
(0.466964 0.32365 0)
(0.4571 0.334294 0)
(0.449265 0.344984 0)
(0.442597 0.355349 0)
(0.436842 0.366042 0)
(0.429072 0.375706 0)
(0.424284 0.38632 0)
(0.417994 0.396314 0)
(0.410178 0.408059 0)
(0.398476 0.420482 0)
(0.386059 0.435198 0)
(0.371792 0.451583 0)
(0.357815 0.468941 0)
(0.344625 0.486571 0)
(0.333625 0.505166 0)
(0.32346 0.52472 0)
(0.310581 0.546406 0)
(0.294077 0.570855 0)
(0.273503 0.598212 0)
(0.251102 0.629538 0)
(0.229382 0.666057 0)
(0.203995 0.705319 0)
(0.170301 0.746342 0)
(0.120654 0.784394 0)
(0.0387382 0.805436 0)
(2 -7.35832e-19 0)
(2 -1.80498e-16 0)
(2 -2.63957e-16 0)
(2 -3.00639e-16 0)
(2 -4.15844e-16 0)
(2 -6.31492e-16 0)
(2 -8.39792e-16 0)
(2 -8.98551e-16 0)
(2 -1.28249e-15 0)
(2 -1.3404e-15 0)
(2 -1.13161e-15 0)
(2 -1.09867e-15 0)
(2 -7.88699e-16 0)
(2 -3.8104e-16 0)
(2 -1.35173e-16 0)
(2 -5.11416e-16 0)
(2 -5.82048e-16 0)
(2 -7.57741e-16 0)
(2 -1.03713e-15 0)
(2 -7.97778e-16 0)
(2 1.11075e-16 0)
(2 2.14608e-16 0)
(2 6.19196e-17 0)
(2 -8.16016e-17 0)
(2 -3.48969e-16 0)
(2 -2.75887e-16 0)
(2 -1.20681e-16 0)
(2 5.67696e-16 0)
(2 6.46709e-16 0)
(2 -3.87986e-16 0)
(2 -3.58612e-16 0)
(2 -4.13261e-16 0)
(2 -3.99024e-16 0)
(2 -3.54438e-16 0)
(2 -8.96824e-16 0)
(2 -1.38599e-15 0)
(2 -6.93791e-16 0)
(2 -6.88102e-16 0)
(1.97708 0.0402555 0)
(0.92051 0.248562 0)
(0.712878 0.204968 0)
(0.715249 0.203695 0)
(0.708636 0.205839 0)
(0.696571 0.211423 0)
(0.680893 0.219085 0)
(0.66682 0.225866 0)
(0.657871 0.231846 0)
(0.652785 0.234765 0)
(0.650071 0.234011 0)
(0.648769 0.231378 0)
(0.645671 0.227796 0)
(0.637514 0.226947 0)
(0.626073 0.228226 0)
(0.615315 0.231007 0)
(0.606336 0.237075 0)
(0.597824 0.246334 0)
(0.590043 0.256705 0)
(0.584732 0.265301 0)
(0.57949 0.267824 0)
(0.57361 0.267562 0)
(0.565005 0.267767 0)
(0.552805 0.26952 0)
(0.541913 0.272825 0)
(0.532882 0.278579 0)
(0.527797 0.287973 0)
(0.522881 0.29795 0)
(0.518871 0.303284 0)
(0.515546 0.307283 0)
(0.508866 0.309967 0)
(0.500167 0.31562 0)
(0.488398 0.323322 0)
(0.477842 0.333574 0)
(0.469066 0.344623 0)
(0.462305 0.35549 0)
(0.455824 0.365508 0)
(0.449804 0.376391 0)
(0.441795 0.386413 0)
(0.435901 0.397557 0)
(0.429333 0.407633 0)
(0.422724 0.419251 0)
(0.413965 0.432633 0)
(0.403497 0.448464 0)
(0.390724 0.466061 0)
(0.377587 0.484926 0)
(0.364931 0.503555 0)
(0.355483 0.52299 0)
(0.347215 0.544144 0)
(0.336927 0.567817 0)
(0.323814 0.594893 0)
(0.308058 0.626256 0)
(0.289509 0.662815 0)
(0.272229 0.708102 0)
(0.250872 0.761891 0)
(0.220706 0.827142 0)
(0.169845 0.902725 0)
(0.0887935 0.966887 0)
(2 4.27177e-18 0)
(2 3.70384e-17 0)
(2 1.69834e-16 0)
(2 1.27927e-16 0)
(2 4.48315e-17 0)
(2 -5.57541e-17 0)
(2 -2.77724e-16 0)
(2 -4.42744e-16 0)
(2 -4.8231e-16 0)
(2 -5.98322e-16 0)
(2 -6.98805e-16 0)
(2 -6.65741e-16 0)
(2 -5.92485e-16 0)
(2 -4.1236e-16 0)
(2 -2.66101e-16 0)
(2 -2.9288e-16 0)
(2 -2.69689e-16 0)
(2 -2.54794e-16 0)
(2 -3.12659e-16 0)
(2 -3.75922e-16 0)
(2 1.97967e-16 0)
(2 9.51492e-16 0)
(2 1.00578e-15 0)
(2 9.56668e-16 0)
(2 7.03523e-16 0)
(2 5.12713e-16 0)
(2 3.80389e-16 0)
(2 4.3857e-16 0)
(2 6.71733e-16 0)
(2 3.19734e-16 0)
(2 -7.92295e-17 0)
(2 2.63518e-17 0)
(2 -9.20178e-17 0)
(2 -7.16817e-17 0)
(2 -9.88073e-17 0)
(2 -1.51533e-16 0)
(2 -6.0107e-17 0)
(2 -3.90973e-16 0)
(1.9996 0.00159644 0)
(1.34038 0.206216 0)
(0.744569 0.227107 0)
(0.708438 0.217983 0)
(0.707549 0.221416 0)
(0.702244 0.226389 0)
(0.692846 0.23274 0)
(0.683216 0.238159 0)
(0.677766 0.242176 0)
(0.675401 0.244179 0)
(0.673349 0.243733 0)
(0.671702 0.241808 0)
(0.667703 0.239931 0)
(0.659655 0.240187 0)
(0.646187 0.243828 0)
(0.631242 0.250362 0)
(0.618832 0.25932 0)
(0.613164 0.270075 0)
(0.608637 0.27796 0)
(0.606314 0.279684 0)
(0.603696 0.278969 0)
(0.598439 0.278394 0)
(0.590513 0.27943 0)
(0.577985 0.283876 0)
(0.565219 0.290923 0)
(0.555384 0.300952 0)
(0.548074 0.311896 0)
(0.541999 0.321237 0)
(0.537887 0.324707 0)
(0.534911 0.326898 0)
(0.53041 0.330613 0)
(0.525363 0.337111 0)
(0.517628 0.346478 0)
(0.50918 0.358127 0)
(0.500137 0.3695 0)
(0.493544 0.381027 0)
(0.486086 0.390535 0)
(0.480259 0.401117 0)
(0.472863 0.411482 0)
(0.465937 0.423729 0)
(0.459374 0.436055 0)
(0.455703 0.449222 0)
(0.453179 0.463488 0)
(0.448744 0.479745 0)
(0.440215 0.498012 0)
(0.429955 0.518846 0)
(0.419662 0.541096 0)
(0.412868 0.564729 0)
(0.408789 0.589918 0)
(0.406228 0.618024 0)
(0.402586 0.649502 0)
(0.401576 0.686336 0)
(0.401322 0.729654 0)
(0.407596 0.784304 0)
(0.416466 0.854819 0)
(0.44506 0.937092 0)
(0.517529 1.03315 0)
(0.715137 1.16337 0)
(2 4.38319e-17 0)
(2 5.06903e-17 0)
(2 4.49864e-17 0)
(2 1.31785e-16 0)
(2 1.4913e-16 0)
(2 1.09315e-16 0)
(2 1.15125e-16 0)
(2 3.5963e-16 0)
(2 4.13762e-16 0)
(2 3.74391e-16 0)
(2 1.21202e-16 0)
(2 -3.1243e-17 0)
(2 -7.13847e-17 0)
(2 -1.34861e-16 0)
(2 -7.80313e-17 0)
(2 -8.28543e-17 0)
(2 9.98323e-17 0)
(2 1.48753e-16 0)
(2 2.8792e-16 0)
(2 -1.1364e-16 0)
(2 -3.6699e-16 0)
(2 4.96187e-16 0)
(2 8.27136e-16 0)
(2 1.09739e-15 0)
(2 6.88115e-16 0)
(2 4.10019e-17 0)
(2 -1.47551e-16 0)
(2 -6.55887e-16 0)
(2 -7.39435e-16 0)
(2 -4.8266e-16 0)
(2 -4.94635e-16 0)
(2 -5.4957e-16 0)
(2 -5.29113e-16 0)
(2 -3.75901e-16 0)
(2 -2.4245e-16 0)
(2 -2.37437e-16 0)
(2 1.01168e-16 0)
(2 -7.59732e-17 0)
(2 2.49085e-06 0)
(1.98771 0.0176671 0)
(1.07749 0.236954 0)
(0.738036 0.238789 0)
(0.718963 0.23963 0)
(0.71436 0.240904 0)
(0.709435 0.243693 0)
(0.703907 0.24793 0)
(0.698251 0.253784 0)
(0.695968 0.260193 0)
(0.693298 0.265271 0)
(0.689622 0.267454 0)
(0.684545 0.268648 0)
(0.675723 0.26962 0)
(0.666512 0.273649 0)
(0.654669 0.279992 0)
(0.645214 0.28803 0)
(0.640676 0.296178 0)
(0.638327 0.300846 0)
(0.635756 0.302593 0)
(0.634082 0.302043 0)
(0.630007 0.302538 0)
(0.622856 0.305882 0)
(0.614672 0.312799 0)
(0.603297 0.323064 0)
(0.592018 0.335495 0)
(0.583039 0.34596 0)
(0.576494 0.352147 0)
(0.573143 0.356335 0)
(0.570571 0.358221 0)
(0.570931 0.362874 0)
(0.569737 0.370204 0)
(0.565358 0.380085 0)
(0.559666 0.391869 0)
(0.551726 0.403306 0)
(0.544669 0.414497 0)
(0.537623 0.424557 0)
(0.532261 0.434852 0)
(0.52752 0.445903 0)
(0.522992 0.458493 0)
(0.519664 0.472361 0)
(0.518783 0.48705 0)
(0.52035 0.50234 0)
(0.5232 0.518788 0)
(0.52368 0.537022 0)
(0.521815 0.557864 0)
(0.518443 0.581028 0)
(0.517688 0.606318 0)
(0.520546 0.633232 0)
(0.529167 0.662324 0)
(0.541337 0.694715 0)
(0.559412 0.730704 0)
(0.582325 0.770618 0)
(0.613765 0.815736 0)
(0.659649 0.87047 0)
(0.73541 0.926365 0)
(0.84792 0.980111 0)
(1.02139 1.01734 0)
(2 1.40733e-17 0)
(2 -6.44868e-17 0)
(2 -1.57182e-16 0)
(2 -1.22664e-16 0)
(2 7.04883e-17 0)
(2 5.30981e-17 0)
(2 7.0224e-17 0)
(2 3.42761e-16 0)
(2 4.39408e-16 0)
(2 4.91367e-16 0)
(2 4.13513e-16 0)
(2 3.74187e-16 0)
(2 3.26546e-16 0)
(2 2.80646e-16 0)
(2 4.60508e-16 0)
(2 5.95423e-16 0)
(2 7.10713e-16 0)
(2 6.31352e-16 0)
(2 5.51099e-16 0)
(2 7.00356e-16 0)
(2 6.08173e-16 0)
(2 2.73329e-16 0)
(2 1.20351e-16 0)
(2 -5.34212e-17 0)
(2 3.05681e-17 0)
(2 -4.02997e-18 0)
(2 -6.78385e-17 0)
(2 -3.16323e-16 0)
(2 -3.72531e-16 0)
(2 -5.55567e-16 0)
(2 -7.13616e-16 0)
(2 -1.01571e-15 0)
(2 -9.12931e-16 0)
(2 -7.75797e-16 0)
(2 -1.87716e-16 0)
(2 4.65551e-17 0)
(2 1.76547e-16 0)
(2 -1.78757e-16 0)
(2 1.04348e-10 0)
(2.0001 0.000158556 0)
(1.92009 0.056071 0)
(0.954176 0.258112 0)
(0.743882 0.268511 0)
(0.731583 0.268003 0)
(0.72376 0.266397 0)
(0.715196 0.26833 0)
(0.708866 0.27202 0)
(0.703568 0.277235 0)
(0.700136 0.283646 0)
(0.694766 0.288246 0)
(0.690921 0.292396 0)
(0.686576 0.294883 0)
(0.683317 0.29803 0)
(0.679576 0.302081 0)
(0.674188 0.307489 0)
(0.66824 0.313793 0)
(0.663188 0.3191 0)
(0.6587 0.323047 0)
(0.654954 0.326648 0)
(0.651801 0.329128 0)
(0.649259 0.334345 0)
(0.645269 0.34159 0)
(0.638554 0.350638 0)
(0.630703 0.360605 0)
(0.622846 0.369466 0)
(0.616026 0.375268 0)
(0.613935 0.381242 0)
(0.60993 0.385757 0)
(0.609309 0.392388 0)
(0.608379 0.400551 0)
(0.606725 0.410139 0)
(0.60425 0.420501 0)
(0.602158 0.430585 0)
(0.599322 0.440248 0)
(0.59563 0.450055 0)
(0.591519 0.46034 0)
(0.587681 0.472193 0)
(0.584575 0.485625 0)
(0.583853 0.50009 0)
(0.585354 0.515111 0)
(0.589265 0.530444 0)
(0.596284 0.545923 0)
(0.60409 0.562344 0)
(0.610341 0.580527 0)
(0.614466 0.600632 0)
(0.620392 0.622619 0)
(0.629883 0.646227 0)
(0.645868 0.671167 0)
(0.667491 0.697994 0)
(0.694846 0.72668 0)
(0.727943 0.758532 0)
(0.769177 0.786298 0)
(0.824522 0.820935 0)
(0.895554 0.849769 0)
(0.979785 0.871789 0)
(1.10642 0.88724 0)
(2 -1.05212e-16 0)
(2 -1.47212e-16 0)
(2 -9.80014e-17 0)
(2 -1.76983e-17 0)
(2 -1.29082e-16 0)
(2 -3.10846e-17 0)
(2 7.06721e-17 0)
(2 6.47445e-17 0)
(2 1.1863e-16 0)
(2 6.72896e-18 0)
(2 7.76165e-16 0)
(2 8.75251e-16 0)
(2 6.0508e-16 0)
(2 6.18322e-16 0)
(2 5.89847e-16 0)
(2 7.61669e-16 0)
(2 8.11963e-16 0)
(2 9.83713e-16 0)
(2 1.18853e-15 0)
(2 1.14287e-15 0)
(2 1.14476e-15 0)
(2 4.83348e-16 0)
(2 1.02368e-16 0)
(2 -1.30423e-16 0)
(2 -1.32338e-16 0)
(2 -8.74684e-17 0)
(2 -2.41487e-16 0)
(2 -4.18485e-16 0)
(2 -4.72173e-16 0)
(2 -1.02517e-15 0)
(2 -9.14746e-16 0)
(2 -6.56561e-16 0)
(2 -5.53378e-16 0)
(2 -3.68742e-16 0)
(2 -7.90033e-17 0)
(2 1.95606e-17 0)
(2 -2.69235e-16 0)
(2 -3.03911e-16 0)
(2 3.12014e-15 0)
(2 2.88151e-08 0)
(2.00052 0.00123846 0)
(1.81832 0.103893 0)
(0.909297 0.271335 0)
(0.750397 0.289466 0)
(0.742553 0.298477 0)
(0.738338 0.29723 0)
(0.732793 0.296163 0)
(0.72611 0.295796 0)
(0.719214 0.298076 0)
(0.711367 0.300939 0)
(0.705412 0.305267 0)
(0.703184 0.310516 0)
(0.703262 0.316742 0)
(0.702989 0.323288 0)
(0.699764 0.32857 0)
(0.694476 0.333592 0)
(0.687548 0.33868 0)
(0.680506 0.343117 0)
(0.676074 0.348147 0)
(0.672554 0.352955 0)
(0.672094 0.358273 0)
(0.671942 0.364558 0)
(0.669225 0.371325 0)
(0.665176 0.378879 0)
(0.66257 0.38603 0)
(0.65826 0.392746 0)
(0.655304 0.400076 0)
(0.650978 0.407629 0)
(0.647002 0.415762 0)
(0.64397 0.425255 0)
(0.642287 0.43517 0)
(0.643652 0.444486 0)
(0.647249 0.452608 0)
(0.651225 0.460773 0)
(0.653034 0.469509 0)
(0.652228 0.479135 0)
(0.649412 0.490665 0)
(0.646616 0.504324 0)
(0.646384 0.518974 0)
(0.649383 0.533684 0)
(0.655815 0.547885 0)
(0.665977 0.561566 0)
(0.678496 0.575518 0)
(0.689824 0.590604 0)
(0.698686 0.606958 0)
(0.709396 0.624812 0)
(0.723342 0.643526 0)
(0.74271 0.662552 0)
(0.76695 0.684192 0)
(0.797675 0.702373 0)
(0.833545 0.72389 0)
(0.874301 0.741624 0)
(0.922286 0.760296 0)
(0.975278 0.775193 0)
(1.04174 0.789558 0)
(1.12379 0.795383 0)
(2 3.88805e-17 0)
(2 5.45115e-17 0)
(2 8.10533e-18 0)
(2 1.73543e-16 0)
(2 1.09967e-16 0)
(2 1.56769e-17 0)
(2 2.67835e-16 0)
(2 4.38804e-16 0)
(2 2.27256e-16 0)
(2 1.61303e-16 0)
(2 1.75161e-16 0)
(2 1.76139e-16 0)
(2 3.10837e-16 0)
(2 5.35254e-16 0)
(2 8.05712e-17 0)
(2 -2.2483e-16 0)
(2 -3.15871e-16 0)
(2 -4.04519e-16 0)
(2 -2.08113e-16 0)
(2 -2.7344e-16 0)
(2 -5.90561e-16 0)
(2 -6.36271e-16 0)
(2 -8.44655e-16 0)
(2 -7.12714e-16 0)
(2 -7.2595e-16 0)
(2 -7.05953e-16 0)
(2 -6.63368e-16 0)
(2 -6.02105e-16 0)
(2 -6.72514e-16 0)
(2 -3.79635e-16 0)
(2 -4.06185e-16 0)
(2 -1.94227e-16 0)
(2 -9.24535e-17 0)
(2 -1.45286e-16 0)
(2 -2.32253e-16 0)
(2 -2.14662e-16 0)
(2 -2.41289e-16 0)
(2 -2.72006e-16 0)
(2 -6.84007e-16 0)
(2 9.01741e-13 0)
(2 5.74942e-07 0)
(2.00042 0.00433244 0)
(1.78303 0.124508 0)
(0.907314 0.280492 0)
(0.76232 0.311383 0)
(0.757253 0.325111 0)
(0.757249 0.324608 0)
(0.753033 0.322043 0)
(0.746373 0.318493 0)
(0.736897 0.318402 0)
(0.728412 0.321308 0)
(0.724713 0.326044 0)
(0.724129 0.333348 0)
(0.72419 0.342826 0)
(0.723109 0.350798 0)
(0.719218 0.355129 0)
(0.714176 0.357264 0)
(0.708599 0.359984 0)
(0.703557 0.363592 0)
(0.700597 0.368712 0)
(0.697928 0.374826 0)
(0.697129 0.381896 0)
(0.695679 0.389353 0)
(0.693967 0.397192 0)
(0.694235 0.403904 0)
(0.694394 0.409802 0)
(0.69321 0.416045 0)
(0.690301 0.423106 0)
(0.686009 0.431046 0)
(0.681776 0.440669 0)
(0.680217 0.451217 0)
(0.682312 0.461468 0)
(0.6879 0.470014 0)
(0.695146 0.477534 0)
(0.701138 0.485373 0)
(0.703967 0.493831 0)
(0.704192 0.503987 0)
(0.703598 0.516214 0)
(0.704932 0.529505 0)
(0.70935 0.542978 0)
(0.717372 0.555755 0)
(0.729272 0.567509 0)
(0.744324 0.578917 0)
(0.759156 0.591086 0)
(0.770816 0.604152 0)
(0.782965 0.618709 0)
(0.798066 0.634171 0)
(0.817294 0.647753 0)
(0.840547 0.664581 0)
(0.869548 0.676437 0)
(0.90348 0.690114 0)
(0.94233 0.700487 0)
(0.981911 0.709848 0)
(1.02567 0.719973 0)
(1.07569 0.727741 0)
(1.1241 0.728462 0)
(2 3.76317e-17 0)
(2 7.04675e-17 0)
(2 -1.97606e-18 0)
(2 -5.23861e-17 0)
(2 7.04724e-17 0)
(2 -5.35715e-17 0)
(2 -2.37638e-16 0)
(2 -2.59844e-16 0)
(2 -1.84557e-16 0)
(2 -4.54883e-17 0)
(2 2.30058e-16 0)
(2 4.60294e-16 0)
(2 5.93331e-16 0)
(2 3.15058e-16 0)
(2 -4.43043e-17 0)
(2 -1.78064e-16 0)
(2 -3.57984e-16 0)
(2 -9.6867e-16 0)
(2 -1.23252e-15 0)
(2 -1.16251e-15 0)
(2 -1.22171e-15 0)
(2 -1.16165e-15 0)
(2 -1.06288e-15 0)
(2 -1.05275e-15 0)
(2 -9.92142e-16 0)
(2 -5.72666e-16 0)
(2 -3.62257e-16 0)
(2 -1.68448e-16 0)
(2 -1.28388e-16 0)
(2 1.04488e-16 0)
(2 1.74443e-16 0)
(2 5.47961e-17 0)
(2 5.03002e-18 0)
(2 -4.02177e-17 0)
(2 -1.16019e-16 0)
(2 -2.96487e-16 0)
(2 -1.87809e-16 0)
(2 -1.58932e-16 0)
(2 -2.01835e-16 0)
(2 -3.98034e-16 0)
(2 1.76642e-11 0)
(2 4.47558e-06 0)
(1.99988 0.00600205 0)
(1.81707 0.113507 0)
(0.940509 0.288257 0)
(0.785488 0.332049 0)
(0.77533 0.347515 0)
(0.776504 0.346814 0)
(0.771999 0.3448 0)
(0.765443 0.341083 0)
(0.757181 0.341099 0)
(0.751128 0.344021 0)
(0.748109 0.348979 0)
(0.746133 0.357527 0)
(0.745106 0.368375 0)
(0.743503 0.375681 0)
(0.740832 0.377935 0)
(0.737789 0.378219 0)
(0.734801 0.3797 0)
(0.731957 0.382877 0)
(0.72947 0.387899 0)
(0.72634 0.394639 0)
(0.724139 0.402927 0)
(0.722378 0.412048 0)
(0.722843 0.420121 0)
(0.724703 0.425865 0)
(0.72576 0.430455 0)
(0.725578 0.435459 0)
(0.723698 0.441669 0)
(0.721461 0.449676 0)
(0.721191 0.459201 0)
(0.72318 0.469578 0)
(0.727899 0.479475 0)
(0.734504 0.487936 0)
(0.741004 0.495499 0)
(0.745574 0.503039 0)
(0.748635 0.511755 0)
(0.751468 0.522123 0)
(0.75597 0.533344 0)
(0.762597 0.544937 0)
(0.771732 0.556233 0)
(0.783845 0.566557 0)
(0.799196 0.576062 0)
(0.81606 0.585582 0)
(0.83045 0.595964 0)
(0.84298 0.607566 0)
(0.857973 0.620731 0)
(0.875745 0.632033 0)
(0.896346 0.644623 0)
(0.921349 0.654187 0)
(0.950878 0.66362 0)
(0.985512 0.669513 0)
(1.02184 0.673936 0)
(1.05892 0.678766 0)
(1.09412 0.681861 0)
(1.12686 0.681763 0)
(2 -2.28969e-17 0)
(2 -6.86821e-17 0)
(2 -7.23122e-17 0)
(2 -2.67874e-16 0)
(2 -2.56181e-16 0)
(2 -4.38039e-17 0)
(2 -2.18871e-16 0)
(2 -4.35912e-16 0)
(2 -4.47216e-17 0)
(2 2.99007e-16 0)
(2 4.13637e-16 0)
(2 4.74851e-16 0)
(2 3.65433e-16 0)
(2 4.96242e-16 0)
(2 1.79675e-17 0)
(2 -1.17413e-16 0)
(2 -7.82778e-16 0)
(2 -8.17515e-16 0)
(2 -8.86895e-16 0)
(2 -3.96269e-16 0)
(2 -2.9605e-16 0)
(2 -4.54376e-16 0)
(2 -2.77751e-16 0)
(2 -1.02299e-16 0)
(2 1.30952e-16 0)
(2 1.66008e-16 0)
(2 1.42421e-16 0)
(2 4.31478e-16 0)
(2 5.19508e-16 0)
(2 5.46146e-16 0)
(2 3.31728e-16 0)
(2 4.68757e-17 0)
(2 -1.47397e-16 0)
(2 -2.25729e-16 0)
(2 -2.11143e-16 0)
(2 -1.26631e-16 0)
(2 -2.05091e-16 0)
(2 -1.60329e-16 0)
(2 -6.66176e-17 0)
(2 -1.57368e-16 0)
(2 1.56631e-16 0)
(2 2.96412e-10 0)
(2 7.50251e-06 0)
(2.00019 0.00462707 0)
(1.88199 0.0819217 0)
(1.03423 0.294488 0)
(0.812067 0.353087 0)
(0.79378 0.367604 0)
(0.793747 0.366562 0)
(0.788505 0.364305 0)
(0.783397 0.361374 0)
(0.778151 0.361858 0)
(0.775666 0.363726 0)
(0.773255 0.368739 0)
(0.770914 0.378504 0)
(0.76924 0.389926 0)
(0.767546 0.39591 0)
(0.765773 0.397262 0)
(0.764369 0.397277 0)
(0.762667 0.398719 0)
(0.761017 0.401789 0)
(0.75844 0.406826 0)
(0.755757 0.414276 0)
(0.75366 0.423466 0)
(0.753251 0.432875 0)
(0.754766 0.440144 0)
(0.756204 0.444054 0)
(0.757486 0.447294 0)
(0.758504 0.451545 0)
(0.759557 0.45736 0)
(0.76118 0.465012 0)
(0.763659 0.47426 0)
(0.767216 0.484247 0)
(0.771848 0.493765 0)
(0.777366 0.501917 0)
(0.782712 0.50902 0)
(0.787574 0.516197 0)
(0.792798 0.524464 0)
(0.799414 0.533486 0)
(0.807636 0.543054 0)
(0.817523 0.55299 0)
(0.829342 0.562533 0)
(0.843504 0.571114 0)
(0.86 0.578889 0)
(0.876779 0.586436 0)
(0.890805 0.595068 0)
(0.905326 0.605161 0)
(0.921771 0.614741 0)
(0.940007 0.624794 0)
(0.961038 0.633098 0)
(0.985396 0.640089 0)
(1.01386 0.644318 0)
(1.04551 0.646296 0)
(1.07669 0.647156 0)
(1.10411 0.648034 0)
(1.13003 0.648058 0)
(2 2.69825e-17 0)
(2 1.28325e-16 0)
(2 1.42624e-16 0)
(2 1.42178e-16 0)
(2 7.98417e-17 0)
(2 2.17328e-16 0)
(2 2.68346e-16 0)
(2 2.84075e-16 0)
(2 3.46935e-16 0)
(2 2.02541e-16 0)
(2 -1.81107e-16 0)
(2 -4.95416e-16 0)
(2 -5.32359e-16 0)
(2 -2.90043e-17 0)
(2 1.14758e-16 0)
(2 5.63258e-16 0)
(2 1.04151e-15 0)
(2 9.84958e-16 0)
(2 7.24315e-16 0)
(2 6.23948e-16 0)
(2 5.5121e-16 0)
(2 3.9088e-16 0)
(2 3.52276e-16 0)
(2 4.62797e-16 0)
(2 4.48802e-16 0)
(2 -2.08323e-16 0)
(2 -3.47725e-16 0)
(2 -3.24371e-16 0)
(2 -1.65301e-16 0)
(2 -1.34692e-16 0)
(2 -2.45903e-17 0)
(2 -5.26197e-17 0)
(2 -9.85543e-17 0)
(2 -9.77618e-17 0)
(2 -8.06531e-17 0)
(2 -6.74612e-18 0)
(2 -2.46102e-18 0)
(2 -1.43766e-18 0)
(2 5.71951e-18 0)
(2 -1.21278e-16 0)
(2 -4.43438e-16 0)
(2 6.45292e-15 0)
(2 6.38953e-10 0)
(2 4.89474e-06 0)
(2.00009 0.00216497 0)
(1.89834 0.0612843 0)
(1.21416 0.291335 0)
(0.851046 0.368347 0)
(0.809499 0.381238 0)
(0.806359 0.380336 0)
(0.806243 0.37816 0)
(0.804384 0.37707 0)
(0.803445 0.376514 0)
(0.802518 0.378435 0)
(0.799788 0.385205 0)
(0.79615 0.396806 0)
(0.793662 0.407702 0)
(0.791354 0.41309 0)
(0.79012 0.415383 0)
(0.79007 0.417106 0)
(0.790041 0.418882 0)
(0.789433 0.421798 0)
(0.788194 0.426278 0)
(0.786752 0.432078 0)
(0.78612 0.438834 0)
(0.7866 0.446131 0)
(0.787834 0.452809 0)
(0.789768 0.458241 0)
(0.792152 0.463103 0)
(0.794636 0.468304 0)
(0.797093 0.47442 0)
(0.799876 0.48139 0)
(0.803321 0.48891 0)
(0.807349 0.496942 0)
(0.812403 0.504848 0)
(0.818944 0.511843 0)
(0.826136 0.518316 0)
(0.832627 0.524876 0)
(0.839134 0.532179 0)
(0.846804 0.540045 0)
(0.855953 0.54822 0)
(0.866781 0.556606 0)
(0.879473 0.564946 0)
(0.894521 0.572403 0)
(0.911587 0.578738 0)
(0.928026 0.584584 0)
(0.942555 0.591397 0)
(0.957353 0.598594 0)
(0.973594 0.605791 0)
(0.991708 0.612299 0)
(1.01178 0.617674 0)
(1.03445 0.621614 0)
(1.06033 0.623937 0)
(1.08719 0.624259 0)
(1.1112 0.624643 0)
(1.13374 0.625012 0)
(2 2.18138e-17 0)
(2 6.5511e-18 0)
(2 4.21768e-17 0)
(2 5.76081e-17 0)
(2 7.15657e-17 0)
(2 -3.58323e-17 0)
(2 -1.7164e-19 0)
(2 -3.53936e-17 0)
(2 -3.09639e-16 0)
(2 -5.2801e-16 0)
(2 -6.92336e-16 0)
(2 -5.03915e-16 0)
(2 -3.23189e-16 0)
(2 2.98236e-18 0)
(2 1.90918e-16 0)
(2 2.216e-16 0)
(2 7.31254e-16 0)
(2 1.17236e-15 0)
(2 1.1084e-15 0)
(2 9.0262e-16 0)
(2 4.22025e-16 0)
(2 1.23659e-16 0)
(2 -2.15113e-16 0)
(2 -4.66742e-16 0)
(2 -6.3275e-16 0)
(2 -7.67807e-16 0)
(2 -8.24947e-16 0)
(2 -8.68445e-16 0)
(2 -8.25398e-16 0)
(2 -6.91233e-16 0)
(2 -5.11986e-16 0)
(2 -2.19991e-16 0)
(2 8.14505e-17 0)
(2 1.97122e-16 0)
(2 4.75069e-16 0)
(2 4.80862e-16 0)
(2 4.91769e-16 0)
(2 4.57596e-16 0)
(2 3.85881e-16 0)
(2 3.1148e-16 0)
(2 2.59318e-16 0)
(2 3.35156e-16 0)
(2 1.6616e-14 0)
(2 3.36586e-10 0)
(2 1.88547e-06 0)
(1.9997 0.00105549 0)
(1.93595 0.0430465 0)
(1.48862 0.259554 0)
(0.903365 0.361708 0)
(0.83132 0.390301 0)
(0.82759 0.389916 0)
(0.829552 0.388301 0)
(0.829406 0.38865 0)
(0.830109 0.392291 0)
(0.827059 0.399575 0)
(0.820682 0.410328 0)
(0.814592 0.422116 0)
(0.812399 0.429271 0)
(0.813842 0.43204 0)
(0.816875 0.432937 0)
(0.819485 0.433378 0)
(0.821164 0.434105 0)
(0.821875 0.435477 0)
(0.820343 0.438626 0)
(0.818609 0.444187 0)
(0.817414 0.452054 0)
(0.817969 0.461724 0)
(0.821172 0.470518 0)
(0.824981 0.476833 0)
(0.827931 0.481144 0)
(0.830743 0.485108 0)
(0.833039 0.489352 0)
(0.836282 0.493924 0)
(0.840896 0.499035 0)
(0.846536 0.505478 0)
(0.853929 0.512335 0)
(0.862776 0.519186 0)
(0.870548 0.525911 0)
(0.876738 0.532293 0)
(0.88259 0.539115 0)
(0.889885 0.545789 0)
(0.899143 0.551845 0)
(0.910207 0.558542 0)
(0.923857 0.564936 0)
(0.940303 0.570624 0)
(0.957481 0.575507 0)
(0.971872 0.580352 0)
(0.985277 0.585536 0)
(0.999352 0.589971 0)
(1.01465 0.593963 0)
(1.03152 0.597765 0)
(1.05058 0.601318 0)
(1.07223 0.603898 0)
(1.09514 0.604929 0)
(1.11616 0.60569 0)
(1.1361 0.606228 0)
(2 -8.81615e-17 0)
(2 -2.92371e-17 0)
(2 6.11562e-18 0)
(2 -5.07214e-18 0)
(2 -3.46015e-17 0)
(2 -2.81578e-16 0)
(2 -3.30984e-16 0)
(2 -3.11593e-16 0)
(2 -2.3724e-16 0)
(2 -2.06087e-16 0)
(2 -1.92608e-16 0)
(2 -1.23006e-16 0)
(2 3.83569e-17 0)
(2 -5.92048e-17 0)
(2 -8.39393e-17 0)
(2 -1.60615e-16 0)
(2 -2.96566e-16 0)
(2 -2.09387e-16 0)
(2 -9.1411e-18 0)
(2 -2.44648e-17 0)
(2 -2.43407e-16 0)
(2 -3.30226e-16 0)
(2 -3.23191e-16 0)
(2 -7.6637e-17 0)
(2 1.40334e-19 0)
(2 7.0347e-17 0)
(2 9.9008e-17 0)
(2 7.72693e-17 0)
(2 -2.82935e-17 0)
(2 1.45229e-17 0)
(2 2.92034e-17 0)
(2 1.53229e-16 0)
(2 3.24796e-16 0)
(2 4.87245e-16 0)
(2 6.49534e-16 0)
(2 7.24045e-16 0)
(2 6.85304e-16 0)
(2 6.7463e-16 0)
(2 7.00828e-16 0)
(2 8.52047e-16 0)
(2 9.86777e-16 0)
(2 1.05056e-15 0)
(2 8.85478e-16 0)
(2 9.34894e-15 0)
(2 1.13397e-10 0)
(2 8.06729e-07 0)
(1.99979 0.000380484 0)
(1.97783 0.0254547 0)
(1.7814 0.150253 0)
(1.04723 0.340574 0)
(0.858476 0.403026 0)
(0.846295 0.406123 0)
(0.851873 0.409429 0)
(0.851903 0.412615 0)
(0.849151 0.418615 0)
(0.842912 0.425305 0)
(0.83623 0.431898 0)
(0.835402 0.435694 0)
(0.837482 0.437611 0)
(0.842264 0.439299 0)
(0.847606 0.440724 0)
(0.850084 0.442061 0)
(0.851247 0.444313 0)
(0.849637 0.448642 0)
(0.84558 0.455595 0)
(0.843002 0.464293 0)
(0.844851 0.473147 0)
(0.850264 0.48083 0)
(0.856535 0.485822 0)
(0.860575 0.489043 0)
(0.863967 0.492018 0)
(0.865963 0.494808 0)
(0.867938 0.497913 0)
(0.872357 0.50123 0)
(0.877868 0.506136 0)
(0.885319 0.513034 0)
(0.895027 0.521101 0)
(0.903417 0.528248 0)
(0.909536 0.533702 0)
(0.914905 0.538903 0)
(0.920517 0.543517 0)
(0.928731 0.547946 0)
(0.938607 0.552401 0)
(0.950996 0.556975 0)
(0.966499 0.561765 0)
(0.982838 0.566039 0)
(0.996046 0.570239 0)
(1.00812 0.574621 0)
(1.0203 0.577974 0)
(1.03317 0.580709 0)
(1.04785 0.583469 0)
(1.06479 0.586156 0)
(1.08407 0.588095 0)
(1.10379 0.58927 0)
(1.12213 0.590597 0)
(1.13975 0.591238 0)
(2 -2.9899e-17 0)
(2 2.21289e-17 0)
(2 2.50223e-17 0)
(2 5.37042e-17 0)
(2 -2.82882e-17 0)
(2 -2.12006e-17 0)
(2 -8.07799e-18 0)
(2 -4.83166e-17 0)
(2 -2.8859e-16 0)
(2 -3.01657e-16 0)
(2 -6.59005e-17 0)
(2 -2.19829e-17 0)
(2 -1.49482e-16 0)
(2 -1.51191e-16 0)
(2 -8.2576e-17 0)
(2 -2.79833e-16 0)
(2 -3.18411e-16 0)
(2 -3.12558e-16 0)
(2 -4.18604e-16 0)
(2 -6.6774e-16 0)
(2 -5.39384e-16 0)
(2 -2.19155e-16 0)
(2 -1.65617e-17 0)
(2 2.73705e-16 0)
(2 5.04688e-16 0)
(2 9.02174e-16 0)
(2 1.11373e-15 0)
(2 1.0921e-15 0)
(2 1.09206e-15 0)
(2 1.02293e-15 0)
(2 8.58007e-16 0)
(2 6.78113e-16 0)
(2 6.41396e-16 0)
(2 6.61997e-16 0)
(2 6.01204e-16 0)
(2 6.6503e-16 0)
(2 6.7137e-16 0)
(2 6.81751e-16 0)
(2 7.69036e-16 0)
(2 1.08351e-15 0)
(2 1.38721e-15 0)
(2 1.47484e-15 0)
(2 1.2228e-15 0)
(2 1.13209e-15 0)
(2 4.9323e-15 0)
(2 3.79609e-11 0)
(2 2.0264e-07 0)
(1.99994 0.000118604 0)
(1.99854 0.00543205 0)
(1.86049 0.0832507 0)
(1.36051 0.31204 0)
(0.904995 0.398532 0)
(0.874905 0.41967 0)
(0.871473 0.429083 0)
(0.874259 0.429876 0)
(0.870809 0.432594 0)
(0.863426 0.437273 0)
(0.860627 0.440781 0)
(0.862115 0.443112 0)
(0.866469 0.446239 0)
(0.872523 0.449975 0)
(0.875117 0.453593 0)
(0.875669 0.457619 0)
(0.873692 0.462693 0)
(0.86894 0.468827 0)
(0.86753 0.475089 0)
(0.870915 0.480206 0)
(0.877863 0.485165 0)
(0.886016 0.488866 0)
(0.890924 0.491888 0)
(0.894636 0.494965 0)
(0.896233 0.497883 0)
(0.896469 0.501273 0)
(0.899739 0.505078 0)
(0.90484 0.509936 0)
(0.91241 0.516748 0)
(0.922844 0.524084 0)
(0.931625 0.529529 0)
(0.93801 0.533987 0)
(0.943357 0.538158 0)
(0.948003 0.541378 0)
(0.955378 0.544285 0)
(0.964925 0.547316 0)
(0.976845 0.550468 0)
(0.991685 0.554101 0)
(1.00625 0.557654 0)
(1.01751 0.561822 0)
(1.02789 0.565689 0)
(1.03794 0.568419 0)
(1.04887 0.570616 0)
(1.06193 0.572853 0)
(1.07738 0.574725 0)
(1.09543 0.575536 0)
(1.11327 0.575962 0)
(1.12928 0.577037 0)
(1.14431 0.577471 0)
(2 -2.59203e-17 0)
(2 -4.28536e-17 0)
(2 -1.55754e-17 0)
(2 -5.37814e-17 0)
(2 -1.03663e-16 0)
(2 2.22806e-17 0)
(2 1.78396e-16 0)
(2 -9.18592e-17 0)
(2 -2.71356e-16 0)
(2 -2.57227e-16 0)
(2 -1.46979e-16 0)
(2 -1.55552e-16 0)
(2 -2.12674e-16 0)
(2 -1.3298e-16 0)
(2 -1.99824e-16 0)
(2 -1.68078e-16 0)
(2 -4.15691e-17 0)
(2 -2.36476e-17 0)
(2 -1.51137e-16 0)
(2 -4.29793e-16 0)
(2 -5.72986e-16 0)
(2 -2.7609e-16 0)
(2 -4.00464e-18 0)
(2 -9.24495e-17 0)
(2 -4.23342e-17 0)
(2 3.48064e-16 0)
(2 4.93833e-16 0)
(2 7.92108e-16 0)
(2 8.17168e-16 0)
(2 7.65256e-16 0)
(2 6.52861e-16 0)
(2 3.8879e-16 0)
(2 2.1825e-16 0)
(2 1.07704e-16 0)
(2 1.68603e-16 0)
(2 3.57995e-16 0)
(2 5.79782e-16 0)
(2 7.58918e-16 0)
(2 7.97675e-16 0)
(2 8.88902e-16 0)
(2 9.44578e-16 0)
(2 1.02128e-15 0)
(2 1.05526e-15 0)
(2 1.18814e-15 0)
(2 1.04279e-15 0)
(2 2.27224e-15 0)
(2 7.1267e-12 0)
(2 3.60107e-08 0)
(2 9.53572e-06 0)
(1.99914 0.00141861 0)
(1.95242 0.0417784 0)
(1.74103 0.177652 0)
(1.08681 0.360338 0)
(0.92232 0.441842 0)
(0.896396 0.440296 0)
(0.894724 0.44251 0)
(0.889341 0.445882 0)
(0.884743 0.44966 0)
(0.885887 0.452488 0)
(0.889539 0.456383 0)
(0.896203 0.460785 0)
(0.899445 0.464531 0)
(0.900336 0.468064 0)
(0.898674 0.47201 0)
(0.893984 0.476576 0)
(0.892937 0.481063 0)
(0.896128 0.48438 0)
(0.902972 0.488146 0)
(0.911776 0.491205 0)
(0.917401 0.49399 0)
(0.921246 0.497173 0)
(0.92284 0.500506 0)
(0.921989 0.504441 0)
(0.92404 0.508777 0)
(0.928823 0.513053 0)
(0.936398 0.5187 0)
(0.947246 0.524093 0)
(0.956608 0.527929 0)
(0.963096 0.531764 0)
(0.968495 0.535293 0)
(0.972542 0.537895 0)
(0.97899 0.540098 0)
(0.98798 0.542639 0)
(0.999171 0.54524 0)
(1.01319 0.548153 0)
(1.0266 0.551162 0)
(1.03679 0.555079 0)
(1.04598 0.558752 0)
(1.05428 0.561396 0)
(1.06359 0.563639 0)
(1.07522 0.565722 0)
(1.08931 0.567243 0)
(1.10653 0.56751 0)
(1.12373 0.567191 0)
(1.13836 0.568002 0)
(1.1513 0.568513 0)
(2 3.79976e-17 0)
(2 2.89758e-17 0)
(2 -2.87685e-17 0)
(2 -6.33983e-17 0)
(2 -1.23549e-16 0)
(2 -8.08464e-17 0)
(2 -7.63258e-18 0)
(2 3.81208e-17 0)
(2 -1.49594e-18 0)
(2 -3.55048e-17 0)
(2 -1.54028e-16 0)
(2 -1.52881e-16 0)
(2 1.04379e-16 0)
(2 3.1559e-16 0)
(2 -1.73693e-16 0)
(2 -2.29655e-16 0)
(2 -3.93221e-16 0)
(2 -5.36535e-16 0)
(2 -5.37086e-16 0)
(2 -4.38823e-16 0)
(2 -2.57873e-16 0)
(2 5.34594e-17 0)
(2 2.36729e-17 0)
(2 -9.93531e-17 0)
(2 -3.36152e-16 0)
(2 -5.57775e-16 0)
(2 -3.85613e-16 0)
(2 -2.81938e-16 0)
(2 -1.31613e-16 0)
(2 7.44035e-17 0)
(2 1.37093e-16 0)
(2 -1.08125e-16 0)
(2 -2.16633e-16 0)
(2 -2.00634e-16 0)
(2 -3.02513e-16 0)
(2 9.27185e-18 0)
(2 2.78413e-16 0)
(2 3.67188e-16 0)
(2 3.19833e-16 0)
(2 1.84151e-16 0)
(2 -3.3597e-17 0)
(2 -3.86227e-16 0)
(2 -3.63572e-16 0)
(2 -3.72721e-16 0)
(2 -3.0429e-16 0)
(2 -4.12597e-16 0)
(2 -4.03609e-16 0)
(2 1.12375e-12 0)
(2 1.12383e-09 0)
(2 1.27679e-06 0)
(1.9998 0.000316999 0)
(1.99681 0.00720201 0)
(1.86309 0.0853993 0)
(1.50976 0.277492 0)
(1.00394 0.403072 0)
(0.938397 0.450414 0)
(0.911793 0.457973 0)
(0.907735 0.461093 0)
(0.909634 0.463206 0)
(0.911366 0.464579 0)
(0.917641 0.467691 0)
(0.922451 0.471353 0)
(0.924379 0.474785 0)
(0.924254 0.478828 0)
(0.920727 0.483408 0)
(0.918408 0.48785 0)
(0.920834 0.490541 0)
(0.926058 0.493125 0)
(0.933988 0.495343 0)
(0.940443 0.497514 0)
(0.944601 0.50035 0)
(0.947217 0.503712 0)
(0.94702 0.507799 0)
(0.94795 0.512554 0)
(0.952421 0.516454 0)
(0.959263 0.520718 0)
(0.969443 0.52445 0)
(0.97944 0.527033 0)
(0.986182 0.530028 0)
(0.991997 0.533065 0)
(0.996065 0.535513 0)
(1.00112 0.537797 0)
(1.00902 0.540579 0)
(1.01859 0.543347 0)
(1.03085 0.54602 0)
(1.04378 0.548413 0)
(1.05381 0.551441 0)
(1.06251 0.554697 0)
(1.07001 0.55699 0)
(1.07804 0.558748 0)
(1.08835 0.560502 0)
(1.10098 0.561734 0)
(1.11675 0.561627 0)
(1.13343 0.560475 0)
(1.14732 0.56059 0)
(1.15909 0.561164 0)
(2 9.95048e-17 0)
(2 -9.69996e-17 0)
(2 -6.31864e-17 0)
(2 7.04815e-17 0)
(2 2.13867e-16 0)
(2 3.01254e-16 0)
(2 2.95728e-16 0)
(2 3.91452e-16 0)
(2 9.68794e-17 0)
(2 -2.52045e-17 0)
(2 -6.00356e-17 0)
(2 -1.73684e-17 0)
(2 -2.63086e-17 0)
(2 3.50266e-17 0)
(2 -4.02759e-16 0)
(2 -5.17395e-16 0)
(2 -5.12901e-16 0)
(2 -4.25969e-16 0)
(2 -3.58426e-16 0)
(2 -2.69699e-16 0)
(2 1.30395e-16 0)
(2 7.60642e-17 0)
(2 3.31382e-17 0)
(2 3.08005e-16 0)
(2 6.63917e-17 0)
(2 -2.50599e-16 0)
(2 -4.99636e-16 0)
(2 -5.30997e-16 0)
(2 -3.92764e-16 0)
(2 -3.22426e-16 0)
(2 -1.48729e-16 0)
(2 -1.33221e-16 0)
(2 9.84473e-17 0)
(2 1.90032e-16 0)
(2 5.43315e-17 0)
(2 2.06265e-17 0)
(2 2.19509e-16 0)
(2 7.64007e-17 0)
(2 -1.20124e-16 0)
(2 -7.07035e-16 0)
(2 -1.02951e-15 0)
(2 -1.28273e-15 0)
(2 -1.35907e-15 0)
(2 -1.43245e-15 0)
(2 -1.47211e-15 0)
(2 -1.20157e-15 0)
(2 -9.58443e-16 0)
(2 -8.69496e-16 0)
(2 3.93743e-14 0)
(2 8.03961e-11 0)
(2 1.43999e-07 0)
(2 1.54047e-05 0)
(1.99885 0.0015371 0)
(1.97748 0.0231225 0)
(1.77957 0.136509 0)
(1.32276 0.33784 0)
(1.00023 0.433457 0)
(0.946178 0.464213 0)
(0.926494 0.473262 0)
(0.928844 0.475931 0)
(0.934942 0.476452 0)
(0.941167 0.478998 0)
(0.945774 0.481874 0)
(0.947173 0.484222 0)
(0.946725 0.487316 0)
(0.944078 0.490935 0)
(0.944978 0.493988 0)
(0.948727 0.496362 0)
(0.954895 0.499176 0)
(0.96164 0.501859 0)
(0.966236 0.504413 0)
(0.969709 0.507263 0)
(0.971289 0.510561 0)
(0.972198 0.514414 0)
(0.976258 0.517907 0)
(0.982156 0.521207 0)
(0.990665 0.524541 0)
(1.00014 0.526971 0)
(1.00714 0.52925 0)
(1.01317 0.531843 0)
(1.01786 0.53392 0)
(1.02206 0.536022 0)
(1.02871 0.53872 0)
(1.03681 0.54163 0)
(1.0468 0.544294 0)
(1.05847 0.54657 0)
(1.0687 0.548719 0)
(1.07733 0.551464 0)
(1.08503 0.553448 0)
(1.09236 0.554809 0)
(1.10143 0.556077 0)
(1.11259 0.557159 0)
(1.12631 0.557388 0)
(1.14171 0.556531 0)
(1.15501 0.556397 0)
(1.16616 0.557184 0)
(2 -2.86488e-17 0)
(2 -1.85383e-17 0)
(2 8.10942e-17 0)
(2 1.09563e-16 0)
(2 2.34433e-16 0)
(2 3.25762e-16 0)
(2 2.61442e-16 0)
(2 1.75349e-16 0)
(2 4.49363e-16 0)
(2 4.51447e-16 0)
(2 4.04028e-16 0)
(2 3.58182e-17 0)
(2 -3.01784e-16 0)
(2 -4.96749e-16 0)
(2 -3.96541e-16 0)
(2 -3.53528e-16 0)
(2 -3.29333e-16 0)
(2 -3.31774e-16 0)
(2 -3.92066e-16 0)
(2 -3.7194e-16 0)
(2 -1.30456e-16 0)
(2 3.19708e-16 0)
(2 3.56891e-16 0)
(2 4.22879e-16 0)
(2 3.1137e-16 0)
(2 2.3591e-16 0)
(2 -1.84235e-16 0)
(2 -3.47783e-16 0)
(2 -3.38757e-16 0)
(2 -4.66609e-16 0)
(2 -4.59041e-16 0)
(2 -2.0001e-16 0)
(2 1.00835e-16 0)
(2 1.41115e-16 0)
(2 1.13464e-16 0)
(2 2.84312e-17 0)
(2 -8.73695e-18 0)
(2 -1.65214e-16 0)
(2 -5.55583e-16 0)
(2 -5.93749e-16 0)
(2 -6.59074e-16 0)
(2 -6.39388e-16 0)
(2 -5.87009e-16 0)
(2 -4.94e-16 0)
(2 -3.75225e-16 0)
(2 -1.5786e-16 0)
(2 5.98823e-17 0)
(2 2.17956e-16 0)
(2 6.93839e-16 0)
(2 4.02653e-15 0)
(2 4.62891e-12 0)
(2 2.08892e-09 0)
(2 1.61338e-06 0)
(1.99994 0.000110628 0)
(1.9969 0.0040338 0)
(1.93998 0.0467661 0)
(1.69936 0.1899 0)
(1.25806 0.380145 0)
(0.989856 0.444916 0)
(0.954667 0.476695 0)
(0.954647 0.483592 0)
(0.963617 0.486404 0)
(0.967867 0.488194 0)
(0.967801 0.491298 0)
(0.965181 0.494186 0)
(0.96327 0.496144 0)
(0.965819 0.497968 0)
(0.970632 0.500437 0)
(0.977432 0.503832 0)
(0.983149 0.507167 0)
(0.986902 0.51006 0)
(0.989336 0.51297 0)
(0.990086 0.515352 0)
(0.992582 0.517966 0)
(0.997364 0.520654 0)
(1.00367 0.523728 0)
(1.01184 0.526881 0)
(1.01929 0.529361 0)
(1.02522 0.531918 0)
(1.03067 0.533961 0)
(1.03512 0.535517 0)
(1.04004 0.537305 0)
(1.04673 0.539719 0)
(1.05432 0.542318 0)
(1.06317 0.544899 0)
(1.07315 0.547008 0)
(1.08235 0.548727 0)
(1.09061 0.550345 0)
(1.09825 0.551329 0)
(1.10583 0.552082 0)
(1.11443 0.553029 0)
(1.12454 0.554005 0)
(1.1364 0.554401 0)
(1.14959 0.553736 0)
(1.16177 0.553098 0)
(1.17225 0.553245 0)
(2 9.48847e-18 0)
(2 8.69996e-17 0)
(2 7.80092e-17 0)
(2 -1.02207e-17 0)
(2 -1.78767e-16 0)
(2 -3.01232e-16 0)
(2 -4.05864e-16 0)
(2 -3.4892e-16 0)
(2 9.68535e-17 0)
(2 1.14461e-16 0)
(2 1.30675e-16 0)
(2 -5.95039e-17 0)
(2 -8.43237e-17 0)
(2 -1.98707e-16 0)
(2 -1.78568e-16 0)
(2 -2.73313e-16 0)
(2 -3.77161e-16 0)
(2 -2.34876e-16 0)
(2 -9.95772e-17 0)
(2 -7.46789e-17 0)
(2 1.75512e-16 0)
(2 4.25847e-16 0)
(2 3.75777e-16 0)
(2 1.98896e-16 0)
(2 -1.19663e-17 0)
(2 3.15565e-17 0)
(2 8.43736e-17 0)
(2 9.91551e-18 0)
(2 -3.23816e-17 0)
(2 -6.53435e-17 0)
(2 1.50129e-16 0)
(2 1.6866e-16 0)
(2 -8.49869e-17 0)
(2 -2.49094e-16 0)
(2 -2.71927e-16 0)
(2 -2.49327e-16 0)
(2 -2.23885e-16 0)
(2 -3.16777e-16 0)
(2 -3.33642e-16 0)
(2 -3.60948e-16 0)
(2 -2.19949e-16 0)
(2 3.79214e-16 0)
(2 4.97183e-16 0)
(2 5.14211e-16 0)
(2 5.33683e-16 0)
(2 5.53739e-16 0)
(2 5.20775e-16 0)
(2 5.6212e-16 0)
(2 6.64905e-16 0)
(2 8.17123e-16 0)
(2 1.04007e-15 0)
(2 7.01222e-14 0)
(2 1.25823e-10 0)
(2 3.26184e-08 0)
(2 6.70319e-06 0)
(1.99968 0.000463599 0)
(1.99374 0.00733256 0)
(1.90128 0.0751747 0)
(1.66884 0.21711 0)
(1.20882 0.386865 0)
(1.00065 0.472671 0)
(0.992327 0.490493 0)
(0.985608 0.494501 0)
(0.988197 0.496797 0)
(0.984078 0.499884 0)
(0.980951 0.502092 0)
(0.983854 0.50373 0)
(0.98983 0.505444 0)
(0.998055 0.508117 0)
(1.00374 0.51076 0)
(1.00714 0.513961 0)
(1.00806 0.517358 0)
(1.00696 0.520226 0)
(1.00965 0.522478 0)
(1.0147 0.524423 0)
(1.02234 0.526489 0)
(1.03116 0.528582 0)
(1.03738 0.530892 0)
(1.04255 0.533385 0)
(1.04632 0.535191 0)
(1.04995 0.536466 0)
(1.05583 0.538096 0)
(1.06297 0.53983 0)
(1.07143 0.541507 0)
(1.08025 0.543193 0)
(1.08803 0.545157 0)
(1.0952 0.546802 0)
(1.10202 0.547708 0)
(1.1097 0.548435 0)
(1.11845 0.549198 0)
(1.12774 0.549948 0)
(1.13716 0.550828 0)
(1.14694 0.551518 0)
(1.15721 0.551614 0)
(1.16754 0.551114 0)
(1.1773 0.550551 0)
(2 -6.36244e-18 0)
(2 3.61621e-17 0)
(2 4.3115e-17 0)
(2 -4.29622e-17 0)
(2 -3.73792e-17 0)
(2 -1.22383e-16 0)
(2 -1.86534e-16 0)
(2 1.37503e-16 0)
(2 2.05252e-16 0)
(2 7.41859e-17 0)
(2 1.15524e-16 0)
(2 -4.67418e-17 0)
(2 -3.11419e-17 0)
(2 -1.31013e-16 0)
(2 -3.24322e-16 0)
(2 -3.64719e-16 0)
(2 -3.01841e-16 0)
(2 -4.67837e-17 0)
(2 3.79962e-16 0)
(2 4.1162e-16 0)
(2 2.58239e-16 0)
(2 -5.26714e-17 0)
(2 -3.36592e-17 0)
(2 2.18225e-16 0)
(2 1.24511e-16 0)
(2 1.74702e-16 0)
(2 2.21554e-16 0)
(2 2.65523e-16 0)
(2 4.12133e-16 0)
(2 4.95031e-16 0)
(2 6.14263e-16 0)
(2 6.58813e-16 0)
(2 4.35207e-16 0)
(2 2.53398e-16 0)
(2 1.38967e-16 0)
(2 1.21041e-17 0)
(2 -1.19166e-16 0)
(2 2.18807e-16 0)
(2 5.05143e-16 0)
(2 5.07134e-16 0)
(2 4.73504e-16 0)
(2 4.13742e-16 0)
(2 3.56864e-16 0)
(2 3.25419e-16 0)
(2 2.70376e-16 0)
(2 2.70039e-16 0)
(2 2.90866e-16 0)
(2 1.35061e-16 0)
(2 3.53073e-17 0)
(2 4.38767e-17 0)
(2 1.95139e-16 0)
(2 1.56654e-16 0)
(2 5.1693e-15 0)
(2 1.12046e-12 0)
(2 7.70652e-10 0)
(2 2.82712e-07 0)
(1.99999 1.84819e-05 0)
(1.99925 0.000965273 0)
(1.99045 0.0117887 0)
(1.88257 0.0842256 0)
(1.6385 0.234159 0)
(1.21582 0.404625 0)
(1.03911 0.476108 0)
(1.02067 0.498738 0)
(1.00426 0.506319 0)
(0.999993 0.509795 0)
(1.0017 0.512412 0)
(1.00542 0.512822 0)
(1.01272 0.513591 0)
(1.02166 0.514766 0)
(1.02572 0.516852 0)
(1.02779 0.519906 0)
(1.02632 0.523105 0)
(1.02679 0.525641 0)
(1.03125 0.527445 0)
(1.03829 0.528831 0)
(1.04772 0.530179 0)
(1.05473 0.531894 0)
(1.05975 0.534338 0)
(1.06289 0.536296 0)
(1.06534 0.537806 0)
(1.07073 0.539457 0)
(1.07771 0.540955 0)
(1.08668 0.542125 0)
(1.09562 0.543269 0)
(1.10274 0.545181 0)
(1.10879 0.546636 0)
(1.114 0.547284 0)
(1.12099 0.547966 0)
(1.12972 0.548694 0)
(1.13973 0.548869 0)
(1.14938 0.549247 0)
(1.15794 0.550203 0)
(1.1656 0.550632 0)
(1.17294 0.550029 0)
(1.18167 0.54911 0)
(2 2.1817e-18 0)
(2 4.76049e-17 0)
(2 -4.59276e-18 0)
(2 -1.52089e-16 0)
(2 -1.58737e-16 0)
(2 6.04378e-17 0)
(2 2.42508e-16 0)
(2 2.95024e-16 0)
(2 1.84677e-16 0)
(2 1.37688e-16 0)
(2 1.32186e-16 0)
(2 3.83338e-17 0)
(2 -1.59598e-16 0)
(2 -3.05817e-16 0)
(2 -1.27547e-16 0)
(2 1.76283e-16 0)
(2 -9.74356e-17 0)
(2 -3.02556e-16 0)
(2 -2.9092e-16 0)
(2 -1.98035e-16 0)
(2 -3.49221e-16 0)
(2 -4.86817e-16 0)
(2 -4.16711e-16 0)
(2 -4.69039e-16 0)
(2 -3.83953e-16 0)
(2 -2.097e-16 0)
(2 -1.7982e-16 0)
(2 2.86136e-16 0)
(2 3.94607e-16 0)
(2 6.04248e-16 0)
(2 6.28252e-16 0)
(2 6.34018e-16 0)
(2 5.39396e-16 0)
(2 4.52555e-16 0)
(2 1.50211e-16 0)
(2 -1.37952e-16 0)
(2 -2.19514e-16 0)
(2 -2.3819e-16 0)
(2 -2.07154e-16 0)
(2 -1.07035e-16 0)
(2 -4.09831e-17 0)
(2 -9.04966e-17 0)
(2 -1.62084e-16 0)
(2 -3.9327e-16 0)
(2 -3.30351e-16 0)
(2 -1.80906e-16 0)
(2 -1.8365e-16 0)
(2 -2.72527e-16 0)
(2 -3.57369e-16 0)
(2 -3.63976e-16 0)
(2 -2.82328e-16 0)
(2 -1.64714e-16 0)
(2 3.01381e-16 0)
(2 5.52654e-16 0)
(2 2.78386e-14 0)
(2 1.15643e-11 0)
(2 3.19887e-09 0)
(2 7.66593e-07 0)
(1.99998 4.06115e-05 0)
(1.99901 0.00126477 0)
(1.98633 0.0152822 0)
(1.88599 0.0826969 0)
(1.62862 0.237691 0)
(1.26449 0.407 0)
(1.08004 0.475708 0)
(1.04124 0.508855 0)
(1.01761 0.518896 0)
(1.01809 0.519611 0)
(1.02632 0.519652 0)
(1.03825 0.519443 0)
(1.04448 0.520776 0)
(1.04792 0.523288 0)
(1.04697 0.525903 0)
(1.0443 0.527898 0)
(1.04764 0.52968 0)
(1.05376 0.530947 0)
(1.06328 0.532221 0)
(1.07147 0.533554 0)
(1.07657 0.53583 0)
(1.07962 0.537577 0)
(1.08082 0.538561 0)
(1.0853 0.539808 0)
(1.09188 0.541256 0)
(1.10079 0.542249 0)
(1.10997 0.543042 0)
(1.11688 0.544777 0)
(1.12239 0.545946 0)
(1.12633 0.546144 0)
(1.13239 0.546705 0)
(1.14058 0.547641 0)
(1.15049 0.547893 0)
(1.16027 0.54796 0)
(1.16841 0.548813 0)
(1.17508 0.549251 0)
(1.18036 0.548652 0)
(1.18767 0.54817 0)
(2 -6.02206e-18 0)
(2 -7.69544e-17 0)
(2 -9.91586e-17 0)
(2 -9.40585e-17 0)
(2 4.11794e-18 0)
(2 -2.59444e-17 0)
(2 -6.06231e-20 0)
(2 -1.20491e-16 0)
(2 -5.13678e-16 0)
(2 -4.10259e-16 0)
(2 -7.9707e-17 0)
(2 4.69422e-16 0)
(2 6.24751e-16 0)
(2 5.38783e-16 0)
(2 6.84246e-16 0)
(2 6.24458e-16 0)
(2 4.69442e-16 0)
(2 3.19192e-16 0)
(2 3.59167e-16 0)
(2 3.70668e-16 0)
(2 2.93214e-16 0)
(2 1.3023e-16 0)
(2 1.17897e-16 0)
(2 1.40315e-16 0)
(2 2.79669e-16 0)
(2 7.37269e-16 0)
(2 9.63702e-16 0)
(2 8.38748e-16 0)
(2 6.84625e-16 0)
(2 7.68454e-16 0)
(2 1.07561e-15 0)
(2 1.10565e-15 0)
(2 8.61507e-16 0)
(2 6.05482e-16 0)
(2 4.8419e-16 0)
(2 4.77497e-16 0)
(2 4.27914e-16 0)
(2 3.17499e-16 0)
(2 2.68304e-16 0)
(2 1.37876e-16 0)
(2 5.83747e-17 0)
(2 -1.03401e-16 0)
(2 -4.25813e-16 0)
(2 -9.03289e-16 0)
(2 -8.44654e-16 0)
(2 -7.55678e-16 0)
(2 -7.09711e-16 0)
(2 -7.74121e-16 0)
(2 -1.00615e-15 0)
(2 -1.0598e-15 0)
(2 -1.01625e-15 0)
(2 -9.45071e-16 0)
(2 -5.18814e-16 0)
(2 -2.10457e-17 0)
(2 -9.16009e-17 0)
(2 8.34594e-16 0)
(2 1.19643e-13 0)
(2 3.99847e-11 0)
(2 9.30123e-09 0)
(2 1.29068e-06 0)
(1.99996 5.54053e-05 0)
(1.99893 0.00143227 0)
(1.98562 0.0146206 0)
(1.89887 0.0769434 0)
(1.64069 0.236277 0)
(1.36769 0.39547 0)
(1.10488 0.470098 0)
(1.04908 0.51861 0)
(1.04151 0.523448 0)
(1.05234 0.525522 0)
(1.06201 0.526006 0)
(1.06691 0.528185 0)
(1.06421 0.529885 0)
(1.0595 0.530414 0)
(1.06268 0.531912 0)
(1.06901 0.533101 0)
(1.07947 0.535038 0)
(1.0876 0.536387 0)
(1.09217 0.538591 0)
(1.09391 0.539713 0)
(1.09415 0.539986 0)
(1.09875 0.54122 0)
(1.10547 0.542578 0)
(1.11483 0.543727 0)
(1.12322 0.544721 0)
(1.12938 0.546464 0)
(1.13351 0.546904 0)
(1.13661 0.546644 0)
(1.14281 0.547438 0)
(1.15088 0.5484 0)
(1.16075 0.548763 0)
(1.16983 0.549005 0)
(1.17725 0.549747 0)
(1.18286 0.549583 0)
(1.18729 0.548626 0)
(1.19449 0.548616 0)
(2 -2.09651e-18 0)
(2 -5.03334e-18 0)
(2 1.32812e-17 0)
(2 -3.52405e-18 0)
(2 -6.21782e-17 0)
(2 -2.67999e-16 0)
(2 -3.87815e-16 0)
(2 -2.47561e-16 0)
(2 -1.08903e-16 0)
(2 6.40851e-17 0)
(2 2.40171e-16 0)
(2 3.09415e-16 0)
(2 5.15318e-16 0)
(2 6.29616e-16 0)
(2 4.98301e-16 0)
(2 5.88822e-16 0)
(2 7.81025e-16 0)
(2 8.79153e-16 0)
(2 9.84954e-16 0)
(2 8.99628e-16 0)
(2 7.97009e-16 0)
(2 6.6122e-16 0)
(2 5.67258e-16 0)
(2 5.67391e-16 0)
(2 4.50239e-16 0)
(2 3.3632e-16 0)
(2 1.31973e-16 0)
(2 1.34297e-16 0)
(2 3.60581e-16 0)
(2 2.85822e-16 0)
(2 2.61027e-16 0)
(2 2.57519e-16 0)
(2 2.62081e-16 0)
(2 4.95606e-16 0)
(2 1.16314e-15 0)
(2 1.23999e-15 0)
(2 1.01335e-15 0)
(2 6.93872e-16 0)
(2 5.76158e-16 0)
(2 1.04239e-16 0)
(2 -2.8834e-17 0)
(2 -6.67445e-18 0)
(2 -2.78214e-18 0)
(2 5.62506e-17 0)
(2 3.62501e-17 0)
(2 -1.12551e-17 0)
(2 -3.01476e-19 0)
(2 2.0674e-16 0)
(2 5.20208e-16 0)
(2 6.9785e-16 0)
(2 7.91366e-16 0)
(2 6.27625e-16 0)
(2 6.52183e-16 0)
(2 4.69463e-16 0)
(2 5.02647e-16 0)
(2 7.78699e-16 0)
(2 9.04657e-16 0)
(2 2.36425e-15 0)
(2 3.25058e-13 0)
(2 9.01345e-11 0)
(2 1.45369e-08 0)
(2 1.50722e-06 0)
(1.99996 5.79433e-05 0)
(1.99902 0.00128208 0)
(1.98764 0.0122126 0)
(1.917 0.071523 0)
(1.70862 0.201277 0)
(1.44575 0.357257 0)
(1.13989 0.474635 0)
(1.09471 0.515074 0)
(1.08831 0.530506 0)
(1.0814 0.532826 0)
(1.07463 0.534033 0)
(1.07121 0.535351 0)
(1.07607 0.53559 0)
(1.08456 0.536432 0)
(1.09716 0.538374 0)
(1.10325 0.539741 0)
(1.10599 0.541611 0)
(1.10441 0.541918 0)
(1.10538 0.542158 0)
(1.11083 0.543289 0)
(1.11922 0.544056 0)
(1.12923 0.544961 0)
(1.13584 0.546421 0)
(1.14049 0.547567 0)
(1.1422 0.547079 0)
(1.14592 0.546887 0)
(1.15271 0.547738 0)
(1.16164 0.548187 0)
(1.17158 0.548363 0)
(1.1792 0.549287 0)
(1.18525 0.5499 0)
(1.18897 0.549169 0)
(1.19405 0.548582 0)
(1.20202 0.549064 0)
(2 -1.15975e-16 0)
(2 9.70828e-17 0)
(2 2.33949e-17 0)
(2 -3.45404e-18 0)
(2 -1.12969e-16 0)
(2 8.44528e-17 0)
(2 1.96707e-16 0)
(2 1.54085e-16 0)
(2 2.0496e-16 0)
(2 1.35799e-16 0)
(2 1.08406e-16 0)
(2 -1.07986e-16 0)
(2 -1.67621e-16 0)
(2 -7.69618e-17 0)
(2 -1.60645e-16 0)
(2 5.71275e-17 0)
(2 1.38724e-16 0)
(2 2.12563e-16 0)
(2 1.39873e-16 0)
(2 2.47537e-16 0)
(2 3.17885e-16 0)
(2 2.07031e-16 0)
(2 1.15508e-16 0)
(2 7.66586e-17 0)
(2 -1.47502e-16 0)
(2 -4.95058e-16 0)
(2 -6.93247e-16 0)
(2 -7.75593e-16 0)
(2 -4.72298e-16 0)
(2 -5.39999e-16 0)
(2 -6.52296e-16 0)
(2 -6.96124e-16 0)
(2 -6.83499e-16 0)
(2 -6.41934e-16 0)
(2 -7.47991e-16 0)
(2 -8.8295e-16 0)
(2 -6.05386e-16 0)
(2 -4.62566e-16 0)
(2 -4.00247e-16 0)
(2 -4.93141e-16 0)
(2 -4.77085e-16 0)
(2 -4.42955e-16 0)
(2 -7.8673e-17 0)
(2 6.23146e-16 0)
(2 6.7552e-16 0)
(2 7.29523e-16 0)
(2 6.62297e-16 0)
(2 6.73009e-16 0)
(2 8.30326e-16 0)
(2 1.34931e-15 0)
(2 1.53973e-15 0)
(2 1.45574e-15 0)
(2 1.15252e-15 0)
(2 9.46676e-16 0)
(2 9.67451e-16 0)
(2 8.84071e-16 0)
(2 7.36334e-16 0)
(2 7.57e-16 0)
(2 1.05839e-15 0)
(2 4.37205e-15 0)
(2 4.96216e-13 0)
(2 1.21363e-10 0)
(2 1.56269e-08 0)
(2 1.33255e-06 0)
(1.99996 4.80941e-05 0)
(1.99932 0.00085715 0)
(1.99105 0.0101353 0)
(1.9449 0.0495343 0)
(1.77554 0.159933 0)
(1.5057 0.327218 0)
(1.26909 0.454721 0)
(1.14417 0.505173 0)
(1.10194 0.53333 0)
(1.0834 0.540109 0)
(1.08588 0.539663 0)
(1.10087 0.541221 0)
(1.11409 0.541896 0)
(1.11823 0.543689 0)
(1.11797 0.544419 0)
(1.11392 0.543739 0)
(1.11674 0.544275 0)
(1.12316 0.544854 0)
(1.13382 0.545644 0)
(1.14295 0.546306 0)
(1.14835 0.548153 0)
(1.15074 0.548576 0)
(1.15095 0.547927 0)
(1.1557 0.548529 0)
(1.16279 0.549362 0)
(1.1726 0.549723 0)
(1.18162 0.54993 0)
(1.18814 0.551138 0)
(1.19241 0.551039 0)
(1.19497 0.550139 0)
(1.20108 0.550445 0)
(1.20932 0.550943 0)
(2 -4.75926e-17 0)
(2 -2.05842e-17 0)
(2 -1.37973e-16 0)
(2 -9.76949e-17 0)
(2 -5.69363e-17 0)
(2 1.08986e-16 0)
(2 3.72724e-16 0)
(2 1.94193e-16 0)
(2 6.22749e-17 0)
(2 -9.85668e-17 0)
(2 -6.06747e-17 0)
(2 -1.33433e-17 0)
(2 3.11047e-18 0)
(2 4.23208e-17 0)
(2 -1.60291e-17 0)
(2 -3.60605e-17 0)
(2 1.21817e-16 0)
(2 2.08448e-16 0)
(2 7.35973e-17 0)
(2 -1.07106e-16 0)
(2 -4.11881e-17 0)
(2 2.78298e-16 0)
(2 3.10984e-16 0)
(2 2.02299e-17 0)
(2 -3.42488e-16 0)
(2 -4.63282e-16 0)
(2 -4.88037e-16 0)
(2 -4.7721e-16 0)
(2 -4.93731e-16 0)
(2 -4.41953e-16 0)
(2 -5.17975e-16 0)
(2 -6.04367e-16 0)
(2 -7.14192e-16 0)
(2 -9.26072e-16 0)
(2 -9.9006e-16 0)
(2 -1.06235e-15 0)
(2 -1.03922e-15 0)
(2 -2.9841e-16 0)
(2 -2.82416e-17 0)
(2 -2.19456e-17 0)
(2 2.90868e-16 0)
(2 6.5049e-16 0)
(2 7.91293e-16 0)
(2 8.67366e-16 0)
(2 8.30379e-16 0)
(2 7.18304e-16 0)
(2 6.72422e-16 0)
(2 5.53351e-16 0)
(2 5.59054e-16 0)
(2 6.21209e-16 0)
(2 6.8863e-16 0)
(2 6.93782e-16 0)
(2 3.74317e-16 0)
(2 3.62793e-16 0)
(2 4.0693e-17 0)
(2 -3.05153e-16 0)
(2 -4.46628e-16 0)
(2 -6.74461e-16 0)
(2 -8.99149e-16 0)
(2 -8.192e-16 0)
(2 -9.61122e-16 0)
(2 2.87196e-15 0)
(2 5.87607e-13 0)
(2 9.06359e-11 0)
(2 1.31847e-08 0)
(2 7.51651e-07 0)
(1.99998 3.08727e-05 0)
(1.99963 0.000502389 0)
(1.99466 0.00621491 0)
(1.96567 0.0306281 0)
(1.83785 0.127626 0)
(1.62269 0.269879 0)
(1.39491 0.406224 0)
(1.1699 0.496475 0)
(1.12226 0.531339 0)
(1.12745 0.542157 0)
(1.12847 0.546041 0)
(1.12933 0.546463 0)
(1.12541 0.54732 0)
(1.12322 0.546526 0)
(1.12796 0.546382 0)
(1.13728 0.546767 0)
(1.14964 0.54822 0)
(1.15573 0.549557 0)
(1.15894 0.550827 0)
(1.15786 0.549883 0)
(1.15995 0.549486 0)
(1.1659 0.550429 0)
(1.17438 0.550991 0)
(1.18385 0.551368 0)
(1.19043 0.552371 0)
(1.19518 0.55259 0)
(1.19735 0.551402 0)
(1.20177 0.550977 0)
(1.20897 0.551676 0)
(1.21777 0.551862 0)
(2 3.57459e-17 0)
(2 -5.35e-17 0)
(2 3.90971e-17 0)
(2 4.17164e-17 0)
(2 4.92532e-17 0)
(2 4.40541e-17 0)
(2 1.26084e-16 0)
(2 3.4271e-16 0)
(2 2.63692e-16 0)
(2 6.83203e-17 0)
(2 -9.95789e-18 0)
(2 -3.23504e-17 0)
(2 -6.47655e-17 0)
(2 -5.4978e-17 0)
(2 -1.04902e-16 0)
(2 -2.09504e-16 0)
(2 -1.53325e-16 0)
(2 -2.24462e-16 0)
(2 -1.9327e-16 0)
(2 -2.62761e-16 0)
(2 -1.93728e-16 0)
(2 -2.81697e-16 0)
(2 -5.32018e-16 0)
(2 -6.2431e-16 0)
(2 -7.5145e-16 0)
(2 -8.52135e-16 0)
(2 -8.41173e-16 0)
(2 -7.83256e-16 0)
(2 -8.77694e-16 0)
(2 -6.49188e-16 0)
(2 -5.1969e-16 0)
(2 -5.67449e-16 0)
(2 -6.67679e-16 0)
(2 -5.65896e-16 0)
(2 -3.33456e-16 0)
(2 1.08977e-16 0)
(2 1.24508e-16 0)
(2 2.50431e-16 0)
(2 4.55625e-16 0)
(2 5.86327e-16 0)
(2 6.83663e-16 0)
(2 8.43219e-16 0)
(2 7.72907e-16 0)
(2 6.82937e-16 0)
(2 8.17155e-16 0)
(2 9.18509e-16 0)
(2 1.079e-15 0)
(2 1.1445e-15 0)
(2 1.1837e-15 0)
(2 1.00506e-15 0)
(2 6.51135e-16 0)
(2 3.71431e-16 0)
(2 1.57587e-16 0)
(2 4.51561e-17 0)
(2 -3.67331e-16 0)
(2 -3.87204e-16 0)
(2 -3.27376e-16 0)
(2 -4.02496e-16 0)
(2 -7.61381e-16 0)
(2 -1.02708e-15 0)
(2 -1.36409e-15 0)
(2 -1.58027e-15 0)
(2 -1.9271e-15 0)
(2 1.61169e-15 0)
(2 5.02447e-13 0)
(2 4.11935e-11 0)
(2 7.25891e-09 0)
(2 3.45362e-07 0)
(1.99999 1.44711e-05 0)
(1.9998 0.000258435 0)
(1.99743 0.00285447 0)
(1.97975 0.0205433 0)
(1.90646 0.0817693 0)
(1.73819 0.196947 0)
(1.48241 0.35447 0)
(1.28579 0.468792 0)
(1.19331 0.520426 0)
(1.15679 0.54255 0)
(1.13401 0.549847 0)
(1.13023 0.549646 0)
(1.13651 0.550492 0)
(1.15325 0.551531 0)
(1.16368 0.55174 0)
(1.1675 0.553684 0)
(1.16601 0.553615 0)
(1.16376 0.552305 0)
(1.1683 0.552765 0)
(1.17584 0.552693 0)
(1.18665 0.553008 0)
(1.19384 0.554 0)
(1.19876 0.555425 0)
(1.20011 0.554835 0)
(1.20182 0.553566 0)
(1.20796 0.553895 0)
(1.21622 0.553894 0)
(1.22558 0.553604 0)
(2 8.38951e-18 0)
(2 -9.76776e-18 0)
(2 4.18158e-17 0)
(2 1.77695e-16 0)
(2 2.06675e-16 0)
(2 1.43234e-16 0)
(2 -8.5752e-17 0)
(2 1.6587e-17 0)
(2 -1.11896e-16 0)
(2 -2.34718e-16 0)
(2 -5.2129e-16 0)
(2 -4.99826e-16 0)
(2 -4.67189e-16 0)
(2 -4.70434e-16 0)
(2 -4.19391e-16 0)
(2 -5.90093e-16 0)
(2 -1.25111e-15 0)
(2 -1.33725e-15 0)
(2 -1.16889e-15 0)
(2 -9.51858e-16 0)
(2 -9.42214e-16 0)
(2 -1.17804e-15 0)
(2 -1.18444e-15 0)
(2 -8.81113e-16 0)
(2 -5.47064e-16 0)
(2 -3.38076e-16 0)
(2 -3.04899e-16 0)
(2 -3.85871e-16 0)
(2 -7.43201e-16 0)
(2 -9.46495e-16 0)
(2 -1.01072e-15 0)
(2 -8.51213e-16 0)
(2 -8.58544e-16 0)
(2 -6.33382e-16 0)
(2 -3.03728e-16 0)
(2 -5.14372e-17 0)
(2 1.32148e-16 0)
(2 3.6588e-16 0)
(2 4.78426e-16 0)
(2 6.21355e-16 0)
(2 8.61434e-16 0)
(2 7.89078e-16 0)
(2 5.91389e-16 0)
(2 4.79609e-16 0)
(2 5.40715e-16 0)
(2 6.03284e-16 0)
(2 7.0598e-16 0)
(2 8.12975e-16 0)
(2 5.57287e-16 0)
(2 3.81566e-16 0)
(2 2.38015e-17 0)
(2 -2.29263e-16 0)
(2 -4.84992e-16 0)
(2 -9.17238e-16 0)
(2 -8.88872e-16 0)
(2 -7.43173e-16 0)
(2 -6.48542e-16 0)
(2 -5.96357e-16 0)
(2 -6.64846e-16 0)
(2 -1.12155e-15 0)
(2 -1.19821e-15 0)
(2 -1.23999e-15 0)
(2 -1.30075e-15 0)
(2 -1.30974e-15 0)
(2 -1.67813e-15 0)
(2 -4.57448e-16 0)
(2 2.45547e-13 0)
(2 1.87975e-11 0)
(2 2.35107e-09 0)
(2 1.44995e-07 0)
(2 4.88902e-06 0)
(1.99991 0.000111614 0)
(1.99902 0.00121723 0)
(1.99057 0.0108973 0)
(1.9537 0.0415351 0)
(1.82907 0.136562 0)
(1.61846 0.287466 0)
(1.43473 0.404774 0)
(1.25371 0.489894 0)
(1.16663 0.541544 0)
(1.15991 0.549288 0)
(1.16915 0.553724 0)
(1.17422 0.554547 0)
(1.1772 0.555102 0)
(1.17509 0.555792 0)
(1.17192 0.55646 0)
(1.17656 0.557136 0)
(1.18458 0.556536 0)
(1.19658 0.555473 0)
(1.20365 0.555822 0)
(1.20785 0.557322 0)
(1.20747 0.557221 0)
(1.20819 0.556891 0)
(1.21394 0.557344 0)
(1.22216 0.556767 0)
(1.23198 0.555554 0)
(2 1.73393e-17 0)
(2 1.49086e-16 0)
(2 2.17605e-16 0)
(2 1.80124e-16 0)
(2 1.56795e-16 0)
(2 2.16771e-17 0)
(2 -9.24278e-17 0)
(2 -2.08945e-16 0)
(2 -2.19431e-16 0)
(2 -2.81217e-16 0)
(2 -3.36159e-16 0)
(2 -2.60725e-16 0)
(2 -4.96829e-17 0)
(2 6.08775e-17 0)
(2 2.90993e-16 0)
(2 3.46929e-16 0)
(2 -1.0888e-16 0)
(2 -3.21835e-16 0)
(2 -4.13076e-16 0)
(2 -3.50723e-16 0)
(2 -6.91159e-16 0)
(2 -1.06697e-15 0)
(2 -8.65066e-16 0)
(2 -5.10411e-16 0)
(2 -2.60804e-16 0)
(2 -5.2898e-17 0)
(2 -2.00107e-17 0)
(2 4.07553e-17 0)
(2 -1.66907e-17 0)
(2 -1.89206e-16 0)
(2 -3.26618e-16 0)
(2 -1.55849e-16 0)
(2 6.75704e-17 0)
(2 2.08949e-16 0)
(2 1.6864e-16 0)
(2 1.37368e-16 0)
(2 5.16538e-17 0)
(2 1.50756e-17 0)
(2 2.88396e-17 0)
(2 2.40418e-17 0)
(2 1.36544e-16 0)
(2 1.63423e-16 0)
(2 2.46379e-16 0)
(2 3.12626e-16 0)
(2 2.00423e-16 0)
(2 5.05698e-17 0)
(2 -3.85131e-17 0)
(2 -1.27995e-16 0)
(2 -2.32208e-16 0)
(2 -4.26279e-16 0)
(2 -5.29733e-16 0)
(2 -6.18668e-16 0)
(2 -7.39543e-16 0)
(2 -8.75498e-16 0)
(2 -9.32655e-16 0)
(2 -9.90183e-16 0)
(2 -1.16003e-15 0)
(2 -9.59782e-16 0)
(2 -7.20564e-16 0)
(2 -6.33472e-16 0)
(2 -4.73866e-16 0)
(2 -4.14236e-16 0)
(2 -3.73078e-16 0)
(2 -8.03986e-16 0)
(2 -1.44466e-15 0)
(2 -2.09566e-15 0)
(2 -1.8411e-15 0)
(2 8.33096e-16 0)
(2 7.9654e-14 0)
(2 6.19755e-12 0)
(2 5.79747e-10 0)
(2 4.35369e-08 0)
(2 1.3847e-06 0)
(1.99997 3.68697e-05 0)
(1.99969 0.000410077 0)
(1.99622 0.00436593 0)
(1.97964 0.0196288 0)
(1.90819 0.0814735 0)
(1.7526 0.20012 0)
(1.57166 0.320081 0)
(1.36551 0.446176 0)
(1.2306 0.528119 0)
(1.20438 0.541239 0)
(1.19882 0.552162 0)
(1.19216 0.557393 0)
(1.18533 0.560388 0)
(1.18346 0.561558 0)
(1.18953 0.562244 0)
(1.20033 0.560355 0)
(1.21103 0.557862 0)
(1.21668 0.558807 0)
(1.21912 0.559593 0)
(1.21841 0.559381 0)
(1.22206 0.559298 0)
(1.22859 0.559136 0)
(1.23789 0.557758 0)
(2 5.32095e-18 0)
(2 4.28644e-17 0)
(2 2.3468e-16 0)
(2 2.1297e-16 0)
(2 3.10218e-16 0)
(2 6.2938e-16 0)
(2 4.41767e-16 0)
(2 8.71329e-17 0)
(2 -4.09363e-16 0)
(2 -4.33506e-16 0)
(2 -3.2542e-16 0)
(2 -3.01278e-16 0)
(2 -6.21523e-17 0)
(2 4.48993e-16 0)
(2 8.25735e-16 0)
(2 1.01777e-15 0)
(2 7.86957e-16 0)
(2 2.68472e-16 0)
(2 -6.86668e-17 0)
(2 2.14004e-17 0)
(2 1.93193e-17 0)
(2 1.24729e-17 0)
(2 1.25349e-16 0)
(2 2.19635e-16 0)
(2 1.78696e-16 0)
(2 -4.19821e-17 0)
(2 -2.32026e-16 0)
(2 -2.24086e-16 0)
(2 -7.99738e-17 0)
(2 3.0946e-17 0)
(2 2.74849e-17 0)
(2 -5.75761e-17 0)
(2 -1.14316e-17 0)
(2 -1.69765e-17 0)
(2 -1.24464e-16 0)
(2 -2.78379e-16 0)
(2 -5.86263e-16 0)
(2 -8.09009e-16 0)
(2 -1.1073e-15 0)
(2 -1.26699e-15 0)
(2 -1.46784e-15 0)
(2 -1.66685e-15 0)
(2 -1.28467e-15 0)
(2 -1.03917e-15 0)
(2 -8.88871e-16 0)
(2 -6.39188e-16 0)
(2 -6.52066e-16 0)
(2 -7.98151e-16 0)
(2 -7.90197e-16 0)
(2 -6.56752e-16 0)
(2 -5.27378e-16 0)
(2 -3.34789e-16 0)
(2 -8.26729e-17 0)
(2 -3.54485e-17 0)
(2 -1.07283e-16 0)
(2 -1.89643e-16 0)
(2 -2.94562e-16 0)
(2 -3.19412e-16 0)
(2 -2.82568e-16 0)
(2 -2.61183e-16 0)
(2 -1.29769e-16 0)
(2 -1.99588e-17 0)
(2 -2.67089e-16 0)
(2 -3.54204e-16 0)
(2 -2.77117e-16 0)
(2 -2.75115e-16 0)
(2 -2.95394e-16 0)
(2 2.86189e-17 0)
(2 4.74783e-16 0)
(2 -3.98346e-16 0)
(2 1.96701e-14 0)
(2 1.50872e-12 0)
(2 1.2153e-10 0)
(2 8.41742e-09 0)
(2 3.20151e-07 0)
(1.99999 8.68191e-06 0)
(1.99991 0.000117935 0)
(1.99877 0.00148047 0)
(1.99259 0.00792738 0)
(1.9584 0.0418803 0)
(1.86962 0.114677 0)
(1.71984 0.224324 0)
(1.49517 0.375891 0)
(1.34174 0.474093 0)
(1.27102 0.521418 0)
(1.22692 0.547291 0)
(1.20179 0.563096 0)
(1.19765 0.563177 0)
(1.20363 0.562506 0)
(1.21714 0.562639 0)
(1.22499 0.562146 0)
(1.22952 0.563718 0)
(1.22844 0.563157 0)
(1.22909 0.561477 0)
(1.23522 0.561217 0)
(1.24431 0.559925 0)
(2 -4.27648e-17 0)
(2 2.68728e-18 0)
(2 -8.8472e-17 0)
(2 -3.13801e-17 0)
(2 4.01828e-17 0)
(2 -3.82733e-17 0)
(2 -3.00943e-16 0)
(2 -3.59572e-16 0)
(2 -1.39134e-16 0)
(2 -4.60583e-17 0)
(2 1.43177e-16 0)
(2 1.14441e-16 0)
(2 8.14166e-17 0)
(2 6.89107e-18 0)
(2 -2.95288e-16 0)
(2 -3.67565e-16 0)
(2 -8.51075e-17 0)
(2 -4.88729e-17 0)
(2 -1.04533e-16 0)
(2 -1.46018e-16 0)
(2 5.53905e-16 0)
(2 7.07389e-16 0)
(2 1.01188e-15 0)
(2 9.28362e-16 0)
(2 8.72748e-16 0)
(2 9.63977e-16 0)
(2 9.33246e-16 0)
(2 9.38615e-16 0)
(2 9.66426e-16 0)
(2 8.96359e-16 0)
(2 9.02431e-16 0)
(2 6.32756e-16 0)
(2 2.22945e-16 0)
(2 -3.34341e-16 0)
(2 -5.17361e-16 0)
(2 -7.82674e-16 0)
(2 -1.16006e-15 0)
(2 -1.32127e-15 0)
(2 -1.61183e-15 0)
(2 -1.62619e-15 0)
(2 -1.72317e-15 0)
(2 -1.97488e-15 0)
(2 -2.00725e-15 0)
(2 -1.89652e-15 0)
(2 -1.71185e-15 0)
(2 -1.42161e-15 0)
(2 -1.33212e-15 0)
(2 -1.0068e-15 0)
(2 -8.7292e-16 0)
(2 -7.76236e-16 0)
(2 -5.22546e-16 0)
(2 -2.59648e-16 0)
(2 -1.54854e-16 0)
(2 -9.22474e-17 0)
(2 -5.71836e-18 0)
(2 3.008e-17 0)
(2 6.81992e-17 0)
(2 -2.67187e-17 0)
(2 -1.31221e-16 0)
(2 -1.81462e-16 0)
(2 -1.4108e-16 0)
(2 1.52188e-17 0)
(2 9.92488e-17 0)
(2 1.78343e-16 0)
(2 7.64652e-16 0)
(2 1.02143e-15 0)
(2 -3.35286e-17 0)
(2 -6.13648e-16 0)
(2 -5.86081e-16 0)
(2 -8.68133e-16 0)
(2 -1.12053e-15 0)
(2 -1.30991e-15 0)
(2 3.8827e-15 0)
(2 2.82591e-13 0)
(2 1.87269e-11 0)
(2 1.23386e-09 0)
(2 5.57647e-08 0)
(2 1.73265e-06 0)
(1.99998 2.88948e-05 0)
(1.9997 0.000375718 0)
(1.9978 0.00261771 0)
(1.9853 0.0163182 0)
(1.94617 0.0490911 0)
(1.82969 0.142847 0)
(1.65768 0.280071 0)
(1.51151 0.387885 0)
(1.35423 0.478288 0)
(1.2516 0.539129 0)
(1.23078 0.552012 0)
(1.23695 0.56027 0)
(1.23858 0.564262 0)
(1.23853 0.565079 0)
(1.23203 0.565481 0)
(1.23178 0.565576 0)
(1.23873 0.565164 0)
(1.25008 0.563502 0)
(2 -2.58575e-17 0)
(2 -6.25487e-17 0)
(2 -2.24566e-16 0)
(2 -2.72028e-16 0)
(2 -4.92079e-16 0)
(2 -8.24569e-16 0)
(2 -7.98876e-16 0)
(2 -6.692e-16 0)
(2 -3.31962e-16 0)
(2 -1.61242e-16 0)
(2 -2.96428e-17 0)
(2 -1.65994e-16 0)
(2 -6.47874e-16 0)
(2 -7.97258e-16 0)
(2 -8.37574e-16 0)
(2 -8.09308e-16 0)
(2 -7.09826e-16 0)
(2 -6.44659e-16 0)
(2 -4.55229e-16 0)
(2 2.12319e-16 0)
(2 1.16301e-16 0)
(2 3.45456e-17 0)
(2 1.32111e-16 0)
(2 3.96121e-16 0)
(2 1.22857e-15 0)
(2 1.40612e-15 0)
(2 1.49374e-15 0)
(2 1.37435e-15 0)
(2 1.02024e-15 0)
(2 5.5427e-16 0)
(2 3.70994e-16 0)
(2 2.81973e-16 0)
(2 -2.38552e-18 0)
(2 -3.75472e-16 0)
(2 -5.90353e-16 0)
(2 -6.91708e-16 0)
(2 -6.07601e-16 0)
(2 -6.22141e-16 0)
(2 -7.81501e-16 0)
(2 -8.99666e-16 0)
(2 -9.38505e-16 0)
(2 -9.99357e-16 0)
(2 -1.06433e-15 0)
(2 -8.69783e-16 0)
(2 -6.88113e-16 0)
(2 -7.95696e-16 0)
(2 -6.96487e-16 0)
(2 -6.18666e-16 0)
(2 -3.93074e-16 0)
(2 -1.73842e-16 0)
(2 -1.51848e-16 0)
(2 -1.88748e-16 0)
(2 -6.15683e-17 0)
(2 3.49726e-17 0)
(2 1.75658e-16 0)
(2 3.01286e-16 0)
(2 2.76531e-16 0)
(2 5.05214e-17 0)
(2 -2.67913e-17 0)
(2 -8.30622e-17 0)
(2 -7.38798e-17 0)
(2 3.15229e-17 0)
(2 2.77338e-16 0)
(2 4.10025e-16 0)
(2 4.06502e-16 0)
(2 3.10933e-16 0)
(2 1.10494e-16 0)
(2 -6.60904e-17 0)
(2 -2.89321e-16 0)
(2 -4.46776e-16 0)
(2 -6.75074e-16 0)
(2 -8.1058e-16 0)
(2 -8.12538e-16 0)
(2 -7.93034e-16 0)
(2 3.85219e-16 0)
(2 4.26716e-14 0)
(2 2.2821e-12 0)
(2 1.43685e-10 0)
(2 7.58277e-09 0)
(2 2.4186e-07 0)
(2 4.94325e-06 0)
(1.99994 7.40307e-05 0)
(1.99948 0.000653955 0)
(1.99556 0.00503424 0)
(1.98129 0.0186933 0)
(1.92158 0.0769922 0)
(1.81825 0.161562 0)
(1.66737 0.272563 0)
(1.46832 0.414191 0)
(1.35515 0.491463 0)
(1.30716 0.531637 0)
(1.26967 0.553879 0)
(1.24511 0.564271 0)
(1.24032 0.565634 0)
(1.24371 0.566546 0)
(1.25594 0.566598 0)
(2 5.66347e-17 0)
(2 -1.29627e-16 0)
(2 -7.12547e-17 0)
(2 -1.31955e-16 0)
(2 -2.86656e-16 0)
(2 -4.10115e-16 0)
(2 -1.59414e-16 0)
(2 3.639e-17 0)
(2 3.96116e-17 0)
(2 -3.80469e-16 0)
(2 -5.80297e-16 0)
(2 -5.05135e-16 0)
(2 -3.45866e-16 0)
(2 -1.97891e-16 0)
(2 -1.83306e-16 0)
(2 1.73566e-16 0)
(2 4.34621e-16 0)
(2 6.30807e-16 0)
(2 8.43664e-16 0)
(2 7.20052e-16 0)
(2 8.27649e-16 0)
(2 1.20167e-15 0)
(2 1.53385e-15 0)
(2 1.0965e-15 0)
(2 7.5563e-16 0)
(2 4.83903e-16 0)
(2 6.001e-16 0)
(2 1.94089e-16 0)
(2 -3.61994e-16 0)
(2 -3.5476e-16 0)
(2 -4.21428e-16 0)
(2 -5.69147e-16 0)
(2 -5.97574e-16 0)
(2 -4.88617e-16 0)
(2 -4.29769e-16 0)
(2 -1.02756e-16 0)
(2 1.86075e-16 0)
(2 4.50914e-16 0)
(2 5.92467e-16 0)
(2 6.69728e-16 0)
(2 6.02471e-16 0)
(2 6.34934e-16 0)
(2 5.6187e-16 0)
(2 5.70532e-16 0)
(2 5.96823e-16 0)
(2 3.92381e-16 0)
(2 1.94872e-16 0)
(2 1.91565e-16 0)
(2 1.22193e-16 0)
(2 2.09611e-16 0)
(2 4.31755e-17 0)
(2 -2.87601e-16 0)
(2 -3.55366e-16 0)
(2 -4.09062e-16 0)
(2 -5.57653e-16 0)
(2 -6.2201e-16 0)
(2 -5.18051e-16 0)
(2 -4.11394e-16 0)
(2 -2.84711e-16 0)
(2 -3.2609e-17 0)
(2 1.19905e-16 0)
(2 6.34726e-17 0)
(2 4.90788e-17 0)
(2 1.60295e-17 0)
(2 -2.89256e-16 0)
(2 -5.08885e-16 0)
(2 -5.77465e-16 0)
(2 -5.21888e-16 0)
(2 -2.543e-16 0)
(2 -1.84751e-16 0)
(2 -2.09999e-17 0)
(2 8.68667e-17 0)
(2 9.68278e-17 0)
(2 1.46174e-16 0)
(2 3.87576e-18 0)
(2 3.20678e-17 0)
(2 1.34389e-15 0)
(2 6.49918e-15 0)
(2 2.98724e-13 0)
(2 1.05406e-11 0)
(2 7.3222e-10 0)
(2 2.52263e-08 0)
(2 6.68004e-07 0)
(1.99999 1.23791e-05 0)
(1.9999 0.000121323 0)
(1.99899 0.00121367 0)
(1.9949 0.00588698 0)
(1.9749 0.0262625 0)
(1.91628 0.0800064 0)
(1.81348 0.16026 0)
(1.65188 0.296145 0)
(1.49171 0.41875 0)
(1.38686 0.473554 0)
(1.32124 0.5222 0)
(1.2816 0.565354 0)
(1.26658 0.56915 0)
(2 4.89329e-17 0)
(2 8.95347e-17 0)
(2 2.92913e-17 0)
(2 1.82128e-17 0)
(2 1.25201e-17 0)
(2 1.27727e-16 0)
(2 3.10846e-16 0)
(2 6.34046e-16 0)
(2 5.1423e-16 0)
(2 3.77841e-16 0)
(2 2.2768e-16 0)
(2 1.39629e-16 0)
(2 2.39674e-16 0)
(2 4.51753e-16 0)
(2 5.92495e-16 0)
(2 6.28916e-16 0)
(2 5.21658e-16 0)
(2 9.04246e-16 0)
(2 1.12018e-15 0)
(2 1.20787e-15 0)
(2 1.24057e-15 0)
(2 1.22463e-15 0)
(2 1.54763e-15 0)
(2 1.71568e-15 0)
(2 -4.68394e-17 0)
(2 -9.07127e-16 0)
(2 -9.16455e-16 0)
(2 -7.51813e-16 0)
(2 -6.76298e-16 0)
(2 -6.25977e-16 0)
(2 -4.73187e-16 0)
(2 -4.34824e-16 0)
(2 -2.70846e-16 0)
(2 -3.02378e-16 0)
(2 -4.27149e-16 0)
(2 1.65407e-16 0)
(2 5.69719e-16 0)
(2 7.70565e-16 0)
(2 8.21923e-16 0)
(2 9.41043e-16 0)
(2 1.19183e-15 0)
(2 1.12798e-15 0)
(2 1.07171e-15 0)
(2 9.56158e-16 0)
(2 7.41625e-16 0)
(2 6.2574e-16 0)
(2 6.39643e-16 0)
(2 6.5192e-16 0)
(2 2.86149e-16 0)
(2 2.41625e-16 0)
(2 1.02091e-16 0)
(2 -1.50323e-16 0)
(2 -2.73012e-16 0)
(2 -4.72066e-16 0)
(2 -5.28945e-16 0)
(2 -5.45079e-16 0)
(2 -6.19361e-16 0)
(2 -3.87986e-16 0)
(2 -2.3908e-16 0)
(2 -6.3996e-17 0)
(2 1.66426e-16 0)
(2 4.12333e-16 0)
(2 4.3062e-16 0)
(2 5.14735e-16 0)
(2 4.75446e-16 0)
(2 2.6038e-16 0)
(2 2.11413e-16 0)
(2 2.51468e-16 0)
(2 1.44192e-16 0)
(2 8.97043e-17 0)
(2 4.31846e-17 0)
(2 6.10614e-17 0)
(2 1.59469e-16 0)
(2 1.83479e-16 0)
(2 1.22763e-16 0)
(2 4.5111e-18 0)
(2 8.34977e-16 0)
(2 1.19862e-15 0)
(2 1.54192e-15 0)
(2 2.03104e-15 0)
(2 2.96043e-14 0)
(2 8.99896e-13 0)
(2 5.47056e-11 0)
(2 2.06636e-09 0)
(2 6.18451e-08 0)
(2 1.43028e-06 0)
(1.99999 1.70121e-05 0)
(1.99983 0.000209622 0)
(1.99886 0.00137197 0)
(1.99384 0.00673646 0)
(1.97082 0.0313528 0)
(1.92403 0.0718076 0)
(1.80933 0.167873 0)
(1.64959 0.308376 0)
(1.5399 0.39243 0)
(1.42389 0.472316 0)
(2 -7.02629e-18 0)
(2 1.37413e-17 0)
(2 1.24157e-18 0)
(2 -5.1469e-17 0)
(2 1.23469e-16 0)
(2 4.38553e-16 0)
(2 5.87633e-16 0)
(2 7.38242e-16 0)
(2 5.20075e-16 0)
(2 3.60161e-16 0)
(2 3.24877e-16 0)
(2 4.61897e-17 0)
(2 -8.0859e-17 0)
(2 4.05815e-17 0)
(2 3.319e-16 0)
(2 3.0975e-16 0)
(2 2.44734e-16 0)
(2 3.1931e-16 0)
(2 7.19622e-16 0)
(2 8.60635e-16 0)
(2 9.42832e-16 0)
(2 1.009e-15 0)
(2 7.63916e-16 0)
(2 7.84842e-16 0)
(2 1.63632e-16 0)
(2 -2.10687e-16 0)
(2 -3.54998e-16 0)
(2 -3.22069e-16 0)
(2 -3.66576e-16 0)
(2 -4.29838e-16 0)
(2 -3.87872e-16 0)
(2 -3.73938e-16 0)
(2 -2.5405e-16 0)
(2 -2.62497e-16 0)
(2 -1.2029e-16 0)
(2 5.66254e-17 0)
(2 2.49538e-16 0)
(2 3.51847e-16 0)
(2 3.19507e-16 0)
(2 6.28999e-16 0)
(2 9.84894e-16 0)
(2 9.46932e-16 0)
(2 9.54636e-16 0)
(2 9.14407e-16 0)
(2 8.87453e-16 0)
(2 8.92183e-16 0)
(2 7.89504e-16 0)
(2 2.36634e-16 0)
(2 -7.68044e-17 0)
(2 -4.01424e-16 0)
(2 -5.93497e-16 0)
(2 -5.54961e-16 0)
(2 -4.82928e-16 0)
(2 -5.03992e-16 0)
(2 -4.18041e-16 0)
(2 -3.90213e-16 0)
(2 -4.99e-16 0)
(2 -5.37051e-16 0)
(2 -5.63852e-16 0)
(2 -6.55457e-16 0)
(2 -7.53573e-16 0)
(2 -6.17271e-16 0)
(2 -5.25285e-16 0)
(2 -5.2342e-16 0)
(2 -5.49386e-16 0)
(2 -1.32799e-16 0)
(2 -7.4635e-17 0)
(2 -2.90421e-16 0)
(2 -5.21746e-16 0)
(2 -4.89953e-16 0)
(2 -4.31001e-16 0)
(2 -5.01756e-16 0)
(2 -4.4967e-16 0)
(2 -4.42588e-16 0)
(2 -3.92984e-16 0)
(2 -5.11042e-16 0)
(2 8.94784e-17 0)
(2 6.84995e-16 0)
(2 1.03519e-15 0)
(2 7.8237e-16 0)
(2 1.91061e-16 0)
(2 -3.18416e-16 0)
(2 1.11725e-15 0)
(2 6.97418e-14 0)
(2 2.50198e-12 0)
(2 1.18881e-10 0)
(2 3.91364e-09 0)
(2 1.23048e-07 0)
(2 1.79958e-06 0)
(1.99998 2.49551e-05 0)
(1.99981 0.000238928 0)
(1.99889 0.00134351 0)
(1.99261 0.00866357 0)
(1.97751 0.0235126 0)
(1.91553 0.0854098 0)
(1.83863 0.159354 0)
(2 -1.62703e-17 0)
(2 -5.25367e-17 0)
(2 -4.53372e-17 0)
(2 -3.14639e-17 0)
(2 8.39669e-17 0)
(2 1.67906e-16 0)
(2 1.60353e-16 0)
(2 9.31046e-17 0)
(2 -9.0015e-17 0)
(2 -1.33554e-16 0)
(2 -1.14177e-16 0)
(2 -1.37909e-16 0)
(2 -2.03032e-16 0)
(2 -1.92739e-16 0)
(2 -1.48644e-16 0)
(2 -9.77916e-17 0)
(2 1.30931e-16 0)
(2 2.7358e-16 0)
(2 4.40283e-16 0)
(2 3.93279e-16 0)
(2 2.13657e-16 0)
(2 2.01431e-16 0)
(2 5.37076e-17 0)
(2 -1.42079e-16 0)
(2 -3.59335e-17 0)
(2 -4.8094e-17 0)
(2 -1.00965e-16 0)
(2 -1.17573e-16 0)
(2 -1.47268e-17 0)
(2 -2.6189e-17 0)
(2 -1.38674e-16 0)
(2 -1.70963e-16 0)
(2 -2.47686e-16 0)
(2 2.50536e-17 0)
(2 1.7969e-16 0)
(2 2.01797e-16 0)
(2 3.62025e-16 0)
(2 3.97485e-16 0)
(2 4.72415e-16 0)
(2 5.74283e-16 0)
(2 6.82711e-16 0)
(2 7.28003e-16 0)
(2 7.9415e-16 0)
(2 7.44249e-16 0)
(2 7.86514e-16 0)
(2 9.00884e-16 0)
(2 4.50134e-16 0)
(2 -6.05909e-17 0)
(2 -2.74455e-16 0)
(2 -5.50436e-16 0)
(2 -6.92607e-16 0)
(2 -7.06965e-16 0)
(2 -6.51073e-16 0)
(2 -6.50531e-16 0)
(2 -6.88149e-16 0)
(2 -7.28349e-16 0)
(2 -7.28809e-16 0)
(2 -7.79595e-16 0)
(2 -7.823e-16 0)
(2 -8.94409e-16 0)
(2 -1.08662e-15 0)
(2 -1.07033e-15 0)
(2 -1.05958e-15 0)
(2 -1.09303e-15 0)
(2 -1.01322e-15 0)
(2 -7.21614e-16 0)
(2 -7.94673e-16 0)
(2 -8.6405e-16 0)
(2 -8.26161e-16 0)
(2 -9.33932e-16 0)
(2 -6.86569e-16 0)
(2 -6.66347e-16 0)
(2 -6.52073e-16 0)
(2 -5.49335e-16 0)
(2 -3.37202e-16 0)
(2 -2.85253e-16 0)
(2 -2.29604e-16 0)
(2 2.75751e-16 0)
(2 3.42347e-16 0)
(2 3.86162e-16 0)
(2 -4.30409e-17 0)
(2 -2.21627e-16 0)
(2 -2.78301e-16 0)
(2 -4.07944e-16 0)
(2 -4.27702e-16 0)
(2 3.27438e-15 0)
(2 1.40092e-13 0)
(2 4.57724e-12 0)
(2 1.68292e-10 0)
(2 5.8797e-09 0)
(2 1.34865e-07 0)
(2 1.78987e-06 0)
(1.99997 2.73745e-05 0)
(1.99983 0.000184194 0)
(1.99861 0.00118824 0)
(1.9932 0.00659993 0)
(1.30986 1.19505 0)
(1.50086 1.20863 0)
(1.5787 1.1723 0)
(1.64651 1.13048 0)
(1.66177 1.13058 0)
(1.60125 1.13567 0)
(1.58407 1.02983 0)
(1.69382 0.956389 0)
(1.75153 0.987207 0)
(1.7706 1.04531 0)
(1.78187 0.941452 0)
(1.83894 0.711357 0)
(1.9379 0.606717 0)
(1.97582 0.596248 0)
(2.022 0.612561 0)
(2.00286 0.53734 0)
(2.02493 0.358164 0)
(2.08481 0.221494 0)
(2.13645 0.17635 0)
(2.1648 0.133085 0)
(2.13798 0.0615414 0)
(2.11744 -0.040645 0)
(2.12639 -0.129763 0)
(2.12953 -0.122638 0)
(2.12425 -0.114178 0)
(2.09307 -0.209231 0)
(2.11148 -0.307746 0)
(2.12455 -0.28542 0)
(2.13397 -0.236371 0)
(2.08464 -0.26489 0)
(2.04994 -0.335889 0)
(2.03746 -0.350883 0)
(2.01461 -0.312012 0)
(1.9914 -0.298346 0)
(1.99454 -0.349312 0)
(2.01992 -0.356288 0)
(2.03521 -0.310325 0)
(2.03285 -0.302266 0)
(2.02514 -0.317049 0)
(2.02033 -0.317832 0)
(2.01117 -0.296442 0)
(2.00687 -0.2709 0)
(2.00563 -0.26494 0)
(2.014 -0.266343 0)
(2.03603 -0.25739 0)
(2.03756 -0.243705 0)
(2.02808 -0.235674 0)
(2.01926 -0.227006 0)
(2.00308 -0.215989 0)
(1.98785 -0.196138 0)
(1.97855 -0.173315 0)
(1.97022 -0.158057 0)
(1.97085 -0.150292 0)
(1.98377 -0.145419 0)
(1.98603 -0.13969 0)
(1.97139 -0.132184 0)
(1.95683 -0.124828 0)
(1.94407 -0.122332 0)
(1.93407 -0.114972 0)
(1.93071 -0.0998236 0)
(1.93272 -0.0882476 0)
(1.93812 -0.080168 0)
(1.93328 -0.0753871 0)
(1.92615 -0.0734568 0)
(1.921 -0.0669296 0)
(1.91171 -0.0555855 0)
(1.90697 -0.0504742 0)
(1.90682 -0.0502966 0)
(1.90976 -0.0478884 0)
(1.91847 -0.0386836 0)
(1.92711 -0.0294382 0)
(1.92885 -0.027511 0)
(1.92997 -0.0261553 0)
(1.92823 -0.0232717 0)
(1.92841 -0.0215645 0)
(1.93108 -0.021716 0)
(1.93371 -0.0220843 0)
(1.94074 -0.0212989 0)
(1.95482 -0.0175692 0)
(1.96429 -0.0136735 0)
(1.96524 -0.0128 0)
(1.9649 -0.0118286 0)
(1.96058 -0.0110679 0)
(1.95249 -0.0102958 0)
(1.94903 -0.00978001 0)
(1.94875 -0.00960421 0)
(1.94912 -0.00915787 0)
(1.95256 -0.00868389 0)
(1.962 -0.00920402 0)
(1.96681 -0.0104808 0)
(1.96595 -0.0110871 0)
(1.96468 -0.0118467 0)
(1.9613 -0.0128008 0)
(1.95877 -0.0130246 0)
(1.95794 -0.0128497 0)
(1.95706 -0.0123751 0)
(1.95767 -0.0117584 0)
(1.95593 -0.0114728 0)
(1.95293 -0.0114585 0)
(1.95046 -0.0118688 0)
(1.94769 -0.0132912 0)
(1.94654 -0.0146101 0)
(1.94606 -0.0150171 0)
(1.94632 -0.0151648 0)
(1.94984 -0.0148462 0)
(1.95703 -0.013988 0)
(1.95859 -0.0131124 0)
(1.95802 -0.0126175 0)
(1.95702 -0.0116961 0)
(1.95465 -0.0108311 0)
(1.95314 -0.0106221 0)
(1.95341 -0.0107685 0)
(1.95395 -0.0109839 0)
(1.95634 -0.0113633 0)
(1.96146 -0.0116342 0)
(1.96461 -0.0116486 0)
(1.96509 -0.0115765 0)
(1.96525 -0.011396 0)
(1.96412 -0.0110304 0)
(1.96385 -0.0108409 0)
(1.96464 -0.0108256 0)
(1.96561 -0.0107179 0)
(1.96893 -0.0104162 0)
(1.97714 -0.00952932 0)
(1.98325 -0.00857045 0)
(1.98435 -0.00816055 0)
(1.98494 -0.0073883 0)
(1.98224 -0.00664312 0)
(1.97407 -0.0062198 0)
(1.96949 -0.00637607 0)
(1.96976 -0.00659629 0)
(1.97022 -0.00681352 0)
(1.97167 -0.00716547 0)
(1.97589 -0.00760092 0)
(1.98276 -0.00804177 0)
(1.98585 -0.00828922 0)
(1.98625 -0.00839604 0)
(1.98691 -0.00870803 0)
(1.98786 -0.00893724 0)
(1.98921 -0.00898358 0)
(1.99262 -0.00866631 0)
(1.99617 -0.00781903 0)
(1.99722 -0.00744049 0)
(1.99822 -0.00665626 0)
(1.99829 -0.00593603 0)
(1.99636 -0.00544903 0)
(1.99399 -0.00543878 0)
(1.99407 -0.00565273 0)
(1.99482 -0.00574191 0)
(1.99583 -0.00587023 0)
(1.9982 -0.00604946 0)
(2.00409 -0.00614068 0)
(2.01028 -0.00598503 0)
(2.01244 -0.00589822 0)
(2.01325 -0.00579806 0)
(2.01403 -0.00542599 0)
(2.01405 -0.00469226 0)
(2.01254 -0.00402652 0)
(2.01079 -0.00330366 0)
(2.00976 -0.00252136 0)
(2.00876 -0.00260641 0)
(2.00728 -0.00383789 0)
(2.00673 -0.00445828 0)
(2.00585 -0.00603607 0)
(2.0045 -0.0085671 0)
(2.00222 -0.012615 0)
(1.99889 -0.017818 0)
(1.99598 -0.02341 0)
(1.99417 -0.0323975 0)
(1.98824 -0.046519 0)
(1.97823 -0.0589824 0)
(1.96321 -0.0710133 0)
(1.94139 -0.0885974 0)
(1.92221 -0.101057 0)
(1.90041 -0.116829 0)
(1.87669 -0.139286 0)
(1.86041 -0.148354 0)
(1.84254 -0.163586 0)
(1.82663 -0.18043 0)
(1.81528 -0.183923 0)
(1.80036 -0.196812 0)
(1.78714 -0.206702 0)
(1.77449 -0.209622 0)
(1.76223 -0.218014 0)
(1.75374 -0.217349 0)
(1.74693 -0.214617 0)
(1.73919 -0.218543 0)
(1.73243 -0.211504 0)
(1.72605 -0.207177 0)
(1.72082 -0.210648 0)
(1.71515 -0.199201 0)
(1.71073 -0.192853 0)
(1.70814 -0.198593 0)
(1.70533 -0.188697 0)
(1.70368 -0.183836 0)
(1.70373 -0.182935 0)
(1.70255 -0.168859 0)
(1.70072 -0.165943 0)
(1.69828 -0.160736 0)
(1.69039 -0.152781 0)
(1.68463 -0.146999 0)
(1.67773 -0.13967 0)
(1.6724 -0.130058 0)
(1.67021 -0.122645 0)
(1.67132 -0.113092 0)
(1.67589 -0.101173 0)
(1.67969 -0.0895357 0)
(1.67984 -0.0795881 0)
(1.67666 -0.0696922 0)
(1.6716 -0.0604384 0)
(1.66618 -0.0513549 0)
(1.66286 -0.0426132 0)
(1.66352 -0.0365696 0)
(1.66769 -0.0300994 0)
(1.67286 -0.0225267 0)
(1.67512 -0.017152 0)
(1.67653 -0.0119967 0)
(1.67673 -0.0064346 0)
(1.67609 -0.000635418 0)
(1.67661 0.00280595 0)
(1.67992 0.00571609 0)
(1.68385 0.00862644 0)
(1.68768 0.0107312 0)
(1.69118 0.0130398 0)
(1.69296 0.0173191 0)
(1.69282 0.0210303 0)
(1.6954 0.0222458 0)
(1.69935 0.0220633 0)
(1.70242 0.0214286 0)
(1.70647 0.0206994 0)
(1.71022 0.0201175 0)
(1.71468 0.0197816 0)
(1.71943 0.0190691 0)
(1.72306 0.0183121 0)
(1.72349 0.017841 0)
(1.71862 0.0179147 0)
(1.71593 0.0187237 0)
(1.71928 0.0194271 0)
(1.72301 0.0202464 0)
(1.72701 0.0212641 0)
(1.73303 0.0219858 0)
(1.74315 0.0220342 0)
(1.74961 0.0214965 0)
(1.75328 0.0206227 0)
(1.7577 0.0185871 0)
(1.76154 0.0165136 0)
(1.76285 0.0150848 0)
(1.75599 0.0152999 0)
(1.74481 0.0174373 0)
(1.74538 0.0193332 0)
(1.74932 0.0202039 0)
(1.75315 0.0210721 0)
(1.7571 0.0216477 0)
(1.76255 0.021851 0)
(1.77274 0.02085 0)
(1.78483 0.0183223 0)
(1.7896 0.0168688 0)
(1.79365 0.015568 0)
(1.7979 0.0143226 0)
(1.80182 0.0137099 0)
(1.80333 0.014237 0)
(1.79833 0.0165107 0)
(1.79312 0.0189453 0)
(1.79521 0.0196695 0)
(1.79786 0.019872 0)
(1.80079 0.0194029 0)
(1.80488 0.0181 0)
(1.81304 0.0159274 0)
(1.82197 0.0133657 0)
(1.82616 0.0125196 0)
(1.83085 0.0116365 0)
(1.83445 0.0117909 0)
(1.83403 0.0133022 0)
(1.82375 0.0161921 0)
(1.8131 0.0184698 0)
(1.81452 0.0188235 0)
(1.81737 0.0186721 0)
(1.8205 0.0179454 0)
(1.82455 0.017004 0)
(1.83294 0.0161682 0)
(1.84717 0.0155893 0)
(1.85564 0.0154266 0)
(1.85923 0.0154315 0)
(1.8634 0.0154686 0)
(1.86695 0.0154677 0)
(1.86874 0.0153754 0)
(1.86649 0.0152326 0)
(1.85936 0.0151798 0)
(1.85792 0.0152513 0)
(1.86015 0.0153819 0)
(1.86276 0.0159869 0)
(1.86618 0.0163964 0)
(1.8698 0.0171244 0)
(1.87312 0.0177942 0)
(1.87659 0.0179237 0)
(1.87986 0.0175366 0)
(1.88131 0.0169663 0)
(1.87847 0.0164655 0)
(1.87111 0.0161975 0)
(1.8686 0.0164831 0)
(1.8697 0.0169163 0)
(1.87181 0.0171847 0)
(1.87468 0.0173441 0)
(1.87988 0.0172941 0)
(1.88622 0.016872 0)
(1.89043 0.0166805 0)
(1.89555 0.016703 0)
(1.90004 0.0169109 0)
(1.90375 0.0171798 0)
(1.9064 0.0174715 0)
(1.90725 0.0176305 0)
(1.90907 0.0176332 0)
(1.91221 0.0176186 0)
(1.91533 0.0175736 0)
(1.91822 0.0176133 0)
(1.92104 0.0177677 0)
(1.92294 0.0180921 0)
(1.92123 0.0186172 0)
(1.91217 0.0194014 0)
(1.90444 0.0198729 0)
(1.90449 0.0198551 0)
(1.90611 0.019736 0)
(1.90766 0.0196503 0)
(1.90834 0.0196188 0)
(1.90837 0.019698 0)
(1.9095 0.0198449 0)
(1.91162 0.019984 0)
(1.91453 0.0201042 0)
(1.91796 0.0201547 0)
(1.92138 0.0202025 0)
(1.92489 0.020185 0)
(1.92877 0.0201236 0)
(1.93307 0.0201752 0)
(1.93655 0.0202866 0)
(1.93938 0.0203114 0)
(1.94103 0.0202213 0)
(1.94166 0.0201837 0)
(1.94085 0.0201844 0)
(1.93434 0.0203197 0)
(1.9243 0.0204708 0)
(1.92122 0.0205079 0)
(1.92188 0.0205688 0)
(1.92468 0.0206449 0)
(1.9279 0.0206949 0)
(1.93104 0.0207758 0)
(1.93398 0.0209277 0)
(1.93625 0.0210759 0)
(1.93809 0.0211839 0)
(1.93886 0.0213449 0)
(1.93546 0.0215752 0)
(1.92623 0.0218383 0)
(1.92188 0.0218058 0)
(1.92251 0.021593 0)
(1.92366 0.0213944 0)
(1.92515 0.0211319 0)
(1.9278 0.0208119 0)
(1.93438 0.0204902 0)
(1.9413 0.0203741 0)
(1.94369 0.0204135 0)
(1.94639 0.0205795 0)
(1.94845 0.0207447 0)
(1.94866 0.0209453 0)
(1.94383 0.0211864 0)
(1.93387 0.021381 0)
(1.93031 0.0213353 0)
(1.93051 0.0212444 0)
(1.93115 0.0209875 0)
(1.93307 0.0205452 0)
(1.93633 0.0201233 0)
(1.93745 0.0200249 0)
(1.93849 0.0200627 0)
(1.93911 0.0202201 0)
(1.93783 0.0204168 0)
(1.93174 0.0205674 0)
(1.92176 0.0206674 0)
(1.91935 0.0206563 0)
(1.92143 0.0206108 0)
(1.92366 0.0204157 0)
(1.92592 0.0200121 0)
(1.92929 0.0197166 0)
(1.93695 0.0197701 0)
(1.9509 0.0200617 0)
(1.95948 0.0205019 0)
(1.96136 0.0206617 0)
(1.33904 1.01962 0)
(1.55644 1.03096 0)
(1.73782 0.957838 0)
(1.89211 0.803031 0)
(1.98124 0.767839 0)
(2.03113 0.800959 0)
(2.10181 0.717679 0)
(2.16655 0.498774 0)
(2.17347 0.379087 0)
(2.19286 0.405524 0)
(2.20202 0.382583 0)
(2.24958 0.240908 0)
(2.24365 0.059844 0)
(2.23676 0.018938 0)
(2.24172 0.00891253 0)
(2.26366 -0.0447659 0)
(2.28594 -0.119503 0)
(2.28706 -0.211209 0)
(2.27286 -0.232135 0)
(2.27542 -0.285045 0)
(2.28004 -0.336723 0)
(2.28636 -0.40948 0)
(2.27478 -0.43163 0)
(2.26586 -0.452877 0)
(2.26773 -0.471455 0)
(2.27929 -0.48579 0)
(2.2846 -0.527985 0)
(2.2697 -0.55538 0)
(2.26721 -0.553419 0)
(2.27116 -0.553341 0)
(2.27795 -0.558674 0)
(2.27754 -0.570949 0)
(2.2785 -0.579486 0)
(2.28588 -0.569475 0)
(2.27786 -0.558858 0)
(2.26564 -0.543674 0)
(2.24661 -0.528352 0)
(2.22131 -0.509417 0)
(2.20367 -0.48834 0)
(2.19061 -0.468625 0)
(2.17311 -0.45823 0)
(2.1509 -0.425115 0)
(2.1433 -0.373105 0)
(2.14407 -0.350361 0)
(2.14814 -0.338835 0)
(2.13312 -0.313074 0)
(2.11209 -0.287888 0)
(2.09791 -0.280313 0)
(2.08464 -0.273858 0)
(2.06702 -0.244048 0)
(2.06036 -0.211737 0)
(2.0592 -0.193031 0)
(2.06123 -0.181895 0)
(2.06713 -0.173008 0)
(2.06787 -0.16014 0)
(2.05491 -0.141367 0)
(2.0424 -0.127691 0)
(2.02922 -0.126086 0)
(2.0173 -0.121626 0)
(2.00901 -0.0963082 0)
(2.01284 -0.0697514 0)
(2.01636 -0.0605569 0)
(2.01413 -0.0539455 0)
(1.99972 -0.0489309 0)
(1.98822 -0.0407426 0)
(1.97736 -0.0235914 0)
(1.96908 -0.0179613 0)
(1.96311 -0.0201635 0)
(1.96652 -0.0211692 0)
(1.97765 -0.0105388 0)
(1.98204 -0.00149943 0)
(1.97917 -0.000877281 0)
(1.97802 -0.000550662 0)
(1.97604 0.0005371 0)
(1.97376 -1.95412e-05 0)
(1.97306 -0.000161357 0)
(1.97353 -0.000255354 0)
(1.9766 0.000505572 0)
(1.98874 0.00376681 0)
(1.99772 0.00659953 0)
(1.99574 0.00655589 0)
(1.99294 0.00539953 0)
(1.98728 0.00248003 0)
(1.9776 -0.000763723 0)
(1.97219 -0.00231277 0)
(1.96986 -0.00310406 0)
(1.96693 -0.00502365 0)
(1.96864 -0.0074619 0)
(1.97781 -0.0113156 0)
(1.98154 -0.0157918 0)
(1.98043 -0.0183657 0)
(1.97766 -0.023862 0)
(1.97525 -0.0312449 0)
(1.97519 -0.0338131 0)
(1.97567 -0.0345796 0)
(1.97777 -0.0345369 0)
(1.981 -0.0331147 0)
(1.98162 -0.031485 0)
(1.98099 -0.0301314 0)
(1.97903 -0.02896 0)
(1.97553 -0.0297674 0)
(1.97403 -0.0307996 0)
(1.97458 -0.0307912 0)
(1.97524 -0.030372 0)
(1.97801 -0.0292028 0)
(1.98413 -0.0268441 0)
(1.98669 -0.0238892 0)
(1.9863 -0.0219992 0)
(1.9852 -0.019765 0)
(1.98282 -0.0162437 0)
(1.98075 -0.0133811 0)
(1.98068 -0.0127485 0)
(1.98119 -0.0125693 0)
(1.98383 -0.0118712 0)
(1.98853 -0.010634 0)
(1.99011 -0.00981872 0)
(1.98994 -0.0093894 0)
(1.98924 -0.00864923 0)
(1.9867 -0.00759093 0)
(1.98459 -0.00738904 0)
(1.98424 -0.00764794 0)
(1.98445 -0.00808588 0)
(1.98676 -0.00862543 0)
(1.99391 -0.00873936 0)
(2.0012 -0.00832291 0)
(2.00273 -0.00785432 0)
(2.00346 -0.00720077 0)
(2.00267 -0.00601544 0)
(1.99672 -0.00492134 0)
(1.98954 -0.00476688 0)
(1.98865 -0.00521301 0)
(1.98902 -0.00544561 0)
(1.99012 -0.00561267 0)
(1.99335 -0.00538492 0)
(1.99826 -0.00579317 0)
(2.00043 -0.00633032 0)
(2.0007 -0.00651581 0)
(2.00112 -0.00716413 0)
(2.00201 -0.00781379 0)
(2.00328 -0.00811935 0)
(2.00648 -0.00799571 0)
(2.01085 -0.00699223 0)
(2.01228 -0.00620013 0)
(2.01374 -0.00466507 0)
(2.01435 -0.00278328 0)
(2.01276 -0.001082 0)
(2.00866 0.000365181 0)
(2.00759 0.00114591 0)
(2.00846 0.00135835 0)
(2.00932 0.00137454 0)
(2.01081 0.00109242 0)
(2.01474 0.000837419 0)
(2.02055 -9.61967e-05 0)
(2.02418 -0.00209197 0)
(2.02479 -0.00487475 0)
(2.02448 -0.00826973 0)
(2.02337 -0.0108775 0)
(2.02119 -0.0135003 0)
(2.01595 -0.0187428 0)
(2.0101 -0.0271175 0)
(2.00394 -0.0367921 0)
(1.99416 -0.0513441 0)
(1.98494 -0.0683937 0)
(1.97397 -0.0887272 0)
(1.9593 -0.11963 0)
(1.95317 -0.13941 0)
(1.94226 -0.167034 0)
(1.92843 -0.214679 0)
(1.9312 -0.232161 0)
(1.92556 -0.256859 0)
(1.90463 -0.300037 0)
(1.90015 -0.31365 0)
(1.887 -0.333776 0)
(1.86804 -0.370747 0)
(1.86461 -0.38187 0)
(1.85584 -0.398242 0)
(1.84949 -0.422226 0)
(1.85207 -0.424973 0)
(1.84651 -0.435231 0)
(1.84296 -0.444549 0)
(1.84108 -0.44685 0)
(1.83952 -0.448316 0)
(1.84003 -0.445874 0)
(1.8388 -0.439963 0)
(1.83107 -0.429132 0)
(1.82092 -0.417806 0)
(1.81103 -0.403844 0)
(1.80073 -0.388227 0)
(1.7892 -0.371272 0)
(1.77765 -0.35275 0)
(1.76848 -0.337187 0)
(1.76186 -0.323589 0)
(1.75555 -0.300973 0)
(1.75333 -0.275019 0)
(1.75594 -0.2508 0)
(1.75832 -0.22117 0)
(1.75227 -0.189591 0)
(1.75101 -0.169455 0)
(1.7472 -0.149967 0)
(1.73787 -0.129281 0)
(1.73523 -0.110585 0)
(1.72786 -0.0889391 0)
(1.72359 -0.0687722 0)
(1.72288 -0.056824 0)
(1.72257 -0.0401779 0)
(1.72534 -0.0287445 0)
(1.72877 -0.0215208 0)
(1.72879 -0.00973414 0)
(1.72215 0.00167092 0)
(1.71804 0.0125214 0)
(1.71025 0.0229917 0)
(1.70423 0.0349682 0)
(1.70079 0.0401845 0)
(1.69966 0.0448025 0)
(1.69923 0.0516131 0)
(1.69758 0.0562423 0)
(1.69358 0.0564107 0)
(1.69067 0.0548358 0)
(1.6902 0.0525288 0)
(1.69257 0.0521288 0)
(1.69787 0.0535064 0)
(1.70063 0.055696 0)
(1.69992 0.0565955 0)
(1.69951 0.0587909 0)
(1.69833 0.0618305 0)
(1.69755 0.0632921 0)
(1.69877 0.06223 0)
(1.70168 0.0600644 0)
(1.70481 0.0578597 0)
(1.71013 0.0552331 0)
(1.7177 0.0518402 0)
(1.72136 0.0498798 0)
(1.72532 0.0473014 0)
(1.72855 0.0437795 0)
(1.7298 0.0403619 0)
(1.72725 0.0385016 0)
(1.72295 0.0386021 0)
(1.72524 0.0387634 0)
(1.72947 0.0387214 0)
(1.73398 0.0385169 0)
(1.74012 0.038134 0)
(1.75151 0.0366883 0)
(1.75996 0.0336049 0)
(1.76478 0.0299597 0)
(1.76935 0.0242665 0)
(1.77229 0.0183003 0)
(1.7733 0.0140294 0)
(1.76824 0.0125996 0)
(1.75667 0.014798 0)
(1.75475 0.01778 0)
(1.75917 0.0196044 0)
(1.76374 0.0214806 0)
(1.76862 0.0232454 0)
(1.77421 0.0242017 0)
(1.78334 0.0233934 0)
(1.79479 0.0194892 0)
(1.80082 0.0155136 0)
(1.80431 0.0132229 0)
(1.80815 0.0115494 0)
(1.81141 0.0108064 0)
(1.81179 0.0111902 0)
(1.80519 0.0133132 0)
(1.80034 0.0165429 0)
(1.80358 0.0178598 0)
(1.80743 0.0182643 0)
(1.81174 0.0178104 0)
(1.81695 0.0162901 0)
(1.82564 0.0137439 0)
(1.83353 0.0110556 0)
(1.83718 0.0101713 0)
(1.84108 0.00929944 0)
(1.84408 0.00985582 0)
(1.84332 0.0118448 0)
(1.83271 0.0150679 0)
(1.82105 0.0178882 0)
(1.82296 0.0185087 0)
(1.82661 0.0184547 0)
(1.83036 0.0178742 0)
(1.83476 0.0170543 0)
(1.84348 0.0165784 0)
(1.85759 0.0167118 0)
(1.8652 0.0169121 0)
(1.8692 0.017079 0)
(1.87365 0.0174361 0)
(1.87745 0.0177344 0)
(1.87949 0.0177856 0)
(1.87727 0.0174624 0)
(1.86906 0.0168638 0)
(1.86635 0.016569 0)
(1.86873 0.0166033 0)
(1.8718 0.0169902 0)
(1.87579 0.0174315 0)
(1.88021 0.0186714 0)
(1.88422 0.0200415 0)
(1.88817 0.0205799 0)
(1.89201 0.0201647 0)
(1.89434 0.0195189 0)
(1.89298 0.0191796 0)
(1.88551 0.0193644 0)
(1.87989 0.0198126 0)
(1.88044 0.020426 0)
(1.88278 0.0209829 0)
(1.88591 0.021331 0)
(1.89054 0.021394 0)
(1.89833 0.02071 0)
(1.90296 0.02067 0)
(1.90863 0.0210212 0)
(1.91385 0.022097 0)
(1.91802 0.0233734 0)
(1.92133 0.0246956 0)
(1.92312 0.0261677 0)
(1.92288 0.0271831 0)
(1.92426 0.026947 0)
(1.92685 0.0261361 0)
(1.92923 0.0246486 0)
(1.93145 0.0232981 0)
(1.93317 0.0220033 0)
(1.93272 0.0209077 0)
(1.92688 0.0210681 0)
(1.92031 0.0224734 0)
(1.92043 0.0235562 0)
(1.92259 0.0242953 0)
(1.92466 0.0250674 0)
(1.92561 0.0259827 0)
(1.92505 0.0268333 0)
(1.92544 0.0273797 0)
(1.92745 0.0278394 0)
(1.93033 0.0282332 0)
(1.93376 0.0283709 0)
(1.93716 0.0284449 0)
(1.94061 0.0283856 0)
(1.94429 0.0280673 0)
(1.94858 0.0276894 0)
(1.95232 0.0274371 0)
(1.95519 0.0271055 0)
(1.95721 0.0266724 0)
(1.95867 0.026501 0)
(1.95937 0.0264143 0)
(1.95571 0.027255 0)
(1.94552 0.0288433 0)
(1.9402 0.0292231 0)
(1.94047 0.029202 0)
(1.94268 0.0293038 0)
(1.94574 0.0293522 0)
(1.94863 0.029292 0)
(1.95144 0.0289878 0)
(1.95365 0.0286186 0)
(1.95544 0.028399 0)
(1.95665 0.0281783 0)
(1.9552 0.0281673 0)
(1.94783 0.0288124 0)
(1.94224 0.0296325 0)
(1.94285 0.0300587 0)
(1.94434 0.0303178 0)
(1.9461 0.0305477 0)
(1.94838 0.0308015 0)
(1.95378 0.0307854 0)
(1.96082 0.0303836 0)
(1.96332 0.0302197 0)
(1.96586 0.0300327 0)
(1.96792 0.0297832 0)
(1.96873 0.0296033 0)
(1.9659 0.0298469 0)
(1.95665 0.0308041 0)
(1.95024 0.0311738 0)
(1.95001 0.0309356 0)
(1.95044 0.0305883 0)
(1.9519 0.0298487 0)
(1.95486 0.02879 0)
(1.95639 0.028239 0)
(1.95735 0.0278673 0)
(1.95834 0.0273631 0)
(1.95812 0.0274007 0)
(1.95421 0.0284901 0)
(1.94513 0.0307863 0)
(1.94085 0.0326684 0)
(1.94256 0.0333214 0)
(1.94474 0.0336997 0)
(1.94685 0.034137 0)
(1.94937 0.034153 0)
(1.95502 0.03319 0)
(1.96699 0.0316594 0)
(1.97719 0.0301706 0)
(1.97934 0.0298696 0)
(1.24099 0.884794 0)
(1.35686 0.864606 0)
(1.48574 0.817936 0)
(1.58311 0.79198 0)
(1.65885 0.784664 0)
(1.75826 0.729924 0)
(1.84923 0.628151 0)
(1.89585 0.587299 0)
(1.92755 0.592486 0)
(1.97804 0.542924 0)
(2.04528 0.419995 0)
(2.06321 0.332523 0)
(2.08 0.335727 0)
(2.09997 0.333845 0)
(2.1579 0.273399 0)
(2.18711 0.159017 0)
(2.18157 0.103143 0)
(2.18709 0.108055 0)
(2.19822 0.0917857 0)
(2.23322 0.0323771 0)
(2.24034 -0.0470367 0)
(2.23033 -0.0826848 0)
(2.23428 -0.0753331 0)
(2.24242 -0.0841175 0)
(2.27806 -0.130593 0)
(2.28123 -0.194136 0)
(2.27148 -0.216874 0)
(2.2656 -0.214585 0)
(2.25483 -0.222806 0)
(2.27289 -0.252804 0)
(2.28526 -0.287984 0)
(2.2858 -0.308102 0)
(2.29113 -0.307731 0)
(2.30271 -0.317706 0)
(2.30595 -0.332092 0)
(2.29793 -0.341438 0)
(2.28182 -0.364064 0)
(2.27488 -0.382077 0)
(2.27513 -0.387201 0)
(2.27951 -0.398526 0)
(2.28659 -0.403126 0)
(2.29444 -0.40302 0)
(2.29522 -0.413318 0)
(2.28897 -0.435211 0)
(2.2891 -0.445448 0)
(2.28311 -0.441475 0)
(2.27324 -0.429563 0)
(2.25369 -0.433373 0)
(2.23927 -0.448328 0)
(2.22838 -0.446079 0)
(2.22224 -0.428678 0)
(2.22524 -0.408571 0)
(2.22909 -0.392238 0)
(2.225 -0.387964 0)
(2.21598 -0.384047 0)
(2.20318 -0.370559 0)
(2.19561 -0.351883 0)
(2.19463 -0.340182 0)
(2.19464 -0.33443 0)
(2.19232 -0.308684 0)
(2.19768 -0.269953 0)
(2.20391 -0.257709 0)
(2.20663 -0.252184 0)
(2.18925 -0.233679 0)
(2.1692 -0.214451 0)
(2.1589 -0.188462 0)
(2.15036 -0.167105 0)
(2.13969 -0.153952 0)
(2.13316 -0.136813 0)
(2.13074 -0.111179 0)
(2.12591 -0.103608 0)
(2.1136 -0.094957 0)
(2.09332 -0.0875987 0)
(2.07588 -0.0761095 0)
(2.0616 -0.0716353 0)
(2.04951 -0.0648425 0)
(2.04465 -0.0573541 0)
(2.04489 -0.0539252 0)
(2.05235 -0.0497438 0)
(2.05576 -0.0426585 0)
(2.04881 -0.0392999 0)
(2.04062 -0.0343571 0)
(2.03171 -0.0330911 0)
(2.02601 -0.0324832 0)
(2.02207 -0.0290903 0)
(2.01843 -0.0255285 0)
(2.01443 -0.0225101 0)
(2.01581 -0.0209706 0)
(2.01966 -0.0191345 0)
(2.01904 -0.0178005 0)
(2.01774 -0.0165559 0)
(2.01503 -0.0166902 0)
(2.01419 -0.0171065 0)
(2.01433 -0.0160914 0)
(2.01605 -0.0132482 0)
(2.02158 -0.00924695 0)
(2.02578 -0.00582161 0)
(2.02597 -0.00423427 0)
(2.02447 -0.00217093 0)
(2.02063 -0.001871 0)
(2.01418 -0.00563087 0)
(2.01083 -0.0099767 0)
(2.01187 -0.0114763 0)
(2.01308 -0.0119212 0)
(2.01557 -0.0123379 0)
(2.01851 -0.0136976 0)
(2.01923 -0.015325 0)
(2.01877 -0.017039 0)
(2.0175 -0.0204686 0)
(2.01702 -0.0234404 0)
(2.01771 -0.0246693 0)
(2.01944 -0.0250981 0)
(2.02254 -0.0251768 0)
(2.02708 -0.0261507 0)
(2.02894 -0.0274397 0)
(2.02826 -0.0278141 0)
(2.02654 -0.0285564 0)
(2.02156 -0.0302312 0)
(2.01608 -0.032119 0)
(2.01451 -0.0327482 0)
(2.01389 -0.0329103 0)
(2.01393 -0.0330097 0)
(2.01738 -0.0327641 0)
(2.02499 -0.031985 0)
(2.02889 -0.0315555 0)
(2.02944 -0.0314774 0)
(2.02994 -0.0310475 0)
(2.02881 -0.0299081 0)
(2.02395 -0.0278669 0)
(2.01987 -0.0257872 0)
(2.01996 -0.0249166 0)
(2.02059 -0.0244048 0)
(2.02234 -0.0229021 0)
(2.0235 -0.0209174 0)
(2.0236 -0.0201097 0)
(2.02352 -0.0195939 0)
(2.02337 -0.0191434 0)
(2.02363 -0.0188647 0)
(2.02415 -0.0187694 0)
(2.02534 -0.018561 0)
(2.02928 -0.01772 0)
(2.03483 -0.0152231 0)
(2.03692 -0.0128431 0)
(2.03752 -0.010665 0)
(2.0375 -0.00802791 0)
(2.03493 -0.00613265 0)
(2.02944 -0.00722604 0)
(2.02708 -0.00893447 0)
(2.02575 -0.0110928 0)
(2.02413 -0.0157202 0)
(2.02306 -0.0211632 0)
(2.0218 -0.0300215 0)
(2.01959 -0.0440193 0)
(2.01782 -0.0578021 0)
(2.0148 -0.0707476 0)
(2.0052 -0.0941603 0)
(1.99643 -0.116669 0)
(1.99102 -0.131462 0)
(1.96884 -0.164786 0)
(1.95208 -0.194716 0)
(1.94378 -0.208817 0)
(1.9143 -0.246563 0)
(1.89736 -0.279379 0)
(1.88905 -0.293201 0)
(1.86697 -0.33125 0)
(1.86025 -0.364497 0)
(1.86594 -0.369723 0)
(1.8631 -0.394887 0)
(1.86034 -0.410413 0)
(1.8586 -0.416267 0)
(1.84649 -0.427307 0)
(1.83646 -0.443741 0)
(1.83187 -0.449743 0)
(1.8246 -0.457826 0)
(1.8228 -0.460803 0)
(1.82346 -0.464698 0)
(1.82339 -0.471552 0)
(1.82234 -0.47773 0)
(1.82266 -0.481288 0)
(1.8245 -0.485185 0)
(1.82944 -0.488769 0)
(1.83899 -0.487261 0)
(1.85092 -0.483221 0)
(1.85771 -0.479017 0)
(1.85965 -0.475649 0)
(1.86027 -0.471398 0)
(1.85898 -0.466536 0)
(1.85144 -0.463238 0)
(1.84195 -0.460702 0)
(1.83961 -0.458668 0)
(1.83933 -0.457122 0)
(1.83977 -0.452357 0)
(1.84438 -0.444092 0)
(1.85445 -0.430176 0)
(1.86186 -0.415659 0)
(1.86521 -0.404979 0)
(1.86604 -0.392739 0)
(1.85964 -0.381777 0)
(1.85455 -0.370648 0)
(1.8487 -0.357585 0)
(1.84282 -0.342653 0)
(1.83728 -0.323791 0)
(1.83455 -0.303411 0)
(1.83399 -0.286329 0)
(1.8324 -0.265551 0)
(1.83255 -0.243935 0)
(1.83673 -0.229656 0)
(1.84448 -0.207056 0)
(1.84753 -0.176647 0)
(1.84869 -0.158925 0)
(1.83757 -0.140159 0)
(1.8267 -0.120156 0)
(1.82006 -0.10714 0)
(1.81265 -0.0930197 0)
(1.80664 -0.0785754 0)
(1.80011 -0.0649203 0)
(1.79124 -0.0516034 0)
(1.78267 -0.0409411 0)
(1.77554 -0.0315602 0)
(1.77299 -0.0193724 0)
(1.77346 -0.00687326 0)
(1.76829 0.00290898 0)
(1.75933 0.00861546 0)
(1.75029 0.0177739 0)
(1.74094 0.0277097 0)
(1.73283 0.0349798 0)
(1.72543 0.0419215 0)
(1.72273 0.0456756 0)
(1.72246 0.046587 0)
(1.72519 0.0480866 0)
(1.73374 0.0502602 0)
(1.74204 0.0523331 0)
(1.74353 0.0532913 0)
(1.74377 0.0548755 0)
(1.74283 0.0570163 0)
(1.74023 0.0585369 0)
(1.73579 0.0614881 0)
(1.73381 0.0647218 0)
(1.7366 0.0657609 0)
(1.74035 0.0660508 0)
(1.74563 0.0664529 0)
(1.75741 0.0664045 0)
(1.76851 0.0653481 0)
(1.77304 0.0646094 0)
(1.77781 0.0617384 0)
(1.78077 0.0570003 0)
(1.78129 0.0525704 0)
(1.7781 0.0503154 0)
(1.76986 0.0510111 0)
(1.76483 0.0530136 0)
(1.76882 0.0537146 0)
(1.77388 0.0539245 0)
(1.77942 0.0541956 0)
(1.78616 0.0545338 0)
(1.79614 0.0549646 0)
(1.80483 0.0543531 0)
(1.81021 0.0528024 0)
(1.81482 0.0507509 0)
(1.81838 0.048566 0)
(1.82016 0.046628 0)
(1.81611 0.0446596 0)
(1.80627 0.0433979 0)
(1.80618 0.0443276 0)
(1.81109 0.0454829 0)
(1.81645 0.0466839 0)
(1.82265 0.0478883 0)
(1.83035 0.0486044 0)
(1.83872 0.04781 0)
(1.84411 0.0455642 0)
(1.84697 0.0440429 0)
(1.8496 0.0430141 0)
(1.85096 0.0424651 0)
(1.84663 0.0427174 0)
(1.83261 0.043344 0)
(1.82599 0.0446843 0)
(1.82983 0.0460628 0)
(1.8342 0.0469373 0)
(1.8386 0.047679 0)
(1.84361 0.0481187 0)
(1.85373 0.048942 0)
(1.8666 0.0502768 0)
(1.87119 0.0507184 0)
(1.87542 0.0513246 0)
(1.87933 0.0522092 0)
(1.88252 0.0530189 0)
(1.88313 0.0534595 0)
(1.87733 0.052774 0)
(1.8688 0.0512925 0)
(1.86949 0.0508165 0)
(1.87248 0.0507139 0)
(1.87613 0.0507247 0)
(1.88092 0.0517526 0)
(1.88516 0.053473 0)
(1.88906 0.0553903 0)
(1.8929 0.0571913 0)
(1.89668 0.0579471 0)
(1.89922 0.057833 0)
(1.89824 0.057002 0)
(1.89028 0.0552769 0)
(1.88384 0.0537548 0)
(1.88516 0.0534074 0)
(1.88772 0.0536323 0)
(1.89087 0.0539949 0)
(1.89501 0.0543855 0)
(1.9034 0.0543846 0)
(1.91189 0.0544193 0)
(1.91634 0.055506 0)
(1.92133 0.0567748 0)
(1.92533 0.0580287 0)
(1.92867 0.0590855 0)
(1.93102 0.0601793 0)
(1.93098 0.0612391 0)
(1.92701 0.0614456 0)
(1.92429 0.0602068 0)
(1.9254 0.0589747 0)
(1.92746 0.0580976 0)
(1.92924 0.0572716 0)
(1.92984 0.0565182 0)
(1.92921 0.05635 0)
(1.92976 0.0574104 0)
(1.93184 0.0588672 0)
(1.93412 0.0602151 0)
(1.93578 0.0615252 0)
(1.93515 0.0627464 0)
(1.9317 0.0635191 0)
(1.93129 0.0637207 0)
(1.93353 0.0638685 0)
(1.93625 0.0641176 0)
(1.93949 0.0643173 0)
(1.94281 0.0644605 0)
(1.94623 0.0645418 0)
(1.95007 0.0645723 0)
(1.95459 0.0645978 0)
(1.95806 0.0645074 0)
(1.96056 0.0644595 0)
(1.9629 0.0644542 0)
(1.96505 0.0644791 0)
(1.96663 0.0647364 0)
(1.96501 0.0654148 0)
(1.95604 0.0663415 0)
(1.94924 0.0665809 0)
(1.9501 0.0663834 0)
(1.95213 0.066441 0)
(1.95426 0.0666858 0)
(1.95633 0.0670142 0)
(1.9582 0.0673111 0)
(1.95995 0.0674596 0)
(1.96158 0.067422 0)
(1.96278 0.0671498 0)
(1.9625 0.0666457 0)
(1.95846 0.0660636 0)
(1.95556 0.0659086 0)
(1.95698 0.0660172 0)
(1.95866 0.0661652 0)
(1.96057 0.0664123 0)
(1.96306 0.0667242 0)
(1.96759 0.0673618 0)
(1.97039 0.0677034 0)
(1.97232 0.0677057 0)
(1.97432 0.0676994 0)
(1.97593 0.0677005 0)
(1.97692 0.0676658 0)
(1.97618 0.0676778 0)
(1.97062 0.0680382 0)
(1.96196 0.0683456 0)
(1.96036 0.0679803 0)
(1.96136 0.0676454 0)
(1.96257 0.0668675 0)
(1.96457 0.0657377 0)
(1.96557 0.0652544 0)
(1.9667 0.0647146 0)
(1.9675 0.0639318 0)
(1.96737 0.06314 0)
(1.96477 0.0624262 0)
(1.95975 0.0623616 0)
(1.95833 0.0631761 0)
(1.95975 0.0637271 0)
(1.96152 0.0641252 0)
(1.96339 0.064731 0)
(1.96595 0.0654823 0)
(1.9713 0.0666216 0)
(1.97923 0.0679394 0)
(1.9828 0.0681239 0)
(1.98479 0.0679508 0)
(1.19514 0.787792 0)
(1.27188 0.773173 0)
(1.35342 0.75649 0)
(1.42066 0.742438 0)
(1.49154 0.71167 0)
(1.55943 0.67402 0)
(1.60646 0.660404 0)
(1.65264 0.632034 0)
(1.71978 0.566311 0)
(1.76645 0.51419 0)
(1.79872 0.509554 0)
(1.83407 0.490474 0)
(1.89351 0.437323 0)
(1.93466 0.360286 0)
(1.95713 0.338085 0)
(1.97517 0.345053 0)
(1.99772 0.315604 0)
(2.03554 0.234356 0)
(2.04615 0.167403 0)
(2.0589 0.163331 0)
(2.07134 0.161892 0)
(2.10338 0.132294 0)
(2.13537 0.0748238 0)
(2.14199 0.0128258 0)
(2.15105 -0.000745624 0)
(2.1611 0.000526711 0)
(2.1679 -0.0265812 0)
(2.18442 -0.075094 0)
(2.18196 -0.1297 0)
(2.1831 -0.143825 0)
(2.19029 -0.138155 0)
(2.20706 -0.157747 0)
(2.22451 -0.200124 0)
(2.22099 -0.242781 0)
(2.21571 -0.262393 0)
(2.21424 -0.277057 0)
(2.21343 -0.302495 0)
(2.21579 -0.327902 0)
(2.22053 -0.340412 0)
(2.23146 -0.359252 0)
(2.23622 -0.372036 0)
(2.24627 -0.380532 0)
(2.2562 -0.387524 0)
(2.26051 -0.405378 0)
(2.25387 -0.434152 0)
(2.24439 -0.449111 0)
(2.2433 -0.450357 0)
(2.25538 -0.450715 0)
(2.25879 -0.449716 0)
(2.25932 -0.453804 0)
(2.25604 -0.46249 0)
(2.25673 -0.461432 0)
(2.25642 -0.45634 0)
(2.24744 -0.449288 0)
(2.24353 -0.447511 0)
(2.23744 -0.446663 0)
(2.2332 -0.445263 0)
(2.23362 -0.443117 0)
(2.2381 -0.441352 0)
(2.24256 -0.429541 0)
(2.24537 -0.412958 0)
(2.24328 -0.411063 0)
(2.23854 -0.412647 0)
(2.2273 -0.402483 0)
(2.21495 -0.38826 0)
(2.20325 -0.369892 0)
(2.19583 -0.351725 0)
(2.19251 -0.343164 0)
(2.18821 -0.325239 0)
(2.18183 -0.297157 0)
(2.17505 -0.287499 0)
(2.16397 -0.283425 0)
(2.14451 -0.26099 0)
(2.13074 -0.240018 0)
(2.12136 -0.239068 0)
(2.11267 -0.226709 0)
(2.10747 -0.195063 0)
(2.11102 -0.178565 0)
(2.11822 -0.174452 0)
(2.11514 -0.162171 0)
(2.10126 -0.153922 0)
(2.09236 -0.138166 0)
(2.08663 -0.133316 0)
(2.07769 -0.127239 0)
(2.07104 -0.116821 0)
(2.06849 -0.106036 0)
(2.06534 -0.0999858 0)
(2.0663 -0.0894062 0)
(2.06442 -0.0808964 0)
(2.06117 -0.0761002 0)
(2.05635 -0.0715233 0)
(2.0517 -0.0644705 0)
(2.05029 -0.0579861 0)
(2.04935 -0.0558855 0)
(2.05084 -0.0515413 0)
(2.05722 -0.044512 0)
(2.05801 -0.0387991 0)
(2.05518 -0.0348969 0)
(2.05115 -0.0312131 0)
(2.04477 -0.0265858 0)
(2.03786 -0.0219716 0)
(2.03501 -0.0213023 0)
(2.03268 -0.0211779 0)
(2.03239 -0.0208276 0)
(2.03375 -0.0207648 0)
(2.03373 -0.0216273 0)
(2.0325 -0.0218956 0)
(2.03066 -0.0215397 0)
(2.02867 -0.0209969 0)
(2.02803 -0.0206284 0)
(2.03233 -0.0195861 0)
(2.04208 -0.0170128 0)
(2.0471 -0.0154897 0)
(2.04766 -0.015309 0)
(2.04803 -0.015593 0)
(2.04638 -0.0164887 0)
(2.0398 -0.0178093 0)
(2.03037 -0.0189551 0)
(2.02697 -0.0188944 0)
(2.02637 -0.0186043 0)
(2.02608 -0.0181548 0)
(2.02767 -0.0183433 0)
(2.03436 -0.0194571 0)
(2.04263 -0.0208357 0)
(2.04438 -0.021102 0)
(2.04523 -0.020926 0)
(2.04574 -0.0193895 0)
(2.04447 -0.0167936 0)
(2.04155 -0.0140342 0)
(2.03939 -0.0124862 0)
(2.03937 -0.0124211 0)
(2.04007 -0.0127455 0)
(2.04068 -0.0133557 0)
(2.04013 -0.0138513 0)
(2.03766 -0.0138242 0)
(2.03567 -0.014093 0)
(2.0353 -0.0145279 0)
(2.0351 -0.015438 0)
(2.0353 -0.0171547 0)
(2.03716 -0.0202198 0)
(2.04274 -0.0237401 0)
(2.04873 -0.0256975 0)
(2.04989 -0.0277818 0)
(2.04809 -0.0312597 0)
(2.04143 -0.0367368 0)
(2.03428 -0.0449981 0)
(2.02531 -0.0545885 0)
(2.0135 -0.068616 0)
(2.00203 -0.0851233 0)
(1.98867 -0.107922 0)
(1.97434 -0.138649 0)
(1.9659 -0.158898 0)
(1.94903 -0.189542 0)
(1.93215 -0.237792 0)
(1.92974 -0.256719 0)
(1.92748 -0.276607 0)
(1.90194 -0.321317 0)
(1.89087 -0.341189 0)
(1.88327 -0.352693 0)
(1.86023 -0.376463 0)
(1.8488 -0.394839 0)
(1.83884 -0.405511 0)
(1.82132 -0.421225 0)
(1.81089 -0.438773 0)
(1.80705 -0.446915 0)
(1.80912 -0.452574 0)
(1.82358 -0.458188 0)
(1.83609 -0.466853 0)
(1.83512 -0.470673 0)
(1.83294 -0.471544 0)
(1.83019 -0.469689 0)
(1.82863 -0.464302 0)
(1.82619 -0.458479 0)
(1.82277 -0.456298 0)
(1.82035 -0.458851 0)
(1.8185 -0.464769 0)
(1.81539 -0.47228 0)
(1.81541 -0.475357 0)
(1.81814 -0.475489 0)
(1.82299 -0.473329 0)
(1.83525 -0.468729 0)
(1.85277 -0.463233 0)
(1.86215 -0.461 0)
(1.86567 -0.461294 0)
(1.86836 -0.461672 0)
(1.86874 -0.461492 0)
(1.86275 -0.460391 0)
(1.84976 -0.458565 0)
(1.84527 -0.456212 0)
(1.84804 -0.455213 0)
(1.85111 -0.454317 0)
(1.85588 -0.453348 0)
(1.86603 -0.450881 0)
(1.88081 -0.444034 0)
(1.88972 -0.439514 0)
(1.89377 -0.437552 0)
(1.89687 -0.437021 0)
(1.89779 -0.437285 0)
(1.89414 -0.437462 0)
(1.88274 -0.436257 0)
(1.87234 -0.431968 0)
(1.87044 -0.426699 0)
(1.87147 -0.422889 0)
(1.87262 -0.417634 0)
(1.87377 -0.409975 0)
(1.87617 -0.400648 0)
(1.8812 -0.387973 0)
(1.89019 -0.371315 0)
(1.89964 -0.353364 0)
(1.89809 -0.3361 0)
(1.88763 -0.320762 0)
(1.87805 -0.302417 0)
(1.86838 -0.285706 0)
(1.85713 -0.267583 0)
(1.84863 -0.251379 0)
(1.84097 -0.235236 0)
(1.83368 -0.21534 0)
(1.82801 -0.195488 0)
(1.82572 -0.176771 0)
(1.82964 -0.152148 0)
(1.83461 -0.129513 0)
(1.83041 -0.111147 0)
(1.81346 -0.0948672 0)
(1.79805 -0.0773595 0)
(1.78607 -0.0622897 0)
(1.77279 -0.0474564 0)
(1.76268 -0.031554 0)
(1.75743 -0.0204567 0)
(1.75498 -0.0158609 0)
(1.75755 -0.0121512 0)
(1.76842 -0.00537619 0)
(1.77736 0.00438119 0)
(1.77622 0.0107672 0)
(1.77311 0.0160487 0)
(1.7679 0.0206307 0)
(1.76179 0.0253725 0)
(1.75557 0.0315496 0)
(1.75134 0.0387663 0)
(1.75098 0.0442415 0)
(1.75315 0.0470835 0)
(1.75733 0.0499402 0)
(1.76768 0.0550433 0)
(1.77984 0.0602144 0)
(1.78325 0.0618138 0)
(1.78536 0.0626373 0)
(1.78619 0.0634103 0)
(1.78536 0.0640984 0)
(1.78243 0.0655802 0)
(1.7762 0.0687887 0)
(1.77099 0.0736338 0)
(1.77268 0.076698 0)
(1.77581 0.0787771 0)
(1.77962 0.0807592 0)
(1.7869 0.0823321 0)
(1.80031 0.0840317 0)
(1.80791 0.0847464 0)
(1.81243 0.0850264 0)
(1.8164 0.0851054 0)
(1.81876 0.0843369 0)
(1.81825 0.0820131 0)
(1.81113 0.0781715 0)
(1.80378 0.0759397 0)
(1.80641 0.0761178 0)
(1.81144 0.0765133 0)
(1.81705 0.0768665 0)
(1.82449 0.077223 0)
(1.83714 0.0774491 0)
(1.84481 0.0762387 0)
(1.85031 0.074365 0)
(1.85446 0.0715725 0)
(1.85695 0.068806 0)
(1.85576 0.0662527 0)
(1.84463 0.0632956 0)
(1.82993 0.0615612 0)
(1.83038 0.0619989 0)
(1.83505 0.0623907 0)
(1.83982 0.0626141 0)
(1.84499 0.0626027 0)
(1.85221 0.0622253 0)
(1.86543 0.0615476 0)
(1.87545 0.061062 0)
(1.87968 0.0612128 0)
(1.88475 0.061591 0)
(1.8891 0.0621329 0)
(1.89147 0.0624081 0)
(1.88808 0.0611865 0)
(1.87674 0.0576995 0)
(1.87324 0.0549536 0)
(1.87677 0.0542193 0)
(1.88069 0.0536729 0)
(1.88546 0.053463 0)
(1.89179 0.0544807 0)
(1.89672 0.056391 0)
(1.90078 0.0578685 0)
(1.90479 0.0590877 0)
(1.90871 0.0598525 0)
(1.91117 0.0598289 0)
(1.90851 0.0581173 0)
(1.89695 0.054105 0)
(1.89131 0.0514784 0)
(1.89371 0.0512831 0)
(1.89643 0.0516723 0)
(1.89971 0.0529201 0)
(1.90451 0.0546874 0)
(1.91467 0.056928 0)
(1.92673 0.0592122 0)
(1.9311 0.0601733 0)
(1.93563 0.0613067 0)
(1.9394 0.0620413 0)
(1.94234 0.0626604 0)
(1.94351 0.0629959 0)
(1.93988 0.062331 0)
(1.93 0.0601795 0)
(1.92634 0.0584394 0)
(1.92873 0.0576386 0)
(1.93179 0.0572491 0)
(1.93486 0.0571858 0)
(1.9379 0.0578218 0)
(1.94126 0.059333 0)
(1.94483 0.0610358 0)
(1.94829 0.0623899 0)
(1.95128 0.0635836 0)
(1.9528 0.0647014 0)
(1.94997 0.0654451 0)
(1.94399 0.0658152 0)
(1.94433 0.066187 0)
(1.94692 0.0665187 0)
(1.94969 0.0669167 0)
(1.95279 0.0672365 0)
(1.95617 0.0674666 0)
(1.96022 0.067654 0)
(1.96558 0.0680703 0)
(1.96967 0.0686612 0)
(1.97318 0.0691672 0)
(1.97647 0.0697332 0)
(1.97958 0.0705754 0)
(1.98218 0.0713289 0)
(1.98308 0.0711897 0)
(1.97933 0.0694864 0)
(1.9702 0.0674389 0)
(1.96773 0.0669636 0)
(1.96983 0.0670127 0)
(1.97197 0.0671124 0)
(1.97409 0.0674843 0)
(1.97619 0.0683278 0)
(1.97823 0.0696529 0)
(1.98024 0.071168 0)
(1.9822 0.0725064 0)
(1.98347 0.0734175 0)
(1.98247 0.073469 0)
(1.97872 0.0726726 0)
(1.97878 0.072169 0)
(1.98094 0.0721616 0)
(1.98308 0.0721704 0)
(1.9855 0.0721749 0)
(1.98904 0.072184 0)
(1.99259 0.0722507 0)
(1.99459 0.0723294 0)
(1.99668 0.0724458 0)
(1.99853 0.0725621 0)
(2.00013 0.0727162 0)
(2.00118 0.0728962 0)
(2.00049 0.0728977 0)
(1.99512 0.0725422 0)
(1.98675 0.0721114 0)
(1.98539 0.0719507 0)
(1.98713 0.0719131 0)
(1.98898 0.0719481 0)
(1.99071 0.0719066 0)
(1.99206 0.0718714 0)
(1.99307 0.071959 0)
(1.99352 0.0721835 0)
(1.99257 0.0723625 0)
(1.98838 0.0722941 0)
(1.98405 0.0722395 0)
(1.98402 0.0724707 0)
(1.985 0.0727043 0)
(1.98638 0.0728971 0)
(1.98804 0.0732429 0)
(1.9911 0.0737743 0)
(1.99762 0.0741954 0)
(2.00326 0.0737785 0)
(2.0046 0.0732066 0)
(2.00723 0.072861 0)
(1.17344 0.723671 0)
(1.22907 0.716781 0)
(1.28223 0.706409 0)
(1.33952 0.689192 0)
(1.39457 0.670911 0)
(1.43884 0.660203 0)
(1.4853 0.635558 0)
(1.53131 0.602201 0)
(1.56455 0.585647 0)
(1.59771 0.565441 0)
(1.64927 0.53036 0)
(1.6976 0.48413 0)
(1.72906 0.471537 0)
(1.75572 0.467375 0)
(1.79418 0.432968 0)
(1.82955 0.373016 0)
(1.84906 0.342933 0)
(1.86395 0.341643 0)
(1.87735 0.324343 0)
(1.9137 0.283727 0)
(1.94014 0.227657 0)
(1.95667 0.211097 0)
(1.97286 0.21419 0)
(1.99528 0.19235 0)
(2.02414 0.138545 0)
(2.03069 0.0872058 0)
(2.0387 0.0799982 0)
(2.04529 0.0860367 0)
(2.05845 0.0647693 0)
(2.0795 0.021272 0)
(2.08445 -0.0211439 0)
(2.08999 -0.0369645 0)
(2.09717 -0.0374709 0)
(2.09545 -0.0510968 0)
(2.107 -0.0840634 0)
(2.11047 -0.11914 0)
(2.11375 -0.13186 0)
(2.12195 -0.131323 0)
(2.13453 -0.140179 0)
(2.14836 -0.153072 0)
(2.15462 -0.181272 0)
(2.15534 -0.199615 0)
(2.16205 -0.208886 0)
(2.16507 -0.219418 0)
(2.15672 -0.237334 0)
(2.15977 -0.24982 0)
(2.16432 -0.267495 0)
(2.16831 -0.279608 0)
(2.17834 -0.279264 0)
(2.18636 -0.284493 0)
(2.18968 -0.304002 0)
(2.18396 -0.326047 0)
(2.17601 -0.335365 0)
(2.17581 -0.344085 0)
(2.18139 -0.346466 0)
(2.18263 -0.347176 0)
(2.18427 -0.356524 0)
(2.18733 -0.374194 0)
(2.19073 -0.377145 0)
(2.19455 -0.380305 0)
(2.19026 -0.38723 0)
(2.18504 -0.393114 0)
(2.18342 -0.397714 0)
(2.1812 -0.406501 0)
(2.18482 -0.408618 0)
(2.18963 -0.402883 0)
(2.18977 -0.400517 0)
(2.18836 -0.401004 0)
(2.18154 -0.404004 0)
(2.16998 -0.406418 0)
(2.16635 -0.406582 0)
(2.16291 -0.405057 0)
(2.15811 -0.398605 0)
(2.15463 -0.392777 0)
(2.15283 -0.389191 0)
(2.1537 -0.380111 0)
(2.15414 -0.356975 0)
(2.15455 -0.330616 0)
(2.15333 -0.320992 0)
(2.14901 -0.314847 0)
(2.13248 -0.290271 0)
(2.12405 -0.263933 0)
(2.11994 -0.259186 0)
(2.11412 -0.245505 0)
(2.10539 -0.213263 0)
(2.10397 -0.197376 0)
(2.10324 -0.197175 0)
(2.09645 -0.182143 0)
(2.0869 -0.154439 0)
(2.08134 -0.145999 0)
(2.07477 -0.146681 0)
(2.06412 -0.131906 0)
(2.06255 -0.11257 0)
(2.06439 -0.106171 0)
(2.06936 -0.102828 0)
(2.07252 -0.0942968 0)
(2.06806 -0.0874473 0)
(2.06489 -0.0834801 0)
(2.0585 -0.0805429 0)
(2.05045 -0.0781945 0)
(2.0438 -0.0701977 0)
(2.0399 -0.0654864 0)
(2.03692 -0.0644348 0)
(2.03619 -0.0632916 0)
(2.0364 -0.0624506 0)
(2.03525 -0.0620553 0)
(2.03374 -0.0616864 0)
(2.03207 -0.0603195 0)
(2.03106 -0.0569254 0)
(2.03299 -0.0521871 0)
(2.04206 -0.047199 0)
(2.04994 -0.0424175 0)
(2.05058 -0.0397887 0)
(2.04975 -0.0373751 0)
(2.04771 -0.0339848 0)
(2.04348 -0.0321938 0)
(2.0351 -0.0322362 0)
(2.02679 -0.0325752 0)
(2.02479 -0.032602 0)
(2.02392 -0.0326386 0)
(2.02312 -0.0323731 0)
(2.02416 -0.0309091 0)
(2.03009 -0.0283567 0)
(2.04021 -0.0264835 0)
(2.04466 -0.0259969 0)
(2.04532 -0.0257817 0)
(2.04623 -0.0243726 0)
(2.04637 -0.021393 0)
(2.04525 -0.0189524 0)
(2.04347 -0.0182177 0)
(2.04146 -0.0198297 0)
(2.03886 -0.0214323 0)
(2.03502 -0.0232057 0)
(2.03078 -0.0257643 0)
(2.02949 -0.0268715 0)
(2.02754 -0.0283005 0)
(2.02444 -0.0317432 0)
(2.02072 -0.0372475 0)
(2.01641 -0.0480733 0)
(2.01526 -0.0603569 0)
(2.02016 -0.0730339 0)
(2.01821 -0.095572 0)
(2.00635 -0.118807 0)
(1.99102 -0.140336 0)
(1.97007 -0.166452 0)
(1.95091 -0.191479 0)
(1.92676 -0.226029 0)
(1.90603 -0.261289 0)
(1.89435 -0.279729 0)
(1.87415 -0.307727 0)
(1.84808 -0.351085 0)
(1.83685 -0.376205 0)
(1.83219 -0.382391 0)
(1.83019 -0.41111 0)
(1.83567 -0.431505 0)
(1.83873 -0.432818 0)
(1.8331 -0.437423 0)
(1.82734 -0.444521 0)
(1.8231 -0.455086 0)
(1.81685 -0.460063 0)
(1.80849 -0.46809 0)
(1.79604 -0.478629 0)
(1.78858 -0.480653 0)
(1.78664 -0.479374 0)
(1.7863 -0.47795 0)
(1.79193 -0.478561 0)
(1.80996 -0.480037 0)
(1.82732 -0.480238 0)
(1.83112 -0.480018 0)
(1.83455 -0.479501 0)
(1.83645 -0.476595 0)
(1.8348 -0.473255 0)
(1.82905 -0.471704 0)
(1.82019 -0.471916 0)
(1.81263 -0.473476 0)
(1.81068 -0.474011 0)
(1.81306 -0.472967 0)
(1.81643 -0.4705 0)
(1.82153 -0.467654 0)
(1.83294 -0.46376 0)
(1.85192 -0.458162 0)
(1.86377 -0.454948 0)
(1.86798 -0.454193 0)
(1.87251 -0.452945 0)
(1.87501 -0.451442 0)
(1.87095 -0.449344 0)
(1.85609 -0.446938 0)
(1.84761 -0.444559 0)
(1.84964 -0.443035 0)
(1.85305 -0.441903 0)
(1.85742 -0.440898 0)
(1.8637 -0.439808 0)
(1.87636 -0.43747 0)
(1.89083 -0.433262 0)
(1.89648 -0.430787 0)
(1.90242 -0.429859 0)
(1.90639 -0.430172 0)
(1.90629 -0.431184 0)
(1.89754 -0.432395 0)
(1.88122 -0.433055 0)
(1.87515 -0.432358 0)
(1.87654 -0.43133 0)
(1.87879 -0.430101 0)
(1.88142 -0.428549 0)
(1.88664 -0.426528 0)
(1.89806 -0.42296 0)
(1.914 -0.419061 0)
(1.9212 -0.417316 0)
(1.923 -0.415912 0)
(1.92393 -0.414285 0)
(1.92242 -0.411678 0)
(1.91408 -0.406789 0)
(1.90169 -0.398847 0)
(1.89795 -0.392757 0)
(1.89744 -0.388125 0)
(1.89666 -0.381225 0)
(1.89619 -0.37321 0)
(1.89681 -0.363207 0)
(1.89942 -0.349568 0)
(1.9041 -0.333048 0)
(1.9077 -0.314775 0)
(1.8975 -0.298228 0)
(1.88441 -0.282685 0)
(1.86984 -0.264708 0)
(1.85317 -0.24337 0)
(1.83875 -0.222367 0)
(1.8265 -0.201478 0)
(1.81563 -0.178242 0)
(1.80816 -0.157393 0)
(1.80549 -0.138418 0)
(1.81328 -0.1162 0)
(1.82638 -0.0914048 0)
(1.82091 -0.0717871 0)
(1.81062 -0.0572395 0)
(1.80145 -0.0447203 0)
(1.7911 -0.0320952 0)
(1.78133 -0.0195944 0)
(1.77412 -0.00758998 0)
(1.76958 0.00272032 0)
(1.76799 0.0112597 0)
(1.76967 0.018242 0)
(1.77922 0.0268133 0)
(1.79419 0.0378321 0)
(1.79865 0.0445237 0)
(1.79811 0.046643 0)
(1.79647 0.0502366 0)
(1.79388 0.0538349 0)
(1.78987 0.0558064 0)
(1.78455 0.0577682 0)
(1.78113 0.0612238 0)
(1.78143 0.0643182 0)
(1.78332 0.0661224 0)
(1.78624 0.0681326 0)
(1.79367 0.0716044 0)
(1.80682 0.076181 0)
(1.81383 0.0796115 0)
(1.81698 0.0819809 0)
(1.81984 0.0847393 0)
(1.82037 0.0854306 0)
(1.81594 0.0845503 0)
(1.80682 0.083293 0)
(1.80304 0.0838321 0)
(1.80528 0.085414 0)
(1.80884 0.0871508 0)
(1.81337 0.0895765 0)
(1.82396 0.0930833 0)
(1.83845 0.0963168 0)
(1.84328 0.0969753 0)
(1.84624 0.0968769 0)
(1.84878 0.0959911 0)
(1.84977 0.0945394 0)
(1.84511 0.0928312 0)
(1.83243 0.0925817 0)
(1.82607 0.0944158 0)
(1.82953 0.0957376 0)
(1.83416 0.0960011 0)
(1.8388 0.0960269 0)
(1.84397 0.0959789 0)
(1.85523 0.0964828 0)
(1.86606 0.0971992 0)
(1.86952 0.0975527 0)
(1.87335 0.0979734 0)
(1.87737 0.0983975 0)
(1.88145 0.0983907 0)
(1.88292 0.0971697 0)
(1.87413 0.094495 0)
(1.865 0.0915739 0)
(1.8671 0.0904421 0)
(1.8707 0.0901497 0)
(1.87476 0.0900499 0)
(1.88045 0.0900462 0)
(1.88936 0.0900634 0)
(1.89474 0.0900481 0)
(1.89992 0.0903055 0)
(1.90488 0.0905922 0)
(1.90928 0.0907143 0)
(1.91101 0.0898718 0)
(1.90417 0.0866683 0)
(1.88933 0.081513 0)
(1.88671 0.078911 0)
(1.88984 0.0786658 0)
(1.89324 0.0788802 0)
(1.89737 0.0796852 0)
(1.90397 0.0813278 0)
(1.91775 0.0843141 0)
(1.93073 0.087487 0)
(1.93484 0.088591 0)
(1.93941 0.0900405 0)
(1.94305 0.0904149 0)
(1.9451 0.0901549 0)
(1.94283 0.0887531 0)
(1.93022 0.0853235 0)
(1.9188 0.081107 0)
(1.92087 0.0793898 0)
(1.92458 0.0787936 0)
(1.92873 0.0783008 0)
(1.93441 0.0792678 0)
(1.94044 0.0823792 0)
(1.94468 0.0852457 0)
(1.94902 0.087415 0)
(1.95292 0.0888014 0)
(1.95613 0.0896917 0)
(1.95665 0.0900518 0)
(1.95009 0.0895085 0)
(1.94379 0.0890697 0)
(1.94578 0.0897286 0)
(1.94854 0.0906271 0)
(1.95153 0.0920046 0)
(1.95507 0.0933316 0)
(1.9595 0.0943276 0)
(1.96629 0.0952905 0)
(1.97102 0.095884 0)
(1.97461 0.0962033 0)
(1.97825 0.0965391 0)
(1.98164 0.0969623 0)
(1.98464 0.0975356 0)
(1.98581 0.0977219 0)
(1.98187 0.0965199 0)
(1.97357 0.0939485 0)
(1.97309 0.0931071 0)
(1.97583 0.0934835 0)
(1.9785 0.0940308 0)
(1.98123 0.0948861 0)
(1.98367 0.095894 0)
(1.98583 0.0968372 0)
(1.98796 0.0977084 0)
(1.99 0.0984907 0)
(1.99122 0.100037 0)
(1.99034 0.102632 0)
(1.98684 0.104511 0)
(1.98598 0.104797 0)
(1.98911 0.104804 0)
(1.99242 0.104747 0)
(1.99562 0.104451 0)
(1.99897 0.104067 0)
(2.00303 0.103737 0)
(2.00598 0.103595 0)
(2.00867 0.10372 0)
(2.01084 0.103966 0)
(2.01261 0.104254 0)
(2.01407 0.104683 0)
(2.01436 0.105141 0)
(2.01097 0.105402 0)
(2.00229 0.105284 0)
(1.9982 0.105285 0)
(1.99967 0.105545 0)
(2.00163 0.1058 0)
(2.00377 0.106125 0)
(2.00582 0.106483 0)
(2.00752 0.106795 0)
(2.00874 0.107045 0)
(2.00929 0.107299 0)
(2.00774 0.107378 0)
(2.00268 0.106803 0)
(1.9997 0.105926 0)
(2.00014 0.10546 0)
(2.00105 0.105298 0)
(2.0022 0.105304 0)
(2.00371 0.105383 0)
(2.0072 0.105655 0)
(2.01354 0.106094 0)
(2.01694 0.106551 0)
(2.01812 0.106635 0)
(2.02055 0.10659 0)
(1.1641 0.680139 0)
(1.20382 0.675524 0)
(1.24487 0.667722 0)
(1.29137 0.658343 0)
(1.33489 0.647302 0)
(1.3759 0.633659 0)
(1.41382 0.618976 0)
(1.44355 0.608897 0)
(1.47454 0.589028 0)
(1.51584 0.562501 0)
(1.5477 0.546103 0)
(1.57676 0.531277 0)
(1.61767 0.506288 0)
(1.65762 0.468943 0)
(1.68483 0.450648 0)
(1.70484 0.447101 0)
(1.72695 0.42606 0)
(1.75805 0.384131 0)
(1.77932 0.353685 0)
(1.79653 0.349485 0)
(1.80976 0.339124 0)
(1.83813 0.307867 0)
(1.8656 0.261161 0)
(1.88162 0.239654 0)
(1.89599 0.239249 0)
(1.91223 0.223155 0)
(1.9369 0.18601 0)
(1.94992 0.147332 0)
(1.95942 0.134455 0)
(1.96613 0.135166 0)
(1.96982 0.116027 0)
(1.98698 0.0757901 0)
(1.99478 0.0424439 0)
(2.00382 0.0339574 0)
(2.01286 0.0307935 0)
(2.02904 0.0167426 0)
(2.04675 -0.00488906 0)
(2.05545 -0.0350685 0)
(2.0631 -0.0477317 0)
(2.07227 -0.0467657 0)
(2.07454 -0.0584446 0)
(2.08192 -0.0936024 0)
(2.08302 -0.122581 0)
(2.08638 -0.131781 0)
(2.09154 -0.139981 0)
(2.10591 -0.152342 0)
(2.11684 -0.16607 0)
(2.12192 -0.188678 0)
(2.12459 -0.202621 0)
(2.13232 -0.212687 0)
(2.13315 -0.221937 0)
(2.12483 -0.24277 0)
(2.1256 -0.267812 0)
(2.12781 -0.276665 0)
(2.13381 -0.279967 0)
(2.14565 -0.291141 0)
(2.1536 -0.303835 0)
(2.15446 -0.323903 0)
(2.15297 -0.332756 0)
(2.1555 -0.339192 0)
(2.15609 -0.351923 0)
(2.15818 -0.36634 0)
(2.16094 -0.371815 0)
(2.16362 -0.380127 0)
(2.16412 -0.384794 0)
(2.16816 -0.390539 0)
(2.17135 -0.399234 0)
(2.16791 -0.405711 0)
(2.15728 -0.411896 0)
(2.15576 -0.417302 0)
(2.15885 -0.418121 0)
(2.16022 -0.417382 0)
(2.162 -0.416913 0)
(2.16346 -0.41408 0)
(2.16707 -0.409955 0)
(2.17124 -0.409301 0)
(2.17241 -0.408302 0)
(2.17346 -0.407834 0)
(2.17323 -0.405912 0)
(2.17284 -0.401456 0)
(2.17345 -0.397707 0)
(2.1739 -0.392393 0)
(2.16968 -0.385384 0)
(2.16136 -0.377675 0)
(2.15442 -0.368373 0)
(2.14787 -0.36252 0)
(2.14082 -0.358108 0)
(2.13267 -0.350481 0)
(2.12521 -0.335743 0)
(2.12059 -0.320547 0)
(2.11591 -0.308997 0)
(2.10816 -0.288137 0)
(2.10366 -0.258206 0)
(2.10434 -0.236421 0)
(2.10437 -0.231636 0)
(2.10017 -0.220594 0)
(2.09032 -0.195898 0)
(2.08592 -0.18138 0)
(2.08201 -0.176139 0)
(2.06976 -0.159987 0)
(2.05637 -0.139128 0)
(2.04907 -0.131297 0)
(2.04285 -0.125284 0)
(2.03528 -0.113684 0)
(2.03082 -0.102486 0)
(2.02836 -0.0951998 0)
(2.02513 -0.0934564 0)
(2.02329 -0.0941497 0)
(2.02518 -0.0926796 0)
(2.03602 -0.0841869 0)
(2.05268 -0.0715348 0)
(2.05303 -0.0659936 0)
(2.05038 -0.062774 0)
(2.04776 -0.0565914 0)
(2.04222 -0.0491315 0)
(2.03463 -0.0445491 0)
(2.02562 -0.0440534 0)
(2.02116 -0.0445708 0)
(2.02035 -0.0447594 0)
(2.01878 -0.045668 0)
(2.01747 -0.0475603 0)
(2.01807 -0.0492177 0)
(2.0237 -0.048619 0)
(2.03472 -0.0457176 0)
(2.04174 -0.0426934 0)
(2.04203 -0.0420286 0)
(2.04139 -0.0417225 0)
(2.04031 -0.0410737 0)
(2.03796 -0.0409968 0)
(2.03344 -0.0424889 0)
(2.02427 -0.0471194 0)
(2.01361 -0.0571308 0)
(2.00396 -0.0652165 0)
(1.99205 -0.0766972 0)
(1.9803 -0.0913891 0)
(1.96524 -0.110279 0)
(1.94707 -0.135996 0)
(1.92942 -0.166004 0)
(1.91756 -0.186705 0)
(1.90493 -0.22932 0)
(1.89743 -0.277651 0)
(1.89618 -0.293778 0)
(1.87824 -0.318624 0)
(1.84816 -0.35572 0)
(1.83324 -0.37868 0)
(1.82674 -0.384702 0)
(1.81746 -0.405199 0)
(1.80459 -0.431201 0)
(1.80058 -0.443741 0)
(1.78848 -0.452507 0)
(1.78039 -0.462445 0)
(1.77659 -0.468431 0)
(1.77954 -0.468837 0)
(1.79645 -0.466207 0)
(1.81336 -0.468964 0)
(1.81526 -0.474523 0)
(1.81474 -0.475535 0)
(1.81392 -0.476748 0)
(1.81197 -0.479716 0)
(1.80776 -0.483149 0)
(1.79988 -0.486048 0)
(1.79027 -0.486595 0)
(1.78621 -0.485046 0)
(1.78589 -0.484011 0)
(1.78705 -0.482338 0)
(1.79334 -0.480895 0)
(1.8107 -0.480734 0)
(1.82895 -0.481279 0)
(1.83371 -0.481387 0)
(1.83875 -0.480491 0)
(1.84272 -0.475759 0)
(1.84329 -0.469316 0)
(1.83576 -0.464155 0)
(1.82153 -0.46259 0)
(1.81876 -0.463207 0)
(1.82234 -0.463423 0)
(1.82656 -0.463172 0)
(1.83209 -0.461738 0)
(1.84157 -0.458456 0)
(1.85871 -0.45146 0)
(1.87357 -0.444208 0)
(1.87783 -0.441453 0)
(1.88156 -0.440962 0)
(1.88478 -0.440993 0)
(1.8861 -0.440721 0)
(1.88023 -0.440118 0)
(1.86684 -0.438681 0)
(1.8626 -0.436502 0)
(1.86465 -0.434969 0)
(1.86709 -0.433533 0)
(1.87001 -0.432176 0)
(1.87524 -0.430467 0)
(1.88592 -0.427251 0)
(1.89841 -0.424277 0)
(1.90263 -0.423567 0)
(1.90661 -0.42322 0)
(1.90943 -0.422359 0)
(1.90895 -0.421634 0)
(1.90043 -0.421902 0)
(1.88725 -0.42294 0)
(1.88378 -0.422908 0)
(1.88462 -0.422445 0)
(1.88629 -0.421544 0)
(1.88949 -0.420376 0)
(1.89773 -0.418647 0)
(1.91333 -0.415648 0)
(1.92508 -0.413309 0)
(1.92773 -0.412528 0)
(1.93011 -0.411913 0)
(1.9314 -0.411581 0)
(1.92906 -0.411464 0)
(1.92038 -0.410378 0)
(1.91447 -0.406972 0)
(1.91515 -0.403748 0)
(1.91667 -0.40048 0)
(1.91921 -0.397243 0)
(1.92417 -0.393794 0)
(1.93251 -0.390651 0)
(1.93895 -0.38842 0)
(1.94095 -0.386193 0)
(1.94101 -0.383853 0)
(1.93983 -0.381653 0)
(1.93633 -0.378737 0)
(1.92563 -0.372935 0)
(1.91384 -0.364045 0)
(1.90993 -0.358256 0)
(1.90493 -0.348589 0)
(1.90094 -0.33816 0)
(1.89769 -0.326905 0)
(1.89595 -0.312946 0)
(1.89945 -0.295825 0)
(1.90952 -0.275631 0)
(1.90679 -0.257256 0)
(1.89565 -0.241301 0)
(1.88471 -0.223564 0)
(1.87185 -0.205133 0)
(1.85872 -0.186547 0)
(1.84756 -0.168699 0)
(1.83679 -0.14848 0)
(1.8283 -0.125906 0)
(1.82443 -0.105638 0)
(1.82857 -0.0887748 0)
(1.84337 -0.0684221 0)
(1.84553 -0.0486644 0)
(1.84375 -0.0367666 0)
(1.83694 -0.0250828 0)
(1.82798 -0.0128161 0)
(1.82374 -0.00298571 0)
(1.81662 0.00504736 0)
(1.80992 0.0148728 0)
(1.80589 0.0246202 0)
(1.80376 0.030788 0)
(1.80537 0.0356428 0)
(1.81574 0.042857 0)
(1.82743 0.0518498 0)
(1.83065 0.0577976 0)
(1.83046 0.0611319 0)
(1.83043 0.0655685 0)
(1.82903 0.0713014 0)
(1.82338 0.0759542 0)
(1.81554 0.0782152 0)
(1.81309 0.0792076 0)
(1.81413 0.0798344 0)
(1.81649 0.080875 0)
(1.82254 0.0830534 0)
(1.83633 0.0879812 0)
(1.84924 0.0943064 0)
(1.85194 0.0975364 0)
(1.85304 0.100667 0)
(1.85275 0.102277 0)
(1.84963 0.10077 0)
(1.84072 0.0973094 0)
(1.83178 0.0945686 0)
(1.83191 0.0955424 0)
(1.83343 0.0978675 0)
(1.83541 0.102358 0)
(1.83937 0.106839 0)
(1.84877 0.110978 0)
(1.86311 0.114023 0)
(1.86912 0.114799 0)
(1.87176 0.114766 0)
(1.87431 0.114079 0)
(1.8751 0.112884 0)
(1.87231 0.111827 0)
(1.86433 0.111661 0)
(1.85845 0.113352 0)
(1.86048 0.116255 0)
(1.86475 0.118357 0)
(1.86866 0.119758 0)
(1.87309 0.120523 0)
(1.88198 0.120757 0)
(1.89091 0.119495 0)
(1.89409 0.118694 0)
(1.8984 0.118128 0)
(1.90298 0.118145 0)
(1.90668 0.118485 0)
(1.90492 0.117903 0)
(1.89218 0.115537 0)
(1.88322 0.113721 0)
(1.88433 0.113307 0)
(1.8872 0.112991 0)
(1.89095 0.112998 0)
(1.89549 0.113578 0)
(1.90306 0.115565 0)
(1.91932 0.119082 0)
(1.93074 0.120821 0)
(1.9347 0.12103 0)
(1.93957 0.121101 0)
(1.94338 0.120587 0)
(1.94444 0.118915 0)
(1.93605 0.114953 0)
(1.91728 0.108584 0)
(1.91289 0.105464 0)
(1.91611 0.10497 0)
(1.91965 0.104521 0)
(1.9243 0.104197 0)
(1.93362 0.104929 0)
(1.94219 0.107471 0)
(1.94629 0.10945 0)
(1.95139 0.11125 0)
(1.95562 0.112309 0)
(1.95814 0.112723 0)
(1.95563 0.111815 0)
(1.94491 0.109404 0)
(1.94146 0.108009 0)
(1.94452 0.107863 0)
(1.94772 0.107789 0)
(1.95153 0.107731 0)
(1.95675 0.108065 0)
(1.9654 0.109419 0)
(1.97145 0.110992 0)
(1.97502 0.111802 0)
(1.97901 0.112675 0)
(1.98242 0.11383 0)
(1.98498 0.11495 0)
(1.98507 0.114689 0)
(1.97818 0.111046 0)
(1.97066 0.107281 0)
(1.97243 0.106398 0)
(1.97553 0.106628 0)
(1.97911 0.106786 0)
(1.98369 0.107324 0)
(1.98733 0.108266 0)
(1.99069 0.109049 0)
(1.99366 0.109757 0)
(1.99625 0.110574 0)
(1.9978 0.111432 0)
(1.99607 0.111731 0)
(1.99098 0.11133 0)
(1.98994 0.111535 0)
(1.9929 0.112376 0)
(1.99677 0.113064 0)
(2.00085 0.11397 0)
(2.00502 0.115064 0)
(2.00978 0.116166 0)
(2.01414 0.117011 0)
(2.01703 0.11749 0)
(2.01957 0.117992 0)
(2.02156 0.11855 0)
(2.02309 0.11935 0)
(2.02383 0.12007 0)
(2.02197 0.119371 0)
(2.01414 0.117179 0)
(2.00916 0.116209 0)
(2.01061 0.116551 0)
(2.01317 0.116895 0)
(2.01605 0.117188 0)
(2.01888 0.117632 0)
(2.02129 0.117965 0)
(2.02331 0.118199 0)
(2.02484 0.118487 0)
(2.02534 0.118808 0)
(2.02281 0.118864 0)
(2.01735 0.118519 0)
(2.01603 0.118472 0)
(2.01688 0.118573 0)
(2.0178 0.118644 0)
(2.01884 0.11869 0)
(2.02021 0.118741 0)
(2.02385 0.118957 0)
(2.02965 0.119153 0)
(2.03267 0.119108 0)
(2.03358 0.119048 0)
(2.0354 0.118841 0)
(1.1591 0.647373 0)
(1.1911 0.644491 0)
(1.22569 0.639945 0)
(1.26212 0.634328 0)
(1.29922 0.626417 0)
(1.33487 0.617465 0)
(1.36547 0.610479 0)
(1.39364 0.598412 0)
(1.42163 0.583487 0)
(1.44624 0.572637 0)
(1.47395 0.556632 0)
(1.51128 0.535858 0)
(1.54269 0.51782 0)
(1.56909 0.505468 0)
(1.6014 0.487955 0)
(1.63403 0.460262 0)
(1.65739 0.439335 0)
(1.67427 0.435845 0)
(1.68713 0.423717 0)
(1.71191 0.39054 0)
(1.733 0.361196 0)
(1.74846 0.352203 0)
(1.76143 0.340923 0)
(1.78644 0.319238 0)
(1.81442 0.287126 0)
(1.83182 0.261975 0)
(1.84637 0.260201 0)
(1.85823 0.252952 0)
(1.87371 0.219133 0)
(1.88251 0.18491 0)
(1.88982 0.172989 0)
(1.89632 0.165565 0)
(1.91069 0.149936 0)
(1.93222 0.131968 0)
(1.94731 0.103345 0)
(1.95987 0.096293 0)
(1.97392 0.0977455 0)
(1.9886 0.0828499 0)
(1.99596 0.0494658 0)
(1.99634 0.025715 0)
(1.99864 0.0173942 0)
(2.00009 0.00678236 0)
(2.01084 -0.00751328 0)
(2.02412 -0.0261656 0)
(2.03065 -0.0479973 0)
(2.0416 -0.0507562 0)
(2.05366 -0.0518561 0)
(2.06741 -0.066757 0)
(2.07135 -0.0937867 0)
(2.06738 -0.112624 0)
(2.0654 -0.116398 0)
(2.0632 -0.12104 0)
(2.07055 -0.133589 0)
(2.08049 -0.149438 0)
(2.08412 -0.16755 0)
(2.09045 -0.172622 0)
(2.09667 -0.170927 0)
(2.10239 -0.180812 0)
(2.10902 -0.204287 0)
(2.10742 -0.224693 0)
(2.11 -0.228375 0)
(2.11406 -0.222719 0)
(2.11856 -0.22689 0)
(2.12403 -0.245744 0)
(2.12245 -0.264317 0)
(2.1199 -0.273151 0)
(2.11622 -0.278255 0)
(2.11334 -0.286799 0)
(2.11968 -0.293397 0)
(2.12575 -0.298793 0)
(2.1303 -0.306134 0)
(2.13495 -0.311154 0)
(2.13995 -0.315035 0)
(2.14264 -0.319598 0)
(2.14014 -0.32683 0)
(2.13929 -0.337601 0)
(2.14284 -0.343655 0)
(2.14579 -0.348581 0)
(2.15179 -0.35369 0)
(2.15811 -0.358206 0)
(2.16276 -0.360534 0)
(2.16567 -0.362567 0)
(2.16603 -0.363808 0)
(2.16217 -0.364724 0)
(2.15096 -0.368059 0)
(2.14405 -0.372369 0)
(2.14354 -0.373487 0)
(2.14393 -0.37483 0)
(2.14632 -0.375937 0)
(2.1524 -0.377289 0)
(2.15815 -0.377065 0)
(2.15816 -0.374234 0)
(2.15566 -0.370166 0)
(2.15294 -0.367389 0)
(2.14915 -0.365313 0)
(2.14368 -0.359546 0)
(2.13989 -0.353265 0)
(2.1388 -0.339901 0)
(2.13585 -0.326531 0)
(2.1302 -0.317398 0)
(2.11935 -0.303347 0)
(2.10885 -0.287113 0)
(2.09912 -0.277763 0)
(2.08921 -0.268116 0)
(2.07866 -0.249361 0)
(2.07053 -0.222512 0)
(2.0673 -0.207777 0)
(2.06369 -0.193417 0)
(2.06313 -0.169806 0)
(2.07363 -0.155543 0)
(2.09197 -0.14219 0)
(2.09009 -0.13024 0)
(2.07871 -0.126965 0)
(2.06987 -0.118602 0)
(2.05793 -0.110473 0)
(2.04895 -0.104184 0)
(2.03918 -0.095153 0)
(2.03084 -0.0816592 0)
(2.02888 -0.0718655 0)
(2.02562 -0.0685434 0)
(2.02171 -0.0644207 0)
(2.02113 -0.0587924 0)
(2.02003 -0.0587415 0)
(2.02102 -0.0647236 0)
(2.02738 -0.0701335 0)
(2.03184 -0.0790839 0)
(2.02788 -0.0887761 0)
(2.01958 -0.0969799 0)
(2.00292 -0.110595 0)
(1.98021 -0.129685 0)
(1.94984 -0.158126 0)
(1.92033 -0.185983 0)
(1.88658 -0.223168 0)
(1.85532 -0.276756 0)
(1.84257 -0.303562 0)
(1.82467 -0.324759 0)
(1.80306 -0.36558 0)
(1.79647 -0.393923 0)
(1.79819 -0.395937 0)
(1.81147 -0.4077 0)
(1.80486 -0.436964 0)
(1.79925 -0.454437 0)
(1.79324 -0.462643 0)
(1.78111 -0.471181 0)
(1.77062 -0.482976 0)
(1.76739 -0.48918 0)
(1.7688 -0.497894 0)
(1.76813 -0.506956 0)
(1.7654 -0.51307 0)
(1.76457 -0.512941 0)
(1.76511 -0.510497 0)
(1.7677 -0.507658 0)
(1.77517 -0.505753 0)
(1.79096 -0.503348 0)
(1.80298 -0.501596 0)
(1.80635 -0.501924 0)
(1.80927 -0.502285 0)
(1.81066 -0.501731 0)
(1.80958 -0.501678 0)
(1.8061 -0.502229 0)
(1.79796 -0.502431 0)
(1.79096 -0.500518 0)
(1.79184 -0.497632 0)
(1.79449 -0.494416 0)
(1.79877 -0.490386 0)
(1.808 -0.485778 0)
(1.82651 -0.480759 0)
(1.84463 -0.478129 0)
(1.85 -0.477949 0)
(1.85605 -0.476446 0)
(1.86027 -0.471863 0)
(1.86023 -0.465349 0)
(1.85008 -0.458497 0)
(1.83689 -0.453776 0)
(1.83752 -0.452762 0)
(1.84124 -0.453258 0)
(1.84502 -0.45373 0)
(1.84995 -0.453951 0)
(1.85971 -0.451387 0)
(1.87655 -0.443781 0)
(1.89011 -0.436322 0)
(1.89339 -0.434273 0)
(1.89607 -0.43415 0)
(1.8975 -0.435278 0)
(1.89504 -0.438036 0)
(1.88427 -0.441516 0)
(1.87349 -0.441816 0)
(1.8735 -0.439542 0)
(1.87565 -0.437292 0)
(1.87802 -0.435044 0)
(1.88126 -0.433157 0)
(1.88753 -0.430778 0)
(1.89828 -0.427953 0)
(1.90661 -0.426111 0)
(1.90891 -0.425733 0)
(1.91158 -0.424501 0)
(1.91284 -0.422483 0)
(1.91015 -0.420252 0)
(1.90174 -0.419227 0)
(1.89664 -0.419551 0)
(1.89762 -0.420111 0)
(1.89895 -0.420528 0)
(1.90078 -0.420494 0)
(1.90561 -0.418743 0)
(1.91552 -0.413993 0)
(1.92816 -0.407832 0)
(1.93234 -0.405245 0)
(1.93517 -0.403776 0)
(1.93678 -0.402895 0)
(1.93551 -0.403645 0)
(1.92945 -0.40542 0)
(1.92476 -0.404926 0)
(1.9261 -0.402513 0)
(1.92814 -0.399079 0)
(1.93069 -0.394759 0)
(1.93551 -0.390593 0)
(1.94321 -0.385679 0)
(1.94873 -0.38211 0)
(1.95073 -0.380643 0)
(1.95287 -0.379673 0)
(1.95393 -0.378631 0)
(1.95237 -0.377658 0)
(1.94572 -0.376976 0)
(1.93571 -0.375836 0)
(1.93181 -0.373943 0)
(1.9317 -0.372064 0)
(1.93198 -0.367407 0)
(1.93281 -0.36127 0)
(1.93463 -0.355636 0)
(1.93887 -0.350574 0)
(1.9457 -0.345774 0)
(1.9498 -0.341064 0)
(1.94923 -0.337444 0)
(1.9467 -0.333609 0)
(1.94049 -0.327946 0)
(1.93047 -0.318826 0)
(1.9262 -0.312842 0)
(1.92043 -0.304708 0)
(1.91522 -0.294973 0)
(1.91079 -0.284065 0)
(1.90739 -0.270976 0)
(1.90622 -0.255241 0)
(1.91154 -0.238724 0)
(1.91468 -0.221249 0)
(1.90948 -0.20717 0)
(1.90358 -0.194319 0)
(1.89372 -0.177511 0)
(1.88664 -0.162022 0)
(1.87971 -0.148417 0)
(1.87099 -0.132077 0)
(1.86399 -0.114609 0)
(1.85952 -0.0990604 0)
(1.85967 -0.0840157 0)
(1.86778 -0.0650486 0)
(1.87203 -0.046264 0)
(1.86699 -0.0334367 0)
(1.86184 -0.0239685 0)
(1.85779 -0.0159395 0)
(1.85501 -0.00696819 0)
(1.85222 0.00417817 0)
(1.84854 0.0161995 0)
(1.84566 0.0259017 0)
(1.8436 0.033909 0)
(1.84474 0.0416431 0)
(1.85359 0.0507861 0)
(1.8689 0.0627883 0)
(1.87407 0.0709018 0)
(1.87337 0.073436 0)
(1.87113 0.0768359 0)
(1.86683 0.0816096 0)
(1.85892 0.0858723 0)
(1.84916 0.0886441 0)
(1.84379 0.0912722 0)
(1.84296 0.093488 0)
(1.8435 0.095756 0)
(1.84576 0.0988449 0)
(1.85174 0.103047 0)
(1.86481 0.108639 0)
(1.87625 0.11297 0)
(1.87842 0.113967 0)
(1.87987 0.115106 0)
(1.87977 0.116484 0)
(1.87706 0.117248 0)
(1.87008 0.11711 0)
(1.86312 0.117287 0)
(1.86344 0.119086 0)
(1.86647 0.121073 0)
(1.86997 0.124021 0)
(1.87525 0.127312 0)
(1.88545 0.131702 0)
(1.89343 0.134603 0)
(1.89606 0.135246 0)
(1.89883 0.13558 0)
(1.90075 0.134772 0)
(1.90169 0.132906 0)
(1.90074 0.130943 0)
(1.89501 0.129896 0)
(1.88637 0.13025 0)
(1.88496 0.132119 0)
(1.8875 0.133904 0)
(1.89112 0.135989 0)
(1.89443 0.138258 0)
(1.89821 0.140777 0)
(1.90772 0.145209 0)
(1.92109 0.149404 0)
(1.92548 0.150391 0)
(1.92831 0.150509 0)
(1.93151 0.150211 0)
(1.93448 0.1491 0)
(1.93346 0.146872 0)
(1.9214 0.14327 0)
(1.91053 0.140397 0)
(1.91154 0.13963 0)
(1.91397 0.139189 0)
(1.91669 0.13868 0)
(1.9209 0.138657 0)
(1.93142 0.139583 0)
(1.94216 0.141046 0)
(1.94598 0.141894 0)
(1.95054 0.143986 0)
(1.95371 0.145788 0)
(1.95289 0.146701 0)
(1.94319 0.145862 0)
(1.93472 0.143946 0)
(1.93623 0.14276 0)
(1.93925 0.141816 0)
(1.94281 0.140563 0)
(1.94722 0.139381 0)
(1.95635 0.139033 0)
(1.96637 0.140034 0)
(1.97004 0.140804 0)
(1.97415 0.141438 0)
(1.97811 0.14196 0)
(1.98115 0.142439 0)
(1.97864 0.141955 0)
(1.96545 0.13873 0)
(1.95897 0.135635 0)
(1.96161 0.134981 0)
(1.96444 0.134937 0)
(1.96808 0.134691 0)
(1.97475 0.134788 0)
(1.98192 0.135614 0)
(1.98512 0.136661 0)
(1.98913 0.137699 0)
(1.9925 0.138476 0)
(1.99503 0.138894 0)
(1.99343 0.138329 0)
(1.98508 0.136366 0)
(1.98238 0.135282 0)
(1.98494 0.135765 0)
(1.98829 0.136464 0)
(1.99233 0.137338 0)
(1.99681 0.138716 0)
(2.00249 0.140638 0)
(2.00954 0.14346 0)
(2.0131 0.145123 0)
(2.01615 0.145701 0)
(2.01858 0.14596 0)
(2.02046 0.146169 0)
(2.02066 0.146165 0)
(2.01495 0.144717 0)
(2.00528 0.141704 0)
(2.00472 0.14027 0)
(2.00726 0.140409 0)
(2.0101 0.140819 0)
(2.01333 0.141713 0)
(2.01718 0.143578 0)
(2.02029 0.145631 0)
(2.02263 0.146833 0)
(2.02452 0.147756 0)
(2.02552 0.148612 0)
(2.02424 0.149066 0)
(2.0183 0.148367 0)
(2.01471 0.14725 0)
(2.01593 0.146983 0)
(2.01742 0.146779 0)
(2.0191 0.146559 0)
(2.02087 0.146544 0)
(2.02418 0.146832 0)
(2.02972 0.147494 0)
(2.03444 0.148062 0)
(2.03561 0.148066 0)
(2.03607 0.147905 0)
(2.03667 0.147415 0)
(1.15792 0.624488 0)
(1.18518 0.622856 0)
(1.21446 0.619679 0)
(1.24475 0.615374 0)
(1.27569 0.610368 0)
(1.30552 0.604483 0)
(1.33308 0.597682 0)
(1.35766 0.590141 0)
(1.37964 0.581302 0)
(1.40319 0.568488 0)
(1.42927 0.555058 0)
(1.453 0.544118 0)
(1.47954 0.530336 0)
(1.51342 0.513045 0)
(1.54333 0.496635 0)
(1.56728 0.488751 0)
(1.59312 0.476206 0)
(1.6178 0.454063 0)
(1.63491 0.434167 0)
(1.64512 0.425383 0)
(1.65154 0.413099 0)
(1.67346 0.392199 0)
(1.70059 0.366928 0)
(1.71868 0.35614 0)
(1.73665 0.349186 0)
(1.76032 0.332056 0)
(1.78203 0.305361 0)
(1.79598 0.284972 0)
(1.80429 0.276299 0)
(1.80457 0.264448 0)
(1.81806 0.242828 0)
(1.83861 0.218372 0)
(1.85225 0.208143 0)
(1.86721 0.204621 0)
(1.8877 0.193779 0)
(1.90729 0.171577 0)
(1.91917 0.150058 0)
(1.92706 0.140124 0)
(1.92633 0.133332 0)
(1.92119 0.11332 0)
(1.93513 0.08819 0)
(1.94443 0.0710881 0)
(1.95355 0.067196 0)
(1.96521 0.0602321 0)
(1.9824 0.0482357 0)
(1.99697 0.0233475 0)
(2.00359 0.00541962 0)
(2.01243 0.00461643 0)
(2.0163 0.00367446 0)
(2.01785 -0.0188304 0)
(2.01827 -0.0462956 0)
(2.02034 -0.0582925 0)
(2.02609 -0.0590838 0)
(2.03048 -0.0623628 0)
(2.04009 -0.0758739 0)
(2.05122 -0.0964781 0)
(2.05508 -0.115584 0)
(2.06223 -0.118246 0)
(2.06776 -0.118249 0)
(2.07542 -0.130285 0)
(2.07968 -0.149223 0)
(2.08035 -0.165399 0)
(2.08232 -0.175776 0)
(2.08375 -0.183041 0)
(2.08086 -0.19416 0)
(2.08573 -0.207292 0)
(2.09246 -0.219534 0)
(2.09708 -0.228687 0)
(2.10394 -0.230028 0)
(2.11189 -0.234226 0)
(2.11738 -0.245173 0)
(2.11696 -0.257092 0)
(2.11549 -0.268418 0)
(2.11474 -0.281151 0)
(2.11498 -0.295723 0)
(2.12364 -0.304167 0)
(2.13012 -0.307733 0)
(2.13689 -0.314678 0)
(2.1419 -0.323808 0)
(2.14685 -0.326913 0)
(2.15425 -0.333045 0)
(2.1578 -0.338594 0)
(2.15629 -0.34417 0)
(2.14616 -0.353472 0)
(2.13729 -0.36541 0)
(2.13912 -0.370069 0)
(2.14265 -0.374556 0)
(2.14864 -0.376439 0)
(2.1532 -0.377016 0)
(2.15773 -0.379853 0)
(2.15925 -0.382944 0)
(2.15972 -0.384739 0)
(2.15919 -0.386509 0)
(2.15874 -0.385808 0)
(2.16023 -0.384882 0)
(2.16212 -0.38124 0)
(2.16259 -0.377627 0)
(2.1632 -0.376805 0)
(2.1633 -0.377791 0)
(2.1592 -0.378766 0)
(2.1515 -0.375757 0)
(2.14705 -0.373251 0)
(2.14518 -0.372819 0)
(2.14186 -0.370626 0)
(2.13837 -0.364767 0)
(2.13598 -0.355472 0)
(2.135 -0.346294 0)
(2.1328 -0.335467 0)
(2.13169 -0.31855 0)
(2.13498 -0.306526 0)
(2.14114 -0.298801 0)
(2.14056 -0.277788 0)
(2.1339 -0.265011 0)
(2.1248 -0.258252 0)
(2.1073 -0.242968 0)
(2.09124 -0.227354 0)
(2.0777 -0.218748 0)
(2.06274 -0.211554 0)
(2.05174 -0.195655 0)
(2.04481 -0.187441 0)
(2.03562 -0.19237 0)
(2.02716 -0.188239 0)
(2.01895 -0.186914 0)
(2.00929 -0.200474 0)
(2.00683 -0.215432 0)
(2.00598 -0.235121 0)
(1.97765 -0.276247 0)
(1.94267 -0.313112 0)
(1.91947 -0.329263 0)
(1.88306 -0.360454 0)
(1.8537 -0.396869 0)
(1.84048 -0.401316 0)
(1.82156 -0.422126 0)
(1.81004 -0.459963 0)
(1.8067 -0.465767 0)
(1.80316 -0.466957 0)
(1.80454 -0.474841 0)
(1.80829 -0.477218 0)
(1.81216 -0.475792 0)
(1.81494 -0.47881 0)
(1.8131 -0.48194 0)
(1.80707 -0.491059 0)
(1.79974 -0.493321 0)
(1.7923 -0.489941 0)
(1.78671 -0.489819 0)
(1.78211 -0.492814 0)
(1.78213 -0.497867 0)
(1.78276 -0.49882 0)
(1.7842 -0.498536 0)
(1.78664 -0.496521 0)
(1.7902 -0.493844 0)
(1.79412 -0.492255 0)
(1.80044 -0.494214 0)
(1.81004 -0.497564 0)
(1.81456 -0.498363 0)
(1.818 -0.498547 0)
(1.821 -0.497348 0)
(1.82246 -0.495325 0)
(1.82307 -0.492466 0)
(1.81839 -0.490966 0)
(1.80835 -0.490284 0)
(1.80576 -0.488451 0)
(1.81111 -0.48581 0)
(1.81893 -0.482145 0)
(1.82626 -0.477331 0)
(1.83588 -0.472833 0)
(1.85261 -0.46604 0)
(1.86685 -0.462064 0)
(1.8711 -0.461804 0)
(1.87544 -0.461927 0)
(1.87793 -0.461217 0)
(1.87334 -0.459294 0)
(1.85682 -0.456853 0)
(1.84741 -0.454598 0)
(1.84919 -0.453942 0)
(1.85189 -0.453594 0)
(1.85562 -0.452771 0)
(1.86233 -0.451143 0)
(1.87425 -0.446859 0)
(1.8906 -0.44044 0)
(1.89837 -0.436806 0)
(1.90079 -0.436031 0)
(1.9026 -0.435935 0)
(1.90072 -0.437396 0)
(1.89089 -0.441186 0)
(1.87773 -0.444875 0)
(1.87574 -0.444769 0)
(1.8784 -0.443249 0)
(1.88176 -0.440217 0)
(1.88603 -0.437157 0)
(1.89364 -0.433636 0)
(1.90516 -0.429134 0)
(1.91304 -0.426366 0)
(1.91454 -0.425676 0)
(1.91591 -0.424915 0)
(1.91573 -0.42364 0)
(1.91232 -0.422681 0)
(1.90546 -0.421881 0)
(1.90355 -0.420689 0)
(1.90655 -0.419946 0)
(1.90982 -0.418797 0)
(1.91336 -0.417583 0)
(1.91947 -0.415966 0)
(1.92881 -0.411822 0)
(1.93765 -0.405863 0)
(1.94066 -0.401824 0)
(1.94367 -0.397187 0)
(1.94482 -0.392889 0)
(1.94259 -0.391106 0)
(1.93606 -0.392182 0)
(1.93185 -0.392997 0)
(1.93336 -0.392527 0)
(1.93504 -0.391299 0)
(1.93703 -0.388819 0)
(1.94164 -0.384345 0)
(1.95025 -0.377944 0)
(1.95646 -0.373929 0)
(1.95826 -0.373387 0)
(1.9602 -0.372764 0)
(1.96092 -0.37205 0)
(1.95862 -0.371198 0)
(1.95237 -0.369876 0)
(1.94602 -0.367244 0)
(1.9444 -0.364745 0)
(1.94472 -0.363649 0)
(1.94512 -0.361794 0)
(1.94587 -0.358023 0)
(1.94862 -0.352395 0)
(1.9539 -0.345481 0)
(1.96025 -0.339182 0)
(1.96129 -0.336311 0)
(1.96012 -0.335656 0)
(1.95805 -0.335386 0)
(1.95401 -0.335384 0)
(1.94814 -0.334325 0)
(1.94409 -0.331522 0)
(1.94198 -0.32858 0)
(1.94011 -0.324572 0)
(1.94015 -0.320272 0)
(1.94228 -0.315824 0)
(1.94509 -0.311709 0)
(1.94605 -0.308644 0)
(1.94623 -0.305296 0)
(1.9456 -0.302584 0)
(1.94439 -0.300609 0)
(1.94235 -0.297251 0)
(1.93803 -0.291469 0)
(1.93371 -0.283246 0)
(1.9322 -0.277294 0)
(1.92849 -0.269673 0)
(1.92452 -0.26031 0)
(1.92265 -0.25038 0)
(1.92442 -0.239744 0)
(1.9268 -0.225044 0)
(1.92651 -0.212445 0)
(1.92442 -0.202452 0)
(1.91998 -0.190298 0)
(1.91519 -0.176091 0)
(1.91092 -0.162184 0)
(1.90725 -0.148339 0)
(1.9043 -0.133519 0)
(1.90066 -0.116749 0)
(1.89718 -0.0978931 0)
(1.89795 -0.0794379 0)
(1.90692 -0.060512 0)
(1.91853 -0.0412427 0)
(1.91569 -0.0313888 0)
(1.91136 -0.0222294 0)
(1.90174 -0.0117361 0)
(1.89301 -0.000792674 0)
(1.88854 0.00610285 0)
(1.88145 0.0157742 0)
(1.87678 0.0269358 0)
(1.87384 0.0360338 0)
(1.87306 0.0442101 0)
(1.87734 0.0523616 0)
(1.88916 0.0637521 0)
(1.89887 0.0777044 0)
(1.89851 0.0852416 0)
(1.89591 0.0906456 0)
(1.89124 0.0972065 0)
(1.88529 0.102485 0)
(1.87967 0.104827 0)
(1.87772 0.106359 0)
(1.87814 0.107258 0)
(1.87948 0.108675 0)
(1.8821 0.110182 0)
(1.88704 0.11224 0)
(1.89714 0.117634 0)
(1.90916 0.127325 0)
(1.91248 0.133231 0)
(1.91269 0.137749 0)
(1.91066 0.141618 0)
(1.90665 0.141647 0)
(1.90276 0.138468 0)
(1.89952 0.134738 0)
(1.89686 0.132409 0)
(1.89563 0.133164 0)
(1.89562 0.136143 0)
(1.89641 0.139694 0)
(1.89806 0.143171 0)
(1.90164 0.147208 0)
(1.91022 0.153108 0)
(1.92145 0.159226 0)
(1.92495 0.161918 0)
(1.92783 0.165119 0)
(1.92973 0.168481 0)
(1.93044 0.169122 0)
(1.92911 0.167065 0)
(1.92295 0.162502 0)
(1.91344 0.157471 0)
(1.9123 0.156205 0)
(1.91428 0.156319 0)
(1.91634 0.156846 0)
(1.91947 0.158218 0)
(1.92712 0.160253 0)
(1.93915 0.162497 0)
(1.94487 0.163729 0)
(1.94753 0.164399 0)
(1.95035 0.165467 0)
(1.95158 0.166063 0)
(1.94773 0.166324 0)
(1.93697 0.167449 0)
(1.93279 0.169646 0)
(1.93472 0.171319 0)
(1.93741 0.172284 0)
(1.93994 0.172689 0)
(1.94393 0.172552 0)
(1.95519 0.171805 0)
(1.9678 0.170359 0)
(1.97183 0.169233 0)
(1.97637 0.168025 0)
(1.98034 0.166986 0)
(1.98173 0.165554 0)
(1.97258 0.164288 0)
(1.95649 0.164948 0)
(1.95332 0.167595 0)
(1.95545 0.169031 0)
(1.95841 0.16988 0)
(1.96189 0.170647 0)
(1.96897 0.17102 0)
(1.98057 0.17057 0)
(1.98541 0.170266 0)
(1.98901 0.169961 0)
(1.99251 0.169617 0)
(1.99451 0.168828 0)
(1.98992 0.167318 0)
(1.97977 0.165943 0)
(1.97889 0.165579 0)
(1.98186 0.165231 0)
(1.98566 0.165149 0)
(1.98986 0.165362 0)
(1.99463 0.166187 0)
(2.00257 0.168575 0)
(2.00902 0.17172 0)
(2.01233 0.173587 0)
(2.0158 0.175122 0)
(2.01841 0.176188 0)
(2.01931 0.176255 0)
(2.01437 0.17465 0)
(2.00144 0.170982 0)
(1.99793 0.168612 0)
(2.00044 0.168215 0)
(2.00346 0.167463 0)
(2.00741 0.166457 0)
(2.01285 0.166011 0)
(2.01964 0.167237 0)
(2.02347 0.169257 0)
(2.02671 0.170979 0)
(2.02925 0.172509 0)
(2.03057 0.173914 0)
(2.02861 0.17475 0)
(2.02085 0.174343 0)
(2.01724 0.173636 0)
(2.01869 0.173466 0)
(2.02024 0.17329 0)
(2.02199 0.173138 0)
(2.02422 0.173266 0)
(2.02895 0.173947 0)
(2.03576 0.174944 0)
(2.03993 0.175484 0)
(2.0407 0.175538 0)
(2.04138 0.175249 0)
(2.04141 0.173974 0)
(1.1571 0.605718 0)
(1.1803 0.604168 0)
(1.20522 0.601269 0)
(1.23126 0.5975 0)
(1.25738 0.593402 0)
(1.28287 0.588878 0)
(1.30737 0.583608 0)
(1.32969 0.578079 0)
(1.35002 0.571062 0)
(1.3702 0.562653 0)
(1.39068 0.553932 0)
(1.41318 0.543158 0)
(1.43788 0.531896 0)
(1.46279 0.521629 0)
(1.49022 0.510676 0)
(1.5195 0.496177 0)
(1.54474 0.482611 0)
(1.56376 0.476316 0)
(1.57698 0.46701 0)
(1.59076 0.444461 0)
(1.60614 0.425499 0)
(1.621 0.418855 0)
(1.63787 0.411168 0)
(1.66151 0.39749 0)
(1.68708 0.375426 0)
(1.70514 0.360309 0)
(1.71956 0.356928 0)
(1.73301 0.34351 0)
(1.74669 0.315631 0)
(1.7564 0.29772 0)
(1.76594 0.292086 0)
(1.77841 0.283196 0)
(1.79902 0.270733 0)
(1.82082 0.249307 0)
(1.83565 0.233969 0)
(1.84912 0.232235 0)
(1.86271 0.223247 0)
(1.8718 0.198248 0)
(1.87217 0.174448 0)
(1.87316 0.166806 0)
(1.87696 0.161411 0)
(1.88952 0.150069 0)
(1.90672 0.133808 0)
(1.92032 0.112458 0)
(1.93103 0.108365 0)
(1.94298 0.103193 0)
(1.9582 0.0887641 0)
(1.96927 0.0669276 0)
(1.97354 0.0497989 0)
(1.97515 0.0445999 0)
(1.97203 0.0423003 0)
(1.9693 0.0276772 0)
(1.98123 0.00846932 0)
(1.98822 -0.00781074 0)
(1.99533 -0.0127657 0)
(2.003 -0.0182142 0)
(2.01398 -0.0280788 0)
(2.02433 -0.0409472 0)
(2.03167 -0.0539097 0)
(2.03691 -0.0625577 0)
(2.03808 -0.0686883 0)
(2.02877 -0.0793727 0)
(2.03029 -0.0944847 0)
(2.03699 -0.105587 0)
(2.04129 -0.114457 0)
(2.052 -0.120704 0)
(2.06142 -0.125823 0)
(2.07006 -0.131829 0)
(2.07825 -0.140415 0)
(2.08389 -0.149553 0)
(2.08384 -0.157082 0)
(2.07217 -0.166974 0)
(2.06944 -0.178354 0)
(2.07676 -0.18633 0)
(2.08095 -0.194538 0)
(2.08877 -0.202183 0)
(2.09937 -0.205348 0)
(2.10784 -0.209816 0)
(2.11448 -0.21797 0)
(2.11897 -0.223947 0)
(2.1243 -0.230287 0)
(2.12478 -0.236123 0)
(2.11204 -0.245091 0)
(2.10315 -0.257676 0)
(2.10829 -0.261994 0)
(2.11322 -0.269216 0)
(2.11727 -0.273639 0)
(2.12255 -0.2751 0)
(2.13004 -0.281018 0)
(2.13382 -0.290019 0)
(2.13402 -0.295227 0)
(2.13276 -0.304564 0)
(2.13359 -0.31329 0)
(2.1373 -0.317496 0)
(2.14239 -0.320016 0)
(2.14727 -0.322994 0)
(2.14937 -0.326602 0)
(2.14798 -0.330651 0)
(2.14209 -0.336588 0)
(2.13739 -0.340674 0)
(2.13808 -0.341097 0)
(2.13881 -0.342387 0)
(2.14142 -0.346904 0)
(2.14542 -0.349544 0)
(2.14835 -0.348696 0)
(2.14976 -0.347919 0)
(2.1499 -0.348558 0)
(2.15055 -0.350073 0)
(2.15277 -0.351033 0)
(2.15674 -0.351708 0)
(2.16178 -0.353441 0)
(2.16606 -0.356312 0)
(2.16496 -0.360545 0)
(2.15983 -0.362791 0)
(2.14907 -0.365803 0)
(2.13271 -0.374413 0)
(2.11588 -0.382906 0)
(2.09408 -0.392415 0)
(2.05986 -0.417129 0)
(2.03715 -0.434558 0)
(2.00643 -0.466771 0)
(1.9745 -0.502041 0)
(1.96087 -0.517272 0)
(1.93446 -0.558828 0)
(1.91999 -0.573909 0)
(1.9088 -0.587549 0)
(1.87548 -0.624511 0)
(1.85872 -0.632736 0)
(1.83988 -0.637474 0)
(1.81637 -0.650522 0)
(1.80098 -0.659994 0)
(1.78829 -0.657869 0)
(1.78287 -0.655199 0)
(1.78247 -0.653368 0)
(1.78563 -0.639459 0)
(1.79337 -0.627741 0)
(1.80095 -0.625185 0)
(1.80871 -0.618716 0)
(1.81313 -0.605409 0)
(1.80988 -0.598177 0)
(1.80549 -0.592958 0)
(1.80022 -0.589572 0)
(1.79683 -0.583322 0)
(1.79578 -0.569444 0)
(1.79788 -0.558484 0)
(1.79956 -0.555847 0)
(1.80149 -0.549768 0)
(1.80491 -0.540331 0)
(1.80811 -0.531587 0)
(1.80976 -0.524551 0)
(1.81233 -0.519361 0)
(1.81758 -0.514251 0)
(1.82292 -0.506395 0)
(1.82561 -0.500132 0)
(1.82845 -0.495456 0)
(1.83088 -0.490654 0)
(1.83339 -0.485041 0)
(1.83531 -0.479198 0)
(1.8357 -0.473897 0)
(1.83248 -0.469714 0)
(1.8258 -0.46768 0)
(1.82395 -0.466848 0)
(1.82699 -0.465763 0)
(1.83078 -0.463749 0)
(1.8368 -0.459606 0)
(1.84955 -0.452528 0)
(1.86901 -0.446257 0)
(1.8785 -0.445275 0)
(1.88075 -0.4461 0)
(1.88252 -0.448352 0)
(1.87957 -0.451608 0)
(1.86624 -0.454452 0)
(1.8512 -0.453522 0)
(1.84977 -0.451421 0)
(1.85224 -0.450512 0)
(1.85534 -0.449792 0)
(1.86065 -0.449422 0)
(1.87124 -0.447486 0)
(1.88756 -0.44297 0)
(1.89815 -0.43975 0)
(1.90075 -0.439197 0)
(1.90345 -0.438674 0)
(1.90345 -0.438428 0)
(1.89467 -0.439953 0)
(1.87871 -0.443806 0)
(1.8751 -0.445992 0)
(1.8776 -0.446584 0)
(1.88055 -0.446494 0)
(1.88544 -0.444626 0)
(1.89671 -0.439505 0)
(1.91348 -0.431578 0)
(1.92233 -0.427359 0)
(1.92454 -0.426514 0)
(1.92644 -0.42562 0)
(1.92475 -0.425142 0)
(1.91596 -0.424905 0)
(1.90679 -0.423191 0)
(1.907 -0.42018 0)
(1.91033 -0.417739 0)
(1.91439 -0.415681 0)
(1.91944 -0.414054 0)
(1.9288 -0.411567 0)
(1.94247 -0.40604 0)
(1.95073 -0.400772 0)
(1.95347 -0.398062 0)
(1.95571 -0.395429 0)
(1.95579 -0.392331 0)
(1.9504 -0.389902 0)
(1.93961 -0.389065 0)
(1.93577 -0.388069 0)
(1.93793 -0.386983 0)
(1.94024 -0.385688 0)
(1.94295 -0.383923 0)
(1.94778 -0.380189 0)
(1.95621 -0.374757 0)
(1.96367 -0.370978 0)
(1.96566 -0.370118 0)
(1.96737 -0.369747 0)
(1.96788 -0.369313 0)
(1.96486 -0.368935 0)
(1.95766 -0.367425 0)
(1.95295 -0.363917 0)
(1.95276 -0.360709 0)
(1.95357 -0.358117 0)
(1.95517 -0.355238 0)
(1.95775 -0.352024 0)
(1.96265 -0.347825 0)
(1.96947 -0.340927 0)
(1.97332 -0.333972 0)
(1.97301 -0.331047 0)
(1.97075 -0.32967 0)
(1.96503 -0.329436 0)
(1.95844 -0.329744 0)
(1.95619 -0.329568 0)
(1.95402 -0.328601 0)
(1.95247 -0.326522 0)
(1.95262 -0.323136 0)
(1.95495 -0.318262 0)
(1.95773 -0.312971 0)
(1.95892 -0.309269 0)
(1.95878 -0.30652 0)
(1.95814 -0.304093 0)
(1.95564 -0.303 0)
(1.95069 -0.302764 0)
(1.94649 -0.302146 0)
(1.94589 -0.301539 0)
(1.94605 -0.301207 0)
(1.94609 -0.299586 0)
(1.94521 -0.29556 0)
(1.94579 -0.289568 0)
(1.94906 -0.283832 0)
(1.95114 -0.28089 0)
(1.95234 -0.279544 0)
(1.95426 -0.277759 0)
(1.9545 -0.274208 0)
(1.95642 -0.269891 0)
(1.95755 -0.265253 0)
(1.95805 -0.258312 0)
(1.96013 -0.253489 0)
(1.96025 -0.249209 0)
(1.95973 -0.244579 0)
(1.95943 -0.237877 0)
(1.95836 -0.228361 0)
(1.95778 -0.217033 0)
(1.95915 -0.204123 0)
(1.9621 -0.193065 0)
(1.96452 -0.184028 0)
(1.96196 -0.173172 0)
(1.95362 -0.163144 0)
(1.94791 -0.153045 0)
(1.94176 -0.144431 0)
(1.93255 -0.131879 0)
(1.92724 -0.118637 0)
(1.92382 -0.106094 0)
(1.92163 -0.0878983 0)
(1.92643 -0.0699963 0)
(1.93712 -0.0585153 0)
(1.9429 -0.0471244 0)
(1.93798 -0.0362974 0)
(1.93147 -0.0259883 0)
(1.92429 -0.0142923 0)
(1.91877 -0.00268343 0)
(1.91518 0.00934291 0)
(1.91299 0.0236587 0)
(1.91273 0.0366778 0)
(1.91321 0.0451656 0)
(1.91383 0.0517979 0)
(1.91715 0.0592324 0)
(1.92777 0.0677414 0)
(1.93878 0.0767724 0)
(1.94011 0.0834899 0)
(1.93825 0.088025 0)
(1.9338 0.0931047 0)
(1.927 0.0998762 0)
(1.92099 0.106169 0)
(1.91722 0.110516 0)
(1.91498 0.114776 0)
(1.91445 0.118298 0)
(1.91426 0.120398 0)
(1.91364 0.123091 0)
(1.91469 0.126861 0)
(1.92125 0.132027 0)
(1.93422 0.138095 0)
(1.94142 0.142608 0)
(1.94303 0.14538 0)
(1.94305 0.152124 0)
(1.94013 0.157612 0)
(1.93549 0.159307 0)
(1.93069 0.158038 0)
(1.92685 0.155659 0)
(1.92573 0.154761 0)
(1.9267 0.154967 0)
(1.92799 0.155385 0)
(1.93009 0.156267 0)
(1.93596 0.158386 0)
(1.94755 0.163051 0)
(1.95525 0.166757 0)
(1.95706 0.167644 0)
(1.95898 0.168974 0)
(1.95979 0.169979 0)
(1.9583 0.171205 0)
(1.95233 0.173268 0)
(1.94332 0.177069 0)
(1.93951 0.181456 0)
(1.94106 0.184372 0)
(1.9437 0.186835 0)
(1.94736 0.189188 0)
(1.9551 0.191633 0)
(1.96607 0.191664 0)
(1.97116 0.189226 0)
(1.97428 0.186563 0)
(1.97654 0.183069 0)
(1.97735 0.180066 0)
(1.97571 0.178087 0)
(1.96848 0.177935 0)
(1.95978 0.182143 0)
(1.95929 0.187507 0)
(1.96186 0.1917 0)
(1.96502 0.194617 0)
(1.96924 0.197289 0)
(1.97618 0.200273 0)
(1.98127 0.201014 0)
(1.98275 0.200329 0)
(1.98473 0.199262 0)
(1.98685 0.197844 0)
(1.98757 0.196368 0)
(1.98331 0.194326 0)
(1.978 0.19263 0)
(1.97994 0.192435 0)
(1.98265 0.192577 0)
(1.98546 0.192953 0)
(1.9885 0.194068 0)
(1.99448 0.196886 0)
(2.00408 0.201923 0)
(2.00791 0.204406 0)
(2.01109 0.206103 0)
(2.0144 0.207477 0)
(2.01727 0.208329 0)
(2.01635 0.207783 0)
(2.00434 0.204303 0)
(1.99607 0.201249 0)
(1.99764 0.200611 0)
(1.99974 0.200048 0)
(2.00228 0.199047 0)
(2.00568 0.198153 0)
(2.01222 0.197997 0)
(2.02025 0.199501 0)
(2.02365 0.201393 0)
(2.02772 0.203745 0)
(2.03099 0.206315 0)
(2.03274 0.208388 0)
(2.03012 0.209195 0)
(2.02218 0.208657 0)
(2.02045 0.208245 0)
(2.02207 0.208176 0)
(2.0239 0.208005 0)
(2.02582 0.207391 0)
(2.02911 0.206702 0)
(2.03476 0.206666 0)
(2.04077 0.207464 0)
(2.04333 0.207994 0)
(2.04426 0.208339 0)
(2.04536 0.208635 0)
(2.04447 0.207569 0)
(1.15789 0.590846 0)
(1.17759 0.589541 0)
(1.19909 0.587274 0)
(1.22192 0.584139 0)
(1.24462 0.580685 0)
(1.26664 0.57707 0)
(1.28805 0.572801 0)
(1.30798 0.56804 0)
(1.32617 0.56253 0)
(1.34348 0.556055 0)
(1.36104 0.548628 0)
(1.38094 0.540839 0)
(1.40339 0.533118 0)
(1.42724 0.524469 0)
(1.45317 0.515121 0)
(1.4782 0.505382 0)
(1.49979 0.49823 0)
(1.52022 0.487618 0)
(1.53513 0.472571 0)
(1.54364 0.462229 0)
(1.55519 0.453057 0)
(1.57714 0.442041 0)
(1.60081 0.427222 0)
(1.61866 0.419922 0)
(1.63489 0.414105 0)
(1.6539 0.400039 0)
(1.67258 0.379581 0)
(1.68568 0.364728 0)
(1.69436 0.358409 0)
(1.70094 0.347667 0)
(1.71937 0.331226 0)
(1.73832 0.314377 0)
(1.75201 0.307961 0)
(1.76736 0.300577 0)
(1.78671 0.28722 0)
(1.80379 0.268462 0)
(1.81513 0.254671 0)
(1.8219 0.248508 0)
(1.81926 0.241008 0)
(1.82225 0.221816 0)
(1.83685 0.203619 0)
(1.84725 0.195623 0)
(1.85759 0.190788 0)
(1.87118 0.180582 0)
(1.88854 0.16699 0)
(1.90312 0.144942 0)
(1.91246 0.135343 0)
(1.9226 0.134821 0)
(1.93182 0.124842 0)
(1.93473 0.102948 0)
(1.93204 0.085293 0)
(1.93106 0.0771168 0)
(1.93343 0.0700535 0)
(1.94347 0.0606975 0)
(1.95669 0.0510831 0)
(1.96883 0.0356825 0)
(1.97691 0.0272054 0)
(1.9862 0.023316 0)
(1.99431 0.0146202 0)
(1.996 0.00187769 0)
(1.98998 -0.0149495 0)
(1.98793 -0.0301071 0)
(1.99674 -0.0353037 0)
(2.00536 -0.0393283 0)
(2.01616 -0.045987 0)
(2.02773 -0.0573193 0)
(2.03496 -0.0636733 0)
(2.04396 -0.0676612 0)
(2.05112 -0.0735485 0)
(2.05245 -0.0854884 0)
(2.04225 -0.104001 0)
(2.0361 -0.116401 0)
(2.0426 -0.11989 0)
(2.04973 -0.122839 0)
(2.05907 -0.128978 0)
(2.06966 -0.141799 0)
(2.07634 -0.150768 0)
(2.08358 -0.151878 0)
(2.09194 -0.155216 0)
(2.09928 -0.166825 0)
(2.10012 -0.183135 0)
(2.09414 -0.189495 0)
(2.08378 -0.194272 0)
(2.0886 -0.201341 0)
(2.09608 -0.208874 0)
(2.09934 -0.216083 0)
(2.10134 -0.217892 0)
(2.10654 -0.228514 0)
(2.11071 -0.243722 0)
(2.11182 -0.251312 0)
(2.11271 -0.259673 0)
(2.11978 -0.26864 0)
(2.12533 -0.275685 0)
(2.1303 -0.280183 0)
(2.13702 -0.28674 0)
(2.1415 -0.291467 0)
(2.14218 -0.298486 0)
(2.13532 -0.30508 0)
(2.12428 -0.314704 0)
(2.13065 -0.321768 0)
(2.13483 -0.323543 0)
(2.13954 -0.329497 0)
(2.14467 -0.338013 0)
(2.14767 -0.340596 0)
(2.15252 -0.34477 0)
(2.15116 -0.352228 0)
(2.14895 -0.360216 0)
(2.14688 -0.36544 0)
(2.14349 -0.373568 0)
(2.13859 -0.388938 0)
(2.1313 -0.411408 0)
(2.13127 -0.426181 0)
(2.11973 -0.456744 0)
(2.08345 -0.506364 0)
(2.07081 -0.52468 0)
(2.03546 -0.558968 0)
(1.98668 -0.614781 0)
(1.97224 -0.634036 0)
(1.93318 -0.675536 0)
(1.90201 -0.734428 0)
(1.89872 -0.743665 0)
(1.89476 -0.755311 0)
(1.88109 -0.788077 0)
(1.87484 -0.798868 0)
(1.86837 -0.799728 0)
(1.8575 -0.803172 0)
(1.84986 -0.807371 0)
(1.83736 -0.811543 0)
(1.82017 -0.812715 0)
(1.80919 -0.81001 0)
(1.80526 -0.805552 0)
(1.80136 -0.793139 0)
(1.80237 -0.780457 0)
(1.80752 -0.768845 0)
(1.81763 -0.753994 0)
(1.83409 -0.734695 0)
(1.84546 -0.71653 0)
(1.84681 -0.706049 0)
(1.84437 -0.698142 0)
(1.83724 -0.685446 0)
(1.8261 -0.667075 0)
(1.82245 -0.655672 0)
(1.82111 -0.648443 0)
(1.82099 -0.638453 0)
(1.82419 -0.625461 0)
(1.82879 -0.611893 0)
(1.83431 -0.596643 0)
(1.84373 -0.579489 0)
(1.85299 -0.561417 0)
(1.85445 -0.547078 0)
(1.85135 -0.537916 0)
(1.84515 -0.526331 0)
(1.84152 -0.519026 0)
(1.83739 -0.514347 0)
(1.83492 -0.511309 0)
(1.8336 -0.509331 0)
(1.83467 -0.506793 0)
(1.83975 -0.501146 0)
(1.84238 -0.494811 0)
(1.8411 -0.487546 0)
(1.84046 -0.476411 0)
(1.84122 -0.471769 0)
(1.84137 -0.467502 0)
(1.84288 -0.463251 0)
(1.84733 -0.458968 0)
(1.85875 -0.453709 0)
(1.86933 -0.450097 0)
(1.87135 -0.449971 0)
(1.8721 -0.450911 0)
(1.87184 -0.453099 0)
(1.86679 -0.456174 0)
(1.85392 -0.458732 0)
(1.84677 -0.45818 0)
(1.84862 -0.457024 0)
(1.85155 -0.456141 0)
(1.85597 -0.454936 0)
(1.86621 -0.451944 0)
(1.88292 -0.446602 0)
(1.89537 -0.44343 0)
(1.89877 -0.442454 0)
(1.90238 -0.441444 0)
(1.904 -0.44114 0)
(1.9 -0.441808 0)
(1.88662 -0.442127 0)
(1.87773 -0.44084 0)
(1.87977 -0.439886 0)
(1.88295 -0.438988 0)
(1.88693 -0.437513 0)
(1.89544 -0.435347 0)
(1.91218 -0.430522 0)
(1.92806 -0.425511 0)
(1.93254 -0.423559 0)
(1.93636 -0.421945 0)
(1.93727 -0.420323 0)
(1.93108 -0.418622 0)
(1.91748 -0.416452 0)
(1.91292 -0.413022 0)
(1.91611 -0.410048 0)
(1.9199 -0.407685 0)
(1.92407 -0.405681 0)
(1.93221 -0.402907 0)
(1.94633 -0.397969 0)
(1.95917 -0.393513 0)
(1.96322 -0.391528 0)
(1.96548 -0.390306 0)
(1.96656 -0.388765 0)
(1.96256 -0.387716 0)
(1.9496 -0.388496 0)
(1.94158 -0.389192 0)
(1.94265 -0.388787 0)
(1.94456 -0.38732 0)
(1.94728 -0.384322 0)
(1.95285 -0.380618 0)
(1.96267 -0.375183 0)
(1.9725 -0.37025 0)
(1.97525 -0.36888 0)
(1.9773 -0.368444 0)
(1.97788 -0.368328 0)
(1.9745 -0.36888 0)
(1.96652 -0.368603 0)
(1.96219 -0.365353 0)
(1.96228 -0.361705 0)
(1.96332 -0.358354 0)
(1.96528 -0.354606 0)
(1.96889 -0.350439 0)
(1.97646 -0.345548 0)
(1.98472 -0.339383 0)
(1.98742 -0.334709 0)
(1.98715 -0.332404 0)
(1.98463 -0.33006 0)
(1.97716 -0.328472 0)
(1.96791 -0.327287 0)
(1.96484 -0.326228 0)
(1.96212 -0.324591 0)
(1.96017 -0.322719 0)
(1.96099 -0.320513 0)
(1.96648 -0.316277 0)
(1.97233 -0.310284 0)
(1.97371 -0.30613 0)
(1.97339 -0.302909 0)
(1.97179 -0.298938 0)
(1.9666 -0.296071 0)
(1.95764 -0.29405 0)
(1.95182 -0.291509 0)
(1.95204 -0.290585 0)
(1.95253 -0.290596 0)
(1.95293 -0.290638 0)
(1.95338 -0.289381 0)
(1.95601 -0.285106 0)
(1.9615 -0.279194 0)
(1.96475 -0.275575 0)
(1.96584 -0.274221 0)
(1.96698 -0.271417 0)
(1.96572 -0.269423 0)
(1.96308 -0.268049 0)
(1.96651 -0.265979 0)
(1.9701 -0.26381 0)
(1.97204 -0.260727 0)
(1.97434 -0.258802 0)
(1.97662 -0.254673 0)
(1.97892 -0.249414 0)
(1.97931 -0.247311 0)
(1.9796 -0.245665 0)
(1.97993 -0.243691 0)
(1.97887 -0.240526 0)
(1.98088 -0.23765 0)
(1.98215 -0.235693 0)
(1.98394 -0.232003 0)
(1.98326 -0.228082 0)
(1.98136 -0.226317 0)
(1.97726 -0.224138 0)
(1.97197 -0.219314 0)
(1.96865 -0.212644 0)
(1.96845 -0.206271 0)
(1.96981 -0.199357 0)
(1.97268 -0.192098 0)
(1.97673 -0.185388 0)
(1.98061 -0.179845 0)
(1.98425 -0.173212 0)
(1.98068 -0.162713 0)
(1.97678 -0.153582 0)
(1.97263 -0.142969 0)
(1.96738 -0.129323 0)
(1.96449 -0.115796 0)
(1.96334 -0.104751 0)
(1.96224 -0.0947175 0)
(1.96109 -0.0831291 0)
(1.9614 -0.0717851 0)
(1.96428 -0.0631209 0)
(1.96823 -0.0533241 0)
(1.97009 -0.0426707 0)
(1.96927 -0.0317715 0)
(1.96389 -0.0208624 0)
(1.95883 -0.00832315 0)
(1.956 0.00352095 0)
(1.95273 0.0133336 0)
(1.95019 0.0213361 0)
(1.94608 0.0306231 0)
(1.9427 0.0408011 0)
(1.94103 0.0500955 0)
(1.94304 0.0599726 0)
(1.95418 0.0736082 0)
(1.96281 0.0862447 0)
(1.96196 0.0913765 0)
(1.9589 0.0953545 0)
(1.95428 0.0996464 0)
(1.94969 0.102822 0)
(1.9461 0.107312 0)
(1.94386 0.114558 0)
(1.94408 0.121728 0)
(1.94514 0.127735 0)
(1.94656 0.131089 0)
(1.94918 0.133866 0)
(1.95582 0.138743 0)
(1.96707 0.147118 0)
(1.97381 0.15501 0)
(1.97456 0.157925 0)
(1.97355 0.161573 0)
(1.96974 0.166639 0)
(1.9638 0.170861 0)
(1.9586 0.172567 0)
(1.95551 0.172862 0)
(1.95449 0.173788 0)
(1.95505 0.175466 0)
(1.95661 0.177457 0)
(1.96017 0.179907 0)
(1.96648 0.18475 0)
(1.97375 0.192163 0)
(1.97611 0.195987 0)
(1.97732 0.197838 0)
(1.97704 0.19706 0)
(1.97629 0.193445 0)
(1.97532 0.188865 0)
(1.97372 0.18422 0)
(1.97171 0.18174 0)
(1.97182 0.183539 0)
(1.97319 0.18724 0)
(1.97531 0.191578 0)
(1.98032 0.19904 0)
(1.98555 0.209539 0)
(1.98627 0.214414 0)
(1.98662 0.216931 0)
(1.98739 0.217413 0)
(1.98842 0.216229 0)
(1.98883 0.214104 0)
(1.98653 0.21059 0)
(1.98092 0.205885 0)
(1.98091 0.203539 0)
(1.98317 0.203396 0)
(1.98537 0.203581 0)
(1.98805 0.204914 0)
(1.99435 0.209004 0)
(2.00396 0.215959 0)
(2.00783 0.220566 0)
(2.01049 0.224178 0)
(2.01272 0.226947 0)
(2.014 0.227786 0)
(2.01227 0.226834 0)
(2.00369 0.22439 0)
(1.99601 0.222535 0)
(1.99703 0.22256 0)
(1.99908 0.222814 0)
(2.0015 0.223055 0)
(2.00469 0.223184 0)
(2.01224 0.223772 0)
(2.02154 0.225447 0)
(2.02458 0.226193 0)
(2.02772 0.227205 0)
(2.02994 0.228774 0)
(2.03084 0.230782 0)
(2.02865 0.233137 0)
(2.02208 0.235208 0)
(2.02055 0.236972 0)
(2.0232 0.237893 0)
(2.02565 0.238435 0)
(2.02807 0.23858 0)
(2.03264 0.238878 0)
(2.03925 0.239329 0)
(2.04414 0.239181 0)
(2.04655 0.23805 0)
(2.04743 0.236666 0)
(2.04767 0.235619 0)
(2.04745 0.233966 0)
(2.04068 0.233823 0)
(1.15934 0.576897 0)
(1.17588 0.575967 0)
(1.1946 0.574534 0)
(1.21521 0.572114 0)
(1.236 0.569227 0)
(1.25565 0.566644 0)
(1.27423 0.563829 0)
(1.29149 0.560264 0)
(1.30696 0.555762 0)
(1.32123 0.550088 0)
(1.33697 0.54379 0)
(1.35586 0.538043 0)
(1.37763 0.532434 0)
(1.40163 0.526042 0)
(1.42451 0.51991 0)
(1.4458 0.513956 0)
(1.46541 0.505474 0)
(1.48065 0.495689 0)
(1.49076 0.485589 0)
(1.50287 0.474076 0)
(1.52325 0.463891 0)
(1.5434 0.455522 0)
(1.5605 0.451775 0)
(1.57924 0.443963 0)
(1.59866 0.428446 0)
(1.61297 0.416801 0)
(1.62268 0.411272 0)
(1.63485 0.399377 0)
(1.65218 0.382165 0)
(1.66583 0.369392 0)
(1.67758 0.362908 0)
(1.69058 0.354812 0)
(1.70878 0.343443 0)
(1.72832 0.327631 0)
(1.74221 0.317961 0)
(1.7553 0.314452 0)
(1.76853 0.304067 0)
(1.77667 0.284967 0)
(1.77856 0.26871 0)
(1.78015 0.261933 0)
(1.78659 0.254516 0)
(1.80178 0.244223 0)
(1.81962 0.228333 0)
(1.83196 0.217721 0)
(1.84425 0.214213 0)
(1.85993 0.205686 0)
(1.87453 0.189124 0)
(1.88399 0.172884 0)
(1.88943 0.162802 0)
(1.88875 0.156245 0)
(1.88188 0.144731 0)
(1.88943 0.129025 0)
(1.90128 0.114554 0)
(1.90884 0.10886 0)
(1.91887 0.105215 0)
(1.93191 0.0970805 0)
(1.94203 0.0847026 0)
(1.94938 0.072937 0)
(1.95213 0.0626441 0)
(1.94757 0.0511424 0)
(1.94756 0.0378733 0)
(1.95799 0.0313735 0)
(1.96895 0.0247174 0)
(1.97835 0.0166468 0)
(1.98782 0.012026 0)
(1.99989 0.00617439 0)
(2.00908 -0.0031571 0)
(2.01511 -0.0126338 0)
(2.01645 -0.0209742 0)
(2.00656 -0.0316135 0)
(1.99967 -0.0440825 0)
(2.00755 -0.0499967 0)
(2.01547 -0.0561032 0)
(2.02502 -0.06558 0)
(2.03122 -0.0682968 0)
(2.04054 -0.0705504 0)
(2.05111 -0.0775688 0)
(2.05779 -0.0910339 0)
(2.06133 -0.0983534 0)
(2.06097 -0.102602 0)
(2.05351 -0.111686 0)
(2.05741 -0.123237 0)
(2.06283 -0.13073 0)
(2.06835 -0.135071 0)
(2.07372 -0.137647 0)
(2.07666 -0.140971 0)
(2.07167 -0.148005 0)
(2.07033 -0.163569 0)
(2.07235 -0.169597 0)
(2.07637 -0.175074 0)
(2.08522 -0.1805 0)
(2.09343 -0.185865 0)
(2.09948 -0.190796 0)
(2.10689 -0.195435 0)
(2.11382 -0.199917 0)
(2.11734 -0.205955 0)
(2.11279 -0.21469 0)
(2.0999 -0.221015 0)
(2.09798 -0.23044 0)
(2.10329 -0.234064 0)
(2.10567 -0.240037 0)
(2.10919 -0.249771 0)
(2.111 -0.264679 0)
(2.11662 -0.279042 0)
(2.10573 -0.301232 0)
(2.09351 -0.327314 0)
(2.086 -0.349025 0)
(2.05535 -0.39658 0)
(2.03552 -0.440206 0)
(2.03009 -0.458957 0)
(1.99218 -0.526062 0)
(1.96792 -0.590967 0)
(1.96515 -0.61142 0)
(1.92131 -0.653088 0)
(1.88659 -0.69939 0)
(1.87738 -0.713045 0)
(1.84715 -0.737673 0)
(1.82188 -0.776387 0)
(1.81626 -0.786065 0)
(1.81127 -0.793317 0)
(1.81325 -0.804823 0)
(1.81871 -0.809922 0)
(1.81794 -0.818612 0)
(1.81778 -0.819957 0)
(1.81933 -0.817825 0)
(1.82007 -0.819137 0)
(1.81766 -0.822565 0)
(1.8094 -0.823212 0)
(1.80303 -0.822109 0)
(1.80689 -0.820698 0)
(1.81281 -0.817467 0)
(1.81967 -0.811983 0)
(1.83012 -0.80647 0)
(1.84649 -0.797204 0)
(1.86185 -0.789832 0)
(1.86853 -0.787502 0)
(1.87471 -0.787715 0)
(1.88005 -0.786752 0)
(1.88207 -0.783607 0)
(1.87422 -0.778107 0)
(1.86287 -0.770181 0)
(1.86198 -0.764745 0)
(1.86341 -0.76299 0)
(1.86552 -0.761199 0)
(1.86827 -0.756271 0)
(1.87281 -0.748213 0)
(1.87989 -0.738246 0)
(1.89052 -0.727185 0)
(1.89801 -0.718539 0)
(1.89749 -0.713726 0)
(1.89503 -0.709492 0)
(1.88671 -0.700768 0)
(1.87868 -0.693256 0)
(1.87475 -0.689772 0)
(1.86997 -0.681429 0)
(1.86768 -0.670115 0)
(1.86897 -0.658028 0)
(1.87407 -0.644822 0)
(1.88229 -0.633801 0)
(1.89056 -0.616766 0)
(1.89306 -0.595576 0)
(1.89417 -0.583902 0)
(1.89001 -0.571084 0)
(1.88759 -0.556881 0)
(1.88782 -0.548913 0)
(1.89024 -0.541589 0)
(1.88973 -0.534008 0)
(1.88928 -0.530094 0)
(1.88886 -0.524844 0)
(1.88847 -0.51947 0)
(1.88707 -0.512525 0)
(1.88509 -0.50391 0)
(1.88251 -0.494738 0)
(1.88218 -0.486936 0)
(1.88394 -0.481665 0)
(1.88716 -0.477509 0)
(1.89542 -0.472814 0)
(1.90944 -0.465798 0)
(1.91573 -0.460525 0)
(1.91721 -0.457274 0)
(1.91676 -0.452653 0)
(1.9125 -0.447609 0)
(1.90269 -0.443072 0)
(1.89488 -0.439957 0)
(1.89419 -0.437822 0)
(1.89526 -0.435845 0)
(1.89743 -0.433659 0)
(1.90237 -0.430924 0)
(1.91425 -0.425789 0)
(1.93406 -0.416548 0)
(1.94375 -0.410232 0)
(1.94711 -0.40761 0)
(1.94881 -0.404834 0)
(1.94563 -0.404614 0)
(1.93449 -0.405756 0)
(1.92412 -0.405731 0)
(1.92573 -0.404158 0)
(1.92923 -0.40135 0)
(1.93332 -0.396344 0)
(1.93949 -0.391837 0)
(1.94849 -0.388182 0)
(1.95936 -0.387083 0)
(1.96418 -0.387407 0)
(1.96643 -0.387798 0)
(1.9687 -0.387905 0)
(1.96787 -0.387924 0)
(1.95983 -0.388209 0)
(1.95105 -0.387262 0)
(1.95154 -0.386185 0)
(1.95355 -0.385819 0)
(1.95608 -0.384964 0)
(1.9615 -0.383259 0)
(1.97186 -0.37879 0)
(1.98201 -0.373491 0)
(1.98514 -0.371392 0)
(1.98798 -0.369639 0)
(1.98957 -0.367708 0)
(1.98704 -0.366266 0)
(1.97859 -0.365222 0)
(1.97338 -0.363332 0)
(1.9734 -0.361357 0)
(1.9741 -0.359304 0)
(1.97557 -0.356623 0)
(1.97856 -0.352949 0)
(1.98633 -0.347922 0)
(1.99782 -0.342215 0)
(2.00261 -0.338785 0)
(2.0033 -0.337566 0)
(2.00262 -0.335129 0)
(1.99672 -0.332499 0)
(1.98554 -0.329761 0)
(1.98013 -0.32629 0)
(1.97922 -0.323138 0)
(1.97842 -0.318812 0)
(1.97875 -0.314801 0)
(1.98227 -0.310467 0)
(1.98913 -0.304787 0)
(1.99189 -0.299596 0)
(1.99117 -0.29624 0)
(1.98908 -0.292976 0)
(1.98368 -0.289511 0)
(1.97454 -0.286436 0)
(1.96682 -0.282698 0)
(1.96445 -0.279448 0)
(1.96421 -0.277583 0)
(1.96418 -0.276122 0)
(1.965 -0.274551 0)
(1.96827 -0.271905 0)
(1.97545 -0.266957 0)
(1.97941 -0.262795 0)
(1.97994 -0.261617 0)
(1.97981 -0.259149 0)
(1.977 -0.256345 0)
(1.97335 -0.254424 0)
(1.97634 -0.253419 0)
(1.97999 -0.252111 0)
(1.98249 -0.249014 0)
(1.98554 -0.246516 0)
(1.98903 -0.24303 0)
(1.99092 -0.239216 0)
(1.99132 -0.237234 0)
(1.99123 -0.235234 0)
(1.98985 -0.233547 0)
(1.98411 -0.233239 0)
(1.98294 -0.234318 0)
(1.9852 -0.234669 0)
(1.98647 -0.234115 0)
(1.98882 -0.23209 0)
(1.98965 -0.228796 0)
(1.98888 -0.227804 0)
(1.98778 -0.227208 0)
(1.98523 -0.224985 0)
(1.98303 -0.220052 0)
(1.98464 -0.215869 0)
(1.98755 -0.213443 0)
(1.99023 -0.211176 0)
(1.9934 -0.209293 0)
(1.99731 -0.207236 0)
(2.0026 -0.204813 0)
(2.0059 -0.202451 0)
(2.00632 -0.200517 0)
(2.00636 -0.198552 0)
(2.00571 -0.195696 0)
(2.00264 -0.19107 0)
(1.99872 -0.184826 0)
(1.99812 -0.180152 0)
(1.999 -0.177104 0)
(1.99993 -0.17403 0)
(2.00049 -0.169845 0)
(2.0014 -0.164364 0)
(2.00254 -0.158438 0)
(2.00344 -0.15187 0)
(2.00355 -0.144321 0)
(2.00194 -0.136675 0)
(1.99653 -0.126666 0)
(1.99242 -0.115794 0)
(1.99125 -0.110354 0)
(1.98755 -0.10273 0)
(1.98488 -0.0940858 0)
(1.98349 -0.0842513 0)
(1.98577 -0.0716145 0)
(1.99532 -0.0562162 0)
(1.99886 -0.0449119 0)
(1.99564 -0.0383748 0)
(1.99157 -0.0295325 0)
(1.98725 -0.0205997 0)
(1.98257 -0.0121918 0)
(1.9791 -0.00354417 0)
(1.97745 0.00564047 0)
(1.97682 0.0162435 0)
(1.97682 0.0275334 0)
(1.97856 0.0383288 0)
(1.9846 0.0502039 0)
(1.99754 0.0644795 0)
(2.00482 0.0746614 0)
(2.00302 0.0780153 0)
(1.99923 0.082194 0)
(1.9907 0.0887344 0)
(1.98065 0.0957849 0)
(1.97522 0.100816 0)
(1.97245 0.105697 0)
(1.97083 0.112517 0)
(1.9716 0.120289 0)
(1.97527 0.127576 0)
(1.9824 0.134972 0)
(1.98971 0.143162 0)
(1.99229 0.149129 0)
(1.99233 0.15095 0)
(1.99147 0.152192 0)
(1.98962 0.154464 0)
(1.98704 0.157852 0)
(1.98451 0.161579 0)
(1.98382 0.163611 0)
(1.9842 0.164475 0)
(1.98594 0.166697 0)
(1.9911 0.171281 0)
(1.99653 0.178925 0)
(1.99818 0.187801 0)
(1.99824 0.196313 0)
(1.9977 0.202364 0)
(1.99876 0.205624 0)
(1.9997 0.207156 0)
(2.00006 0.207924 0)
(1.99955 0.207675 0)
(1.99776 0.205886 0)
(1.99481 0.202731 0)
(1.99354 0.200757 0)
(1.99372 0.200148 0)
(1.99458 0.199744 0)
(1.99684 0.199957 0)
(2.00173 0.201578 0)
(2.00992 0.206128 0)
(2.01541 0.212166 0)
(2.01713 0.216995 0)
(2.01853 0.222773 0)
(2.01826 0.227503 0)
(2.01552 0.230163 0)
(2.00823 0.229874 0)
(2.0013 0.227652 0)
(2.00177 0.226495 0)
(2.00376 0.226131 0)
(2.00609 0.225364 0)
(2.00906 0.224442 0)
(2.01563 0.224482 0)
(2.02722 0.2261 0)
(2.03385 0.227926 0)
(2.03556 0.229231 0)
(2.0373 0.232216 0)
(2.03774 0.235428 0)
(2.03525 0.238385 0)
(2.02758 0.240993 0)
(2.02293 0.24324 0)
(2.02522 0.244681 0)
(2.02795 0.245776 0)
(2.0309 0.24705 0)
(2.03679 0.249281 0)
(2.0448 0.252371 0)
(2.04875 0.253573 0)
(2.05026 0.253515 0)
(2.05165 0.25317 0)
(2.05258 0.252392 0)
(2.05205 0.251061 0)
(2.04691 0.248218 0)
(2.03835 0.244712 0)
(1.16343 0.568111 0)
(1.17713 0.567515 0)
(1.19319 0.566998 0)
(1.2115 0.565432 0)
(1.23084 0.562775 0)
(1.24877 0.56054 0)
(1.26514 0.558604 0)
(1.27994 0.555976 0)
(1.29261 0.552138 0)
(1.30436 0.546932 0)
(1.31917 0.541916 0)
(1.33766 0.537731 0)
(1.35904 0.533154 0)
(1.38193 0.527559 0)
(1.40283 0.522204 0)
(1.42098 0.517379 0)
(1.43508 0.511715 0)
(1.4441 0.502547 0)
(1.45677 0.4915 0)
(1.4748 0.483612 0)
(1.49249 0.477993 0)
(1.51098 0.471924 0)
(1.53053 0.46243 0)
(1.54724 0.453066 0)
(1.55994 0.448245 0)
(1.57002 0.440379 0)
(1.58316 0.426323 0)
(1.59823 0.41366 0)
(1.611 0.406878 0)
(1.62362 0.399396 0)
(1.64146 0.38807 0)
(1.65899 0.375195 0)
(1.67254 0.369799 0)
(1.68718 0.364503 0)
(1.70295 0.353754 0)
(1.71617 0.339782 0)
(1.72457 0.328928 0)
(1.72544 0.320098 0)
(1.72428 0.307103 0)
(1.7382 0.293854 0)
(1.7539 0.280728 0)
(1.76533 0.276535 0)
(1.77858 0.27261 0)
(1.79516 0.264157 0)
(1.81099 0.248622 0)
(1.82259 0.237414 0)
(1.83073 0.233314 0)
(1.83293 0.22697 0)
(1.83735 0.205105 0)
(1.84331 0.183014 0)
(1.84925 0.17652 0)
(1.85616 0.176461 0)
(1.86652 0.17161 0)
(1.87868 0.161013 0)
(1.88824 0.147998 0)
(1.89561 0.139201 0)
(1.90049 0.133122 0)
(1.89987 0.122939 0)
(1.90062 0.105844 0)
(1.91192 0.0935197 0)
(1.91998 0.0872046 0)
(1.92956 0.0840894 0)
(1.94166 0.081037 0)
(1.95351 0.073929 0)
(1.96359 0.0632712 0)
(1.97091 0.0556979 0)
(1.97594 0.0499761 0)
(1.97288 0.0416222 0)
(1.96252 0.0261469 0)
(1.96671 0.0123019 0)
(1.97521 0.00350618 0)
(1.98249 0.00086804 0)
(1.99169 -0.000280534 0)
(2.00176 -0.00256706 0)
(2.01163 -0.0114191 0)
(2.01843 -0.0231004 0)
(2.02359 -0.0302569 0)
(2.02366 -0.0359551 0)
(2.0178 -0.0464527 0)
(2.02246 -0.0590431 0)
(2.02924 -0.0669668 0)
(2.03596 -0.0713766 0)
(2.043 -0.0748374 0)
(2.04946 -0.0781543 0)
(2.05488 -0.0840822 0)
(2.05351 -0.0956914 0)
(2.04328 -0.107638 0)
(2.04437 -0.113656 0)
(2.04905 -0.117752 0)
(2.05807 -0.123275 0)
(2.06635 -0.129472 0)
(2.07518 -0.137855 0)
(2.08091 -0.144925 0)
(2.08868 -0.152046 0)
(2.09181 -0.160492 0)
(2.08962 -0.167368 0)
(2.07825 -0.183435 0)
(2.06434 -0.202686 0)
(2.05899 -0.216347 0)
(2.04852 -0.24136 0)
(2.04195 -0.264428 0)
(2.02377 -0.309143 0)
(2.01468 -0.34812 0)
(2.00931 -0.386782 0)
(1.96667 -0.448046 0)
(1.94489 -0.48741 0)
(1.92881 -0.505632 0)
(1.88547 -0.554811 0)
(1.86137 -0.611025 0)
(1.8583 -0.627335 0)
(1.84894 -0.656618 0)
(1.8316 -0.688868 0)
(1.82358 -0.704012 0)
(1.81099 -0.715643 0)
(1.80167 -0.725379 0)
(1.78802 -0.739126 0)
(1.7802 -0.752099 0)
(1.78011 -0.754843 0)
(1.78233 -0.759512 0)
(1.79088 -0.764193 0)
(1.8041 -0.764977 0)
(1.81114 -0.76397 0)
(1.81942 -0.764336 0)
(1.82736 -0.765477 0)
(1.83438 -0.76724 0)
(1.83948 -0.768406 0)
(1.83891 -0.768339 0)
(1.83029 -0.763317 0)
(1.82823 -0.756398 0)
(1.83487 -0.75682 0)
(1.84183 -0.75577 0)
(1.8521 -0.75249 0)
(1.8638 -0.750994 0)
(1.87706 -0.751927 0)
(1.88636 -0.750741 0)
(1.89053 -0.75123 0)
(1.895 -0.753168 0)
(1.89723 -0.755648 0)
(1.89374 -0.758526 0)
(1.8811 -0.761113 0)
(1.87164 -0.760564 0)
(1.87356 -0.758439 0)
(1.87669 -0.75617 0)
(1.88076 -0.75481 0)
(1.88698 -0.75467 0)
(1.8974 -0.755523 0)
(1.9071 -0.756322 0)
(1.91002 -0.757045 0)
(1.91274 -0.75799 0)
(1.91416 -0.758099 0)
(1.91167 -0.756993 0)
(1.90183 -0.756 0)
(1.89458 -0.753426 0)
(1.89532 -0.750996 0)
(1.89677 -0.749081 0)
(1.89918 -0.747026 0)
(1.9036 -0.742528 0)
(1.91269 -0.734318 0)
(1.92641 -0.72458 0)
(1.93639 -0.714832 0)
(1.93936 -0.70493 0)
(1.93778 -0.697529 0)
(1.93296 -0.690032 0)
(1.92566 -0.67823 0)
(1.92401 -0.672244 0)
(1.92193 -0.666228 0)
(1.92011 -0.656559 0)
(1.92032 -0.64728 0)
(1.92217 -0.638537 0)
(1.92443 -0.622117 0)
(1.92685 -0.603872 0)
(1.92803 -0.588926 0)
(1.92556 -0.573957 0)
(1.92412 -0.559593 0)
(1.92354 -0.548786 0)
(1.92377 -0.542675 0)
(1.9258 -0.528252 0)
(1.93086 -0.514619 0)
(1.93406 -0.506726 0)
(1.93087 -0.499099 0)
(1.92772 -0.492973 0)
(1.92549 -0.485011 0)
(1.92563 -0.476501 0)
(1.9245 -0.465781 0)
(1.92383 -0.453583 0)
(1.92547 -0.443425 0)
(1.92745 -0.434859 0)
(1.93361 -0.427139 0)
(1.94654 -0.419361 0)
(1.95485 -0.414485 0)
(1.95663 -0.411424 0)
(1.95791 -0.405083 0)
(1.95637 -0.398572 0)
(1.95025 -0.397063 0)
(1.94283 -0.401629 0)
(1.94148 -0.403949 0)
(1.94144 -0.403468 0)
(1.94227 -0.400483 0)
(1.94668 -0.394468 0)
(1.95789 -0.386971 0)
(1.96906 -0.382654 0)
(1.97206 -0.381796 0)
(1.97439 -0.381887 0)
(1.97501 -0.381962 0)
(1.97238 -0.383254 0)
(1.96489 -0.385774 0)
(1.95761 -0.387332 0)
(1.95844 -0.386808 0)
(1.9613 -0.385579 0)
(1.96525 -0.383333 0)
(1.97221 -0.380563 0)
(1.98412 -0.375426 0)
(1.99437 -0.369944 0)
(1.99724 -0.368174 0)
(2.0001 -0.367867 0)
(2.00203 -0.367342 0)
(1.99971 -0.366525 0)
(1.99171 -0.363778 0)
(1.98541 -0.35862 0)
(1.98543 -0.355023 0)
(1.98667 -0.353043 0)
(1.98874 -0.351048 0)
(1.99232 -0.348249 0)
(1.99779 -0.344787 0)
(2.00788 -0.34044 0)
(2.01527 -0.336578 0)
(2.01703 -0.335254 0)
(2.01796 -0.332826 0)
(2.0152 -0.331188 0)
(2.00631 -0.329899 0)
(1.99942 -0.327005 0)
(1.99921 -0.324562 0)
(2.00019 -0.321977 0)
(2.00144 -0.316593 0)
(2.00401 -0.309865 0)
(2.00868 -0.303002 0)
(2.01261 -0.296789 0)
(2.01229 -0.292958 0)
(2.01036 -0.290101 0)
(2.00539 -0.287348 0)
(1.99613 -0.284774 0)
(1.98933 -0.281138 0)
(1.98705 -0.277545 0)
(1.98476 -0.272785 0)
(1.984 -0.268715 0)
(1.98557 -0.264822 0)
(1.99037 -0.259846 0)
(1.99489 -0.253958 0)
(1.99473 -0.251092 0)
(1.99408 -0.249637 0)
(1.99204 -0.247386 0)
(1.98811 -0.244834 0)
(1.98444 -0.241725 0)
(1.98558 -0.239675 0)
(1.98826 -0.239029 0)
(1.99046 -0.238103 0)
(1.99441 -0.236211 0)
(2.00089 -0.232337 0)
(2.00467 -0.228484 0)
(2.00511 -0.226991 0)
(2.00533 -0.225045 0)
(2.00355 -0.221871 0)
(1.99447 -0.220755 0)
(1.98828 -0.221749 0)
(1.99014 -0.222613 0)
(1.99137 -0.223083 0)
(1.99264 -0.223219 0)
(1.99481 -0.221797 0)
(1.99745 -0.219009 0)
(1.99838 -0.217481 0)
(1.9989 -0.216246 0)
(1.99916 -0.214036 0)
(1.99733 -0.210651 0)
(1.99631 -0.207017 0)
(1.99865 -0.205051 0)
(2.00073 -0.203347 0)
(2.00294 -0.201904 0)
(2.00632 -0.200351 0)
(2.01134 -0.198593 0)
(2.01543 -0.197235 0)
(2.01633 -0.196742 0)
(2.01775 -0.195399 0)
(2.01875 -0.19294 0)
(2.01718 -0.191242 0)
(2.01201 -0.189228 0)
(2.01073 -0.186192 0)
(2.01232 -0.18439 0)
(2.014 -0.182891 0)
(2.01677 -0.180702 0)
(2.01947 -0.177387 0)
(2.02047 -0.175002 0)
(2.02133 -0.172733 0)
(2.02212 -0.170253 0)
(2.02126 -0.167976 0)
(2.01746 -0.165179 0)
(2.01573 -0.161534 0)
(2.01611 -0.158653 0)
(2.01686 -0.155918 0)
(2.01813 -0.152859 0)
(2.02015 -0.148524 0)
(2.02397 -0.142283 0)
(2.02768 -0.136138 0)
(2.02865 -0.132162 0)
(2.02814 -0.128583 0)
(2.0254 -0.122889 0)
(2.02023 -0.114789 0)
(2.01792 -0.109261 0)
(2.01778 -0.106623 0)
(2.01719 -0.102521 0)
(2.01688 -0.0969579 0)
(2.01766 -0.0895628 0)
(2.02101 -0.080362 0)
(2.02819 -0.0699606 0)
(2.0341 -0.0610031 0)
(2.03364 -0.0561148 0)
(2.03119 -0.051763 0)
(2.02518 -0.0456013 0)
(2.01401 -0.0359964 0)
(2.00826 -0.0283939 0)
(2.00395 -0.0214562 0)
(2.00023 -0.0131205 0)
(1.99885 -0.0041658 0)
(2.00074 0.0065113 0)
(2.00917 0.0192407 0)
(2.02101 0.032056 0)
(2.02298 0.0388118 0)
(2.02048 0.0415827 0)
(2.01604 0.0470655 0)
(2.01089 0.0532308 0)
(2.0068 0.0589083 0)
(2.00425 0.0650441 0)
(2.00297 0.0720357 0)
(2.00306 0.0795092 0)
(2.00498 0.0878715 0)
(2.01036 0.0991507 0)
(2.02114 0.112894 0)
(2.02855 0.124038 0)
(2.02757 0.129497 0)
(2.02466 0.133423 0)
(2.01804 0.14017 0)
(2.01192 0.146677 0)
(2.00981 0.149844 0)
(2.00918 0.152165 0)
(2.00919 0.154319 0)
(2.00957 0.156152 0)
(2.01028 0.158533 0)
(2.01246 0.161088 0)
(2.01573 0.163265 0)
(2.01989 0.166481 0)
(2.0251 0.171643 0)
(2.02872 0.177499 0)
(2.02946 0.181714 0)
(2.02875 0.185906 0)
(2.02662 0.191996 0)
(2.02324 0.196455 0)
(2.01981 0.198906 0)
(2.01697 0.200815 0)
(2.01591 0.203499 0)
(2.01676 0.20648 0)
(2.01839 0.209079 0)
(2.02068 0.21054 0)
(2.02358 0.211721 0)
(2.02844 0.213949 0)
(2.037 0.218052 0)
(2.04402 0.221875 0)
(2.04546 0.223271 0)
(2.04617 0.225242 0)
(2.04589 0.228605 0)
(2.04271 0.232019 0)
(2.0346 0.234026 0)
(2.03035 0.234316 0)
(2.0319 0.234843 0)
(2.03372 0.235546 0)
(2.03618 0.236241 0)
(2.0416 0.237634 0)
(2.05181 0.240571 0)
(2.05919 0.2434 0)
(2.06113 0.244349 0)
(2.06334 0.246386 0)
(2.06441 0.248216 0)
(2.06326 0.249255 0)
(2.05722 0.2483 0)
(2.04903 0.244492 0)
(2.04743 0.243075 0)
(1.16906 0.560999 0)
(1.18006 0.560611 0)
(1.19383 0.560562 0)
(1.20979 0.559825 0)
(1.22772 0.55766 0)
(1.2448 0.555266 0)
(1.25988 0.553667 0)
(1.27319 0.551606 0)
(1.28404 0.548335 0)
(1.29419 0.543933 0)
(1.30812 0.540175 0)
(1.32549 0.537026 0)
(1.34555 0.532854 0)
(1.36644 0.527507 0)
(1.38482 0.522939 0)
(1.40031 0.5192 0)
(1.41152 0.513952 0)
(1.41849 0.505889 0)
(1.43077 0.499178 0)
(1.44807 0.493919 0)
(1.46727 0.486665 0)
(1.48565 0.479138 0)
(1.50205 0.473131 0)
(1.51699 0.467029 0)
(1.53006 0.458891 0)
(1.54015 0.449095 0)
(1.54868 0.440783 0)
(1.55957 0.432826 0)
(1.57576 0.424445 0)
(1.59402 0.414825 0)
(1.60985 0.407165 0)
(1.62565 0.401514 0)
(1.64222 0.394057 0)
(1.65705 0.384433 0)
(1.66804 0.375939 0)
(1.67255 0.367874 0)
(1.66889 0.35425 0)
(1.67898 0.338071 0)
(1.69297 0.32636 0)
(1.7042 0.322174 0)
(1.71829 0.318394 0)
(1.73446 0.31124 0)
(1.7505 0.29913 0)
(1.76298 0.290617 0)
(1.77273 0.286484 0)
(1.77693 0.2813 0)
(1.78129 0.263001 0)
(1.7896 0.242586 0)
(1.79577 0.235216 0)
(1.80376 0.230564 0)
(1.81673 0.225255 0)
(1.8297 0.216312 0)
(1.84036 0.206893 0)
(1.84838 0.20054 0)
(1.85245 0.194221 0)
(1.84957 0.182823 0)
(1.8503 0.167092 0)
(1.8607 0.155647 0)
(1.86964 0.147434 0)
(1.88132 0.143127 0)
(1.89381 0.138786 0)
(1.90657 0.131597 0)
(1.91733 0.124424 0)
(1.92664 0.119254 0)
(1.93387 0.113418 0)
(1.93473 0.105252 0)
(1.92483 0.0906823 0)
(1.92222 0.0731293 0)
(1.93083 0.0654325 0)
(1.94036 0.0627453 0)
(1.95081 0.0587434 0)
(1.96156 0.0534906 0)
(1.97206 0.0465657 0)
(1.98053 0.0402012 0)
(1.98709 0.0358044 0)
(1.98876 0.0295279 0)
(1.98093 0.015884 0)
(1.98288 0.0014195 0)
(1.99057 -0.00606434 0)
(1.99767 -0.0100263 0)
(2.00704 -0.0133593 0)
(2.01624 -0.0187378 0)
(2.02365 -0.0240248 0)
(2.02965 -0.0296431 0)
(2.03071 -0.0386571 0)
(2.01852 -0.0493165 0)
(2.01206 -0.0579127 0)
(2.01705 -0.0623733 0)
(2.02062 -0.0706494 0)
(2.02638 -0.0803562 0)
(2.03304 -0.0918984 0)
(2.03602 -0.108736 0)
(2.03981 -0.123641 0)
(2.03937 -0.146012 0)
(2.01795 -0.176002 0)
(1.995 -0.214951 0)
(1.97884 -0.246258 0)
(1.95047 -0.288004 0)
(1.91338 -0.351406 0)
(1.89827 -0.384576 0)
(1.88689 -0.419987 0)
(1.86194 -0.486171 0)
(1.85568 -0.514358 0)
(1.84553 -0.537802 0)
(1.81825 -0.566747 0)
(1.80418 -0.592613 0)
(1.79042 -0.608213 0)
(1.77237 -0.630156 0)
(1.76602 -0.651809 0)
(1.76707 -0.659743 0)
(1.77348 -0.667224 0)
(1.77696 -0.677256 0)
(1.77642 -0.682167 0)
(1.77765 -0.684681 0)
(1.77801 -0.687075 0)
(1.77437 -0.69141 0)
(1.77402 -0.694263 0)
(1.78119 -0.695278 0)
(1.78926 -0.69513 0)
(1.79902 -0.692462 0)
(1.80922 -0.689853 0)
(1.81821 -0.69206 0)
(1.82728 -0.694848 0)
(1.83546 -0.695613 0)
(1.84055 -0.69518 0)
(1.83981 -0.695649 0)
(1.83037 -0.694374 0)
(1.82616 -0.693059 0)
(1.83253 -0.694539 0)
(1.83913 -0.695386 0)
(1.84667 -0.697673 0)
(1.85772 -0.70198 0)
(1.8666 -0.704223 0)
(1.87348 -0.706514 0)
(1.87956 -0.708302 0)
(1.88458 -0.709607 0)
(1.8884 -0.710875 0)
(1.88753 -0.713671 0)
(1.87524 -0.719671 0)
(1.86344 -0.727418 0)
(1.86646 -0.730844 0)
(1.87094 -0.732237 0)
(1.87644 -0.732884 0)
(1.88469 -0.731859 0)
(1.89704 -0.728097 0)
(1.90442 -0.72511 0)
(1.90967 -0.725934 0)
(1.91434 -0.727347 0)
(1.91797 -0.728815 0)
(1.91822 -0.731189 0)
(1.9106 -0.734449 0)
(1.90242 -0.735247 0)
(1.90477 -0.734399 0)
(1.9086 -0.732687 0)
(1.91309 -0.730256 0)
(1.91912 -0.727295 0)
(1.92804 -0.72185 0)
(1.939 -0.719613 0)
(1.94701 -0.719664 0)
(1.94981 -0.719796 0)
(1.95378 -0.720317 0)
(1.95711 -0.720613 0)
(1.9566 -0.719988 0)
(1.94909 -0.716553 0)
(1.94681 -0.715013 0)
(1.95011 -0.714739 0)
(1.95334 -0.712744 0)
(1.95827 -0.710228 0)
(1.963 -0.707671 0)
(1.96906 -0.704256 0)
(1.97348 -0.69873 0)
(1.97481 -0.694121 0)
(1.9736 -0.689088 0)
(1.97089 -0.68042 0)
(1.97043 -0.67275 0)
(1.97118 -0.670351 0)
(1.97072 -0.665145 0)
(1.97108 -0.655646 0)
(1.97333 -0.646229 0)
(1.97532 -0.637506 0)
(1.97687 -0.628073 0)
(1.97591 -0.613423 0)
(1.97593 -0.599067 0)
(1.97526 -0.585767 0)
(1.97321 -0.570802 0)
(1.97384 -0.5572 0)
(1.97567 -0.547373 0)
(1.98168 -0.535219 0)
(1.98863 -0.520304 0)
(1.98662 -0.514529 0)
(1.983 -0.507156 0)
(1.98125 -0.501164 0)
(1.97568 -0.492527 0)
(1.97347 -0.481901 0)
(1.97364 -0.474117 0)
(1.97323 -0.465715 0)
(1.97371 -0.457306 0)
(1.97766 -0.448509 0)
(1.98746 -0.437974 0)
(1.99592 -0.430207 0)
(1.99718 -0.427408 0)
(1.99713 -0.424249 0)
(1.9954 -0.417873 0)
(1.9896 -0.41037 0)
(1.98155 -0.402841 0)
(1.97899 -0.396973 0)
(1.98028 -0.394306 0)
(1.98234 -0.393108 0)
(1.9854 -0.391299 0)
(1.99038 -0.386793 0)
(2.00094 -0.377109 0)
(2.01418 -0.363792 0)
(2.01825 -0.357651 0)
(2.01898 -0.354669 0)
(2.01698 -0.353196 0)
(2.01034 -0.355263 0)
(2.00008 -0.357753 0)
(1.99445 -0.356999 0)
(1.99445 -0.354206 0)
(1.99608 -0.350086 0)
(1.99965 -0.345866 0)
(2.00652 -0.341577 0)
(2.01677 -0.335302 0)
(2.0246 -0.329569 0)
(2.02757 -0.327218 0)
(2.02955 -0.325207 0)
(2.02959 -0.324558 0)
(2.02666 -0.324784 0)
(2.02026 -0.324301 0)
(2.01724 -0.321843 0)
(2.01861 -0.319297 0)
(2.02033 -0.31683 0)
(2.02385 -0.313644 0)
(2.02913 -0.308466 0)
(2.03372 -0.303253 0)
(2.03503 -0.299966 0)
(2.0347 -0.297338 0)
(2.0327 -0.292976 0)
(2.02717 -0.288599 0)
(2.01836 -0.285221 0)
(2.0132 -0.283037 0)
(2.01045 -0.281264 0)
(2.00726 -0.277223 0)
(2.00605 -0.272331 0)
(2.00832 -0.266231 0)
(2.01508 -0.258597 0)
(2.02092 -0.250288 0)
(2.02098 -0.246012 0)
(2.01939 -0.243189 0)
(2.01465 -0.2401 0)
(2.00599 -0.238479 0)
(1.99886 -0.23671 0)
(1.99737 -0.234564 0)
(1.99768 -0.233335 0)
(1.99876 -0.23204 0)
(2.00133 -0.229631 0)
(2.00733 -0.225825 0)
(2.01452 -0.220497 0)
(2.01646 -0.218066 0)
(2.01707 -0.216533 0)
(2.01635 -0.214178 0)
(2.01006 -0.2124 0)
(2.00083 -0.212239 0)
(1.99985 -0.21284 0)
(2.00072 -0.213193 0)
(2.0012 -0.213844 0)
(2.00238 -0.214091 0)
(2.00616 -0.212455 0)
(2.01111 -0.209178 0)
(2.01272 -0.20729 0)
(2.01375 -0.205812 0)
(2.01501 -0.203884 0)
(2.01394 -0.20189 0)
(2.01294 -0.198891 0)
(2.01486 -0.196343 0)
(2.01693 -0.194141 0)
(2.0195 -0.191965 0)
(2.02368 -0.188393 0)
(2.02645 -0.184946 0)
(2.02743 -0.18391 0)
(2.02883 -0.182564 0)
(2.0297 -0.181065 0)
(2.02796 -0.179363 0)
(2.02198 -0.177356 0)
(2.02031 -0.175371 0)
(2.02205 -0.17424 0)
(2.02382 -0.17295 0)
(2.02663 -0.17147 0)
(2.03078 -0.168617 0)
(2.03313 -0.165861 0)
(2.03425 -0.164022 0)
(2.03563 -0.161756 0)
(2.03547 -0.159779 0)
(2.03092 -0.158048 0)
(2.02645 -0.156425 0)
(2.02676 -0.155203 0)
(2.02738 -0.154083 0)
(2.0284 -0.152619 0)
(2.02989 -0.149339 0)
(2.03376 -0.144467 0)
(2.03922 -0.140629 0)
(2.04104 -0.139382 0)
(2.04218 -0.138649 0)
(2.04248 -0.137366 0)
(2.03907 -0.135689 0)
(2.03411 -0.133516 0)
(2.03358 -0.13149 0)
(2.03428 -0.129672 0)
(2.03543 -0.127402 0)
(2.03805 -0.12454 0)
(2.04268 -0.120735 0)
(2.04771 -0.116704 0)
(2.0496 -0.114606 0)
(2.05018 -0.113794 0)
(2.05044 -0.112579 0)
(2.04854 -0.110936 0)
(2.04177 -0.107819 0)
(2.03451 -0.101989 0)
(2.03252 -0.0969205 0)
(2.03286 -0.0932459 0)
(2.03385 -0.0892647 0)
(2.03613 -0.0852037 0)
(2.04152 -0.0798163 0)
(2.05014 -0.0730934 0)
(2.05426 -0.0682477 0)
(2.05385 -0.0656766 0)
(2.05185 -0.0624609 0)
(2.04617 -0.057288 0)
(2.03988 -0.0518004 0)
(2.03805 -0.0497309 0)
(2.03586 -0.0457438 0)
(2.03464 -0.0395533 0)
(2.03491 -0.0319647 0)
(2.03764 -0.0227364 0)
(2.04424 -0.0112266 0)
(2.0522 0.00122291 0)
(2.05422 0.00985508 0)
(2.05252 0.0147834 0)
(2.04776 0.0199703 0)
(2.03938 0.0263124 0)
(2.03367 0.0304641 0)
(2.0314 0.0330983 0)
(2.02896 0.0379438 0)
(2.02863 0.0434011 0)
(2.03047 0.0495679 0)
(2.03485 0.0566995 0)
(2.04116 0.0647629 0)
(2.04803 0.0740335 0)
(2.0533 0.0833358 0)
(2.0542 0.0895711 0)
(2.0526 0.0928713 0)
(2.04996 0.0961596 0)
(2.0452 0.101001 0)
(2.04041 0.107577 0)
(2.03681 0.113323 0)
(2.03415 0.119375 0)
(2.03353 0.12678 0)
(2.03488 0.134836 0)
(2.03733 0.141887 0)
(2.04 0.14732 0)
(2.04342 0.152064 0)
(2.04963 0.157408 0)
(2.05915 0.163974 0)
(2.06403 0.168409 0)
(2.06389 0.169496 0)
(2.06291 0.170847 0)
(2.06034 0.172958 0)
(2.05498 0.175259 0)
(2.04723 0.178255 0)
(2.04313 0.183026 0)
(2.04274 0.187903 0)
(2.04364 0.191862 0)
(2.04593 0.194758 0)
(2.05036 0.197476 0)
(2.06001 0.201231 0)
(2.06939 0.204584 0)
(2.07115 0.205407 0)
(2.07216 0.206497 0)
(2.07244 0.208281 0)
(2.07057 0.20932 0)
(2.06513 0.210342 0)
(2.06087 0.211195 0)
(2.06024 0.213083 0)
(2.06339 0.216538 0)
(1.17524 0.557334 0)
(1.18412 0.556994 0)
(1.19584 0.557097 0)
(1.20974 0.556923 0)
(1.22582 0.555351 0)
(1.2423 0.55282 0)
(1.25663 0.551069 0)
(1.26915 0.549328 0)
(1.27926 0.546478 0)
(1.28834 0.542539 0)
(1.3009 0.539124 0)
(1.31675 0.536251 0)
(1.33486 0.532343 0)
(1.35339 0.527526 0)
(1.36975 0.523493 0)
(1.38357 0.520084 0)
(1.39341 0.515747 0)
(1.39986 0.509769 0)
(1.41119 0.504418 0)
(1.42705 0.499844 0)
(1.44475 0.493638 0)
(1.46244 0.486646 0)
(1.47881 0.480205 0)
(1.49336 0.474085 0)
(1.50498 0.467974 0)
(1.51266 0.460773 0)
(1.52012 0.451706 0)
(1.5327 0.443685 0)
(1.54813 0.437563 0)
(1.56477 0.431491 0)
(1.58233 0.424335 0)
(1.59908 0.416761 0)
(1.6135 0.410317 0)
(1.62519 0.404263 0)
(1.63135 0.396318 0)
(1.62948 0.382811 0)
(1.6328 0.368623 0)
(1.64577 0.36264 0)
(1.66019 0.357415 0)
(1.67694 0.349875 0)
(1.69405 0.340533 0)
(1.70784 0.333681 0)
(1.72004 0.329103 0)
(1.72986 0.323646 0)
(1.73479 0.312567 0)
(1.73578 0.296311 0)
(1.74002 0.284519 0)
(1.75075 0.278345 0)
(1.76388 0.273063 0)
(1.77802 0.26518 0)
(1.79057 0.25736 0)
(1.80141 0.251656 0)
(1.81059 0.24564 0)
(1.81514 0.237154 0)
(1.81118 0.223792 0)
(1.80942 0.208671 0)
(1.81879 0.201953 0)
(1.83001 0.198224 0)
(1.8434 0.191981 0)
(1.8581 0.183936 0)
(1.87059 0.177095 0)
(1.88132 0.172138 0)
(1.89092 0.167331 0)
(1.89833 0.160764 0)
(1.89815 0.149792 0)
(1.88624 0.133931 0)
(1.88472 0.122544 0)
(1.89348 0.118816 0)
(1.90435 0.114502 0)
(1.91877 0.107889 0)
(1.93226 0.100026 0)
(1.94151 0.0945393 0)
(1.95012 0.0911601 0)
(1.9575 0.0866901 0)
(1.95889 0.0772113 0)
(1.94927 0.0632113 0)
(1.94842 0.0519888 0)
(1.95593 0.0469459 0)
(1.96537 0.0429304 0)
(1.97539 0.0365068 0)
(1.98566 0.0266997 0)
(1.99066 0.0199052 0)
(1.9962 0.0154609 0)
(1.99841 0.00719064 0)
(1.98654 -0.0113754 0)
(1.97031 -0.0353419 0)
(1.96577 -0.0459892 0)
(1.95889 -0.0663549 0)
(1.94936 -0.103193 0)
(1.94276 -0.136753 0)
(1.94252 -0.167546 0)
(1.9194 -0.225625 0)
(1.9069 -0.263081 0)
(1.89258 -0.298939 0)
(1.84759 -0.351889 0)
(1.82472 -0.392987 0)
(1.80487 -0.419762 0)
(1.7724 -0.46374 0)
(1.75886 -0.504734 0)
(1.75847 -0.515946 0)
(1.7634 -0.535063 0)
(1.76247 -0.555508 0)
(1.75709 -0.569381 0)
(1.75266 -0.576474 0)
(1.74908 -0.582026 0)
(1.74275 -0.592804 0)
(1.73393 -0.603589 0)
(1.7344 -0.613111 0)
(1.74024 -0.617321 0)
(1.74929 -0.618941 0)
(1.75772 -0.61856 0)
(1.76719 -0.620599 0)
(1.77597 -0.624069 0)
(1.783 -0.627023 0)
(1.78598 -0.628444 0)
(1.78152 -0.628074 0)
(1.77662 -0.624864 0)
(1.78276 -0.62281 0)
(1.79158 -0.623867 0)
(1.80048 -0.625723 0)
(1.8098 -0.628403 0)
(1.81735 -0.630688 0)
(1.82316 -0.632511 0)
(1.82924 -0.633656 0)
(1.83397 -0.633951 0)
(1.83128 -0.635436 0)
(1.82264 -0.640258 0)
(1.82479 -0.644395 0)
(1.83006 -0.647117 0)
(1.83616 -0.650171 0)
(1.84414 -0.6522 0)
(1.85426 -0.652642 0)
(1.8601 -0.653379 0)
(1.86646 -0.655779 0)
(1.87231 -0.658409 0)
(1.87675 -0.662173 0)
(1.87731 -0.66743 0)
(1.86771 -0.673709 0)
(1.85635 -0.677956 0)
(1.85933 -0.679395 0)
(1.86489 -0.680186 0)
(1.87151 -0.680425 0)
(1.88001 -0.680238 0)
(1.8907 -0.680735 0)
(1.89725 -0.682771 0)
(1.90426 -0.68583 0)
(1.91038 -0.688334 0)
(1.91477 -0.690678 0)
(1.91647 -0.693256 0)
(1.91185 -0.695979 0)
(1.90502 -0.697604 0)
(1.90859 -0.697989 0)
(1.91415 -0.698088 0)
(1.92028 -0.698064 0)
(1.92719 -0.697303 0)
(1.93681 -0.694862 0)
(1.94453 -0.692164 0)
(1.95192 -0.69216 0)
(1.95841 -0.692308 0)
(1.96394 -0.691713 0)
(1.96768 -0.69197 0)
(1.96732 -0.694075 0)
(1.95995 -0.696445 0)
(1.95268 -0.695807 0)
(1.9553 -0.695038 0)
(1.95989 -0.695099 0)
(1.96425 -0.694133 0)
(1.96848 -0.691521 0)
(1.97331 -0.689984 0)
(1.97799 -0.690431 0)
(1.98067 -0.69067 0)
(1.98386 -0.69104 0)
(1.98564 -0.690601 0)
(1.98296 -0.688589 0)
(1.98047 -0.685144 0)
(1.9821 -0.68231 0)
(1.98483 -0.68028 0)
(1.98833 -0.677508 0)
(1.99419 -0.674687 0)
(2.00137 -0.67237 0)
(2.0067 -0.669685 0)
(2.00928 -0.667459 0)
(2.01173 -0.665908 0)
(2.0128 -0.662616 0)
(2.01325 -0.655141 0)
(2.01414 -0.648462 0)
(2.01634 -0.645277 0)
(2.01852 -0.641884 0)
(2.02142 -0.636377 0)
(2.02345 -0.628624 0)
(2.02186 -0.623319 0)
(2.02001 -0.616313 0)
(2.01745 -0.605714 0)
(2.01523 -0.594696 0)
(2.01396 -0.584679 0)
(2.01248 -0.570577 0)
(2.01428 -0.556404 0)
(2.02012 -0.545107 0)
(2.0276 -0.529968 0)
(2.03099 -0.519752 0)
(2.0281 -0.511446 0)
(2.02266 -0.503754 0)
(2.01671 -0.490805 0)
(2.01501 -0.481688 0)
(2.01179 -0.47209 0)
(2.00925 -0.457539 0)
(2.01062 -0.442573 0)
(2.01381 -0.432677 0)
(2.01867 -0.422556 0)
(2.02758 -0.408157 0)
(2.03395 -0.395534 0)
(2.03439 -0.390246 0)
(2.0332 -0.388304 0)
(2.0309 -0.385585 0)
(2.02613 -0.380053 0)
(2.01942 -0.371615 0)
(2.01709 -0.365419 0)
(2.01702 -0.361019 0)
(2.01777 -0.357195 0)
(2.02124 -0.353859 0)
(2.02966 -0.349037 0)
(2.04174 -0.34232 0)
(2.04731 -0.337008 0)
(2.04946 -0.332085 0)
(2.05054 -0.325143 0)
(2.0477 -0.321254 0)
(2.04001 -0.320649 0)
(2.03194 -0.320978 0)
(2.03006 -0.320267 0)
(2.03049 -0.318849 0)
(2.03219 -0.315834 0)
(2.03712 -0.311003 0)
(2.04788 -0.304595 0)
(2.0596 -0.298386 0)
(2.06279 -0.29571 0)
(2.06323 -0.294075 0)
(2.0609 -0.291718 0)
(2.05203 -0.289829 0)
(2.0392 -0.286984 0)
(2.03306 -0.283122 0)
(2.03172 -0.279952 0)
(2.03009 -0.275644 0)
(2.02938 -0.271142 0)
(2.03122 -0.266352 0)
(2.0383 -0.260359 0)
(2.04455 -0.25371 0)
(2.04331 -0.249995 0)
(2.04138 -0.246827 0)
(2.03781 -0.242465 0)
(2.02998 -0.238072 0)
(2.02012 -0.235311 0)
(2.01625 -0.233476 0)
(2.01533 -0.23231 0)
(2.01476 -0.230011 0)
(2.01561 -0.22769 0)
(2.01932 -0.224785 0)
(2.02494 -0.219737 0)
(2.0268 -0.216785 0)
(2.02731 -0.214639 0)
(2.02771 -0.21057 0)
(2.02488 -0.207277 0)
(2.01689 -0.206174 0)
(2.01269 -0.206022 0)
(2.01249 -0.205851 0)
(2.01267 -0.205321 0)
(2.014 -0.203434 0)
(2.01868 -0.199718 0)
(2.02547 -0.194645 0)
(2.02801 -0.191975 0)
(2.03054 -0.189566 0)
(2.03154 -0.187435 0)
(2.0281 -0.186065 0)
(2.02628 -0.184124 0)
(2.02814 -0.182345 0)
(2.03014 -0.180273 0)
(2.03262 -0.178307 0)
(2.03707 -0.175657 0)
(2.04154 -0.172079 0)
(2.0438 -0.169702 0)
(2.04542 -0.167674 0)
(2.04613 -0.165496 0)
(2.04449 -0.163403 0)
(2.03677 -0.162072 0)
(2.02834 -0.160746 0)
(2.02791 -0.159452 0)
(2.02904 -0.158579 0)
(2.03029 -0.157551 0)
(2.03324 -0.155926 0)
(2.03833 -0.153065 0)
(2.04169 -0.150663 0)
(2.04273 -0.149646 0)
(2.04386 -0.147536 0)
(2.04311 -0.145358 0)
(2.03751 -0.143494 0)
(2.03317 -0.142042 0)
(2.0339 -0.141037 0)
(2.03489 -0.139952 0)
(2.03678 -0.138276 0)
(2.04169 -0.135106 0)
(2.05042 -0.130914 0)
(2.05465 -0.129021 0)
(2.05551 -0.128473 0)
(2.05609 -0.127297 0)
(2.05412 -0.125974 0)
(2.04719 -0.124832 0)
(2.04254 -0.123783 0)
(2.04285 -0.122998 0)
(2.04368 -0.122095 0)
(2.0453 -0.120853 0)
(2.04915 -0.118645 0)
(2.05464 -0.115106 0)
(2.05715 -0.113233 0)
(2.05878 -0.111965 0)
(2.05993 -0.110441 0)
(2.05869 -0.109019 0)
(2.05189 -0.107503 0)
(2.04453 -0.105162 0)
(2.04448 -0.102911 0)
(2.04574 -0.101014 0)
(2.04738 -0.0988917 0)
(2.04987 -0.0958726 0)
(2.05448 -0.0913735 0)
(2.06306 -0.0867261 0)
(2.06851 -0.0840873 0)
(2.06946 -0.0835753 0)
(2.07029 -0.0828082 0)
(2.06915 -0.0819378 0)
(2.06282 -0.0808676 0)
(2.05662 -0.0790872 0)
(2.05611 -0.0774047 0)
(2.05647 -0.07597 0)
(2.05748 -0.074223 0)
(2.05948 -0.0718261 0)
(2.06351 -0.0685822 0)
(2.06804 -0.0645993 0)
(2.07004 -0.0611277 0)
(2.0703 -0.0581204 0)
(2.06958 -0.0543822 0)
(2.06634 -0.0500046 0)
(2.06036 -0.0448324 0)
(2.05788 -0.0410485 0)
(2.058 -0.039692 0)
(2.05861 -0.0386211 0)
(2.05975 -0.0367836 0)
(2.0628 -0.0335148 0)
(2.06892 -0.028178 0)
(2.07453 -0.0215641 0)
(2.07651 -0.0162112 0)
(2.07621 -0.0131035 0)
(2.07416 -0.00833273 0)
(2.07277 -0.00354695 0)
(2.07291 -0.000653036 0)
(2.0708 0.00352859 0)
(2.06769 0.00938029 0)
(2.06731 0.0146751 0)
(2.06598 0.0204163 0)
(2.06478 0.0269619 0)
(2.06483 0.0333027 0)
(2.06561 0.0393163 0)
(2.06726 0.0451542 0)
(2.07091 0.0511779 0)
(2.07724 0.0574656 0)
(2.08122 0.0618812 0)
(2.08109 0.0636051 0)
(2.0803 0.0654557 0)
(2.07851 0.0679363 0)
(2.07383 0.0715782 0)
(2.0672 0.0774514 0)
(2.06438 0.0826291 0)
(2.06306 0.0880689 0)
(2.06307 0.0933789 0)
(2.06453 0.0981273 0)
(2.06825 0.103326 0)
(2.07657 0.110127 0)
(2.08489 0.116773 0)
(2.08593 0.119072 0)
(2.08522 0.119893 0)
(2.08298 0.121237 0)
(2.07879 0.122708 0)
(2.07468 0.124547 0)
(2.07298 0.127478 0)
(2.07331 0.131101 0)
(2.07366 0.137243 0)
(2.0826 0.145945 0)
(1.18093 0.553172 0)
(1.18894 0.552765 0)
(1.19924 0.552785 0)
(1.21163 0.552824 0)
(1.22591 0.551779 0)
(1.24127 0.54935 0)
(1.25504 0.547213 0)
(1.26698 0.545577 0)
(1.27681 0.543224 0)
(1.28522 0.539891 0)
(1.29635 0.536872 0)
(1.31057 0.534442 0)
(1.32664 0.531174 0)
(1.34306 0.527141 0)
(1.35788 0.523629 0)
(1.37058 0.520625 0)
(1.38006 0.517047 0)
(1.3866 0.512198 0)
(1.39657 0.507572 0)
(1.41076 0.503756 0)
(1.427 0.498579 0)
(1.44397 0.492108 0)
(1.45964 0.486073 0)
(1.47354 0.480735 0)
(1.48487 0.47522 0)
(1.49196 0.468397 0)
(1.49803 0.460491 0)
(1.50989 0.454374 0)
(1.52499 0.44927 0)
(1.54161 0.44315 0)
(1.55806 0.436486 0)
(1.57294 0.430544 0)
(1.5861 0.424776 0)
(1.59593 0.418 0)
(1.59822 0.40852 0)
(1.59677 0.397375 0)
(1.60631 0.390906 0)
(1.62024 0.385897 0)
(1.63681 0.378681 0)
(1.65395 0.370264 0)
(1.66834 0.363836 0)
(1.68165 0.358243 0)
(1.6928 0.351534 0)
(1.69824 0.342373 0)
(1.69569 0.32986 0)
(1.69955 0.319541 0)
(1.7112 0.313977 0)
(1.72473 0.308669 0)
(1.73918 0.301695 0)
(1.75182 0.295114 0)
(1.76332 0.28945 0)
(1.77341 0.28312 0)
(1.77958 0.27495 0)
(1.77683 0.262802 0)
(1.77393 0.249734 0)
(1.78274 0.243501 0)
(1.794 0.239352 0)
(1.80739 0.233426 0)
(1.82205 0.225622 0)
(1.83412 0.219047 0)
(1.84574 0.213734 0)
(1.85629 0.207489 0)
(1.8642 0.200751 0)
(1.86489 0.191909 0)
(1.85328 0.177901 0)
(1.85196 0.167348 0)
(1.86133 0.16497 0)
(1.87186 0.160535 0)
(1.88561 0.152938 0)
(1.8994 0.145646 0)
(1.91055 0.140124 0)
(1.91944 0.13543 0)
(1.92661 0.130459 0)
(1.92953 0.122551 0)
(1.92052 0.107788 0)
(1.91401 0.0949008 0)
(1.91819 0.0897766 0)
(1.92193 0.080602 0)
(1.9288 0.0671075 0)
(1.9344 0.04942 0)
(1.93969 0.0299818 0)
(1.93739 0.00305414 0)
(1.91531 -0.028396 0)
(1.90466 -0.0613059 0)
(1.87817 -0.1029 0)
(1.84968 -0.148405 0)
(1.83163 -0.176306 0)
(1.79873 -0.231846 0)
(1.78359 -0.293644 0)
(1.78451 -0.319675 0)
(1.78644 -0.356012 0)
(1.76286 -0.396989 0)
(1.75174 -0.421192 0)
(1.7386 -0.439998 0)
(1.72613 -0.457329 0)
(1.70634 -0.480765 0)
(1.69198 -0.502686 0)
(1.68961 -0.513249 0)
(1.69303 -0.519659 0)
(1.70444 -0.527001 0)
(1.7188 -0.533792 0)
(1.72437 -0.534496 0)
(1.72942 -0.535588 0)
(1.73473 -0.540222 0)
(1.73645 -0.547956 0)
(1.73012 -0.555301 0)
(1.72576 -0.558437 0)
(1.73183 -0.557456 0)
(1.74044 -0.556231 0)
(1.74995 -0.557169 0)
(1.75918 -0.559395 0)
(1.76757 -0.561772 0)
(1.77529 -0.563573 0)
(1.78176 -0.563959 0)
(1.78423 -0.5633 0)
(1.7776 -0.563601 0)
(1.77454 -0.567259 0)
(1.78068 -0.570306 0)
(1.7872 -0.57299 0)
(1.79455 -0.574867 0)
(1.80378 -0.575619 0)
(1.81049 -0.576936 0)
(1.81626 -0.579588 0)
(1.82149 -0.583347 0)
(1.82449 -0.58856 0)
(1.82031 -0.594109 0)
(1.81679 -0.597569 0)
(1.82122 -0.598676 0)
(1.8265 -0.59914 0)
(1.8328 -0.599435 0)
(1.84083 -0.600543 0)
(1.848 -0.603005 0)
(1.8546 -0.605894 0)
(1.86072 -0.608778 0)
(1.86526 -0.611443 0)
(1.86528 -0.613843 0)
(1.85409 -0.616577 0)
(1.84714 -0.62083 0)
(1.85238 -0.623436 0)
(1.85813 -0.624894 0)
(1.86512 -0.625907 0)
(1.87546 -0.626267 0)
(1.88388 -0.626096 0)
(1.89073 -0.627405 0)
(1.897 -0.62861 0)
(1.90247 -0.628824 0)
(1.90625 -0.629143 0)
(1.90472 -0.63047 0)
(1.8958 -0.634009 0)
(1.8972 -0.638108 0)
(1.90297 -0.639634 0)
(1.90907 -0.63938 0)
(1.91619 -0.638769 0)
(1.92441 -0.637971 0)
(1.93184 -0.637 0)
(1.93779 -0.637495 0)
(1.94364 -0.638774 0)
(1.94912 -0.639884 0)
(1.95383 -0.641168 0)
(1.95733 -0.642911 0)
(1.95869 -0.644389 0)
(1.95194 -0.645977 0)
(1.94308 -0.648996 0)
(1.94674 -0.651443 0)
(1.95245 -0.652632 0)
(1.95828 -0.653893 0)
(1.96425 -0.654928 0)
(1.97081 -0.655119 0)
(1.97678 -0.654807 0)
(1.9822 -0.655483 0)
(1.9873 -0.656217 0)
(1.99136 -0.656158 0)
(1.99183 -0.655003 0)
(1.98751 -0.653267 0)
(1.9879 -0.652089 0)
(1.99211 -0.651561 0)
(1.99698 -0.651339 0)
(2.00227 -0.651095 0)
(2.00785 -0.650567 0)
(2.01369 -0.649592 0)
(2.01863 -0.647752 0)
(2.02195 -0.646557 0)
(2.02504 -0.646001 0)
(2.02666 -0.645799 0)
(2.02417 -0.646295 0)
(2.02245 -0.647355 0)
(2.02556 -0.648068 0)
(2.02884 -0.647795 0)
(2.03336 -0.645873 0)
(2.03739 -0.643011 0)
(2.04069 -0.641933 0)
(2.04398 -0.641623 0)
(2.04531 -0.639966 0)
(2.04366 -0.634872 0)
(2.04542 -0.630995 0)
(2.04849 -0.628837 0)
(2.0517 -0.625625 0)
(2.0564 -0.621774 0)
(2.06232 -0.616631 0)
(2.06685 -0.611743 0)
(2.06837 -0.60813 0)
(2.0676 -0.603779 0)
(2.06456 -0.594889 0)
(2.06271 -0.586497 0)
(2.06186 -0.582143 0)
(2.05986 -0.573813 0)
(2.05983 -0.563083 0)
(2.06176 -0.552089 0)
(2.06717 -0.538866 0)
(2.0758 -0.522092 0)
(2.07587 -0.514564 0)
(2.07425 -0.509016 0)
(2.07157 -0.500163 0)
(2.06341 -0.488243 0)
(2.05884 -0.476245 0)
(2.05555 -0.463373 0)
(2.0539 -0.449304 0)
(2.05405 -0.437971 0)
(2.05611 -0.425067 0)
(2.06578 -0.409906 0)
(2.07152 -0.393548 0)
(2.07272 -0.386314 0)
(2.06913 -0.380359 0)
(2.0655 -0.376369 0)
(2.06174 -0.372711 0)
(2.05758 -0.365862 0)
(2.05326 -0.356055 0)
(2.05103 -0.344269 0)
(2.05147 -0.334601 0)
(2.05195 -0.327694 0)
(2.05563 -0.322051 0)
(2.06586 -0.314217 0)
(2.07654 -0.305577 0)
(2.0793 -0.300981 0)
(2.07937 -0.29763 0)
(2.07797 -0.291438 0)
(2.07249 -0.286031 0)
(2.06222 -0.283635 0)
(2.05712 -0.283227 0)
(2.05497 -0.282313 0)
(2.05241 -0.278953 0)
(2.05189 -0.273697 0)
(2.0553 -0.265541 0)
(2.06412 -0.255555 0)
(2.06814 -0.247231 0)
(2.06594 -0.243988 0)
(2.06278 -0.242128 0)
(2.05848 -0.241165 0)
(2.05138 -0.23966 0)
(2.04288 -0.235772 0)
(2.03918 -0.232711 0)
(2.03791 -0.231255 0)
(2.037 -0.228238 0)
(2.0385 -0.223472 0)
(2.04372 -0.215971 0)
(2.04452 -0.210287 0)
(2.04255 -0.208889 0)
(2.04125 -0.207593 0)
(2.03923 -0.206053 0)
(2.03607 -0.203406 0)
(2.03065 -0.199192 0)
(2.02727 -0.196866 0)
(2.02694 -0.196521 0)
(2.02665 -0.196318 0)
(2.02688 -0.194601 0)
(2.03178 -0.189464 0)
(2.04246 -0.180388 0)
(2.04742 -0.175636 0)
(2.0507 -0.172965 0)
(2.05173 -0.169833 0)
(2.04705 -0.168554 0)
(2.0414 -0.16852 0)
(2.0413 -0.16808 0)
(2.04235 -0.167248 0)
(2.04389 -0.165247 0)
(2.04736 -0.162106 0)
(2.05339 -0.157769 0)
(2.05709 -0.155105 0)
(2.05799 -0.154072 0)
(2.05839 -0.15312 0)
(2.05726 -0.152217 0)
(2.05174 -0.151319 0)
(2.04162 -0.149686 0)
(2.03792 -0.147138 0)
(2.03918 -0.14553 0)
(2.04052 -0.144217 0)
(2.04262 -0.142776 0)
(2.04724 -0.140038 0)
(2.05302 -0.136286 0)
(2.05471 -0.134381 0)
(2.0549 -0.133798 0)
(2.05481 -0.132616 0)
(2.05227 -0.131051 0)
(2.046 -0.129239 0)
(2.0442 -0.127804 0)
(2.04525 -0.126816 0)
(2.0464 -0.125394 0)
(2.04929 -0.123158 0)
(2.05535 -0.119736 0)
(2.06058 -0.117591 0)
(2.06169 -0.11712 0)
(2.06279 -0.116486 0)
(2.06317 -0.115437 0)
(2.06082 -0.113854 0)
(2.0532 -0.111756 0)
(2.0485 -0.109828 0)
(2.04938 -0.108748 0)
(2.05084 -0.10779 0)
(2.05313 -0.106527 0)
(2.05898 -0.104301 0)
(2.06659 -0.101044 0)
(2.06942 -0.0995174 0)
(2.07088 -0.0984588 0)
(2.07141 -0.0969746 0)
(2.06772 -0.0953663 0)
(2.05818 -0.093082 0)
(2.05389 -0.0907661 0)
(2.05487 -0.0894768 0)
(2.056 -0.0880672 0)
(2.05814 -0.0860749 0)
(2.06261 -0.0828472 0)
(2.07028 -0.0785648 0)
(2.07669 -0.0753714 0)
(2.07824 -0.0743447 0)
(2.07987 -0.0732847 0)
(2.08034 -0.0723585 0)
(2.07708 -0.0723146 0)
(2.06931 -0.0724633 0)
(2.06642 -0.0713463 0)
(2.06736 -0.0701992 0)
(2.06841 -0.0686687 0)
(2.07017 -0.0665636 0)
(2.0737 -0.0630637 0)
(2.07825 -0.0582922 0)
(2.08028 -0.0557843 0)
(2.0807 -0.0550891 0)
(2.0807 -0.0540349 0)
(2.07833 -0.0531963 0)
(2.0725 -0.0523447 0)
(2.07032 -0.0511273 0)
(2.07117 -0.0501562 0)
(2.07208 -0.0487143 0)
(2.07409 -0.0464929 0)
(2.07768 -0.043571 0)
(2.08357 -0.0405436 0)
(2.08827 -0.0382228 0)
(2.08957 -0.0372256 0)
(2.09024 -0.036358 0)
(2.08953 -0.0349192 0)
(2.08581 -0.0322825 0)
(2.08368 -0.0290387 0)
(2.08406 -0.0273896 0)
(2.08545 -0.0232928 0)
(2.08552 -0.0194003 0)
(2.08593 -0.0167897 0)
(2.08614 -0.0146396 0)
(2.08596 -0.012431 0)
(2.08595 -0.0110337 0)
(2.08641 -0.0102207 0)
(2.08738 -0.00911382 0)
(2.08892 -0.00729103 0)
(2.09083 -0.00534278 0)
(2.09218 -0.00375763 0)
(2.09282 -0.00203781 0)
(2.09286 5.93114e-05 0)
(2.09232 0.00268072 0)
(2.09049 0.00676424 0)
(2.08814 0.0121664 0)
(2.08766 0.0150915 0)
(2.08808 0.0163964 0)
(2.08835 0.018401 0)
(2.08938 0.0218577 0)
(2.09351 0.0270909 0)
(2.10011 0.0329449 0)
(2.10246 0.0362635 0)
(2.10217 0.0377281 0)
(2.10084 0.0394476 0)
(2.09734 0.0414674 0)
(2.09285 0.0435463 0)
(2.09132 0.0443751 0)
(2.08976 0.0466292 0)
(2.08963 0.0501277 0)
(2.09039 0.0539433 0)
(2.09756 0.0597398 0)
(1.18618 0.550255 0)
(1.19471 0.550246 0)
(1.20426 0.550539 0)
(1.2152 0.550747 0)
(1.22749 0.550102 0)
(1.24099 0.54813 0)
(1.2541 0.545568 0)
(1.26563 0.543631 0)
(1.27542 0.54164 0)
(1.28361 0.538994 0)
(1.29324 0.536269 0)
(1.30573 0.533989 0)
(1.31994 0.531126 0)
(1.33474 0.527556 0)
(1.34844 0.524321 0)
(1.36037 0.52164 0)
(1.36971 0.518623 0)
(1.37642 0.514537 0)
(1.38547 0.510441 0)
(1.39836 0.507139 0)
(1.41321 0.502873 0)
(1.42904 0.497287 0)
(1.44394 0.491749 0)
(1.45718 0.486868 0)
(1.46805 0.481987 0)
(1.47488 0.476104 0)
(1.48028 0.469149 0)
(1.49128 0.463707 0)
(1.50538 0.459244 0)
(1.52066 0.453844 0)
(1.5358 0.447854 0)
(1.54956 0.442236 0)
(1.5613 0.436887 0)
(1.56915 0.430761 0)
(1.57035 0.42239 0)
(1.57393 0.414254 0)
(1.58573 0.409416 0)
(1.59978 0.404216 0)
(1.61555 0.397364 0)
(1.63096 0.389891 0)
(1.64485 0.382972 0)
(1.65679 0.376517 0)
(1.66525 0.369773 0)
(1.66582 0.360683 0)
(1.66415 0.349976 0)
(1.67399 0.344284 0)
(1.68659 0.339671 0)
(1.70072 0.333303 0)
(1.71457 0.326641 0)
(1.72703 0.320562 0)
(1.73786 0.31462 0)
(1.74603 0.308029 0)
(1.7475 0.298964 0)
(1.74278 0.286865 0)
(1.74983 0.280095 0)
(1.76099 0.275812 0)
(1.77367 0.269467 0)
(1.78743 0.263278 0)
(1.79988 0.257444 0)
(1.81175 0.250924 0)
(1.82226 0.244889 0)
(1.83125 0.238208 0)
(1.83412 0.229367 0)
(1.8256 0.218993 0)
(1.82259 0.209165 0)
(1.8312 0.20413 0)
(1.84151 0.200507 0)
(1.85171 0.195148 0)
(1.8618 0.187505 0)
(1.87171 0.178707 0)
(1.88056 0.168901 0)
(1.88687 0.158293 0)
(1.88798 0.144931 0)
(1.8773 0.123907 0)
(1.86319 0.09616 0)
(1.85558 0.0722434 0)
(1.84458 0.0454265 0)
(1.83071 0.0126462 0)
(1.81772 -0.0301041 0)
(1.80568 -0.0786351 0)
(1.79934 -0.123071 0)
(1.77279 -0.180078 0)
(1.7524 -0.223839 0)
(1.74158 -0.250026 0)
(1.71444 -0.284631 0)
(1.68692 -0.33045 0)
(1.67661 -0.348945 0)
(1.66935 -0.367063 0)
(1.67153 -0.392938 0)
(1.67997 -0.412063 0)
(1.68455 -0.425677 0)
(1.68482 -0.436532 0)
(1.68266 -0.444439 0)
(1.68054 -0.45368 0)
(1.6743 -0.464462 0)
(1.66523 -0.472226 0)
(1.66707 -0.47485 0)
(1.67385 -0.475771 0)
(1.68316 -0.475365 0)
(1.69997 -0.475601 0)
(1.71292 -0.478157 0)
(1.72309 -0.483242 0)
(1.73201 -0.488448 0)
(1.73758 -0.492556 0)
(1.73397 -0.49484 0)
(1.72131 -0.4952 0)
(1.72147 -0.497066 0)
(1.72918 -0.499299 0)
(1.73702 -0.501465 0)
(1.74567 -0.50386 0)
(1.7548 -0.505505 0)
(1.76176 -0.506945 0)
(1.76849 -0.509051 0)
(1.77459 -0.512153 0)
(1.77698 -0.516827 0)
(1.77185 -0.521806 0)
(1.77132 -0.52478 0)
(1.7767 -0.526353 0)
(1.78242 -0.527673 0)
(1.7895 -0.529482 0)
(1.79835 -0.53305 0)
(1.80492 -0.536978 0)
(1.81071 -0.540468 0)
(1.81533 -0.543761 0)
(1.81598 -0.546765 0)
(1.81043 -0.548997 0)
(1.81082 -0.550703 0)
(1.81661 -0.552163 0)
(1.82263 -0.553785 0)
(1.82947 -0.555559 0)
(1.83636 -0.557346 0)
(1.84303 -0.559428 0)
(1.84936 -0.561459 0)
(1.85437 -0.563514 0)
(1.85473 -0.566284 0)
(1.84533 -0.57119 0)
(1.842 -0.576202 0)
(1.84763 -0.577742 0)
(1.85379 -0.577971 0)
(1.8611 -0.577762 0)
(1.87113 -0.577151 0)
(1.87858 -0.576622 0)
(1.88555 -0.578338 0)
(1.89217 -0.580129 0)
(1.89793 -0.581869 0)
(1.90149 -0.584362 0)
(1.89892 -0.587798 0)
(1.89151 -0.591495 0)
(1.89391 -0.593216 0)
(1.89959 -0.593517 0)
(1.90602 -0.593204 0)
(1.91377 -0.592768 0)
(1.92219 -0.591979 0)
(1.92922 -0.591977 0)
(1.93562 -0.592873 0)
(1.94149 -0.593652 0)
(1.94647 -0.594284 0)
(1.94993 -0.595711 0)
(1.95237 -0.598385 0)
(1.95106 -0.60312 0)
(1.94304 -0.608825 0)
(1.94151 -0.61307 0)
(1.94695 -0.613928 0)
(1.95268 -0.61416 0)
(1.9586 -0.614755 0)
(1.9645 -0.615462 0)
(1.97031 -0.615954 0)
(1.97601 -0.616524 0)
(1.98174 -0.617295 0)
(1.98724 -0.61818 0)
(1.99196 -0.619332 0)
(1.99468 -0.620808 0)
(1.99315 -0.622567 0)
(1.99168 -0.624163 0)
(1.99546 -0.624904 0)
(2.0007 -0.625252 0)
(2.00616 -0.625271 0)
(2.01187 -0.624826 0)
(2.01796 -0.623888 0)
(2.02377 -0.622423 0)
(2.0289 -0.621684 0)
(2.03364 -0.621893 0)
(2.03745 -0.622273 0)
(2.03846 -0.622715 0)
(2.03489 -0.622485 0)
(2.03097 -0.621444 0)
(2.03357 -0.620076 0)
(2.0392 -0.62029 0)
(2.04423 -0.620341 0)
(2.04892 -0.619999 0)
(2.05328 -0.619453 0)
(2.05646 -0.618691 0)
(2.05755 -0.61689 0)
(2.05417 -0.613457 0)
(2.05307 -0.611889 0)
(2.05631 -0.6119 0)
(2.05944 -0.611365 0)
(2.06332 -0.610828 0)
(2.0689 -0.610058 0)
(2.07398 -0.60795 0)
(2.07694 -0.605228 0)
(2.07883 -0.602772 0)
(2.07999 -0.60054 0)
(2.07876 -0.597688 0)
(2.07936 -0.594512 0)
(2.08392 -0.593487 0)
(2.08797 -0.591967 0)
(2.09218 -0.589157 0)
(2.09807 -0.585869 0)
(2.10321 -0.581569 0)
(2.10534 -0.579874 0)
(2.10754 -0.578523 0)
(2.10693 -0.575665 0)
(2.10257 -0.568725 0)
(2.10038 -0.56204 0)
(2.10077 -0.559054 0)
(2.10096 -0.553851 0)
(2.10128 -0.546837 0)
(2.10361 -0.536745 0)
(2.10994 -0.522877 0)
(2.11126 -0.514084 0)
(2.10871 -0.506962 0)
(2.10802 -0.501889 0)
(2.10344 -0.494349 0)
(2.09715 -0.481458 0)
(2.09563 -0.472547 0)
(2.09434 -0.462254 0)
(2.09281 -0.445087 0)
(2.09446 -0.430406 0)
(2.0986 -0.417888 0)
(2.1087 -0.399156 0)
(2.11306 -0.381302 0)
(2.10948 -0.372084 0)
(2.10828 -0.36627 0)
(2.10064 -0.358719 0)
(2.0941 -0.350632 0)
(2.09239 -0.34503 0)
(2.08905 -0.336027 0)
(2.08784 -0.325006 0)
(2.08789 -0.317588 0)
(2.0899 -0.309749 0)
(2.0975 -0.298589 0)
(2.10475 -0.286827 0)
(2.1041 -0.27793 0)
(2.10052 -0.273323 0)
(2.09622 -0.268034 0)
(2.08818 -0.258782 0)
(2.07932 -0.252609 0)
(2.07577 -0.25153 0)
(2.07038 -0.247568 0)
(2.06723 -0.24097 0)
(2.06525 -0.236155 0)
(2.067 -0.230221 0)
(2.07591 -0.217807 0)
(2.07949 -0.203168 0)
(2.07657 -0.194657 0)
(2.07119 -0.189819 0)
(2.06218 -0.187658 0)
(2.05135 -0.187195 0)
(2.043 -0.186686 0)
(2.03892 -0.185231 0)
(2.03731 -0.182948 0)
(2.03788 -0.180594 0)
(2.04107 -0.176577 0)
(2.04832 -0.169674 0)
(2.05546 -0.162392 0)
(2.05762 -0.159596 0)
(2.0596 -0.157421 0)
(2.05908 -0.157242 0)
(2.05404 -0.158051 0)
(2.04693 -0.157188 0)
(2.04654 -0.155168 0)
(2.04851 -0.154466 0)
(2.04994 -0.154153 0)
(2.05196 -0.154009 0)
(2.05671 -0.152293 0)
(2.06357 -0.148125 0)
(2.06635 -0.14564 0)
(2.06664 -0.145084 0)
(2.06625 -0.144445 0)
(2.06304 -0.144121 0)
(2.05419 -0.14351 0)
(2.04704 -0.141091 0)
(2.04735 -0.138491 0)
(2.04876 -0.136506 0)
(2.05037 -0.134695 0)
(2.05372 -0.132228 0)
(2.06036 -0.12808 0)
(2.06613 -0.123655 0)
(2.06707 -0.121769 0)
(2.06689 -0.120505 0)
(2.06522 -0.118951 0)
(2.0599 -0.117825 0)
(2.05581 -0.117362 0)
(2.05717 -0.116909 0)
(2.05905 -0.116191 0)
(2.06115 -0.114735 0)
(2.06554 -0.112285 0)
(2.0734 -0.107945 0)
(2.07791 -0.104835 0)
(2.07894 -0.103705 0)
(2.07958 -0.102283 0)
(2.07878 -0.101171 0)
(2.07358 -0.0998093 0)
(2.06381 -0.0973788 0)
(2.06061 -0.0946374 0)
(2.06201 -0.0929602 0)
(2.0638 -0.0913707 0)
(2.06677 -0.0895274 0)
(2.07237 -0.0865456 0)
(2.07659 -0.0841982 0)
(2.07809 -0.083597 0)
(2.07971 -0.0827187 0)
(2.08036 -0.0816779 0)
(2.07728 -0.0797232 0)
(2.07054 -0.0764237 0)
(2.06878 -0.0737501 0)
(2.06937 -0.0726008 0)
(2.07055 -0.0712839 0)
(2.07365 -0.0692176 0)
(2.08205 -0.0657015 0)
(2.09129 -0.062008 0)
(2.09364 -0.0607545 0)
(2.09542 -0.0593591 0)
(2.09617 -0.0580092 0)
(2.09335 -0.0574772 0)
(2.08465 -0.0579969 0)
(2.07993 -0.0579319 0)
(2.08022 -0.0572933 0)
(2.08071 -0.0565243 0)
(2.08149 -0.0555152 0)
(2.08321 -0.0533504 0)
(2.08675 -0.0495144 0)
(2.08909 -0.0466848 0)
(2.09008 -0.0454999 0)
(2.09042 -0.0437141 0)
(2.08783 -0.042124 0)
(2.08189 -0.0408547 0)
(2.07979 -0.0399573 0)
(2.0806 -0.039515 0)
(2.08131 -0.0389329 0)
(2.08265 -0.0378927 0)
(2.08563 -0.0358149 0)
(2.09125 -0.0328713 0)
(2.09613 -0.0306333 0)
(2.09749 -0.0300042 0)
(2.0982 -0.0295748 0)
(2.09836 -0.0285644 0)
(2.09592 -0.0265943 0)
(2.09039 -0.0232938 0)
(2.08884 -0.0206578 0)
(2.0895 -0.019558 0)
(2.09155 -0.0168312 0)
(2.09264 -0.0140456 0)
(2.0941 -0.012188 0)
(2.09546 -0.0110734 0)
(2.09628 -0.0102669 0)
(2.09574 -0.00936407 0)
(2.09431 -0.00858291 0)
(2.09499 -0.00832334 0)
(2.09611 -0.00818913 0)
(2.09729 -0.00774194 0)
(2.09888 -0.00666146 0)
(2.10047 -0.00463147 0)
(2.10134 -0.00240306 0)
(2.10157 1.54545e-05 0)
(2.10086 0.00300562 0)
(2.09972 0.0063284 0)
(2.09939 0.00858348 0)
(2.0996 0.0107837 0)
(2.10021 0.0136398 0)
(2.10265 0.0164015 0)
(2.10689 0.0186067 0)
(2.10926 0.019808 0)
(2.10974 0.0204576 0)
(2.10992 0.0211427 0)
(2.10956 0.0218771 0)
(2.10737 0.0228728 0)
(2.10325 0.024156 0)
(2.10167 0.0249889 0)
(2.10151 0.0252389 0)
(2.10183 0.0258807 0)
(2.10328 0.0268041 0)
(2.10513 0.0281794 0)
(1.1917 0.54822 0)
(1.20193 0.547694 0)
(1.21167 0.547845 0)
(1.22106 0.547837 0)
(1.23093 0.5472 0)
(1.24202 0.54586 0)
(1.25393 0.543557 0)
(1.26541 0.541135 0)
(1.27568 0.539378 0)
(1.28454 0.537673 0)
(1.29279 0.535545 0)
(1.30295 0.533388 0)
(1.31514 0.531122 0)
(1.32839 0.528071 0)
(1.34128 0.524859 0)
(1.35278 0.522307 0)
(1.36229 0.519918 0)
(1.36938 0.516846 0)
(1.37739 0.513377 0)
(1.38891 0.510499 0)
(1.40237 0.506995 0)
(1.41693 0.502207 0)
(1.43092 0.497196 0)
(1.44345 0.492758 0)
(1.45389 0.488419 0)
(1.46073 0.483265 0)
(1.46579 0.477074 0)
(1.47573 0.472148 0)
(1.48873 0.468233 0)
(1.50279 0.463508 0)
(1.51667 0.45829 0)
(1.52928 0.453388 0)
(1.54 0.448613 0)
(1.54715 0.442971 0)
(1.54999 0.435627 0)
(1.55656 0.429017 0)
(1.5682 0.424404 0)
(1.58151 0.419193 0)
(1.59596 0.412508 0)
(1.60989 0.405357 0)
(1.62227 0.398996 0)
(1.63278 0.393156 0)
(1.63945 0.38671 0)
(1.63912 0.378106 0)
(1.64102 0.369744 0)
(1.65163 0.365049 0)
(1.66422 0.360456 0)
(1.67812 0.354205 0)
(1.69151 0.347681 0)
(1.70349 0.341975 0)
(1.71365 0.3367 0)
(1.72041 0.330952 0)
(1.71973 0.322498 0)
(1.7196 0.313169 0)
(1.72949 0.307721 0)
(1.74217 0.302898 0)
(1.755 0.296106 0)
(1.76607 0.291379 0)
(1.77889 0.286286 0)
(1.78963 0.278373 0)
(1.79672 0.270959 0)
(1.79988 0.264401 0)
(1.79461 0.25191 0)
(1.79267 0.240108 0)
(1.79575 0.233448 0)
(1.80142 0.220248 0)
(1.80966 0.20654 0)
(1.81328 0.192565 0)
(1.81605 0.177975 0)
(1.80967 0.149213 0)
(1.79161 0.10759 0)
(1.78411 0.0714331 0)
(1.7592 0.0192966 0)
(1.74253 -0.0242162 0)
(1.72701 -0.0628825 0)
(1.69703 -0.119725 0)
(1.68312 -0.15409 0)
(1.67391 -0.179811 0)
(1.65419 -0.226208 0)
(1.64224 -0.27078 0)
(1.64075 -0.28899 0)
(1.64222 -0.310567 0)
(1.6378 -0.333216 0)
(1.63081 -0.351863 0)
(1.62322 -0.363497 0)
(1.61755 -0.374336 0)
(1.61661 -0.38264 0)
(1.62106 -0.388512 0)
(1.62876 -0.394904 0)
(1.64041 -0.402073 0)
(1.64771 -0.406955 0)
(1.65615 -0.41336 0)
(1.66352 -0.41967 0)
(1.66838 -0.424186 0)
(1.66662 -0.425778 0)
(1.66167 -0.424471 0)
(1.66749 -0.424798 0)
(1.67638 -0.426595 0)
(1.68634 -0.428571 0)
(1.69839 -0.43163 0)
(1.70787 -0.434856 0)
(1.71585 -0.437455 0)
(1.72237 -0.43975 0)
(1.72474 -0.441894 0)
(1.71731 -0.44567 0)
(1.71151 -0.451146 0)
(1.71698 -0.454063 0)
(1.72342 -0.455876 0)
(1.73051 -0.457792 0)
(1.73928 -0.459934 0)
(1.74812 -0.462919 0)
(1.7549 -0.466279 0)
(1.76091 -0.469675 0)
(1.76582 -0.473166 0)
(1.76698 -0.476678 0)
(1.76307 -0.479999 0)
(1.76536 -0.48295 0)
(1.77132 -0.485023 0)
(1.77761 -0.487607 0)
(1.78517 -0.491047 0)
(1.79188 -0.493353 0)
(1.79839 -0.495463 0)
(1.8041 -0.497728 0)
(1.80769 -0.500169 0)
(1.80574 -0.503152 0)
(1.80221 -0.506481 0)
(1.80665 -0.509244 0)
(1.8128 -0.511016 0)
(1.81934 -0.512705 0)
(1.82592 -0.514313 0)
(1.83246 -0.51595 0)
(1.83886 -0.517848 0)
(1.84434 -0.520394 0)
(1.84591 -0.52386 0)
(1.83946 -0.528212 0)
(1.83788 -0.531343 0)
(1.84351 -0.531964 0)
(1.84952 -0.531382 0)
(1.85674 -0.530386 0)
(1.86555 -0.529142 0)
(1.87257 -0.529125 0)
(1.8793 -0.530698 0)
(1.88568 -0.532229 0)
(1.89129 -0.533464 0)
(1.89465 -0.534901 0)
(1.89078 -0.537039 0)
(1.8842 -0.54036 0)
(1.88839 -0.542639 0)
(1.89404 -0.543435 0)
(1.90043 -0.543823 0)
(1.90809 -0.544014 0)
(1.91662 -0.543704 0)
(1.92336 -0.54398 0)
(1.92981 -0.544965 0)
(1.93569 -0.545741 0)
(1.94063 -0.546453 0)
(1.94431 -0.547793 0)
(1.94412 -0.550268 0)
(1.93433 -0.553856 0)
(1.92935 -0.556769 0)
(1.93503 -0.558096 0)
(1.94057 -0.558004 0)
(1.94635 -0.557705 0)
(1.95234 -0.558118 0)
(1.9581 -0.558638 0)
(1.96327 -0.558872 0)
(1.96761 -0.558619 0)
(1.97172 -0.55835 0)
(1.97635 -0.558591 0)
(1.98113 -0.559235 0)
(1.98486 -0.560112 0)
(1.98485 -0.560752 0)
(1.98146 -0.560825 0)
(1.98345 -0.561461 0)
(1.98843 -0.562324 0)
(1.99412 -0.563153 0)
(2.00005 -0.563974 0)
(2.00598 -0.564871 0)
(2.01215 -0.565659 0)
(2.01831 -0.566354 0)
(2.02416 -0.567261 0)
(2.02918 -0.568604 0)
(2.03174 -0.570328 0)
(2.0287 -0.572138 0)
(2.02363 -0.57442 0)
(2.02612 -0.575944 0)
(2.03154 -0.576372 0)
(2.0371 -0.576398 0)
(2.04238 -0.57658 0)
(2.04742 -0.577186 0)
(2.05219 -0.577632 0)
(2.05603 -0.578153 0)
(2.05755 -0.579648 0)
(2.05638 -0.581345 0)
(2.05777 -0.581575 0)
(2.06164 -0.581215 0)
(2.06619 -0.58023 0)
(2.07155 -0.579271 0)
(2.07679 -0.578514 0)
(2.08185 -0.577941 0)
(2.0866 -0.577703 0)
(2.09137 -0.577462 0)
(2.09581 -0.576441 0)
(2.0972 -0.574687 0)
(2.09292 -0.571764 0)
(2.09311 -0.570082 0)
(2.09751 -0.570772 0)
(2.10102 -0.570913 0)
(2.10526 -0.570504 0)
(2.10856 -0.56969 0)
(2.11155 -0.569083 0)
(2.11297 -0.567329 0)
(2.11014 -0.565212 0)
(2.10752 -0.56391 0)
(2.11041 -0.563515 0)
(2.11335 -0.562729 0)
(2.11711 -0.561412 0)
(2.12136 -0.559834 0)
(2.12774 -0.556987 0)
(2.13191 -0.553353 0)
(2.13458 -0.551507 0)
(2.13728 -0.549795 0)
(2.13619 -0.546268 0)
(2.13357 -0.541137 0)
(2.1349 -0.538358 0)
(2.13597 -0.534769 0)
(2.13805 -0.530682 0)
(2.14031 -0.525356 0)
(2.14272 -0.518277 0)
(2.14647 -0.50981 0)
(2.15248 -0.498916 0)
(2.15428 -0.488268 0)
(2.15147 -0.48206 0)
(2.14671 -0.472193 0)
(2.14488 -0.465479 0)
(2.13794 -0.453678 0)
(2.1355 -0.444375 0)
(2.13273 -0.430257 0)
(2.13138 -0.408699 0)
(2.13458 -0.393689 0)
(2.14024 -0.38107 0)
(2.14671 -0.362486 0)
(2.14422 -0.352525 0)
(2.13967 -0.343433 0)
(2.1365 -0.337948 0)
(2.1269 -0.327282 0)
(2.11655 -0.312606 0)
(2.11212 -0.293547 0)
(2.11017 -0.286043 0)
(2.1037 -0.272564 0)
(2.10054 -0.255748 0)
(2.10156 -0.243718 0)
(2.10678 -0.232493 0)
(2.10988 -0.219855 0)
(2.10537 -0.213381 0)
(2.09889 -0.207326 0)
(2.09323 -0.195684 0)
(2.08296 -0.187133 0)
(2.07221 -0.177449 0)
(2.06514 -0.171228 0)
(2.05657 -0.168842 0)
(2.05255 -0.168534 0)
(2.05652 -0.16613 0)
(2.06691 -0.157248 0)
(2.07411 -0.146683 0)
(2.07481 -0.143105 0)
(2.0749 -0.140655 0)
(2.07415 -0.138528 0)
(2.07085 -0.137856 0)
(2.06355 -0.139482 0)
(2.05617 -0.140585 0)
(2.05574 -0.138586 0)
(2.05818 -0.137063 0)
(2.05936 -0.136767 0)
(2.06196 -0.137143 0)
(2.06733 -0.137201 0)
(2.07279 -0.136174 0)
(2.07426 -0.135441 0)
(2.07457 -0.135025 0)
(2.07443 -0.133776 0)
(2.06955 -0.133011 0)
(2.05912 -0.132666 0)
(2.05613 -0.130863 0)
(2.05779 -0.12916 0)
(2.05937 -0.127005 0)
(2.06191 -0.12473 0)
(2.06738 -0.121408 0)
(2.07549 -0.117022 0)
(2.0786 -0.114727 0)
(2.07989 -0.113481 0)
(2.08113 -0.111123 0)
(2.07982 -0.108093 0)
(2.07306 -0.104149 0)
(2.06809 -0.101279 0)
(2.06915 -0.100584 0)
(2.07059 -0.100246 0)
(2.07215 -0.0994423 0)
(2.07592 -0.0975251 0)
(2.08302 -0.0933586 0)
(2.08743 -0.0895827 0)
(2.08798 -0.0880752 0)
(2.08799 -0.0868083 0)
(2.0866 -0.0861152 0)
(2.08149 -0.0856367 0)
(2.07411 -0.0840349 0)
(2.07282 -0.0815673 0)
(2.07447 -0.0798295 0)
(2.07658 -0.0780745 0)
(2.08061 -0.075583 0)
(2.0863 -0.0712291 0)
(2.08858 -0.0682998 0)
(2.09014 -0.0666864 0)
(2.09081 -0.0657529 0)
(2.08957 -0.0654658 0)
(2.08543 -0.0645995 0)
(2.08152 -0.061436 0)
(2.08171 -0.0585718 0)
(2.08292 -0.0565761 0)
(2.08509 -0.0544992 0)
(2.08887 -0.0522392 0)
(2.09589 -0.0500983 0)
(2.10084 -0.0485058 0)
(2.10217 -0.0478955 0)
(2.10348 -0.0467366 0)
(2.10298 -0.0458815 0)
(2.09736 -0.0456814 0)
(2.08998 -0.0452658 0)
(2.08888 -0.0442349 0)
(2.08958 -0.0433293 0)
(2.09052 -0.0421627 0)
(2.09314 -0.0404327 0)
(2.09884 -0.0379207 0)
(2.10416 -0.0349383 0)
(2.10537 -0.0335679 0)
(2.10592 -0.0317268 0)
(2.10434 -0.029464 0)
(2.09785 -0.0276451 0)
(2.09189 -0.0259836 0)
(2.09188 -0.0246572 0)
(2.09304 -0.0237198 0)
(2.09444 -0.0227184 0)
(2.09717 -0.0216102 0)
(2.10296 -0.0198037 0)
(2.10923 -0.0175742 0)
(2.1113 -0.016505 0)
(2.11168 -0.0160639 0)
(2.11171 -0.0155616 0)
(2.11073 -0.014565 0)
(2.10537 -0.0131644 0)
(2.09777 -0.0108566 0)
(2.0968 -0.00872804 0)
(2.09784 -0.0074436 0)
(2.0999 -0.00566341 0)
(2.10362 -0.00268889 0)
(2.10544 -0.000676408 0)
(2.10679 0.000419188 0)
(2.1078 0.00142326 0)
(2.10742 0.00233272 0)
(2.10492 0.00329807 0)
(2.10395 0.00425066 0)
(2.10492 0.00469136 0)
(2.10583 0.00519586 0)
(2.1075 0.00611924 0)
(2.10976 0.00809967 0)
(2.11118 0.0105959 0)
(2.11129 0.0124517 0)
(2.1104 0.0141407 0)
(2.10871 0.0165819 0)
(2.10762 0.0187143 0)
(2.10761 0.0200387 0)
(2.10825 0.0216685 0)
(2.11031 0.0234494 0)
(2.11243 0.0250875 0)
(2.11331 0.0260814 0)
(2.11397 0.0270206 0)
(2.11424 0.0281361 0)
(2.11387 0.0293785 0)
(2.11231 0.0308941 0)
(2.11081 0.0326037 0)
(2.11072 0.0335991 0)
(2.111 0.0341013 0)
(2.11183 0.0352041 0)
(2.11341 0.0365108 0)
(2.11372 0.0370519 0)
(1.1973 0.548008 0)
(1.20834 0.547109 0)
(1.21868 0.546615 0)
(1.22765 0.547003 0)
(1.2355 0.546718 0)
(1.24367 0.545443 0)
(1.25378 0.543963 0)
(1.26502 0.541822 0)
(1.27591 0.53971 0)
(1.2856 0.53842 0)
(1.29385 0.537149 0)
(1.30137 0.535098 0)
(1.31089 0.532769 0)
(1.32243 0.530297 0)
(1.33474 0.527189 0)
(1.3463 0.52442 0)
(1.35639 0.522385 0)
(1.36448 0.520217 0)
(1.37148 0.517233 0)
(1.38105 0.514183 0)
(1.39308 0.511097 0)
(1.40639 0.506919 0)
(1.41957 0.502287 0)
(1.43145 0.49825 0)
(1.44149 0.494537 0)
(1.44833 0.490222 0)
(1.45295 0.484777 0)
(1.46189 0.480214 0)
(1.47412 0.476699 0)
(1.48746 0.472386 0)
(1.50058 0.467726 0)
(1.51242 0.463553 0)
(1.52244 0.459408 0)
(1.5292 0.45425 0)
(1.53312 0.447586 0)
(1.54077 0.441662 0)
(1.55198 0.437116 0)
(1.56438 0.432016 0)
(1.57732 0.426051 0)
(1.58985 0.419847 0)
(1.60131 0.413941 0)
(1.611 0.408326 0)
(1.61694 0.402329 0)
(1.61721 0.394798 0)
(1.6213 0.387836 0)
(1.63217 0.383652 0)
(1.64456 0.379309 0)
(1.65809 0.373675 0)
(1.67102 0.367649 0)
(1.68257 0.362623 0)
(1.69249 0.35792 0)
(1.69846 0.352674 0)
(1.6975 0.34438 0)
(1.70095 0.335915 0)
(1.70964 0.330306 0)
(1.71994 0.325352 0)
(1.73064 0.318821 0)
(1.74215 0.30859 0)
(1.75184 0.2975 0)
(1.75725 0.287864 0)
(1.75439 0.27327 0)
(1.74157 0.249092 0)
(1.73123 0.218645 0)
(1.72532 0.195354 0)
(1.71257 0.161323 0)
(1.70544 0.124589 0)
(1.69797 0.0805955 0)
(1.68144 0.0310631 0)
(1.67259 -0.00600728 0)
(1.64326 -0.0525994 0)
(1.62702 -0.0918029 0)
(1.61452 -0.127169 0)
(1.59423 -0.176954 0)
(1.58731 -0.211752 0)
(1.58983 -0.226574 0)
(1.59173 -0.246634 0)
(1.58614 -0.264402 0)
(1.5806 -0.277793 0)
(1.57567 -0.288898 0)
(1.57451 -0.301803 0)
(1.57901 -0.311245 0)
(1.58819 -0.320554 0)
(1.5946 -0.325676 0)
(1.60084 -0.328845 0)
(1.60691 -0.334283 0)
(1.61127 -0.339339 0)
(1.61327 -0.34253 0)
(1.61595 -0.344919 0)
(1.62286 -0.348348 0)
(1.63196 -0.352712 0)
(1.64098 -0.358216 0)
(1.64919 -0.363553 0)
(1.65647 -0.367409 0)
(1.66245 -0.369927 0)
(1.66487 -0.371928 0)
(1.6621 -0.374167 0)
(1.66479 -0.377544 0)
(1.67254 -0.380422 0)
(1.68066 -0.384402 0)
(1.68867 -0.388848 0)
(1.69616 -0.392295 0)
(1.70343 -0.395776 0)
(1.70965 -0.400203 0)
(1.71221 -0.405767 0)
(1.70735 -0.411269 0)
(1.70581 -0.41499 0)
(1.71162 -0.417166 0)
(1.71799 -0.419141 0)
(1.72544 -0.421776 0)
(1.73475 -0.42509 0)
(1.74223 -0.428009 0)
(1.74888 -0.430492 0)
(1.75493 -0.433014 0)
(1.75915 -0.435972 0)
(1.75839 -0.439854 0)
(1.7557 -0.444037 0)
(1.76057 -0.446708 0)
(1.76704 -0.448363 0)
(1.77368 -0.45011 0)
(1.78032 -0.451995 0)
(1.78699 -0.454015 0)
(1.79355 -0.456323 0)
(1.79926 -0.459287 0)
(1.80189 -0.462978 0)
(1.79919 -0.46677 0)
(1.79862 -0.469311 0)
(1.80389 -0.470694 0)
(1.81025 -0.472052 0)
(1.81687 -0.473783 0)
(1.82348 -0.475878 0)
(1.82979 -0.478221 0)
(1.83527 -0.480766 0)
(1.83787 -0.483494 0)
(1.83422 -0.486196 0)
(1.83351 -0.487863 0)
(1.83934 -0.488196 0)
(1.84553 -0.487917 0)
(1.85276 -0.487226 0)
(1.86065 -0.485957 0)
(1.86713 -0.486166 0)
(1.87375 -0.487348 0)
(1.88002 -0.488463 0)
(1.88554 -0.489813 0)
(1.88893 -0.492005 0)
(1.88594 -0.495452 0)
(1.88137 -0.49945 0)
(1.88597 -0.501058 0)
(1.89184 -0.501494 0)
(1.89826 -0.501747 0)
(1.90563 -0.501562 0)
(1.91276 -0.501015 0)
(1.91909 -0.501539 0)
(1.92532 -0.50241 0)
(1.931 -0.503238 0)
(1.93559 -0.504665 0)
(1.93843 -0.506809 0)
(1.93383 -0.510721 0)
(1.92404 -0.515478 0)
(1.92606 -0.519206 0)
(1.93179 -0.520345 0)
(1.93793 -0.5204 0)
(1.9451 -0.520392 0)
(1.9517 -0.520634 0)
(1.95801 -0.521038 0)
(1.96391 -0.52125 0)
(1.96914 -0.521384 0)
(1.97285 -0.521686 0)
(1.97486 -0.52279 0)
(1.97776 -0.524716 0)
(1.98214 -0.526463 0)
(1.98669 -0.527907 0)
(1.99041 -0.52882 0)
(1.99189 -0.528327 0)
(1.99212 -0.527049 0)
(1.99524 -0.526819 0)
(2.00032 -0.527296 0)
(2.00595 -0.527943 0)
(2.01174 -0.528636 0)
(2.01749 -0.529322 0)
(2.02306 -0.529958 0)
(2.02807 -0.530826 0)
(2.03155 -0.5326 0)
(2.03121 -0.535889 0)
(2.02674 -0.538748 0)
(2.02686 -0.539613 0)
(2.0314 -0.539724 0)
(2.03651 -0.539882 0)
(2.04196 -0.539926 0)
(2.04742 -0.54002 0)
(2.05263 -0.540494 0)
(2.05744 -0.54108 0)
(2.06135 -0.541403 0)
(2.06292 -0.541231 0)
(2.0614 -0.540065 0)
(2.06179 -0.539714 0)
(2.06604 -0.5403 0)
(2.07136 -0.54095 0)
(2.07674 -0.541727 0)
(2.08211 -0.542245 0)
(2.08741 -0.542487 0)
(2.09243 -0.542895 0)
(2.09731 -0.543348 0)
(2.10159 -0.543803 0)
(2.10383 -0.545008 0)
(2.10216 -0.545896 0)
(2.10142 -0.544678 0)
(2.10624 -0.543445 0)
(2.11096 -0.542426 0)
(2.11542 -0.541586 0)
(2.11943 -0.540883 0)
(2.12224 -0.540131 0)
(2.1208 -0.539766 0)
(2.11548 -0.539693 0)
(2.11713 -0.539242 0)
(2.12125 -0.53863 0)
(2.12559 -0.537399 0)
(2.13044 -0.534882 0)
(2.13532 -0.532315 0)
(2.13913 -0.53132 0)
(2.14252 -0.531482 0)
(2.14553 -0.531683 0)
(2.14738 -0.531215 0)
(2.14564 -0.529172 0)
(2.14108 -0.526207 0)
(2.14193 -0.524724 0)
(2.14406 -0.523954 0)
(2.1469 -0.522771 0)
(2.15123 -0.521556 0)
(2.15742 -0.519982 0)
(2.16417 -0.516756 0)
(2.16862 -0.513969 0)
(2.17277 -0.512381 0)
(2.17581 -0.511117 0)
(2.17536 -0.509244 0)
(2.17002 -0.505881 0)
(2.1702 -0.503199 0)
(2.17152 -0.500501 0)
(2.1732 -0.496239 0)
(2.17667 -0.490855 0)
(2.18056 -0.484892 0)
(2.18483 -0.478852 0)
(2.18756 -0.470837 0)
(2.18593 -0.464711 0)
(2.18271 -0.459735 0)
(2.17791 -0.446798 0)
(2.1767 -0.439334 0)
(2.17362 -0.435019 0)
(2.16669 -0.419085 0)
(2.16442 -0.400215 0)
(2.16412 -0.391573 0)
(2.16237 -0.375188 0)
(2.16358 -0.350739 0)
(2.16642 -0.339288 0)
(2.16736 -0.329437 0)
(2.15347 -0.315694 0)
(2.14148 -0.293524 0)
(2.13587 -0.278427 0)
(2.13021 -0.274423 0)
(2.11775 -0.255844 0)
(2.10811 -0.228437 0)
(2.10306 -0.212328 0)
(2.0983 -0.20197 0)
(2.10436 -0.187312 0)
(2.11099 -0.175212 0)
(2.10809 -0.16907 0)
(2.10418 -0.158966 0)
(2.09527 -0.155088 0)
(2.09085 -0.152056 0)
(2.08534 -0.143827 0)
(2.07458 -0.133177 0)
(2.0665 -0.129608 0)
(2.06284 -0.128556 0)
(2.06047 -0.127061 0)
(2.06108 -0.12517 0)
(2.06757 -0.124246 0)
(2.07594 -0.123826 0)
(2.07801 -0.123371 0)
(2.07978 -0.12278 0)
(2.08144 -0.12122 0)
(2.07968 -0.118753 0)
(2.07191 -0.115709 0)
(2.06846 -0.114791 0)
(2.07043 -0.11485 0)
(2.07206 -0.114055 0)
(2.07398 -0.112213 0)
(2.07835 -0.109368 0)
(2.08721 -0.10404 0)
(2.09447 -0.0999323 0)
(2.09699 -0.0982661 0)
(2.09959 -0.0960568 0)
(2.10046 -0.0947412 0)
(2.09608 -0.0933181 0)
(2.08573 -0.0900813 0)
(2.08137 -0.0866884 0)
(2.08201 -0.0850721 0)
(2.0831 -0.0838459 0)
(2.08557 -0.0819899 0)
(2.09087 -0.0787372 0)
(2.09748 -0.0749845 0)
(2.09977 -0.0727521 0)
(2.10001 -0.0715169 0)
(2.09938 -0.0708351 0)
(2.09626 -0.0711376 0)
(2.08974 -0.0717679 0)
(2.08618 -0.0708238 0)
(2.08705 -0.0695434 0)
(2.08865 -0.0683282 0)
(2.09214 -0.0666924 0)
(2.09871 -0.06287 0)
(2.10253 -0.0590301 0)
(2.10383 -0.0570868 0)
(2.10462 -0.0554933 0)
(2.10287 -0.0540887 0)
(2.09804 -0.0525797 0)
(2.09633 -0.0514529 0)
(2.09668 -0.0510363 0)
(2.0974 -0.0501254 0)
(2.09935 -0.0484102 0)
(2.10378 -0.0456843 0)
(2.10877 -0.0426807 0)
(2.11017 -0.0416307 0)
(2.11136 -0.0409151 0)
(2.11227 -0.0402363 0)
(2.11226 -0.039611 0)
(2.10868 -0.0388839 0)
(2.10031 -0.0372806 0)
(2.09658 -0.034688 0)
(2.09723 -0.0326905 0)
(2.09836 -0.0307406 0)
(2.10128 -0.0283502 0)
(2.10807 -0.0249263 0)
(2.11658 -0.0208011 0)
(2.11894 -0.0192308 0)
(2.1197 -0.0184158 0)
(2.11975 -0.0172503 0)
(2.11658 -0.015937 0)
(2.1089 -0.0137188 0)
(2.10527 -0.0114957 0)
(2.10588 -0.010435 0)
(2.10675 -0.00954675 0)
(2.10867 -0.00843626 0)
(2.11358 -0.00689736 0)
(2.12283 -0.00462826 0)
(2.12817 -0.00284874 0)
(2.12927 -0.00215688 0)
(2.13036 -0.000901346 0)
(2.13018 0.00058052 0)
(2.12525 0.00185321 0)
(2.11558 0.00317822 0)
(2.11173 0.00478088 0)
(2.11202 0.00579231 0)
(2.11256 0.0066327 0)
(2.11405 0.00781179 0)
(2.11817 0.00991763 0)
(2.12302 0.0121088 0)
(2.12448 0.0130378 0)
(2.12594 0.014407 0)
(2.12634 0.015956 0)
(2.12422 0.017461 0)
(2.11987 0.0190569 0)
(2.11833 0.0199869 0)
(2.11827 0.0202867 0)
(2.11856 0.0207645 0)
(2.12007 0.0219629 0)
(2.12302 0.0242375 0)
(2.12422 0.0259295 0)
(2.1243 0.0266031 0)
(2.12382 0.028546 0)
(2.12328 0.0314644 0)
(2.12365 0.0332615 0)
(2.12443 0.0355203 0)
(2.12482 0.0380923 0)
(2.12464 0.0398238 0)
(2.1242 0.041006 0)
(2.12335 0.0417333 0)
(2.12146 0.0419576 0)
(2.11811 0.0419547 0)
(2.11562 0.0425008 0)
(2.11528 0.043068 0)
(2.11537 0.0434062 0)
(2.11594 0.0444487 0)
(2.11729 0.0464777 0)
(2.1182 0.0476168 0)
(2.11833 0.0484332 0)
(1.20373 0.548884 0)
(1.21449 0.548239 0)
(1.22455 0.547456 0)
(1.23298 0.54725 0)
(1.23973 0.546198 0)
(1.24636 0.544473 0)
(1.2555 0.543499 0)
(1.26607 0.542314 0)
(1.2769 0.540595 0)
(1.28671 0.539195 0)
(1.29504 0.538074 0)
(1.30151 0.536291 0)
(1.30856 0.533985 0)
(1.31845 0.532179 0)
(1.32993 0.52978 0)
(1.3417 0.526863 0)
(1.35222 0.524727 0)
(1.36111 0.522949 0)
(1.36783 0.520384 0)
(1.37501 0.517037 0)
(1.38537 0.514159 0)
(1.39734 0.510812 0)
(1.40967 0.50677 0)
(1.42103 0.50312 0)
(1.43082 0.499971 0)
(1.43781 0.496403 0)
(1.44209 0.491569 0)
(1.45 0.487206 0)
(1.46153 0.484006 0)
(1.47444 0.479896 0)
(1.48719 0.475384 0)
(1.49846 0.471759 0)
(1.50793 0.468422 0)
(1.51408 0.46395 0)
(1.51799 0.457718 0)
(1.52636 0.452392 0)
(1.53758 0.448169 0)
(1.54965 0.443427 0)
(1.56196 0.438211 0)
(1.57369 0.432936 0)
(1.58438 0.427818 0)
(1.59325 0.42272 0)
(1.59835 0.416972 0)
(1.59973 0.409892 0)
(1.60575 0.404041 0)
(1.61652 0.400322 0)
(1.62831 0.396155 0)
(1.64059 0.390785 0)
(1.65208 0.385097 0)
(1.6618 0.379588 0)
(1.66977 0.373363 0)
(1.67305 0.365317 0)
(1.67146 0.352946 0)
(1.67141 0.339353 0)
(1.67252 0.324104 0)
(1.67324 0.303858 0)
(1.67284 0.280472 0)
(1.67412 0.24829 0)
(1.65719 0.203788 0)
(1.64315 0.163799 0)
(1.62554 0.124795 0)
(1.59734 0.0771147 0)
(1.57972 0.0394892 0)
(1.55897 -0.0067159 0)
(1.54696 -0.0577678 0)
(1.549 -0.0884197 0)
(1.55059 -0.119871 0)
(1.54587 -0.147339 0)
(1.53713 -0.170052 0)
(1.52613 -0.192222 0)
(1.51296 -0.217344 0)
(1.50892 -0.235075 0)
(1.51244 -0.246024 0)
(1.52136 -0.254854 0)
(1.53598 -0.261987 0)
(1.5443 -0.268231 0)
(1.54969 -0.275009 0)
(1.55132 -0.281158 0)
(1.54893 -0.284497 0)
(1.55262 -0.286107 0)
(1.56104 -0.287866 0)
(1.57079 -0.291129 0)
(1.58276 -0.296589 0)
(1.59272 -0.300083 0)
(1.60212 -0.302465 0)
(1.60966 -0.304412 0)
(1.61336 -0.306246 0)
(1.61082 -0.30873 0)
(1.61112 -0.312454 0)
(1.61881 -0.315629 0)
(1.62699 -0.318891 0)
(1.63529 -0.322947 0)
(1.64321 -0.327159 0)
(1.65046 -0.331265 0)
(1.6565 -0.335115 0)
(1.65901 -0.338326 0)
(1.6578 -0.341579 0)
(1.66166 -0.345615 0)
(1.66883 -0.349078 0)
(1.67653 -0.353574 0)
(1.68412 -0.35911 0)
(1.69082 -0.363931 0)
(1.69654 -0.368097 0)
(1.69969 -0.371964 0)
(1.69837 -0.375491 0)
(1.69996 -0.37847 0)
(1.70641 -0.380537 0)
(1.7133 -0.382429 0)
(1.72121 -0.384813 0)
(1.72926 -0.387441 0)
(1.73654 -0.389968 0)
(1.74341 -0.392799 0)
(1.74916 -0.395719 0)
(1.75155 -0.39925 0)
(1.74887 -0.403174 0)
(1.74978 -0.405647 0)
(1.75562 -0.407344 0)
(1.7627 -0.409378 0)
(1.76996 -0.41171 0)
(1.777 -0.414448 0)
(1.78359 -0.417325 0)
(1.78948 -0.420082 0)
(1.79373 -0.422542 0)
(1.79426 -0.424749 0)
(1.792 -0.427215 0)
(1.79459 -0.429929 0)
(1.80074 -0.432172 0)
(1.80742 -0.434202 0)
(1.81409 -0.43615 0)
(1.82044 -0.437964 0)
(1.82601 -0.439675 0)
(1.82933 -0.441396 0)
(1.82767 -0.443298 0)
(1.828 -0.445006 0)
(1.8341 -0.445713 0)
(1.84054 -0.446113 0)
(1.84767 -0.446334 0)
(1.85522 -0.446056 0)
(1.86187 -0.446501 0)
(1.86845 -0.447487 0)
(1.87467 -0.448541 0)
(1.88005 -0.449953 0)
(1.88307 -0.451974 0)
(1.87958 -0.454736 0)
(1.87645 -0.457786 0)
(1.88171 -0.459022 0)
(1.88768 -0.459508 0)
(1.89426 -0.459973 0)
(1.90121 -0.460173 0)
(1.90762 -0.460741 0)
(1.91388 -0.461813 0)
(1.91991 -0.46285 0)
(1.92537 -0.463968 0)
(1.93018 -0.465591 0)
(1.93158 -0.468337 0)
(1.92398 -0.472583 0)
(1.9175 -0.47591 0)
(1.92209 -0.477486 0)
(1.92756 -0.477192 0)
(1.93448 -0.475706 0)
(1.94129 -0.474292 0)
(1.94749 -0.474085 0)
(1.95347 -0.474282 0)
(1.95902 -0.474573 0)
(1.96411 -0.475153 0)
(1.96849 -0.475786 0)
(1.97053 -0.476079 0)
(1.96886 -0.476207 0)
(1.96961 -0.476885 0)
(1.97458 -0.477755 0)
(1.98026 -0.478694 0)
(1.98607 -0.479784 0)
(1.99159 -0.480785 0)
(1.9956 -0.481134 0)
(1.99657 -0.480732 0)
(1.99863 -0.480692 0)
(2.00355 -0.481142 0)
(2.0089 -0.481698 0)
(2.01413 -0.48228 0)
(2.01858 -0.482911 0)
(2.02045 -0.483663 0)
(2.01644 -0.484387 0)
(2.01317 -0.485218 0)
(2.01756 -0.485983 0)
(2.02279 -0.486237 0)
(2.02808 -0.486237 0)
(2.03333 -0.486236 0)
(2.03862 -0.486414 0)
(2.04397 -0.486712 0)
(2.04909 -0.487121 0)
(2.05351 -0.487816 0)
(2.05625 -0.488971 0)
(2.05601 -0.490251 0)
(2.05679 -0.490999 0)
(2.06134 -0.4913 0)
(2.06641 -0.491514 0)
(2.07179 -0.491324 0)
(2.07717 -0.490664 0)
(2.08222 -0.489996 0)
(2.08685 -0.489571 0)
(2.09076 -0.489675 0)
(2.09298 -0.490844 0)
(2.09105 -0.492898 0)
(2.08816 -0.495189 0)
(2.09299 -0.497362 0)
(2.09855 -0.49868 0)
(2.10416 -0.499638 0)
(2.10984 -0.500694 0)
(2.1153 -0.501945 0)
(2.12016 -0.503075 0)
(2.12387 -0.503983 0)
(2.1248 -0.504236 0)
(2.12148 -0.502179 0)
(2.11844 -0.499706 0)
(2.12289 -0.499881 0)
(2.12876 -0.500808 0)
(2.13463 -0.501959 0)
(2.14059 -0.503089 0)
(2.14633 -0.503737 0)
(2.15142 -0.503743 0)
(2.15566 -0.503173 0)
(2.15872 -0.502471 0)
(2.15939 -0.50131 0)
(2.15636 -0.498915 0)
(2.15593 -0.496923 0)
(2.15983 -0.49642 0)
(2.16361 -0.496077 0)
(2.16759 -0.494787 0)
(2.17128 -0.493342 0)
(2.17505 -0.492267 0)
(2.17812 -0.491669 0)
(2.18048 -0.491967 0)
(2.18227 -0.492433 0)
(2.18147 -0.492218 0)
(2.17628 -0.490498 0)
(2.17533 -0.488759 0)
(2.17748 -0.48772 0)
(2.17996 -0.486229 0)
(2.18379 -0.484505 0)
(2.18951 -0.482631 0)
(2.19347 -0.480399 0)
(2.19754 -0.478759 0)
(2.20026 -0.477115 0)
(2.2021 -0.476153 0)
(2.20245 -0.473724 0)
(2.20138 -0.467859 0)
(2.2031 -0.464816 0)
(2.20491 -0.462884 0)
(2.20691 -0.458115 0)
(2.20972 -0.45092 0)
(2.21296 -0.444845 0)
(2.21527 -0.440172 0)
(2.21678 -0.4332 0)
(2.2124 -0.42523 0)
(2.2077 -0.41646 0)
(2.20545 -0.409144 0)
(2.19976 -0.395168 0)
(2.19417 -0.383458 0)
(2.18928 -0.374737 0)
(2.17862 -0.350322 0)
(2.17342 -0.315771 0)
(2.17288 -0.296662 0)
(2.17688 -0.285778 0)
(2.17338 -0.262364 0)
(2.15778 -0.2385 0)
(2.15028 -0.220196 0)
(2.13787 -0.216718 0)
(2.12471 -0.203463 0)
(2.10989 -0.186109 0)
(2.10172 -0.160909 0)
(2.09445 -0.149302 0)
(2.08371 -0.146257 0)
(2.08061 -0.143908 0)
(2.0851 -0.132421 0)
(2.09395 -0.114242 0)
(2.09487 -0.109486 0)
(2.09461 -0.109784 0)
(2.09591 -0.107288 0)
(2.09608 -0.0997966 0)
(2.0928 -0.0951738 0)
(2.08859 -0.0909606 0)
(2.08449 -0.0866349 0)
(2.08171 -0.0852535 0)
(2.08118 -0.0845662 0)
(2.08193 -0.0840695 0)
(2.08627 -0.0833309 0)
(2.09383 -0.0829705 0)
(2.09671 -0.0828347 0)
(2.09952 -0.0824183 0)
(2.10209 -0.0814849 0)
(2.10314 -0.0805018 0)
(2.09938 -0.0795327 0)
(2.09148 -0.0774558 0)
(2.08994 -0.0752773 0)
(2.09156 -0.0740481 0)
(2.09338 -0.0729058 0)
(2.09679 -0.0718052 0)
(2.10279 -0.0709228 0)
(2.10733 -0.0694647 0)
(2.10878 -0.067829 0)
(2.10865 -0.0664275 0)
(2.10746 -0.0649769 0)
(2.10372 -0.0630185 0)
(2.09899 -0.0602704 0)
(2.09844 -0.0580029 0)
(2.09943 -0.0564836 0)
(2.10197 -0.0550376 0)
(2.10671 -0.0535612 0)
(2.11055 -0.05186 0)
(2.11228 -0.0502495 0)
(2.11354 -0.0486589 0)
(2.11403 -0.0471884 0)
(2.11299 -0.0452605 0)
(2.10978 -0.0422042 0)
(2.10857 -0.0394194 0)
(2.10959 -0.0378937 0)
(2.11102 -0.0362985 0)
(2.11357 -0.0342334 0)
(2.1177 -0.0315212 0)
(2.12045 -0.0297159 0)
(2.12138 -0.0289131 0)
(2.12237 -0.0282249 0)
(2.12295 -0.0275993 0)
(2.12207 -0.0271445 0)
(2.11694 -0.0267801 0)
(2.1094 -0.0252543 0)
(2.10752 -0.0228573 0)
(2.10826 -0.0208024 0)
(2.10945 -0.0183421 0)
(2.11228 -0.0152849 0)
(2.11849 -0.0106593 0)
(2.12651 -0.00604991 0)
(2.12932 -0.00426056 0)
(2.13026 -0.00354944 0)
(2.13098 -0.00260545 0)
(2.12996 -0.0019563 0)
(2.12509 -0.00056559 0)
(2.12035 0.00209426 0)
(2.12046 0.00413064 0)
(2.12167 0.00565892 0)
(2.12323 0.00719595 0)
(2.12672 0.00903623 0)
(2.13321 0.0116998 0)
(2.13716 0.0135078 0)
(2.13811 0.0140929 0)
(2.13873 0.0149454 0)
(2.13739 0.0152468 0)
(2.13216 0.0154644 0)
(2.12649 0.016968 0)
(2.12576 0.0186155 0)
(2.12646 0.0197604 0)
(2.12816 0.0214051 0)
(2.13217 0.0244412 0)
(2.13519 0.0271787 0)
(2.13612 0.028081 0)
(2.13718 0.0294992 0)
(2.13741 0.0309858 0)
(2.13595 0.0328008 0)
(2.1346 0.0347864 0)
(2.13485 0.0356283 0)
(2.13515 0.0359445 0)
(2.13581 0.0363865 0)
(2.13629 0.0379822 0)
(2.13518 0.0397909 0)
(2.13427 0.0406581 0)
(2.13317 0.0415005 0)
(2.13168 0.0432908 0)
(2.13131 0.0444996 0)
(2.13143 0.0454784 0)
(2.13189 0.0468606 0)
(2.13268 0.0485917 0)
(2.13313 0.0500449 0)
(2.1331 0.0509406 0)
(2.13281 0.051816 0)
(2.13133 0.0524465 0)
(2.12797 0.0531312 0)
(2.12563 0.0543381 0)
(2.12579 0.0554238 0)
(2.12637 0.0564427 0)
(2.12764 0.0577411 0)
(2.13049 0.0600512 0)
(2.13341 0.0629156 0)
(2.13404 0.0640754 0)
(2.13292 0.0646323 0)
(1.21169 0.549013 0)
(1.22186 0.548398 0)
(1.23032 0.548241 0)
(1.23719 0.54766 0)
(1.24242 0.545853 0)
(1.24947 0.544556 0)
(1.25875 0.54416 0)
(1.26876 0.54352 0)
(1.27845 0.54282 0)
(1.28729 0.541994 0)
(1.29473 0.540517 0)
(1.30049 0.538015 0)
(1.30741 0.535638 0)
(1.31678 0.534214 0)
(1.32747 0.532424 0)
(1.3386 0.529858 0)
(1.34867 0.527666 0)
(1.35734 0.525955 0)
(1.36386 0.523593 0)
(1.36951 0.520409 0)
(1.37822 0.517697 0)
(1.38903 0.51503 0)
(1.40071 0.511456 0)
(1.41187 0.507781 0)
(1.4216 0.504741 0)
(1.42894 0.50162 0)
(1.43325 0.497379 0)
(1.44007 0.493295 0)
(1.45079 0.490527 0)
(1.46301 0.486909 0)
(1.47531 0.48267 0)
(1.48626 0.47928 0)
(1.49554 0.476347 0)
(1.50154 0.472536 0)
(1.50506 0.467078 0)
(1.51358 0.462497 0)
(1.5252 0.458793 0)
(1.53757 0.454318 0)
(1.54944 0.450074 0)
(1.56051 0.445964 0)
(1.56974 0.441685 0)
(1.57633 0.436499 0)
(1.57895 0.429494 0)
(1.58168 0.42159 0)
(1.58923 0.415844 0)
(1.59771 0.409847 0)
(1.60542 0.40071 0)
(1.61332 0.389365 0)
(1.61927 0.374742 0)
(1.61476 0.352829 0)
(1.60767 0.324743 0)
(1.59188 0.286251 0)
(1.57686 0.247562 0)
(1.56197 0.21274 0)
(1.54143 0.166914 0)
(1.52596 0.120206 0)
(1.51697 0.0747947 0)
(1.50826 0.0300111 0)
(1.50149 -0.0053013 0)
(1.49352 -0.0381 0)
(1.47792 -0.072391 0)
(1.46568 -0.101857 0)
(1.46259 -0.113322 0)
(1.46335 -0.127389 0)
(1.4694 -0.143731 0)
(1.47894 -0.156943 0)
(1.48612 -0.169673 0)
(1.48835 -0.178715 0)
(1.48933 -0.188392 0)
(1.48722 -0.199964 0)
(1.4849 -0.206657 0)
(1.48985 -0.208548 0)
(1.49785 -0.210022 0)
(1.50933 -0.213774 0)
(1.52321 -0.22054 0)
(1.53305 -0.22517 0)
(1.54158 -0.229491 0)
(1.54663 -0.234427 0)
(1.54544 -0.238855 0)
(1.54619 -0.242588 0)
(1.55494 -0.245594 0)
(1.56466 -0.249012 0)
(1.57492 -0.254473 0)
(1.58406 -0.259723 0)
(1.59215 -0.263223 0)
(1.59939 -0.266465 0)
(1.60341 -0.270655 0)
(1.60079 -0.276315 0)
(1.60095 -0.281794 0)
(1.60798 -0.284918 0)
(1.61576 -0.287993 0)
(1.62421 -0.291891 0)
(1.63185 -0.295788 0)
(1.63873 -0.299486 0)
(1.64463 -0.303334 0)
(1.64752 -0.307792 0)
(1.64727 -0.313059 0)
(1.65243 -0.317319 0)
(1.6599 -0.320694 0)
(1.66724 -0.324458 0)
(1.67418 -0.327636 0)
(1.68069 -0.330528 0)
(1.68634 -0.333369 0)
(1.68962 -0.33642 0)
(1.69012 -0.339774 0)
(1.69462 -0.34261 0)
(1.70187 -0.344495 0)
(1.70949 -0.34661 0)
(1.71721 -0.349088 0)
(1.72471 -0.351433 0)
(1.73192 -0.353883 0)
(1.73831 -0.356567 0)
(1.74255 -0.359651 0)
(1.7416 -0.363222 0)
(1.74023 -0.367156 0)
(1.746 -0.370192 0)
(1.75298 -0.372469 0)
(1.76007 -0.374693 0)
(1.76703 -0.376579 0)
(1.77364 -0.3781 0)
(1.77966 -0.379659 0)
(1.78451 -0.38171 0)
(1.78652 -0.38445 0)
(1.78475 -0.387967 0)
(1.78616 -0.391457 0)
(1.79202 -0.393664 0)
(1.79863 -0.395312 0)
(1.80535 -0.396825 0)
(1.81188 -0.398272 0)
(1.81794 -0.399791 0)
(1.82273 -0.401568 0)
(1.82402 -0.403672 0)
(1.82343 -0.40551 0)
(1.82852 -0.406322 0)
(1.83503 -0.406959 0)
(1.84188 -0.407592 0)
(1.84874 -0.408187 0)
(1.85547 -0.408946 0)
(1.86202 -0.409773 0)
(1.86825 -0.410691 0)
(1.87382 -0.411988 0)
(1.87733 -0.414041 0)
(1.87479 -0.416889 0)
(1.87191 -0.4193 0)
(1.87704 -0.419908 0)
(1.88309 -0.420188 0)
(1.88955 -0.420745 0)
(1.89606 -0.421566 0)
(1.90249 -0.422593 0)
(1.90872 -0.423699 0)
(1.91443 -0.424868 0)
(1.91933 -0.426472 0)
(1.92256 -0.4287 0)
(1.91952 -0.43251 0)
(1.91178 -0.436347 0)
(1.91357 -0.438864 0)
(1.91935 -0.439493 0)
(1.92575 -0.437842 0)
(1.93322 -0.435611 0)
(1.93958 -0.434726 0)
(1.94585 -0.434866 0)
(1.95178 -0.435146 0)
(1.9572 -0.43563 0)
(1.96227 -0.436812 0)
(1.96665 -0.438838 0)
(1.96902 -0.44112 0)
(1.96868 -0.443098 0)
(1.97076 -0.444177 0)
(1.97565 -0.444335 0)
(1.98088 -0.444209 0)
(1.98603 -0.443921 0)
(1.99078 -0.443717 0)
(1.99478 -0.443855 0)
(1.99715 -0.444308 0)
(1.9976 -0.444578 0)
(1.99965 -0.444732 0)
(2.00427 -0.445219 0)
(2.0096 -0.446069 0)
(2.01494 -0.44726 0)
(2.01942 -0.448872 0)
(2.02066 -0.451145 0)
(2.0171 -0.452491 0)
(2.01771 -0.452116 0)
(2.02264 -0.451635 0)
(2.02801 -0.451349 0)
(2.03351 -0.450934 0)
(2.03878 -0.450554 0)
(2.04383 -0.450432 0)
(2.04884 -0.45056 0)
(2.05375 -0.4508 0)
(2.05811 -0.451304 0)
(2.06106 -0.452237 0)
(2.0609 -0.4525 0)
(2.06016 -0.451616 0)
(2.06345 -0.450922 0)
(2.06804 -0.450985 0)
(2.07291 -0.451283 0)
(2.07811 -0.451452 0)
(2.08344 -0.451596 0)
(2.08856 -0.451823 0)
(2.09282 -0.452493 0)
(2.09596 -0.454641 0)
(2.0976 -0.456 0)
(2.09629 -0.454399 0)
(2.0946 -0.451908 0)
(2.09582 -0.451228 0)
(2.09856 -0.451535 0)
(2.10145 -0.452333 0)
(2.1057 -0.454215 0)
(2.1112 -0.456238 0)
(2.11627 -0.457952 0)
(2.12069 -0.459575 0)
(2.12327 -0.460625 0)
(2.12397 -0.460004 0)
(2.1268 -0.458376 0)
(2.13106 -0.457307 0)
(2.13519 -0.456387 0)
(2.13726 -0.455309 0)
(2.13536 -0.454622 0)
(2.13729 -0.455814 0)
(2.14315 -0.457448 0)
(2.14875 -0.458935 0)
(2.15437 -0.460682 0)
(2.15981 -0.461769 0)
(2.16494 -0.460933 0)
(2.16839 -0.458233 0)
(2.17053 -0.456096 0)
(2.17285 -0.455983 0)
(2.17485 -0.457152 0)
(2.17541 -0.458078 0)
(2.17589 -0.458914 0)
(2.17904 -0.460292 0)
(2.18289 -0.461693 0)
(2.18617 -0.463108 0)
(2.18716 -0.46307 0)
(2.18543 -0.460706 0)
(2.18724 -0.4588 0)
(2.19151 -0.457675 0)
(2.19565 -0.456016 0)
(2.19929 -0.455765 0)
(2.20311 -0.45636 0)
(2.20696 -0.455681 0)
(2.20928 -0.454162 0)
(2.20992 -0.453854 0)
(2.2092 -0.452601 0)
(2.20852 -0.449341 0)
(2.21149 -0.448244 0)
(2.21406 -0.447391 0)
(2.21708 -0.445755 0)
(2.22077 -0.443949 0)
(2.22614 -0.441605 0)
(2.22982 -0.438045 0)
(2.23226 -0.43545 0)
(2.23441 -0.433789 0)
(2.23507 -0.431176 0)
(2.23226 -0.426726 0)
(2.23138 -0.424634 0)
(2.23186 -0.424154 0)
(2.23268 -0.421879 0)
(2.23423 -0.417949 0)
(2.2356 -0.412053 0)
(2.23647 -0.405969 0)
(2.23668 -0.399349 0)
(2.23751 -0.38774 0)
(2.23037 -0.372247 0)
(2.22318 -0.355969 0)
(2.21684 -0.340984 0)
(2.20728 -0.334604 0)
(2.1943 -0.31716 0)
(2.17332 -0.277718 0)
(2.16696 -0.243208 0)
(2.15887 -0.240096 0)
(2.14833 -0.223813 0)
(2.13725 -0.175911 0)
(2.13896 -0.14587 0)
(2.13537 -0.142343 0)
(2.12878 -0.131432 0)
(2.12211 -0.119751 0)
(2.1176 -0.105695 0)
(2.11628 -0.0983586 0)
(2.10795 -0.0911756 0)
(2.10213 -0.0842063 0)
(2.09783 -0.0678668 0)
(2.09538 -0.0633382 0)
(2.09279 -0.0625667 0)
(2.09744 -0.0619966 0)
(2.1035 -0.0621194 0)
(2.10458 -0.0627504 0)
(2.10518 -0.0631384 0)
(2.10677 -0.063495 0)
(2.10825 -0.0638156 0)
(2.10696 -0.0632406 0)
(2.10236 -0.0621173 0)
(2.10367 -0.0618077 0)
(2.10619 -0.0614882 0)
(2.10836 -0.0602032 0)
(2.11135 -0.0588946 0)
(2.11526 -0.0576964 0)
(2.11711 -0.056836 0)
(2.11743 -0.0563056 0)
(2.11753 -0.0558147 0)
(2.11731 -0.0549562 0)
(2.11456 -0.0528983 0)
(2.11025 -0.0499548 0)
(2.1105 -0.0478383 0)
(2.11191 -0.0463033 0)
(2.11358 -0.0444082 0)
(2.11691 -0.0416584 0)
(2.12137 -0.0379685 0)
(2.12335 -0.0359812 0)
(2.12406 -0.0349819 0)
(2.1244 -0.0343508 0)
(2.12373 -0.034013 0)
(2.12127 -0.0326192 0)
(2.11988 -0.0303088 0)
(2.12154 -0.0293973 0)
(2.12279 -0.0273303 0)
(2.12532 -0.0235701 0)
(2.12844 -0.0197846 0)
(2.13004 -0.0168317 0)
(2.13078 -0.0152349 0)
(2.13124 -0.0140953 0)
(2.13122 -0.0131044 0)
(2.12985 -0.0121995 0)
(2.1261 -0.0110798 0)
(2.12348 -0.00904905 0)
(2.12371 -0.00690806 0)
(2.12471 -0.00492596 0)
(2.12616 -0.00320392 0)
(2.1295 -0.000384438 0)
(2.13485 0.00489703 0)
(2.13851 0.00856428 0)
(2.13933 0.00937525 0)
(2.14008 0.0104006 0)
(2.1398 0.0111657 0)
(2.13834 0.0120344 0)
(2.13814 0.0131545 0)
(2.13911 0.0142967 0)
(2.14055 0.0162839 0)
(2.1424 0.0191793 0)
(2.14431 0.0225297 0)
(2.14571 0.0254661 0)
(2.14666 0.0271383 0)
(2.1473 0.0280639 0)
(2.14697 0.0287707 0)
(2.14404 0.0291597 0)
(2.13901 0.029735 0)
(2.13752 0.0307507 0)
(2.13815 0.0314422 0)
(2.13914 0.0324321 0)
(2.14194 0.0344652 0)
(2.14486 0.0368931 0)
(2.1458 0.0379256 0)
(2.1462 0.0382396 0)
(2.14667 0.0387002 0)
(2.14663 0.0393036 0)
(2.14498 0.0404547 0)
(2.14309 0.0423487 0)
(2.1431 0.044051 0)
(2.14344 0.0455655 0)
(2.14387 0.0470776 0)
(2.14498 0.0490366 0)
(2.14751 0.052164 0)
(2.15048 0.0552609 0)
(2.15056 0.0567325 0)
(2.14998 0.0575089 0)
(2.14842 0.05877 0)
(2.14643 0.060387 0)
(2.14592 0.061135 0)
(2.14611 0.0614876 0)
(2.14691 0.0624882 0)
(2.14741 0.0635966 0)
(2.14802 0.0649091 0)
(2.14822 0.0664494 0)
(2.14702 0.0680657 0)
(2.14464 0.0693959 0)
(2.1438 0.0697469 0)
(2.14365 0.0699755 0)
(2.14384 0.0707825 0)
(2.14501 0.0724616 0)
(2.14507 0.0739837 0)
(2.14393 0.0741027 0)
(2.1427 0.0740324 0)
(2.13966 0.07378 0)
(1.21927 0.550535 0)
(1.22823 0.550043 0)
(1.23536 0.550052 0)
(1.24033 0.548956 0)
(1.24484 0.547234 0)
(1.25258 0.546826 0)
(1.26199 0.546283 0)
(1.27172 0.545393 0)
(1.28047 0.544948 0)
(1.288 0.54426 0)
(1.29352 0.542243 0)
(1.2991 0.539468 0)
(1.30763 0.537952 0)
(1.31745 0.53666 0)
(1.32741 0.535126 0)
(1.33685 0.533376 0)
(1.34558 0.531096 0)
(1.35319 0.528428 0)
(1.35949 0.525562 0)
(1.36566 0.522791 0)
(1.37363 0.520521 0)
(1.38329 0.518331 0)
(1.39394 0.515428 0)
(1.40462 0.511946 0)
(1.41417 0.508841 0)
(1.42183 0.506111 0)
(1.42677 0.502877 0)
(1.43263 0.499455 0)
(1.44244 0.497101 0)
(1.45385 0.494138 0)
(1.46568 0.490252 0)
(1.47648 0.486861 0)
(1.48579 0.484063 0)
(1.49207 0.480613 0)
(1.49553 0.475609 0)
(1.50302 0.471277 0)
(1.51323 0.467842 0)
(1.52406 0.463136 0)
(1.53493 0.457372 0)
(1.54407 0.450875 0)
(1.54874 0.443452 0)
(1.548 0.429759 0)
(1.54209 0.408083 0)
(1.54017 0.390087 0)
(1.53437 0.368439 0)
(1.5215 0.328094 0)
(1.51476 0.292217 0)
(1.50132 0.250273 0)
(1.4779 0.201165 0)
(1.46241 0.160128 0)
(1.44295 0.112353 0)
(1.42402 0.0642674 0)
(1.41568 0.0299001 0)
(1.4075 -0.00782765 0)
(1.40138 -0.0375887 0)
(1.40273 -0.0537712 0)
(1.40592 -0.0757846 0)
(1.40156 -0.098641 0)
(1.40178 -0.115852 0)
(1.40492 -0.127571 0)
(1.40995 -0.139468 0)
(1.41552 -0.149294 0)
(1.42019 -0.153707 0)
(1.42646 -0.156788 0)
(1.43341 -0.160726 0)
(1.44112 -0.166219 0)
(1.44912 -0.172436 0)
(1.45667 -0.178688 0)
(1.46394 -0.183032 0)
(1.4698 -0.184861 0)
(1.47432 -0.185579 0)
(1.48173 -0.186722 0)
(1.49076 -0.18803 0)
(1.50012 -0.189942 0)
(1.50927 -0.192696 0)
(1.51799 -0.195884 0)
(1.52619 -0.199397 0)
(1.53313 -0.20351 0)
(1.5367 -0.207988 0)
(1.53858 -0.212487 0)
(1.54532 -0.2165 0)
(1.55386 -0.220012 0)
(1.56256 -0.22422 0)
(1.57105 -0.229275 0)
(1.57879 -0.234643 0)
(1.5852 -0.240112 0)
(1.58851 -0.246029 0)
(1.58829 -0.25223 0)
(1.59264 -0.2568 0)
(1.6003 -0.259646 0)
(1.60852 -0.262976 0)
(1.61673 -0.266758 0)
(1.62434 -0.270392 0)
(1.63131 -0.274108 0)
(1.63674 -0.27822 0)
(1.63855 -0.283136 0)
(1.64041 -0.287832 0)
(1.64687 -0.290779 0)
(1.65417 -0.293071 0)
(1.66151 -0.295449 0)
(1.66868 -0.297918 0)
(1.6754 -0.300584 0)
(1.6808 -0.303467 0)
(1.68341 -0.306371 0)
(1.68535 -0.308969 0)
(1.69129 -0.31093 0)
(1.6986 -0.312616 0)
(1.70614 -0.314459 0)
(1.7136 -0.316521 0)
(1.72081 -0.318606 0)
(1.72737 -0.320832 0)
(1.73187 -0.323643 0)
(1.7316 -0.327546 0)
(1.73055 -0.331838 0)
(1.73554 -0.334174 0)
(1.74216 -0.335471 0)
(1.74905 -0.336846 0)
(1.75598 -0.338352 0)
(1.76279 -0.339962 0)
(1.76921 -0.341706 0)
(1.77444 -0.343793 0)
(1.77646 -0.346683 0)
(1.77499 -0.350567 0)
(1.77738 -0.353808 0)
(1.78357 -0.355352 0)
(1.79033 -0.35658 0)
(1.79722 -0.357892 0)
(1.80399 -0.359275 0)
(1.8104 -0.360744 0)
(1.81594 -0.362346 0)
(1.81911 -0.364157 0)
(1.81904 -0.36603 0)
(1.8218 -0.367325 0)
(1.82791 -0.368174 0)
(1.83453 -0.369063 0)
(1.84133 -0.369938 0)
(1.84805 -0.370762 0)
(1.85456 -0.371572 0)
(1.86061 -0.37251 0)
(1.8655 -0.373861 0)
(1.86677 -0.375856 0)
(1.86237 -0.378899 0)
(1.8642 -0.381779 0)
(1.87054 -0.382732 0)
(1.87696 -0.383226 0)
(1.8836 -0.383871 0)
(1.89018 -0.384692 0)
(1.89658 -0.385533 0)
(1.90265 -0.386391 0)
(1.90817 -0.387419 0)
(1.91287 -0.388827 0)
(1.91432 -0.391031 0)
(1.90819 -0.394268 0)
(1.90413 -0.397272 0)
(1.90925 -0.398657 0)
(1.9149 -0.398146 0)
(1.92222 -0.396643 0)
(1.93049 -0.394856 0)
(1.93707 -0.394107 0)
(1.94342 -0.394193 0)
(1.94917 -0.394258 0)
(1.95392 -0.394573 0)
(1.95572 -0.395249 0)
(1.95216 -0.396897 0)
(1.95345 -0.399572 0)
(1.95976 -0.401526 0)
(1.9659 -0.402844 0)
(1.972 -0.403312 0)
(1.97785 -0.403159 0)
(1.98331 -0.403167 0)
(1.98807 -0.403371 0)
(1.99135 -0.403871 0)
(1.99112 -0.404683 0)
(1.99002 -0.405996 0)
(1.99433 -0.407053 0)
(1.99971 -0.40748 0)
(2.00513 -0.407596 0)
(2.01002 -0.407594 0)
(2.01281 -0.407818 0)
(2.01012 -0.408696 0)
(2.00867 -0.410343 0)
(2.0141 -0.411472 0)
(2.01938 -0.411711 0)
(2.02504 -0.411172 0)
(2.0308 -0.4102 0)
(2.03632 -0.409128 0)
(2.04156 -0.408139 0)
(2.04634 -0.407425 0)
(2.05004 -0.40717 0)
(2.05064 -0.407704 0)
(2.04795 -0.4092 0)
(2.05172 -0.411107 0)
(2.0575 -0.412444 0)
(2.06291 -0.413221 0)
(2.06834 -0.412757 0)
(2.07342 -0.411772 0)
(2.07812 -0.410843 0)
(2.0822 -0.410044 0)
(2.08517 -0.409721 0)
(2.08571 -0.410298 0)
(2.08207 -0.41172 0)
(2.08187 -0.412935 0)
(2.08732 -0.414289 0)
(2.09283 -0.416086 0)
(2.09836 -0.417774 0)
(2.10376 -0.418538 0)
(2.10891 -0.418248 0)
(2.11265 -0.416876 0)
(2.11306 -0.414983 0)
(2.10908 -0.414142 0)
(2.10968 -0.415472 0)
(2.11509 -0.41714 0)
(2.12046 -0.418621 0)
(2.12601 -0.420331 0)
(2.13109 -0.421437 0)
(2.13631 -0.422311 0)
(2.14139 -0.422837 0)
(2.14575 -0.422611 0)
(2.14857 -0.420959 0)
(2.14846 -0.418175 0)
(2.14472 -0.416259 0)
(2.14445 -0.416327 0)
(2.14923 -0.417178 0)
(2.15464 -0.418198 0)
(2.16034 -0.419458 0)
(2.16629 -0.420867 0)
(2.17183 -0.421991 0)
(2.17726 -0.422984 0)
(2.1819 -0.423432 0)
(2.18442 -0.422699 0)
(2.18317 -0.420862 0)
(2.17743 -0.420015 0)
(2.17407 -0.421849 0)
(2.17836 -0.424396 0)
(2.1838 -0.426207 0)
(2.18904 -0.427344 0)
(2.19421 -0.42754 0)
(2.19936 -0.426857 0)
(2.20434 -0.426477 0)
(2.20891 -0.426585 0)
(2.21328 -0.426578 0)
(2.21625 -0.42566 0)
(2.21522 -0.424342 0)
(2.21319 -0.424999 0)
(2.21434 -0.425826 0)
(2.2173 -0.425208 0)
(2.22227 -0.424683 0)
(2.22685 -0.42395 0)
(2.23099 -0.4219 0)
(2.23497 -0.419595 0)
(2.23902 -0.417805 0)
(2.24249 -0.416973 0)
(2.2454 -0.416321 0)
(2.24658 -0.415676 0)
(2.24523 -0.414196 0)
(2.24128 -0.411932 0)
(2.23836 -0.409073 0)
(2.23942 -0.40689 0)
(2.24075 -0.405658 0)
(2.24305 -0.403958 0)
(2.2446 -0.403275 0)
(2.24818 -0.402756 0)
(2.25186 -0.401812 0)
(2.25504 -0.398562 0)
(2.25611 -0.39555 0)
(2.25731 -0.392857 0)
(2.25842 -0.38997 0)
(2.2559 -0.384868 0)
(2.25476 -0.379269 0)
(2.25375 -0.375247 0)
(2.24929 -0.363474 0)
(2.24563 -0.348258 0)
(2.24069 -0.341848 0)
(2.23484 -0.329154 0)
(2.2234 -0.292527 0)
(2.21882 -0.264026 0)
(2.21312 -0.262037 0)
(2.20125 -0.246273 0)
(2.18188 -0.204814 0)
(2.17528 -0.184906 0)
(2.17107 -0.18425 0)
(2.15602 -0.162988 0)
(2.14388 -0.127687 0)
(2.14068 -0.110131 0)
(2.13403 -0.110225 0)
(2.13378 -0.103428 0)
(2.13227 -0.0883617 0)
(2.1315 -0.0778474 0)
(2.12846 -0.0695341 0)
(2.12725 -0.0685412 0)
(2.1269 -0.0666195 0)
(2.12567 -0.0585741 0)
(2.12008 -0.0534652 0)
(2.11808 -0.0538787 0)
(2.11721 -0.0541706 0)
(2.11664 -0.0521322 0)
(2.11872 -0.0476616 0)
(2.1223 -0.0443384 0)
(2.12343 -0.0438773 0)
(2.12636 -0.0427688 0)
(2.13005 -0.0405083 0)
(2.13099 -0.0386798 0)
(2.12688 -0.035548 0)
(2.12346 -0.0318781 0)
(2.12521 -0.0306018 0)
(2.12672 -0.0292238 0)
(2.1286 -0.0269512 0)
(2.13196 -0.0233087 0)
(2.13501 -0.0201901 0)
(2.13613 -0.0196807 0)
(2.13756 -0.0190892 0)
(2.13777 -0.0182857 0)
(2.13534 -0.0174256 0)
(2.13126 -0.0155229 0)
(2.13137 -0.013866 0)
(2.133 -0.0125533 0)
(2.13427 -0.009367 0)
(2.13726 -0.00509231 0)
(2.14007 -0.00120676 0)
(2.14123 0.00124064 0)
(2.14146 0.00261572 0)
(2.1407 0.00347625 0)
(2.13859 0.00362313 0)
(2.13528 0.00309843 0)
(2.13304 0.00315221 0)
(2.13329 0.00405485 0)
(2.13427 0.00534683 0)
(2.13568 0.00749545 0)
(2.13808 0.00981339 0)
(2.14245 0.0129481 0)
(2.14645 0.0162999 0)
(2.14769 0.0177339 0)
(2.14814 0.0183918 0)
(2.14802 0.019531 0)
(2.14655 0.0206189 0)
(2.14597 0.0219577 0)
(2.14737 0.0234612 0)
(2.14883 0.0250915 0)
(2.15028 0.0270409 0)
(2.15222 0.0291188 0)
(2.15347 0.0308508 0)
(2.15426 0.0320008 0)
(2.15487 0.0331674 0)
(2.15464 0.0347603 0)
(2.15156 0.0373867 0)
(2.14644 0.0413136 0)
(2.14575 0.0441958 0)
(2.14691 0.0455886 0)
(2.14824 0.0469283 0)
(2.15114 0.0488264 0)
(2.15578 0.0514821 0)
(2.15905 0.0533141 0)
(2.15979 0.0538727 0)
(2.16014 0.0541286 0)
(2.16006 0.0543505 0)
(2.15852 0.0545892 0)
(2.15448 0.0551095 0)
(2.15181 0.0562499 0)
(2.15176 0.0573293 0)
(2.15205 0.0584127 0)
(2.15307 0.0600671 0)
(2.15593 0.0628837 0)
(2.16052 0.0665008 0)
(2.16191 0.0686318 0)
(2.16171 0.0694233 0)
(2.16107 0.0701228 0)
(2.15906 0.0712093 0)
(2.15581 0.0725208 0)
(2.15482 0.073226 0)
(2.15537 0.0734174 0)
(2.15613 0.0736514 0)
(2.15746 0.0739943 0)
(2.15839 0.0745259 0)
(2.15912 0.0757038 0)
(2.15882 0.0777803 0)
(2.15639 0.0803023 0)
(2.15397 0.081839 0)
(2.15293 0.0822237 0)
(2.15162 0.0834023 0)
(2.15177 0.0842694 0)
(2.15318 0.0839158 0)
(2.15206 0.0823367 0)
(2.15036 0.0814617 0)
(2.146 0.0807334 0)
(1.22643 0.551781 0)
(1.2335 0.55205 0)
(1.23893 0.551475 0)
(1.24273 0.549771 0)
(1.24885 0.54894 0)
(1.25709 0.548791 0)
(1.26621 0.548077 0)
(1.27483 0.547348 0)
(1.28245 0.546753 0)
(1.28845 0.545463 0)
(1.29284 0.543113 0)
(1.29957 0.541527 0)
(1.3086 0.540699 0)
(1.31867 0.539082 0)
(1.32804 0.537562 0)
(1.33604 0.536589 0)
(1.3425 0.534572 0)
(1.34828 0.531004 0)
(1.35562 0.52776 0)
(1.36395 0.525692 0)
(1.37238 0.524246 0)
(1.38079 0.522474 0)
(1.38955 0.519945 0)
(1.39872 0.516965 0)
(1.4078 0.513963 0)
(1.41609 0.51123 0)
(1.42294 0.508721 0)
(1.42908 0.506052 0)
(1.43712 0.503439 0)
(1.44685 0.500744 0)
(1.45714 0.497147 0)
(1.46669 0.493068 0)
(1.47459 0.48903 0)
(1.47913 0.483806 0)
(1.48188 0.475217 0)
(1.48326 0.463428 0)
(1.48484 0.450092 0)
(1.48389 0.433053 0)
(1.47908 0.405259 0)
(1.4649 0.365354 0)
(1.44992 0.326758 0)
(1.43125 0.287668 0)
(1.40516 0.237901 0)
(1.38708 0.192427 0)
(1.37283 0.149051 0)
(1.36665 0.109401 0)
(1.36497 0.0725066 0)
(1.35547 0.0390272 0)
(1.34915 0.0153773 0)
(1.34403 -0.00567069 0)
(1.33955 -0.028443 0)
(1.34071 -0.041433 0)
(1.34769 -0.0488887 0)
(1.35856 -0.0599229 0)
(1.36463 -0.0691178 0)
(1.36826 -0.0748359 0)
(1.37058 -0.0813814 0)
(1.37161 -0.0888979 0)
(1.37612 -0.0952872 0)
(1.38438 -0.10105 0)
(1.39452 -0.107445 0)
(1.40363 -0.112185 0)
(1.41255 -0.117077 0)
(1.41995 -0.123387 0)
(1.42479 -0.130759 0)
(1.43072 -0.13739 0)
(1.43923 -0.142711 0)
(1.44805 -0.147488 0)
(1.45661 -0.151209 0)
(1.46486 -0.15392 0)
(1.47205 -0.156545 0)
(1.47712 -0.159745 0)
(1.48211 -0.163781 0)
(1.48963 -0.167174 0)
(1.4977 -0.170113 0)
(1.50568 -0.173367 0)
(1.51324 -0.177159 0)
(1.51982 -0.181124 0)
(1.52409 -0.185305 0)
(1.5261 -0.190048 0)
(1.5322 -0.194134 0)
(1.54029 -0.19765 0)
(1.54857 -0.201923 0)
(1.55633 -0.206034 0)
(1.56347 -0.209976 0)
(1.56931 -0.214031 0)
(1.57228 -0.2184 0)
(1.57507 -0.222653 0)
(1.58235 -0.225622 0)
(1.59049 -0.22832 0)
(1.5988 -0.231471 0)
(1.60694 -0.23481 0)
(1.61467 -0.238209 0)
(1.62142 -0.241961 0)
(1.62578 -0.246094 0)
(1.62751 -0.249949 0)
(1.63196 -0.25327 0)
(1.63949 -0.255883 0)
(1.6473 -0.258418 0)
(1.65497 -0.261246 0)
(1.66228 -0.263964 0)
(1.66896 -0.266345 0)
(1.67382 -0.268894 0)
(1.67578 -0.272056 0)
(1.67902 -0.275024 0)
(1.68593 -0.277406 0)
(1.69353 -0.279541 0)
(1.70109 -0.281857 0)
(1.70841 -0.28439 0)
(1.71521 -0.286931 0)
(1.72056 -0.289462 0)
(1.7219 -0.292567 0)
(1.72067 -0.296237 0)
(1.72503 -0.298446 0)
(1.7319 -0.299754 0)
(1.73914 -0.301275 0)
(1.74643 -0.30301 0)
(1.75356 -0.30501 0)
(1.76028 -0.307295 0)
(1.76592 -0.309703 0)
(1.76861 -0.31211 0)
(1.76752 -0.314942 0)
(1.77009 -0.317756 0)
(1.77654 -0.319327 0)
(1.78351 -0.320587 0)
(1.79067 -0.321797 0)
(1.79768 -0.322921 0)
(1.80429 -0.324035 0)
(1.81013 -0.32529 0)
(1.81429 -0.32685 0)
(1.81518 -0.328678 0)
(1.81602 -0.330392 0)
(1.82126 -0.331552 0)
(1.82775 -0.332555 0)
(1.8345 -0.333614 0)
(1.84127 -0.334682 0)
(1.84788 -0.335814 0)
(1.85411 -0.337205 0)
(1.85968 -0.339116 0)
(1.86265 -0.341797 0)
(1.85961 -0.344966 0)
(1.85854 -0.346801 0)
(1.86414 -0.347038 0)
(1.87046 -0.347376 0)
(1.87713 -0.347846 0)
(1.8837 -0.348312 0)
(1.89002 -0.348804 0)
(1.89596 -0.349447 0)
(1.90142 -0.350526 0)
(1.90567 -0.352123 0)
(1.90501 -0.354778 0)
(1.89936 -0.358132 0)
(1.90128 -0.360708 0)
(1.90724 -0.361246 0)
(1.91369 -0.360165 0)
(1.92152 -0.358576 0)
(1.92859 -0.357594 0)
(1.93528 -0.357642 0)
(1.94171 -0.357983 0)
(1.94775 -0.358506 0)
(1.95336 -0.359703 0)
(1.95763 -0.362308 0)
(1.95772 -0.365177 0)
(1.95414 -0.366164 0)
(1.95683 -0.365629 0)
(1.9623 -0.365147 0)
(1.96802 -0.364916 0)
(1.97388 -0.364896 0)
(1.97948 -0.365056 0)
(1.98459 -0.365579 0)
(1.98909 -0.366694 0)
(1.9912 -0.368433 0)
(1.98937 -0.369994 0)
(1.98993 -0.37065 0)
(1.99485 -0.371074 0)
(2.00049 -0.371781 0)
(2.00634 -0.37272 0)
(2.01185 -0.373839 0)
(2.01588 -0.375108 0)
(2.01565 -0.375442 0)
(2.01349 -0.373577 0)
(2.0168 -0.372441 0)
(2.02191 -0.372282 0)
(2.02743 -0.372207 0)
(2.03305 -0.372037 0)
(2.03872 -0.371951 0)
(2.04435 -0.372108 0)
(2.04974 -0.372534 0)
(2.05431 -0.373467 0)
(2.05788 -0.375066 0)
(2.0593 -0.374786 0)
(2.05726 -0.372363 0)
(2.05666 -0.370612 0)
(2.06018 -0.37044 0)
(2.06506 -0.370979 0)
(2.07055 -0.371862 0)
(2.0764 -0.372854 0)
(2.08213 -0.373806 0)
(2.08702 -0.375103 0)
(2.09107 -0.377152 0)
(2.09299 -0.377351 0)
(2.0897 -0.374534 0)
(2.08511 -0.372021 0)
(2.08677 -0.371841 0)
(2.0916 -0.37258 0)
(2.0973 -0.373626 0)
(2.1031 -0.374775 0)
(2.10908 -0.376153 0)
(2.11405 -0.377379 0)
(2.11876 -0.378073 0)
(2.12156 -0.376514 0)
(2.11948 -0.373277 0)
(2.1165 -0.371106 0)
(2.11877 -0.370746 0)
(2.12336 -0.371061 0)
(2.12869 -0.371742 0)
(2.13403 -0.372567 0)
(2.13985 -0.373303 0)
(2.14568 -0.373793 0)
(2.15056 -0.374333 0)
(2.1546 -0.375028 0)
(2.15693 -0.375423 0)
(2.15441 -0.373564 0)
(2.1505 -0.371501 0)
(2.15149 -0.371123 0)
(2.1546 -0.371572 0)
(2.15812 -0.372468 0)
(2.16311 -0.373731 0)
(2.16912 -0.374989 0)
(2.17494 -0.376551 0)
(2.17981 -0.378723 0)
(2.18379 -0.381668 0)
(2.18703 -0.382474 0)
(2.18837 -0.380794 0)
(2.18782 -0.378233 0)
(2.18694 -0.376374 0)
(2.187 -0.375656 0)
(2.18848 -0.37585 0)
(2.19218 -0.377024 0)
(2.19736 -0.378803 0)
(2.20293 -0.380982 0)
(2.20884 -0.383275 0)
(2.21395 -0.384607 0)
(2.21831 -0.384906 0)
(2.22215 -0.383547 0)
(2.22476 -0.381527 0)
(2.22368 -0.379536 0)
(2.22039 -0.378767 0)
(2.22221 -0.379258 0)
(2.22657 -0.380006 0)
(2.2316 -0.38114 0)
(2.237 -0.382251 0)
(2.24236 -0.382794 0)
(2.24668 -0.382646 0)
(2.24956 -0.382358 0)
(2.25112 -0.382299 0)
(2.24786 -0.380282 0)
(2.24381 -0.376831 0)
(2.24718 -0.374944 0)
(2.25025 -0.374037 0)
(2.25382 -0.374097 0)
(2.25736 -0.374844 0)
(2.26039 -0.375206 0)
(2.2632 -0.374955 0)
(2.26588 -0.374371 0)
(2.26766 -0.372768 0)
(2.26715 -0.368234 0)
(2.26738 -0.363816 0)
(2.26838 -0.363008 0)
(2.2695 -0.36239 0)
(2.27131 -0.362618 0)
(2.27404 -0.363045 0)
(2.27561 -0.362151 0)
(2.27746 -0.359867 0)
(2.28076 -0.355438 0)
(2.28195 -0.347964 0)
(2.27675 -0.33922 0)
(2.27373 -0.329323 0)
(2.26763 -0.319807 0)
(2.25546 -0.300897 0)
(2.24687 -0.288442 0)
(2.23937 -0.282165 0)
(2.22324 -0.249662 0)
(2.21573 -0.210109 0)
(2.21088 -0.201921 0)
(2.20588 -0.190286 0)
(2.18526 -0.145149 0)
(2.17908 -0.108233 0)
(2.1735 -0.102691 0)
(2.16637 -0.0943215 0)
(2.15389 -0.0791421 0)
(2.14686 -0.0554872 0)
(2.14554 -0.0410174 0)
(2.13609 -0.0431451 0)
(2.1301 -0.0402611 0)
(2.12843 -0.0293076 0)
(2.13116 -0.0195936 0)
(2.13264 -0.0144839 0)
(2.13243 -0.0147284 0)
(2.13311 -0.0154885 0)
(2.1356 -0.0147984 0)
(2.13742 -0.0119353 0)
(2.13598 -0.0101997 0)
(2.13381 -0.00948551 0)
(2.13478 -0.00923056 0)
(2.13523 -0.00904758 0)
(2.13549 -0.0079029 0)
(2.13708 -0.00543474 0)
(2.13898 -0.00354077 0)
(2.13975 -0.00344143 0)
(2.14072 -0.00369268 0)
(2.14064 -0.0043347 0)
(2.13786 -0.00529581 0)
(2.13505 -0.00550268 0)
(2.13648 -0.00433998 0)
(2.13952 -0.00328151 0)
(2.14254 -0.00170868 0)
(2.14547 0.000397465 0)
(2.14787 0.00245623 0)
(2.14888 0.00459874 0)
(2.14869 0.00678423 0)
(2.14744 0.00964794 0)
(2.14475 0.0143319 0)
(2.14337 0.018142 0)
(2.14413 0.0191687 0)
(2.14531 0.0199062 0)
(2.14777 0.0212376 0)
(2.15204 0.0235832 0)
(2.15631 0.0274101 0)
(2.1588 0.0310123 0)
(2.15942 0.032469 0)
(2.15945 0.0327771 0)
(2.15915 0.0330957 0)
(2.1576 0.0345605 0)
(2.15565 0.0366941 0)
(2.15679 0.0374213 0)
(2.15832 0.0383377 0)
(2.16069 0.0403005 0)
(2.16374 0.0424632 0)
(2.16614 0.0445276 0)
(2.16672 0.0455666 0)
(2.16715 0.0461605 0)
(2.16714 0.0466422 0)
(2.16552 0.0473324 0)
(2.15983 0.0488102 0)
(2.15408 0.0510634 0)
(2.15427 0.0523731 0)
(2.15554 0.0530383 0)
(2.15692 0.0537915 0)
(2.15909 0.0547338 0)
(2.16305 0.0565371 0)
(2.1664 0.0590551 0)
(2.1672 0.0605961 0)
(2.16706 0.0613546 0)
(2.16637 0.0621111 0)
(2.16425 0.062872 0)
(2.16008 0.0640998 0)
(2.15787 0.0660099 0)
(2.15804 0.0676526 0)
(2.15876 0.0695749 0)
(2.16108 0.0726086 0)
(2.1659 0.0769411 0)
(2.17078 0.080942 0)
(2.17189 0.0826807 0)
(2.17197 0.0837505 0)
(2.17158 0.0849968 0)
(2.16954 0.0863891 0)
(2.16508 0.0879125 0)
(2.16323 0.0885368 0)
(2.16401 0.0885355 0)
(2.16458 0.0882162 0)
(2.16547 0.0877023 0)
(2.16742 0.0881051 0)
(2.16792 0.0893994 0)
(2.16581 0.0897399 0)
(2.16366 0.0901713 0)
(2.16138 0.0906547 0)
(2.15803 0.0904858 0)
(2.15511 0.0899668 0)
(2.15346 0.0881797 0)
(2.1533 0.0871268 0)
(2.15304 0.0860751 0)
(2.1517 0.0852279 0)
(2.14714 0.0834403 0)
(1.23272 0.554212 0)
(1.23824 0.554473 0)
(1.24128 0.553217 0)
(1.24583 0.552004 0)
(1.25333 0.55194 0)
(1.26225 0.551222 0)
(1.27063 0.550656 0)
(1.2778 0.550445 0)
(1.2836 0.549257 0)
(1.28815 0.546821 0)
(1.29432 0.544916 0)
(1.30232 0.544144 0)
(1.311 0.543305 0)
(1.31994 0.541924 0)
(1.32835 0.540173 0)
(1.33558 0.538506 0)
(1.34091 0.536392 0)
(1.34587 0.53371 0)
(1.35384 0.531804 0)
(1.36328 0.529791 0)
(1.37258 0.527849 0)
(1.38112 0.526574 0)
(1.38832 0.525195 0)
(1.39477 0.522396 0)
(1.40262 0.518917 0)
(1.41046 0.515765 0)
(1.41801 0.512556 0)
(1.42438 0.509365 0)
(1.42916 0.504378 0)
(1.43322 0.496277 0)
(1.43443 0.483772 0)
(1.43341 0.467709 0)
(1.42455 0.44138 0)
(1.40979 0.405323 0)
(1.3934 0.368661 0)
(1.37167 0.326625 0)
(1.34931 0.278959 0)
(1.32689 0.228923 0)
(1.31177 0.184601 0)
(1.30044 0.14055 0)
(1.28438 0.0992064 0)
(1.27159 0.0684276 0)
(1.26652 0.0432206 0)
(1.26704 0.0193297 0)
(1.26962 -0.000433917 0)
(1.27461 -0.0147857 0)
(1.28236 -0.0284834 0)
(1.28855 -0.0423602 0)
(1.29225 -0.0518672 0)
(1.29508 -0.0592439 0)
(1.30012 -0.0644621 0)
(1.30773 -0.067216 0)
(1.31817 -0.0713079 0)
(1.32965 -0.0765463 0)
(1.33765 -0.0793793 0)
(1.3442 -0.0816193 0)
(1.34789 -0.084427 0)
(1.35233 -0.087612 0)
(1.36017 -0.0893554 0)
(1.36949 -0.0910907 0)
(1.38092 -0.0934887 0)
(1.39094 -0.095856 0)
(1.39995 -0.0984929 0)
(1.40735 -0.102179 0)
(1.41164 -0.10688 0)
(1.41755 -0.112106 0)
(1.42725 -0.116406 0)
(1.43775 -0.121213 0)
(1.44793 -0.125902 0)
(1.45723 -0.130233 0)
(1.46513 -0.134793 0)
(1.4703 -0.140061 0)
(1.47434 -0.145881 0)
(1.48176 -0.150569 0)
(1.49037 -0.154658 0)
(1.49885 -0.159094 0)
(1.50662 -0.163384 0)
(1.5134 -0.167616 0)
(1.51788 -0.172244 0)
(1.52032 -0.17727 0)
(1.52675 -0.180999 0)
(1.53475 -0.183909 0)
(1.54267 -0.18702 0)
(1.55026 -0.189987 0)
(1.55733 -0.192852 0)
(1.56298 -0.196061 0)
(1.56646 -0.199874 0)
(1.57187 -0.203114 0)
(1.57954 -0.205231 0)
(1.58756 -0.207223 0)
(1.59565 -0.209641 0)
(1.60347 -0.212309 0)
(1.61073 -0.214783 0)
(1.61658 -0.217348 0)
(1.6196 -0.221084 0)
(1.6227 -0.225029 0)
(1.62937 -0.227736 0)
(1.63699 -0.22975 0)
(1.64465 -0.231778 0)
(1.65221 -0.234222 0)
(1.65939 -0.236827 0)
(1.66585 -0.238967 0)
(1.67057 -0.241025 0)
(1.67272 -0.243871 0)
(1.67574 -0.246696 0)
(1.68208 -0.248847 0)
(1.68947 -0.250802 0)
(1.69689 -0.25298 0)
(1.70398 -0.255614 0)
(1.71024 -0.258504 0)
(1.71442 -0.261052 0)
(1.71487 -0.263337 0)
(1.71667 -0.265867 0)
(1.72318 -0.267746 0)
(1.73049 -0.269152 0)
(1.73797 -0.270559 0)
(1.74526 -0.272025 0)
(1.75216 -0.2737 0)
(1.75817 -0.275901 0)
(1.76179 -0.278796 0)
(1.76155 -0.281904 0)
(1.7638 -0.283905 0)
(1.77012 -0.284766 0)
(1.77699 -0.285728 0)
(1.78407 -0.286772 0)
(1.79114 -0.28766 0)
(1.79791 -0.288398 0)
(1.804 -0.289279 0)
(1.80859 -0.290699 0)
(1.80978 -0.292903 0)
(1.80985 -0.295354 0)
(1.81457 -0.29681 0)
(1.82111 -0.297573 0)
(1.8279 -0.298281 0)
(1.83459 -0.299039 0)
(1.84099 -0.29992 0)
(1.84682 -0.301048 0)
(1.85126 -0.302692 0)
(1.85123 -0.305206 0)
(1.84786 -0.308547 0)
(1.85177 -0.310911 0)
(1.85835 -0.311563 0)
(1.86485 -0.311864 0)
(1.8714 -0.312118 0)
(1.87781 -0.312383 0)
(1.88396 -0.312747 0)
(1.88972 -0.313388 0)
(1.89503 -0.314558 0)
(1.89833 -0.316215 0)
(1.89595 -0.318823 0)
(1.8936 -0.321641 0)
(1.89879 -0.322961 0)
(1.90471 -0.322413 0)
(1.9114 -0.320679 0)
(1.91813 -0.319885 0)
(1.92481 -0.319791 0)
(1.93139 -0.319894 0)
(1.93767 -0.319978 0)
(1.94318 -0.320173 0)
(1.94598 -0.320845 0)
(1.94246 -0.322585 0)
(1.94126 -0.32503 0)
(1.94739 -0.326961 0)
(1.95364 -0.328141 0)
(1.95991 -0.32857 0)
(1.96611 -0.328387 0)
(1.97202 -0.328357 0)
(1.97758 -0.328438 0)
(1.98235 -0.328601 0)
(1.98467 -0.329003 0)
(1.98105 -0.330213 0)
(1.97937 -0.332347 0)
(1.98486 -0.333736 0)
(1.99074 -0.33418 0)
(1.99659 -0.334113 0)
(2.00219 -0.333784 0)
(2.00715 -0.333483 0)
(2.00992 -0.333489 0)
(2.0085 -0.334387 0)
(2.01112 -0.336035 0)
(2.01686 -0.336848 0)
(2.02236 -0.337024 0)
(2.02805 -0.336499 0)
(2.0336 -0.33562 0)
(2.0389 -0.334629 0)
(2.04377 -0.333673 0)
(2.04754 -0.333038 0)
(2.04799 -0.33357 0)
(2.04441 -0.335192 0)
(2.0471 -0.336832 0)
(2.05307 -0.338167 0)
(2.05928 -0.339999 0)
(2.06507 -0.340923 0)
(2.07062 -0.340868 0)
(2.0757 -0.339822 0)
(2.07977 -0.338512 0)
(2.08226 -0.337559 0)
(2.08099 -0.337907 0)
(2.077 -0.339333 0)
(2.07981 -0.340759 0)
(2.08529 -0.341934 0)
(2.09092 -0.343828 0)
(2.09631 -0.344582 0)
(2.10139 -0.343214 0)
(2.10538 -0.340497 0)
(2.10824 -0.337959 0)
(2.10945 -0.336547 0)
(2.10735 -0.336523 0)
(2.10759 -0.337674 0)
(2.11298 -0.338927 0)
(2.11824 -0.340254 0)
(2.12402 -0.342121 0)
(2.12904 -0.34276 0)
(2.13395 -0.341691 0)
(2.13766 -0.339181 0)
(2.14019 -0.336229 0)
(2.14317 -0.334284 0)
(2.14649 -0.334003 0)
(2.14883 -0.334705 0)
(2.1479 -0.336153 0)
(2.14606 -0.337603 0)
(2.15052 -0.338812 0)
(2.15521 -0.340077 0)
(2.1597 -0.341094 0)
(2.16416 -0.341482 0)
(2.16857 -0.341441 0)
(2.173 -0.341221 0)
(2.17679 -0.340531 0)
(2.17804 -0.339284 0)
(2.17422 -0.338785 0)
(2.17039 -0.339611 0)
(2.17394 -0.340316 0)
(2.17914 -0.341207 0)
(2.18474 -0.343343 0)
(2.19036 -0.34647 0)
(2.19507 -0.347875 0)
(2.19989 -0.348413 0)
(2.20417 -0.347272 0)
(2.20732 -0.344172 0)
(2.20915 -0.340457 0)
(2.20962 -0.337717 0)
(2.20678 -0.336839 0)
(2.20345 -0.337832 0)
(2.20696 -0.33967 0)
(2.21292 -0.341108 0)
(2.21872 -0.344096 0)
(2.22371 -0.347231 0)
(2.22835 -0.348828 0)
(2.23278 -0.348791 0)
(2.23654 -0.347684 0)
(2.23898 -0.345554 0)
(2.23975 -0.343365 0)
(2.2378 -0.342842 0)
(2.23501 -0.34379 0)
(2.23611 -0.345075 0)
(2.24101 -0.346577 0)
(2.24668 -0.348241 0)
(2.25116 -0.349062 0)
(2.25506 -0.349009 0)
(2.25978 -0.349208 0)
(2.26417 -0.349126 0)
(2.26866 -0.348723 0)
(2.27289 -0.347923 0)
(2.27627 -0.346659 0)
(2.27799 -0.345068 0)
(2.27701 -0.343621 0)
(2.27215 -0.342275 0)
(2.2672 -0.341164 0)
(2.26814 -0.339895 0)
(2.27103 -0.33861 0)
(2.27529 -0.337698 0)
(2.27948 -0.337643 0)
(2.28255 -0.336805 0)
(2.28579 -0.334911 0)
(2.28872 -0.33374 0)
(2.29109 -0.333325 0)
(2.29224 -0.332754 0)
(2.29265 -0.33206 0)
(2.29106 -0.329441 0)
(2.28524 -0.324567 0)
(2.28318 -0.321388 0)
(2.28319 -0.319189 0)
(2.28348 -0.313172 0)
(2.28491 -0.307379 0)
(2.28451 -0.296784 0)
(2.28127 -0.282852 0)
(2.27836 -0.277014 0)
(2.27158 -0.258815 0)
(2.25859 -0.223845 0)
(2.2492 -0.208138 0)
(2.24146 -0.206555 0)
(2.22074 -0.180381 0)
(2.2034 -0.135205 0)
(2.19722 -0.116346 0)
(2.19063 -0.115941 0)
(2.17698 -0.0908356 0)
(2.16813 -0.054324 0)
(2.16591 -0.0414741 0)
(2.15904 -0.0387989 0)
(2.15421 -0.0289039 0)
(2.1542 -0.017391 0)
(2.15081 -0.00598873 0)
(2.1475 0.00287685 0)
(2.14484 0.00362681 0)
(2.14262 0.00585132 0)
(2.14233 0.00842927 0)
(2.14272 0.0105713 0)
(2.14418 0.0141106 0)
(2.14483 0.015708 0)
(2.14537 0.0164032 0)
(2.14674 0.0167932 0)
(2.14826 0.0169471 0)
(2.14794 0.0164059 0)
(2.1475 0.0152386 0)
(2.15125 0.0149636 0)
(2.15295 0.014528 0)
(2.15456 0.0139534 0)
(2.15604 0.0142389 0)
(2.15676 0.0157047 0)
(2.15666 0.0174476 0)
(2.15634 0.0185607 0)
(2.15573 0.0198321 0)
(2.15356 0.0221212 0)
(2.15134 0.0251407 0)
(2.15293 0.0268345 0)
(2.15506 0.0279445 0)
(2.15736 0.0295185 0)
(2.16079 0.0316983 0)
(2.16467 0.0352228 0)
(2.16619 0.0383151 0)
(2.16615 0.0394756 0)
(2.16582 0.0399259 0)
(2.16486 0.0405603 0)
(2.16222 0.0425337 0)
(2.16002 0.0447047 0)
(2.16145 0.0455405 0)
(2.16346 0.0462808 0)
(2.16603 0.0476779 0)
(2.16959 0.0496612 0)
(2.17329 0.0531706 0)
(2.17471 0.0565252 0)
(2.17481 0.0580144 0)
(2.17503 0.0591558 0)
(2.17425 0.0604799 0)
(2.17032 0.0626925 0)
(2.16611 0.0652668 0)
(2.16652 0.0667028 0)
(2.16791 0.0674987 0)
(2.16938 0.0683711 0)
(2.17137 0.0695159 0)
(2.17521 0.0720613 0)
(2.17866 0.0758399 0)
(2.17914 0.077999 0)
(2.1787 0.0789469 0)
(2.17751 0.0799155 0)
(2.17479 0.0807877 0)
(2.17094 0.0816438 0)
(2.16933 0.0824499 0)
(2.16927 0.0831061 0)
(2.16981 0.0841838 0)
(2.17161 0.0860621 0)
(2.17539 0.0889593 0)
(2.17818 0.0915093 0)
(2.17875 0.0928057 0)
(2.17927 0.094263 0)
(2.17893 0.0952776 0)
(2.17624 0.0962594 0)
(2.17009 0.0963996 0)
(2.16623 0.095301 0)
(2.16578 0.0949438 0)
(2.16543 0.094521 0)
(2.16499 0.094807 0)
(2.16644 0.0978844 0)
(2.17044 0.101962 0)
(2.17108 0.101474 0)
(2.16816 0.0994473 0)
(2.16504 0.0994283 0)
(2.16084 0.0985239 0)
(2.15667 0.0961989 0)
(2.15404 0.093425 0)
(2.15268 0.0905697 0)
(2.15186 0.0885872 0)
(2.15028 0.0867987 0)
(2.14403 0.082497 0)
(1.23902 0.555758 0)
(1.24402 0.556019 0)
(1.24605 0.555025 0)
(1.25054 0.554356 0)
(1.25796 0.554159 0)
(1.26711 0.552756 0)
(1.2753 0.551659 0)
(1.28177 0.551475 0)
(1.28601 0.550254 0)
(1.29009 0.548278 0)
(1.29752 0.547543 0)
(1.30623 0.546564 0)
(1.31455 0.545811 0)
(1.32206 0.545064 0)
(1.32885 0.543191 0)
(1.3351 0.540697 0)
(1.34138 0.53859 0)
(1.34797 0.537389 0)
(1.35529 0.536152 0)
(1.36331 0.534327 0)
(1.37147 0.531926 0)
(1.37885 0.529585 0)
(1.38436 0.526726 0)
(1.38777 0.521299 0)
(1.38832 0.510959 0)
(1.38814 0.500158 0)
(1.38261 0.481147 0)
(1.37026 0.450788 0)
(1.35222 0.41371 0)
(1.33052 0.373022 0)
(1.30494 0.325051 0)
(1.27764 0.270938 0)
(1.25859 0.223325 0)
(1.24582 0.180261 0)
(1.22913 0.139328 0)
(1.22155 0.110824 0)
(1.21581 0.0824362 0)
(1.21493 0.0609222 0)
(1.21963 0.0486024 0)
(1.22142 0.0352298 0)
(1.22179 0.0217988 0)
(1.22682 0.0155051 0)
(1.23549 0.010161 0)
(1.24437 0.00282689 0)
(1.24995 -0.00300696 0)
(1.25413 -0.00878991 0)
(1.26025 -0.0146524 0)
(1.26808 -0.0213176 0)
(1.27654 -0.0278639 0)
(1.28454 -0.0341423 0)
(1.2915 -0.0406845 0)
(1.30072 -0.046643 0)
(1.312 -0.0521817 0)
(1.32303 -0.058225 0)
(1.33238 -0.0629248 0)
(1.33991 -0.0666671 0)
(1.34436 -0.0707384 0)
(1.3491 -0.0745941 0)
(1.35729 -0.0766619 0)
(1.36659 -0.0790146 0)
(1.37683 -0.0820831 0)
(1.38523 -0.0846733 0)
(1.39244 -0.0870235 0)
(1.39757 -0.0903105 0)
(1.4013 -0.0944643 0)
(1.40823 -0.0974173 0)
(1.4168 -0.0998129 0)
(1.42648 -0.103253 0)
(1.43543 -0.106788 0)
(1.44346 -0.110137 0)
(1.45006 -0.114145 0)
(1.4545 -0.119309 0)
(1.46093 -0.12411 0)
(1.46958 -0.127546 0)
(1.47842 -0.130871 0)
(1.4871 -0.134365 0)
(1.49525 -0.138144 0)
(1.50206 -0.142519 0)
(1.5065 -0.147605 0)
(1.51103 -0.152144 0)
(1.51856 -0.155239 0)
(1.52684 -0.157895 0)
(1.535 -0.160787 0)
(1.54272 -0.163743 0)
(1.54955 -0.166481 0)
(1.55462 -0.169838 0)
(1.55912 -0.173587 0)
(1.56577 -0.176109 0)
(1.57357 -0.178106 0)
(1.5815 -0.180258 0)
(1.58923 -0.182733 0)
(1.59643 -0.185093 0)
(1.60254 -0.187125 0)
(1.60623 -0.189565 0)
(1.60913 -0.193309 0)
(1.61525 -0.196265 0)
(1.62264 -0.197864 0)
(1.63016 -0.199281 0)
(1.63753 -0.201103 0)
(1.64474 -0.203561 0)
(1.65145 -0.206036 0)
(1.65711 -0.207815 0)
(1.66064 -0.209658 0)
(1.66282 -0.212979 0)
(1.66781 -0.216251 0)
(1.67487 -0.218234 0)
(1.68235 -0.219751 0)
(1.68967 -0.221393 0)
(1.69634 -0.223638 0)
(1.70143 -0.226462 0)
(1.70375 -0.228999 0)
(1.70604 -0.230969 0)
(1.71226 -0.232902 0)
(1.71965 -0.234616 0)
(1.72711 -0.236136 0)
(1.73464 -0.237412 0)
(1.74185 -0.238574 0)
(1.74794 -0.239915 0)
(1.75101 -0.242151 0)
(1.75084 -0.245557 0)
(1.75473 -0.248058 0)
(1.76187 -0.248822 0)
(1.76909 -0.249475 0)
(1.77638 -0.250469 0)
(1.78361 -0.251698 0)
(1.79066 -0.25289 0)
(1.79694 -0.253943 0)
(1.80062 -0.255156 0)
(1.79996 -0.257241 0)
(1.8015 -0.260128 0)
(1.80774 -0.262028 0)
(1.81465 -0.26311 0)
(1.82176 -0.26402 0)
(1.82885 -0.264772 0)
(1.8356 -0.265589 0)
(1.84167 -0.266832 0)
(1.84611 -0.26866 0)
(1.84537 -0.271425 0)
(1.84229 -0.274491 0)
(1.84685 -0.275681 0)
(1.85332 -0.275573 0)
(1.86 -0.275633 0)
(1.86682 -0.276049 0)
(1.87348 -0.276747 0)
(1.87983 -0.277597 0)
(1.88577 -0.278555 0)
(1.89079 -0.279757 0)
(1.89204 -0.281671 0)
(1.88927 -0.284567 0)
(1.8926 -0.287075 0)
(1.89905 -0.287664 0)
(1.90551 -0.286206 0)
(1.91192 -0.284674 0)
(1.918 -0.284286 0)
(1.92372 -0.284527 0)
(1.92894 -0.285077 0)
(1.93396 -0.285953 0)
(1.93914 -0.287072 0)
(1.94323 -0.288291 0)
(1.94284 -0.2897 0)
(1.93977 -0.29084 0)
(1.94301 -0.290718 0)
(1.94857 -0.290421 0)
(1.95478 -0.290586 0)
(1.9614 -0.291034 0)
(1.96801 -0.291594 0)
(1.97445 -0.292286 0)
(1.98042 -0.293193 0)
(1.98445 -0.29452 0)
(1.98252 -0.296983 0)
(1.97993 -0.299403 0)
(1.9845 -0.299899 0)
(1.99006 -0.29989 0)
(1.9961 -0.300045 0)
(2.0022 -0.300289 0)
(2.00808 -0.300486 0)
(2.01342 -0.300533 0)
(2.0168 -0.30018 0)
(2.01501 -0.298753 0)
(2.01256 -0.29715 0)
(2.01712 -0.296993 0)
(2.02295 -0.297357 0)
(2.02906 -0.297892 0)
(2.03537 -0.298302 0)
(2.04149 -0.298802 0)
(2.0475 -0.299497 0)
(2.05297 -0.30021 0)
(2.05674 -0.301943 0)
(2.05659 -0.302391 0)
(2.05157 -0.299836 0)
(2.05093 -0.298341 0)
(2.05501 -0.298431 0)
(2.06068 -0.299153 0)
(2.06686 -0.300096 0)
(2.07316 -0.301126 0)
(2.07936 -0.302166 0)
(2.0846 -0.303982 0)
(2.08836 -0.306463 0)
(2.08658 -0.305817 0)
(2.08067 -0.302155 0)
(2.08298 -0.300564 0)
(2.08824 -0.300394 0)
(2.09402 -0.300736 0)
(2.10038 -0.301113 0)
(2.10691 -0.301345 0)
(2.11252 -0.301854 0)
(2.1176 -0.302941 0)
(2.12168 -0.303857 0)
(2.12166 -0.301873 0)
(2.11621 -0.298196 0)
(2.11601 -0.296614 0)
(2.1207 -0.29663 0)
(2.12587 -0.297171 0)
(2.13128 -0.297771 0)
(2.13802 -0.297982 0)
(2.14368 -0.297827 0)
(2.14911 -0.297938 0)
(2.15401 -0.298887 0)
(2.15782 -0.301246 0)
(2.1598 -0.302735 0)
(2.15699 -0.301881 0)
(2.1498 -0.299944 0)
(2.14914 -0.299694 0)
(2.15307 -0.299992 0)
(2.15764 -0.300469 0)
(2.16199 -0.300896 0)
(2.16675 -0.301138 0)
(2.17204 -0.301657 0)
(2.17676 -0.302935 0)
(2.18094 -0.304847 0)
(2.18304 -0.304552 0)
(2.1794 -0.301119 0)
(2.17618 -0.298183 0)
(2.17902 -0.297365 0)
(2.18346 -0.297276 0)
(2.18833 -0.297453 0)
(2.19331 -0.297687 0)
(2.19863 -0.297869 0)
(2.20492 -0.29816 0)
(2.20975 -0.298496 0)
(2.21467 -0.298903 0)
(2.21827 -0.300346 0)
(2.21961 -0.301483 0)
(2.21726 -0.30047 0)
(2.21046 -0.298109 0)
(2.20841 -0.297177 0)
(2.2117 -0.297305 0)
(2.21667 -0.297783 0)
(2.22213 -0.298543 0)
(2.22752 -0.299449 0)
(2.23308 -0.300708 0)
(2.23776 -0.302064 0)
(2.24166 -0.305207 0)
(2.24407 -0.30763 0)
(2.2453 -0.307866 0)
(2.24276 -0.305854 0)
(2.23645 -0.303337 0)
(2.23563 -0.302428 0)
(2.23953 -0.302293 0)
(2.24448 -0.302637 0)
(2.25013 -0.30343 0)
(2.25616 -0.30445 0)
(2.2626 -0.306017 0)
(2.26923 -0.307891 0)
(2.27497 -0.309114 0)
(2.27988 -0.309809 0)
(2.28317 -0.309016 0)
(2.28095 -0.305231 0)
(2.27242 -0.300409 0)
(2.26855 -0.29802 0)
(2.2705 -0.297614 0)
(2.27448 -0.298255 0)
(2.27963 -0.299432 0)
(2.28436 -0.300442 0)
(2.28872 -0.3015 0)
(2.29206 -0.30199 0)
(2.2945 -0.30063 0)
(2.29647 -0.298982 0)
(2.29746 -0.298204 0)
(2.29558 -0.297197 0)
(2.29369 -0.295612 0)
(2.29479 -0.29489 0)
(2.2964 -0.29443 0)
(2.29937 -0.294131 0)
(2.3038 -0.293271 0)
(2.30958 -0.289147 0)
(2.3127 -0.284643 0)
(2.31408 -0.28173 0)
(2.31274 -0.278645 0)
(2.30747 -0.272811 0)
(2.3041 -0.26432 0)
(2.29784 -0.261954 0)
(2.29001 -0.254989 0)
(2.27684 -0.22855 0)
(2.27197 -0.203353 0)
(2.26748 -0.201104 0)
(2.25888 -0.181944 0)
(2.23811 -0.131703 0)
(2.2308 -0.105285 0)
(2.2225 -0.106892 0)
(2.20729 -0.0898497 0)
(2.19088 -0.0541062 0)
(2.18842 -0.0348194 0)
(2.18308 -0.0392628 0)
(2.17477 -0.0290814 0)
(2.16904 -0.00718017 0)
(2.16735 -0.000744726 0)
(2.16422 0.00292849 0)
(2.16236 0.00898516 0)
(2.16166 0.0126541 0)
(2.16063 0.0167816 0)
(2.15913 0.0194233 0)
(2.15834 0.0245915 0)
(2.15662 0.0303893 0)
(2.15494 0.0316668 0)
(2.15427 0.0315579 0)
(2.15352 0.0313704 0)
(2.15599 0.0316992 0)
(2.16299 0.032908 0)
(2.16588 0.0337157 0)
(2.16895 0.0350827 0)
(2.17153 0.037507 0)
(2.1708 0.0402619 0)
(2.1662 0.0432313 0)
(2.16578 0.0456913 0)
(2.16904 0.046781 0)
(2.17156 0.048041 0)
(2.17342 0.0497768 0)
(2.17598 0.0519888 0)
(2.17801 0.0555106 0)
(2.17829 0.0580268 0)
(2.17791 0.0590585 0)
(2.17688 0.060344 0)
(2.17366 0.0625379 0)
(2.16909 0.0647222 0)
(2.16962 0.065883 0)
(2.17157 0.0662192 0)
(2.17334 0.0666802 0)
(2.1755 0.0673192 0)
(2.17839 0.0688441 0)
(2.17928 0.0699453 0)
(2.17907 0.0699662 0)
(2.17891 0.0698294 0)
(2.17808 0.06978 0)
(2.17555 0.0709128 0)
(2.1733 0.0734336 0)
(2.17382 0.0749972 0)
(2.17471 0.0755631 0)
(2.17554 0.0759553 0)
(2.17736 0.0768019 0)
(2.18043 0.0793993 0)
(2.18374 0.084137 0)
(2.18506 0.088097 0)
(2.18483 0.0903399 0)
(2.18429 0.0928281 0)
(2.18219 0.0951253 0)
(2.17862 0.0974116 0)
(2.1773 0.09904 0)
(2.17773 0.0998392 0)
(2.17848 0.100724 0)
(2.18059 0.102495 0)
(2.18369 0.105459 0)
(2.18522 0.107495 0)
(2.18526 0.10812 0)
(2.18496 0.108323 0)
(2.18371 0.108112 0)
(2.17912 0.106597 0)
(2.17067 0.103399 0)
(2.16687 0.102274 0)
(2.16485 0.102124 0)
(2.16207 0.102277 0)
(2.16073 0.101689 0)
(2.16252 0.10202 0)
(2.16632 0.104829 0)
(2.16592 0.103009 0)
(2.16272 0.100826 0)
(2.15961 0.101264 0)
(2.15519 0.0992093 0)
(2.15038 0.0939754 0)
(2.14715 0.0897178 0)
(2.14384 0.0854342 0)
(2.1401 0.080725 0)
(2.13676 0.0765238 0)
(2.12905 0.0690973 0)
(1.24557 0.557082 0)
(1.25103 0.557663 0)
(1.25365 0.557196 0)
(1.25642 0.556317 0)
(1.26291 0.556178 0)
(1.2713 0.554914 0)
(1.27969 0.55323 0)
(1.28618 0.552972 0)
(1.29058 0.552346 0)
(1.29413 0.551059 0)
(1.30099 0.550627 0)
(1.30955 0.549502 0)
(1.31803 0.548047 0)
(1.32514 0.54761 0)
(1.33038 0.54664 0)
(1.33477 0.544127 0)
(1.34103 0.541967 0)
(1.34803 0.539665 0)
(1.35348 0.536172 0)
(1.35428 0.528447 0)
(1.35191 0.516564 0)
(1.34232 0.49551 0)
(1.32649 0.465193 0)
(1.30422 0.426581 0)
(1.27595 0.379893 0)
(1.24562 0.328084 0)
(1.21737 0.274702 0)
(1.19474 0.226506 0)
(1.17477 0.182071 0)
(1.15528 0.141546 0)
(1.14367 0.109293 0)
(1.14383 0.0864648 0)
(1.14758 0.0660923 0)
(1.14787 0.0487556 0)
(1.14925 0.0334265 0)
(1.15703 0.0244631 0)
(1.16913 0.0158507 0)
(1.17948 0.00802826 0)
(1.18563 0.00432179 0)
(1.19021 -0.000701836 0)
(1.19673 -0.00490457 0)
(1.20544 -0.00700024 0)
(1.21638 -0.00887388 0)
(1.22567 -0.0105324 0)
(1.23248 -0.0116668 0)
(1.23835 -0.0135129 0)
(1.24523 -0.0155383 0)
(1.25386 -0.0176711 0)
(1.264 -0.020613 0)
(1.27322 -0.0230843 0)
(1.28171 -0.0255512 0)
(1.28979 -0.0292793 0)
(1.29935 -0.0337087 0)
(1.31025 -0.0386849 0)
(1.32116 -0.0440029 0)
(1.33097 -0.0491374 0)
(1.33887 -0.0543697 0)
(1.34578 -0.0597424 0)
(1.35475 -0.0641631 0)
(1.36474 -0.0682526 0)
(1.37448 -0.0727447 0)
(1.38286 -0.0767972 0)
(1.38962 -0.0807069 0)
(1.39407 -0.085112 0)
(1.39945 -0.088924 0)
(1.40735 -0.0911086 0)
(1.41614 -0.093739 0)
(1.42485 -0.0966577 0)
(1.4326 -0.0991436 0)
(1.4395 -0.101878 0)
(1.44438 -0.105252 0)
(1.44895 -0.108799 0)
(1.45685 -0.111174 0)
(1.46554 -0.113528 0)
(1.47419 -0.11603 0)
(1.48261 -0.118523 0)
(1.49043 -0.121146 0)
(1.49654 -0.124309 0)
(1.50082 -0.128417 0)
(1.5073 -0.131999 0)
(1.51562 -0.134635 0)
(1.52419 -0.137365 0)
(1.53256 -0.140294 0)
(1.54042 -0.143021 0)
(1.54723 -0.145551 0)
(1.55225 -0.148746 0)
(1.5573 -0.152502 0)
(1.56434 -0.154968 0)
(1.57221 -0.15689 0)
(1.58031 -0.159303 0)
(1.5881 -0.162307 0)
(1.59515 -0.164941 0)
(1.60079 -0.166797 0)
(1.60393 -0.168873 0)
(1.60788 -0.172069 0)
(1.61491 -0.174788 0)
(1.62253 -0.17616 0)
(1.63011 -0.177039 0)
(1.63756 -0.178727 0)
(1.64478 -0.18145 0)
(1.65131 -0.183919 0)
(1.65652 -0.185416 0)
(1.65899 -0.187095 0)
(1.66134 -0.190435 0)
(1.66768 -0.193567 0)
(1.67502 -0.19552 0)
(1.68263 -0.196767 0)
(1.68994 -0.197851 0)
(1.69656 -0.199752 0)
(1.70163 -0.202449 0)
(1.70427 -0.204113 0)
(1.70676 -0.20414 0)
(1.71243 -0.205051 0)
(1.7201 -0.20666 0)
(1.72769 -0.208804 0)
(1.73517 -0.210781 0)
(1.74244 -0.212088 0)
(1.74843 -0.213285 0)
(1.75087 -0.214778 0)
(1.7509 -0.21647 0)
(1.75568 -0.217775 0)
(1.76288 -0.218532 0)
(1.77045 -0.219192 0)
(1.77794 -0.220172 0)
(1.78522 -0.221749 0)
(1.79205 -0.223724 0)
(1.79755 -0.225553 0)
(1.79889 -0.227005 0)
(1.79755 -0.22836 0)
(1.80167 -0.229423 0)
(1.8084 -0.230242 0)
(1.81557 -0.231162 0)
(1.82282 -0.232026 0)
(1.82988 -0.232671 0)
(1.83631 -0.233293 0)
(1.8405 -0.234649 0)
(1.83929 -0.237551 0)
(1.83749 -0.240788 0)
(1.84283 -0.241851 0)
(1.84956 -0.241783 0)
(1.8565 -0.241714 0)
(1.8634 -0.241968 0)
(1.87018 -0.242406 0)
(1.87668 -0.243051 0)
(1.88258 -0.244213 0)
(1.88648 -0.245637 0)
(1.88562 -0.247096 0)
(1.88498 -0.249073 0)
(1.88978 -0.250469 0)
(1.89596 -0.250614 0)
(1.90271 -0.250589 0)
(1.9098 -0.250145 0)
(1.91659 -0.249078 0)
(1.92252 -0.248261 0)
(1.92739 -0.248823 0)
(1.93161 -0.250512 0)
(1.93572 -0.252473 0)
(1.9394 -0.254651 0)
(1.94099 -0.256269 0)
(1.93983 -0.256926 0)
(1.94056 -0.256858 0)
(1.94534 -0.256861 0)
(1.95146 -0.257195 0)
(1.95802 -0.25766 0)
(1.96459 -0.258043 0)
(1.97088 -0.258123 0)
(1.97637 -0.257953 0)
(1.97953 -0.258008 0)
(1.97726 -0.258852 0)
(1.97346 -0.260106 0)
(1.97756 -0.260568 0)
(1.98349 -0.260733 0)
(1.98978 -0.261044 0)
(1.99619 -0.261394 0)
(2.00253 -0.261693 0)
(2.00872 -0.261976 0)
(2.01454 -0.26241 0)
(2.01938 -0.263047 0)
(2.02132 -0.263609 0)
(2.01984 -0.263453 0)
(2.02272 -0.262976 0)
(2.0283 -0.262704 0)
(2.03407 -0.262476 0)
(2.0398 -0.262295 0)
(2.04506 -0.262443 0)
(2.04866 -0.263229 0)
(2.04761 -0.26508 0)
(2.04542 -0.266983 0)
(2.05059 -0.268452 0)
(2.056 -0.269622 0)
(2.06165 -0.27016 0)
(2.06727 -0.269671 0)
(2.07251 -0.268804 0)
(2.07712 -0.267992 0)
(2.07982 -0.267179 0)
(2.07729 -0.267147 0)
(2.07269 -0.268407 0)
(2.0765 -0.26939 0)
(2.08204 -0.270367 0)
(2.08771 -0.271278 0)
(2.09341 -0.270726 0)
(2.09885 -0.268963 0)
(2.10383 -0.267335 0)
(2.10816 -0.266022 0)
(2.11076 -0.265243 0)
(2.10975 -0.265662 0)
(2.10879 -0.26663 0)
(2.11418 -0.267193 0)
(2.11974 -0.268136 0)
(2.12544 -0.269116 0)
(2.13114 -0.268535 0)
(2.13627 -0.266248 0)
(2.14015 -0.263882 0)
(2.14267 -0.262253 0)
(2.14493 -0.262284 0)
(2.14712 -0.26403 0)
(2.14765 -0.266284 0)
(2.14543 -0.267692 0)
(2.14605 -0.26862 0)
(2.15119 -0.269558 0)
(2.15625 -0.270909 0)
(2.16123 -0.27276 0)
(2.16569 -0.273059 0)
(2.16805 -0.271628 0)
(2.16992 -0.269595 0)
(2.17279 -0.26815 0)
(2.17503 -0.267089 0)
(2.17409 -0.26657 0)
(2.1721 -0.267089 0)
(2.17627 -0.267787 0)
(2.18081 -0.268413 0)
(2.18581 -0.26967 0)
(2.19067 -0.270151 0)
(2.19551 -0.269161 0)
(2.20018 -0.267391 0)
(2.20467 -0.265986 0)
(2.20905 -0.264848 0)
(2.2135 -0.263807 0)
(2.21756 -0.263105 0)
(2.21852 -0.262966 0)
(2.2118 -0.263598 0)
(2.20777 -0.263896 0)
(2.21185 -0.264281 0)
(2.21607 -0.265045 0)
(2.22035 -0.266877 0)
(2.22495 -0.267704 0)
(2.22978 -0.267518 0)
(2.23447 -0.266628 0)
(2.23888 -0.265947 0)
(2.24168 -0.265562 0)
(2.23816 -0.26581 0)
(2.22964 -0.267521 0)
(2.22899 -0.268758 0)
(2.23299 -0.269522 0)
(2.23725 -0.270219 0)
(2.24173 -0.272404 0)
(2.24579 -0.274314 0)
(2.24964 -0.274183 0)
(2.25162 -0.271661 0)
(2.25224 -0.267594 0)
(2.25538 -0.265209 0)
(2.25899 -0.264295 0)
(2.26208 -0.263529 0)
(2.26346 -0.26216 0)
(2.26441 -0.260693 0)
(2.26876 -0.260679 0)
(2.27377 -0.261273 0)
(2.27874 -0.261817 0)
(2.28224 -0.262259 0)
(2.28262 -0.263734 0)
(2.28221 -0.265044 0)
(2.28524 -0.265946 0)
(2.28984 -0.26672 0)
(2.29423 -0.266913 0)
(2.29756 -0.266249 0)
(2.29714 -0.264734 0)
(2.29105 -0.264531 0)
(2.29285 -0.266938 0)
(2.29789 -0.268531 0)
(2.302 -0.270484 0)
(2.30608 -0.27101 0)
(2.31011 -0.269273 0)
(2.31296 -0.268141 0)
(2.31691 -0.266501 0)
(2.32137 -0.263908 0)
(2.32499 -0.261644 0)
(2.32763 -0.260149 0)
(2.3285 -0.260021 0)
(2.32577 -0.260447 0)
(2.31839 -0.260981 0)
(2.3113 -0.259974 0)
(2.30893 -0.256519 0)
(2.30969 -0.25341 0)
(2.31124 -0.250451 0)
(2.31263 -0.244352 0)
(2.31501 -0.238387 0)
(2.31697 -0.235772 0)
(2.31523 -0.225228 0)
(2.30892 -0.20622 0)
(2.3034 -0.197484 0)
(2.29545 -0.196381 0)
(2.27559 -0.174436 0)
(2.25957 -0.133451 0)
(2.25327 -0.11993 0)
(2.24771 -0.118865 0)
(2.22532 -0.0785031 0)
(2.21805 -0.0392432 0)
(2.21467 -0.0345112 0)
(2.20521 -0.0173092 0)
(2.19043 0.00581667 0)
(2.18674 0.0179342 0)
(2.17977 0.0277778 0)
(2.17324 0.0350655 0)
(2.16695 0.0474254 0)
(2.1651 0.0555054 0)
(2.16045 0.0607421 0)
(2.15737 0.0636643 0)
(2.15946 0.0633676 0)
(2.16707 0.0609955 0)
(2.17037 0.0600213 0)
(2.17184 0.0597748 0)
(2.1741 0.0595963 0)
(2.17547 0.0599162 0)
(2.17293 0.0598518 0)
(2.17011 0.0597451 0)
(2.17145 0.0607015 0)
(2.17286 0.0621277 0)
(2.17427 0.0639567 0)
(2.1773 0.0663148 0)
(2.17983 0.0687601 0)
(2.18061 0.069322 0)
(2.18161 0.0696109 0)
(2.18208 0.069576 0)
(2.17967 0.0697686 0)
(2.17482 0.0709617 0)
(2.17569 0.0717051 0)
(2.1775 0.0719117 0)
(2.17874 0.0722918 0)
(2.18035 0.0734174 0)
(2.18283 0.0771785 0)
(2.18466 0.0815698 0)
(2.18486 0.0830693 0)
(2.18456 0.084094 0)
(2.18373 0.0856284 0)
(2.18314 0.0877795 0)
(2.1835 0.0905896 0)
(2.18424 0.0931226 0)
(2.18536 0.0945095 0)
(2.18689 0.0960615 0)
(2.18865 0.098149 0)
(2.19029 0.100529 0)
(2.19148 0.102619 0)
(2.19184 0.103836 0)
(2.19253 0.105826 0)
(2.19288 0.108673 0)
(2.19133 0.111405 0)
(2.18713 0.113489 0)
(2.18479 0.114218 0)
(2.18482 0.114109 0)
(2.18501 0.113974 0)
(2.18576 0.114522 0)
(2.18716 0.116049 0)
(2.18795 0.116547 0)
(2.18664 0.115132 0)
(2.18365 0.113162 0)
(2.18024 0.111291 0)
(2.174 0.108926 0)
(2.17059 0.107759 0)
(2.16579 0.107841 0)
(2.16177 0.109718 0)
(2.15837 0.110433 0)
(2.15607 0.107081 0)
(2.1572 0.104973 0)
(2.15933 0.106345 0)
(2.15484 0.10107 0)
(2.14819 0.093007 0)
(2.14318 0.0906535 0)
(2.13741 0.0862246 0)
(2.13107 0.0749531 0)
(2.12741 0.0642267 0)
(2.12467 0.0616172 0)
(2.12254 0.0586137 0)
(2.11577 0.0520897 0)
(2.10932 0.0466184 0)
(1.25319 0.55896 0)
(1.25884 0.55996 0)
(1.26173 0.559888 0)
(1.26252 0.558704 0)
(1.26763 0.558385 0)
(1.27518 0.557813 0)
(1.28418 0.556201 0)
(1.29124 0.555855 0)
(1.29645 0.555908 0)
(1.29939 0.55472 0)
(1.30469 0.553513 0)
(1.31204 0.552443 0)
(1.31978 0.550359 0)
(1.32504 0.54841 0)
(1.32653 0.543964 0)
(1.323 0.533062 0)
(1.31429 0.51753 0)
(1.29683 0.490251 0)
(1.27105 0.449897 0)
(1.23736 0.398603 0)
(1.20232 0.34407 0)
(1.16834 0.288604 0)
(1.14052 0.236938 0)
(1.11813 0.190338 0)
(1.10344 0.153278 0)
(1.09896 0.128066 0)
(1.09734 0.10652 0)
(1.09344 0.0886332 0)
(1.09413 0.0767005 0)
(1.10007 0.0699105 0)
(1.10964 0.0632388 0)
(1.11916 0.0560953 0)
(1.1248 0.0509205 0)
(1.12875 0.0452077 0)
(1.13384 0.0391721 0)
(1.14264 0.0341042 0)
(1.15477 0.0274453 0)
(1.16655 0.0214067 0)
(1.17583 0.0156856 0)
(1.18263 0.00895456 0)
(1.19162 0.00364684 0)
(1.20299 -0.000215081 0)
(1.21498 -0.0045139 0)
(1.22408 -0.00761051 0)
(1.23064 -0.0104093 0)
(1.23579 -0.0136784 0)
(1.24308 -0.015927 0)
(1.25201 -0.0178923 0)
(1.2622 -0.0202298 0)
(1.27091 -0.0220898 0)
(1.27844 -0.0238851 0)
(1.28501 -0.0264466 0)
(1.2928 -0.028762 0)
(1.30188 -0.0312565 0)
(1.3114 -0.0345351 0)
(1.3202 -0.0374949 0)
(1.32822 -0.040778 0)
(1.33588 -0.0449698 0)
(1.34491 -0.0490138 0)
(1.35469 -0.0529955 0)
(1.36429 -0.0570545 0)
(1.37314 -0.061085 0)
(1.38055 -0.0653518 0)
(1.38656 -0.0700686 0)
(1.39439 -0.0737858 0)
(1.40346 -0.0765157 0)
(1.41232 -0.0791737 0)
(1.42067 -0.081752 0)
(1.42824 -0.0843684 0)
(1.43416 -0.0872598 0)
(1.43846 -0.0906001 0)
(1.44535 -0.0931568 0)
(1.45358 -0.0949515 0)
(1.46185 -0.0968469 0)
(1.46999 -0.0987262 0)
(1.47778 -0.100609 0)
(1.48456 -0.102627 0)
(1.48943 -0.105458 0)
(1.49499 -0.108554 0)
(1.50252 -0.110574 0)
(1.51075 -0.112499 0)
(1.51904 -0.114908 0)
(1.52697 -0.117261 0)
(1.53433 -0.119111 0)
(1.5405 -0.121082 0)
(1.54531 -0.124267 0)
(1.55098 -0.127542 0)
(1.55816 -0.129206 0)
(1.56588 -0.130658 0)
(1.57383 -0.132922 0)
(1.58136 -0.135745 0)
(1.58797 -0.13788 0)
(1.593 -0.139251 0)
(1.59647 -0.141469 0)
(1.60228 -0.144747 0)
(1.60966 -0.14724 0)
(1.61734 -0.14844 0)
(1.62488 -0.149143 0)
(1.63231 -0.150871 0)
(1.63939 -0.153828 0)
(1.64548 -0.156532 0)
(1.6499 -0.157755 0)
(1.65204 -0.158531 0)
(1.6555 -0.160856 0)
(1.66241 -0.163662 0)
(1.66971 -0.165685 0)
(1.67729 -0.166613 0)
(1.68453 -0.166959 0)
(1.69129 -0.168449 0)
(1.69737 -0.171326 0)
(1.70218 -0.173542 0)
(1.70568 -0.173487 0)
(1.70882 -0.173008 0)
(1.71448 -0.174698 0)
(1.72184 -0.177314 0)
(1.72911 -0.179685 0)
(1.73638 -0.181087 0)
(1.74324 -0.181706 0)
(1.74874 -0.182455 0)
(1.75198 -0.183694 0)
(1.7546 -0.185587 0)
(1.75972 -0.18681 0)
(1.76671 -0.186994 0)
(1.77383 -0.187325 0)
(1.7807 -0.188727 0)
(1.78678 -0.191245 0)
(1.79093 -0.193864 0)
(1.79216 -0.195106 0)
(1.79471 -0.19523 0)
(1.80052 -0.195774 0)
(1.80728 -0.19687 0)
(1.81438 -0.198186 0)
(1.8215 -0.199503 0)
(1.82811 -0.200607 0)
(1.83271 -0.201157 0)
(1.83276 -0.202391 0)
(1.83285 -0.205096 0)
(1.83814 -0.206408 0)
(1.84471 -0.206659 0)
(1.85183 -0.206744 0)
(1.85889 -0.20657 0)
(1.86553 -0.206697 0)
(1.87182 -0.207371 0)
(1.87741 -0.208432 0)
(1.87995 -0.20999 0)
(1.87737 -0.212419 0)
(1.87999 -0.21316 0)
(1.88557 -0.212874 0)
(1.8918 -0.213008 0)
(1.89858 -0.213907 0)
(1.90526 -0.214659 0)
(1.91197 -0.214751 0)
(1.91824 -0.213718 0)
(1.92337 -0.212758 0)
(1.92609 -0.213916 0)
(1.92531 -0.21705 0)
(1.92397 -0.219999 0)
(1.92847 -0.222284 0)
(1.93571 -0.223686 0)
(1.94227 -0.224416 0)
(1.94851 -0.223953 0)
(1.954 -0.222922 0)
(1.95815 -0.222251 0)
(1.96088 -0.222595 0)
(1.96405 -0.223978 0)
(1.96902 -0.224892 0)
(1.97478 -0.225187 0)
(1.97953 -0.22561 0)
(1.98094 -0.226641 0)
(1.97988 -0.226995 0)
(1.98231 -0.226615 0)
(1.98801 -0.226258 0)
(1.99414 -0.226025 0)
(2.00023 -0.225775 0)
(2.00616 -0.22547 0)
(2.01182 -0.225164 0)
(2.01684 -0.224987 0)
(2.01978 -0.22506 0)
(2.01859 -0.2258 0)
(2.01876 -0.227253 0)
(2.0235 -0.228407 0)
(2.02932 -0.229205 0)
(2.03564 -0.229881 0)
(2.04212 -0.230449 0)
(2.04838 -0.23103 0)
(2.05369 -0.231668 0)
(2.05572 -0.232015 0)
(2.05096 -0.23079 0)
(2.0467 -0.228959 0)
(2.05095 -0.228429 0)
(2.05664 -0.228452 0)
(2.06284 -0.228956 0)
(2.06926 -0.229909 0)
(2.07562 -0.231044 0)
(2.08156 -0.232109 0)
(2.0851 -0.232761 0)
(2.08239 -0.232001 0)
(2.07717 -0.230057 0)
(2.07978 -0.229802 0)
(2.08524 -0.230171 0)
(2.09121 -0.230744 0)
(2.09738 -0.231452 0)
(2.10383 -0.232286 0)
(2.11022 -0.232978 0)
(2.11618 -0.233281 0)
(2.12018 -0.233138 0)
(2.11949 -0.232093 0)
(2.11332 -0.229483 0)
(2.11402 -0.228631 0)
(2.11942 -0.228808 0)
(2.12548 -0.229236 0)
(2.13211 -0.229789 0)
(2.13963 -0.230329 0)
(2.14661 -0.230638 0)
(2.15269 -0.230898 0)
(2.1571 -0.23234 0)
(2.15791 -0.233463 0)
(2.15089 -0.231676 0)
(2.1461 -0.229695 0)
(2.14908 -0.229271 0)
(2.1538 -0.229437 0)
(2.15931 -0.229937 0)
(2.16482 -0.230474 0)
(2.17115 -0.231457 0)
(2.17616 -0.232938 0)
(2.1814 -0.233943 0)
(2.18658 -0.234631 0)
(2.18887 -0.234041 0)
(2.18304 -0.230371 0)
(2.17615 -0.226869 0)
(2.17726 -0.22572 0)
(2.18131 -0.2252 0)
(2.18625 -0.224682 0)
(2.19131 -0.224084 0)
(2.19636 -0.22366 0)
(2.20118 -0.223552 0)
(2.20532 -0.223961 0)
(2.20876 -0.225104 0)
(2.21152 -0.226149 0)
(2.21286 -0.226706 0)
(2.21171 -0.226079 0)
(2.21017 -0.224184 0)
(2.21119 -0.223261 0)
(2.21374 -0.223477 0)
(2.21736 -0.224099 0)
(2.22152 -0.224906 0)
(2.22575 -0.225837 0)
(2.22988 -0.226939 0)
(2.23387 -0.227961 0)
(2.23757 -0.228504 0)
(2.23824 -0.228737 0)
(2.23304 -0.22768 0)
(2.23002 -0.226232 0)
(2.23209 -0.225391 0)
(2.23499 -0.22455 0)
(2.23906 -0.223797 0)
(2.24358 -0.223694 0)
(2.24778 -0.223728 0)
(2.2525 -0.224123 0)
(2.25866 -0.224047 0)
(2.26149 -0.224042 0)
(2.26639 -0.225196 0)
(2.27158 -0.227005 0)
(2.27692 -0.227956 0)
(2.28162 -0.227973 0)
(2.28389 -0.227276 0)
(2.28209 -0.226969 0)
(2.27795 -0.227975 0)
(2.27272 -0.228393 0)
(2.26833 -0.226472 0)
(2.26928 -0.224605 0)
(2.2722 -0.223911 0)
(2.27601 -0.22404 0)
(2.28025 -0.2247 0)
(2.28474 -0.225254 0)
(2.28955 -0.225949 0)
(2.29352 -0.226208 0)
(2.29428 -0.225022 0)
(2.29157 -0.224733 0)
(2.29159 -0.224995 0)
(2.29494 -0.224544 0)
(2.29847 -0.224345 0)
(2.3022 -0.224598 0)
(2.30607 -0.224672 0)
(2.31002 -0.224372 0)
(2.31394 -0.224844 0)
(2.3177 -0.225624 0)
(2.32061 -0.225687 0)
(2.32138 -0.224849 0)
(2.31959 -0.2231 0)
(2.31736 -0.221373 0)
(2.31666 -0.220886 0)
(2.31684 -0.221567 0)
(2.31765 -0.222694 0)
(2.31928 -0.22364 0)
(2.32225 -0.223812 0)
(2.32579 -0.222281 0)
(2.32693 -0.217269 0)
(2.32649 -0.212241 0)
(2.32664 -0.21016 0)
(2.32676 -0.209232 0)
(2.32631 -0.207287 0)
(2.32307 -0.200394 0)
(2.32192 -0.191893 0)
(2.3194 -0.190765 0)
(2.31073 -0.179753 0)
(2.30005 -0.145799 0)
(2.29719 -0.134327 0)
(2.29276 -0.127079 0)
(2.26811 -0.0880218 0)
(2.2574 -0.066342 0)
(2.2529 -0.0645556 0)
(2.23089 -0.0387869 0)
(2.21957 -0.00820163 0)
(2.21508 -0.00613362 0)
(2.20241 0.00796254 0)
(2.19115 0.0327254 0)
(2.18884 0.0433221 0)
(2.18883 0.0542555 0)
(2.18944 0.0667468 0)
(2.1884 0.0731338 0)
(2.1863 0.074964 0)
(2.18367 0.0771978 0)
(2.18038 0.0836823 0)
(2.17677 0.0872973 0)
(2.17525 0.0872664 0)
(2.17376 0.0871952 0)
(2.17597 0.0879181 0)
(2.18191 0.0894634 0)
(2.18413 0.0899971 0)
(2.18743 0.0903557 0)
(2.19028 0.0905971 0)
(2.19098 0.0903633 0)
(2.18788 0.0892432 0)
(2.18417 0.0878987 0)
(2.18516 0.0875882 0)
(2.18591 0.0875084 0)
(2.18618 0.0874903 0)
(2.18679 0.087924 0)
(2.18787 0.0891646 0)
(2.18862 0.0897763 0)
(2.18934 0.0900216 0)
(2.18982 0.0905577 0)
(2.18938 0.0919832 0)
(2.18968 0.0935877 0)
(2.18973 0.0958151 0)
(2.19012 0.0992864 0)
(2.19182 0.102886 0)
(2.19404 0.107118 0)
(2.19583 0.109963 0)
(2.19643 0.110827 0)
(2.19706 0.111282 0)
(2.19775 0.112095 0)
(2.19824 0.113501 0)
(2.19817 0.115966 0)
(2.19631 0.120072 0)
(2.19272 0.12501 0)
(2.1914 0.127285 0)
(2.19137 0.128677 0)
(2.19188 0.130127 0)
(2.19114 0.128496 0)
(2.1882 0.126762 0)
(2.18575 0.124009 0)
(2.18374 0.120836 0)
(2.18047 0.116935 0)
(2.17667 0.115515 0)
(2.17204 0.11453 0)
(2.16578 0.110834 0)
(2.15989 0.106751 0)
(2.15404 0.107605 0)
(2.14771 0.106087 0)
(2.14056 0.0934698 0)
(2.13701 0.0861429 0)
(2.13423 0.0866751 0)
(2.1254 0.0777521 0)
(2.11746 0.0620635 0)
(2.11355 0.0564576 0)
(2.11164 0.0537448 0)
(2.10988 0.0441012 0)
(2.10865 0.0382785 0)
(2.10699 0.0344715 0)
(2.10187 0.0327527 0)
(2.0995 0.0329574 0)
(2.09583 0.0311435 0)
(1.26088 0.561997 0)
(1.26674 0.563096 0)
(1.26876 0.562792 0)
(1.26801 0.560735 0)
(1.27295 0.560393 0)
(1.28043 0.560224 0)
(1.29036 0.558707 0)
(1.2975 0.558015 0)
(1.30191 0.55813 0)
(1.30189 0.556145 0)
(1.3011 0.54975 0)
(1.29754 0.54147 0)
(1.28618 0.521206 0)
(1.26317 0.486846 0)
(1.22545 0.439382 0)
(1.17783 0.383099 0)
(1.12886 0.322352 0)
(1.08895 0.261767 0)
(1.0593 0.207802 0)
(1.04391 0.169089 0)
(1.03499 0.138806 0)
(1.02444 0.112365 0)
(1.0231 0.0931721 0)
(1.0305 0.0808608 0)
(1.04169 0.0691751 0)
(1.05162 0.0599298 0)
(1.057 0.0531246 0)
(1.06256 0.046618 0)
(1.07113 0.0430599 0)
(1.08256 0.0402162 0)
(1.09483 0.0377111 0)
(1.1022 0.0365983 0)
(1.10689 0.0354282 0)
(1.11175 0.0339282 0)
(1.11898 0.0329603 0)
(1.12931 0.0316389 0)
(1.14249 0.0293762 0)
(1.15327 0.0263032 0)
(1.16196 0.0231009 0)
(1.17029 0.0187563 0)
(1.18055 0.0148001 0)
(1.19301 0.0106988 0)
(1.20631 0.00555423 0)
(1.21712 0.00110927 0)
(1.22537 -0.00303416 0)
(1.23224 -0.00756243 0)
(1.24107 -0.010833 0)
(1.2513 -0.0138804 0)
(1.26181 -0.0172219 0)
(1.27033 -0.0196281 0)
(1.27734 -0.0222902 0)
(1.28362 -0.025436 0)
(1.29153 -0.0275453 0)
(1.30032 -0.0297006 0)
(1.30887 -0.0318581 0)
(1.31661 -0.0337715 0)
(1.32353 -0.0363937 0)
(1.33086 -0.0391425 0)
(1.33954 -0.041413 0)
(1.34863 -0.0439626 0)
(1.35746 -0.0464583 0)
(1.36582 -0.0489649 0)
(1.37309 -0.0519115 0)
(1.37988 -0.0553463 0)
(1.38848 -0.0583223 0)
(1.39781 -0.0610981 0)
(1.40714 -0.0640059 0)
(1.41602 -0.0668348 0)
(1.42413 -0.0695243 0)
(1.43061 -0.0723495 0)
(1.43594 -0.0754374 0)
(1.44354 -0.0780273 0)
(1.45223 -0.0802353 0)
(1.46094 -0.0826293 0)
(1.46936 -0.0849527 0)
(1.47727 -0.0869531 0)
(1.48405 -0.0889139 0)
(1.48943 -0.0916646 0)
(1.49551 -0.0937039 0)
(1.50313 -0.0952116 0)
(1.51141 -0.0970744 0)
(1.51948 -0.0993911 0)
(1.52713 -0.101124 0)
(1.53418 -0.10233 0)
(1.54 -0.104219 0)
(1.54495 -0.107298 0)
(1.551 -0.109473 0)
(1.55822 -0.110249 0)
(1.56591 -0.111475 0)
(1.57381 -0.113759 0)
(1.58119 -0.116379 0)
(1.58771 -0.117888 0)
(1.59275 -0.118577 0)
(1.59657 -0.120252 0)
(1.60281 -0.123146 0)
(1.61036 -0.12538 0)
(1.61816 -0.126366 0)
(1.62574 -0.126922 0)
(1.63321 -0.12863 0)
(1.6403 -0.131747 0)
(1.64623 -0.134617 0)
(1.65052 -0.135426 0)
(1.65317 -0.135198 0)
(1.65748 -0.136712 0)
(1.66495 -0.139358 0)
(1.67234 -0.141641 0)
(1.67997 -0.142613 0)
(1.6874 -0.142413 0)
(1.69432 -0.143175 0)
(1.70091 -0.145967 0)
(1.70636 -0.149135 0)
(1.71036 -0.15011 0)
(1.71356 -0.149068 0)
(1.71794 -0.149442 0)
(1.72503 -0.15198 0)
(1.73209 -0.154713 0)
(1.73909 -0.156266 0)
(1.74628 -0.156054 0)
(1.75271 -0.155332 0)
(1.75734 -0.156185 0)
(1.75985 -0.159075 0)
(1.76339 -0.161139 0)
(1.76992 -0.161111 0)
(1.77702 -0.160901 0)
(1.78385 -0.161871 0)
(1.78981 -0.164372 0)
(1.79367 -0.16747 0)
(1.79526 -0.168602 0)
(1.79901 -0.167438 0)
(1.80502 -0.166986 0)
(1.81205 -0.167988 0)
(1.81919 -0.169772 0)
(1.82611 -0.172011 0)
(1.83203 -0.173688 0)
(1.83453 -0.174022 0)
(1.83369 -0.173571 0)
(1.83716 -0.174176 0)
(1.84371 -0.174976 0)
(1.8507 -0.175465 0)
(1.85801 -0.175559 0)
(1.86513 -0.175111 0)
(1.87168 -0.174977 0)
(1.87746 -0.17589 0)
(1.88098 -0.177689 0)
(1.87861 -0.180275 0)
(1.87921 -0.181626 0)
(1.88575 -0.180936 0)
(1.89202 -0.179836 0)
(1.8986 -0.179708 0)
(1.90522 -0.180461 0)
(1.91137 -0.181721 0)
(1.91717 -0.182577 0)
(1.92344 -0.182418 0)
(1.92896 -0.182367 0)
(1.93098 -0.184196 0)
(1.92726 -0.18763 0)
(1.92565 -0.189895 0)
(1.93083 -0.189439 0)
(1.93692 -0.188283 0)
(1.94284 -0.187117 0)
(1.94874 -0.186695 0)
(1.95532 -0.187692 0)
(1.96215 -0.1889 0)
(1.96828 -0.19018 0)
(1.97286 -0.191913 0)
(1.97555 -0.192538 0)
(1.97623 -0.191279 0)
(1.97457 -0.18964 0)
(1.97515 -0.189975 0)
(1.98107 -0.191308 0)
(1.98761 -0.191964 0)
(1.99452 -0.192247 0)
(2.00151 -0.192049 0)
(2.00806 -0.19164 0)
(2.01412 -0.191643 0)
(2.01983 -0.192293 0)
(2.02406 -0.193302 0)
(2.02298 -0.193775 0)
(2.01902 -0.193535 0)
(2.02271 -0.193515 0)
(2.02825 -0.194061 0)
(2.03384 -0.194836 0)
(2.03971 -0.195364 0)
(2.04552 -0.195394 0)
(2.05041 -0.194887 0)
(2.05187 -0.194344 0)
(2.04838 -0.19563 0)
(2.04919 -0.19836 0)
(2.05428 -0.199208 0)
(2.06004 -0.199094 0)
(2.06624 -0.19862 0)
(2.07218 -0.197704 0)
(2.07747 -0.19703 0)
(2.08167 -0.196709 0)
(2.08209 -0.19656 0)
(2.07782 -0.19674 0)
(2.08032 -0.197307 0)
(2.08599 -0.197686 0)
(2.09087 -0.197799 0)
(2.09621 -0.197747 0)
(2.1018 -0.197467 0)
(2.10709 -0.197035 0)
(2.112 -0.196844 0)
(2.11579 -0.196666 0)
(2.11584 -0.196551 0)
(2.11243 -0.197253 0)
(2.11525 -0.197751 0)
(2.12095 -0.19801 0)
(2.12602 -0.197636 0)
(2.13092 -0.196942 0)
(2.13579 -0.196591 0)
(2.14068 -0.196718 0)
(2.1452 -0.197147 0)
(2.14736 -0.197653 0)
(2.14418 -0.198284 0)
(2.14147 -0.198755 0)
(2.14643 -0.199388 0)
(2.15155 -0.200328 0)
(2.1567 -0.200503 0)
(2.16169 -0.198943 0)
(2.16552 -0.19649 0)
(2.16694 -0.193749 0)
(2.16556 -0.192243 0)
(2.1643 -0.193517 0)
(2.16661 -0.195265 0)
(2.17196 -0.196167 0)
(2.17711 -0.196712 0)
(2.18231 -0.197475 0)
(2.1876 -0.198154 0)
(2.19213 -0.196906 0)
(2.19401 -0.193463 0)
(2.19302 -0.190436 0)
(2.19302 -0.188977 0)
(2.19532 -0.188699 0)
(2.19806 -0.188906 0)
(2.19937 -0.189607 0)
(2.19782 -0.19135 0)
(2.20097 -0.192789 0)
(2.20611 -0.193428 0)
(2.21072 -0.194451 0)
(2.2152 -0.195434 0)
(2.22008 -0.195401 0)
(2.22468 -0.194345 0)
(2.22731 -0.19337 0)
(2.22862 -0.193111 0)
(2.23168 -0.193564 0)
(2.23559 -0.194181 0)
(2.2394 -0.194582 0)
(2.24097 -0.194547 0)
(2.23613 -0.194351 0)
(2.23428 -0.194854 0)
(2.23785 -0.194816 0)
(2.24085 -0.194293 0)
(2.245 -0.194067 0)
(2.24997 -0.19388 0)
(2.25494 -0.192915 0)
(2.25899 -0.190715 0)
(2.26141 -0.187637 0)
(2.26186 -0.185557 0)
(2.26065 -0.185898 0)
(2.25987 -0.186868 0)
(2.26176 -0.186877 0)
(2.26669 -0.186611 0)
(2.27123 -0.186858 0)
(2.27549 -0.188199 0)
(2.28001 -0.19092 0)
(2.28467 -0.193507 0)
(2.28817 -0.195371 0)
(2.28449 -0.19425 0)
(2.27498 -0.191082 0)
(2.27145 -0.189847 0)
(2.27298 -0.190033 0)
(2.27674 -0.190405 0)
(2.28197 -0.190341 0)
(2.28663 -0.190002 0)
(2.29119 -0.189969 0)
(2.29618 -0.190496 0)
(2.30096 -0.191385 0)
(2.30459 -0.192486 0)
(2.30649 -0.193081 0)
(2.30773 -0.191874 0)
(2.30941 -0.189481 0)
(2.31077 -0.187273 0)
(2.31061 -0.185977 0)
(2.30897 -0.186263 0)
(2.31028 -0.18858 0)
(2.31483 -0.190442 0)
(2.31855 -0.191403 0)
(2.32168 -0.191937 0)
(2.32506 -0.191591 0)
(2.32909 -0.191199 0)
(2.33208 -0.19155 0)
(2.33386 -0.192264 0)
(2.33415 -0.192543 0)
(2.33344 -0.192932 0)
(2.33345 -0.193342 0)
(2.33287 -0.193389 0)
(2.32963 -0.194081 0)
(2.32793 -0.193802 0)
(2.33223 -0.192237 0)
(2.33558 -0.190767 0)
(2.33691 -0.187939 0)
(2.33674 -0.184144 0)
(2.33518 -0.179911 0)
(2.33556 -0.174275 0)
(2.33691 -0.170972 0)
(2.33792 -0.168773 0)
(2.33908 -0.163464 0)
(2.34049 -0.161517 0)
(2.3383 -0.155399 0)
(2.33337 -0.143187 0)
(2.33028 -0.139736 0)
(2.32021 -0.126672 0)
(2.30581 -0.0964432 0)
(2.29853 -0.0888555 0)
(2.28879 -0.0806795 0)
(2.26307 -0.0373044 0)
(2.25487 -0.0115815 0)
(2.2532 -0.00929049 0)
(2.23653 0.0209962 0)
(2.22773 0.050289 0)
(2.22171 0.0514957 0)
(2.21413 0.0556204 0)
(2.20367 0.0610859 0)
(2.19684 0.072461 0)
(2.18957 0.0764128 0)
(2.18459 0.0779837 0)
(2.18722 0.0821573 0)
(2.19111 0.0880859 0)
(2.19185 0.089286 0)
(2.19239 0.0893784 0)
(2.19359 0.0914762 0)
(2.19301 0.0972697 0)
(2.18974 0.103194 0)
(2.18969 0.104925 0)
(2.19099 0.105173 0)
(2.19299 0.106212 0)
(2.19528 0.108174 0)
(2.19601 0.108852 0)
(2.1969 0.109554 0)
(2.1976 0.109295 0)
(2.19736 0.109451 0)
(2.19749 0.112068 0)
(2.20015 0.113411 0)
(2.20111 0.114675 0)
(2.20185 0.116545 0)
(2.20343 0.119595 0)
(2.20556 0.125376 0)
(2.20701 0.129643 0)
(2.20763 0.130707 0)
(2.20831 0.132411 0)
(2.20746 0.134132 0)
(2.20409 0.133929 0)
(2.20104 0.132686 0)
(2.19998 0.132396 0)
(2.19794 0.13289 0)
(2.19588 0.132959 0)
(2.19418 0.132306 0)
(2.19194 0.133026 0)
(2.18984 0.133441 0)
(2.1848 0.130378 0)
(2.17969 0.125896 0)
(2.17639 0.124216 0)
(2.17174 0.121325 0)
(2.16612 0.11376 0)
(2.16107 0.110454 0)
(2.15584 0.110222 0)
(2.1455 0.0971312 0)
(2.13699 0.083778 0)
(2.13016 0.0840041 0)
(2.12484 0.0781011 0)
(2.11264 0.0606441 0)
(2.10786 0.0536123 0)
(2.10115 0.0473658 0)
(2.09415 0.0381586 0)
(2.09128 0.031869 0)
(2.08987 0.030155 0)
(2.09393 0.0288845 0)
(2.09777 0.0253307 0)
(2.09625 0.0236445 0)
(2.09437 0.0230608 0)
(2.09166 0.0223315 0)
(2.08787 0.021711 0)
(2.08311 0.0201918 0)
(1.26645 0.565341 0)
(1.27207 0.565387 0)
(1.27473 0.564769 0)
(1.27404 0.564434 0)
(1.27922 0.564464 0)
(1.2843 0.562625 0)
(1.29002 0.560083 0)
(1.28811 0.550875 0)
(1.27111 0.530447 0)
(1.23506 0.494131 0)
(1.18298 0.442429 0)
(1.12775 0.380444 0)
(1.07831 0.312803 0)
(1.03827 0.250262 0)
(1.00837 0.202005 0)
(0.98195 0.165218 0)
(0.966822 0.136781 0)
(0.969572 0.121369 0)
(0.979728 0.109256 0)
(0.987559 0.099567 0)
(0.992204 0.0923542 0)
(0.99565 0.0852349 0)
(1.00208 0.0786621 0)
(1.01297 0.0726995 0)
(1.02654 0.0655775 0)
(1.03601 0.0599003 0)
(1.04312 0.0543533 0)
(1.05111 0.0487807 0)
(1.06235 0.044899 0)
(1.07627 0.0403739 0)
(1.08921 0.0359668 0)
(1.09764 0.0335985 0)
(1.1038 0.0306915 0)
(1.1107 0.0288459 0)
(1.11884 0.0279198 0)
(1.12923 0.0268081 0)
(1.13962 0.0253092 0)
(1.14767 0.0240267 0)
(1.15491 0.0217552 0)
(1.16251 0.0191073 0)
(1.17175 0.0167895 0)
(1.18304 0.0137218 0)
(1.1951 0.01007 0)
(1.20501 0.0070966 0)
(1.21374 0.00350398 0)
(1.22239 -0.00065725 0)
(1.23272 -0.00389155 0)
(1.24424 -0.00731429 0)
(1.25516 -0.0109598 0)
(1.26421 -0.0141074 0)
(1.27184 -0.0178776 0)
(1.28016 -0.0210657 0)
(1.28962 -0.0233087 0)
(1.29907 -0.0254926 0)
(1.30754 -0.0272861 0)
(1.31504 -0.029237 0)
(1.32146 -0.0316214 0)
(1.32909 -0.0335713 0)
(1.33784 -0.0352084 0)
(1.34699 -0.0373245 0)
(1.35554 -0.0390191 0)
(1.36358 -0.0405154 0)
(1.37059 -0.0421022 0)
(1.37678 -0.0440046 0)
(1.38483 -0.0458852 0)
(1.39385 -0.047799 0)
(1.40288 -0.0498293 0)
(1.41173 -0.051661 0)
(1.42023 -0.0535063 0)
(1.42782 -0.0556533 0)
(1.43404 -0.057822 0)
(1.44056 -0.0598759 0)
(1.44875 -0.0619972 0)
(1.45746 -0.0643157 0)
(1.46598 -0.066748 0)
(1.47414 -0.0689659 0)
(1.48179 -0.0713048 0)
(1.48861 -0.0733717 0)
(1.49494 -0.074621 0)
(1.50169 -0.0760324 0)
(1.50934 -0.0781399 0)
(1.51703 -0.0802148 0)
(1.52444 -0.081623 0)
(1.53141 -0.0828798 0)
(1.53771 -0.0849095 0)
(1.54355 -0.0874431 0)
(1.54981 -0.0887722 0)
(1.55671 -0.0889657 0)
(1.56393 -0.089845 0)
(1.57131 -0.0920238 0)
(1.57818 -0.0944004 0)
(1.58451 -0.0954126 0)
(1.5903 -0.0954724 0)
(1.59586 -0.0964383 0)
(1.60197 -0.0986947 0)
(1.60847 -0.100599 0)
(1.6152 -0.100923 0)
(1.62165 -0.100711 0)
(1.62825 -0.102255 0)
(1.63518 -0.105572 0)
(1.64161 -0.108439 0)
(1.64787 -0.108969 0)
(1.6536 -0.107922 0)
(1.65814 -0.107817 0)
(1.6631 -0.11031 0)
(1.66922 -0.112893 0)
(1.6763 -0.113628 0)
(1.68364 -0.11321 0)
(1.69073 -0.11366 0)
(1.69793 -0.11607 0)
(1.70428 -0.119306 0)
(1.7093 -0.120505 0)
(1.71277 -0.119116 0)
(1.71543 -0.118345 0)
(1.72134 -0.120518 0)
(1.7284 -0.12335 0)
(1.73516 -0.125319 0)
(1.74241 -0.125494 0)
(1.74954 -0.124754 0)
(1.75574 -0.125152 0)
(1.76017 -0.12759 0)
(1.76257 -0.130236 0)
(1.7656 -0.13045 0)
(1.77087 -0.129479 0)
(1.7771 -0.12987 0)
(1.78389 -0.131997 0)
(1.79018 -0.135093 0)
(1.79577 -0.136955 0)
(1.80115 -0.136076 0)
(1.80571 -0.133883 0)
(1.80923 -0.133147 0)
(1.81358 -0.135713 0)
(1.81873 -0.139093 0)
(1.82382 -0.141004 0)
(1.82901 -0.140702 0)
(1.83387 -0.139351 0)
(1.83857 -0.138771 0)
(1.8437 -0.139469 0)
(1.84934 -0.140327 0)
(1.85538 -0.140611 0)
(1.86163 -0.140255 0)
(1.86753 -0.139946 0)
(1.87171 -0.141086 0)
(1.87235 -0.143867 0)
(1.87253 -0.145759 0)
(1.8784 -0.145615 0)
(1.88542 -0.145107 0)
(1.8926 -0.144743 0)
(1.89982 -0.145046 0)
(1.90681 -0.145827 0)
(1.91339 -0.146879 0)
(1.91884 -0.148106 0)
(1.92029 -0.15015 0)
(1.9176 -0.151349 0)
(1.91931 -0.152585 0)
(1.92501 -0.154703 0)
(1.93075 -0.155642 0)
(1.93664 -0.155194 0)
(1.94257 -0.153517 0)
(1.94808 -0.151267 0)
(1.95286 -0.150111 0)
(1.956 -0.150817 0)
(1.95608 -0.153181 0)
(1.95688 -0.154964 0)
(1.96106 -0.155735 0)
(1.96649 -0.15676 0)
(1.97243 -0.157858 0)
(1.97878 -0.157796 0)
(1.98435 -0.155893 0)
(1.98816 -0.154219 0)
(1.98916 -0.154422 0)
(1.98812 -0.155259 0)
(1.99185 -0.154759 0)
(1.99783 -0.153866 0)
(2.0036 -0.153713 0)
(2.00929 -0.154926 0)
(2.01473 -0.157042 0)
(2.01951 -0.158513 0)
(2.02177 -0.157564 0)
(2.01995 -0.155514 0)
(2.01948 -0.155693 0)
(2.02477 -0.157688 0)
(2.03051 -0.159409 0)
(2.03657 -0.160563 0)
(2.04275 -0.160939 0)
(2.04845 -0.160661 0)
(2.05239 -0.159083 0)
(2.05267 -0.157387 0)
(2.05008 -0.159171 0)
(2.05075 -0.16154 0)
(2.05621 -0.161444 0)
(2.06241 -0.160719 0)
(2.0683 -0.160471 0)
(2.074 -0.161451 0)
(2.07903 -0.163196 0)
(2.08254 -0.162641 0)
(2.08349 -0.158537 0)
(2.08282 -0.155733 0)
(2.08513 -0.156658 0)
(2.08966 -0.157988 0)
(2.09477 -0.15856 0)
(2.09989 -0.158964 0)
(2.10576 -0.15998 0)
(2.112 -0.160997 0)
(2.11723 -0.162113 0)
(2.12086 -0.162699 0)
(2.12007 -0.161111 0)
(2.11631 -0.158999 0)
(2.11881 -0.158084 0)
(2.12371 -0.157797 0)
(2.12883 -0.157946 0)
(2.13373 -0.158409 0)
(2.13878 -0.159124 0)
(2.14325 -0.160556 0)
(2.14624 -0.161826 0)
(2.14464 -0.160886 0)
(2.13932 -0.158804 0)
(2.14146 -0.158109 0)
(2.14704 -0.158042 0)
(2.15288 -0.158181 0)
(2.15913 -0.158396 0)
(2.16589 -0.158382 0)
(2.17164 -0.158505 0)
(2.17615 -0.158873 0)
(2.17675 -0.158558 0)
(2.17323 -0.157059 0)
(2.17624 -0.15631 0)
(2.18048 -0.156023 0)
(2.1855 -0.155122 0)
(2.19212 -0.153769 0)
(2.19713 -0.153469 0)
(2.2031 -0.153201 0)
(2.20764 -0.152885 0)
(2.20956 -0.153505 0)
(2.2103 -0.155461 0)
(2.21092 -0.157417 0)
(2.20949 -0.15851 0)
(2.20502 -0.157889 0)
(2.20449 -0.156897 0)
(2.20784 -0.157389 0)
(2.21176 -0.158495 0)
(2.2156 -0.159606 0)
(2.21846 -0.160316 0)
(2.2173 -0.160185 0)
(2.21541 -0.159404 0)
(2.21857 -0.158705 0)
(2.22242 -0.158047 0)
(2.22661 -0.156989 0)
(2.23099 -0.156224 0)
(2.23524 -0.156241 0)
(2.23811 -0.155572 0)
(2.23763 -0.154446 0)
(2.23444 -0.15396 0)
(2.23666 -0.153628 0)
(2.24127 -0.153482 0)
(2.24574 -0.152538 0)
(2.25322 -0.151514 0)
(2.25827 -0.151725 0)
(2.26269 -0.152636 0)
(2.26719 -0.153637 0)
(2.26882 -0.154017 0)
(2.26556 -0.154431 0)
(2.25671 -0.155972 0)
(2.25453 -0.157408 0)
(2.25845 -0.157951 0)
(2.26314 -0.158193 0)
(2.26806 -0.158357 0)
(2.2724 -0.157986 0)
(2.27675 -0.157871 0)
(2.2803 -0.158183 0)
(2.28283 -0.158328 0)
(2.28413 -0.157846 0)
(2.28294 -0.156274 0)
(2.27783 -0.153285 0)
(2.27769 -0.151695 0)
(2.28145 -0.151084 0)
(2.28576 -0.150712 0)
(2.28996 -0.15013 0)
(2.29216 -0.149017 0)
(2.29447 -0.147843 0)
(2.29832 -0.147686 0)
(2.30234 -0.147634 0)
(2.30589 -0.148181 0)
(2.3106 -0.149294 0)
(2.31493 -0.150331 0)
(2.31893 -0.150758 0)
(2.32302 -0.150879 0)
(2.32642 -0.151349 0)
(2.326 -0.152927 0)
(2.31808 -0.155581 0)
(2.31447 -0.156425 0)
(2.31646 -0.156419 0)
(2.31887 -0.156228 0)
(2.32095 -0.155736 0)
(2.32114 -0.15519 0)
(2.32157 -0.156292 0)
(2.32611 -0.158491 0)
(2.3294 -0.160805 0)
(2.33189 -0.162209 0)
(2.33472 -0.16103 0)
(2.33565 -0.15862 0)
(2.3339 -0.155143 0)
(2.33275 -0.150905 0)
(2.3339 -0.148208 0)
(2.33548 -0.147321 0)
(2.33827 -0.146079 0)
(2.34077 -0.143942 0)
(2.34435 -0.142127 0)
(2.34873 -0.141973 0)
(2.34993 -0.142534 0)
(2.35195 -0.142846 0)
(2.35288 -0.140442 0)
(2.35029 -0.135256 0)
(2.34783 -0.126689 0)
(2.34664 -0.114398 0)
(2.34474 -0.110447 0)
(2.33828 -0.102042 0)
(2.33063 -0.0840695 0)
(2.32712 -0.0798491 0)
(2.31779 -0.0677499 0)
(2.29881 -0.0348776 0)
(2.289 -0.0258697 0)
(2.27869 -0.0166981 0)
(2.24976 0.0167357 0)
(2.23935 0.0462784 0)
(2.23094 0.0441421 0)
(2.21953 0.0568263 0)
(2.20813 0.0875768 0)
(2.20661 0.0969122 0)
(2.20205 0.104538 0)
(2.19724 0.109342 0)
(2.19355 0.115449 0)
(2.19147 0.120997 0)
(2.18713 0.121956 0)
(2.18479 0.121384 0)
(2.18575 0.122203 0)
(2.18956 0.125159 0)
(2.19189 0.126782 0)
(2.19312 0.12755 0)
(2.19488 0.1293 0)
(2.19527 0.128961 0)
(2.19398 0.127642 0)
(2.19447 0.128495 0)
(2.19788 0.129336 0)
(2.19883 0.130123 0)
(2.19992 0.131189 0)
(2.20185 0.132775 0)
(2.20449 0.134282 0)
(2.20562 0.134898 0)
(2.20682 0.135725 0)
(2.20607 0.135917 0)
(2.2011 0.135158 0)
(2.19703 0.134659 0)
(2.19543 0.134288 0)
(2.19323 0.134739 0)
(2.19211 0.136337 0)
(2.19114 0.133824 0)
(2.18919 0.130343 0)
(2.18423 0.131851 0)
(2.17884 0.132799 0)
(2.16856 0.125889 0)
(2.15897 0.112967 0)
(2.15134 0.108172 0)
(2.14188 0.103708 0)
(2.1293 0.0854291 0)
(2.12222 0.0707024 0)
(2.11615 0.0706133 0)
(2.10854 0.0669274 0)
(2.09906 0.0561288 0)
(2.09439 0.0458015 0)
(2.09198 0.0325752 0)
(2.08945 0.0240459 0)
(2.0854 0.0229326 0)
(2.0821 0.0231168 0)
(2.08024 0.0231571 0)
(2.07908 0.0227244 0)
(2.0804 0.0203414 0)
(2.08397 0.0149096 0)
(2.08429 0.0125097 0)
(2.08362 0.0125896 0)
(2.08268 0.013323 0)
(2.07988 0.0142348 0)
(2.0755 0.0153782 0)
(2.07257 0.015481 0)
(1.26583 0.565437 0)
(1.27156 0.567691 0)
(1.27934 0.567404 0)
(1.27719 0.562727 0)
(1.25976 0.548082 0)
(1.22611 0.518422 0)
(1.17221 0.469799 0)
(1.10377 0.399843 0)
(1.0309 0.320063 0)
(0.971366 0.252458 0)
(0.933929 0.200986 0)
(0.913048 0.159721 0)
(0.912601 0.132458 0)
(0.922079 0.112898 0)
(0.924664 0.0992317 0)
(0.925317 0.0895947 0)
(0.930127 0.0831777 0)
(0.940879 0.0792662 0)
(0.954923 0.0740431 0)
(0.964425 0.0701437 0)
(0.9688 0.0684468 0)
(0.972887 0.0669149 0)
(0.979723 0.0658536 0)
(0.990851 0.0635386 0)
(1.00589 0.0605887 0)
(1.01807 0.057879 0)
(1.02714 0.0550352 0)
(1.03655 0.0510947 0)
(1.04804 0.0476941 0)
(1.06198 0.0434515 0)
(1.07617 0.0381268 0)
(1.08642 0.0342053 0)
(1.09517 0.0303439 0)
(1.10502 0.027072 0)
(1.11575 0.0245665 0)
(1.12751 0.0221608 0)
(1.13763 0.0202731 0)
(1.14502 0.0191974 0)
(1.15141 0.017037 0)
(1.15877 0.0151899 0)
(1.16769 0.0137586 0)
(1.17862 0.0116747 0)
(1.1896 0.00874566 0)
(1.19869 0.00614366 0)
(1.20752 0.00362304 0)
(1.21701 0.00154557 0)
(1.22765 -0.000529383 0)
(1.23886 -0.00312729 0)
(1.24874 -0.00552954 0)
(1.25755 -0.00833498 0)
(1.26603 -0.0116049 0)
(1.27567 -0.0142069 0)
(1.28633 -0.0169786 0)
(1.29695 -0.0198339 0)
(1.30624 -0.0216417 0)
(1.31454 -0.0232519 0)
(1.3214 -0.0251224 0)
(1.32892 -0.0271278 0)
(1.33794 -0.0287535 0)
(1.3476 -0.0308536 0)
(1.35669 -0.0324902 0)
(1.36517 -0.0335914 0)
(1.37293 -0.0347077 0)
(1.37933 -0.0356816 0)
(1.38585 -0.0366775 0)
(1.39419 -0.0376406 0)
(1.403 -0.0390144 0)
(1.41175 -0.0405532 0)
(1.42022 -0.0417878 0)
(1.42839 -0.0428338 0)
(1.43588 -0.0437471 0)
(1.44217 -0.0447874 0)
(1.4485 -0.0463963 0)
(1.45638 -0.0482224 0)
(1.46462 -0.0499555 0)
(1.47284 -0.0517853 0)
(1.48101 -0.0537986 0)
(1.489 -0.0557638 0)
(1.49675 -0.0573236 0)
(1.50426 -0.0586008 0)
(1.51151 -0.0600946 0)
(1.51831 -0.0617388 0)
(1.52476 -0.0631921 0)
(1.53132 -0.0648221 0)
(1.53846 -0.0670176 0)
(1.54588 -0.0691245 0)
(1.55336 -0.0701664 0)
(1.56082 -0.0703297 0)
(1.56796 -0.0709289 0)
(1.57458 -0.072735 0)
(1.58049 -0.0746972 0)
(1.58637 -0.0753548 0)
(1.59282 -0.0756354 0)
(1.60007 -0.077033 0)
(1.60751 -0.0792596 0)
(1.61446 -0.080878 0)
(1.62092 -0.0806197 0)
(1.62629 -0.0795357 0)
(1.63112 -0.0805024 0)
(1.63752 -0.0837589 0)
(1.64422 -0.0863645 0)
(1.65143 -0.0869873 0)
(1.65884 -0.0863724 0)
(1.6655 -0.0861522 0)
(1.67082 -0.0876183 0)
(1.67507 -0.0897734 0)
(1.68044 -0.0899676 0)
(1.68709 -0.0889726 0)
(1.69407 -0.0893194 0)
(1.70179 -0.0914796 0)
(1.70885 -0.0947395 0)
(1.71499 -0.0964338 0)
(1.72008 -0.0956569 0)
(1.72303 -0.0941943 0)
(1.72592 -0.0948099 0)
(1.73287 -0.0972725 0)
(1.73992 -0.0989981 0)
(1.7473 -0.0995222 0)
(1.75476 -0.0992312 0)
(1.76181 -0.0997768 0)
(1.76775 -0.101918 0)
(1.7712 -0.104539 0)
(1.7719 -0.104919 0)
(1.77492 -0.103371 0)
(1.78065 -0.1028 0)
(1.78807 -0.103332 0)
(1.79573 -0.104311 0)
(1.80297 -0.10617 0)
(1.80979 -0.107368 0)
(1.81597 -0.107812 0)
(1.81978 -0.107301 0)
(1.81934 -0.107403 0)
(1.82006 -0.108749 0)
(1.82659 -0.109321 0)
(1.83395 -0.109339 0)
(1.84115 -0.10867 0)
(1.84818 -0.108821 0)
(1.85488 -0.110191 0)
(1.86093 -0.112062 0)
(1.86639 -0.11301 0)
(1.87047 -0.112917 0)
(1.87054 -0.112526 0)
(1.8686 -0.113397 0)
(1.87402 -0.114907 0)
(1.88072 -0.115465 0)
(1.88734 -0.115859 0)
(1.89439 -0.116194 0)
(1.90149 -0.116446 0)
(1.90852 -0.116717 0)
(1.91503 -0.11722 0)
(1.91891 -0.118044 0)
(1.91582 -0.11927 0)
(1.91277 -0.120272 0)
(1.91849 -0.120533 0)
(1.92474 -0.120335 0)
(1.93141 -0.119892 0)
(1.93843 -0.120172 0)
(1.945 -0.120351 0)
(1.95162 -0.119869 0)
(1.95794 -0.118613 0)
(1.96137 -0.118402 0)
(1.95905 -0.120575 0)
(1.95821 -0.122918 0)
(1.96425 -0.123789 0)
(1.97045 -0.123762 0)
(1.97612 -0.122653 0)
(1.98201 -0.122476 0)
(1.9886 -0.122682 0)
(1.99561 -0.12249 0)
(1.99962 -0.122362 0)
(1.99661 -0.123689 0)
(1.99504 -0.125159 0)
(2.00082 -0.124938 0)
(2.00745 -0.124081 0)
(2.01323 -0.122509 0)
(2.01836 -0.122376 0)
(2.02364 -0.124051 0)
(2.02883 -0.126149 0)
(2.03265 -0.127233 0)
(2.03164 -0.125992 0)
(2.02775 -0.123787 0)
(2.03005 -0.124456 0)
(2.03597 -0.126544 0)
(2.04129 -0.127875 0)
(2.04785 -0.128132 0)
(2.05442 -0.1271 0)
(2.06004 -0.124734 0)
(2.06416 -0.123203 0)
(2.06473 -0.125998 0)
(2.0619 -0.130171 0)
(2.06263 -0.130623 0)
(2.06963 -0.129939 0)
(2.07553 -0.127872 0)
(2.07976 -0.125406 0)
(2.08442 -0.125954 0)
(2.08922 -0.128102 0)
(2.09365 -0.12986 0)
(2.09612 -0.129029 0)
(2.09784 -0.127595 0)
(2.10129 -0.12781 0)
(2.1056 -0.128007 0)
(2.11021 -0.127482 0)
(2.11366 -0.126603 0)
(2.11231 -0.126685 0)
(2.10841 -0.128252 0)
(2.11233 -0.129292 0)
(2.11772 -0.12982 0)
(2.12341 -0.130243 0)
(2.12909 -0.129615 0)
(2.13399 -0.127769 0)
(2.1376 -0.126189 0)
(2.13884 -0.125533 0)
(2.13425 -0.125523 0)
(2.13197 -0.125995 0)
(2.13753 -0.126294 0)
(2.14261 -0.12657 0)
(2.14774 -0.126983 0)
(2.15282 -0.126697 0)
(2.15771 -0.125813 0)
(2.16222 -0.125022 0)
(2.16582 -0.124452 0)
(2.16619 -0.124321 0)
(2.16093 -0.123937 0)
(2.15943 -0.122301 0)
(2.16379 -0.121533 0)
(2.16875 -0.121793 0)
(2.17402 -0.122173 0)
(2.17936 -0.122589 0)
(2.18461 -0.123109 0)
(2.1894 -0.123866 0)
(2.19332 -0.124541 0)
(2.19587 -0.124719 0)
(2.196 -0.124889 0)
(2.19286 -0.125328 0)
(2.19164 -0.125423 0)
(2.19641 -0.125257 0)
(2.20189 -0.125338 0)
(2.20739 -0.125872 0)
(2.21296 -0.12618 0)
(2.21771 -0.126009 0)
(2.22184 -0.125734 0)
(2.22527 -0.125481 0)
(2.22687 -0.124907 0)
(2.22212 -0.124024 0)
(2.21649 -0.123157 0)
(2.21932 -0.122522 0)
(2.22339 -0.121913 0)
(2.22734 -0.120812 0)
(2.23158 -0.119488 0)
(2.23604 -0.119489 0)
(2.24032 -0.120059 0)
(2.24431 -0.120956 0)
(2.24722 -0.121036 0)
(2.24783 -0.119698 0)
(2.24605 -0.118206 0)
(2.24493 -0.117875 0)
(2.24669 -0.119032 0)
(2.2497 -0.120556 0)
(2.25258 -0.121829 0)
(2.25394 -0.12268 0)
(2.25132 -0.123283 0)
(2.24647 -0.122772 0)
(2.24821 -0.121795 0)
(2.25208 -0.121717 0)
(2.25584 -0.122025 0)
(2.25976 -0.122462 0)
(2.26388 -0.122949 0)
(2.26798 -0.123663 0)
(2.27107 -0.124479 0)
(2.27102 -0.124213 0)
(2.2694 -0.122475 0)
(2.27257 -0.121336 0)
(2.27588 -0.120885 0)
(2.28042 -0.120887 0)
(2.28424 -0.121347 0)
(2.28857 -0.12163 0)
(2.29296 -0.121793 0)
(2.29745 -0.121427 0)
(2.30132 -0.120064 0)
(2.3029 -0.118537 0)
(2.29752 -0.118831 0)
(2.29095 -0.120674 0)
(2.29332 -0.121306 0)
(2.29698 -0.121431 0)
(2.30085 -0.121474 0)
(2.30476 -0.121362 0)
(2.30813 -0.121087 0)
(2.30904 -0.120962 0)
(2.30558 -0.120892 0)
(2.30509 -0.120736 0)
(2.30912 -0.12095 0)
(2.31271 -0.121015 0)
(2.31601 -0.121083 0)
(2.31925 -0.121304 0)
(2.3222 -0.121148 0)
(2.32326 -0.11971 0)
(2.32003 -0.117847 0)
(2.31745 -0.119234 0)
(2.32157 -0.121576 0)
(2.32632 -0.122132 0)
(2.33038 -0.122911 0)
(2.33525 -0.123372 0)
(2.33893 -0.122546 0)
(2.341 -0.121596 0)
(2.34356 -0.120846 0)
(2.34536 -0.120411 0)
(2.34427 -0.119906 0)
(2.33678 -0.120641 0)
(2.33476 -0.121725 0)
(2.33679 -0.121848 0)
(2.33787 -0.121478 0)
(2.33934 -0.119787 0)
(2.34104 -0.116578 0)
(2.3419 -0.115225 0)
(2.34386 -0.114463 0)
(2.34492 -0.11261 0)
(2.34345 -0.108625 0)
(2.34325 -0.106835 0)
(2.34422 -0.10484 0)
(2.34147 -0.0995208 0)
(2.33593 -0.089355 0)
(2.33331 -0.0821431 0)
(2.32728 -0.0798837 0)
(2.31097 -0.0629269 0)
(2.30094 -0.0426044 0)
(2.29572 -0.0436315 0)
(2.28406 -0.0277808 0)
(2.26445 0.0191728 0)
(2.25808 0.0333578 0)
(2.25485 0.0357198 0)
(2.23134 0.057842 0)
(2.21875 0.0884227 0)
(2.21181 0.092702 0)
(2.20082 0.0983545 0)
(2.19334 0.111346 0)
(2.19375 0.119918 0)
(2.1944 0.13208 0)
(2.19338 0.137878 0)
(2.19318 0.138639 0)
(2.19312 0.144668 0)
(2.19002 0.155697 0)
(2.18859 0.157724 0)
(2.18972 0.156855 0)
(2.19245 0.156438 0)
(2.19692 0.157269 0)
(2.19963 0.157838 0)
(2.20023 0.157565 0)
(2.19998 0.156919 0)
(2.19972 0.155352 0)
(2.19818 0.153022 0)
(2.19391 0.15031 0)
(2.19066 0.148749 0)
(2.18834 0.14753 0)
(2.18429 0.142267 0)
(2.18078 0.135771 0)
(2.17779 0.133446 0)
(2.17195 0.125107 0)
(2.16245 0.109742 0)
(2.15265 0.104759 0)
(2.14235 0.102292 0)
(2.12463 0.0847662 0)
(2.11393 0.0633883 0)
(2.106 0.0571144 0)
(2.10178 0.0570731 0)
(2.09602 0.0443764 0)
(2.08879 0.0339548 0)
(2.08096 0.0292483 0)
(2.07352 0.0247076 0)
(2.07032 0.0218808 0)
(2.07015 0.0202963 0)
(2.07346 0.0184438 0)
(2.07548 0.0172008 0)
(2.07459 0.0169126 0)
(2.07373 0.0164126 0)
(2.07185 0.0149826 0)
(2.07118 0.0140262 0)
(2.07164 0.0126698 0)
(2.07363 0.01026 0)
(2.0741 0.00965315 0)
(2.07377 0.00986247 0)
(2.07273 0.0104031 0)
(2.06976 0.0112279 0)
(2.06824 0.0120232 0)
(2.06733 0.0121742 0)
(1.33293 0.524727 0)
(1.30353 0.57604 0)
(1.23098 0.54329 0)
(1.08345 0.446655 0)
(0.988844 0.357654 0)
(0.928549 0.28059 0)
(0.876997 0.21431 0)
(0.847769 0.165267 0)
(0.840646 0.136974 0)
(0.835104 0.121586 0)
(0.831841 0.110717 0)
(0.836733 0.102377 0)
(0.849591 0.0975134 0)
(0.867593 0.0919409 0)
(0.881816 0.0868696 0)
(0.890916 0.0836555 0)
(0.90014 0.0801975 0)
(0.911454 0.0760767 0)
(0.926213 0.0704733 0)
(0.93869 0.0646434 0)
(0.945566 0.0609986 0)
(0.951781 0.0576497 0)
(0.959787 0.0559243 0)
(0.970752 0.0542507 0)
(0.984333 0.0515979 0)
(0.996338 0.0482654 0)
(1.00652 0.0457209 0)
(1.01724 0.0433666 0)
(1.02958 0.0408784 0)
(1.04454 0.0380309 0)
(1.06065 0.0344856 0)
(1.07302 0.0314384 0)
(1.08354 0.0286896 0)
(1.09433 0.0255089 0)
(1.1059 0.0217823 0)
(1.11929 0.017381 0)
(1.13346 0.0133635 0)
(1.14325 0.0113637 0)
(1.15091 0.0100453 0)
(1.15883 0.00860364 0)
(1.16774 0.0073372 0)
(1.1777 0.00584566 0)
(1.18836 0.00411886 0)
(1.1985 0.00276944 0)
(1.20826 0.00186241 0)
(1.21835 0.00114697 0)
(1.2291 0.00024905 0)
(1.23905 -0.000776382 0)
(1.24792 -0.00161963 0)
(1.25618 -0.00302387 0)
(1.26445 -0.0045326 0)
(1.27376 -0.00570158 0)
(1.284 -0.00719013 0)
(1.29523 -0.00952134 0)
(1.30546 -0.0116215 0)
(1.31476 -0.0131815 0)
(1.32306 -0.0147931 0)
(1.33027 -0.0165027 0)
(1.33858 -0.0182606 0)
(1.34806 -0.01987 0)
(1.35786 -0.021994 0)
(1.36701 -0.023567 0)
(1.37562 -0.0245478 0)
(1.38342 -0.0253468 0)
(1.38983 -0.0261295 0)
(1.3963 -0.0272848 0)
(1.40462 -0.0283332 0)
(1.41339 -0.0294464 0)
(1.42214 -0.0305705 0)
(1.43068 -0.0315071 0)
(1.43897 -0.0324148 0)
(1.4467 -0.0331255 0)
(1.4532 -0.0334632 0)
(1.4583 -0.033902 0)
(1.46496 -0.0349813 0)
(1.47348 -0.0361857 0)
(1.48215 -0.0376589 0)
(1.49069 -0.0391069 0)
(1.49909 -0.0402606 0)
(1.50737 -0.0413483 0)
(1.51523 -0.042486 0)
(1.52204 -0.0433641 0)
(1.52738 -0.0438732 0)
(1.53281 -0.0448814 0)
(1.54024 -0.0465084 0)
(1.54824 -0.0479636 0)
(1.5562 -0.04883 0)
(1.56403 -0.0492241 0)
(1.57148 -0.0499086 0)
(1.57798 -0.0513005 0)
(1.58307 -0.0525405 0)
(1.58804 -0.0525668 0)
(1.59442 -0.0526669 0)
(1.60223 -0.0539139 0)
(1.61006 -0.0558877 0)
(1.6173 -0.0575111 0)
(1.6241 -0.0575639 0)
(1.62991 -0.0567087 0)
(1.63394 -0.0568957 0)
(1.63853 -0.0591208 0)
(1.64493 -0.0607857 0)
(1.65213 -0.0609784 0)
(1.65946 -0.0606665 0)
(1.66667 -0.061044 0)
(1.67352 -0.062607 0)
(1.67912 -0.0643062 0)
(1.68328 -0.0641603 0)
(1.68693 -0.0625923 0)
(1.69166 -0.0622371 0)
(1.69854 -0.0639669 0)
(1.70558 -0.0663522 0)
(1.71214 -0.068013 0)
(1.71896 -0.0680881 0)
(1.72556 -0.0675516 0)
(1.7309 -0.0674015 0)
(1.73457 -0.0682804 0)
(1.73778 -0.0694053 0)
(1.74221 -0.0697435 0)
(1.74807 -0.0697509 0)
(1.75456 -0.0701101 0)
(1.76135 -0.0713433 0)
(1.76792 -0.0733629 0)
(1.77358 -0.0746318 0)
(1.7782 -0.0738942 0)
(1.78187 -0.0719929 0)
(1.78566 -0.0710383 0)
(1.7904 -0.072226 0)
(1.79585 -0.0737466 0)
(1.80176 -0.0744396 0)
(1.808 -0.07481 0)
(1.81417 -0.0756363 0)
(1.81996 -0.0765721 0)
(1.82454 -0.0768208 0)
(1.82805 -0.0764427 0)
(1.83123 -0.0756614 0)
(1.83471 -0.0749547 0)
(1.83967 -0.0748257 0)
(1.84596 -0.0756238 0)
(1.85229 -0.0772338 0)
(1.85816 -0.0790973 0)
(1.86367 -0.0810195 0)
(1.86854 -0.0824502 0)
(1.87161 -0.0818517 0)
(1.87144 -0.0802374 0)
(1.87257 -0.0796864 0)
(1.87834 -0.0798459 0)
(1.88545 -0.0802556 0)
(1.8924 -0.0812246 0)
(1.89871 -0.0828784 0)
(1.90434 -0.0849561 0)
(1.90915 -0.0865207 0)
(1.91072 -0.0867959 0)
(1.90839 -0.0844115 0)
(1.90984 -0.0817613 0)
(1.91554 -0.0807901 0)
(1.92287 -0.0808356 0)
(1.92995 -0.0814807 0)
(1.936 -0.0827286 0)
(1.94146 -0.0834738 0)
(1.947 -0.0833195 0)
(1.95088 -0.0835287 0)
(1.95005 -0.0851551 0)
(1.949 -0.0857588 0)
(1.95435 -0.0839572 0)
(1.96044 -0.0820701 0)
(1.96646 -0.0815918 0)
(1.97282 -0.083556 0)
(1.97808 -0.0869867 0)
(1.9829 -0.0884088 0)
(1.98737 -0.0870451 0)
(1.98931 -0.0862733 0)
(1.98892 -0.087961 0)
(1.99104 -0.0885996 0)
(1.99692 -0.0866884 0)
(2.00237 -0.0839562 0)
(2.00684 -0.0830648 0)
(2.01134 -0.0861581 0)
(2.01488 -0.0907938 0)
(2.01705 -0.0925603 0)
(2.01937 -0.0888705 0)
(2.02149 -0.0849433 0)
(2.0239 -0.0843786 0)
(2.0294 -0.0872638 0)
(2.03413 -0.0909657 0)
(2.03877 -0.0924627 0)
(2.04335 -0.0893518 0)
(2.04602 -0.0839835 0)
(2.04678 -0.0808781 0)
(2.0485 -0.0843656 0)
(2.05218 -0.090521 0)
(2.05558 -0.0934705 0)
(2.06096 -0.0918873 0)
(2.0655 -0.0869154 0)
(2.06804 -0.0828367 0)
(2.07156 -0.0854906 0)
(2.0744 -0.0909772 0)
(2.07658 -0.093225 0)
(2.08028 -0.0900615 0)
(2.08385 -0.0869495 0)
(2.08792 -0.0871349 0)
(2.09215 -0.0893809 0)
(2.0957 -0.0908327 0)
(2.09785 -0.0902814 0)
(2.09835 -0.0890295 0)
(2.0987 -0.0885033 0)
(2.10108 -0.0897921 0)
(2.10432 -0.0912945 0)
(2.1085 -0.0911108 0)
(2.11387 -0.0889877 0)
(2.11863 -0.0863553 0)
(2.12256 -0.0857649 0)
(2.1249 -0.0874023 0)
(2.12385 -0.0893054 0)
(2.12055 -0.0893473 0)
(2.1244 -0.0876356 0)
(2.12859 -0.08613 0)
(2.13282 -0.0851175 0)
(2.13803 -0.0853208 0)
(2.14356 -0.0860251 0)
(2.14884 -0.0867041 0)
(2.15292 -0.0871088 0)
(2.15342 -0.0870141 0)
(2.15054 -0.0863293 0)
(2.1514 -0.0854929 0)
(2.15497 -0.085328 0)
(2.15938 -0.0858772 0)
(2.16447 -0.0869177 0)
(2.16959 -0.0880201 0)
(2.17449 -0.08874 0)
(2.17883 -0.0886096 0)
(2.18211 -0.0875828 0)
(2.18363 -0.0863894 0)
(2.18208 -0.0864152 0)
(2.17796 -0.0878804 0)
(2.17618 -0.088875 0)
(2.17829 -0.0886536 0)
(2.18292 -0.0880748 0)
(2.18737 -0.0874931 0)
(2.19187 -0.086242 0)
(2.19613 -0.0847818 0)
(2.20036 -0.0846846 0)
(2.20439 -0.08512 0)
(2.20725 -0.085512 0)
(2.20502 -0.085878 0)
(2.20225 -0.0856006 0)
(2.20546 -0.084774 0)
(2.20959 -0.0837603 0)
(2.21413 -0.0820295 0)
(2.21855 -0.0806551 0)
(2.22321 -0.080741 0)
(2.22764 -0.0815861 0)
(2.23134 -0.0827119 0)
(2.23335 -0.0836542 0)
(2.23245 -0.0834095 0)
(2.23184 -0.0821815 0)
(2.23485 -0.0816858 0)
(2.23901 -0.0821816 0)
(2.24294 -0.0830495 0)
(2.24632 -0.0840067 0)
(2.24786 -0.0851569 0)
(2.24435 -0.0865784 0)
(2.24106 -0.0866159 0)
(2.24437 -0.0853638 0)
(2.24767 -0.0844752 0)
(2.25125 -0.0842162 0)
(2.25539 -0.0848574 0)
(2.2596 -0.0857412 0)
(2.26366 -0.0866878 0)
(2.26687 -0.0873041 0)
(2.26793 -0.0867241 0)
(2.26548 -0.0841584 0)
(2.26447 -0.081911 0)
(2.26656 -0.0815434 0)
(2.2704 -0.0821621 0)
(2.27487 -0.0828431 0)
(2.27913 -0.0840883 0)
(2.28327 -0.0853948 0)
(2.28733 -0.0857746 0)
(2.29037 -0.0850293 0)
(2.29013 -0.0837742 0)
(2.2844 -0.083066 0)
(2.28127 -0.0833523 0)
(2.284 -0.0839601 0)
(2.28722 -0.0845773 0)
(2.29075 -0.0850373 0)
(2.29432 -0.0849405 0)
(2.29687 -0.084342 0)
(2.29614 -0.0839434 0)
(2.29385 -0.0848049 0)
(2.2946 -0.085247 0)
(2.29747 -0.0845517 0)
(2.30064 -0.0836508 0)
(2.30341 -0.0828485 0)
(2.30626 -0.0822073 0)
(2.30926 -0.0813026 0)
(2.31175 -0.0802225 0)
(2.31185 -0.0800891 0)
(2.31043 -0.0821521 0)
(2.31126 -0.0838715 0)
(2.31363 -0.0839181 0)
(2.31703 -0.0832731 0)
(2.32062 -0.0829132 0)
(2.32436 -0.082412 0)
(2.32787 -0.0822576 0)
(2.33113 -0.083154 0)
(2.33348 -0.0844773 0)
(2.33277 -0.0854452 0)
(2.32672 -0.086131 0)
(2.32593 -0.0861912 0)
(2.32814 -0.0857314 0)
(2.33007 -0.0848443 0)
(2.33221 -0.0827243 0)
(2.33389 -0.0815251 0)
(2.33631 -0.0817743 0)
(2.33815 -0.0825044 0)
(2.33795 -0.0827004 0)
(2.33558 -0.081021 0)
(2.3372 -0.0787036 0)
(2.33919 -0.0769785 0)
(2.3403 -0.074716 0)
(2.34038 -0.072192 0)
(2.33781 -0.0704405 0)
(2.33423 -0.0698415 0)
(2.33271 -0.0692407 0)
(2.33075 -0.0666781 0)
(2.33034 -0.06421 0)
(2.33228 -0.0620595 0)
(2.32876 -0.0470419 0)
(2.32412 -0.0317332 0)
(2.32074 -0.0291841 0)
(2.30578 -0.0139551 0)
(2.28822 0.0190171 0)
(2.27946 0.0257078 0)
(2.26784 0.0318698 0)
(2.24358 0.0692953 0)
(2.23574 0.0968593 0)
(2.23443 0.100839 0)
(2.22814 0.11286 0)
(2.21273 0.122219 0)
(2.20298 0.139699 0)
(2.20015 0.153258 0)
(2.19298 0.15468 0)
(2.18963 0.15216 0)
(2.19316 0.151612 0)
(2.19836 0.153219 0)
(2.1989 0.157402 0)
(2.19535 0.157817 0)
(2.19109 0.15699 0)
(2.18723 0.154362 0)
(2.18302 0.151755 0)
(2.17539 0.14773 0)
(2.16562 0.138786 0)
(2.1572 0.127031 0)
(2.14895 0.115983 0)
(2.14177 0.111109 0)
(2.13261 0.0982487 0)
(2.11872 0.0742291 0)
(2.10837 0.0643027 0)
(2.09928 0.0633794 0)
(2.08599 0.0524445 0)
(2.07688 0.0371124 0)
(2.07344 0.0270029 0)
(2.07182 0.0212665 0)
(2.07554 0.0175657 0)
(2.07401 0.0159859 0)
(2.06947 0.0155956 0)
(2.0646 0.0144235 0)
(2.05992 0.0116923 0)
(2.05871 0.00999646 0)
(2.05841 0.00910207 0)
(2.06094 0.00845525 0)
(2.06498 0.008724 0)
(2.06569 0.00920584 0)
(2.06524 0.00973479 0)
(2.06361 0.0107847 0)
(2.0628 0.0112484 0)
(2.06325 0.0111468 0)
(2.06362 0.0108081 0)
(2.06481 0.0101788 0)
(2.06561 0.00971633 0)
(2.06524 0.00961257 0)
(2.06476 0.00965623 0)
(2.06437 0.00967573 0)
(2.06329 0.00930241 0)
(1.6992 0.273997 0)
(1.34106 0.353932 0)
(0.765169 0.232825 0)
(0.685799 0.180274 0)
(0.695293 0.154611 0)
(0.698715 0.13605 0)
(0.70492 0.12053 0)
(0.717241 0.10952 0)
(0.735737 0.0992383 0)
(0.749153 0.0884174 0)
(0.759397 0.0810255 0)
(0.773043 0.0762786 0)
(0.79078 0.071784 0)
(0.81039 0.0670405 0)
(0.827649 0.0620917 0)
(0.841876 0.057774 0)
(0.855625 0.0539762 0)
(0.871125 0.0501196 0)
(0.889403 0.0466113 0)
(0.908011 0.0434298 0)
(0.923463 0.0399301 0)
(0.935979 0.0373805 0)
(0.947939 0.0353044 0)
(0.960627 0.033122 0)
(0.97387 0.0308085 0)
(0.986477 0.0288164 0)
(0.997897 0.0270136 0)
(1.00909 0.0253521 0)
(1.02163 0.0237053 0)
(1.03674 0.0220909 0)
(1.05289 0.0203985 0)
(1.06558 0.0185006 0)
(1.07544 0.0167947 0)
(1.08513 0.0146067 0)
(1.09589 0.0118532 0)
(1.10921 0.00883534 0)
(1.12549 0.00553675 0)
(1.14004 0.00308728 0)
(1.15004 0.00227914 0)
(1.15914 0.00146029 0)
(1.16828 0.000645 0)
(1.17777 -0.000105269 0)
(1.18783 -0.000913154 0)
(1.19834 -0.00159772 0)
(1.20907 -0.00219851 0)
(1.22044 -0.00267687 0)
(1.23203 -0.00289737 0)
(1.24166 -0.00311108 0)
(1.25053 -0.00334089 0)
(1.25897 -0.00371916 0)
(1.26716 -0.00422646 0)
(1.27607 -0.00463323 0)
(1.2854 -0.00505281 0)
(1.29605 -0.00567669 0)
(1.30738 -0.00643542 0)
(1.31684 -0.00701246 0)
(1.32576 -0.00764976 0)
(1.33377 -0.00839745 0)
(1.34118 -0.00918716 0)
(1.34974 -0.0100983 0)
(1.35906 -0.0111154 0)
(1.36862 -0.0126873 0)
(1.3778 -0.0141144 0)
(1.38651 -0.0152302 0)
(1.39447 -0.0161165 0)
(1.40117 -0.0166327 0)
(1.40801 -0.0172704 0)
(1.41661 -0.0179978 0)
(1.42554 -0.0189061 0)
(1.43433 -0.0198839 0)
(1.44292 -0.0206694 0)
(1.45124 -0.0213608 0)
(1.45888 -0.0219093 0)
(1.46492 -0.022065 0)
(1.47009 -0.0221511 0)
(1.47743 -0.0225172 0)
(1.48586 -0.0229249 0)
(1.4944 -0.0233811 0)
(1.50292 -0.0239601 0)
(1.51134 -0.0247286 0)
(1.51947 -0.0255703 0)
(1.527 -0.026089 0)
(1.53338 -0.026075 0)
(1.53834 -0.0259737 0)
(1.54383 -0.0265227 0)
(1.55127 -0.0271737 0)
(1.55936 -0.0275819 0)
(1.56748 -0.0281112 0)
(1.57541 -0.0291221 0)
(1.58274 -0.0305376 0)
(1.58907 -0.0313752 0)
(1.5944 -0.0308295 0)
(1.59906 -0.0301279 0)
(1.60514 -0.0310073 0)
(1.61302 -0.0325692 0)
(1.62088 -0.0337131 0)
(1.62854 -0.0342809 0)
(1.63579 -0.034557 0)
(1.64195 -0.0349501 0)
(1.64627 -0.0356088 0)
(1.64972 -0.0360514 0)
(1.65522 -0.0359021 0)
(1.66288 -0.0359822 0)
(1.67134 -0.0364507 0)
(1.67946 -0.0376023 0)
(1.68681 -0.0390037 0)
(1.69288 -0.0396616 0)
(1.69646 -0.0392159 0)
(1.69759 -0.0384992 0)
(1.70187 -0.0388505 0)
(1.7098 -0.0395383 0)
(1.71788 -0.0400383 0)
(1.72575 -0.0406226 0)
(1.73346 -0.0410728 0)
(1.74086 -0.0418 0)
(1.74624 -0.0425437 0)
(1.74672 -0.0426345 0)
(1.74663 -0.0426785 0)
(1.75324 -0.0430243 0)
(1.76126 -0.0431696 0)
(1.76919 -0.0432245 0)
(1.77671 -0.0434899 0)
(1.78394 -0.0439985 0)
(1.79063 -0.0448108 0)
(1.7942 -0.0454103 0)
(1.79261 -0.0455974 0)
(1.79589 -0.0458629 0)
(1.80334 -0.0458159 0)
(1.81036 -0.0449432 0)
(1.81687 -0.0443084 0)
(1.8239 -0.0445709 0)
(1.8311 -0.0454599 0)
(1.83732 -0.0468454 0)
(1.83888 -0.0482859 0)
(1.83747 -0.048973 0)
(1.8431 -0.0486216 0)
(1.85021 -0.0477034 0)
(1.8568 -0.0465848 0)
(1.86289 -0.0463069 0)
(1.86877 -0.047193 0)
(1.87438 -0.0485503 0)
(1.8781 -0.0502134 0)
(1.87685 -0.0520034 0)
(1.8783 -0.0526497 0)
(1.88498 -0.0518842 0)
(1.89173 -0.0504422 0)
(1.89812 -0.0490095 0)
(1.90418 -0.04879 0)
(1.90985 -0.0499419 0)
(1.91425 -0.0515738 0)
(1.91417 -0.053379 0)
(1.91269 -0.0545186 0)
(1.91787 -0.0543149 0)
(1.92438 -0.0534065 0)
(1.93108 -0.0516217 0)
(1.93755 -0.0497918 0)
(1.94356 -0.048941 0)
(1.94878 -0.0493848 0)
(1.95234 -0.0506679 0)
(1.95208 -0.0525146 0)
(1.95151 -0.0548677 0)
(1.95558 -0.0561291 0)
(1.96196 -0.0560689 0)
(1.96853 -0.0545497 0)
(1.97465 -0.0512922 0)
(1.97995 -0.0491371 0)
(1.98467 -0.0495465 0)
(1.98753 -0.051905 0)
(1.98727 -0.0531246 0)
(1.98744 -0.0524651 0)
(1.9907 -0.0530134 0)
(1.99578 -0.0551801 0)
(2.00071 -0.0565669 0)
(2.00649 -0.0548104 0)
(2.01141 -0.0507766 0)
(2.01461 -0.0486431 0)
(2.01644 -0.0518062 0)
(2.01671 -0.0559665 0)
(2.01786 -0.0563096 0)
(2.02374 -0.0531293 0)
(2.02841 -0.0497497 0)
(2.0333 -0.0491206 0)
(2.03946 -0.0517552 0)
(2.04449 -0.0562667 0)
(2.04832 -0.0584818 0)
(2.05056 -0.0539286 0)
(2.05028 -0.0481587 0)
(2.05003 -0.0477248 0)
(2.05568 -0.0502304 0)
(2.06107 -0.0543431 0)
(2.06514 -0.0577199 0)
(2.07039 -0.0562412 0)
(2.07438 -0.0508125 0)
(2.07623 -0.0469043 0)
(2.07812 -0.0514495 0)
(2.07916 -0.0575566 0)
(2.08146 -0.0586844 0)
(2.08675 -0.055877 0)
(2.09104 -0.0525763 0)
(2.09543 -0.0522458 0)
(2.09898 -0.0546716 0)
(2.10009 -0.0560484 0)
(2.09918 -0.054372 0)
(2.09953 -0.0520744 0)
(2.10265 -0.0519543 0)
(2.1076 -0.0542013 0)
(2.11175 -0.0566868 0)
(2.11573 -0.0567142 0)
(2.12046 -0.0538893 0)
(2.12462 -0.050521 0)
(2.12809 -0.0498668 0)
(2.12914 -0.0516282 0)
(2.12613 -0.0533833 0)
(2.12416 -0.0542817 0)
(2.12951 -0.0538136 0)
(2.13432 -0.0523776 0)
(2.13916 -0.051369 0)
(2.14455 -0.051905 0)
(2.14966 -0.0527658 0)
(2.1541 -0.0533321 0)
(2.15645 -0.0532892 0)
(2.15427 -0.0525332 0)
(2.15191 -0.0515769 0)
(2.15479 -0.0512719 0)
(2.15928 -0.0516691 0)
(2.16423 -0.0524551 0)
(2.16912 -0.053334 0)
(2.17377 -0.0540566 0)
(2.17811 -0.0542357 0)
(2.18203 -0.0534319 0)
(2.1851 -0.0515346 0)
(2.18647 -0.0497325 0)
(2.18493 -0.0504627 0)
(2.18092 -0.0523956 0)
(2.17786 -0.0529622 0)
(2.18077 -0.0530759 0)
(2.18585 -0.0529896 0)
(2.19044 -0.0524383 0)
(2.19527 -0.0508923 0)
(2.19979 -0.0496954 0)
(2.20424 -0.0499376 0)
(2.20818 -0.0509 0)
(2.21073 -0.0517873 0)
(2.20847 -0.0517014 0)
(2.20577 -0.0510159 0)
(2.20894 -0.0502071 0)
(2.21354 -0.049087 0)
(2.2184 -0.0478531 0)
(2.22358 -0.0476627 0)
(2.22889 -0.0486093 0)
(2.23342 -0.0499163 0)
(2.23672 -0.0511661 0)
(2.2372 -0.052178 0)
(2.23407 -0.051755 0)
(2.23415 -0.05004 0)
(2.23779 -0.0496365 0)
(2.24195 -0.0502213 0)
(2.2459 -0.051 0)
(2.24957 -0.0518433 0)
(2.25176 -0.0527657 0)
(2.24886 -0.0535359 0)
(2.24564 -0.0529809 0)
(2.24916 -0.0517553 0)
(2.25277 -0.0509017 0)
(2.25666 -0.0503883 0)
(2.26088 -0.0505546 0)
(2.26516 -0.0509751 0)
(2.26937 -0.05157 0)
(2.27325 -0.0522532 0)
(2.27582 -0.0524436 0)
(2.27435 -0.0512804 0)
(2.27119 -0.0495989 0)
(2.27228 -0.0493401 0)
(2.27616 -0.0501621 0)
(2.28035 -0.051071 0)
(2.28411 -0.0523033 0)
(2.28759 -0.0532832 0)
(2.29073 -0.0532293 0)
(2.2925 -0.0521684 0)
(2.29029 -0.0507751 0)
(2.28443 -0.049983 0)
(2.28423 -0.0503306 0)
(2.28748 -0.051197 0)
(2.29085 -0.0521003 0)
(2.2942 -0.0527905 0)
(2.29718 -0.052506 0)
(2.29851 -0.0509649 0)
(2.29638 -0.0489128 0)
(2.29488 -0.0489947 0)
(2.2968 -0.0499084 0)
(2.30038 -0.049739 0)
(2.30398 -0.0494287 0)
(2.30727 -0.0492421 0)
(2.31043 -0.0487236 0)
(2.31328 -0.0474887 0)
(2.31559 -0.046191 0)
(2.31576 -0.0464462 0)
(2.31324 -0.048907 0)
(2.31379 -0.0507678 0)
(2.31679 -0.0509534 0)
(2.32038 -0.0510478 0)
(2.32432 -0.0509455 0)
(2.3282 -0.050388 0)
(2.33169 -0.0505984 0)
(2.3344 -0.0516236 0)
(2.33568 -0.0526918 0)
(2.3325 -0.0537605 0)
(2.32735 -0.0545754 0)
(2.32927 -0.0537797 0)
(2.33165 -0.0531598 0)
(2.33468 -0.0520991 0)
(2.33802 -0.0506783 0)
(2.34126 -0.0500442 0)
(2.34439 -0.050907 0)
(2.34654 -0.0524588 0)
(2.34579 -0.0533336 0)
(2.34195 -0.0521647 0)
(2.34225 -0.0500449 0)
(2.34463 -0.0484478 0)
(2.34691 -0.0469312 0)
(2.348 -0.0458337 0)
(2.34663 -0.0453497 0)
(2.34371 -0.0435752 0)
(2.34626 -0.0408397 0)
(2.34824 -0.0397484 0)
(2.34962 -0.0362325 0)
(2.35149 -0.0324722 0)
(2.35438 -0.0302327 0)
(2.355 -0.0254862 0)
(2.3506 -0.0185292 0)
(2.34759 -0.00904296 0)
(2.34416 -0.00686036 0)
(2.33468 0.000802817 0)
(2.32434 0.0188311 0)
(2.3172 0.0285959 0)
(2.31566 0.0227814 0)
(2.30037 0.0454279 0)
(2.2845 0.0795636 0)
(2.27664 0.0813655 0)
(2.25924 0.0952299 0)
(2.24319 0.112403 0)
(2.23147 0.119524 0)
(2.21926 0.136237 0)
(2.2132 0.148602 0)
(2.20721 0.150593 0)
(2.1996 0.151528 0)
(2.18787 0.147527 0)
(2.1725 0.136019 0)
(2.15713 0.128966 0)
(2.14154 0.1334 0)
(2.12065 0.122372 0)
(2.10253 0.0910431 0)
(2.09396 0.0748507 0)
(2.08723 0.071391 0)
(2.08061 0.0556858 0)
(2.06669 0.0392667 0)
(2.05892 0.0266731 0)
(2.05055 0.0162371 0)
(2.03884 0.00953704 0)
(2.03372 0.00462739 0)
(2.03148 -0.00341024 0)
(2.03208 -0.00862926 0)
(2.03419 -0.0111667 0)
(2.04086 -0.0102809 0)
(2.04456 -0.00735606 0)
(2.04509 -0.0063251 0)
(2.04552 -0.0037896 0)
(2.04639 -0.00125819 0)
(2.04807 -0.0010102 0)
(2.04923 -0.000945533 0)
(2.05233 -0.000572734 0)
(2.0568 0.00116498 0)
(2.05822 0.00333301 0)
(2.05793 0.00452806 0)
(2.05646 0.00602189 0)
(2.05481 0.00666862 0)
(2.05472 0.00654727 0)
(2.05511 0.00648682 0)
(2.05648 0.00669889 0)
(2.05899 0.00719048 0)
(2.06068 0.00731468 0)
(2.06079 0.00695693 0)
(2.06043 0.00674029 0)
(2.0601 0.00632933 0)
(1.98422 0.0265738 0)
(0.796108 0.0330765 0)
(0.461898 0.0433106 0)
(0.468364 0.054242 0)
(0.496742 0.0702251 0)
(0.525738 0.0833108 0)
(0.5564 0.0930248 0)
(0.585798 0.0992023 0)
(0.614203 0.101212 0)
(0.640689 0.0992021 0)
(0.667574 0.0960263 0)
(0.695967 0.0918065 0)
(0.724685 0.0872471 0)
(0.75246 0.0819865 0)
(0.777611 0.0763001 0)
(0.799981 0.0706126 0)
(0.821458 0.0650848 0)
(0.844207 0.0600003 0)
(0.868576 0.0547934 0)
(0.892684 0.0490143 0)
(0.913879 0.0440745 0)
(0.932052 0.0398497 0)
(0.948424 0.0361446 0)
(0.964182 0.0327533 0)
(0.979553 0.0294965 0)
(0.993325 0.0265487 0)
(1.00536 0.0240291 0)
(1.01696 0.0219041 0)
(1.02983 0.019953 0)
(1.04542 0.0180505 0)
(1.06128 0.0160832 0)
(1.0722 0.0146305 0)
(1.08083 0.0133698 0)
(1.08927 0.0115933 0)
(1.09879 0.0101183 0)
(1.11067 0.00875467 0)
(1.12629 0.00735058 0)
(1.14159 0.00590409 0)
(1.15267 0.00506358 0)
(1.16246 0.00392478 0)
(1.17165 0.00260447 0)
(1.18128 0.00172766 0)
(1.19116 0.00104844 0)
(1.20136 0.000416552 0)
(1.21215 -0.000177354 0)
(1.22425 -0.000700854 0)
(1.23627 -0.00119492 0)
(1.24597 -0.00148486 0)
(1.25505 -0.00169757 0)
(1.26344 -0.00195667 0)
(1.27111 -0.0021387 0)
(1.27953 -0.00218309 0)
(1.28844 -0.00217105 0)
(1.29816 -0.0022495 0)
(1.30945 -0.00249917 0)
(1.3194 -0.00258756 0)
(1.32809 -0.0025939 0)
(1.33629 -0.00260443 0)
(1.34339 -0.0026632 0)
(1.35082 -0.00283532 0)
(1.35951 -0.00301705 0)
(1.36856 -0.00325672 0)
(1.37804 -0.00369599 0)
(1.38716 -0.0039907 0)
(1.3961 -0.00428264 0)
(1.40435 -0.00454483 0)
(1.41141 -0.00472598 0)
(1.41866 -0.00504589 0)
(1.42717 -0.00543109 0)
(1.43608 -0.00580716 0)
(1.445 -0.00620783 0)
(1.4538 -0.00664122 0)
(1.46236 -0.00705862 0)
(1.47032 -0.00735179 0)
(1.47709 -0.00736724 0)
(1.48316 -0.0073311 0)
(1.49043 -0.00751228 0)
(1.49872 -0.00774977 0)
(1.50722 -0.00801881 0)
(1.51564 -0.00835409 0)
(1.52388 -0.0086856 0)
(1.53195 -0.00892637 0)
(1.53972 -0.00910257 0)
(1.5467 -0.00919145 0)
(1.55236 -0.00912851 0)
(1.55736 -0.00904488 0)
(1.5635 -0.00904165 0)
(1.57093 -0.00921339 0)
(1.57887 -0.00964263 0)
(1.58681 -0.0102242 0)
(1.59451 -0.0106601 0)
(1.60191 -0.0107318 0)
(1.60862 -0.0104668 0)
(1.61411 -0.0102199 0)
(1.6187 -0.0105141 0)
(1.62418 -0.0109692 0)
(1.63121 -0.0112112 0)
(1.63904 -0.0115809 0)
(1.64703 -0.0122131 0)
(1.65458 -0.0128985 0)
(1.66112 -0.0130008 0)
(1.66643 -0.012313 0)
(1.67068 -0.0116804 0)
(1.67511 -0.0118792 0)
(1.68109 -0.0126274 0)
(1.68831 -0.0134757 0)
(1.69588 -0.0142634 0)
(1.70317 -0.0148327 0)
(1.70966 -0.0147755 0)
(1.71487 -0.0138462 0)
(1.71876 -0.0130487 0)
(1.72213 -0.0131015 0)
(1.72672 -0.0137618 0)
(1.73313 -0.0146259 0)
(1.74043 -0.0154379 0)
(1.74791 -0.0161244 0)
(1.75491 -0.0165538 0)
(1.76083 -0.0160497 0)
(1.76533 -0.0149712 0)
(1.76806 -0.0145913 0)
(1.76972 -0.0150006 0)
(1.7735 -0.0155459 0)
(1.78009 -0.0161506 0)
(1.78771 -0.0168136 0)
(1.79537 -0.017474 0)
(1.80251 -0.0177832 0)
(1.80871 -0.0169703 0)
(1.81317 -0.0161361 0)
(1.81395 -0.0165574 0)
(1.81326 -0.0179232 0)
(1.81694 -0.0183071 0)
(1.82329 -0.0180377 0)
(1.83037 -0.0177616 0)
(1.83793 -0.017768 0)
(1.84524 -0.0180548 0)
(1.85185 -0.0180915 0)
(1.8564 -0.0182617 0)
(1.85624 -0.0186633 0)
(1.8544 -0.0186994 0)
(1.85743 -0.0185227 0)
(1.86344 -0.0183386 0)
(1.87045 -0.0182646 0)
(1.87789 -0.0184881 0)
(1.88484 -0.018642 0)
(1.89153 -0.0186308 0)
(1.89693 -0.0188443 0)
(1.89797 -0.0193499 0)
(1.89492 -0.0193327 0)
(1.89612 -0.0187419 0)
(1.90182 -0.0182943 0)
(1.90888 -0.0182481 0)
(1.91598 -0.0184359 0)
(1.92275 -0.0185574 0)
(1.92945 -0.0187497 0)
(1.93557 -0.019153 0)
(1.93917 -0.0197946 0)
(1.93737 -0.0201351 0)
(1.93437 -0.0193604 0)
(1.93726 -0.0186042 0)
(1.94331 -0.0186198 0)
(1.95016 -0.0189776 0)
(1.95648 -0.0194855 0)
(1.96231 -0.01998 0)
(1.96788 -0.0199182 0)
(1.97273 -0.0192592 0)
(1.97481 -0.0190724 0)
(1.97239 -0.0206561 0)
(1.96977 -0.0217076 0)
(1.97216 -0.0207179 0)
(1.97729 -0.0202479 0)
(1.98351 -0.0210586 0)
(1.98956 -0.0227871 0)
(1.99431 -0.0245205 0)
(1.99855 -0.0242445 0)
(2.00231 -0.0222279 0)
(2.00401 -0.021754 0)
(2.0027 -0.0247546 0)
(2.0011 -0.0266542 0)
(2.00387 -0.026023 0)
(2.00993 -0.0251243 0)
(2.01582 -0.0231994 0)
(2.02235 -0.0228564 0)
(2.02866 -0.024346 0)
(2.03359 -0.0272135 0)
(2.03617 -0.0291731 0)
(2.03562 -0.0267228 0)
(2.03432 -0.0224648 0)
(2.03649 -0.0218163 0)
(2.04346 -0.0242446 0)
(2.04892 -0.0277764 0)
(2.05251 -0.0301059 0)
(2.05642 -0.0282419 0)
(2.05984 -0.0239724 0)
(2.06239 -0.0213191 0)
(2.06377 -0.0252404 0)
(2.06375 -0.0299343 0)
(2.06647 -0.0297633 0)
(2.07118 -0.0275062 0)
(2.07574 -0.0256888 0)
(2.08076 -0.0259692 0)
(2.08426 -0.02789 0)
(2.08426 -0.0287892 0)
(2.08213 -0.0274224 0)
(2.08334 -0.0261504 0)
(2.08764 -0.0261471 0)
(2.09281 -0.0271738 0)
(2.09724 -0.0288849 0)
(2.10085 -0.0291511 0)
(2.10501 -0.0272314 0)
(2.10939 -0.025295 0)
(2.11341 -0.0254695 0)
(2.11402 -0.0270958 0)
(2.10922 -0.0281897 0)
(2.10852 -0.0282543 0)
(2.11372 -0.0278479 0)
(2.11852 -0.0268733 0)
(2.12386 -0.0264696 0)
(2.12946 -0.0269499 0)
(2.13456 -0.0276413 0)
(2.13859 -0.0282484 0)
(2.13967 -0.0283692 0)
(2.13584 -0.0276885 0)
(2.13522 -0.0267916 0)
(2.13922 -0.0264531 0)
(2.14395 -0.0266208 0)
(2.14904 -0.0271487 0)
(2.15392 -0.0277714 0)
(2.15849 -0.0283343 0)
(2.16268 -0.0285829 0)
(2.16646 -0.0280681 0)
(2.16951 -0.0265531 0)
(2.17095 -0.0250747 0)
(2.16955 -0.0261762 0)
(2.16558 -0.0280341 0)
(2.16258 -0.0283604 0)
(2.16612 -0.0283866 0)
(2.17072 -0.028184 0)
(2.17531 -0.0276608 0)
(2.18019 -0.0263808 0)
(2.18516 -0.0259169 0)
(2.19002 -0.0263519 0)
(2.19425 -0.0272522 0)
(2.1967 -0.0280533 0)
(2.19379 -0.0283801 0)
(2.19035 -0.0282715 0)
(2.19385 -0.0274027 0)
(2.19837 -0.0264741 0)
(2.20328 -0.0257229 0)
(2.20873 -0.025796 0)
(2.21397 -0.02654 0)
(2.21823 -0.0274146 0)
(2.221 -0.0283339 0)
(2.22045 -0.0292359 0)
(2.21629 -0.028486 0)
(2.21678 -0.0268225 0)
(2.22075 -0.0264972 0)
(2.22498 -0.0268342 0)
(2.229 -0.0273109 0)
(2.23267 -0.0278761 0)
(2.23486 -0.0284829 0)
(2.23212 -0.0290261 0)
(2.22984 -0.0283556 0)
(2.23332 -0.0274544 0)
(2.23685 -0.026982 0)
(2.24106 -0.0268311 0)
(2.24584 -0.0271491 0)
(2.25045 -0.0277046 0)
(2.25478 -0.0286217 0)
(2.25849 -0.0294797 0)
(2.26046 -0.0295157 0)
(2.25801 -0.0282981 0)
(2.25421 -0.0267536 0)
(2.25561 -0.0265015 0)
(2.25938 -0.0271767 0)
(2.26339 -0.0281047 0)
(2.26701 -0.0290942 0)
(2.27023 -0.0296042 0)
(2.27296 -0.029316 0)
(2.27418 -0.0283777 0)
(2.27109 -0.0271205 0)
(2.26662 -0.0265438 0)
(2.26846 -0.0271817 0)
(2.27189 -0.0280134 0)
(2.27529 -0.0286927 0)
(2.27849 -0.0289188 0)
(2.2811 -0.0284948 0)
(2.28227 -0.0273884 0)
(2.2807 -0.0260372 0)
(2.28001 -0.0264434 0)
(2.28257 -0.0274481 0)
(2.28639 -0.0275838 0)
(2.28978 -0.0275877 0)
(2.29307 -0.0276168 0)
(2.29624 -0.02736 0)
(2.29925 -0.0266066 0)
(2.30189 -0.0261449 0)
(2.30198 -0.026837 0)
(2.29762 -0.0279961 0)
(2.29757 -0.0286072 0)
(2.30094 -0.0284329 0)
(2.30406 -0.0283818 0)
(2.30774 -0.0279562 0)
(2.3114 -0.0272617 0)
(2.31479 -0.0272641 0)
(2.31743 -0.0279057 0)
(2.31823 -0.0284969 0)
(2.31373 -0.0292493 0)
(2.31015 -0.0291169 0)
(2.31247 -0.0287655 0)
(2.31514 -0.0284163 0)
(2.31863 -0.0277874 0)
(2.32236 -0.0269276 0)
(2.32601 -0.0264117 0)
(2.32968 -0.027223 0)
(2.33207 -0.029341 0)
(2.33033 -0.0305766 0)
(2.32577 -0.029321 0)
(2.32652 -0.0278945 0)
(2.32929 -0.0271102 0)
(2.33257 -0.0265048 0)
(2.33492 -0.0260797 0)
(2.33402 -0.0256408 0)
(2.33124 -0.0258931 0)
(2.33275 -0.0268946 0)
(2.335 -0.0270636 0)
(2.3374 -0.0272434 0)
(2.3401 -0.0272425 0)
(2.34325 -0.0269292 0)
(2.3463 -0.0256477 0)
(2.34808 -0.0240516 0)
(2.34835 -0.0224394 0)
(2.3455 -0.0204735 0)
(2.34389 -0.0193065 0)
(2.34261 -0.0175228 0)
(2.34115 -0.0168217 0)
(2.33947 -0.0179606 0)
(2.33363 -0.00924572 0)
(2.32793 -0.00102025 0)
(2.32119 -0.00127955 0)
(2.30477 0.00904812 0)
(2.28569 0.025013 0)
(2.2683 0.025513 0)
(2.24581 0.0333351 0)
(2.22203 0.0544328 0)
(2.20233 0.0525759 0)
(2.18321 0.0442979 0)
(2.15906 0.0586578 0)
(2.13814 0.0693818 0)
(2.11527 0.0584993 0)
(2.0962 0.0505656 0)
(2.07977 0.0604498 0)
(2.07036 0.0712349 0)
(2.06468 0.064742 0)
(2.06052 0.0458235 0)
(2.05441 0.0362989 0)
(2.03905 0.0400991 0)
(2.02609 0.0417849 0)
(2.0166 0.0400734 0)
(2.01532 0.038649 0)
(2.01432 0.0351714 0)
(2.01416 0.0251864 0)
(2.01723 0.0159332 0)
(2.02235 0.0118796 0)
(2.0301 0.00846634 0)
(2.03378 0.00784877 0)
(2.0391 0.00753218 0)
(2.0434 0.0074593 0)
(2.04509 0.0050555 0)
(2.04903 0.00233547 0)
(2.05129 0.000999327 0)
(2.05396 0.000146156 0)
(2.05614 0.000615338 0)
(2.05637 0.0016923 0)
(2.05617 0.00239828 0)
(2.05545 0.00313276 0)
(2.05455 0.00293579 0)
(2.05455 0.00243789 0)
(2.05469 0.00233522 0)
(2.05516 0.00251951 0)
(2.05675 0.00319879 0)
(2.05942 0.00372286 0)
(2.061 0.00359413 0)
(2.06152 0.00325969 0)
(2.06194 0.00248429 0)
)
;

boundaryField
{
    inlet
    {
        type            fixedValue;
        value           uniform (2 0 0);
    }
    outlet
    {
        type            inletOutlet;
        inletValue      uniform (2 0 0);
        value           nonuniform List<vector> 
32
(
(1.96136 0.0206617 0)
(1.97934 0.0298696 0)
(1.98479 0.0679508 0)
(2.00723 0.072861 0)
(2.02055 0.10659 0)
(2.0354 0.118841 0)
(2.03667 0.147415 0)
(2.04141 0.173974 0)
(2.04447 0.207569 0)
(2.04068 0.233823 0)
(2.03835 0.244712 0)
(2.04743 0.243075 0)
(2.06339 0.216538 0)
(2.0826 0.145945 0)
(2.09756 0.0597398 0)
(2.10513 0.0281794 0)
(2.11372 0.0370519 0)
(2.11833 0.0484332 0)
(2.13292 0.0646323 0)
(2.13966 0.07378 0)
(2.146 0.0807334 0)
(2.14714 0.0834403 0)
(2.14403 0.082497 0)
(2.12905 0.0690973 0)
(2.10932 0.0466184 0)
(2.09583 0.0311435 0)
(2.08311 0.0201918 0)
(2.07257 0.015481 0)
(2.06733 0.0121742 0)
(2.06329 0.00930241 0)
(2.0601 0.00632933 0)
(2.06194 0.00248429 0)
)
;
    }
    bottom
    {
        type            symmetryPlane;
    }
    top
    {
        type            symmetryPlane;
    }
    obstacle
    {
        type            slip;
    }
    defaultFaces
    {
        type            empty;
    }
}


// ************************************************************************* //
