/*--------------------------------*- C++ -*----------------------------------*\
  =========                 |
  \\      /  F ield         | OpenFOAM: The Open Source CFD Toolbox
   \\    /   O peration     | Website:  https://openfoam.org
    \\  /    A nd           | Version:  7
     \\/     M anipulation  |
\*---------------------------------------------------------------------------*/
FoamFile
{
    version     2.0;
    format      ascii;
    class       volScalarField;
    location    "1.6";
    object      T;
}
// * * * * * * * * * * * * * * * * * * * * * * * * * * * * * * * * * * * * * //

dimensions      [0 0 0 1 0 0 0];

internalField   nonuniform List<scalar> 
18432
(
1
1
1
1
1
1
1
1
1
1
1
1
1
1
1
1
1
1
1.07805
1.34672
1.40333
1.40901
1.41184
1.41298
1.41346
1.4139
1.41499
1.41748
1.42091
1.42402
1.42633
1.42797
1.42868
1.42806
1.42638
1.42588
1.42701
1.4297
1.43347
1.43748
1.44054
1.44203
1.44259
1.44313
1.44417
1.44564
1.44707
1.44802
1.44853
1.44904
1.45039
1.45281
1.45571
1.45862
1.46074
1.46197
1.46287
1.46459
1.46712
1.46944
1.47032
1.46941
1.46784
1.46719
1.46873
1.47167
1.47494
1.4777
1.47996
1.48199
1.48436
1.48664
1.48863
1.48974
1.48978
1.48963
1.48968
1.49083
1.49358
1.49692
1.50041
1.5032
1.50451
1.50519
1.5066
1.509
1.51232
1.51576
1.51912
1.52307
1.53032
1.54418
1.56561
1.58931
1.6061
1.61242
1
1
1
1
1
1
1
1
1
1
1
1
1
1
1
1
1
1
1.07653
1.34565
1.4035
1.40907
1.41163
1.41273
1.41331
1.41392
1.41519
1.41773
1.42105
1.42403
1.42621
1.42772
1.42835
1.42785
1.42641
1.42599
1.42713
1.42981
1.43353
1.43747
1.44049
1.44206
1.44275
1.44333
1.44428
1.44561
1.44697
1.44797
1.44855
1.44912
1.45034
1.4525
1.4552
1.45803
1.46018
1.4615
1.46247
1.46422
1.4668
1.46921
1.47016
1.46935
1.46788
1.46739
1.46909
1.47223
1.47551
1.47802
1.47997
1.48177
1.48409
1.4865
1.48837
1.48925
1.48914
1.489
1.48931
1.49088
1.49387
1.49725
1.50054
1.50328
1.50469
1.5053
1.50666
1.50874
1.51165
1.51504
1.51872
1.5232
1.5308
1.54478
1.56603
1.58935
1.60582
1.6119
1
1
1
1
1
1
1
1
1
1
1
1
1
1
1
1
1
1
1.07364
1.34374
1.40393
1.40916
1.41132
1.41228
1.41296
1.41377
1.41532
1.41798
1.42125
1.42409
1.42611
1.42745
1.42795
1.42751
1.42633
1.4261
1.42733
1.43006
1.43372
1.43752
1.44043
1.44204
1.44288
1.44356
1.44445
1.44564
1.44689
1.44788
1.44855
1.44922
1.45039
1.45231
1.45478
1.45741
1.45949
1.46086
1.46193
1.46368
1.46628
1.46878
1.46985
1.46917
1.46781
1.46751
1.46946
1.47293
1.47629
1.47856
1.48008
1.48147
1.4837
1.48632
1.48819
1.48884
1.48837
1.488
1.48844
1.49061
1.49411
1.4978
1.50093
1.50354
1.50488
1.5053
1.50666
1.50848
1.5109
1.51413
1.51816
1.52334
1.53143
1.54564
1.5667
1.58955
1.60564
1.61139
1
1
1
1
1
1
1
1
1
1
1
1
1
1
1
1
1
1
1.06961
1.34099
1.40441
1.40923
1.41103
1.41179
1.41256
1.41365
1.41553
1.41835
1.42154
1.42418
1.42599
1.42713
1.42749
1.4271
1.42619
1.42616
1.42759
1.43039
1.43395
1.43755
1.44031
1.44196
1.44293
1.44368
1.44456
1.44564
1.44676
1.4477
1.44845
1.44917
1.4503
1.45209
1.45443
1.45688
1.45878
1.4601
1.46125
1.46304
1.46566
1.4682
1.46932
1.46881
1.46764
1.46765
1.47
1.47382
1.47717
1.47915
1.4802
1.48113
1.48315
1.48587
1.48776
1.48827
1.48745
1.48683
1.48739
1.49009
1.49417
1.49834
1.50153
1.50405
1.50519
1.50532
1.50644
1.50789
1.50988
1.51304
1.51745
1.52349
1.53239
1.54685
1.56772
1.59
1.60546
1.61055
1
1
1
1
1
1
1
1
1
1
1
1
1
1
1
1
1
1
1.06449
1.33741
1.40486
1.40916
1.4107
1.41148
1.4123
1.41362
1.41578
1.41871
1.42177
1.42421
1.4258
1.42677
1.42707
1.4267
1.42599
1.42616
1.42782
1.43067
1.43413
1.43752
1.44011
1.44174
1.44281
1.44367
1.44458
1.44562
1.44663
1.44748
1.4482
1.44899
1.45021
1.45201
1.45428
1.45662
1.45833
1.45946
1.46059
1.46242
1.46509
1.4676
1.46866
1.46823
1.46727
1.46765
1.47041
1.47454
1.47791
1.4797
1.48039
1.48085
1.48249
1.48515
1.48717
1.48774
1.4867
1.4858
1.48633
1.48924
1.49387
1.49867
1.50227
1.50476
1.50553
1.50526
1.50592
1.50695
1.50867
1.51194
1.51672
1.52367
1.53343
1.54807
1.56886
1.59061
1.6053
1.60948
1
1
1
1
1
1
1
1
1
1
1
1
1
1
1
1
1
1
1.05829
1.33291
1.40507
1.40898
1.41035
1.41127
1.41223
1.41378
1.41619
1.41909
1.42185
1.42399
1.42539
1.42631
1.42665
1.42636
1.42585
1.42619
1.42803
1.43087
1.43418
1.43736
1.43976
1.44134
1.4425
1.44349
1.44451
1.44559
1.44651
1.44721
1.44784
1.44867
1.45013
1.45209
1.45438
1.45662
1.4582
1.45912
1.46009
1.46188
1.46456
1.46709
1.46814
1.46761
1.46668
1.4674
1.47049
1.4749
1.47844
1.48019
1.48058
1.48064
1.48167
1.48416
1.48642
1.48722
1.48625
1.48514
1.4854
1.48815
1.49312
1.4987
1.50299
1.50556
1.50586
1.50504
1.50504
1.50568
1.50733
1.51089
1.5161
1.5239
1.53431
1.54904
1.56985
1.59123
1.60511
1.6082
1
1
1
1
1
1
1
1
1
1
1
1
1
1
1
1
1
1
1.05107
1.32735
1.40482
1.40879
1.4102
1.4113
1.41245
1.41425
1.41673
1.41934
1.42167
1.42342
1.42471
1.42572
1.42619
1.42603
1.42574
1.42629
1.42827
1.43105
1.43414
1.43704
1.43923
1.44074
1.44194
1.4431
1.44432
1.44551
1.44638
1.44692
1.44737
1.44816
1.44988
1.45214
1.45464
1.45691
1.45838
1.4591
1.45984
1.46145
1.46403
1.46661
1.46777
1.46717
1.46612
1.46677
1.46993
1.47466
1.47862
1.48052
1.48065
1.48039
1.48089
1.48305
1.48563
1.48679
1.48604
1.48483
1.48472
1.48698
1.49202
1.49836
1.50353
1.50628
1.50611
1.50473
1.50395
1.50423
1.50588
1.50993
1.51564
1.52412
1.53488
1.54963
1.57047
1.59161
1.60483
1.60686
1
1
1
1
1
1
1
1
1
1
1
1
1
1
1
1
1
1
1.04295
1.32061
1.40398
1.40871
1.41033
1.41162
1.413
1.41494
1.41725
1.41935
1.42112
1.42252
1.42375
1.42489
1.42556
1.4256
1.42563
1.42657
1.42868
1.43129
1.43405
1.43658
1.43852
1.43994
1.44121
1.44256
1.444
1.44534
1.4462
1.44661
1.44684
1.44752
1.44948
1.45205
1.45485
1.45735
1.45885
1.45939
1.45985
1.46114
1.46348
1.46607
1.46738
1.46685
1.4657
1.46601
1.4689
1.47378
1.47825
1.48052
1.48062
1.48003
1.48014
1.48192
1.4849
1.48648
1.48603
1.48471
1.48419
1.48591
1.49086
1.4977
1.50359
1.50665
1.50622
1.50426
1.50279
1.5027
1.50441
1.50902
1.51529
1.52423
1.53515
1.54989
1.57058
1.59157
1.60442
1.60577
1
1
1
1
1
1
1
1
1
1
1
1
1
1
1
1
1
1
1.0342
1.3126
1.40269
1.40876
1.41083
1.41228
1.41383
1.4157
1.41752
1.41898
1.42024
1.42141
1.42263
1.42388
1.42477
1.42515
1.42565
1.42709
1.42924
1.4316
1.43396
1.43607
1.43774
1.43905
1.44038
1.44191
1.44357
1.44504
1.44592
1.44623
1.4463
1.44686
1.44903
1.45188
1.45493
1.4577
1.45941
1.45991
1.46008
1.46099
1.46297
1.46545
1.46687
1.46646
1.46525
1.46531
1.46791
1.4727
1.47736
1.47997
1.48034
1.47954
1.47937
1.48099
1.48428
1.48624
1.48604
1.48461
1.48373
1.48504
1.48985
1.49689
1.50314
1.50648
1.50604
1.50368
1.50169
1.5013
1.50304
1.50813
1.51489
1.52419
1.5352
1.54984
1.57026
1.59111
1.6038
1.60496
1
1
1
1
1
1
1
1
1
1
1
1
1
1
1
1
1
1
1.0251
1.30314
1.40126
1.40912
1.41157
1.41311
1.4147
1.41626
1.41746
1.4183
1.41924
1.42029
1.42154
1.42292
1.42397
1.42473
1.42583
1.4277
1.42982
1.43193
1.43391
1.43564
1.43704
1.43825
1.43961
1.44129
1.44311
1.44464
1.44553
1.4458
1.4458
1.44625
1.4484
1.45142
1.45471
1.45781
1.45983
1.46045
1.4605
1.46103
1.46256
1.46475
1.46615
1.46581
1.46462
1.46466
1.46711
1.47171
1.47625
1.47899
1.47967
1.47887
1.47868
1.48026
1.48377
1.48604
1.48598
1.48439
1.48337
1.48439
1.48901
1.49597
1.50224
1.50573
1.50542
1.50295
1.5007
1.50015
1.50184
1.50719
1.51432
1.52394
1.53503
1.54949
1.56962
1.59027
1.60298
1.60434
1
1
1
1
1
1
1
1
1
1
1
1
1
1
1
1
1
1
1.01603
1.29233
1.4004
1.40976
1.41225
1.41379
1.41523
1.41647
1.41705
1.41753
1.41833
1.41933
1.42061
1.4221
1.42325
1.42441
1.4261
1.42828
1.43034
1.43223
1.43391
1.43532
1.4365
1.43762
1.43901
1.4408
1.44271
1.44421
1.44505
1.44529
1.44531
1.44576
1.44769
1.45059
1.45394
1.45736
1.45987
1.4608
1.46095
1.4612
1.46223
1.46399
1.46523
1.46491
1.46383
1.4641
1.46651
1.47083
1.47521
1.47781
1.47854
1.47809
1.47801
1.47967
1.48333
1.48582
1.48578
1.48404
1.48307
1.48382
1.48811
1.49487
1.50099
1.50455
1.50444
1.50203
1.49979
1.49924
1.50086
1.50625
1.51357
1.52343
1.53458
1.54882
1.56871
1.58922
1.60209
1.60377
1
1
1
1
1
1
1
1
1
1
1
1
1
1
1
1
1
1
1.00773
1.28025
1.4005
1.41048
1.41253
1.41408
1.41534
1.41619
1.4164
1.41695
1.41773
1.41867
1.4199
1.42134
1.42265
1.42429
1.42658
1.42886
1.43076
1.43243
1.43389
1.4351
1.43611
1.43716
1.43859
1.44052
1.44246
1.44383
1.44451
1.44466
1.4447
1.44534
1.44723
1.44985
1.45287
1.45621
1.45915
1.46075
1.46122
1.46141
1.46198
1.46324
1.46423
1.46384
1.46293
1.46361
1.46603
1.47007
1.47426
1.47658
1.47733
1.4772
1.47727
1.47911
1.4829
1.48555
1.48543
1.48357
1.48276
1.48329
1.48705
1.4936
1.49951
1.50307
1.50315
1.50089
1.49892
1.49854
1.50012
1.50538
1.51265
1.5226
1.53372
1.54769
1.5675
1.58807
1.60116
1.60314
1
1
1
1
1
1
1
1
1
1
1
1
1
1
1
1
1
1
1.00163
1.26727
1.40108
1.41096
1.41248
1.4139
1.41488
1.41534
1.41584
1.41673
1.4175
1.4183
1.41933
1.42053
1.42209
1.42438
1.42716
1.42936
1.43105
1.4325
1.43376
1.43482
1.43575
1.43678
1.43832
1.44043
1.44239
1.44353
1.44387
1.44381
1.4439
1.4449
1.44694
1.44934
1.45193
1.45489
1.45781
1.45995
1.46101
1.46142
1.46176
1.4626
1.46327
1.46275
1.46206
1.46317
1.46561
1.46938
1.47342
1.47551
1.47625
1.47622
1.47641
1.47841
1.48236
1.48515
1.48488
1.48302
1.48231
1.48266
1.48594
1.49221
1.49797
1.50138
1.50158
1.49962
1.498
1.49793
1.49956
1.50458
1.51157
1.52136
1.5323
1.54606
1.56594
1.58677
1.60021
1.60255
1
1
1
1
1
1
1
1
1
1
1
1
1
1
1
1
1
1
1.00001
1.25329
1.40183
1.41089
1.41193
1.41307
1.41374
1.41432
1.41559
1.41679
1.41752
1.41809
1.41876
1.41963
1.42145
1.42447
1.42743
1.42959
1.43119
1.43246
1.43348
1.43435
1.43522
1.43638
1.43821
1.44053
1.44245
1.44326
1.44314
1.44276
1.44304
1.44451
1.44678
1.44905
1.45126
1.45373
1.45634
1.45848
1.45998
1.46091
1.46141
1.46211
1.46245
1.46182
1.46134
1.46275
1.46517
1.46871
1.47267
1.47468
1.47528
1.47521
1.47548
1.47747
1.48153
1.48448
1.48412
1.48244
1.48174
1.48195
1.48479
1.49068
1.49633
1.49955
1.49991
1.49826
1.49698
1.4973
1.4991
1.50386
1.51037
1.51967
1.53031
1.54397
1.56402
1.58523
1.59917
1.60203
1
1
1
1
1
1
1
1
1
1
1
1
1
1
1
1
1
1
1
1.23806
1.40241
1.40995
1.41072
1.41164
1.41233
1.41373
1.41569
1.41692
1.4175
1.41775
1.41798
1.41868
1.42086
1.42429
1.42728
1.42953
1.43122
1.43242
1.43317
1.43369
1.43439
1.43583
1.43816
1.44074
1.44254
1.4429
1.44228
1.44163
1.44228
1.44427
1.4467
1.44889
1.45083
1.45285
1.45504
1.45686
1.4584
1.45971
1.4607
1.46157
1.46181
1.46117
1.46088
1.46238
1.46472
1.46806
1.47194
1.47399
1.47439
1.47424
1.47451
1.47628
1.48027
1.48342
1.48314
1.48182
1.48115
1.48122
1.48363
1.48904
1.4946
1.49765
1.49823
1.49685
1.49583
1.49653
1.49858
1.50311
1.50906
1.51757
1.52772
1.54148
1.56183
1.58348
1.59796
1.60145
1
1
1
1
1
1
1
1
1
1
1
1
1
1
1
1
1
1
1
1.22134
1.4022
1.40837
1.40888
1.40993
1.41131
1.41375
1.41591
1.41689
1.41717
1.41706
1.41707
1.41796
1.42055
1.42383
1.42673
1.42915
1.43108
1.43236
1.43294
1.43305
1.43343
1.43511
1.43792
1.44073
1.44245
1.44237
1.44127
1.44072
1.44187
1.44421
1.44667
1.44877
1.45054
1.45217
1.45391
1.4553
1.45669
1.45816
1.45961
1.46081
1.46127
1.46076
1.46069
1.46214
1.46428
1.46736
1.47112
1.4733
1.47356
1.47333
1.47347
1.47485
1.47853
1.48187
1.48194
1.48118
1.48063
1.48053
1.48249
1.48728
1.49271
1.49571
1.49656
1.49542
1.49458
1.49555
1.49784
1.50222
1.50767
1.51521
1.52471
1.5386
1.55932
1.58151
1.59657
1.60078
1
1
1
1
1
1
1
1
1
1
1
1
1
1
1
1
1
1
1
1.20287
1.40019
1.40646
1.40686
1.40844
1.41094
1.41408
1.41598
1.41649
1.41634
1.41604
1.4163
1.41781
1.42049
1.42323
1.42577
1.42823
1.43046
1.43206
1.43269
1.43259
1.43281
1.43445
1.43729
1.44014
1.44178
1.44147
1.44027
1.4403
1.44192
1.44435
1.44671
1.44869
1.45029
1.45158
1.45292
1.45388
1.45513
1.45662
1.45824
1.45971
1.46056
1.46048
1.46074
1.46203
1.46389
1.4666
1.4702
1.4725
1.47274
1.47243
1.47233
1.47328
1.47635
1.47979
1.48042
1.48051
1.48019
1.47993
1.48143
1.48549
1.49072
1.49375
1.4949
1.49394
1.49321
1.49427
1.4967
1.50102
1.50612
1.51271
1.52144
1.53538
1.55645
1.5793
1.59503
1.59992
1
1
1
1
1
1
1
1
1
1
1
1
1
1
1
1
1
1
1
1.18266
1.39518
1.40478
1.40522
1.40756
1.41104
1.4143
1.41548
1.41541
1.41508
1.41515
1.41606
1.41817
1.42059
1.42271
1.4248
1.42706
1.42936
1.43121
1.43208
1.43221
1.43271
1.4342
1.43644
1.43869
1.44003
1.43983
1.43935
1.44031
1.44239
1.44478
1.44692
1.44867
1.44998
1.45089
1.45184
1.45262
1.45386
1.4553
1.4568
1.45827
1.4596
1.46021
1.4609
1.46205
1.46353
1.46577
1.46912
1.47147
1.47185
1.47149
1.47109
1.47164
1.47383
1.47725
1.47865
1.47976
1.47985
1.4794
1.4805
1.48374
1.48867
1.49178
1.49316
1.49233
1.49164
1.49266
1.49513
1.49949
1.50438
1.51017
1.51808
1.53193
1.55328
1.57679
1.59319
1.59863
1
1
1
1
1
1
1
1
1
1
1
1
1
1
1
1
1
1
1
1.16016
1.38681
1.40381
1.40428
1.40733
1.41126
1.4138
1.41412
1.41389
1.41397
1.41474
1.41651
1.41875
1.4207
1.42241
1.42421
1.42625
1.42831
1.42995
1.43095
1.43173
1.43279
1.43416
1.43568
1.437
1.43763
1.43755
1.4384
1.44053
1.44303
1.44537
1.44727
1.44866
1.4495
1.44998
1.45068
1.4516
1.45297
1.45428
1.45537
1.45658
1.45824
1.4597
1.46099
1.46212
1.4632
1.46488
1.46788
1.47023
1.47088
1.47053
1.46979
1.46986
1.47108
1.47442
1.47679
1.4789
1.47951
1.47884
1.47963
1.48209
1.48661
1.48978
1.49128
1.49051
1.48981
1.49069
1.49314
1.49758
1.50237
1.50752
1.51469
1.52834
1.54988
1.57398
1.59102
1.59692
1
1
1
1
1
1
1
1
1
1
1
1
1
1
1
1
1
1
1
1.13518
1.37519
1.40328
1.40408
1.4075
1.41096
1.41232
1.4124
1.41256
1.41343
1.41517
1.41734
1.41922
1.42073
1.42219
1.4239
1.42583
1.42759
1.42874
1.42973
1.43119
1.43279
1.43413
1.43495
1.43512
1.43482
1.43516
1.43765
1.44068
1.44356
1.44594
1.44761
1.44859
1.44873
1.44881
1.44945
1.45083
1.45242
1.45349
1.45394
1.45475
1.45657
1.45889
1.46087
1.46211
1.46277
1.46389
1.46647
1.46882
1.46983
1.46951
1.46842
1.46786
1.46827
1.47156
1.475
1.47791
1.47895
1.47821
1.47871
1.48056
1.48459
1.48772
1.48919
1.48838
1.48762
1.48833
1.49082
1.4954
1.50011
1.50476
1.51137
1.52474
1.54633
1.57082
1.58833
1.59446
1
1
1
1
1
1
1
1
1
1
1
1
1
1
1
1
1
1
1
1.1083
1.361
1.40292
1.40451
1.40767
1.40992
1.41053
1.41089
1.41191
1.41384
1.41624
1.41802
1.41942
1.42068
1.42206
1.42382
1.42573
1.42711
1.42777
1.42884
1.43071
1.43244
1.43365
1.43397
1.4332
1.43241
1.43357
1.43694
1.44055
1.44375
1.44626
1.44777
1.44828
1.44773
1.44744
1.44835
1.45028
1.45196
1.4527
1.4525
1.45289
1.45492
1.45786
1.46034
1.46177
1.46208
1.46276
1.46496
1.46736
1.46874
1.46848
1.46695
1.46564
1.46556
1.46899
1.47333
1.47679
1.47813
1.47737
1.47763
1.47906
1.48255
1.48553
1.48686
1.4859
1.48503
1.48562
1.48828
1.49296
1.49752
1.50177
1.50801
1.52111
1.54266
1.56734
1.58509
1.59123
1
1
1
1
1
1
1
1
1
1
1
1
1
1
1
1
1
1
1
1.08041
1.34412
1.40247
1.40502
1.40754
1.40868
1.40915
1.41006
1.41195
1.41467
1.417
1.41826
1.41936
1.42052
1.42197
1.42385
1.42565
1.42667
1.42728
1.42858
1.43033
1.43176
1.4327
1.43243
1.43118
1.43098
1.43294
1.43636
1.44007
1.4434
1.44609
1.44759
1.44762
1.44653
1.44615
1.44744
1.44976
1.45145
1.45165
1.45095
1.45113
1.45353
1.4568
1.45946
1.46099
1.46105
1.46145
1.46342
1.46597
1.46762
1.46741
1.4654
1.46328
1.46311
1.46681
1.47171
1.47549
1.47704
1.47629
1.47632
1.47747
1.48043
1.48318
1.48426
1.48305
1.48205
1.48263
1.48559
1.49028
1.49463
1.49859
1.50461
1.51745
1.53883
1.56344
1.58111
1.58701
1
1
1
1
1
1
1
1
1
1
1
1
1
1
1
1
1
1
1
1.05267
1.32403
1.40141
1.40538
1.40726
1.40771
1.40843
1.40997
1.4125
1.4153
1.41712
1.41798
1.41888
1.41999
1.42164
1.42371
1.42543
1.42645
1.4274
1.42875
1.43004
1.43097
1.43116
1.43028
1.42962
1.43063
1.43316
1.43626
1.43951
1.44252
1.44511
1.44667
1.44648
1.44525
1.44521
1.44678
1.44903
1.45057
1.45031
1.44925
1.44971
1.45242
1.45574
1.45836
1.45979
1.45968
1.45996
1.46186
1.46462
1.46643
1.46624
1.46377
1.46095
1.46101
1.46501
1.47006
1.47394
1.47562
1.4749
1.47472
1.47567
1.47822
1.48066
1.48132
1.47992
1.47879
1.4795
1.48269
1.48721
1.49133
1.4951
1.50097
1.51355
1.53467
1.55907
1.57646
1.58202
1
1
1
1
1
1
1
1
1
1
1
1
1
1
1
1
1
1
1
1.02684
1.30043
1.40034
1.40564
1.40683
1.4072
1.40822
1.41024
1.41297
1.4152
1.41653
1.41725
1.41796
1.41904
1.42076
1.42276
1.42464
1.42643
1.42807
1.42918
1.42967
1.42963
1.42882
1.42802
1.42872
1.43091
1.43369
1.43641
1.43907
1.44155
1.44368
1.44486
1.4447
1.44419
1.44474
1.44631
1.4481
1.44915
1.44858
1.4477
1.44867
1.45147
1.45469
1.45714
1.45831
1.45807
1.4584
1.46031
1.46324
1.46514
1.46486
1.46197
1.45886
1.45937
1.46349
1.46839
1.47215
1.4738
1.47313
1.47276
1.47359
1.47593
1.47796
1.47805
1.4766
1.47544
1.47632
1.4795
1.48373
1.48769
1.49145
1.49719
1.50938
1.53003
1.554
1.5709
1.57611
1
1
1
1
1
1
1
1
1
1
1
1
1
1
1
1
1
1
1
1.00647
1.27469
1.40003
1.40553
1.40624
1.40701
1.40836
1.41039
1.41239
1.41416
1.41553
1.41633
1.41704
1.41809
1.41948
1.42118
1.42368
1.42639
1.42849
1.42934
1.42904
1.42762
1.42622
1.42652
1.42851
1.43146
1.4343
1.43663
1.43858
1.44025
1.44165
1.44253
1.44293
1.44359
1.44458
1.44576
1.44691
1.44723
1.44662
1.44653
1.44796
1.45059
1.45361
1.45587
1.45668
1.45638
1.45686
1.4588
1.46176
1.46364
1.46316
1.45992
1.4571
1.4581
1.46218
1.46672
1.47012
1.4715
1.47084
1.47042
1.47124
1.47342
1.47508
1.47475
1.47308
1.4721
1.4731
1.47594
1.47971
1.48356
1.48739
1.49293
1.50458
1.52459
1.54811
1.56459
1.56963
1
1
1
1
1
1
1
1
1
1
1
1
1
1
1
1
1
1
1
1.00013
1.24781
1.39978
1.40438
1.40541
1.40684
1.40853
1.41026
1.41135
1.41291
1.4144
1.41547
1.41635
1.41722
1.41789
1.41958
1.42284
1.42619
1.42839
1.42903
1.42775
1.42527
1.42441
1.42586
1.42873
1.43202
1.43482
1.43679
1.43795
1.43857
1.43916
1.44012
1.44162
1.44319
1.44424
1.44483
1.44518
1.445
1.4449
1.44583
1.44742
1.44972
1.45247
1.45453
1.45495
1.45479
1.45547
1.45736
1.46017
1.46189
1.46111
1.45772
1.45563
1.45707
1.46102
1.46507
1.46786
1.46866
1.46802
1.46769
1.4687
1.47072
1.47197
1.47134
1.46947
1.46876
1.46976
1.47205
1.47527
1.47907
1.48308
1.48842
1.49929
1.51829
1.54108
1.5571
1.56204
1
1
1
1
1
1
1
1
1
1
1
1
1
1
1
1
1
1
1
1
1.21798
1.39735
1.40224
1.40429
1.40674
1.40883
1.40979
1.4105
1.41191
1.41335
1.41466
1.4158
1.41641
1.41671
1.41861
1.4219
1.42502
1.42702
1.42763
1.42609
1.42363
1.42374
1.42584
1.42914
1.43245
1.43513
1.43671
1.43687
1.43643
1.43679
1.43839
1.44072
1.44263
1.44346
1.44348
1.44295
1.44278
1.44394
1.44543
1.44695
1.44887
1.45122
1.45302
1.45313
1.45331
1.45423
1.45596
1.45844
1.45984
1.45873
1.45551
1.45429
1.45612
1.45989
1.46336
1.46543
1.46539
1.46476
1.46465
1.46595
1.46791
1.46868
1.46776
1.46584
1.46536
1.46619
1.46787
1.47043
1.47406
1.47808
1.48303
1.49276
1.51047
1.5326
1.54851
1.55369
1
1
1
1
1
1
1
1
1
1
1
1
1
1
1
1
1
1
1
1
1.18388
1.38988
1.40075
1.40388
1.40694
1.40893
1.40929
1.40992
1.41124
1.41273
1.41419
1.41537
1.41585
1.41619
1.41804
1.42091
1.42335
1.42494
1.42539
1.42433
1.42315
1.42378
1.42606
1.42936
1.43256
1.43499
1.43597
1.43528
1.4342
1.43503
1.43733
1.43998
1.4419
1.44229
1.44149
1.44037
1.44121
1.44341
1.44516
1.44659
1.44811
1.44985
1.45123
1.45128
1.45194
1.45306
1.45457
1.45658
1.45749
1.45608
1.45339
1.45301
1.45514
1.45864
1.4614
1.46272
1.46205
1.46135
1.46146
1.46307
1.46496
1.46518
1.46387
1.46211
1.46184
1.46233
1.46341
1.46533
1.46859
1.47259
1.47715
1.48553
1.50143
1.52237
1.53801
1.54313
1
1
1
1
1
1
1
1
1
1
1
1
1
1
1
1
1
1
1
1
1.14628
1.37662
1.40088
1.40464
1.40775
1.4092
1.40901
1.40946
1.41093
1.41262
1.41415
1.41522
1.41561
1.41594
1.41736
1.4195
1.42142
1.42275
1.42321
1.42306
1.42327
1.4243
1.42647
1.42935
1.43215
1.43417
1.43444
1.43329
1.43265
1.43413
1.43674
1.43921
1.44083
1.44042
1.43882
1.43816
1.44024
1.44294
1.44487
1.44624
1.4473
1.4483
1.44917
1.44945
1.45059
1.45183
1.45302
1.45447
1.4548
1.45324
1.45139
1.4517
1.45399
1.45705
1.45916
1.45974
1.4588
1.45813
1.4583
1.45995
1.46166
1.46145
1.45973
1.45833
1.45814
1.45815
1.4586
1.45993
1.46261
1.4662
1.46979
1.47617
1.48959
1.50927
1.52515
1.53076
1
1
1
1
1
1
1
1
1
1
1
1
1
1
1
1
1
1
1
1
1.10708
1.35825
1.40249
1.40647
1.4093
1.40984
1.40917
1.40933
1.41089
1.41279
1.41433
1.41534
1.41559
1.41564
1.41639
1.41804
1.41975
1.42099
1.42178
1.42265
1.42366
1.42501
1.42702
1.42945
1.43157
1.43287
1.43256
1.43141
1.43188
1.43388
1.43642
1.43837
1.43913
1.43796
1.43628
1.43672
1.43953
1.44244
1.44451
1.4457
1.44623
1.44659
1.44698
1.44776
1.44931
1.45053
1.45122
1.452
1.45179
1.45033
1.44959
1.45051
1.45257
1.45496
1.45653
1.4566
1.45592
1.45539
1.45545
1.45664
1.45769
1.45712
1.45536
1.45453
1.45445
1.45393
1.45359
1.45404
1.45576
1.45866
1.46147
1.46593
1.47656
1.49403
1.50839
1.51203
1
1
1
1
1
1
1
1
1
1
1
1
1
1
1
1
1
1
1
1
1.06737
1.33557
1.40518
1.40849
1.41057
1.41054
1.40959
1.40968
1.41124
1.41322
1.41466
1.41543
1.4154
1.41516
1.41539
1.4168
1.41864
1.42008
1.42132
1.4226
1.42398
1.42557
1.42746
1.4294
1.43076
1.43107
1.43053
1.43043
1.43171
1.43373
1.43573
1.43723
1.43711
1.43549
1.43441
1.43591
1.43895
1.44196
1.444
1.44489
1.4448
1.4445
1.44483
1.44632
1.44814
1.44914
1.44923
1.44917
1.44847
1.44751
1.44789
1.44941
1.45087
1.45237
1.45344
1.45357
1.45335
1.45301
1.4528
1.45332
1.45331
1.45227
1.45089
1.45058
1.45056
1.44968
1.44848
1.44787
1.44849
1.45001
1.4512
1.45257
1.45893
1.47292
1.48505
1.48585
1
1
1
1
1
1
1
1
1
1
1
1
1
1
1
1
1
1
1
1
1.02844
1.30727
1.40775
1.40972
1.41036
1.41033
1.40981
1.41013
1.41154
1.41307
1.41418
1.41475
1.41474
1.41453
1.41467
1.4161
1.41828
1.42007
1.42146
1.4227
1.42416
1.42598
1.42769
1.42888
1.4294
1.42929
1.42922
1.43051
1.43226
1.43358
1.43443
1.43501
1.4346
1.43338
1.43341
1.43555
1.43865
1.44152
1.4432
1.44356
1.44284
1.4422
1.44301
1.4453
1.4472
1.44769
1.44696
1.44572
1.44494
1.44507
1.44654
1.4483
1.4488
1.44925
1.44985
1.45078
1.45141
1.4512
1.4503
1.4494
1.44793
1.44688
1.44678
1.44736
1.44722
1.44558
1.44309
1.44095
1.44016
1.44041
1.44019
1.43937
1.4414
1.45068
1.46357
1.47536
1
1
1
1
1
1
1
1
1
1
1
1
1
1
1
1
1
1
1
1
1.00105
1.20667
1.39234
1.40672
1.40655
1.40727
1.40829
1.40906
1.40994
1.4109
1.41187
1.4129
1.41389
1.41467
1.41527
1.41635
1.41795
1.41953
1.42102
1.42253
1.42394
1.42492
1.42528
1.4253
1.42571
1.42698
1.4286
1.42985
1.43033
1.43017
1.4299
1.42998
1.43076
1.43209
1.43343
1.43492
1.43654
1.43805
1.43899
1.43891
1.43826
1.43833
1.43974
1.44171
1.44284
1.4424
1.44072
1.43881
1.43896
1.44063
1.44253
1.44345
1.44271
1.44187
1.4419
1.4435
1.44519
1.44551
1.4436
1.43979
1.43578
1.4342
1.4348
1.43596
1.43556
1.43322
1.42892
1.42411
1.41952
1.41482
1.40888
1.40052
1.39009
1.37782
1.35209
1.29014
1
1
1
1
1
1
1
1
1
1
1
1
1
1
1
1
1
1
1
1
1
1.03628
1.30626
1.39813
1.40298
1.40239
1.40294
1.40456
1.40648
1.40835
1.40981
1.41094
1.4117
1.41204
1.41249
1.41374
1.41532
1.41686
1.41817
1.41902
1.41911
1.41879
1.41886
1.42008
1.42189
1.42358
1.42468
1.42487
1.42428
1.42374
1.42448
1.42637
1.42865
1.43046
1.43127
1.43095
1.43038
1.43046
1.43122
1.4322
1.43297
1.43328
1.43334
1.43322
1.43299
1.43257
1.4323
1.43246
1.43288
1.43324
1.43324
1.43265
1.43208
1.43167
1.43133
1.43156
1.4316
1.43038
1.42755
1.42404
1.4208
1.41816
1.41596
1.41352
1.4105
1.4069
1.40227
1.39648
1.38892
1.37841
1.36428
1.3467
1.32553
1.29613
1.25329
1.18668
1
1
1
1
1
1
1
1
1
1
1
1
1
1
1
1
1
1
1
1
1
1.00033
1.12824
1.35934
1.39877
1.39825
1.3988
1.40084
1.4031
1.40497
1.40611
1.40651
1.40644
1.40662
1.40772
1.40944
1.41122
1.41277
1.41382
1.41405
1.41379
1.4136
1.41448
1.416
1.41746
1.41845
1.41866
1.41838
1.41825
1.41943
1.42147
1.42358
1.42513
1.426
1.42592
1.42489
1.42374
1.42378
1.42467
1.42573
1.42638
1.4262
1.42529
1.42422
1.424
1.42469
1.42598
1.42693
1.42666
1.4251
1.42268
1.42112
1.42094
1.42123
1.42107
1.41986
1.41708
1.41328
1.41013
1.40839
1.40697
1.40468
1.40024
1.39419
1.388
1.38238
1.37714
1.37142
1.36317
1.35098
1.3354
1.31561
1.29297
1.26454
1.23105
1.19334
1
1
1
1
1
1
1
1
1
1
1
1
1
1
1
1
1
1
1
1
1
1
1.00561
1.20195
1.38186
1.39501
1.39626
1.39811
1.40003
1.40138
1.40209
1.40215
1.40178
1.40171
1.40239
1.40387
1.40559
1.40722
1.40848
1.40921
1.40964
1.41021
1.41103
1.41195
1.41277
1.41327
1.41315
1.41277
1.41283
1.41417
1.41602
1.41759
1.41854
1.41895
1.41875
1.41805
1.41767
1.418
1.4185
1.41866
1.41839
1.41748
1.41641
1.41605
1.4165
1.41758
1.41857
1.41895
1.41814
1.41581
1.4129
1.41115
1.41054
1.41036
1.40943
1.40681
1.40275
1.39868
1.39574
1.39421
1.39348
1.39123
1.38588
1.37867
1.37125
1.36417
1.35742
1.35038
1.34135
1.32937
1.31518
1.29794
1.27906
1.25731
1.23593
1.21006
1
1
1
1
1
1
1
1
1
1
1
1
1
1
1
1
1
1
1
1
1
1
1.00002
1.01636
1.25012
1.38385
1.39367
1.39513
1.39634
1.39748
1.3984
1.39888
1.39894
1.39891
1.399
1.39941
1.40015
1.40114
1.40241
1.40381
1.405
1.40582
1.40643
1.40702
1.40766
1.40824
1.40853
1.40852
1.40833
1.40824
1.40889
1.4098
1.41049
1.41087
1.41088
1.41085
1.41104
1.41162
1.41199
1.41193
1.41143
1.41021
1.40896
1.40853
1.40877
1.4093
1.40958
1.40926
1.40797
1.40568
1.40357
1.40226
1.40143
1.40027
1.3979
1.39434
1.39037
1.38686
1.38401
1.38213
1.38104
1.37837
1.37277
1.36578
1.3585
1.35111
1.34361
1.33541
1.32615
1.31461
1.30221
1.28811
1.27315
1.25852
1.24364
1.22614
1
1
1
1
1
1
1
1
1
1
1
1
1
1
1
1
1
1
1
1
1
1
1
1.00011
1.03131
1.2751
1.38266
1.39031
1.39185
1.39326
1.3945
1.39513
1.39543
1.39562
1.39579
1.39602
1.39634
1.39681
1.39767
1.39888
1.39981
1.40037
1.40079
1.4013
1.40196
1.40271
1.4034
1.4037
1.40358
1.40299
1.40266
1.40292
1.40326
1.4034
1.40335
1.40328
1.40338
1.40387
1.40451
1.40488
1.40473
1.40392
1.40229
1.40069
1.4
1.39985
1.39978
1.39928
1.39779
1.39568
1.39388
1.39269
1.39181
1.39042
1.3878
1.38422
1.38033
1.37672
1.37352
1.37087
1.36879
1.36629
1.36119
1.35468
1.34779
1.34057
1.33326
1.32519
1.3168
1.3069
1.29654
1.28495
1.27347
1.26174
1.24923
1.2375
1
1
1
1
1
1
1
1
1
1
1
1
1
1
1
1
1
1
1
1
1
1
1
1
1.00032
1.04483
1.28344
1.37943
1.38901
1.3888
1.38917
1.38978
1.39056
1.39145
1.39219
1.39264
1.39269
1.3927
1.39293
1.39386
1.39485
1.39529
1.39546
1.39568
1.39612
1.39678
1.39757
1.39817
1.39823
1.39782
1.39724
1.39715
1.39721
1.39721
1.39695
1.3964
1.39597
1.39599
1.39651
1.39712
1.39729
1.39678
1.39528
1.39304
1.39132
1.39055
1.39025
1.38987
1.38874
1.38682
1.38474
1.383
1.38164
1.38039
1.37863
1.37583
1.37209
1.36801
1.3641
1.36049
1.35724
1.35452
1.35089
1.34546
1.33905
1.33212
1.3252
1.31779
1.31075
1.30314
1.29523
1.28617
1.27636
1.2658
1.25497
1.24463
1
1
1
1
1
1
1
1
1
1
1
1
1
1
1
1
1
1
1
1
1
1
1
1
1
1.00057
1.04734
1.27805
1.37592
1.38568
1.38455
1.38511
1.38637
1.38759
1.38824
1.38816
1.38777
1.38774
1.38844
1.38955
1.39035
1.39041
1.39
1.38992
1.39029
1.39107
1.39205
1.39278
1.39282
1.39226
1.39135
1.39112
1.39121
1.39134
1.3912
1.39052
1.38938
1.38876
1.38873
1.389
1.38923
1.38896
1.38783
1.38573
1.38338
1.38197
1.38129
1.38102
1.38053
1.37904
1.37669
1.3742
1.37209
1.37046
1.36918
1.36746
1.36434
1.36014
1.35562
1.35134
1.34733
1.34385
1.34084
1.33734
1.3322
1.3259
1.31943
1.31252
1.30614
1.29987
1.29414
1.2875
1.27909
1.2698
1.2601
1.25025
1
1
1
1
1
1
1
1
1
1
1
1
1
1
1
1
1
1
1
1
1
1
1
1
1
1
1.00067
1.04265
1.25833
1.36838
1.38096
1.38115
1.38248
1.38364
1.3841
1.38358
1.38276
1.38309
1.38403
1.38521
1.38581
1.38557
1.38462
1.38405
1.38443
1.38547
1.38683
1.3876
1.3875
1.38657
1.38504
1.38459
1.38479
1.38527
1.3855
1.38504
1.38376
1.38225
1.38157
1.38139
1.38146
1.38145
1.38073
1.379
1.37643
1.37435
1.37317
1.37265
1.37257
1.37178
1.36957
1.36659
1.3638
1.36153
1.35983
1.35862
1.35655
1.35294
1.34843
1.34377
1.33941
1.33537
1.33197
1.32933
1.32624
1.32121
1.31538
1.30895
1.30273
1.2966
1.29105
1.28607
1.28014
1.27244
1.26386
1.25491
1
1
1
1
1
1
1
1
1
1
1
1
1
1
1
1
1
1
1
1
1
1
1
1
1
1
1
1.00059
1.03444
1.22415
1.35804
1.3775
1.37888
1.37909
1.37942
1.37864
1.3781
1.37852
1.3795
1.38068
1.38115
1.38086
1.37962
1.37853
1.37875
1.37985
1.38141
1.38217
1.38199
1.38094
1.37893
1.37805
1.37814
1.37883
1.3795
1.3793
1.37827
1.37639
1.37503
1.37446
1.37435
1.37452
1.37415
1.37273
1.3703
1.36764
1.36594
1.36494
1.3647
1.36446
1.36274
1.35983
1.35661
1.35385
1.35161
1.35005
1.34876
1.34611
1.34222
1.33767
1.33322
1.329
1.32516
1.32207
1.31989
1.31679
1.31178
1.30592
1.29996
1.29395
1.2881
1.2828
1.27828
1.27307
1.26618
1.25848
1
1
1
1
1
1
1
1
1
1
1
1
1
1
1
1
1
1
1
1
1
1
1
1
1
1
1
1
1.0004
1.02297
1.17584
1.3418
1.37177
1.37574
1.37463
1.37375
1.37335
1.37364
1.37459
1.37589
1.37647
1.37639
1.37542
1.37389
1.37361
1.37432
1.37566
1.37643
1.37633
1.37554
1.37363
1.37212
1.37188
1.37234
1.3732
1.3733
1.37258
1.37091
1.36911
1.36819
1.36783
1.36796
1.36784
1.36667
1.36454
1.3617
1.3595
1.3581
1.3574
1.35726
1.35618
1.35364
1.35042
1.34739
1.3448
1.34273
1.34133
1.33957
1.33634
1.33236
1.32816
1.32406
1.32011
1.31656
1.3138
1.31149
1.30792
1.30284
1.29737
1.29176
1.28615
1.28071
1.27578
1.27151
1.26681
1.2608
1
1
1
1
1
1
1
1
1
1
1
1
1
1
1
1
1
1
1
1
1
1
1
1
1
1
1
1
1
1.00021
1.01178
1.11686
1.30802
1.36134
1.37279
1.37119
1.36897
1.36794
1.3684
1.36987
1.37128
1.37169
1.37146
1.37025
1.36901
1.36901
1.36971
1.37053
1.37073
1.37037
1.3691
1.36716
1.36632
1.36627
1.36681
1.36726
1.36684
1.36563
1.36375
1.36231
1.36156
1.36137
1.36141
1.36061
1.3588
1.35619
1.35369
1.35199
1.35086
1.35044
1.34988
1.34781
1.34487
1.34174
1.33902
1.33667
1.33492
1.33347
1.33081
1.32727
1.32354
1.31978
1.31602
1.31242
1.30919
1.30646
1.30367
1.29967
1.29488
1.28988
1.28483
1.27978
1.27482
1.27014
1.26582
1.26128
1
1
1
1
1
1
1
1
1
1
1
1
1
1
1
1
1
1
1
1
1
1
1
1
1
1
1
1
1
1
1.00007
1.00429
1.0652
1.24707
1.34996
1.36817
1.36667
1.36347
1.36315
1.36396
1.3656
1.36668
1.36694
1.36638
1.36491
1.36386
1.36383
1.3643
1.36508
1.36525
1.36459
1.36304
1.36143
1.36089
1.36085
1.36133
1.36137
1.36056
1.35892
1.35691
1.35563
1.35497
1.35493
1.35464
1.35322
1.35102
1.34843
1.34643
1.34498
1.34419
1.34389
1.3424
1.33981
1.33669
1.33386
1.33137
1.32937
1.32798
1.32581
1.32255
1.3191
1.31561
1.31213
1.30874
1.30563
1.30286
1.30009
1.29658
1.29238
1.28797
1.28347
1.27895
1.27448
1.26995
1.26534
1.26078
1
1
1
1
1
1
1
1
1
1
1
1
1
1
1
1
1
1
1
1
1
1
1
1
1
1
1
1
1
1
1
1.00001
1.00142
1.03198
1.16577
1.32125
1.35765
1.36152
1.35977
1.35957
1.35994
1.36117
1.36235
1.3622
1.36115
1.35921
1.35839
1.35841
1.35925
1.36011
1.35982
1.35886
1.35706
1.35578
1.35535
1.35552
1.35597
1.35551
1.35426
1.35218
1.35022
1.3491
1.34858
1.34858
1.34787
1.34613
1.34372
1.3414
1.33966
1.33844
1.33798
1.33712
1.33493
1.33209
1.3291
1.32652
1.32424
1.32263
1.32113
1.31841
1.31513
1.31178
1.30843
1.30518
1.30232
1.30009
1.2977
1.29405
1.28993
1.2857
1.2815
1.27741
1.27351
1.26984
1.26589
1.2614
1
1
1
1
1
1
1
1
1
1
1
1
1
1
1
1
1
1
1
1
1
1
1
1
1
1
1
1
1
1
1
1
1
1.00039
1.01042
1.08605
1.25538
1.34274
1.35604
1.35543
1.35441
1.35549
1.35733
1.35777
1.3574
1.35563
1.3538
1.35339
1.3538
1.35487
1.35506
1.3545
1.35308
1.35116
1.35027
1.35001
1.35034
1.35031
1.34939
1.34768
1.34538
1.34383
1.34287
1.34262
1.34253
1.34136
1.3394
1.33695
1.33488
1.33326
1.33224
1.33169
1.33017
1.32781
1.32492
1.3222
1.31972
1.31763
1.31621
1.31448
1.31164
1.30848
1.30529
1.30211
1.29915
1.29681
1.29482
1.29177
1.28795
1.28394
1.27986
1.2759
1.27222
1.26905
1.26593
1.26198
1
1
1
1
1
1
1
1
1
1
1
1
1
1
1
1
1
1
1
1
1
1
1
1
1
1
1
1
1
1
1
1
1
1
1.00006
1.00257
1.03873
1.15704
1.30548
1.34418
1.34916
1.35016
1.35129
1.35294
1.35294
1.35218
1.35006
1.34888
1.34875
1.34949
1.35026
1.3499
1.34878
1.34679
1.34548
1.34488
1.34494
1.34513
1.34443
1.34297
1.34084
1.33917
1.33805
1.33756
1.33748
1.3365
1.33476
1.33253
1.33035
1.32859
1.32725
1.32655
1.32551
1.32345
1.32096
1.31821
1.3157
1.31335
1.31155
1.3103
1.30834
1.3055
1.30246
1.29938
1.29632
1.29349
1.29124
1.2892
1.28609
1.28241
1.27853
1.27471
1.2711
1.26787
1.2652
1.26221
1
1
1
1
1
1
1
1
1
1
1
1
1
1
1
1
1
1
1
1
1
1
1
1
1
1
1
1
1
1
1
1
1
1
1
1.00001
1.00057
1.00978
1.07662
1.21717
1.32069
1.34035
1.34744
1.34984
1.34915
1.34801
1.34525
1.34401
1.34392
1.34497
1.34591
1.34535
1.34393
1.34175
1.34058
1.34005
1.34038
1.34053
1.33965
1.33799
1.33599
1.33465
1.33374
1.3335
1.33307
1.33163
1.32973
1.32772
1.326
1.32449
1.32334
1.32251
1.32107
1.31899
1.31669
1.3143
1.31199
1.30979
1.30797
1.30662
1.30484
1.30226
1.29945
1.29653
1.2936
1.29076
1.28827
1.28634
1.28399
1.28076
1.27723
1.27362
1.27016
1.26693
1.26416
1.26176
1
1
1
1
1
1
1
1
1
1
1
1
1
1
1
1
1
1
1
1
1
1
1
1
1
1
1
1
1
1
1
1
1
1
1
1
1
1.00006
1.00208
1.02565
1.11155
1.2537
1.32257
1.34269
1.34602
1.34312
1.33963
1.33892
1.3392
1.34114
1.34198
1.34124
1.33933
1.33682
1.33583
1.33562
1.33646
1.33644
1.33539
1.33341
1.33135
1.33013
1.32947
1.32956
1.32885
1.32729
1.32513
1.32318
1.32171
1.32066
1.32007
1.31884
1.31688
1.31462
1.31244
1.31038
1.3085
1.30688
1.30528
1.30336
1.30108
1.29865
1.29616
1.29365
1.29112
1.28859
1.28614
1.2838
1.28144
1.27874
1.27573
1.27259
1.26943
1.26633
1.26343
1.26088
1
1
1
1
1
1
1
1
1
1
1
1
1
1
1
1
1
1
1
1
1
1
1
1
1
1
1
1
1
1
1
1
1
1
1
1
1
1
1.00001
1.00028
1.00504
1.04343
1.14286
1.27267
1.32741
1.33766
1.33609
1.33531
1.33519
1.33725
1.3378
1.3371
1.33508
1.33232
1.33134
1.33123
1.33235
1.33242
1.33143
1.32942
1.32705
1.32577
1.32511
1.32537
1.32484
1.3234
1.32122
1.31906
1.31757
1.31654
1.31622
1.31514
1.31324
1.31092
1.30864
1.30666
1.30498
1.30388
1.30248
1.30027
1.29788
1.29544
1.29302
1.29071
1.28871
1.28682
1.28447
1.28179
1.27904
1.27633
1.27375
1.27132
1.26874
1.26584
1.26281
1.2598
1
1
1
1
1
1
1
1
1
1
1
1
1
1
1
1
1
1
1
1
1
1
1
1
1
1
1
1
1
1
1
1
1
1
1
1
1
1
1
1
1.00002
1.00076
1.00902
1.06039
1.16314
1.28155
1.32182
1.32886
1.3313
1.33299
1.33374
1.33307
1.33151
1.32868
1.32727
1.3269
1.32773
1.32844
1.32763
1.32601
1.32344
1.32182
1.32093
1.32102
1.32101
1.31984
1.31801
1.31559
1.31387
1.31257
1.31208
1.31151
1.30986
1.30777
1.30537
1.30338
1.30162
1.30049
1.29941
1.29742
1.29512
1.29266
1.29032
1.28809
1.28627
1.28474
1.28251
1.27988
1.27714
1.27447
1.27196
1.26975
1.26757
1.26484
1.26184
1.25881
1
1
1
1
1
1
1
1
1
1
1
1
1
1
1
1
1
1
1
1
1
1
1
1
1
1
1
1
1
1
1
1
1
1
1
1
1
1
1
1
1
1
1.00006
1.00145
1.01319
1.07187
1.17254
1.28127
1.31352
1.32467
1.32933
1.32975
1.32837
1.32635
1.32387
1.32292
1.32281
1.3237
1.32367
1.32261
1.32063
1.31841
1.31722
1.31664
1.31681
1.31623
1.31483
1.31272
1.31061
1.3091
1.30807
1.30766
1.30652
1.30473
1.30255
1.30046
1.29865
1.29721
1.29626
1.29468
1.29255
1.29022
1.28792
1.28574
1.28384
1.2824
1.28052
1.27805
1.27536
1.27273
1.27025
1.26807
1.26616
1.26379
1.26109
1.25839
1
1
1
1
1
1
1
1
1
1
1
1
1
1
1
1
1
1
1
1
1
1
1
1
1
1
1
1
1
1
1
1
1
1
1
1
1
1
1
1
1
1
1
1
1.00011
1.00205
1.01654
1.07548
1.17141
1.27417
1.30763
1.3196
1.32474
1.32459
1.32273
1.32031
1.31899
1.31826
1.31844
1.31865
1.31774
1.31615
1.31423
1.31303
1.31228
1.31215
1.31143
1.30996
1.30798
1.30613
1.30468
1.30366
1.30302
1.30168
1.29992
1.2979
1.29604
1.29433
1.29304
1.29188
1.29003
1.28791
1.2857
1.28359
1.2816
1.27997
1.2784
1.27619
1.27375
1.27131
1.2691
1.26729
1.26615
1.26524
1.26496
1.26554
1
1
1
1
1
1
1
1
1
1
1
1
1
1
1
1
1
1
1
1
1
1
1
1
1
1
1
1
1
1
1
1
1
1
1
1
1
1
1
1
1
1
1
1
1
1.00001
1.00016
1.00234
1.01733
1.07249
1.16406
1.26096
1.29891
1.31456
1.32065
1.32007
1.3169
1.31441
1.31347
1.3137
1.31437
1.31362
1.31214
1.30995
1.30863
1.30776
1.30766
1.307
1.30552
1.30351
1.30165
1.30024
1.29931
1.2987
1.29732
1.29555
1.29354
1.29172
1.29006
1.28885
1.28756
1.28566
1.28364
1.28159
1.27968
1.27799
1.27671
1.27538
1.27408
1.27386
1.27484
1.27822
1.28446
1.29343
1.30452
1.31677
1
1
1
1
1
1
1
1
1
1
1
1
1
1
1
1
1
1
1
1
1
1
1
1
1
1
1
1
1
1
1
1
1
1
1
1
1
1
1
1
1
1
1
1
1
1
1
1.00001
1.00018
1.00227
1.01602
1.06453
1.15112
1.23964
1.29215
1.31097
1.31428
1.3114
1.31012
1.30964
1.31086
1.31093
1.3097
1.3073
1.30513
1.30408
1.30389
1.30409
1.30298
1.30123
1.29888
1.29724
1.29607
1.29565
1.29486
1.29322
1.29119
1.2891
1.28737
1.28603
1.28517
1.28382
1.2822
1.28061
1.27995
1.28041
1.28337
1.28936
1.29836
1.31046
1.3248
1.34032
1.35583
1.36976
1.38117
1.38974
1
1
1
1
1
1
1
1
1
1
1
1
1
1
1
1
1
1
1
1
1
1
1
1
1
1
1
1
1
1
1
1
1
1
1
1
1
1
1
1
1
1
1
1
1
1
1
1
1
1.00001
1.00016
1.00193
1.01315
1.05334
1.13145
1.21663
1.28185
1.30031
1.30385
1.30563
1.30762
1.30847
1.30723
1.30514
1.30217
1.30073
1.30013
1.30071
1.30032
1.29891
1.2967
1.29458
1.29321
1.29246
1.29213
1.2908
1.28905
1.28698
1.28538
1.28425
1.28425
1.28553
1.28863
1.29526
1.30647
1.32203
1.34047
1.35948
1.37674
1.39086
1.40183
1.40999
1.41559
1.41955
1.42084
1.41985
1
1
1
1
1
1
1
1
1
1
1
1
1
1
1
1
1
1
1
1
1
1
1
1
1
1
1
1
1
1
1
1
1
1
1
1
1
1
1
1
1
1
1
1
1
1
1
1
1
1
1
1.00001
1.00012
1.00142
1.00949
1.04067
1.10824
1.18834
1.26128
1.28753
1.29728
1.30286
1.30464
1.30354
1.301
1.29828
1.29701
1.29656
1.297
1.29627
1.2948
1.29243
1.29055
1.28934
1.28902
1.28868
1.28772
1.28737
1.2888
1.29469
1.30733
1.3263
1.34863
1.37064
1.39003
1.406
1.41816
1.42707
1.43243
1.4338
1.43392
1.43398
1.43359
1.43222
1.42929
1.42603
1
1
1
1
1
1
1
1
1
1
1
1
1
1
1
1
1
1
1
1
1
1
1
1
1
1
1
1
1
1
1
1
1
1
1
1
1
1
1
1
1
1
1
1
1
1
1
1
1
1
1
1
1
1
1.00007
1.0009
1.00616
1.02828
1.08193
1.15711
1.23312
1.2715
1.28941
1.29847
1.2999
1.29769
1.29477
1.29344
1.29311
1.29366
1.29257
1.29074
1.28853
1.28745
1.28794
1.29196
1.30156
1.31834
1.3418
1.36924
1.3962
1.41711
1.43151
1.43921
1.44171
1.44366
1.44579
1.44551
1.44327
1.44053
1.43815
1.43672
1.43574
1.4331
1.42972
1.42654
1
1
1
1
1
1
1
1
1
1
1
1
1
1
1
1
1
1
1
1
1
1
1
1
1
1
1
1
1
1
1
1
1
1
1
1
1
1
1
1
1
1
1
1
1
1
1
1
1
1
1
1
1
1
1
1
1.00004
1.00049
1.00352
1.01761
1.05605
1.12362
1.19515
1.24948
1.28186
1.29175
1.29132
1.29018
1.28991
1.29061
1.29053
1.29011
1.29124
1.29972
1.32157
1.35374
1.38691
1.41467
1.43412
1.44694
1.45681
1.4615
1.46077
1.45824
1.45541
1.45359
1.45214
1.44885
1.44475
1.44119
1.43862
1.43755
1.43639
1.43344
1.43022
1.42735
1
1
1
1
1
1
1
1
1
1
1
1
1
1
1
1
1
1
1
1
1
1
1
1
1
1
1
1
1
1
1
1
1
1
1
1
1
1
1
1
1
1
1
1
1
1
1
1
1
1
1
1
1
1
1
1
1
1
1.00002
1.00022
1.00174
1.00971
1.03419
1.08839
1.15466
1.22108
1.26468
1.27652
1.28217
1.28468
1.29258
1.31757
1.35359
1.39395
1.42946
1.45422
1.4666
1.46835
1.46785
1.4681
1.46938
1.46861
1.46588
1.46313
1.46076
1.45943
1.45866
1.45562
1.45118
1.44705
1.44381
1.44199
1.44032
1.43702
1.43346
1.43032
1
1
1
1
1
1
1
1
1
1
1
1
1
1
1
1
1
1
1
1
1
1
1
1
1
1
1
1
1
1
1
1
1
1
1
1
1
1
1
1
1
1
1
1
1
1
1
1
1
1
1
1
1
1
1
1
1
1
1
1
1.00001
1.00009
1.00074
1.00464
1.01858
1.05561
1.11476
1.17944
1.23073
1.27815
1.38393
1.45248
1.47711
1.48714
1.49599
1.5012
1.49843
1.49321
1.48854
1.48557
1.48455
1.48247
1.47865
1.4752
1.47239
1.47065
1.4693
1.46637
1.46216
1.45789
1.45413
1.45143
1.44902
1.44554
1.44162
1.43797
1
1
1
1
1
1
1
1
1
1
1
1
1
1
1
1
1
1
1
1
1
1
1
1
1
1
1
1
1
1
1
1
1
1
1
1
1
1
1
1
1
1
1
1
1
1
1
1
1
1
1
1
1
1
1
1
1
1
1
1
1
1
1
1.00003
1.00027
1.00185
1.009
1.02967
1.07714
1.36341
1.53278
1.5538
1.55169
1.54328
1.53658
1.53166
1.52637
1.52075
1.51466
1.50859
1.50291
1.49774
1.4932
1.48907
1.48512
1.48119
1.47712
1.47307
1.46943
1.46622
1.46304
1.45981
1.45612
1.45189
1.44774
1.44423
1
1
1
1
1
1
1
1
1
1
1
1
1
1
1
1
1
1
1
1
1
1
1
1
1
1
1
1
1
1
1
1
1
1
1
1
1
1
1
1
1
1
1
1
1
1
1
1
1
1
1
1
1
1
1
1
1
1
1
1
1
1
1
1
1
1.00001
1.00009
1.00066
1.04146
1.43067
1.58553
1.58612
1.5788
1.56844
1.5586
1.55157
1.54673
1.54209
1.53609
1.52885
1.52167
1.51578
1.51142
1.50774
1.50327
1.49762
1.49178
1.4868
1.48308
1.48028
1.47722
1.4727
1.46748
1.46263
1.45883
1.45595
1.02282
0.868788
0.775094
0.696207
0.611086
0.557564
0.555165
0.54308
0.497383
0.470499
0.490933
0.526387
0.529996
0.531996
0.541889
0.565064
0.596858
0.616882
0.627039
0.635245
0.647579
0.661252
0.672186
0.692742
0.719895
0.738619
0.752863
0.774368
0.785726
0.789809
0.796608
0.811427
0.832317
0.851955
0.86483
0.871087
0.876647
0.881909
0.890874
0.902355
0.914217
0.925582
0.941569
0.95202
0.955078
0.959078
0.962622
0.966199
0.972138
0.981641
0.994912
1.00186
1.00702
1.00913
1.00863
1.0076
1.00743
1.00769
1.01019
1.01869
1.02632
1.02921
1.02932
1.02922
1.02793
1.02458
1.02256
1.02266
1.02565
1.02641
1.02497
1.02398
1.02199
1.0208
1.02057
1.02047
1.02016
1.02004
1.01899
1.01657
1.01557
1.01535
1.01565
1.01776
1.02138
1.02616
1.02923
1.02948
1.02893
1.02752
1.02705
1.02751
1.02875
1.03077
1.03381
1.03624
1.03709
1.03732
1.03638
1.0342
1.03259
1.03286
1.03594
1.03916
1.04178
1.04433
1.04673
1.04738
1.04718
1.04698
1.04667
1.04475
1.04296
1.04217
1.04181
1.04183
1.04326
1.04599
1.04836
1.05104
1.05303
1.05297
1.05234
1.05205
1.05213
1.05265
1.05397
1.05598
1.05702
1.05709
1.05703
1.05692
1.05667
1.05699
1.05922
1.06368
1.07293
1.09028
1.10999
1.11862
1.12207
1.12719
1.13662
1.15083
1.16766
1.18465
1.2013
1.21685
1.23211
1.24856
1.26663
1.28567
1.30419
1.32092
1.33512
1.34728
1.35798
1.36914
1.38183
1.39646
1.41061
1.42074
1.42653
1.43015
1.43221
1.43327
1.43411
1.43482
1.43604
1.43788
1.44037
1.44365
1.44672
1.45004
1.45533
1.45803
1.45709
1.45503
1.45188
1.44916
1.44669
1.44462
1.44279
1.44063
1.43788
1.43518
1.43345
1.43253
1.4336
1.43828
1.44241
1.44165
1.44059
1.43944
1.43716
1.4321
1.42221
1.41065
1.40555
1.40379
1.40253
1.40199
1.40386
1.4113
1.41838
1.41857
1.41754
1.41638
1.41445
1.40904
1.39721
1.38893
1.38755
1.38675
1.38584
1.38548
1.3879
1.39384
1.39636
1.39577
1.39536
1.395
1.39376
1.38863
1.37808
1.3725
1.37187
1.37141
1.37086
1.37089
1.37318
1.37798
1.37947
1.37872
1.37822
1.37731
1.37353
1.36362
1.35522
1.35337
1.35255
1.35223
1.3537
1.35922
1.36425
1.3645
1.36472
1.36451
1.36177
1.3532
1.34554
1.34459
1.3446
1.34488
1.34658
1.35128
1.35548
1.35602
1.35634
1.35637
1.35489
1.3493
1.34404
1.34364
1.34441
1.34551
1.34713
1.35012
1.35195
1.35202
1.35214
1.35173
1.34888
1.34261
1.3394
1.33915
1.33905
1.33916
1.3406
1.3431
1.34387
1.34342
1.3426
1.34122
1.33811
1.33278
1.32928
1.32788
1.32662
1.32565
1.32531
1.32533
1.32443
1.32112
1.31654
1.31097
1.30402
1.29731
1.29236
1.28888
1.28659
1.28575
1.286
1.28623
1.28475
1.28156
1.27779
1.27375
1.26921
1.26406
1.25884
1.25447
1.25182
1.25047
1.24843
1.24536
1.24248
1.23961
1.23703
1.23462
1.2324
1.23083
1.23054
1.23097
1.23012
1.22708
1.22371
1.22017
1.21694
1.21455
1.21235
1.21035
1.20937
1.20959
1.21036
1.20935
1.20587
1.20195
1.19814
1.19488
1.19203
1.18924
1.18687
1.18592
1.18601
1.18576
1.18285
1.17646
1.16737
1.1569
1.14752
1.14117
1.13816
1.13671
1.13572
1.13491
1.13432
1.1339
1.1331
1.13069
1.12548
1.11713
1.10552
1.09127
1.07803
1.07139
1.07037
1.07163
1.07448
1.0747
1.0747
1.07459
1.07371
1.07222
1.0714
1.07083
1.07027
1.07007
1.07103
1.07362
1.07459
1.07417
1.07377
1.07299
1.09384
1.02324
0.979931
0.944136
0.903382
0.86845
0.852305
0.828343
0.791005
0.761725
0.765955
0.764258
0.74978
0.724837
0.718942
0.721807
0.721166
0.714326
0.707702
0.702233
0.701733
0.70168
0.70235
0.702649
0.702117
0.701964
0.699397
0.698698
0.698901
0.700791
0.705175
0.711247
0.717125
0.719839
0.72152
0.724803
0.731091
0.737981
0.746345
0.758916
0.770144
0.777554
0.785893
0.79303
0.798506
0.805083
0.813218
0.82167
0.831502
0.844601
0.860607
0.87219
0.879418
0.885806
0.890213
0.893805
0.89811
0.903351
0.910858
0.924104
0.934962
0.939914
0.945672
0.95003
0.953848
0.956195
0.959521
0.96553
0.972347
0.975596
0.977132
0.977796
0.978478
0.980011
0.982277
0.984377
0.987286
0.988544
0.987996
0.98782
0.988305
0.989351
0.990908
0.993567
0.998763
1.00581
1.00766
1.00746
1.00685
1.00598
1.0058
1.00606
1.00699
1.00815
1.00954
1.01137
1.01168
1.01087
1.01044
1.00982
1.00912
1.00934
1.01231
1.0167
1.01967
1.02203
1.02492
1.02721
1.02762
1.02764
1.02744
1.02584
1.02429
1.02334
1.02275
1.02276
1.02433
1.02743
1.03006
1.03282
1.03534
1.03554
1.03518
1.03477
1.03471
1.03534
1.03674
1.03804
1.03856
1.03899
1.03947
1.04019
1.04157
1.04407
1.04819
1.05469
1.06584
1.08466
1.10781
1.12942
1.14786
1.16572
1.18373
1.20227
1.22002
1.23431
1.24512
1.25302
1.25696
1.26113
1.26829
1.28016
1.28786
1.29185
1.29418
1.29577
1.29832
1.30275
1.31034
1.32144
1.32853
1.33269
1.33631
1.3401
1.3443
1.34891
1.35242
1.35463
1.35563
1.35685
1.35924
1.36306
1.36912
1.37606
1.38063
1.382
1.382
1.38144
1.38092
1.38095
1.38094
1.3811
1.38207
1.38311
1.38374
1.38394
1.38419
1.38519
1.38753
1.39128
1.39408
1.39454
1.39509
1.39546
1.39532
1.39371
1.38912
1.38204
1.3769
1.37571
1.37555
1.37603
1.37902
1.38534
1.39238
1.39401
1.39324
1.39243
1.39107
1.38791
1.38038
1.372
1.37006
1.36981
1.36949
1.36941
1.37205
1.37809
1.38046
1.37974
1.37924
1.37869
1.37746
1.37368
1.36575
1.36033
1.35953
1.3592
1.35883
1.35871
1.36064
1.36505
1.36698
1.36662
1.36635
1.36569
1.36326
1.35599
1.34704
1.3444
1.34372
1.34334
1.34394
1.34788
1.35345
1.35458
1.35483
1.35492
1.35372
1.34797
1.33912
1.33653
1.33654
1.33679
1.33782
1.34144
1.34615
1.34748
1.3478
1.34803
1.34743
1.34349
1.33725
1.33578
1.33626
1.33723
1.33843
1.34108
1.34368
1.34412
1.34434
1.34427
1.34272
1.33747
1.33277
1.33207
1.33192
1.33186
1.33263
1.33485
1.33611
1.33579
1.33501
1.33383
1.33136
1.32657
1.32264
1.32112
1.31991
1.31889
1.31848
1.31854
1.31807
1.31543
1.31133
1.30641
1.30016
1.29369
1.28876
1.28515
1.28249
1.28114
1.2811
1.2813
1.28
1.27689
1.27323
1.26926
1.26502
1.26027
1.25543
1.25123
1.24849
1.24715
1.24546
1.2425
1.23951
1.23653
1.23376
1.23118
1.22869
1.22656
1.22553
1.22568
1.22556
1.22334
1.22016
1.21692
1.2135
1.2107
1.20846
1.20638
1.20478
1.2043
1.20457
1.2043
1.20182
1.19823
1.1947
1.19145
1.18841
1.18555
1.18313
1.18154
1.18089
1.18028
1.17815
1.17325
1.16587
1.15707
1.1487
1.14211
1.13831
1.13615
1.13471
1.13344
1.13219
1.13091
1.12937
1.12706
1.12318
1.11677
1.10741
1.0956
1.08363
1.07525
1.07234
1.07218
1.07236
1.07289
1.07356
1.07355
1.07314
1.07249
1.07145
1.07051
1.06976
1.06919
1.06901
1.06917
1.06979
1.07065
1.07075
1.07033
1.14317
1.10559
1.07685
1.04379
1.01763
1.00322
0.984957
0.95652
0.929076
0.921373
0.913484
0.900811
0.875024
0.856515
0.849152
0.841282
0.829461
0.812521
0.802835
0.796683
0.789338
0.780721
0.771637
0.768391
0.763265
0.755479
0.744292
0.734973
0.734573
0.735391
0.735674
0.733574
0.727297
0.717974
0.709508
0.707189
0.707526
0.709423
0.711579
0.714913
0.718803
0.71987
0.720606
0.723171
0.728453
0.734393
0.740443
0.748087
0.757096
0.766482
0.774625
0.779643
0.782467
0.785287
0.789104
0.793272
0.798224
0.804709
0.812673
0.823762
0.834414
0.84004
0.845382
0.851502
0.85975
0.867826
0.875066
0.884202
0.896328
0.903956
0.907558
0.910183
0.914526
0.92084
0.926596
0.930972
0.935207
0.939116
0.941425
0.942554
0.944417
0.947194
0.950166
0.954024
0.960605
0.967565
0.970455
0.971996
0.972221
0.972084
0.971772
0.971891
0.972935
0.973179
0.97257
0.972356
0.97217
0.9712
0.971161
0.971673
0.971754
0.972079
0.973851
0.977001
0.980405
0.984067
0.988036
0.991563
0.992965
0.992987
0.992704
0.991461
0.988216
0.985303
0.984714
0.984918
0.986296
0.989041
0.991946
0.99513
0.998961
1.00108
1.00221
1.00363
1.00589
1.00908
1.01285
1.01681
1.01979
1.02286
1.02692
1.03157
1.03716
1.04428
1.05284
1.06386
1.07853
1.09836
1.1239
1.1584
1.19951
1.22308
1.229
1.23167
1.23699
1.24297
1.24469
1.24378
1.24252
1.24186
1.24188
1.24479
1.24739
1.24596
1.24302
1.23924
1.23694
1.23697
1.23777
1.23762
1.23643
1.23519
1.23455
1.2357
1.23821
1.24222
1.24729
1.25072
1.25277
1.25486
1.2581
1.26359
1.27151
1.27917
1.28285
1.28491
1.28722
1.28962
1.29221
1.29489
1.29754
1.30009
1.30297
1.30685
1.31145
1.31512
1.31742
1.31922
1.32141
1.3237
1.32503
1.32591
1.32694
1.32833
1.33074
1.33295
1.33363
1.33386
1.33318
1.33091
1.32915
1.32929
1.33026
1.33241
1.33545
1.33899
1.34261
1.34418
1.34502
1.34537
1.34427
1.33969
1.33494
1.33434
1.33466
1.33518
1.33769
1.34284
1.34496
1.34506
1.3454
1.34526
1.34401
1.3413
1.33793
1.33504
1.33333
1.33304
1.33329
1.33392
1.33551
1.3386
1.34
1.33995
1.33993
1.3394
1.33794
1.3343
1.32775
1.32379
1.32319
1.3229
1.32283
1.32405
1.3279
1.33017
1.3303
1.33049
1.33018
1.32783
1.32133
1.3157
1.31508
1.31513
1.31544
1.31687
1.32065
1.32329
1.32369
1.32415
1.32415
1.32227
1.31651
1.31278
1.31271
1.31314
1.3138
1.31537
1.31825
1.31984
1.32021
1.32045
1.32002
1.3169
1.31145
1.30944
1.30907
1.30877
1.30886
1.31022
1.31178
1.3117
1.31097
1.30998
1.30808
1.30405
1.29994
1.29829
1.2972
1.29625
1.29597
1.2962
1.29619
1.29459
1.29155
1.28783
1.28293
1.27741
1.27313
1.26979
1.26691
1.26504
1.26459
1.26446
1.26279
1.25957
1.25588
1.25187
1.24795
1.24407
1.24019
1.23673
1.23439
1.23338
1.23229
1.22972
1.22661
1.22354
1.22068
1.21793
1.21516
1.21254
1.21037
1.20914
1.20871
1.2081
1.20622
1.20366
1.20099
1.19832
1.19591
1.19366
1.19155
1.18971
1.18824
1.18664
1.18465
1.18276
1.18131
1.17983
1.17749
1.1747
1.17191
1.16952
1.16757
1.16556
1.16308
1.15981
1.1558
1.1513
1.14661
1.14207
1.13784
1.13447
1.13162
1.12883
1.1264
1.12419
1.12181
1.11932
1.11679
1.11397
1.10979
1.10302
1.09436
1.086
1.08023
1.07609
1.07356
1.07221
1.07182
1.07232
1.07376
1.07399
1.07305
1.07185
1.07053
1.06856
1.06626
1.06518
1.06467
1.0646
1.06579
1.0672
1.18119
1.15731
1.13255
1.10653
1.08896
1.07014
1.04701
1.03152
1.02112
1.00597
0.985317
0.972806
0.96292
0.951268
0.933257
0.915824
0.907713
0.899579
0.890526
0.875199
0.866054
0.861809
0.855234
0.846532
0.833328
0.824892
0.822805
0.819328
0.814416
0.807225
0.802665
0.799358
0.792353
0.782709
0.7721
0.767915
0.767696
0.768475
0.766296
0.760448
0.755123
0.750347
0.744978
0.743028
0.742191
0.740832
0.740687
0.742792
0.746287
0.747096
0.746957
0.746083
0.743829
0.743369
0.744334
0.746477
0.747665
0.748966
0.750819
0.753203
0.756735
0.760572
0.765242
0.77123
0.779128
0.789261
0.799163
0.808827
0.819697
0.828841
0.836939
0.844536
0.851565
0.858688
0.868183
0.874343
0.878298
0.882611
0.886746
0.888285
0.890199
0.893733
0.898033
0.902245
0.90809
0.914706
0.918693
0.921454
0.924675
0.927433
0.928408
0.92919
0.930652
0.932366
0.932733
0.932449
0.932995
0.935586
0.93813
0.940087
0.941679
0.943048
0.944315
0.945926
0.948897
0.954326
0.959096
0.960622
0.961198
0.961488
0.961014
0.95807
0.952945
0.950986
0.95108
0.952012
0.954426
0.958048
0.962242
0.967834
0.974901
0.980549
0.984775
0.989732
0.996717
1.0042
1.01225
1.02068
1.02769
1.03551
1.04488
1.0514
1.05848
1.06723
1.07456
1.08298
1.09396
1.10703
1.12435
1.15663
1.21489
1.23306
1.23132
1.22782
1.22384
1.22071
1.21766
1.21315
1.20932
1.2079
1.20716
1.20792
1.21194
1.21346
1.2122
1.21094
1.20905
1.20618
1.20296
1.19925
1.1947
1.18917
1.18583
1.18542
1.18539
1.18658
1.18997
1.1924
1.19251
1.19177
1.19088
1.19124
1.19271
1.19378
1.19415
1.19391
1.19384
1.19569
1.19875
1.20261
1.20727
1.21243
1.21767
1.22337
1.22979
1.23566
1.23971
1.24236
1.24283
1.24286
1.24438
1.24653
1.24819
1.25015
1.25375
1.25955
1.26497
1.26837
1.27037
1.2705
1.26952
1.26814
1.26825
1.26968
1.2715
1.27403
1.27827
1.2831
1.28549
1.28659
1.28684
1.28553
1.28257
1.28185
1.28251
1.28409
1.28724
1.29147
1.29321
1.29413
1.29504
1.29524
1.29461
1.29449
1.29545
1.29589
1.29592
1.29569
1.29562
1.29653
1.29804
1.29956
1.30154
1.30391
1.3043
1.30433
1.30426
1.30362
1.30137
1.29744
1.29558
1.29559
1.29588
1.29626
1.29787
1.30109
1.30214
1.3022
1.30224
1.30146
1.29798
1.29163
1.28881
1.28865
1.28857
1.28867
1.2907
1.29402
1.29454
1.29474
1.29472
1.29352
1.28886
1.28337
1.28222
1.2821
1.28208
1.28244
1.28477
1.28692
1.28708
1.28722
1.28694
1.28482
1.27966
1.27618
1.27531
1.27473
1.27443
1.27509
1.27671
1.27695
1.27611
1.27503
1.27329
1.26963
1.26527
1.26333
1.26223
1.26125
1.26101
1.26149
1.26195
1.26097
1.25891
1.25649
1.25297
1.24878
1.24571
1.24325
1.24081
1.23893
1.23823
1.23774
1.23563
1.23226
1.22843
1.22436
1.22081
1.21775
1.21493
1.21243
1.21077
1.21032
1.20995
1.20789
1.20486
1.20183
1.19901
1.19642
1.19379
1.19123
1.1888
1.18665
1.18505
1.18421
1.18379
1.18278
1.18062
1.17828
1.17609
1.17386
1.17135
1.16867
1.16623
1.16393
1.1618
1.16028
1.1599
1.16029
1.16014
1.15792
1.15492
1.15189
1.14836
1.14536
1.14305
1.14084
1.13898
1.13779
1.13733
1.13644
1.13309
1.12854
1.12433
1.12035
1.11639
1.11325
1.11083
1.10835
1.10628
1.10542
1.10514
1.10332
1.09776
1.09144
1.08532
1.07935
1.07504
1.07261
1.07099
1.07054
1.07148
1.07326
1.07328
1.07195
1.07035
1.06779
1.06339
1.06065
1.05993
1.05956
1.06021
1.06222
1.20953
1.19018
1.17006
1.15286
1.13464
1.1165
1.10265
1.08778
1.06979
1.05561
1.04489
1.03209
1.01468
1.00081
0.992138
0.982403
0.969309
0.954974
0.947802
0.940831
0.932465
0.919048
0.907707
0.90305
0.897728
0.891463
0.881938
0.876165
0.872662
0.866819
0.859512
0.847736
0.838895
0.837148
0.833818
0.829557
0.824188
0.8197
0.814668
0.807699
0.799784
0.791345
0.786805
0.78618
0.786185
0.783979
0.780741
0.777195
0.775197
0.772285
0.767587
0.763645
0.761961
0.761264
0.761032
0.760495
0.758701
0.753596
0.750228
0.750293
0.750865
0.752143
0.755412
0.759906
0.762308
0.763107
0.763673
0.764446
0.766085
0.768978
0.773702
0.780671
0.787313
0.791944
0.797456
0.803254
0.807166
0.811337
0.817839
0.823873
0.829727
0.836641
0.845441
0.853472
0.860275
0.867194
0.874366
0.880466
0.886823
0.893787
0.896861
0.898159
0.899335
0.901377
0.902873
0.904053
0.905906
0.908378
0.911053
0.913703
0.916228
0.918535
0.920435
0.922473
0.926007
0.932574
0.937322
0.938337
0.938994
0.939931
0.940508
0.938867
0.937263
0.939009
0.942075
0.946456
0.95284
0.960672
0.970291
0.984437
0.999624
1.01074
1.01904
1.02766
1.03747
1.04438
1.05136
1.06078
1.06664
1.07084
1.07751
1.08401
1.08719
1.08974
1.09241
1.09576
1.10026
1.10817
1.11935
1.14022
1.1907
1.21693
1.21699
1.21361
1.20957
1.20612
1.20206
1.19724
1.19353
1.19139
1.19016
1.19072
1.19461
1.1967
1.1956
1.19433
1.19224
1.18881
1.1843
1.17887
1.17218
1.16642
1.16408
1.16339
1.16321
1.16426
1.16834
1.17238
1.17319
1.17289
1.17213
1.17102
1.16906
1.16582
1.16094
1.15779
1.15747
1.15734
1.15727
1.15786
1.1601
1.16387
1.16807
1.17126
1.17398
1.17655
1.17826
1.17856
1.17723
1.17424
1.17417
1.17637
1.17911
1.18234
1.18689
1.19408
1.20262
1.20866
1.21228
1.2145
1.21458
1.21317
1.21229
1.21309
1.21509
1.21779
1.22238
1.22917
1.23416
1.23636
1.23689
1.2364
1.23545
1.23548
1.23682
1.2393
1.24309
1.24696
1.24851
1.24905
1.24914
1.24855
1.24842
1.24949
1.25163
1.25337
1.25405
1.25461
1.25465
1.25468
1.25553
1.25694
1.25846
1.26044
1.26233
1.26304
1.26364
1.26385
1.26325
1.26079
1.2582
1.25774
1.2581
1.25879
1.26053
1.26406
1.26637
1.26675
1.26702
1.26676
1.26462
1.25968
1.25682
1.2565
1.25636
1.25668
1.2591
1.26277
1.26362
1.26352
1.26333
1.26204
1.25802
1.25329
1.25203
1.25165
1.25139
1.25189
1.2547
1.25707
1.257
1.25676
1.25607
1.25367
1.2488
1.24573
1.24483
1.24408
1.24369
1.2445
1.24694
1.24762
1.2467
1.24539
1.24346
1.23954
1.23507
1.23315
1.232
1.23095
1.23067
1.23141
1.23231
1.23155
1.22991
1.22805
1.22521
1.22202
1.21998
1.2183
1.21667
1.21542
1.21492
1.21418
1.21174
1.20831
1.20434
1.20027
1.19705
1.19443
1.19214
1.1904
1.1897
1.18982
1.18963
1.18762
1.18479
1.18163
1.17836
1.17571
1.17342
1.1712
1.16911
1.1672
1.16559
1.16453
1.16384
1.1627
1.16061
1.15817
1.15574
1.15322
1.1505
1.14746
1.14465
1.14254
1.14084
1.13949
1.13884
1.13899
1.1391
1.13748
1.13424
1.13063
1.12653
1.12303
1.12097
1.11931
1.11793
1.11756
1.11796
1.11823
1.11672
1.11313
1.1093
1.1053
1.10111
1.09772
1.09533
1.09318
1.09157
1.09117
1.09162
1.09167
1.08979
1.08641
1.08232
1.07739
1.07308
1.07052
1.06858
1.0673
1.06726
1.06897
1.0701
1.06947
1.06782
1.06553
1.06168
1.05767
1.05626
1.0558
1.05572
1.05659
1.2261
1.21113
1.19675
1.18292
1.16697
1.15275
1.13906
1.12347
1.11072
1.0988
1.08391
1.07047
1.06072
1.04984
1.03541
1.02343
1.0164
1.00843
0.998351
0.985986
0.978039
0.971359
0.963921
0.953511
0.944174
0.938939
0.93273
0.925128
0.91346
0.90629
0.902714
0.897686
0.891629
0.885298
0.88149
0.877133
0.871063
0.863827
0.85402
0.849002
0.846707
0.843456
0.839544
0.836211
0.834445
0.831778
0.827536
0.821971
0.814703
0.810548
0.809428
0.808366
0.80639
0.80416
0.801867
0.798376
0.79094
0.781473
0.778409
0.778018
0.777921
0.77738
0.777344
0.778081
0.777734
0.776441
0.774709
0.771946
0.769449
0.769367
0.769668
0.770688
0.771401
0.771377
0.770825
0.770817
0.771238
0.771615
0.772881
0.775103
0.777411
0.780615
0.785192
0.791048
0.797568
0.804731
0.81452
0.825486
0.832172
0.837497
0.842639
0.846843
0.851103
0.856575
0.862921
0.869403
0.876323
0.883915
0.889628
0.893156
0.896293
0.899462
0.902365
0.905689
0.911593
0.921931
0.930983
0.935196
0.938099
0.941066
0.943532
0.949618
0.957409
0.965858
0.974351
0.984374
0.996901
1.00865
1.02273
1.04163
1.05664
1.06399
1.06844
1.07406
1.07853
1.07958
1.08016
1.0833
1.08585
1.08899
1.09394
1.09664
1.09728
1.09791
1.0988
1.10003
1.10195
1.10601
1.11161
1.12042
1.14955
1.18829
1.20081
1.20029
1.1975
1.19376
1.18866
1.1831
1.17957
1.17684
1.17569
1.17779
1.18166
1.18168
1.18074
1.1795
1.17762
1.1752
1.17235
1.16839
1.16286
1.1586
1.15716
1.1563
1.1559
1.15706
1.16191
1.16738
1.16817
1.16778
1.16728
1.16588
1.16193
1.15461
1.14894
1.1473
1.14654
1.1462
1.14617
1.14681
1.14921
1.15267
1.1547
1.15483
1.15498
1.1551
1.15495
1.15376
1.15033
1.1458
1.14436
1.14443
1.14505
1.14661
1.14923
1.15392
1.15971
1.16314
1.16513
1.16682
1.16736
1.16564
1.16195
1.1616
1.16322
1.16583
1.16985
1.17591
1.18193
1.1852
1.18687
1.18736
1.18735
1.18853
1.19094
1.19417
1.19799
1.20037
1.20161
1.20251
1.20311
1.20386
1.20513
1.20708
1.21015
1.21412
1.21683
1.2177
1.21768
1.21744
1.21743
1.21816
1.21935
1.221
1.22352
1.22671
1.22816
1.22821
1.22792
1.2264
1.22438
1.22389
1.22419
1.22513
1.22719
1.23066
1.23314
1.23326
1.23323
1.23269
1.23043
1.22604
1.22355
1.22313
1.22292
1.22328
1.22552
1.2285
1.22887
1.22821
1.22725
1.22543
1.22158
1.21768
1.21655
1.21604
1.21578
1.21659
1.2193
1.22083
1.22035
1.21942
1.21806
1.21521
1.21104
1.20902
1.20827
1.20766
1.20767
1.20932
1.21214
1.21249
1.2113
1.20973
1.20749
1.20336
1.19959
1.19812
1.19704
1.19612
1.1961
1.19721
1.19792
1.19701
1.19537
1.19351
1.19099
1.18888
1.18763
1.18639
1.18541
1.18511
1.18507
1.18408
1.18144
1.17811
1.17418
1.1704
1.16774
1.16556
1.16357
1.16236
1.16221
1.16229
1.16128
1.15886
1.15607
1.15273
1.1495
1.14732
1.14563
1.14412
1.14276
1.14147
1.1401
1.13866
1.1371
1.13534
1.13346
1.13149
1.12929
1.12683
1.12423
1.12136
1.1185
1.11633
1.11471
1.11336
1.11245
1.11234
1.11244
1.11143
1.10876
1.10554
1.10179
1.0983
1.0961
1.09452
1.09336
1.09302
1.09343
1.09419
1.0936
1.0914
1.08874
1.08552
1.08193
1.0791
1.0771
1.0756
1.07471
1.07469
1.07533
1.07528
1.07417
1.07251
1.06998
1.06583
1.06202
1.05994
1.05848
1.05726
1.05679
1.05745
1.0591
1.05925
1.05829
1.05647
1.05361
1.04925
1.04594
1.04494
1.04448
1.0444
1.23442
1.22392
1.21376
1.20265
1.19009
1.17693
1.16386
1.15154
1.13937
1.12736
1.11735
1.10761
1.0959
1.08397
1.07418
1.06474
1.05357
1.04334
1.03742
1.03157
1.02321
1.01402
1.00645
0.998252
0.989036
0.977007
0.963894
0.958862
0.955033
0.949146
0.942819
0.939204
0.935513
0.930272
0.923338
0.911246
0.90212
0.899218
0.895153
0.891375
0.888609
0.886574
0.884539
0.881419
0.876265
0.865436
0.856504
0.853734
0.849873
0.847422
0.846437
0.845352
0.843878
0.841757
0.83855
0.831847
0.820606
0.81381
0.811566
0.810773
0.811236
0.810789
0.809027
0.808332
0.807542
0.805767
0.802741
0.79761
0.790441
0.783947
0.781281
0.780852
0.781473
0.781286
0.780562
0.780609
0.781136
0.781102
0.780655
0.77803
0.77572
0.775639
0.776332
0.778264
0.781844
0.786138
0.78873
0.789931
0.790841
0.791306
0.789683
0.790136
0.792933
0.797012
0.803519
0.813651
0.825627
0.836376
0.845154
0.853711
0.861759
0.868912
0.877589
0.887914
0.900087
0.91588
0.934057
0.950973
0.963075
0.97287
0.983454
0.994728
1.00606
1.01638
1.02474
1.03449
1.04522
1.05615
1.06786
1.08014
1.0859
1.08803
1.08973
1.09075
1.09163
1.09185
1.09184
1.09346
1.09611
1.09962
1.1041
1.10498
1.10497
1.10478
1.10439
1.10468
1.1057
1.10722
1.11044
1.11272
1.11862
1.14248
1.1761
1.18662
1.1857
1.18135
1.17465
1.169
1.16694
1.16594
1.16588
1.16821
1.17224
1.17408
1.17402
1.1735
1.17182
1.16935
1.16707
1.16446
1.16105
1.15868
1.15767
1.15689
1.15649
1.15771
1.16221
1.16558
1.16524
1.16499
1.16436
1.16198
1.15515
1.14657
1.14396
1.14355
1.1434
1.14354
1.14485
1.14871
1.15203
1.15198
1.15133
1.1503
1.14851
1.14655
1.14517
1.14422
1.14308
1.14106
1.13879
1.13821
1.1382
1.13834
1.13935
1.14212
1.14496
1.1457
1.14632
1.14658
1.14602
1.14228
1.13632
1.13467
1.1346
1.13503
1.13691
1.14099
1.14505
1.14676
1.14771
1.14808
1.1476
1.14621
1.1463
1.14743
1.14901
1.15048
1.15185
1.15329
1.15491
1.15672
1.15872
1.16121
1.16468
1.16865
1.17095
1.17178
1.17177
1.17147
1.17148
1.17249
1.17409
1.17602
1.1789
1.18321
1.18701
1.18862
1.1888
1.18828
1.18743
1.18721
1.18768
1.18903
1.19094
1.19399
1.19714
1.19793
1.19777
1.19705
1.19517
1.19287
1.19197
1.19179
1.1919
1.19278
1.19538
1.19753
1.19746
1.19648
1.19502
1.19267
1.189
1.18635
1.18534
1.18467
1.18458
1.18577
1.18852
1.18937
1.18851
1.18701
1.18504
1.18153
1.17749
1.17581
1.17491
1.17418
1.17432
1.17644
1.17919
1.17935
1.17808
1.17637
1.17384
1.16956
1.16618
1.16486
1.16382
1.1631
1.16324
1.16441
1.16475
1.1636
1.16172
1.15953
1.15691
1.1552
1.15414
1.15319
1.15284
1.15303
1.15324
1.15239
1.15018
1.14732
1.14368
1.1403
1.13805
1.13623
1.1347
1.13402
1.13409
1.1341
1.13275
1.13052
1.12796
1.12469
1.12174
1.12003
1.11869
1.11755
1.11675
1.11616
1.11528
1.11381
1.11206
1.11033
1.10882
1.10729
1.10553
1.1034
1.10105
1.09847
1.09581
1.09362
1.09194
1.09052
1.08955
1.08919
1.08911
1.08832
1.08632
1.08381
1.08069
1.07743
1.07514
1.07345
1.07208
1.07133
1.07127
1.07154
1.0712
1.06964
1.06767
1.06508
1.06194
1.05965
1.05817
1.05704
1.05655
1.05651
1.05625
1.05511
1.05378
1.05237
1.0501
1.04636
1.04329
1.04212
1.04144
1.04102
1.04096
1.04153
1.04235
1.0422
1.04123
1.03995
1.03821
1.03519
1.03151
1.02981
1.02926
1.02923
1.24052
1.23144
1.22322
1.21508
1.20565
1.19499
1.18397
1.17256
1.16086
1.15076
1.14192
1.13342
1.12516
1.11622
1.10573
1.09402
1.08551
1.07839
1.07013
1.06278
1.05717
1.05114
1.04361
1.03358
1.01976
1.00814
1
0.993183
0.988169
0.985029
0.982662
0.978642
0.972861
0.964239
0.954211
0.944625
0.937701
0.933807
0.931311
0.930647
0.929436
0.92605
0.921867
0.916532
0.907887
0.895927
0.887762
0.884688
0.882973
0.882843
0.882101
0.879681
0.8776
0.875451
0.872031
0.865298
0.855082
0.849358
0.847483
0.846271
0.846045
0.846402
0.844862
0.843119
0.841572
0.839477
0.835395
0.827107
0.817468
0.813483
0.812342
0.811912
0.812533
0.811925
0.810853
0.810174
0.809126
0.807513
0.804307
0.797409
0.792592
0.791697
0.791375
0.79168
0.793305
0.794343
0.794339
0.794123
0.792998
0.789409
0.787707
0.788279
0.790227
0.793277
0.796343
0.800112
0.806326
0.81289
0.818804
0.826843
0.837714
0.848918
0.861136
0.876446
0.893529
0.912107
0.932616
0.951626
0.967978
0.981479
0.991286
0.999293
1.00735
1.01478
1.02257
1.03252
1.04213
1.05149
1.06147
1.0673
1.07011
1.07199
1.07336
1.07402
1.07432
1.07579
1.0777
1.08008
1.08376
1.08822
1.09226
1.09473
1.09504
1.09489
1.09394
1.09276
1.09252
1.09305
1.09473
1.09594
1.09662
1.10013
1.11674
1.1437
1.16169
1.16676
1.16554
1.16426
1.16354
1.16375
1.16648
1.16915
1.16934
1.16885
1.1675
1.16413
1.15932
1.15751
1.15768
1.15831
1.15843
1.15798
1.15691
1.15613
1.15564
1.15574
1.15821
1.16027
1.15994
1.15988
1.1593
1.15642
1.14856
1.14129
1.14011
1.1401
1.14052
1.14245
1.14712
1.15373
1.15529
1.1543
1.15261
1.14868
1.14229
1.13905
1.13881
1.13881
1.139
1.13883
1.13769
1.13623
1.13575
1.1355
1.13566
1.13732
1.13869
1.1386
1.1387
1.13849
1.13681
1.13173
1.12687
1.12571
1.12514
1.12495
1.12602
1.12971
1.13302
1.13336
1.13324
1.13256
1.12999
1.12541
1.12328
1.12295
1.12284
1.12334
1.12456
1.12486
1.12501
1.12554
1.1265
1.12764
1.12881
1.12951
1.12959
1.12941
1.12854
1.12692
1.12636
1.12647
1.12736
1.12905
1.13176
1.13577
1.13948
1.14132
1.14212
1.14211
1.14107
1.1401
1.14039
1.14144
1.14303
1.14549
1.14897
1.15166
1.15248
1.15251
1.15201
1.15134
1.1513
1.15175
1.15251
1.15397
1.15647
1.15813
1.15822
1.15785
1.1566
1.1544
1.15245
1.15149
1.15093
1.15073
1.15126
1.15369
1.1558
1.15582
1.15484
1.15325
1.1508
1.14711
1.14428
1.14297
1.14214
1.14197
1.14304
1.14616
1.14742
1.14697
1.14566
1.14384
1.1408
1.13696
1.13488
1.13374
1.133
1.13305
1.13424
1.13497
1.13428
1.13257
1.13032
1.1274
1.12516
1.12387
1.12287
1.12253
1.12293
1.12404
1.12402
1.12273
1.12073
1.1178
1.11395
1.11116
1.10948
1.10819
1.10758
1.10784
1.10849
1.10793
1.1061
1.10381
1.10058
1.09656
1.09405
1.09272
1.09178
1.09149
1.09179
1.09197
1.0911
1.08933
1.08721
1.08474
1.08279
1.08148
1.08043
1.07925
1.07763
1.07567
1.07359
1.07154
1.06973
1.06821
1.06701
1.06614
1.06528
1.06394
1.06234
1.06053
1.0582
1.05557
1.0535
1.05197
1.05067
1.0497
1.0492
1.04897
1.04822
1.0467
1.04499
1.04266
1.03957
1.03732
1.03616
1.03535
1.03513
1.03522
1.03504
1.03397
1.03269
1.03125
1.02896
1.02562
1.02331
1.0226
1.02228
1.02219
1.02251
1.02398
1.02513
1.02513
1.0247
1.02404
1.02303
1.02092
1.0181
1.01705
1.01692
1.01698
1.24582
1.23696
1.22904
1.22241
1.21606
1.20832
1.19954
1.18966
1.17919
1.16949
1.16034
1.153
1.14697
1.13954
1.13144
1.12299
1.11322
1.10262
1.09565
1.08991
1.08276
1.07543
1.06856
1.06084
1.05163
1.04086
1.03021
1.02542
1.0222
1.01697
1.01206
1.00785
1.00273
0.995529
0.98499
0.975372
0.972206
0.970441
0.966502
0.962397
0.959923
0.957065
0.952041
0.944553
0.932677
0.924996
0.922059
0.918998
0.915311
0.912333
0.910838
0.90947
0.906876
0.903874
0.90041
0.895459
0.888084
0.880869
0.878206
0.876863
0.875843
0.875251
0.874285
0.872435
0.870095
0.866904
0.860442
0.848945
0.842287
0.840923
0.840021
0.839935
0.840874
0.839772
0.838934
0.838118
0.836387
0.833672
0.828065
0.820198
0.817733
0.816742
0.816197
0.815818
0.815819
0.815699
0.81481
0.813187
0.810748
0.810945
0.814472
0.819838
0.826782
0.834675
0.843608
0.856107
0.871479
0.884286
0.891732
0.901255
0.914789
0.919091
0.923456
0.933297
0.937544
0.941392
0.950317
0.956283
0.958192
0.960242
0.962899
0.966332
0.970267
0.974595
0.979877
0.986698
0.992487
0.995505
0.998014
0.999974
1.0015
1.00346
1.00626
1.00949
1.01328
1.01705
1.02112
1.02621
1.03361
1.04177
1.04555
1.04761
1.04925
1.05015
1.05057
1.0515
1.05327
1.05605
1.06114
1.06682
1.0688
1.0699
1.07201
1.0822
1.10326
1.12873
1.14699
1.15646
1.16273
1.16987
1.17347
1.17266
1.17107
1.16873
1.16403
1.15563
1.15034
1.14953
1.14933
1.15052
1.1536
1.15468
1.15464
1.15383
1.15259
1.15223
1.15248
1.15261
1.15261
1.15262
1.1521
1.14967
1.1433
1.13716
1.13619
1.13622
1.13723
1.14072
1.14722
1.15091
1.15052
1.14946
1.14727
1.14172
1.13433
1.13217
1.132
1.13237
1.13398
1.13381
1.13317
1.13268
1.13219
1.13185
1.13213
1.13235
1.13193
1.13154
1.13111
1.13021
1.12765
1.12253
1.11911
1.1181
1.11727
1.11693
1.11841
1.12258
1.12472
1.12449
1.12397
1.1226
1.11864
1.11314
1.11119
1.11062
1.11023
1.11048
1.11217
1.11326
1.11317
1.11332
1.11324
1.1126
1.11178
1.11099
1.11021
1.10931
1.10771
1.10506
1.10345
1.10309
1.10301
1.1034
1.10513
1.10814
1.1096
1.10955
1.10942
1.1089
1.10685
1.10353
1.10256
1.10252
1.10266
1.10365
1.10596
1.10876
1.1103
1.11085
1.11086
1.11019
1.10901
1.10876
1.10892
1.1094
1.11032
1.11179
1.11278
1.11285
1.11264
1.1118
1.11092
1.11046
1.11021
1.1102
1.11067
1.11185
1.11251
1.11243
1.11181
1.11095
1.10956
1.10793
1.10657
1.10564
1.10528
1.10555
1.10725
1.10837
1.10797
1.10685
1.10548
1.10348
1.10103
1.09967
1.09879
1.09816
1.09837
1.09999
1.10087
1.1003
1.09878
1.09649
1.09334
1.091
1.08993
1.08901
1.08849
1.08886
1.0907
1.0914
1.09069
1.08911
1.08687
1.08339
1.08026
1.0787
1.07753
1.0768
1.07701
1.07824
1.07829
1.07687
1.07478
1.07189
1.06782
1.0649
1.06375
1.06287
1.06255
1.06313
1.06395
1.06357
1.06214
1.06022
1.05772
1.0552
1.05381
1.05293
1.05222
1.05174
1.05105
1.04974
1.04805
1.04621
1.04447
1.04305
1.04193
1.04101
1.04007
1.0388
1.03743
1.03595
1.03419
1.03234
1.03089
1.02991
1.02912
1.02855
1.02848
1.02841
1.02761
1.0262
1.02448
1.02218
1.01998
1.01892
1.01846
1.01833
1.01879
1.01973
1.01979
1.01937
1.01863
1.01731
1.01493
1.01279
1.01219
1.01203
1.01194
1.01225
1.01384
1.0161
1.0167
1.01668
1.01663
1.01648
1.01581
1.01401
1.0123
1.01204
1.0121
1.01239
1.25038
1.24224
1.2346
1.22786
1.22238
1.2173
1.21069
1.20274
1.1938
1.18435
1.17555
1.16822
1.16221
1.15708
1.15096
1.14327
1.13455
1.12581
1.11685
1.10774
1.10155
1.09631
1.08959
1.08286
1.07696
1.07072
1.06386
1.05533
1.04596
1.04152
1.03779
1.03181
1.02552
1.02106
1.01605
1.01051
1.00398
0.998375
0.994578
0.990335
0.984678
0.978819
0.972875
0.967011
0.962394
0.958637
0.954586
0.950157
0.944614
0.939047
0.936959
0.934819
0.931329
0.92858
0.926096
0.922923
0.918976
0.913514
0.907324
0.902754
0.900824
0.899923
0.898524
0.896106
0.892782
0.888281
0.881706
0.875166
0.871306
0.869235
0.867769
0.867305
0.867459
0.866415
0.865621
0.86502
0.863603
0.861314
0.8572
0.852308
0.851103
0.851424
0.853381
0.855383
0.860111
0.863886
0.867977
0.87524
0.882046
0.892165
0.901838
0.907676
0.917904
0.926414
0.933536
0.946888
0.953691
0.957683
0.965178
0.967403
0.968067
0.968447
0.967382
0.964656
0.964951
0.966836
0.970029
0.973324
0.974608
0.97465
0.973945
0.971887
0.967933
0.96307
0.960771
0.960078
0.959541
0.959161
0.958852
0.958338
0.956837
0.954817
0.9542
0.954247
0.955039
0.957128
0.960877
0.966434
0.973463
0.978285
0.980006
0.980568
0.981828
0.98447
0.987852
0.992221
0.997423
1.00407
1.01516
1.02392
1.02726
1.03074
1.03204
1.03287
1.03897
1.05581
1.08316
1.11337
1.14161
1.16366
1.17128
1.17279
1.17142
1.16668
1.15956
1.15217
1.14969
1.14856
1.14782
1.1498
1.15421
1.15489
1.15518
1.15499
1.15237
1.14677
1.14417
1.1439
1.14382
1.14381
1.14364
1.14275
1.13944
1.13445
1.13274
1.13247
1.13287
1.13605
1.14094
1.14198
1.14122
1.14002
1.13743
1.13139
1.12468
1.1228
1.12246
1.12273
1.12507
1.12795
1.12807
1.12759
1.12632
1.12448
1.12338
1.12251
1.12176
1.1211
1.12028
1.11911
1.11659
1.11256
1.11065
1.10986
1.10919
1.10942
1.11231
1.11615
1.11661
1.116
1.11496
1.11226
1.10622
1.1014
1.10028
1.09968
1.09926
1.09977
1.1027
1.10515
1.10504
1.10429
1.10296
1.10094
1.09912
1.09796
1.09698
1.09589
1.09421
1.09192
1.09052
1.08994
1.08971
1.09002
1.09174
1.09407
1.09452
1.09426
1.09394
1.09305
1.09033
1.08621
1.08451
1.08403
1.08374
1.08398
1.08591
1.08891
1.0895
1.0892
1.08868
1.08724
1.08433
1.08249
1.08212
1.08191
1.08191
1.08252
1.08391
1.08458
1.08438
1.08371
1.08272
1.08128
1.07997
1.07926
1.0788
1.07826
1.07753
1.07695
1.07688
1.07723
1.07739
1.07689
1.07578
1.07486
1.07432
1.07387
1.07323
1.07218
1.07095
1.06964
1.0682
1.06682
1.06583
1.06522
1.06519
1.06603
1.06794
1.06847
1.06779
1.0663
1.06387
1.06032
1.05778
1.0567
1.05616
1.05598
1.05638
1.05844
1.05991
1.0596
1.05842
1.05668
1.05382
1.05063
1.04924
1.04858
1.04814
1.04833
1.04973
1.05026
1.0494
1.04762
1.04522
1.04183
1.03898
1.03787
1.03731
1.03719
1.03797
1.03955
1.03962
1.03871
1.03737
1.03538
1.03302
1.0316
1.03082
1.03022
1.03007
1.03021
1.03001
1.02903
1.02785
1.02668
1.02567
1.02473
1.02394
1.02344
1.02289
1.02206
1.02113
1.02008
1.01907
1.01828
1.01764
1.01708
1.01685
1.0171
1.01749
1.01722
1.01645
1.01532
1.01363
1.01223
1.01178
1.01147
1.01145
1.01224
1.01387
1.01426
1.0141
1.01374
1.01273
1.01063
1.0088
1.0085
1.0084
1.00839
1.00877
1.00996
1.01216
1.0134
1.01351
1.01353
1.0135
1.01313
1.01197
1.01033
1.00981
1.0099
1.01006
1.0105
1.25404
1.24686
1.2397
1.23306
1.22726
1.22258
1.21795
1.21186
1.20462
1.19644
1.1879
1.18033
1.17413
1.16905
1.16417
1.15824
1.15111
1.14273
1.13357
1.12548
1.11873
1.11257
1.1077
1.10392
1.09908
1.09337
1.08719
1.07975
1.07098
1.06195
1.05546
1.05209
1.0494
1.0448
1.04038
1.03625
1.03151
1.02585
1.0173
1.00936
1.00425
0.998658
0.994216
0.991455
0.989351
0.986696
0.983006
0.978515
0.972679
0.965582
0.958695
0.95493
0.95326
0.952107
0.949578
0.946281
0.943433
0.940273
0.935934
0.930209
0.92291
0.918048
0.91573
0.91346
0.910643
0.906632
0.903346
0.902034
0.90059
0.898924
0.8966
0.893826
0.893269
0.894019
0.894132
0.895733
0.897732
0.898952
0.902413
0.905444
0.90699
0.913017
0.918303
0.92538
0.935129
0.944386
0.958633
0.969531
0.976615
0.985502
0.987665
0.989156
0.992464
0.993855
0.997168
1.00265
1.00631
1.00731
1.00733
1.00594
1.00147
0.994027
0.988337
0.986565
0.985686
0.985526
0.988404
0.990242
0.988634
0.986436
0.983623
0.97811
0.968263
0.961191
0.959386
0.958308
0.957884
0.957693
0.956755
0.955542
0.953842
0.950554
0.948565
0.948345
0.948492
0.949313
0.951009
0.953042
0.953507
0.95325
0.95196
0.948465
0.944858
0.943941
0.94411
0.945012
0.946374
0.948887
0.954318
0.958587
0.9604
0.963176
0.966166
0.967979
0.969908
0.974311
0.984289
1.00374
1.0354
1.07024
1.10137
1.12483
1.1385
1.1446
1.14669
1.148
1.14901
1.14788
1.14563
1.14618
1.14987
1.15031
1.15015
1.14967
1.1463
1.1388
1.13473
1.13422
1.13419
1.13554
1.13665
1.13607
1.13469
1.13165
1.12888
1.12775
1.12734
1.12827
1.13025
1.13018
1.1294
1.12825
1.1259
1.12068
1.11503
1.11329
1.11279
1.11306
1.11585
1.11948
1.11957
1.11901
1.11768
1.11442
1.11149
1.11034
1.10956
1.10872
1.10765
1.10639
1.10427
1.10196
1.10106
1.10052
1.10037
1.10174
1.10448
1.10499
1.10421
1.10324
1.10179
1.09833
1.09269
1.08998
1.08934
1.08891
1.08909
1.09165
1.09588
1.09689
1.09629
1.09506
1.09241
1.08885
1.08696
1.08602
1.08513
1.084
1.08255
1.08142
1.0808
1.08052
1.0808
1.08219
1.0833
1.0831
1.08262
1.08206
1.08125
1.07948
1.07586
1.07263
1.07172
1.07122
1.07096
1.07166
1.07454
1.0768
1.07672
1.07626
1.07535
1.07281
1.06897
1.0675
1.06714
1.06688
1.06687
1.06762
1.06952
1.07065
1.07047
1.06988
1.06888
1.06679
1.06416
1.0629
1.06226
1.06166
1.06117
1.06088
1.06094
1.06184
1.0629
1.06283
1.06172
1.06013
1.05808
1.05546
1.05349
1.0524
1.05149
1.05054
1.04963
1.04898
1.0487
1.04884
1.05018
1.05161
1.05159
1.05066
1.04911
1.04649
1.0426
1.04003
1.03931
1.03876
1.03839
1.03875
1.04097
1.04277
1.04267
1.04181
1.04044
1.03795
1.03502
1.03379
1.0332
1.03277
1.03293
1.03439
1.0352
1.03472
1.03347
1.03164
1.02874
1.02633
1.02559
1.025
1.02476
1.02535
1.0272
1.02768
1.02717
1.0262
1.02477
1.02274
1.02144
1.02084
1.02027
1.02008
1.02037
1.02051
1.02
1.01907
1.0182
1.01763
1.01703
1.01656
1.01648
1.01656
1.0163
1.01557
1.01474
1.01375
1.0131
1.01258
1.0122
1.01211
1.01242
1.0131
1.01309
1.01268
1.01198
1.01063
1.00923
1.00874
1.00843
1.00832
1.00861
1.01026
1.01178
1.01187
1.01179
1.01117
1.00908
1.00675
1.00628
1.00624
1.00623
1.00652
1.00763
1.01007
1.01164
1.01182
1.01185
1.01186
1.01148
1.0102
1.0086
1.00821
1.00832
1.00849
1.00872
1.00932
1.25603
1.2502
1.24397
1.2377
1.23183
1.22661
1.2221
1.21749
1.21194
1.20544
1.19808
1.19048
1.18387
1.17839
1.17378
1.16899
1.16318
1.15634
1.14856
1.14062
1.13388
1.12865
1.12411
1.11987
1.1158
1.11116
1.1055
1.09814
1.08815
1.08072
1.07589
1.07123
1.06708
1.0641
1.06123
1.05688
1.05165
1.04558
1.03778
1.02937
1.02278
1.0186
1.01644
1.01461
1.01168
1.00886
1.00569
1.0015
0.995483
0.985837
0.978383
0.976391
0.973938
0.970754
0.968824
0.967492
0.96525
0.962288
0.958468
0.951915
0.942909
0.936523
0.933679
0.932684
0.93233
0.932741
0.935051
0.936532
0.936478
0.936963
0.937305
0.936335
0.938085
0.942854
0.94963
0.961131
0.975021
0.980697
0.985735
0.993189
0.99893
1.00088
1.00367
1.00942
1.01668
1.02755
1.03811
1.04138
1.04214
1.0411
1.03561
1.02914
1.0275
1.02722
1.02865
1.0323
1.03282
1.03102
1.02822
1.02344
1.0149
1.0064
1.00363
1.00227
1.00134
1.00221
1.00459
1.00354
1.00183
0.999928
0.995401
0.984121
0.974921
0.973052
0.971933
0.971572
0.973164
0.9737
0.972457
0.971069
0.969153
0.964757
0.960308
0.959129
0.958379
0.95782
0.957007
0.956087
0.955132
0.953801
0.950894
0.945313
0.941685
0.940766
0.940285
0.940559
0.942254
0.944849
0.945938
0.945717
0.94504
0.943495
0.940886
0.939063
0.938194
0.937361
0.937219
0.938915
0.943389
0.95075
0.963947
0.986314
1.0148
1.04483
1.07679
1.09796
1.1139
1.12615
1.133
1.13803
1.14159
1.14207
1.14088
1.13914
1.13605
1.13121
1.12857
1.12743
1.12688
1.12732
1.12902
1.12923
1.12851
1.12687
1.12375
1.12083
1.11956
1.11891
1.1186
1.11793
1.11706
1.11594
1.11401
1.11006
1.10615
1.10484
1.10433
1.10477
1.10727
1.10849
1.10785
1.1071
1.10562
1.10225
1.09925
1.09812
1.0974
1.09655
1.09532
1.09395
1.09247
1.09165
1.09113
1.09086
1.09132
1.09278
1.09326
1.09263
1.09169
1.09045
1.08817
1.0838
1.08014
1.07929
1.07895
1.07906
1.08111
1.08544
1.08734
1.08681
1.08562
1.08317
1.0787
1.07527
1.07435
1.07382
1.0736
1.07398
1.07394
1.07355
1.07332
1.07345
1.07421
1.07468
1.07429
1.07372
1.07307
1.07214
1.07046
1.06716
1.06355
1.06245
1.06204
1.06179
1.0622
1.06452
1.06734
1.06751
1.06685
1.066
1.06405
1.05969
1.05599
1.05516
1.05482
1.05464
1.05508
1.05729
1.06012
1.06057
1.06014
1.05922
1.05706
1.05347
1.0513
1.05066
1.05018
1.0497
1.0495
1.04956
1.05038
1.05229
1.05317
1.05293
1.05177
1.0496
1.04639
1.04351
1.04218
1.04135
1.04049
1.03965
1.039
1.0387
1.03885
1.04043
1.04225
1.04226
1.04135
1.0398
1.03718
1.03349
1.03092
1.03004
1.02945
1.02915
1.02932
1.0309
1.03312
1.03336
1.03282
1.03165
1.02939
1.02646
1.02487
1.02438
1.02405
1.02417
1.02565
1.027
1.02685
1.02597
1.02474
1.0227
1.02009
1.01866
1.01811
1.01774
1.01801
1.01978
1.02091
1.02071
1.02
1.01902
1.01745
1.01595
1.01532
1.01485
1.01466
1.01499
1.01539
1.01513
1.01441
1.01356
1.01276
1.0123
1.01189
1.01172
1.01187
1.01228
1.01218
1.01173
1.01116
1.01032
1.00966
1.00927
1.00902
1.00916
1.01008
1.01043
1.01024
1.00985
1.00911
1.00779
1.00695
1.00675
1.00661
1.00677
1.00819
1.00977
1.00991
1.00984
1.00953
1.0081
1.00569
1.00477
1.00478
1.00478
1.00502
1.00616
1.00883
1.01052
1.01068
1.01072
1.01073
1.01042
1.00928
1.00772
1.00724
1.00732
1.00745
1.00761
1.00784
1.00842
1.2563
1.25168
1.24677
1.24153
1.23606
1.23066
1.2256
1.22101
1.21653
1.2115
1.20569
1.1992
1.19256
1.18656
1.18136
1.17684
1.1723
1.16701
1.16097
1.15434
1.14776
1.142
1.13712
1.13303
1.12917
1.12473
1.11937
1.11263
1.10439
1.09697
1.09167
1.08793
1.08485
1.0809
1.07649
1.07232
1.06788
1.06245
1.05538
1.04738
1.0426
1.03907
1.03534
1.03214
1.02964
1.02691
1.02349
1.01916
1.01292
1.00431
0.997535
0.994
0.991445
0.989805
0.988961
0.987801
0.986261
0.984378
0.981405
0.975457
0.968674
0.967306
0.967604
0.969703
0.974698
0.981879
0.991292
1.00191
1.00658
1.00943
1.01249
1.01648
1.02204
1.02818
1.03659
1.04908
1.06059
1.06455
1.0657
1.06469
1.06049
1.05798
1.05864
1.06041
1.06452
1.07123
1.07359
1.0727
1.07
1.06417
1.05414
1.0474
1.0454
1.04387
1.04373
1.04545
1.04424
1.04215
1.0395
1.03366
1.02375
1.01928
1.01785
1.01669
1.01639
1.01826
1.01843
1.01689
1.01512
1.01185
1.00326
0.99325
0.990704
0.98964
0.98886
0.989651
0.991835
0.991257
0.989911
0.988433
0.985815
0.980026
0.974807
0.973195
0.97206
0.971192
0.97008
0.968655
0.967094
0.964987
0.960925
0.955829
0.953959
0.952901
0.95179
0.950932
0.950062
0.948951
0.947806
0.946457
0.944493
0.940647
0.935621
0.933833
0.933437
0.933415
0.933595
0.933989
0.933877
0.933508
0.93294
0.932184
0.933559
0.938395
0.950496
0.970603
0.995736
1.02565
1.05605
1.07769
1.09444
1.10893
1.11488
1.11822
1.12191
1.12285
1.12255
1.12041
1.11895
1.11883
1.11927
1.11928
1.11877
1.11737
1.11471
1.11084
1.10847
1.10746
1.10684
1.10648
1.1057
1.10466
1.10315
1.10061
1.09817
1.09711
1.09652
1.09669
1.09789
1.09772
1.09685
1.09594
1.09438
1.09106
1.08813
1.08715
1.08664
1.08622
1.08498
1.08368
1.08271
1.08203
1.08161
1.0816
1.08172
1.08147
1.08099
1.08019
1.07906
1.07735
1.07432
1.07095
1.06986
1.06951
1.06957
1.07139
1.0748
1.07584
1.0752
1.07427
1.07267
1.06921
1.06488
1.06326
1.06272
1.06239
1.06277
1.06499
1.06655
1.06637
1.06566
1.06452
1.06325
1.06249
1.06192
1.06136
1.06067
1.05965
1.05781
1.05522
1.05398
1.05356
1.05333
1.05376
1.05549
1.05672
1.05637
1.05568
1.05498
1.05394
1.05147
1.04769
1.04604
1.04572
1.04558
1.04598
1.04812
1.05158
1.05254
1.05207
1.05105
1.04884
1.04479
1.04179
1.04105
1.04066
1.04033
1.04032
1.04101
1.04322
1.04517
1.0454
1.04485
1.0434
1.04086
1.03747
1.03511
1.03405
1.03327
1.03241
1.03172
1.03147
1.03172
1.03294
1.03411
1.03416
1.03339
1.03229
1.0309
1.02866
1.02574
1.02368
1.02297
1.0226
1.02264
1.02391
1.02608
1.02659
1.02617
1.02534
1.02429
1.02262
1.0203
1.01852
1.01803
1.0178
1.01795
1.01954
1.02155
1.02162
1.02104
1.01992
1.01778
1.01516
1.01391
1.01346
1.01315
1.01344
1.01526
1.01641
1.01619
1.01557
1.01465
1.01311
1.01186
1.01147
1.01119
1.01115
1.01179
1.01242
1.01222
1.01161
1.01082
1.00989
1.0094
1.00908
1.00894
1.0091
1.00962
1.00968
1.00941
1.00893
1.0084
1.00798
1.00762
1.00737
1.00737
1.00805
1.00866
1.00858
1.00834
1.0078
1.00659
1.00571
1.00564
1.00559
1.00575
1.00684
1.00807
1.00817
1.00811
1.00791
1.00692
1.00488
1.00367
1.00366
1.0037
1.0039
1.00488
1.00739
1.00924
1.00948
1.00954
1.00957
1.00935
1.00829
1.00673
1.00622
1.00627
1.00636
1.00646
1.00659
1.00684
1.00764
1.25668
1.25206
1.24777
1.24379
1.23958
1.23473
1.22952
1.22435
1.21959
1.21522
1.21077
1.20574
1.20011
1.19414
1.18841
1.18335
1.17907
1.17522
1.17079
1.16557
1.15964
1.15341
1.14795
1.14339
1.13942
1.1355
1.13089
1.12516
1.11759
1.11032
1.10616
1.10227
1.09829
1.0947
1.09092
1.0862
1.08028
1.07468
1.06967
1.06493
1.06033
1.05592
1.05201
1.04853
1.04495
1.04124
1.0377
1.03396
1.0295
1.02377
1.02022
1.01828
1.01665
1.01664
1.01688
1.01905
1.02276
1.02542
1.02635
1.02753
1.0315
1.03744
1.04295
1.04972
1.0605
1.0693
1.07839
1.0876
1.08981
1.09164
1.09341
1.09314
1.09268
1.09379
1.09635
1.10113
1.10527
1.10546
1.10376
1.10024
1.0942
1.0887
1.08674
1.08558
1.08618
1.08801
1.08646
1.08402
1.08073
1.07488
1.06518
1.05921
1.05727
1.05572
1.05499
1.05506
1.05371
1.05183
1.04937
1.04429
1.03703
1.0342
1.03294
1.03197
1.03181
1.03148
1.03008
1.02834
1.02582
1.02037
1.01191
1.00842
1.00727
1.00619
1.00563
1.0066
1.00693
1.00565
1.00423
1.00237
0.998593
0.991727
0.987547
0.986067
0.984714
0.983325
0.981938
0.980507
0.978904
0.976745
0.973002
0.968475
0.966385
0.965083
0.963738
0.962353
0.960975
0.959605
0.958164
0.956306
0.952947
0.946757
0.942339
0.940964
0.939869
0.938919
0.938018
0.937004
0.935992
0.934733
0.932655
0.92893
0.927588
0.927774
0.928262
0.929738
0.932529
0.936
0.942566
0.95497
0.972422
0.995434
1.02248
1.04407
1.06291
1.08254
1.09665
1.10089
1.10448
1.10612
1.10665
1.1067
1.10628
1.10519
1.1036
1.10133
1.0991
1.09768
1.0968
1.09644
1.0961
1.09536
1.09429
1.09235
1.08958
1.08799
1.0871
1.08655
1.08681
1.08663
1.08568
1.0846
1.08304
1.08039
1.07824
1.07743
1.07696
1.0772
1.07754
1.07683
1.07563
1.07424
1.07281
1.07188
1.07122
1.0706
1.06984
1.0688
1.06732
1.06498
1.06236
1.06128
1.06089
1.06084
1.06209
1.06492
1.06581
1.06532
1.06463
1.06334
1.06036
1.05592
1.05371
1.05309
1.05271
1.05281
1.05456
1.05773
1.05844
1.0579
1.05679
1.05468
1.05246
1.05138
1.05075
1.05013
1.04939
1.04827
1.04671
1.04573
1.04534
1.04522
1.0456
1.04692
1.04752
1.04708
1.04655
1.04588
1.04469
1.04227
1.03913
1.03783
1.03756
1.03748
1.03807
1.0403
1.04255
1.04261
1.04187
1.04099
1.03951
1.03653
1.03364
1.03282
1.03254
1.0324
1.03254
1.03378
1.03674
1.03849
1.03837
1.03746
1.03578
1.03291
1.02968
1.02791
1.02715
1.0265
1.02593
1.02577
1.02605
1.0272
1.02869
1.02907
1.02872
1.0277
1.02633
1.02438
1.02169
1.01925
1.018
1.01759
1.01742
1.0178
1.01994
1.02236
1.0226
1.02196
1.02059
1.0184
1.01596
1.01456
1.01408
1.01376
1.01365
1.01396
1.01539
1.01625
1.01604
1.01547
1.01477
1.01351
1.0116
1.0105
1.01017
1.00996
1.0103
1.01196
1.01273
1.01242
1.0118
1.01094
1.00969
1.00882
1.00858
1.00844
1.00856
1.00903
1.00906
1.00868
1.00819
1.00782
1.00756
1.00735
1.00726
1.00735
1.00793
1.00843
1.00837
1.0081
1.00764
1.0068
1.00626
1.00603
1.00574
1.0056
1.00577
1.00627
1.00629
1.00609
1.00572
1.00494
1.00447
1.00447
1.00442
1.00444
1.00489
1.00595
1.0063
1.00627
1.00617
1.00552
1.004
1.00282
1.00276
1.00282
1.00304
1.0039
1.00608
1.00777
1.00802
1.0081
1.00814
1.00797
1.00714
1.00589
1.00532
1.00534
1.00541
1.00549
1.00564
1.00604
1.00695
1.00735
1.25755
1.25304
1.24875
1.24489
1.24145
1.23768
1.23311
1.22803
1.22285
1.21818
1.21415
1.21029
1.20588
1.20077
1.19517
1.18981
1.18532
1.1816
1.17822
1.1741
1.16914
1.16334
1.15717
1.15194
1.14767
1.14375
1.1397
1.13506
1.12948
1.12286
1.11683
1.11282
1.10989
1.1065
1.10219
1.09763
1.09249
1.08692
1.08234
1.07948
1.07716
1.07422
1.07113
1.0671
1.06413
1.06131
1.0591
1.05976
1.06061
1.06256
1.06778
1.07
1.07396
1.08005
1.08375
1.0918
1.09782
1.10298
1.1122
1.11591
1.12006
1.12644
1.12754
1.12939
1.13349
1.13472
1.13526
1.13617
1.13713
1.13729
1.136
1.13328
1.12881
1.12473
1.12299
1.12213
1.1228
1.12168
1.11914
1.11596
1.1113
1.10448
1.09956
1.09719
1.09518
1.09366
1.09198
1.08993
1.08756
1.08409
1.07777
1.07152
1.06921
1.06758
1.0663
1.06559
1.06433
1.06262
1.0605
1.05688
1.05117
1.04798
1.04654
1.0453
1.04413
1.04258
1.04075
1.03854
1.03505
1.02899
1.02474
1.02334
1.02211
1.02099
1.02037
1.01986
1.01856
1.01706
1.0153
1.01256
1.00725
1.00131
0.998911
0.997543
0.996225
0.99494
0.993607
0.992188
0.990628
0.988587
0.985149
0.98087
0.978629
0.97726
0.975925
0.974555
0.973128
0.971597
0.969777
0.96713
0.962609
0.957674
0.955337
0.953832
0.952415
0.951067
0.94973
0.948303
0.946731
0.944816
0.942169
0.938249
0.934582
0.932547
0.931252
0.930058
0.928919
0.928268
0.927869
0.926723
0.926724
0.928544
0.933056
0.941956
0.957019
0.9783
1.00441
1.02948
1.04768
1.06319
1.07816
1.0838
1.08563
1.08891
1.0919
1.09237
1.09182
1.09014
1.08937
1.08892
1.0883
1.08777
1.08686
1.08508
1.08191
1.0793
1.07823
1.07751
1.07723
1.07684
1.07597
1.07484
1.07294
1.07029
1.06889
1.06825
1.06797
1.06876
1.06992
1.06945
1.06842
1.06696
1.06456
1.06276
1.06192
1.06118
1.0603
1.05919
1.05752
1.05511
1.05349
1.05286
1.05256
1.05303
1.05467
1.05534
1.05501
1.05445
1.0536
1.05187
1.04847
1.04551
1.0446
1.04416
1.04423
1.04589
1.04817
1.04826
1.04761
1.0466
1.0446
1.04195
1.04077
1.04027
1.03989
1.0395
1.0389
1.03815
1.03771
1.03764
1.03779
1.03795
1.03774
1.03726
1.03687
1.03644
1.03582
1.03474
1.03267
1.03031
1.02944
1.02929
1.02932
1.03008
1.03241
1.03408
1.03392
1.03337
1.03266
1.03127
1.02851
1.02577
1.02488
1.02462
1.02457
1.02508
1.02708
1.02901
1.02907
1.02845
1.02766
1.02653
1.02452
1.02228
1.02129
1.0209
1.02053
1.02036
1.02057
1.02163
1.02237
1.0222
1.02134
1.02058
1.01989
1.01903
1.0178
1.01596
1.01414
1.01342
1.01311
1.01308
1.01381
1.01586
1.01678
1.01643
1.01569
1.01472
1.01304
1.01099
1.01003
1.00973
1.00945
1.00944
1.01029
1.01231
1.01308
1.01287
1.01232
1.0111
1.00914
1.00788
1.00758
1.00734
1.00721
1.00734
1.00824
1.00889
1.00872
1.00817
1.00753
1.0071
1.00682
1.00664
1.00658
1.00675
1.00719
1.00719
1.0069
1.00637
1.00549
1.00498
1.00476
1.0045
1.00439
1.00457
1.00535
1.00561
1.00548
1.00524
1.00487
1.00449
1.00433
1.00416
1.00414
1.0045
1.0048
1.00471
1.00449
1.00413
1.0034
1.00298
1.00296
1.00292
1.00305
1.00377
1.0046
1.0047
1.0047
1.00464
1.00403
1.00276
1.00202
1.00203
1.00209
1.00231
1.00312
1.005
1.00627
1.00643
1.00649
1.00651
1.00625
1.00545
1.0046
1.00447
1.00459
1.0047
1.0048
1.00493
1.0051
1.00542
1.00592
1.00604
1.25834
1.25412
1.24987
1.24588
1.24233
1.23915
1.23552
1.23115
1.22628
1.22138
1.21708
1.21342
1.20998
1.20591
1.20114
1.19594
1.19114
1.18713
1.1837
1.1802
1.17595
1.17092
1.16514
1.15933
1.1544
1.15026
1.14662
1.14294
1.13883
1.13414
1.12872
1.12362
1.11999
1.11746
1.11529
1.11204
1.10911
1.10603
1.10375
1.10379
1.10413
1.10677
1.10933
1.10998
1.11409
1.11752
1.12247
1.12946
1.13465
1.14384
1.15086
1.15469
1.16117
1.16297
1.16365
1.16785
1.16865
1.17015
1.17338
1.17339
1.17267
1.17286
1.17229
1.17068
1.16753
1.16315
1.16072
1.15958
1.15911
1.15767
1.15522
1.15202
1.14742
1.14078
1.13557
1.13296
1.13115
1.12976
1.12754
1.12508
1.12212
1.11725
1.1103
1.10636
1.10429
1.10255
1.10102
1.09932
1.09735
1.0949
1.09099
1.08496
1.08129
1.07956
1.07819
1.07709
1.07558
1.07386
1.07193
1.06917
1.06423
1.05966
1.05779
1.05604
1.0542
1.05234
1.05038
1.04815
1.04528
1.04117
1.03746
1.03563
1.03418
1.03284
1.03145
1.02985
1.02817
1.02635
1.02399
1.01995
1.01409
1.01076
1.00922
1.00781
1.00644
1.00504
1.00361
1.00213
1.0005
0.998307
0.994683
0.990383
0.988027
0.986543
0.985129
0.983702
0.982205
0.98048
0.978002
0.973515
0.968464
0.966395
0.965134
0.96386
0.962545
0.961188
0.959796
0.958326
0.956644
0.954435
0.950978
0.946531
0.943645
0.941902
0.940265
0.938459
0.936481
0.934088
0.930274
0.92629
0.924252
0.923286
0.923442
0.924672
0.926522
0.929104
0.932982
0.93926
0.949114
0.962466
0.981406
1.00254
1.01865
1.03436
1.05355
1.06647
1.07036
1.07471
1.07708
1.07861
1.07982
1.07948
1.07799
1.07564
1.07278
1.07077
1.06977
1.06896
1.06847
1.0681
1.06737
1.0664
1.06466
1.06167
1.05964
1.05876
1.05825
1.05854
1.05902
1.05846
1.05768
1.05656
1.05482
1.05363
1.05297
1.05256
1.05188
1.05086
1.04941
1.04754
1.04634
1.04569
1.04534
1.04557
1.04587
1.04541
1.04468
1.04378
1.04231
1.03981
1.0377
1.03701
1.03664
1.03666
1.03814
1.04052
1.04062
1.03994
1.03888
1.03658
1.03278
1.03055
1.02986
1.02941
1.02943
1.03016
1.03028
1.0296
1.02844
1.02777
1.0276
1.02766
1.02748
1.02708
1.02667
1.02621
1.02548
1.02415
1.02238
1.02141
1.02116
1.02116
1.02177
1.02331
1.02421
1.0242
1.02386
1.0233
1.02224
1.02017
1.01812
1.01749
1.01736
1.01744
1.01839
1.02058
1.02147
1.02116
1.02045
1.01933
1.01743
1.01541
1.01458
1.01439
1.01434
1.01451
1.01519
1.01565
1.01575
1.0157
1.01532
1.01471
1.01411
1.01353
1.01277
1.0117
1.01046
1.00976
1.0094
1.00917
1.00924
1.01017
1.01135
1.01139
1.01102
1.01057
1.00998
1.0088
1.00718
1.00622
1.00594
1.00566
1.00567
1.00669
1.00882
1.00931
1.00904
1.00857
1.00766
1.00596
1.00456
1.00429
1.00404
1.00384
1.00391
1.00488
1.00605
1.00609
1.0058
1.00532
1.00462
1.00405
1.00379
1.00356
1.00349
1.00372
1.00409
1.00404
1.00383
1.00339
1.00287
1.00272
1.00254
1.00239
1.0024
1.00284
1.00352
1.00361
1.0035
1.00329
1.00304
1.00286
1.00273
1.00261
1.00256
1.00267
1.00275
1.00264
1.00241
1.00207
1.00189
1.00183
1.00182
1.00185
1.00215
1.00289
1.00325
1.00328
1.00327
1.00281
1.00178
1.00132
1.00136
1.0014
1.00158
1.00235
1.00403
1.00493
1.00506
1.00513
1.00514
1.00481
1.00403
1.00362
1.0037
1.00382
1.00395
1.00408
1.0042
1.00429
1.00438
1.00455
1.00489
1.0051
1.25862
1.25484
1.25077
1.24676
1.24308
1.23986
1.23688
1.23329
1.22906
1.22443
1.21995
1.21605
1.2127
1.20945
1.20554
1.20099
1.19609
1.19161
1.18778
1.18436
1.18078
1.17664
1.17189
1.16662
1.1618
1.15809
1.15513
1.15286
1.15089
1.14856
1.14574
1.14304
1.14224
1.14289
1.14555
1.15057
1.15716
1.15988
1.16476
1.16983
1.17418
1.18124
1.18526
1.19148
1.19758
1.19966
1.20397
1.20586
1.20551
1.20762
1.20977
1.21157
1.21148
1.20905
1.2063
1.20306
1.19975
1.19832
1.19722
1.19603
1.19472
1.19258
1.18955
1.18515
1.17953
1.17503
1.17243
1.1703
1.16885
1.16678
1.16406
1.16098
1.15685
1.15046
1.14466
1.14192
1.1399
1.13828
1.13647
1.13427
1.13173
1.12828
1.12277
1.1177
1.11537
1.11361
1.1121
1.11044
1.10844
1.10608
1.10275
1.09744
1.09312
1.09117
1.08951
1.08791
1.08624
1.08436
1.08231
1.07978
1.07584
1.07031
1.06703
1.06505
1.06308
1.06119
1.05934
1.0574
1.05532
1.05284
1.0495
1.04615
1.04383
1.04208
1.0404
1.03857
1.03655
1.03421
1.0309
1.02581
1.02194
1.02024
1.01877
1.01726
1.01572
1.01414
1.01253
1.01085
1.00895
1.00641
1.00246
0.998485
0.996408
0.994899
0.993434
0.991941
0.990325
0.988244
0.984727
0.980056
0.977508
0.976092
0.974756
0.973433
0.97211
0.970762
0.96932
0.967605
0.965075
0.960779
0.956551
0.954581
0.953189
0.951776
0.950307
0.948734
0.946881
0.944215
0.94002
0.936083
0.933678
0.931899
0.930504
0.929183
0.927696
0.926305
0.925639
0.925323
0.925047
0.924474
0.92536
0.928631
0.935257
0.946647
0.963968
0.986448
1.00679
1.02314
1.03947
1.054
1.05767
1.0592
1.06086
1.06176
1.06162
1.06085
1.0601
1.05929
1.05972
1.06113
1.06061
1.05951
1.05766
1.0543
1.05178
1.0509
1.0505
1.05044
1.04988
1.04906
1.04796
1.04601
1.04422
1.04341
1.0429
1.04297
1.04383
1.04368
1.0427
1.04092
1.03909
1.03838
1.03798
1.03773
1.03724
1.03654
1.03566
1.03431
1.03193
1.0295
1.0286
1.02823
1.02827
1.02957
1.03153
1.03167
1.03117
1.03042
1.02899
1.02593
1.02266
1.02149
1.02093
1.02062
1.02089
1.02237
1.0232
1.02277
1.02169
1.01978
1.0183
1.01784
1.01753
1.01721
1.01684
1.01645
1.01586
1.01493
1.01433
1.01431
1.01457
1.01525
1.01568
1.01554
1.01516
1.01471
1.01406
1.01298
1.01142
1.01034
1.01008
1.01006
1.0103
1.0117
1.01367
1.01398
1.01366
1.01306
1.01191
1.00974
1.00787
1.00747
1.00741
1.00744
1.0081
1.00999
1.01114
1.01112
1.01066
1.00969
1.00874
1.00833
1.00791
1.00747
1.00697
1.0062
1.00566
1.00533
1.00496
1.00475
1.00482
1.0056
1.00629
1.00623
1.0059
1.00549
1.00478
1.00372
1.00326
1.003
1.00273
1.00261
1.00277
1.00386
1.00491
1.00494
1.00471
1.00431
1.00342
1.00213
1.00167
1.00153
1.00138
1.00144
1.0023
1.00344
1.00349
1.00331
1.00291
1.00238
1.00203
1.00181
1.00167
1.00164
1.00173
1.00185
1.00184
1.00173
1.00153
1.00134
1.00123
1.00112
1.00102
1.00093
1.00088
1.00092
1.00113
1.00146
1.00168
1.00171
1.00165
1.00154
1.00148
1.00148
1.00147
1.00137
1.00125
1.00102
1.00079
1.00069
1.00066
1.00069
1.00091
1.00158
1.00206
1.00215
1.0022
1.00219
1.00175
1.00093
1.00066
1.0007
1.00071
1.00086
1.00152
1.00291
1.00363
1.00378
1.00386
1.00389
1.00364
1.003
1.00266
1.00272
1.00279
1.00288
1.00299
1.00313
1.00336
1.0038
1.00413
1.0043
1.00441
1.00448
1.25819
1.2549
1.25125
1.24744
1.24376
1.24039
1.23742
1.23441
1.23078
1.22665
1.2223
1.21828
1.21478
1.21173
1.2086
1.20487
1.20064
1.19621
1.19236
1.18928
1.18694
1.18486
1.18265
1.18022
1.17892
1.17904
1.18046
1.18457
1.18976
1.19467
1.19987
1.20405
1.20941
1.21562
1.22161
1.23005
1.23578
1.23873
1.24252
1.24315
1.24265
1.24294
1.24407
1.24705
1.24885
1.24775
1.24494
1.24056
1.23775
1.23673
1.23701
1.23626
1.2338
1.22982
1.22401
1.21883
1.2158
1.21376
1.21176
1.20906
1.20597
1.20247
1.19776
1.19118
1.18655
1.18389
1.18166
1.17962
1.17743
1.17509
1.17247
1.16914
1.16405
1.15772
1.15396
1.15171
1.14978
1.14813
1.14633
1.14419
1.14175
1.13865
1.13385
1.12868
1.1261
1.12426
1.12256
1.12064
1.1185
1.11606
1.11286
1.10807
1.1037
1.10139
1.09949
1.09759
1.09564
1.09357
1.09127
1.08856
1.08455
1.07912
1.07602
1.07431
1.07243
1.07051
1.06869
1.06683
1.06477
1.06224
1.05875
1.0548
1.05194
1.04984
1.04802
1.04613
1.04398
1.04144
1.03814
1.03411
1.03105
1.02915
1.0275
1.02584
1.02402
1.02195
1.01981
1.0178
1.01577
1.01342
1.01024
1.00617
1.00314
1.00139
0.999891
0.998361
0.996706
0.994725
0.991938
0.988281
0.985361
0.983558
0.982066
0.980641
0.97923
0.977767
0.976127
0.973856
0.969736
0.964809
0.962555
0.9612
0.959851
0.958503
0.957154
0.95575
0.954133
0.951846
0.94829
0.945081
0.943291
0.94175
0.940152
0.938422
0.936339
0.933531
0.92906
0.923478
0.920438
0.918891
0.918157
0.918426
0.920021
0.922153
0.924369
0.927333
0.933441
0.9427
0.955119
0.973403
0.989993
1.00317
1.01791
1.0346
1.04104
1.04277
1.04555
1.04734
1.04912
1.05127
1.05149
1.05046
1.04843
1.04619
1.04499
1.04433
1.04365
1.04277
1.04184
1.04093
1.0397
1.03726
1.03465
1.03359
1.03295
1.03284
1.03347
1.03343
1.03269
1.03183
1.03068
1.02991
1.02947
1.02933
1.02924
1.02866
1.02779
1.02634
1.0238
1.02174
1.02098
1.02059
1.02067
1.02175
1.02238
1.02193
1.02111
1.01987
1.01768
1.0151
1.01398
1.01346
1.01314
1.01347
1.01465
1.01494
1.01431
1.01337
1.01204
1.00994
1.00847
1.00803
1.00783
1.00795
1.00803
1.00783
1.00777
1.00797
1.00855
1.00916
1.00931
1.00902
1.00858
1.00811
1.00737
1.00603
1.00434
1.00326
1.0029
1.00282
1.00286
1.00337
1.00508
1.00649
1.00658
1.00642
1.00597
1.00498
1.00311
1.00145
1.00114
1.00111
1.00118
1.00197
1.00351
1.00411
1.00405
1.0038
1.00336
1.00276
1.00251
1.00235
1.00236
1.00249
1.00245
1.00228
1.00207
1.00185
1.00162
1.00152
1.0017
1.00246
1.00268
1.00255
1.0023
1.00181
1.00089
1.00047
1.00024
0.99999
0.999854
0.999869
1.00037
1.00129
1.0014
1.00123
1.0009
1.00043
1.00001
0.999823
0.999679
0.999596
0.999622
1.00014
1.00101
1.00109
1.001
1.00074
1.00037
1.00013
1.00001
1
1.00003
0.999989
0.999854
0.999709
0.999592
0.999531
0.99956
0.999812
1
0.99999
0.999924
0.999836
0.999738
0.999661
0.999617
0.999618
0.999744
1.00024
1.00078
1.00083
1.00078
1.00068
1.00053
1.00009
0.999663
0.999611
0.999556
0.999551
0.999626
0.99993
1.00059
1.00093
1.00099
1.00102
1.00101
1.00061
1.00009
1.00009
1.00011
1.00015
1.00028
1.00073
1.0018
1.00247
1.00261
1.00269
1.00273
1.00249
1.00195
1.00181
1.00189
1.00196
1.00205
1.0022
1.0024
1.00276
1.00313
1.00331
1.00339
1.00348
1.00357
1.00369
1.25696
1.25422
1.25119
1.24781
1.24426
1.2408
1.23765
1.23483
1.23185
1.22841
1.22466
1.221
1.21783
1.21535
1.21362
1.21236
1.21094
1.21026
1.21054
1.21234
1.21614
1.22163
1.22772
1.23367
1.23993
1.24588
1.25241
1.25979
1.26607
1.27187
1.27535
1.27741
1.2796
1.28029
1.2807
1.28218
1.28331
1.2824
1.27941
1.27465
1.27088
1.26885
1.26818
1.26839
1.26643
1.26299
1.25771
1.2531
1.25048
1.2489
1.24795
1.24524
1.24151
1.23623
1.23047
1.22704
1.22454
1.22294
1.22099
1.21806
1.21444
1.20922
1.20299
1.19921
1.1969
1.19529
1.19335
1.19077
1.18784
1.18406
1.17892
1.17404
1.17058
1.16788
1.16546
1.1631
1.16074
1.1584
1.15602
1.1535
1.15069
1.1471
1.14211
1.13784
1.13549
1.13347
1.13143
1.12924
1.12691
1.12426
1.12083
1.11623
1.11258
1.11034
1.10824
1.10619
1.10406
1.10176
1.09911
1.09557
1.09104
1.08708
1.08489
1.0832
1.08138
1.07943
1.07747
1.07538
1.07286
1.06928
1.06457
1.06138
1.05938
1.05744
1.05549
1.05349
1.05118
1.04827
1.04457
1.04128
1.0392
1.03746
1.03575
1.034
1.03197
1.02922
1.02558
1.02259
1.02067
1.01899
1.01725
1.01521
1.01217
1.00778
1.00446
1.00259
1.00094
0.999353
0.997827
0.996234
0.99419
0.991326
0.988604
0.986828
0.985293
0.983639
0.981465
0.977753
0.973051
0.970592
0.969171
0.967805
0.966455
0.965096
0.963684
0.962117
0.960022
0.956554
0.952663
0.950666
0.949326
0.947989
0.946616
0.945164
0.943436
0.940673
0.935498
0.930372
0.928022
0.926051
0.9243
0.923133
0.922152
0.921115
0.920318
0.920028
0.920018
0.919641
0.919078
0.920249
0.924193
0.931233
0.942355
0.95966
0.9776
0.991321
1.00422
1.01933
1.02861
1.03194
1.03491
1.03565
1.03551
1.03488
1.03426
1.03391
1.03389
1.03512
1.03519
1.0343
1.03293
1.03011
1.0268
1.02561
1.02497
1.02479
1.02481
1.02414
1.02307
1.02155
1.02029
1.01978
1.01944
1.01944
1.0201
1.02018
1.01948
1.01821
1.01612
1.01496
1.01457
1.0146
1.0149
1.01467
1.01406
1.01322
1.01177
1.00914
1.00663
1.00574
1.00532
1.00525
1.00618
1.0083
1.00884
1.00825
1.00731
1.00577
1.00316
1.00094
1.00019
0.999877
0.999759
0.999923
1.00077
1.00131
1.00119
1.0009
1.00092
1.00104
1.00124
1.00128
1.0011
1.00069
0.999899
0.998288
0.996668
0.996234
0.996213
0.996374
0.997319
0.999127
0.999755
0.99973
0.999627
0.999297
0.998223
0.996501
0.995722
0.995711
0.995737
0.996062
0.997455
0.999396
0.999783
0.999745
0.999356
0.99802
0.997182
0.997124
0.997103
0.997479
0.998277
0.998434
0.998363
0.998205
0.998042
0.997897
0.997777
0.997755
0.998105
0.998915
0.999048
0.998947
0.998721
0.998306
0.997821
0.997602
0.997385
0.997257
0.997246
0.997594
0.998582
0.998887
0.998837
0.998669
0.998352
0.998
0.997825
0.997694
0.997633
0.997682
0.998194
0.998918
0.998961
0.998875
0.998673
0.99844
0.998287
0.998205
0.998188
0.998321
0.998533
0.998529
0.99845
0.99832
0.998211
0.998127
0.99808
0.998082
0.998191
0.99836
0.998404
0.998399
0.998374
0.998353
0.998356
0.998418
0.998647
0.99904
0.999163
0.999153
0.999109
0.999013
0.998785
0.998543
0.998522
0.998504
0.998537
0.998668
0.999084
0.999935
1.0003
1.00038
1.00042
1.00031
0.999718
0.999335
0.999377
0.99941
0.999471
0.999637
1.00021
1.00126
1.00167
1.00177
1.00185
1.00184
1.00145
1.00092
1.00087
1.00095
1.00103
1.00113
1.0013
1.00169
1.00245
1.00285
1.0029
1.00295
1.003
1.00301
1.00294
1.00304
1.25592
1.25332
1.2509
1.2481
1.24499
1.24186
1.23911
1.23698
1.23562
1.23467
1.23413
1.23454
1.23652
1.24027
1.24569
1.2525
1.25981
1.26736
1.2747
1.28196
1.2895
1.29681
1.30257
1.30703
1.31016
1.31205
1.31328
1.31355
1.31405
1.31474
1.31385
1.31132
1.30786
1.30487
1.3029
1.30206
1.30056
1.29759
1.29348
1.28864
1.28517
1.28286
1.28155
1.27924
1.27561
1.27072
1.26459
1.26042
1.25763
1.2557
1.25322
1.25001
1.24586
1.24028
1.23601
1.23333
1.2315
1.23
1.22751
1.22445
1.22036
1.2147
1.21044
1.20797
1.20602
1.20437
1.20211
1.19938
1.19604
1.19118
1.18535
1.18198
1.17984
1.17802
1.17587
1.17338
1.17059
1.16742
1.16414
1.16105
1.15796
1.1544
1.15011
1.14646
1.14395
1.14173
1.13946
1.13705
1.1345
1.13153
1.12761
1.12316
1.12031
1.11822
1.11601
1.11381
1.11155
1.10903
1.10591
1.10144
1.09742
1.09496
1.09291
1.09108
1.08918
1.0871
1.08489
1.08236
1.07886
1.07407
1.07042
1.06851
1.06673
1.06481
1.06276
1.06055
1.0578
1.05407
1.05017
1.04796
1.04633
1.04462
1.04279
1.04083
1.03849
1.03506
1.03066
1.02768
1.02597
1.02442
1.02278
1.02095
1.01858
1.01498
1.01081
1.00817
1.00645
1.00491
1.00339
1.00184
1.0001
0.997805
0.994603
0.991339
0.989046
0.987173
0.985153
0.982527
0.97921
0.976414
0.974592
0.973113
0.971722
0.970337
0.968908
0.967314
0.965145
0.961518
0.957452
0.955371
0.954021
0.952698
0.951284
0.949494
0.946309
0.941681
0.939479
0.938334
0.937062
0.93563
0.93407
0.932365
0.930332
0.92793
0.925363
0.922253
0.917929
0.91382
0.912352
0.912316
0.913041
0.914514
0.916123
0.918256
0.9223
0.928454
0.9369
0.950153
0.966935
0.979698
0.9914
1.00555
1.013
1.01511
1.01805
1.02056
1.02274
1.02513
1.02564
1.02527
1.0238
1.02148
1.02002
1.01932
1.01889
1.01845
1.01774
1.01685
1.0157
1.01365
1.01142
1.0105
1.01002
1.00992
1.01033
1.01045
1.00985
1.00903
1.00794
1.00718
1.00689
1.00696
1.00712
1.00675
1.00609
1.00511
1.00313
0.999947
0.998044
0.99743
0.997111
0.997298
0.998723
0.999776
0.999545
0.998883
0.997817
0.996086
0.994392
0.993661
0.993396
0.993421
0.993903
0.994873
0.995349
0.995379
0.995203
0.994563
0.993662
0.993157
0.993036
0.993055
0.993174
0.993124
0.992831
0.992189
0.991236
0.990824
0.990858
0.991258
0.992551
0.993405
0.993468
0.993455
0.993317
0.992327
0.99079
0.990405
0.990425
0.990458
0.991
0.992907
0.994608
0.994746
0.994771
0.994738
0.993833
0.992461
0.992329
0.992312
0.99249
0.993636
0.99514
0.995432
0.995492
0.995479
0.995352
0.99524
0.995199
0.995236
0.995571
0.995937
0.995945
0.995868
0.995753
0.995654
0.995567
0.99548
0.995427
0.995438
0.995695
0.996448
0.996815
0.996778
0.996649
0.996393
0.996142
0.996012
0.995922
0.995891
0.99593
0.996184
0.996746
0.997058
0.997059
0.996983
0.996869
0.996807
0.996808
0.99693
0.997226
0.997286
0.997249
0.997136
0.996912
0.996788
0.996707
0.996668
0.996671
0.996752
0.996932
0.997165
0.997337
0.997436
0.997537
0.99771
0.997956
0.998076
0.998086
0.998094
0.998058
0.997912
0.997692
0.997592
0.997558
0.997559
0.997596
0.997701
0.997909
0.998431
0.999146
0.99938
0.999442
0.999476
0.999423
0.99899
0.998698
0.998748
0.998789
0.998873
0.999063
0.999642
1.00055
1.00086
1.00095
1.001
1.00096
1.00054
1.00005
1.00001
1.00008
1.00017
1.00029
1.0005
1.00095
1.0017
1.00206
1.00212
1.00217
1.00222
1.00227
1.0023
1.00238
1.00257
1.256
1.25408
1.25285
1.25208
1.2522
1.25311
1.25585
1.26061
1.26729
1.27538
1.28426
1.29321
1.30211
1.31078
1.31915
1.32656
1.33207
1.33618
1.33912
1.34109
1.34194
1.34232
1.3427
1.3422
1.34009
1.33681
1.33366
1.33126
1.32987
1.32795
1.32453
1.32011
1.31577
1.31274
1.31064
1.30921
1.30664
1.30303
1.29849
1.29452
1.29161
1.28958
1.28763
1.28459
1.28074
1.27576
1.27141
1.26839
1.26595
1.26322
1.2599
1.25598
1.25097
1.24645
1.24352
1.24126
1.23929
1.23673
1.2337
1.22994
1.22489
1.2205
1.2179
1.21583
1.21398
1.21161
1.20884
1.2055
1.20086
1.19588
1.19295
1.19084
1.18901
1.18678
1.18421
1.18121
1.17742
1.17337
1.17016
1.1674
1.16462
1.16154
1.15788
1.15434
1.15163
1.14922
1.14676
1.14418
1.14138
1.13801
1.13382
1.13027
1.12788
1.1257
1.12342
1.12103
1.11847
1.11537
1.11108
1.10678
1.10454
1.10259
1.10052
1.09846
1.09632
1.09388
1.09076
1.08631
1.08193
1.0793
1.07736
1.07556
1.07368
1.07164
1.06932
1.06637
1.0623
1.05834
1.056
1.05411
1.05237
1.05058
1.04857
1.04631
1.04359
1.03995
1.03595
1.03321
1.03123
1.0294
1.02749
1.02529
1.02248
1.01891
1.01599
1.01415
1.01257
1.01101
1.00939
1.00764
1.0056
1.00286
0.998765
0.994097
0.991348
0.989704
0.988283
0.9869
0.985478
0.983765
0.981176
0.977561
0.974851
0.973358
0.971991
0.970535
0.968875
0.966532
0.962697
0.959017
0.95716
0.955758
0.954333
0.952748
0.950641
0.947499
0.944601
0.943031
0.941795
0.940561
0.939254
0.937826
0.93622
0.934292
0.931061
0.925284
0.920335
0.917978
0.916033
0.914669
0.913683
0.912846
0.912126
0.911418
0.911832
0.912563
0.91324
0.914214
0.916616
0.921389
0.928612
0.940096
0.954158
0.965891
0.977365
0.991401
1.00339
1.00727
1.01096
1.01207
1.01194
1.01115
1.01055
1.01033
1.01044
1.01161
1.01159
1.01072
1.00956
1.00727
1.00448
1.00332
1.00277
1.0028
1.00281
1.00202
1.00079
0.999121
0.997894
0.997442
0.997197
0.997392
0.998174
0.998142
0.99754
0.996578
0.99465
0.992089
0.99091
0.990468
0.990535
0.991827
0.992564
0.992226
0.991519
0.990193
0.988014
0.986744
0.986557
0.986716
0.987629
0.988439
0.988737
0.988867
0.988918
0.988924
0.988865
0.988526
0.987696
0.986572
0.985906
0.985777
0.985801
0.985856
0.985795
0.98571
0.985766
0.986054
0.986802
0.98764
0.987828
0.987865
0.987899
0.987911
0.987433
0.986221
0.985993
0.986085
0.986206
0.986736
0.988438
0.990362
0.99076
0.990854
0.99087
0.990445
0.989216
0.988901
0.988959
0.989053
0.989688
0.99122
0.992166
0.992313
0.992365
0.99236
0.992352
0.992373
0.992521
0.99297
0.993522
0.993632
0.993634
0.993613
0.993575
0.993564
0.993577
0.993665
0.993928
0.994488
0.994961
0.994992
0.994918
0.994769
0.994545
0.994361
0.994264
0.99421
0.994204
0.994288
0.994631
0.995302
0.995645
0.995666
0.995668
0.995672
0.995718
0.995886
0.996179
0.996275
0.996209
0.996078
0.995879
0.995584
0.995467
0.995404
0.995391
0.995437
0.995592
0.995939
0.996342
0.996432
0.996442
0.996444
0.99645
0.996516
0.996693
0.99679
0.996823
0.996827
0.996765
0.996675
0.99667
0.996678
0.996719
0.996807
0.996967
0.997378
0.998192
0.998638
0.998724
0.998787
0.998803
0.998614
0.998225
0.998187
0.998213
0.998266
0.998362
0.998547
0.999056
0.999708
0.999916
1
1.00005
1.00001
0.999666
0.999388
0.999415
0.999464
0.999556
0.999694
0.999897
1.00032
1.00099
1.00136
1.00146
1.00151
1.00156
1.00161
1.00169
1.00181
1.00195
1.00213
1.2682
1.27313
1.28035
1.28944
1.29971
1.3103
1.32079
1.33113
1.34068
1.3488
1.35527
1.35965
1.3631
1.36529
1.36628
1.36689
1.36659
1.36534
1.36305
1.36038
1.35794
1.35614
1.35456
1.35168
1.34788
1.34402
1.34083
1.3384
1.33659
1.33384
1.3301
1.32556
1.32158
1.31851
1.31629
1.31377
1.31031
1.30603
1.30163
1.2985
1.29614
1.29426
1.2915
1.28813
1.28396
1.28002
1.27713
1.27477
1.27245
1.26952
1.26607
1.26186
1.25735
1.25399
1.25126
1.24887
1.24631
1.24329
1.23981
1.23538
1.23044
1.22722
1.22478
1.22266
1.22024
1.21746
1.21425
1.20999
1.2051
1.20205
1.19984
1.1979
1.19565
1.19309
1.19014
1.18638
1.18196
1.17854
1.17591
1.17336
1.17067
1.16766
1.16417
1.16077
1.15808
1.15563
1.15309
1.15037
1.14721
1.14321
1.13927
1.13676
1.13453
1.13226
1.1299
1.12732
1.12419
1.11995
1.11553
1.11299
1.111
1.10895
1.10677
1.10449
1.10207
1.09903
1.0946
1.08997
1.0874
1.08555
1.08367
1.08172
1.07963
1.07735
1.07457
1.07061
1.06629
1.06358
1.06167
1.05974
1.05783
1.05582
1.05353
1.05082
1.0472
1.04335
1.04081
1.03893
1.03712
1.03521
1.03291
1.02944
1.02524
1.02267
1.02094
1.01931
1.01769
1.01605
1.0143
1.01229
1.00972
1.00574
1.00081
0.997778
0.996179
0.994683
0.993088
0.991524
0.990036
0.988508
0.98668
0.984046
0.980247
0.976666
0.974571
0.972911
0.971263
0.969552
0.967441
0.96425
0.960863
0.958825
0.957337
0.955889
0.95437
0.952507
0.949856
0.94735
0.945867
0.944631
0.943346
0.941865
0.939477
0.934828
0.930817
0.92935
0.928197
0.926807
0.925177
0.923416
0.921446
0.919264
0.916451
0.912085
0.909147
0.907785
0.907049
0.906635
0.906969
0.907803
0.90813
0.908397
0.9103
0.914955
0.921912
0.933334
0.948191
0.959348
0.970061
0.98316
0.990078
0.992619
0.995869
0.998304
1.00016
1.0019
1.00199
1.00147
0.999967
0.998375
0.997539
0.997047
0.99717
0.997244
0.996505
0.995451
0.993867
0.99114
0.988911
0.988165
0.987867
0.988101
0.988939
0.988949
0.988388
0.987399
0.985677
0.984457
0.98409
0.984143
0.985097
0.98584
0.985679
0.985225
0.984436
0.982512
0.980041
0.979354
0.979352
0.979657
0.981055
0.982818
0.983123
0.983052
0.982464
0.982057
0.982016
0.981933
0.981752
0.981279
0.980273
0.979201
0.979028
0.97913
0.97959
0.980655
0.981531
0.982019
0.982398
0.982696
0.982862
0.983003
0.983102
0.983088
0.982765
0.982874
0.982989
0.983173
0.983651
0.984869
0.986573
0.987175
0.987322
0.987381
0.987248
0.986717
0.986749
0.986825
0.986964
0.987384
0.988523
0.989712
0.98997
0.99003
0.990015
0.989996
0.990024
0.990174
0.990601
0.991406
0.991923
0.991959
0.991962
0.991948
0.991941
0.991951
0.992013
0.992195
0.992619
0.993154
0.993303
0.9933
0.993259
0.993141
0.993022
0.992963
0.992943
0.992959
0.993096
0.993598
0.994555
0.994931
0.994915
0.994846
0.994695
0.994558
0.994494
0.994476
0.994553
0.994748
0.994786
0.994731
0.994576
0.99442
0.994391
0.994394
0.994445
0.99462
0.995135
0.995712
0.99579
0.995808
0.995796
0.995778
0.995778
0.995788
0.995816
0.995843
0.995851
0.995837
0.995828
0.995876
0.99597
0.996068
0.996181
0.996396
0.996919
0.997543
0.997729
0.997803
0.997845
0.997849
0.997708
0.99764
0.997663
0.997719
0.997799
0.997901
0.998166
0.998702
0.998992
0.999082
0.999154
0.99917
0.998977
0.99879
0.998819
0.998859
0.998931
0.999043
0.999188
0.999453
1
1.00052
1.00069
1.00076
1.00083
1.00089
1.00096
1.00104
1.00117
1.00137
1.00156
1.00171
1.32953
1.34221
1.35408
1.36406
1.37207
1.37778
1.38197
1.38476
1.38633
1.38736
1.3871
1.38564
1.38347
1.38113
1.37909
1.37761
1.37538
1.37191
1.36816
1.36481
1.36213
1.36037
1.35781
1.35415
1.35019
1.34681
1.34407
1.34225
1.34011
1.33682
1.33288
1.32912
1.32603
1.32368
1.32146
1.31817
1.3141
1.30967
1.30617
1.3035
1.30128
1.29839
1.2948
1.29063
1.2872
1.28453
1.28185
1.27904
1.27622
1.27325
1.26998
1.26637
1.26279
1.25973
1.25702
1.25446
1.25167
1.24855
1.24494
1.24053
1.23652
1.23367
1.23114
1.22857
1.22577
1.22267
1.21887
1.21429
1.21095
1.20852
1.20615
1.20364
1.20092
1.19783
1.19397
1.18964
1.18641
1.18387
1.18139
1.17883
1.17606
1.17286
1.16913
1.16585
1.16323
1.16074
1.15817
1.15534
1.152
1.14799
1.14455
1.14216
1.13985
1.13747
1.13495
1.13208
1.12842
1.12422
1.12097
1.11878
1.11669
1.11447
1.11213
1.10954
1.10627
1.10179
1.09775
1.09535
1.09335
1.0914
1.08937
1.08716
1.08474
1.08167
1.07709
1.07317
1.07097
1.06901
1.06709
1.06512
1.06307
1.06069
1.05747
1.05324
1.04921
1.04691
1.04524
1.04348
1.04162
1.03956
1.03706
1.03344
1.02952
1.02729
1.02558
1.02392
1.02223
1.02039
1.01819
1.01475
1.00983
1.00626
1.00442
1.00302
1.00164
1.00024
0.998685
0.996975
0.994679
0.990488
0.985556
0.983402
0.982027
0.980683
0.979309
0.977782
0.975858
0.97283
0.968252
0.964841
0.96313
0.961757
0.960469
0.959207
0.957949
0.956623
0.954981
0.952627
0.94985
0.947428
0.945299
0.942715
0.938824
0.935167
0.933795
0.932865
0.931987
0.93145
0.930846
0.929703
0.9284
0.926747
0.924297
0.920665
0.916047
0.911989
0.909246
0.907155
0.905439
0.903741
0.90203
0.901228
0.901368
0.902078
0.903089
0.905074
0.907698
0.910887
0.916371
0.926531
0.937887
0.948011
0.959141
0.971763
0.981534
0.986496
0.988145
0.988278
0.988358
0.988228
0.988013
0.988003
0.988774
0.989856
0.989367
0.988472
0.987381
0.985028
0.981955
0.980805
0.980327
0.980329
0.980778
0.980523
0.979712
0.978449
0.976617
0.975568
0.975296
0.975397
0.976485
0.977888
0.978121
0.978009
0.977377
0.975562
0.973584
0.973256
0.973353
0.974055
0.976037
0.977165
0.977199
0.9769
0.975814
0.974832
0.974737
0.974739
0.974959
0.975086
0.975027
0.974481
0.974404
0.974789
0.97551
0.976404
0.977173
0.977746
0.978192
0.978536
0.978832
0.979129
0.979446
0.979786
0.980161
0.980579
0.981098
0.981946
0.983265
0.984229
0.984518
0.984679
0.984706
0.984617
0.984637
0.984855
0.985186
0.985592
0.986266
0.987374
0.988073
0.988228
0.988293
0.98823
0.988172
0.988194
0.988298
0.988609
0.989389
0.990454
0.99083
0.990854
0.990846
0.990823
0.990821
0.990858
0.99099
0.991258
0.99164
0.991899
0.991998
0.992041
0.992054
0.992051
0.992047
0.992051
0.992089
0.992253
0.992786
0.99355
0.993719
0.99372
0.993706
0.99364
0.99357
0.993525
0.993487
0.993443
0.993408
0.993407
0.993495
0.993682
0.993764
0.993785
0.993815
0.993905
0.994157
0.994603
0.994774
0.994813
0.994855
0.994909
0.994965
0.995007
0.995036
0.995052
0.995065
0.99509
0.995136
0.99521
0.99531
0.995417
0.995545
0.995759
0.996163
0.996715
0.996987
0.99706
0.997101
0.997106
0.997017
0.996968
0.996976
0.997038
0.997151
0.997278
0.997535
0.998004
0.998275
0.998372
0.998445
0.998488
0.99845
0.998205
0.998096
0.998155
0.998219
0.998302
0.998417
0.998659
0.999227
0.999835
1.00007
1.00018
1.00026
1.00028
1.00028
1.00032
1.0004
1.0005
1.00063
1.00086
1.00112
1.00128
1.39604
1.40031
1.40323
1.4052
1.40525
1.40391
1.40215
1.40025
1.39871
1.39729
1.39467
1.39122
1.38778
1.38469
1.38234
1.38048
1.37746
1.37377
1.37018
1.36703
1.36461
1.36271
1.35975
1.35609
1.35247
1.34938
1.34698
1.3452
1.34255
1.33913
1.33546
1.33229
1.3297
1.32766
1.32494
1.32145
1.3175
1.31401
1.31116
1.30875
1.30583
1.30222
1.29802
1.29438
1.29162
1.28916
1.28613
1.28256
1.27895
1.27604
1.27329
1.27024
1.2669
1.26354
1.26063
1.25795
1.25517
1.25212
1.24865
1.24466
1.24126
1.23854
1.23595
1.23324
1.2303
1.22697
1.2229
1.21912
1.2164
1.21382
1.21118
1.20837
1.20529
1.2016
1.19737
1.19408
1.19154
1.18899
1.18635
1.18354
1.18036
1.17659
1.17308
1.17038
1.16783
1.16524
1.1625
1.15932
1.1555
1.15168
1.14904
1.14674
1.14434
1.14185
1.13913
1.1357
1.13149
1.12801
1.12555
1.12342
1.12126
1.11892
1.11638
1.11322
1.10876
1.10473
1.10233
1.10027
1.09821
1.09617
1.09396
1.09143
1.08821
1.08358
1.0794
1.07734
1.07551
1.07354
1.07154
1.06942
1.06718
1.06435
1.05984
1.05561
1.05336
1.0515
1.04976
1.04789
1.0458
1.04319
1.03931
1.03535
1.03306
1.03132
1.02958
1.02784
1.02602
1.02376
1.02038
1.01574
1.01189
1.0099
1.00841
1.00689
1.00536
1.00378
1.00206
1.00012
0.9976
0.993552
0.988821
0.986423
0.984792
0.983165
0.981635
0.980062
0.978377
0.976425
0.973456
0.969579
0.966842
0.965078
0.9635
0.961973
0.960416
0.958719
0.956854
0.954696
0.951879
0.948724
0.946115
0.94382
0.941531
0.93968
0.938341
0.937115
0.93581
0.934368
0.9328
0.931121
0.928805
0.924985
0.921943
0.920759
0.91963
0.91818
0.916481
0.914473
0.912054
0.908914
0.904626
0.901274
0.900063
0.899139
0.898491
0.898135
0.898405
0.898868
0.898849
0.898996
0.901107
0.904784
0.911294
0.922416
0.932737
0.943544
0.955791
0.962804
0.969155
0.972944
0.975118
0.977396
0.979504
0.980806
0.980471
0.979564
0.978206
0.976253
0.974944
0.974378
0.974132
0.974127
0.9737
0.972939
0.972018
0.970587
0.968564
0.967491
0.967349
0.967541
0.968504
0.969643
0.969886
0.969925
0.969552
0.968282
0.967476
0.967496
0.967773
0.969001
0.97071
0.971068
0.970962
0.970314
0.968787
0.967591
0.96756
0.967721
0.968429
0.970033
0.97101
0.971351
0.971625
0.972107
0.972672
0.973232
0.973851
0.974557
0.975263
0.975864
0.976378
0.976855
0.977327
0.977809
0.978322
0.978962
0.980001
0.981429
0.982171
0.982407
0.982591
0.9827
0.982783
0.982942
0.98323
0.983639
0.984275
0.98542
0.986603
0.986945
0.98705
0.987114
0.987097
0.987022
0.987035
0.987113
0.987329
0.988007
0.989109
0.98942
0.9895
0.989538
0.989546
0.989559
0.989641
0.989939
0.990567
0.990941
0.991014
0.991072
0.991119
0.991164
0.991203
0.991242
0.991305
0.991441
0.99174
0.992289
0.992635
0.992648
0.992651
0.992598
0.992504
0.992484
0.99251
0.992625
0.992722
0.99274
0.992741
0.992742
0.992762
0.992842
0.993073
0.993602
0.99415
0.994314
0.994351
0.994355
0.994348
0.994298
0.994206
0.99417
0.994175
0.994229
0.994336
0.994486
0.994632
0.994724
0.994801
0.994897
0.995042
0.995306
0.995819
0.996392
0.996599
0.996666
0.996703
0.99665
0.99635
0.996253
0.996262
0.996289
0.996384
0.996548
0.996874
0.997349
0.99764
0.997742
0.997805
0.99784
0.997848
0.997754
0.997556
0.99756
0.997624
0.997709
0.997804
0.997958
0.998294
0.998878
0.999382
0.999567
0.999678
0.999781
0.99986
0.999912
0.999909
0.999898
0.99996
1.00008
1.00022
1.0004
1.00066
1.00095
1.41853
1.41716
1.4163
1.41504
1.41219
1.40886
1.40574
1.40311
1.40139
1.39943
1.39606
1.39242
1.38906
1.38624
1.38439
1.38236
1.37905
1.37548
1.37217
1.36937
1.36742
1.36528
1.36195
1.35827
1.35486
1.35195
1.34986
1.34756
1.34425
1.34063
1.33734
1.33456
1.33245
1.33013
1.32693
1.32329
1.31988
1.317
1.31466
1.3121
1.30883
1.30505
1.30147
1.29855
1.29603
1.29314
1.28972
1.28578
1.28227
1.27942
1.27676
1.27375
1.27033
1.26666
1.26353
1.26073
1.25792
1.25491
1.25156
1.24788
1.24471
1.24199
1.23935
1.23659
1.23362
1.23017
1.22628
1.22314
1.22048
1.21782
1.21505
1.21206
1.20857
1.20452
1.2012
1.19862
1.19606
1.19341
1.19059
1.18741
1.18358
1.1797
1.17691
1.1744
1.17182
1.16917
1.16626
1.16282
1.15874
1.15522
1.15279
1.15042
1.14794
1.14537
1.14258
1.13914
1.13516
1.13172
1.12918
1.12698
1.12471
1.12225
1.11951
1.11599
1.11169
1.10855
1.10626
1.10409
1.10194
1.09976
1.09729
1.09418
1.09
1.08572
1.08329
1.08143
1.0795
1.07749
1.07536
1.07282
1.06935
1.06483
1.06099
1.05896
1.05721
1.0553
1.05345
1.05144
1.04909
1.04613
1.0421
1.03839
1.03622
1.03436
1.03248
1.03048
1.02832
1.02589
1.02242
1.01852
1.01615
1.01436
1.01257
1.01061
1.00833
1.00615
1.00422
1.00208
0.998793
0.994059
0.991076
0.989544
0.988141
0.986759
0.985361
0.983745
0.981211
0.976792
0.973686
0.972311
0.970989
0.969649
0.968316
0.966934
0.965324
0.962699
0.957806
0.953051
0.95091
0.949606
0.94844
0.947308
0.945952
0.943642
0.940351
0.938551
0.937451
0.936322
0.93519
0.933936
0.932047
0.928397
0.924069
0.921806
0.920591
0.919627
0.918834
0.918262
0.917172
0.915776
0.913582
0.910333
0.907068
0.904475
0.902058
0.899307
0.896539
0.894451
0.892944
0.891957
0.891744
0.892091
0.89319
0.896136
0.898494
0.901369
0.908126
0.915739
0.924125
0.935939
0.945604
0.953362
0.96229
0.966975
0.967519
0.967478
0.967387
0.966907
0.966114
0.965731
0.966419
0.966833
0.966206
0.965321
0.964403
0.963279
0.961992
0.961322
0.961318
0.961708
0.962193
0.962363
0.962323
0.961816
0.961136
0.961112
0.961176
0.961363
0.96224
0.963682
0.964125
0.964116
0.96385
0.963055
0.961756
0.961453
0.961832
0.962674
0.964561
0.966377
0.967197
0.967871
0.968551
0.96923
0.969936
0.97074
0.971765
0.972977
0.974016
0.974784
0.975429
0.976008
0.976516
0.976952
0.977388
0.97798
0.979052
0.980494
0.981098
0.981382
0.981619
0.981768
0.981926
0.982204
0.982578
0.983104
0.98415
0.985679
0.986256
0.986401
0.986484
0.986464
0.986419
0.986447
0.986518
0.986648
0.987054
0.987954
0.988379
0.988461
0.988526
0.988596
0.988679
0.988774
0.988972
0.989587
0.990392
0.990601
0.990636
0.99063
0.99063
0.990696
0.990777
0.990842
0.99094
0.991199
0.991683
0.991851
0.991848
0.991845
0.991776
0.991657
0.991606
0.991597
0.991632
0.99184
0.992138
0.99223
0.992267
0.992295
0.992337
0.992456
0.992794
0.99341
0.993776
0.993847
0.993858
0.993837
0.993768
0.993668
0.993605
0.9936
0.993639
0.993753
0.993912
0.994148
0.994483
0.994762
0.994973
0.995223
0.995545
0.99572
0.995792
0.995871
0.995964
0.996014
0.996016
0.995822
0.99571
0.995723
0.995742
0.995808
0.995981
0.996491
0.997271
0.997607
0.997683
0.997732
0.997748
0.997624
0.997275
0.997151
0.99719
0.997245
0.99734
0.997478
0.997738
0.998295
0.999033
0.999398
0.999509
0.999587
0.99964
0.999659
0.999549
0.999368
0.99939
0.999453
0.999545
0.999662
0.99981
1.00006
1.00046
1.00081
1.42306
1.42071
1.419
1.41655
1.41319
1.40982
1.4068
1.40442
1.40261
1.40002
1.39666
1.39334
1.39038
1.38807
1.38639
1.3839
1.38063
1.37738
1.37446
1.3721
1.37033
1.36775
1.36435
1.36085
1.35764
1.35493
1.35275
1.34984
1.34625
1.34264
1.33945
1.33679
1.33461
1.33174
1.3283
1.32477
1.32167
1.31905
1.31677
1.31387
1.3105
1.307
1.30396
1.30135
1.29886
1.29581
1.2923
1.28861
1.2855
1.28275
1.27995
1.27677
1.27316
1.26961
1.26663
1.26374
1.26073
1.2575
1.25402
1.25078
1.24784
1.24497
1.24207
1.23905
1.23583
1.23243
1.22918
1.22625
1.22343
1.22056
1.21761
1.21451
1.2111
1.20759
1.20456
1.20181
1.19905
1.19629
1.19344
1.1903
1.18673
1.18302
1.18002
1.17731
1.17462
1.17197
1.16915
1.16599
1.16238
1.15866
1.15579
1.15321
1.15062
1.14801
1.1453
1.14223
1.13876
1.13509
1.13201
1.12964
1.12724
1.12468
1.12192
1.1187
1.11503
1.11175
1.10917
1.10688
1.10465
1.10232
1.09954
1.09602
1.09194
1.08865
1.08653
1.08458
1.08254
1.08043
1.07804
1.07477
1.0702
1.06644
1.0642
1.06235
1.06046
1.05851
1.05649
1.05405
1.0506
1.04625
1.04326
1.04129
1.03947
1.0376
1.03569
1.03348
1.03026
1.02593
1.02259
1.02061
1.01898
1.01727
1.01553
1.01383
1.01206
1.00982
1.00643
1.00209
0.998846
0.996836
0.995204
0.993473
0.991308
0.988302
0.985392
0.983183
0.981382
0.979989
0.978618
0.976524
0.973003
0.969497
0.967295
0.965547
0.963903
0.962401
0.960683
0.957824
0.95364
0.950965
0.94954
0.948318
0.947132
0.946018
0.944871
0.943589
0.941784
0.938218
0.933952
0.931873
0.930636
0.929613
0.928529
0.927036
0.924466
0.921794
0.920306
0.919024
0.917418
0.915246
0.912328
0.909043
0.906827
0.905431
0.904076
0.902621
0.901147
0.899392
0.896886
0.893689
0.890916
0.889171
0.888262
0.887554
0.887677
0.88815
0.888608
0.889911
0.892029
0.896369
0.904143
0.912324
0.921642
0.934103
0.942142
0.946222
0.950966
0.954524
0.955393
0.956688
0.957587
0.95752
0.956932
0.955941
0.95537
0.955289
0.956012
0.957135
0.957328
0.957345
0.956981
0.956136
0.955099
0.95438
0.954276
0.95433
0.954599
0.955548
0.956534
0.956738
0.956733
0.956625
0.956102
0.95597
0.956554
0.957314
0.958481
0.960285
0.962161
0.963443
0.964317
0.965076
0.965871
0.966763
0.967816
0.969153
0.970851
0.97237
0.973382
0.974143
0.974778
0.975335
0.975835
0.976291
0.97675
0.977372
0.978591
0.980144
0.980823
0.981151
0.981401
0.981598
0.98184
0.982128
0.982458
0.982894
0.983704
0.985102
0.985913
0.986072
0.986144
0.986177
0.986216
0.986275
0.986375
0.986583
0.987091
0.987519
0.987598
0.987683
0.9878
0.987957
0.988162
0.988464
0.98898
0.989392
0.989522
0.989649
0.989838
0.989974
0.990063
0.99014
0.990192
0.990221
0.990253
0.990352
0.990644
0.991054
0.991194
0.991203
0.991196
0.991179
0.991188
0.991236
0.991326
0.991524
0.991888
0.992075
0.992133
0.99218
0.992243
0.992362
0.992628
0.993106
0.993394
0.993427
0.993421
0.993343
0.993219
0.993182
0.993189
0.993251
0.993401
0.993614
0.993854
0.994085
0.994252
0.994372
0.994532
0.994843
0.995166
0.995269
0.995315
0.995357
0.995372
0.995327
0.995302
0.995339
0.995413
0.995481
0.995537
0.995632
0.995795
0.9961
0.996547
0.996799
0.996909
0.996985
0.997015
0.996977
0.996962
0.997006
0.997074
0.997153
0.997242
0.997362
0.997579
0.997998
0.998447
0.998628
0.998738
0.998829
0.99888
0.998935
0.999012
0.999095
0.999186
0.999293
0.999406
0.999525
0.99965
0.999794
0.999954
1.00021
1.42389
1.42219
1.42061
1.41756
1.41399
1.41063
1.40782
1.40595
1.40419
1.40112
1.39768
1.39447
1.39178
1.38999
1.38826
1.38526
1.38195
1.37886
1.3762
1.37435
1.37255
1.36953
1.36615
1.36286
1.35987
1.35754
1.35526
1.35191
1.34822
1.34471
1.34159
1.33912
1.3367
1.33342
1.32988
1.32651
1.32351
1.32103
1.31859
1.31544
1.31196
1.30864
1.30571
1.30321
1.30051
1.29732
1.29384
1.29065
1.28784
1.28517
1.28216
1.27882
1.2753
1.27223
1.26942
1.2665
1.26337
1.25988
1.25635
1.25337
1.25056
1.24766
1.2446
1.2412
1.23759
1.23447
1.23166
1.22886
1.22595
1.22283
1.2194
1.21599
1.21291
1.2101
1.20736
1.20451
1.20146
1.19817
1.19487
1.19175
1.1888
1.18594
1.18306
1.18007
1.17684
1.17365
1.1707
1.16781
1.16493
1.16197
1.1589
1.15577
1.15268
1.14976
1.14709
1.14433
1.14141
1.13819
1.13473
1.13179
1.12914
1.12652
1.12388
1.12112
1.11798
1.11451
1.11139
1.10876
1.1065
1.10418
1.10148
1.09832
1.09458
1.0911
1.08889
1.08688
1.08477
1.08252
1.07976
1.07563
1.07139
1.069
1.06699
1.06508
1.06315
1.0612
1.05897
1.05539
1.05018
1.04713
1.04536
1.0437
1.04208
1.04033
1.03828
1.03517
1.03005
1.0265
1.02501
1.02358
1.02201
1.02039
1.01869
1.01639
1.01223
1.00727
1.00471
1.00314
1.00171
1.00021
0.998295
0.99516
0.991489
0.989338
0.987782
0.986299
0.984551
0.981715
0.977796
0.975213
0.973615
0.97224
0.970814
0.969
0.966013
0.961914
0.959628
0.95827
0.957016
0.955795
0.954455
0.953033
0.951262
0.948196
0.944144
0.941629
0.94002
0.938637
0.937235
0.93527
0.931879
0.92913
0.927813
0.926744
0.925883
0.924897
0.923662
0.922086
0.91947
0.915093
0.912212
0.911051
0.910057
0.90889
0.907084
0.904113
0.9019
0.900573
0.899181
0.897722
0.896172
0.894349
0.891726
0.88766
0.885022
0.884034
0.883266
0.882744
0.882696
0.883594
0.886014
0.887796
0.889783
0.894666
0.902332
0.909232
0.916377
0.926553
0.934805
0.938645
0.942753
0.944394
0.944393
0.944888
0.945874
0.946993
0.949215
0.951098
0.951398
0.951343
0.950412
0.948909
0.948373
0.94842
0.948729
0.949036
0.949348
0.949668
0.949875
0.949986
0.949835
0.949877
0.950628
0.951753
0.953367
0.95563
0.958307
0.960451
0.961711
0.962534
0.96326
0.964016
0.964885
0.965916
0.967329
0.969363
0.971264
0.97229
0.972994
0.973645
0.974255
0.974832
0.975383
0.975934
0.976625
0.977795
0.979507
0.980587
0.980997
0.981303
0.981567
0.98183
0.98211
0.98241
0.982746
0.983127
0.98353
0.984031
0.984817
0.985651
0.985928
0.986032
0.98613
0.986245
0.986445
0.986747
0.986859
0.986894
0.986962
0.987088
0.987312
0.987742
0.988429
0.98899
0.989075
0.98908
0.989072
0.98908
0.989205
0.989602
0.989893
0.989956
0.989977
0.989978
0.989975
0.989964
0.989978
0.990139
0.990583
0.99085
0.990891
0.990935
0.990996
0.991075
0.991155
0.991253
0.991496
0.992026
0.992365
0.992468
0.992547
0.992655
0.992847
0.993054
0.993102
0.993095
0.993045
0.992934
0.992821
0.992781
0.992789
0.992907
0.993338
0.993959
0.994305
0.994441
0.9945
0.994519
0.99453
0.994592
0.99472
0.994774
0.994813
0.994848
0.994854
0.994816
0.994849
0.994929
0.995053
0.995349
0.995886
0.996222
0.996341
0.996416
0.996478
0.996514
0.9965
0.99655
0.996659
0.996798
0.997038
0.997298
0.997433
0.997525
0.997626
0.99777
0.998014
0.998218
0.998327
0.998435
0.998496
0.998486
0.998485
0.998538
0.998625
0.9988
0.999177
0.999459
0.99956
0.999643
0.99971
0.999785
0.999865
1.00003
1.42514
1.42404
1.42259
1.41946
1.416
1.41281
1.41024
1.40873
1.40699
1.40382
1.40035
1.39711
1.3944
1.39261
1.39061
1.38732
1.38385
1.38064
1.37789
1.37602
1.374
1.3708
1.36741
1.36419
1.36129
1.3591
1.35698
1.35377
1.35027
1.34688
1.34379
1.3413
1.33898
1.33576
1.33224
1.32888
1.32585
1.32331
1.32063
1.31732
1.3138
1.31051
1.30754
1.30492
1.30194
1.2986
1.29516
1.29207
1.28931
1.2866
1.28353
1.28018
1.27679
1.27382
1.27108
1.26821
1.2651
1.26168
1.25824
1.25529
1.25245
1.24954
1.24647
1.2431
1.2395
1.23637
1.23356
1.23073
1.22779
1.22466
1.22119
1.21762
1.21458
1.21188
1.20915
1.20629
1.20322
1.19977
1.1962
1.19303
1.19028
1.18767
1.18493
1.18201
1.1787
1.17512
1.17191
1.1691
1.16645
1.16383
1.16103
1.1579
1.15448
1.15099
1.1482
1.14562
1.14298
1.14021
1.13712
1.13381
1.13055
1.12765
1.12502
1.12253
1.11992
1.11694
1.11374
1.11037
1.10743
1.10497
1.10243
1.09983
1.09707
1.09386
1.09073
1.08812
1.0857
1.08327
1.08061
1.07741
1.07393
1.07105
1.06874
1.06661
1.06441
1.06195
1.05916
1.05582
1.0523
1.04958
1.04728
1.04493
1.0426
1.04026
1.0379
1.03557
1.03302
1.02987
1.0266
1.02405
1.02198
1.02007
1.01811
1.0162
1.01402
1.01059
1.00639
1.0035
1.0015
0.999855
0.998287
0.996734
0.995192
0.993139
0.989599
0.985807
0.983286
0.981536
0.98016
0.978818
0.977072
0.973986
0.969984
0.967382
0.965779
0.964536
0.963372
0.961904
0.959405
0.955834
0.953271
0.951608
0.950117
0.948753
0.947409
0.945512
0.942113
0.938062
0.935697
0.934217
0.933069
0.932106
0.931079
0.929784
0.927534
0.923583
0.920902
0.919582
0.918481
0.917625
0.916779
0.915618
0.913199
0.909116
0.906547
0.905448
0.904436
0.903234
0.901664
0.89892
0.895165
0.893193
0.89187
0.890514
0.88934
0.888115
0.886698
0.884361
0.881096
0.879325
0.878638
0.878664
0.879334
0.87986
0.880998
0.883149
0.885789
0.890994
0.898986
0.90528
0.912021
0.920704
0.9253
0.928845
0.933083
0.93749
0.941599
0.942752
0.942967
0.942576
0.941405
0.940966
0.940919
0.941347
0.942493
0.942863
0.943104
0.943177
0.943586
0.944305
0.945266
0.946509
0.948003
0.949699
0.951707
0.954255
0.957347
0.960013
0.961477
0.962446
0.963321
0.964253
0.965312
0.966624
0.968608
0.971046
0.972226
0.97278
0.973307
0.973875
0.974485
0.975134
0.975823
0.976578
0.977546
0.978942
0.980318
0.980823
0.98111
0.981313
0.981528
0.981787
0.98206
0.98237
0.982751
0.983145
0.98345
0.983732
0.984171
0.984991
0.985841
0.986145
0.986295
0.986415
0.986475
0.98645
0.986365
0.986392
0.986473
0.986708
0.987329
0.988302
0.988777
0.988834
0.988842
0.988755
0.988716
0.988712
0.988838
0.98936
0.9897
0.989748
0.989771
0.989745
0.989692
0.989673
0.98966
0.989711
0.990068
0.990473
0.990545
0.990591
0.99065
0.990716
0.990778
0.990859
0.991084
0.991622
0.992049
0.992168
0.992261
0.99239
0.992542
0.992643
0.992698
0.992674
0.992614
0.992587
0.99257
0.992543
0.992542
0.992614
0.992954
0.993638
0.994129
0.994281
0.994323
0.994326
0.99431
0.994271
0.99424
0.994229
0.994239
0.994302
0.994418
0.994578
0.994748
0.994887
0.995065
0.995445
0.995875
0.996024
0.996086
0.996134
0.996145
0.996086
0.996085
0.996144
0.996232
0.996363
0.996594
0.996878
0.99706
0.997195
0.997357
0.997578
0.997739
0.997837
0.997919
0.997952
0.997939
0.997983
0.998058
0.998125
0.998204
0.998346
0.998655
0.999054
0.999263
0.999368
0.999449
0.999515
0.99957
0.999716
1.42791
1.42658
1.425
1.42209
1.41894
1.41606
1.41378
1.41236
1.41064
1.40766
1.40431
1.40108
1.39827
1.39623
1.39395
1.39049
1.38677
1.38322
1.38014
1.37787
1.37554
1.37213
1.36859
1.36526
1.36232
1.36012
1.35806
1.35508
1.35178
1.34857
1.3456
1.34311
1.34068
1.33745
1.33399
1.33065
1.32758
1.32498
1.32208
1.31865
1.31516
1.31188
1.3089
1.30625
1.30323
1.29989
1.29644
1.29322
1.29028
1.28754
1.28451
1.28128
1.27785
1.27463
1.27171
1.26891
1.26594
1.26282
1.2595
1.25627
1.25331
1.25039
1.24741
1.24431
1.24104
1.23775
1.2347
1.23178
1.22885
1.22586
1.22272
1.21941
1.21607
1.21301
1.21013
1.20727
1.20433
1.20121
1.19792
1.19455
1.19137
1.18855
1.18578
1.18294
1.17994
1.17672
1.17337
1.17021
1.16727
1.16461
1.16196
1.15908
1.15596
1.15243
1.14914
1.14637
1.14376
1.14117
1.13847
1.13552
1.13209
1.12875
1.12569
1.12312
1.12086
1.11833
1.11553
1.11217
1.10842
1.10556
1.10313
1.10088
1.0986
1.09599
1.09279
1.08908
1.08589
1.08342
1.0813
1.07922
1.07676
1.0735
1.0699
1.06699
1.06478
1.06285
1.06063
1.05739
1.05322
1.05025
1.04817
1.04639
1.04466
1.04279
1.0402
1.03612
1.03237
1.03
1.02818
1.02653
1.02491
1.02305
1.02031
1.01593
1.01238
1.0103
1.0086
1.00702
1.0054
1.00363
1.00116
0.997517
0.994175
0.991928
0.990188
0.988632
0.987007
0.984821
0.981457
0.977907
0.975643
0.974041
0.972531
0.971091
0.969529
0.967023
0.963427
0.960828
0.959107
0.957686
0.956322
0.954789
0.95272
0.949331
0.945551
0.943561
0.942136
0.940831
0.939683
0.938439
0.936964
0.93477
0.931052
0.927532
0.925713
0.924634
0.923651
0.922226
0.919381
0.916976
0.915947
0.914954
0.913886
0.912666
0.911044
0.90876
0.905455
0.902243
0.900401
0.899103
0.897948
0.896651
0.894765
0.891788
0.888401
0.886433
0.885349
0.884315
0.882986
0.881338
0.879176
0.876515
0.874669
0.873518
0.873067
0.873399
0.874705
0.875529
0.876698
0.879071
0.882818
0.888907
0.895359
0.902071
0.910877
0.91889
0.924015
0.926824
0.927837
0.928389
0.929495
0.930835
0.933249
0.935962
0.936834
0.937214
0.937701
0.938755
0.93998
0.941515
0.943753
0.94667
0.949245
0.951289
0.95319
0.955135
0.957428
0.960173
0.962149
0.963252
0.964273
0.96536
0.966543
0.968157
0.970592
0.97212
0.972608
0.972982
0.973394
0.973894
0.974461
0.975227
0.976326
0.9776
0.978862
0.979968
0.980411
0.980679
0.980892
0.981023
0.981244
0.981524
0.981772
0.98199
0.982257
0.982724
0.983501
0.98425
0.984767
0.985323
0.985788
0.985949
0.986048
0.986092
0.986024
0.985948
0.985981
0.986064
0.986318
0.986992
0.987976
0.988313
0.988359
0.98835
0.988296
0.988315
0.988374
0.988549
0.988997
0.989375
0.989395
0.989406
0.989397
0.989356
0.989391
0.989468
0.989568
0.989793
0.990154
0.990303
0.990325
0.990337
0.990356
0.990392
0.990466
0.990663
0.991163
0.991692
0.991832
0.991874
0.991906
0.991943
0.991975
0.992036
0.992156
0.992293
0.992488
0.992676
0.992696
0.992674
0.992661
0.992681
0.992826
0.993272
0.993793
0.993963
0.994013
0.994026
0.99401
0.993937
0.993886
0.993886
0.993911
0.993986
0.994186
0.994645
0.995227
0.995526
0.995649
0.995716
0.995765
0.995802
0.995819
0.995812
0.995803
0.995855
0.995962
0.99612
0.996402
0.996809
0.997041
0.997144
0.997225
0.997302
0.997361
0.997402
0.997422
0.99742
0.99742
0.997487
0.997587
0.997712
0.997918
0.998203
0.998432
0.998592
0.998744
0.998913
0.999128
0.999327
0.999413
0.999478
0.999549
0.999703
1.43499
1.43272
1.43026
1.42713
1.42385
1.42087
1.41847
1.41647
1.41404
1.41094
1.40759
1.40438
1.4016
1.39923
1.39652
1.39305
1.38929
1.38565
1.38244
1.37977
1.37715
1.37391
1.3704
1.36704
1.36401
1.36147
1.35909
1.35612
1.35282
1.34961
1.3467
1.34426
1.34162
1.33827
1.33483
1.3315
1.32847
1.32595
1.32303
1.31964
1.3162
1.31295
1.30994
1.30729
1.30437
1.30109
1.29763
1.29426
1.29111
1.28822
1.28534
1.28219
1.27887
1.27538
1.27216
1.26921
1.26638
1.26344
1.26038
1.25711
1.25375
1.25069
1.24777
1.24485
1.24187
1.2388
1.23559
1.23232
1.22922
1.2263
1.2234
1.22045
1.21739
1.21417
1.21085
1.20762
1.20468
1.20185
1.19898
1.196
1.19282
1.18949
1.18618
1.18311
1.18029
1.17758
1.17473
1.17174
1.16846
1.16504
1.16201
1.15921
1.15653
1.15377
1.15087
1.14766
1.14429
1.14113
1.1383
1.1359
1.13334
1.13059
1.12747
1.12383
1.12068
1.11805
1.11566
1.11327
1.11071
1.10777
1.10413
1.10075
1.09795
1.0957
1.09366
1.09131
1.08857
1.08493
1.08096
1.07857
1.07663
1.0746
1.07256
1.07011
1.06635
1.06245
1.05979
1.05752
1.05571
1.05394
1.05181
1.04878
1.04489
1.04142
1.0389
1.03712
1.03549
1.03371
1.03146
1.02822
1.02431
1.02121
1.01924
1.01752
1.01573
1.0135
1.0104
1.00699
1.00431
1.00245
1.00091
0.999309
0.997452
0.994823
0.991156
0.987761
0.985579
0.983944
0.982407
0.980712
0.97847
0.975655
0.972456
0.969791
0.968169
0.96678
0.965336
0.963698
0.961478
0.958403
0.955151
0.952816
0.951039
0.949367
0.947739
0.945979
0.943785
0.940825
0.938365
0.936809
0.935251
0.933562
0.931784
0.929871
0.927004
0.923527
0.921755
0.920671
0.919619
0.918729
0.917814
0.916529
0.914121
0.911017
0.908752
0.906825
0.905
0.903525
0.90209
0.900231
0.89819
0.896438
0.894686
0.892893
0.891348
0.889736
0.887707
0.885293
0.882795
0.880735
0.878967
0.87752
0.876169
0.874214
0.871491
0.870303
0.869968
0.870084
0.870692
0.871389
0.872242
0.873683
0.875638
0.878277
0.883303
0.888518
0.89362
0.899632
0.903739
0.907756
0.912558
0.917263
0.922704
0.927792
0.929683
0.931155
0.93323
0.935342
0.937538
0.940326
0.94431
0.949275
0.953185
0.955756
0.957592
0.958904
0.960127
0.961759
0.9641
0.966399
0.967566
0.968316
0.969026
0.969814
0.970965
0.972564
0.973788
0.974355
0.974751
0.975105
0.975502
0.976001
0.976984
0.978513
0.979355
0.9796
0.979808
0.980078
0.980498
0.981002
0.981362
0.981613
0.981772
0.981947
0.982114
0.982454
0.983344
0.984539
0.985091
0.985265
0.985388
0.985472
0.985485
0.98546
0.985513
0.985634
0.985802
0.986103
0.986737
0.987494
0.987655
0.987658
0.987643
0.987659
0.987763
0.987994
0.988408
0.989011
0.989256
0.989247
0.989208
0.989141
0.989096
0.989119
0.989229
0.989427
0.989757
0.990085
0.990164
0.990167
0.99015
0.990111
0.990097
0.990104
0.990174
0.990454
0.991051
0.9914
0.991429
0.991424
0.991376
0.991333
0.99133
0.991365
0.991526
0.991908
0.992345
0.992505
0.992535
0.992532
0.992512
0.992498
0.992519
0.992702
0.99315
0.993424
0.993516
0.993591
0.993634
0.993666
0.993735
0.993812
0.993908
0.994085
0.994445
0.994998
0.995345
0.995446
0.995503
0.995536
0.995541
0.995564
0.995635
0.995725
0.995826
0.995974
0.996198
0.996501
0.996797
0.996927
0.996992
0.997043
0.997082
0.997104
0.997103
0.997078
0.997086
0.997157
0.997261
0.997384
0.997574
0.997885
0.998221
0.998394
0.998492
0.998596
0.998708
0.998819
0.998938
0.999108
0.99935
0.999515
0.999602
0.999727
1.44119
1.43803
1.43432
1.43037
1.42667
1.42359
1.42106
1.41826
1.41473
1.41093
1.40739
1.40453
1.40243
1.40008
1.39665
1.39286
1.38926
1.3862
1.38412
1.38206
1.37853
1.37465
1.37091
1.36753
1.36498
1.36294
1.35974
1.35603
1.35242
1.34902
1.34614
1.34398
1.34129
1.33791
1.33452
1.33123
1.32824
1.3258
1.32305
1.3197
1.3163
1.313
1.30987
1.30713
1.30441
1.30125
1.29798
1.29464
1.29145
1.28841
1.28561
1.28264
1.27949
1.27618
1.27277
1.26964
1.26669
1.26379
1.26081
1.25774
1.2545
1.25115
1.24801
1.24506
1.24214
1.23918
1.23614
1.23296
1.22965
1.22643
1.22343
1.22055
1.2177
1.21476
1.21166
1.20835
1.20501
1.20192
1.19904
1.19623
1.1934
1.19043
1.18726
1.18392
1.18057
1.17759
1.17484
1.17214
1.16935
1.16636
1.16316
1.15981
1.15662
1.15368
1.15105
1.14841
1.14561
1.14262
1.13924
1.13595
1.13304
1.13037
1.12784
1.12521
1.12245
1.11937
1.11603
1.11283
1.11001
1.10757
1.10513
1.10261
1.0998
1.09648
1.09319
1.09029
1.08771
1.08538
1.08306
1.08059
1.07779
1.07452
1.07133
1.06866
1.06628
1.06406
1.06175
1.05906
1.05597
1.05293
1.05042
1.04835
1.04626
1.04393
1.04101
1.03738
1.03449
1.03262
1.03096
1.02932
1.02731
1.02403
1.01969
1.0173
1.01571
1.01429
1.01288
1.01107
1.00853
1.00439
1.00066
0.998939
0.997597
0.99633
0.994612
0.992054
0.988043
0.984787
0.983331
0.982068
0.980751
0.979035
0.976689
0.972976
0.968981
0.967074
0.965665
0.964328
0.962974
0.960896
0.957287
0.953979
0.952723
0.951704
0.950538
0.949097
0.946933
0.943375
0.939488
0.938008
0.937025
0.935954
0.934824
0.933229
0.93095
0.927523
0.923165
0.920712
0.919535
0.918376
0.917142
0.915935
0.914174
0.911489
0.91026
0.909678
0.908976
0.90797
0.90637
0.903981
0.901765
0.900382
0.899348
0.898502
0.897482
0.895878
0.89355
0.890602
0.888039
0.886499
0.884936
0.883275
0.881482
0.878805
0.874979
0.872797
0.871851
0.871325
0.870964
0.870445
0.869581
0.868093
0.867453
0.86845
0.87015
0.871911
0.874792
0.879076
0.8833
0.888299
0.895393
0.9027
0.909755
0.916573
0.922234
0.926215
0.9308
0.935522
0.940094
0.944555
0.949461
0.953715
0.956907
0.959469
0.96178
0.963053
0.963686
0.96443
0.965649
0.967455
0.969582
0.9705
0.970821
0.971112
0.971495
0.972106
0.97303
0.974267
0.975418
0.976049
0.976491
0.976989
0.977708
0.978286
0.978475
0.978623
0.978822
0.979081
0.979432
0.979929
0.980648
0.9815
0.982057
0.98235
0.982572
0.982857
0.983514
0.984289
0.984463
0.984554
0.984613
0.984698
0.984843
0.984978
0.985122
0.985377
0.985912
0.98668
0.987067
0.987097
0.987078
0.98706
0.987078
0.987178
0.987486
0.988169
0.989043
0.989321
0.989332
0.989313
0.989222
0.989134
0.98912
0.989162
0.989315
0.989631
0.990104
0.990337
0.990358
0.990347
0.990278
0.990195
0.99016
0.990157
0.990192
0.990399
0.990875
0.99114
0.991148
0.991095
0.990962
0.990849
0.990814
0.990851
0.991165
0.991722
0.992029
0.992255
0.992433
0.992475
0.992455
0.992396
0.992361
0.9924
0.992709
0.993122
0.993278
0.993402
0.993526
0.99366
0.993791
0.993935
0.994154
0.99456
0.995103
0.995339
0.995386
0.995408
0.995426
0.995445
0.995462
0.99552
0.995628
0.99576
0.995956
0.996308
0.996746
0.996962
0.997026
0.997074
0.997112
0.997122
0.9971
0.996993
0.996948
0.99695
0.996992
0.997093
0.997221
0.997418
0.997804
0.998278
0.998452
0.998511
0.998581
0.998669
0.998767
0.998861
0.998948
0.999057
0.999289
0.999585
0.999679
0.999786
1.45309
1.44907
1.44415
1.43921
1.43478
1.43125
1.42835
1.42481
1.42027
1.41561
1.41133
1.40793
1.40573
1.40319
1.39926
1.39521
1.39139
1.38821
1.3863
1.38427
1.38081
1.37706
1.3733
1.36976
1.36717
1.36519
1.36189
1.3581
1.35431
1.35068
1.3475
1.34518
1.34239
1.33892
1.3354
1.33199
1.32878
1.32612
1.32336
1.32002
1.31661
1.31323
1.30997
1.30705
1.30435
1.30124
1.29803
1.29474
1.29158
1.28853
1.28567
1.28284
1.27981
1.27668
1.27339
1.27015
1.26713
1.26417
1.26121
1.25823
1.25518
1.252
1.24871
1.24552
1.24247
1.23947
1.23647
1.23342
1.23029
1.22708
1.22387
1.22079
1.21782
1.21489
1.21194
1.20889
1.20571
1.20248
1.19935
1.19637
1.19347
1.19062
1.18772
1.18469
1.18147
1.17822
1.17514
1.17226
1.16947
1.16668
1.16381
1.16081
1.15766
1.15442
1.1513
1.14842
1.14571
1.14299
1.1401
1.13706
1.13397
1.13093
1.12802
1.12522
1.12251
1.11977
1.11694
1.11399
1.1109
1.10788
1.10507
1.10242
1.09977
1.09696
1.09404
1.09111
1.08825
1.08557
1.08296
1.08035
1.07767
1.07486
1.07195
1.06906
1.06631
1.06387
1.06159
1.05928
1.05683
1.05407
1.05093
1.04784
1.04526
1.04306
1.04096
1.03879
1.03647
1.03371
1.03034
1.02717
1.02494
1.02313
1.02139
1.01951
1.0169
1.01286
1.00902
1.007
1.00552
1.00406
1.00258
1.00052
0.996575
0.99213
0.990071
0.988731
0.987407
0.986109
0.984616
0.982089
0.977527
0.97377
0.972088
0.970817
0.96958
0.968336
0.966707
0.963606
0.959041
0.956533
0.955287
0.954137
0.952945
0.951519
0.949258
0.945423
0.941754
0.940013
0.938801
0.937622
0.93631
0.934539
0.931589
0.927672
0.925343
0.924217
0.923228
0.922387
0.921536
0.920349
0.917819
0.91352
0.910605
0.90917
0.907888
0.906683
0.905399
0.903697
0.900877
0.897572
0.895899
0.894955
0.894134
0.89336
0.892405
0.890846
0.888219
0.884909
0.882834
0.88158
0.880068
0.878272
0.876265
0.873364
0.869309
0.866992
0.865762
0.864953
0.864519
0.864169
0.863771
0.862713
0.861484
0.861611
0.862246
0.862844
0.863838
0.865872
0.86875
0.872557
0.878552
0.886822
0.895424
0.903713
0.912847
0.921541
0.929268
0.936274
0.943157
0.949292
0.954343
0.956971
0.958965
0.960963
0.963005
0.965386
0.966696
0.96748
0.968319
0.96939
0.971157
0.972873
0.973268
0.973402
0.973535
0.973814
0.974217
0.974997
0.976514
0.977589
0.977917
0.978204
0.978497
0.97875
0.978957
0.979154
0.979346
0.979531
0.979741
0.980048
0.980641
0.98166
0.98249
0.982848
0.983053
0.983224
0.983502
0.984003
0.984283
0.984421
0.984573
0.984707
0.984859
0.984992
0.985158
0.985551
0.986324
0.986734
0.986816
0.986849
0.986855
0.986865
0.9869
0.987032
0.987475
0.98852
0.989314
0.989402
0.989411
0.989371
0.989249
0.989154
0.989146
0.989192
0.989373
0.9898
0.990279
0.990351
0.99035
0.990308
0.990179
0.990042
0.990006
0.990003
0.990029
0.990193
0.99061
0.990878
0.990887
0.990819
0.990664
0.990528
0.990478
0.99052
0.990922
0.991451
0.991715
0.992002
0.992272
0.992347
0.992327
0.992267
0.992218
0.992237
0.992506
0.992926
0.993096
0.993238
0.993393
0.993548
0.993692
0.993843
0.994096
0.994629
0.995155
0.995265
0.995283
0.995287
0.995291
0.995302
0.995308
0.995351
0.995459
0.995582
0.995769
0.996198
0.996701
0.996848
0.996907
0.996959
0.996994
0.997002
0.996966
0.996807
0.996752
0.996756
0.996788
0.996877
0.99699
0.997176
0.997613
0.998133
0.998281
0.998341
0.998412
0.998497
0.998593
0.998684
0.998759
0.998843
0.99903
0.999344
0.999479
0.999592
)
;

boundaryField
{
    inlet
    {
        type            fixedValue;
        value           uniform 1;
    }
    outlet
    {
        type            inletOutlet;
        inletValue      uniform 1;
        value           nonuniform List<scalar> 
32
(
1.07296
1.0704
1.06742
1.06268
1.05696
1.04428
1.02895
1.01692
1.01249
1.01065
1.00952
1.0086
1.00785
1.00739
1.00607
1.00514
1.00449
1.00371
1.00307
1.00261
1.00216
1.00173
1.0013
1.00098
1.00084
1.00025
1.00006
0.999735
0.999725
0.999742
0.999798
0.999604
)
;
    }
    bottom
    {
        type            symmetryPlane;
    }
    top
    {
        type            symmetryPlane;
    }
    obstacle
    {
        type            zeroGradient;
    }
    defaultFaces
    {
        type            empty;
    }
}


// ************************************************************************* //
