/*--------------------------------*- C++ -*----------------------------------*\
  =========                 |
  \\      /  F ield         | OpenFOAM: The Open Source CFD Toolbox
   \\    /   O peration     | Website:  https://openfoam.org
    \\  /    A nd           | Version:  7
     \\/     M anipulation  |
\*---------------------------------------------------------------------------*/
FoamFile
{
    version     2.0;
    format      ascii;
    class       volScalarField;
    location    "3.9";
    object      p;
}
// * * * * * * * * * * * * * * * * * * * * * * * * * * * * * * * * * * * * * //

dimensions      [1 -1 -2 0 0 0 0];

internalField   nonuniform List<scalar> 
16128
(
1
1
1
1
1
1
1
1
1
1
1
1
1
1
1
1
1
1
1
1
1
1
1
1
1
1
1
1
1
8.4829
27.7112
29.3881
29.6674
30.0062
30.3011
30.5745
30.8242
31.0515
31.2596
31.4511
31.6267
31.7878
31.9376
32.0763
32.1954
32.288
32.3541
32.3997
1
1
1
1
1
1
1
1
1
1
1
1
1
1
1
1
1
1
1
1
1
1
1
1
1
1
1
1
1
8.26688
27.5056
29.3675
29.6652
30.0058
30.2995
30.5702
30.817
31.0414
31.2463
31.4343
31.606
31.7626
31.9079
32.0422
32.1574
32.2477
32.3137
32.3594
1
1
1
1
1
1
1
1
1
1
1
1
1
1
1
1
1
1
1
1
1
1
1
1
1
1
1
1
1
7.75287
27.2294
29.3283
29.6314
29.9733
30.2665
30.5368
30.7827
31.006
31.2094
31.3949
31.5623
31.7127
31.8513
31.9797
32.0907
32.1789
32.2455
32.2928
1
1
1
1
1
1
1
1
1
1
1
1
1
1
1
1
1
1
1
1
1
1
1
1
1
1
1
1
1
6.98319
26.8026
29.3004
29.6072
29.9491
30.239
30.5065
30.7496
30.9695
31.1688
31.3491
31.5105
31.6534
31.7829
31.8995
31.9988
32.0784
32.14
32.1848
1
1
1
1
1
1
1
1
1
1
1
1
1
1
1
1
1
1
1
1
1
1
1
1
1
1
1
1
1
5.98821
26.1047
29.2567
29.556
29.8937
30.1783
30.4423
30.6821
30.8983
31.0937
31.2697
31.4269
31.5655
31.6903
31.8004
31.8912
31.9629
32.0161
32.0564
1
1
1
1
1
1
1
1
1
1
1
1
1
1
1
1
1
1
1
1
1
1
1
1
1
1
1
1
1
4.88679
25.087
29.2191
29.4922
29.8279
30.0969
30.3546
30.5906
30.8038
30.9963
31.169
31.3226
31.4565
31.5754
31.6775
31.7589
31.8236
31.8679
31.9034
1
1
1
1
1
1
1
1
1
1
1
1
1
1
1
1
1
1
1
1
1
1
1
1
1
1
1
1
1
3.75245
23.7058
29.2599
29.4455
29.7661
30.021
30.2734
30.5025
30.7077
30.8906
31.0529
31.1963
31.3206
31.4303
31.5239
31.5969
31.6564
31.6945
31.7282
1
1
1
1
1
1
1
1
1
1
1
1
1
1
1
1
1
1
1
1
1
1
1
1
1
1
1
1
1
2.55776
21.9038
29.3923
29.3682
29.6841
29.9212
30.1649
30.3904
30.5904
30.766
30.9192
31.0525
31.1665
31.2647
31.3464
31.4068
31.4562
31.4845
31.513
1
1
1
1
1
1
1
1
1
1
1
1
1
1
1
1
1
1
1
1
1
1
1
1
1
1
1
1
1
1.47615
19.7117
29.4913
29.1919
29.5009
29.7433
29.9937
30.221
30.4236
30.5976
30.7446
30.8684
30.9699
31.0545
31.124
31.1738
31.2164
31.2386
31.2656
1
1
1
1
1
1
1
1
1
1
1
1
1
1
1
1
1
1
1
1
1
1
1
1
1
1
1
1
1
1.00961
17.3334
28.8575
28.845
29.1982
29.4609
29.733
29.9968
30.2144
30.3914
30.5344
30.6508
30.743
30.815
30.8717
30.9026
30.9259
30.9314
30.9457
1
1
1
1
1
1
1
1
1
1
1
1
1
1
1
1
1
1
1
1
1
1
1
1
1
1
1
1
1
1.00001
14.515
28.244
28.6308
28.9915
29.2953
29.566
29.7672
29.9705
30.1401
30.2761
30.3828
30.4607
30.5123
30.5449
30.5541
30.5628
30.5605
30.5771
1
1
1
1
1
1
1
1
1
1
1
1
1
1
1
1
1
1
1
1
1
1
1
1
1
1
1
1
1
1
11.4206
27.2323
28.2833
28.6928
29.0202
29.2644
29.474
29.6535
29.8084
29.9384
30.0404
30.1075
30.1444
30.1632
30.1517
30.1267
30.083
30.0575
1
1
1
1
1
1
1
1
1
1
1
1
1
1
1
1
1
1
1
1
1
1
1
1
1
1
1
1
1
1
8.31045
25.7594
28.1522
28.6085
28.9113
29.0835
29.2069
29.3293
29.4572
29.5596
29.645
29.6895
29.6968
29.6726
29.5992
29.5264
29.4437
29.4386
1
1
1
1
1
1
1
1
1
1
1
1
1
1
1
1
1
1
1
1
1
1
1
1
1
1
1
1
1
1
4.97468
23.2091
28.2267
28.4799
28.6858
28.8468
28.9491
29.0255
29.0938
29.1505
29.1947
29.1899
29.1505
29.0835
28.9664
28.845
28.6529
28.4421
1
1
1
1
1
1
1
1
1
1
1
1
1
1
1
1
1
1
1
1
1
1
1
1
1
1
1
1
1
1
1.77401
20.446
28.8067
28.4125
28.505
28.5926
28.6469
28.6894
28.7113
28.7235
28.7156
28.6445
28.5441
28.3861
28.1246
27.7528
27.3613
27.0677
1
1
1
1
1
1
1
1
1
1
1
1
1
1
1
1
1
1
1
1
1
1
1
1
1
1
1
1
1
1
1.02162
17.0076
27.9026
27.8277
28.0065
28.1724
28.2639
28.3104
28.3027
28.2652
28.1897
28.0472
27.8393
27.5364
27.1112
26.5744
25.9961
25.7452
1
1
1
1
1
1
1
1
1
1
1
1
1
1
1
1
1
1
1
1
1
1
1
1
1
1
1
1
1
1
0.999855
12.1019
26.3641
27.2975
27.5989
27.769
27.8693
27.9071
27.8706
27.7787
27.628
27.4144
27.0953
26.665
26.0102
24.9711
22.6263
17.4085
1
1
1
1
1
1
1
1
1
1
1
1
1
1
1
1
1
1
1
1
1
1
1
1
1
1
1
1
1
1
0.999975
7.29752
24.5082
27.2198
27.4566
27.5262
27.5271
27.5024
27.4217
27.2737
27.0419
26.7405
26.3031
25.6847
24.7287
23.1051
20.5262
14.7191
1
1
1
1
1
1
1
1
1
1
1
1
1
1
1
1
1
1
1
1
1
1
1
1
1
1
1
1
1
1
0.999998
2.8712
21.6397
27.3986
27.2511
27.2381
27.2001
27.1116
26.9709
26.7604
26.453
26.0521
25.499
24.7227
23.5374
21.7925
18.7289
13.677
1
1
1
1
1
1
1
1
1
1
1
1
1
1
1
1
1
1
1
1
1
1
1
1
1
1
1
1
1
1
1
1.11069
17.0089
26.9944
26.7335
26.7739
26.7852
26.6801
26.4999
26.2393
25.8607
25.3712
24.7033
23.814
22.4796
20.6794
17.5466
13.5729
1
1
1
1
1
1
1
1
1
1
1
1
1
1
1
1
1
1
1
1
1
1
1
1
1
1
1
1
1
1
1
0.999473
11.0024
25.0028
26.229
26.4534
26.3898
26.2476
26.0268
25.718
25.2856
24.7281
23.9794
22.9993
21.6373
19.7722
16.9535
13.7642
1
1
1
1
1
1
1
1
1
1
1
1
1
1
1
1
1
1
1
1
1
1
1
1
1
1
1
1
1
1
1
0.999891
4.70128
22.4734
26.1914
26.1936
26.103
25.9176
25.6316
25.2463
24.7485
24.1252
23.3161
22.288
20.9323
19.1063
16.659
14.0269
1
1
1
1
1
1
1
1
1
1
1
1
1
1
1
1
1
1
1
1
1
1
1
1
1
1
1
1
1
1
1
0.999992
1.32779
17.8298
26.4427
26.0274
25.7464
25.5086
25.1819
24.7617
24.234
23.5681
22.7318
21.6878
20.3367
18.6231
16.5198
14.3493
1
1
1
1
1
1
1
1
1
1
1
1
1
1
1
1
1
1
1
1
1
1
1
1
1
1
1
1
1
1
1
1
1.00164
11.418
24.3223
25.2015
25.234
25.0176
24.6746
24.2517
23.71
23.0432
22.1964
21.1733
19.8571
18.2862
16.4665
14.6058
1
1
1
1
1
1
1
1
1
1
1
1
1
1
1
1
1
1
1
1
1
1
1
1
1
1
1
1
1
1
1
1
0.999989
3.94344
21.6557
25.2945
25.0304
24.7355
24.361
23.9012
23.3278
22.6299
21.7575
20.7385
19.492
18.0594
16.4656
14.84
1
1
1
1
1
1
1
1
1
1
1
1
1
1
1
1
1
1
1
1
1
1
1
1
1
1
1
1
1
1
1
1
0.999998
1.20057
16.4764
24.9961
24.5918
24.3238
23.9554
23.4904
22.9163
22.2188
21.3684
20.3654
19.1978
17.883
16.4446
14.9914
1
1
1
1
1
1
1
1
1
1
1
1
1
1
1
1
1
1
1
1
1
1
1
1
1
1
1
1
1
1
1
1
1
0.999698
8.18816
22.3918
23.9059
23.8844
23.5993
23.1672
22.5909
21.8846
21.0409
20.0637
18.9668
17.7453
16.4362
15.1171
1
1
1
1
1
1
1
1
1
1
1
1
1
1
1
1
1
1
1
1
1
1
1
1
1
1
1
1
1
1
1
1
1
0.999881
1.89922
18.1862
24.6004
23.9566
23.4663
22.9699
22.3341
21.5922
20.7468
19.8054
18.7711
17.6306
16.4374
15.2066
1
1
1
1
1
1
1
1
1
1
1
1
1
1
1
1
1
1
1
1
1
1
1
1
1
1
1
1
1
1
1
1
1
0.999992
1.01885
11.2444
22.6388
23.1911
23.0666
22.6205
21.9881
21.2636
20.4517
19.5603
18.5839
17.5198
16.4211
15.2698
1
1
1
1
1
1
1
1
1
1
1
1
1
1
1
1
1
1
1
1
1
1
1
1
1
1
1
1
1
1
1
1
1
1
0.999919
2.78985
18.5611
23.6374
23.0939
22.4731
21.7904
21.0603
20.2584
19.3827
18.4332
17.4294
16.4057
15.3342
1
1
1
1
1
1
1
1
1
1
1
1
1
1
1
1
1
1
1
1
1
1
1
1
1
1
1
1
1
1
1
1
1
1
0.999986
1.07294
12.5868
22.6738
22.6028
22.0752
21.4423
20.7579
19.9965
19.1609
18.2621
17.3223
16.3632
15.38
1
1
1
1
1
1
1
1
1
1
1
1
1
1
1
1
1
1
1
1
1
1
1
1
1
1
1
1
1
1
1
1
1
1
0.999999
0.999747
3.40056
18.5898
22.6245
21.9679
21.324
20.6342
19.8774
19.0634
18.2072
17.3161
16.3956
15.4663
1
1
1
1
1
1
1
1
1
1
1
1
1
1
1
1
1
1
1
1
1
1
1
1
1
1
1
1
1
1
1
1
1
1
1
0.99995
1.11926
12.548
22.1372
21.7175
21.0965
20.4067
19.6726
18.8954
18.083
17.2436
16.3811
15.498
1
1
1
1
1
1
1
1
1
1
1
1
1
1
1
1
1
1
1
1
1
1
1
1
1
1
1
1
1
1
1
1
1
1
1
0.999997
0.999817
3.43714
17.7568
21.5449
20.8793
20.2602
19.5639
18.8181
18.0388
17.2351
16.422
15.5847
1
1
1
1
1
1
1
1
1
1
1
1
1
1
1
1
1
1
1
1
1
1
1
1
1
1
1
1
1
1
1
1
1
1
1
1
0.999949
1.11799
10.8453
21.0069
20.8539
20.224
19.4835
18.7455
17.9948
17.2252
16.4403
15.6452
1
1
1
1
1
1
1
1
1
1
1
1
1
1
1
1
1
1
1
1
1
1
1
1
1
1
1
1
1
1
1
1
1
1
1
1
0.999997
0.999993
2.8004
16.2013
20.7229
19.9794
19.3529
18.6681
17.9574
17.2301
16.4782
15.7144
1
1
1
1
1
1
1
1
1
1
1
1
1
1
1
1
1
1
1
1
1
1
1
1
1
1
1
1
1
1
1
1
1
1
1
1
1
0.999978
1.06402
7.57703
18.9764
19.9263
19.3579
18.6989
18.0059
17.288
16.5598
15.8246
1
1
1
1
1
1
1
1
1
1
1
1
1
1
1
1
1
1
1
1
1
1
1
1
1
1
1
1
1
1
1
1
1
1
1
1
1
0.999998
1.00006
1.83089
13.4326
20.462
19.5212
18.7815
18.0635
17.3351
16.6186
15.9217
1
1
1
1
1
1
1
1
1
1
1
1
1
1
1
1
1
1
1
1
1
1
1
1
1
1
1
1
1
1
1
1
1
1
1
1
1
1
1
1.0137
4.45584
16.4872
19.2692
18.5877
17.937
17.2783
16.6014
15.9196
1
1
1
1
1
1
1
1
1
1
1
1
1
1
1
1
1
1
1
1
1
1
1
1
1
1
1
1
1
1
1
1
1
1
1
1
1
1
1
1.00002
1.2316
9.21071
18.3729
18.8
18.1886
17.5321
16.8544
16.1532
1
1
1
1
1
1
1
1
1
1
1
1
1
1
1
1
1
1
1
1
1
1
1
1
1
1
1
1
1
1
1
1
1
1
1
1
1
1
1
1
1.0011
2.35099
13.1775
18.9061
18.2715
17.5808
16.8939
16.2085
1
1
1
1
1
1
1
1
1
1
1
1
1
1
1
1
1
1
1
1
1
1
1
1
1
1
1
1
1
1
1
1
1
1
1
1
1
1
1
1
1
1.03602
4.59519
15.4059
18.2367
17.5348
16.8454
16.1924
1
1
1
1
1
1
1
1
1
1
1
1
1
1
1
1
1
1
1
1
1
1
1
1
1
1
1
1
1
1
1
1
1
1
1
1
1
1
1
1
1
1.00009
1.24831
8.00129
16.6588
17.6992
17.0908
16.4344
1
1
1
1
1
1
1
1
1
1
1
1
1
1
1
1
1
1
1
1
1
1
1
1
1
1
1
1
1
1
1
1
1
1
1
1
1
1
1
1
1
1
1.00162
2.0031
11.0898
17.2629
17.3547
16.6901
1
1
1
1
1
1
1
1
1
1
1
1
1
1
1
1
1
1
1
1
1
1
1
1
1
1
1
1
1
1
1
1
1
1
1
1
1
1
1
1
1
1
1
1.02095
3.36061
13.1228
17.0976
16.7845
1
1
1
1
1
1
1
1
1
1
1
1
1
1
1
1
1
1
1
1
1
1
1
1
1
1
1
1
1
1
1
1
1
1
1
1
1
1
1
1
1
1
1
1.00005
1.109
5.16154
14.3271
16.8949
1
1
1
1
1
1
1
1
1
1
1
1
1
1
1
1
1
1
1
1
1
1
1
1
1
1
1
1
1
1
1
1
1
1
1
1
1
1
1
1
1
1
1
1
1.00054
1.34425
7.28103
15.009
1
1
1
1
1
1
1
1
1
1
1
1
1
1
1
1
1
1
1
1
1
1
1
1
1
1
1
1
1
1
1
1
1
1
1
1
1
1
1
1
1
1
1
1
1
1.00338
1.83491
9.19472
1
1
1
1
1
1
1
1
1
1
1
1
1
1
1
1
1
1
1
1
1
1
1
1
1
1
1
1
1
1
1
1
1
1
1
1
1
1
1
1
1
1
1
1
1
1.00001
1.01598
2.57211
1
1
1
1
1
1
1
1
1
1
1
1
1
1
1
1
1
1
1
1
1
1
1
1
1
1
1
1
1
1
1
1
1
1
1
1
1
1
1
1
1
1
1
1
1
1
1.00004
1.05189
1
1
1
1
1
1
1
1
1
1
1
1
1
1
1
1
1
1
1
1
1
1
1
1
1
1
1
1
1
1
1
1
1
1
1
1
1
1
1
1
1
1
1
1
1
1
1
1.00021
1
1
1
1
1
1
1
1
1
1
1
1
1
1
1
1
1
1
1
1
1
1
1
1
1
1
1
1
1
1
1
1
1
1
1
1
1
1
1
1
1
1
1
1
1
1
1
1
1
1
1
1
1
1
1
1
1
1
1
1
1
1
1
1
1
1
1
1
1
1
1
1
1
1
1
1
1
1
1
1
1
1
1
1
1
1
1
1
1
1
1
1
1
1
1
1
1
1
1
1
1
1
1
1
1
1
1
1
1
1
1
1
1
1
1
1
1
1
1
1
1
1
1
1
1
1
1
1
1
1
1
1
1
1
1
1
1
1
1
1
1
1
1
1
1
1
1
1
1
1
1
1
1
1
1
1
1
1
1
1
1
1
1
1
1
1
1
1
1
1
1
1
1
1
1
1
1
1
1
1
1
1
1
1
1
1
1
1
1
1
1
1
1
1
1
1
1
1
1
1
1
1
1
1
1
1
1
1
1
1
1
1
1
1
1
1
1
1
1
1
1
1
1
1
1
1
1
1
1
1
1
1
1
1
1
1
1
1
1
1
1
1
1
1
1
1
1
1
1
1
1
1
1
1
1
1
1
1
1
1
1
1
1
1
1
1
1
1
1
1
1
1
1
1
1
1
1
1
1
1
1
1
1
1
1
1
1
1
1
1
1
1
1
1
1
1
1
1
1
1
1
1
1
1
1
1
1
1
1
1
1
1
1
1
1
1
1
1
1
1
1
1
1
1
1
1
1
1
1
1
1
1
1
1
1
1
1
1
1
1
1
1
1
1
1
1
1
1
1
1
1
1
1
1
1
1
1
1
1
1
1
1
1
1
1
1
1
1
1
1
1
1
1
1
1
1
1
1
1
1
1
1
1
1
1
1
1
1
1
1
1
1
1
1
1
1
1
1
1
1
1
1
1
1
1
1
1
1
1
1
1
1
1
1
1
1
1
1
1
1
1
1
1
1
1
1
1
1
1
1
1
1
1
1
1
1
1
1
1
1
1
1
1
1
1
1
1
1
1
1
1
1
1
1
1
1
1
1
1
1
1
1
1
1
1
1
1
1
1
1
1
1
1
1
1
1
1
1
1
1
1
1
1
1
1
1
1
1
1
1
1
1
1
1
1
1
1
1
1
1
1
1
1
1
1
1
1
1
1
1
1
1
1
1
1
1
1
1
1
1
1
1
1
1
1
1
1
1
1
1
1
1
1
1
1
1
1
1
1
1
1
1
1
1
1
1
1
1
1
1
1
1
1
1
1
1
1
1
1
1
1
1
1
1
1
1
1
1
1
1
1
1
1
1
1
1
1
1
1
1
1
1
1
1
1
1
1
1
1
1
1
1
1
1
1
1
1
1
1
1
1
1
1
1
1
1
1
1
1
1
1
1
1
1
1
1
1
1
1
1
1
1
1
1
1
1
1
1
1
1
1
1
1
1
1
1
1
1
1
1
1
1
1
1
1
1
1
1
1
1
1
1
1
1
1
1
1
1
1
1
1
1
1
1
1
1
1
1
1
1
1
1
1
1
1
1
1
1
1
1
1
1
1
1
1
1
1
1
1
1
1
1
1
1
1
1
1
1
1
1
1
1
1
1
1
1
1
1
1
1
1
1
1
1
1
1
1
1
1
1
1
1
1
1
1
1
1
1
1
1
1
1
1
1
1
1
1
1
1
1
1
1
1
1
1
1
1
1
1
1
1
1
1
1
1
1
1
1
1
1
1
1
1
1
1
1
1
1
1
1
1
1
1
1
1
1
1
1
1
1
1
1
1
1
1
1
1
1
1
1
1
1
1
1
1
1
1
1
1
1
1
1
1
1
1
1
1
1
1
1
1
1
1
1
1
1
1
1
1
1
1
1
1
1
1
1
1
1
1
1
1
1
1
1
1
1
1
1
1
1
1
1
1
1
1
1
1
1
1
1
1
1
1
1
1
1
1
1
1
1
1
1
1
1
1
1
1
1
1
1
1
1
1
1
1
1
1
1
1
1
1
1
1
1
1
1
1
1
1
1
1
1
1
1
1
1
1
1
1
1
1
1
1
1
1
1
1
1
1
1
1
1
1
1
1
1
1
1
1
1
1
1
1
1
1
1
1
1
1
1
1
1
1
1
1
1
1
1
1
1
1
1
1
1
1
1
1
1
1
1
1
1
1
1
1
1
1
1
1
1
1
1
1
1
1
1
1
1
1
1
1
1
1
1
1
1
1
1
1
1
1
1
1
1
1
1
1
1
1
1
1
1
1
1
1
1
1
1
1
1
1
1
1
1
1
1
1
1
1
1
1
1
1
1
1
1
1
1
1
1
1
1
1
1
1
1
1
1
1
1
1
1
1
1
1
1
1
1
1
1
1
1
1
1
1
1
1
1
1
1
1
1
1
1
1
1
1
1
1
1
1
1
1
1
1
1
1
1
1
1
1
1
1
1
1
1
1
1
1
1
1
1
1
1
1
1
1
1
1
1
1
1
1
1
1
1
1
1
1
1
1
1
1
1
1
1
1
1
1
1
1
1
1
1
1
1
1
1
1
1
1
1
1
1
1
1
1
1
1
1
1
1
1
1
1
1
1
1
1
1
1
1
1
1
1
1
1
1
1
1
1
1
1
1
1
1
1
1
1
1
1
1
1
1
1
1
1
1
1
1
1
1
1
1
1
1
1
1
1
1
1
1
1
1
1
1
1
1
1
1
1
1
1
1
1
1
1
1
1
1
1
1
1
1
1
1
1
1
1
1
1
1
1
1
1
1
1
1
1
1
1
1
1
1
1
1
1
1
1
1
1
1
1
1
1
1
1
1
1
1
1
1
1
1
1
1
1
1
1
1
1
1
1
1
1
1
1
1
1
1
1
1
1
1
1
1
1
1
1
1
1
1
1
1
1
1
1
1
1
1
1
1
1
1
1
1
1
1
1
1
1
1
1
1
1
1
1
1
1
1
1
1
1
1
1
1
1
1
1
1
1
1
1
1
1
1
1
1
1
1
1
1
1
1
1
1
1
1
1
1
1
1
1
1
1
1
1
1
1
1
1
1
1
1
1
1
1
1
1
1
1
1
1
1
1
1
1
1
1
1
1
1
1
1
1
1
1
1
1
1
1
1
1
1
1
1
1
1
1
1
1
1
1
1
1
1
1
1
1
1
1
1
3.1995
0.441497
0.290013
0.246139
0.140335
0.145458
0.217798
0.33989
0.484561
0.643811
0.828978
1.02707
1.18038
1.33426
1.52989
1.73406
1.84371
1.94528
2.07976
2.13574
2.17473
2.17769
2.17284
2.19226
2.22447
2.26998
2.31229
2.34977
2.40456
2.45872
2.50247
2.4918
2.45592
2.44264
2.45424
2.4842
2.51435
2.56654
2.62692
2.63495
2.62761
2.61691
2.58999
2.58203
2.57802
2.57721
2.6037
2.64642
2.66362
2.66981
2.66881
2.65817
2.65153
2.64064
2.62524
2.61768
2.62135
2.62528
2.62331
2.62035
2.61827
2.61786
2.61802
2.61614
2.60945
2.59884
2.59037
2.58295
2.57549
2.57655
2.5895
2.5987
2.59139
2.57749
2.55593
2.52541
2.50361
2.49886
2.50092
2.51209
2.52013
2.51986
2.51366
2.49461
2.46477
2.44738
2.44169
2.44265
2.45545
2.47281
2.47569
2.46599
2.4446
2.41382
2.39658
2.39146
2.38897
3.11012
10.3242
13.0196
13.2117
13.3006
13.3501
13.3454
13.3175
13.2827
13.2522
13.2014
13.0987
12.949
12.797
12.6794
12.6177
12.6132
12.6407
12.6216
12.483
12.2778
12.0722
11.8939
11.7645
11.6893
11.6391
11.582
11.5067
11.4195
11.3314
11.2493
11.176
11.0961
10.981
10.8511
10.7273
10.6189
10.5215
10.4248
10.3291
10.2429
10.1734
10.1228
10.0842
10.0578
10.0325
9.98109
9.88742
9.74809
9.57518
9.4423
9.34763
9.27728
9.22667
9.18814
9.16438
9.14746
9.11011
9.03137
8.907
8.75407
8.63629
8.55342
8.4978
8.4677
8.45712
8.46898
8.46641
8.4165
8.32334
8.16504
7.9981
7.88612
7.81744
7.77287
7.76133
7.78151
7.80699
7.78976
7.72967
7.63039
7.47222
7.34487
7.27514
7.23087
7.20772
7.21522
7.23427
7.21826
7.16574
7.07487
6.91224
6.76165
6.68901
6.64337
5.77615
2.09726
1.42439
1.15587
0.760983
0.507497
0.503386
0.551589
0.559162
0.579179
0.60185
0.66441
0.766229
0.865817
0.973507
1.13496
1.34603
1.5058
1.6616
1.80623
1.92354
1.9982
2.03501
2.06873
2.12171
2.21477
2.29404
2.32789
2.38039
2.4096
2.42486
2.42952
2.42487
2.43406
2.4597
2.497
2.5248
2.55664
2.59344
2.59535
2.59384
2.59323
2.58839
2.59047
2.59191
2.59969
2.62233
2.63678
2.63786
2.63403
2.62414
2.61871
2.61865
2.61904
2.61602
2.61942
2.62924
2.63277
2.63041
2.62642
2.62095
2.61729
2.6177
2.61941
2.61645
2.6099
2.5997
2.58465
2.57099
2.56355
2.56133
2.56394
2.5677
2.56362
2.5557
2.54753
2.53444
2.51826
2.50857
2.50564
2.50691
2.50974
2.50709
2.49974
2.48823
2.47278
2.45871
2.45059
2.44857
2.45226
2.45375
2.44981
2.4385
2.42741
2.41982
2.41087
2.39679
3.03896
10.1934
13.0448
13.2966
13.4289
13.3999
13.3435
13.2787
13.2276
13.1938
13.1589
13.0963
12.9756
12.8197
12.678
12.5749
12.5183
12.4859
12.4489
12.3865
12.2649
12.0918
11.9199
11.7812
11.6883
11.6399
11.6181
11.5792
11.4811
11.3425
11.2017
11.0736
10.9667
10.8902
10.8224
10.747
10.6689
10.5921
10.5168
10.4356
10.3366
10.2229
10.117
10.0294
9.9511
9.87789
9.81853
9.76984
9.73193
9.67978
9.60016
9.49174
9.36655
9.24667
9.1491
9.06646
9.00102
8.95624
8.9264
8.91151
8.87355
8.79699
8.69157
8.57847
8.48352
8.41159
8.34985
8.31067
8.27877
8.25098
8.20234
8.13119
8.03138
7.91662
7.82417
7.76568
7.72379
7.69372
7.66459
7.63915
7.59768
7.54254
7.46799
7.37262
7.28866
7.23476
7.19647
7.15275
7.11266
7.08221
7.03082
6.96551
6.88834
6.79333
6.69882
7.87954
4.73763
2.96799
2.22603
1.59805
1.02773
0.963484
0.968204
0.887423
0.745915
0.740751
0.767782
0.797546
0.854367
0.910068
0.951791
1.01091
1.13511
1.31747
1.47955
1.61386
1.76278
1.87407
1.97525
2.07501
2.19433
2.31124
2.3524
2.39352
2.41696
2.43221
2.42372
2.41456
2.44463
2.49342
2.53311
2.5669
2.58384
2.58644
2.58566
2.57823
2.56643
2.56782
2.57252
2.58357
2.61269
2.65273
2.66736
2.66704
2.65272
2.62172
2.59914
2.59495
2.59649
2.60255
2.61934
2.64176
2.64857
2.64871
2.64633
2.63592
2.6177
2.60905
2.60707
2.60443
2.60371
2.60388
2.60294
2.59881
2.5895
2.57282
2.55075
2.53227
2.52463
2.52489
2.53241
2.54126
2.54296
2.53932
2.5299
2.51181
2.48759
2.47412
2.47332
2.47763
2.48329
2.48818
2.486
2.47366
2.45066
2.42478
2.40952
2.40707
2.41191
2.42201
2.42928
2.42298
2.82927
9.86875
13.192
13.3791
13.4901
13.4615
13.3731
13.2826
13.2039
13.1511
13.1156
13.0775
13.0044
12.8792
12.7311
12.5912
12.4713
12.3781
12.3108
12.2601
12.2032
12.106
11.9624
11.8086
11.6845
11.6087
11.5933
11.5937
11.5382
11.4201
11.2716
11.1039
10.9443
10.8222
10.7463
10.6899
10.6262
10.5629
10.5107
10.4714
10.4409
10.3913
10.2836
10.1306
9.94452
9.75532
9.62353
9.55351
9.55552
9.61079
9.65246
9.64322
9.5674
9.44051
9.25926
9.04957
8.87328
8.76989
8.721
8.75106
8.82896
8.87469
8.85228
8.76998
8.64196
8.46196
8.27811
8.16147
8.09996
8.07664
8.11456
8.15116
8.13308
8.07704
7.98909
7.85702
7.70425
7.59352
7.53366
7.48909
7.47766
7.51169
7.51972
7.48639
7.42815
7.33106
7.19471
7.07821
7.00925
6.94875
6.91244
6.92446
6.93341
6.91131
6.81743
9.43554
6.51394
4.51932
3.53835
2.81952
1.97652
1.65239
1.55844
1.385
1.17327
1.17009
1.15031
1.05329
1.0027
0.992564
0.977809
0.99033
1.01164
1.05031
1.11065
1.22149
1.39372
1.57453
1.71628
1.83774
1.97073
2.09395
2.1646
2.2082
2.2554
2.34729
2.38955
2.40515
2.47077
2.53039
2.54945
2.55702
2.56301
2.56824
2.56601
2.55454
2.54729
2.54912
2.55216
2.56674
2.59725
2.62675
2.64228
2.64809
2.64249
2.62085
2.60046
2.59587
2.59523
2.60017
2.61459
2.63418
2.63955
2.63799
2.63276
2.62156
2.60472
2.59651
2.59491
2.59423
2.59317
2.59176
2.59122
2.58961
2.58691
2.58238
2.57267
2.5558
2.5401
2.53452
2.53279
2.5324
2.53135
2.52961
2.52572
2.51637
2.499
2.48197
2.47513
2.47359
2.47405
2.47806
2.47778
2.47005
2.45692
2.43944
2.42513
2.41887
2.4176
2.41991
2.42171
2.41742
2.47596
9.41215
13.5151
13.6233
13.6713
13.6076
13.4598
13.3351
13.2337
13.1581
13.0942
13.0313
12.9608
12.8724
12.7634
12.6416
12.516
12.3966
12.2876
12.1933
12.1233
12.0701
12.0051
11.8943
11.7594
11.6435
11.5597
11.4851
11.4038
11.3175
11.2281
11.1345
11.036
10.9464
10.8655
10.7601
10.628
10.4943
10.3863
10.3162
10.2974
10.312
10.2988
10.2092
10.0782
9.89729
9.69607
9.54873
9.47012
9.44893
9.48913
9.53207
9.53072
9.46775
9.36845
9.21865
9.02947
8.85324
8.73696
8.68197
8.69912
8.75592
8.79104
8.7607
8.68377
8.56616
8.39658
8.21674
8.0892
8.02414
8.0163
8.05374
8.08376
8.07134
8.01873
7.93706
7.81055
7.65491
7.51535
7.43965
7.41132
7.43416
7.47944
7.49406
7.46421
7.40649
7.29436
7.11937
6.95008
6.86437
6.83466
6.8444
6.89374
6.9449
6.88201
10.5442
8.08388
6.07475
4.72148
3.88634
3.11629
2.581
2.31177
2.00542
1.67792
1.59252
1.52177
1.38987
1.27367
1.25966
1.23167
1.16659
1.14966
1.1398
1.14772
1.15804
1.18276
1.234
1.31476
1.4264
1.56224
1.71153
1.8645
1.9833
2.06235
2.18159
2.27107
2.29869
2.3648
2.44311
2.46135
2.47088
2.49087
2.5101
2.52811
2.55831
2.58205
2.59295
2.59967
2.61109
2.61768
2.62035
2.61915
2.615
2.61016
2.60142
2.59295
2.59371
2.59245
2.59156
2.59784
2.60937
2.61853
2.62017
2.62304
2.62602
2.62444
2.61755
2.61214
2.60466
2.59125
2.57793
2.571
2.56667
2.56402
2.563
2.5619
2.55806
2.55276
2.54983
2.54689
2.54179
2.53395
2.52554
2.51895
2.51285
2.50681
2.5017
2.49631
2.4881
2.47646
2.4626
2.44829
2.43686
2.43157
2.43035
2.4328
2.44018
2.44248
2.43793
2.42648
2.40119
2.40043
8.70473
13.8269
13.99
13.8784
13.7373
13.5395
13.3961
13.2934
13.2184
13.1335
13.0184
12.8928
12.7783
12.6829
12.6032
12.5271
12.4375
12.3246
12.1984
12.0822
11.9976
11.9536
11.9234
11.8632
11.7667
11.6316
11.4683
11.3118
11.1743
11.0743
11.0163
11.0027
11.0181
10.9972
10.9004
10.7685
10.6012
10.4088
10.2603
10.1628
10.1113
10.1143
10.1084
10.0519
9.97171
9.87179
9.7431
9.60106
9.48717
9.40571
9.34162
9.30832
9.29486
9.27066
9.21664
9.14271
9.0534
8.94138
8.8228
8.73059
8.66197
8.61747
8.58988
8.55043
8.49139
8.42415
8.34942
8.25851
8.16039
8.08134
8.02839
7.9846
7.94721
7.90686
7.85572
7.79375
7.72166
7.63442
7.54346
7.47905
7.44661
7.42492
7.40534
7.37661
7.33148
7.26162
7.1618
7.04847
6.9512
6.89138
6.86485
6.86464
6.87829
6.82231
11.3571
9.13702
7.38817
6.02737
4.90153
4.04443
3.52111
3.07082
2.67695
2.30312
2.11722
1.97834
1.79873
1.68564
1.62288
1.57022
1.49144
1.41282
1.33683
1.26595
1.25298
1.24113
1.2457
1.25849
1.27567
1.29653
1.33537
1.4021
1.50038
1.61035
1.74765
1.96798
2.11071
2.21296
2.34021
2.38422
2.41436
2.43956
2.45617
2.47566
2.50678
2.56076
2.60155
2.60245
2.60026
2.59473
2.58341
2.57673
2.58017
2.58854
2.59738
2.59974
2.60097
2.59639
2.58975
2.59104
2.59671
2.60955
2.62419
2.63164
2.63272
2.62876
2.61204
2.59487
2.58561
2.57477
2.56407
2.56083
2.56068
2.56466
2.56547
2.56585
2.56444
2.5603
2.55723
2.55424
2.54859
2.53898
2.52561
2.51167
2.50195
2.4959
2.49168
2.48687
2.47909
2.46645
2.44926
2.43666
2.43247
2.43177
2.43687
2.44779
2.45333
2.45197
2.44277
2.41772
2.38691
2.3766
7.91895
14.1692
14.4192
14.1022
13.9071
13.6694
13.4951
13.3664
13.2794
13.1987
13.073
12.9081
12.7485
12.6226
12.5417
12.497
12.45
12.3595
12.2292
12.0864
11.9601
11.8734
11.8408
11.8328
11.78
11.6565
11.5035
11.3411
11.1899
11.0618
10.9709
10.9439
10.9638
10.9481
10.8681
10.7652
10.6416
10.4761
10.2982
10.1635
10.0736
10.0277
10.0131
9.98988
9.95211
9.89584
9.81871
9.71019
9.56195
9.408
9.29409
9.21756
9.1717
9.16209
9.16958
9.16118
9.1191
9.05111
8.94321
8.78168
8.62461
8.52456
8.46119
8.42487
8.41832
8.41756
8.39692
8.35425
8.28281
8.16216
8.02218
7.92116
7.85497
7.80847
7.77953
7.76378
7.74322
7.71176
7.66097
7.57518
7.4678
7.38555
7.32866
7.27534
7.2211
7.17244
7.13565
7.10365
7.05906
6.99312
6.91956
6.86107
6.81741
6.73644
12.1294
10.0658
8.42854
7.10607
5.90004
5.0108
4.41335
3.84286
3.29875
2.955
2.72675
2.49099
2.25414
2.11232
2.00702
1.88489
1.77541
1.67605
1.58462
1.49297
1.46493
1.43773
1.39518
1.37723
1.36636
1.34466
1.31556
1.30423
1.30864
1.32709
1.37221
1.49713
1.69594
1.85187
2.01633
2.16661
2.25711
2.3113
2.34741
2.37708
2.4163
2.50042
2.5745
2.59098
2.59242
2.58521
2.55621
2.53759
2.54172
2.55457
2.57717
2.59107
2.59201
2.5874
2.5828
2.58437
2.59169
2.6067
2.61708
2.61606
2.61217
2.6044
2.58782
2.56896
2.56048
2.55915
2.56113
2.57335
2.58928
2.59191
2.58694
2.57376
2.55232
2.53784
2.5343
2.53233
2.5294
2.52447
2.51487
2.49936
2.48778
2.48434
2.48276
2.48177
2.47791
2.47066
2.46029
2.45067
2.4461
2.44435
2.44512
2.44548
2.44321
2.43859
2.42592
2.40097
2.38567
2.38586
7.09622
14.5948
14.8698
14.2823
14.0076
13.7357
13.5264
13.3683
13.2578
13.183
13.0995
12.9533
12.782
12.6363
12.5363
12.478
12.4384
12.3664
12.2369
12.0889
11.9525
11.8501
11.7903
11.7691
11.719
11.6093
11.4884
11.3688
11.2524
11.1423
11.0461
10.97
10.906
10.8355
10.7538
10.6633
10.5637
10.4535
10.3294
10.205
10.0952
10.0137
9.95848
9.93021
9.90637
9.86283
9.79491
9.70616
9.58068
9.4327
9.29965
9.20766
9.15087
9.1331
9.15174
9.15852
9.12028
9.0554
8.9539
8.79226
8.61114
8.47954
8.41209
8.38061
8.39955
8.43536
8.42591
8.38476
8.31715
8.18421
8.00269
7.86346
7.79449
7.75793
7.74683
7.77176
7.78312
7.76365
7.7226
7.63121
7.47716
7.33089
7.24439
7.19478
7.16326
7.14543
7.14672
7.14332
7.11947
7.07051
6.97113
6.84273
6.75681
6.67513
12.647
10.836
9.33044
8.03872
6.80509
5.90584
5.23623
4.68303
4.02568
3.59114
3.28336
3.00733
2.73607
2.58404
2.42947
2.27072
2.1003
1.9721
1.85965
1.76246
1.71059
1.66624
1.61926
1.58568
1.55098
1.49178
1.40945
1.34932
1.32805
1.32711
1.33889
1.36424
1.41268
1.47107
1.53747
1.63898
1.74763
1.88017
2.03633
2.15957
2.25057
2.35705
2.49874
2.57418
2.5855
2.58576
2.56256
2.51664
2.50887
2.51561
2.53135
2.54423
2.54664
2.55235
2.56405
2.57506
2.58944
2.6061
2.60926
2.60401
2.59401
2.5757
2.54678
2.53044
2.53099
2.53922
2.56572
2.60656
2.62216
2.62005
2.60587
2.56908
2.52763
2.51198
2.50892
2.50796
2.51395
2.51609
2.51157
2.50338
2.49524
2.49217
2.49192
2.49286
2.49205
2.4873
2.47809
2.46443
2.45253
2.44452
2.43853
2.43284
2.42706
2.42103
2.41402
2.40464
2.39698
2.41138
6.12516
15.1609
15.481
14.4207
14.0592
13.8
13.5781
13.3781
13.2101
13.0924
13.032
12.9546
12.8086
12.6479
12.5138
12.4156
12.3604
12.3118
12.2089
12.0834
11.9465
11.8247
11.7278
11.6567
11.5924
11.5085
11.4247
11.3551
11.2961
11.2257
11.1284
10.9974
10.838
10.6961
10.5938
10.5144
10.4564
10.4173
10.3733
10.3079
10.2103
10.0781
9.96011
9.88556
9.8251
9.77058
9.71113
9.64213
9.56657
9.48149
9.37783
9.26398
9.1712
9.11613
9.08459
9.06334
9.02163
8.96019
8.87855
8.77621
8.66017
8.54207
8.44954
8.40325
8.3978
8.41378
8.38973
8.33612
8.25178
8.13795
8.01036
7.89031
7.80351
7.76189
7.75593
7.79289
7.80251
7.77314
7.71095
7.60104
7.45793
7.31349
7.20463
7.15278
7.13113
7.13462
7.16681
7.16914
7.14338
7.08984
6.9729
6.8061
6.68557
6.62337
13.1125
11.5299
10.0968
8.79096
7.72459
6.80333
5.97961
5.34897
4.77796
4.28342
3.88294
3.51567
3.19069
3.0037
2.83329
2.64316
2.45817
2.29202
2.14955
2.04505
1.97639
1.90204
1.82304
1.78481
1.74541
1.68556
1.59443
1.52454
1.48871
1.45933
1.44032
1.43519
1.43366
1.42931
1.41903
1.40519
1.41016
1.44656
1.55129
1.71979
1.93093
2.13023
2.28548
2.38777
2.4439
2.50507
2.52033
2.51463
2.51117
2.50522
2.50927
2.51553
2.52305
2.53631
2.55105
2.56354
2.57962
2.59655
2.59438
2.58581
2.57315
2.54834
2.51548
2.50833
2.5129
2.52641
2.56339
2.61054
2.62187
2.61917
2.60475
2.56426
2.51629
2.50348
2.50038
2.49857
2.50377
2.51497
2.51886
2.51789
2.51349
2.50406
2.4904
2.47979
2.47644
2.47398
2.46829
2.46073
2.45298
2.44663
2.43905
2.43018
2.42247
2.41612
2.41585
2.41206
2.42141
2.66277
5.33965
15.0248
16.3113
14.867
14.154
13.8071
13.5565
13.3357
13.1497
13.0056
12.9291
12.8975
12.7924
12.6378
12.4837
12.3739
12.3111
12.2564
12.159
12.0481
11.9194
11.7952
11.6965
11.6098
11.5235
11.4458
11.3757
11.3184
11.2861
11.2431
11.1538
11.0311
10.8469
10.6346
10.498
10.4229
10.3755
10.3801
10.4012
10.3655
10.2959
10.183
9.9996
9.8109
9.6931
9.6167
9.56082
9.52917
9.52104
9.50338
9.46206
9.39691
9.28914
9.14264
9.03035
8.95952
8.89774
8.84504
8.80136
8.76111
8.72013
8.6709
8.59478
8.48986
8.4021
8.34412
8.27809
8.20484
8.13278
8.07096
8.02675
7.98348
7.92714
7.86429
7.81791
7.78285
7.7356
7.66493
7.58197
7.49743
7.42046
7.3519
7.28207
7.22048
7.19017
7.18361
7.17406
7.14446
7.08957
7.00949
6.90998
6.80292
6.71239
6.6483
13.4435
12.0119
10.7386
9.51157
8.41926
7.54608
6.76236
6.01282
5.4065
4.89855
4.44588
4.05447
3.70136
3.43347
3.2117
2.98914
2.79081
2.62291
2.44557
2.33991
2.2559
2.18021
2.0964
2.02851
1.95782
1.87331
1.77121
1.68821
1.64116
1.60483
1.58305
1.56384
1.53569
1.50593
1.47119
1.42192
1.39658
1.39662
1.40903
1.44758
1.52876
1.66177
1.81153
1.95513
2.06292
2.17937
2.28199
2.36808
2.45073
2.48516
2.51656
2.54001
2.54588
2.54795
2.54803
2.54304
2.54502
2.55909
2.5644
2.56201
2.55411
2.53217
2.5053
2.50058
2.50533
2.51966
2.5494
2.58356
2.59616
2.59767
2.59231
2.55972
2.51599
2.50126
2.49706
2.49486
2.50398
2.5246
2.53037
2.52874
2.52337
2.51395
2.49897
2.48208
2.46728
2.45512
2.44837
2.44536
2.44573
2.44972
2.44747
2.44301
2.43618
2.42737
2.41299
2.4132
2.679
4.18893
5.64625
11.3631
15.4379
15.1579
14.4123
13.8834
13.5294
13.2732
13.0812
12.9464
12.8522
12.8063
12.7209
12.5985
12.4503
12.3263
12.2355
12.1389
12.0368
11.9403
11.8589
11.8017
11.7396
11.6349
11.4934
11.3636
11.2811
11.2163
11.1786
11.1652
11.1087
11.0207
10.8887
10.6844
10.4848
10.3831
10.3332
10.3343
10.3659
10.3471
10.2865
10.1956
10.0318
9.81165
9.63575
9.54309
9.49219
9.4753
9.51394
9.55145
9.52605
9.46523
9.37363
9.20831
9.00294
8.86611
8.79977
8.75878
8.73627
8.7404
8.75702
8.73281
8.67922
8.58103
8.40463
8.23351
8.13715
8.08324
8.05147
8.03936
8.05943
8.07367
8.04708
7.98402
7.85806
7.6949
7.58343
7.51729
7.46592
7.43161
7.41239
7.4082
7.39292
7.35213
7.27437
7.17396
7.09343
7.02678
6.95988
6.89495
6.84511
6.81467
6.78982
6.72593
13.722
12.4379
11.2249
10.0402
9.07201
8.20612
7.35308
6.58106
6.01944
5.46832
4.96463
4.51884
4.20655
3.88088
3.60482
3.35016
3.14179
2.95374
2.76941
2.63537
2.52485
2.41842
2.34175
2.27323
2.18815
2.08317
1.95929
1.87274
1.82145
1.77582
1.74844
1.72061
1.68649
1.65244
1.61213
1.54087
1.45862
1.44108
1.44034
1.44697
1.45861
1.47562
1.49671
1.52839
1.59346
1.70697
1.8684
2.02725
2.19516
2.34897
2.45334
2.50473
2.50824
2.50548
2.50619
2.49123
2.49469
2.52563
2.5477
2.54906
2.54223
2.52111
2.50541
2.50593
2.5114
2.52323
2.54689
2.56446
2.56423
2.55978
2.55358
2.53535
2.51128
2.50277
2.49844
2.49803
2.51045
2.51718
2.51456
2.5149
2.51599
2.51105
2.49917
2.48091
2.45908
2.44282
2.43508
2.43243
2.43229
2.43997
2.4544
2.45702
2.45059
2.43537
2.42439
2.59673
4.01159
6.55295
6.81602
7.87646
11.9623
14.3613
14.3652
14.0509
13.648
13.3017
13.0411
12.8915
12.7837
12.7271
12.6636
12.5462
12.3957
12.2322
12.1087
12.0219
11.948
11.8924
11.8672
11.8465
11.7745
11.6626
11.4947
11.2928
11.1614
11.0906
11.0566
11.0541
11.0309
10.966
10.8801
10.7476
10.5634
10.4037
10.3234
10.2885
10.2721
10.2379
10.1845
10.1071
10.0027
9.87125
9.72607
9.60342
9.53542
9.51117
9.52504
9.52568
9.48846
9.42817
9.34698
9.22882
9.05857
8.88117
8.7692
8.71629
8.69297
8.72896
8.76088
8.72983
8.67449
8.58855
8.42822
8.21516
8.07949
8.02471
8.00235
8.05053
8.14011
8.1282
8.07691
7.99998
7.85477
7.6424
7.49643
7.43277
7.40534
7.41203
7.46219
7.48305
7.45828
7.40883
7.3043
7.13457
6.99816
6.92032
6.87307
6.8477
6.84443
6.87309
6.88002
6.81035
13.9357
12.7702
11.602
10.4964
9.59491
8.74642
7.85068
7.12726
6.53514
5.98648
5.44601
5.03455
4.66021
4.295
3.96117
3.73407
3.51838
3.30009
3.08555
2.9476
2.82015
2.68509
2.57492
2.49032
2.39316
2.27955
2.16579
2.07705
2.01185
1.96
1.93432
1.90145
1.8595
1.8102
1.7427
1.65511
1.56267
1.51897
1.50794
1.49463
1.48239
1.48351
1.48531
1.481
1.478
1.48671
1.52927
1.62961
1.7814
1.95533
2.10608
2.26221
2.31847
2.35792
2.40068
2.42305
2.46328
2.53584
2.56419
2.56131
2.54206
2.51064
2.49853
2.50018
2.51037
2.5342
2.55775
2.56108
2.5552
2.54001
2.51228
2.49074
2.48683
2.48674
2.48953
2.50442
2.51817
2.51608
2.50859
2.49526
2.49127
2.48941
2.48316
2.47236
2.45802
2.44227
2.43299
2.43086
2.43121
2.44254
2.45984
2.45771
2.44838
2.4513
2.65564
3.86516
6.16243
7.26259
7.35407
7.37612
8.32202
11.4887
13.5477
13.9759
13.7231
13.3484
13.0104
12.8209
12.6956
12.6336
12.5807
12.4654
12.3109
12.1489
12.0265
11.9494
11.8984
11.8643
11.8363
11.7808
11.7062
11.6173
11.4961
11.3222
11.135
11.0146
10.9456
10.8936
10.8743
10.8629
10.8123
10.7402
10.661
10.5445
10.3857
10.2357
10.1304
10.0646
10.0215
10.0031
9.96948
9.92043
9.86299
9.77597
9.65072
9.52381
9.43466
9.37363
9.33383
9.30518
9.26097
9.19156
9.10191
8.98506
8.85104
8.74765
8.69547
8.6554
8.62942
8.62383
8.59239
8.52765
8.42102
8.27669
8.13882
8.06173
8.03437
8.03563
8.0519
8.05411
8.01282
7.93923
7.81145
7.64897
7.51295
7.44905
7.42702
7.44847
7.49218
7.46845
7.42371
7.36109
7.26019
7.10822
6.96063
6.88869
6.8594
6.85378
6.90337
6.94154
6.91661
6.82064
14.107
13.0223
11.9361
10.9172
10.016
9.17223
8.34528
7.66393
7.03641
6.42766
5.8735
5.49942
5.11582
4.73173
4.34295
4.0977
3.86543
3.63686
3.41988
3.268
3.12459
2.96188
2.8287
2.71028
2.59202
2.46109
2.36256
2.28637
2.21176
2.13998
2.1041
2.06057
2.0094
1.95979
1.89281
1.8038
1.71001
1.67765
1.66157
1.64038
1.6194
1.59482
1.55764
1.51567
1.4919
1.48212
1.47643
1.47997
1.50024
1.56501
1.66623
1.79275
1.9477
2.08201
2.22466
2.34474
2.43279
2.5199
2.53437
2.53668
2.51743
2.47456
2.46299
2.46577
2.49213
2.53664
2.55577
2.55811
2.55554
2.53315
2.48719
2.46276
2.46173
2.46561
2.48017
2.51041
2.52487
2.52203
2.51206
2.49425
2.47042
2.4549
2.45169
2.45284
2.45477
2.45208
2.4481
2.4454
2.44718
2.45062
2.44507
2.442
2.45068
2.73175
4.05352
6.12443
7.34747
7.45813
7.43039
7.30446
7.28773
8.15618
10.8873
13.0811
13.5983
13.3564
12.9742
12.7551
12.6218
12.5599
12.5001
12.3818
12.2273
12.0879
11.9884
11.9236
11.8665
11.7847
11.695
11.6324
11.576
11.5275
11.4679
11.3852
11.2458
11.0501
10.875
10.7674
10.7045
10.6663
10.6856
10.7359
10.7053
10.6316
10.5058
10.2915
10.09
9.98165
9.92428
9.88991
9.91686
9.95883
9.9238
9.86173
9.75985
9.58021
9.38503
9.26037
9.18718
9.13697
9.1085
9.1106
9.08707
9.04027
8.97473
8.87067
8.72703
8.6162
8.55764
8.51232
8.46912
8.42189
8.36894
8.31979
8.2626
8.18535
8.09849
8.03701
7.99424
7.95003
7.89909
7.83407
7.7562
7.68745
7.62504
7.55379
7.49444
7.45356
7.41035
7.37361
7.33005
7.27329
7.2008
7.11205
7.0257
6.95911
6.92353
6.9158
6.9103
6.88177
6.85662
6.76293
14.2536
13.2396
12.2301
11.2575
10.4032
9.57957
8.78366
8.09522
7.49143
6.88884
6.34908
5.89297
5.49475
5.11548
4.77262
4.49857
4.23091
3.94773
3.72453
3.56302
3.40896
3.24345
3.0948
2.94727
2.79358
2.64865
2.55724
2.48473
2.41013
2.34679
2.29775
2.24219
2.17491
2.09448
2.00263
1.91982
1.84282
1.8153
1.7956
1.76577
1.73909
1.71757
1.68554
1.6314
1.55782
1.50875
1.48264
1.4809
1.48849
1.50553
1.51948
1.53428
1.57624
1.65274
1.77554
1.96331
2.13271
2.2986
2.38603
2.40919
2.43004
2.42635
2.4171
2.41972
2.44335
2.50171
2.53822
2.54528
2.54212
2.52044
2.47864
2.44743
2.44617
2.45197
2.47037
2.5055
2.5262
2.5259
2.52048
2.50316
2.4659
2.43664
2.42975
2.4286
2.4312
2.44723
2.46241
2.46889
2.46859
2.4609
2.44516
2.44654
2.66613
4.29217
6.19617
7.31667
7.52979
7.49723
7.41267
7.31913
7.19728
7.20494
7.95937
10.3276
12.6467
13.1677
12.9171
12.6973
12.578
12.5197
12.4307
12.2972
12.1498
12.0493
11.9922
11.9429
11.8522
11.7178
11.552
11.4366
11.3796
11.3651
11.4134
11.4008
11.3216
11.1657
10.9113
10.7101
10.6154
10.5637
10.5446
10.6009
10.6627
10.6173
10.5323
10.3899
10.1563
9.95502
9.86872
9.82407
9.80107
9.83137
9.87606
9.83199
9.75575
9.63175
9.42615
9.22878
9.11571
9.05298
9.01288
9.01476
9.07417
9.07358
9.03335
8.9656
8.83391
8.64247
8.49484
8.41044
8.35975
8.32974
8.33378
8.34997
8.33038
8.28187
8.19177
8.05209
7.92122
7.83555
7.78017
7.7446
7.72651
7.7208
7.69443
7.64435
7.55227
7.42997
7.3328
7.27411
7.22782
7.1854
7.14664
7.12554
7.11083
7.07747
7.01647
6.93098
6.85455
6.80577
6.76442
6.67921
14.3833
13.4077
12.476
11.5946
10.7369
9.91367
9.20506
8.54963
7.89687
7.26574
6.78851
6.33078
5.90773
5.47948
5.16426
4.85935
4.5845
4.28527
4.06099
3.8671
3.67266
3.47642
3.32556
3.17675
3.02525
2.88789
2.7863
2.68952
2.57643
2.51603
2.46823
2.41083
2.34361
2.25364
2.14181
2.03728
1.97375
1.95546
1.93665
1.91078
1.87851
1.8477
1.80559
1.75105
1.68587
1.63296
1.58748
1.54116
1.53094
1.52947
1.52289
1.51019
1.50806
1.51421
1.53477
1.59862
1.71356
1.87057
2.02913
2.16083
2.30386
2.37734
2.39688
2.41304
2.42394
2.46857
2.48932
2.49257
2.49562
2.49122
2.46912
2.44439
2.44071
2.44405
2.45952
2.49264
2.51719
2.51833
2.51359
2.50145
2.47323
2.43617
2.42322
2.42203
2.4228
2.43376
2.46529
2.48031
2.47837
2.46911
2.4724
2.65508
4.08216
6.50347
7.30454
7.51747
7.52157
7.41426
7.33511
7.26955
7.20045
7.09614
7.0953
7.65581
9.68128
12.0334
12.6142
12.657
12.5713
12.4899
12.3566
12.1935
12.0629
11.9875
11.9823
11.9723
11.8803
11.7227
11.4773
11.2856
11.208
11.1733
11.2297
11.335
11.3027
11.2199
11.052
10.79
10.5843
10.4997
10.4552
10.4349
10.4529
10.4972
10.4778
10.4042
10.2798
10.0697
9.86755
9.77319
9.7247
9.69347
9.69458
9.72124
9.69409
9.61969
9.50123
9.30515
9.11339
9.02248
8.97888
8.95683
8.98086
9.05552
9.04357
8.98136
8.88474
8.7082
8.48726
8.36346
8.31239
8.2837
8.3016
8.36952
8.35477
8.30445
8.22957
8.0811
7.88898
7.7731
7.72328
7.69518
7.70508
7.72958
7.70314
7.66031
7.58386
7.43795
7.29494
7.21227
7.17029
7.14473
7.15609
7.1899
7.16517
7.12337
7.05905
6.93859
6.80541
6.7162
6.66935
6.61681
14.5296
13.5836
12.6983
11.8787
11.0406
10.2434
9.57212
8.92581
8.25675
7.6746
7.18749
6.7149
6.25728
5.86656
5.54716
5.2085
4.88365
4.59307
4.37873
4.16085
3.94935
3.7347
3.55937
3.39688
3.22702
3.11267
3.01567
2.91731
2.79621
2.71371
2.63705
2.55
2.45859
2.37071
2.27926
2.19349
2.13635
2.112
2.07996
2.03932
2.00385
1.96965
1.92571
1.85649
1.7774
1.72914
1.69545
1.66353
1.63426
1.60763
1.57239
1.52723
1.51062
1.51085
1.52183
1.53245
1.54674
1.58325
1.64151
1.71423
1.84005
1.99972
2.1437
2.31216
2.39859
2.43268
2.45222
2.45369
2.44936
2.44764
2.44137
2.42852
2.42455
2.42828
2.44635
2.47239
2.48529
2.48718
2.48821
2.48565
2.46956
2.441
2.42524
2.42127
2.42122
2.4316
2.44966
2.45867
2.46496
2.48282
2.74803
4.00011
6.48222
7.38714
7.52141
7.4823
7.46271
7.42213
7.33098
7.25202
7.17993
7.07117
6.98426
6.97471
7.35665
9.04199
11.3322
12.2532
12.5135
12.4427
12.2602
12.0261
11.9281
11.8819
11.9088
11.9554
11.8901
11.7668
11.5087
11.2117
11.0898
11.0432
11.042
11.1149
11.2054
11.1772
11.1023
10.9701
10.7508
10.5144
10.3833
10.321
10.2763
10.2632
10.3156
10.3421
10.285
10.1956
10.0256
9.8046
9.66107
9.59619
9.55014
9.52628
9.54828
9.55911
9.50228
9.41469
9.2672
9.08861
8.97927
8.93544
8.91147
8.90218
8.91839
8.90966
8.85565
8.75388
8.57531
8.38596
8.30161
8.26763
8.25152
8.26116
8.28906
8.26499
8.20746
8.10079
7.91873
7.7637
7.70589
7.67634
7.65981
7.67361
7.67822
7.63912
7.57679
7.46376
7.30375
7.19509
7.15484
7.132
7.12352
7.12848
7.1297
7.09933
7.04726
6.95083
6.80277
6.68866
6.63708
6.59825
14.6032
13.7344
12.9063
12.0926
11.2888
10.5771
9.91334
9.25335
8.59301
8.06408
7.55583
7.08415
6.60506
6.24498
5.87382
5.53645
5.18177
4.92392
4.67818
4.43931
4.18978
3.98981
3.80943
3.64473
3.47133
3.3403
3.2229
3.09978
2.98924
2.91627
2.83405
2.73662
2.60751
2.48054
2.3904
2.3237
2.28922
2.26738
2.23521
2.19237
2.13703
2.07301
2.01125
1.95081
1.8868
1.83589
1.7991
1.77748
1.75632
1.73168
1.69601
1.64225
1.58475
1.55764
1.54098
1.52745
1.53229
1.54187
1.53833
1.53657
1.55429
1.62055
1.73301
1.91444
2.11446
2.25959
2.38135
2.4123
2.41542
2.41293
2.40357
2.3902
2.39138
2.42003
2.45552
2.46619
2.46587
2.457
2.44206
2.43772
2.43512
2.42887
2.42971
2.43359
2.43568
2.44263
2.44783
2.44999
2.45808
2.72651
4.32099
6.28276
7.42157
7.6278
7.6263
7.58516
7.51596
7.43149
7.31916
7.20657
7.10278
7.00856
6.93352
6.90143
6.87598
7.14059
8.48296
10.611
11.9422
12.2559
12.122
11.8563
11.7189
11.6805
11.7736
11.8784
11.8413
11.7588
11.6003
11.3122
11.0463
10.9502
10.917
10.9155
10.9445
11.0192
11.0477
10.9942
10.9054
10.7166
10.4357
10.2301
10.1451
10.0958
10.0775
10.1459
10.2277
10.1896
10.1173
9.96802
9.73124
9.539
9.4552
9.4058
9.37391
9.394
9.44636
9.41734
9.35897
9.24876
9.07448
8.92008
8.85106
8.80929
8.78004
8.77596
8.76755
8.72133
8.64452
8.51751
8.35963
8.26153
8.22066
8.1945
8.17902
8.16313
8.12835
8.07077
7.97855
7.85156
7.72599
7.66293
7.63052
7.60329
7.58247
7.55887
7.51975
7.46521
7.38234
7.26668
7.17068
7.12941
7.10169
7.07604
7.05642
7.03298
6.99614
6.93793
6.84007
6.71667
6.64333
6.60424
14.7183
13.9008
13.1212
12.3187
11.5477
10.8782
10.2225
9.54591
8.94831
8.41597
7.90524
7.38989
6.96108
6.58484
6.19927
5.83254
5.48571
5.2302
4.95576
4.70769
4.44247
4.2446
4.0549
3.87565
3.69911
3.57387
3.44681
3.31101
3.18123
3.08777
2.99087
2.88004
2.75418
2.63527
2.55527
2.47721
2.43268
2.40044
2.35877
2.31569
2.27268
2.21441
2.14051
2.03346
1.96927
1.93729
1.90748
1.87573
1.85824
1.83629
1.80101
1.75203
1.70393
1.66718
1.63915
1.60418
1.56648
1.54786
1.53139
1.51387
1.51235
1.51747
1.54118
1.60175
1.72132
1.85805
2.00529
2.11986
2.21558
2.29831
2.32498
2.32846
2.35369
2.41427
2.47137
2.4814
2.48148
2.46733
2.42607
2.39145
2.38183
2.38375
2.39693
2.42224
2.4467
2.46084
2.45696
2.46222
2.64957
4.30531
6.54553
7.45083
7.65202
7.64028
7.59204
7.54563
7.46371
7.36276
7.27621
7.17643
7.06545
6.96812
6.91091
6.85663
6.83192
6.80212
6.95436
7.90566
9.76862
11.4216
11.9072
11.735
11.5871
11.5231
11.5643
11.681
11.7163
11.6607
11.5803
11.4409
11.2164
10.971
10.8365
10.7846
10.7514
10.7478
10.825
10.9208
10.8929
10.8151
10.6326
10.319
10.0723
9.99085
9.95523
9.95043
10.0227
10.1133
10.0889
10.0228
9.891
9.66048
9.43069
9.32674
9.28403
9.26112
9.28879
9.3611
9.34622
9.29205
9.19283
9.01369
8.82383
8.72868
8.68055
8.64618
8.63794
8.65019
8.62178
8.56875
8.47762
8.33053
8.19737
8.13262
8.09091
8.05686
8.03177
8.00664
7.97144
7.91726
7.82064
7.68935
7.59625
7.54789
7.51203
7.48491
7.46904
7.44657
7.40955
7.35034
7.24897
7.13197
7.05252
7.00624
6.9749
6.95112
6.92522
6.89031
6.85175
6.80021
6.71883
6.60669
14.8416
14.0482
13.2729
12.5232
11.8203
11.1318
10.4618
9.83314
9.28724
8.73619
8.20285
7.6936
7.30127
6.886
6.50908
6.10854
5.80937
5.50897
5.2273
4.93846
4.70616
4.50869
4.31279
4.11872
3.93359
3.78876
3.64966
3.50163
3.38782
3.28615
3.17131
3.01263
2.86702
2.77601
2.71446
2.64843
2.60808
2.56418
2.50541
2.42238
2.35639
2.30009
2.24134
2.15286
2.08678
2.05485
2.02654
1.98723
1.95757
1.92483
1.88608
1.84317
1.80418
1.77473
1.7473
1.71638
1.67274
1.62303
1.56837
1.52275
1.5112
1.51116
1.52429
1.54569
1.56243
1.59183
1.63876
1.7122
1.8094
1.93376
2.06196
2.18909
2.28716
2.37167
2.44266
2.47204
2.47839
2.47544
2.44809
2.38264
2.34939
2.34848
2.35892
2.39502
2.44518
2.46119
2.48225
2.6884
4.04533
6.71168
7.59033
7.65514
7.56477
7.52181
7.50458
7.44523
7.38692
7.34322
7.28098
7.18479
7.06211
6.94687
6.85879
6.80771
6.77141
6.74662
6.71357
6.78773
7.3445
8.87006
10.6386
11.4637
11.5054
11.4451
11.4371
11.4505
11.4514
11.4633
11.4447
11.3964
11.3188
11.1717
10.9354
10.7122
10.6172
10.5768
10.5699
10.6484
10.771
10.7564
10.685
10.5303
10.2624
10.001
9.88989
9.85648
9.85265
9.88252
9.95825
9.96034
9.90696
9.80518
9.61671
9.37371
9.23053
9.18607
9.16903
9.18842
9.25522
9.24607
9.19456
9.10176
8.92474
8.71235
8.604
8.56321
8.54013
8.54961
8.57227
8.54873
8.50264
8.41725
8.25929
8.09692
8.01771
7.97855
7.95283
7.94728
7.94404
7.91503
7.86635
7.77115
7.62087
7.50698
7.45868
7.43072
7.41903
7.41868
7.39736
7.36116
7.29647
7.17485
7.03538
6.95632
6.91549
6.88551
6.8695
6.8711
6.86043
6.83124
6.78098
6.62847
14.959
14.2006
13.4353
12.7269
12.0575
11.3741
10.6963
10.131
9.58195
9.03903
8.46734
8.01623
7.59522
7.19037
6.78689
6.41901
6.1024
5.77287
5.48481
5.18188
4.979
4.76097
4.56571
4.3484
4.17388
4.01228
3.85841
3.69324
3.56577
3.44942
3.32343
3.16219
3.04081
2.95791
2.87669
2.78971
2.74658
2.69441
2.63727
2.56851
2.49405
2.41565
2.31238
2.21745
2.18717
2.16314
2.13961
2.11146
2.08264
2.04514
1.9906
1.91632
1.88119
1.85928
1.83366
1.80418
1.76216
1.71431
1.66661
1.62947
1.60278
1.57043
1.54803
1.54325
1.55016
1.5523
1.54527
1.53932
1.55013
1.59696
1.7036
1.86402
2.03583
2.17662
2.27945
2.37183
2.42456
2.43482
2.42872
2.39692
2.35419
2.34133
2.34765
2.37924
2.41544
2.45084
2.74318
4.07339
6.61897
7.59085
7.59517
7.59929
7.57662
7.56799
7.5168
7.44961
7.38813
7.32416
7.24913
7.15565
7.03881
6.91602
6.81571
6.7528
6.71194
6.69371
6.65614
6.63632
6.62869
6.91862
8.07116
9.81186
11.0464
11.3989
11.3783
11.3062
11.232
11.1792
11.1987
11.2425
11.2642
11.2275
11.1231
10.9021
10.6159
10.4579
10.4146
10.4153
10.4603
10.5656
10.5848
10.5387
10.4427
10.2598
10.004
9.8145
9.75377
9.72834
9.71945
9.78083
9.82738
9.79226
9.71713
9.57203
9.33668
9.14875
9.09084
9.07078
9.08192
9.13233
9.11891
9.07252
8.99322
8.84298
8.64058
8.51765
8.47859
8.4623
8.48139
8.48709
8.45574
8.41019
8.32427
8.16517
7.99857
7.92686
7.89778
7.88277
7.88801
7.87943
7.84739
7.79876
7.70286
7.54838
7.43239
7.38956
7.36331
7.34504
7.34023
7.31706
7.27683
7.21227
7.10049
6.9634
6.88513
6.8549
6.83434
6.82702
6.83704
6.81516
6.77348
6.64409
15.0733
14.3219
13.6073
12.9404
12.2651
11.5697
10.9494
10.4054
9.85227
9.28213
8.76441
8.32468
7.87002
7.44874
7.0437
6.72208
6.36518
6.04865
5.71218
5.45904
5.23718
5.00725
4.79746
4.57737
4.40626
4.22713
4.06163
3.88628
3.75082
3.61363
3.4593
3.29611
3.20821
3.1369
3.05788
2.97369
2.91078
2.83408
2.73147
2.65933
2.60342
2.53248
2.44096
2.35011
2.30629
2.26922
2.22017
2.19103
2.1733
2.14155
2.09523
2.03944
1.9966
1.95561
1.90554
1.85445
1.81826
1.78184
1.74807
1.72423
1.70305
1.67659
1.64733
1.61562
1.58465
1.56371
1.53816
1.51599
1.51489
1.51956
1.53696
1.5863
1.69704
1.85662
2.01949
2.13392
2.20997
2.25934
2.31404
2.34426
2.34167
2.34858
2.36174
2.38199
2.40705
2.6721
4.32388
6.44973
7.61741
7.78708
7.69263
7.63607
7.6163
7.58102
7.49091
7.36401
7.27041
7.20483
7.14951
7.08952
7.01523
6.92372
6.82068
6.73352
6.67148
6.62072
6.56512
6.50312
6.47434
6.45808
6.61705
7.38364
8.95008
10.5264
11.1601
11.1988
11.077
10.9824
10.922
10.9621
11.0775
11.1316
11.114
11.0379
10.859
10.5732
10.342
10.2684
10.2498
10.2599
10.3505
10.4346
10.428
10.3683
10.2332
9.97886
9.7122
9.60637
9.57561
9.57307
9.64472
9.70872
9.68335
9.62344
9.50134
9.27526
9.06126
8.98742
8.96369
8.96491
8.99991
8.99077
8.9537
8.89666
8.77914
8.59233
8.45343
8.40979
8.38767
8.38086
8.37153
8.34205
8.29955
8.22468
8.08908
7.93585
7.86087
7.8329
7.8162
7.814
7.80203
7.77234
7.72818
7.63869
7.48599
7.35611
7.30298
7.2752
7.25704
7.24872
7.22653
7.19391
7.14716
7.0587
6.92523
6.83106
6.79974
6.78013
6.75664
6.73424
6.70719
6.629
15.1985
14.4474
13.7573
13.1295
12.4875
11.8069
11.1944
10.6359
10.0929
9.53459
9.06764
8.59207
8.13628
7.6679
7.31849
6.97661
6.62947
6.30044
5.97744
5.74479
5.47979
5.25529
5.00728
4.81385
4.62475
4.43603
4.25843
4.07978
3.92185
3.77073
3.61304
3.47563
3.39442
3.31451
3.21013
3.12631
3.05508
2.97255
2.87707
2.78448
2.69914
2.61281
2.52405
2.47043
2.43536
2.39905
2.35678
2.31083
2.26394
2.20458
2.14468
2.11479
2.09285
2.05754
2.00597
1.93381
1.88278
1.8529
1.82829
1.8065
1.78351
1.75805
1.73182
1.70777
1.67701
1.63431
1.56931
1.52154
1.51397
1.51401
1.52654
1.54583
1.56654
1.60155
1.66485
1.74942
1.85342
1.95488
2.05167
2.15129
2.22721
2.30181
2.34623
2.3846
2.63817
4.22199
6.66181
7.57929
7.73231
7.66899
7.61563
7.57631
7.54845
7.50444
7.40113
7.2632
7.17487
7.11578
7.06831
7.03126
6.991
6.955
6.90117
6.79951
6.65775
6.53641
6.46122
6.39251
6.33669
6.29581
6.35286
6.46258
6.88247
8.14609
9.73183
10.7113
10.9405
10.8373
10.7495
10.7146
10.7797
10.9137
10.9788
10.9816
10.9291
10.7961
10.5267
10.2228
10.0959
10.0694
10.0856
10.2032
10.316
10.3139
10.2629
10.1378
9.87496
9.58894
9.47269
9.44054
9.464
9.56093
9.59106
9.55962
9.50845
9.39742
9.18363
8.96729
8.88212
8.85586
8.85983
8.89365
8.88939
8.85876
8.81153
8.70882
8.52792
8.37127
8.31313
8.28448
8.27106
8.26178
8.2366
8.20163
8.1422
8.02582
7.8743
7.78613
7.75498
7.73632
7.73168
7.72079
7.69438
7.65153
7.56211
7.41015
7.27366
7.21511
7.18814
7.172
7.17113
7.16693
7.14413
7.10578
7.02075
6.87595
6.76484
6.7154
6.68044
6.655
6.63373
6.59195
15.2576
14.5931
13.9096
13.2383
12.6202
12.0406
11.4486
10.8427
10.2447
9.75829
9.31492
8.85126
8.36685
7.91906
7.58063
7.21236
6.88114
6.52599
6.27141
6
5.7324
5.46815
5.222
5.03556
4.81835
4.63329
4.43223
4.26219
4.08854
3.93393
3.77356
3.66485
3.58134
3.49181
3.38204
3.28412
3.1894
3.08746
2.9872
2.91205
2.82658
2.74224
2.64268
2.58153
2.53905
2.49563
2.45803
2.42528
2.37711
2.31802
2.2546
2.19275
2.14457
2.10244
2.06351
2.01672
1.98132
1.95653
1.9279
1.89355
1.86471
1.84069
1.81599
1.78907
1.75579
1.7065
1.64219
1.60034
1.58451
1.56997
1.55481
1.5499
1.5559
1.56603
1.56451
1.56007
1.57044
1.61425
1.7127
1.85165
1.98802
2.13077
2.22916
2.52005
3.96402
6.69594
7.60632
7.75845
7.67018
7.54458
7.55918
7.55918
7.51628
7.4543
7.34693
7.19683
7.10092
7.04271
6.99203
6.95548
6.93219
6.9403
6.93429
6.85343
6.71997
6.52454
6.37266
6.29298
6.23121
6.18765
6.19286
6.30108
6.3293
6.52109
7.30216
8.69601
10.0238
10.5858
10.5818
10.585
10.5634
10.636
10.7803
10.8355
10.8404
10.8032
10.6836
10.404
10.0799
9.94198
9.91955
9.96248
10.0936
10.1769
10.1583
10.1034
9.97745
9.74251
9.50118
9.39691
9.36711
9.38817
9.45059
9.45413
9.42306
9.37258
9.26794
9.07619
8.88033
8.79998
8.77507
8.77655
8.80583
8.79836
8.76682
8.71927
8.61479
8.42772
8.26595
8.20775
8.18201
8.17149
8.17129
8.15262
8.12196
8.07016
7.96058
7.80172
7.69944
7.66601
7.64724
7.63976
7.62654
7.6002
7.55623
7.4746
7.34218
7.20812
7.14304
7.11955
7.1116
7.12016
7.11084
7.08572
7.04001
6.94273
6.79453
6.67443
6.62161
6.59689
6.58585
6.57595
15.4697
14.8139
14.1417
13.4309
12.7905
12.2288
11.6671
11.0703
10.4696
9.98793
9.52225
9.08911
8.61302
8.2316
7.84458
7.47758
7.10276
6.79074
6.53107
6.23357
5.96883
5.66675
5.45589
5.233
5.01639
4.81202
4.61276
4.44366
4.26256
4.11634
3.96368
3.87123
3.76934
3.6596
3.53377
3.43391
3.33132
3.22617
3.11288
3.02133
2.93435
2.85265
2.76624
2.71993
2.67328
2.62324
2.55145
2.49836
2.44929
2.40011
2.35433
2.30287
2.24511
2.17753
2.09885
2.06578
2.05627
2.04093
2.02003
1.99268
1.95789
1.9228
1.8917
1.85758
1.81504
1.75745
1.70538
1.6847
1.67417
1.66102
1.64332
1.62225
1.59989
1.58231
1.5628
1.52649
1.50782
1.50967
1.52412
1.5745
1.68273
1.85797
2.14419
3.56305
5.9042
7.41334
7.5223
7.49384
7.41599
7.46116
7.61942
7.66509
7.6057
7.487
7.32631
7.14289
7.01492
6.94684
6.88939
6.84628
6.86115
6.91747
6.92682
6.84489
6.74118
6.58898
6.36882
6.21841
6.14412
6.09502
6.08238
6.13502
6.1779
6.19311
6.25856
6.62143
7.66067
9.03653
10.0818
10.3559
10.4026
10.432
10.5248
10.6464
10.6499
10.6371
10.6062
10.4871
10.2609
10.0061
9.87406
9.84893
9.88221
9.95668
9.9865
9.95689
9.90614
9.80771
9.64642
9.45632
9.34093
9.30336
9.29436
9.31255
9.30697
9.27817
9.23229
9.14317
8.98223
8.80612
8.7274
8.7036
8.7006
8.71585
8.69935
8.6653
8.61399
8.50667
8.32168
8.16459
8.11104
8.08965
8.08403
8.0889
8.07308
8.04556
7.99811
7.89245
7.72681
7.60766
7.56793
7.54717
7.53553
7.52218
7.49874
7.46313
7.40259
7.29691
7.16445
7.08788
7.06321
7.04793
7.03839
7.01817
6.98368
6.92708
6.83907
6.72337
6.62487
6.58157
6.57076
6.56108
15.5181
14.834
14.1795
13.5492
12.9394
12.3329
11.7654
11.2165
10.7314
10.2344
9.751
9.26863
8.86384
8.4954
8.09832
7.72444
7.32707
7.05143
6.74129
6.45192
6.14695
5.88217
5.66552
5.42068
5.2136
4.97706
4.80583
4.62266
4.45782
4.30022
4.16967
4.06871
3.94596
3.82141
3.68395
3.57066
3.46036
3.34622
3.23937
3.14831
3.06138
2.96269
2.87937
2.83889
2.79061
2.74036
2.67558
2.61347
2.55098
2.48586
2.41531
2.36774
2.32203
2.26558
2.20085
2.16967
2.15081
2.12084
2.08137
2.05917
2.03872
2.0112
1.97877
1.93304
1.86243
1.80544
1.78131
1.76781
1.75518
1.74072
1.72492
1.70445
1.68033
1.65149
1.60383
1.53817
1.50939
1.50714
1.50799
1.51846
1.54846
1.68494
2.81179
5.24507
6.27516
6.56877
6.61116
6.67771
6.89578
7.22274
7.5128
7.57096
7.5209
7.38722
7.2289
7.09715
6.95317
6.85189
6.79688
6.79161
6.86055
6.92619
6.87018
6.77328
6.6774
6.57866
6.43742
6.25546
6.11976
6.0503
6.02397
6.03182
6.01622
5.98505
6.00441
6.04025
6.18387
6.76914
7.99677
9.31551
10.0105
10.189
10.2742
10.3236
10.43
10.4041
10.4006
10.3818
10.3177
10.2029
10.0158
9.84306
9.79219
9.77146
9.76359
9.78512
9.77456
9.74626
9.69448
9.58254
9.40258
9.24834
9.19699
9.1711
9.1633
9.17825
9.15817
9.1197
9.04794
8.90434
8.73058
8.64809
8.62248
8.61095
8.61017
8.59348
8.56165
8.51146
8.40985
8.23776
8.08319
8.02674
8.00614
7.9991
8.00402
7.99148
7.9662
7.92111
7.81725
7.64666
7.51569
7.46978
7.44764
7.43526
7.43265
7.41813
7.39389
7.35227
7.26221
7.12343
7.02369
6.98608
6.95957
6.93178
6.90209
6.8703
6.83481
6.78551
6.70694
6.61295
6.5792
6.54746
15.5487
14.9047
14.2713
13.6791
13.1085
12.5327
11.9633
11.4587
10.9774
10.4841
9.98153
9.51046
9.14129
8.72507
8.33284
7.90414
7.57546
7.27746
6.95281
6.65602
6.33313
6.11047
5.85658
5.62647
5.38786
5.17595
5.01103
4.82007
4.66887
4.4958
4.38113
4.24858
4.11133
3.96426
3.83029
3.71172
3.59732
3.47623
3.36476
3.27021
3.18545
3.08567
3.01934
2.9728
2.9154
2.839
2.76719
2.71211
2.6506
2.58868
2.51639
2.44663
2.37822
2.32369
2.28929
2.27353
2.25471
2.22436
2.17943
2.12958
2.09489
2.06571
2.03315
1.98269
1.91549
1.88225
1.86396
1.84847
1.83714
1.82377
1.80512
1.78143
1.75123
1.71105
1.65336
1.58485
1.55987
1.5525
1.54328
1.54458
1.63588
2.5006
4.66605
5.88908
5.87987
5.73172
5.72522
5.8416
6.13619
6.51171
6.86998
7.01893
7.0724
7.06779
7.00882
6.96505
6.88873
6.79168
6.75514
6.79267
6.82707
6.80178
6.7347
6.64863
6.56331
6.48725
6.43266
6.37075
6.27064
6.17733
6.08259
5.98428
5.91508
5.85483
5.81531
5.80933
5.9006
5.97956
6.23953
7.0819
8.32042
9.48351
9.78946
9.98532
10.0831
10.1755
10.2415
10.2651
10.2529
10.2296
10.1545
9.95873
9.73138
9.63596
9.60534
9.60485
9.64778
9.67737
9.65978
9.61185
9.4949
9.28129
9.11336
9.06578
9.04681
9.05333
9.08872
9.07509
9.03663
8.96663
8.82315
8.64409
8.55311
8.52333
8.50486
8.4998
8.48853
8.46072
8.41612
8.32996
8.17768
8.0165
7.94347
7.92028
7.90953
7.91177
7.89945
7.87407
7.82727
7.72487
7.56024
7.43136
7.38822
7.37038
7.36296
7.36773
7.35855
7.33676
7.29562
7.19498
7.0377
6.93273
6.88968
6.86177
6.84299
6.83007
6.81644
6.79756
6.76535
6.69628
6.60926
6.52499
15.7934
15.1543
14.5403
13.9563
13.3712
12.7774
12.2124
11.7174
11.2164
10.7229
10.1808
9.7462
9.33805
8.93184
8.52768
8.11597
7.80881
7.46094
7.15479
6.81817
6.56375
6.32958
6.06695
5.83457
5.56596
5.39853
5.20689
5.03216
4.85988
4.70206
4.57125
4.40895
4.26164
4.09511
3.96823
3.84244
3.72808
3.60149
3.49635
3.40132
3.31385
3.21043
3.15264
3.09934
3.03673
2.95431
2.87314
2.80574
2.73891
2.66884
2.59921
2.53488
2.47413
2.42905
2.38482
2.36221
2.33624
2.29898
2.25886
2.22061
2.18614
2.14676
2.08065
1.99621
1.96428
1.95575
1.94361
1.93195
1.91909
1.90219
1.87872
1.84917
1.81445
1.76657
1.69854
1.64115
1.625
1.61592
1.60923
1.67203
2.3988
4.53957
5.93851
5.88746
5.63657
5.51449
5.52515
5.58216
5.61874
5.69474
5.78506
5.83905
5.90572
6.01198
6.16132
6.37211
6.54054
6.58598
6.64437
6.68126
6.63786
6.57162
6.49789
6.44062
6.40026
6.36684
6.38389
6.43372
6.40316
6.33163
6.21922
6.01048
5.80882
5.71555
5.67117
5.64725
5.70041
5.83406
5.86218
5.92814
6.31521
7.22787
8.33555
9.29299
9.57093
9.75791
10.0147
10.1555
10.2022
10.2012
10.1581
10.0195
9.75741
9.54724
9.49359
9.47574
9.51739
9.59955
9.60207
9.57674
9.51926
9.36168
9.11568
8.98359
8.95402
8.94358
8.97752
9.01532
8.99514
8.95695
8.88541
8.73518
8.5411
8.43811
8.40785
8.39143
8.39003
8.38751
8.36611
8.32944
8.26021
8.12612
7.95317
7.85276
7.82404
7.80752
7.80448
7.79187
7.76564
7.7197
7.63011
7.48934
7.3711
7.32937
7.31144
7.30354
7.30203
7.28605
7.2581
7.19898
7.0761
6.92356
6.84548
6.82207
6.80867
6.80481
6.80504
6.79078
6.76865
6.72691
6.63769
6.4944
16.0126
15.3452
14.7341
14.1409
13.5352
12.9194
12.3893
11.8768
11.3696
10.8454
10.3633
9.95087
9.50969
9.10825
8.67226
8.35213
8.01843
7.67992
7.35134
7.02198
6.80343
6.53312
6.29331
6.01835
5.79734
5.61783
5.40786
5.23395
5.03488
4.8953
4.72816
4.56214
4.39538
4.23639
4.11152
3.98041
3.86348
3.7324
3.63222
3.53818
3.45127
3.3555
3.29405
3.22666
3.14794
3.04868
2.97739
2.90946
2.84327
2.76351
2.67803
2.61502
2.56787
2.53227
2.49631
2.46819
2.42977
2.37663
2.31317
2.27675
2.24909
2.20958
2.12992
2.05742
2.04409
2.03101
2.01041
1.99841
1.98842
1.97227
1.9482
1.9138
1.85929
1.79562
1.74512
1.72138
1.71059
1.69958
1.74055
2.35853
4.47313
6.14488
6.11405
5.81986
5.65743
5.60062
5.59936
5.63729
5.61357
5.52347
5.41346
5.29552
5.24551
5.24059
5.29258
5.4198
5.69588
6.06246
6.28678
6.2798
6.1919
6.13408
6.08306
6.06367
6.08202
6.17105
6.3166
6.41486
6.42937
6.36925
6.26954
6.08905
5.81765
5.63487
5.57186
5.54996
5.59117
5.7391
5.77153
5.74113
5.67922
5.78425
6.19797
7.08998
8.31435
9.08675
9.52113
9.92847
10.0998
10.1086
10.0715
9.968
9.77389
9.515
9.40021
9.37863
9.40301
9.48885
9.50486
9.49051
9.46756
9.3883
9.20363
8.97964
8.87281
8.8491
8.84661
8.89102
8.91918
8.89942
8.86595
8.79813
8.64557
8.43539
8.31776
8.28644
8.27217
8.27953
8.28578
8.2672
8.23792
8.18279
8.06072
7.87924
7.75854
7.72285
7.70368
7.69448
7.68253
7.65956
7.62423
7.55575
7.43619
7.32094
7.27465
7.25387
7.23569
7.21662
7.19065
7.15016
7.07948
6.96575
6.84969
6.80232
6.78584
6.77588
6.77476
6.76485
6.74627
6.71529
6.64155
6.46609
16.0973
15.4475
14.835
14.2211
13.6076
13.0607
12.5479
12.0097
11.4823
10.9872
10.5931
10.1466
9.71666
9.26462
8.90195
8.59895
8.23518
7.91238
7.53601
7.28444
7.02903
6.75127
6.49593
6.20925
6.0273
5.80789
5.60972
5.39845
5.21672
5.0605
4.86974
4.70656
4.51932
4.38866
4.25309
4.12688
3.99721
3.87259
3.77637
3.68047
3.58822
3.49698
3.42706
3.34478
3.25415
3.15031
3.07617
3.00609
2.93764
2.84341
2.76932
2.71782
2.67699
2.63137
2.5911
2.55844
2.51106
2.45605
2.40351
2.36259
2.31683
2.24383
2.15917
2.13608
2.13027
2.11699
2.09818
2.07839
2.05607
2.02943
1.99781
1.95797
1.89899
1.83789
1.80382
1.78821
1.77909
1.81254
2.36595
4.43542
6.36299
6.39974
6.10036
5.88843
5.82644
5.84718
5.87806
5.80428
5.69277
5.55617
5.37119
5.20776
5.13803
5.09592
5.10694
5.18382
5.24878
5.29756
5.31708
5.30567
5.25152
5.25491
5.3296
5.44802
5.56914
5.72763
5.9662
6.18608
6.23272
6.21583
6.15035
6.03302
5.8652
5.67502
5.56468
5.52237
5.52573
5.56765
5.59678
5.58974
5.53577
5.52227
5.49034
5.58373
6.17609
7.28402
8.44699
9.28045
9.65801
9.83047
9.91984
9.87958
9.74784
9.53841
9.3636
9.31194
9.30785
9.35571
9.3711
9.36481
9.36146
9.33028
9.24442
9.08577
8.88664
8.77063
8.7422
8.73603
8.76997
8.80439
8.79093
8.76412
8.70445
8.55599
8.34087
8.20991
8.17293
8.15668
8.15885
8.1773
8.16184
8.13548
8.0869
7.97167
7.792
7.67227
7.63532
7.61709
7.6059
7.5972
7.57642
7.54612
7.48521
7.37074
7.26041
7.21034
7.18124
7.15334
7.12343
7.09049
7.05186
6.99701
6.90725
6.80461
6.75866
6.7416
6.72643
6.71131
6.69258
6.66331
6.60811
6.45492
16.2703
15.5863
14.9967
14.3803
13.7682
13.2582
12.7415
12.2186
11.6613
11.2285
10.8118
10.3725
9.93937
9.48477
9.17049
8.8077
8.46547
8.10426
7.7699
7.52413
7.22024
6.95955
6.65329
6.4271
6.22348
5.98926
5.78518
5.55016
5.39309
5.2045
5.02286
4.83772
4.67084
4.54634
4.40055
4.27913
4.13161
4.02789
3.92494
3.82914
3.72858
3.63742
3.55006
3.45454
3.34984
3.25603
3.1867
3.1148
3.03613
2.92875
2.869
2.82531
2.78444
2.73958
2.69552
2.64813
2.58731
2.52187
2.47403
2.43621
2.38526
2.30172
2.23131
2.21935
2.20938
2.19009
2.1686
2.14887
2.12354
2.08993
2.04709
1.98208
1.91933
1.89008
1.87314
1.86004
1.88607
2.37677
4.40774
6.54783
6.67307
6.4251
6.12843
6.0392
6.01677
6.08047
6.08373
5.97743
5.85594
5.68053
5.41336
5.22307
5.14282
5.08724
5.081
5.15492
5.19441
5.14189
5.07971
4.99179
4.85308
4.72756
4.67892
4.70326
4.86259
5.08112
5.29402
5.4807
5.61375
5.71311
5.79359
5.81219
5.76899
5.70531
5.66479
5.60494
5.52242
5.47166
5.43787
5.42225
5.41349
5.38567
5.3944
5.40144
5.39043
5.63192
6.35933
7.51551
8.51131
9.06665
9.50832
9.64155
9.63547
9.55284
9.43213
9.32954
9.26825
9.23506
9.21387
9.20165
9.20683
9.20606
9.181
9.12117
9.00007
8.82765
8.68474
8.63363
8.62479
8.64299
8.67601
8.67011
8.64858
8.59364
8.45574
8.25674
8.11937
8.07135
8.05489
8.05528
8.06369
8.04793
8.02256
7.97378
7.86077
7.6954
7.59457
7.56669
7.55296
7.54334
7.53079
7.50945
7.47773
7.40599
7.27501
7.1667
7.12319
7.09597
7.07053
7.0474
7.0257
6.99895
6.94862
6.84882
6.7381
6.69004
6.6678
6.64613
6.6205
6.58844
6.54776
6.45154
16.5386
15.8739
15.2105
14.5745
14.0017
13.4905
12.9665
12.4076
11.886
11.4833
11.0255
10.592
10.1037
9.7384
9.39454
9.01012
8.66451
8.26635
8.00591
7.71064
7.41368
7.12733
6.82726
6.63443
6.38836
6.17029
5.92614
5.72482
5.55708
5.35246
5.1779
4.97308
4.84412
4.70092
4.56159
4.42018
4.28186
4.18572
4.07219
3.97488
3.86226
3.76692
3.6603
3.55843
3.45133
3.3667
3.29239
3.2169
3.12322
3.02756
2.98323
2.94013
2.89313
2.83364
2.78417
2.72756
2.66463
2.60758
2.55726
2.50026
2.43072
2.35434
2.31905
2.31187
2.29911
2.27661
2.24554
2.21181
2.1782
2.14186
2.09441
2.021
1.96621
1.9482
1.93388
1.95332
2.39839
4.38703
6.72115
6.98884
6.78017
6.40434
6.24726
6.18923
6.21901
6.29968
6.25277
6.13905
6.0111
5.80209
5.51772
5.34566
5.26385
5.21011
5.19713
5.20828
5.15238
5.08356
5.01771
4.95048
4.87321
4.80602
4.74062
4.63747
4.52937
4.49804
4.53439
4.59895
4.67286
4.78148
4.94696
5.162
5.36696
5.4404
5.4678
5.46009
5.40702
5.31243
5.25396
5.23359
5.26169
5.30371
5.3279
5.33332
5.33018
5.25507
5.28838
5.55448
6.31215
7.28059
8.28457
9.00261
9.265
9.47019
9.51636
9.4559
9.3598
9.20337
9.05401
8.99556
8.97906
9.00414
9.03434
9.02735
8.99379
8.91553
8.7798
8.62267
8.53395
8.51971
8.52117
8.53656
8.52995
8.50425
8.44698
8.33272
8.18143
8.05553
7.99528
7.97619
7.96335
7.95348
7.93517
7.90776
7.85602
7.75012
7.6091
7.52948
7.50802
7.49542
7.48713
7.47298
7.45021
7.40621
7.30659
7.1589
7.06416
7.03356
7.01715
7.00671
6.99878
6.98292
6.95674
6.89668
6.77273
6.6475
6.59748
6.57223
6.54766
6.52001
6.4949
6.44558
15.3574
16.1572
15.5436
14.7953
14.2419
13.7172
13.1801
12.5903
12.1427
11.6986
11.2372
10.7558
10.3005
9.97907
9.57836
9.21435
8.80423
8.48342
8.21618
7.88395
7.60378
7.26404
7.04039
6.81612
6.56137
6.33708
6.07559
5.91103
5.70979
5.51893
5.3193
5.14427
5.01738
4.85801
4.72233
4.55497
4.44783
4.33574
4.22067
4.10814
3.98947
3.88453
3.76647
3.66487
3.56088
3.48553
3.40214
3.32024
3.21511
3.14201
3.10021
3.05169
2.99871
2.93408
2.87187
2.80501
2.7416
2.68402
2.63418
2.56995
2.49907
2.43525
2.41066
2.40013
2.38079
2.35134
2.31726
2.2785
2.23672
2.19131
2.12967
2.05964
2.02929
2.0176
2.03385
2.43878
4.3592
6.85949
7.30542
7.15674
6.78146
6.50702
6.40815
6.3683
6.41454
6.44536
6.3567
6.24338
6.11246
5.92395
5.70299
5.53875
5.438
5.3616
5.30815
5.24687
5.16866
5.09838
5.02179
4.96087
4.91998
4.88667
4.83521
4.75746
4.62934
4.45609
4.34725
4.30114
4.27858
4.27501
4.32245
4.43436
4.58602
4.75837
4.91722
4.9702
4.95817
4.95961
4.95132
4.93039
4.95175
5.03931
5.20088
5.26103
5.24505
5.20683
5.13341
5.00167
5.04293
5.35831
6.10395
7.25551
8.24355
8.90324
9.32685
9.50441
9.45094
9.28788
9.0664
8.83884
8.75707
8.75776
8.7806
8.85773
8.91148
8.89573
8.8432
8.7326
8.56485
8.44245
8.41497
8.40201
8.38678
8.36797
8.33829
8.29432
8.2239
8.1179
7.99695
7.91934
7.89005
7.87152
7.85208
7.82909
7.79957
7.75067
7.66003
7.53531
7.4585
7.43842
7.42734
7.41684
7.39829
7.36756
7.30839
7.20144
7.07141
6.98976
6.96344
6.95192
6.94727
6.94202
6.92662
6.89586
6.82022
6.68326
6.55797
6.50307
6.47999
6.46347
6.4596
6.43309
10.6378
15.3874
15.7861
15.0889
14.4781
13.9387
13.3522
12.7969
12.3704
11.8929
11.4319
10.8947
10.5367
10.1709
9.77019
9.3834
8.9686
8.71414
8.38718
8.07774
7.75373
7.45008
7.25012
6.97928
6.74662
6.47482
6.26451
6.08902
5.87015
5.68651
5.46457
5.33061
5.17811
5.02293
4.86187
4.7097
4.60792
4.47735
4.36286
4.22477
4.11166
3.99252
3.87841
3.77542
3.68145
3.60216
3.50823
3.42131
3.31837
3.26771
3.21876
3.16294
3.09199
3.01767
2.95284
2.88573
2.82791
2.7687
2.70141
2.62465
2.56745
2.52578
2.50843
2.49463
2.46889
2.4279
2.37769
2.33184
2.29069
2.24282
2.17046
2.11042
2.09306
2.10627
2.47575
4.35985
6.91331
7.60615
7.50321
7.2056
6.85268
6.67582
6.58931
6.55328
6.57436
6.52028
6.41404
6.29858
6.15362
5.99793
5.87867
5.78596
5.71246
5.61356
5.45531
5.30113
5.19083
5.09867
5.03067
4.98402
4.95961
4.96649
4.93844
4.87118
4.78349
4.61705
4.37354
4.26354
4.22623
4.20221
4.18433
4.20389
4.24532
4.27419
4.27984
4.26872
4.2408
4.23912
4.28131
4.37722
4.50257
4.64964
4.82557
4.97011
5.02194
5.00983
4.95956
4.9035
4.83669
4.76309
4.83404
5.26873
6.27046
7.39071
8.50522
9.04382
9.13504
9.18067
9.10242
8.87245
8.63415
8.57575
8.5837
8.66417
8.78147
8.82293
8.80857
8.75997
8.6509
8.47478
8.33813
8.28757
8.25854
8.23717
8.22228
8.20854
8.18862
8.14223
8.03636
7.90051
7.82491
7.79644
7.77644
7.75604
7.73528
7.7105
7.66901
7.58379
7.45294
7.37217
7.35187
7.33621
7.31723
7.29257
7.25913
7.20833
7.12928
7.02519
6.93474
6.89351
6.87844
6.87061
6.86066
6.84003
6.79944
6.71809
6.59771
6.49439
6.44662
6.42623
6.42195
6.40129
3.43408
11.6023
15.2429
15.352
14.7442
14.146
13.5025
13.0279
12.5688
12.0953
11.5717
11.0908
10.7715
10.3541
9.97128
9.51082
9.19774
8.91996
8.57044
8.26668
7.89509
7.6773
7.43167
7.16018
6.91467
6.63297
6.46673
6.25017
6.04715
5.83341
5.64271
5.51015
5.33439
5.18137
4.99357
4.87608
4.75338
4.62017
4.4844
4.34002
4.23061
4.10372
4.00182
3.89146
3.80767
3.71466
3.61757
3.52487
3.44076
3.39444
3.3317
3.26552
3.18207
3.10275
3.03475
2.97219
2.9119
2.84523
2.77188
2.70253
2.65817
2.621
2.60248
2.58079
2.54416
2.49719
2.44431
2.39597
2.35059
2.29023
2.21159
2.17863
2.19159
2.54707
4.41986
7.01089
7.83351
7.74157
7.52558
7.23111
7.01294
6.89436
6.80713
6.76631
6.68485
6.55959
6.4418
6.31942
6.15978
6.05484
5.98779
5.95616
5.91223
5.82425
5.69399
5.468
5.2203
5.09462
5.03271
4.98496
4.98277
5.04635
5.03476
4.96265
4.88853
4.78818
4.60121
4.36957
4.25907
4.20701
4.1706
4.15581
4.16038
4.14556
4.12301
4.11709
4.09787
4.02503
3.92965
3.88256
3.9009
4.00146
4.13414
4.25266
4.3625
4.46198
4.56234
4.62034
4.61134
4.5852
4.55629
4.60365
4.83999
5.44921
6.4402
7.58828
8.24871
8.63577
8.84102
8.82954
8.625
8.56282
8.54963
8.54748
8.64478
8.72188
8.73819
8.71787
8.66035
8.52073
8.30736
8.18297
8.14565
8.12939
8.1271
8.13369
8.12986
8.11044
8.05145
7.91773
7.7701
7.70682
7.686
7.67315
7.66534
7.65677
7.64068
7.60151
7.50555
7.35622
7.27685
7.252
7.22804
7.20346
7.18231
7.16067
7.1287
7.07085
6.97844
6.88124
6.82194
6.79477
6.77687
6.75712
6.72957
6.68718
6.62258
6.54468
6.47452
6.41604
6.38933
6.3565
1.12285
4.31011
12.2359
15.0526
15.0502
14.394
13.7074
13.2581
12.7814
12.3025
11.7209
11.3588
10.979
10.562
10.1443
9.69303
9.44507
9.10444
8.77901
8.41259
8.10228
7.89554
7.60175
7.35414
7.05055
6.83627
6.65184
6.41523
6.21951
5.97616
5.83313
5.66781
5.4921
5.31722
5.14459
5.03426
4.88886
4.75462
4.58818
4.46469
4.34868
4.23019
4.12461
4.01391
3.93133
3.82409
3.73292
3.63417
3.57264
3.51472
3.43752
3.35667
3.26059
3.18935
3.12339
3.06426
2.9972
2.91493
2.83863
2.78707
2.75321
2.72277
2.70064
2.6677
2.61762
2.55065
2.49679
2.4549
2.409
2.3383
2.2676
2.27436
2.61473
4.59986
7.16303
8.10419
8.04616
7.85499
7.5876
7.34292
7.20536
7.11973
7.06776
6.96708
6.81656
6.64377
6.45375
6.2704
6.16824
6.09693
6.05681
6.07657
6.05827
5.97458
5.87031
5.68863
5.36557
5.13948
5.05677
5.00281
4.97861
5.02829
5.0537
5.00069
4.93787
4.87098
4.76808
4.58607
4.39509
4.30946
4.26082
4.2173
4.16302
4.11061
4.06614
4.03234
4.00763
3.9739
3.92029
3.84917
3.76103
3.72454
3.70962
3.70523
3.73917
3.80897
3.89657
3.99907
4.10728
4.20414
4.25316
4.28614
4.30703
4.40586
4.67396
5.31752
6.24837
7.1124
8.05294
8.40952
8.37643
8.5133
8.57154
8.52771
8.56747
8.63069
8.65905
8.63144
8.57469
8.47347
8.27241
8.09188
8.04427
8.02524
8.02188
8.04695
8.07354
8.07181
8.04561
7.95348
7.77347
7.62284
7.5792
7.57244
7.57592
7.57878
7.57195
7.55853
7.51667
7.40649
7.25376
7.18022
7.1505
7.12481
7.10339
7.08936
7.07599
7.05103
7.00294
6.91748
6.8146
6.74702
6.71116
6.68257
6.65546
6.62608
6.59426
6.55478
6.50175
6.43743
6.38299
6.32062
1.00074
1.23066
5.14555
12.6268
14.8962
14.7122
13.9995
13.4956
13.0344
12.4788
11.9553
11.6173
11.1765
10.7849
10.2823
9.9459
9.66759
9.29988
8.96977
8.56016
8.34009
8.0801
7.79124
7.51679
7.21254
7.04652
6.814
6.59535
6.35986
6.14961
6.01062
5.81573
5.64702
5.44152
5.30957
5.17779
5.02447
4.87162
4.70224
4.59771
4.4739
4.36727
4.24178
4.14306
4.04935
3.94104
3.85012
3.75596
3.70121
3.62174
3.53532
3.43602
3.34736
3.28336
3.21809
3.15644
3.07062
2.98828
2.92794
2.88794
2.85172
2.81972
2.78976
2.74158
2.68156
2.61722
2.56544
2.51886
2.45971
2.37888
2.38137
2.73842
4.7448
7.65553
8.46135
8.35284
8.08318
7.77874
7.57601
7.46258
7.37602
7.34315
7.30485
7.18505
7.03044
6.7904
6.46459
6.2617
6.17205
6.10149
6.08053
6.14172
6.14092
6.05107
5.95761
5.83895
5.62057
5.32088
5.15203
5.08028
5.03295
5.01764
5.01605
4.97964
4.93304
4.88337
4.82362
4.73012
4.58027
4.44439
4.3722
4.31071
4.24613
4.1816
4.1186
4.05584
4.00675
3.96647
3.92502
3.86483
3.74664
3.66087
3.63576
3.62537
3.60844
3.58858
3.5859
3.60872
3.62693
3.66346
3.69867
3.69961
3.71218
3.74115
3.81567
3.95715
4.29878
4.91498
5.90082
7.10722
7.75496
8.02526
8.3241
8.44367
8.53285
8.56178
8.57415
8.52307
8.45414
8.38761
8.25549
8.05145
7.95091
7.91758
7.90618
7.929
7.97792
8.00296
7.99784
7.95202
7.81475
7.60746
7.50049
7.48505
7.48477
7.49253
7.49552
7.48797
7.47342
7.42413
7.30012
7.15108
7.0878
7.06241
7.0411
7.02488
7.0148
7.00385
6.9794
6.92633
6.83116
6.73035
6.66912
6.632
6.60173
6.57411
6.54908
6.52125
6.48458
6.43513
6.37775
6.29528
1
1.00198
1.37267
5.90373
12.8315
14.6937
14.4037
13.8156
13.2887
12.6515
12.2362
11.8401
11.4099
10.9651
10.4633
10.217
9.86179
9.512
9.1166
8.76827
8.56352
8.25662
7.98671
7.64737
7.42533
7.23517
6.97915
6.76729
6.49453
6.34088
6.16769
5.97149
5.78314
5.5866
5.4708
5.31117
5.15986
4.97562
4.84187
4.73595
4.61159
4.49796
4.36045
4.27285
4.16568
4.06721
3.96425
3.88458
3.81622
3.71825
3.62384
3.51335
3.44593
3.38241
3.31602
3.24182
3.13915
3.07426
3.02763
2.99009
2.95299
2.91702
2.8718
2.80561
2.73522
2.67733
2.63128
2.58474
2.50408
2.48556
2.88641
4.97911
7.94392
8.85097
8.73303
8.49497
8.15459
7.82961
7.67273
7.57415
7.52393
7.54128
7.5
7.37224
7.22469
6.99351
6.62108
6.33913
6.21895
6.1418
6.10531
6.14409
6.13766
6.05548
5.974
5.88989
5.77316
5.58395
5.36866
5.23397
5.15417
5.08448
5.01943
4.9583
4.90271
4.85312
4.80567
4.7534
4.68653
4.58211
4.46313
4.3757
4.31381
4.2573
4.20195
4.14826
4.09887
4.05166
4.00094
3.93714
3.83674
3.69976
3.62035
3.58293
3.55135
3.52514
3.51618
3.50818
3.52033
3.5162
3.47948
3.40753
3.32833
3.30101
3.31194
3.35276
3.41277
3.55514
3.89562
4.68532
5.86966
6.70627
7.61484
8.06169
8.16877
8.28997
8.34754
8.37998
8.36786
8.30952
8.20162
8.04988
7.93632
7.87405
7.8462
7.85383
7.90197
7.93016
7.91643
7.87282
7.79464
7.65297
7.49903
7.43433
7.41776
7.41316
7.41618
7.40915
7.3992
7.3805
7.31884
7.17503
7.04611
7.00649
6.98671
6.97023
6.96057
6.95593
6.94462
6.91069
6.83674
6.72361
6.63319
6.58671
6.55691
6.53197
6.50948
6.48481
6.45529
6.41437
6.3579
6.26561
1
1
1.00432
1.5421
6.5082
12.8493
14.4633
14.1916
13.5602
12.8746
12.4881
12.0604
11.6579
11.1039
10.7413
10.4541
10.0507
9.71288
9.25693
9.01189
8.76326
8.45431
8.14864
7.80923
7.64309
7.3998
7.16185
6.90328
6.66612
6.52541
6.31376
6.12989
5.90515
5.75254
5.61959
5.44825
5.28578
5.09447
4.99512
4.87411
4.75378
4.61282
4.4897
4.40142
4.28846
4.19189
4.07822
4.00615
3.91561
3.81188
3.70321
3.60854
3.55358
3.48329
3.41235
3.31097
3.22234
3.1787
3.13532
3.09377
3.04866
3.00473
2.93809
2.8647
2.80245
2.75186
2.69864
2.62356
2.61601
3.00469
5.25078
8.26351
9.27741
9.16375
8.8613
8.52106
8.184
7.93524
7.79147
7.69182
7.64621
7.6466
7.57256
7.44441
7.30666
7.13382
6.88261
6.58447
6.37049
6.26
6.18884
6.14028
6.0837
6.0099
5.9382
5.87262
5.80432
5.71555
5.58376
5.42772
5.28701
5.17414
5.07898
4.99803
4.93183
4.8723
4.81893
4.77988
4.73309
4.65985
4.53192
4.38443
4.31395
4.27243
4.23189
4.19438
4.16527
4.13679
4.09645
4.04675
3.97361
3.8356
3.65603
3.57519
3.54325
3.52736
3.5149
3.49075
3.47023
3.45298
3.42881
3.39816
3.33625
3.2214
3.16584
3.14857
3.14075
3.15173
3.19235
3.30515
3.63087
4.28387
5.25089
6.54316
7.21432
7.60832
7.96183
8.06838
8.06094
8.12302
8.12419
8.05495
7.99616
7.9763
7.91989
7.83901
7.79792
7.77533
7.76998
7.76232
7.71526
7.62533
7.51769
7.43267
7.38264
7.35953
7.3485
7.33647
7.32479
7.3145
7.28269
7.18494
7.03516
6.96073
6.93717
6.92207
6.91276
6.91034
6.90652
6.8857
6.83073
6.71967
6.59777
6.53299
6.50286
6.48299
6.46741
6.45084
6.43179
6.40154
6.35253
6.25035
1
1
1.00001
1.00826
1.71598
6.91541
12.8531
14.2334
13.8906
13.1859
12.7317
12.338
11.8634
11.2977
11.0227
10.6413
10.2761
9.87734
9.45143
9.26059
8.95346
8.65359
8.28041
8.01979
7.83955
7.57351
7.3364
7.02944
6.86761
6.68923
6.46952
6.27385
6.04386
5.92344
5.7594
5.59189
5.39847
5.24413
5.14824
5.01443
4.88763
4.72284
4.62716
4.52697
4.41674
4.30485
4.19389
4.1167
4.00794
3.90538
3.78757
3.72165
3.66198
3.58407
3.49899
3.37906
3.32975
3.28966
3.24312
3.19317
3.13842
3.07691
2.99789
2.92668
2.87166
2.82335
2.75337
2.73036
3.18808
5.51298
8.52308
9.43052
9.41512
9.20568
8.90421
8.61518
8.35574
8.13602
7.96517
7.83734
7.74628
7.66791
7.56819
7.45119
7.32634
7.19934
7.0591
6.87896
6.6622
6.45304
6.29712
6.18218
6.0848
5.99552
5.91845
5.85708
5.81061
5.75971
5.68655
5.57643
5.40572
5.23532
5.13153
5.063
5.00393
4.94873
4.90172
4.86495
4.81429
4.7451
4.63871
4.4544
4.29699
4.23708
4.19946
4.17203
4.16727
4.15946
4.1293
4.0952
4.05395
3.98583
3.84563
3.66819
3.58432
3.54874
3.524
3.50559
3.47969
3.45749
3.43153
3.40164
3.3557
3.264
3.14981
3.10282
3.08776
3.07202
3.05844
3.05971
3.07068
3.12058
3.2904
3.80878
4.74894
5.69681
6.78772
7.40626
7.55019
7.70846
7.90651
8.04112
8.06407
8.04931
7.97197
7.82951
7.709
7.65701
7.63057
7.59033
7.53547
7.4895
7.45617
7.42412
7.38856
7.35144
7.32236
7.29683
7.272
7.25008
7.21744
7.13898
7.02085
6.93742
6.89873
6.87689
6.86002
6.85085
6.84759
6.83511
6.79713
6.70551
6.57363
6.48986
6.45262
6.43169
6.41864
6.40781
6.39686
6.37953
6.348
6.25659
1
1
1
1.00002
1.01367
1.85338
7.27388
12.7055
14.0055
13.6121
13.0462
12.6
12.0043
11.5631
11.2622
10.8543
10.5106
10.0041
9.73356
9.48935
9.13313
8.83154
8.43432
8.23993
8.02481
7.76818
7.47491
7.19922
7.06154
6.84003
6.63859
6.3956
6.21609
6.08834
5.89914
5.73217
5.51972
5.40789
5.29419
5.15655
5.00315
4.84721
4.76487
4.65112
4.54197
4.40656
4.30874
4.21822
4.10447
3.99923
3.89115
3.83942
3.76599
3.68159
3.57082
3.47625
3.44768
3.40073
3.3474
3.28124
3.21351
3.13847
3.06188
3.00303
2.94974
2.87641
2.86992
3.31323
5.83564
8.88592
9.95869
9.89929
9.56982
9.24717
8.98055
8.78392
8.62102
8.45014
8.24778
8.0165
7.81948
7.66374
7.52018
7.39617
7.29773
7.22505
7.1511
7.05325
6.92315
6.72198
6.45477
6.2566
6.14093
6.04656
5.96092
5.8881
5.8391
5.79865
5.73117
5.6428
5.5092
5.29812
5.15024
5.08421
5.02903
4.97899
4.9413
4.91566
4.8748
4.81785
4.74886
4.63176
4.42894
4.27408
4.21504
4.17402
4.13883
4.11968
4.10835
4.0861
4.05811
4.02154
3.95494
3.8267
3.69726
3.62554
3.57192
3.52858
3.49635
3.47533
3.45375
3.42584
3.39354
3.34163
3.2488
3.13782
3.07763
3.05003
3.03008
3.01954
3.01246
2.99504
2.98323
2.99061
3.0846
3.37893
4.0674
5.30078
6.40953
6.90783
7.46186
7.85518
7.94173
7.94669
7.9002
7.78836
7.67642
7.58939
7.52683
7.46749
7.41994
7.40307
7.39289
7.38522
7.36569
7.33775
7.31046
7.28139
7.23809
7.17365
7.10168
7.03279
6.97053
6.91609
6.86988
6.8352
6.80891
6.78608
6.77148
6.75989
6.73257
6.66214
6.54361
6.46273
6.42704
6.40319
6.38345
6.36968
6.35979
6.34935
6.33487
6.26468
1
1
1
1
1.00004
1.01841
1.99916
7.36917
12.5328
13.7666
13.4296
12.9227
12.2184
11.8343
11.4921
11.1388
10.6892
10.2127
10.0117
9.6607
9.33799
8.99495
8.62768
8.46817
8.21526
7.94868
7.60009
7.39708
7.23758
7.01107
6.7949
6.52631
6.40314
6.23825
6.0484
5.86161
5.66618
5.57314
5.43471
5.29235
5.10919
4.98682
4.89797
4.77798
4.65592
4.50773
4.42265
4.31839
4.21106
4.09622
4.01013
3.95426
3.86609
3.77315
3.64714
3.59781
3.56438
3.50739
3.43976
3.35376
3.2797
3.20487
3.13818
3.08588
3.01355
3.00149
3.55544
6.10492
9.48886
10.2164
10.0615
9.77305
9.45613
9.22231
9.06963
8.96326
8.86942
8.7282
8.54672
8.28654
7.93349
7.67593
7.52548
7.40403
7.303
7.24677
7.22346
7.15542
7.04612
6.90583
6.66881
6.3727
6.21096
6.11899
6.03486
5.95975
5.9061
5.86408
5.79414
5.70988
5.60715
5.43449
5.20803
5.08705
5.02763
4.97783
4.93867
4.91486
4.88517
4.83878
4.78677
4.7214
4.60432
4.42344
4.2939
4.22903
4.17789
4.13356
4.09431
4.05828
4.02345
3.98786
3.95013
3.88784
3.78298
3.69588
3.64385
3.59868
3.54942
3.49783
3.45514
3.41868
3.38201
3.3473
3.3031
3.22681
3.15154
3.10393
3.06809
3.03323
2.99773
2.96607
2.94099
2.92371
2.90504
2.86891
2.89515
3.12606
3.88089
4.87376
5.98477
7.11369
7.37814
7.56036
7.65792
7.64994
7.60471
7.52485
7.44367
7.42726
7.40154
7.38135
7.3808
7.36507
7.31895
7.2874
7.27727
7.25765
7.18037
7.07488
6.99856
6.95126
6.91601
6.88099
6.84244
6.80736
6.77985
6.75337
6.72892
6.70188
6.65588
6.57648
6.48319
6.43561
6.4146
6.39419
6.37061
6.34691
6.32701
6.31066
6.29793
6.23999
1
1
1
1
1
1.00006
1.02512
2.08891
7.32626
12.4414
13.5365
13.2452
12.5228
12.0935
11.758
11.3884
10.8118
10.486
10.2311
9.85399
9.56383
9.12384
8.8873
8.6932
8.38827
8.10647
7.75808
7.59551
7.41428
7.19852
6.92046
6.69725
6.58077
6.38398
6.20679
5.97853
5.83701
5.73126
5.57087
5.41687
5.22504
5.13126
5.02791
4.90526
4.75492
4.61702
4.53714
4.42661
4.3246
4.20034
4.13251
4.06222
3.9653
3.86024
3.75002
3.72122
3.67301
3.60508
3.5123
3.417
3.35164
3.2822
3.22648
3.15514
3.16904
3.79623
6.72785
9.78161
10.8555
10.745
10.3317
9.78934
9.45037
9.28277
9.16046
9.12241
9.1011
8.95016
8.7667
8.54034
8.16415
7.76942
7.57694
7.45345
7.35316
7.30074
7.28532
7.21124
7.09848
6.97853
6.81649
6.54361
6.28428
6.16899
6.08862
6.01681
5.96565
5.92708
5.85996
5.77974
5.69378
5.57827
5.38124
5.15806
5.04525
4.98715
4.93872
4.89986
4.86912
4.82793
4.77898
4.72793
4.6647
4.55165
4.39299
4.28913
4.23397
4.18433
4.13213
4.08007
4.03065
3.9843
3.94053
3.89347
3.82129
3.72623
3.66813
3.63269
3.59499
3.55371
3.5114
3.466
3.4179
3.37044
3.31759
3.2432
3.16428
3.12852
3.10742
3.08258
3.05208
3.01863
2.98028
2.93697
2.89017
2.83349
2.78518
2.75937
2.79371
2.99285
3.50982
4.56802
5.84141
6.56278
7.19676
7.4081
7.34337
7.27195
7.32508
7.34309
7.35407
7.36046
7.39541
7.38762
7.31975
7.24138
7.17535
7.10061
7.02008
6.95512
6.93094
6.91749
6.89193
6.85583
6.81551
6.77648
6.75019
6.73147
6.71458
6.67794
6.60899
6.50201
6.419
6.39788
6.38647
6.37306
6.35712
6.33847
6.31519
6.28523
6.25661
6.19294
1
1
1
1
1
1
1.00009
1.03042
2.05476
7.42151
12.0421
13.284
12.9934
12.4059
12.0021
11.5583
11.0066
10.7635
10.4466
10.1241
9.73895
9.3089
9.15761
8.86815
8.5671
8.27229
7.94456
7.80388
7.60348
7.36744
7.04605
6.88122
6.74355
6.54985
6.35134
6.10994
6.01403
5.87358
5.70659
5.53133
5.35963
5.27813
5.15681
5.02504
4.84903
4.73596
4.65414
4.54767
4.43678
4.31093
4.25113
4.16514
4.06715
3.94823
3.87137
3.83827
3.7713
3.68894
3.56914
3.49208
3.43214
3.3759
3.30687
3.33203
4.18411
7.2728
10.6709
11.2378
11.0704
10.7867
10.3803
9.87436
9.55524
9.38353
9.24458
9.21312
9.20633
9.03535
8.8519
8.66243
8.39448
8.0192
7.72461
7.57283
7.46177
7.37685
7.32109
7.23624
7.11994
7.00423
6.88257
6.70758
6.43839
6.2223
6.12331
6.04985
5.99197
5.94655
5.88155
5.80725
5.73254
5.65206
5.53755
5.35217
5.14894
5.0419
4.98162
4.92677
4.87374
4.82441
4.77354
4.72228
4.67059
4.60457
4.4888
4.34726
4.2667
4.21756
4.17118
4.12527
4.07831
4.03017
3.98285
3.93249
3.86261
3.75438
3.66588
3.62478
3.59457
3.57072
3.54683
3.51521
3.47826
3.43971
3.39186
3.30994
3.19222
3.12948
3.10386
3.08307
3.06404
3.04688
3.02968
3.00627
2.96647
2.90823
2.8192
2.72974
2.70951
2.69518
2.70891
2.83649
3.33719
4.15032
5.1953
6.43983
6.82287
6.95236
7.11086
7.22687
7.33151
7.37859
7.38935
7.37783
7.30485
7.19779
7.0814
6.96318
6.86986
6.85168
6.85958
6.88701
6.88502
6.86394
6.82243
6.75443
6.71215
6.70212
6.68084
6.62797
6.56647
6.49461
6.41786
6.3593
6.33106
6.3198
6.31095
6.30333
6.29319
6.2741
6.24264
6.14474
1
1
1
1
1
1
1
1.00012
1.02745
2.12731
6.99861
11.8824
13.0849
12.7979
12.3913
11.7851
11.2623
11.0374
10.7094
10.3727
9.84602
9.57187
9.38346
9.04038
8.78193
8.41193
8.17124
8.0247
7.7779
7.51344
7.19946
7.06001
6.91221
6.72963
6.46767
6.27172
6.17756
6.00899
5.84897
5.63882
5.51383
5.42297
5.28102
5.13635
4.95301
4.86517
4.7784
4.6737
4.54251
4.42681
4.36499
4.26981
4.17135
4.04501
3.99111
3.94281
3.86103
3.75677
3.63592
3.57809
3.52776
3.46465
3.519
4.54452
8.12443
10.8047
11.7257
11.6802
11.3631
10.981
10.5969
10.1373
9.78088
9.57464
9.41958
9.33895
9.26214
9.0899
8.91383
8.73432
8.53065
8.27152
7.96801
7.72617
7.57785
7.46233
7.36177
7.26252
7.15124
7.03985
6.93355
6.8205
6.65736
6.41084
6.20311
6.09981
6.02112
5.94888
5.87816
5.80274
5.72931
5.65899
5.58681
5.48582
5.31317
5.13331
5.04212
4.97777
4.91326
4.85412
4.79784
4.74125
4.68514
4.6266
4.54457
4.40419
4.27029
4.21714
4.18318
4.14819
4.11278
4.0766
4.0374
3.99265
3.93305
3.82838
3.67735
3.59405
3.56829
3.55214
3.54092
3.51997
3.49499
3.47203
3.44075
3.3879
3.29323
3.17575
3.10485
3.07048
3.04894
3.03323
3.02607
3.01736
2.99677
2.96604
2.91827
2.84026
2.73155
2.67065
2.66308
2.65542
2.66384
2.74763
3.03036
3.79439
4.98747
5.86411
6.52732
6.91077
6.96944
7.10891
7.24535
7.27958
7.23331
7.15384
7.0635
6.90564
6.77566
6.75897
6.76254
6.81065
6.86331
6.87591
6.85907
6.80433
6.70228
6.58334
6.51511
6.51254
6.50789
6.47452
6.43968
6.39497
6.3243
6.25652
6.23522
6.23006
6.23001
6.2282
6.21711
6.11446
1
1
1
1
1
1
1
1
1.0001
1.03255
2.03916
6.68183
11.723
12.7461
12.6871
12.1418
11.5685
11.2702
10.9356
10.5372
10.019
9.84318
9.58059
9.27348
8.97312
8.56588
8.42895
8.21496
7.93319
7.67212
7.37821
7.24936
7.09516
6.8895
6.5876
6.43965
6.32863
6.16355
5.98214
5.7555
5.67271
5.55781
5.40771
5.2435
5.07227
5.00423
4.90745
4.79572
4.64605
4.5454
4.47714
4.37994
4.27313
4.15043
4.10308
4.03763
3.94461
3.81724
3.72096
3.67552
3.62738
3.72375
5.06135
8.82496
11.8373
12.1692
11.9504
11.6844
11.4308
11.1561
10.8548
10.497
10.105
9.79803
9.5828
9.39833
9.25592
9.09382
8.9183
8.7456
8.58211
8.41796
8.22166
7.96495
7.70672
7.53154
7.39645
7.27284
7.15915
7.05903
6.96492
6.8722
6.7732
6.62977
6.39474
6.17166
6.05375
5.96845
5.88781
5.81033
5.73788
5.67124
5.6086
5.54041
5.43813
5.25651
5.08412
5.0017
4.94583
4.89372
4.84338
4.79319
4.74046
4.68411
4.61213
4.48209
4.29139
4.19809
4.16436
4.13513
4.11173
4.09373
4.06839
4.03547
3.99702
3.9365
3.80589
3.62955
3.55187
3.52535
3.50366
3.48574
3.47897
3.47379
3.4534
3.42327
3.37617
3.29128
3.17155
3.08611
3.04769
3.02579
3.00779
2.99204
2.97551
2.96018
2.94272
2.90709
2.83841
2.75774
2.70149
2.65245
2.63256
2.62723
2.6275
2.6723
2.96575
3.59921
4.43359
5.56437
6.42796
6.65953
6.89069
7.06029
7.09778
7.10383
7.0528
6.91123
6.77192
6.71903
6.70559
6.72686
6.80869
6.8629
6.85606
6.82123
6.71949
6.52566
6.40689
6.35878
6.34016
6.35265
6.38641
6.38322
6.34964
6.27195
6.18851
6.16335
6.16721
6.19334
6.18757
6.08751
1
1
1
1
1
1
1
1
1
1.00013
1.02928
1.85763
6.57165
11.0995
12.5875
12.5342
11.9452
11.4918
11.1675
10.7021
10.2781
10.1141
9.8113
9.52284
9.08504
8.79531
8.67061
8.37845
8.12575
7.82578
7.56642
7.45368
7.26748
7.0287
6.73268
6.60309
6.48194
6.32435
6.09334
5.90307
5.82644
5.68542
5.53844
5.34391
5.2129
5.14815
5.03707
4.91319
4.74952
4.6652
4.5915
4.49385
4.37219
4.2582
4.20835
4.12341
4.02843
3.89018
3.81641
3.78739
3.95623
5.68379
10.0658
12.4097
12.4205
12.0638
11.7866
11.5805
11.4207
11.2317
10.9954
10.7476
10.4684
10.1508
9.82631
9.54571
9.31922
9.11972
8.94036
8.78303
8.64514
8.51597
8.37087
8.18915
7.90716
7.60585
7.43139
7.30977
7.20006
7.10161
7.01857
6.93671
6.84668
6.745
6.5882
6.32149
6.09464
5.98834
5.90998
5.8368
5.77027
5.71316
5.65432
5.58814
5.50806
5.36918
5.14014
4.99445
4.93863
4.89293
4.85066
4.81856
4.78473
4.73655
4.67802
4.59033
4.42202
4.22331
4.14513
4.11203
4.08406
4.06615
4.05098
4.02874
4.00398
3.97197
3.90973
3.77513
3.61725
3.54181
3.50309
3.4739
3.45054
3.43729
3.43186
3.41446
3.39069
3.35007
3.27095
3.16685
3.09363
3.05441
3.02574
2.99773
2.96845
2.93824
2.90955
2.88659
2.86402
2.81853
2.7663
2.72431
2.69151
2.65837
2.61982
2.59707
2.5795
2.6032
2.74874
3.21687
4.21049
5.20832
5.8994
6.59991
6.79742
6.80735
6.82029
6.85089
6.80641
6.761
6.73784
6.70132
6.72758
6.74615
6.73337
6.71966
6.67685
6.55289
6.36065
6.25235
6.23642
6.25246
6.27751
6.31836
6.32316
6.29926
6.23405
6.1496
6.0932
6.05457
6.03707
5.98325
1
1
1
1
1
1
1
1
1
1
1.00012
1.01951
1.85416
5.90391
10.8624
12.398
12.366
11.9393
11.5095
10.8633
10.5658
10.3673
10.0567
9.71401
9.22895
9.06676
8.86979
8.56196
8.32347
7.9579
7.79502
7.65911
7.42074
7.17014
6.89115
6.77129
6.6534
6.48383
6.20061
6.06024
5.97233
5.82672
5.67259
5.45154
5.36855
5.28895
5.16165
5.02513
4.85972
4.78945
4.70915
4.60624
4.4679
4.36888
4.29999
4.21477
4.11009
3.98822
3.94457
4.25205
6.58046
10.8739
13.4628
13.4724
13.0253
12.3093
11.9494
11.7048
11.4998
11.3153
11.1125
10.918
10.7045
10.442
10.0937
9.6639
9.35223
9.15925
8.99602
8.85778
8.75712
8.64489
8.50037
8.33901
8.11127
7.75664
7.46785
7.33057
7.22506
7.12995
7.05714
6.98794
6.89986
6.80547
6.69177
6.49485
6.19622
6.00815
5.92478
5.85667
5.79527
5.74725
5.69612
5.63326
5.56286
5.46186
5.26865
5.03189
4.92606
4.87692
4.83558
4.80772
4.78583
4.74428
4.69863
4.64684
4.55586
4.37113
4.19207
4.1273
4.0923
4.05622
4.02052
3.99593
3.97584
3.95214
3.92264
3.85962
3.73645
3.61545
3.54914
3.50534
3.47028
3.43976
3.40807
3.37392
3.34284
3.31878
3.28685
3.21147
3.13699
3.10335
3.07675
3.04521
3.00673
2.96178
2.91636
2.87247
2.82772
2.79783
2.7731
2.74559
2.72461
2.70454
2.67978
2.64678
2.59904
2.54857
2.49836
2.49957
2.61071
3.05202
3.71865
4.80119
5.75628
6.26593
6.46833
6.60078
6.74739
6.81686
6.81641
6.73338
6.65163
6.62912
6.5958
6.54918
6.5233
6.49035
6.37011
6.25736
6.21451
6.19995
6.2114
6.24491
6.27253
6.27527
6.25633
6.18824
6.06388
5.96112
5.91898
5.87622
1
1
1
1
1
1
1
1
1
1
1
1.00007
1.02035
1.70509
5.27185
10.6471
12.0512
12.1177
11.8231
11.1281
10.8307
10.5711
10.2671
9.85324
9.43243
9.31273
9.05547
8.79335
8.47205
8.13827
8.04586
7.82647
7.56604
7.33729
7.0635
6.95007
6.8299
6.62961
6.33619
6.2116
6.11681
5.98629
5.78633
5.58037
5.52498
5.41967
5.28794
5.1267
4.97398
4.91721
4.8267
4.71297
4.56616
4.47099
4.39693
4.30268
4.19155
4.15716
4.5995
7.52535
12.3067
14.1342
13.9889
13.545
13.0976
12.6259
12.1904
11.8548
11.5741
11.3571
11.1929
11.0414
10.8441
10.6132
10.3318
9.90367
9.44452
9.20781
9.04562
8.90529
8.81072
8.71627
8.57674
8.42892
8.25731
7.98918
7.61984
7.37725
7.26206
7.16902
7.08666
7.01222
6.92554
6.83412
6.74061
6.61391
6.37931
6.08661
5.94505
5.87386
5.81132
5.75646
5.705
5.6463
5.58633
5.5171
5.40139
5.1856
4.9777
4.89133
4.84178
4.79758
4.75895
4.72339
4.6843
4.64428
4.5931
4.49205
4.3184
4.18366
4.12283
4.07765
4.03638
3.99707
3.95799
3.92078
3.88731
3.85109
3.78234
3.67161
3.59603
3.55736
3.52413
3.48577
3.43958
3.38921
3.34034
3.29318
3.24059
3.18302
3.13344
3.11447
3.09828
3.07889
3.05565
3.02505
2.98392
2.92291
2.83229
2.75793
2.73071
2.71925
2.71112
2.70607
2.69761
2.68346
2.65806
2.61394
2.5334
2.46205
2.43679
2.44427
2.51112
2.8069
3.55622
4.62198
5.42184
5.84509
6.30186
6.56581
6.62475
6.64613
6.64574
6.61545
6.54564
6.43449
6.35987
6.30515
6.25137
6.21861
6.21298
6.2133
6.21369
6.20848
6.203
6.20378
6.20058
6.17113
6.08731
5.94602
5.84621
5.80232
1
1
1
1
1
1
1
1
1
1
1
1
1.00007
1.01533
1.48073
5.0562
9.94648
11.6031
12.1004
11.6478
11.0812
10.7223
10.4789
10.0585
9.70006
9.56297
9.31224
9.02155
8.5646
8.38154
8.26353
7.98297
7.7624
7.47423
7.24875
7.16341
6.98978
6.7583
6.48759
6.35804
6.27261
6.14577
5.89232
5.73057
5.66625
5.54352
5.41387
5.21818
5.10755
5.05023
4.94184
4.81822
4.66533
4.57213
4.50159
4.38465
4.39316
5.12973
8.79727
13.2319
14.4588
14.4459
14.119
13.6527
13.3255
12.9985
12.5202
12.0103
11.6852
11.4472
11.2636
11.134
10.9428
10.7172
10.4777
10.1547
9.68601
9.30598
9.11577
8.97117
8.85366
8.75478
8.62804
8.48991
8.34484
8.15904
7.8699
7.52385
7.31491
7.20619
7.11264
7.02326
6.93759
6.85012
6.76444
6.67069
6.52872
6.27843
6.03233
5.91761
5.84334
5.77291
5.70442
5.63907
5.57762
5.51794
5.44678
5.31852
5.10959
4.95356
4.87772
4.81708
4.75968
4.70885
4.66224
4.61628
4.57086
4.51768
4.41649
4.26436
4.17045
4.12359
4.08062
4.03517
3.98756
3.9364
3.88358
3.82902
3.76263
3.67438
3.60198
3.56811
3.54391
3.51905
3.4899
3.45281
3.4047
3.34066
3.2461
3.14108
3.10215
3.08762
3.07611
3.06932
3.06087
3.04673
3.02481
2.98567
2.91059
2.79508
2.72014
2.69887
2.68611
2.67446
2.67368
2.67599
2.66224
2.64056
2.60295
2.53615
2.43606
2.40419
2.40144
2.41019
2.47828
2.73107
3.36222
4.21143
5.16783
5.79599
6.0529
6.24596
6.42099
6.50609
6.51346
6.4468
6.32492
6.20079
6.15482
6.14854
6.16267
6.20973
6.24758
6.24039
6.20511
6.1621
6.126
6.09451
6.02614
5.90716
5.83669
5.79719
1
1
1
1
1
1
1
1
1
1
1
1
1
1.00005
1.00769
1.43046
4.54131
9.08795
11.4989
11.9448
11.6603
11.2546
10.8354
10.1922
9.96477
9.81834
9.54974
9.17944
8.73435
8.6116
8.43276
8.17893
7.95308
7.60562
7.48964
7.35756
7.10882
6.89768
6.65295
6.51883
6.44434
6.29912
6.0059
5.86708
5.79909
5.69324
5.54219
5.31639
5.25053
5.17893
5.05674
4.92743
4.76117
4.68601
4.59661
4.67009
5.90157
10.1652
14.8408
15.4443
14.9694
14.539
14.2268
13.9726
13.68
13.3343
12.8541
12.2427
11.8192
11.5612
11.3564
11.2082
11.0156
10.7972
10.5793
10.3281
9.97817
9.53292
9.20721
9.03212
8.88637
8.75701
8.63156
8.49898
8.3645
8.2239
8.04781
7.78428
7.46206
7.25502
7.14298
7.04587
6.94997
6.85608
6.76561
6.67699
6.57903
6.43099
6.18724
5.96806
5.86296
5.79022
5.72004
5.65055
5.58306
5.51837
5.45278
5.36937
5.22471
5.0313
4.91275
4.85139
4.79804
4.74322
4.68637
4.62912
4.57428
4.51751
4.44026
4.31257
4.1923
4.13614
4.09658
4.05825
4.01952
3.97681
3.92793
3.87105
3.79305
3.67822
3.58342
3.5489
3.52785
3.51015
3.49711
3.48041
3.45424
3.41007
3.32463
3.19097
3.09818
3.06745
3.05016
3.03472
3.02571
3.02371
3.01414
2.99532
2.96153
2.89306
2.78154
2.71194
2.68946
2.6753
2.66226
2.64467
2.62285
2.6093
2.60208
2.58009
2.51627
2.44829
2.40111
2.38293
2.38224
2.38478
2.43063
2.61686
3.08152
3.90252
4.85324
5.41466
5.81874
6.17339
6.32759
6.38304
6.3172
6.20926
6.15495
6.13832
6.15389
6.22415
6.23801
6.25167
6.2412
6.18758
6.09348
5.9622
5.8215
5.76834
5.76846
5.77147
1
1
1
1
1
1
1
1
1
1
1
1
1
1
1.00002
1.00624
1.35074
3.6645
8.64189
11.2214
11.6203
11.6139
11.2276
10.4577
10.2344
9.96344
9.63258
9.30401
8.96013
8.84894
8.65658
8.42435
8.04914
7.77482
7.71363
7.50737
7.27165
7.07188
6.80225
6.70609
6.60971
6.42108
6.15738
6.00074
5.93609
5.84844
5.64867
5.43922
5.39158
5.29939
5.18346
5.01713
4.87362
4.80504
4.98955
7.02432
12.4138
16.0238
16.083
15.443
14.8204
14.4844
14.2854
14.134
13.8529
13.4901
13.0811
12.5871
12.0613
11.7107
11.4752
11.2658
11.0478
10.8255
10.6079
10.392
10.1599
9.85963
9.46941
9.1461
8.95655
8.80022
8.64813
8.50382
8.37192
8.25011
8.12553
7.9615
7.68752
7.35479
7.16875
7.06379
6.96955
6.88031
6.79318
6.7072
6.6208
6.5179
6.3451
6.07796
5.88772
5.80358
5.73773
5.67089
5.60586
5.54283
5.4788
5.40773
5.30265
5.11469
4.92487
4.84815
4.80389
4.76052
4.71536
4.66765
4.61649
4.55842
4.47972
4.35086
4.19731
4.11136
4.07406
4.04461
4.01623
3.98632
3.95404
3.91545
3.85749
3.75102
3.61096
3.53611
3.50544
3.48252
3.4641
3.4546
3.43954
3.41278
3.36973
3.2887
3.16621
3.08907
3.05856
3.03202
3.00667
2.98756
2.97581
2.9696
2.95705
2.92385
2.8487
2.76372
2.7218
2.69985
2.67693
2.64962
2.61966
2.59167
2.56733
2.54876
2.52314
2.47621
2.43614
2.41209
2.39406
2.37284
2.35753
2.338
2.35261
2.47122
2.87943
3.63302
4.39224
5.15213
5.8893
6.07961
6.10261
6.20832
6.21223
6.17144
6.08835
6.04076
6.08673
6.16467
6.1642
6.12958
6.05258
5.89057
5.70885
5.66481
5.66553
5.67939
1
1
1
1
1
1
1
1
1
1
1
1
1
1
1
1.00001
1.00502
1.18584
3.00809
8.18384
10.4988
11.4855
11.4736
10.8488
10.4311
10.0854
9.85968
9.51684
9.16429
9.07459
8.91282
8.63031
8.16602
7.99555
7.89657
7.6581
7.47326
7.20033
6.98781
6.92468
6.75417
6.53544
6.3099
6.14898
6.09448
6.00255
5.75573
5.57467
5.51072
5.42509
5.3165
5.1147
5.02753
5.48264
8.52385
14.1452
17.599
17.5368
16.7129
15.6594
15.0371
14.7178
14.4746
14.2626
13.9437
13.6076
13.2755
12.9149
12.4506
11.9173
11.555
11.3129
11.0794
10.8451
10.6323
10.4483
10.2727
10.0709
9.77168
9.33242
8.99625
8.81709
8.66476
8.52517
8.4029
8.28908
8.17766
8.0546
7.87113
7.54603
7.21967
7.07377
6.98295
6.89726
6.81133
6.72703
6.64521
6.5577
6.43462
6.21488
5.94377
5.80388
5.7356
5.67429
5.61782
5.56374
5.50855
5.44762
5.36776
5.22005
4.98761
4.84711
4.79468
4.75401
4.71481
4.67748
4.63995
4.59812
4.53974
4.43918
4.26884
4.12339
4.07385
4.04433
4.01548
3.98632
3.95679
3.92575
3.88846
3.82143
3.69544
3.57593
3.52012
3.48321
3.45368
3.43189
3.41116
3.38715
3.36008
3.31929
3.23781
3.14088
3.0909
3.06017
3.02911
2.99684
2.96736
2.944
2.92121
2.89366
2.85147
2.78552
2.74086
2.72069
2.70223
2.67871
2.64917
2.6137
2.57464
2.53449
2.48785
2.45247
2.43471
2.42187
2.41001
2.39286
2.36835
2.34078
2.31453
2.2771
2.27505
2.35762
2.69472
3.29738
4.31776
5.07842
5.53882
5.90298
6.11769
6.15246
6.08134
5.97125
5.9635
5.97608
5.965
5.93946
5.93554
5.86746
5.72141
5.63186
5.61468
5.61199
1
1
1
1
1
1
1
1
1
1
1
1
1
1
1
1
1.00001
1.00179
1.10062
2.90759
6.92891
10.34
11.5495
11.2969
10.8029
10.4838
10.2063
9.68497
9.46571
9.37066
9.12531
8.76296
8.34098
8.21388
8.08271
7.87709
7.64328
7.30146
7.21704
7.11483
6.87434
6.69545
6.47456
6.30547
6.25411
6.13589
5.8826
5.72644
5.63682
5.56202
5.41417
5.38901
6.30593
10.5319
16.394
18.3279
18.2943
17.5545
16.7907
16.0951
15.4447
15.0018
14.6235
14.3111
14.0271
13.7318
13.4447
13.1587
12.8136
12.3113
11.7212
11.3087
11.0579
10.8542
10.6736
10.5146
10.3509
10.1772
9.96268
9.59934
9.11834
8.82996
8.67675
8.5489
8.42938
8.31824
8.21143
8.10054
7.96286
7.72158
7.34272
7.08789
6.98532
6.90532
6.82834
6.7542
6.67579
6.59336
6.49553
6.34002
6.06938
5.82456
5.73417
5.67727
5.61896
5.56288
5.50871
5.45476
5.39395
5.2939
5.10044
4.89209
4.80421
4.75907
4.71608
4.67372
4.63413
4.59508
4.55082
4.48233
4.35118
4.18121
4.09407
4.05877
4.02801
3.9949
3.95945
3.92326
3.88483
3.83322
3.73979
3.61558
3.54287
3.50331
3.468
3.43675
3.40944
3.38265
3.35497
3.32032
3.2592
3.16827
3.10821
3.07826
3.05374
3.02876
2.99907
2.96463
2.92906
2.88741
2.82916
2.7684
2.73124
2.71491
2.70251
2.68856
2.67289
2.65105
2.6172
2.56589
2.5013
2.4476
2.42237
2.40752
2.39059
2.37812
2.36898
2.35618
2.33621
2.30221
2.2404
2.20787
2.21855
2.2904
2.60482
3.33947
4.16041
4.76725
5.49121
5.9184
5.94154
5.92031
5.93654
5.90319
5.82871
5.77405
5.73773
5.71696
5.66927
5.60583
5.58944
5.59122
1
1
1
1
1
1
1
1
1
1
1
1
1
1
1
1
1
1
1.00067
1.09983
2.37243
5.76997
10.1761
11.2553
11.2181
10.9471
10.4977
9.84792
9.74693
9.55573
9.21843
8.9451
8.61459
8.42492
8.28896
8.11162
7.74932
7.48475
7.43645
7.2592
7.04217
6.87854
6.60387
6.50228
6.43067
6.25095
6.02307
5.85012
5.78706
5.69449
5.85515
7.8314
13.5179
18.0495
19.4205
19.153
18.43
17.617
17.0073
16.4889
15.8589
15.2084
14.7442
14.4028
14.1062
13.8469
13.5919
13.3232
13.0218
12.596
11.9577
11.3777
11.0912
10.8991
10.7273
10.5816
10.4333
10.2664
10.0785
9.79168
9.31185
8.89177
8.69995
8.57253
8.45728
8.35512
8.26133
8.15724
8.0324
7.84659
7.51507
7.15672
6.99785
6.91071
6.83112
6.75519
6.67806
6.6017
6.52005
6.4021
6.18445
5.91265
5.76864
5.70116
5.64213
5.58263
5.52395
5.4657
5.40336
5.32134
5.1779
4.96558
4.83332
4.78084
4.73678
4.69137
4.64679
4.60302
4.55581
4.49402
4.38941
4.22534
4.11297
4.07439
4.04518
4.01344
3.97968
3.94352
3.90265
3.84961
3.7656
3.64534
3.55151
3.51039
3.48482
3.45982
3.43355
3.40419
3.37095
3.32919
3.26144
3.16857
3.10765
3.07805
3.05788
3.03966
3.01905
2.99394
2.96343
2.92083
2.84646
2.76538
2.73365
2.71863
2.70495
2.69225
2.67903
2.66042
2.6308
2.58707
2.5296
2.47831
2.45356
2.44071
2.42705
2.41606
2.40682
2.39547
2.37765
2.33877
2.26019
2.19637
2.18225
2.17797
2.18702
2.268
2.57424
3.0963
3.84374
4.75525
5.19675
5.5055
5.75085
5.79338
5.78834
5.74578
5.69902
5.65844
5.59538
5.57238
5.59838
5.60573
1
1
1
1
1
1
1
1
1
1
1
1
1
1
1
1
1
1
1
1.00072
1.0547
1.68403
5.22349
9.84176
10.5441
10.9646
10.7183
10.1251
9.88969
9.61941
9.44778
9.26881
8.82204
8.58985
8.51294
8.30701
7.86949
7.68893
7.61087
7.41835
7.25441
6.9894
6.75949
6.72064
6.56946
6.36329
6.18373
5.98719
5.96314
6.58535
10.1119
16.789
20.6935
20.2127
19.444
18.6568
18.0759
17.6676
17.2622
16.8151
16.2559
15.5232
14.8709
14.4813
14.1683
13.8857
13.6204
13.3492
13.0586
12.7085
12.2201
11.5973
11.1622
10.9484
10.7724
10.6098
10.4531
10.285
10.1055
9.87471
9.51547
9.06436
8.75705
8.59693
8.47809
8.36867
8.26249
8.15268
8.03372
7.88697
7.65389
7.30593
7.05017
6.94292
6.86152
6.77845
6.69334
6.61051
6.52823
6.4269
6.26109
6.00251
5.79808
5.70986
5.64852
5.58886
5.53038
5.47214
5.40983
5.33279
5.21053
5.01421
4.85742
4.79607
4.75234
4.70826
4.6654
4.6244
4.58203
4.52794
4.43722
4.28137
4.13106
4.0688
4.03759
4.01049
3.9836
3.95506
3.92268
3.87851
3.80389
3.67965
3.55381
3.51228
3.49576
3.47737
3.45405
3.42344
3.3891
3.35843
3.30872
3.19842
3.10314
3.0713
3.05139
3.03009
3.00753
2.98653
2.96868
2.94987
2.90395
2.80912
2.73489
2.7085
2.69055
2.67315
2.66104
2.65212
2.64228
2.618
2.55265
2.46636
2.42956
2.41583
2.40215
2.38844
2.37621
2.3639
2.34778
2.32466
2.27728
2.20926
2.18044
2.1688
2.16744
2.17022
2.1763
2.22644
2.39323
2.87155
3.71128
4.28673
4.89522
5.45793
5.52588
5.60845
5.70475
5.68549
5.61704
5.56789
5.52549
5.55355
1
1
1
1
1
1
1
1
1
1
1
1
1
1
1
1
1
1
1
1
1.00028
1.01476
1.52597
4.9899
8.33375
10.4063
11.06
10.6383
10.1945
9.94445
9.80519
9.42358
9.02512
8.92954
8.75572
8.41059
8.02283
7.85797
7.79058
7.65891
7.44237
7.05993
6.96501
6.89857
6.66001
6.52903
6.34202
6.40821
7.99851
13.374
20.0673
22.6204
22.2396
20.9616
19.5216
18.3388
17.8739
17.6661
17.4882
17.1276
16.687
16.088
15.2869
14.6503
14.2587
13.9252
13.6147
13.3243
13.0455
12.7669
12.4515
11.9962
11.4158
11.0458
10.8459
10.6616
10.4745
10.2878
10.1014
9.91062
9.68087
9.3341
8.91611
8.65378
8.51386
8.39756
8.28224
8.16271
8.03638
7.90137
7.73698
7.47853
7.14641
6.96069
6.8705
6.78669
6.70037
6.61549
6.53464
6.44738
6.31904
6.09495
5.84546
5.72724
5.66499
5.60703
5.54864
5.49033
5.42935
5.35649
5.24767
5.06361
4.87394
4.79359
4.74835
4.70414
4.66196
4.62397
4.58845
4.54604
4.47295
4.33769
4.17551
4.08305
4.03855
4.00246
3.97231
3.94829
3.92479
3.89352
3.83653
3.7319
3.58949
3.50701
3.4817
3.46614
3.45237
3.44079
3.42398
3.39471
3.33608
3.21356
3.13094
3.11465
3.10148
3.08197
3.05501
3.0201
2.98229
2.94361
2.89825
2.82812
2.75312
2.71727
2.69897
2.68338
2.66979
2.65733
2.64015
2.60579
2.54366
2.46861
2.43138
2.41577
2.40099
2.38621
2.37331
2.3616
2.34805
2.32556
2.28242
2.23953
2.20609
2.18508
2.17648
2.16243
2.15102
2.14067
2.12388
2.14257
2.29962
2.66282
3.22394
4.19545
4.80468
5.17371
5.5102
5.62102
5.63074
5.56677
5.44027
5.42592
1
1
1
1
1
1
1
1
1
1
1
1
1
1
1
1
1
1
1
1
1
1.00005
1.01042
1.49759
3.76643
7.21999
10.2684
10.8601
10.7454
10.4499
10.1044
9.46787
9.31544
9.19198
8.82187
8.52557
8.30112
8.04676
7.97719
7.88788
7.57322
7.23582
7.17169
7.00627
6.8383
6.72574
7.261
10.8572
17.5809
22.5874
23.3824
22.6756
21.6676
20.6178
19.4995
18.5854
18.1744
17.9041
17.6386
17.25
16.8438
16.3683
15.6584
14.822
14.3022
13.9554
13.6465
13.3627
13.0995
12.8515
12.5964
12.2672
11.748
11.1624
10.8422
10.6505
10.4681
10.2859
10.1103
9.94489
9.7706
9.52857
9.14864
8.74918
8.52904
8.40061
8.28324
8.1631
8.04026
7.91525
7.77866
7.59284
7.30469
7.01801
6.88207
6.79951
6.71922
6.63541
6.54866
6.45968
6.35462
6.18693
5.92547
5.73147
5.65819
5.60419
5.54758
5.49219
5.43881
5.37932
5.29367
5.13768
4.92276
4.80489
4.75702
4.71271
4.66837
4.62759
4.58872
4.54674
4.48029
4.35251
4.18914
4.09043
4.04689
4.01436
3.98124
3.94826
3.92006
3.89259
3.85185
3.76173
3.62187
3.5322
3.50267
3.48638
3.46819
3.43975
3.40035
3.35504
3.30125
3.23592
3.14178
3.0815
3.06561
3.04967
3.02916
3.01533
3.00435
2.97899
2.93901
2.87466
2.80131
2.76366
2.74377
2.72505
2.70573
2.68516
2.658
2.61795
2.55237
2.49058
2.46541
2.45024
2.43723
2.42509
2.41373
2.40221
2.38775
2.3627
2.31491
2.24179
2.18265
2.15914
2.15036
2.1432
2.13558
2.12321
2.10653
2.07179
2.04118
2.05911
2.15889
2.54857
3.38328
4.0365
4.60608
5.28723
5.51534
5.52456
5.43719
5.3557
1
1
1
1
1
1
1
1
1
1
1
1
1
1
1
1
1
1
1
1
1
1
1.00003
1.00943
1.23875
2.4164
6.60641
9.97467
10.2937
10.5177
10.3064
9.67708
9.46428
9.17942
8.91671
8.86516
8.58342
8.21443
8.1917
8.08788
7.7304
7.41345
7.32059
7.14524
7.30511
9.15377
15.0566
21.8789
24.7401
25.6006
24.7844
23.1108
21.6555
20.577
19.6042
18.937
18.5118
18.1326
17.7383
17.3133
16.9095
16.5071
15.9658
15.144
14.3979
13.9775
13.6659
13.3973
13.1615
12.9351
12.7031
12.4324
12.0307
11.4298
10.9061
10.6382
10.4497
10.277
10.1192
9.97217
9.82154
9.63555
9.34011
8.90444
8.55143
8.38207
8.26573
8.15532
8.04628
7.93611
7.81679
7.66713
7.43414
7.10756
6.88602
6.79121
6.71547
6.63903
6.56068
6.47851
6.39006
6.26474
6.04501
5.79504
5.6676
5.60841
5.55069
5.49054
5.43185
5.37112
5.29895
5.18432
5.01073
4.89118
4.83115
4.77645
4.71215
4.65273
4.60003
4.55016
4.49475
4.39338
4.21698
4.09762
4.05415
4.02469
3.99797
3.97237
3.94543
3.90742
3.84146
3.75369
3.67237
3.59385
3.53682
3.50019
3.46846
3.43485
3.40116
3.36812
3.32447
3.24977
3.14437
3.08014
3.06035
3.04674
3.03492
3.02189
2.99684
2.95852
2.90173
2.82189
2.75754
2.72884
2.71098
2.69318
2.67512
2.65768
2.64022
2.61492
2.56836
2.50378
2.45307
2.43105
2.41814
2.40657
2.39458
2.38065
2.36397
2.33953
2.29686
2.23159
2.17434
2.1521
2.14413
2.1382
2.13102
2.11969
2.10129
2.07059
2.02423
1.9991
1.99779
2.01945
2.17429
2.58396
3.12683
4.02785
4.68925
5.01315
5.25044
5.33375
1
1
1
1
1
1
1
1
1
1
1
1
1
1
1
1
1
1
1
1
1
1
1
1.00002
1.00261
1.0531
2.09694
6.39878
8.74305
9.95479
10.6376
10.2566
9.776
9.43531
9.305
9.07407
8.67392
8.54697
8.49294
8.22058
7.85288
7.62822
7.51713
8.37423
12.7383
21.2511
25.8037
25.6453
25.0691
24.6603
23.963
22.9578
22.0023
21.0893
20.1182
19.202
18.6127
18.1955
17.7971
17.4016
17.013
16.6207
16.1484
15.473
14.6401
14.0377
13.699
13.4391
13.2069
12.9857
12.7583
12.5001
12.1613
11.6581
11.0586
10.6747
10.47
10.3044
10.1523
10.0085
9.86185
9.68859
9.43765
9.05654
8.63085
8.36632
8.24089
8.14878
8.06229
7.97285
7.87009
7.72956
7.504
7.18081
6.9103
6.77375
6.69211
6.62755
6.56404
6.48598
6.3833
6.26094
6.08527
5.83474
5.68477
5.64884
5.62805
5.59822
5.55154
5.4922
5.4139
5.28259
5.05594
4.83978
4.7679
4.73666
4.70412
4.66045
4.61599
4.5622
4.48935
4.37785
4.24846
4.15621
4.10288
4.06483
4.03307
4.00337
3.97074
3.92859
3.8651
3.77848
3.65693
3.56634
3.53261
3.50564
3.47596
3.44632
3.41525
3.38054
3.34647
3.29289
3.193
3.10591
3.07429
3.06255
3.05108
3.03252
3.00545
2.96967
2.90916
2.81679
2.7499
2.72275
2.70492
2.6883
2.67281
2.65725
2.64046
2.62052
2.5941
2.53507
2.46757
2.43672
2.42039
2.40633
2.39413
2.38121
2.36378
2.33865
2.29655
2.23347
2.17606
2.15574
2.14928
2.14349
2.13602
2.1257
2.10901
2.07766
2.02609
1.995
1.98736
1.988
1.99355
2.02406
2.12275
2.46579
3.21516
3.8878
4.35345
4.90638
1
1
1
1
1
1
1
1
1
1
1
1
1
1
1
1
1
1
1
1
1
1
1
1
1
1.00029
1.04254
2.16702
4.94067
7.84264
10.0711
10.4932
10.3373
9.96982
9.66116
9.14589
8.95753
8.91794
8.58833
8.25746
8.05899
8.35204
11.1672
18.7583
26.7376
30.2138
29.3815
27.0713
24.9579
23.5099
22.854
22.6221
22.2599
21.5971
20.6459
19.5722
18.6444
18.1433
17.7895
17.4291
17.0489
16.6443
16.2026
15.6819
14.9853
14.2179
13.7413
13.4599
13.2196
12.991
12.7606
12.5125
12.2214
11.8233
11.2765
10.7861
10.5063
10.3217
10.1629
10.0112
9.85536
9.6808
9.45676
9.12982
8.72035
8.42012
8.26949
8.16533
8.07108
7.979
7.88038
7.75364
7.54239
7.2062
6.91414
6.78319
6.70481
6.63152
6.57152
6.52806
6.486
6.40351
6.22148
5.91882
5.70292
5.63103
5.58518
5.53848
5.48862
5.42957
5.34931
5.23511
5.05443
4.8345
4.74797
4.72689
4.72263
4.72631
4.69562
4.6404
4.56531
4.44913
4.2723
4.1451
4.09927
4.06694
4.0349
4.00094
3.9607
3.92288
3.89633
3.83573
3.68688
3.58568
3.56636
3.54839
3.52629
3.50349
3.47719
3.43943
3.36909
3.25892
3.15
3.09387
3.07313
3.05922
3.04645
3.03169
3.01252
2.98075
2.92037
2.83904
2.78417
2.76282
2.74877
2.7363
2.72396
2.70942
2.6912
2.66415
2.60352
2.50623
2.4408
2.42236
2.41089
2.39917
2.38976
2.38616
2.38039
2.36291
2.32903
2.26959
2.21253
2.19476
2.18771
2.18046
2.1725
2.16343
2.14889
2.11645
2.05879
2.01729
2.00331
1.99572
1.98269
1.97799
1.97842
2.00348
2.1215
2.44107
2.89849
3.8718
1
1
1
1
1
1
1
1
1
1
1
1
1
1
1
1
1
1
1
1
1
1
1
1
1
1
1.00028
1.0458
1.60555
3.17152
7.16487
9.91531
10.1365
10.0287
9.81227
9.35351
9.13827
8.83666
8.57764
8.5738
10.2724
16.7543
26.3132
30.5152
30.6623
29.6594
28.318
27.0277
25.4728
23.9369
22.9725
22.624
22.3073
21.82
21.1262
20.2556
19.1759
18.2977
17.784
17.401
17.0385
16.669
16.2743
15.8311
15.2649
14.5227
13.8796
13.5241
13.2725
13.0364
12.7969
12.5448
12.2648
11.908
11.4143
10.9215
10.651
10.4852
10.3213
10.1425
9.9474
9.73502
9.48781
9.1595
8.78021
8.53067
8.39416
8.27948
8.16588
8.04949
7.92317
7.76983
7.56036
7.2911
7.06918
6.94482
6.85611
6.76763
6.67518
6.58483
6.47715
6.33353
6.12928
5.90286
5.74486
5.65373
5.58753
5.53138
5.478
5.41998
5.34633
5.22516
5.01866
4.83975
4.7753
4.74576
4.71875
4.68454
4.64441
4.59537
4.52274
4.3941
4.21939
4.14989
4.12984
4.10504
4.07242
4.03507
3.99538
3.95436
3.89495
3.78682
3.62431
3.53997
3.52277
3.50712
3.488
3.46794
3.44558
3.41357
3.35145
3.23275
3.12774
3.09626
3.07904
3.06203
3.04639
3.0315
3.01456
2.98872
2.93632
2.8384
2.75558
2.72685
2.71288
2.70106
2.68929
2.67579
2.65913
2.6344
2.58474
2.4962
2.43414
2.41642
2.40791
2.4006
2.39242
2.38157
2.3652
2.34287
2.3035
2.23814
2.18738
2.1735
2.16589
2.15745
2.14866
2.13934
2.12551
2.0959
2.04163
1.99787
1.98158
1.97142
1.96279
1.95619
1.94952
1.94456
1.93336
1.94085
1.99151
2.50944
1
1
1
1
1
1
1
1
1
1
1
1
1
1
1
1
1
1
1
1
1
1
1
1
1
1
1
1.00023
1.01212
1.1302
2.45393
7.11768
8.87154
9.4826
9.99786
9.86774
9.54491
9.20692
9.85684
13.9558
24.2167
32.2536
35.3647
34.7243
32.101
29.2283
27.5172
26.4531
25.2463
24.2247
23.3206
22.5779
22.0399
21.5946
21.1472
20.515
19.5093
18.4244
17.68
17.212
16.8554
16.5284
16.1839
15.7989
15.3393
14.7371
14.0487
13.5295
13.2119
12.9626
12.7249
12.479
12.209
11.8968
11.5157
11.058
10.6492
10.4012
10.2301
10.0707
9.90469
9.72058
9.50054
9.22124
8.88045
8.56614
8.38091
8.26397
8.15863
8.05024
7.92937
7.78185
7.58757
7.32952
7.05656
6.88537
6.79036
6.71656
6.65045
6.57172
6.46694
6.3322
6.15161
5.93035
5.75478
5.66395
5.60502
5.55376
5.50105
5.44067
5.36286
5.24354
5.05861
4.88294
4.80866
4.76769
4.72627
4.68518
4.64539
4.59875
4.52824
4.40111
4.23996
4.15477
4.11999
4.0897
4.05827
4.02791
3.99944
3.96182
3.89494
3.77435
3.60811
3.53548
3.52089
3.50604
3.48854
3.47084
3.45056
3.42078
3.35952
3.24336
3.14713
3.11413
3.09527
3.07773
3.06098
3.04412
3.02462
2.99628
2.94257
2.84533
2.75884
2.72865
2.71493
2.7028
2.69007
2.67535
2.65748
2.63136
2.58111
2.49505
2.43595
2.4225
2.41524
2.40666
2.39567
2.38248
2.36708
2.34529
2.30426
2.23598
2.18771
2.17464
2.16633
2.15721
2.14805
2.13815
2.12375
2.09505
2.04282
1.99832
1.9813
1.97088
1.96154
1.95299
1.94511
1.93822
1.92418
1.90051
1.86258
1.92901
1
1
1
1
1
1
1
1
1
1
1
1
1
1
1
1
1
1
1
1
1
1
1
1
1
1
1
1
1.00002
1.00103
1.0717
2.62588
5.71553
7.90514
9.53314
11.0444
12.4443
15.7557
23.0872
30.5739
33.2337
33.8539
32.8738
31.9035
31.4949
30.1444
28.5355
26.9264
25.311
24.4111
23.8729
23.2971
22.7027
22.0834
21.4897
20.8236
19.9509
18.9001
18.0717
17.5794
17.2059
16.8569
16.5309
16.2059
15.8033
15.2269
14.4773
13.8485
13.4813
13.2217
12.9903
12.7656
12.5307
12.2553
11.8794
11.3541
10.8391
10.5471
10.3771
10.2308
10.0839
9.92492
9.7373
9.48496
9.11921
8.73037
8.50929
8.38814
8.28251
8.17636
8.06492
7.9359
7.76121
7.49803
7.17852
6.9635
6.8601
6.78937
6.7217
6.64713
6.55715
6.43977
6.26881
6.0365
5.84796
5.75888
5.70525
5.65616
5.60419
5.54527
5.47202
5.36476
5.19055
4.99936
4.8998
4.84788
4.80503
4.76618
4.7268
4.67908
4.6069
4.481
4.31101
4.20384
4.16099
4.12961
4.10101
4.0757
4.04952
4.01015
3.93902
3.80412
3.64707
3.59931
3.58451
3.56832
3.55132
3.53378
3.51302
3.48123
3.41481
3.29295
3.19818
3.16814
3.15042
3.13202
3.11308
3.09409
3.07321
3.04455
2.99144
2.89165
2.7977
2.76665
2.75252
2.73893
2.72478
2.70939
2.69105
2.66435
2.61437
2.53276
2.47817
2.46327
2.45301
2.44124
2.42897
2.41647
2.40132
2.37733
2.33183
2.26273
2.21999
2.20718
2.19792
2.18795
2.17761
2.16632
2.15125
2.12335
2.07002
2.02092
2.00306
1.99263
1.98226
1.97238
1.9639
1.95552
1.94155
1.9114
1.85338
1.84061
1
1
1
1
1
1
1
1
1
1
1
1
1
1
1
1
1
1
1
1
1
1
1
1
1
1
1
1
1
1
1.00059
1.09368
2.1149
4.26735
9.07529
18.9792
30.6733
41.7434
50.5573
50.0091
43.6378
35.6751
30.5196
29.1464
29.4738
29.1919
28.3959
26.9393
24.9147
23.7384
23.32
22.8859
22.384
21.9472
21.435
20.7807
19.8564
18.6451
17.7251
17.2175
16.8432
16.5146
16.2153
15.9071
15.5296
14.9775
14.2177
13.5636
13.1888
12.9294
12.704
12.4941
12.2775
12.0129
11.6364
11.1088
10.5948
10.3037
10.1373
9.99578
9.85552
9.70617
9.52992
9.28818
8.93109
8.54511
8.32463
8.20525
8.10108
7.99655
7.88828
7.76489
7.59855
7.34652
7.03264
6.81065
6.70539
6.63377
6.56471
6.49017
6.40247
6.28968
6.12847
5.90864
5.72612
5.64093
5.58898
5.54113
5.49133
5.43532
5.36566
5.26187
5.09336
4.91038
4.81038
4.75575
4.71051
4.66876
4.62758
4.57964
4.50836
4.38648
4.22335
4.11627
4.07277
4.04437
4.02001
3.99708
3.97119
3.93275
3.86234
3.72158
3.57024
3.52977
3.51482
3.49982
3.48522
3.4695
3.45093
3.42151
3.35715
3.23499
3.14157
3.11547
3.09954
3.0814
3.06169
3.0415
3.01941
2.98987
2.93643
2.83701
2.74791
2.71996
2.70643
2.69343
2.68018
2.66538
2.64656
2.61849
2.5671
2.48582
2.43358
2.4187
2.40807
2.39645
2.38519
2.37398
2.36
2.33704
2.29259
2.22491
2.1827
2.17062
2.16223
2.15311
2.14307
2.13153
2.11604
2.0874
2.03295
1.98609
1.97117
1.96148
1.95021
1.9395
1.93171
1.92443
1.91158
1.88021
1.82731
1.79616
)
;

boundaryField
{
    inlet
    {
        type            fixedValue;
        value           uniform 1;
    }
    outlet
    {
        type            zeroGradient;
    }
    bottom
    {
        type            symmetryPlane;
    }
    top
    {
        type            symmetryPlane;
    }
    obstacle
    {
        type            zeroGradient;
    }
    defaultFaces
    {
        type            empty;
    }
}


// ************************************************************************* //
