/*--------------------------------*- C++ -*----------------------------------*\
  =========                 |
  \\      /  F ield         | OpenFOAM: The Open Source CFD Toolbox
   \\    /   O peration     | Website:  https://openfoam.org
    \\  /    A nd           | Version:  7
     \\/     M anipulation  |
\*---------------------------------------------------------------------------*/
FoamFile
{
    version     2.0;
    format      ascii;
    class       volScalarField;
    location    "3.6";
    object      rho;
}
// * * * * * * * * * * * * * * * * * * * * * * * * * * * * * * * * * * * * * //

dimensions      [1 -3 0 0 0 0 0];

internalField   nonuniform List<scalar> 
18432
(
1.40001
1.40001
1.40001
1.40001
1.40001
1.40001
1.40001
1.40001
1.40001
1.40001
1.40001
1.40001
1.40001
1.40001
1.40001
1.40001
1.40001
1.40001
1.40001
1.40001
1.40001
1.40001
1.40001
1.40001
1.40001
1.40001
1.40001
1.40001
1.40001
1.40001
1.40001
1.40001
1.40001
1.40001
1.40001
1.40001
1.40001
1.40001
1.40001
1.40001
1.40001
1.40001
1.40001
1.40001
1.40001
1.40001
1.40001
1.40001
1.40001
1.40001
1.40001
1.40001
1.40001
1.40001
1.40001
1.40001
1.40001
1.40001
1.40001
2.90158
6.6328
7.04183
7.04544
7.06767
7.09045
7.11682
7.14579
7.17734
7.21066
7.24403
7.27564
7.30373
7.32565
7.34
7.34927
7.35905
7.3741
7.39427
7.41578
7.43606
7.45326
7.46583
7.47523
7.48432
7.49466
7.50594
7.51724
7.52777
7.53698
7.54469
7.55105
7.55637
7.5611
7.56548
7.56941
7.57279
1.40001
1.40001
1.40001
1.40001
1.40001
1.40001
1.40001
1.40001
1.40001
1.40001
1.40001
1.40001
1.40001
1.40001
1.40001
1.40001
1.40001
1.40001
1.40001
1.40001
1.40001
1.40001
1.40001
1.40001
1.40001
1.40001
1.40001
1.40001
1.40001
1.40001
1.40001
1.40001
1.40001
1.40001
1.40001
1.40001
1.40001
1.40001
1.40001
1.40001
1.40001
1.40001
1.40001
1.40001
1.40001
1.40001
1.40001
1.40001
1.40001
1.40001
1.40001
1.40001
1.40001
1.40001
1.40001
1.40001
1.40001
1.40001
1.40001
2.87499
6.60742
7.03904
7.04557
7.06834
7.09106
7.11726
7.1462
7.17778
7.21109
7.24435
7.27578
7.30366
7.32548
7.33987
7.34922
7.35906
7.37417
7.39427
7.4156
7.43576
7.45282
7.46524
7.47452
7.48349
7.49371
7.50487
7.51606
7.52649
7.53558
7.54317
7.54942
7.55467
7.55938
7.56377
7.56773
7.57111
1.40001
1.40001
1.40001
1.40001
1.40001
1.40001
1.40001
1.40001
1.40001
1.40001
1.40001
1.40001
1.40001
1.40001
1.40001
1.40001
1.40001
1.40001
1.40001
1.40001
1.40001
1.40001
1.40001
1.40001
1.40001
1.40001
1.40001
1.40001
1.40001
1.40001
1.40001
1.40001
1.40001
1.40001
1.40001
1.40001
1.40001
1.40001
1.40001
1.40001
1.40001
1.40001
1.40001
1.40001
1.40001
1.40001
1.40001
1.40001
1.40001
1.40001
1.40001
1.40001
1.40001
1.40001
1.40001
1.40001
1.40001
1.40001
1.40001
2.81768
6.57653
7.03601
7.04367
7.06732
7.09013
7.11624
7.14511
7.17667
7.20997
7.24313
7.27435
7.30196
7.32355
7.33786
7.3473
7.35736
7.37275
7.39296
7.41425
7.43436
7.45129
7.46359
7.47282
7.4818
7.49199
7.50307
7.51415
7.52444
7.53336
7.54076
7.54683
7.55192
7.55653
7.56089
7.56486
7.5682
1.40001
1.40001
1.40001
1.40001
1.40001
1.40001
1.40001
1.40001
1.40001
1.40001
1.40001
1.40001
1.40001
1.40001
1.40001
1.40001
1.40001
1.40001
1.40001
1.40001
1.40001
1.40001
1.40001
1.40001
1.40001
1.40001
1.40001
1.40001
1.40001
1.40001
1.40001
1.40001
1.40001
1.40001
1.40001
1.40001
1.40001
1.40001
1.40001
1.40001
1.40001
1.40001
1.40001
1.40001
1.40001
1.40001
1.40001
1.40001
1.40001
1.40001
1.40001
1.40001
1.40001
1.40001
1.40001
1.40001
1.40001
1.40001
1.40001
2.73208
6.54248
7.03996
7.0455
7.06844
7.09072
7.11645
7.1449
7.17621
7.20936
7.2424
7.27349
7.30095
7.32235
7.33647
7.34588
7.35611
7.37168
7.39187
7.41302
7.43294
7.44951
7.46144
7.47042
7.47927
7.48934
7.50026
7.51118
7.52128
7.52998
7.53716
7.54302
7.54796
7.55249
7.55683
7.56079
7.56406
1.40001
1.40001
1.40001
1.40001
1.40001
1.40001
1.40001
1.40001
1.40001
1.40001
1.40001
1.40001
1.40001
1.40001
1.40001
1.40001
1.40001
1.40001
1.40001
1.40001
1.40001
1.40001
1.40001
1.40001
1.40001
1.40001
1.40001
1.40001
1.40001
1.40001
1.40001
1.40001
1.40001
1.40001
1.40001
1.40001
1.40001
1.40001
1.40001
1.40001
1.40001
1.40001
1.40001
1.40001
1.40001
1.40001
1.40001
1.40001
1.40001
1.40001
1.40001
1.40001
1.40001
1.40001
1.40001
1.40001
1.40001
1.40001
1.40001
2.61593
6.49803
7.04883
7.04994
7.07095
7.09177
7.11656
7.14418
7.17487
7.20768
7.24061
7.27169
7.29917
7.32055
7.33462
7.34397
7.35419
7.36974
7.38989
7.41103
7.43087
7.44719
7.45882
7.46757
7.47627
7.4862
7.49694
7.5076
7.51736
7.52569
7.5325
7.53807
7.54281
7.54726
7.5516
7.55556
7.55873
1.40001
1.40001
1.40001
1.40001
1.40001
1.40001
1.40001
1.40001
1.40001
1.40001
1.40001
1.40001
1.40001
1.40001
1.40001
1.40001
1.40001
1.40001
1.40001
1.40001
1.40001
1.40001
1.40001
1.40001
1.40001
1.40001
1.40001
1.40001
1.40001
1.40001
1.40001
1.40001
1.40001
1.40001
1.40001
1.40001
1.40001
1.40001
1.40001
1.40001
1.40001
1.40001
1.40001
1.40001
1.40001
1.40001
1.40001
1.40001
1.40001
1.40001
1.40001
1.40001
1.40001
1.40001
1.40001
1.40001
1.40001
1.40001
1.40001
2.47352
6.4264
7.0534
7.05433
7.07461
7.09377
7.11701
7.14323
7.17287
7.20505
7.23781
7.26902
7.29676
7.31846
7.33277
7.34211
7.35206
7.36723
7.38718
7.40831
7.42807
7.44421
7.45561
7.46411
7.47263
7.48242
7.49301
7.50344
7.51283
7.52068
7.52702
7.53219
7.53668
7.54102
7.54531
7.54921
7.55225
1.40001
1.40001
1.40001
1.40001
1.40001
1.40001
1.40001
1.40001
1.40001
1.40001
1.40001
1.40001
1.40001
1.40001
1.40001
1.40001
1.40001
1.40001
1.40001
1.40001
1.40001
1.40001
1.40001
1.40001
1.40001
1.40001
1.40001
1.40001
1.40001
1.40001
1.40001
1.40001
1.40001
1.40001
1.40001
1.40001
1.40001
1.40001
1.40001
1.40001
1.40001
1.40001
1.40001
1.40001
1.40001
1.40001
1.40001
1.40001
1.40001
1.40001
1.40001
1.40001
1.40001
1.40001
1.40001
1.40001
1.40001
1.40001
1.40001
2.32019
6.32582
7.05329
7.05736
7.07841
7.09638
7.11767
7.14199
7.17037
7.20194
7.23459
7.26594
7.29395
7.31607
7.33076
7.34016
7.34968
7.36423
7.3838
7.40479
7.42443
7.4405
7.45178
7.46009
7.46839
7.478
7.48843
7.49862
7.50763
7.51499
7.52081
7.52558
7.52979
7.53396
7.53812
7.54185
7.54466
1.40001
1.40001
1.40001
1.40001
1.40001
1.40001
1.40001
1.40001
1.40001
1.40001
1.40001
1.40001
1.40001
1.40001
1.40001
1.40001
1.40001
1.40001
1.40001
1.40001
1.40001
1.40001
1.40001
1.40001
1.40001
1.40001
1.40001
1.40001
1.40001
1.40001
1.40001
1.40001
1.40001
1.40001
1.40001
1.40001
1.40001
1.40001
1.40001
1.40001
1.40001
1.40001
1.40001
1.40001
1.40001
1.40001
1.40001
1.40001
1.40001
1.40001
1.40001
1.40001
1.40001
1.40001
1.40001
1.40001
1.40001
1.40001
1.40001
2.16221
6.19221
7.04378
7.05557
7.07935
7.09693
7.11758
7.14086
7.16837
7.1992
7.23119
7.26197
7.28968
7.31188
7.32701
7.33685
7.34642
7.36053
7.37964
7.40036
7.41976
7.43573
7.44699
7.4552
7.46331
7.47274
7.483
7.49295
7.50157
7.50844
7.51379
7.51822
7.52223
7.52621
7.53016
7.53359
7.53609
1.40001
1.40001
1.40001
1.40001
1.40001
1.40001
1.40001
1.40001
1.40001
1.40001
1.40001
1.40001
1.40001
1.40001
1.40001
1.40001
1.40001
1.40001
1.40001
1.40001
1.40001
1.40001
1.40001
1.40001
1.40001
1.40001
1.40001
1.40001
1.40001
1.40001
1.40001
1.40001
1.40001
1.40001
1.40001
1.40001
1.40001
1.40001
1.40001
1.40001
1.40001
1.40001
1.40001
1.40001
1.40001
1.40001
1.40001
1.40001
1.40001
1.40001
1.40001
1.40001
1.40001
1.40001
1.40001
1.40001
1.40001
1.40001
1.40001
2.00285
6.02695
7.03179
7.05023
7.07786
7.09672
7.1179
7.14018
7.16585
7.19495
7.22571
7.25558
7.28295
7.30587
7.32254
7.33375
7.34361
7.35688
7.37479
7.39462
7.41349
7.42938
7.44091
7.44933
7.45741
7.46666
7.4767
7.48633
7.49451
7.50091
7.50586
7.51004
7.51391
7.51769
7.52136
7.5244
7.52658
1.40001
1.40001
1.40001
1.40001
1.40001
1.40001
1.40001
1.40001
1.40001
1.40001
1.40001
1.40001
1.40001
1.40001
1.40001
1.40001
1.40001
1.40001
1.40001
1.40001
1.40001
1.40001
1.40001
1.40001
1.40001
1.40001
1.40001
1.40001
1.40001
1.40001
1.40001
1.40001
1.40001
1.40001
1.40001
1.40001
1.40001
1.40001
1.40001
1.40001
1.40001
1.40001
1.40001
1.40001
1.40001
1.40001
1.40001
1.40001
1.40001
1.40001
1.40001
1.40001
1.40001
1.40001
1.40001
1.40001
1.40001
1.40001
1.40001
1.83882
5.84119
7.03294
7.04511
7.0763
7.09578
7.11714
7.13858
7.16273
7.19004
7.21936
7.24879
7.27636
7.29977
7.31721
7.32911
7.33907
7.35155
7.36835
7.38756
7.40632
7.42239
7.43426
7.44282
7.45069
7.45957
7.46923
7.47847
7.48625
7.49228
7.49696
7.50098
7.50475
7.50831
7.51165
7.51426
7.51615
1.40001
1.40001
1.40001
1.40001
1.40001
1.40001
1.40001
1.40001
1.40001
1.40001
1.40001
1.40001
1.40001
1.40001
1.40001
1.40001
1.40001
1.40001
1.40001
1.40001
1.40001
1.40001
1.40001
1.40001
1.40001
1.40001
1.40001
1.40001
1.40001
1.40001
1.40001
1.40001
1.40001
1.40001
1.40001
1.40001
1.40001
1.40001
1.40001
1.40001
1.40001
1.40001
1.40001
1.40001
1.40001
1.40001
1.40001
1.40001
1.40001
1.40001
1.40001
1.40001
1.40001
1.40001
1.40001
1.40001
1.40001
1.40001
1.40001
1.67877
5.63882
7.04678
7.03432
7.06781
7.08966
7.11312
7.13534
7.15894
7.18514
7.21324
7.24168
7.26847
7.29169
7.30983
7.32289
7.3336
7.346
7.36215
7.38065
7.39875
7.41437
7.42615
7.43475
7.44249
7.45112
7.46047
7.46937
7.47679
7.48252
7.48699
7.4909
7.49458
7.49788
7.50089
7.50311
7.50481
1.40001
1.40001
1.40001
1.40001
1.40001
1.40001
1.40001
1.40001
1.40001
1.40001
1.40001
1.40001
1.40001
1.40001
1.40001
1.40001
1.40001
1.40001
1.40001
1.40001
1.40001
1.40001
1.40001
1.40001
1.40001
1.40001
1.40001
1.40001
1.40001
1.40001
1.40001
1.40001
1.40001
1.40001
1.40001
1.40001
1.40001
1.40001
1.40001
1.40001
1.40001
1.40001
1.40001
1.40001
1.40001
1.40001
1.40001
1.40001
1.40001
1.40001
1.40001
1.40001
1.40001
1.40001
1.40001
1.40001
1.40001
1.40001
1.40001
1.52653
5.39307
7.03804
7.02142
7.05247
7.07751
7.10375
7.12854
7.15327
7.17874
7.20524
7.23224
7.25816
7.28133
7.30046
7.31523
7.32738
7.34004
7.35534
7.37267
7.38983
7.40496
7.41679
7.42564
7.43342
7.44174
7.45062
7.45902
7.46604
7.47155
7.47592
7.47975
7.4833
7.48628
7.48895
7.49081
7.49237
1.40001
1.40001
1.40001
1.40001
1.40001
1.40001
1.40001
1.40001
1.40001
1.40001
1.40001
1.40001
1.40001
1.40001
1.40001
1.40001
1.40001
1.40001
1.40001
1.40001
1.40001
1.40001
1.40001
1.40001
1.40001
1.40001
1.40001
1.40001
1.40001
1.40001
1.40001
1.40001
1.40001
1.40001
1.40001
1.40001
1.40001
1.40001
1.40001
1.40001
1.40001
1.40001
1.40001
1.40001
1.40001
1.40001
1.40001
1.40001
1.40001
1.40001
1.40001
1.40001
1.40001
1.40001
1.40001
1.40001
1.40001
1.40001
1.40001
1.40478
5.10557
6.97793
6.99649
7.02975
7.06009
7.08988
7.11762
7.14341
7.16876
7.19467
7.2209
7.24626
7.2695
7.28967
7.3061
7.31968
7.33271
7.34737
7.3637
7.38003
7.39471
7.40652
7.41547
7.42308
7.43093
7.4392
7.4471
7.45384
7.45925
7.4636
7.46733
7.47069
7.47332
7.4757
7.47731
7.47883
1.40001
1.40001
1.40001
1.40001
1.40001
1.40001
1.40001
1.40001
1.40001
1.40001
1.40001
1.40001
1.40001
1.40001
1.40001
1.40001
1.40001
1.40001
1.40001
1.40001
1.40001
1.40001
1.40001
1.40001
1.40001
1.40001
1.40001
1.40001
1.40001
1.40001
1.40001
1.40001
1.40001
1.40001
1.40001
1.40001
1.40001
1.40001
1.40001
1.40001
1.40001
1.40001
1.40001
1.40001
1.40001
1.40001
1.40001
1.40001
1.40001
1.40001
1.40001
1.40001
1.40001
1.40001
1.40001
1.40001
1.40001
1.40001
1.40001
1.40002
4.7528
6.89391
6.965
7.00381
7.03965
7.07109
7.10128
7.12931
7.15618
7.18217
7.20732
7.23209
7.25548
7.27647
7.29444
7.30967
7.32357
7.33805
7.35364
7.3692
7.38334
7.39498
7.40393
7.41138
7.41879
7.42651
7.43395
7.44044
7.44575
7.44999
7.45351
7.45657
7.45882
7.46094
7.46236
7.46386
1.40001
1.40001
1.40001
1.40001
1.40001
1.40001
1.40001
1.40001
1.40001
1.40001
1.40001
1.40001
1.40001
1.40001
1.40001
1.40001
1.40001
1.40001
1.40001
1.40001
1.40001
1.40001
1.40001
1.40001
1.40001
1.40001
1.40001
1.40001
1.40001
1.40001
1.40001
1.40001
1.40001
1.40001
1.40001
1.40001
1.40001
1.40001
1.40001
1.40001
1.40001
1.40001
1.40001
1.40001
1.40001
1.40001
1.40001
1.40001
1.40001
1.40001
1.40001
1.40001
1.40001
1.40001
1.40001
1.40001
1.40001
1.40001
1.40001
1.40001
4.33981
6.8221
6.93567
6.97753
7.01912
7.05359
7.08404
7.11137
7.138
7.16399
7.18969
7.21458
7.23822
7.26021
7.27983
7.29689
7.312
7.32671
7.34181
7.35672
7.37039
7.38188
7.39087
7.39822
7.40521
7.41234
7.41928
7.42544
7.43058
7.43468
7.43798
7.44076
7.44269
7.44467
7.44598
7.44748
1.40001
1.40001
1.40001
1.40001
1.40001
1.40001
1.40001
1.40001
1.40001
1.40001
1.40001
1.40001
1.40001
1.40001
1.40001
1.40001
1.40001
1.40001
1.40001
1.40001
1.40001
1.40001
1.40001
1.40001
1.40001
1.40001
1.40001
1.40001
1.40001
1.40001
1.40001
1.40001
1.40001
1.40001
1.40001
1.40001
1.40001
1.40001
1.40001
1.40001
1.40001
1.40001
1.40001
1.40001
1.40001
1.40001
1.40001
1.40001
1.40001
1.40001
1.40001
1.40001
1.40001
1.40001
1.40001
1.40001
1.40001
1.40001
1.40001
1.40001
3.89829
6.76724
6.91781
6.96348
7.00074
7.03491
7.06705
7.09585
7.12232
7.14707
7.17142
7.19569
7.21953
7.24182
7.2625
7.2811
7.29753
7.31284
7.32783
7.34239
7.35578
7.36722
7.37627
7.38352
7.39014
7.39674
7.40319
7.409
7.41391
7.41776
7.42074
7.42315
7.42471
7.42652
7.42764
7.42907
1.40001
1.40001
1.40001
1.40001
1.40001
1.40001
1.40001
1.40001
1.40001
1.40001
1.40001
1.40001
1.40001
1.40001
1.40001
1.40001
1.40001
1.40001
1.40001
1.40001
1.40001
1.40001
1.40001
1.40001
1.40001
1.40001
1.40001
1.40001
1.40001
1.40001
1.40001
1.40001
1.40001
1.40001
1.40001
1.40001
1.40001
1.40001
1.40001
1.40001
1.40001
1.40001
1.40001
1.40001
1.40001
1.40001
1.40001
1.40001
1.40001
1.40001
1.40001
1.40001
1.40001
1.40001
1.40001
1.40001
1.40001
1.40001
1.40001
1.40001
3.42203
6.69329
6.92517
6.9576
6.99232
7.02424
7.05255
7.07891
7.10536
7.13025
7.15392
7.17733
7.19999
7.22204
7.24267
7.26218
7.27979
7.29592
7.31123
7.32579
7.33913
7.3506
7.35974
7.36695
7.37327
7.37938
7.38531
7.39068
7.39522
7.39871
7.40136
7.40347
7.40476
7.40648
7.40746
7.40883
1.40001
1.40001
1.40001
1.40001
1.40001
1.40001
1.40001
1.40001
1.40001
1.40001
1.40001
1.40001
1.40001
1.40001
1.40001
1.40001
1.40001
1.40001
1.40001
1.40001
1.40001
1.40001
1.40001
1.40001
1.40001
1.40001
1.40001
1.40001
1.40001
1.40001
1.40001
1.40001
1.40001
1.40001
1.40001
1.40001
1.40001
1.40001
1.40001
1.40001
1.40001
1.40001
1.40001
1.40001
1.40001
1.40001
1.40001
1.40001
1.40001
1.40001
1.40001
1.40001
1.40001
1.40001
1.40001
1.40001
1.40001
1.40001
1.40001
1.40001
2.93264
6.53803
6.97743
6.97857
7.00338
7.02584
7.04884
7.07183
7.093
7.11371
7.13539
7.15841
7.18075
7.20176
7.22192
7.24098
7.25917
7.27605
7.29183
7.30668
7.32019
7.33182
7.34113
7.3484
7.35455
7.36029
7.36575
7.37063
7.37468
7.37769
7.37988
7.38159
7.38249
7.384
7.38467
7.38584
1.40001
1.40001
1.40001
1.40001
1.40001
1.40001
1.40001
1.40001
1.40001
1.40001
1.40001
1.40001
1.40001
1.40001
1.40001
1.40001
1.40001
1.40001
1.40001
1.40001
1.40001
1.40001
1.40001
1.40001
1.40001
1.40001
1.40001
1.40001
1.40001
1.40001
1.40001
1.40001
1.40001
1.40001
1.40001
1.40001
1.40001
1.40001
1.40001
1.40001
1.40001
1.40001
1.40001
1.40001
1.40001
1.40001
1.40001
1.40001
1.40001
1.40001
1.40001
1.40001
1.40001
1.40001
1.40001
1.40001
1.40001
1.40001
1.40001
1.40001
2.4389
6.28664
7.04193
7.02527
7.03717
7.04266
7.05545
7.07154
7.08907
7.10644
7.12325
7.14107
7.16085
7.18109
7.2003
7.21919
7.23676
7.25358
7.26979
7.28497
7.29875
7.31061
7.32014
7.32754
7.3336
7.33899
7.34391
7.34815
7.35155
7.35397
7.35572
7.3571
7.35771
7.35908
7.3595
7.36053
1.40001
1.40001
1.40001
1.40001
1.40001
1.40001
1.40001
1.40001
1.40001
1.40001
1.40001
1.40001
1.40001
1.40001
1.40001
1.40001
1.40001
1.40001
1.40001
1.40001
1.40001
1.40001
1.40001
1.40001
1.40001
1.40001
1.40001
1.40001
1.40001
1.40001
1.40001
1.40001
1.40001
1.40001
1.40001
1.40001
1.40001
1.40001
1.40001
1.40001
1.40001
1.40001
1.40001
1.40001
1.40001
1.40001
1.40001
1.40001
1.40001
1.40001
1.40001
1.40001
1.40001
1.40001
1.40001
1.40001
1.40001
1.40001
1.40001
1.40001
1.91168
6.0362
7.14435
7.06497
7.07844
7.07489
7.07657
7.08301
7.09279
7.10357
7.11606
7.13029
7.14548
7.16128
7.1782
7.19551
7.21331
7.22968
7.24532
7.26075
7.27474
7.28685
7.29666
7.30426
7.31032
7.31545
7.31989
7.32351
7.32618
7.32788
7.32899
7.32981
7.32992
7.33086
7.33082
7.33153
1.40001
1.40001
1.40001
1.40001
1.40001
1.40001
1.40001
1.40001
1.40001
1.40001
1.40001
1.40001
1.40001
1.40001
1.40001
1.40001
1.40001
1.40001
1.40001
1.40001
1.40001
1.40001
1.40001
1.40001
1.40001
1.40001
1.40001
1.40001
1.40001
1.40001
1.40001
1.40001
1.40001
1.40001
1.40001
1.40001
1.40001
1.40001
1.40001
1.40001
1.40001
1.40001
1.40001
1.40001
1.40001
1.40001
1.40001
1.40001
1.40001
1.40001
1.40001
1.40001
1.40001
1.40001
1.40001
1.40001
1.40001
1.40001
1.40001
1.40001
1.45634
5.5268
7.15478
7.07844
7.07742
7.0837
7.09221
7.09766
7.10256
7.1091
7.11601
7.12388
7.13422
7.14644
7.15921
7.17288
7.18792
7.204
7.2193
7.23407
7.24807
7.26034
7.27041
7.27824
7.2843
7.28913
7.29297
7.29577
7.29749
7.29829
7.29867
7.29891
7.29865
7.29934
7.29909
7.2997
1.40001
1.40001
1.40001
1.40001
1.40001
1.40001
1.40001
1.40001
1.40001
1.40001
1.40001
1.40001
1.40001
1.40001
1.40001
1.40001
1.40001
1.40001
1.40001
1.40001
1.40001
1.40001
1.40001
1.40001
1.40001
1.40001
1.40001
1.40001
1.40001
1.40001
1.40001
1.40001
1.40001
1.40001
1.40001
1.40001
1.40001
1.40001
1.40001
1.40001
1.40001
1.40001
1.40001
1.40001
1.40001
1.40001
1.40001
1.40001
1.40001
1.40001
1.40001
1.40001
1.40001
1.40001
1.40001
1.40001
1.40001
1.40001
1.40001
1.40001
1.39991
4.92697
6.9713
6.96352
7.02095
7.05969
7.0839
7.10138
7.11309
7.11791
7.12102
7.12369
7.12798
7.13459
7.14344
7.15363
7.16498
7.17765
7.19135
7.20554
7.21894
7.23101
7.24123
7.24927
7.25538
7.25994
7.26323
7.26525
7.26602
7.26584
7.26518
7.26438
7.26329
7.26327
7.26254
7.26278
1.40001
1.40001
1.40001
1.40001
1.40001
1.40001
1.40001
1.40001
1.40001
1.40001
1.40001
1.40001
1.40001
1.40001
1.40001
1.40001
1.40001
1.40001
1.40001
1.40001
1.40001
1.40001
1.40001
1.40001
1.40001
1.40001
1.40001
1.40001
1.40001
1.40001
1.40001
1.40001
1.40001
1.40001
1.40001
1.40001
1.40001
1.40001
1.40001
1.40001
1.40001
1.40001
1.40001
1.40001
1.40001
1.40001
1.40001
1.40001
1.40001
1.40001
1.40001
1.40001
1.40001
1.40001
1.40001
1.40001
1.40001
1.40001
1.40001
1.40001
1.39999
4.25034
6.7693
6.91126
6.98184
7.02783
7.06558
7.09266
7.10881
7.12164
7.12604
7.12668
7.12667
7.12803
7.13149
7.13691
7.14432
7.15334
7.1638
7.17533
7.18787
7.19918
7.20906
7.2171
7.22314
7.22733
7.22985
7.23078
7.2303
7.22878
7.22685
7.22497
7.22316
7.2226
7.22159
7.22178
1.40001
1.40001
1.40001
1.40001
1.40001
1.40001
1.40001
1.40001
1.40001
1.40001
1.40001
1.40001
1.40001
1.40001
1.40001
1.40001
1.40001
1.40001
1.40001
1.40001
1.40001
1.40001
1.40001
1.40001
1.40001
1.40001
1.40001
1.40001
1.40001
1.40001
1.40001
1.40001
1.40001
1.40001
1.40001
1.40001
1.40001
1.40001
1.40001
1.40001
1.40001
1.40001
1.40001
1.40001
1.40001
1.40001
1.40001
1.40001
1.40001
1.40001
1.40001
1.40001
1.40001
1.40001
1.40001
1.40001
1.40001
1.40001
1.40001
1.40001
1.4
3.60252
6.5755
6.83742
6.93177
6.99873
7.04029
7.07082
7.09796
7.11292
7.12387
7.12773
7.12693
7.12493
7.1236
7.12387
7.12606
7.13062
7.1372
7.14563
7.15536
7.16548
7.17438
7.18194
7.18763
7.19124
7.19289
7.19279
7.19104
7.18814
7.18457
7.18099
7.17761
7.17552
7.17339
7.1729
1.40001
1.40001
1.40001
1.40001
1.40001
1.40001
1.40001
1.40001
1.40001
1.40001
1.40001
1.40001
1.40001
1.40001
1.40001
1.40001
1.40001
1.40001
1.40001
1.40001
1.40001
1.40001
1.40001
1.40001
1.40001
1.40001
1.40001
1.40001
1.40001
1.40001
1.40001
1.40001
1.40001
1.40001
1.40001
1.40001
1.40001
1.40001
1.40001
1.40001
1.40001
1.40001
1.40001
1.40001
1.40001
1.40001
1.40001
1.40001
1.40001
1.40001
1.40001
1.40001
1.40001
1.40001
1.40001
1.40001
1.40001
1.40001
1.40001
1.40001
1.40001
2.95022
6.34517
6.86104
6.93705
6.98239
7.0174
7.04634
7.07251
7.09448
7.11083
7.12045
7.12348
7.12154
7.11793
7.11378
7.11092
7.11007
7.11174
7.11611
7.12269
7.12996
7.13758
7.14381
7.14846
7.15121
7.15176
7.15006
7.14637
7.14123
7.1353
7.12968
7.12477
7.12146
7.11862
7.11799
1.40001
1.40001
1.40001
1.40001
1.40001
1.40001
1.40001
1.40001
1.40001
1.40001
1.40001
1.40001
1.40001
1.40001
1.40001
1.40001
1.40001
1.40001
1.40001
1.40001
1.40001
1.40001
1.40001
1.40001
1.40001
1.40001
1.40001
1.40001
1.40001
1.40001
1.40001
1.40001
1.40001
1.40001
1.40001
1.40001
1.40001
1.40001
1.40001
1.40001
1.40001
1.40001
1.40001
1.40001
1.40001
1.40001
1.40001
1.40001
1.40001
1.40001
1.40001
1.40001
1.40001
1.40001
1.40001
1.40001
1.40001
1.40001
1.40001
1.40001
1.40001
2.21489
6.07851
6.99174
6.9648
6.97999
7.00068
7.02622
7.04889
7.06998
7.08886
7.10451
7.11317
7.11523
7.11209
7.10617
7.09886
7.09249
7.08846
7.08779
7.0899
7.09373
7.09872
7.10313
7.10627
7.10744
7.10627
7.10269
7.09697
7.08957
7.08111
7.07254
7.0643
7.05773
7.05252
7.05014
1.40001
1.40001
1.40001
1.40001
1.40001
1.40001
1.40001
1.40001
1.40001
1.40001
1.40001
1.40001
1.40001
1.40001
1.40001
1.40001
1.40001
1.40001
1.40001
1.40001
1.40001
1.40001
1.40001
1.40001
1.40001
1.40001
1.40001
1.40001
1.40001
1.40001
1.40001
1.40001
1.40001
1.40001
1.40001
1.40001
1.40001
1.40001
1.40001
1.40001
1.40001
1.40001
1.40001
1.40001
1.40001
1.40001
1.40001
1.40001
1.40001
1.40001
1.40001
1.40001
1.40001
1.40001
1.40001
1.40001
1.40001
1.40001
1.40001
1.40001
1.40001
1.52711
5.58924
7.13991
7.02244
6.99089
6.99264
7.00679
7.02594
7.04655
7.06531
7.08054
7.0937
7.10053
7.10088
7.09585
7.08709
7.07656
7.06675
7.06046
7.05731
7.05686
7.05808
7.05974
7.06063
7.05953
7.0561
7.04994
7.04104
7.02973
7.01665
7.00348
6.99135
6.98195
6.97509
6.97236
1.40001
1.40001
1.40001
1.40001
1.40001
1.40001
1.40001
1.40001
1.40001
1.40001
1.40001
1.40001
1.40001
1.40001
1.40001
1.40001
1.40001
1.40001
1.40001
1.40001
1.40001
1.40001
1.40001
1.40001
1.40001
1.40001
1.40001
1.40001
1.40001
1.40001
1.40001
1.40001
1.40001
1.40001
1.40001
1.40001
1.40001
1.40001
1.40001
1.40001
1.40001
1.40001
1.40001
1.40001
1.40001
1.40001
1.40001
1.40001
1.40001
1.40001
1.40001
1.40001
1.40001
1.40001
1.40001
1.40001
1.40001
1.40001
1.40001
1.40001
1.40001
1.40002
4.83934
6.90996
6.92218
6.97044
6.98412
7.00028
7.01342
7.02693
7.04228
7.05748
7.06984
7.07977
7.08409
7.08223
7.07473
7.06216
7.04758
7.03485
7.02573
7.01999
7.01621
7.01392
7.01186
7.00792
7.00149
6.99174
6.97877
6.96309
6.94533
6.9269
6.90837
6.89137
6.87759
6.86937
1.40001
1.40001
1.40001
1.40001
1.40001
1.40001
1.40001
1.40001
1.40001
1.40001
1.40001
1.40001
1.40001
1.40001
1.40001
1.40001
1.40001
1.40001
1.40001
1.40001
1.40001
1.40001
1.40001
1.40001
1.40001
1.40001
1.40001
1.40001
1.40001
1.40001
1.40001
1.40001
1.40001
1.40001
1.40001
1.40001
1.40001
1.40001
1.40001
1.40001
1.40001
1.40001
1.40001
1.40001
1.40001
1.40001
1.40001
1.40001
1.40001
1.40001
1.40001
1.40001
1.40001
1.40001
1.40001
1.40001
1.40001
1.40001
1.40001
1.40001
1.40001
1.4
3.92237
6.65284
6.87065
6.94671
6.98326
7.00454
7.01275
7.01665
7.02357
7.03371
7.04468
7.0543
7.06074
7.0619
7.05666
7.04518
7.02865
7.01098
6.99524
6.98353
6.97419
6.96634
6.95973
6.95192
6.94153
6.92756
6.90945
6.88693
6.86016
6.83101
6.80165
6.77566
6.75565
6.74542
1.40001
1.40001
1.40001
1.40001
1.40001
1.40001
1.40001
1.40001
1.40001
1.40001
1.40001
1.40001
1.40001
1.40001
1.40001
1.40001
1.40001
1.40001
1.40001
1.40001
1.40001
1.40001
1.40001
1.40001
1.40001
1.40001
1.40001
1.40001
1.40001
1.40001
1.40001
1.40001
1.40001
1.40001
1.40001
1.40001
1.40001
1.40001
1.40001
1.40001
1.40001
1.40001
1.40001
1.40001
1.40001
1.40001
1.40001
1.40001
1.40001
1.40001
1.40001
1.40001
1.40001
1.40001
1.40001
1.40001
1.40001
1.40001
1.40001
1.40001
1.40001
1.4
3.05351
6.37979
6.87132
6.94098
6.98376
7.0016
7.00749
7.00981
7.01062
7.01388
7.0205
7.02779
7.03416
7.03726
7.0349
7.02535
7.00871
6.98736
6.96529
6.94692
6.93136
6.91737
6.90498
6.89274
6.87762
6.85779
6.83222
6.80088
6.76441
6.72451
6.68156
6.63779
6.597
6.56883
1.40001
1.40001
1.40001
1.40001
1.40001
1.40001
1.40001
1.40001
1.40001
1.40001
1.40001
1.40001
1.40001
1.40001
1.40001
1.40001
1.40001
1.40001
1.40001
1.40001
1.40001
1.40001
1.40001
1.40001
1.40001
1.40001
1.40001
1.40001
1.40001
1.40001
1.40001
1.40001
1.40001
1.40001
1.40001
1.40001
1.40001
1.40001
1.40001
1.40001
1.40001
1.40001
1.40001
1.40001
1.40001
1.40001
1.40001
1.40001
1.40001
1.40001
1.40001
1.40001
1.40001
1.40001
1.40001
1.40001
1.40001
1.40001
1.40001
1.40001
1.40001
1.4
2.13268
5.94019
6.95873
6.94819
6.97335
6.99011
7.0014
7.00445
7.00253
7.00012
6.99978
7.00179
7.00466
7.00632
7.00504
6.99769
6.98371
6.96286
6.93763
6.91281
6.89039
6.86958
6.84884
6.82909
6.80728
6.78077
6.74741
6.70566
6.65416
6.59192
6.51881
6.44036
6.37107
6.32126
1.40001
1.40001
1.40001
1.40001
1.40001
1.40001
1.40001
1.40001
1.40001
1.40001
1.40001
1.40001
1.40001
1.40001
1.40001
1.40001
1.40001
1.40001
1.40001
1.40001
1.40001
1.40001
1.40001
1.40001
1.40001
1.40001
1.40001
1.40001
1.40001
1.40001
1.40001
1.40001
1.40001
1.40001
1.40001
1.40001
1.40001
1.40001
1.40001
1.40001
1.40001
1.40001
1.40001
1.40001
1.40001
1.40001
1.40001
1.40001
1.40001
1.40001
1.40001
1.40001
1.40001
1.40001
1.40001
1.40001
1.40001
1.40001
1.40001
1.40001
1.40001
1.40001
1.49392
4.86184
7.02748
6.91862
6.94832
6.96762
6.98107
6.98946
6.99046
6.98694
6.9821
6.97869
6.97734
6.97668
6.97358
6.96566
6.95254
6.93287
6.90712
6.87839
6.84979
6.82203
6.79333
6.76461
6.73443
6.6995
6.65575
6.6013
6.53474
6.45398
6.3571
6.2449
6.12084
6.06147
1.40001
1.40001
1.40001
1.40001
1.40001
1.40001
1.40001
1.40001
1.40001
1.40001
1.40001
1.40001
1.40001
1.40001
1.40001
1.40001
1.40001
1.40001
1.40001
1.40001
1.40001
1.40001
1.40001
1.40001
1.40001
1.40001
1.40001
1.40001
1.40001
1.40001
1.40001
1.40001
1.40001
1.40001
1.40001
1.40001
1.40001
1.40001
1.40001
1.40001
1.40001
1.40001
1.40001
1.40001
1.40001
1.40001
1.40001
1.40001
1.40001
1.40001
1.40001
1.40001
1.40001
1.40001
1.40001
1.40001
1.40001
1.40001
1.40001
1.40001
1.40001
1.40001
1.40072
2.14655
6.0629
6.95281
6.94054
6.93786
6.93995
6.9395
6.9395
6.93457
6.92765
6.9185
6.9079
6.89769
6.88683
6.8748
6.86001
6.84053
6.81466
6.78232
6.74434
6.70201
6.65512
6.60569
6.55194
6.49377
6.42494
6.34315
6.23632
6.09944
5.90734
5.64449
5.15611
4.15578
1.40001
1.40001
1.40001
1.40001
1.40001
1.40001
1.40001
1.40001
1.40001
1.40001
1.40001
1.40001
1.40001
1.40001
1.40001
1.40001
1.40001
1.40001
1.40001
1.40001
1.40001
1.40001
1.40001
1.40001
1.40001
1.40001
1.40001
1.40001
1.40001
1.40001
1.40001
1.40001
1.40001
1.40001
1.40001
1.40001
1.40001
1.40001
1.40001
1.40001
1.40001
1.40001
1.40001
1.40001
1.40001
1.40001
1.40001
1.40001
1.40001
1.40001
1.40001
1.40001
1.40001
1.40001
1.40001
1.40001
1.40001
1.40001
1.40001
1.40001
1.40001
1.40001
1.40001
1.40709
2.35956
6.1883
6.94484
6.90112
6.87026
6.85475
6.84067
6.82781
6.81514
6.80014
6.78318
6.76403
6.743
6.71888
6.6936
6.66446
6.63165
6.59256
6.54609
6.49079
6.42553
6.35052
6.26405
6.16651
6.05385
5.92162
5.76194
5.56124
5.31923
4.95097
4.47174
3.8678
1.40001
1.40001
1.40001
1.40001
1.40001
1.40001
1.40001
1.40001
1.40001
1.40001
1.40001
1.40001
1.40001
1.40001
1.40001
1.40001
1.40001
1.40001
1.40001
1.40001
1.40001
1.40001
1.40001
1.40001
1.40001
1.40001
1.40001
1.40001
1.40001
1.40001
1.40001
1.40001
1.40001
1.40001
1.40001
1.40001
1.40001
1.40001
1.40001
1.40001
1.40001
1.40001
1.40001
1.40001
1.40001
1.40001
1.40001
1.40001
1.40001
1.40001
1.40001
1.40001
1.40001
1.40001
1.40001
1.40001
1.40001
1.40001
1.40001
1.40001
1.40001
1.40001
1.40001
1.40001
1.41537
2.03666
5.78425
6.84102
6.81457
6.76713
6.75769
6.73568
6.71389
6.68991
6.66469
6.63634
6.60495
6.57032
6.53167
6.4912
6.44462
6.39603
6.33883
6.27532
6.20049
6.11458
6.01457
5.8994
5.76774
5.61524
5.44261
5.23356
4.98749
4.68437
4.3606
3.97252
1.40001
1.40001
1.40001
1.40001
1.40001
1.40001
1.40001
1.40001
1.40001
1.40001
1.40001
1.40001
1.40001
1.40001
1.40001
1.40001
1.40001
1.40001
1.40001
1.40001
1.40001
1.40001
1.40001
1.40001
1.40001
1.40001
1.40001
1.40001
1.40001
1.40001
1.40001
1.40001
1.40001
1.40001
1.40001
1.40001
1.40001
1.40001
1.40001
1.40001
1.40001
1.40001
1.40001
1.40001
1.40001
1.40001
1.40001
1.40001
1.40001
1.40001
1.40001
1.40001
1.40001
1.40001
1.40001
1.40001
1.40001
1.40001
1.40001
1.40001
1.40001
1.40001
1.40001
1.40001
1.40002
1.40619
1.77414
4.71265
6.64812
6.70578
6.66568
6.65076
6.62178
6.58916
6.55451
6.51674
6.47678
6.43221
6.38404
6.33263
6.27561
6.2142
6.14778
6.07349
5.9935
5.90146
5.80247
5.68659
5.55665
5.40863
5.24408
5.05871
4.84835
4.62507
4.3932
4.11191
1.40001
1.40001
1.40001
1.40001
1.40001
1.40001
1.40001
1.40001
1.40001
1.40001
1.40001
1.40001
1.40001
1.40001
1.40001
1.40001
1.40001
1.40001
1.40001
1.40001
1.40001
1.40001
1.40001
1.40001
1.40001
1.40001
1.40001
1.40001
1.40001
1.40001
1.40001
1.40001
1.40001
1.40001
1.40001
1.40001
1.40001
1.40001
1.40001
1.40001
1.40001
1.40001
1.40001
1.40001
1.40001
1.40001
1.40001
1.40001
1.40001
1.40001
1.40001
1.40001
1.40001
1.40001
1.40001
1.40001
1.40001
1.40001
1.40001
1.40001
1.40001
1.40001
1.40001
1.40001
1.40001
1.40001
1.40191
1.60925
3.11153
6.28831
6.6979
6.65926
6.58181
6.55215
6.50094
6.45035
6.39814
6.34409
6.28558
6.22398
6.15765
6.0869
6.01126
5.92953
5.84232
5.7475
5.64489
5.53309
5.41115
5.27758
5.13522
4.97975
4.81017
4.63637
4.45007
4.25305
1.40001
1.40001
1.40001
1.40001
1.40001
1.40001
1.40001
1.40001
1.40001
1.40001
1.40001
1.40001
1.40001
1.40001
1.40001
1.40001
1.40001
1.40001
1.40001
1.40001
1.40001
1.40001
1.40001
1.40001
1.40001
1.40001
1.40001
1.40001
1.40001
1.40001
1.40001
1.40001
1.40001
1.40001
1.40001
1.40001
1.40001
1.40001
1.40001
1.40001
1.40001
1.40001
1.40001
1.40001
1.40001
1.40001
1.40001
1.40001
1.40001
1.40001
1.40001
1.40001
1.40001
1.40001
1.40001
1.40001
1.40001
1.40001
1.40001
1.40001
1.40001
1.40001
1.40001
1.40001
1.40001
1.40001
1.40001
1.40074
1.45676
2.03792
4.68253
6.53273
6.58048
6.52817
6.46036
6.41941
6.35756
6.29386
6.22665
6.15542
6.08133
6.00386
5.92237
5.83655
5.74626
5.6504
5.54932
5.44295
5.32934
5.2097
5.08541
4.95209
4.80961
4.66059
4.51171
4.36507
1.40001
1.40001
1.40001
1.40001
1.40001
1.40001
1.40001
1.40001
1.40001
1.40001
1.40001
1.40001
1.40001
1.40001
1.40001
1.40001
1.40001
1.40001
1.40001
1.40001
1.40001
1.40001
1.40001
1.40001
1.40001
1.40001
1.40001
1.40001
1.40001
1.40001
1.40001
1.40001
1.40001
1.40001
1.40001
1.40001
1.40001
1.40001
1.40001
1.40001
1.40001
1.40001
1.40001
1.40001
1.40001
1.40001
1.40001
1.40001
1.40001
1.40001
1.40001
1.40001
1.40001
1.40001
1.40001
1.40001
1.40001
1.40001
1.40001
1.40001
1.40001
1.40001
1.40001
1.40001
1.40001
1.40001
1.40001
1.40001
1.40011
1.40606
1.63794
2.49553
5.30599
6.51003
6.50646
6.43452
6.34531
6.28381
6.20626
6.12902
6.04861
5.96468
5.87868
5.78973
5.69786
5.60206
5.50334
5.4013
5.29473
5.18482
5.07131
4.95046
4.82252
4.695
4.56884
4.44609
1.40001
1.40001
1.40001
1.40001
1.40001
1.40001
1.40001
1.40001
1.40001
1.40001
1.40001
1.40001
1.40001
1.40001
1.40001
1.40001
1.40001
1.40001
1.40001
1.40001
1.40001
1.40001
1.40001
1.40001
1.40001
1.40001
1.40001
1.40001
1.40001
1.40001
1.40001
1.40001
1.40001
1.40001
1.40001
1.40001
1.40001
1.40001
1.40001
1.40001
1.40001
1.40001
1.40001
1.40001
1.40001
1.40001
1.40001
1.40001
1.40001
1.40001
1.40001
1.40001
1.40001
1.40001
1.40001
1.40001
1.40001
1.40001
1.40001
1.40001
1.40001
1.40001
1.40001
1.40001
1.40001
1.40001
1.40001
1.40001
1.40001
1.40001
1.40108
1.42118
1.79467
2.82212
5.51089
6.46508
6.45075
6.36681
6.24187
6.16955
6.08589
5.99882
5.90891
5.81438
5.71621
5.61727
5.51721
5.41581
5.31114
5.20306
5.09055
4.9745
4.85971
4.74745
4.63564
4.52503
1.40001
1.40001
1.40001
1.40001
1.40001
1.40001
1.40001
1.40001
1.40001
1.40001
1.40001
1.40001
1.40001
1.40001
1.40001
1.40001
1.40001
1.40001
1.40001
1.40001
1.40001
1.40001
1.40001
1.40001
1.40001
1.40001
1.40001
1.40001
1.40001
1.40001
1.40001
1.40001
1.40001
1.40001
1.40001
1.40001
1.40001
1.40001
1.40001
1.40001
1.40001
1.40001
1.40001
1.40001
1.40001
1.40001
1.40001
1.40001
1.40001
1.40001
1.40001
1.40001
1.40001
1.40001
1.40001
1.40001
1.40001
1.40001
1.40001
1.40001
1.40001
1.40001
1.40001
1.40001
1.40001
1.40001
1.40001
1.40001
1.40001
1.40001
1.40001
1.40002
1.4026
1.43818
1.87701
2.96542
5.32491
6.35194
6.36145
6.33286
6.17159
6.05712
5.95873
5.86329
5.77076
5.674
5.5743
5.46848
5.35924
5.24896
5.13974
5.03218
4.92735
4.82366
4.71882
4.61315
1.40001
1.40001
1.40001
1.40001
1.40001
1.40001
1.40001
1.40001
1.40001
1.40001
1.40001
1.40001
1.40001
1.40001
1.40001
1.40001
1.40001
1.40001
1.40001
1.40001
1.40001
1.40001
1.40001
1.40001
1.40001
1.40001
1.40001
1.40001
1.40001
1.40001
1.40001
1.40001
1.40001
1.40001
1.40001
1.40001
1.40001
1.40001
1.40001
1.40001
1.40001
1.40001
1.40001
1.40001
1.40001
1.40001
1.40001
1.40001
1.40001
1.40001
1.40001
1.40001
1.40001
1.40001
1.40001
1.40001
1.40001
1.40001
1.40001
1.40001
1.40001
1.40001
1.40001
1.40001
1.40001
1.40001
1.40001
1.40001
1.40001
1.40001
1.40001
1.40001
1.40001
1.40004
1.40365
1.44755
1.85394
2.87909
4.75615
6.28577
6.23108
6.18531
6.08321
5.96394
5.87516
5.77985
5.67076
5.5615
5.44983
5.34054
5.23429
5.13188
5.03125
4.92943
4.82522
4.72034
1.40001
1.40001
1.40001
1.40001
1.40001
1.40001
1.40001
1.40001
1.40001
1.40001
1.40001
1.40001
1.40001
1.40001
1.40001
1.40001
1.40001
1.40001
1.40001
1.40001
1.40001
1.40001
1.40001
1.40001
1.40001
1.40001
1.40001
1.40001
1.40001
1.40001
1.40001
1.40001
1.40001
1.40001
1.40001
1.40001
1.40001
1.40001
1.40001
1.40001
1.40001
1.40001
1.40001
1.40001
1.40001
1.40001
1.40001
1.40001
1.40001
1.40001
1.40001
1.40001
1.40001
1.40001
1.40001
1.40001
1.40001
1.40001
1.40001
1.40001
1.40001
1.40001
1.40001
1.40001
1.40001
1.40001
1.40001
1.40001
1.40001
1.40001
1.40001
1.40001
1.40001
1.40001
1.40001
1.40007
1.40325
1.44173
1.74087
2.62073
4.05684
5.73608
6.13527
6.14986
6.1399
5.96764
5.79642
5.66032
5.56358
5.47368
5.38112
5.28178
5.17593
5.06458
4.95239
4.84659
1.40001
1.40001
1.40001
1.40001
1.40001
1.40001
1.40001
1.40001
1.40001
1.40001
1.40001
1.40001
1.40001
1.40001
1.40001
1.40001
1.40001
1.40001
1.40001
1.40001
1.40001
1.40001
1.40001
1.40001
1.40001
1.40001
1.40001
1.40001
1.40001
1.40001
1.40001
1.40001
1.40001
1.40001
1.40001
1.40001
1.40001
1.40001
1.40001
1.40001
1.40001
1.40001
1.40001
1.40001
1.40001
1.40001
1.40001
1.40001
1.40001
1.40001
1.40001
1.40001
1.40001
1.40001
1.40001
1.40001
1.40001
1.40001
1.40001
1.40001
1.40001
1.40001
1.40001
1.40001
1.40001
1.40001
1.40001
1.40001
1.40001
1.40001
1.40001
1.40001
1.40001
1.40001
1.40001
1.40001
1.40001
1.40006
1.40198
1.42768
1.59542
2.23878
3.41725
4.79895
6.02957
6.08335
6.02732
5.93879
5.75096
5.62919
5.53907
5.44736
5.34455
5.2285
5.11014
5.00602
1.40001
1.40001
1.40001
1.40001
1.40001
1.40001
1.40001
1.40001
1.40001
1.40001
1.40001
1.40001
1.40001
1.40001
1.40001
1.40001
1.40001
1.40001
1.40001
1.40001
1.40001
1.40001
1.40001
1.40001
1.40001
1.40001
1.40001
1.40001
1.40001
1.40001
1.40001
1.40001
1.40001
1.40001
1.40001
1.40001
1.40001
1.40001
1.40001
1.40001
1.40001
1.40001
1.40001
1.40001
1.40001
1.40001
1.40001
1.40001
1.40001
1.40001
1.40001
1.40001
1.40001
1.40001
1.40001
1.40001
1.40001
1.40001
1.40001
1.40001
1.40001
1.40001
1.40001
1.40001
1.40001
1.40001
1.40001
1.40001
1.40001
1.40001
1.40001
1.40001
1.40001
1.40001
1.40001
1.40001
1.40001
1.40001
1.40001
1.40003
1.40076
1.41243
1.49719
1.85609
2.72195
3.94155
5.31294
5.8157
5.91289
5.87572
5.86265
5.73635
5.57269
5.39568
5.25591
5.17397
1.40001
1.40001
1.40001
1.40001
1.40001
1.40001
1.40001
1.40001
1.40001
1.40001
1.40001
1.40001
1.40001
1.40001
1.40001
1.40001
1.40001
1.40001
1.40001
1.40001
1.40001
1.40001
1.40001
1.40001
1.40001
1.40001
1.40001
1.40001
1.40001
1.40001
1.40001
1.40001
1.40001
1.40001
1.40001
1.40001
1.40001
1.40001
1.40001
1.40001
1.40001
1.40001
1.40001
1.40001
1.40001
1.40001
1.40001
1.40001
1.40001
1.40001
1.40001
1.40001
1.40001
1.40001
1.40001
1.40001
1.40001
1.40001
1.40001
1.40001
1.40001
1.40001
1.40001
1.40001
1.40001
1.40001
1.40001
1.40001
1.40001
1.40001
1.40001
1.40001
1.40001
1.40001
1.40001
1.40001
1.40001
1.40001
1.40001
1.40001
1.40001
1.40001
1.40023
1.4038
1.43627
1.60603
2.1244
2.98744
4.35429
5.18341
5.69648
5.86558
5.84467
5.78836
5.60176
5.39111
1.40001
1.40001
1.40001
1.40001
1.40001
1.40001
1.40001
1.40001
1.40001
1.40001
1.40001
1.40001
1.40001
1.40001
1.40001
1.40001
1.40001
1.40001
1.40001
1.40001
1.40001
1.40001
1.40001
1.40001
1.40001
1.40001
1.40001
1.40001
1.40001
1.40001
1.40001
1.40001
1.40001
1.40001
1.40001
1.40001
1.40001
1.40001
1.40001
1.40001
1.40001
1.40001
1.40001
1.40001
1.40001
1.40001
1.40001
1.40001
1.40001
1.40001
1.40001
1.40001
1.40001
1.40001
1.40001
1.40001
1.40001
1.40001
1.40001
1.40001
1.40001
1.40001
1.40001
1.40001
1.40001
1.40001
1.40001
1.40001
1.40001
1.40001
1.40001
1.40001
1.40001
1.40001
1.40001
1.40001
1.40001
1.40001
1.40001
1.40001
1.40001
1.40001
1.40001
1.40001
1.40005
1.40085
1.4105
1.46425
1.7134
2.24142
3.11289
4.40479
5.09207
5.55914
5.75679
5.74322
1.40001
1.40001
1.40001
1.40001
1.40001
1.40001
1.40001
1.40001
1.40001
1.40001
1.40001
1.40001
1.40001
1.40001
1.40001
1.40001
1.40001
1.40001
1.40001
1.40001
1.40001
1.40001
1.40001
1.40001
1.40001
1.40001
1.40001
1.40001
1.40001
1.40001
1.40001
1.40001
1.40001
1.40001
1.40001
1.40001
1.40001
1.40001
1.40001
1.40001
1.40001
1.40001
1.40001
1.40001
1.40001
1.40001
1.40001
1.40001
1.40001
1.40001
1.40001
1.40001
1.40001
1.40001
1.40001
1.40001
1.40001
1.40001
1.40001
1.40001
1.40001
1.40001
1.40001
1.40001
1.40001
1.40001
1.40001
1.40001
1.40001
1.40001
1.40001
1.40001
1.40001
1.40001
1.40001
1.40001
1.40001
1.40001
1.40001
1.40001
1.40001
1.40001
1.40001
1.40001
1.40001
1.40001
1.40001
1.40013
1.40179
1.41592
1.48237
1.7513
2.27173
3.04954
4.2753
4.9367
1.40001
1.40001
1.40001
1.40001
1.40001
1.40001
1.40001
1.40001
1.40001
1.40001
1.40001
1.40001
1.40001
1.40001
1.40001
1.40001
1.40001
1.40001
1.40001
1.40001
1.40001
1.40001
1.40001
1.40001
1.40001
1.40001
1.40001
1.40001
1.40001
1.40001
1.40001
1.40001
1.40001
1.40001
1.40001
1.40001
1.40001
1.40001
1.40001
1.40001
1.40001
1.40001
1.40001
1.40001
1.40001
1.40001
1.40001
1.40001
1.40001
1.40001
1.40001
1.40001
1.40001
1.40001
1.40001
1.40001
1.40001
1.40001
1.40001
1.40001
1.40001
1.40001
1.40001
1.40001
1.40001
1.40001
1.40001
1.40001
1.40001
1.40001
1.40001
1.40001
1.40001
1.40001
1.40001
1.40001
1.40001
1.40001
1.40001
1.40001
1.40001
1.40001
1.40001
1.40001
1.40001
1.40001
1.40001
1.40001
1.40001
1.40002
1.4002
1.40229
1.41825
1.4824
1.72949
2.21867
1.40001
1.40001
1.40001
1.40001
1.40001
1.40001
1.40001
1.40001
1.40001
1.40001
1.40001
1.40001
1.40001
1.40001
1.40001
1.40001
1.40001
1.40001
1.40001
1.40001
1.40001
1.40001
1.40001
1.40001
1.40001
1.40001
1.40001
1.40001
1.40001
1.40001
1.40001
1.40001
1.40001
1.40001
1.40001
1.40001
1.40001
1.40001
1.40001
1.40001
1.40001
1.40001
1.40001
1.40001
1.40001
1.40001
1.40001
1.40001
1.40001
1.40001
1.40001
1.40001
1.40001
1.40001
1.40001
1.40001
1.40001
1.40001
1.40001
1.40001
1.40001
1.40001
1.40001
1.40001
1.40001
1.40001
1.40001
1.40001
1.40001
1.40001
1.40001
1.40001
1.40001
1.40001
1.40001
1.40001
1.40001
1.40001
1.40001
1.40001
1.40001
1.40001
1.40001
1.40001
1.40001
1.40001
1.40001
1.40001
1.40001
1.40001
1.40001
1.40001
1.40002
1.40022
1.40206
1.41658
1.40001
1.40001
1.40001
1.40001
1.40001
1.40001
1.40001
1.40001
1.40001
1.40001
1.40001
1.40001
1.40001
1.40001
1.40001
1.40001
1.40001
1.40001
1.40001
1.40001
1.40001
1.40001
1.40001
1.40001
1.40001
1.40001
1.40001
1.40001
1.40001
1.40001
1.40001
1.40001
1.40001
1.40001
1.40001
1.40001
1.40001
1.40001
1.40001
1.40001
1.40001
1.40001
1.40001
1.40001
1.40001
1.40001
1.40001
1.40001
1.40001
1.40001
1.40001
1.40001
1.40001
1.40001
1.40001
1.40001
1.40001
1.40001
1.40001
1.40001
1.40001
1.40001
1.40001
1.40001
1.40001
1.40001
1.40001
1.40001
1.40001
1.40001
1.40001
1.40001
1.40001
1.40001
1.40001
1.40001
1.40001
1.40001
1.40001
1.40001
1.40001
1.40001
1.40001
1.40001
1.40001
1.40001
1.40001
1.40001
1.40001
1.40001
1.40001
1.40001
1.40001
1.40001
1.40001
1.40002
1.40001
1.40001
1.40001
1.40001
1.40001
1.40001
1.40001
1.40001
1.40001
1.40001
1.40001
1.40001
1.40001
1.40001
1.40001
1.40001
1.40001
1.40001
1.40001
1.40001
1.40001
1.40001
1.40001
1.40001
1.40001
1.40001
1.40001
1.40001
1.40001
1.40001
1.40001
1.40001
1.40001
1.40001
1.40001
1.40001
1.40001
1.40001
1.40001
1.40001
1.40001
1.40001
1.40001
1.40001
1.40001
1.40001
1.40001
1.40001
1.40001
1.40001
1.40001
1.40001
1.40001
1.40001
1.40001
1.40001
1.40001
1.40001
1.40001
1.40001
1.40001
1.40001
1.40001
1.40001
1.40001
1.40001
1.40001
1.40001
1.40001
1.40001
1.40001
1.40001
1.40001
1.40001
1.40001
1.40001
1.40001
1.40001
1.40001
1.40001
1.40001
1.40001
1.40001
1.40001
1.40001
1.40001
1.40001
1.40001
1.40001
1.40001
1.40001
1.40001
1.40001
1.40001
1.40001
1.40001
1.40001
1.40001
1.40001
1.40001
1.40001
1.40001
1.40001
1.40001
1.40001
1.40001
1.40001
1.40001
1.40001
1.40001
1.40001
1.40001
1.40001
1.40001
1.40001
1.40001
1.40001
1.40001
1.40001
1.40001
1.40001
1.40001
1.40001
1.40001
1.40001
1.40001
1.40001
1.40001
1.40001
1.40001
1.40001
1.40001
1.40001
1.40001
1.40001
1.40001
1.40001
1.40001
1.40001
1.40001
1.40001
1.40001
1.40001
1.40001
1.40001
1.40001
1.40001
1.40001
1.40001
1.40001
1.40001
1.40001
1.40001
1.40001
1.40001
1.40001
1.40001
1.40001
1.40001
1.40001
1.40001
1.40001
1.40001
1.40001
1.40001
1.40001
1.40001
1.40001
1.40001
1.40001
1.40001
1.40001
1.40001
1.40001
1.40001
1.40001
1.40001
1.40001
1.40001
1.40001
1.40001
1.40001
1.40001
1.40001
1.40001
1.40001
1.40001
1.40001
1.40001
1.40001
1.40001
1.40001
1.40001
1.40001
1.40001
1.40001
1.40001
1.40001
1.40001
1.40001
1.40001
1.40001
1.40001
1.40001
1.40001
1.40001
1.40001
1.40001
1.40001
1.40001
1.40001
1.40001
1.40001
1.40001
1.40001
1.40001
1.40001
1.40001
1.40001
1.40001
1.40001
1.40001
1.40001
1.40001
1.40001
1.40001
1.40001
1.40001
1.40001
1.40001
1.40001
1.40001
1.40001
1.40001
1.40001
1.40001
1.40001
1.40001
1.40001
1.40001
1.40001
1.40001
1.40001
1.40001
1.40001
1.40001
1.40001
1.40001
1.40001
1.40001
1.40001
1.40001
1.40001
1.40001
1.40001
1.40001
1.40001
1.40001
1.40001
1.40001
1.40001
1.40001
1.40001
1.40001
1.40001
1.40001
1.40001
1.40001
1.40001
1.40001
1.40001
1.40001
1.40001
1.40001
1.40001
1.40001
1.40001
1.40001
1.40001
1.40001
1.40001
1.40001
1.40001
1.40001
1.40001
1.40001
1.40001
1.40001
1.40001
1.40001
1.40001
1.40001
1.40001
1.40001
1.40001
1.40001
1.40001
1.40001
1.40001
1.40001
1.40001
1.40001
1.40001
1.40001
1.40001
1.40001
1.40001
1.40001
1.40001
1.40001
1.40001
1.40001
1.40001
1.40001
1.40001
1.40001
1.40001
1.40001
1.40001
1.40001
1.40001
1.40001
1.40001
1.40001
1.40001
1.40001
1.40001
1.40001
1.40001
1.40001
1.40001
1.40001
1.40001
1.40001
1.40001
1.40001
1.40001
1.40001
1.40001
1.40001
1.40001
1.40001
1.40001
1.40001
1.40001
1.40001
1.40001
1.40001
1.40001
1.40001
1.40001
1.40001
1.40001
1.40001
1.40001
1.40001
1.40001
1.40001
1.40001
1.40001
1.40001
1.40001
1.40001
1.40001
1.40001
1.40001
1.40001
1.40001
1.40001
1.40001
1.40001
1.40001
1.40001
1.40001
1.40001
1.40001
1.40001
1.40001
1.40001
1.40001
1.40001
1.40001
1.40001
1.40001
1.40001
1.40001
1.40001
1.40001
1.40001
1.40001
1.40001
1.40001
1.40001
1.40001
1.40001
1.40001
1.40001
1.40001
1.40001
1.40001
1.40001
1.40001
1.40001
1.40001
1.40001
1.40001
1.40001
1.40001
1.40001
1.40001
1.40001
1.40001
1.40001
1.40001
1.40001
1.40001
1.40001
1.40001
1.40001
1.40001
1.40001
1.40001
1.40001
1.40001
1.40001
1.40001
1.40001
1.40001
1.40001
1.40001
1.40001
1.40001
1.40001
1.40001
1.40001
1.40001
1.40001
1.40001
1.40001
1.40001
1.40001
1.40001
1.40001
1.40001
1.40001
1.40001
1.40001
1.40001
1.40001
1.40001
1.40001
1.40001
1.40001
1.40001
1.40001
1.40001
1.40001
1.40001
1.40001
1.40001
1.40001
1.40001
1.40001
1.40001
1.40001
1.40001
1.40001
1.40001
1.40001
1.40001
1.40001
1.40001
1.40001
1.40001
1.40001
1.40001
1.40001
1.40001
1.40001
1.40001
1.40001
1.40001
1.40001
1.40001
1.40001
1.40001
1.40001
1.40001
1.40001
1.40001
1.40001
1.40001
1.40001
1.40001
1.40001
1.40001
1.40001
1.40001
1.40001
1.40001
1.40001
1.40001
1.40001
1.40001
1.40001
1.40001
1.40001
1.40001
1.40001
1.40001
1.40001
1.40001
1.40001
1.40001
1.40001
1.40001
1.40001
1.40001
1.40001
1.40001
1.40001
1.40001
1.40001
1.40001
1.40001
1.40001
1.40001
1.40001
1.40001
1.40001
1.40001
1.40001
1.40001
1.40001
1.40001
1.40001
1.40001
1.40001
1.40001
1.40001
1.40001
1.40001
1.40001
1.40001
1.40001
1.40001
1.40001
1.40001
1.40001
1.40001
1.40001
1.40001
1.40001
1.40001
1.40001
1.40001
1.40001
1.40001
1.40001
1.40001
1.40001
1.40001
1.40001
1.40001
1.40001
1.40001
1.40001
1.40001
1.40001
1.40001
1.40001
1.40001
1.40001
1.40001
1.40001
1.40001
1.40001
1.40001
1.40001
1.40001
1.40001
1.40001
1.40001
1.40001
1.40001
1.40001
1.40001
1.40001
1.40001
1.40001
1.40001
1.40001
1.40001
1.40001
1.40001
1.40001
1.40001
1.40001
1.40001
1.40001
1.40001
1.40001
1.40001
1.40001
1.40001
1.40001
1.40001
1.40001
1.40001
1.40001
1.40001
1.40001
1.40001
1.40001
1.40001
1.40001
1.40001
1.40001
1.40001
1.40001
1.40001
1.40001
1.40001
1.40001
1.40001
1.40001
1.40001
1.40001
1.40001
1.40001
1.40001
1.40001
1.40001
1.40001
1.40001
1.40001
1.40001
1.40001
1.40001
1.40001
1.40001
1.40001
1.40001
1.40001
1.40001
1.40001
1.40001
1.40001
1.40001
1.40001
1.40001
1.40001
1.40001
1.40001
1.40001
1.40001
1.40001
1.40001
1.40001
1.40001
1.40001
1.40001
1.40001
1.40001
1.40001
1.40001
1.40001
1.40001
1.40001
1.40001
1.40001
1.40001
1.40001
1.40001
1.40001
1.40001
1.40001
1.40001
1.40001
1.40001
1.40001
1.40001
1.40001
1.40001
1.40001
1.40001
1.40001
1.40001
1.40001
1.40001
1.40001
1.40001
1.40001
1.40001
1.40001
1.40001
1.40001
1.40001
1.40001
1.40001
1.40001
1.40001
1.40001
1.40001
1.40001
1.40001
1.40001
1.40001
1.40001
1.40001
1.40001
1.40001
1.40001
1.40001
1.40001
1.40001
1.40001
1.40001
1.40001
1.40001
1.40001
1.40001
1.40001
1.40001
1.40001
1.40001
1.40001
1.40001
1.40001
1.40001
1.40001
1.40001
1.40001
1.40001
1.40001
1.40001
1.40001
1.40001
1.40001
1.40001
1.40001
1.40001
1.40001
1.40001
1.40001
1.40001
1.40001
1.40001
1.40001
1.40001
1.40001
1.40001
1.40001
1.40001
1.40001
1.40001
1.40001
1.40001
1.40001
1.40001
1.40001
1.40001
1.40001
1.40001
1.40001
1.40001
1.40001
1.40001
1.40001
1.40001
1.40001
1.40001
1.40001
1.40001
1.40001
1.40001
1.40001
1.40001
1.40001
1.40001
1.40001
1.40001
1.40001
1.40001
1.40001
1.40001
1.40001
1.40001
1.40001
1.40001
1.40001
1.40001
1.40001
1.40001
1.40001
1.40001
1.40001
1.40001
1.40001
1.40001
1.40001
1.40001
1.40001
1.40001
1.40001
1.40001
1.40001
1.40001
1.40001
1.40001
1.40001
1.40001
1.40001
1.40001
1.40001
1.40001
1.40001
1.40001
1.40001
1.40001
1.40001
1.40001
1.40001
1.40001
1.40001
1.40001
1.40001
1.40001
1.40001
1.40001
1.40001
1.40001
1.40001
1.40001
1.40001
1.40001
1.40001
1.40001
1.40001
1.40001
1.40001
1.40001
1.40001
1.40001
1.40001
1.40001
1.40001
1.40001
1.40001
1.40001
1.40001
1.40001
1.40001
1.40001
1.40001
1.40001
1.40001
1.40001
1.40001
1.40001
1.40001
1.40001
1.40001
1.40001
1.40001
1.40001
1.40001
1.40001
1.40001
1.40001
1.40001
1.40001
1.40001
1.40001
1.40001
1.40001
1.40001
1.40001
1.40001
1.40001
1.40001
1.40001
1.40001
1.40001
1.40001
1.40001
1.40001
1.40001
1.40001
1.40001
1.40001
1.40001
1.40001
1.40001
1.40001
1.40001
1.40001
1.40001
1.40001
1.40001
1.40001
1.40001
1.40001
1.40001
1.40001
1.40001
1.40001
1.40001
1.40001
1.40001
1.40001
1.40001
1.40001
1.40001
1.40001
1.40001
1.40001
1.40001
1.40001
1.40001
1.40001
1.40001
1.40001
1.40001
1.40001
1.40001
1.40001
1.40001
1.40001
1.40001
1.40001
1.40001
1.40001
1.40001
1.40001
1.40001
1.40001
1.40001
1.40001
1.40001
1.40001
1.40001
1.40001
1.40001
1.40001
1.40001
1.40001
1.40001
1.40001
1.40001
1.40001
1.40001
1.40001
1.40001
1.40001
1.40001
1.40001
1.40001
1.40001
1.40001
1.40001
1.40001
1.40001
1.40001
1.40001
1.40001
1.40001
1.40001
1.40001
1.40001
1.40001
1.40001
1.40001
1.40001
1.40001
1.40001
1.40001
1.40001
1.40001
1.40001
1.40001
1.40001
1.40001
1.40001
1.40001
1.40001
1.40001
1.40001
1.40001
1.40001
1.40001
1.40001
1.40001
1.40001
1.40001
1.40001
1.40001
1.40001
1.40001
1.40001
1.40001
1.40001
1.40001
1.40001
1.40001
1.40001
1.40001
1.40001
1.40001
1.40001
1.40001
1.40001
1.40001
1.40001
1.40001
1.40001
1.40001
1.40001
1.40001
1.40001
1.40001
1.40001
1.40001
1.40001
1.40001
1.40001
1.40001
1.40001
1.40001
1.40001
1.40001
1.40001
1.40001
1.40001
1.40001
1.40001
1.40001
1.40001
1.40001
1.40001
1.40001
1.40001
1.40001
1.40001
1.40001
1.40001
1.40001
1.40001
1.40001
1.40001
1.40001
1.40001
1.40001
1.40001
1.40001
1.40001
1.40001
1.40001
1.40001
1.40001
1.40001
1.40001
1.40001
1.40001
1.40001
1.40001
1.40001
1.40001
1.40001
1.40001
1.40001
1.40001
1.40001
1.40001
1.40001
1.40001
1.40001
1.40001
1.40001
1.40001
1.40001
1.40001
1.40001
1.40001
1.40001
1.40001
1.40001
1.40001
1.40001
1.40001
1.40001
1.40001
1.40001
1.40001
1.40001
1.40001
1.40001
1.40001
1.40001
1.40001
1.40001
1.40001
1.40001
1.40001
1.40001
1.40001
1.40001
1.40001
1.40001
1.40001
1.40001
1.40001
1.40001
1.40001
1.40001
1.40001
1.40001
1.40001
1.40001
1.40001
1.40001
1.40001
1.40001
1.40001
1.40001
1.40001
1.40001
1.40001
1.40001
1.40001
1.40001
1.40001
1.40001
1.40001
1.40001
1.40001
1.40001
1.40001
1.40001
1.40001
1.40001
1.40001
1.40001
1.40001
1.40001
1.40001
1.40001
1.40001
1.40001
1.40001
1.40001
1.40001
1.40001
1.40001
1.40001
1.40001
1.40001
1.40001
1.40001
1.40001
1.40001
1.40001
1.40001
1.40001
1.40001
1.40001
1.40001
1.40001
1.40001
1.40001
1.40001
1.40001
1.40001
1.40001
1.40001
1.40001
1.40001
1.40001
1.40001
1.40001
1.40001
1.40001
1.40001
1.40001
1.40001
1.40001
1.40001
1.40001
1.40001
1.40001
1.40001
1.40001
1.40001
1.40001
1.40001
1.40001
1.40001
1.40001
1.40001
1.40001
1.40001
1.40001
1.40001
1.40001
1.40001
1.40001
1.40001
1.40001
1.40001
1.40001
1.40001
1.40001
1.40001
1.40001
1.40001
1.40001
1.40001
1.40001
1.40001
1.40001
1.40001
1.40001
1.40001
1.40001
1.40001
1.40001
1.40001
1.40001
1.40001
1.40001
1.40001
1.40001
1.40001
1.40001
1.40001
1.40001
1.40001
1.40001
1.40001
1.40001
1.40001
1.40001
1.40001
1.40001
1.40001
1.40001
1.40001
1.40001
2.17043
1.45583
1.12119
0.883142
0.665834
0.546873
0.499717
0.448099
0.343974
0.269817
0.264314
0.258841
0.238656
0.214983
0.211714
0.220595
0.23378
0.236981
0.237756
0.242133
0.255667
0.277373
0.309284
0.331751
0.347798
0.362524
0.387925
0.420644
0.445639
0.470309
0.5048
0.552017
0.589439
0.617982
0.649941
0.685735
0.717037
0.747592
0.782549
0.819579
0.851934
0.878642
0.901441
0.918937
0.933559
0.948628
0.968901
0.994387
1.01674
1.03369
1.04924
1.06574
1.07035
1.06902
1.0721
1.08266
1.0991
1.12065
1.13061
1.13312
1.13675
1.14277
1.1489
1.15502
1.1615
1.17339
1.18454
1.18676
1.18689
1.18484
1.18092
1.18132
1.18304
1.18606
1.19138
1.19238
1.18992
1.18458
1.17803
1.17386
1.17167
1.17038
1.17205
1.17325
1.17097
1.16824
1.16376
1.15844
1.15657
1.15558
1.15522
1.15682
1.1571
1.15595
1.15416
1.15106
1.14928
1.14895
1.14887
1.14989
1.15294
1.15502
1.15545
1.15558
1.1552
1.15529
1.15602
1.15774
1.16117
1.16515
1.16641
1.16656
1.1666
1.16665
1.16687
1.16727
1.16842
1.17086
1.173
1.17343
1.17339
1.17316
1.17224
1.17143
1.17112
1.171
1.17199
1.17288
1.17225
1.17105
1.16903
1.16623
1.16473
1.16397
1.16335
1.16261
1.16166
1.16059
1.15907
1.1566
1.15387
1.15234
1.1514
1.1505
1.14953
1.14844
1.14716
1.14555
1.14322
1.14069
1.13943
1.13879
1.13814
1.13746
1.13681
1.13606
1.13475
1.13243
1.13089
1.1304
1.12997
1.12957
1.12918
1.12872
1.12809
1.1269
1.12539
1.1248
1.12446
1.12413
1.12382
1.12346
1.12304
1.12244
1.12145
1.12035
1.11988
1.11948
1.11902
1.11862
1.11825
1.11783
1.11722
1.11621
1.11493
1.1141
1.11357
1.11304
1.11253
1.11203
1.11147
1.1107
1.10958
1.10814
1.10681
1.10594
1.1052
1.10447
1.1038
1.10317
1.10249
1.10073
1.89574
3.19466
3.3077
3.31749
3.33037
3.34259
3.35672
3.36971
3.37976
3.38606
3.38998
3.39227
3.39372
3.39434
3.39376
3.39231
3.38995
3.38684
3.38319
3.37906
3.37461
3.37001
3.36547
3.36079
3.35526
3.34891
3.34198
3.33482
3.32764
3.32049
3.3131
3.30509
3.29631
3.28699
3.27757
3.26842
3.2596
3.25079
3.24152
3.23156
3.22116
3.2108
3.20098
3.19184
3.1831
3.17403
3.16414
3.15356
3.14285
3.13262
3.12323
3.11451
3.10557
3.09549
3.08434
3.07287
3.06178
3.05158
3.04257
3.03456
3.02672
3.01818
3.00878
2.99902
2.98946
2.98043
2.97199
2.96393
2.95587
2.94764
2.93932
2.93113
2.92318
2.91541
2.90756
2.89945
2.89108
2.88265
2.87436
2.86638
2.85867
2.8506
2.84166
2.8323
2.82304
2.81418
2.80605
2.79874
2.79095
2.78225
2.77361
2.76524
2.75736
2.75048
2.74432
2.73709
2.72932
2.72142
2.71306
2.70454
2.69684
2.68961
2.68266
2.67636
2.67047
2.66383
2.65688
2.65
2.64326
2.63651
2.6296
2.62262
2.61546
2.608
2.60032
2.59273
2.58535
2.57806
2.57076
2.56339
2.55591
2.54829
2.54053
2.53278
2.52518
2.51774
2.51035
2.50293
2.49543
2.48788
2.48038
2.47317
2.46635
2.45977
2.4533
2.44679
2.44022
2.43355
2.42688
2.4203
2.41401
2.40803
2.40223
2.39645
2.39065
2.38485
2.37905
2.37331
2.36784
2.36278
2.35809
2.35366
2.34923
2.34476
2.34016
2.33537
2.33042
2.32553
2.32105
2.31682
2.31274
2.30862
2.30437
2.30001
2.29548
2.29074
2.2858
2.28066
2.27539
2.27014
2.26505
2.25999
2.25498
2.24992
2.24464
2.23903
2.23308
2.22679
2.22063
2.21489
2.21027
2.20216
2.97671
2.42053
2.09811
1.81921
1.55216
1.4214
1.34168
1.24542
1.09735
0.99411
0.975354
0.937997
0.87944
0.802085
0.784027
0.781007
0.75652
0.707138
0.685548
0.688609
0.688955
0.678573
0.657913
0.654735
0.658736
0.658488
0.651872
0.641132
0.640502
0.646449
0.652896
0.650308
0.648415
0.650838
0.653831
0.653555
0.652025
0.653703
0.667411
0.686588
0.691853
0.697875
0.708941
0.730054
0.741141
0.746569
0.7573
0.777728
0.805598
0.814796
0.819746
0.830232
0.849053
0.867179
0.881939
0.900238
0.923846
0.952107
0.977551
0.991769
1.00109
1.01119
1.02313
1.0401
1.05616
1.07183
1.08728
1.10294
1.11557
1.11763
1.11677
1.12181
1.13074
1.14041
1.15275
1.16056
1.16138
1.16081
1.15977
1.15836
1.15617
1.15526
1.15819
1.16521
1.16646
1.166
1.16514
1.16448
1.16522
1.16627
1.16798
1.17272
1.1785
1.18004
1.18059
1.18045
1.17959
1.17974
1.18082
1.18301
1.18676
1.1891
1.18917
1.18857
1.1863
1.18306
1.18203
1.18162
1.18201
1.18253
1.18173
1.18087
1.17971
1.17715
1.17444
1.17376
1.17369
1.1744
1.17553
1.1757
1.17534
1.17431
1.17187
1.16915
1.16837
1.16831
1.16913
1.16928
1.16858
1.16756
1.16581
1.16295
1.16116
1.16068
1.1605
1.16072
1.1606
1.16013
1.15952
1.1583
1.15643
1.15559
1.15526
1.15502
1.155
1.15505
1.15475
1.15414
1.15306
1.15141
1.15058
1.15035
1.14996
1.14951
1.14922
1.14874
1.14789
1.14637
1.14446
1.14375
1.1432
1.14242
1.14182
1.14121
1.14039
1.13923
1.13753
1.13616
1.13529
1.13441
1.13365
1.13313
1.13249
1.13163
1.1305
1.1291
1.12769
1.12653
1.12569
1.12506
1.12449
1.12387
1.12307
1.12204
1.12068
1.1191
1.1177
1.11659
1.11597
1.11543
1.11478
1.11392
1.11278
1.11124
1.10946
1.10788
1.10665
1.10621
1.10626
1.10669
1.10847
1.11324
1.60122
3.10062
3.45864
3.48394
3.49342
3.49276
3.4873
3.47321
3.46214
3.45323
3.44817
3.44499
3.44092
3.436
3.43148
3.42832
3.42631
3.42411
3.41944
3.41177
3.40251
3.39315
3.385
3.3787
3.37331
3.36645
3.35794
3.34896
3.34044
3.33306
3.32703
3.32117
3.31373
3.30453
3.29457
3.28491
3.2761
3.26827
3.26046
3.25122
3.24049
3.22927
3.21851
3.20886
3.20055
3.19265
3.18351
3.17291
3.16199
3.15165
3.14244
3.13464
3.12723
3.11799
3.10668
3.09494
3.08365
3.0733
3.06419
3.05606
3.0479
3.03885
3.02917
3.01959
3.01055
3.00218
2.99421
2.98601
2.97722
2.96812
2.95921
2.95085
2.94317
2.93588
2.92823
2.91976
2.91071
2.90153
2.8926
2.88434
2.87709
2.8695
2.8603
2.85062
2.84103
2.83199
2.8236
2.8161
2.80828
2.79978
2.79118
2.78267
2.77467
2.76706
2.76017
2.75324
2.74575
2.73818
2.73023
2.72161
2.71289
2.7052
2.6981
2.69136
2.68499
2.67813
2.67101
2.66372
2.65623
2.64865
2.64111
2.63368
2.62636
2.61906
2.61166
2.6041
2.5964
2.58861
2.58081
2.57304
2.56538
2.55791
2.55059
2.54328
2.53602
2.52874
2.52138
2.51392
2.5064
2.49894
2.49175
2.48489
2.47834
2.47195
2.46569
2.45945
2.45314
2.44678
2.44041
2.43428
2.42832
2.42245
2.41657
2.41073
2.40495
2.39916
2.39341
2.38777
2.38233
2.3771
2.37202
2.36717
2.3624
2.35762
2.35283
2.34795
2.34296
2.3378
2.33249
2.32714
2.32196
2.31716
2.31255
2.30797
2.30328
2.29837
2.29322
2.28775
2.28189
2.27578
2.26995
2.26464
2.25973
2.25494
2.24995
2.24461
2.23876
2.23228
2.2255
2.21945
2.21498
2.20747
3.52459
3.20957
2.91879
2.62502
2.42575
2.2793
2.11233
1.90553
1.77957
1.72343
1.65645
1.55462
1.4309
1.38333
1.34833
1.30191
1.2147
1.13354
1.1206
1.10719
1.08756
1.0429
0.987158
0.967143
0.948379
0.932985
0.90496
0.874993
0.86602
0.854171
0.843423
0.827074
0.807425
0.792289
0.778025
0.760089
0.747111
0.747044
0.747135
0.74399
0.739118
0.732868
0.727438
0.727999
0.730616
0.734781
0.743304
0.757657
0.773326
0.787418
0.794837
0.802067
0.812367
0.825981
0.841042
0.855064
0.86946
0.886578
0.903561
0.91538
0.922913
0.928847
0.935591
0.948142
0.968098
0.985635
0.99891
1.00998
1.02678
1.04008
1.04337
1.04645
1.05674
1.08018
1.10726
1.11492
1.11655
1.12279
1.1362
1.14715
1.15034
1.15516
1.16595
1.18219
1.19406
1.19657
1.19731
1.20075
1.20663
1.21031
1.21461
1.22469
1.23647
1.23877
1.23923
1.23939
1.23803
1.23569
1.2351
1.23509
1.23663
1.23774
1.23682
1.23419
1.22842
1.21939
1.21406
1.21278
1.21159
1.21007
1.20881
1.20766
1.20583
1.20158
1.19493
1.19184
1.19127
1.19101
1.19134
1.19125
1.19061
1.18965
1.18725
1.18327
1.18201
1.18201
1.18243
1.18362
1.18493
1.1854
1.18561
1.18531
1.1838
1.18345
1.18377
1.18434
1.1855
1.18655
1.18676
1.18675
1.18621
1.18475
1.18376
1.18355
1.18342
1.18364
1.18377
1.18334
1.1824
1.18078
1.17858
1.17684
1.17573
1.17474
1.17378
1.1727
1.17139
1.16978
1.16774
1.16531
1.16301
1.16133
1.16003
1.15884
1.15768
1.15643
1.15496
1.15312
1.15094
1.14893
1.14742
1.14649
1.14576
1.14509
1.14431
1.14318
1.14155
1.13941
1.13756
1.13667
1.13602
1.13545
1.13488
1.13423
1.13331
1.13195
1.12992
1.12758
1.1267
1.12629
1.12569
1.12502
1.12429
1.12368
1.12256
1.12205
1.12357
1.12834
1.14362
1.1756
1.23198
1.33032
1.47622
2.53761
3.68068
3.78875
3.79283
3.75856
3.73532
3.70671
3.67443
3.64227
3.62031
3.60411
3.57894
3.5579
3.54558
3.54447
3.54684
3.55135
3.55011
3.5387
3.52353
3.50847
3.49672
3.49279
3.49731
3.49987
3.49514
3.48688
3.47796
3.46874
3.46152
3.45655
3.44817
3.43623
3.42229
3.40881
3.39645
3.38612
3.37764
3.36669
3.3533
3.33912
3.3262
3.31516
3.30642
3.29927
3.29001
3.27877
3.26635
3.25528
3.24584
3.23796
3.23052
3.22032
3.20847
3.19477
3.18152
3.1705
3.16068
3.15128
3.14068
3.12926
3.11705
3.10553
3.09563
3.08682
3.07843
3.06909
3.05906
3.04816
3.03699
3.02712
3.01815
3.00969
3.00102
2.99195
2.98239
2.97189
2.96132
2.95197
2.94307
2.9341
2.92495
2.91546
2.90556
2.89563
2.88616
2.87712
2.86828
2.85957
2.85085
2.84201
2.833
2.82392
2.81501
2.80642
2.79817
2.79011
2.78197
2.7734
2.76426
2.75498
2.74624
2.73824
2.73075
2.72346
2.71614
2.70863
2.70073
2.69235
2.68347
2.67445
2.66594
2.65826
2.65112
2.64406
2.63677
2.62905
2.62087
2.61223
2.60337
2.59487
2.58725
2.58033
2.57363
2.56682
2.55968
2.5521
2.54405
2.53572
2.52773
2.52047
2.51379
2.5073
2.50077
2.49411
2.48728
2.4805
2.47397
2.46777
2.46184
2.45601
2.45004
2.44368
2.43701
2.43017
2.4237
2.41774
2.41213
2.40668
2.40104
2.39515
2.38915
2.38337
2.37822
2.37345
2.36872
2.3638
2.35842
2.35227
2.34532
2.33854
2.33311
2.32863
2.3243
2.31991
2.31529
2.31017
2.3042
2.29703
2.28958
2.28378
2.27941
2.27532
2.27113
2.2667
2.26174
2.25565
2.24801
2.24006
2.23504
2.2281
3.85056
3.63696
3.40616
3.19092
3.02157
2.83566
2.64404
2.52216
2.42007
2.28499
2.13969
2.06126
1.99844
1.92111
1.80218
1.70064
1.65954
1.62153
1.57722
1.49742
1.44009
1.41243
1.37753
1.33729
1.27038
1.2226
1.213
1.19991
1.18091
1.14458
1.1019
1.08776
1.07286
1.05533
1.02853
0.992803
0.983575
0.983109
0.978204
0.966682
0.945519
0.914609
0.901716
0.89913
0.895672
0.886143
0.873655
0.870746
0.868714
0.86544
0.856566
0.841092
0.836799
0.836763
0.839668
0.843767
0.844044
0.842344
0.839629
0.835756
0.834182
0.834826
0.836015
0.838915
0.846851
0.859184
0.864268
0.867001
0.872611
0.883948
0.896897
0.90831
0.92286
0.943194
0.971316
0.994386
1.00642
1.0184
1.03416
1.05228
1.07064
1.08876
1.10879
1.12932
1.15236
1.16319
1.1647
1.16589
1.17218
1.17821
1.18331
1.1941
1.20807
1.21142
1.21137
1.21251
1.21344
1.21188
1.2125
1.21668
1.22368
1.22875
1.23007
1.23035
1.22803
1.22324
1.22227
1.22361
1.22693
1.2328
1.23712
1.23774
1.23757
1.23532
1.23116
1.2292
1.22878
1.22871
1.23043
1.23167
1.2308
1.22898
1.22534
1.21981
1.2173
1.21672
1.2165
1.21684
1.21681
1.21629
1.2153
1.21305
1.20961
1.20804
1.20783
1.20774
1.20797
1.20784
1.20741
1.20665
1.20481
1.20172
1.19996
1.19952
1.19934
1.19937
1.1992
1.19881
1.19813
1.19662
1.19396
1.19209
1.19169
1.19166
1.19162
1.1912
1.19058
1.18977
1.18833
1.18598
1.18429
1.18345
1.1828
1.18221
1.18169
1.18108
1.18019
1.17871
1.17634
1.17405
1.17282
1.1719
1.17105
1.17044
1.16978
1.16887
1.16733
1.16472
1.16194
1.1604
1.1594
1.15849
1.1577
1.15681
1.15576
1.15439
1.15237
1.14976
1.14784
1.14768
1.14808
1.1493
1.15252
1.16031
1.17357
1.20757
1.26742
1.35064
1.50877
1.66156
1.82052
2.04555
2.13331
2.24307
2.64586
3.0954
3.40597
3.54175
3.6789
3.78485
3.82459
3.84239
3.83843
3.81547
3.77794
3.73821
3.72168
3.73924
3.75365
3.76015
3.74823
3.71971
3.67982
3.64415
3.61706
3.60272
3.60311
3.60725
3.60791
3.60189
3.5925
3.58418
3.5773
3.57091
3.5621
3.55106
3.53554
3.51832
3.50454
3.49227
3.47981
3.4663
3.45201
3.43553
3.4191
3.40703
3.39707
3.38823
3.3792
3.36967
3.358
3.34519
3.33575
3.32787
3.31973
3.31035
3.29969
3.28692
3.27226
3.25985
3.25006
3.24039
3.23037
3.21979
3.20825
3.19566
3.18333
3.17291
3.16362
3.15457
3.14533
3.13542
3.12457
3.11299
3.10156
3.091
3.08134
3.07228
3.06317
3.05359
3.04343
3.03279
3.02199
3.01162
3.002
2.99298
2.98406
2.97486
2.96517
2.9549
2.94455
2.93488
2.92601
2.91752
2.90891
2.8997
2.88966
2.8791
2.86887
2.85965
2.8512
2.84298
2.83455
2.82556
2.81589
2.8058
2.79614
2.78757
2.77983
2.77242
2.76491
2.75697
2.74828
2.73866
2.72845
2.71875
2.7104
2.70315
2.69624
2.6892
2.68163
2.67329
2.66403
2.65427
2.64486
2.63679
2.6299
2.62355
2.61723
2.61044
2.60284
2.59444
2.58584
2.57776
2.57052
2.56381
2.55731
2.55062
2.54335
2.53576
2.52862
2.52239
2.51675
2.51111
2.50533
2.49912
2.49207
2.48426
2.47649
2.47
2.46454
2.45916
2.45351
2.44717
2.43975
2.43206
2.4256
2.42034
2.41555
2.41079
2.40581
2.40008
2.39305
2.38464
2.37624
2.37021
2.36566
2.36126
2.35673
2.35185
2.34627
2.33939
2.33086
2.32239
2.31617
2.31161
2.30748
2.30326
2.29873
2.29343
2.28679
2.27839
2.27022
2.26066
4.06905
3.88665
3.71715
3.55488
3.37711
3.21728
3.09294
2.95682
2.80845
2.69961
2.61201
2.50838
2.37188
2.27295
2.21496
2.15252
2.07085
1.96868
1.91514
1.87539
1.82703
1.7574
1.6695
1.63255
1.60311
1.57092
1.52338
1.46398
1.44173
1.42101
1.39241
1.35113
1.29022
1.26891
1.26075
1.24526
1.22646
1.19071
1.16509
1.15158
1.13343
1.11301
1.08155
1.05243
1.04804
1.04572
1.03636
1.02116
0.99688
0.968627
0.955268
0.945845
0.937168
0.926574
0.913866
0.907692
0.903178
0.895519
0.880688
0.863491
0.858613
0.858411
0.85984
0.864187
0.869636
0.871448
0.871006
0.868566
0.865598
0.865778
0.866944
0.869398
0.874937
0.882493
0.887317
0.888772
0.889845
0.892109
0.8963
0.902906
0.913328
0.92912
0.947945
0.963058
0.975856
0.99275
1.00424
1.01201
1.02304
1.04025
1.0546
1.0697
1.09401
1.1071
1.11322
1.12247
1.13037
1.13709
1.14549
1.15882
1.17871
1.18779
1.19224
1.19987
1.20663
1.20722
1.20784
1.21252
1.21925
1.22647
1.2303
1.23161
1.23227
1.23143
1.22868
1.22818
1.22935
1.23196
1.23534
1.23731
1.2377
1.23766
1.23603
1.23381
1.23373
1.23435
1.23616
1.23855
1.23891
1.23849
1.23703
1.23383
1.23071
1.22976
1.22936
1.2293
1.22961
1.22884
1.22733
1.22498
1.22106
1.21734
1.21552
1.21444
1.21374
1.21316
1.2125
1.21167
1.21048
1.20806
1.20457
1.20342
1.20325
1.20321
1.20343
1.20354
1.20341
1.20313
1.20213
1.20016
1.19921
1.19905
1.19899
1.19919
1.19938
1.1992
1.19866
1.19746
1.19526
1.19375
1.19327
1.19279
1.19209
1.19142
1.19069
1.18967
1.18803
1.1854
1.18273
1.18112
1.17968
1.17847
1.17745
1.17654
1.17561
1.17415
1.17217
1.17186
1.17306
1.17928
1.1953
1.22492
1.29487
1.39276
1.51305
1.72228
1.88515
2.03115
2.22406
2.32014
2.36797
2.40765
2.44101
2.43411
2.44187
2.47631
2.56779
2.70266
2.88562
3.09632
3.27338
3.43723
3.55222
3.61876
3.67999
3.70891
3.73619
3.78657
3.83659
3.86267
3.85975
3.83536
3.79418
3.75435
3.72742
3.71383
3.70938
3.70598
3.69776
3.68449
3.6708
3.6589
3.64953
3.64327
3.63632
3.62734
3.61572
3.60384
3.59299
3.5825
3.57152
3.55916
3.54506
3.52884
3.51476
3.50349
3.49284
3.48242
3.47185
3.46015
3.4464
3.43212
3.42037
3.41045
3.40048
3.3902
3.37939
3.36717
3.35318
3.33902
3.32696
3.31693
3.30756
3.29793
3.28761
3.27637
3.26399
3.25077
3.23805
3.22714
3.21742
3.20781
3.1978
3.18702
3.17513
3.16254
3.1502
3.13895
3.12866
3.11899
3.10951
3.09965
3.08915
3.07851
3.06831
3.05872
3.04945
3.04025
3.03083
3.02101
3.01091
3.00134
2.99255
2.98409
2.97549
2.96622
2.95591
2.9447
2.93374
2.92389
2.9151
2.90669
2.89813
2.88911
2.87923
2.86843
2.85745
2.84731
2.83834
2.83006
2.82189
2.81368
2.80527
2.79628
2.78645
2.77598
2.7657
2.75663
2.74912
2.74235
2.73546
2.72825
2.72049
2.71194
2.70243
2.69251
2.68389
2.67639
2.67037
2.66439
2.65786
2.65094
2.64322
2.6353
2.62774
2.62075
2.6138
2.60651
2.59863
2.59042
2.58292
2.57697
2.57154
2.56616
2.5605
2.55422
2.54673
2.53765
2.52877
2.52192
2.5164
2.51126
2.50591
2.49976
2.49199
2.48249
2.47332
2.46659
2.46166
2.45686
2.45183
2.44647
2.44018
2.43211
2.42225
2.41278
2.40628
2.40143
2.39672
2.39191
2.38665
2.38055
2.37303
2.36375
2.3548
2.3481
2.34316
2.33899
2.33472
2.33008
2.32483
2.31833
2.31105
2.29822
4.21497
4.06181
3.91925
3.77745
3.63849
3.50428
3.36556
3.243
3.14454
3.03685
2.90595
2.79721
2.71942
2.6359
2.53015
2.43723
2.38152
2.32486
2.25505
2.15512
2.08326
2.04535
2.00081
1.94505
1.86898
1.82531
1.7977
1.76267
1.71636
1.64597
1.60897
1.58768
1.56002
1.5275
1.47813
1.45229
1.43957
1.41825
1.38869
1.34105
1.30652
1.30065
1.28949
1.27174
1.24516
1.21644
1.20584
1.19487
1.17744
1.15108
1.11746
1.10637
1.10662
1.10187
1.08745
1.06501
1.04602
1.03537
1.02469
1.01204
0.992881
0.983653
0.982305
0.98046
0.975139
0.96428
0.947588
0.93146
0.927629
0.926817
0.924069
0.919315
0.914924
0.913254
0.911769
0.906505
0.897647
0.894962
0.894317
0.894405
0.895576
0.895141
0.89338
0.89087
0.888888
0.888757
0.889908
0.892121
0.897987
0.906751
0.911968
0.916648
0.924093
0.933725
0.94396
0.955378
0.968222
0.983092
1.00129
1.01932
1.03713
1.05491
1.06875
1.0814
1.09869
1.11282
1.1235
1.1367
1.15903
1.17633
1.17956
1.18457
1.19171
1.1987
1.20098
1.20394
1.21003
1.21997
1.22847
1.23011
1.23009
1.22902
1.22927
1.2295
1.22982
1.23112
1.23466
1.23763
1.23802
1.23772
1.23608
1.23292
1.23041
1.22988
1.23028
1.23195
1.23272
1.2326
1.23226
1.23086
1.22722
1.22456
1.22403
1.22387
1.22455
1.22479
1.22417
1.22319
1.22153
1.21879
1.217
1.21661
1.2163
1.21602
1.21564
1.21508
1.21434
1.21313
1.21126
1.20986
1.20925
1.20872
1.20812
1.20746
1.20678
1.20599
1.20454
1.20243
1.20046
1.19942
1.19902
1.1989
1.19884
1.19847
1.19757
1.19605
1.19376
1.19195
1.19163
1.19138
1.19061
1.19018
1.19007
1.19072
1.19242
1.19753
1.215
1.24853
1.31056
1.43413
1.56621
1.72973
1.96781
2.10061
2.2253
2.37427
2.4281
2.45801
2.47708
2.48541
2.48964
2.48865
2.4817
2.46943
2.45527
2.43997
2.43209
2.43057
2.43966
2.47027
2.53123
2.63004
2.76278
2.90546
3.06456
3.23236
3.35953
3.47657
3.5923
3.65202
3.69632
3.73281
3.73954
3.73711
3.73811
3.74536
3.74839
3.74411
3.73091
3.71098
3.69115
3.67352
3.65716
3.64583
3.63685
3.62591
3.61336
3.60022
3.58904
3.58092
3.57167
3.5604
3.54802
3.53572
3.52488
3.51569
3.50691
3.49741
3.48643
3.47376
3.46075
3.4487
3.4379
3.42722
3.41615
3.40509
3.39393
3.38256
3.37107
3.35912
3.34672
3.336
3.32714
3.31858
3.30988
3.30056
3.29027
3.27866
3.26565
3.25298
3.24228
3.23308
3.22411
3.2145
3.20428
3.19347
3.18143
3.16851
3.15653
3.14717
3.13852
3.1299
3.12103
3.11192
3.1021
3.0917
3.08089
3.07027
3.06038
3.05121
3.04241
3.03397
3.02563
3.01685
3.00761
2.99761
2.98684
2.9761
2.96631
2.95743
2.94903
2.94068
2.93175
2.92223
2.9122
2.90178
2.89202
2.88267
2.87349
2.86437
2.85528
2.84666
2.83815
2.82967
2.82108
2.81207
2.80239
2.79179
2.78207
2.77468
2.76811
2.76202
2.75567
2.74874
2.74095
2.7321
2.72261
2.71268
2.70513
2.69942
2.69408
2.68852
2.68244
2.67603
2.66951
2.66271
2.65526
2.64676
2.63759
2.62883
2.62203
2.61697
2.61196
2.60684
2.60132
2.59483
2.58671
2.57637
2.56645
2.56025
2.55509
2.54998
2.54471
2.5386
2.5309
2.52067
2.50946
2.50149
2.49588
2.49091
2.48587
2.48052
2.47468
2.46736
2.45776
2.4474
2.43927
2.43377
2.429
2.42419
2.41909
2.41321
2.4063
2.39794
2.38873
2.38106
2.37502
2.37001
2.36552
2.36087
2.35595
2.35031
2.34466
2.33296
4.32343
4.19332
4.06583
3.94594
3.82385
3.69953
3.58669
3.47778
3.3632
3.2602
3.17077
3.07568
2.9634
2.86564
2.80095
2.73505
2.64947
2.55346
2.49126
2.43544
2.37135
2.28822
2.2224
2.18736
2.14809
2.09874
2.02461
1.96514
1.93483
1.89944
1.85683
1.79782
1.76232
1.74267
1.716
1.68181
1.6259
1.58676
1.57024
1.54791
1.52269
1.48491
1.45689
1.44509
1.42858
1.4063
1.37123
1.33168
1.32164
1.31272
1.29793
1.27911
1.25259
1.23777
1.22623
1.21082
1.19157
1.1608
1.14236
1.13972
1.13375
1.12384
1.10833
1.08644
1.07196
1.05841
1.04548
1.03297
1.01731
1.01073
1.00742
1.00211
0.992816
0.977447
0.956114
0.943584
0.941942
0.939202
0.934389
0.929568
0.926638
0.923579
0.916435
0.905104
0.899418
0.898178
0.897732
0.898509
0.903357
0.907647
0.907696
0.905909
0.903207
0.902809
0.903239
0.904597
0.907728
0.913597
0.919545
0.921799
0.923973
0.927499
0.932452
0.937844
0.945526
0.958471
0.973193
0.985907
1.00218
1.01745
1.02769
1.03939
1.05542
1.06692
1.07783
1.09596
1.11884
1.1299
1.13952
1.15297
1.15793
1.16222
1.17101
1.17744
1.18266
1.19301
1.20436
1.20695
1.20703
1.20625
1.20746
1.21015
1.21141
1.21181
1.21501
1.21932
1.21986
1.21986
1.21953
1.21892
1.21905
1.22021
1.22213
1.22491
1.22637
1.22645
1.22606
1.22496
1.22489
1.22505
1.22524
1.22635
1.22712
1.22687
1.22613
1.22462
1.22215
1.22031
1.21957
1.21913
1.21852
1.21761
1.21661
1.21526
1.21293
1.20883
1.20569
1.20465
1.20382
1.20288
1.20206
1.20132
1.20051
1.19916
1.1968
1.19485
1.19462
1.19459
1.19486
1.19602
1.19964
1.20673
1.22452
1.26767
1.33117
1.44571
1.6172
1.76633
1.97256
2.18173
2.27493
2.37922
2.47405
2.49947
2.51424
2.5195
2.51761
2.51598
2.51284
2.50478
2.49385
2.48103
2.46522
2.44807
2.43774
2.42963
2.41938
2.40784
2.40001
2.39371
2.3866
2.38322
2.38723
2.40338
2.43908
2.50356
2.59387
2.70479
2.84607
2.97973
3.11571
3.27463
3.39058
3.48349
3.57383
3.62202
3.6398
3.66008
3.67028
3.67182
3.67156
3.66474
3.6543
3.63763
3.61857
3.60099
3.5851
3.57139
3.56255
3.55516
3.54527
3.53242
3.51972
3.50973
3.50397
3.49949
3.49304
3.48362
3.4711
3.45817
3.44766
3.43813
3.42845
3.41768
3.40556
3.39333
3.38266
3.37327
3.36432
3.35494
3.34395
3.33093
3.32029
3.31219
3.30428
3.296
3.28715
3.27748
3.26602
3.25228
3.2394
3.2301
3.2219
3.21342
3.20469
3.19535
3.18458
3.17179
3.15897
3.14954
3.14179
3.13438
3.12704
3.11936
3.11083
3.10103
3.0897
3.07798
3.06838
3.0604
3.05277
3.04506
3.0369
3.02792
3.01788
3.00665
2.99522
2.98555
2.97724
2.96922
2.96099
2.95211
2.94233
2.93184
2.92153
2.91225
2.90424
2.89621
2.88763
2.8783
2.8683
2.85846
2.84977
2.84215
2.83494
2.82752
2.81939
2.80986
2.79914
2.78975
2.78284
2.77723
2.77184
2.7661
2.75991
2.75301
2.74477
2.73487
2.72441
2.71673
2.71181
2.70704
2.70203
2.69693
2.6915
2.68542
2.67815
2.66893
2.65822
2.64863
2.64242
2.6377
2.63287
2.62785
2.62239
2.61594
2.60776
2.5972
2.58675
2.58006
2.57468
2.56934
2.5639
2.55788
2.55057
2.54112
2.53025
2.52145
2.51533
2.51023
2.50515
2.49946
2.49314
2.4858
2.47656
2.46693
2.45949
2.45357
2.44836
2.44319
2.43769
2.43148
2.42399
2.41567
2.40751
2.40055
2.39477
2.38919
2.38353
2.37777
2.37204
2.36635
2.36152
2.35183
4.4142
4.29992
4.18862
4.07878
3.97074
3.86683
3.75955
3.65054
3.55563
3.46374
3.36139
3.26586
3.18702
3.10568
3.01049
2.92518
2.86437
2.80197
2.7256
2.63246
2.56961
2.52564
2.47459
2.4059
2.33769
2.29637
2.25325
2.20195
2.1323
2.07781
2.05356
2.02535
1.98907
1.93372
1.88496
1.85813
1.82754
1.79191
1.74208
1.71052
1.69742
1.6782
1.65249
1.61095
1.56897
1.55255
1.53409
1.51226
1.48238
1.45498
1.44493
1.43334
1.41524
1.38841
1.34923
1.33319
1.32689
1.31433
1.29883
1.27671
1.26198
1.25306
1.24021
1.22248
1.19554
1.17175
1.16785
1.16556
1.15706
1.14402
1.12611
1.11319
1.10219
1.08949
1.07381
1.05649
1.05033
1.04751
1.04363
1.03718
1.02696
1.01106
0.991043
0.984268
0.982199
0.978722
0.972396
0.967395
0.96406
0.959921
0.952968
0.940803
0.932263
0.930083
0.92868
0.9282
0.928254
0.927582
0.9257
0.921121
0.915065
0.912982
0.912675
0.912909
0.914048
0.914194
0.913684
0.912121
0.910021
0.910474
0.91238
0.915637
0.923326
0.93291
0.939858
0.947234
0.959162
0.970033
0.978808
0.990974
1.00577
1.02004
1.03838
1.05834
1.07324
1.08799
1.10796
1.11705
1.12366
1.13267
1.14204
1.1528
1.16915
1.17949
1.18571
1.19247
1.19953
1.20031
1.19954
1.20175
1.20709
1.21171
1.21573
1.21987
1.22154
1.22181
1.22097
1.21911
1.21896
1.21959
1.22079
1.22262
1.22318
1.22289
1.22168
1.21903
1.21422
1.21135
1.21097
1.21066
1.2098
1.20909
1.20841
1.20707
1.20463
1.20332
1.20317
1.20324
1.20365
1.20366
1.20355
1.20339
1.20272
1.20099
1.19966
1.20004
1.20316
1.21342
1.23326
1.28083
1.36376
1.46542
1.64333
1.83042
1.98128
2.19929
2.33942
2.40299
2.48232
2.52109
2.52968
2.53974
2.5392
2.54023
2.53865
2.53174
2.51766
2.502
2.48952
2.47586
2.46112
2.45139
2.4435
2.43317
2.42311
2.41544
2.40587
2.39585
2.38731
2.37853
2.37109
2.36296
2.35419
2.34839
2.34183
2.33373
2.33155
2.33487
2.34999
2.38328
2.43656
2.51801
2.63108
2.75375
2.90613
3.05828
3.17074
3.29409
3.39979
3.45404
3.51086
3.54813
3.56246
3.57082
3.56466
3.5574
3.55371
3.55114
3.54438
3.531
3.51548
3.49989
3.48955
3.48466
3.48128
3.47621
3.46754
3.4548
3.44161
3.43227
3.42541
3.41879
3.41059
3.40054
3.38839
3.37626
3.368
3.3609
3.35358
3.34576
3.33676
3.32555
3.31277
3.30199
3.29353
3.28545
3.2771
3.26818
3.25835
3.247
3.23392
3.22256
3.214
3.20592
3.19784
3.18957
3.18063
3.17031
3.15883
3.14784
3.13855
3.13075
3.1235
3.11615
3.10824
3.09916
3.08831
3.07634
3.06634
3.05857
3.05125
3.04377
3.03576
3.0267
3.01596
3.00387
2.99331
2.98547
2.97821
2.97058
2.96216
2.95224
2.94039
2.92866
2.91968
2.91287
2.9063
2.89918
2.89124
2.88183
2.87011
2.85844
2.85043
2.84443
2.83872
2.83287
2.82652
2.81888
2.80876
2.79667
2.78792
2.78275
2.77798
2.77316
2.76815
2.76286
2.75676
2.74863
2.7373
2.72582
2.71888
2.71398
2.70939
2.70481
2.70002
2.69469
2.68828
2.67986
2.66882
2.65787
2.6505
2.64499
2.64004
2.63532
2.63033
2.62463
2.61744
2.6082
2.59772
2.58847
2.58147
2.5755
2.56975
2.564
2.55777
2.55033
2.54163
2.53306
2.52588
2.51975
2.51374
2.50726
2.49986
2.49148
2.48278
2.47523
2.46942
2.46416
2.45883
2.45324
2.4471
2.43992
2.43135
2.42272
2.41578
2.41026
2.40518
2.39983
2.39363
2.38636
2.3792
2.37342
2.36931
2.36107
4.5086
4.40319
4.29858
4.19689
4.09898
4.00194
3.90604
3.8133
3.71809
3.62234
3.53802
3.45639
3.36448
3.27512
3.20408
3.13379
3.04999
2.96797
2.90916
2.85159
2.78386
2.7022
2.64366
2.60238
2.55438
2.49122
2.41656
2.37269
2.33647
2.29418
2.23729
2.18553
2.15657
2.1242
2.08363
2.02501
1.97369
1.95383
1.93158
1.90338
1.86134
1.82271
1.80021
1.77429
1.74333
1.69913
1.66507
1.65536
1.64255
1.6234
1.59489
1.55718
1.53666
1.51901
1.49909
1.47483
1.44733
1.437
1.42971
1.41688
1.39826
1.36637
1.33795
1.32993
1.31956
1.30762
1.29184
1.2756
1.26654
1.25587
1.24168
1.22153
1.19273
1.18009
1.17772
1.17263
1.16497
1.15396
1.13819
1.12385
1.10891
1.09523
1.08191
1.06907
1.06433
1.06141
1.05671
1.04949
1.03772
1.01754
0.997197
0.992476
0.990054
0.986312
0.981959
0.977319
0.972651
0.965955
0.953014
0.936445
0.930983
0.929541
0.928664
0.928863
0.929411
0.928414
0.925776
0.91968
0.913258
0.912026
0.911943
0.912985
0.916658
0.921126
0.922284
0.922241
0.921138
0.91898
0.918797
0.919775
0.922584
0.927881
0.935737
0.944315
0.950129
0.954383
0.961275
0.970088
0.978532
0.98989
1.00409
1.01811
1.03586
1.05556
1.06532
1.07301
1.08761
1.09844
1.10427
1.11339
1.13139
1.14717
1.15313
1.15941
1.1681
1.17069
1.17029
1.17148
1.17593
1.18413
1.19268
1.19565
1.19575
1.19462
1.19478
1.19557
1.19563
1.19619
1.19936
1.20429
1.20579
1.20604
1.20572
1.2044
1.20373
1.20388
1.20461
1.20638
1.20785
1.20786
1.20767
1.2076
1.20946
1.21967
1.24375
1.29082
1.39099
1.51443
1.65834
1.88519
2.04356
2.18228
2.36255
2.43876
2.4896
2.54189
2.55897
2.55983
2.554
2.54578
2.54095
2.53957
2.53859
2.53077
2.51796
2.50195
2.48366
2.46543
2.45484
2.44822
2.44162
2.43408
2.42576
2.41494
2.40408
2.39858
2.39459
2.3899
2.38253
2.37277
2.36163
2.34869
2.33857
2.33134
2.3251
2.3193
2.31303
2.30746
2.30061
2.29339
2.28993
2.29068
2.29608
2.31063
2.33901
2.39065
2.46341
2.56123
2.68968
2.81044
2.94664
3.09655
3.18773
3.27753
3.37248
3.41633
3.4467
3.47522
3.48557
3.48739
3.48643
3.48398
3.48335
3.48224
3.47351
3.46057
3.44722
3.43429
3.42196
3.41303
3.40695
3.39965
3.39208
3.38469
3.3761
3.36535
3.35585
3.34889
3.34195
3.33448
3.32634
3.31718
3.30682
3.29516
3.2835
3.2736
3.26468
3.25579
3.24703
3.23802
3.22826
3.21858
3.20924
3.20025
3.19201
3.18415
3.17605
3.16757
3.15891
3.15008
3.14139
3.13336
3.12553
3.11753
3.10904
3.09956
3.08904
3.07837
3.06898
3.0611
3.05358
3.04579
3.03728
3.02749
3.01598
3.00384
2.9937
2.98612
2.97898
2.9715
2.96343
2.95415
2.94303
2.93072
2.92012
2.91317
2.90688
2.90063
2.89415
2.88695
2.87817
2.86673
2.85486
2.84756
2.84216
2.83694
2.83172
2.82631
2.82009
2.812
2.80113
2.79009
2.78368
2.77898
2.77423
2.76927
2.76418
2.75861
2.7519
2.74364
2.73398
2.72357
2.71428
2.70755
2.70224
2.69686
2.69102
2.68473
2.67757
2.66941
2.66087
2.65231
2.644
2.63615
2.62944
2.62357
2.61747
2.61099
2.60405
2.59663
2.58913
2.58149
2.57344
2.56502
2.55755
2.5513
2.54532
2.53947
2.5337
2.52783
2.52144
2.51363
2.50336
2.49228
2.48491
2.48015
2.47597
2.47169
2.4669
2.46114
2.45324
2.44167
2.4303
2.42407
2.41966
2.41553
2.41149
2.40722
2.40198
2.39466
2.38394
2.3731
2.36812
2.36127
4.61866
4.52027
4.42258
4.32461
4.22845
4.13475
4.04151
3.95031
3.86423
3.78088
3.69572
3.61122
3.53366
3.45787
3.3746
3.29155
3.22466
3.16088
3.08634
3.00885
2.95127
2.89797
2.83636
2.76112
2.70364
2.66278
2.61608
2.55802
2.48946
2.44755
2.41542
2.37614
2.3222
2.2637
2.23123
2.19978
2.16291
2.11343
2.06991
2.04905
2.02523
1.99364
1.94645
1.89793
1.8784
1.85841
1.8345
1.80065
1.76841
1.75156
1.73235
1.70685
1.66968
1.62909
1.61753
1.60942
1.59458
1.57491
1.54561
1.5244
1.50828
1.48887
1.46754
1.43914
1.42418
1.4207
1.41354
1.39991
1.38024
1.34985
1.33142
1.32288
1.31141
1.2992
1.28281
1.27318
1.26788
1.25907
1.24385
1.21904
1.19416
1.18803
1.18652
1.18103
1.1717
1.16111
1.14947
1.13848
1.12482
1.11014
1.09427
1.08368
1.08044
1.0795
1.07621
1.06835
1.05617
1.03894
1.02198
1.01607
1.01322
1.00875
1.00343
0.998452
0.994532
0.989951
0.981925
0.966374
0.955196
0.953055
0.952469
0.952533
0.951049
0.948096
0.944493
0.93934
0.932601
0.92828
0.927182
0.926758
0.926833
0.927997
0.927431
0.925341
0.921466
0.917806
0.917056
0.91724
0.918501
0.92151
0.925524
0.92785
0.928571
0.930315
0.933779
0.93823
0.945847
0.957476
0.969637
0.982109
0.997345
1.012
1.02428
1.0356
1.04688
1.05837
1.07294
1.08633
1.09947
1.11385
1.13372
1.14634
1.1485
1.15053
1.15494
1.16242
1.17116
1.17713
1.18549
1.19538
1.19723
1.19734
1.19604
1.19501
1.19485
1.19573
1.19752
1.20245
1.20951
1.22142
1.247
1.29083
1.38324
1.53618
1.68243
1.88631
2.11375
2.22773
2.35937
2.47375
2.50236
2.53462
2.55943
2.57467
2.57778
2.5742
2.56437
2.55291
2.54423
2.53635
2.53197
2.52542
2.51344
2.4973
2.47936
2.46124
2.45091
2.4458
2.44044
2.4341
2.42633
2.41629
2.40673
2.40096
2.39616
2.39061
2.38395
2.37581
2.36608
2.35427
2.34454
2.33957
2.33572
2.33054
2.32391
2.3168
2.31055
2.30355
2.29639
2.29091
2.28613
2.28107
2.27576
2.27087
2.26853
2.26402
2.26162
2.26297
2.27033
2.29474
2.33735
2.4065
2.49787
2.60529
2.74666
2.87264
2.99065
3.13336
3.22447
3.28689
3.35919
3.40051
3.41678
3.43322
3.43859
3.4419
3.43995
3.43649
3.43051
3.41872
3.40866
3.39664
3.38872
3.3844
3.37976
3.37308
3.36432
3.35421
3.34235
3.33206
3.32338
3.31586
3.30874
3.30082
3.29159
3.28185
3.27177
3.26156
3.25246
3.24433
3.23688
3.23014
3.22302
3.21504
3.20644
3.19712
3.18743
3.17815
3.16999
3.16198
3.15378
3.14542
3.13675
3.1277
3.11818
3.10788
3.09696
3.08631
3.07652
3.0678
3.05964
3.05147
3.04286
3.03332
3.02262
3.01131
3.00043
2.99147
2.9838
2.97655
2.96928
2.96155
2.95269
2.94256
2.93174
2.92228
2.91472
2.90853
2.90286
2.89707
2.89066
2.88283
2.87293
2.86162
2.85245
2.84664
2.84175
2.837
2.83209
2.82656
2.81963
2.8105
2.79924
2.78865
2.78186
2.77653
2.77133
2.76626
2.76122
2.75567
2.74878
2.73979
2.72844
2.7162
2.7069
2.70018
2.69416
2.68883
2.68349
2.67771
2.67106
2.66307
2.65312
2.64092
2.63007
2.62352
2.61808
2.61304
2.60821
2.60311
2.59753
2.59096
2.58234
2.57078
2.55903
2.55197
2.54721
2.5426
2.53795
2.53308
2.52774
2.5213
2.51294
2.50262
2.49226
2.48504
2.48025
2.47569
2.47076
2.46527
2.45868
2.45019
2.44
2.43059
2.42429
2.41957
2.41534
2.41116
2.40652
2.40067
2.3923
2.38029
2.37064
2.36288
4.74978
4.65768
4.56533
4.47024
4.37212
4.27354
4.18054
4.09381
4.00818
3.92446
3.84656
3.76872
3.68488
3.60367
3.53438
3.46535
3.38862
3.31376
3.25207
3.19168
3.1225
3.04873
2.99182
2.94043
2.8833
2.81501
2.7598
2.71907
2.67438
2.61999
2.55476
2.51293
2.48034
2.4414
2.39076
2.33426
2.30288
2.27516
2.24157
2.19465
2.14743
2.12251
2.09615
2.06421
2.0208
1.98051
1.96341
1.94504
1.92034
1.88381
1.84102
1.82077
1.80176
1.78004
1.75195
1.7208
1.7072
1.69495
1.67575
1.64817
1.60732
1.58677
1.58078
1.56837
1.55242
1.5297
1.5108
1.49882
1.48306
1.46237
1.43414
1.41197
1.40798
1.40546
1.39506
1.38025
1.36033
1.33936
1.32655
1.31348
1.30089
1.2856
1.27431
1.27034
1.26562
1.25575
1.23871
1.21409
1.19556
1.19229
1.18868
1.18029
1.1718
1.16286
1.15447
1.14345
1.12862
1.11288
1.09675
1.09047
1.08891
1.08648
1.08055
1.07232
1.06132
1.04414
1.03001
1.02263
1.01728
1.01318
1.00896
1.00494
1.00019
0.993587
0.982503
0.965186
0.9564
0.954975
0.954947
0.953968
0.951002
0.947725
0.944332
0.938269
0.928022
0.923251
0.922513
0.922185
0.922781
0.924932
0.926609
0.92646
0.924973
0.921671
0.92029
0.920328
0.920926
0.92296
0.926957
0.930937
0.932748
0.933589
0.934307
0.936231
0.939409
0.944526
0.953299
0.964807
0.976449
0.98837
0.999093
1.00796
1.01837
1.03121
1.03993
1.04953
1.06723
1.0857
1.09776
1.10819
1.12115
1.12558
1.12817
1.13754
1.14993
1.15838
1.1832
1.23587
1.31218
1.47341
1.65623
1.82809
2.07709
2.22702
2.32379
2.43678
2.50269
2.52471
2.55548
2.57659
2.582
2.58498
2.58629
2.58663
2.5844
2.57865
2.57016
2.56091
2.55165
2.5401
2.52342
2.50666
2.48857
2.47314
2.46465
2.45719
2.44954
2.4431
2.43679
2.42974
2.42229
2.41594
2.41093
2.40502
2.39712
2.38771
2.37709
2.36558
2.35767
2.35348
2.3495
2.34447
2.33842
2.33086
2.3243
2.32077
2.318
2.31499
2.31045
2.30433
2.29597
2.28629
2.27723
2.26916
2.26292
2.25772
2.25182
2.24522
2.23871
2.23468
2.23334
2.23431
2.24077
2.25244
2.27093
2.30769
2.36267
2.4454
2.55373
2.66333
2.79964
2.93273
3.02849
3.13241
3.22831
3.27725
3.31684
3.35733
3.38268
3.38881
3.39483
3.40137
3.40442
3.40292
3.39988
3.39645
3.38791
3.37743
3.36865
3.35969
3.3517
3.34442
3.33719
3.32971
3.3201
3.30997
3.29992
3.28988
3.28077
3.27278
3.26625
3.26016
3.25321
3.24512
3.23562
3.22499
3.21395
3.20318
3.19324
3.1837
3.17409
3.16411
3.15379
3.14352
3.13328
3.12266
3.11217
3.10195
3.09215
3.08256
3.07359
3.06483
3.0565
3.04799
3.03935
3.03017
3.02056
3.01122
3.00235
2.99416
2.98686
2.98009
2.97336
2.96602
2.95781
2.94872
2.93953
2.93114
2.92399
2.91797
2.91226
2.90614
2.89891
2.88994
2.87957
2.86967
2.86198
2.85576
2.85025
2.84511
2.8396
2.83293
2.82417
2.81294
2.80119
2.79184
2.78507
2.7794
2.77385
2.76845
2.76282
2.75606
2.74711
2.73497
2.72134
2.71127
2.7047
2.69952
2.69438
2.68888
2.68297
2.67609
2.66677
2.65389
2.64084
2.63199
2.62671
2.62198
2.61721
2.61225
2.60686
2.60087
2.59328
2.58269
2.57101
2.56227
2.55628
2.55135
2.54644
2.54123
2.53567
2.52978
2.52322
2.51555
2.50722
2.49906
2.49103
2.48365
2.47733
2.4716
2.4661
2.46047
2.45416
2.44675
2.43826
2.42924
2.4213
2.41575
2.41108
2.40609
2.40035
2.39273
2.38345
2.37004
4.9142
4.82575
4.73453
4.63696
4.53273
4.42706
4.33098
4.24745
4.16894
4.09001
4.00738
3.92114
3.83893
3.76194
3.68383
3.61021
3.54794
3.48662
3.4159
3.33753
3.27562
3.22168
3.1602
3.09043
3.03456
2.98722
2.93525
2.87167
2.81405
2.77212
2.72784
2.67699
2.61727
2.57626
2.54309
2.50553
2.4591
2.40423
2.37055
2.34115
2.30779
2.26409
2.21768
2.19216
2.16705
2.13874
2.09979
2.05795
2.03626
2.01411
1.98775
1.95211
1.9129
1.89656
1.88111
1.86055
1.83202
1.79512
1.77678
1.76053
1.73892
1.71224
1.68185
1.67078
1.66316
1.64694
1.62385
1.59064
1.569
1.56107
1.54771
1.53038
1.50882
1.4954
1.4884
1.47699
1.45843
1.43148
1.40595
1.40039
1.39797
1.38847
1.37517
1.35959
1.34619
1.33492
1.32088
1.30414
1.28443
1.27521
1.27338
1.27024
1.26155
1.249
1.2336
1.21239
1.20184
1.19712
1.1894
1.17897
1.17168
1.1682
1.16217
1.15077
1.13248
1.11503
1.10884
1.10377
1.09841
1.0947
1.09004
1.08355
1.07299
1.05798
1.0456
1.03843
1.03204
1.0265
1.0242
1.02213
1.01816
1.01142
1.00047
0.98468
0.976316
0.975047
0.974779
0.972482
0.968916
0.965465
0.961989
0.95744
0.948572
0.940413
0.938869
0.938295
0.938029
0.937689
0.937194
0.936423
0.934151
0.929227
0.925944
0.925394
0.925205
0.925812
0.927202
0.927227
0.926586
0.925288
0.923745
0.924087
0.925555
0.929508
0.936785
0.943961
0.951428
0.959637
0.968718
0.980411
0.989807
1.00301
1.0201
1.05702
1.13681
1.25153
1.4741
1.6764
1.86305
2.10707
2.21992
2.29677
2.3787
2.4198
2.43855
2.46189
2.47462
2.48348
2.49441
2.49957
2.50585
2.51442
2.5124
2.50938
2.50844
2.49895
2.49655
2.49476
2.48707
2.48367
2.47559
2.47183
2.47001
2.46725
2.46745
2.46667
2.46194
2.4563
2.44994
2.44285
2.43727
2.43198
2.42484
2.41546
2.40333
2.38842
2.37913
2.37455
2.37281
2.37213
2.36882
2.3635
2.35516
2.34767
2.34234
2.3382
2.33453
2.32723
2.31935
2.31269
2.30235
2.29032
2.28426
2.2769
2.26894
2.26491
2.26113
2.25636
2.25146
2.24597
2.24307
2.23996
2.23604
2.23292
2.23144
2.22856
2.22441
2.22596
2.23151
2.24059
2.26534
2.31405
2.37911
2.46914
2.57732
2.69435
2.81895
2.93373
3.05205
3.13634
3.20083
3.27583
3.32129
3.33074
3.35034
3.37146
3.37591
3.37607
3.38537
3.39297
3.39007
3.38416
3.37656
3.36543
3.35743
3.35124
3.34391
3.33622
3.32861
3.32032
3.31169
3.30119
3.28906
3.27663
3.26424
3.25202
3.24196
3.23313
3.22393
3.21452
3.20479
3.19417
3.18285
3.17189
3.16163
3.15218
3.14415
3.13629
3.12783
3.11909
3.11008
3.10013
3.09028
3.08189
3.07436
3.06699
3.05952
3.05185
3.04349
3.03439
3.02524
3.01689
3.0097
3.00296
2.99619
2.9891
2.98121
2.97231
2.96303
2.95426
2.94636
2.9396
2.93282
2.92545
2.91731
2.90819
2.89849
2.88892
2.88029
2.8728
2.86636
2.86007
2.85288
2.84429
2.83412
2.82329
2.8133
2.80487
2.79792
2.79112
2.78479
2.77857
2.77106
2.76132
2.74906
2.73665
2.72814
2.72183
2.71616
2.71046
2.70418
2.69708
2.68827
2.67659
2.66377
2.65414
2.64744
2.64178
2.63645
2.63093
2.62474
2.61743
2.60902
2.5997
2.59056
2.58332
2.57727
2.57126
2.56478
2.55731
2.54911
2.5417
2.53583
2.53047
2.52501
2.51899
2.51135
2.50092
2.49027
2.48335
2.47833
2.47368
2.469
2.4638
2.45723
2.44829
2.43705
2.4269
2.42119
2.41689
2.41236
2.40714
2.40139
2.38821
5.1048
5.02947
4.9411
4.83563
4.71543
4.59869
4.50401
4.42515
4.35071
4.27385
4.18906
4.09514
4.00118
3.91627
3.84481
3.78472
3.72081
3.64458
3.57123
3.50763
3.43924
3.36278
3.30255
3.25814
3.20974
3.14857
3.07736
3.02551
2.98135
2.92938
2.86823
2.82174
2.78399
2.74224
2.68912
2.63594
2.60054
2.56452
2.5239
2.47172
2.43307
2.40547
2.37408
2.33857
2.29089
2.2583
2.23258
2.20362
2.17015
2.12798
2.10345
2.08112
2.05558
2.02631
1.99096
1.97059
1.94945
1.92341
1.89135
1.86209
1.84996
1.83339
1.80991
1.78066
1.75709
1.74423
1.7278
1.70515
1.67614
1.65214
1.64472
1.63607
1.62076
1.59941
1.57342
1.55848
1.54679
1.5318
1.51285
1.49184
1.4823
1.47701
1.46791
1.45334
1.4314
1.40499
1.39653
1.39151
1.38223
1.36921
1.35543
1.34758
1.33988
1.32826
1.3093
1.28564
1.27727
1.27548
1.27165
1.2632
1.25267
1.24343
1.23401
1.21828
1.19574
1.18888
1.18609
1.18191
1.17479
1.16853
1.16238
1.15269
1.1378
1.12065
1.10876
1.10538
1.10326
1.09986
1.09536
1.08936
1.08044
1.06572
1.04952
1.04089
1.03532
1.03234
1.03133
1.02935
1.02438
1.01656
1.00421
0.989659
0.980537
0.97713
0.975195
0.973221
0.971326
0.968987
0.965067
0.957111
0.944183
0.936685
0.935138
0.934388
0.934378
0.935381
0.935066
0.933928
0.931721
0.926764
0.923112
0.922563
0.922586
0.923655
0.927079
0.929883
0.930837
0.932753
0.940203
0.956423
1.01206
1.11752
1.24479
1.48353
1.69352
1.84382
2.04899
2.15141
2.19266
2.21926
2.23439
2.2537
2.27561
2.28237
2.28316
2.28794
2.29231
2.29709
2.30759
2.31071
2.31369
2.32086
2.32586
2.33434
2.34242
2.35077
2.36393
2.37559
2.38062
2.38652
2.39158
2.39606
2.40625
2.41299
2.41868
2.42549
2.42483
2.41871
2.41286
2.40734
2.40615
2.40833
2.40637
2.40215
2.3961
2.38938
2.38623
2.3855
2.38741
2.38539
2.38223
2.37848
2.37054
2.36447
2.35735
2.34881
2.34197
2.33119
2.32099
2.31552
2.30741
2.30085
2.29821
2.29428
2.28856
2.28446
2.28079
2.2774
2.27418
2.26926
2.26232
2.25648
2.24955
2.23964
2.23236
2.22571
2.21732
2.21239
2.20765
2.20411
2.20032
2.1993
2.2001
2.20427
2.21619
2.23535
2.26973
2.32204
2.39274
2.48999
2.58911
2.70194
2.83322
2.92452
3.01572
3.12407
3.17708
3.22091
3.27451
3.30837
3.31728
3.33758
3.36103
3.36532
3.37481
3.38942
3.39828
3.39426
3.38833
3.38014
3.36846
3.35863
3.34908
3.33658
3.32408
3.31199
3.30001
3.28781
3.27572
3.26348
3.25207
3.24114
3.23009
3.21892
3.20806
3.19869
3.19054
3.18292
3.17593
3.16835
3.15973
3.14991
3.13988
3.13035
3.12232
3.11531
3.10918
3.10293
3.09571
3.08718
3.07756
3.06728
3.05737
3.04889
3.04202
3.03576
3.02935
3.0218
3.01339
3.00359
2.99311
2.98404
2.9758
2.9686
2.96171
2.95427
2.94572
2.93568
2.92552
2.91528
2.90574
2.89788
2.89027
2.88293
2.87499
2.86547
2.85526
2.84524
2.83592
2.82792
2.81982
2.81201
2.80465
2.79616
2.78629
2.77551
2.76538
2.75733
2.75071
2.74433
2.73736
2.72946
2.72026
2.70945
2.69801
2.68817
2.68084
2.67446
2.66801
2.6615
2.65428
2.64532
2.63463
2.62429
2.61699
2.61182
2.60679
2.6011
2.59423
2.58526
2.57368
2.56363
2.55821
2.55381
2.54926
2.54436
2.53838
2.52992
2.51824
2.50695
2.49999
2.49522
2.49067
2.48596
2.48062
2.47368
2.46393
2.45133
2.44076
2.4358
2.43182
2.42735
2.42309
2.41281
5.28413
5.21616
5.139
5.0452
4.92819
4.80209
4.70417
4.63042
4.55974
4.48419
4.39814
4.29329
4.17737
4.09253
4.02875
3.96469
3.90227
3.83807
3.76303
3.67032
3.58106
3.52877
3.48449
3.42642
3.35946
3.30651
3.25471
3.19217
3.11594
3.06154
3.02938
2.99325
2.94588
2.88376
2.83396
2.7954
2.75323
2.70021
2.65357
2.62351
2.5918
2.555
2.50535
2.46318
2.43411
2.40268
2.36681
2.3221
2.2925
2.2699
2.24192
2.21178
2.17168
2.13919
2.11828
2.09333
2.06642
2.03943
2.01169
1.98638
1.96323
1.94157
1.92159
1.89989
1.87125
1.84113
1.82379
1.80984
1.79343
1.77251
1.74521
1.72648
1.71426
1.69934
1.68099
1.65425
1.63021
1.62179
1.61255
1.60002
1.5823
1.55977
1.54629
1.53466
1.52051
1.5038
1.48219
1.47001
1.46495
1.45773
1.44752
1.4306
1.40962
1.3968
1.38571
1.37618
1.36433
1.35263
1.34668
1.34014
1.33169
1.31934
1.29802
1.28287
1.27491
1.26859
1.26166
1.25746
1.2521
1.24339
1.23115
1.21374
1.19997
1.19434
1.18941
1.18198
1.17686
1.17188
1.16538
1.15728
1.14617
1.12784
1.11731
1.11401
1.10937
1.10388
1.10064
1.09754
1.09235
1.08179
1.06261
1.04902
1.04619
1.04485
1.043
1.03897
1.03402
1.02885
1.02192
1.00897
0.994209
0.990144
0.988649
0.986998
0.985156
0.983038
0.979768
0.973606
0.961969
0.953291
0.951789
0.950856
0.951509
0.954161
0.962256
0.98082
1.01157
1.09015
1.22037
1.36345
1.61281
1.82034
1.94551
2.10837
2.194
2.20728
2.2023
2.19536
2.18997
2.19107
2.18902
2.18256
2.17457
2.16039
2.14875
2.14564
2.14709
2.15472
2.16082
2.16108
2.15783
2.15154
2.14865
2.14962
2.15854
2.17208
2.17639
2.18045
2.18531
2.18758
2.1939
2.20121
2.21139
2.22594
2.235
2.24749
2.25387
2.25783
2.26757
2.27433
2.28253
2.29728
2.30544
2.30982
2.31986
2.32739
2.33006
2.33436
2.33988
2.33611
2.33119
2.33288
2.32788
2.32594
2.32566
2.32117
2.32112
2.31835
2.31639
2.31581
2.31213
2.31012
2.30919
2.30829
2.3084
2.30589
2.29996
2.29278
2.28855
2.28299
2.27317
2.26376
2.25921
2.2521
2.24161
2.23629
2.23108
2.22437
2.22136
2.22011
2.21775
2.21452
2.2103
2.2065
2.20485
2.20563
2.20278
2.1991
2.20079
2.20593
2.2128
2.22692
2.26129
2.31406
2.3787
2.46734
2.57
2.67006
2.78766
2.90291
2.98359
3.06513
3.167
3.21678
3.24882
3.29681
3.32458
3.32892
3.34615
3.36603
3.36617
3.37086
3.38197
3.38665
3.38501
3.37594
3.36302
3.35242
3.34199
3.33234
3.32268
3.31236
3.30195
3.29113
3.2767
3.26109
3.24661
3.23497
3.22567
3.21789
3.21033
3.20343
3.19596
3.18794
3.17972
3.17259
3.16642
3.16074
3.15479
3.14805
3.14025
3.13128
3.12132
3.11191
3.10382
3.09664
3.09034
3.08339
3.0754
3.06604
3.05511
3.0439
3.03298
3.02425
3.01606
3.00801
2.99953
2.99052
2.98062
2.9695
2.95854
2.94872
2.94005
2.93163
2.92331
2.91483
2.90576
2.89581
2.88594
2.87662
2.86779
2.85893
2.84995
2.84163
2.83306
2.82338
2.81398
2.80492
2.79663
2.7896
2.78186
2.77332
2.76417
2.75359
2.74272
2.73346
2.72537
2.7183
2.71161
2.70416
2.69599
2.68631
2.67388
2.66274
2.65479
2.64865
2.6439
2.63865
2.63222
2.62356
2.61131
2.59835
2.5909
2.58601
2.58112
2.57609
2.57072
2.56424
2.55531
2.54355
2.53224
2.52494
2.51994
2.51526
2.51024
2.5044
2.49705
2.48699
2.47441
2.4642
2.45877
2.45432
2.45042
2.44146
5.68148
5.5596
5.40687
5.27856
5.14827
5.02018
4.9257
4.85241
4.78003
4.70286
4.61549
4.51263
4.4025
4.30652
4.23262
4.17431
4.11415
4.03948
3.95041
3.85903
3.77629
3.70383
3.64897
3.60692
3.56034
3.49991
3.41268
3.3277
3.28381
3.24347
3.19014
3.13527
3.09838
3.05769
3.0061
2.93617
2.87207
2.84213
2.81696
2.78437
2.73963
2.68799
2.64997
2.61417
2.57541
2.52753
2.48904
2.46652
2.44108
2.41136
2.3738
2.32695
2.29711
2.27344
2.24731
2.21858
2.18204
2.15645
2.13804
2.11467
2.08944
2.05498
2.01988
2.00372
1.98653
1.96663
1.94375
1.91147
1.89244
1.87813
1.85968
1.83952
1.80878
1.78508
1.77415
1.75953
1.74494
1.72524
1.6997
1.68683
1.67425
1.65929
1.64135
1.61389
1.59987
1.59215
1.58094
1.57019
1.55238
1.53299
1.52233
1.50976
1.49678
1.48064
1.46139
1.45448
1.4481
1.43903
1.43049
1.41483
1.39613
1.38439
1.37107
1.36269
1.35648
1.34451
1.33606
1.33067
1.32232
1.31157
1.29958
1.2823
1.26627
1.26173
1.26011
1.25581
1.24959
1.24361
1.23381
1.21589
1.19558
1.1895
1.18926
1.18663
1.17998
1.17281
1.16634
1.15831
1.14736
1.1347
1.1248
1.11783
1.11002
1.10583
1.1039
1.10117
1.09586
1.08578
1.06854
1.05566
1.05328
1.05135
1.04788
1.04302
1.03751
1.03176
1.02462
1.01179
0.99757
0.996812
0.998628
1.01061
1.043
1.10151
1.22945
1.38625
1.56219
1.84489
2.00688
2.12782
2.26487
2.31724
2.31461
2.29439
2.27316
2.2602
2.25183
2.23696
2.21953
2.19839
2.17257
2.15862
2.15406
2.15444
2.15745
2.15515
2.15073
2.14401
2.13886
2.13598
2.13416
2.13584
2.13658
2.13042
2.11994
2.1102
2.10365
2.09826
2.09608
2.09355
2.08748
2.08381
2.07843
2.0718
2.06744
2.06662
2.07071
2.0743
2.07882
2.08203
2.08258
2.08564
2.09543
2.10563
2.11557
2.13168
2.14391
2.15122
2.16153
2.16653
2.17099
2.18087
2.18858
2.19547
2.20557
2.21807
2.22233
2.22686
2.23435
2.24571
2.25009
2.24999
2.25085
2.25368
2.25906
2.25816
2.25435
2.25215
2.25146
2.25311
2.25114
2.24718
2.2466
2.24723
2.24434
2.24319
2.24335
2.24014
2.23865
2.23759
2.23748
2.23435
2.22562
2.2182
2.21457
2.21226
2.20708
2.19876
2.19494
2.19177
2.18437
2.18298
2.18106
2.18118
2.18535
2.19348
2.20537
2.22446
2.25803
2.30909
2.37786
2.44906
2.54138
2.65032
2.73749
2.84619
2.94837
3.0104
3.08907
3.1779
3.20794
3.24035
3.28793
3.31548
3.31822
3.33411
3.35964
3.36901
3.3748
3.38523
3.3912
3.39107
3.39012
3.38296
3.36836
3.35651
3.3465
3.33452
3.32308
3.31361
3.30534
3.29721
3.28725
3.27458
3.26052
3.24723
3.23544
3.22549
3.21798
3.21087
3.20376
3.19628
3.18868
3.17982
3.1711
3.16275
3.15466
3.14562
3.1371
3.12886
3.11936
3.10879
3.09895
3.08981
3.07994
3.06997
3.06068
3.05168
3.04163
3.03066
3.01954
3.00933
2.99973
2.98965
2.9802
2.97101
2.96208
2.95253
2.94252
2.93299
2.92401
2.91511
2.90603
2.89645
2.88784
2.87882
2.86948
2.86035
2.85066
2.84233
2.83415
2.82508
2.81595
2.80584
2.79542
2.78585
2.77668
2.76888
2.762
2.75428
2.74537
2.73555
2.72442
2.71265
2.70296
2.69493
2.68802
2.68277
2.6769
2.66904
2.65922
2.64668
2.63495
2.62784
2.62185
2.61635
2.6108
2.60494
2.59787
2.58809
2.57636
2.56513
2.55761
2.55293
2.5481
2.54271
2.53643
2.52836
2.51721
2.50466
2.49563
2.48974
2.48574
2.47729
5.37147
5.64343
5.65742
5.63214
5.56132
5.39641
5.22839
5.10191
5.01201
4.92979
4.8389
4.73238
4.62344
4.53652
4.46756
4.40426
4.34171
4.27074
4.18064
4.06332
3.96201
3.91311
3.8685
3.80911
3.74489
3.68532
3.61341
3.5286
3.44382
3.3948
3.36502
3.33136
3.28732
3.22197
3.1386
3.08672
3.04924
3.00839
2.95713
2.92236
2.89604
2.85791
2.8094
2.74233
2.68841
2.66544
2.64556
2.61969
2.5853
2.53938
2.50297
2.46984
2.43665
2.39804
2.36045
2.34168
2.32349
2.29841
2.27131
2.23016
2.19119
2.17027
2.14883
2.12789
2.09956
2.07388
2.05816
2.03711
2.01377
1.98304
1.94867
1.93424
1.91936
1.90233
1.88492
1.85774
1.83921
1.82481
1.80705
1.78873
1.76081
1.74066
1.73108
1.7169
1.70451
1.68894
1.6655
1.65282
1.64021
1.62553
1.61034
1.58671
1.57287
1.56604
1.55534
1.546
1.53411
1.51283
1.50054
1.48944
1.47545
1.465
1.4509
1.43707
1.43245
1.42609
1.41616
1.40568
1.39103
1.36968
1.3604
1.35533
1.34783
1.34133
1.33636
1.32781
1.31369
1.30267
1.29204
1.27871
1.27067
1.26371
1.2548
1.25029
1.24655
1.2408
1.23229
1.21877
1.20013
1.1912
1.19
1.18757
1.18202
1.17581
1.16884
1.16072
1.15186
1.14081
1.1313
1.12271
1.1154
1.11237
1.11045
1.10748
1.10096
1.09118
1.08517
1.08931
1.11487
1.16809
1.27338
1.46889
1.64913
1.87955
2.14667
2.25224
2.35635
2.45078
2.47705
2.46971
2.44135
2.40525
2.38408
2.35967
2.33648
2.32163
2.30675
2.28436
2.25988
2.25196
2.24901
2.2463
2.24374
2.23917
2.23355
2.22435
2.21167
2.20253
2.19475
2.18589
2.17619
2.16618
2.15322
2.13753
2.128
2.11748
2.10737
2.10124
2.09332
2.08172
2.07218
2.06749
2.06508
2.06502
2.06254
2.05719
2.0535
2.05161
2.04928
2.048
2.05047
2.04984
2.0451
2.04034
2.03255
2.02484
2.02081
2.01761
2.01821
2.0241
2.02337
2.01961
2.01583
2.01251
2.0116
2.015
2.03061
2.04856
2.05431
2.0579
2.06682
2.07546
2.0803
2.08722
2.10176
2.11428
2.12252
2.13417
2.14402
2.14516
2.14695
2.15382
2.16273
2.16669
2.17206
2.18169
2.18668
2.18525
2.18384
2.18433
2.18823
2.18716
2.18192
2.18106
2.18293
2.18722
2.18779
2.1853
2.18488
2.18668
2.18575
2.18317
2.18379
2.18521
2.18782
2.19127
2.18852
2.18437
2.18109
2.17976
2.17939
2.18113
2.18564
2.20237
2.23199
2.27074
2.32753
2.39467
2.47311
2.58406
2.67671
2.75498
2.86602
2.97906
3.03475
3.09644
3.18589
3.22547
3.25578
3.30247
3.31859
3.33204
3.36061
3.38347
3.38901
3.40403
3.42488
3.43526
3.43395
3.42539
3.41701
3.40623
3.39259
3.37892
3.36754
3.3544
3.33871
3.32408
3.31186
3.30044
3.2883
3.27476
3.26186
3.24873
3.23677
3.22448
3.21186
3.19986
3.19067
3.18277
3.17494
3.16852
3.16245
3.1544
3.14462
3.13542
3.12597
3.11664
3.10675
3.09881
3.08989
3.0797
3.07005
3.06054
3.05144
3.04115
3.03117
3.02154
3.01139
3.00032
2.98998
2.98035
2.97094
2.96129
2.95108
2.94161
2.93156
2.92214
2.91194
2.90182
2.89254
2.88359
2.87526
2.86493
2.85433
2.84399
2.83499
2.82651
2.81819
2.81015
2.80218
2.79332
2.78289
2.77138
2.75967
2.75044
2.74184
2.73423
2.72776
2.7207
2.71293
2.70238
2.68958
2.67846
2.67001
2.66428
2.65843
2.65187
2.64476
2.63625
2.62589
2.61361
2.60312
2.5972
2.59256
2.58806
2.58286
2.57526
2.56471
2.55139
2.53987
2.5339
2.52953
2.52092
2.86035
3.97728
4.76201
5.13803
5.47929
5.58992
5.57551
5.51724
5.40174
5.26428
5.13881
5.01943
4.90134
4.78561
4.69438
4.62798
4.56134
4.48502
4.40423
4.3193
4.23079
4.13967
4.07055
4.02548
3.97444
3.90667
3.81034
3.69868
3.64726
3.61387
3.56734
3.50781
3.46101
3.41116
3.34394
3.26369
3.1918
3.15756
3.13583
3.10717
3.06954
3.011
2.93483
2.88871
2.85725
2.82519
2.78235
2.75126
2.73083
2.699
2.65649
2.59955
2.54464
2.52039
2.50606
2.48658
2.46387
2.42906
2.38694
2.35384
2.32355
2.29524
2.26097
2.23869
2.22612
2.20846
2.1854
2.15574
2.1105
2.08293
2.06718
2.05113
2.03185
2.0074
1.99222
1.97581
1.95423
1.92789
1.89227
1.87401
1.86369
1.84969
1.83687
1.81895
1.79661
1.7817
1.7647
1.74742
1.72651
1.70241
1.69305
1.68488
1.67222
1.66108
1.64398
1.62242
1.61109
1.59762
1.58391
1.5707
1.55186
1.54254
1.53685
1.52672
1.51611
1.50374
1.48195
1.46828
1.46003
1.44794
1.44124
1.43618
1.4235
1.41121
1.40472
1.3954
1.38406
1.37119
1.35188
1.34204
1.34017
1.3361
1.32998
1.32309
1.3108
1.29816
1.28755
1.27643
1.2689
1.26169
1.25425
1.25056
1.24641
1.24041
1.23257
1.21961
1.20082
1.19236
1.18984
1.18646
1.18248
1.17903
1.17567
1.17848
1.19269
1.24146
1.32515
1.50217
1.74435
1.9402
2.22245
2.43778
2.51278
2.58408
2.64122
2.64886
2.63711
2.59985
2.55151
2.51744
2.48916
2.47281
2.46247
2.44938
2.42966
2.40272
2.38885
2.3839
2.381
2.38144
2.37708
2.36892
2.3569
2.34032
2.32579
2.31385
2.30132
2.28895
2.27666
2.26351
2.24919
2.23227
2.21392
2.20377
2.19569
2.18612
2.17641
2.16719
2.15692
2.14495
2.13694
2.13101
2.12481
2.11772
2.10933
2.09964
2.0921
2.08448
2.07485
2.0675
2.06139
2.05143
2.03915
2.03425
2.02802
2.02033
2.01677
2.01123
2.00149
1.996
1.99387
1.99317
1.99571
1.99997
1.99861
1.99355
1.98567
1.98113
1.97852
1.97677
1.97774
1.98181
1.98143
1.97685
1.96935
1.96458
1.96194
1.96033
1.96324
1.97477
1.97652
1.97753
1.98177
1.98279
1.98441
1.9927
2.0093
2.02482
2.03557
2.04293
2.05333
2.06128
2.06491
2.06848
2.07473
2.08756
2.09451
2.09931
2.10508
2.11548
2.11831
2.11744
2.11936
2.12187
2.1246
2.12734
2.12314
2.11878
2.11888
2.12341
2.12553
2.1219
2.12114
2.12338
2.13184
2.13394
2.13551
2.1425
2.15701
2.18254
2.21612
2.24598
2.28437
2.34981
2.42478
2.50374
2.60163
2.68926
2.77133
2.88397
2.98042
3.03719
3.09836
3.18628
3.23834
3.25612
3.2905
3.34245
3.35756
3.35684
3.37456
3.4048
3.41032
3.41205
3.42655
3.44068
3.44494
3.44203
3.43241
3.41935
3.40532
3.38802
3.37287
3.35918
3.34318
3.32743
3.31293
3.29832
3.2854
3.27318
3.26052
3.24808
3.23567
3.22225
3.20963
3.19796
3.18708
3.17668
3.17009
3.16428
3.15664
3.14773
3.13894
3.13027
3.12018
3.11132
3.10304
3.09434
3.08418
3.0736
3.06298
3.05216
3.04167
3.03201
3.02223
3.01198
3.00157
2.991
2.97992
2.96814
2.95767
2.94824
2.93901
2.92833
2.91744
2.90644
2.89629
2.88642
2.87699
2.86904
2.86144
2.85339
2.84364
2.83323
2.82209
2.81127
2.80133
2.79272
2.7857
2.7788
2.77106
2.76114
2.74955
2.73807
2.72708
2.71938
2.71359
2.70689
2.69946
2.69036
2.67905
2.6668
2.65526
2.64789
2.64241
2.63725
2.63236
2.62518
2.61527
2.60142
2.58759
2.58073
2.57617
2.56743
1.46624
1.65917
2.08746
2.60997
3.58252
4.43974
4.83833
5.3017
5.50556
5.51632
5.46779
5.37298
5.28187
5.17666
5.06601
4.95012
4.82159
4.71543
4.62964
4.54153
4.45068
4.38471
4.33832
4.28204
4.20284
4.11381
4.03805
3.96329
3.88762
3.8086
3.76162
3.7273
3.6792
3.61445
3.51726
3.43001
3.39799
3.36863
3.32721
3.27361
3.23341
3.18949
3.12915
3.06133
2.99638
2.96521
2.94787
2.92567
2.89484
2.85188
2.78018
2.7226
2.69977
2.67832
2.6516
2.61587
2.59185
2.56928
2.53381
2.48859
2.43486
2.40183
2.38783
2.37826
2.36159
2.33784
2.29983
2.26
2.23045
2.20746
2.18114
2.1561
2.14399
2.13263
2.1158
2.09338
2.05368
2.01196
1.9979
1.98732
1.9747
1.95551
1.93798
1.92572
1.90775
1.88419
1.85289
1.8247
1.8144
1.80703
1.79594
1.78523
1.77061
1.74854
1.73011
1.71202
1.69636
1.67935
1.66129
1.65411
1.64858
1.63813
1.62587
1.60918
1.58383
1.57139
1.5616
1.54953
1.54091
1.52973
1.51855
1.513
1.50384
1.49075
1.47526
1.45458
1.4426
1.4386
1.43194
1.4241
1.41846
1.40822
1.39501
1.3848
1.37349
1.36299
1.35027
1.33946
1.33664
1.33364
1.32673
1.31937
1.31008
1.29401
1.28222
1.27319
1.26516
1.2619
1.26014
1.26554
1.27942
1.32498
1.4172
1.55339
1.82343
2.07708
2.29095
2.58732
2.72625
2.77345
2.80605
2.81732
2.82518
2.80861
2.77022
2.72281
2.66516
2.62668
2.61022
2.60454
2.59828
2.58538
2.56878
2.54633
2.53126
2.52434
2.5192
2.51722
2.51045
2.49963
2.48625
2.46696
2.44359
2.42814
2.41688
2.40604
2.39458
2.38174
2.36618
2.346
2.32964
2.32066
2.31279
2.30475
2.29528
2.28422
2.27068
2.25556
2.2459
2.23807
2.22952
2.22037
2.21042
2.19784
2.18272
2.17206
2.1634
2.15458
2.14663
2.13863
2.12833
2.11372
2.10203
2.0959
2.08942
2.08315
2.07699
2.06996
2.06043
2.0495
2.04315
2.0383
2.03299
2.02716
2.02123
2.01381
2.00227
1.99198
1.98717
1.98394
1.97871
1.96968
1.96269
1.96106
1.95723
1.95254
1.95176
1.94844
1.94542
1.94456
1.94333
1.94219
1.94205
1.94566
1.94818
1.94497
1.93893
1.9305
1.92551
1.92204
1.9196
1.92082
1.93034
1.93299
1.92999
1.92709
1.92409
1.92178
1.92142
1.92779
1.94621
1.96259
1.96718
1.97027
1.97562
1.98587
1.99164
1.99513
2.00046
2.01201
2.02795
2.03318
2.03471
2.03707
2.04544
2.04781
2.04376
2.04155
2.04326
2.04644
2.04859
2.05488
2.06352
2.07183
2.08348
2.10377
2.12918
2.15634
2.18986
2.23813
2.30247
2.38796
2.46338
2.54133
2.64724
2.73753
2.80985
2.91003
3.01118
3.06498
3.11886
3.20623
3.26068
3.26875
3.29189
3.33847
3.36343
3.36144
3.37088
3.39854
3.41629
3.41612
3.42177
3.43536
3.44306
3.44171
3.43462
3.4246
3.41158
3.3967
3.37886
3.36306
3.34689
3.32851
3.30869
3.29352
3.28016
3.26718
3.25667
3.246
3.23319
3.21847
3.20477
3.19096
3.17804
3.16748
3.15941
3.15211
3.14371
3.13523
3.12584
3.11636
3.10696
3.0977
3.08889
3.08097
3.07224
3.06197
3.05023
3.03987
3.0303
3.02113
3.01089
3.00061
2.99037
2.97881
2.96689
2.95475
2.94453
2.93518
2.92735
2.91795
2.90816
2.89734
2.88664
2.87564
2.86449
2.85582
2.84738
2.84031
2.83162
2.82102
2.80984
2.79899
2.78903
2.78017
2.77287
2.76639
2.75952
2.74999
2.7371
2.72418
2.71271
2.70589
2.70002
2.6927
2.68657
2.67966
2.67035
2.65788
2.64326
2.63394
2.62918
2.62002
1.40016
1.40134
1.41156
1.44515
1.5729
1.90403
2.33165
3.11735
4.00533
4.4659
5.05207
5.38072
5.40294
5.37242
5.33491
5.31038
5.24372
5.14254
5.02208
4.8711
4.74141
4.66261
4.58153
4.48374
4.41077
4.35626
4.29304
4.21297
4.12388
4.06973
4.02431
3.96361
3.88038
3.80493
3.74401
3.68314
3.61864
3.54899
3.51198
3.48317
3.43977
3.38245
3.29612
3.21865
3.19288
3.17065
3.13871
3.09301
3.04497
3.00554
2.95486
2.90495
2.85503
2.81118
2.79146
2.77936
2.75654
2.72134
2.66369
2.59478
2.57133
2.55893
2.53809
2.50563
2.48259
2.46453
2.43667
2.39431
2.33844
2.30884
2.29831
2.28965
2.27669
2.25714
2.22571
2.19457
2.16144
2.13344
2.10985
2.08868
2.07855
2.07119
2.05682
2.03796
2.01198
1.96862
1.93841
1.93079
1.92308
1.91312
1.8987
1.88281
1.869
1.84859
1.82271
1.79344
1.77444
1.76713
1.7622
1.75409
1.74316
1.73069
1.70726
1.68129
1.66561
1.65434
1.64436
1.63103
1.62309
1.61843
1.60967
1.59636
1.57757
1.55127
1.53712
1.53184
1.52523
1.51852
1.51235
1.50216
1.492
1.47974
1.46458
1.44844
1.43256
1.42634
1.42328
1.41919
1.41225
1.40487
1.39339
1.37415
1.36294
1.35428
1.34869
1.35187
1.36761
1.40503
1.50459
1.65208
1.85683
2.20604
2.45397
2.67867
2.93306
3.03071
3.03987
3.0225
3.00029
2.98011
2.96801
2.93508
2.8986
2.85358
2.79152
2.75576
2.74279
2.73865
2.73766
2.72931
2.71932
2.70283
2.68005
2.66707
2.6588
2.65254
2.64537
2.6331
2.61842
2.59887
2.5731
2.55468
2.54301
2.53214
2.52067
2.50802
2.49368
2.47593
2.4583
2.44769
2.4389
2.43018
2.42057
2.40999
2.39725
2.38223
2.36922
2.35944
2.35062
2.34139
2.3313
2.32041
2.30841
2.29422
2.28275
2.275
2.26653
2.25687
2.24708
2.23705
2.22564
2.21325
2.20481
2.19711
2.18802
2.17772
2.16727
2.15601
2.14255
2.13314
2.12638
2.11793
2.10766
2.09854
2.08958
2.07753
2.0643
2.05781
2.05244
2.04557
2.03713
2.02665
2.01581
2.00968
2.00388
1.99872
1.99499
1.99019
1.98372
1.97412
1.96289
1.95699
1.95041
1.94356
1.93985
1.93702
1.93212
1.92358
1.91735
1.91317
1.90584
1.90085
1.89895
1.89802
1.89882
1.90285
1.9065
1.90573
1.90228
1.89472
1.88844
1.88652
1.88491
1.88386
1.88912
1.89737
1.89799
1.89362
1.88139
1.8744
1.87179
1.87035
1.87081
1.88013
1.89649
1.90563
1.90576
1.902
1.89703
1.89647
1.89879
1.90344
1.91107
1.92361
1.92942
1.93102
1.93576
1.93932
1.94056
1.94344
1.95295
1.96999
1.98933
2.00871
2.03419
2.07247
2.12174
2.1753
2.24187
2.33053
2.41494
2.50404
2.62849
2.72214
2.79139
2.88865
2.99974
3.04914
3.09715
3.16915
3.25557
3.28927
3.29698
3.32335
3.36246
3.36803
3.36645
3.38235
3.40219
3.40604
3.40352
3.41079
3.42531
3.42745
3.42447
3.41815
3.4085
3.39594
3.37965
3.36252
3.34546
3.32611
3.30815
3.29317
3.27906
3.26272
3.24714
3.2363
3.22452
3.21159
3.19535
3.18184
3.17018
3.1598
3.14966
3.13954
3.131
3.12005
3.1102
3.10102
3.09286
3.08621
3.07786
3.06994
3.05954
3.04851
3.03697
3.02627
3.01625
3.00587
2.99728
2.9882
2.97829
2.96556
2.95337
2.94212
2.93327
2.92548
2.91542
2.90561
2.89522
2.88519
2.87315
2.86164
2.85162
2.84312
2.83593
2.82844
2.82031
2.80944
2.79655
2.78315
2.77303
2.7664
2.76002
2.75205
2.74289
2.73458
2.72501
2.71309
2.70153
2.69035
2.68509
2.67528
1.40001
1.40001
1.40001
1.40009
1.40067
1.40603
1.42551
1.5002
1.70832
2.07356
2.61017
3.42271
4.17231
4.56913
5.04882
5.32066
5.33954
5.32352
5.30166
5.26658
5.17804
5.07816
4.96088
4.84322
4.75155
4.6489
4.51573
4.42044
4.3735
4.32259
4.25621
4.18581
4.13392
4.07481
4.00026
3.90616
3.8312
3.79577
3.75853
3.70657
3.63121
3.56142
3.50666
3.45476
3.40185
3.34301
3.31349
3.28904
3.24954
3.19722
3.12007
3.05019
3.02404
3.00609
2.98205
2.94416
2.90322
2.8673
2.82116
2.76452
2.71487
2.69339
2.67946
2.661
2.63923
2.60887
2.55232
2.50408
2.4767
2.45731
2.43577
2.4093
2.39546
2.38267
2.35721
2.31974
2.26807
2.23364
2.22008
2.21278
2.20323
2.19058
2.17096
2.13646
2.10142
2.07403
2.05658
2.0403
2.02231
2.01326
2.0068
1.99288
1.97181
1.93997
1.90082
1.88166
1.87591
1.87116
1.86312
1.85286
1.83673
1.81672
1.79191
1.76876
1.75093
1.73618
1.72922
1.72511
1.71926
1.70873
1.69428
1.66958
1.63915
1.62864
1.62333
1.61667
1.60889
1.59969
1.593
1.58395
1.56889
1.54676
1.52306
1.51347
1.51003
1.50704
1.5005
1.4932
1.48496
1.47151
1.45231
1.44701
1.45735
1.49292
1.57601
1.7679
1.98399
2.26669
2.66116
2.87043
3.05317
3.22883
3.31632
3.31424
3.27025
3.20662
3.16061
3.12257
3.09136
3.06367
3.03172
2.99335
2.94099
2.90514
2.89278
2.88633
2.88736
2.88617
2.87662
2.86233
2.84029
2.81902
2.80645
2.79543
2.78613
2.77344
2.75815
2.73993
2.71586
2.69211
2.6782
2.66719
2.65674
2.64495
2.63175
2.6159
2.59636
2.58114
2.57118
2.56223
2.55266
2.54194
2.53017
2.51648
2.49968
2.48746
2.47839
2.46859
2.45871
2.44877
2.43719
2.42259
2.41032
2.40019
2.38975
2.38035
2.37131
2.36109
2.34693
2.33321
2.32449
2.31491
2.30532
2.29728
2.28793
2.27616
2.26345
2.25031
2.23814
2.23072
2.22394
2.2153
2.20516
2.19528
2.18542
2.1744
2.16293
2.15609
2.15013
2.14264
2.13326
2.12167
2.11004
2.10057
2.09132
2.08153
2.07528
2.06979
2.06293
2.05405
2.04237
2.03007
2.01986
2.01003
2.00033
1.9947
1.99064
1.98572
1.9798
1.97287
1.96426
1.95233
1.9424
1.93763
1.93329
1.93036
1.9289
1.92562
1.92071
1.91264
1.89845
1.89134
1.8874
1.88013
1.87591
1.87487
1.87414
1.87229
1.86976
1.86603
1.86074
1.8556
1.85049
1.84643
1.84545
1.84577
1.84972
1.85778
1.86121
1.85917
1.85689
1.85172
1.83796
1.82976
1.82705
1.82547
1.8261
1.8335
1.8376
1.83561
1.8301
1.82163
1.81729
1.8163
1.81961
1.82492
1.82903
1.83479
1.84066
1.84999
1.86628
1.88942
1.92505
1.97151
2.01856
2.0773
2.15017
2.23191
2.32285
2.40661
2.49592
2.62592
2.73951
2.8107
2.90682
3.0154
3.06223
3.11144
3.20331
3.26369
3.2723
3.29842
3.34482
3.35576
3.35292
3.36395
3.38395
3.3868
3.38138
3.38398
3.39056
3.38894
3.39098
3.39325
3.39121
3.38475
3.37222
3.35532
3.33691
3.3183
3.29966
3.28188
3.26504
3.25029
3.23674
3.2225
3.20871
3.19479
3.1822
3.16859
3.15331
3.14311
3.13369
3.12454
3.11335
3.10106
3.0923
3.08249
3.0752
3.06711
3.05755
3.04823
3.03835
3.02745
3.01607
3.0061
2.99818
2.99129
2.9821
2.97117
2.96081
2.94867
2.9389
2.9293
2.91936
2.91117
2.90089
2.89132
2.88188
2.86898
2.85681
2.84627
2.83641
2.82971
2.82215
2.81297
2.80285
2.79152
2.78035
2.76801
2.75877
2.7498
2.74358
2.73189
1.40001
1.40001
1.40001
1.40001
1.40001
1.40001
1.40003
1.40032
1.40221
1.41199
1.44715
1.5593
1.81572
2.22228
2.7508
3.56411
4.26219
4.57044
4.98276
5.26148
5.29701
5.27209
5.23232
5.21872
5.1628
5.06394
4.93631
4.82815
4.73239
4.60937
4.49341
4.43696
4.37929
4.30061
4.20862
4.15081
4.11099
4.06147
3.99109
3.92031
3.87326
3.81831
3.75012
3.6635
3.59731
3.57149
3.54088
3.49649
3.4342
3.36683
3.31555
3.26942
3.22668
3.17579
3.14794
3.12855
3.09447
3.04675
2.97784
2.91135
2.8888
2.87154
2.84799
2.8164
2.78431
2.75424
2.71006
2.66202
2.61385
2.58578
2.57395
2.56306
2.5433
2.51847
2.48152
2.42035
2.38737
2.37472
2.36043
2.34156
2.31811
2.30457
2.28873
2.2592
2.21778
2.1744
2.1573
2.14861
2.14186
2.13114
2.11868
2.09911
2.05894
2.02173
2.00708
1.99647
1.98485
1.96856
1.95814
1.95148
1.93764
1.91376
1.87751
1.84899
1.83897
1.83307
1.82848
1.82148
1.81264
1.79778
1.77012
1.742
1.72734
1.71959
1.7092
1.69933
1.69461
1.68939
1.67914
1.66204
1.6336
1.60754
1.5994
1.59612
1.59142
1.586
1.58161
1.57677
1.58049
1.60696
1.67619
1.82303
2.12381
2.40944
2.76725
3.1769
3.33233
3.43782
3.52116
3.56288
3.56545
3.52482
3.45657
3.37518
3.30231
3.2597
3.23423
3.21367
3.18701
3.15296
3.1104
3.07529
3.06099
3.05325
3.05255
3.05593
3.0465
3.03168
3.01072
2.98337
2.96304
2.94862
2.93673
2.92466
2.90943
2.89236
2.87128
2.84503
2.82593
2.81347
2.8029
2.79181
2.77907
2.76505
2.74793
2.72807
2.71442
2.70416
2.69409
2.68315
2.67147
2.65848
2.64261
2.62763
2.61609
2.60583
2.59607
2.58559
2.57404
2.5614
2.54593
2.53091
2.52178
2.51344
2.5038
2.49315
2.4823
2.4706
2.45562
2.4389
2.42976
2.4226
2.41391
2.40393
2.3936
2.38319
2.37178
2.35723
2.34355
2.33658
2.32974
2.3209
2.31066
2.29882
2.2868
2.27631
2.26517
2.2549
2.24855
2.24193
2.23348
2.22302
2.21078
2.19844
2.18742
2.17513
2.1651
2.1601
2.15479
2.14764
2.13888
2.1291
2.11801
2.10612
2.09388
2.08152
2.07539
2.07163
2.0667
2.06012
2.05194
2.04198
2.03001
2.01804
2.00507
1.99589
1.99202
1.98871
1.98392
1.97738
1.96948
1.95995
1.94852
1.9347
1.92292
1.91856
1.91636
1.91435
1.9111
1.90731
1.90278
1.89697
1.8871
1.86962
1.85882
1.85615
1.85533
1.85621
1.85279
1.84765
1.84573
1.84456
1.84044
1.82758
1.81315
1.80984
1.80919
1.80831
1.80636
1.80606
1.8096
1.81244
1.81052
1.80434
1.79682
1.794
1.79319
1.79246
1.78865
1.78388
1.78156
1.77772
1.77339
1.77205
1.77176
1.77503
1.78275
1.79066
1.79787
1.8095
1.82732
1.8561
1.90391
1.96284
2.02534
2.11073
2.21402
2.29737
2.39335
2.52644
2.61588
2.6902
2.81965
2.92679
2.97605
3.05011
3.15307
3.18219
3.21031
3.26877
3.31264
3.31107
3.3125
3.33943
3.35685
3.35816
3.35344
3.35351
3.35909
3.35936
3.36099
3.36446
3.36275
3.35346
3.33928
3.32665
3.31507
3.30334
3.2895
3.27301
3.25374
3.23296
3.21525
3.20197
3.18797
3.17519
3.1654
3.15527
3.14318
3.12889
3.1147
3.10165
3.09033
3.08006
3.07237
3.06434
3.05405
3.04513
3.03462
3.02422
3.01576
3.00596
2.99919
2.99259
2.98423
2.97548
2.96243
2.95028
2.94065
2.92879
2.92017
2.91071
2.90051
2.89343
2.88404
2.87403
2.8624
2.8503
2.83862
2.82661
2.81752
2.80663
2.79975
2.78677
1.40001
1.40001
1.40001
1.40001
1.40001
1.40001
1.40001
1.40001
1.40001
1.40001
1.40008
1.40073
1.40418
1.41956
1.46403
1.60017
1.88004
2.29831
2.81071
3.51581
4.30218
4.57034
4.85967
5.16267
5.25167
5.24335
5.1949
5.16754
5.14213
5.06
4.93721
4.8225
4.72895
4.61736
4.50947
4.43967
4.36836
4.26901
4.1921
4.16372
4.1265
4.06839
3.98687
3.90694
3.86718
3.82519
3.76917
3.69886
3.64429
3.60109
3.54667
3.48394
3.41038
3.37705
3.36044
3.32585
3.27794
3.21357
3.1481
3.11653
3.08747
3.05202
3.00927
2.98502
2.96286
2.92435
2.8721
2.8049
2.76652
2.75792
2.7436
2.71793
2.68921
2.65272
2.61271
2.57125
2.54174
2.5122
2.48544
2.47438
2.46455
2.44468
2.41604
2.37111
2.31744
2.29923
2.29257
2.28049
2.26559
2.24466
2.22655
2.20566
2.17248
2.13836
2.10876
2.09529
2.08907
2.08302
2.07124
2.05746
2.03626
1.99294
1.9603
1.95439
1.94755
1.93858
1.92484
1.91272
1.90408
1.88846
1.86228
1.82946
1.80992
1.80356
1.79883
1.79332
1.7855
1.77663
1.75978
1.72544
1.7004
1.69451
1.69138
1.69242
1.70222
1.73659
1.83263
1.97987
2.21633
2.61562
2.94364
3.29509
3.67629
3.8328
3.851
3.83128
3.80134
3.78353
3.76003
3.70319
3.64041
3.55933
3.46917
3.42218
3.39649
3.38315
3.36536
3.34396
3.32046
3.28562
3.25722
3.24438
3.23561
3.23449
3.22743
3.21126
3.19336
3.16856
3.13828
3.11771
3.10256
3.08969
3.07561
3.05929
3.0412
3.01891
2.9935
2.97648
2.96383
2.95266
2.94025
2.92638
2.91106
2.89242
2.8726
2.85931
2.84799
2.83671
2.825
2.81238
2.79763
2.78003
2.76334
2.75098
2.74079
2.73085
2.72047
2.70892
2.69541
2.68004
2.66383
2.64748
2.63593
2.62783
2.61919
2.60843
2.5967
2.58515
2.57244
2.55521
2.53775
2.52916
2.52155
2.51221
2.50127
2.49066
2.47989
2.4668
2.44934
2.43851
2.43189
2.42408
2.41462
2.40371
2.39164
2.37882
2.36545
2.3511
2.34315
2.33784
2.33125
2.3232
2.31423
2.30445
2.29273
2.27802
2.26089
2.25153
2.24677
2.24156
2.23493
2.22764
2.22024
2.2109
2.19815
2.18078
2.16549
2.1599
2.15637
2.15179
2.1456
2.13861
2.13069
2.12028
2.10534
2.08607
2.07685
2.07344
2.06986
2.06488
2.05878
2.05211
2.04435
2.03335
2.01442
1.99729
1.99268
1.98984
1.9859
1.98023
1.97418
1.96861
1.96258
1.95237
1.93163
1.91291
1.90827
1.90497
1.89949
1.89313
1.88993
1.88816
1.88546
1.87947
1.86572
1.84725
1.83467
1.82941
1.8261
1.82424
1.82452
1.82526
1.82296
1.81724
1.80602
1.79446
1.78936
1.78546
1.78052
1.77495
1.76986
1.76505
1.7579
1.75427
1.75379
1.75472
1.754
1.75266
1.75369
1.75423
1.75246
1.74454
1.73476
1.73234
1.73234
1.73452
1.74419
1.76342
1.77886
1.79846
1.83196
1.87183
1.92171
1.99646
2.08347
2.16556
2.26823
2.39637
2.49353
2.58865
2.73218
2.81649
2.86953
2.94863
3.07023
3.10966
3.13641
3.20373
3.26151
3.26724
3.28404
3.31185
3.31794
3.31175
3.30931
3.31668
3.32514
3.32962
3.33078
3.32888
3.32336
3.31443
3.30518
3.29895
3.29202
3.28159
3.26738
3.25104
3.23265
3.2123
3.19362
3.17971
3.16772
3.15615
3.14563
3.13363
3.11751
3.09954
3.08435
3.07295
3.06595
3.05734
3.04985
3.04353
3.03415
3.02283
3.00775
2.99539
2.98909
2.98126
2.97435
2.96542
2.95428
2.94611
2.93732
2.92882
2.91886
2.90846
2.89813
2.88747
2.87581
2.86155
2.85346
2.83988
1.40001
1.40001
1.40001
1.40001
1.40001
1.40001
1.40001
1.40001
1.40001
1.40001
1.40001
1.40001
1.40001
1.40003
1.40014
1.40111
1.40592
1.42457
1.47522
1.6095
1.89607
2.31827
2.807
3.37677
4.20735
4.58106
4.74974
5.0155
5.18288
5.20603
5.18229
5.12783
5.108
5.06159
4.96637
4.84429
4.73976
4.63599
4.52627
4.44771
4.38219
4.29622
4.19925
4.152
4.11656
4.06746
4.00052
3.94093
3.90143
3.84977
3.78403
3.69877
3.64366
3.62379
3.58809
3.53509
3.46633
3.40273
3.36748
3.32874
3.28426
3.22888
3.19901
3.18191
3.14661
3.09711
3.03066
2.97511
2.96171
2.94277
2.91213
2.87565
2.84311
2.81456
2.77417
2.73179
2.68582
2.65473
2.64665
2.63588
2.61164
2.58153
2.53856
2.49146
2.46734
2.45044
2.43034
2.40429
2.3915
2.3805
2.35938
2.32681
2.27831
2.24177
2.2315
2.22616
2.21526
2.20201
2.18299
2.15903
2.13243
2.10109
2.07898
2.05871
2.04493
2.03982
2.03451
2.02203
2.00544
1.97941
1.93766
1.91502
1.9107
1.90513
1.89704
1.88397
1.86939
1.86231
1.84471
1.82195
1.82899
1.86617
1.95432
2.1725
2.44312
2.77881
3.28862
3.61405
3.86089
4.08252
4.25142
4.27686
4.22443
4.12368
4.0425
3.97179
3.91783
3.87058
3.81624
3.76085
3.69491
3.6267
3.594
3.57424
3.56537
3.55767
3.54066
3.52013
3.49229
3.46435
3.44718
3.43223
3.42085
3.40489
3.38555
3.36386
3.33622
3.30656
3.2872
3.27145
3.2575
3.24229
3.22517
3.20619
3.18266
3.15758
3.14115
3.12785
3.1155
3.10208
3.08767
3.07193
3.05235
3.02962
3.01389
3.00167
2.98911
2.97636
2.96389
2.95051
2.93349
2.913
2.89593
2.88127
2.86848
2.85871
2.84921
2.83782
2.82435
2.80971
2.79356
2.77546
2.75593
2.74469
2.73678
2.72689
2.7149
2.70452
2.69428
2.68163
2.66294
2.64332
2.63353
2.62492
2.61451
2.60369
2.59408
2.58335
2.56737
2.54852
2.53872
2.53147
2.52315
2.5137
2.50405
2.49373
2.47993
2.46065
2.44594
2.43644
2.42905
2.42254
2.4158
2.40841
2.40014
2.38982
2.37463
2.35251
2.33808
2.33266
2.32724
2.32074
2.31396
2.30731
2.29939
2.28801
2.26843
2.2479
2.24145
2.23788
2.23311
2.22665
2.21993
2.21308
2.20433
2.18894
2.16564
2.1546
2.1511
2.14705
2.14122
2.13504
2.12926
2.12281
2.11204
2.09081
2.07163
2.06693
2.06337
2.05748
2.05056
2.04594
2.04187
2.03639
2.02564
2.00488
1.98476
1.97668
1.97084
1.96376
1.95971
1.95685
1.95372
1.94875
1.9398
1.92429
1.90527
1.89336
1.88489
1.87971
1.87694
1.87356
1.86905
1.86248
1.85333
1.84136
1.82923
1.82121
1.81609
1.81169
1.80677
1.80024
1.79024
1.77443
1.76535
1.76289
1.76178
1.7612
1.75847
1.75389
1.74916
1.74461
1.73534
1.71881
1.71431
1.71405
1.71444
1.71601
1.71781
1.72006
1.72059
1.71939
1.71149
1.70201
1.70072
1.70461
1.71412
1.73375
1.76675
1.80808
1.85751
1.91898
1.98914
2.05699
2.14044
2.25661
2.35632
2.44791
2.58107
2.70278
2.77557
2.86803
2.97812
3.01367
3.04752
3.11603
3.20003
3.20887
3.21566
3.25422
3.27444
3.273
3.26908
3.27833
3.28677
3.28548
3.28062
3.27598
3.27146
3.26764
3.26655
3.26485
3.26076
3.25284
3.23856
3.21833
3.19524
3.17465
3.1584
3.14563
3.13437
3.12194
3.10929
3.09725
3.08226
3.06814
3.05471
3.04251
3.03459
3.02628
3.01698
3.00335
2.98746
2.9815
2.97683
2.97138
2.96544
2.95776
2.94916
2.93784
2.92446
2.91052
2.90282
2.89081
1.40001
1.40001
1.40001
1.40001
1.40001
1.40001
1.40001
1.40001
1.40001
1.40001
1.40001
1.40001
1.40001
1.40001
1.40001
1.40001
1.40001
1.40004
1.40018
1.40124
1.40655
1.42609
1.4786
1.59289
1.8588
2.26348
2.75474
3.22878
3.91358
4.56394
4.68907
4.85571
5.06296
5.15354
5.15586
5.11388
5.06839
5.04861
4.98812
4.88282
4.77507
4.6821
4.56936
4.46084
4.39427
4.32829
4.23438
4.16749
4.12976
4.0828
4.01698
3.94372
3.90908
3.87648
3.82671
3.76046
3.68453
3.64334
3.60424
3.55627
3.4907
3.43598
3.4169
3.38579
3.33762
3.27425
3.20744
3.18597
3.16393
3.12932
3.08632
3.04674
3.02306
2.98814
2.94438
2.89188
2.84618
2.83557
2.82322
2.79593
2.76285
2.72072
2.68295
2.65234
2.6259
2.59556
2.56563
2.55507
2.54452
2.52187
2.48863
2.4391
2.3988
2.38881
2.37707
2.36037
2.33821
2.32282
2.30875
2.28421
2.24945
2.2074
2.18407
2.17677
2.17196
2.16104
2.14738
2.1285
2.09645
2.06573
2.04376
2.02887
2.01119
2.00255
2.00406
2.01356
2.02653
2.0706
2.1702
2.35523
2.71928
3.08575
3.50603
4.04799
4.339
4.4828
4.58705
4.60669
4.61205
4.56201
4.48249
4.39377
4.29051
4.19865
4.13894
4.09237
4.04753
4.00004
3.94571
3.88767
3.85198
3.82973
3.81378
3.80536
3.79071
3.7692
3.74403
3.71156
3.68263
3.66168
3.64259
3.626
3.60681
3.58541
3.56157
3.53064
3.49815
3.47773
3.46119
3.4467
3.43099
3.41388
3.39563
3.37333
3.34448
3.32358
3.30926
3.29472
3.28009
3.26561
3.25072
3.23445
3.21481
3.18961
3.16881
3.1547
3.14094
3.12756
3.11481
3.10095
3.0851
3.06703
3.04629
3.02568
3.00567
2.99286
2.98396
2.97357
2.9611
2.94807
2.93494
2.91896
2.8962
2.87306
2.86072
2.85054
2.83826
2.828
2.81914
2.8087
2.79565
2.7769
2.75613
2.74182
2.73061
2.7199
2.71069
2.70136
2.68893
2.6712
2.6517
2.63855
2.62975
2.62123
2.61252
2.60387
2.59396
2.58035
2.56212
2.54087
2.52339
2.51622
2.51108
2.50473
2.49739
2.48984
2.48102
2.46752
2.44374
2.42121
2.41369
2.4081
2.40126
2.39465
2.38855
2.38168
2.37162
2.35212
2.32703
2.31828
2.31378
2.30775
2.30111
2.29535
2.28928
2.28063
2.26419
2.23875
2.22668
2.2221
2.21648
2.21028
2.20504
2.20003
2.19368
2.18228
2.16116
2.14212
2.1347
2.12819
2.12074
2.11657
2.1137
2.10981
2.10347
2.09185
2.07118
2.05088
2.04161
2.03413
2.02819
2.02468
2.02107
2.01654
2.00949
1.99797
1.9807
1.96419
1.95419
1.94656
1.94224
1.93859
1.93364
1.92645
1.91504
1.89965
1.88698
1.87973
1.87419
1.86824
1.86299
1.85719
1.84919
1.83646
1.81555
1.80478
1.80165
1.79779
1.79247
1.78581
1.78152
1.77843
1.7734
1.76218
1.7417
1.72729
1.72444
1.72229
1.71954
1.71721
1.71544
1.71325
1.70888
1.69783
1.68384
1.67886
1.67741
1.67621
1.67601
1.68053
1.68782
1.68953
1.68881
1.68524
1.68121
1.68562
1.70016
1.72275
1.75903
1.81665
1.88598
1.95556
2.038
2.14861
2.23918
2.32082
2.44691
2.56495
2.63602
2.71506
2.86569
2.94252
2.9669
3.02259
3.11419
3.12929
3.13627
3.17369
3.20286
3.20035
3.20509
3.22733
3.23874
3.23914
3.23486
3.22566
3.22263
3.22052
3.21845
3.21617
3.21234
3.20459
3.18749
3.16633
3.14716
3.13131
3.11797
3.10505
3.09077
3.07395
3.05637
3.03698
3.01884
3.01359
3.01005
3.0062
3.00078
2.99099
2.98026
2.96665
2.95387
2.94435
2.93923
2.92968
1.40001
1.40001
1.40001
1.40001
1.40001
1.40001
1.40001
1.40001
1.40001
1.40001
1.40001
1.40001
1.40001
1.40001
1.40001
1.40001
1.40001
1.40001
1.40001
1.40001
1.40001
1.40004
1.40021
1.40107
1.40572
1.42268
1.47263
1.56854
1.78102
2.14587
2.63722
3.091
3.57722
4.33789
4.66028
4.74366
4.914
5.06916
5.11128
5.10233
5.05127
5.02005
4.99527
4.92246
4.82147
4.73226
4.62984
4.50956
4.43047
4.36663
4.27687
4.18174
4.14054
4.10407
4.05539
3.9807
3.93413
3.90163
3.85546
3.78371
3.71137
3.68765
3.66131
3.61352
3.5459
3.46759
3.4372
3.4117
3.37277
3.3209
3.26835
3.24604
3.21598
3.17269
3.11904
3.06018
3.04299
3.02904
2.99952
2.96339
2.91767
2.88453
2.85414
2.82175
2.78562
2.74533
2.73238
2.72205
2.69751
2.66407
2.61651
2.57413
2.55886
2.54214
2.51944
2.49182
2.47818
2.46594
2.44239
2.40675
2.35692
2.32749
2.32208
2.31376
2.29792
2.27751
2.25757
2.24143
2.21532
2.17863
2.17396
2.18506
2.22502
2.31433
2.49
2.73045
3.08144
3.58339
3.96315
4.36652
4.80729
4.97679
5.10874
5.10641
5.03795
4.97952
4.91194
4.81562
4.72159
4.62604
4.52565
4.43242
4.36858
4.32663
4.29634
4.2618
4.22759
4.18933
4.14144
4.10707
4.08497
4.06697
4.0557
4.0369
4.01238
3.98566
3.95015
3.90784
3.88019
3.85948
3.84081
3.82127
3.80017
3.7782
3.75281
3.71941
3.68744
3.666
3.64826
3.63177
3.61531
3.59844
3.5804
3.55842
3.52864
3.50236
3.4852
3.46955
3.45365
3.43808
3.42291
3.40651
3.38809
3.36656
3.33862
3.31339
3.29939
3.28654
3.27273
3.2582
3.24333
3.22779
3.20871
3.18553
3.15893
3.13448
3.12279
3.11343
3.102
3.08999
3.07742
3.06276
3.04411
3.02006
2.99592
2.98006
2.9665
2.95464
2.94571
2.93565
2.92353
2.90946
2.8894
2.86449
2.84832
2.83842
2.82901
2.81882
2.80736
2.79418
2.77673
2.7546
2.73718
2.7257
2.71619
2.7078
2.70017
2.6917
2.67971
2.66198
2.63522
2.61195
2.60298
2.59578
2.58844
2.58198
2.57536
2.56736
2.55485
2.53217
2.50613
2.49327
2.48552
2.47728
2.47009
2.4642
2.45762
2.4477
2.43005
2.40617
2.38959
2.38118
2.37522
2.36957
2.36338
2.3561
2.34597
2.32949
2.30747
2.29121
2.28165
2.27522
2.27039
2.26581
2.2605
2.25306
2.24079
2.22042
2.19941
2.18488
2.17729
2.1737
2.17132
2.16793
2.1626
2.15453
2.14075
2.11858
2.09884
2.08777
2.0811
2.07773
2.07445
2.07006
2.06377
2.05423
2.03877
2.01992
2.00799
2.00184
1.99723
1.99268
1.98711
1.9792
1.96618
1.94744
1.93514
1.92991
1.92521
1.91994
1.9153
1.91062
1.90355
1.89213
1.87373
1.85374
1.84746
1.84446
1.84067
1.83611
1.83189
1.82725
1.82037
1.80785
1.78652
1.76793
1.76221
1.75949
1.75634
1.75271
1.74943
1.74643
1.74239
1.73408
1.71796
1.69861
1.68152
1.67487
1.6732
1.67258
1.67251
1.67076
1.66729
1.66246
1.65757
1.65048
1.64213
1.6364
1.6329
1.63123
1.63114
1.63274
1.63711
1.64666
1.66561
1.6802
1.6986
1.73429
1.78556
1.83938
1.91024
2.0174
2.11827
2.20071
2.31946
2.44704
2.52018
2.60273
2.73117
2.79222
2.83679
2.9343
3.01875
3.03015
3.05656
3.11514
3.13366
3.12947
3.14101
3.16568
3.1685
3.16458
3.16278
3.16315
3.16357
3.1637
3.16175
3.15724
3.14941
3.13768
3.11993
3.10053
3.08282
3.06908
3.05852
3.04896
3.03758
3.02215
3.00676
2.99409
2.98541
2.97514
2.96613
2.95308
1.40001
1.40001
1.40001
1.40001
1.40001
1.40001
1.40001
1.40001
1.40001
1.40001
1.40001
1.40001
1.40001
1.40001
1.40001
1.40001
1.40001
1.40001
1.40001
1.40001
1.40001
1.40001
1.40001
1.40001
1.40001
1.40003
1.40021
1.40085
1.40419
1.41637
1.45636
1.54071
1.6903
1.99671
2.43045
2.92428
3.33463
3.88644
4.55019
4.67507
4.76854
4.93297
5.0463
5.06864
5.05221
5.00229
4.98292
4.94837
4.87864
4.78842
4.66806
4.58449
4.51207
4.40509
4.31242
4.25175
4.18416
4.11705
4.06908
4.0197
3.96806
3.93209
3.89466
3.84561
3.76798
3.71554
3.6857
3.64946
3.59146
3.52635
3.50107
3.47285
3.42662
3.36116
3.29374
3.27516
3.25785
3.22451
3.18122
3.12918
3.10179
3.07283
3.03624
2.99462
2.94509
2.92823
2.91704
2.89075
2.85715
2.80878
2.76655
2.74676
2.72456
2.6992
2.66428
2.64559
2.63418
2.61092
2.57819
2.5291
2.48332
2.47605
2.47012
2.45567
2.43929
2.43624
2.44349
2.45958
2.52908
2.66373
2.89885
3.27607
3.65702
4.16755
4.69213
4.98315
5.30624
5.50865
5.57934
5.62138
5.60924
5.52681
5.43945
5.33609
5.23188
5.15177
5.06484
4.97555
4.89678
4.82028
4.7372
4.66573
4.62376
4.58964
4.55945
4.52757
4.49482
4.45399
4.40574
4.37316
4.34825
4.32518
4.30219
4.27685
4.25008
4.22037
4.18398
4.14113
4.10799
4.08614
4.06543
4.04429
4.023
4.00032
3.97484
3.94457
3.91141
3.88351
3.86094
3.84196
3.82384
3.80457
3.78477
3.76372
3.73595
3.70307
3.67959
3.66061
3.64366
3.62732
3.61012
3.59284
3.5725
3.54883
3.52335
3.49278
3.46941
3.45594
3.44109
3.42549
3.41001
3.39369
3.3751
3.35036
3.32232
3.29357
3.27087
3.25948
3.24839
3.23496
3.2223
3.20777
3.18828
3.16477
3.1377
3.11476
3.10055
3.08692
3.07535
3.06547
3.05225
3.03625
3.01768
2.98853
2.96279
2.95348
2.94521
2.93501
2.9236
2.91134
2.89658
2.87549
2.8485
2.82645
2.81226
2.80264
2.79463
2.78664
2.77809
2.76677
2.74996
2.72574
2.69456
2.67405
2.66741
2.66223
2.65599
2.6485
2.63941
2.62685
2.60802
2.58284
2.56186
2.54885
2.53951
2.53196
2.52556
2.5187
2.5102
2.49615
2.46866
2.44493
2.43671
2.43078
2.42381
2.41597
2.40723
2.39733
2.38324
2.3623
2.33976
2.32765
2.32214
2.31755
2.31257
2.30668
2.29897
2.28763
2.26966
2.2427
2.22368
2.21896
2.21594
2.21201
2.20706
2.20132
2.19362
2.1814
2.16082
2.13828
2.12496
2.11891
2.11467
2.11034
2.10539
2.09928
2.09068
2.07641
2.05697
2.04292
2.03628
2.03112
2.02685
2.02298
2.01764
2.0072
1.98616
1.96467
1.95682
1.95252
1.9479
1.94445
1.94174
1.93827
1.9318
1.91922
1.89951
1.87853
1.86847
1.86499
1.8622
1.85968
1.8574
1.85473
1.8506
1.84238
1.82447
1.79903
1.78512
1.77915
1.77396
1.76806
1.76169
1.75658
1.75247
1.74689
1.73836
1.72925
1.71998
1.70768
1.69419
1.68739
1.68349
1.67932
1.67485
1.67007
1.66307
1.64989
1.63154
1.62292
1.61982
1.61694
1.61357
1.61165
1.61082
1.61013
1.60763
1.59746
1.59041
1.59067
1.59288
1.59608
1.60454
1.61924
1.63985
1.67489
1.72035
1.76552
1.8276
1.9159
1.99309
2.07706
2.2064
2.31313
2.39018
2.51608
2.63775
2.67966
2.72868
2.84912
2.90907
2.9204
2.95607
3.02968
3.04722
3.05683
3.08447
3.09585
3.09499
3.08889
3.08929
3.08972
3.08544
3.08254
3.08194
3.08026
3.07606
3.06885
3.06012
3.05074
3.03687
3.02102
3.01034
2.99177
1.40001
1.40001
1.40001
1.40001
1.40001
1.40001
1.40001
1.40001
1.40001
1.40001
1.40001
1.40001
1.40001
1.40001
1.40001
1.40001
1.40001
1.40001
1.40001
1.40001
1.40001
1.40001
1.40001
1.40001
1.40001
1.40001
1.40001
1.40001
1.40001
1.40002
1.40014
1.40065
1.40254
1.41051
1.43589
1.50432
1.61663
1.83023
2.19418
2.66878
3.11463
3.507
4.12969
4.61003
4.663
4.7747
4.93548
5.01816
5.02621
4.99632
4.94851
4.942
4.91518
4.83998
4.7593
4.6581
4.5419
4.47301
4.40649
4.29913
4.2214
4.17897
4.1267
4.04197
3.99485
3.96925
3.9322
3.87482
3.8227
3.78287
3.74477
3.70008
3.64643
3.57746
3.54084
3.51518
3.48013
3.42621
3.36486
3.33798
3.30939
3.27167
3.21791
3.16004
3.144
3.12961
3.10027
3.0606
3.00483
2.97341
2.95121
2.9225
2.89208
2.84686
2.82236
2.81438
2.79354
2.75824
2.71335
2.68895
2.6933
2.71171
2.76677
2.87275
3.03443
3.31243
3.61845
4.0164
4.53404
4.93849
5.44801
5.81904
6.0159
6.22516
6.23952
6.18696
6.13634
6.05215
5.9383
5.82961
5.71528
5.58344
5.48001
5.39549
5.30254
5.23424
5.18637
5.14011
5.09384
5.04117
4.98566
4.94412
4.9099
4.87723
4.84325
4.807
4.76856
4.72601
4.68106
4.64433
4.61439
4.58675
4.55977
4.53054
4.49976
4.46619
4.42945
4.39429
4.36088
4.33564
4.31344
4.28787
4.26268
4.23688
4.20499
4.1731
4.14302
4.11542
4.0935
4.07017
4.0484
4.02671
3.99794
3.9674
3.93873
3.90346
3.87795
3.86205
3.84208
3.82187
3.80281
3.77877
3.75255
3.7222
3.69121
3.66777
3.64397
3.62411
3.60878
3.58993
3.57123
3.55159
3.52776
3.5012
3.4699
3.44348
3.42181
3.40142
3.38741
3.37242
3.35563
3.3407
3.3203
3.28955
3.26237
3.24102
3.22271
3.21006
3.19636
3.18323
3.17009
3.15044
3.12632
3.09927
3.06757
3.05173
3.04385
3.03476
3.02367
3.0116
2.99761
2.97929
2.95397
2.92289
2.89616
2.88151
2.87207
2.86171
2.85308
2.84558
2.83494
2.8188
2.79237
2.75295
2.73082
2.725
2.71936
2.71178
2.70297
2.69334
2.68144
2.66383
2.63755
2.61055
2.59578
2.58613
2.57779
2.57184
2.5652
2.55559
2.53732
2.5069
2.48663
2.47926
2.47269
2.46476
2.45579
2.4465
2.43466
2.4152
2.38887
2.37379
2.36782
2.36275
2.35739
2.35144
2.34371
2.33217
2.3131
2.28364
2.2669
2.263
2.26003
2.25641
2.25182
2.24625
2.23809
2.22289
2.1963
2.17238
2.16316
2.15874
2.15454
2.14997
2.14471
2.1376
2.12441
2.10067
2.08436
2.07864
2.07351
2.06795
2.06365
2.05982
2.05386
2.03929
2.01626
2.00884
2.0068
2.00269
1.99715
1.99203
1.98719
1.98119
1.97063
1.95606
1.94566
1.9376
1.93028
1.92457
1.9187
1.91031
1.89489
1.87082
1.8543
1.85005
1.84801
1.84618
1.843
1.83803
1.83153
1.82411
1.81498
1.80051
1.78117
1.76372
1.75125
1.74144
1.73462
1.73084
1.72826
1.72586
1.72253
1.71651
1.70441
1.68499
1.66783
1.65993
1.65678
1.65474
1.65196
1.64697
1.63957
1.6304
1.61977
1.61014
1.60156
1.5911
1.58523
1.58442
1.58511
1.58543
1.58334
1.57688
1.56678
1.56524
1.56607
1.56862
1.56957
1.56938
1.57257
1.58145
1.599
1.63266
1.67228
1.71319
1.77303
1.84364
1.90139
1.98143
2.10156
2.18922
2.26513
2.40746
2.50953
2.56597
2.66024
2.77156
2.79456
2.82022
2.89048
2.92206
2.9346
2.96402
2.99854
3.00147
3.00475
3.01665
3.0177
3.01397
3.01421
3.012
3.00551
2.99368
1.40001
1.40001
1.40001
1.40001
1.40001
1.40001
1.40001
1.40001
1.40001
1.40001
1.40001
1.40001
1.40001
1.40001
1.40001
1.40001
1.40001
1.40001
1.40001
1.40001
1.40001
1.40001
1.40001
1.40001
1.40001
1.40001
1.40001
1.40001
1.40001
1.40001
1.40001
1.40001
1.40001
1.40001
1.40006
1.40042
1.40146
1.40574
1.42002
1.46228
1.55547
1.68906
1.96029
2.35798
2.82105
3.23314
3.63598
4.25982
4.60107
4.64631
4.76249
4.9162
4.98503
4.98835
4.95777
4.91219
4.90393
4.88013
4.81395
4.73503
4.65873
4.54931
4.44895
4.3845
4.31319
4.21084
4.15456
4.11738
4.05915
3.99491
3.96215
3.93419
3.87442
3.81632
3.78482
3.75555
3.69982
3.64111
3.61182
3.58382
3.53796
3.46566
3.41862
3.39997
3.37776
3.34131
3.28507
3.22929
3.20393
3.17978
3.14637
3.09827
3.05619
3.05582
3.05979
3.06051
3.08629
3.15412
3.29336
3.54472
3.83527
4.25217
4.79501
5.19082
5.6842
6.11891
6.3519
6.65369
6.84037
6.9304
6.99049
6.97443
6.90332
6.81866
6.7184
6.61874
6.50751
6.38106
6.25786
6.13855
6.0213
5.90949
5.81409
5.72106
5.63338
5.5589
5.49971
5.43804
5.38423
5.3339
5.28994
5.251
5.20784
5.16922
5.1331
5.095
5.05362
5.01002
4.96976
4.93178
4.90048
4.86948
4.83864
4.80753
4.76962
4.73119
4.69005
4.65161
4.6263
4.59969
4.57325
4.54538
4.51063
4.47619
4.43674
4.39154
4.36508
4.34277
4.31832
4.29665
4.27159
4.24364
4.21176
4.16297
4.11805
4.09238
4.06662
4.04745
4.03125
4.00965
3.98684
3.9593
3.91578
3.87236
3.84302
3.82006
3.80235
3.78108
3.76222
3.74382
3.71964
3.69365
3.66033
3.62444
3.59767
3.57401
3.55442
3.53366
3.51247
3.4943
3.47111
3.44964
3.42925
3.39618
3.36569
3.34955
3.33105
3.31198
3.29599
3.27796
3.26154
3.24258
3.21581
3.18734
3.1593
3.13645
3.12296
3.1108
3.09621
3.08213
3.06848
3.05253
3.03567
3.01503
2.98164
2.94509
2.92621
2.91228
2.90198
2.89557
2.88827
2.87886
2.86628
2.84331
2.80076
2.76691
2.75743
2.75033
2.74251
2.73484
2.72608
2.71615
2.70301
2.67665
2.64119
2.62071
2.60904
2.60256
2.59773
2.59242
2.58554
2.57273
2.5445
2.50989
2.49526
2.48826
2.48077
2.47379
2.46774
2.46073
2.4494
2.42416
2.39026
2.37714
2.37108
2.36502
2.36028
2.35648
2.35192
2.34272
2.31892
2.28331
2.26857
2.26355
2.25816
2.25287
2.24794
2.24354
2.23938
2.23113
2.20738
2.17434
2.16018
2.15433
2.14942
2.14538
2.14143
2.13679
2.1278
2.10548
2.08089
2.07124
2.06584
2.06061
2.05524
2.04904
2.04078
2.02539
2.00373
1.99262
1.98758
1.98245
1.97727
1.97368
1.97067
1.96677
1.95706
1.93559
1.92386
1.92215
1.92225
1.92723
1.92586
1.91742
1.90601
1.89496
1.88163
1.85951
1.8428
1.83619
1.83054
1.82663
1.82489
1.82356
1.81992
1.81359
1.80233
1.79213
1.78793
1.78505
1.78183
1.77807
1.77344
1.76618
1.75169
1.73346
1.72768
1.72606
1.72368
1.72031
1.7161
1.71039
1.70197
1.68867
1.67024
1.65477
1.64716
1.64306
1.63969
1.63611
1.63194
1.62655
1.61864
1.60669
1.59175
1.57932
1.57297
1.56943
1.56586
1.55807
1.54306
1.53793
1.53631
1.53489
1.53477
1.53722
1.53738
1.53896
1.54162
1.54465
1.55561
1.5781
1.60443
1.64668
1.71716
1.78001
1.84449
1.94641
2.03071
2.09889
2.21329
2.30452
2.36703
2.47056
2.58976
2.62901
2.66962
2.76383
2.81148
2.82379
2.84985
2.8928
2.90263
2.91522
1.40001
1.40001
1.40001
1.40001
1.40001
1.40001
1.40001
1.40001
1.40001
1.40001
1.40001
1.40001
1.40001
1.40001
1.40001
1.40001
1.40001
1.40001
1.40001
1.40001
1.40001
1.40001
1.40001
1.40001
1.40001
1.40001
1.40001
1.40001
1.40001
1.40001
1.40001
1.40001
1.40001
1.40001
1.40001
1.40001
1.40001
1.40001
1.40003
1.40016
1.40088
1.4027
1.40978
1.43184
1.48988
1.59546
1.75249
2.06152
2.44599
2.92145
3.32101
3.68469
4.28281
4.60891
4.63212
4.73252
4.87749
4.94461
4.94685
4.91536
4.88185
4.88122
4.8592
4.79407
4.71304
4.64225
4.56001
4.45786
4.38338
4.31795
4.22991
4.14923
4.10469
4.06472
4.00562
3.94974
3.92171
3.89235
3.83861
3.76222
3.72604
3.69614
3.65109
3.59472
3.56994
3.54868
3.5091
3.47847
3.46119
3.46362
3.48979
3.56901
3.70003
3.95967
4.28639
4.72658
5.27335
5.72345
6.33099
6.8277
7.1056
7.45359
7.67342
7.70292
7.71862
7.68656
7.63448
7.57666
7.47043
7.33581
7.22224
7.08672
6.90804
6.79492
6.7021
6.59074
6.52229
6.4618
6.37918
6.30658
6.24284
6.1783
6.11068
6.05136
5.9925
5.93566
5.87654
5.81691
5.75588
5.69586
5.64403
5.59195
5.54489
5.49811
5.45591
5.41492
5.37099
5.3201
5.26925
5.22434
5.18602
5.15201
5.11487
5.07909
5.03946
4.99366
4.9473
4.89681
4.86033
4.8337
4.80489
4.77496
4.73702
4.69165
4.64616
4.59446
4.55411
4.52892
4.50242
4.47763
4.45254
4.42133
4.38584
4.33678
4.27058
4.23627
4.21627
4.1932
4.17421
4.15257
4.12711
4.09767
4.05038
3.99012
3.95933
3.93815
3.9183
3.89887
3.87951
3.86187
3.83707
3.80506
3.76258
3.71367
3.68981
3.67429
3.65672
3.63726
3.61637
3.59632
3.56835
3.53385
3.50755
3.47651
3.44293
3.43091
3.41912
3.40031
3.38101
3.36087
3.3373
3.31015
3.279
3.25097
3.22981
3.21118
3.19679
3.18448
3.16843
3.14868
3.12992
3.11044
3.09093
3.07252
3.04982
3.01575
2.9821
2.96453
2.95281
2.94263
2.93265
2.92183
2.91166
2.89792
2.86615
2.81865
2.7993
2.79119
2.78216
2.77454
2.7665
2.75758
2.7476
2.72962
2.69142
2.65617
2.6415
2.63122
2.62509
2.62063
2.61522
2.60726
2.5914
2.56255
2.53235
2.51729
2.50928
2.50159
2.49411
2.4874
2.47956
2.46622
2.44223
2.41539
2.39734
2.38882
2.38332
2.37778
2.37152
2.36271
2.34638
2.31803
2.29826
2.29215
2.28715
2.28073
2.27324
2.26514
2.25549
2.24139
2.22019
2.19933
2.18755
2.18095
2.17691
2.17316
2.16723
2.15627
2.13788
2.11395
2.09896
2.09386
2.08947
2.0841
2.07805
2.07002
2.05527
2.02902
2.00927
2.00583
2.0036
1.99993
1.99544
1.99049
1.98392
1.97298
1.9565
1.94245
1.93599
1.9317
1.92622
1.91864
1.90989
1.89949
1.88285
1.86306
1.85527
1.85322
1.85194
1.85009
1.84717
1.84212
1.8318
1.81287
1.79314
1.78298
1.7778
1.77389
1.77064
1.76747
1.76386
1.75906
1.75153
1.73894
1.72179
1.71146
1.70882
1.70659
1.70386
1.70059
1.69602
1.68817
1.67458
1.65776
1.64642
1.64051
1.63628
1.63264
1.62885
1.62402
1.61707
1.60678
1.59374
1.58224
1.57556
1.57211
1.56892
1.5648
1.55752
1.54503
1.53706
1.53484
1.53315
1.5313
1.52936
1.52687
1.52362
1.51904
1.51035
1.49673
1.49015
1.4896
1.4898
1.48944
1.48972
1.49175
1.49453
1.49997
1.51088
1.52401
1.54756
1.59015
1.63296
1.68931
1.77763
1.85257
1.92333
2.03879
2.13214
2.20578
2.32374
2.4201
2.47428
2.57981
1.40001
1.40001
1.40001
1.40001
1.40001
1.40001
1.40001
1.40001
1.40001
1.40001
1.40001
1.40001
1.40001
1.40001
1.40001
1.40001
1.40001
1.40001
1.40001
1.40001
1.40001
1.40001
1.40001
1.40001
1.40001
1.40001
1.40001
1.40001
1.40001
1.40001
1.40001
1.40001
1.40001
1.40001
1.40001
1.40001
1.40001
1.40001
1.40001
1.40001
1.40001
1.40001
1.40001
1.40005
1.40032
1.40137
1.40391
1.41453
1.4425
1.50702
1.63468
1.79206
2.09418
2.56681
2.92766
3.27425
3.76103
4.32715
4.49476
4.5581
4.68502
4.8429
4.92054
4.9262
4.89176
4.8415
4.83664
4.82631
4.78666
4.71658
4.62974
4.55905
4.47769
4.38043
4.32797
4.28813
4.22693
4.16989
4.14337
4.11161
4.09003
4.08553
4.10269
4.12412
4.17148
4.30365
4.49943
4.76015
5.11574
5.50207
6.06393
6.58928
7.11833
7.72875
8.1233
8.556
8.87302
9.02425
9.17473
9.21367
9.19918
9.16254
9.08994
8.98196
8.84355
8.65902
8.43713
8.17293
7.90912
7.67913
7.47333
7.27514
7.09784
6.9504
6.8176
6.70535
6.6272
6.55891
6.48914
6.43362
6.37809
6.32285
6.26649
6.21904
6.17483
6.13102
6.09025
6.0433
5.99302
5.93268
5.87026
5.81509
5.75913
5.71111
5.66434
5.61846
5.56954
5.51436
5.45677
5.40318
5.35345
5.30888
5.26877
5.22745
5.18698
5.13754
5.08168
5.03172
4.98259
4.94596
4.91541
4.88165
4.84855
4.80935
4.76254
4.70839
4.64457
4.60681
4.58429
4.56038
4.53646
4.50939
4.47685
4.43542
4.37286
4.30939
4.27976
4.25675
4.23761
4.21986
4.19832
4.17227
4.13009
4.05847
4.01234
3.99514
3.97761
3.9604
3.94347
3.92575
3.89858
3.85603
3.79456
3.74846
3.73636
3.72674
3.71297
3.69676
3.67713
3.6511
3.61225
3.5617
3.53005
3.50945
3.49284
3.48412
3.47439
3.45779
3.43674
3.40654
3.36505
3.33172
3.30874
3.28935
3.27477
3.26146
3.24695
3.23082
3.20914
3.18073
3.15386
3.13208
3.11403
3.09887
3.08295
3.0612
3.03426
3.00717
2.98301
2.9712
2.96331
2.95324
2.94164
2.9274
2.90169
2.85843
2.8333
2.82454
2.81516
2.80551
2.79648
2.78685
2.77607
2.75718
2.72091
2.68963
2.6737
2.66364
2.65842
2.65287
2.64508
2.63397
2.61668
2.58995
2.56145
2.54491
2.53658
2.52907
2.5218
2.51516
2.50587
2.48964
2.46525
2.4382
2.42216
2.41697
2.41204
2.40579
2.39856
2.38841
2.36943
2.34014
2.32434
2.31838
2.31224
2.30574
2.29902
2.29179
2.28327
2.26943
2.24456
2.22068
2.21018
2.20418
2.19968
2.19533
2.18905
2.17798
2.1597
2.13628
2.12026
2.11529
2.11096
2.10516
2.09862
2.09007
2.07457
2.04789
2.03165
2.02855
2.02475
2.0187
2.01283
2.00699
1.99999
1.98976
1.97284
1.95404
1.94478
1.93937
1.93372
1.928
1.92187
1.91353
1.90105
1.88556
1.87219
1.86604
1.86265
1.85881
1.85427
1.84835
1.8383
1.82031
1.80096
1.79306
1.78971
1.78654
1.78321
1.77982
1.7759
1.77023
1.76026
1.74402
1.72743
1.71961
1.71712
1.71496
1.71226
1.70891
1.70411
1.69487
1.67814
1.6624
1.65614
1.65273
1.64919
1.64571
1.64182
1.6363
1.62757
1.61403
1.59896
1.59109
1.58837
1.58597
1.58297
1.57938
1.57401
1.5642
1.55218
1.54504
1.54118
1.53799
1.53503
1.53194
1.5276
1.52158
1.51254
1.49827
1.48856
1.4865
1.48539
1.48377
1.48235
1.48174
1.48108
1.47853
1.47119
1.46651
1.46614
1.46665
1.46795
1.46953
1.47521
1.48083
1.48491
1.49803
1.52485
1.55688
1.60428
1.67475
1.73912
1.86139
1.40001
1.40001
1.40001
1.40001
1.40001
1.40001
1.40001
1.40001
1.40001
1.40001
1.40001
1.40001
1.40001
1.40001
1.40001
1.40001
1.40001
1.40001
1.40001
1.40001
1.40001
1.40001
1.40001
1.40001
1.40001
1.40001
1.40001
1.40001
1.40001
1.40001
1.40001
1.40001
1.40001
1.40001
1.40001
1.40001
1.40001
1.40001
1.40001
1.40001
1.40001
1.40001
1.40001
1.40001
1.40001
1.40001
1.40001
1.40002
1.4001
1.4004
1.40191
1.4057
1.41528
1.45249
1.52826
1.62864
1.81833
2.14299
2.48972
2.94312
3.30938
3.62314
4.15809
4.53069
4.54603
4.62561
4.77632
4.8848
4.90356
4.91394
4.94618
4.95658
4.9812
5.02958
5.09995
5.23829
5.32778
5.4123
5.633
6.00569
6.24527
6.53332
7.05602
7.36883
7.7217
8.24796
8.50209
8.90365
9.15905
9.37367
9.62347
9.67857
9.72261
9.7338
9.71165
9.68262
9.61018
9.48573
9.33671
9.24727
9.11327
8.93325
8.81617
8.65701
8.46702
8.34027
8.22045
8.10051
8.00709
7.92281
7.82861
7.72889
7.62652
7.50952
7.39493
7.29267
7.1914
7.10053
7.02071
6.94683
6.86931
6.79411
6.71991
6.6467
6.57723
6.51135
6.45605
6.3982
6.34157
6.27868
6.21225
6.14842
6.08302
6.02758
5.97215
5.91699
5.86116
5.80466
5.74713
5.69038
5.63364
5.58211
5.5347
5.48476
5.43797
5.38356
5.32558
5.2746
5.21881
5.17524
5.14049
5.10395
5.06951
5.02565
4.9731
4.91476
4.84621
4.80548
4.78111
4.75382
4.72794
4.69986
4.66499
4.6223
4.55574
4.47997
4.44941
4.42857
4.40863
4.39017
4.36599
4.33621
4.29097
4.21607
4.16787
4.14858
4.12904
4.11081
4.09242
4.07213
4.03982
3.98606
3.92037
3.88695
3.8754
3.86349
3.84828
3.8299
3.80515
3.76963
3.71759
3.65921
3.63881
3.62994
3.61889
3.60793
3.59461
3.57441
3.54737
3.50606
3.45071
3.42082
3.40738
3.39356
3.38027
3.36658
3.35035
3.32984
3.30004
3.26031
3.22735
3.20894
3.19728
3.18795
3.17685
3.15833
3.12871
3.09099
3.05813
3.04684
3.03999
3.03061
3.01935
3.0065
2.98572
2.94782
2.91294
2.89762
2.88587
2.87522
2.86629
2.85748
2.84807
2.83137
2.79939
2.76303
2.74013
2.73221
2.72663
2.7191
2.70958
2.69853
2.68391
2.66067
2.62931
2.60543
2.59563
2.58854
2.58221
2.57616
2.56663
2.55076
2.52672
2.4961
2.481
2.4758
2.46951
2.46153
2.45339
2.44343
2.42593
2.39935
2.38144
2.37198
2.36418
2.35836
2.35264
2.34635
2.33829
2.32358
2.29608
2.26958
2.25891
2.25329
2.24852
2.24361
2.23668
2.22469
2.20575
2.18183
2.16686
2.16225
2.15748
2.151
2.14389
2.13484
2.1178
2.09181
2.07901
2.07415
2.0684
2.06158
2.05542
2.04918
2.04116
2.02919
2.00839
1.98598
1.98006
1.9771
1.9735
1.97022
1.96628
1.95951
1.94801
1.92978
1.90953
1.90092
1.89753
1.89392
1.88966
1.88451
1.87612
1.86109
1.84438
1.83665
1.83295
1.82938
1.82554
1.82149
1.81681
1.80974
1.79691
1.77776
1.76353
1.75788
1.75524
1.75262
1.74921
1.74494
1.73851
1.72567
1.7077
1.69907
1.69573
1.69228
1.68852
1.68495
1.68045
1.67325
1.6609
1.64331
1.63434
1.63249
1.6308
1.62844
1.62555
1.62201
1.61599
1.60367
1.58748
1.5787
1.57503
1.57224
1.56965
1.56668
1.56212
1.55524
1.54533
1.53052
1.51798
1.51418
1.51178
1.50861
1.50534
1.50238
1.49873
1.49215
1.48146
1.47329
1.47
1.46797
1.46492
1.46033
1.45674
1.45192
1.44019
1.43076
1.4303
1.43115
1.43377
1.43821
1.44629
1.46666
1.40001
1.40001
1.40001
1.40001
1.40001
1.40001
1.40001
1.40001
1.40001
1.40001
1.40001
1.40001
1.40001
1.40001
1.40001
1.40001
1.40001
1.40001
1.40001
1.40001
1.40001
1.40001
1.40001
1.40001
1.40001
1.40001
1.40001
1.40001
1.40001
1.40001
1.40001
1.40001
1.40001
1.40001
1.40001
1.40001
1.40001
1.40001
1.40001
1.40001
1.40001
1.40001
1.40001
1.40001
1.40001
1.40001
1.40001
1.40001
1.40001
1.40001
1.40001
1.40001
1.40002
1.40012
1.40067
1.40192
1.40569
1.42007
1.45101
1.52267
1.64861
1.81798
2.11164
2.55865
3.02276
3.44717
4.04784
4.8519
5.44743
5.9876
6.73546
7.49063
8.16982
8.88474
9.56196
10.1627
10.7308
11.3105
11.9625
12.3694
12.6519
13.0081
13.3824
13.4554
13.6202
13.7041
13.561
13.4988
13.3476
13.0959
12.8318
12.4854
12.0601
11.5956
11.1183
10.6425
10.1889
9.76678
9.36308
9.01843
8.71924
8.47236
8.27612
8.10203
7.99654
7.90601
7.81149
7.69837
7.64055
7.6058
7.554
7.50095
7.4556
7.403
7.33115
7.2427
7.14592
7.05089
6.96242
6.88936
6.81151
6.72575
6.63695
6.55116
6.47299
6.39312
6.32219
6.25671
6.20224
6.14202
6.07292
6.00256
5.93811
5.88562
5.82987
5.77222
5.71774
5.668
5.61559
5.55984
5.50328
5.45661
5.41208
5.36114
5.30944
5.25303
5.20188
5.1569
5.10538
5.05866
5.01868
4.9832
4.95157
4.90803
4.85365
4.79122
4.7249
4.69175
4.66827
4.63991
4.61061
4.5798
4.54541
4.5022
4.43683
4.36872
4.33508
4.31137
4.29437
4.27799
4.25347
4.22103
4.17215
4.09895
4.05713
4.03921
4.01942
3.99935
3.98064
3.96187
3.93041
3.87605
3.81198
3.78232
3.77157
3.75946
3.7438
3.72447
3.69857
3.66024
3.60783
3.56038
3.5416
3.52935
3.5173
3.50815
3.49584
3.47567
3.4467
3.40319
3.35058
3.3255
3.31345
3.30029
3.2864
3.27226
3.2568
3.23681
3.20626
3.16636
3.13571
3.12019
3.11043
3.10172
3.09074
3.07256
3.04187
3.00102
2.97041
2.96206
2.95607
2.9475
2.93691
2.92406
2.90381
2.86782
2.83281
2.81721
2.80639
2.79587
2.78676
2.77871
2.77036
2.75529
2.72702
2.68665
2.66258
2.65724
2.65193
2.6441
2.63481
2.62488
2.612
2.59002
2.55865
2.53516
2.52434
2.51701
2.51175
2.50678
2.49828
2.48424
2.46112
2.42816
2.41341
2.40942
2.4037
2.39569
2.38733
2.37771
2.36243
2.33863
2.31967
2.30935
2.30131
2.29484
2.28924
2.2839
2.27688
2.2635
2.23856
2.212
2.19951
2.1942
2.19029
2.1859
2.17937
2.16781
2.14904
2.12421
2.11089
2.1077
2.10368
2.09743
2.09005
2.0804
2.06292
2.03879
2.02734
2.02237
2.01673
2.01053
2.00481
1.99877
1.99082
1.97859
1.95738
1.93683
1.93111
1.92801
1.92466
1.9219
1.91828
1.91153
1.89984
1.87993
1.85997
1.85454
1.85186
1.84808
1.84326
1.83739
1.82881
1.815
1.80026
1.79242
1.78793
1.78405
1.78047
1.77703
1.77314
1.76668
1.7541
1.73505
1.72026
1.7158
1.71399
1.71166
1.7082
1.70355
1.6962
1.6816
1.66477
1.65901
1.65622
1.65277
1.64908
1.64542
1.64066
1.63333
1.62029
1.60292
1.59671
1.59485
1.59287
1.59057
1.58814
1.58508
1.57919
1.56686
1.55118
1.54272
1.53951
1.53723
1.53495
1.53235
1.52841
1.52206
1.51203
1.49539
1.48309
1.48105
1.47949
1.47639
1.47236
1.46853
1.46412
1.45657
1.44577
1.439
1.43573
1.43275
1.42952
1.42606
1.42252
1.41734
1.40532
1.39233
1.38977
1.38876
1.38735
1.3854
1.38361
1.37866
)
;

boundaryField
{
    inlet
    {
        type            calculated;
        value           uniform 1.40001;
    }
    outlet
    {
        type            calculated;
        value           nonuniform List<scalar> 
32
(
2.20211
2.20739
2.22799
2.26061
2.2984
2.33313
2.35185
2.36101
2.36112
2.36271
2.37015
2.38842
2.41281
2.44132
2.4771
2.52069
2.5672
2.61983
2.67512
2.73178
2.7867
2.83981
2.8906
2.92935
2.95296
2.99154
2.99377
2.91482
2.57865
1.86114
1.46646
1.37842
)
;
    }
    bottom
    {
        type            symmetryPlane;
    }
    top
    {
        type            symmetryPlane;
    }
    obstacle
    {
        type            calculated;
        value           nonuniform List<scalar> 
416
(
7.57279
7.57111
7.5682
7.56406
7.55873
7.55225
7.54466
7.53609
7.52658
7.51615
7.50481
7.49237
7.47883
7.46386
7.44748
7.42907
7.40883
7.38584
7.36053
7.33153
7.2997
7.26278
7.22178
7.1729
7.11799
7.05014
6.97236
6.86937
6.74542
6.56883
6.32126
6.06147
2.17043
1.45583
1.12119
0.883142
0.665834
0.546873
0.499717
0.448099
0.343974
0.269817
0.264314
0.258841
0.238656
0.214983
0.211714
0.220595
0.23378
0.236981
0.237756
0.242133
0.255667
0.277373
0.309284
0.331751
0.347798
0.362524
0.387925
0.420644
0.445639
0.470309
0.5048
0.552017
0.589439
0.617982
0.649941
0.685735
0.717037
0.747592
0.782549
0.819579
0.851934
0.878642
0.901441
0.918937
0.933559
0.948628
0.968901
0.994387
1.01674
1.03369
1.04924
1.06574
1.07035
1.06902
1.0721
1.08266
1.0991
1.12065
1.13061
1.13312
1.13675
1.14277
1.1489
1.15502
1.1615
1.17339
1.18454
1.18676
1.18689
1.18484
1.18092
1.18132
1.18304
1.18606
1.19138
1.19238
1.18992
1.18458
1.17803
1.17386
1.17167
1.17038
1.17205
1.17325
1.17097
1.16824
1.16376
1.15844
1.15657
1.15558
1.15522
1.15682
1.1571
1.15595
1.15416
1.15106
1.14928
1.14895
1.14887
1.14989
1.15294
1.15502
1.15545
1.15558
1.1552
1.15529
1.15602
1.15774
1.16117
1.16515
1.16641
1.16656
1.1666
1.16665
1.16687
1.16727
1.16842
1.17086
1.173
1.17343
1.17339
1.17316
1.17224
1.17143
1.17112
1.171
1.17199
1.17288
1.17225
1.17105
1.16903
1.16623
1.16473
1.16397
1.16335
1.16261
1.16166
1.16059
1.15907
1.1566
1.15387
1.15234
1.1514
1.1505
1.14953
1.14844
1.14716
1.14555
1.14322
1.14069
1.13943
1.13879
1.13814
1.13746
1.13681
1.13606
1.13475
1.13243
1.13089
1.1304
1.12997
1.12957
1.12918
1.12872
1.12809
1.1269
1.12539
1.1248
1.12446
1.12413
1.12382
1.12346
1.12304
1.12244
1.12145
1.12035
1.11988
1.11948
1.11902
1.11862
1.11825
1.11783
1.11722
1.11621
1.11493
1.1141
1.11357
1.11304
1.11253
1.11203
1.11147
1.1107
1.10958
1.10814
1.10681
1.10594
1.1052
1.10447
1.1038
1.10317
1.10249
1.10073
1.89574
3.19466
3.3077
3.31749
3.33037
3.34259
3.35672
3.36971
3.37976
3.38606
3.38998
3.39227
3.39372
3.39434
3.39376
3.39231
3.38995
3.38684
3.38319
3.37906
3.37461
3.37001
3.36547
3.36079
3.35526
3.34891
3.34198
3.33482
3.32764
3.32049
3.3131
3.30509
3.29631
3.28699
3.27757
3.26842
3.2596
3.25079
3.24152
3.23156
3.22116
3.2108
3.20098
3.19184
3.1831
3.17403
3.16414
3.15356
3.14285
3.13262
3.12323
3.11451
3.10557
3.09549
3.08434
3.07287
3.06178
3.05158
3.04257
3.03456
3.02672
3.01818
3.00878
2.99902
2.98946
2.98043
2.97199
2.96393
2.95587
2.94764
2.93932
2.93113
2.92318
2.91541
2.90756
2.89945
2.89108
2.88265
2.87436
2.86638
2.85867
2.8506
2.84166
2.8323
2.82304
2.81418
2.80605
2.79874
2.79095
2.78225
2.77361
2.76524
2.75736
2.75048
2.74432
2.73709
2.72932
2.72142
2.71306
2.70454
2.69684
2.68961
2.68266
2.67636
2.67047
2.66383
2.65688
2.65
2.64326
2.63651
2.6296
2.62262
2.61546
2.608
2.60032
2.59273
2.58535
2.57806
2.57076
2.56339
2.55591
2.54829
2.54053
2.53278
2.52518
2.51774
2.51035
2.50293
2.49543
2.48788
2.48038
2.47317
2.46635
2.45977
2.4533
2.44679
2.44022
2.43355
2.42688
2.4203
2.41401
2.40803
2.40223
2.39645
2.39065
2.38485
2.37905
2.37331
2.36784
2.36278
2.35809
2.35366
2.34923
2.34476
2.34016
2.33537
2.33042
2.32553
2.32105
2.31682
2.31274
2.30862
2.30437
2.30001
2.29548
2.29074
2.2858
2.28066
2.27539
2.27014
2.26505
2.25999
2.25498
2.24992
2.24464
2.23903
2.23308
2.22679
2.22063
2.21489
2.21027
2.20216
)
;
    }
    defaultFaces
    {
        type            empty;
    }
}


// ************************************************************************* //
