/*--------------------------------*- C++ -*----------------------------------*\
  =========                 |
  \\      /  F ield         | OpenFOAM: The Open Source CFD Toolbox
   \\    /   O peration     | Website:  https://openfoam.org
    \\  /    A nd           | Version:  7
     \\/     M anipulation  |
\*---------------------------------------------------------------------------*/
FoamFile
{
    version     2.0;
    format      ascii;
    class       volScalarField;
    location    "1.8";
    object      T;
}
// * * * * * * * * * * * * * * * * * * * * * * * * * * * * * * * * * * * * * //

dimensions      [0 0 0 1 0 0 0];

internalField   nonuniform List<scalar> 
18432
(
1
1
1
1
1
1
1
1
1
1
1
1
1
1
1
1
1
1
1
1
1
1
1
1
1
1
1
1
1
1
1
1
1
1
1
1
1
1
1
1
1
1
1
1
1
1
1
1
1
1
1
1
1
1
1
1
1.78852
3.7723
4.0617
4.07622
4.09001
4.09965
4.10734
4.11288
4.1168
4.11982
4.12266
4.1261
4.13089
4.13736
4.14493
4.15228
4.15817
4.16211
4.16428
4.16528
4.1661
4.1678
4.17108
4.17603
4.18204
4.18818
4.19357
4.19794
4.20173
4.20549
4.20949
4.21359
4.21738
4.221
4.22514
4.23034
4.23708
4.24492
4.25084
4.25308
1
1
1
1
1
1
1
1
1
1
1
1
1
1
1
1
1
1
1
1
1
1
1
1
1
1
1
1
1
1
1
1
1
1
1
1
1
1
1
1
1
1
1
1
1
1
1
1
1
1
1
1
1
1
1
1
1.77515
3.76798
4.06207
4.07691
4.09001
4.09956
4.10723
4.11276
4.11668
4.11965
4.12244
4.12588
4.13069
4.13718
4.14475
4.15209
4.15795
4.16187
4.16404
4.16508
4.16598
4.16771
4.17099
4.1759
4.18189
4.18801
4.19338
4.19773
4.20149
4.20522
4.2092
4.21327
4.21705
4.22066
4.22481
4.23002
4.23676
4.2446
4.25053
4.25276
1
1
1
1
1
1
1
1
1
1
1
1
1
1
1
1
1
1
1
1
1
1
1
1
1
1
1
1
1
1
1
1
1
1
1
1
1
1
1
1
1
1
1
1
1
1
1
1
1
1
1
1
1
1
1
1
1.73908
3.75591
4.06244
4.07644
4.0894
4.09892
4.10672
4.1124
4.11637
4.11932
4.12206
4.12548
4.13028
4.13674
4.14426
4.15153
4.15737
4.1613
4.16358
4.16472
4.16576
4.16754
4.17081
4.17568
4.18162
4.1877
4.19305
4.19737
4.20111
4.2048
4.20873
4.21276
4.21652
4.22011
4.22429
4.22953
4.23628
4.24413
4.25006
4.25229
1
1
1
1
1
1
1
1
1
1
1
1
1
1
1
1
1
1
1
1
1
1
1
1
1
1
1
1
1
1
1
1
1
1
1
1
1
1
1
1
1
1
1
1
1
1
1
1
1
1
1
1
1
1
1
1
1.68879
3.73727
4.0621
4.07556
4.08822
4.09775
4.10585
4.11169
4.11572
4.11865
4.12138
4.12483
4.12962
4.13601
4.14341
4.15059
4.15645
4.1605
4.163
4.16435
4.16554
4.16735
4.17056
4.17532
4.18118
4.18722
4.19254
4.19686
4.20057
4.20423
4.20811
4.21208
4.21578
4.21934
4.22353
4.2288
4.23556
4.2434
4.24932
4.25155
1
1
1
1
1
1
1
1
1
1
1
1
1
1
1
1
1
1
1
1
1
1
1
1
1
1
1
1
1
1
1
1
1
1
1
1
1
1
1
1
1
1
1
1
1
1
1
1
1
1
1
1
1
1
1
1
1.62696
3.71229
4.06171
4.07386
4.08644
4.09638
4.105
4.11102
4.11493
4.11768
4.12032
4.12378
4.12855
4.13481
4.14202
4.14913
4.15513
4.15948
4.16235
4.16399
4.16533
4.16712
4.17019
4.17477
4.18049
4.18646
4.19177
4.1961
4.19982
4.20346
4.20729
4.2112
4.21485
4.21839
4.22261
4.22792
4.23471
4.24254
4.24844
4.25065
1
1
1
1
1
1
1
1
1
1
1
1
1
1
1
1
1
1
1
1
1
1
1
1
1
1
1
1
1
1
1
1
1
1
1
1
1
1
1
1
1
1
1
1
1
1
1
1
1
1
1
1
1
1
1
1
1.55086
3.67808
4.0632
4.07212
4.08416
4.09422
4.10321
4.10938
4.11331
4.11606
4.11878
4.12237
4.12715
4.13324
4.14024
4.14731
4.15359
4.15838
4.16173
4.16366
4.16509
4.16678
4.16965
4.17399
4.17955
4.18548
4.19082
4.19521
4.19897
4.2026
4.20637
4.21018
4.21376
4.21725
4.22148
4.22683
4.23366
4.24148
4.24734
4.24951
1
1
1
1
1
1
1
1
1
1
1
1
1
1
1
1
1
1
1
1
1
1
1
1
1
1
1
1
1
1
1
1
1
1
1
1
1
1
1
1
1
1
1
1
1
1
1
1
1
1
1
1
1
1
1
1
1.45773
3.63116
4.06534
4.06938
4.081
4.09123
4.10074
4.10731
4.11141
4.11435
4.11735
4.12116
4.12595
4.13177
4.13845
4.14538
4.1519
4.15715
4.16102
4.16326
4.16479
4.16638
4.16904
4.17314
4.17854
4.18439
4.18972
4.19412
4.19787
4.20146
4.20515
4.20885
4.21234
4.21579
4.22006
4.22548
4.23238
4.24022
4.24605
4.24819
1
1
1
1
1
1
1
1
1
1
1
1
1
1
1
1
1
1
1
1
1
1
1
1
1
1
1
1
1
1
1
1
1
1
1
1
1
1
1
1
1
1
1
1
1
1
1
1
1
1
1
1
1
1
1
1
1.33733
3.56435
4.06634
4.06649
4.07724
4.08781
4.09764
4.10457
4.10925
4.11287
4.11641
4.12038
4.12491
4.1302
4.13638
4.14312
4.14992
4.15573
4.16023
4.16292
4.16467
4.1662
4.1686
4.17236
4.17749
4.18317
4.1884
4.19275
4.19646
4.2
4.20362
4.20725
4.21069
4.21412
4.21843
4.22393
4.23091
4.23877
4.24457
4.24667
1
1
1
1
1
1
1
1
1
1
1
1
1
1
1
1
1
1
1
1
1
1
1
1
1
1
1
1
1
1
1
1
1
1
1
1
1
1
1
1
1
1
1
1
1
1
1
1
1
1
1
1
1
1
1
1
1.20538
3.48966
4.06324
4.06459
4.07534
4.08555
4.095
4.10211
4.10743
4.11186
4.11601
4.12016
4.12439
4.12914
4.13484
4.14144
4.1485
4.15474
4.1596
4.16236
4.16398
4.16518
4.1672
4.17066
4.17566
4.18135
4.18664
4.19104
4.19478
4.1983
4.20186
4.2054
4.20877
4.21216
4.21648
4.22203
4.22911
4.23702
4.24281
4.24491
1
1
1
1
1
1
1
1
1
1
1
1
1
1
1
1
1
1
1
1
1
1
1
1
1
1
1
1
1
1
1
1
1
1
1
1
1
1
1
1
1
1
1
1
1
1
1
1
1
1
1
1
1
1
1
1
1.03873
3.40995
4.05974
4.06576
4.07597
4.08509
4.09334
4.10009
4.10575
4.11066
4.11508
4.11918
4.12308
4.12737
4.13267
4.13915
4.14645
4.15313
4.15842
4.16138
4.16298
4.16402
4.16583
4.1691
4.17403
4.17973
4.18503
4.18939
4.19302
4.1964
4.1998
4.2032
4.20652
4.20989
4.21423
4.21983
4.227
4.23499
4.24079
4.24289
1
1
1
1
1
1
1
1
1
1
1
1
1
1
1
1
1
1
1
1
1
1
1
1
1
1
1
1
1
1
1
1
1
1
1
1
1
1
1
1
1
1
1
1
1
1
1
1
1
1
1
1
1
1
1
1
1.00042
3.31506
4.05787
4.06714
4.07593
4.08458
4.09261
4.09955
4.10545
4.11043
4.11474
4.11861
4.12225
4.1263
4.1314
4.13777
4.1451
4.15188
4.15727
4.16016
4.1616
4.1624
4.16397
4.16709
4.17201
4.17779
4.18317
4.18751
4.19102
4.19419
4.1974
4.20065
4.20391
4.20729
4.21167
4.21732
4.22458
4.23269
4.23854
4.2407
1
1
1
1
1
1
1
1
1
1
1
1
1
1
1
1
1
1
1
1
1
1
1
1
1
1
1
1
1
1
1
1
1
1
1
1
1
1
1
1
1
1
1
1
1
1
1
1
1
1
1
1
1
1
1
1
1
3.19238
4.05212
4.06782
4.0766
4.08506
4.0929
4.09967
4.1053
4.10998
4.11397
4.11756
4.12101
4.12493
4.12995
4.13626
4.14359
4.15042
4.15582
4.15857
4.15983
4.1604
4.16174
4.16469
4.16961
4.17552
4.18104
4.18542
4.18882
4.19179
4.19477
4.19786
4.20104
4.20443
4.20879
4.21444
4.22177
4.22999
4.2359
4.23811
1
1
1
1
1
1
1
1
1
1
1
1
1
1
1
1
1
1
1
1
1
1
1
1
1
1
1
1
1
1
1
1
1
1
1
1
1
1
1
1
1
1
1
1
1
1
1
1
1
1
1
1
1
1
1
1
1
3.03901
4.03564
4.06589
4.07611
4.08508
4.09288
4.09945
4.10479
4.10916
4.11293
4.11638
4.11975
4.12361
4.12859
4.13479
4.14203
4.14878
4.15405
4.15659
4.1576
4.1579
4.15898
4.16174
4.16667
4.17275
4.17846
4.18293
4.18627
4.18903
4.19177
4.19467
4.19776
4.20115
4.20549
4.21116
4.21857
4.22694
4.23293
4.23522
1
1
1
1
1
1
1
1
1
1
1
1
1
1
1
1
1
1
1
1
1
1
1
1
1
1
1
1
1
1
1
1
1
1
1
1
1
1
1
1
1
1
1
1
1
1
1
1
1
1
1
1
1
1
1
1
1
2.85336
4.00326
4.05912
4.07276
4.08301
4.09127
4.09785
4.10293
4.10699
4.11065
4.11411
4.11755
4.12146
4.12647
4.13267
4.13995
4.14676
4.152
4.15443
4.15525
4.15532
4.15613
4.1587
4.16359
4.16979
4.17566
4.1802
4.18348
4.18606
4.18856
4.19124
4.19418
4.1975
4.20177
4.20741
4.21492
4.22343
4.22951
4.2319
1
1
1
1
1
1
1
1
1
1
1
1
1
1
1
1
1
1
1
1
1
1
1
1
1
1
1
1
1
1
1
1
1
1
1
1
1
1
1
1
1
1
1
1
1
1
1
1
1
1
1
1
1
1
1
1
1
2.63627
3.95561
4.04741
4.0657
4.07744
4.08639
4.09337
4.09872
4.10324
4.10735
4.11111
4.11469
4.1186
4.12353
4.12964
4.13693
4.14389
4.14926
4.15174
4.15247
4.15245
4.1531
4.1555
4.16033
4.16656
4.17251
4.17709
4.18031
4.18273
4.18502
4.18748
4.19023
4.19343
4.19759
4.2032
4.21082
4.21952
4.22572
4.22824
1
1
1
1
1
1
1
1
1
1
1
1
1
1
1
1
1
1
1
1
1
1
1
1
1
1
1
1
1
1
1
1
1
1
1
1
1
1
1
1
1
1
1
1
1
1
1
1
1
1
1
1
1
1
1
1
1
2.39586
3.89895
4.03315
4.05518
4.0683
4.07765
4.08519
4.09133
4.09683
4.10188
4.10634
4.11033
4.11437
4.11922
4.12525
4.13262
4.13991
4.14565
4.14849
4.14929
4.14924
4.14979
4.15204
4.15673
4.16293
4.16891
4.17353
4.17673
4.17907
4.18121
4.18346
4.186
4.189
4.19298
4.1985
4.20622
4.2151
4.22145
4.22408
1
1
1
1
1
1
1
1
1
1
1
1
1
1
1
1
1
1
1
1
1
1
1
1
1
1
1
1
1
1
1
1
1
1
1
1
1
1
1
1
1
1
1
1
1
1
1
1
1
1
1
1
1
1
1
1
1
2.12892
3.82311
4.02355
4.04231
4.0548
4.06408
4.07275
4.08055
4.08782
4.09433
4.09985
4.10449
4.10877
4.11358
4.11955
4.12703
4.13475
4.14103
4.14448
4.14551
4.14556
4.14609
4.14823
4.15275
4.15885
4.1648
4.16944
4.17263
4.17491
4.17693
4.17902
4.18132
4.18411
4.18789
4.1933
4.2011
4.21018
4.21673
4.21951
1
1
1
1
1
1
1
1
1
1
1
1
1
1
1
1
1
1
1
1
1
1
1
1
1
1
1
1
1
1
1
1
1
1
1
1
1
1
1
1
1
1
1
1
1
1
1
1
1
1
1
1
1
1
1
1
1
1.76885
3.69809
4.02289
4.0282
4.03976
4.04948
4.05915
4.06837
4.07719
4.0851
4.09165
4.097
4.10163
4.10649
4.11244
4.12005
4.12825
4.13519
4.13952
4.14107
4.14142
4.14204
4.14409
4.14839
4.15429
4.16017
4.16483
4.16803
4.17027
4.17223
4.1742
4.17632
4.17891
4.18243
4.18762
4.19542
4.20463
4.21136
4.21426
1
1
1
1
1
1
1
1
1
1
1
1
1
1
1
1
1
1
1
1
1
1
1
1
1
1
1
1
1
1
1
1
1
1
1
1
1
1
1
1
1
1
1
1
1
1
1
1
1
1
1
1
1
1
1
1
1
1.33379
3.55313
4.02667
4.01955
4.02685
4.03588
4.046
4.05608
4.06573
4.07447
4.08191
4.08805
4.09319
4.09819
4.10416
4.11183
4.1204
4.12799
4.13337
4.13577
4.13666
4.13748
4.13948
4.14351
4.14918
4.15498
4.15967
4.1629
4.16508
4.16692
4.16875
4.17071
4.17312
4.17639
4.18135
4.18911
4.19846
4.20542
4.20847
1
1
1
1
1
1
1
1
1
1
1
1
1
1
1
1
1
1
1
1
1
1
1
1
1
1
1
1
1
1
1
1
1
1
1
1
1
1
1
1
1
1
1
1
1
1
1
1
1
1
1
1
1
1
1
1
1
1.03653
3.44942
4.02853
4.01924
4.02489
4.03138
4.03943
4.04756
4.05575
4.06393
4.07169
4.07841
4.08399
4.08915
4.09501
4.10253
4.11127
4.11945
4.12588
4.12942
4.13109
4.13223
4.13424
4.13803
4.14345
4.14918
4.15395
4.15727
4.15937
4.16106
4.16274
4.16459
4.16684
4.16983
4.17451
4.18211
4.19148
4.1986
4.20173
1
1
1
1
1
1
1
1
1
1
1
1
1
1
1
1
1
1
1
1
1
1
1
1
1
1
1
1
1
1
1
1
1
1
1
1
1
1
1
1
1
1
1
1
1
1
1
1
1
1
1
1
1
1
1
1
1
1.00023
3.28334
4.03008
4.02558
4.02761
4.03162
4.03751
4.0442
4.05107
4.05785
4.06432
4.07049
4.07594
4.08078
4.08606
4.09289
4.10129
4.10978
4.11703
4.12181
4.12448
4.1261
4.1282
4.13185
4.13708
4.14267
4.14756
4.15101
4.15307
4.15451
4.15596
4.15766
4.15972
4.16245
4.16691
4.17435
4.18372
4.19101
4.19423
1
1
1
1
1
1
1
1
1
1
1
1
1
1
1
1
1
1
1
1
1
1
1
1
1
1
1
1
1
1
1
1
1
1
1
1
1
1
1
1
1
1
1
1
1
1
1
1
1
1
1
1
1
1
1
1
1
1
3.06007
4.03444
4.03208
4.03354
4.03773
4.04269
4.04747
4.05231
4.05747
4.06217
4.0666
4.07061
4.07445
4.0786
4.08403
4.0913
4.09944
4.10702
4.11291
4.1167
4.119
4.12133
4.12492
4.12993
4.13542
4.14045
4.14399
4.14606
4.14732
4.14853
4.15004
4.1519
4.15433
4.15852
4.1657
4.17491
4.18222
4.1854
1
1
1
1
1
1
1
1
1
1
1
1
1
1
1
1
1
1
1
1
1
1
1
1
1
1
1
1
1
1
1
1
1
1
1
1
1
1
1
1
1
1
1
1
1
1
1
1
1
1
1
1
1
1
1
1
1
1
2.75469
3.9772
4.02862
4.03566
4.04051
4.04526
4.04972
4.05411
4.05829
4.06216
4.06553
4.06845
4.07066
4.07322
4.07693
4.08233
4.0892
4.0965
4.10294
4.1077
4.1108
4.11354
4.11711
4.12186
4.12732
4.13257
4.13628
4.13828
4.13933
4.14025
4.14141
4.14293
4.14503
4.14897
4.15595
4.16504
4.17237
4.17552
1
1
1
1
1
1
1
1
1
1
1
1
1
1
1
1
1
1
1
1
1
1
1
1
1
1
1
1
1
1
1
1
1
1
1
1
1
1
1
1
1
1
1
1
1
1
1
1
1
1
1
1
1
1
1
1
1
1
2.37504
3.85035
4.00803
4.02708
4.03931
4.04655
4.05153
4.05545
4.05879
4.06216
4.06519
4.06747
4.06925
4.07049
4.07219
4.07533
4.08028
4.0864
4.09261
4.09784
4.1016
4.10482
4.10843
4.11288
4.11828
4.12371
4.12769
4.12972
4.13053
4.13113
4.13194
4.13305
4.1348
4.13834
4.14492
4.15365
4.16077
4.1637
1
1
1
1
1
1
1
1
1
1
1
1
1
1
1
1
1
1
1
1
1
1
1
1
1
1
1
1
1
1
1
1
1
1
1
1
1
1
1
1
1
1
1
1
1
1
1
1
1
1
1
1
1
1
1
1
1
1
1.80106
3.62477
3.98739
4.00669
4.02331
4.03469
4.04496
4.053
4.05842
4.06209
4.06465
4.06651
4.0677
4.06851
4.06919
4.07065
4.07317
4.07746
4.08259
4.08756
4.09162
4.09512
4.09872
4.10293
4.10824
4.11382
4.11816
4.12035
4.12092
4.12101
4.12118
4.12167
4.12285
4.12588
4.13208
4.14059
4.1476
4.15041
1
1
1
1
1
1
1
1
1
1
1
1
1
1
1
1
1
1
1
1
1
1
1
1
1
1
1
1
1
1
1
1
1
1
1
1
1
1
1
1
1
1
1
1
1
1
1
1
1
1
1
1
1
1
1
1
1
1
1.10633
3.43565
3.97681
3.97444
3.98888
4.00916
4.02852
4.04247
4.05235
4.05888
4.06299
4.0653
4.06643
4.06685
4.06692
4.06711
4.0682
4.07031
4.07366
4.07762
4.08142
4.08487
4.08823
4.09213
4.09716
4.10274
4.10735
4.10971
4.11013
4.10978
4.1094
4.10935
4.1099
4.11211
4.11742
4.12515
4.13161
4.13392
1
1
1
1
1
1
1
1
1
1
1
1
1
1
1
1
1
1
1
1
1
1
1
1
1
1
1
1
1
1
1
1
1
1
1
1
1
1
1
1
1
1
1
1
1
1
1
1
1
1
1
1
1
1
1
1
1
1
1.00097
3.28295
3.95238
3.94753
3.96642
3.98505
4.00495
4.02405
4.03863
4.04921
4.0565
4.06115
4.06373
4.06485
4.06502
4.06468
4.06442
4.0649
4.06633
4.06859
4.07137
4.07426
4.07705
4.08046
4.08501
4.09047
4.09532
4.09791
4.09824
4.0974
4.09605
4.09483
4.09435
4.09542
4.09963
4.10672
4.11289
4.11513
1
1
1
1
1
1
1
1
1
1
1
1
1
1
1
1
1
1
1
1
1
1
1
1
1
1
1
1
1
1
1
1
1
1
1
1
1
1
1
1
1
1
1
1
1
1
1
1
1
1
1
1
1
1
1
1
1
1
0.999997
3.00012
3.95077
3.95605
3.96391
3.97492
3.98891
4.00436
4.01983
4.03306
4.04362
4.05176
4.05723
4.06036
4.06178
4.06182
4.0613
4.06067
4.06046
4.06108
4.0624
4.06421
4.06599
4.06839
4.07198
4.07685
4.08166
4.08437
4.08463
4.08344
4.08127
4.07888
4.07738
4.07734
4.07964
4.08467
4.08921
4.09015
1
1
1
1
1
1
1
1
1
1
1
1
1
1
1
1
1
1
1
1
1
1
1
1
1
1
1
1
1
1
1
1
1
1
1
1
1
1
1
1
1
1
1
1
1
1
1
1
1
1
1
1
1
1
1
1
1
1
0.999999
2.58587
3.88847
3.96653
3.96937
3.97607
3.98321
3.99153
4.00277
4.01498
4.02673
4.03703
4.04555
4.05172
4.05564
4.05734
4.05733
4.05664
4.05557
4.05472
4.05455
4.05482
4.05504
4.05605
4.05836
4.06224
4.0667
4.06946
4.06961
4.06802
4.06471
4.06033
4.05618
4.05379
4.05373
4.05637
4.05948
4.06001
1
1
1
1
1
1
1
1
1
1
1
1
1
1
1
1
1
1
1
1
1
1
1
1
1
1
1
1
1
1
1
1
1
1
1
1
1
1
1
1
1
1
1
1
1
1
1
1
1
1
1
1
1
1
1
1
1
1
1
1.9423
3.67147
3.96559
3.97506
3.98041
3.98377
3.98799
3.99311
4.00055
4.00997
4.01996
4.02965
4.03811
4.0448
4.04931
4.05127
4.05128
4.05045
4.04907
4.04788
4.04681
4.04533
4.04449
4.04485
4.0468
4.04997
4.05234
4.05229
4.05038
4.04614
4.04005
4.03346
4.02809
4.02455
4.02224
4.01893
4.01343
1
1
1
1
1
1
1
1
1
1
1
1
1
1
1
1
1
1
1
1
1
1
1
1
1
1
1
1
1
1
1
1
1
1
1
1
1
1
1
1
1
1
1
1
1
1
1
1
1
1
1
1
1
1
1
1
1
1
1
1.12097
3.4262
3.98556
3.97835
3.97976
3.98329
3.98671
3.99023
3.99409
3.99903
4.00557
4.0135
4.02186
4.02976
4.03644
4.04108
4.04322
4.04341
4.04248
4.04077
4.03862
4.03597
4.03336
4.03178
4.03182
4.03294
4.03422
4.03373
4.03113
4.02556
4.017
4.00629
3.99488
3.98374
3.97274
3.96085
3.94735
1
1
1
1
1
1
1
1
1
1
1
1
1
1
1
1
1
1
1
1
1
1
1
1
1
1
1
1
1
1
1
1
1
1
1
1
1
1
1
1
1
1
1
1
1
1
1
1
1
1
1
1
1
1
1
1
1
1
1
1.00178
3.18496
3.9988
3.98189
3.97907
3.9818
3.98521
3.98854
3.99089
3.99347
3.99737
4.00262
4.00872
4.01504
4.02133
4.02696
4.03111
4.03318
4.03348
4.03261
4.03069
4.02766
4.02373
4.01986
4.01711
4.01565
4.015
4.01353
4.01006
4.00345
3.993
3.97889
3.96201
3.9432
3.92364
3.9089
3.91826
1
1
1
1
1
1
1
1
1
1
1
1
1
1
1
1
1
1
1
1
1
1
1
1
1
1
1
1
1
1
1
1
1
1
1
1
1
1
1
1
1
1
1
1
1
1
1
1
1
1
1
1
1
1
1
1
1
1
1
0.999987
1.67819
3.62899
3.96462
3.97861
3.98107
3.98393
3.98462
3.98475
3.98492
3.98589
3.98703
3.98808
3.98919
3.99084
3.99338
3.99645
3.99903
4.00034
4.0001
3.99902
3.99682
3.99318
3.98814
3.98234
3.9761
3.96964
3.96228
3.95312
3.94064
3.92354
3.89966
3.86725
3.82174
3.75722
3.65283
3.45024
1
1
1
1
1
1
1
1
1
1
1
1
1
1
1
1
1
1
1
1
1
1
1
1
1
1
1
1
1
1
1
1
1
1
1
1
1
1
1
1
1
1
1
1
1
1
1
1
1
1
1
1
1
1
1
1
1
1
1
0.999999
1.00435
1.93348
3.65229
3.9231
3.93404
3.94123
3.94659
3.95067
3.95336
3.95476
3.95472
3.95377
3.95181
3.94954
3.9475
3.94582
3.94439
3.9429
3.94101
3.93871
3.93575
3.93145
3.92499
3.91622
3.90511
3.89188
3.87625
3.85776
3.83526
3.80708
3.77079
3.72285
3.65946
3.56398
3.43238
3.23007
1
1
1
1
1
1
1
1
1
1
1
1
1
1
1
1
1
1
1
1
1
1
1
1
1
1
1
1
1
1
1
1
1
1
1
1
1
1
1
1
1
1
1
1
1
1
1
1
1
1
1
1
1
1
1
1
1
1
1
1
1
1.01496
1.82651
3.55111
3.85745
3.88286
3.89253
3.90284
3.90899
3.91371
3.91677
3.91796
3.91741
3.91573
3.91293
3.90899
3.90406
3.89839
3.89217
3.88563
3.87851
3.87042
3.86078
3.84924
3.83538
3.81881
3.79904
3.77553
3.74754
3.71375
3.67359
3.62206
3.55767
3.47882
3.37894
3.25363
1
1
1
1
1
1
1
1
1
1
1
1
1
1
1
1
1
1
1
1
1
1
1
1
1
1
1
1
1
1
1
1
1
1
1
1
1
1
1
1
1
1
1
1
1
1
1
1
1
1
1
1
1
1
1
1
1
1
1
1
1
1.00001
1.01113
1.53892
3.2523
3.77201
3.8453
3.84451
3.85135
3.85512
3.86032
3.865
3.86843
3.86954
3.86851
3.86562
3.86077
3.85416
3.84613
3.83695
3.82652
3.81495
3.80186
3.78729
3.77059
3.75179
3.73018
3.70499
3.67629
3.64222
3.60339
3.55661
3.50437
3.44566
3.37189
3.29342
1
1
1
1
1
1
1
1
1
1
1
1
1
1
1
1
1
1
1
1
1
1
1
1
1
1
1
1
1
1
1
1
1
1
1
1
1
1
1
1
1
1
1
1
1
1
1
1
1
1
1
1
1
1
1
1
1
1
1
1
1
1
1
1.00289
1.34768
2.68739
3.61865
3.75134
3.76993
3.78201
3.79225
3.79796
3.80381
3.80793
3.80959
3.80904
3.80666
3.80235
3.79603
3.78786
3.77793
3.76619
3.75271
3.73722
3.71987
3.69991
3.67735
3.65189
3.62356
3.59199
3.55662
3.5172
3.4759
3.42796
3.37307
3.32109
1
1
1
1
1
1
1
1
1
1
1
1
1
1
1
1
1
1
1
1
1
1
1
1
1
1
1
1
1
1
1
1
1
1
1
1
1
1
1
1
1
1
1
1
1
1
1
1
1
1
1
1
1
1
1
1
1
1
1
1
1
1
1
1
1.00113
1.12954
1.844
3.26051
3.6355
3.71991
3.71811
3.72543
3.73095
3.73386
3.73665
3.73759
3.73704
3.73521
3.73161
3.72622
3.71906
3.71014
3.69932
3.6864
3.67121
3.65357
3.6334
3.61049
3.5852
3.55761
3.52681
3.49402
3.45893
3.4191
3.37877
3.33945
1
1
1
1
1
1
1
1
1
1
1
1
1
1
1
1
1
1
1
1
1
1
1
1
1
1
1
1
1
1
1
1
1
1
1
1
1
1
1
1
1
1
1
1
1
1
1
1
1
1
1
1
1
1
1
1
1
1
1
1
1
1
1
1
1
1.00024
1.01183
1.46802
2.5266
3.46272
3.6047
3.64876
3.64591
3.65116
3.65385
3.65497
3.65562
3.65497
3.65324
3.65033
3.64601
3.64035
3.63317
3.62424
3.61336
3.60043
3.58508
3.56706
3.54691
3.52436
3.49874
3.47126
3.44139
3.40891
3.37681
3.34525
1
1
1
1
1
1
1
1
1
1
1
1
1
1
1
1
1
1
1
1
1
1
1
1
1
1
1
1
1
1
1
1
1
1
1
1
1
1
1
1
1
1
1
1
1
1
1
1
1
1
1
1
1
1
1
1
1
1
1
1
1
1
1
1
1
1
1
1.00224
1.09251
1.77153
2.87862
3.48003
3.56133
3.58735
3.57718
3.58161
3.58172
3.57974
3.57764
3.57472
3.57065
3.56599
3.56031
3.55348
3.54535
3.53588
3.52465
3.51142
3.49641
3.47915
3.4589
3.43658
3.41329
3.38908
3.36462
3.33907
1
1
1
1
1
1
1
1
1
1
1
1
1
1
1
1
1
1
1
1
1
1
1
1
1
1
1
1
1
1
1
1
1
1
1
1
1
1
1
1
1
1
1
1
1
1
1
1
1
1
1
1
1
1
1
1
1
1
1
1
1
1
1
1
1
1
1
1
1.00013
1.00776
1.23933
1.95927
2.93348
3.41013
3.48368
3.51662
3.50539
3.50667
3.50678
3.50343
3.49989
3.49536
3.48965
3.4833
3.47621
3.46839
3.45957
3.44954
3.43819
3.42529
3.41065
3.39463
3.37789
3.36054
3.34217
3.32235
1
1
1
1
1
1
1
1
1
1
1
1
1
1
1
1
1
1
1
1
1
1
1
1
1
1
1
1
1
1
1
1
1
1
1
1
1
1
1
1
1
1
1
1
1
1
1
1
1
1
1
1
1
1
1
1
1
1
1
1
1
1
1
1
1
1
1
1
1
1
1.00069
1.0163
1.30967
2.01589
2.82833
3.31882
3.39807
3.44506
3.43837
3.43217
3.43255
3.43017
3.4264
3.42203
3.41655
3.40937
3.40147
3.3927
3.38301
3.37229
3.3607
3.34847
3.33578
3.32264
3.30854
3.29303
1
1
1
1
1
1
1
1
1
1
1
1
1
1
1
1
1
1
1
1
1
1
1
1
1
1
1
1
1
1
1
1
1
1
1
1
1
1
1
1
1
1
1
1
1
1
1
1
1
1
1
1
1
1
1
1
1
1
1
1
1
1
1
1
1
1
1
1
1
1
1
1.00001
1.00115
1.02132
1.2728
1.9686
2.60027
3.19748
3.3113
3.36036
3.37334
3.35786
3.35819
3.3579
3.35358
3.34815
3.34203
3.33526
3.32731
3.3184
3.30848
3.29795
3.28712
3.27625
3.26501
3.25299
1
1
1
1
1
1
1
1
1
1
1
1
1
1
1
1
1
1
1
1
1
1
1
1
1
1
1
1
1
1
1
1
1
1
1
1
1
1
1
1
1
1
1
1
1
1
1
1
1
1
1
1
1
1
1
1
1
1
1
1
1
1
1
1
1
1
1
1
1
1
1
1
1
1.00001
1.00094
1.01927
1.17073
1.8182
2.41903
3.0048
3.24703
3.26459
3.29067
3.29003
3.27762
3.27821
3.27803
3.27469
3.26826
3.26002
3.25202
3.24418
3.23606
3.22739
3.21818
3.20848
1
1
1
1
1
1
1
1
1
1
1
1
1
1
1
1
1
1
1
1
1
1
1
1
1
1
1
1
1
1
1
1
1
1
1
1
1
1
1
1
1
1
1
1
1
1
1
1
1
1
1
1
1
1
1
1
1
1
1
1
1
1
1
1
1
1
1
1
1
1
1
1
1
1
1
1.00001
1.00043
1.01181
1.10309
1.58296
2.2129
2.73104
3.09064
3.17283
3.20447
3.23263
3.21755
3.20836
3.20125
3.19462
3.18974
3.18625
3.18247
3.17755
3.17079
3.16233
1
1
1
1
1
1
1
1
1
1
1
1
1
1
1
1
1
1
1
1
1
1
1
1
1
1
1
1
1
1
1
1
1
1
1
1
1
1
1
1
1
1
1
1
1
1
1
1
1
1
1
1
1
1
1
1
1
1
1
1
1
1
1
1
1
1
1
1
1
1
1
1
1
1
1
1
1
1
1.00018
1.00532
1.05444
1.31804
1.89795
2.43031
2.83313
3.05899
3.12728
3.14459
3.15208
3.1408
3.12885
3.12283
3.12071
3.11912
3.11628
3.11142
1
1
1
1
1
1
1
1
1
1
1
1
1
1
1
1
1
1
1
1
1
1
1
1
1
1
1
1
1
1
1
1
1
1
1
1
1
1
1
1
1
1
1
1
1
1
1
1
1
1
1
1
1
1
1
1
1
1
1
1
1
1
1
1
1
1
1
1
1
1
1
1
1
1
1
1
1
1
1
1
1.00006
1.00153
1.01973
1.13988
1.52562
2.05123
2.55316
2.85555
2.98354
3.05085
3.078
3.08326
3.07548
3.0615
3.04881
3.04662
1
1
1
1
1
1
1
1
1
1
1
1
1
1
1
1
1
1
1
1
1
1
1
1
1
1
1
1
1
1
1
1
1
1
1
1
1
1
1
1
1
1
1
1
1
1
1
1
1
1
1
1
1
1
1
1
1
1
1
1
1
1
1
1
1
1
1
1
1
1
1
1
1
1
1
1
1
1
1
1
1
1
1.00001
1.00033
1.00512
1.04126
1.24168
1.65989
2.13559
2.56494
2.77984
2.92341
2.99731
3.01267
3.01088
2.99924
1
1
1
1
1
1
1
1
1
1
1
1
1
1
1
1
1
1
1
1
1
1
1
1
1
1
1
1
1
1
1
1
1
1
1
1
1
1
1
1
1
1
1
1
1
1
1
1
1
1
1
1
1
1
1
1
1
1
1
1
1
1
1
1
1
1
1
1
1
1
1
1
1
1
1
1
1
1
1
1
1
1
1
1
1
1.00004
1.00101
1.00999
1.06729
1.30498
1.68796
2.1544
2.51588
2.7091
2.85554
2.92445
1
1
1
1
1
1
1
1
1
1
1
1
1
1
1
1
1
1
1
1
1
1
1
1
1
1
1
1
1
1
1
1
1
1
1
1
1
1
1
1
1
1
1
1
1
1
1
1
1
1
1
1
1
1
1
1
1
1
1
1
1
1
1
1
1
1
1
1
1
1
1
1
1
1
1
1
1
1
1
1
1
1
1
1
1
1
1
1
1.0001
1.00174
1.01297
1.08287
1.31564
1.66037
2.10475
2.43947
1
1
1
1
1
1
1
1
1
1
1
1
1
1
1
1
1
1
1
1
1
1
1
1
1
1
1
1
1
1
1
1
1
1
1
1
1
1
1
1
1
1
1
1
1
1
1
1
1
1
1
1
1
1
1
1
1
1
1
1
1
1
1
1
1
1
1
1
1
1
1
1
1
1
1
1
1
1
1
1
1
1
1
1
1
1
1
1
1
1
1.00001
1.00016
1.00206
1.01315
1.0794
1.28946
1
1
1
1
1
1
1
1
1
1
1
1
1
1
1
1
1
1
1
1
1
1
1
1
1
1
1
1
1
1
1
1
1
1
1
1
1
1
1
1
1
1
1
1
1
1
1
1
1
1
1
1
1
1
1
1
1
1
1
1
1
1
1
1
1
1
1
1
1
1
1
1
1
1
1
1
1
1
1
1
1
1
1
1
1
1
1
1
1
1
1
1
1
1.00001
1.00016
1.0018
1
1
1
1
1
1
1
1
1
1
1
1
1
1
1
1
1
1
1
1
1
1
1
1
1
1
1
1
1
1
1
1
1
1
1
1
1
1
1
1
1
1
1
1
1
1
1
1
1
1
1
1
1
1
1
1
1
1
1
1
1
1
1
1
1
1
1
1
1
1
1
1
1
1
1
1
1
1
1
1
1
1
1
1
1
1
1
1
1
1
1
1
1
1
1
1
1
1
1
1
1
1
1
1
1
1
1
1
1
1
1
1
1
1
1
1
1
1
1
1
1
1
1
1
1
1
1
1
1
1
1
1
1
1
1
1
1
1
1
1
1
1
1
1
1
1
1
1
1
1
1
1
1
1
1
1
1
1
1
1
1
1
1
1
1
1
1
1
1
1
1
1
1
1
1
1
1
1
1
1
1
1
1
1
1
1
1
1
1
1
1
1
1
1
1
1
1
1
1
1
1
1
1
1
1
1
1
1
1
1
1
1
1
1
1
1
1
1
1
1
1
1
1
1
1
1
1
1
1
1
1
1
1
1
1
1
1
1
1
1
1
1
1
1
1
1
1
1
1
1
1
1
1
1
1
1
1
1
1
1
1
1
1
1
1
1
1
1
1
1
1
1
1
1
1
1
1
1
1
1
1
1
1
1
1
1
1
1
1
1
1
1
1
1
1
1
1
1
1
1
1
1
1
1
1
1
1
1
1
1
1
1
1
1
1
1
1
1
1
1
1
1
1
1
1
1
1
1
1
1
1
1
1
1
1
1
1
1
1
1
1
1
1
1
1
1
1
1
1
1
1
1
1
1
1
1
1
1
1
1
1
1
1
1
1
1
1
1
1
1
1
1
1
1
1
1
1
1
1
1
1
1
1
1
1
1
1
1
1
1
1
1
1
1
1
1
1
1
1
1
1
1
1
1
1
1
1
1
1
1
1
1
1
1
1
1
1
1
1
1
1
1
1
1
1
1
1
1
1
1
1
1
1
1
1
1
1
1
1
1
1
1
1
1
1
1
1
1
1
1
1
1
1
1
1
1
1
1
1
1
1
1
1
1
1
1
1
1
1
1
1
1
1
1
1
1
1
1
1
1
1
1
1
1
1
1
1
1
1
1
1
1
1
1
1
1
1
1
1
1
1
1
1
1
1
1
1
1
1
1
1
1
1
1
1
1
1
1
1
1
1
1
1
1
1
1
1
1
1
1
1
1
1
1
1
1
1
1
1
1
1
1
1
1
1
1
1
1
1
1
1
1
1
1
1
1
1
1
1
1
1
1
1
1
1
1
1
1
1
1
1
1
1
1
1
1
1
1
1
1
1
1
1
1
1
1
1
1
1
1
1
1
1
1
1
1
1
1
1
1
1
1
1
1
1
1
1
1
1
1
1
1
1
1
1
1
1
1
1
1
1
1
1
1
1
1
1
1
1
1
1
1
1
1
1
1
1
1
1
1
1
1
1
1
1
1
1
1
1
1
1
1
1
1
1
1
1
1
1
1
1
1
1
1
1
1
1
1
1
1
1
1
1
1
1
1
1
1
1
1
1
1
1
1
1
1
1
1
1
1
1
1
1
1
1
1
1
1
1
1
1
1
1
1
1
1
1
1
1
1
1
1
1
1
1
1
1
1
1
1
1
1
1
1
1
1
1
1
1
1
1
1
1
1
1
1
1
1
1
1
1
1
1
1
1
1
1
1
1
1
1
1
1
1
1
1
1
1
1
1
1
1
1
1
1
1
1
1
1
1
1
1
1
1
1
1
1
1
1
1
1
1
1
1
1
1
1
1
1
1
1
1
1
1
1
1
1
1
1
1
1
1
1
1
1
1
1
1
1
1
1
1
1
1
1
1
1
1
1
1
1
1
1
1
1
1
1
1
1
1
1
1
1
1
1
1
1
1
1
1
1
1
1
1
1
1
1
1
1
1
1
1
1
1
1
1
1
1
1
1
1
1
1
1
1
1
1
1
1
1
1
1
1
1
1
1
1
1
1
1
1
1
1
1
1
1
1
1
1
1
1
1
1
1
1
1
1
1
1
1
1
1
1
1
1
1
1
1
1
1
1
1
1
1
1
1
1
1
1
1
1
1
1
1
1
1
1
1
1
1
1
1
1
1
1
1
1
1
1
1
1
1
1
1
1
1
1
1
1
1
1
1
1
1
1
1
1
1
1
1
1
1
1
1
1
1
1
1
1
1
1
1
1
1
1
1
1
1
1
1
1
1
1
1
1
1
1
1
1
1
1
1
1
1
1
1
1
1
1
1
1
1
1
1
1
1
1
1
1
1
1
1
1
1
1
1
1
1
1
1
1
1
1
1
1
1
1
1
1
1
1
1
1
1
1
1
1
1
1
1
1
1
1
1
1
1
1
1
1
1
1
1
1
1
1
1
1
1
1
1
1
1
1
1
1
1
1
1
1
1
1
1
1
1
1
1
1
1
1
1
1
1
1
1
1
1
1
1
1
1
1
1
1
1
1
1
1
1
1
1
1
1
1
1
1
1
1
1
1
1
1
1
1
1
1
1
1
1
1
1
1
1
1
1
1
1
1
1
1
1
1
1
1
1
1
1
1
1
1
1
1
1
1
1
1
1
1
1
1
1
1
1
2.7106
2.28557
1.97557
1.75422
1.63737
1.52524
1.34172
1.19449
1.2254
1.26676
1.24456
1.18804
1.20613
1.30089
1.3877
1.38802
1.39247
1.41272
1.46244
1.51927
1.57754
1.60927
1.627
1.64705
1.6722
1.71819
1.75439
1.77974
1.80666
1.85701
1.90459
1.91554
1.92439
1.94201
1.97307
2.00187
2.0307
2.06117
2.09205
2.11063
2.12497
2.13837
2.15149
2.16647
2.18422
2.21188
2.23293
2.24242
2.25167
2.26363
2.27354
2.27169
2.27171
2.28115
2.30087
2.3144
2.31505
2.31395
2.31461
2.31903
2.32353
2.32853
2.33956
2.34677
2.35031
2.35423
2.3534
2.35062
2.34722
2.34833
2.35118
2.35562
2.35871
2.35838
2.35489
2.34728
2.33919
2.33453
2.33249
2.33271
2.33541
2.334
2.32919
2.32352
2.31685
2.31246
2.31043
2.30884
2.30896
2.31047
2.31004
2.30859
2.30611
2.30225
2.30048
2.30024
2.30038
2.30192
2.3048
2.30555
2.30528
2.30436
2.30286
2.30275
2.30304
2.30392
2.30652
2.30927
2.30977
2.3099
2.30974
2.30905
2.30875
2.30858
2.30893
2.31081
2.31221
2.31203
2.31105
2.30931
2.30756
2.30669
2.30604
2.30567
2.30613
2.30597
2.30435
2.30237
2.30006
2.29822
2.29722
2.29633
2.29557
2.29437
2.29286
2.29138
2.28953
2.28692
2.28487
2.28364
2.28258
2.28162
2.2808
2.28003
2.27903
2.27737
2.27547
2.27463
2.27414
2.27371
2.27335
2.27289
2.2723
2.27137
2.26979
2.26854
2.26793
2.26734
2.26678
2.26627
2.26555
2.26468
2.26368
2.26237
2.26134
2.2607
2.26005
2.25949
2.25923
2.25865
2.25774
2.25671
2.2555
2.25407
2.2529
2.25195
2.25119
2.25054
2.24971
2.24874
2.24763
2.24636
2.24508
2.24402
2.24299
2.24184
2.24051
2.2388
2.23709
2.23526
2.23385
2.23271
2.2328
2.23388
2.23857
2.24887
2.27032
2.3124
2.37198
2.45741
2.56703
2.6843
2.80614
2.92949
3.05076
3.16961
3.27989
3.37911
3.47454
3.56574
3.65219
3.73589
3.81125
3.8592
3.87704
3.88407
3.87233
3.85321
3.83072
3.80415
3.77603
3.74846
3.72138
3.69537
3.67142
3.65068
3.63195
3.61822
3.60774
3.59786
3.5903
3.58386
3.57819
3.57267
3.5671
3.56075
3.55452
3.54905
3.54391
3.53873
3.53305
3.52708
3.52108
3.5153
3.50973
3.50425
3.49864
3.49244
3.48573
3.47959
3.47368
3.46752
3.46113
3.45449
3.44737
3.43968
3.43263
3.42624
3.41979
3.41323
3.40657
3.39972
3.39241
3.38457
3.37702
3.37038
3.36436
3.35873
3.35334
3.3479
3.34202
3.33543
3.32864
3.32255
3.31698
3.31148
3.30584
3.2999
3.2934
3.28641
3.28006
3.27501
3.27067
3.26667
3.26278
3.2588
3.2545
3.24955
3.24381
3.23837
3.23424
3.23083
3.22756
3.22427
3.22086
3.2172
3.21312
3.20858
3.20379
3.19923
3.1953
3.1919
3.18878
3.18558
3.182
3.17786
3.17319
3.16845
3.16425
3.1606
3.15724
3.154
3.15079
3.14745
3.14379
3.13936
3.13367
3.12732
3.12249
3.11895
3.11552
3.11196
3.10816
3.10374
3.09829
3.09308
3.08963
3.08686
3.08405
3.08095
3.07724
3.07232
3.06538
3.05829
3.05342
3.04949
3.04596
3.04284
3.04004
3.03719
3.03355
3.02799
3.02214
3.01841
3.01496
3.01134
3.00755
3.00358
2.99941
2.99478
2.98926
2.98355
2.97934
2.97645
2.97408
2.97198
2.97003
2.96806
2.96583
2.96278
2.9581
2.95239
2.94867
2.94656
2.94471
2.94287
2.94102
2.93916
2.93726
2.93513
2.93233
2.92813
2.92303
2.9198
2.91826
2.917
2.91548
2.913
2.90847
2.90357
2.90098
2.89877
2.89672
2.89254
2.94474
2.77059
2.60926
2.46218
2.36868
2.27524
2.17108
2.07027
2.05517
2.02973
1.96062
1.85717
1.83937
1.85405
1.84593
1.81084
1.76466
1.75789
1.76001
1.75307
1.73572
1.72589
1.72521
1.72171
1.71146
1.70184
1.70131
1.70417
1.70817
1.70854
1.70305
1.69901
1.7009
1.70763
1.71598
1.72436
1.73846
1.7568
1.76854
1.77634
1.78739
1.80545
1.83003
1.84007
1.84791
1.86186
1.88893
1.90646
1.90916
1.91432
1.92506
1.94074
1.95695
1.97845
2.00472
2.02803
2.04668
2.05794
2.06521
2.07431
2.08589
2.10107
2.12434
2.14045
2.14829
2.15643
2.16773
2.1765
2.17911
2.18438
2.19556
2.21113
2.22745
2.23384
2.23629
2.23909
2.24079
2.2419
2.24275
2.24598
2.25408
2.25878
2.25804
2.25726
2.2566
2.25556
2.25598
2.25719
2.25959
2.26489
2.27
2.2716
2.27192
2.27112
2.27106
2.27231
2.27379
2.27617
2.28002
2.28179
2.28194
2.28154
2.27974
2.27791
2.27756
2.27748
2.27833
2.27913
2.27884
2.27873
2.27807
2.27553
2.27368
2.27338
2.27345
2.27449
2.27533
2.27521
2.27462
2.27289
2.26999
2.26846
2.26815
2.26839
2.26913
2.26879
2.26794
2.26676
2.26485
2.26318
2.26274
2.26255
2.26279
2.26323
2.2629
2.26232
2.26154
2.26016
2.25908
2.25879
2.25864
2.25871
2.25923
2.25937
2.25923
2.25895
2.2583
2.25753
2.25726
2.25724
2.25765
2.258
2.25778
2.25733
2.25658
2.25525
2.25424
2.25371
2.25322
2.25279
2.25219
2.25143
2.25055
2.24935
2.24763
2.24645
2.24572
2.24503
2.24439
2.24376
2.24299
2.24204
2.24079
2.23907
2.23729
2.23601
2.23507
2.23424
2.23334
2.23223
2.23085
2.22924
2.22704
2.22467
2.22303
2.222
2.22155
2.22202
2.2232
2.22637
2.2326
2.24855
2.27646
2.31952
2.39416
2.46848
2.55567
2.6597
2.71905
2.77787
2.84939
2.86528
2.87681
2.90214
2.92719
2.95399
2.98698
3.02644
3.07697
3.14369
3.21617
3.28074
3.35301
3.40587
3.45754
3.51104
3.54184
3.57364
3.59847
3.60994
3.6151
3.61599
3.61384
3.60786
3.60291
3.60214
3.60062
3.59122
3.58234
3.57576
3.56989
3.56527
3.56142
3.55511
3.5471
3.53793
3.53023
3.52337
3.51719
3.5115
3.50583
3.49987
3.49386
3.48812
3.48255
3.47688
3.47087
3.46419
3.45679
3.45005
3.44436
3.43875
3.43294
3.42682
3.42006
3.41255
3.40615
3.40075
3.39539
3.38985
3.38414
3.37822
3.3718
3.36478
3.3582
3.35254
3.34727
3.34224
3.33736
3.33242
3.32701
3.32078
3.3143
3.30872
3.30367
3.29859
3.29339
3.28791
3.28182
3.27491
3.26841
3.26336
3.25908
3.25518
3.25141
3.24757
3.24349
3.23894
3.23359
3.22795
3.2232
3.21953
3.21625
3.21298
3.20959
3.20602
3.20206
3.19765
3.19298
3.18848
3.18452
3.18116
3.17799
3.17483
3.17134
3.1673
3.16265
3.15779
3.15373
3.15038
3.14728
3.14426
3.14129
3.13826
3.13494
3.13095
3.12569
3.11935
3.11439
3.11095
3.10769
3.10432
3.10082
3.09694
3.09221
3.08687
3.08263
3.07962
3.07689
3.07398
3.07059
3.06626
3.06019
3.05303
3.04767
3.04364
3.04003
3.03678
3.03387
3.0311
3.02781
3.02295
3.01652
3.01195
3.00847
3.00487
3.00116
2.99728
2.99319
2.98872
2.9834
2.97765
2.9732
2.97014
2.96778
2.96574
2.9638
2.96186
2.95978
2.95712
2.953
2.94737
2.94325
2.94116
2.93945
2.93775
2.93606
2.93433
2.93254
2.93057
2.92806
2.92426
2.91915
2.91539
2.91365
2.91235
2.91087
2.90873
2.9049
2.89968
2.89649
2.89442
2.89257
2.88844
3.12629
3.00699
2.89117
2.81219
2.73681
2.64191
2.55488
2.51905
2.48418
2.43194
2.34018
2.27914
2.25694
2.23242
2.19536
2.13414
2.09959
2.07716
2.05409
2.02793
1.98559
1.96429
1.94442
1.92292
1.89768
1.86471
1.85929
1.85316
1.84194
1.82362
1.78976
1.7749
1.76772
1.76344
1.75673
1.75238
1.74729
1.73651
1.72133
1.71349
1.71275
1.7137
1.7158
1.71898
1.72522
1.73281
1.741
1.75191
1.76158
1.76945
1.77734
1.78782
1.80429
1.82479
1.84373
1.85439
1.86104
1.86898
1.87674
1.88296
1.88948
1.89907
1.91836
1.93966
1.94915
1.95483
1.96263
1.97654
1.98732
1.99545
2.00619
2.02338
2.04818
2.06141
2.06709
2.07313
2.08438
2.09839
2.10792
2.11656
2.13109
2.14787
2.15508
2.15823
2.16086
2.16736
2.17426
2.18065
2.18997
2.20314
2.20942
2.21223
2.21467
2.2166
2.21765
2.21998
2.22274
2.2262
2.23101
2.23275
2.23265
2.23107
2.22658
2.22265
2.22239
2.22226
2.22161
2.22071
2.22027
2.2199
2.21841
2.21366
2.20942
2.20904
2.20904
2.2096
2.20998
2.20997
2.20994
2.20898
2.20623
2.20515
2.20519
2.20567
2.2073
2.20933
2.21052
2.21106
2.21111
2.21029
2.20976
2.21007
2.21106
2.21276
2.21447
2.21505
2.21514
2.21498
2.21409
2.21332
2.21336
2.21373
2.21451
2.21542
2.21565
2.21566
2.21549
2.21445
2.21341
2.21339
2.21366
2.21382
2.21372
2.21361
2.2134
2.21266
2.21104
2.20953
2.20871
2.20815
2.20771
2.20729
2.20675
2.20594
2.20463
2.20281
2.20129
2.20049
2.20007
2.19976
2.19938
2.19884
2.19802
2.19673
2.19483
2.1929
2.19166
2.19068
2.1895
2.18841
2.18763
2.18685
2.18737
2.18865
2.19093
2.19657
2.20951
2.22988
2.27142
2.32889
2.39503
2.49672
2.57641
2.65116
2.74728
2.78969
2.81846
2.85936
2.88387
2.88123
2.87863
2.87683
2.87354
2.87157
2.86725
2.86014
2.85263
2.8446
2.84094
2.84409
2.85388
2.87179
2.90086
2.9451
2.99896
3.06789
3.13686
3.20513
3.28288
3.34066
3.39096
3.43914
3.4655
3.49099
3.51292
3.52438
3.53079
3.53731
3.53456
3.53003
3.52628
3.52183
3.51463
3.50546
3.49553
3.48541
3.47554
3.46657
3.45931
3.45308
3.44694
3.44082
3.43465
3.42825
3.42222
3.41649
3.4109
3.40512
3.39873
3.39237
3.38789
3.38378
3.37951
3.37501
3.36994
3.36374
3.35783
3.35326
3.349
3.34484
3.34053
3.33609
3.33117
3.32541
3.31936
3.31417
3.30965
3.3054
3.30127
3.29705
3.29232
3.28655
3.28023
3.27504
3.27068
3.26634
3.26181
3.25697
3.25155
3.24513
3.238
3.23183
3.22717
3.22316
3.21937
3.21563
3.21179
3.20766
3.20295
3.19751
3.1921
3.18762
3.18403
3.18074
3.17749
3.17412
3.17044
3.16639
3.16229
3.15855
3.15533
3.15261
3.14994
3.14702
3.14366
3.13955
3.13447
3.12916
3.12534
3.12259
3.11995
3.11724
3.11448
3.11164
3.10855
3.10484
3.09974
3.09293
3.08784
3.08484
3.08187
3.07878
3.07565
3.07245
3.06889
3.06463
3.05966
3.055
3.05158
3.04877
3.04589
3.04257
3.03826
3.03233
3.02579
3.02096
3.01735
3.01419
3.01131
3.00855
3.00559
3.00183
2.99662
2.99057
2.98593
2.98231
2.97878
2.9751
2.97118
2.96681
2.96156
2.95581
2.9514
2.94841
2.94606
2.94407
2.94221
2.94038
2.93849
2.93616
2.93261
2.92739
2.92306
2.92095
2.91941
2.91794
2.91643
2.91483
2.91309
2.91106
2.90832
2.90412
2.89875
2.89515
2.89348
2.89221
2.89087
2.88916
2.88648
2.88195
2.87724
2.87465
2.87296
2.86908
3.22374
3.14134
3.0631
2.99839
2.92448
2.85514
2.81023
2.76006
2.69044
2.63547
2.60239
2.56725
2.51651
2.45433
2.42403
2.40079
2.37523
2.33265
2.28502
2.26286
2.23871
2.21432
2.17572
2.13728
2.1242
2.11159
2.09695
2.07629
2.04078
2.01919
2.00239
1.98767
1.97201
1.95132
1.94252
1.93704
1.92618
1.91063
1.88845
1.8643
1.85621
1.85726
1.85598
1.84847
1.83332
1.82486
1.82177
1.81754
1.81072
1.80024
1.79496
1.79426
1.79751
1.80204
1.80173
1.7981
1.79079
1.7876
1.78851
1.79032
1.79223
1.79511
1.80189
1.80698
1.80776
1.80758
1.80924
1.81547
1.82678
1.8398
1.85295
1.86747
1.88424
1.8998
1.91077
1.92123
1.93368
1.94947
1.96933
1.98866
2.00768
2.0275
2.04797
2.0557
2.05923
2.06532
2.0722
2.07886
2.08978
2.10518
2.11039
2.1119
2.11586
2.1189
2.11978
2.12099
2.12645
2.13448
2.14148
2.14534
2.14726
2.14717
2.1454
2.14553
2.14857
2.15286
2.15832
2.16329
2.16522
2.16613
2.16582
2.16435
2.16374
2.16419
2.16542
2.16808
2.17016
2.16996
2.16922
2.16746
2.16386
2.16178
2.16149
2.16133
2.16158
2.16235
2.16232
2.16221
2.16128
2.15834
2.15643
2.15637
2.15643
2.15709
2.15789
2.15787
2.15776
2.15711
2.15507
2.15356
2.15352
2.15371
2.1542
2.15484
2.15511
2.15531
2.15521
2.15416
2.15323
2.15326
2.15365
2.1546
2.15538
2.15568
2.15582
2.15568
2.1546
2.15374
2.15374
2.15388
2.15412
2.15428
2.15438
2.15438
2.15403
2.15267
2.15154
2.15134
2.15116
2.15094
2.15073
2.15038
2.14966
2.14835
2.14668
2.14466
2.14435
2.14495
2.14655
2.14924
2.15448
2.16237
2.17976
2.21125
2.25294
2.32757
2.40924
2.48458
2.59495
2.66526
2.71419
2.78354
2.82026
2.82934
2.84238
2.85731
2.86321
2.86233
2.85707
2.85012
2.84542
2.84203
2.83987
2.83654
2.8311
2.82424
2.81605
2.81006
2.80615
2.80311
2.801
2.79793
2.79516
2.79285
2.79293
2.79663
2.80827
2.82846
2.86344
2.91116
2.96793
3.03934
3.10591
3.17225
3.24547
3.29166
3.3294
3.36934
3.38884
3.39862
3.40913
3.41542
3.41626
3.42017
3.41897
3.41694
3.41583
3.4141
3.41171
3.4087
3.4048
3.39948
3.39369
3.38821
3.38254
3.37687
3.37106
3.36495
3.35831
3.35135
3.34586
3.34068
3.33498
3.32901
3.32264
3.31547
3.30837
3.30272
3.29834
3.29423
3.29
3.28553
3.28066
3.27501
3.26892
3.26388
3.26002
3.25665
3.25345
3.25017
3.24637
3.24126
3.23521
3.23085
3.22758
3.2242
3.22061
3.21672
3.21231
3.20691
3.20004
3.19278
3.18726
3.18302
3.17918
3.17548
3.17179
3.16795
3.16377
3.15896
3.15389
3.14915
3.14515
3.14162
3.1382
3.13461
3.13085
3.12708
3.12388
3.12124
3.11887
3.11665
3.11439
3.11175
3.10841
3.10377
3.09754
3.09192
3.08862
3.08601
3.08336
3.08061
3.07774
3.07471
3.07142
3.06762
3.0625
3.05529
3.04928
3.04615
3.04327
3.04031
3.03743
3.03458
3.03167
3.02847
3.02456
3.01991
3.01546
3.01215
3.00959
3.00712
3.00422
3.00019
2.99456
2.98887
2.98497
2.98202
2.97928
2.97662
2.97381
2.97055
2.96627
2.96061
2.95527
2.95138
2.94795
2.94445
2.9406
2.93603
2.93042
2.92481
2.92089
2.91803
2.91575
2.9138
2.91186
2.90996
2.908
2.90563
2.9021
2.89682
2.8924
2.89045
2.88914
2.88786
2.88651
2.885
2.88326
2.88106
2.87785
2.87291
2.86757
2.86471
2.8632
2.8619
2.86056
2.85893
2.85648
2.85217
2.84674
2.84368
2.84224
2.8388
3.269
3.21302
3.159
3.09997
3.04535
3.00077
2.94805
2.89057
2.84842
2.80952
2.75954
2.70596
2.67401
2.64712
2.61424
2.56444
2.52567
2.50474
2.48056
2.4491
2.4004
2.37141
2.35574
2.33841
2.31608
2.27761
2.25514
2.23927
2.22007
2.19719
2.16115
2.14321
2.13681
2.12567
2.11267
2.08772
2.0633
2.05148
2.03768
2.02463
2.006
1.98662
1.98139
1.97712
1.96758
1.95325
1.932
1.90895
1.90335
1.89985
1.89222
1.88283
1.87236
1.86524
1.85781
1.84725
1.83248
1.81965
1.81795
1.8186
1.8219
1.82234
1.82109
1.81928
1.81572
1.8123
1.81145
1.81203
1.81443
1.81907
1.82408
1.82565
1.82568
1.82456
1.82376
1.82483
1.82722
1.83147
1.8404
1.85462
1.8659
1.87351
1.88386
1.89551
1.90461
1.91419
1.92669
1.93948
1.95429
1.97594
1.98814
1.99387
2.00225
2.01138
2.01614
2.02271
2.03466
2.05186
2.0598
2.06472
2.07307
2.07995
2.08178
2.08455
2.09047
2.09631
2.10284
2.10998
2.11369
2.11482
2.11445
2.11394
2.11481
2.1162
2.11866
2.12282
2.12582
2.12639
2.12644
2.12589
2.1242
2.12367
2.12416
2.12577
2.12811
2.12932
2.12931
2.12902
2.12772
2.1255
2.12476
2.12469
2.12487
2.12595
2.12618
2.12588
2.12529
2.12357
2.12072
2.11954
2.11931
2.11919
2.11934
2.11927
2.11893
2.11829
2.11683
2.11488
2.11429
2.11428
2.1143
2.11461
2.11501
2.11519
2.11526
2.11497
2.11384
2.11337
2.11342
2.11359
2.11409
2.11438
2.11436
2.11432
2.1139
2.11259
2.11169
2.11138
2.11115
2.11096
2.11102
2.11113
2.11148
2.1122
2.11324
2.11545
2.12153
2.13407
2.15595
2.20053
2.25922
2.32856
2.4339
2.51624
2.58768
2.68509
2.73395
2.76609
2.80971
2.83629
2.84077
2.84425
2.84562
2.84644
2.84829
2.84838
2.84539
2.83997
2.83516
2.8324
2.82914
2.82506
2.82085
2.81719
2.81347
2.8093
2.806
2.80276
2.79907
2.79473
2.79036
2.78642
2.78277
2.77948
2.7764
2.77398
2.77098
2.76697
2.76481
2.76412
2.76619
2.77273
2.78561
2.80686
2.84212
2.89
2.94131
3.00455
3.06504
3.1152
3.17423
3.21549
3.24514
3.28364
3.30717
3.32165
3.33872
3.34654
3.34853
3.35151
3.35066
3.34888
3.34931
3.34962
3.3487
3.34688
3.34408
3.34004
3.33455
3.32862
3.3228
3.31654
3.3098
3.30253
3.29468
3.28616
3.27821
3.27147
3.26564
3.26011
3.25475
3.24931
3.24353
3.23733
3.23116
3.22628
3.22272
3.21971
3.21686
3.21389
3.21034
3.20521
3.19902
3.19535
3.19274
3.19002
3.187
3.18375
3.18012
3.17576
3.17007
3.1631
3.15688
3.1522
3.14815
3.14433
3.14058
3.13676
3.13274
3.12842
3.12399
3.11971
3.11574
3.1119
3.10765
3.10273
3.09805
3.09458
3.09201
3.08963
3.08728
3.08493
3.08249
3.07967
3.07593
3.07019
3.06225
3.05665
3.05357
3.05058
3.04749
3.04438
3.04117
3.03782
3.03428
3.03034
3.02528
3.01802
3.01074
3.00663
3.00363
3.00079
2.99804
2.99532
2.99262
2.98993
2.98697
2.98343
2.97939
2.97571
2.97293
2.97067
2.96842
2.96555
2.96136
2.95608
2.9517
2.94872
2.94618
2.94358
2.94074
2.9375
2.93343
2.92819
2.92316
2.91941
2.91606
2.91259
2.90856
2.90315
2.89637
2.89136
2.88811
2.88529
2.88308
2.88119
2.87916
2.87722
2.87513
2.87228
2.86786
2.86196
2.8578
2.85604
2.85485
2.85371
2.85243
2.85091
2.84908
2.84659
2.84266
2.83671
2.83167
2.82953
2.82813
2.82679
2.82535
2.82357
2.82097
2.81648
2.81083
2.8074
2.80601
2.80293
3.29811
3.25523
3.21129
3.16654
3.12338
3.07913
3.03774
2.9998
2.95608
2.90611
2.86919
2.83966
2.80319
2.75808
2.7256
2.70025
2.67126
2.63096
2.58901
2.56844
2.54919
2.52615
2.49086
2.45893
2.44222
2.42315
2.40017
2.36375
2.3382
2.32667
2.31219
2.2958
2.26732
2.24494
2.23422
2.21998
2.2031
2.17653
2.15418
2.14852
2.14055
2.12883
2.11244
2.09077
2.08069
2.07147
2.05874
2.04243
2.02263
2.01553
2.01397
2.00816
1.99574
1.97742
1.95992
1.9539
1.94881
1.94029
1.92512
1.91818
1.91685
1.9142
1.90728
1.89361
1.87719
1.87201
1.87151
1.86964
1.8648
1.85952
1.85628
1.85309
1.84842
1.8399
1.83368
1.83293
1.83279
1.83383
1.83467
1.83353
1.83084
1.82744
1.82487
1.82475
1.82537
1.82683
1.83204
1.8361
1.83752
1.84127
1.84713
1.85368
1.86085
1.87021
1.88227
1.89479
1.90782
1.92465
1.9385
1.94825
1.95941
1.97632
1.98805
1.9974
2.01095
2.02776
2.03769
2.04484
2.05568
2.06132
2.06357
2.06734
2.07439
2.07821
2.08247
2.09006
2.09399
2.09474
2.09509
2.09469
2.0945
2.09522
2.09659
2.09868
2.10155
2.10253
2.10257
2.1022
2.10073
2.09888
2.09827
2.09826
2.099
2.1
2.1
2.09966
2.09905
2.09742
2.09497
2.09417
2.09414
2.09458
2.09557
2.09598
2.09584
2.09545
2.09463
2.09349
2.0932
2.09318
2.09344
2.09443
2.09503
2.095
2.09486
2.09432
2.09349
2.0933
2.09338
2.0936
2.09371
2.09349
2.09291
2.09185
2.09062
2.08909
2.08895
2.08919
2.08951
2.09019
2.09214
2.09574
2.10421
2.12418
2.15439
2.20641
2.28751
2.36402
2.45811
2.56638
2.62934
2.69618
2.76929
2.79317
2.81267
2.83376
2.84735
2.85288
2.85355
2.8532
2.85338
2.85329
2.85163
2.84848
2.84503
2.84121
2.83747
2.83414
2.83084
2.82727
2.82317
2.81873
2.8135
2.80945
2.80704
2.80471
2.80208
2.79894
2.79463
2.78902
2.78519
2.78286
2.78086
2.77861
2.77558
2.7713
2.76543
2.76052
2.75725
2.75397
2.75149
2.74895
2.74504
2.73976
2.73535
2.73388
2.73521
2.74086
2.7542
2.77332
2.80153
2.84199
2.88696
2.94167
2.99881
3.04816
3.10802
3.1507
3.1824
3.22081
3.24221
3.25866
3.27446
3.289
3.30111
3.30335
3.30275
3.30104
3.2993
3.29891
3.29884
3.29629
3.29272
3.28829
3.28148
3.27329
3.2651
3.25761
3.25074
3.24442
3.23854
3.2331
3.22674
3.21897
3.21202
3.20749
3.20351
3.1998
3.19641
3.193
3.18906
3.18357
3.17628
3.17105
3.16786
3.16482
3.16171
3.15829
3.15469
3.15074
3.14608
3.14042
3.13426
3.12865
3.12388
3.11968
3.11575
3.11188
3.10806
3.10445
3.1011
3.09787
3.09464
3.09111
3.08663
3.0807
3.07502
3.07158
3.069
3.06643
3.06382
3.06114
3.05831
3.05512
3.05097
3.04457
3.03578
3.02959
3.02607
3.02269
3.01923
3.01582
3.0122
3.00848
3.0047
3.00064
2.99584
2.98928
2.98128
2.97508
2.97113
2.96813
2.96542
2.96269
2.95999
2.95747
2.95491
2.95208
2.94894
2.94573
2.94284
2.94031
2.93789
2.9351
2.93156
2.92751
2.92397
2.9212
2.91862
2.91587
2.91282
2.90926
2.90476
2.89961
2.89552
2.89237
2.8893
2.88594
2.88184
2.876
2.8688
2.86393
2.86077
2.85807
2.8559
2.85409
2.85211
2.84995
2.84754
2.84435
2.83924
2.83292
2.82914
2.82688
2.82532
2.82395
2.82244
2.8207
2.81857
2.8157
2.81141
2.80542
2.8004
2.79805
2.79653
2.79505
2.79342
2.79144
2.78868
2.78421
2.77866
2.77471
2.77317
2.77029
3.31239
3.27691
3.24173
3.20537
3.16802
3.13325
3.09848
3.06095
3.02559
2.99263
2.95618
2.91644
2.88565
2.86032
2.83061
2.79073
2.755
2.73223
2.70838
2.67789
2.64368
2.62306
2.6043
2.58159
2.5489
2.51347
2.49774
2.48268
2.46449
2.43726
2.41225
2.39886
2.38324
2.3646
2.33522
2.31099
2.30235
2.29094
2.27747
2.25632
2.23558
2.22602
2.21469
2.20074
2.17966
2.15716
2.151
2.14515
2.13547
2.12246
2.1034
2.09198
2.08261
2.07151
2.05854
2.04013
2.03232
2.03005
2.02394
2.01462
1.99917
1.98334
1.97587
1.96771
1.95995
1.94985
1.94001
1.93602
1.9317
1.92472
1.9134
1.89641
1.8852
1.88378
1.88166
1.8776
1.87316
1.86834
1.86252
1.85494
1.84544
1.83649
1.83428
1.83374
1.83434
1.83656
1.83685
1.83551
1.83297
1.83024
1.82976
1.8301
1.83163
1.83473
1.839
1.84137
1.84224
1.84323
1.84517
1.84762
1.85068
1.85629
1.86619
1.87745
1.88698
1.89789
1.91073
1.91926
1.92773
1.94147
1.95427
1.96401
1.9784
1.99468
2.00521
2.01637
2.02358
2.02868
2.03535
2.04371
2.0471
2.05092
2.05731
2.06613
2.07004
2.06986
2.06905
2.07021
2.07243
2.07351
2.07304
2.07403
2.0774
2.07826
2.07806
2.07746
2.07671
2.07628
2.07642
2.0771
2.07799
2.07941
2.08031
2.08052
2.08051
2.08063
2.08125
2.08198
2.08289
2.08377
2.08397
2.08392
2.08371
2.08334
2.08286
2.08267
2.08266
2.08286
2.08306
2.08264
2.08178
2.08038
2.07986
2.07997
2.0801
2.08077
2.08351
2.09026
2.10265
2.13126
2.17824
2.2356
2.3313
2.43003
2.50711
2.61348
2.68949
2.73094
2.78714
2.8249
2.83749
2.8522
2.86106
2.86782
2.86893
2.86697
2.8634
2.86187
2.86084
2.85944
2.85699
2.85408
2.85016
2.84471
2.8392
2.83592
2.83392
2.8321
2.82976
2.82625
2.82097
2.81558
2.8119
2.80908
2.80646
2.80363
2.80002
2.79516
2.78935
2.78518
2.7827
2.78052
2.77814
2.77493
2.77029
2.76524
2.76065
2.75667
2.75336
2.74953
2.74518
2.7402
2.7343
2.72664
2.71911
2.71479
2.71192
2.70908
2.70538
2.70093
2.69535
2.69072
2.69104
2.69454
2.70509
2.72318
2.74899
2.78249
2.81967
2.86856
2.91514
2.9618
3.01649
3.05655
3.10159
3.13817
3.16241
3.19131
3.20544
3.21459
3.22675
3.23873
3.24366
3.24395
3.24215
3.23628
3.23213
3.22971
3.22808
3.22728
3.22456
3.2212
3.21674
3.21018
3.20216
3.19503
3.19007
3.1861
3.18268
3.17907
3.17501
3.17011
3.16375
3.15537
3.14719
3.14208
3.1379
3.13387
3.12995
3.12611
3.12219
3.118
3.11345
3.10842
3.10296
3.09734
3.09194
3.08758
3.08444
3.08191
3.07965
3.07749
3.07526
3.07277
3.0696
3.06493
3.05833
3.05271
3.04946
3.04661
3.04366
3.04054
3.03727
3.03379
3.02975
3.02429
3.01612
3.00766
3.00281
2.99912
2.99542
2.99176
2.98812
2.98432
2.98047
2.97649
2.97217
2.96687
2.95994
2.95177
2.94515
2.94157
2.93863
2.93564
2.93279
2.93014
2.92755
2.92502
2.92256
2.9202
2.91776
2.91488
2.91148
2.90798
2.90508
2.90294
2.9011
2.89909
2.89656
2.89305
2.88787
2.88161
2.87715
2.8743
2.87171
2.86909
2.86644
2.86361
2.86018
2.8552
2.8477
2.84091
2.83706
2.83422
2.83201
2.83013
2.82819
2.82596
2.82346
2.82049
2.81655
2.81091
2.80473
2.80105
2.79893
2.79699
2.79514
2.79308
2.79056
2.78749
2.78389
2.7795
2.77419
2.77013
2.76818
2.76663
2.76491
2.76295
2.76048
2.75696
2.75203
2.74695
2.74429
2.74099
3.31167
3.28349
3.25467
3.22508
3.19615
3.16583
3.13457
3.10626
3.07712
3.04359
3.01247
2.98612
2.95667
2.92269
2.89493
2.87132
2.84454
2.81054
2.77893
2.75978
2.74073
2.7158
2.68203
2.65757
2.63903
2.61814
2.5913
2.56354
2.54896
2.53495
2.51721
2.49074
2.46042
2.4463
2.43261
2.41675
2.39424
2.37493
2.36484
2.35251
2.33699
2.31254
2.28843
2.28065
2.27138
2.25977
2.24361
2.22714
2.21804
2.20779
2.1948
2.176
2.1552
2.14974
2.14559
2.13727
2.12616
2.11116
2.10195
2.09393
2.08369
2.07067
2.05339
2.04645
2.04503
2.04045
2.03202
2.01916
2.00565
1.99824
1.99085
1.9823
1.97063
1.96342
1.96065
1.95745
1.9522
1.94356
1.92965
1.91492
1.91067
1.90813
1.90439
1.8982
1.89403
1.89085
1.88636
1.87875
1.86659
1.85931
1.85752
1.85658
1.85626
1.85546
1.85375
1.85066
1.84567
1.84149
1.84074
1.84043
1.84049
1.84124
1.84103
1.83974
1.83744
1.83554
1.83572
1.83675
1.83888
1.84439
1.85049
1.85356
1.85779
1.86537
1.87336
1.88137
1.89081
1.90123
1.91508
1.93132
1.94474
1.95721
1.96988
1.98096
1.99121
2.00021
2.00692
2.01452
2.02366
2.03648
2.0428
2.04649
2.04976
2.05316
2.05728
2.05799
2.05893
2.06205
2.06685
2.07024
2.07133
2.07282
2.07341
2.07323
2.072
2.07162
2.07208
2.07313
2.07482
2.07544
2.07551
2.0754
2.07418
2.07205
2.07068
2.07034
2.07053
2.07021
2.06979
2.07008
2.0703
2.07106
2.07399
2.08435
2.10624
2.14426
2.214
2.29096
2.37895
2.50045
2.58106
2.65336
2.74661
2.79041
2.81418
2.84656
2.86628
2.87458
2.88033
2.88327
2.88506
2.88469
2.88262
2.88032
2.87818
2.87489
2.87059
2.86704
2.8637
2.86023
2.85619
2.85135
2.84535
2.84036
2.83833
2.83681
2.83519
2.83247
2.82875
2.82349
2.81716
2.81325
2.80993
2.80618
2.80208
2.79768
2.7923
2.78582
2.78064
2.77712
2.77411
2.77104
2.76738
2.76264
2.75571
2.74781
2.74367
2.74035
2.73661
2.73266
2.72772
2.72142
2.71451
2.70763
2.70125
2.69625
2.69213
2.68778
2.68304
2.67788
2.67202
2.66604
2.66157
2.65859
2.6561
2.65389
2.6512
2.64862
2.64574
2.64409
2.64593
2.65347
2.67071
2.69458
2.72448
2.76341
2.80265
2.84832
2.89682
2.93523
2.97921
3.02231
3.04879
3.07748
3.10765
3.1246
3.13412
3.1427
3.15482
3.16362
3.16654
3.16971
3.16958
3.16792
3.16532
3.16216
3.16073
3.15963
3.15835
3.15703
3.15362
3.14909
3.14342
3.1363
3.12796
3.11866
3.11222
3.10794
3.10368
3.09967
3.09536
3.09067
3.08629
3.08176
3.07651
3.07044
3.06372
3.05789
3.05452
3.05258
3.05108
3.04971
3.04828
3.04663
3.04455
3.04148
3.03638
3.02917
3.02354
3.02039
3.01757
3.0146
3.01134
3.00782
3.00397
2.9994
2.99309
2.98451
2.97718
2.97294
2.96937
2.96584
2.96232
2.95879
2.95521
2.95153
2.94759
2.94313
2.93731
2.92898
2.92119
2.91693
2.9136
2.91047
2.9076
2.90485
2.90211
2.89944
2.89688
2.89428
2.89121
2.8873
2.88329
2.88075
2.87945
2.87847
2.87731
2.87565
2.87305
2.86851
2.86098
2.85448
2.85167
2.84941
2.84707
2.84475
2.8424
2.84004
2.8374
2.83385
2.82813
2.82034
2.81423
2.81072
2.80856
2.8067
2.80471
2.80259
2.80035
2.79764
2.79432
2.79004
2.78406
2.77756
2.77347
2.77123
2.76928
2.76708
2.76424
2.76109
2.75804
2.75466
2.75012
2.74475
2.74157
2.74006
2.7384
2.73651
2.73435
2.73167
2.72796
2.72323
2.71945
2.71508
3.30148
3.2788
3.25445
3.23022
3.20589
3.18153
3.15737
3.13167
3.10548
3.08128
3.05579
3.02659
2.99991
2.97758
2.95255
2.92235
2.89652
2.87595
2.85318
2.8244
2.79683
2.77859
2.75982
2.73663
2.70545
2.68189
2.6676
2.6512
2.62906
2.60203
2.58477
2.56897
2.55035
2.52537
2.50111
2.4905
2.47983
2.46571
2.44428
2.42008
2.40683
2.39344
2.37837
2.35783
2.34222
2.33544
2.32646
2.31388
2.2939
2.27084
2.26176
2.25286
2.24241
2.22823
2.21568
2.20944
2.20191
2.19138
2.17527
2.15351
2.14628
2.14245
2.13551
2.12722
2.11554
2.10687
2.09883
2.08885
2.07744
2.06108
2.0513
2.04917
2.04597
2.04067
2.03333
2.0208
2.00871
1.99873
1.99025
1.98317
1.97444
1.97022
1.96739
1.96276
1.95643
1.94642
1.92899
1.91772
1.91474
1.91184
1.90885
1.9048
1.90034
1.89514
1.88739
1.87435
1.8633
1.86089
1.85988
1.85912
1.85753
1.85625
1.85456
1.84967
1.84062
1.83602
1.83545
1.8353
1.83615
1.83978
1.84233
1.84248
1.84166
1.83925
1.83803
1.83823
1.83915
1.84154
1.84682
1.85267
1.85554
1.8581
1.86191
1.86634
1.87208
1.88024
1.88987
1.9007
1.91586
1.92876
1.93777
1.94861
1.95794
1.9636
1.97116
1.98269
1.99166
1.99962
2.01242
2.02165
2.02283
2.02501
2.03054
2.03315
2.03404
2.03677
2.043
2.04925
2.05082
2.05029
2.04987
2.05119
2.05127
2.05079
2.05128
2.05388
2.05691
2.05901
2.06314
2.07404
2.10478
2.15901
2.23214
2.34578
2.44864
2.55325
2.66569
2.71428
2.76899
2.82708
2.85312
2.88042
2.89397
2.89387
2.8935
2.89475
2.89541
2.89785
2.89694
2.89385
2.88967
2.88437
2.87975
2.87568
2.87218
2.8675
2.86181
2.856
2.85146
2.84808
2.84468
2.84059
2.83543
2.83045
2.8274
2.82505
2.82237
2.81875
2.81402
2.80801
2.80126
2.7958
2.79124
2.78662
2.7822
2.77757
2.7717
2.76623
2.76162
2.75655
2.75195
2.74724
2.74171
2.73633
2.73072
2.72361
2.71626
2.71077
2.70507
2.69953
2.69449
2.68936
2.68426
2.67881
2.67208
2.66473
2.6599
2.65659
2.65381
2.65083
2.64711
2.64284
2.63767
2.63146
2.62585
2.62071
2.61491
2.60972
2.6051
2.59929
2.59368
2.58849
2.58206
2.57685
2.57446
2.57168
2.57211
2.57533
2.58364
2.5968
2.61649
2.64538
2.67702
2.71468
2.75724
2.79506
2.84091
2.8809
2.91226
2.95222
2.98053
3.00453
3.03304
3.04425
3.05359
3.067
3.07335
3.07532
3.07947
3.08181
3.08423
3.08711
3.08631
3.08403
3.08056
3.07648
3.07324
3.07031
3.06702
3.0634
3.05908
3.05453
3.05044
3.04659
3.04192
3.03641
3.02995
3.02194
3.01566
3.01337
3.01142
3.00944
3.00782
3.00636
3.00471
3.00259
2.99926
2.99356
2.9855
2.9799
2.97709
2.97431
2.9714
2.96843
2.96532
2.96194
2.95781
2.95211
2.9446
2.93825
2.93482
2.93201
2.92913
2.92626
2.9234
2.9204
2.91708
2.91318
2.90777
2.89979
2.89231
2.88796
2.88464
2.88165
2.87885
2.87611
2.87329
2.87034
2.86708
2.86291
2.85727
2.85221
2.84991
2.84883
2.84808
2.84738
2.84646
2.84506
2.84275
2.83846
2.83071
2.82307
2.81998
2.81806
2.81611
2.81409
2.81206
2.81002
2.80787
2.80534
2.80194
2.79692
2.78978
2.78355
2.78058
2.77852
2.77644
2.77455
2.77264
2.77021
2.76737
2.76423
2.76012
2.75416
2.74699
2.74263
2.74034
2.73789
2.73484
2.73176
2.7289
2.72586
2.72249
2.71867
2.71414
2.71009
2.70761
2.70581
2.70411
2.70225
2.69999
2.69724
2.6946
2.69035
3.27662
3.25918
3.24071
3.22115
3.20093
3.1799
3.15794
3.13656
3.11557
3.09345
3.07127
3.05095
3.02932
3.00411
2.98101
2.96188
2.94049
2.91392
2.89043
2.87274
2.85359
2.82869
2.80265
2.78532
2.76868
2.74849
2.7219
2.70113
2.68779
2.67225
2.65165
2.62402
2.60669
2.59413
2.57934
2.55906
2.53781
2.5257
2.51299
2.49691
2.47371
2.45127
2.44264
2.4335
2.42163
2.4039
2.38645
2.37501
2.36233
2.34785
2.32776
2.31287
2.30815
2.30179
2.29249
2.2782
2.2594
2.24845
2.23845
2.2282
2.21557
2.20305
2.19815
2.19336
2.18546
2.17397
2.15502
2.14042
2.13689
2.13143
2.12496
2.11631
2.10772
2.10207
2.09456
2.0842
2.06973
2.05466
2.05025
2.0492
2.04607
2.04022
2.03326
2.02276
2.01165
2.00221
1.99424
1.98689
1.97917
1.97588
1.97425
1.9706
1.96401
1.95364
1.93856
1.92788
1.92561
1.92405
1.92088
1.91678
1.91238
1.90739
1.90056
1.89098
1.88045
1.87486
1.87305
1.87222
1.87179
1.87053
1.86769
1.8623
1.85394
1.84895
1.84817
1.8476
1.84693
1.84678
1.84695
1.84634
1.84411
1.84037
1.83828
1.83808
1.8382
1.83974
1.84165
1.84252
1.84292
1.84243
1.84265
1.84447
1.8488
1.85508
1.86274
1.87224
1.88185
1.89089
1.90037
1.90966
1.91803
1.92623
1.93572
1.9485
1.96136
1.97135
1.98038
1.99174
2.00077
2.00144
2.00431
2.0102
2.02009
2.02922
2.04365
2.0647
2.09203
2.1477
2.2337
2.33519
2.47452
2.58182
2.66631
2.76233
2.82173
2.84381
2.86482
2.88256
2.89873
2.91185
2.91776
2.9213
2.92145
2.91864
2.9162
2.91538
2.91507
2.91429
2.91059
2.90495
2.89721
2.88819
2.88072
2.87341
2.86532
2.85746
2.85011
2.84331
2.83812
2.83382
2.82944
2.82477
2.81997
2.81433
2.80869
2.80384
2.7981
2.7918
2.78642
2.78041
2.77455
2.7694
2.7638
2.75725
2.75034
2.74503
2.74018
2.73594
2.73186
2.72623
2.71994
2.71312
2.70506
2.69822
2.69273
2.68647
2.67953
2.67227
2.66462
2.6586
2.65413
2.6501
2.64592
2.64151
2.63625
2.62986
2.62514
2.62185
2.61897
2.61675
2.61297
2.60883
2.60408
2.59755
2.59068
2.58388
2.57621
2.57033
2.56474
2.55827
2.55273
2.54742
2.5405
2.53227
2.52694
2.52224
2.51774
2.51511
2.51331
2.51097
2.50771
2.50441
2.50162
2.49982
2.50102
2.50591
2.51645
2.53396
2.55504
2.58285
2.61786
2.65184
2.69277
2.73273
2.76575
2.80777
2.83814
2.86058
2.89296
2.91588
2.92933
2.94917
2.96303
2.96865
2.97696
2.981
2.98105
2.98398
2.98386
2.98369
2.98416
2.98485
2.98634
2.98757
2.98669
2.98456
2.98102
2.97584
2.96973
2.96542
2.96303
2.96072
2.95952
2.95879
2.95755
2.95553
2.95254
2.94793
2.9411
2.93336
2.92772
2.92387
2.92044
2.91696
2.91366
2.91051
2.90725
2.90368
2.89927
2.8937
2.8882
2.88477
2.8825
2.88048
2.87855
2.8766
2.87437
2.87147
2.86719
2.86058
2.8535
2.84926
2.84643
2.84386
2.84129
2.83859
2.83566
2.83241
2.82848
2.82271
2.81511
2.81045
2.80883
2.80779
2.80695
2.80618
2.80532
2.80414
2.80227
2.79914
2.79383
2.78596
2.77961
2.77759
2.77612
2.7745
2.77281
2.77112
2.76937
2.76744
2.76523
2.76222
2.75723
2.75049
2.74531
2.74216
2.74037
2.73898
2.73729
2.73519
2.73295
2.73041
2.72712
2.72208
2.71487
2.70916
2.70595
2.70327
2.7006
2.69774
2.69471
2.69167
2.68868
2.68553
2.6816
2.6763
2.67139
2.66934
2.66829
2.66718
2.66585
2.66427
2.66279
2.65976
3.24002
3.22598
3.21135
3.19605
3.18005
3.16391
3.14723
3.12906
3.11021
3.09175
3.07285
3.05285
3.03414
3.01711
2.99839
2.97638
2.95635
2.94003
2.92173
2.89847
2.87779
2.86271
2.84624
2.82443
2.80074
2.78506
2.77062
2.75277
2.72904
2.71046
2.69801
2.68345
2.66463
2.64036
2.62523
2.6143
2.60061
2.58112
2.55948
2.54727
2.53529
2.52128
2.50191
2.48436
2.47545
2.4653
2.45216
2.4321
2.41203
2.40374
2.3948
2.38428
2.36887
2.35475
2.34686
2.33725
2.32465
2.3059
2.28841
2.28385
2.27916
2.27122
2.26058
2.2454
2.23473
2.22552
2.21513
2.20371
2.19006
2.1844
2.1824
2.17746
2.1689
2.1566
2.13855
2.12967
2.12502
2.11883
2.11186
2.10377
2.09898
2.09456
2.08772
2.07655
2.05945
2.04798
2.04593
2.04482
2.04025
2.03423
2.02785
2.01907
2.00892
1.99819
1.99039
1.98361
1.9779
1.9753
1.97313
1.96956
1.96324
1.95209
1.93643
1.92859
1.92683
1.92442
1.92089
1.91751
1.91351
1.90837
1.90024
1.88932
1.87894
1.87491
1.87337
1.87261
1.87155
1.86922
1.86518
1.85767
1.848
1.84283
1.84154
1.84109
1.84164
1.84275
1.84243
1.84178
1.84014
1.83601
1.83399
1.83391
1.83444
1.83639
1.83976
1.84252
1.84326
1.8434
1.84265
1.84267
1.84384
1.8458
1.84935
1.85632
1.86511
1.87274
1.87864
1.88578
1.89596
1.90753
1.9162
1.92958
1.96126
2.01885
2.11378
2.25186
2.37709
2.52725
2.63363
2.69456
2.75899
2.80502
2.82576
2.84683
2.85677
2.86019
2.86532
2.87021
2.87568
2.88125
2.8825
2.88219
2.87818
2.8751
2.87502
2.87439
2.87449
2.87229
2.8645
2.85587
2.85138
2.84897
2.84676
2.84247
2.83718
2.83172
2.82715
2.82366
2.82124
2.81775
2.81232
2.80636
2.79929
2.79016
2.78208
2.77479
2.76642
2.75785
2.75158
2.74573
2.74005
2.73474
2.72867
2.72171
2.71423
2.70839
2.70249
2.69692
2.69168
2.68479
2.67744
2.67042
2.66201
2.6536
2.64716
2.64102
2.63475
2.62817
2.62192
2.61699
2.61288
2.60949
2.60576
2.60188
2.59789
2.59302
2.58763
2.58352
2.57999
2.57509
2.56943
2.56479
2.5593
2.5517
2.54523
2.53879
2.53114
2.5253
2.52008
2.51365
2.50832
2.50378
2.49833
2.49203
2.48791
2.48415
2.47972
2.47625
2.47362
2.47064
2.467
2.46276
2.4578
2.45167
2.44567
2.44133
2.43811
2.43389
2.43061
2.4285
2.42626
2.42555
2.42691
2.43281
2.44395
2.46092
2.48461
2.51012
2.54196
2.57864
2.61053
2.64917
2.68583
2.71231
2.74835
2.7784
2.79352
2.81721
2.83343
2.84305
2.85813
2.86533
2.87081
2.87821
2.88298
2.88365
2.88557
2.88587
2.88385
2.88234
2.88299
2.88445
2.88773
2.8926
2.89535
2.89485
2.89392
2.8918
2.88803
2.88295
2.87692
2.87189
2.86807
2.86469
2.86114
2.85753
2.85409
2.85048
2.8465
2.84163
2.83564
2.82967
2.82534
2.82263
2.82071
2.81918
2.81774
2.81597
2.81339
2.80941
2.80389
2.79873
2.79625
2.79444
2.79247
2.79014
2.78739
2.78424
2.78024
2.77414
2.76628
2.76078
2.75861
2.75756
2.75666
2.75569
2.75478
2.75379
2.75243
2.75048
2.74742
2.74184
2.73394
2.72959
2.72792
2.72644
2.72491
2.72339
2.72188
2.72029
2.71849
2.71622
2.71288
2.70748
2.70079
2.69696
2.69528
2.69384
2.69233
2.69065
2.68876
2.68662
2.68391
2.67977
2.67297
2.66622
2.66303
2.66085
2.6586
2.65608
2.6532
2.65034
2.64748
2.64447
2.64065
2.63503
2.62867
2.6256
2.62492
2.62441
2.62373
2.62294
2.62222
2.62025
3.19808
3.18655
3.17408
3.16116
3.14799
3.13479
3.12174
3.10834
3.09398
3.07863
3.06272
3.0469
3.03064
3.01337
2.99693
2.98223
2.96576
2.9455
2.9275
2.91382
2.89838
2.8785
2.86044
2.84716
2.83261
2.81311
2.7918
2.77797
2.76525
2.74955
2.72866
2.71244
2.70105
2.68774
2.67023
2.64806
2.63442
2.62394
2.61121
2.59342
2.57403
2.5632
2.55282
2.54053
2.52249
2.50385
2.49433
2.48418
2.47189
2.45428
2.4391
2.43232
2.42391
2.41272
2.3955
2.37731
2.36954
2.36099
2.35092
2.33703
2.32471
2.31896
2.31182
2.30109
2.28528
2.26591
2.26011
2.25674
2.24972
2.24086
2.22971
2.22189
2.21449
2.20452
2.19152
2.17604
2.1694
2.16839
2.16532
2.15822
2.14957
2.13769
2.1272
2.11944
2.11168
2.10353
2.09517
2.0917
2.08959
2.08487
2.07639
2.06389
2.04912
2.04316
2.04151
2.03763
2.03214
2.02727
2.02166
2.01584
2.0074
1.99683
1.98598
1.98044
1.97826
1.97638
1.97383
1.96959
1.96306
1.95271
1.93936
1.93415
1.93212
1.92882
1.92474
1.92121
1.91832
1.91431
1.90663
1.89351
1.88559
1.88254
1.88041
1.87959
1.87872
1.87626
1.87223
1.86603
1.85764
1.8532
1.85066
1.84891
1.84836
1.84843
1.84806
1.84725
1.84569
1.84166
1.83759
1.83686
1.83664
1.83688
1.83777
1.83781
1.83796
1.83846
1.84093
1.84995
1.87058
1.93122
2.02239
2.13732
2.30092
2.41075
2.523
2.63954
2.67345
2.69823
2.7293
2.7496
2.74977
2.74794
2.74727
2.74644
2.74634
2.74661
2.74994
2.7524
2.74881
2.74398
2.7443
2.746
2.74633
2.74859
2.75469
2.75798
2.75993
2.76145
2.7618
2.76322
2.76793
2.77153
2.77177
2.7718
2.77115
2.76814
2.76476
2.76212
2.76111
2.75978
2.75341
2.74624
2.73811
2.72943
2.72366
2.71856
2.71166
2.70501
2.69987
2.6964
2.69237
2.68818
2.68444
2.67905
2.67162
2.66446
2.65672
2.64821
2.64136
2.63635
2.6311
2.62388
2.61701
2.61102
2.60507
2.599
2.59331
2.58794
2.58287
2.57873
2.5747
2.5702
2.5653
2.56034
2.55609
2.55118
2.54431
2.53928
2.53463
2.52807
2.52205
2.51712
2.51111
2.50386
2.4979
2.49179
2.48529
2.48022
2.47638
2.47148
2.46714
2.46363
2.45963
2.45448
2.45004
2.44656
2.4426
2.43802
2.43447
2.43096
2.42636
2.42142
2.41667
2.41081
2.40327
2.39804
2.39367
2.38831
2.38374
2.38036
2.37607
2.37171
2.3671
2.36196
2.35737
2.35345
2.35075
2.35
2.34912
2.34984
2.35304
2.35902
2.37025
2.38585
2.40573
2.43277
2.46009
2.49076
2.52379
2.55171
2.58575
2.61607
2.63817
2.66786
2.6929
2.70601
2.72356
2.74514
2.75031
2.75571
2.7657
2.77114
2.77415
2.78057
2.7871
2.79099
2.79431
2.79768
2.79812
2.79883
2.79905
2.79857
2.79808
2.79815
2.79782
2.79824
2.79754
2.7949
2.7919
2.78804
2.78297
2.7769
2.77146
2.76782
2.7654
2.76351
2.76197
2.76044
2.75846
2.75548
2.75122
2.74609
2.74169
2.7386
2.73658
2.73463
2.73208
2.729
2.72535
2.72064
2.71434
2.70713
2.70274
2.70088
2.69941
2.69802
2.69695
2.69605
2.69507
2.69374
2.69176
2.68835
2.68251
2.67616
2.6728
2.67126
2.67009
2.66891
2.66763
2.66618
2.66448
2.66244
2.65969
2.65515
2.64884
2.64437
2.64226
2.64084
2.63956
2.63817
2.63662
2.63486
2.63268
2.62922
2.62277
2.6157
2.61292
2.61123
2.60941
2.60748
2.60513
2.60262
2.6
2.59725
2.59373
2.58797
2.58087
2.57667
2.57481
2.5744
2.57434
2.5743
2.57392
2.57235
3.15302
3.14328
3.13301
3.1223
3.11136
3.10032
3.08943
3.07857
3.06732
3.05534
3.04216
3.02809
3.01426
3.00064
2.98724
2.97383
2.95996
2.94581
2.93142
2.91458
2.89611
2.88284
2.87084
2.85521
2.83796
2.82533
2.81304
2.79724
2.77712
2.76345
2.75303
2.73991
2.72168
2.70696
2.6961
2.68354
2.66785
2.64773
2.63557
2.62624
2.61502
2.60021
2.58185
2.57071
2.56067
2.5491
2.53276
2.51575
2.50771
2.49889
2.48766
2.47148
2.45782
2.45019
2.44038
2.42787
2.41001
2.39695
2.39235
2.38511
2.37478
2.35977
2.34762
2.34036
2.33098
2.31967
2.3049
2.29452
2.29137
2.28619
2.27755
2.26512
2.24955
2.24249
2.23668
2.22897
2.21908
2.20927
2.20477
2.19996
2.19198
2.18017
2.16461
2.15706
2.15561
2.1515
2.14445
2.13621
2.12847
2.12202
2.11375
2.10381
2.09177
2.08589
2.0845
2.08197
2.07671
2.07016
2.06141
2.04977
2.04147
2.03579
2.03147
2.02791
2.02465
2.02028
2.01563
2.00933
1.99908
1.98499
1.97825
1.97675
1.97534
1.97232
1.96802
1.96388
1.95927
1.9497
1.93397
1.92826
1.92681
1.92463
1.92104
1.91783
1.9152
1.91118
1.90291
1.88916
1.88166
1.88002
1.87774
1.87559
1.87434
1.87254
1.86895
1.86163
1.8505
1.84451
1.84275
1.84103
1.8408
1.84183
1.84504
1.85482
1.87636
1.91772
2.01352
2.12643
2.24939
2.41463
2.50389
2.57844
2.67152
2.69355
2.69615
2.69805
2.69757
2.69909
2.69555
2.68638
2.67416
2.65751
2.64754
2.6417
2.63849
2.63694
2.63304
2.62886
2.62376
2.61879
2.61598
2.61596
2.61946
2.62229
2.62124
2.61721
2.61622
2.61658
2.61749
2.6202
2.6249
2.6306
2.63072
2.62883
2.62964
2.63032
2.62937
2.63035
2.63444
2.63386
2.63406
2.63434
2.63141
2.62994
2.63104
2.6303
2.62713
2.62614
2.62501
2.62126
2.61822
2.61638
2.61544
2.6114
2.60435
2.59895
2.59285
2.58682
2.58276
2.58056
2.578
2.57385
2.56995
2.56508
2.55974
2.55439
2.54956
2.546
2.5412
2.53575
2.53177
2.52778
2.52216
2.51525
2.50909
2.50293
2.49586
2.4909
2.48625
2.48056
2.47575
2.4715
2.46644
2.46137
2.45591
2.44956
2.44445
2.44001
2.43633
2.43305
2.4286
2.42445
2.42028
2.41509
2.40966
2.40487
2.39969
2.39347
2.38925
2.38558
2.38055
2.3758
2.37152
2.36624
2.35954
2.35363
2.34935
2.34518
2.34155
2.33868
2.33497
2.33099
2.32705
2.32269
2.31734
2.31066
2.30455
2.3009
2.29831
2.29459
2.29024
2.28666
2.28326
2.27838
2.27367
2.26942
2.26937
2.27034
2.27354
2.27873
2.28715
2.30082
2.31824
2.33951
2.36732
2.39588
2.42254
2.4556
2.48508
2.50665
2.53556
2.55971
2.57362
2.59284
2.61862
2.62949
2.64139
2.65922
2.66691
2.67265
2.68104
2.68518
2.6868
2.69202
2.6956
2.69782
2.70161
2.70588
2.70601
2.70623
2.70601
2.70432
2.70265
2.70212
2.70212
2.70309
2.70465
2.7039
2.70288
2.7013
2.69851
2.6945
2.69008
2.68607
2.68281
2.68007
2.6771
2.67381
2.67035
2.66637
2.66147
2.65563
2.64934
2.64397
2.64042
2.63777
2.63532
2.63361
2.63226
2.63073
2.62893
2.62652
2.62294
2.6182
2.61257
2.60944
2.6087
2.60785
2.60679
2.60555
2.60405
2.60225
2.59973
2.59561
2.59003
2.58602
2.58419
2.58293
2.58175
2.58052
2.57919
2.57779
2.57617
2.57361
2.56848
2.56116
2.55777
2.55651
2.55505
2.5534
2.55165
2.54963
2.54748
2.54509
2.54224
2.53773
2.53071
2.52442
2.52074
2.51893
2.51892
2.51907
2.51867
2.51712
3.10507
3.09731
3.08832
3.07908
3.07029
3.06171
3.05302
3.04404
3.0344
3.02399
3.01286
3.00108
2.98931
2.978
2.9664
2.95504
2.9452
2.93481
2.92171
2.90736
2.89387
2.87993
2.86376
2.85008
2.84087
2.83037
2.81606
2.7994
2.78688
2.775
2.75973
2.74267
2.7324
2.72389
2.71166
2.69503
2.68237
2.67182
2.65995
2.64412
2.62805
2.61955
2.61021
2.59796
2.58225
2.57058
2.56192
2.55123
2.53665
2.522
2.5138
2.50503
2.49317
2.4784
2.46863
2.46118
2.45139
2.43888
2.42227
2.41272
2.40704
2.39854
2.38696
2.3725
2.36396
2.35774
2.34925
2.33821
2.3238
2.31527
2.30992
2.30244
2.29255
2.27939
2.27112
2.26708
2.26098
2.2526
2.24031
2.22892
2.22279
2.21625
2.2079
2.19732
2.19141
2.18828
2.18331
2.17522
2.16415
2.15054
2.14357
2.1397
2.13483
2.12844
2.12224
2.11844
2.11373
2.10554
2.09216
2.0794
2.07608
2.07503
2.0724
2.0676
2.06277
2.05724
2.05038
2.04157
2.03224
2.0221
2.01674
2.01516
2.01431
2.01206
2.0076
2.00074
1.99184
1.98198
1.97297
1.96901
1.9675
1.96555
1.96215
1.95812
1.95366
1.94681
1.93407
1.92607
1.92461
1.92296
1.92001
1.9156
1.91235
1.90897
1.90282
1.88997
1.88374
1.88441
1.88855
1.89895
1.92639
1.96928
2.04374
2.16737
2.27977
2.40746
2.55282
2.61393
2.67504
2.73219
2.7375
2.73379
2.72855
2.72001
2.71564
2.70686
2.69261
2.67702
2.66032
2.64691
2.639
2.63319
2.62743
2.623
2.61777
2.61162
2.60633
2.60126
2.59899
2.59794
2.59428
2.58849
2.58049
2.57284
2.56622
2.56025
2.55596
2.54935
2.54038
2.53342
2.52676
2.51865
2.51194
2.50788
2.50382
2.49791
2.49099
2.48359
2.47944
2.48051
2.48164
2.48329
2.48395
2.48329
2.4835
2.48603
2.48632
2.48655
2.48929
2.49078
2.491
2.49418
2.49533
2.4951
2.49636
2.49607
2.4945
2.49308
2.49282
2.49398
2.49501
2.49496
2.49516
2.49527
2.49358
2.4886
2.483
2.47872
2.47287
2.46742
2.46519
2.46427
2.46077
2.45526
2.44978
2.44673
2.44339
2.43885
2.43571
2.43318
2.42864
2.42491
2.42149
2.41779
2.41394
2.40878
2.40265
2.39817
2.39321
2.38689
2.38226
2.3792
2.37599
2.37014
2.36393
2.35815
2.35163
2.34506
2.34144
2.33859
2.3349
2.331
2.32715
2.3231
2.31847
2.31262
2.30725
2.30354
2.30051
2.29633
2.29204
2.28826
2.2843
2.27999
2.27489
2.26809
2.26012
2.25562
2.25263
2.24858
2.24354
2.23966
2.23635
2.23203
2.22626
2.22005
2.21563
2.21162
2.20808
2.20569
2.20333
2.20012
2.19785
2.19578
2.19456
2.19465
2.19546
2.1992
2.20785
2.21699
2.22807
2.24572
2.26515
2.28473
2.31211
2.33818
2.3627
2.39416
2.41822
2.44057
2.47187
2.48851
2.50197
2.52443
2.54
2.54974
2.56498
2.57938
2.58365
2.59047
2.59653
2.59639
2.59733
2.59962
2.59943
2.601
2.60582
2.61126
2.6149
2.61809
2.61879
2.61851
2.61846
2.6185
2.61808
2.61765
2.61761
2.61683
2.61468
2.61208
2.6098
2.60698
2.60266
2.59667
2.5908
2.58643
2.58275
2.57986
2.5774
2.57483
2.57197
2.5688
2.5653
2.56132
2.55657
2.5517
2.54882
2.54711
2.54563
2.54426
2.54275
2.54097
2.53836
2.5343
2.52932
2.52584
2.52413
2.523
2.52194
2.5208
2.51964
2.5185
2.51716
2.51516
2.51132
2.5048
2.50069
2.49963
2.49863
2.49744
2.49619
2.49493
2.49348
2.49159
2.48926
2.48606
2.48074
2.47349
2.46786
2.46403
2.46271
2.46254
2.46207
2.46038
3.04523
3.04318
3.0399
3.03371
3.02425
3.01548
3.00966
3.00435
2.99758
2.98887
2.97853
2.96718
2.95619
2.94727
2.93993
2.93211
2.92235
2.91164
2.90221
2.89206
2.87869
2.86332
2.85345
2.84464
2.83303
2.82046
2.81154
2.80249
2.79084
2.77396
2.7557
2.74667
2.73772
2.72492
2.71208
2.70355
2.69481
2.68351
2.66714
2.65006
2.6414
2.6334
2.62275
2.60977
2.59914
2.5899
2.57994
2.57035
2.55948
2.54447
2.53058
2.52246
2.51503
2.50594
2.49438
2.48353
2.47519
2.46658
2.45638
2.4418
2.42644
2.42037
2.41467
2.40673
2.3962
2.38551
2.37752
2.36926
2.35999
2.3471
2.33213
2.32695
2.32295
2.31664
2.30838
2.29819
2.28997
2.28225
2.27395
2.26315
2.2488
2.24294
2.23979
2.23477
2.22791
2.21971
2.21261
2.20437
2.19517
2.18332
2.17348
2.16953
2.16637
2.16213
2.1572
2.15042
2.14259
2.13325
2.12352
2.11418
2.10649
2.10414
2.10365
2.10127
2.0962
2.0888
2.07736
2.06498
2.0619
2.05938
2.0553
2.05016
2.04441
2.04123
2.03732
2.03077
2.02027
2.01004
2.00704
2.00546
2.00322
1.99994
1.99452
1.98675
1.97848
1.97155
1.96626
1.96129
1.95841
1.95649
1.95427
1.95115
1.94429
1.93495
1.93376
1.93885
1.9622
2.01471
2.09108
2.21857
2.35335
2.45528
2.59181
2.67878
2.71822
2.77401
2.79616
2.7953
2.78481
2.76875
2.75501
2.74462
2.73094
2.71713
2.70428
2.68896
2.67124
2.66029
2.65342
2.64895
2.64374
2.63724
2.62861
2.61903
2.61323
2.60882
2.60473
2.59873
2.59115
2.58282
2.57319
2.56295
2.55426
2.54649
2.53831
2.52972
2.52083
2.51158
2.50211
2.49433
2.489
2.48417
2.47791
2.46982
2.4605
2.45311
2.44772
2.44409
2.43877
2.43216
2.42595
2.42045
2.41325
2.40676
2.40195
2.39645
2.38833
2.38005
2.37423
2.37046
2.36952
2.3669
2.36214
2.35814
2.3532
2.35254
2.35413
2.35514
2.35493
2.35513
2.35781
2.35997
2.35997
2.36186
2.36187
2.3599
2.35939
2.35827
2.35499
2.35413
2.35642
2.3573
2.3574
2.35878
2.35839
2.35595
2.35646
2.35577
2.35408
2.35403
2.35294
2.35166
2.35095
2.34992
2.34792
2.34281
2.33719
2.33226
2.32654
2.32198
2.31928
2.31872
2.31825
2.31429
2.30937
2.30491
2.29961
2.29456
2.2919
2.29021
2.28747
2.28453
2.2814
2.27771
2.27372
2.26915
2.26282
2.25701
2.25259
2.24747
2.24311
2.2398
2.23586
2.23125
2.22622
2.21974
2.2128
2.20922
2.20662
2.20427
2.20059
2.19684
2.19376
2.19031
2.18588
2.18052
2.17534
2.17077
2.16649
2.16258
2.1587
2.15448
2.15047
2.14657
2.14209
2.13707
2.13326
2.13031
2.12782
2.12506
2.1214
2.11769
2.11386
2.10821
2.10708
2.10861
2.11245
2.12014
2.13228
2.14539
2.16278
2.18326
2.2025
2.22726
2.2537
2.27574
2.30401
2.33021
2.34873
2.37474
2.39922
2.40952
2.42392
2.44297
2.44932
2.45727
2.47172
2.48096
2.48955
2.49923
2.50374
2.50572
2.5098
2.51198
2.51242
2.5146
2.51695
2.51914
2.52245
2.52736
2.53123
2.53352
2.53392
2.533
2.53058
2.52797
2.52691
2.52569
2.5238
2.52151
2.51908
2.51665
2.51389
2.51081
2.50713
2.50279
2.49826
2.49482
2.49248
2.49022
2.4879
2.48527
2.48187
2.4774
2.4726
2.4686
2.46544
2.46326
2.46158
2.45987
2.45806
2.45678
2.45541
2.45352
2.45053
2.44587
2.44036
2.43788
2.43731
2.43656
2.43563
2.43498
2.43421
2.43306
2.43137
2.42895
2.42524
2.41985
2.41279
2.40726
2.4059
2.40478
2.4038
2.40232
2.98551
2.9819
2.98135
2.97887
2.97291
2.96446
2.95839
2.95501
2.95246
2.94915
2.94273
2.93124
2.91915
2.91139
2.90532
2.90033
2.8953
2.88791
2.87628
2.86245
2.85332
2.84584
2.8368
2.82523
2.81711
2.81093
2.80214
2.78919
2.7782
2.7689
2.75778
2.74403
2.72819
2.72041
2.71506
2.70683
2.69442
2.68122
2.67118
2.66045
2.6486
2.63319
2.62141
2.61707
2.61174
2.60354
2.59048
2.57624
2.56762
2.55939
2.55015
2.53703
2.52223
2.51671
2.51246
2.50598
2.49522
2.48179
2.47227
2.46283
2.45349
2.44103
2.4275
2.42264
2.4185
2.41215
2.40321
2.39005
2.38025
2.37111
2.36265
2.35336
2.34075
2.33532
2.33197
2.32626
2.31893
2.30632
2.29552
2.28768
2.28007
2.27332
2.26304
2.25647
2.25244
2.24643
2.24013
2.23066
2.21679
2.21042
2.20482
2.19935
2.19314
2.18609
2.18188
2.17648
2.16801
2.15836
2.15068
2.14548
2.14074
2.13402
2.12701
2.12361
2.11975
2.1125
2.10502
2.09802
2.0901
2.08607
2.08349
2.07938
2.0733
2.0649
2.05556
2.0511
2.04807
2.04414
2.04043
2.03578
2.03102
2.02619
2.01997
2.0107
1.99909
1.99495
1.99408
1.99359
1.99267
1.9906
1.99277
2.00093
2.01667
2.06667
2.147
2.25637
2.42499
2.53708
2.63781
2.75844
2.79392
2.81179
2.83689
2.84237
2.84163
2.83251
2.81184
2.79272
2.77755
2.76354
2.75208
2.74084
2.72806
2.7106
2.69524
2.68817
2.68323
2.67922
2.67418
2.66739
2.65871
2.64768
2.63799
2.63031
2.62242
2.61444
2.60645
2.59735
2.5867
2.57507
2.56361
2.55366
2.54496
2.53626
2.52712
2.51775
2.50762
2.49759
2.49009
2.48312
2.47615
2.46909
2.46157
2.45297
2.44406
2.43532
2.42725
2.41997
2.41257
2.4049
2.397
2.38841
2.38036
2.37314
2.36583
2.35938
2.35368
2.34733
2.33901
2.33066
2.32533
2.32015
2.31567
2.31422
2.31218
2.30602
2.29833
2.28967
2.28209
2.27637
2.27096
2.26656
2.26508
2.26099
2.25193
2.244
2.23938
2.23414
2.22744
2.22385
2.22387
2.22518
2.2266
2.22566
2.22549
2.22491
2.22436
2.22489
2.22497
2.22582
2.22804
2.22937
2.23108
2.23454
2.23449
2.23169
2.22994
2.22977
2.22712
2.22442
2.22467
2.2264
2.22627
2.2251
2.22434
2.22457
2.22395
2.22055
2.21737
2.21659
2.21554
2.21481
2.21309
2.21018
2.20791
2.20432
2.19838
2.1931
2.18994
2.18703
2.18448
2.18336
2.18166
2.17752
2.17322
2.16882
2.16409
2.16078
2.15834
2.15639
2.15539
2.15321
2.14962
2.14579
2.14106
2.1354
2.12886
2.12347
2.11986
2.11561
2.1106
2.10668
2.10283
2.09852
2.09377
2.08864
2.0851
2.08277
2.08061
2.07779
2.07428
2.07069
2.06689
2.06168
2.05455
2.04867
2.04464
2.04109
2.03771
2.03629
2.03632
2.03583
2.03364
2.03127
2.0314
2.0336
2.03921
2.04899
2.06171
2.0763
2.09589
2.11546
2.13471
2.16007
2.18319
2.20502
2.23046
2.24997
2.27008
2.2981
2.31335
2.32783
2.34926
2.35676
2.36369
2.37639
2.38256
2.3884
2.39855
2.40815
2.41233
2.41839
2.42467
2.42762
2.4278
2.42913
2.43188
2.43134
2.43158
2.43287
2.43493
2.43881
2.44216
2.44229
2.44166
2.44126
2.44094
2.4404
2.43962
2.43823
2.43619
2.4338
2.43102
2.42795
2.42491
2.42157
2.4171
2.41284
2.41012
2.40773
2.40475
2.4021
2.40013
2.39779
2.39445
2.39017
2.38511
2.38051
2.37818
2.37683
2.3756
2.3744
2.37341
2.37224
2.37071
2.36879
2.36625
2.36209
2.35514
2.34978
2.34735
2.34583
2.34545
2.34436
2.93967
2.93783
2.93439
2.92779
2.92042
2.9144
2.90795
2.90199
2.89854
2.8963
2.89355
2.88868
2.88153
2.87327
2.86751
2.8645
2.86009
2.85298
2.84432
2.83433
2.82268
2.81377
2.81024
2.80649
2.80012
2.78944
2.77756
2.77049
2.76326
2.75269
2.74066
2.73297
2.72527
2.71576
2.70274
2.69505
2.69024
2.68275
2.67226
2.65512
2.64105
2.63526
2.62869
2.61966
2.60757
2.60059
2.59514
2.58694
2.57623
2.55862
2.54702
2.54296
2.53709
2.52924
2.51667
2.50777
2.50318
2.49702
2.48873
2.47381
2.45917
2.45267
2.44684
2.43969
2.428
2.42051
2.41632
2.4102
2.40287
2.39092
2.37459
2.36746
2.36218
2.35627
2.34637
2.33831
2.33448
2.32855
2.32148
2.31301
2.29789
2.28794
2.2839
2.27878
2.27262
2.26234
2.2555
2.2517
2.24469
2.23728
2.23024
2.21864
2.20958
2.2062
2.20235
2.19686
2.19118
2.18518
2.1759
2.168
2.16307
2.15756
2.15176
2.14512
2.13612
2.12961
2.12712
2.12428
2.12016
2.11493
2.10748
2.09912
2.09169
2.08499
2.07757
2.07278
2.0705
2.06878
2.06624
2.06208
2.05577
2.04517
2.03441
2.02981
2.02584
2.0262
2.02891
2.0422
2.07086
2.12308
2.22067
2.32666
2.45887
2.6189
2.70004
2.78206
2.87255
2.88854
2.89268
2.88951
2.88151
2.87722
2.86713
2.84918
2.82712
2.80449
2.79016
2.78112
2.77336
2.76378
2.75281
2.73907
2.72448
2.71572
2.7087
2.70272
2.69778
2.69059
2.6828
2.67287
2.66039
2.64879
2.63948
2.63104
2.62251
2.61293
2.60207
2.59019
2.57902
2.57044
2.56266
2.55434
2.54505
2.53442
2.52244
2.51177
2.50436
2.4978
2.49094
2.48342
2.47494
2.4654
2.45447
2.44352
2.43551
2.42796
2.41969
2.41091
2.40179
2.39216
2.38184
2.37244
2.36498
2.35758
2.34999
2.34282
2.33584
2.32816
2.31866
2.30889
2.30181
2.29551
2.28927
2.28327
2.27711
2.27013
2.26228
2.25301
2.24273
2.23646
2.23073
2.22509
2.22068
2.21583
2.21006
2.20381
2.19629
2.18864
2.18214
2.17635
2.17116
2.16642
2.1635
2.16133
2.15659
2.15164
2.146
2.13924
2.13295
2.12707
2.12208
2.11786
2.11701
2.11608
2.11083
2.10572
2.10061
2.09681
2.09601
2.09577
2.09645
2.09805
2.0983
2.09906
2.09874
2.09812
2.09826
2.09964
2.09973
2.10003
2.10251
2.1057
2.10485
2.1038
2.1053
2.10492
2.10182
2.0997
2.10095
2.1007
2.09889
2.09883
2.10007
2.09946
2.09735
2.09615
2.09532
2.09279
2.08835
2.08573
2.08487
2.08471
2.08325
2.07944
2.07575
2.07314
2.06906
2.06467
2.06203
2.0593
2.05637
2.05431
2.05192
2.04858
2.04501
2.04111
2.03765
2.03529
2.03386
2.0317
2.02852
2.02456
2.02058
2.01778
2.01426
2.00908
2.00322
1.99742
1.99088
1.9854
1.98186
1.97877
1.97575
1.97299
1.96986
1.96633
1.96266
1.95856
1.95586
1.9534
1.95309
1.95399
1.95586
1.9592
1.96403
1.96665
1.97149
1.98055
1.99097
2.00668
2.02512
2.04218
2.06434
2.08585
2.10398
2.12722
2.14692
2.16259
2.18571
2.20389
2.21646
2.23562
2.25667
2.2674
2.28021
2.29251
2.29642
2.30216
2.31151
2.3165
2.32106
2.32801
2.33311
2.33438
2.33717
2.3414
2.34278
2.34309
2.34463
2.34637
2.34901
2.35144
2.35204
2.35263
2.35438
2.35498
2.35413
2.35313
2.35242
2.35153
2.34991
2.34825
2.34685
2.345
2.34255
2.33957
2.3359
2.33181
2.32821
2.32521
2.32245
2.32025
2.31845
2.31652
2.31429
2.31194
2.30952
2.30616
2.30026
2.29354
2.28962
2.28794
2.28698
2.28546
2.61816
2.76983
2.84672
2.87427
2.87108
2.86988
2.86585
2.85802
2.85081
2.84684
2.84305
2.83682
2.82898
2.82388
2.82217
2.82077
2.81862
2.81544
2.80973
2.79876
2.7867
2.78235
2.77866
2.77414
2.77056
2.76571
2.75668
2.74156
2.73211
2.72912
2.72494
2.71835
2.70768
2.69754
2.69134
2.68496
2.67532
2.66582
2.66062
2.65287
2.6429
2.62881
2.61648
2.61316
2.60964
2.60358
2.59391
2.58035
2.5714
2.56284
2.55429
2.54338
2.53151
2.52753
2.5237
2.51758
2.50842
2.49474
2.48703
2.48049
2.47251
2.4632
2.44867
2.44019
2.43742
2.43324
2.4267
2.41605
2.40912
2.40236
2.39327
2.3835
2.36919
2.35896
2.35659
2.35387
2.34924
2.34161
2.3334
2.32722
2.3182
2.30824
2.29659
2.28496
2.28076
2.27813
2.2746
2.27016
2.26479
2.25512
2.24492
2.23646
2.22926
2.22291
2.21434
2.20844
2.20686
2.20468
2.19989
2.1942
2.18639
2.17199
2.16222
2.1595
2.15561
2.14943
2.14573
2.14364
2.14066
2.13647
2.13057
2.1197
2.10453
2.09927
2.09761
2.09472
2.091
2.08646
2.08361
2.08175
2.07706
2.06942
2.06841
2.0759
2.10734
2.16394
2.26391
2.41035
2.53025
2.67126
2.80035
2.84492
2.894
2.9444
2.94823
2.94406
2.92995
2.91432
2.9028
2.89163
2.87684
2.86001
2.83999
2.81639
2.80057
2.7917
2.78537
2.77957
2.77198
2.76371
2.752
2.73763
2.72824
2.72144
2.71523
2.70782
2.69919
2.68961
2.67841
2.66647
2.6564
2.64739
2.6377
2.62694
2.61494
2.60196
2.59178
2.58383
2.57591
2.56745
2.55848
2.54879
2.53723
2.52425
2.51507
2.50796
2.50071
2.49312
2.48527
2.47686
2.46683
2.45449
2.44348
2.43542
2.4279
2.42012
2.41182
2.40303
2.39343
2.38218
2.37021
2.36162
2.35469
2.34766
2.34034
2.33267
2.3244
2.31461
2.30221
2.2929
2.28626
2.27899
2.2713
2.26448
2.25773
2.25046
2.24255
2.23254
2.22237
2.21583
2.21009
2.20435
2.19904
2.19377
2.18814
2.1817
2.17358
2.16348
2.15446
2.14713
2.14028
2.13443
2.12932
2.12365
2.11784
2.11221
2.10571
2.09743
2.09024
2.08416
2.07798
2.07333
2.06952
2.06471
2.05979
2.05602
2.05242
2.04696
2.04018
2.03524
2.0312
2.02787
2.02484
2.01972
2.01478
2.01012
2.00392
1.99798
1.99425
1.99075
1.98803
1.98809
1.98722
1.98423
1.98286
1.98141
1.97836
1.97548
1.97546
1.9764
1.97983
1.98041
1.98055
1.98219
1.9839
1.98278
1.98179
1.98287
1.98249
1.98168
1.98219
1.98517
1.98528
1.98423
1.98488
1.98428
1.9818
1.98106
1.98138
1.97963
1.97784
1.97819
1.97874
1.9782
1.97581
1.97389
1.97117
1.96557
1.96069
1.9578
1.95598
1.9555
1.95687
1.9583
1.95735
1.95474
1.95198
1.94783
1.94235
1.93773
1.93471
1.93213
1.92936
1.92682
1.92496
1.92243
1.91963
1.91569
1.90991
1.90609
1.90434
1.90351
1.90247
1.89946
1.89543
1.89261
1.8906
1.88768
1.88279
1.87901
1.87737
1.87742
1.87803
1.88089
1.88649
1.89198
1.89871
1.90665
1.91738
1.93182
1.94614
1.9622
1.9817
2.00049
2.02374
2.04529
2.06171
2.08295
2.10308
2.11466
2.12804
2.15001
2.16164
2.16939
2.18562
2.19998
2.20354
2.20981
2.22215
2.22691
2.22937
2.23567
2.24121
2.2432
2.24667
2.25231
2.25646
2.25671
2.25654
2.25775
2.26106
2.26275
2.26265
2.26362
2.26526
2.26746
2.26944
2.26918
2.26886
2.26839
2.26737
2.26612
2.26493
2.26343
2.26155
2.25972
2.25815
2.25643
2.25359
2.2488
2.24325
2.23871
2.23635
2.23398
1.59746
1.98159
2.34965
2.5222
2.66346
2.75669
2.80343
2.80778
2.81101
2.80956
2.80255
2.79335
2.7854
2.78079
2.77629
2.76877
2.76381
2.76342
2.7624
2.7587
2.75258
2.74637
2.74258
2.74016
2.73609
2.72927
2.72261
2.71548
2.70726
2.69699
2.69329
2.69243
2.6888
2.68172
2.66876
2.65767
2.65453
2.65079
2.64514
2.63552
2.62565
2.61879
2.612
2.60431
2.59469
2.59097
2.58719
2.57955
2.56936
2.55266
2.54267
2.54005
2.53583
2.53037
2.52159
2.51193
2.506
2.49847
2.49006
2.47755
2.46694
2.46334
2.45761
2.45084
2.44142
2.42939
2.42475
2.42155
2.41649
2.40985
2.39767
2.38525
2.37758
2.37163
2.36463
2.35565
2.35233
2.35004
2.34534
2.33947
2.33072
2.31323
2.29977
2.29724
2.29428
2.28906
2.28186
2.27903
2.277
2.27155
2.26328
2.25118
2.23529
2.22763
2.22597
2.22497
2.22255
2.2186
2.21293
2.208
2.201
2.19038
2.17775
2.16848
2.16534
2.16395
2.16296
2.16037
2.15667
2.15099
2.14419
2.13439
2.12383
2.11558
2.10829
2.10727
2.108
2.10933
2.11544
2.12867
2.16168
2.23364
2.32584
2.46252
2.61461
2.72022
2.84384
2.94004
2.95964
2.98031
2.99104
2.99022
2.98556
2.96924
2.94272
2.91901
2.90197
2.88921
2.87846
2.86596
2.85247
2.83591
2.81493
2.80157
2.79382
2.7878
2.78436
2.77792
2.7695
2.75924
2.74584
2.73449
2.72576
2.71663
2.70712
2.69746
2.68708
2.67517
2.66307
2.65297
2.64373
2.63413
2.62322
2.60987
2.59632
2.58662
2.57834
2.57022
2.56184
2.55309
2.54382
2.53305
2.51979
2.50851
2.50079
2.49345
2.48593
2.4783
2.47047
2.46182
2.45091
2.43843
2.4289
2.42101
2.41334
2.40568
2.39768
2.38908
2.3793
2.36807
2.35787
2.34978
2.34241
2.33531
2.32819
2.32077
2.31264
2.30293
2.29095
2.28165
2.27504
2.26814
2.26078
2.25369
2.24683
2.2398
2.23228
2.22316
2.21263
2.20477
2.19869
2.19239
2.18589
2.17984
2.17371
2.16679
2.1581
2.1466
2.13628
2.12909
2.12184
2.11397
2.10753
2.10157
2.09507
2.0877
2.07923
2.07076
2.06386
2.05735
2.05102
2.0463
2.04211
2.03716
2.03154
2.02552
2.01893
2.01154
2.00316
1.99689
1.9926
1.98859
1.98385
1.97821
1.97271
1.96735
1.96097
1.95199
1.94552
1.94219
1.94033
1.93739
1.93375
1.93103
1.92847
1.92412
1.91748
1.91131
1.90753
1.9043
1.9017
1.90028
1.89726
1.89401
1.89028
1.88433
1.87798
1.87356
1.8714
1.8704
1.86892
1.86824
1.86897
1.87022
1.86997
1.86758
1.86536
1.86523
1.86545
1.86596
1.86632
1.86739
1.87094
1.87155
1.87025
1.87053
1.8705
1.86816
1.86435
1.8644
1.86492
1.86562
1.86732
1.87027
1.87344
1.87617
1.8783
1.8787
1.87795
1.87408
1.87061
1.86863
1.86488
1.86061
1.85789
1.85674
1.85633
1.85459
1.85193
1.85086
1.8498
1.84659
1.84307
1.84069
1.83856
1.83648
1.83506
1.83407
1.83182
1.82823
1.82472
1.82261
1.82101
1.81933
1.81849
1.81879
1.81861
1.81735
1.8154
1.8132
1.81146
1.80947
1.80932
1.81043
1.81351
1.81916
1.82819
1.83671
1.84558
1.85574
1.86612
1.88015
1.90012
1.91761
1.93332
1.95462
1.975
1.98996
2.00962
2.0296
2.04058
2.05373
2.06964
2.08051
2.09056
2.1086
2.12624
2.12924
2.13342
2.14391
2.14839
2.14972
2.15384
2.16064
2.16429
2.16541
2.16886
2.17408
2.17802
2.17886
2.17861
2.17906
2.18183
2.18298
2.18296
2.18387
2.18583
2.1883
2.18925
2.18888
2.18784
2.18657
2.18532
2.18434
1.01127
1.05799
1.2326
1.51152
1.82622
2.2046
2.42112
2.54526
2.65714
2.72192
2.75073
2.74949
2.7494
2.74635
2.7399
2.73018
2.72515
2.72232
2.71347
2.702
2.70192
2.70185
2.70019
2.69675
2.69506
2.69313
2.68865
2.67967
2.66788
2.66615
2.66551
2.66248
2.65576
2.65051
2.64526
2.63769
2.62694
2.61767
2.61739
2.61617
2.61127
2.60317
2.58927
2.58238
2.58058
2.57716
2.57153
2.56145
2.55242
2.54472
2.53768
2.52946
2.52193
2.52043
2.51775
2.5114
2.50266
2.48695
2.4768
2.47389
2.46992
2.4651
2.45741
2.44715
2.44105
2.43452
2.42765
2.41745
2.40947
2.40705
2.40222
2.39449
2.38498
2.37045
2.3617
2.36063
2.35891
2.35508
2.34817
2.34103
2.33385
2.32286
2.31121
2.30001
2.29489
2.29265
2.29129
2.28896
2.2855
2.28003
2.26855
2.25488
2.24623
2.24134
2.23557
2.23034
2.22905
2.22834
2.22511
2.22032
2.21326
2.19819
2.18357
2.18106
2.17902
2.17502
2.16974
2.16791
2.16661
2.16304
2.15805
2.14879
2.13621
2.13487
2.13933
2.1591
2.20016
2.28882
2.41509
2.53464
2.69589
2.82316
2.89196
2.97695
3.02714
3.03398
3.03349
3.02771
3.01899
3.01018
2.99334
2.97137
2.94698
2.91928
2.89833
2.88603
2.87684
2.86841
2.85803
2.8468
2.83326
2.81637
2.80441
2.79648
2.78993
2.78488
2.77665
2.76732
2.75632
2.7427
2.72964
2.719
2.70871
2.6983
2.68778
2.6768
2.66482
2.65243
2.64174
2.63231
2.62291
2.613
2.60162
2.58795
2.57618
2.56758
2.5593
2.55084
2.54218
2.5333
2.52382
2.51282
2.50024
2.48997
2.48208
2.47433
2.46639
2.45837
2.45026
2.44178
2.4318
2.4198
2.41009
2.40216
2.39407
2.38596
2.37783
2.36935
2.35993
2.34887
2.33872
2.33086
2.32338
2.31583
2.30851
2.30108
2.293
2.28339
2.27186
2.26253
2.25574
2.24886
2.24149
2.23387
2.22647
2.21917
2.21128
2.20244
2.19219
2.18364
2.17786
2.17191
2.16517
2.15872
2.15256
2.14569
2.13718
2.12612
2.11675
2.11099
2.10509
2.09819
2.09162
2.08531
2.07877
2.07125
2.06142
2.05114
2.04518
2.03999
2.03406
2.02858
2.02351
2.01826
2.01228
2.00511
1.99638
1.98741
1.9798
1.97307
1.96827
1.96399
1.95899
1.9532
1.94732
1.94134
1.93452
1.9257
1.91737
1.91303
1.90987
1.9061
1.90162
1.89742
1.89324
1.88837
1.88107
1.87146
1.86585
1.86275
1.85949
1.85489
1.85123
1.84869
1.84544
1.84061
1.83381
1.82706
1.82298
1.81983
1.8169
1.81442
1.81389
1.81364
1.81171
1.80677
1.79985
1.79419
1.79027
1.78684
1.78385
1.7817
1.78159
1.78045
1.77648
1.7732
1.77076
1.76765
1.76338
1.76015
1.75986
1.76059
1.76164
1.76236
1.76357
1.76604
1.77053
1.77249
1.77192
1.77148
1.77281
1.77323
1.7717
1.76852
1.7682
1.76939
1.76946
1.76975
1.77126
1.77452
1.77631
1.77551
1.77352
1.7735
1.77292
1.76952
1.76684
1.76665
1.76652
1.7664
1.7669
1.76602
1.76519
1.76488
1.76258
1.75953
1.75807
1.7572
1.75621
1.75596
1.75609
1.7552
1.75217
1.7478
1.74411
1.74204
1.74142
1.7415
1.74194
1.74389
1.74774
1.74953
1.74942
1.74953
1.75053
1.75355
1.75962
1.76706
1.77578
1.7872
1.79999
1.81246
1.82653
1.8443
1.86062
1.87593
1.89542
1.91608
1.93076
1.94655
1.96861
1.98007
1.98854
2.00285
2.01453
2.02283
2.03263
2.05036
2.05968
2.0615
2.06749
2.07512
2.07815
2.08087
2.08468
2.08998
2.09307
2.09281
2.09407
2.09758
2.10179
2.10325
2.10345
2.10567
1.00001
1.0001
1.00119
1.00802
1.03551
1.15532
1.40272
1.67574
1.99374
2.299
2.42856
2.54486
2.63039
2.67694
2.68959
2.6897
2.69254
2.68972
2.68168
2.67339
2.66967
2.66278
2.64858
2.64582
2.64607
2.6447
2.64087
2.63875
2.63694
2.63338
2.62567
2.62216
2.62257
2.62066
2.6148
2.60241
2.592
2.5921
2.59088
2.58729
2.58095
2.57658
2.57157
2.56473
2.55474
2.54675
2.54641
2.54426
2.53806
2.52842
2.51483
2.51067
2.51039
2.50827
2.5042
2.49549
2.48547
2.47715
2.47059
2.46374
2.45665
2.45576
2.45438
2.44874
2.44065
2.42728
2.415
2.41188
2.40966
2.40585
2.40051
2.39087
2.38225
2.37464
2.36817
2.36093
2.35361
2.35167
2.34988
2.34477
2.33755
2.32584
2.30762
2.30124
2.30136
2.29988
2.2963
2.29092
2.28755
2.28372
2.27583
2.26317
2.24878
2.24221
2.23936
2.23887
2.23787
2.23527
2.23136
2.22527
2.21717
2.20559
2.19517
2.1871
2.18112
2.1784
2.17835
2.17911
2.179
2.18092
2.18896
2.20951
2.2559
2.33735
2.4771
2.6215
2.74985
2.90654
2.98394
3.02621
3.079
3.08392
3.08003
3.067
3.05089
3.03447
3.02046
3.00375
2.98539
2.96592
2.94435
2.91874
2.89692
2.88453
2.87518
2.86824
2.85993
2.8509
2.84106
2.82741
2.81194
2.80152
2.79294
2.78507
2.77667
2.76654
2.75559
2.74287
2.72821
2.71472
2.70386
2.69361
2.68329
2.67274
2.66168
2.64953
2.6365
2.62501
2.61541
2.60619
2.59684
2.58708
2.57631
2.56405
2.55236
2.54293
2.53422
2.52553
2.51678
2.50782
2.49831
2.4877
2.47603
2.46514
2.45654
2.44869
2.44065
2.43235
2.42395
2.41525
2.40589
2.39478
2.38435
2.37665
2.36895
2.36065
2.35235
2.34377
2.33444
2.32373
2.3133
2.30591
2.299
2.29162
2.28411
2.27672
2.26874
2.25919
2.24764
2.23918
2.23274
2.22605
2.21901
2.21175
2.20429
2.19644
2.1875
2.17797
2.16901
2.16221
2.15684
2.15143
2.14554
2.13933
2.13282
2.12537
2.11659
2.10642
2.09862
2.09353
2.08835
2.08221
2.07551
2.06899
2.0623
2.05476
2.04486
2.03355
2.02701
2.02203
2.0163
2.01029
2.00494
1.99976
1.994
1.98674
1.97709
1.96767
1.96115
1.95525
1.95002
1.94541
1.94059
1.93514
1.92907
1.92227
1.91407
1.9051
1.89671
1.89138
1.88759
1.88363
1.87913
1.87419
1.86934
1.86423
1.85761
1.8473
1.83865
1.83499
1.83196
1.82805
1.82406
1.82077
1.81752
1.81349
1.8073
1.79757
1.78969
1.78633
1.78308
1.77935
1.77687
1.77523
1.7727
1.76911
1.76407
1.75655
1.74929
1.74523
1.74229
1.73971
1.73831
1.73712
1.73491
1.73305
1.73075
1.72703
1.72052
1.71208
1.70636
1.70308
1.70032
1.69767
1.69701
1.69743
1.69613
1.69391
1.69269
1.69263
1.69223
1.68996
1.68708
1.68361
1.67898
1.67649
1.67554
1.67496
1.67513
1.67594
1.6778
1.68046
1.68039
1.67939
1.68013
1.68047
1.67959
1.6783
1.67889
1.68023
1.68124
1.68267
1.68565
1.68911
1.68998
1.68915
1.68742
1.68749
1.68807
1.68877
1.68989
1.69162
1.69302
1.69307
1.69182
1.68827
1.68543
1.68521
1.68536
1.68547
1.68599
1.68787
1.69038
1.69094
1.69011
1.68669
1.6816
1.67861
1.67842
1.6787
1.67973
1.68302
1.68881
1.69123
1.69257
1.69482
1.69789
1.70312
1.71141
1.72066
1.73186
1.74705
1.76293
1.77552
1.78921
1.80815
1.82276
1.83521
1.85062
1.87129
1.88639
1.89842
1.92001
1.93668
1.93969
1.94645
1.95769
1.96364
1.96896
1.98051
1.99326
1.99741
2.00294
2.01267
1
1
1
1
1.00005
1.00058
1.00453
1.02067
1.08219
1.27084
1.52756
1.7859
2.10862
2.30755
2.41548
2.52673
2.59378
2.62374
2.62942
2.63543
2.63981
2.63599
2.6275
2.62051
2.61479
2.60416
2.5964
2.59426
2.59033
2.58359
2.58273
2.58474
2.58428
2.58186
2.57617
2.57035
2.5659
2.56071
2.55251
2.55135
2.55264
2.55102
2.54495
2.53154
2.52254
2.52298
2.52155
2.51798
2.511
2.50286
2.49881
2.49499
2.4899
2.48244
2.48059
2.47819
2.47136
2.46043
2.44786
2.44538
2.44571
2.44489
2.44236
2.43626
2.42425
2.41489
2.40902
2.40453
2.39747
2.39455
2.39403
2.39021
2.38249
2.37101
2.35832
2.35415
2.35311
2.35098
2.34757
2.34158
2.33184
2.32185
2.31253
2.30664
2.30008
2.29622
2.29557
2.29487
2.29126
2.28562
2.27553
2.25701
2.24965
2.24918
2.24732
2.24411
2.2394
2.23664
2.2344
2.22936
2.22163
2.2068
2.19273
2.19275
2.19365
2.20024
2.21612
2.25366
2.33051
2.42792
2.5603
2.72094
2.834
2.94617
3.05505
3.08554
3.11068
3.12801
3.1279
3.11916
3.09697
3.06872
3.04313
3.02234
3.00517
2.99074
2.97594
2.95927
2.94166
2.92023
2.89706
2.88305
2.87335
2.86543
2.8598
2.85208
2.8418
2.82981
2.81432
2.79862
2.78806
2.77862
2.76947
2.7596
2.7486
2.73678
2.7229
2.70654
2.69306
2.68284
2.67296
2.66296
2.65273
2.64211
2.63047
2.61728
2.60454
2.59434
2.5852
2.57608
2.56673
2.55695
2.54637
2.53467
2.52309
2.51339
2.50464
2.49597
2.48714
2.47798
2.46808
2.45699
2.44575
2.43609
2.42774
2.41993
2.41201
2.40364
2.39472
2.38499
2.37456
2.36407
2.3551
2.34811
2.34112
2.33342
2.325
2.31566
2.30498
2.29379
2.28434
2.27742
2.27093
2.26409
2.25686
2.2493
2.24093
2.23076
2.21913
2.21141
2.20545
2.19901
2.19219
2.18525
2.17821
2.17007
2.15938
2.14865
2.14119
2.1347
2.12881
2.12343
2.11782
2.11164
2.10464
2.09638
2.08686
2.07728
2.06962
2.06471
2.06029
2.05496
2.04877
2.04237
2.03563
2.02764
2.01713
2.00636
2.00052
1.99627
1.99137
1.98576
1.98057
1.97556
1.97019
1.9631
1.95254
1.94307
1.93836
1.93398
1.92916
1.92473
1.92034
1.91565
1.91031
1.90363
1.89456
1.88544
1.87868
1.8734
1.86938
1.86564
1.86154
1.85705
1.85238
1.84722
1.84087
1.83181
1.82233
1.81802
1.81502
1.81162
1.80765
1.8037
1.79999
1.79608
1.79072
1.7818
1.77204
1.76735
1.7639
1.75957
1.75574
1.75297
1.75039
1.74732
1.74302
1.73624
1.72708
1.72054
1.71631
1.71245
1.7097
1.70768
1.7057
1.7035
1.70093
1.69749
1.69185
1.683
1.67483
1.66922
1.66579
1.66349
1.66268
1.66198
1.65941
1.65652
1.65451
1.65238
1.65016
1.6487
1.64742
1.64593
1.64357
1.63955
1.63396
1.62819
1.62441
1.62215
1.62071
1.61971
1.61918
1.61791
1.6157
1.61411
1.61241
1.61004
1.60673
1.60337
1.60198
1.60189
1.60215
1.60313
1.60513
1.6067
1.60689
1.60668
1.60618
1.60611
1.60697
1.60856
1.61015
1.61241
1.61484
1.615
1.6145
1.61545
1.61678
1.61653
1.61669
1.61769
1.61975
1.62268
1.62461
1.62488
1.62441
1.62174
1.61781
1.61701
1.61713
1.61724
1.61807
1.6203
1.62248
1.62288
1.62205
1.61909
1.61833
1.61913
1.62029
1.62212
1.62604
1.63283
1.6357
1.63741
1.64138
1.64741
1.65274
1.66037
1.6727
1.68488
1.69755
1.71483
1.73167
1.74196
1.75376
1.7741
1.7858
1.79496
1.81116
1.8275
1.84044
1.86547
1
1
1
1
1
1
1
1.00002
1.00022
1.00191
1.01067
1.03845
1.14572
1.35885
1.60843
1.85682
2.12823
2.31256
2.39885
2.4809
2.53813
2.57252
2.58234
2.5871
2.58694
2.58185
2.57405
2.56801
2.56275
2.55495
2.5488
2.54321
2.5341
2.53061
2.53261
2.53246
2.52961
2.52259
2.52027
2.52181
2.52086
2.51689
2.5071
2.49984
2.49822
2.49536
2.48999
2.48419
2.48362
2.48132
2.47577
2.46525
2.45932
2.46005
2.45903
2.45494
2.44666
2.43337
2.43102
2.43052
2.42856
2.42395
2.42009
2.41734
2.41049
2.39981
2.38728
2.38442
2.38455
2.38455
2.38281
2.37898
2.36772
2.3556
2.35187
2.3492
2.34566
2.33988
2.33785
2.33565
2.32897
2.31805
2.30453
2.29847
2.29707
2.29711
2.29545
2.2927
2.28865
2.27971
2.26808
2.25837
2.25306
2.24745
2.24372
2.24281
2.24273
2.24124
2.23654
2.22847
2.2247
2.2266
2.24408
2.28941
2.38613
2.51578
2.65356
2.8209
2.94872
3.01852
3.10475
3.14765
3.15256
3.15333
3.14794
3.13822
3.12244
3.10158
3.07773
3.05311
3.02639
2.9999
2.98136
2.96683
2.95417
2.9416
2.92834
2.915
2.89958
2.88103
2.86729
2.85763
2.84911
2.84231
2.83288
2.82171
2.80937
2.79427
2.77702
2.76369
2.7533
2.74304
2.73244
2.72153
2.71016
2.69767
2.68306
2.66837
2.65699
2.64691
2.63685
2.62665
2.61621
2.60517
2.59305
2.58057
2.56982
2.56048
2.55136
2.54206
2.53226
2.52158
2.50993
2.49844
2.48845
2.47961
2.47111
2.46257
2.45366
2.4439
2.43259
2.42009
2.40988
2.40191
2.39426
2.38662
2.37879
2.37058
2.36149
2.35006
2.33749
2.32819
2.32071
2.31378
2.30705
2.30003
2.2923
2.28311
2.2716
2.25957
2.25014
2.24271
2.2363
2.23001
2.22333
2.21615
2.20829
2.1989
2.18712
2.17723
2.17129
2.16553
2.1592
2.15277
2.14619
2.13885
2.12908
2.11674
2.10864
2.10304
2.09737
2.09198
2.08668
2.08099
2.07442
2.06649
2.05688
2.04683
2.04014
2.03597
2.03188
2.02723
2.02208
2.01652
2.01034
2.00267
1.9923
1.98176
1.97618
1.9721
1.96762
1.96266
1.95765
1.95278
1.94781
1.94189
1.93267
1.9215
1.916
1.9125
1.90836
1.90382
1.89957
1.89543
1.89097
1.8854
1.87734
1.86739
1.8599
1.85442
1.85025
1.84664
1.84287
1.83876
1.83434
1.82967
1.82416
1.81665
1.80627
1.79975
1.79694
1.79422
1.79073
1.78684
1.78305
1.77929
1.77476
1.76759
1.75734
1.75107
1.74777
1.74419
1.74042
1.73732
1.73465
1.73184
1.72819
1.72267
1.71408
1.70556
1.70068
1.69702
1.69361
1.69094
1.68866
1.68629
1.68366
1.68072
1.67668
1.66959
1.66013
1.65224
1.64841
1.64636
1.64493
1.64301
1.64029
1.63733
1.63423
1.63014
1.62477
1.62032
1.61721
1.61479
1.61312
1.61185
1.61028
1.60797
1.60452
1.60003
1.59604
1.59332
1.59113
1.58888
1.58713
1.58604
1.58512
1.58371
1.58133
1.57691
1.5708
1.56653
1.5648
1.56401
1.56371
1.56244
1.56065
1.55996
1.55908
1.55737
1.55493
1.55218
1.55082
1.55062
1.55073
1.55009
1.54891
1.54925
1.54943
1.54858
1.54702
1.54665
1.54681
1.54786
1.5499
1.55215
1.55369
1.55399
1.55336
1.55135
1.55098
1.55099
1.55118
1.55205
1.55437
1.55794
1.55946
1.56025
1.56083
1.56063
1.55801
1.55657
1.5572
1.55867
1.56028
1.56253
1.56442
1.56473
1.56441
1.56454
1.56583
1.56791
1.56997
1.57291
1.57967
1.58977
1.59314
1.5966
1.60325
1.6093
1.6162
1.6273
1.63718
1.65818
1
1
1
1
1
1
1
1
1
1
1.00001
1.00006
1.00064
1.00396
1.01776
1.0613
1.18726
1.41896
1.66244
1.87194
2.12448
2.28838
2.36133
2.43416
2.48633
2.52205
2.53345
2.53616
2.53898
2.53468
2.5267
2.52052
2.51418
2.50742
2.50231
2.4942
2.4817
2.47929
2.48303
2.48353
2.48191
2.47696
2.474
2.47189
2.468
2.46022
2.45638
2.4577
2.45686
2.45272
2.44222
2.43479
2.43539
2.43392
2.43042
2.42319
2.41819
2.41549
2.41202
2.40561
2.40033
2.40117
2.40072
2.39651
2.38702
2.37222
2.36942
2.37008
2.3691
2.36653
2.36216
2.35926
2.35319
2.34435
2.33382
2.32908
2.32936
2.32964
2.32787
2.32403
2.31596
2.30008
2.29406
2.29403
2.2926
2.29092
2.28751
2.28361
2.27974
2.27141
2.26048
2.24898
2.24417
2.24491
2.24761
2.25151
2.25516
2.27075
2.30091
2.35658
2.46142
2.6059
2.74578
2.89007
3.04351
3.10437
3.15642
3.19416
3.19171
3.18592
3.17741
3.16603
3.14667
3.12429
3.0996
3.07685
3.05505
3.03233
3.01053
2.9905
2.97211
2.95527
2.93893
2.92381
2.91117
2.89967
2.88834
2.87627
2.86282
2.84814
2.8354
2.82442
2.81336
2.80191
2.79003
2.77762
2.76462
2.75078
2.73662
2.72346
2.71127
2.69945
2.68779
2.67629
2.66471
2.65275
2.6406
2.62913
2.61852
2.60823
2.59765
2.58631
2.57407
2.56145
2.54976
2.54014
2.53138
2.5226
2.51359
2.50415
2.49351
2.4804
2.46697
2.45754
2.44938
2.44115
2.4329
2.42457
2.41576
2.40549
2.39263
2.37965
2.37034
2.36274
2.3553
2.34787
2.34039
2.33254
2.32393
2.31323
2.29962
2.28879
2.28127
2.27434
2.26783
2.26143
2.25472
2.24714
2.23767
2.22555
2.21371
2.20497
2.19839
2.19237
2.18625
2.17983
2.17314
2.16563
2.15588
2.14404
2.13571
2.12999
2.12426
2.11835
2.11242
2.10619
2.09856
2.08769
2.0769
2.07038
2.06499
2.05979
2.0548
2.04962
2.04388
2.03712
2.02856
2.01799
2.00918
2.00467
2.00083
1.99675
1.99234
1.98754
1.98219
1.97562
1.9668
1.95538
1.94716
1.94306
1.93921
1.9347
1.92981
1.92533
1.9209
1.9158
1.90863
1.89746
1.8885
1.88494
1.88173
1.87777
1.87387
1.87021
1.86648
1.8621
1.85593
1.84684
1.83733
1.83149
1.8281
1.82494
1.82157
1.8179
1.81407
1.81026
1.80602
1.80023
1.79063
1.78158
1.7783
1.776
1.77315
1.76982
1.76649
1.76331
1.75986
1.75507
1.74697
1.7384
1.73433
1.73135
1.72806
1.7249
1.72245
1.72044
1.7182
1.71489
1.70895
1.69957
1.69217
1.68829
1.68521
1.68236
1.6799
1.67775
1.67578
1.6738
1.67113
1.66612
1.65766
1.6487
1.64406
1.64195
1.64021
1.63844
1.63649
1.63408
1.63098
1.62672
1.61977
1.61092
1.60473
1.60084
1.59824
1.59636
1.59527
1.59423
1.59286
1.59103
1.58776
1.58156
1.57484
1.57092
1.56849
1.56693
1.5661
1.56579
1.56496
1.56325
1.55994
1.55384
1.54852
1.54646
1.54429
1.54184
1.54049
1.5401
1.5394
1.53742
1.53349
1.52778
1.52469
1.52415
1.52355
1.52205
1.52031
1.51905
1.51805
1.51675
1.51395
1.50971
1.50749
1.50677
1.50653
1.50695
1.50651
1.50483
1.50328
1.50176
1.49962
1.49613
1.49444
1.49433
1.49439
1.49487
1.49561
1.4971
1.49836
1.49841
1.49756
1.49525
1.49434
1.49479
1.49581
1.49704
1.49918
1.50159
1.50293
1.50373
1.50388
1.50292
1.50144
1.50149
1.50311
1.50661
1.51011
1.51106
1.51206
1.5142
1.51418
1.51399
1.51485
1.51994
1
1
1
1
1
1
1
1
1
1
1
1
1
1
1.00002
1.00014
1.0011
1.00618
1.02579
1.07574
1.21422
1.44605
1.67705
1.86323
2.08615
2.25118
2.32093
2.38777
2.43586
2.46968
2.48408
2.48763
2.4929
2.49073
2.48332
2.47608
2.4672
2.46163
2.45892
2.45156
2.43702
2.43527
2.4359
2.43427
2.42868
2.4265
2.42839
2.42809
2.42578
2.4182
2.41222
2.41112
2.40849
2.40303
2.39711
2.39747
2.39611
2.3912
2.38085
2.37667
2.37818
2.37767
2.37508
2.3672
2.35821
2.35515
2.35282
2.34855
2.34379
2.34469
2.34458
2.3408
2.33182
2.31749
2.31378
2.31485
2.31449
2.31309
2.30945
2.30228
2.29524
2.28793
2.28363
2.27958
2.2745
2.27463
2.27545
2.27365
2.26662
2.25357
2.24953
2.25247
2.26362
2.29386
2.35911
2.45058
2.57303
2.73423
2.86711
2.96987
3.09054
3.15611
3.19598
3.22742
3.2276
3.21253
3.18557
3.15863
3.13361
3.11318
3.09386
3.07489
3.05626
3.03554
3.01218
2.98866
2.97068
2.9569
2.94527
2.93438
2.92262
2.91033
2.89649
2.8801
2.86534
2.85329
2.84142
2.82937
2.81707
2.80461
2.79195
2.77859
2.76402
2.74923
2.73562
2.72308
2.71137
2.70009
2.68883
2.67728
2.66512
2.65198
2.638
2.62448
2.61264
2.60235
2.59278
2.58335
2.57385
2.56407
2.5534
2.5406
2.52543
2.51245
2.50302
2.49443
2.4859
2.47739
2.46868
2.45941
2.44874
2.43515
2.42084
2.41131
2.40361
2.3959
2.38805
2.38021
2.37209
2.36263
2.3501
2.33595
2.32597
2.31849
2.31127
2.30401
2.2969
2.28985
2.28213
2.27288
2.26109
2.24808
2.23843
2.23127
2.22507
2.21918
2.21316
2.20688
2.19981
2.19076
2.17869
2.16637
2.15854
2.15281
2.14721
2.14149
2.13562
2.12938
2.12199
2.11214
2.10102
2.09319
2.08762
2.0823
2.0771
2.07174
2.06559
2.05773
2.04762
2.03764
2.03076
2.02621
2.02191
2.01724
2.01222
2.00684
2.00045
1.99184
1.98048
1.97293
1.96935
1.96604
1.96243
1.95847
1.9542
1.94945
1.94326
1.9339
1.92251
1.91663
1.91319
1.90949
1.90539
1.90146
1.89785
1.89392
1.88883
1.88055
1.86911
1.86325
1.86044
1.85744
1.8541
1.85078
1.84748
1.84402
1.8398
1.833
1.82263
1.81522
1.81171
1.80868
1.80556
1.80237
1.79918
1.79605
1.79263
1.78817
1.78074
1.7702
1.76494
1.76263
1.76007
1.75716
1.75439
1.75179
1.74893
1.74506
1.73865
1.72949
1.7241
1.72156
1.71885
1.71584
1.7132
1.71104
1.7091
1.7067
1.70233
1.69441
1.68736
1.68386
1.68107
1.67819
1.6754
1.67299
1.67104
1.66911
1.66619
1.66064
1.65238
1.6467
1.64363
1.64154
1.6397
1.6378
1.63566
1.6329
1.62892
1.62302
1.61524
1.60853
1.60566
1.60362
1.60084
1.59837
1.59658
1.59499
1.59278
1.58981
1.58573
1.57967
1.57171
1.5654
1.56114
1.55809
1.55701
1.55636
1.55564
1.55457
1.55288
1.54959
1.54323
1.53713
1.53326
1.53092
1.52966
1.52924
1.52876
1.52776
1.5253
1.51909
1.5132
1.51104
1.50908
1.50629
1.50414
1.50313
1.50243
1.50147
1.49961
1.49535
1.49023
1.48851
1.48782
1.48746
1.48648
1.48467
1.48273
1.48074
1.47825
1.4738
1.46891
1.46766
1.46705
1.46631
1.46539
1.46523
1.46527
1.46425
1.4622
1.45995
1.45689
1.4544
1.45392
1.45342
1.45309
1.45324
1.45451
1.45599
1.45628
1.45577
1.45344
1.45123
1.45095
1.45111
1.4518
1.45288
1.4539
1.45402
1.4536
1.4527
1.4508
1.45089
1
1
1
1
1
1
1
1
1
1
1
1
1
1
1
1
1
1
1.00003
1.00022
1.00154
1.00794
1.03062
1.0835
1.21638
1.43727
1.66809
1.84247
2.02396
2.20662
2.27901
2.33436
2.38266
2.41568
2.43825
2.44416
2.44768
2.44792
2.4429
2.43465
2.425
2.42055
2.4174
2.40764
2.39344
2.39385
2.39365
2.3908
2.3848
2.38455
2.38405
2.38139
2.37505
2.37282
2.37428
2.37336
2.36889
2.35776
2.35425
2.35505
2.35378
2.34974
2.34293
2.34082
2.33776
2.33285
2.32449
2.3227
2.32432
2.324
2.32162
2.31339
2.30359
2.30072
2.29867
2.29562
2.29054
2.29057
2.29023
2.28598
2.27679
2.26679
2.25991
2.25957
2.26212
2.26599
2.26898
2.27734
2.29586
2.33613
2.42345
2.54574
2.67865
2.84381
2.99249
3.07219
3.15883
3.2082
3.22133
3.23736
3.23662
3.23064
3.21514
3.19363
3.16978
3.1447
3.11849
3.09348
3.0704
3.04771
3.02603
3.00527
2.9856
2.96702
2.94837
2.92842
2.91165
2.89921
2.88797
2.87763
2.86623
2.85432
2.84122
2.82593
2.80936
2.79496
2.78273
2.771
2.75941
2.74774
2.73562
2.72273
2.70841
2.69268
2.67789
2.66537
2.65464
2.64442
2.63413
2.62382
2.61296
2.60073
2.58679
2.57205
2.55935
2.54925
2.54
2.53077
2.5215
2.51223
2.50254
2.49128
2.47751
2.46341
2.45209
2.44314
2.43497
2.4267
2.41842
2.40987
2.40011
2.38823
2.37444
2.36228
2.35404
2.34685
2.33961
2.33214
2.32481
2.31705
2.30689
2.29249
2.27993
2.27232
2.26546
2.2588
2.25229
2.24565
2.23905
2.23156
2.22147
2.20864
2.19764
2.18962
2.18315
2.17776
2.17247
2.16666
2.16075
2.15426
2.14529
2.13224
2.12155
2.11578
2.11062
2.1054
2.10039
2.09506
2.08891
2.08122
2.07119
2.06122
2.05473
2.04991
2.0453
2.04068
2.03588
2.03012
2.02221
2.01173
2.00219
1.99741
1.99367
1.98964
1.98546
1.98115
1.97641
1.97043
1.96087
1.94905
1.94376
1.94091
1.93779
1.93427
1.93062
1.92696
1.92278
1.91673
1.90697
1.8968
1.89187
1.88865
1.88523
1.88178
1.87861
1.87548
1.87167
1.86612
1.85724
1.84684
1.84206
1.83957
1.83685
1.83384
1.831
1.8282
1.82488
1.81961
1.81049
1.80039
1.79498
1.79189
1.78901
1.78605
1.78317
1.78046
1.77774
1.77422
1.76813
1.75863
1.75096
1.74688
1.74428
1.74216
1.74011
1.73805
1.73575
1.73268
1.72779
1.71917
1.71087
1.708
1.70616
1.70397
1.70168
1.69969
1.69794
1.69619
1.69397
1.6896
1.68028
1.673
1.67089
1.66907
1.66691
1.66469
1.6627
1.66093
1.65928
1.65748
1.65429
1.64783
1.63928
1.63528
1.63338
1.63143
1.62916
1.62718
1.62585
1.62501
1.62395
1.6223
1.61939
1.61384
1.60346
1.59537
1.59325
1.59177
1.58989
1.58777
1.58592
1.58461
1.58324
1.58079
1.57715
1.57286
1.56752
1.56186
1.55793
1.55523
1.55217
1.54728
1.54002
1.53389
1.53048
1.52738
1.52491
1.52383
1.52287
1.52155
1.52001
1.51883
1.51742
1.51452
1.50888
1.50291
1.50016
1.49899
1.49805
1.4965
1.49296
1.48675
1.48276
1.48168
1.48091
1.47959
1.4778
1.47659
1.47571
1.47471
1.47295
1.46871
1.46227
1.45933
1.45781
1.45622
1.45473
1.45361
1.45274
1.45118
1.44938
1.44715
1.44372
1.44014
1.43834
1.43694
1.43574
1.43557
1.4356
1.43559
1.43539
1.43432
1.43056
1.42589
1.42415
1.4231
1.42178
1.42038
1.41961
1.41858
1.41712
1.4154
1.4131
1.41028
1
1
1
1
1
1
1
1
1
1
1
1
1
1
1
1
1
1
1
1
1
1.00001
1.00005
1.00027
1.00173
1.00827
1.03157
1.08484
1.19767
1.40251
1.63301
1.81133
1.95564
2.13412
2.23566
2.28374
2.33107
2.36288
2.38763
2.40088
2.40394
2.40661
2.40544
2.39743
2.38599
2.38072
2.37715
2.36957
2.36344
2.35907
2.35131
2.34049
2.34024
2.34441
2.34433
2.34185
2.33505
2.33382
2.33317
2.33064
2.32323
2.31941
2.3202
2.31866
2.31399
2.30357
2.30133
2.3024
2.30117
2.29716
2.29044
2.28792
2.28448
2.27976
2.27155
2.26978
2.27095
2.27048
2.26715
2.25832
2.25522
2.2581
2.26892
2.2953
2.34499
2.42146
2.53885
2.69171
2.82759
2.95019
3.08839
3.15675
3.20535
3.24708
3.24503
3.22977
3.2123
3.1929
3.17143
3.15112
3.1296
3.10662
3.08581
3.064
3.04265
3.02589
3.01035
2.99489
2.97958
2.96342
2.94717
2.93173
2.9171
2.90279
2.88817
2.87287
2.85765
2.84305
2.82919
2.81582
2.80257
2.78912
2.7752
2.76066
2.74537
2.73008
2.71673
2.70455
2.69264
2.68143
2.67008
2.65803
2.64525
2.63073
2.61594
2.60384
2.59284
2.58274
2.573
2.56267
2.55249
2.54172
2.52944
2.51672
2.50428
2.49331
2.48361
2.47401
2.46459
2.45512
2.44577
2.43648
2.42592
2.41398
2.40228
2.39128
2.38184
2.37411
2.36626
2.35821
2.3501
2.34048
2.32834
2.31615
2.30623
2.29828
2.29172
2.28513
2.27808
2.27143
2.26409
2.25305
2.23815
2.22885
2.22275
2.21636
2.21058
2.205
2.19874
2.19219
2.18453
2.17302
2.1604
2.15324
2.14762
2.14182
2.13715
2.13235
2.12643
2.12042
2.11367
2.10331
2.09115
2.08515
2.08081
2.07585
2.07112
2.06664
2.06121
2.05415
2.04511
2.0358
2.02904
2.02423
2.01996
2.01574
2.01155
2.007
2.00084
1.99164
1.98153
1.97524
1.97103
1.96719
1.96377
1.96032
1.95638
1.95182
1.94533
1.93409
1.92406
1.92084
1.91831
1.91524
1.91199
1.90878
1.90542
1.9012
1.89438
1.88379
1.8754
1.87178
1.86901
1.86608
1.86328
1.86068
1.85784
1.85391
1.84762
1.83771
1.82884
1.82519
1.8228
1.82048
1.81851
1.81664
1.81441
1.81098
1.805
1.79482
1.78438
1.78054
1.77845
1.77629
1.77411
1.77202
1.76988
1.76716
1.76271
1.75521
1.74623
1.73959
1.73723
1.73599
1.73464
1.73286
1.73076
1.72811
1.72422
1.71739
1.708
1.70377
1.70213
1.70023
1.69801
1.69608
1.69431
1.69228
1.68932
1.68468
1.67712
1.6708
1.66912
1.66809
1.66687
1.66515
1.66301
1.6605
1.65736
1.65211
1.64429
1.64028
1.63923
1.63829
1.63686
1.63477
1.63214
1.62877
1.62412
1.61889
1.61482
1.61173
1.60848
1.60442
1.60076
1.59914
1.59839
1.59746
1.59559
1.59196
1.58686
1.58231
1.57875
1.57479
1.57033
1.56829
1.56715
1.56595
1.56423
1.56196
1.55842
1.55215
1.54383
1.53665
1.5325
1.53035
1.5291
1.528
1.52671
1.52508
1.52292
1.51943
1.51428
1.50926
1.50522
1.50311
1.50218
1.50136
1.50024
1.49799
1.49251
1.48476
1.48149
1.48016
1.4786
1.47662
1.47525
1.4748
1.4745
1.474
1.47267
1.46845
1.46113
1.45665
1.45455
1.45296
1.45133
1.45008
1.44879
1.44737
1.44591
1.44391
1.44045
1.4365
1.43433
1.43299
1.43193
1.43134
1.43108
1.43088
1.43052
1.42928
1.42539
1.42058
1.41848
1.41707
1.41554
1.41378
1.4128
1.41191
1.41059
1.40881
1.40629
1.40236
1
1
1
1
1
1
1
1
1
1
1
1
1
1
1
1
1
1
1
1
1
1
1
1
1
1.00001
1.00005
1.00028
1.00156
1.00733
1.02789
1.07922
1.17033
1.34802
1.56568
1.76434
1.89876
2.03942
2.17855
2.23477
2.27801
2.31286
2.33601
2.35606
2.36288
2.36546
2.36731
2.36295
2.35365
2.34619
2.33738
2.33076
2.33026
2.32628
2.31276
2.30334
2.30552
2.30554
2.30338
2.29702
2.29617
2.29696
2.29571
2.2919
2.28411
2.28337
2.28287
2.28027
2.27335
2.26834
2.26888
2.26719
2.26091
2.25063
2.25087
2.25523
2.25953
2.26889
2.2929
2.33893
2.42899
2.55169
2.68543
2.85073
2.97376
3.06177
3.16375
3.21681
3.24067
3.2713
3.27293
3.26867
3.25316
3.23205
3.20789
3.18244
3.15824
3.13435
3.10836
3.08071
3.05228
3.02359
2.99576
2.97011
2.94822
2.93107
2.91653
2.90317
2.88999
2.87613
2.86149
2.84698
2.83324
2.82039
2.80826
2.79626
2.78367
2.7704
2.75687
2.74344
2.7303
2.71695
2.70351
2.69019
2.67665
2.66353
2.65038
2.63774
2.62626
2.61475
2.60401
2.59334
2.58125
2.56875
2.55564
2.54265
2.53274
2.52296
2.51308
2.50364
2.49316
2.48291
2.4724
2.46095
2.45058
2.44064
2.43133
2.42225
2.41241
2.40287
2.39324
2.38405
2.37587
2.36665
2.35688
2.3478
2.33797
2.32833
2.32051
2.31273
2.30496
2.29759
2.28909
2.27852
2.26858
2.26
2.25215
2.24604
2.23995
2.23317
2.22693
2.21962
2.20794
2.19604
2.19012
2.18478
2.17883
2.17334
2.16759
2.16093
2.15337
2.1446
2.13426
2.12655
2.12178
2.11677
2.11183
2.10761
2.10236
2.09518
2.08742
2.0793
2.06997
2.06401
2.06053
2.05639
2.05159
2.04715
2.04201
2.03453
2.02466
2.01674
2.01205
2.00806
2.00398
1.99985
1.99568
1.99128
1.98567
1.97718
1.96728
1.96154
1.95744
1.95347
1.95092
1.94848
1.9451
1.94076
1.9355
1.92681
1.91377
1.90719
1.90485
1.90269
1.90026
1.89777
1.89525
1.89247
1.88879
1.88204
1.8703
1.86069
1.85696
1.85461
1.85242
1.85036
1.84839
1.84627
1.84317
1.8367
1.82499
1.81746
1.81481
1.81313
1.81193
1.81086
1.80972
1.80829
1.80582
1.80011
1.79114
1.78715
1.78614
1.78511
1.78397
1.78293
1.78173
1.77985
1.77634
1.76977
1.76106
1.75391
1.75125
1.75023
1.74936
1.74814
1.74641
1.74398
1.7401
1.73332
1.72425
1.71883
1.71646
1.71448
1.71272
1.71126
1.70979
1.70795
1.70494
1.69975
1.69242
1.68608
1.68414
1.68297
1.68151
1.67971
1.67756
1.67487
1.67095
1.66404
1.65652
1.65474
1.65409
1.65305
1.65138
1.64907
1.64598
1.64173
1.63507
1.62652
1.62244
1.6211
1.61971
1.61798
1.61658
1.61571
1.6149
1.61362
1.61091
1.60534
1.59697
1.59008
1.58655
1.58423
1.58146
1.57648
1.56951
1.56601
1.56476
1.56367
1.563
1.56177
1.55925
1.55595
1.55234
1.54995
1.54856
1.54722
1.5456
1.54364
1.54087
1.53589
1.53
1.52682
1.52474
1.5234
1.52252
1.52165
1.52027
1.51711
1.51009
1.50274
1.49989
1.4981
1.496
1.49398
1.49275
1.49219
1.49173
1.49095
1.48903
1.48407
1.47517
1.46914
1.46738
1.46594
1.4642
1.46222
1.4604
1.45879
1.45712
1.45481
1.45061
1.44506
1.44182
1.44017
1.43885
1.43786
1.43732
1.43692
1.43631
1.43486
1.431
1.42571
1.42238
1.42023
1.4185
1.41682
1.41553
1.41427
1.41293
1.41111
1.40817
1.40242
1
1
1
1
1
1
1
1
1
1
1
1
1
1
1
1
1
1
1
1
1
1
1
1
1
1
1
1
1
1
1.00004
1.00027
1.0012
1.00565
1.02121
1.06521
1.14419
1.28035
1.47815
1.68845
1.84578
1.95153
2.08854
2.18678
2.22518
2.26243
2.28774
2.30689
2.32147
2.32504
2.32797
2.32901
2.32402
2.31567
2.30528
2.29844
2.29656
2.29204
2.27767
2.27023
2.27126
2.27024
2.2645
2.25614
2.25658
2.25634
2.25317
2.2447
2.24425
2.24793
2.24836
2.24955
2.2595
2.28121
2.33267
2.42877
2.55556
2.71977
2.87518
2.99399
3.12209
3.1805
3.21051
3.24054
3.23755
3.22598
3.20887
3.18279
3.15802
3.1393
3.11997
3.10387
3.08589
3.06616
3.05015
3.03191
3.01474
2.99966
2.98353
2.96827
2.95348
2.93813
2.92201
2.90529
2.88823
2.87103
2.8552
2.84031
2.82548
2.81054
2.79559
2.78082
2.76583
2.75142
2.73703
2.72322
2.71028
2.69756
2.6857
2.67391
2.66223
2.65051
2.6381
2.6257
2.6131
2.60128
2.59076
2.58031
2.57054
2.56035
2.54942
2.53922
2.52891
2.51744
2.50604
2.49467
2.4847
2.47646
2.46792
2.4592
2.44924
2.43809
2.4279
2.41774
2.40838
2.40016
2.39193
2.38398
2.37518
2.3658
2.35634
2.34614
2.33781
2.33057
2.32222
2.31455
2.30745
2.29878
2.29
2.2822
2.27444
2.26705
2.26017
2.25239
2.24405
2.23618
2.22846
2.22251
2.21708
2.21046
2.20345
2.19696
2.18837
2.17675
2.1702
2.16606
2.1613
2.15604
2.15045
2.14403
2.1357
2.12593
2.11789
2.11189
2.10736
2.10314
2.09884
2.09485
2.09003
2.08247
2.07182
2.06325
2.05769
2.0529
2.04994
2.047
2.04283
2.03808
2.03254
2.02425
2.01174
2.00468
2.00215
1.99938
1.996
1.99238
1.98847
1.98403
1.97877
1.97102
1.95925
1.95196
1.94838
1.94516
1.94292
1.94099
1.93848
1.93497
1.93085
1.92456
1.91237
1.90148
1.89864
1.89671
1.89404
1.89114
1.88843
1.88571
1.88278
1.87873
1.8712
1.86026
1.8531
1.84986
1.84732
1.84488
1.84266
1.84032
1.83737
1.83334
1.8268
1.81598
1.80858
1.80683
1.8055
1.80388
1.80191
1.79946
1.79597
1.79021
1.78155
1.77385
1.77105
1.76999
1.76908
1.7682
1.76703
1.76497
1.76106
1.75356
1.74416
1.73856
1.7361
1.73496
1.73415
1.73312
1.7315
1.72892
1.72451
1.71696
1.7082
1.70368
1.7016
1.69997
1.69881
1.69779
1.6965
1.69465
1.69135
1.68505
1.6768
1.67179
1.66981
1.6683
1.66678
1.66519
1.66341
1.66096
1.65684
1.64971
1.64286
1.64107
1.64006
1.63875
1.63695
1.63456
1.63129
1.62621
1.61859
1.61183
1.60957
1.60835
1.60707
1.60572
1.60438
1.60302
1.60149
1.59911
1.59458
1.58713
1.57962
1.57649
1.575
1.57347
1.57209
1.57122
1.57115
1.57089
1.56993
1.56817
1.56419
1.55584
1.54721
1.54274
1.54062
1.53918
1.53792
1.53659
1.5351
1.53338
1.53096
1.5267
1.52143
1.51804
1.51593
1.51459
1.51363
1.51261
1.51084
1.50657
1.49903
1.49442
1.49289
1.4914
1.48955
1.48785
1.48675
1.48604
1.48531
1.48412
1.48143
1.47539
1.46634
1.46184
1.46036
1.45893
1.45727
1.4556
1.45406
1.45257
1.45087
1.44836
1.44372
1.43788
1.43457
1.4329
1.4317
1.43092
1.4304
1.42991
1.42919
1.42767
1.424
1.41803
1.41388
1.4121
1.41045
1.40864
1.40692
1.40538
1.4039
1.40184
1.39855
1.39302
1
1
1
1
1
1
1
1
1
1
1
1
1
1
1
1
1
1
1
1
1
1
1
1
1
1
1
1
1
1
1
1
1
1
1.00003
1.00021
1.00086
1.00376
1.01427
1.04545
1.11726
1.21755
1.38153
1.59221
1.75716
1.8725
2.00423
2.11965
2.16136
2.19937
2.23795
2.26331
2.28045
2.28889
2.28936
2.29032
2.29055
2.28485
2.27326
2.26993
2.26713
2.26103
2.26209
2.26456
2.26452
2.26566
2.27116
2.2831
2.30835
2.35871
2.43519
2.55311
2.6926
2.81884
2.96736
3.06904
3.15375
3.24456
3.27867
3.30345
3.3014
3.29345
3.28157
3.26503
3.24463
3.2157
3.17689
3.13346
3.09165
3.05312
3.01956
2.99118
2.96619
2.9454
2.92815
2.91279
2.89847
2.88602
2.87374
2.86376
2.85654
2.8492
2.84137
2.83138
2.81851
2.80384
2.78918
2.77564
2.7629
2.75053
2.7379
2.72467
2.71072
2.69621
2.68148
2.66701
2.65453
2.6431
2.63263
2.62279
2.61208
2.60139
2.58953
2.57595
2.56493
2.55529
2.54621
2.53873
2.5303
2.52128
2.51191
2.5001
2.48895
2.47899
2.46852
2.4609
2.45417
2.44663
2.43902
2.42992
2.41946
2.40824
2.3973
2.38837
2.3805
2.37416
2.36805
2.36159
2.35438
2.34598
2.33613
2.32349
2.31224
2.30527
2.29874
2.29389
2.29
2.28461
2.27801
2.26984
2.25725
2.24271
2.23664
2.23264
2.22788
2.22361
2.21951
2.21487
2.2088
2.1996
2.18708
2.17684
2.16971
2.16422
2.16115
2.1582
2.15448
2.15024
2.14492
2.13635
2.12253
2.11147
2.10694
2.10335
2.09968
2.09627
2.09295
2.08952
2.0851
2.07709
2.06423
2.05467
2.04982
2.0466
2.0444
2.04194
2.03828
2.03416
2.02915
2.02025
2.00637
1.99987
1.99774
1.99517
1.99222
1.98935
1.98605
1.98177
1.97596
1.96733
1.95523
1.94899
1.94691
1.94454
1.94204
1.93997
1.93744
1.93393
1.92947
1.92226
1.90957
1.90021
1.89783
1.89579
1.89287
1.88996
1.88735
1.88463
1.88164
1.87748
1.8697
1.85857
1.8521
1.84922
1.84674
1.84459
1.84266
1.84036
1.83727
1.83293
1.82532
1.81355
1.80845
1.80742
1.8061
1.80429
1.80217
1.7995
1.79554
1.7889
1.77947
1.77214
1.76913
1.76752
1.76628
1.76515
1.7637
1.76137
1.75711
1.74902
1.73967
1.7342
1.73183
1.73076
1.72997
1.72889
1.72726
1.72474
1.72033
1.71242
1.70358
1.69944
1.6975
1.6961
1.69521
1.69435
1.69318
1.69146
1.68816
1.68127
1.67246
1.66774
1.66563
1.66399
1.66253
1.66118
1.65975
1.65767
1.65376
1.64644
1.63947
1.63757
1.63644
1.63506
1.63334
1.63117
1.62808
1.62274
1.61478
1.60929
1.60725
1.60593
1.60473
1.60351
1.6022
1.60078
1.59904
1.59631
1.59079
1.58171
1.5771
1.57616
1.57546
1.57459
1.57366
1.57299
1.57221
1.57115
1.56969
1.56713
1.56174
1.55235
1.54403
1.54043
1.53874
1.5374
1.53614
1.53488
1.5335
1.53189
1.52963
1.52581
1.52072
1.51695
1.51486
1.51356
1.51256
1.51148
1.50948
1.50445
1.49681
1.49363
1.49254
1.49125
1.4897
1.4883
1.48729
1.4865
1.48559
1.48408
1.48084
1.47386
1.46499
1.4613
1.4599
1.45851
1.45701
1.45565
1.45432
1.45286
1.45108
1.44831
1.44319
1.43709
1.43376
1.43212
1.43102
1.43032
1.42984
1.42935
1.42863
1.42721
1.4237
1.41699
1.41266
1.411
1.40936
1.4073
1.40527
1.40365
1.40216
1.40008
1.39669
1.3909
1
1
1
1
1
1
1
1
1
1
1
1
1
1
1
1
1
1
1
1
1
1
1
1
1
1
1
1
1
1
1
1
1
1
1
1
1
1
1.00002
1.00011
1.00062
1.00231
1.00807
1.02915
1.08295
1.16045
1.28945
1.47647
1.63998
1.80626
1.91329
1.99198
2.10097
2.16585
2.1877
2.20893
2.22599
2.24187
2.26726
2.30408
2.33222
2.35699
2.39901
2.45676
2.50849
2.58508
2.6806
2.75065
2.84539
2.92958
2.98853
3.06529
3.10347
3.13456
3.14791
3.14665
3.14459
3.14321
3.13314
3.12629
3.11913
3.10841
3.10338
3.09168
3.08112
3.07191
3.05366
3.03623
3.0188
3.00078
2.98334
2.96663
2.95022
2.9341
2.9186
2.90258
2.8848
2.86791
2.85374
2.84136
2.83025
2.81937
2.80832
2.79631
2.78398
2.77299
2.76218
2.75154
2.74164
2.73224
2.72243
2.71199
2.70077
2.68916
2.67753
2.66677
2.65773
2.64898
2.64048
2.63172
2.62156
2.61109
2.59899
2.58524
2.57582
2.56766
2.55969
2.55296
2.54513
2.53641
2.52609
2.51152
2.49974
2.49186
2.48369
2.4778
2.47182
2.46447
2.45684
2.44692
2.43491
2.42268
2.41222
2.40544
2.39934
2.39394
2.38832
2.38192
2.37457
2.36547
2.35452
2.34105
2.3303
2.32499
2.32035
2.316
2.31153
2.30558
2.29848
2.28957
2.27512
2.2614
2.25714
2.25369
2.24887
2.24489
2.24087
2.23576
2.22869
2.21772
2.20218
2.19298
2.18957
2.1863
2.18296
2.17942
2.17512
2.17029
2.164
2.15287
2.13676
2.12875
2.12558
2.12241
2.11925
2.11608
2.11266
2.10889
2.10374
2.09354
2.07865
2.07056
2.06726
2.06513
2.06305
2.06036
2.05658
2.05224
2.04674
2.03638
2.02183
2.0166
2.01458
2.01196
2.0094
2.00698
2.00388
1.99952
1.99315
1.983
1.97022
1.96537
1.9638
1.96175
1.95924
1.9569
1.95391
1.95004
1.94542
1.93803
1.92513
1.91591
1.91327
1.91074
1.90736
1.90432
1.90181
1.89931
1.8967
1.89295
1.88557
1.87402
1.86644
1.86338
1.86102
1.859
1.85692
1.85432
1.85117
1.84703
1.83973
1.82899
1.82387
1.82214
1.82036
1.81847
1.81651
1.81398
1.81018
1.80393
1.79464
1.78672
1.78351
1.78189
1.78056
1.77918
1.77753
1.77499
1.77025
1.76185
1.75241
1.74741
1.74554
1.74427
1.743
1.74153
1.73987
1.73753
1.73318
1.72496
1.71627
1.71249
1.71064
1.70945
1.70863
1.70771
1.70649
1.7047
1.70106
1.69317
1.68383
1.6796
1.67766
1.67601
1.67454
1.67322
1.67177
1.66962
1.66556
1.65767
1.65092
1.64903
1.64775
1.64618
1.64428
1.64199
1.63885
1.63338
1.62569
1.62071
1.61841
1.61683
1.61554
1.61432
1.61308
1.61171
1.60982
1.60646
1.59941
1.59145
1.58933
1.58842
1.5874
1.58625
1.58521
1.58429
1.58328
1.58203
1.5802
1.57685
1.56981
1.55947
1.55303
1.55072
1.54922
1.54787
1.54662
1.54547
1.5443
1.54294
1.54093
1.53732
1.53196
1.52773
1.52558
1.52423
1.52317
1.52198
1.51954
1.51363
1.50718
1.50527
1.50428
1.50305
1.50164
1.50037
1.49945
1.4987
1.49782
1.49636
1.49315
1.48583
1.47707
1.47366
1.47223
1.47079
1.46937
1.46814
1.46693
1.46558
1.46387
1.46102
1.45572
1.44956
1.44642
1.44497
1.44391
1.44313
1.44256
1.4421
1.44151
1.44013
1.43601
1.42872
1.42498
1.42347
1.42174
1.41943
1.41719
1.41533
1.41358
1.41127
1.40774
1.40167
1
1
1
1
1
1
1
1
1
1
1
1
1
1
1
1
1
1
1
1
1
1
1
1
1
1
1
1
1
1
1
1
1
1
1
1
1
1
1
1
1
1
1.00001
1.00005
1.00035
1.00128
1.00439
1.01734
1.04781
1.11486
1.22838
1.35875
1.55369
1.75229
1.89723
2.05703
2.21062
2.31846
2.43393
2.56885
2.68862
2.79514
2.90337
3.01404
3.1237
3.23575
3.32307
3.40016
3.48053
3.51976
3.53592
3.53279
3.50898
3.46866
3.41741
3.35899
3.2892
3.22391
3.16571
3.11387
3.06696
3.02608
2.99283
2.96737
2.95106
2.94065
2.93855
2.93703
2.93267
2.92567
2.91741
2.90873
2.8992
2.88896
2.87817
2.86665
2.85491
2.84124
2.8262
2.81081
2.7952
2.78007
2.76624
2.75387
2.7427
2.73164
2.72033
2.7094
2.69923
2.68951
2.67993
2.67022
2.66064
2.6516
2.6424
2.63361
2.62564
2.61793
2.61076
2.603
2.5934
2.58251
2.56985
2.55693
2.54907
2.54212
2.53459
2.52727
2.51954
2.511
2.49997
2.48482
2.4726
2.46505
2.45843
2.45369
2.44812
2.44084
2.43239
2.42147
2.40864
2.39649
2.38716
2.38087
2.37551
2.37082
2.3654
2.35871
2.35076
2.34103
2.32936
2.31676
2.30723
2.3019
2.29743
2.29332
2.2891
2.28322
2.2755
2.26553
2.25071
2.23836
2.23484
2.23169
2.22726
2.22281
2.21807
2.21252
2.20491
2.19317
2.17936
2.17155
2.16781
2.1644
2.16125
2.1578
2.15336
2.14816
2.14105
2.1283
2.1133
2.10747
2.10449
2.10138
2.09821
2.09489
2.09135
2.08734
2.08144
2.07036
2.05666
2.04955
2.04637
2.04442
2.04243
2.03981
2.03617
2.03178
2.02571
2.01408
2.00028
1.9964
1.99453
1.99198
1.98954
1.98705
1.9839
1.97952
1.97276
1.96216
1.95036
1.94619
1.94427
1.94194
1.93971
1.9378
1.9349
1.93105
1.92634
1.91885
1.90601
1.89689
1.89413
1.89153
1.8883
1.88526
1.88267
1.88032
1.87798
1.87447
1.86757
1.85664
1.84815
1.8444
1.8423
1.84063
1.83872
1.83618
1.8331
1.829
1.82181
1.81173
1.80671
1.80476
1.80284
1.80092
1.79896
1.7965
1.79285
1.78681
1.77773
1.77017
1.76696
1.76525
1.76382
1.7624
1.76075
1.75813
1.75323
1.74475
1.73517
1.73056
1.72879
1.72745
1.72605
1.72452
1.72279
1.72025
1.71551
1.70689
1.69895
1.69586
1.69411
1.69279
1.69181
1.69083
1.68964
1.68784
1.68399
1.67585
1.66665
1.66258
1.6608
1.65927
1.65794
1.65675
1.65529
1.65311
1.64867
1.64033
1.6346
1.6329
1.63145
1.62968
1.6277
1.62548
1.62243
1.61686
1.60943
1.60502
1.6028
1.60125
1.60003
1.5989
1.59773
1.59639
1.59444
1.59064
1.58282
1.57619
1.57469
1.57373
1.5726
1.57147
1.57052
1.56966
1.56874
1.56755
1.56565
1.5618
1.55358
1.54323
1.53812
1.53637
1.53504
1.53378
1.53262
1.53157
1.5305
1.52922
1.52726
1.52362
1.51811
1.51384
1.51177
1.5105
1.5095
1.50822
1.50526
1.49871
1.49369
1.49245
1.4915
1.49029
1.48895
1.48777
1.48689
1.48615
1.48526
1.48377
1.48042
1.47282
1.4644
1.46136
1.46
1.45863
1.45726
1.45599
1.45476
1.45344
1.45169
1.44862
1.44303
1.43734
1.43489
1.43365
1.43258
1.43168
1.43111
1.43077
1.4303
1.42891
1.4245
1.41714
1.41345
1.4118
1.40992
1.40762
1.40551
1.40366
1.40178
1.39922
1.39551
1.38964
)
;

boundaryField
{
    inlet
    {
        type            fixedValue;
        value           uniform 1;
    }
    outlet
    {
        type            inletOutlet;
        inletValue      uniform 1;
        value           nonuniform List<scalar> 
32
(
2.89276
2.88865
2.86926
2.83899
2.80315
2.77054
2.74124
2.71522
2.69039
2.6599
2.62048
2.57259
2.51736
2.46056
2.40251
2.34454
2.28568
2.23425
2.18442
2.10545
2.01243
1.86529
1.65754
1.51976
1.45073
1.41006
1.402
1.40189
1.39255
1.39043
1.40119
1.38924
)
;
    }
    bottom
    {
        type            symmetryPlane;
    }
    top
    {
        type            symmetryPlane;
    }
    obstacle
    {
        type            zeroGradient;
    }
    defaultFaces
    {
        type            empty;
    }
}


// ************************************************************************* //
