/*--------------------------------*- C++ -*----------------------------------*\
  =========                 |
  \\      /  F ield         | OpenFOAM: The Open Source CFD Toolbox
   \\    /   O peration     | Website:  https://openfoam.org
    \\  /    A nd           | Version:  7
     \\/     M anipulation  |
\*---------------------------------------------------------------------------*/
FoamFile
{
    version     2.0;
    format      ascii;
    class       volVectorField;
    location    "3.1";
    object      U;
}
// * * * * * * * * * * * * * * * * * * * * * * * * * * * * * * * * * * * * * //

dimensions      [0 1 -1 0 0 0 0];

internalField   nonuniform List<vector> 
4608
(
(1.67164 -0.284574 0)
(1.6761 -0.288214 0)
(1.67751 -0.292426 0)
(1.67348 -0.297498 0)
(1.67221 -0.302731 0)
(1.67695 -0.306551 0)
(1.68244 -0.310028 0)
(1.68806 -0.314053 0)
(1.69349 -0.318224 0)
(1.69856 -0.322135 0)
(1.70305 -0.325664 0)
(1.70616 -0.328715 0)
(1.70673 -0.331743 0)
(1.70859 -0.335487 0)
(1.71337 -0.338621 0)
(1.71858 -0.341486 0)
(1.72379 -0.344684 0)
(1.72869 -0.347982 0)
(1.73312 -0.351107 0)
(1.73634 -0.354086 0)
(1.73604 -0.35754 0)
(1.73298 -0.360817 0)
(1.7343 -0.36271 0)
(1.73937 -0.364602 0)
(1.74486 -0.366576 0)
(1.75015 -0.368552 0)
(1.75546 -0.370665 0)
(1.7607 -0.373127 0)
(1.76559 -0.375486 0)
(1.77023 -0.377568 0)
(1.77387 -0.379914 0)
(1.77433 -0.382591 0)
(1.7696 -0.384951 0)
(1.76807 -0.386943 0)
(1.77239 -0.388449 0)
(1.77729 -0.389829 0)
(1.78255 -0.391538 0)
(1.78789 -0.393736 0)
(1.79312 -0.396155 0)
(1.79818 -0.398578 0)
(1.803 -0.400882 0)
(1.80727 -0.403173 0)
(1.8102 -0.406093 0)
(1.80999 -0.409154 0)
(1.8072 -0.411483 0)
(1.80873 -0.414116 0)
(1.81345 -0.416167 0)
(1.8187 -0.417761 0)
(1.82401 -0.41941 0)
(1.8292 -0.421485 0)
(1.83407 -0.42335 0)
(1.83845 -0.426521 0)
(1.84181 -0.430004 0)
(1.84406 -0.431643 0)
(1.84435 -0.432074 0)
(1.84236 -0.432199 0)
(1.84333 -0.430889 0)
(1.84717 -0.431873 0)
(1.85019 -0.432532 0)
(1.85366 -0.432056 0)
(1.85696 -0.43058 0)
(1.85833 -0.428706 0)
(1.85744 -0.42613 0)
(1.85351 -0.418634 0)
(1.85024 -0.408175 0)
(1.84492 -0.398478 0)
(1.83521 -0.381759 0)
(1.82463 -0.356158 0)
(1.81025 -0.320383 0)
(1.79394 -0.287039 0)
(1.77102 -0.247182 0)
(1.74536 -0.200895 0)
(1.72581 -0.167308 0)
(1.69949 -0.119878 0)
(1.67916 -0.0641825 0)
(1.67023 -0.0410776 0)
(1.66612 -0.0156686 0)
(1.65059 0.0301509 0)
(1.64179 0.0525131 0)
(1.63582 0.0601084 0)
(1.62731 0.0729057 0)
(1.61745 0.0885953 0)
(1.6116 0.0981619 0)
(1.60589 0.105379 0)
(1.603 0.113563 0)
(1.60376 0.118583 0)
(1.60896 0.121129 0)
(1.61513 0.124656 0)
(1.61655 0.126464 0)
(1.6174 0.127249 0)
(1.61755 0.129589 0)
(1.61526 0.132058 0)
(1.61079 0.133935 0)
(1.61064 0.134567 0)
(1.61334 0.135058 0)
(1.6168 0.136109 0)
(1.62315 0.137742 0)
(1.63096 0.138695 0)
(1.63678 0.139445 0)
(1.64177 0.140085 0)
(1.64513 0.140703 0)
(1.64467 0.141737 0)
(1.63812 0.143121 0)
(1.63387 0.144075 0)
(1.63656 0.14438 0)
(1.64028 0.144591 0)
(1.64472 0.144838 0)
(1.65062 0.145616 0)
(1.65917 0.147833 0)
(1.66452 0.150213 0)
(1.66798 0.15135 0)
(1.67154 0.151786 0)
(1.67451 0.151646 0)
(1.67364 0.151102 0)
(1.66739 0.151403 0)
(1.66547 0.152928 0)
(1.66831 0.153997 0)
(1.67162 0.154771 0)
(1.67537 0.155581 0)
(1.67997 0.156397 0)
(1.68537 0.157671 0)
(1.68966 0.159257 0)
(1.69326 0.160744 0)
(1.69623 0.162085 0)
(1.69804 0.162823 0)
(1.69707 0.163092 0)
(1.69339 0.164263 0)
(1.69469 0.165308 0)
(1.69801 0.165978 0)
(1.70162 0.166628 0)
(1.70582 0.167413 0)
(1.7107 0.168378 0)
(1.71474 0.16912 0)
(1.71849 0.169664 0)
(1.72209 0.170271 0)
(1.72517 0.17114 0)
(1.72654 0.172583 0)
(1.72394 0.174849 0)
(1.71981 0.177194 0)
(1.7214 0.178472 0)
(1.72494 0.179163 0)
(1.72859 0.17975 0)
(1.73249 0.180214 0)
(1.7369 0.180426 0)
(1.74088 0.180407 0)
(1.74446 0.180505 0)
(1.74802 0.180452 0)
(1.75119 0.180237 0)
(1.75208 0.180199 0)
(1.74858 0.181155 0)
(1.74766 0.182385 0)
(1.75082 0.183131 0)
(1.75444 0.1837 0)
(1.75814 0.184265 0)
(1.76218 0.184898 0)
(1.76707 0.185809 0)
(1.77139 0.186893 0)
(1.77511 0.18778 0)
(1.77871 0.188583 0)
(1.78173 0.189429 0)
(1.78195 0.190267 0)
(1.77581 0.191694 0)
(1.77316 0.19322 0)
(1.7763 0.193977 0)
(1.77984 0.194459 0)
(1.78359 0.194903 0)
(1.78763 0.19535 0)
(1.79196 0.195993 0)
(1.79585 0.196869 0)
(1.79938 0.197819 0)
(1.8028 0.198891 0)
(1.80581 0.199751 0)
(1.80877 0.199985 0)
(1.81202 0.200044 0)
(1.81482 0.200311 0)
(1.81569 0.200709 0)
(1.81335 0.201226 0)
(1.81057 0.201651 0)
(1.81157 0.202165 0)
(1.81516 0.202753 0)
(1.81885 0.203254 0)
(1.82231 0.203549 0)
(1.82553 0.203529 0)
(1.82846 0.203669 0)
(1.83096 0.204242 0)
(1.83299 0.205255 0)
(1.83423 0.206215 0)
(1.83391 0.206791 0)
(1.83276 0.207271 0)
(1.83512 0.207977 0)
(1.83848 0.208863 0)
(1.84186 0.210105 0)
(1.84558 0.210798 0)
(1.84909 0.21124 0)
(1.85249 0.211653 0)
(1.85589 0.212032 0)
(1.85924 0.212301 0)
(1.86193 0.212555 0)
(1.86189 0.213674 0)
(1.8587 0.215694 0)
(1.85697 0.216773 0)
(1.85822 0.217115 0)
(1.86045 0.217378 0)
(1.86284 0.217633 0)
(1.86508 0.217724 0)
(1.8672 0.217692 0)
(1.86936 0.217628 0)
(1.87129 0.217447 0)
(1.87303 0.217091 0)
(1.87524 0.216745 0)
(1.87782 0.216507 0)
(1.88065 0.216577 0)
(1.88352 0.217021 0)
(1.88622 0.217598 0)
(1.88888 0.218327 0)
(1.89153 0.219265 0)
(1.89396 0.220469 0)
(1.89516 0.222314 0)
(1.89368 0.224983 0)
(1.89279 0.226901 0)
(1.89578 0.227784 0)
(1.89917 0.228277 0)
(1.90257 0.22864 0)
(1.9061 0.228745 0)
(1.90951 0.228785 0)
(1.91274 0.229043 0)
(1.91584 0.229347 0)
(1.91798 0.229675 0)
(1.91719 0.229937 0)
(1.91748 0.230295 0)
(1.92011 0.230417 0)
(1.92257 0.229666 0)
(1.92499 0.228756 0)
(1.92745 0.22814 0)
(1.92985 0.227677 0)
(1.932 0.227403 0)
(1.93373 0.227451 0)
(1.9352 0.227602 0)
(1.93679 0.227581 0)
(1.93808 0.22757 0)
(1.93758 0.227906 0)
(1.93517 0.2292 0)
(1.93647 0.230805 0)
(1.93928 0.231993 0)
(1.94223 0.233387 0)
(1.94522 0.235196 0)
(1.9482 0.236923 0)
(1.95123 0.238196 0)
(1.95433 0.238922 0)
(1.95739 0.239244 0)
(1.9602 0.239367 0)
(1.96261 0.239233 0)
(1.96394 0.238738 0)
(1.96267 0.238031 0)
(1.96148 0.237764 0)
(1.96295 0.237728 0)
(1.96539 0.237601 0)
(1.96845 0.237657 0)
(1.97145 0.237843 0)
(1.97446 0.23796 0)
(1.97743 0.237685 0)
(1.97989 0.237347 0)
(1.98225 0.237025 0)
(1.98433 0.236701 0)
(1.98528 0.236358 0)
(1.98375 0.235643 0)
(1.98185 0.235477 0)
(1.98277 0.236344 0)
(1.98537 0.237759 0)
(1.98854 0.239102 0)
(1.99171 0.240339 0)
(1.99493 0.241705 0)
(1.99821 0.243172 0)
(2.00152 0.244629 0)
(2.00458 0.24586 0)
(2.00722 0.246647 0)
(2.00945 0.247285 0)
(2.01034 0.247848 0)
(2.00661 0.247563 0)
(2.00101 0.246399 0)
(2.00157 0.246025 0)
(2.0034 0.245902 0)
(2.00542 0.245677 0)
(2.00784 0.245468 0)
(2.01071 0.245044 0)
(2.01398 0.244262 0)
(2.01591 0.243343 0)
(2.02 0.243477 0)
(1.6599 -0.256279 0)
(1.66365 -0.26051 0)
(1.66343 -0.265514 0)
(1.65939 -0.271143 0)
(1.66099 -0.275614 0)
(1.66641 -0.278553 0)
(1.67215 -0.281492 0)
(1.67791 -0.284874 0)
(1.68348 -0.288394 0)
(1.6887 -0.291843 0)
(1.69339 -0.295279 0)
(1.69699 -0.298813 0)
(1.69842 -0.302456 0)
(1.6994 -0.306231 0)
(1.70338 -0.309422 0)
(1.70839 -0.311988 0)
(1.71347 -0.314601 0)
(1.71828 -0.317309 0)
(1.72256 -0.319902 0)
(1.72576 -0.322283 0)
(1.72611 -0.324641 0)
(1.72367 -0.32739 0)
(1.725 -0.329503 0)
(1.72969 -0.331226 0)
(1.73519 -0.333216 0)
(1.74053 -0.335152 0)
(1.74582 -0.336907 0)
(1.75103 -0.33896 0)
(1.75583 -0.341157 0)
(1.76014 -0.342928 0)
(1.76299 -0.344894 0)
(1.7618 -0.348004 0)
(1.75935 -0.351198 0)
(1.76223 -0.353042 0)
(1.76737 -0.354625 0)
(1.77279 -0.356306 0)
(1.77812 -0.358098 0)
(1.78327 -0.359902 0)
(1.7882 -0.361726 0)
(1.79277 -0.363522 0)
(1.79663 -0.365456 0)
(1.79879 -0.367743 0)
(1.79736 -0.370867 0)
(1.79554 -0.374609 0)
(1.79892 -0.376909 0)
(1.80369 -0.377961 0)
(1.80868 -0.378981 0)
(1.81369 -0.380117 0)
(1.81863 -0.381096 0)
(1.8233 -0.382091 0)
(1.82743 -0.383387 0)
(1.83082 -0.385265 0)
(1.83321 -0.387498 0)
(1.83384 -0.389927 0)
(1.83398 -0.394316 0)
(1.8367 -0.398178 0)
(1.84164 -0.400543 0)
(1.8468 -0.402079 0)
(1.85175 -0.402974 0)
(1.85632 -0.4037 0)
(1.86047 -0.404022 0)
(1.86376 -0.40488 0)
(1.86553 -0.404943 0)
(1.86401 -0.403845 0)
(1.86281 -0.403887 0)
(1.86452 -0.404129 0)
(1.86642 -0.403897 0)
(1.86938 -0.402785 0)
(1.87233 -0.400821 0)
(1.87295 -0.397662 0)
(1.87077 -0.391796 0)
(1.86541 -0.379877 0)
(1.86048 -0.367614 0)
(1.85083 -0.352045 0)
(1.83899 -0.33115 0)
(1.82235 -0.29476 0)
(1.81019 -0.262063 0)
(1.79385 -0.217465 0)
(1.77482 -0.172406 0)
(1.75987 -0.142174 0)
(1.72803 -0.0932741 0)
(1.70835 -0.0526994 0)
(1.69615 -0.0300332 0)
(1.67655 0.00570705 0)
(1.66237 0.044802 0)
(1.6559 0.0665823 0)
(1.65457 0.0764759 0)
(1.65764 0.0928227 0)
(1.65416 0.111104 0)
(1.64593 0.122199 0)
(1.64104 0.126644 0)
(1.63703 0.134377 0)
(1.63057 0.143993 0)
(1.62542 0.148993 0)
(1.62469 0.152457 0)
(1.62558 0.154676 0)
(1.62877 0.155229 0)
(1.63576 0.153706 0)
(1.64051 0.152357 0)
(1.64358 0.152455 0)
(1.64616 0.153223 0)
(1.64698 0.154337 0)
(1.64444 0.155439 0)
(1.64362 0.156459 0)
(1.64773 0.156939 0)
(1.65204 0.15706 0)
(1.65744 0.157906 0)
(1.6631 0.160881 0)
(1.66687 0.162997 0)
(1.67049 0.163398 0)
(1.67393 0.163105 0)
(1.67626 0.162678 0)
(1.6757 0.162546 0)
(1.6725 0.162181 0)
(1.67223 0.162901 0)
(1.67498 0.163884 0)
(1.67814 0.164661 0)
(1.6816 0.165409 0)
(1.68586 0.166402 0)
(1.69104 0.168284 0)
(1.69526 0.170554 0)
(1.6987 0.172536 0)
(1.70141 0.174476 0)
(1.70248 0.175971 0)
(1.69958 0.176877 0)
(1.69806 0.177205 0)
(1.7007 0.176972 0)
(1.70379 0.177314 0)
(1.70716 0.177921 0)
(1.71077 0.178867 0)
(1.71483 0.18041 0)
(1.71888 0.181851 0)
(1.72244 0.182571 0)
(1.72594 0.183197 0)
(1.72925 0.183931 0)
(1.73229 0.184787 0)
(1.73509 0.185769 0)
(1.73661 0.186637 0)
(1.73473 0.18763 0)
(1.73249 0.189396 0)
(1.73488 0.190626 0)
(1.73857 0.191403 0)
(1.74221 0.192191 0)
(1.74565 0.193033 0)
(1.74893 0.193666 0)
(1.75207 0.19428 0)
(1.75485 0.194868 0)
(1.7566 0.195281 0)
(1.75609 0.195229 0)
(1.75512 0.195089 0)
(1.75719 0.195798 0)
(1.7604 0.19675 0)
(1.7638 0.197835 0)
(1.76739 0.199228 0)
(1.77103 0.20075 0)
(1.77442 0.201764 0)
(1.77788 0.202335 0)
(1.78132 0.20282 0)
(1.78428 0.203223 0)
(1.78531 0.203552 0)
(1.78215 0.20362 0)
(1.77957 0.204044 0)
(1.78166 0.205283 0)
(1.78494 0.206655 0)
(1.78858 0.208086 0)
(1.79246 0.209685 0)
(1.79655 0.211557 0)
(1.80026 0.213195 0)
(1.8036 0.214318 0)
(1.80679 0.215178 0)
(1.80942 0.215839 0)
(1.81003 0.216179 0)
(1.80921 0.216288 0)
(1.81111 0.215775 0)
(1.81394 0.21502 0)
(1.81692 0.213948 0)
(1.81967 0.212966 0)
(1.8218 0.213339 0)
(1.82317 0.215203 0)
(1.82322 0.217406 0)
(1.82216 0.218971 0)
(1.82296 0.21981 0)
(1.82637 0.220389 0)
(1.83002 0.220862 0)
(1.83377 0.221172 0)
(1.83736 0.220901 0)
(1.84047 0.22076 0)
(1.84289 0.220682 0)
(1.8444 0.221637 0)
(1.84449 0.22344 0)
(1.84296 0.22505 0)
(1.84257 0.225844 0)
(1.84521 0.226339 0)
(1.84868 0.226723 0)
(1.85226 0.227102 0)
(1.85591 0.227537 0)
(1.85951 0.22801 0)
(1.86311 0.228471 0)
(1.86666 0.228636 0)
(1.86991 0.228341 0)
(1.87164 0.229036 0)
(1.87055 0.230862 0)
(1.86921 0.232141 0)
(1.86946 0.232545 0)
(1.87066 0.232461 0)
(1.87306 0.232329 0)
(1.87628 0.232571 0)
(1.87931 0.232791 0)
(1.88238 0.232324 0)
(1.88521 0.231983 0)
(1.88759 0.232152 0)
(1.88859 0.232901 0)
(1.8886 0.234057 0)
(1.89018 0.234847 0)
(1.89288 0.235399 0)
(1.89592 0.236033 0)
(1.89908 0.236747 0)
(1.90196 0.237582 0)
(1.9031 0.23894 0)
(1.9014 0.241377 0)
(1.9029 0.243485 0)
(1.90629 0.244527 0)
(1.90944 0.244892 0)
(1.91275 0.244761 0)
(1.91603 0.244478 0)
(1.91911 0.244228 0)
(1.92193 0.243983 0)
(1.92413 0.243923 0)
(1.92421 0.244537 0)
(1.92151 0.245369 0)
(1.92023 0.245556 0)
(1.92212 0.245796 0)
(1.92475 0.246004 0)
(1.92763 0.246163 0)
(1.93079 0.24633 0)
(1.93416 0.246309 0)
(1.93798 0.245674 0)
(1.94122 0.245047 0)
(1.9442 0.244779 0)
(1.94649 0.244477 0)
(1.94622 0.244207 0)
(1.94176 0.24475 0)
(1.94045 0.246256 0)
(1.94319 0.24746 0)
(1.94617 0.248556 0)
(1.94934 0.249985 0)
(1.9525 0.251393 0)
(1.95566 0.252559 0)
(1.95879 0.253519 0)
(1.96178 0.254383 0)
(1.96433 0.255223 0)
(1.96572 0.255905 0)
(1.96528 0.255754 0)
(1.96601 0.254621 0)
(1.96856 0.253784 0)
(1.97118 0.253317 0)
(1.97382 0.253065 0)
(1.97629 0.253026 0)
(1.97823 0.253034 0)
(1.97919 0.252994 0)
(1.98049 0.252868 0)
(1.9825 0.252779 0)
(1.98458 0.252789 0)
(1.98635 0.252984 0)
(1.98616 0.253489 0)
(1.98349 0.254212 0)
(1.98488 0.254492 0)
(1.98738 0.254085 0)
(1.99056 0.253818 0)
(1.99444 0.254155 0)
(1.99884 0.254883 0)
(2.00306 0.256002 0)
(2.00689 0.257336 0)
(2.01053 0.258782 0)
(2.01385 0.260011 0)
(2.01677 0.260979 0)
(2.0189 0.261982 0)
(2.01757 0.263006 0)
(2.01066 0.264177 0)
(2.00828 0.265673 0)
(2.0106 0.26635 0)
(2.01278 0.266237 0)
(2.01535 0.265681 0)
(2.01834 0.265034 0)
(2.02185 0.264241 0)
(2.02546 0.262929 0)
(2.02786 0.26112 0)
(2.03173 0.260725 0)
(1.64559 -0.228279 0)
(1.64667 -0.232899 0)
(1.64336 -0.238863 0)
(1.6448 -0.244072 0)
(1.6505 -0.246932 0)
(1.65655 -0.249505 0)
(1.66264 -0.252411 0)
(1.66844 -0.255336 0)
(1.67387 -0.258267 0)
(1.6786 -0.261303 0)
(1.68182 -0.264716 0)
(1.68232 -0.269193 0)
(1.68305 -0.274105 0)
(1.68728 -0.277551 0)
(1.69264 -0.280056 0)
(1.69814 -0.282561 0)
(1.70351 -0.28514 0)
(1.70863 -0.287615 0)
(1.7133 -0.290081 0)
(1.71679 -0.292612 0)
(1.71736 -0.295152 0)
(1.71514 -0.298193 0)
(1.71737 -0.301195 0)
(1.72236 -0.302965 0)
(1.72782 -0.304699 0)
(1.73331 -0.306732 0)
(1.73862 -0.308652 0)
(1.74385 -0.310496 0)
(1.7488 -0.312589 0)
(1.75297 -0.314799 0)
(1.75511 -0.317089 0)
(1.7535 -0.319791 0)
(1.75351 -0.322282 0)
(1.75803 -0.323833 0)
(1.76339 -0.325137 0)
(1.7689 -0.326523 0)
(1.77425 -0.32798 0)
(1.77932 -0.329539 0)
(1.78402 -0.331219 0)
(1.78824 -0.333126 0)
(1.79141 -0.335513 0)
(1.79131 -0.338698 0)
(1.78816 -0.34179 0)
(1.78997 -0.343485 0)
(1.79465 -0.34415 0)
(1.79962 -0.344825 0)
(1.8047 -0.34554 0)
(1.80973 -0.346276 0)
(1.81465 -0.346988 0)
(1.81924 -0.347693 0)
(1.82273 -0.348748 0)
(1.82326 -0.350534 0)
(1.82046 -0.35365 0)
(1.82149 -0.357016 0)
(1.82604 -0.358862 0)
(1.83117 -0.360021 0)
(1.83652 -0.361193 0)
(1.84191 -0.362424 0)
(1.84721 -0.36393 0)
(1.85226 -0.365467 0)
(1.85685 -0.367026 0)
(1.86045 -0.368985 0)
(1.86199 -0.37162 0)
(1.86039 -0.374073 0)
(1.86033 -0.376339 0)
(1.86428 -0.377037 0)
(1.86901 -0.377803 0)
(1.87373 -0.378621 0)
(1.87807 -0.379473 0)
(1.8815 -0.37984 0)
(1.88372 -0.37965 0)
(1.88209 -0.378278 0)
(1.87994 -0.376964 0)
(1.88158 -0.37659 0)
(1.88323 -0.37565 0)
(1.88581 -0.373832 0)
(1.88908 -0.369833 0)
(1.89211 -0.363548 0)
(1.88831 -0.354093 0)
(1.87986 -0.33931 0)
(1.86972 -0.321897 0)
(1.85694 -0.302731 0)
(1.83911 -0.275183 0)
(1.81819 -0.233567 0)
(1.8085 -0.210037 0)
(1.7875 -0.165355 0)
(1.76735 -0.108357 0)
(1.76188 -0.0797408 0)
(1.74483 -0.0346125 0)
(1.73754 -0.00607154 0)
(1.7245 0.0228661 0)
(1.69946 0.0615206 0)
(1.68775 0.0808517 0)
(1.67957 0.0897113 0)
(1.66798 0.110025 0)
(1.66218 0.130988 0)
(1.66031 0.135937 0)
(1.66246 0.141409 0)
(1.66429 0.149245 0)
(1.66328 0.155158 0)
(1.66131 0.159876 0)
(1.65742 0.164464 0)
(1.65317 0.164863 0)
(1.65396 0.164609 0)
(1.65639 0.164866 0)
(1.66038 0.165612 0)
(1.66921 0.16903 0)
(1.67494 0.172929 0)
(1.67749 0.173938 0)
(1.68045 0.17404 0)
(1.68282 0.173567 0)
(1.68191 0.174224 0)
(1.67573 0.176229 0)
(1.6722 0.177716 0)
(1.67528 0.178104 0)
(1.67871 0.177896 0)
(1.68306 0.176791 0)
(1.68944 0.175636 0)
(1.6983 0.176124 0)
(1.704 0.17845 0)
(1.70781 0.180837 0)
(1.71106 0.183301 0)
(1.71325 0.185228 0)
(1.71289 0.186556 0)
(1.70715 0.18771 0)
(1.70042 0.188978 0)
(1.70102 0.190349 0)
(1.70426 0.1913 0)
(1.70777 0.19222 0)
(1.71193 0.193056 0)
(1.71985 0.193566 0)
(1.72824 0.193688 0)
(1.73182 0.194018 0)
(1.73575 0.194673 0)
(1.7395 0.195603 0)
(1.74223 0.196934 0)
(1.74106 0.197971 0)
(1.73788 0.198704 0)
(1.73919 0.199705 0)
(1.74272 0.200787 0)
(1.74625 0.202248 0)
(1.74951 0.203924 0)
(1.7526 0.205433 0)
(1.7555 0.206423 0)
(1.75829 0.207049 0)
(1.76104 0.207864 0)
(1.76322 0.208925 0)
(1.76354 0.209921 0)
(1.7607 0.210472 0)
(1.75991 0.211078 0)
(1.76324 0.211674 0)
(1.76659 0.212206 0)
(1.77038 0.212828 0)
(1.77569 0.213699 0)
(1.78004 0.214377 0)
(1.78351 0.214913 0)
(1.7868 0.215401 0)
(1.78986 0.215966 0)
(1.79168 0.216644 0)
(1.78875 0.217563 0)
(1.78214 0.218444 0)
(1.78308 0.219455 0)
(1.78638 0.220153 0)
(1.78998 0.221228 0)
(1.7946 0.222699 0)
(1.8009 0.22434 0)
(1.80572 0.225416 0)
(1.81027 0.226222 0)
(1.81428 0.226809 0)
(1.81795 0.227386 0)
(1.82047 0.228073 0)
(1.8189 0.229182 0)
(1.8132 0.230321 0)
(1.8115 0.230797 0)
(1.81373 0.231025 0)
(1.81682 0.231323 0)
(1.82029 0.231764 0)
(1.8238 0.232161 0)
(1.82781 0.231692 0)
(1.83098 0.23121 0)
(1.8339 0.231413 0)
(1.83493 0.232964 0)
(1.83448 0.234744 0)
(1.83448 0.235546 0)
(1.83529 0.235778 0)
(1.83658 0.236079 0)
(1.83859 0.236477 0)
(1.84134 0.237188 0)
(1.84452 0.237981 0)
(1.84806 0.238453 0)
(1.85116 0.238873 0)
(1.85215 0.239894 0)
(1.85114 0.241514 0)
(1.85288 0.242596 0)
(1.85603 0.243099 0)
(1.85935 0.243635 0)
(1.86272 0.244217 0)
(1.86574 0.244751 0)
(1.86755 0.245125 0)
(1.8703 0.245562 0)
(1.87366 0.246069 0)
(1.87685 0.245972 0)
(1.87979 0.245669 0)
(1.88189 0.245877 0)
(1.88361 0.246596 0)
(1.88453 0.247614 0)
(1.88267 0.248485 0)
(1.87925 0.248822 0)
(1.88016 0.249133 0)
(1.88319 0.249327 0)
(1.8865 0.249701 0)
(1.89039 0.249805 0)
(1.8953 0.24949 0)
(1.90047 0.249407 0)
(1.90437 0.249697 0)
(1.90751 0.250302 0)
(1.91025 0.251029 0)
(1.91278 0.251953 0)
(1.91474 0.253364 0)
(1.9151 0.255877 0)
(1.91233 0.259025 0)
(1.90666 0.260797 0)
(1.90511 0.261218 0)
(1.90782 0.261375 0)
(1.91104 0.261517 0)
(1.91462 0.2618 0)
(1.91833 0.262076 0)
(1.92216 0.261856 0)
(1.92552 0.261027 0)
(1.92819 0.260403 0)
(1.92814 0.260812 0)
(1.92625 0.261908 0)
(1.92792 0.26251 0)
(1.93081 0.262932 0)
(1.93387 0.263386 0)
(1.93689 0.263827 0)
(1.93956 0.26413 0)
(1.94161 0.263919 0)
(1.9429 0.262957 0)
(1.94338 0.262188 0)
(1.94293 0.262104 0)
(1.94311 0.26228 0)
(1.94515 0.262844 0)
(1.94776 0.263591 0)
(1.95068 0.26434 0)
(1.95382 0.265179 0)
(1.9571 0.26619 0)
(1.96033 0.267128 0)
(1.96354 0.26799 0)
(1.96662 0.268849 0)
(1.96903 0.269698 0)
(1.969 0.270253 0)
(1.9648 0.269906 0)
(1.96338 0.269402 0)
(1.96619 0.269549 0)
(1.96948 0.269957 0)
(1.97279 0.270431 0)
(1.97612 0.270886 0)
(1.97969 0.271179 0)
(1.98444 0.271069 0)
(1.98827 0.270378 0)
(1.99088 0.270138 0)
(1.99336 0.270113 0)
(1.99542 0.270048 0)
(1.99604 0.270506 0)
(1.99237 0.272088 0)
(1.98537 0.273432 0)
(1.98519 0.27406 0)
(1.98833 0.274294 0)
(1.99129 0.274455 0)
(1.99465 0.274752 0)
(1.99844 0.275084 0)
(2.00346 0.275295 0)
(2.00806 0.275123 0)
(2.01121 0.27537 0)
(2.01449 0.275983 0)
(2.01747 0.276815 0)
(2.0198 0.277818 0)
(2.01963 0.279021 0)
(2.0154 0.280741 0)
(2.01086 0.281387 0)
(2.01219 0.281309 0)
(2.01468 0.281052 0)
(2.01713 0.280515 0)
(2.01949 0.279465 0)
(2.02207 0.278379 0)
(2.02594 0.275264 0)
(2.02932 0.272879 0)
(1.62979 -0.204692 0)
(1.62758 -0.210497 0)
(1.62884 -0.215647 0)
(1.63478 -0.218205 0)
(1.6411 -0.220564 0)
(1.64749 -0.223307 0)
(1.6536 -0.225968 0)
(1.65935 -0.228546 0)
(1.66448 -0.231243 0)
(1.66815 -0.234353 0)
(1.66823 -0.23836 0)
(1.6668 -0.243233 0)
(1.67077 -0.246743 0)
(1.67633 -0.248982 0)
(1.68206 -0.251294 0)
(1.6877 -0.253732 0)
(1.69315 -0.256063 0)
(1.69838 -0.258188 0)
(1.70311 -0.260203 0)
(1.70627 -0.262433 0)
(1.70569 -0.265066 0)
(1.70381 -0.26774 0)
(1.70705 -0.269827 0)
(1.71231 -0.271374 0)
(1.71779 -0.272862 0)
(1.72321 -0.274507 0)
(1.72836 -0.276311 0)
(1.73314 -0.278305 0)
(1.7374 -0.28062 0)
(1.74058 -0.28314 0)
(1.74119 -0.285873 0)
(1.74114 -0.288738 0)
(1.74512 -0.290682 0)
(1.75058 -0.291908 0)
(1.75631 -0.293063 0)
(1.76203 -0.294212 0)
(1.76752 -0.295343 0)
(1.77252 -0.296584 0)
(1.77634 -0.29817 0)
(1.77714 -0.300384 0)
(1.77378 -0.303901 0)
(1.77463 -0.307703 0)
(1.77961 -0.309658 0)
(1.78473 -0.310641 0)
(1.79002 -0.311602 0)
(1.79528 -0.312573 0)
(1.80036 -0.313618 0)
(1.80504 -0.314935 0)
(1.80926 -0.316705 0)
(1.81335 -0.318697 0)
(1.81595 -0.320955 0)
(1.81426 -0.323691 0)
(1.81245 -0.325558 0)
(1.81611 -0.326125 0)
(1.82104 -0.326414 0)
(1.82622 -0.326775 0)
(1.83139 -0.327163 0)
(1.83636 -0.327582 0)
(1.84096 -0.328133 0)
(1.84515 -0.329078 0)
(1.84895 -0.330641 0)
(1.85154 -0.332995 0)
(1.85111 -0.335976 0)
(1.84985 -0.338298 0)
(1.85275 -0.339948 0)
(1.8577 -0.34104 0)
(1.86312 -0.342413 0)
(1.86865 -0.343932 0)
(1.87419 -0.345931 0)
(1.87937 -0.3488 0)
(1.88302 -0.351793 0)
(1.88339 -0.353501 0)
(1.88212 -0.353203 0)
(1.88479 -0.352207 0)
(1.88907 -0.35187 0)
(1.8935 -0.35114 0)
(1.89736 -0.35116 0)
(1.90011 -0.35075 0)
(1.90127 -0.350524 0)
(1.89865 -0.35033 0)
(1.89351 -0.349597 0)
(1.89364 -0.348225 0)
(1.89475 -0.346276 0)
(1.89642 -0.342679 0)
(1.8985 -0.33836 0)
(1.89844 -0.329078 0)
(1.89617 -0.312998 0)
(1.8934 -0.299764 0)
(1.88739 -0.278301 0)
(1.87411 -0.2407 0)
(1.86376 -0.213128 0)
(1.83989 -0.174497 0)
(1.81901 -0.140774 0)
(1.79951 -0.109051 0)
(1.76851 -0.0533505 0)
(1.75519 -0.0158846 0)
(1.74827 0.00322147 0)
(1.72693 0.049702 0)
(1.71676 0.0868253 0)
(1.71205 0.0932093 0)
(1.70446 0.109368 0)
(1.69227 0.13252 0)
(1.68651 0.142451 0)
(1.67982 0.151016 0)
(1.67774 0.161016 0)
(1.68038 0.168668 0)
(1.68726 0.175429 0)
(1.69072 0.181626 0)
(1.69003 0.184273 0)
(1.68927 0.184289 0)
(1.6885 0.18465 0)
(1.68646 0.187764 0)
(1.68041 0.191177 0)
(1.6762 0.192347 0)
(1.67837 0.192065 0)
(1.68223 0.191507 0)
(1.68649 0.191039 0)
(1.69441 0.191878 0)
(1.70419 0.194295 0)
(1.70799 0.195865 0)
(1.71246 0.197016 0)
(1.71623 0.1973 0)
(1.7196 0.197282 0)
(1.72103 0.197658 0)
(1.71772 0.19956 0)
(1.70999 0.202972 0)
(1.70792 0.205354 0)
(1.71108 0.206223 0)
(1.71449 0.20667 0)
(1.71836 0.206955 0)
(1.72384 0.207397 0)
(1.72949 0.208622 0)
(1.73348 0.210059 0)
(1.73692 0.211019 0)
(1.74012 0.211204 0)
(1.74269 0.210791 0)
(1.74278 0.210653 0)
(1.74284 0.212084 0)
(1.74629 0.213956 0)
(1.74973 0.215629 0)
(1.75288 0.217393 0)
(1.75553 0.219187 0)
(1.75695 0.220901 0)
(1.75784 0.222628 0)
(1.76058 0.223945 0)
(1.76374 0.224368 0)
(1.76686 0.223752 0)
(1.76974 0.223102 0)
(1.77173 0.22338 0)
(1.77104 0.225019 0)
(1.76917 0.226657 0)
(1.77038 0.227397 0)
(1.77302 0.22789 0)
(1.77625 0.228404 0)
(1.77958 0.229098 0)
(1.78274 0.229886 0)
(1.78583 0.230565 0)
(1.7889 0.231112 0)
(1.79178 0.231458 0)
(1.79318 0.231727 0)
(1.79007 0.233215 0)
(1.78686 0.235452 0)
(1.78944 0.236871 0)
(1.79311 0.237685 0)
(1.79698 0.23828 0)
(1.80122 0.239019 0)
(1.80577 0.23997 0)
(1.80971 0.240723 0)
(1.81343 0.241361 0)
(1.81692 0.24199 0)
(1.81997 0.242653 0)
(1.82207 0.243283 0)
(1.82049 0.244317 0)
(1.81679 0.245943 0)
(1.81781 0.247227 0)
(1.82074 0.248188 0)
(1.82372 0.249082 0)
(1.8261 0.249982 0)
(1.82845 0.250844 0)
(1.83176 0.251463 0)
(1.83479 0.251386 0)
(1.83838 0.250172 0)
(1.84155 0.249821 0)
(1.84452 0.24985 0)
(1.84472 0.250598 0)
(1.84254 0.251905 0)
(1.84357 0.252941 0)
(1.8463 0.253855 0)
(1.84922 0.254823 0)
(1.85194 0.255793 0)
(1.85346 0.256642 0)
(1.85434 0.257403 0)
(1.85741 0.258184 0)
(1.86022 0.258648 0)
(1.86354 0.258229 0)
(1.86715 0.258152 0)
(1.87089 0.258696 0)
(1.87426 0.259431 0)
(1.87645 0.260422 0)
(1.87592 0.261271 0)
(1.8733 0.261269 0)
(1.87424 0.26141 0)
(1.87672 0.261896 0)
(1.8793 0.262509 0)
(1.88182 0.26327 0)
(1.88423 0.263986 0)
(1.88571 0.264561 0)
(1.88388 0.265397 0)
(1.8817 0.266044 0)
(1.88385 0.266145 0)
(1.88682 0.266031 0)
(1.89007 0.266137 0)
(1.89348 0.266514 0)
(1.89707 0.267355 0)
(1.90173 0.268731 0)
(1.90667 0.269979 0)
(1.90994 0.270831 0)
(1.91339 0.271555 0)
(1.91672 0.272077 0)
(1.91997 0.272427 0)
(1.92184 0.27307 0)
(1.91848 0.275131 0)
(1.91132 0.277889 0)
(1.91193 0.27899 0)
(1.9153 0.279296 0)
(1.91828 0.279035 0)
(1.92101 0.27861 0)
(1.92265 0.277972 0)
(1.92444 0.277266 0)
(1.92789 0.277028 0)
(1.93121 0.276854 0)
(1.9342 0.276718 0)
(1.9369 0.277211 0)
(1.93945 0.278042 0)
(1.94178 0.279069 0)
(1.94369 0.280166 0)
(1.94461 0.281073 0)
(1.9437 0.281243 0)
(1.94377 0.280602 0)
(1.94638 0.279781 0)
(1.94878 0.27821 0)
(1.95183 0.277571 0)
(1.95503 0.277655 0)
(1.95828 0.277927 0)
(1.96164 0.278438 0)
(1.96414 0.279758 0)
(1.96546 0.281692 0)
(1.96737 0.283277 0)
(1.97004 0.284408 0)
(1.97286 0.285377 0)
(1.97511 0.286259 0)
(1.97424 0.28697 0)
(1.96816 0.287722 0)
(1.9671 0.288644 0)
(1.96978 0.288864 0)
(1.9722 0.288879 0)
(1.97461 0.288689 0)
(1.97746 0.28857 0)
(1.98024 0.288477 0)
(1.98316 0.288385 0)
(1.98631 0.288278 0)
(1.98961 0.288058 0)
(1.99244 0.288186 0)
(1.99529 0.288537 0)
(1.9978 0.288955 0)
(1.99891 0.289722 0)
(1.99524 0.291733 0)
(1.98987 0.294259 0)
(1.99048 0.295372 0)
(1.99325 0.29581 0)
(1.99585 0.296113 0)
(1.99864 0.296361 0)
(2.00184 0.296578 0)
(2.0077 0.296253 0)
(2.01474 0.294025 0)
(2.01773 0.292442 0)
(2.02076 0.29235 0)
(2.02416 0.292536 0)
(2.02736 0.29256 0)
(2.02687 0.293547 0)
(2.01901 0.295843 0)
(2.01478 0.296672 0)
(2.01671 0.296823 0)
(2.01843 0.296461 0)
(2.02007 0.294737 0)
(2.02215 0.292896 0)
(2.02519 0.290276 0)
(2.02941 0.284602 0)
(1.6098 -0.183321 0)
(1.61196 -0.188157 0)
(1.61798 -0.190509 0)
(1.62429 -0.192579 0)
(1.63062 -0.194988 0)
(1.63674 -0.19741 0)
(1.64259 -0.199779 0)
(1.64797 -0.202181 0)
(1.65226 -0.204815 0)
(1.65315 -0.208315 0)
(1.65086 -0.213108 0)
(1.65415 -0.216763 0)
(1.6599 -0.21884 0)
(1.66583 -0.220945 0)
(1.67181 -0.223191 0)
(1.67768 -0.225435 0)
(1.68328 -0.227753 0)
(1.68842 -0.230291 0)
(1.6927 -0.233059 0)
(1.69497 -0.235931 0)
(1.6942 -0.238851 0)
(1.69515 -0.241157 0)
(1.69981 -0.242528 0)
(1.7053 -0.243709 0)
(1.71086 -0.244975 0)
(1.71622 -0.246324 0)
(1.72135 -0.247812 0)
(1.72622 -0.249632 0)
(1.72996 -0.252408 0)
(1.73059 -0.25608 0)
(1.73003 -0.259793 0)
(1.73383 -0.262231 0)
(1.73917 -0.263656 0)
(1.74482 -0.264957 0)
(1.75056 -0.266197 0)
(1.75626 -0.267329 0)
(1.76184 -0.26839 0)
(1.76696 -0.269592 0)
(1.77026 -0.271519 0)
(1.76851 -0.274382 0)
(1.76486 -0.276505 0)
(1.76821 -0.277283 0)
(1.77331 -0.277874 0)
(1.7787 -0.278681 0)
(1.78413 -0.279484 0)
(1.78944 -0.280175 0)
(1.79458 -0.28077 0)
(1.79935 -0.281515 0)
(1.80308 -0.283209 0)
(1.80304 -0.286195 0)
(1.79818 -0.289628 0)
(1.79986 -0.292698 0)
(1.80477 -0.294107 0)
(1.80996 -0.294949 0)
(1.81536 -0.295795 0)
(1.82077 -0.296499 0)
(1.82608 -0.297013 0)
(1.83101 -0.29732 0)
(1.83518 -0.297545 0)
(1.83776 -0.297885 0)
(1.83662 -0.298702 0)
(1.8337 -0.300323 0)
(1.83556 -0.301885 0)
(1.83994 -0.302696 0)
(1.84448 -0.303156 0)
(1.8489 -0.30376 0)
(1.85322 -0.304755 0)
(1.85668 -0.306282 0)
(1.85727 -0.308681 0)
(1.85751 -0.312458 0)
(1.86322 -0.315896 0)
(1.86918 -0.31856 0)
(1.87507 -0.320807 0)
(1.88117 -0.322053 0)
(1.8873 -0.322703 0)
(1.89327 -0.322843 0)
(1.89823 -0.322777 0)
(1.90109 -0.321865 0)
(1.89993 -0.322312 0)
(1.89358 -0.324008 0)
(1.89102 -0.324597 0)
(1.89463 -0.324739 0)
(1.8989 -0.324236 0)
(1.90399 -0.324725 0)
(1.90669 -0.324377 0)
(1.90984 -0.323608 0)
(1.91298 -0.323873 0)
(1.9163 -0.323978 0)
(1.91991 -0.323019 0)
(1.92437 -0.320331 0)
(1.92755 -0.316095 0)
(1.92776 -0.310567 0)
(1.92285 -0.303379 0)
(1.91625 -0.289133 0)
(1.90972 -0.275137 0)
(1.89651 -0.250843 0)
(1.88461 -0.225549 0)
(1.868 -0.188796 0)
(1.84869 -0.145494 0)
(1.83502 -0.122114 0)
(1.80976 -0.0807053 0)
(1.78951 -0.0315829 0)
(1.7812 -0.0130474 0)
(1.76081 0.0224727 0)
(1.74657 0.0689393 0)
(1.74428 0.0896125 0)
(1.74763 0.105725 0)
(1.74029 0.129763 0)
(1.7269 0.149025 0)
(1.71981 0.158528 0)
(1.71291 0.167624 0)
(1.70863 0.178286 0)
(1.70043 0.192091 0)
(1.69582 0.19647 0)
(1.69412 0.198462 0)
(1.6939 0.201184 0)
(1.69743 0.204349 0)
(1.70722 0.210437 0)
(1.71235 0.216058 0)
(1.71369 0.218409 0)
(1.71455 0.218762 0)
(1.71575 0.215318 0)
(1.71624 0.212063 0)
(1.71557 0.210233 0)
(1.7163 0.211112 0)
(1.71976 0.213852 0)
(1.72345 0.217058 0)
(1.72601 0.218949 0)
(1.72866 0.220497 0)
(1.73144 0.222479 0)
(1.73399 0.224782 0)
(1.73626 0.226505 0)
(1.73781 0.227208 0)
(1.73752 0.227016 0)
(1.73664 0.226627 0)
(1.73949 0.226364 0)
(1.74317 0.226301 0)
(1.74773 0.226012 0)
(1.75416 0.226015 0)
(1.76004 0.226208 0)
(1.76408 0.226778 0)
(1.76743 0.22798 0)
(1.76934 0.230047 0)
(1.76921 0.23267 0)
(1.76699 0.235049 0)
(1.76471 0.23664 0)
(1.76596 0.237842 0)
(1.76897 0.238738 0)
(1.77212 0.239376 0)
(1.77522 0.239432 0)
(1.77831 0.239012 0)
(1.78145 0.239646 0)
(1.78324 0.240969 0)
(1.78358 0.242547 0)
(1.78543 0.243741 0)
(1.78819 0.244546 0)
(1.79122 0.245227 0)
(1.79432 0.245836 0)
(1.79705 0.246461 0)
(1.79814 0.247207 0)
(1.79698 0.248375 0)
(1.79602 0.249974 0)
(1.79718 0.251651 0)
(1.79985 0.253108 0)
(1.80333 0.254221 0)
(1.80689 0.255151 0)
(1.81061 0.256094 0)
(1.81467 0.257145 0)
(1.81854 0.258291 0)
(1.82184 0.258913 0)
(1.82467 0.259047 0)
(1.82572 0.25882 0)
(1.82483 0.258974 0)
(1.82465 0.260123 0)
(1.82616 0.261696 0)
(1.82844 0.263258 0)
(1.83092 0.264811 0)
(1.83332 0.266329 0)
(1.83541 0.26775 0)
(1.83634 0.268744 0)
(1.83517 0.26891 0)
(1.8366 0.268247 0)
(1.83949 0.267818 0)
(1.84242 0.267552 0)
(1.84638 0.266996 0)
(1.85097 0.266433 0)
(1.85496 0.267024 0)
(1.85897 0.267988 0)
(1.86241 0.269025 0)
(1.86518 0.26999 0)
(1.8668 0.271476 0)
(1.86677 0.27375 0)
(1.8646 0.275562 0)
(1.86145 0.276304 0)
(1.86205 0.276804 0)
(1.86484 0.276705 0)
(1.86745 0.275794 0)
(1.87028 0.275556 0)
(1.87294 0.275837 0)
(1.87479 0.276469 0)
(1.87598 0.276984 0)
(1.87819 0.277519 0)
(1.88114 0.278054 0)
(1.88423 0.278538 0)
(1.88733 0.279028 0)
(1.89031 0.279546 0)
(1.89283 0.280267 0)
(1.89358 0.28168 0)
(1.89036 0.283941 0)
(1.8876 0.285906 0)
(1.89011 0.286881 0)
(1.89263 0.286885 0)
(1.89548 0.285989 0)
(1.89956 0.285288 0)
(1.90616 0.284502 0)
(1.91365 0.283877 0)
(1.91724 0.284075 0)
(1.92077 0.284831 0)
(1.92408 0.285413 0)
(1.92734 0.285895 0)
(1.93043 0.28631 0)
(1.9321 0.287187 0)
(1.92962 0.289897 0)
(1.92196 0.293671 0)
(1.91639 0.295481 0)
(1.91858 0.295745 0)
(1.92208 0.295364 0)
(1.92498 0.294549 0)
(1.92741 0.29443 0)
(1.92951 0.294871 0)
(1.93262 0.295471 0)
(1.93582 0.295838 0)
(1.93945 0.295973 0)
(1.94307 0.296011 0)
(1.94654 0.296087 0)
(1.94982 0.296125 0)
(1.95244 0.296282 0)
(1.95336 0.297029 0)
(1.95148 0.29826 0)
(1.94707 0.298743 0)
(1.9464 0.298933 0)
(1.94876 0.298997 0)
(1.95105 0.298883 0)
(1.95362 0.298952 0)
(1.9575 0.299214 0)
(1.96544 0.298569 0)
(1.9716 0.297563 0)
(1.9752 0.297806 0)
(1.97934 0.298487 0)
(1.98313 0.299123 0)
(1.98629 0.299738 0)
(1.98714 0.30092 0)
(1.98167 0.303966 0)
(1.97245 0.307341 0)
(1.97085 0.308913 0)
(1.9743 0.309628 0)
(1.97766 0.310022 0)
(1.981 0.310209 0)
(1.98465 0.310048 0)
(1.98864 0.309337 0)
(1.99251 0.308035 0)
(1.99593 0.306264 0)
(1.99868 0.304371 0)
(2.00058 0.303546 0)
(2.00292 0.303402 0)
(2.00503 0.303361 0)
(2.00565 0.304264 0)
(2.00309 0.30694 0)
(1.9971 0.310086 0)
(1.99378 0.311192 0)
(1.99544 0.311357 0)
(1.99735 0.311218 0)
(1.99982 0.310367 0)
(2.00287 0.308871 0)
(2.00661 0.306958 0)
(2.01185 0.303888 0)
(2.01552 0.301458 0)
(2.01798 0.300518 0)
(2.02089 0.299836 0)
(2.02292 0.298943 0)
(2.02351 0.297908 0)
(2.02155 0.297648 0)
(2.01831 0.295313 0)
(2.01765 0.292684 0)
(2.01705 0.288077 0)
(2.01676 0.282776 0)
(2.01609 0.277397 0)
(2.01244 0.259543 0)
(1.59426 -0.162165 0)
(1.6005 -0.164268 0)
(1.60698 -0.166309 0)
(1.61353 -0.168595 0)
(1.61986 -0.170877 0)
(1.6259 -0.173086 0)
(1.63151 -0.175243 0)
(1.63607 -0.177541 0)
(1.63723 -0.180552 0)
(1.63357 -0.184727 0)
(1.6348 -0.188361 0)
(1.64076 -0.190247 0)
(1.6472 -0.192009 0)
(1.65458 -0.194215 0)
(1.66229 -0.196516 0)
(1.66865 -0.198154 0)
(1.67481 -0.199687 0)
(1.68043 -0.202099 0)
(1.68458 -0.205954 0)
(1.68535 -0.210069 0)
(1.68367 -0.212892 0)
(1.68636 -0.214462 0)
(1.69168 -0.215453 0)
(1.69734 -0.216352 0)
(1.70293 -0.21723 0)
(1.70802 -0.218133 0)
(1.7115 -0.219366 0)
(1.71094 -0.221685 0)
(1.70985 -0.225246 0)
(1.71507 -0.22796 0)
(1.72102 -0.22947 0)
(1.72727 -0.231084 0)
(1.7333 -0.232939 0)
(1.73886 -0.234598 0)
(1.7441 -0.236193 0)
(1.74872 -0.237761 0)
(1.75231 -0.239293 0)
(1.75304 -0.241151 0)
(1.7504 -0.243736 0)
(1.75181 -0.24619 0)
(1.75708 -0.247287 0)
(1.76255 -0.247791 0)
(1.76812 -0.248277 0)
(1.77359 -0.24873 0)
(1.77887 -0.249168 0)
(1.78375 -0.249724 0)
(1.78757 -0.250663 0)
(1.78842 -0.252545 0)
(1.78589 -0.255858 0)
(1.78838 -0.259357 0)
(1.79367 -0.261302 0)
(1.79879 -0.262182 0)
(1.80401 -0.263187 0)
(1.80922 -0.264288 0)
(1.81396 -0.265273 0)
(1.81755 -0.266495 0)
(1.82224 -0.268189 0)
(1.82778 -0.269571 0)
(1.83269 -0.271239 0)
(1.83449 -0.273388 0)
(1.83177 -0.274722 0)
(1.83324 -0.27462 0)
(1.8379 -0.273793 0)
(1.84261 -0.272919 0)
(1.84711 -0.272031 0)
(1.85096 -0.271561 0)
(1.85408 -0.272973 0)
(1.85671 -0.27639 0)
(1.85554 -0.279246 0)
(1.8503 -0.280333 0)
(1.85297 -0.28091 0)
(1.85815 -0.281619 0)
(1.86351 -0.282552 0)
(1.86908 -0.283732 0)
(1.87483 -0.285025 0)
(1.8808 -0.286535 0)
(1.88699 -0.288182 0)
(1.89312 -0.289655 0)
(1.89704 -0.291746 0)
(1.89636 -0.292923 0)
(1.89176 -0.291227 0)
(1.89095 -0.289546 0)
(1.89403 -0.288734 0)
(1.89776 -0.289067 0)
(1.90103 -0.289099 0)
(1.90354 -0.289667 0)
(1.90496 -0.291588 0)
(1.90794 -0.294586 0)
(1.91306 -0.296176 0)
(1.91834 -0.29952 0)
(1.92307 -0.302286 0)
(1.9284 -0.303115 0)
(1.93241 -0.302416 0)
(1.93567 -0.299077 0)
(1.93772 -0.295298 0)
(1.9396 -0.293107 0)
(1.94123 -0.291262 0)
(1.94108 -0.288034 0)
(1.93766 -0.279069 0)
(1.93153 -0.265457 0)
(1.92788 -0.257881 0)
(1.92199 -0.245412 0)
(1.91382 -0.226294 0)
(1.90045 -0.196589 0)
(1.89263 -0.177103 0)
(1.87826 -0.141473 0)
(1.86057 -0.0849299 0)
(1.85737 -0.0649544 0)
(1.83954 -0.0325131 0)
(1.81137 0.0158505 0)
(1.80025 0.0328265 0)
(1.78096 0.0641032 0)
(1.76575 0.104626 0)
(1.76356 0.120673 0)
(1.74776 0.146883 0)
(1.73857 0.175354 0)
(1.73587 0.184162 0)
(1.73988 0.193722 0)
(1.73881 0.20431 0)
(1.73376 0.213783 0)
(1.72867 0.215896 0)
(1.72475 0.217152 0)
(1.72258 0.222793 0)
(1.72114 0.22607 0)
(1.72148 0.225739 0)
(1.72346 0.226243 0)
(1.72854 0.228901 0)
(1.7368 0.231737 0)
(1.74084 0.234109 0)
(1.74412 0.237575 0)
(1.74645 0.242483 0)
(1.74773 0.246303 0)
(1.74786 0.247525 0)
(1.74409 0.246863 0)
(1.7376 0.245552 0)
(1.73738 0.244488 0)
(1.74118 0.244033 0)
(1.7452 0.243375 0)
(1.74968 0.242568 0)
(1.7569 0.24197 0)
(1.76607 0.241825 0)
(1.77033 0.242343 0)
(1.7738 0.243186 0)
(1.77734 0.244244 0)
(1.77821 0.245656 0)
(1.77445 0.247697 0)
(1.77249 0.249282 0)
(1.7739 0.250606 0)
(1.77578 0.25244 0)
(1.77703 0.255483 0)
(1.77904 0.258575 0)
(1.78147 0.259912 0)
(1.78427 0.260794 0)
(1.78801 0.260978 0)
(1.79206 0.260292 0)
(1.79569 0.259579 0)
(1.79957 0.259333 0)
(1.8036 0.259383 0)
(1.80723 0.259666 0)
(1.80895 0.260389 0)
(1.80593 0.262332 0)
(1.80427 0.265276 0)
(1.80697 0.267708 0)
(1.80992 0.269991 0)
(1.81269 0.272378 0)
(1.81541 0.274273 0)
(1.81803 0.275492 0)
(1.82036 0.276043 0)
(1.82093 0.275606 0)
(1.81962 0.274676 0)
(1.82116 0.274335 0)
(1.82416 0.274287 0)
(1.82756 0.274422 0)
(1.83126 0.274579 0)
(1.83499 0.275292 0)
(1.83862 0.276288 0)
(1.84213 0.27763 0)
(1.84523 0.279272 0)
(1.84756 0.281121 0)
(1.84767 0.283321 0)
(1.84272 0.285682 0)
(1.83773 0.286834 0)
(1.83939 0.286251 0)
(1.84211 0.285584 0)
(1.8454 0.284973 0)
(1.84908 0.284417 0)
(1.85392 0.284142 0)
(1.85871 0.284664 0)
(1.86274 0.285962 0)
(1.86661 0.287049 0)
(1.87035 0.287869 0)
(1.87373 0.288458 0)
(1.87532 0.289519 0)
(1.87283 0.292182 0)
(1.86694 0.295235 0)
(1.86434 0.296777 0)
(1.86661 0.297067 0)
(1.86912 0.295852 0)
(1.87263 0.293768 0)
(1.87698 0.291965 0)
(1.88226 0.290905 0)
(1.88688 0.290732 0)
(1.89074 0.291353 0)
(1.89445 0.292153 0)
(1.89797 0.292959 0)
(1.90141 0.29378 0)
(1.90472 0.29465 0)
(1.90751 0.295662 0)
(1.90792 0.297574 0)
(1.90378 0.300945 0)
(1.89608 0.303512 0)
(1.89257 0.304183 0)
(1.89502 0.304252 0)
(1.89781 0.303779 0)
(1.90135 0.303151 0)
(1.90701 0.302603 0)
(1.91438 0.301208 0)
(1.91821 0.300595 0)
(1.92139 0.301207 0)
(1.92477 0.302053 0)
(1.9278 0.302924 0)
(1.93051 0.303733 0)
(1.93333 0.304206 0)
(1.93498 0.304797 0)
(1.93179 0.307689 0)
(1.9241 0.311313 0)
(1.92059 0.312721 0)
(1.92346 0.313274 0)
(1.92649 0.312609 0)
(1.93036 0.31137 0)
(1.93611 0.310517 0)
(1.94354 0.309579 0)
(1.94759 0.309334 0)
(1.952 0.310149 0)
(1.9562 0.311029 0)
(1.96002 0.311677 0)
(1.96349 0.312224 0)
(1.96636 0.312864 0)
(1.96629 0.314204 0)
(1.9592 0.317204 0)
(1.95062 0.319599 0)
(1.9504 0.320287 0)
(1.95311 0.320442 0)
(1.95584 0.320494 0)
(1.95892 0.320488 0)
(1.96259 0.320132 0)
(1.96715 0.319469 0)
(1.97227 0.318097 0)
(1.97558 0.316707 0)
(1.97846 0.316362 0)
(1.98152 0.316423 0)
(1.98439 0.316515 0)
(1.98681 0.316785 0)
(1.98609 0.318587 0)
(1.98016 0.322222 0)
(1.97407 0.324682 0)
(1.97545 0.325284 0)
(1.97845 0.325487 0)
(1.98159 0.325698 0)
(1.98497 0.325406 0)
(1.98859 0.324152 0)
(1.99225 0.322525 0)
(1.9969 0.320205 0)
(2.00268 0.316522 0)
(2.00634 0.314927 0)
(2.00754 0.31496 0)
(2.0093 0.315236 0)
(2.0109 0.315471 0)
(2.01044 0.316674 0)
(2.00406 0.318492 0)
(1.99742 0.317039 0)
(1.99611 0.31398 0)
(1.99645 0.311531 0)
(1.99655 0.30731 0)
(1.99651 0.300952 0)
(1.99666 0.294485 0)
(1.99497 0.284526 0)
(1.9936 0.273198 0)
(1.99236 0.262889 0)
(1.98898 0.244647 0)
(1.98947 0.22488 0)
(1.99024 0.206496 0)
(1.98455 0.184199 0)
(1.98079 0.171442 0)
(1.97577 0.159965 0)
(1.96555 0.140527 0)
(1.95739 0.122774 0)
(1.94985 0.0961797 0)
(1.57708 -0.137382 0)
(1.58458 -0.139552 0)
(1.59254 -0.142281 0)
(1.59962 -0.144552 0)
(1.60632 -0.146659 0)
(1.61259 -0.148898 0)
(1.61801 -0.151367 0)
(1.62138 -0.15422 0)
(1.62069 -0.157528 0)
(1.61999 -0.160612 0)
(1.62439 -0.16225 0)
(1.63009 -0.163458 0)
(1.6359 -0.164843 0)
(1.64146 -0.166625 0)
(1.64661 -0.168964 0)
(1.6511 -0.17181 0)
(1.65458 -0.175077 0)
(1.65721 -0.178205 0)
(1.65988 -0.181342 0)
(1.66514 -0.184277 0)
(1.67146 -0.186581 0)
(1.67765 -0.188186 0)
(1.68384 -0.189383 0)
(1.68998 -0.190561 0)
(1.69574 -0.191929 0)
(1.70065 -0.193601 0)
(1.70384 -0.195375 0)
(1.70307 -0.197314 0)
(1.70167 -0.198043 0)
(1.70424 -0.198482 0)
(1.70861 -0.199528 0)
(1.71315 -0.201209 0)
(1.71827 -0.203363 0)
(1.72469 -0.205137 0)
(1.73177 -0.206973 0)
(1.73852 -0.208665 0)
(1.74395 -0.211785 0)
(1.7463 -0.21629 0)
(1.74586 -0.219504 0)
(1.74938 -0.220418 0)
(1.75465 -0.220931 0)
(1.76028 -0.221521 0)
(1.766 -0.22213 0)
(1.77166 -0.222769 0)
(1.77716 -0.223443 0)
(1.78222 -0.224181 0)
(1.7858 -0.225071 0)
(1.78454 -0.226169 0)
(1.77681 -0.226738 0)
(1.77483 -0.227113 0)
(1.77981 -0.227887 0)
(1.78598 -0.228832 0)
(1.7921 -0.230452 0)
(1.79883 -0.23261 0)
(1.80638 -0.234483 0)
(1.81285 -0.235413 0)
(1.81847 -0.237071 0)
(1.82057 -0.239937 0)
(1.82028 -0.242908 0)
(1.8252 -0.244647 0)
(1.83063 -0.2454 0)
(1.83612 -0.244988 0)
(1.84146 -0.244166 0)
(1.84643 -0.243653 0)
(1.85004 -0.243272 0)
(1.84874 -0.243372 0)
(1.84047 -0.244091 0)
(1.83864 -0.244936 0)
(1.84334 -0.245801 0)
(1.84838 -0.247252 0)
(1.85459 -0.248947 0)
(1.86196 -0.250819 0)
(1.8684 -0.252566 0)
(1.87434 -0.25396 0)
(1.87997 -0.255129 0)
(1.88528 -0.256384 0)
(1.88884 -0.257514 0)
(1.88586 -0.258491 0)
(1.88144 -0.25965 0)
(1.88593 -0.260611 0)
(1.89169 -0.26113 0)
(1.89715 -0.260406 0)
(1.90202 -0.258406 0)
(1.9059 -0.256307 0)
(1.90818 -0.255279 0)
(1.90996 -0.257186 0)
(1.91266 -0.260711 0)
(1.91569 -0.263506 0)
(1.91876 -0.265577 0)
(1.92229 -0.267963 0)
(1.92724 -0.270184 0)
(1.93261 -0.271313 0)
(1.93757 -0.272348 0)
(1.94287 -0.273776 0)
(1.94763 -0.274666 0)
(1.95242 -0.275197 0)
(1.95736 -0.275156 0)
(1.96044 -0.274333 0)
(1.95855 -0.271799 0)
(1.95228 -0.268636 0)
(1.9476 -0.265052 0)
(1.94795 -0.261733 0)
(1.94983 -0.260387 0)
(1.95196 -0.258956 0)
(1.95473 -0.255959 0)
(1.9571 -0.252738 0)
(1.95761 -0.246285 0)
(1.95622 -0.236496 0)
(1.95271 -0.224013 0)
(1.9419 -0.200797 0)
(1.93166 -0.180315 0)
(1.91917 -0.160196 0)
(1.89637 -0.115165 0)
(1.88529 -0.0818067 0)
(1.87609 -0.0515294 0)
(1.85203 0.00414691 0)
(1.84411 0.034272 0)
(1.82598 0.0686216 0)
(1.80213 0.108853 0)
(1.79101 0.122655 0)
(1.77963 0.13768 0)
(1.76306 0.163717 0)
(1.75399 0.191897 0)
(1.7512 0.204339 0)
(1.74871 0.204618 0)
(1.7501 0.20917 0)
(1.75603 0.22636 0)
(1.76099 0.240957 0)
(1.76022 0.244121 0)
(1.76048 0.248896 0)
(1.75953 0.255278 0)
(1.75818 0.256793 0)
(1.75643 0.256793 0)
(1.75217 0.260507 0)
(1.74482 0.265528 0)
(1.74334 0.266994 0)
(1.74668 0.267422 0)
(1.75031 0.267638 0)
(1.75447 0.267632 0)
(1.76109 0.265605 0)
(1.76492 0.262351 0)
(1.76757 0.260423 0)
(1.77142 0.259442 0)
(1.77548 0.259105 0)
(1.77969 0.259404 0)
(1.78412 0.260539 0)
(1.78704 0.263064 0)
(1.78753 0.266003 0)
(1.78711 0.268226 0)
(1.78594 0.269963 0)
(1.7827 0.271163 0)
(1.78131 0.27243 0)
(1.78428 0.273396 0)
(1.78766 0.274339 0)
(1.79166 0.275141 0)
(1.79636 0.275051 0)
(1.80109 0.2743 0)
(1.80521 0.273949 0)
(1.80877 0.274228 0)
(1.81188 0.275074 0)
(1.81479 0.276492 0)
(1.81729 0.278676 0)
(1.81918 0.281814 0)
(1.82043 0.285197 0)
(1.82152 0.288153 0)
(1.82237 0.29047 0)
(1.82169 0.29215 0)
(1.81721 0.292295 0)
(1.81327 0.290794 0)
(1.81484 0.290115 0)
(1.81749 0.289936 0)
(1.82044 0.289703 0)
(1.82389 0.289273 0)
(1.82955 0.288893 0)
(1.84051 0.289257 0)
(1.84833 0.291228 0)
(1.85235 0.292919 0)
(1.85646 0.294308 0)
(1.85992 0.295476 0)
(1.86184 0.296841 0)
(1.85759 0.29921 0)
(1.84438 0.302383 0)
(1.83763 0.303848 0)
(1.83977 0.303616 0)
(1.84245 0.302964 0)
(1.84568 0.302354 0)
(1.84968 0.30167 0)
(1.85817 0.300598 0)
(1.8695 0.299862 0)
(1.87442 0.300699 0)
(1.8789 0.301861 0)
(1.88284 0.30277 0)
(1.88637 0.303703 0)
(1.88836 0.305053 0)
(1.88514 0.307817 0)
(1.87541 0.311778 0)
(1.8677 0.31373 0)
(1.86809 0.313787 0)
(1.871 0.313098 0)
(1.87421 0.31197 0)
(1.87796 0.311027 0)
(1.88272 0.3101 0)
(1.8891 0.308795 0)
(1.89321 0.308513 0)
(1.89713 0.309424 0)
(1.90093 0.310616 0)
(1.90461 0.312026 0)
(1.90826 0.313563 0)
(1.91181 0.314673 0)
(1.91495 0.315399 0)
(1.91352 0.317125 0)
(1.90414 0.320934 0)
(1.89849 0.323254 0)
(1.90034 0.323936 0)
(1.90244 0.323588 0)
(1.90531 0.322732 0)
(1.90996 0.322062 0)
(1.91745 0.320215 0)
(1.92263 0.318048 0)
(1.92556 0.317442 0)
(1.92918 0.317934 0)
(1.93266 0.318857 0)
(1.93581 0.319934 0)
(1.93858 0.321053 0)
(1.94065 0.321843 0)
(1.93992 0.323676 0)
(1.93418 0.327308 0)
(1.92672 0.329731 0)
(1.92679 0.330456 0)
(1.93015 0.330615 0)
(1.93376 0.330375 0)
(1.9378 0.330348 0)
(1.94444 0.329685 0)
(1.95069 0.327674 0)
(1.95428 0.327129 0)
(1.95886 0.327793 0)
(1.96279 0.328501 0)
(1.96645 0.329443 0)
(1.9696 0.330615 0)
(1.97085 0.331798 0)
(1.96647 0.334587 0)
(1.95771 0.337746 0)
(1.95548 0.338731 0)
(1.95795 0.339008 0)
(1.96042 0.339303 0)
(1.9629 0.339585 0)
(1.96563 0.339561 0)
(1.96859 0.339105 0)
(1.973 0.33801 0)
(1.97737 0.33545 0)
(1.97975 0.33351 0)
(1.9828 0.332109 0)
(1.98534 0.331274 0)
(1.98769 0.331242 0)
(1.98829 0.332142 0)
(1.98328 0.334287 0)
(1.97687 0.335687 0)
(1.97774 0.335362 0)
(1.97941 0.33461 0)
(1.98099 0.332616 0)
(1.98277 0.329405 0)
(1.98535 0.325319 0)
(1.9886 0.322001 0)
(1.99152 0.318053 0)
(1.99263 0.310703 0)
(1.9927 0.301841 0)
(1.99288 0.292473 0)
(1.99482 0.279568 0)
(1.98871 0.261573 0)
(1.98096 0.24433 0)
(1.9771 0.23498 0)
(1.96836 0.22208 0)
(1.95826 0.206559 0)
(1.94886 0.191084 0)
(1.93896 0.17222 0)
(1.93262 0.159953 0)
(1.92125 0.13565 0)
(1.91441 0.104911 0)
(1.91589 0.0935653 0)
(1.91188 0.0698798 0)
(1.90864 0.0329594 0)
(1.91348 0.0172742 0)
(1.9188 0.00339594 0)
(1.91219 -0.0180637 0)
(1.90776 -0.0323835 0)
(1.90401 -0.0352369 0)
(1.90015 -0.0413415 0)
(1.89739 -0.0592659 0)
(1.57312 -0.114148 0)
(1.58155 -0.117406 0)
(1.58935 -0.120572 0)
(1.5965 -0.123278 0)
(1.60332 -0.125969 0)
(1.60959 -0.128873 0)
(1.61458 -0.131813 0)
(1.61513 -0.134503 0)
(1.61142 -0.136493 0)
(1.61376 -0.137919 0)
(1.61964 -0.138813 0)
(1.6259 -0.139716 0)
(1.63207 -0.140722 0)
(1.63782 -0.141784 0)
(1.64266 -0.142893 0)
(1.64518 -0.144461 0)
(1.64588 -0.147234 0)
(1.64995 -0.150607 0)
(1.65523 -0.153308 0)
(1.66154 -0.15551 0)
(1.66885 -0.158241 0)
(1.67603 -0.16135 0)
(1.68276 -0.164089 0)
(1.68924 -0.166494 0)
(1.69504 -0.168777 0)
(1.69761 -0.170997 0)
(1.694 -0.173004 0)
(1.69389 -0.174694 0)
(1.69915 -0.175677 0)
(1.7051 -0.176144 0)
(1.71086 -0.176427 0)
(1.71618 -0.176362 0)
(1.72085 -0.176036 0)
(1.7243 -0.176446 0)
(1.72537 -0.179641 0)
(1.72233 -0.184534 0)
(1.72097 -0.187888 0)
(1.72592 -0.189363 0)
(1.7321 -0.190093 0)
(1.7388 -0.190974 0)
(1.74688 -0.192051 0)
(1.75441 -0.192953 0)
(1.76083 -0.193814 0)
(1.76711 -0.194643 0)
(1.77316 -0.195586 0)
(1.77811 -0.196762 0)
(1.77965 -0.19816 0)
(1.77655 -0.199516 0)
(1.77515 -0.200122 0)
(1.77826 -0.199436 0)
(1.78261 -0.198745 0)
(1.78773 -0.199175 0)
(1.79348 -0.201312 0)
(1.79893 -0.203672 0)
(1.80243 -0.206344 0)
(1.80159 -0.209478 0)
(1.80303 -0.211596 0)
(1.80886 -0.212846 0)
(1.81472 -0.213763 0)
(1.82045 -0.214155 0)
(1.82685 -0.214566 0)
(1.83345 -0.215335 0)
(1.83957 -0.216203 0)
(1.84557 -0.21723 0)
(1.85034 -0.218313 0)
(1.85042 -0.218725 0)
(1.84121 -0.217315 0)
(1.83336 -0.216047 0)
(1.83576 -0.216532 0)
(1.84091 -0.217724 0)
(1.84672 -0.219194 0)
(1.85259 -0.221117 0)
(1.85886 -0.222967 0)
(1.86565 -0.224463 0)
(1.87186 -0.225209 0)
(1.87776 -0.225788 0)
(1.88299 -0.226997 0)
(1.8872 -0.229114 0)
(1.89 -0.229681 0)
(1.89085 -0.228423 0)
(1.89211 -0.227378 0)
(1.89543 -0.22713 0)
(1.89925 -0.227346 0)
(1.90151 -0.227798 0)
(1.89836 -0.228265 0)
(1.89153 -0.228235 0)
(1.89248 -0.228374 0)
(1.89757 -0.228775 0)
(1.90355 -0.229412 0)
(1.90993 -0.230201 0)
(1.91687 -0.231524 0)
(1.92351 -0.232947 0)
(1.92996 -0.234385 0)
(1.93615 -0.236116 0)
(1.9419 -0.237992 0)
(1.94713 -0.240139 0)
(1.95224 -0.242788 0)
(1.95709 -0.245813 0)
(1.96081 -0.248142 0)
(1.96218 -0.247865 0)
(1.95774 -0.244619 0)
(1.9463 -0.240723 0)
(1.94162 -0.238854 0)
(1.94568 -0.238476 0)
(1.95021 -0.238768 0)
(1.95491 -0.239481 0)
(1.95935 -0.240479 0)
(1.96355 -0.241282 0)
(1.96856 -0.240993 0)
(1.97242 -0.238329 0)
(1.97545 -0.235241 0)
(1.97818 -0.231897 0)
(1.98072 -0.226026 0)
(1.98342 -0.218024 0)
(1.98502 -0.207516 0)
(1.98556 -0.192162 0)
(1.97417 -0.171774 0)
(1.95764 -0.144721 0)
(1.94368 -0.118676 0)
(1.92909 -0.10059 0)
(1.89697 -0.0606128 0)
(1.87703 -0.0202427 0)
(1.87091 -0.00342322 0)
(1.84562 0.0464996 0)
(1.83365 0.087705 0)
(1.82588 0.113823 0)
(1.81726 0.157428 0)
(1.82049 0.173667 0)
(1.8217 0.187106 0)
(1.81051 0.202714 0)
(1.79799 0.221888 0)
(1.79182 0.235929 0)
(1.78227 0.243585 0)
(1.77399 0.253443 0)
(1.76491 0.265127 0)
(1.76242 0.268868 0)
(1.76096 0.270817 0)
(1.76203 0.277033 0)
(1.76523 0.286314 0)
(1.76633 0.289054 0)
(1.76798 0.288929 0)
(1.76897 0.286916 0)
(1.77061 0.283954 0)
(1.77337 0.280951 0)
(1.77712 0.278038 0)
(1.78358 0.277167 0)
(1.79254 0.280941 0)
(1.79672 0.283995 0)
(1.80069 0.287361 0)
(1.80201 0.291083 0)
(1.79771 0.294043 0)
(1.78983 0.294165 0)
(1.78656 0.292366 0)
(1.78865 0.292088 0)
(1.79238 0.292443 0)
(1.79663 0.292762 0)
(1.80129 0.292553 0)
(1.80604 0.291802 0)
(1.81105 0.291245 0)
(1.81523 0.291722 0)
(1.81813 0.293193 0)
(1.82171 0.295398 0)
(1.82537 0.297161 0)
(1.82869 0.298262 0)
(1.8318 0.299396 0)
(1.83372 0.301438 0)
(1.83105 0.304697 0)
(1.81952 0.308452 0)
(1.81145 0.310603 0)
(1.81307 0.310396 0)
(1.81547 0.310086 0)
(1.81847 0.309592 0)
(1.82214 0.308708 0)
(1.82839 0.307682 0)
(1.84036 0.306459 0)
(1.85095 0.306191 0)
(1.8552 0.307039 0)
(1.85918 0.308329 0)
(1.86266 0.309773 0)
(1.86561 0.311734 0)
(1.86685 0.314027 0)
(1.86096 0.317033 0)
(1.84666 0.3208 0)
(1.84071 0.322573 0)
(1.84313 0.322755 0)
(1.84609 0.32254 0)
(1.84967 0.322392 0)
(1.85516 0.322113 0)
(1.86588 0.320605 0)
(1.87555 0.318714 0)
(1.87907 0.318827 0)
(1.88321 0.319793 0)
(1.88667 0.320589 0)
(1.8897 0.321312 0)
(1.89213 0.322159 0)
(1.89086 0.323761 0)
(1.88209 0.327344 0)
(1.87367 0.330661 0)
(1.87296 0.332277 0)
(1.87569 0.332964 0)
(1.87831 0.332626 0)
(1.8817 0.331734 0)
(1.88721 0.330901 0)
(1.89532 0.32895 0)
(1.9005 0.327266 0)
(1.9041 0.326967 0)
(1.90782 0.327349 0)
(1.91134 0.328115 0)
(1.91432 0.329176 0)
(1.91649 0.330591 0)
(1.91782 0.332177 0)
(1.91698 0.334016 0)
(1.91204 0.337449 0)
(1.90439 0.340453 0)
(1.90228 0.341721 0)
(1.90465 0.341642 0)
(1.9075 0.340461 0)
(1.91113 0.339367 0)
(1.915 0.33859 0)
(1.92159 0.337843 0)
(1.93233 0.336449 0)
(1.93882 0.336119 0)
(1.94226 0.336972 0)
(1.94629 0.33831 0)
(1.94998 0.339218 0)
(1.95307 0.339915 0)
(1.95321 0.341013 0)
(1.94476 0.344434 0)
(1.93226 0.348685 0)
(1.93019 0.350435 0)
(1.9328 0.350831 0)
(1.9356 0.350835 0)
(1.93879 0.350406 0)
(1.94314 0.350132 0)
(1.95228 0.348973 0)
(1.96186 0.346504 0)
(1.96619 0.345666 0)
(1.97004 0.345888 0)
(1.97375 0.346187 0)
(1.97692 0.346293 0)
(1.97753 0.346753 0)
(1.97173 0.349415 0)
(1.96042 0.352898 0)
(1.95803 0.353998 0)
(1.95994 0.354206 0)
(1.96176 0.353731 0)
(1.96379 0.352284 0)
(1.96637 0.350819 0)
(1.96961 0.348281 0)
(1.97371 0.344534 0)
(1.97664 0.339485 0)
(1.97802 0.335738 0)
(1.97865 0.332157 0)
(1.9792 0.32696 0)
(1.97911 0.319319 0)
(1.97386 0.310895 0)
(1.96942 0.300471 0)
(1.96649 0.292969 0)
(1.96084 0.283093 0)
(1.95374 0.270448 0)
(1.94748 0.259404 0)
(1.93919 0.240668 0)
(1.9323 0.219057 0)
(1.92744 0.204085 0)
(1.92251 0.184158 0)
(1.91879 0.159193 0)
(1.91431 0.126815 0)
(1.91521 0.102753 0)
(1.9227 0.0891132 0)
(1.91923 0.0635647 0)
(1.91085 0.0382588 0)
(1.9057 0.0321859 0)
(1.8994 0.0266839 0)
(1.88841 0.0129891 0)
(1.88342 0.000278153 0)
(1.88009 -0.0010337 0)
(1.87655 -0.00782817 0)
(1.87395 -0.0220903 0)
(1.87552 -0.027735 0)
(1.8736 -0.0352057 0)
(1.87445 -0.0433945 0)
(1.87698 -0.0448565 0)
(1.88292 -0.0471063 0)
(1.88518 -0.0517686 0)
(1.8839 -0.0554242 0)
(1.8838 -0.0584842 0)
(1.88486 -0.0616263 0)
(1.88649 -0.0683926 0)
(1.56243 -0.0913368 0)
(1.5689 -0.0934131 0)
(1.57498 -0.0954027 0)
(1.5805 -0.0977249 0)
(1.58468 -0.101216 0)
(1.58762 -0.106153 0)
(1.59246 -0.110373 0)
(1.59844 -0.113458 0)
(1.60492 -0.116026 0)
(1.61198 -0.117102 0)
(1.61907 -0.117937 0)
(1.62605 -0.118895 0)
(1.63287 -0.119911 0)
(1.63945 -0.120901 0)
(1.64528 -0.121812 0)
(1.64815 -0.122392 0)
(1.64323 -0.122407 0)
(1.63746 -0.123833 0)
(1.64147 -0.126014 0)
(1.64734 -0.128333 0)
(1.65352 -0.13119 0)
(1.66001 -0.134471 0)
(1.66658 -0.13811 0)
(1.67304 -0.141842 0)
(1.67928 -0.145369 0)
(1.68523 -0.148316 0)
(1.69103 -0.150611 0)
(1.69623 -0.151573 0)
(1.70044 -0.151265 0)
(1.70435 -0.150208 0)
(1.70888 -0.149357 0)
(1.71351 -0.149067 0)
(1.71697 -0.149257 0)
(1.7159 -0.149876 0)
(1.70849 -0.151209 0)
(1.70952 -0.15348 0)
(1.71474 -0.155545 0)
(1.72074 -0.158074 0)
(1.72867 -0.160644 0)
(1.73944 -0.163324 0)
(1.74843 -0.165547 0)
(1.75594 -0.167365 0)
(1.76297 -0.168918 0)
(1.7697 -0.170547 0)
(1.77613 -0.172322 0)
(1.78171 -0.173957 0)
(1.78389 -0.174742 0)
(1.7812 -0.173532 0)
(1.78046 -0.171847 0)
(1.78216 -0.170784 0)
(1.78231 -0.170343 0)
(1.77749 -0.170617 0)
(1.77497 -0.171705 0)
(1.77917 -0.173681 0)
(1.78422 -0.17532 0)
(1.79008 -0.177479 0)
(1.79711 -0.179907 0)
(1.8076 -0.182375 0)
(1.81649 -0.184015 0)
(1.82371 -0.18534 0)
(1.83061 -0.186649 0)
(1.83717 -0.187989 0)
(1.8436 -0.189483 0)
(1.8497 -0.191042 0)
(1.85475 -0.192519 0)
(1.85542 -0.193423 0)
(1.84731 -0.192761 0)
(1.83932 -0.191076 0)
(1.84013 -0.189563 0)
(1.84492 -0.188702 0)
(1.85017 -0.18919 0)
(1.85572 -0.190754 0)
(1.86122 -0.192239 0)
(1.86618 -0.193955 0)
(1.86978 -0.196084 0)
(1.87087 -0.198174 0)
(1.87325 -0.199047 0)
(1.87916 -0.199306 0)
(1.88509 -0.199758 0)
(1.89102 -0.200431 0)
(1.89689 -0.201214 0)
(1.90258 -0.201653 0)
(1.90768 -0.201607 0)
(1.9106 -0.200943 0)
(1.90625 -0.19928 0)
(1.89499 -0.196776 0)
(1.89482 -0.195638 0)
(1.89897 -0.196048 0)
(1.90392 -0.198073 0)
(1.91165 -0.20016 0)
(1.9198 -0.201921 0)
(1.92647 -0.203491 0)
(1.93284 -0.204886 0)
(1.93893 -0.206268 0)
(1.94472 -0.207662 0)
(1.9501 -0.208882 0)
(1.9551 -0.210035 0)
(1.95983 -0.211223 0)
(1.96455 -0.212342 0)
(1.96901 -0.213411 0)
(1.97044 -0.214135 0)
(1.96191 -0.212555 0)
(1.9498 -0.209002 0)
(1.94839 -0.206711 0)
(1.95287 -0.205946 0)
(1.95832 -0.206133 0)
(1.96389 -0.207078 0)
(1.96974 -0.207837 0)
(1.97566 -0.208371 0)
(1.98142 -0.209111 0)
(1.9871 -0.209352 0)
(1.99243 -0.208708 0)
(1.99735 -0.207728 0)
(2.0029 -0.206737 0)
(2.00705 -0.206052 0)
(2.01063 -0.205826 0)
(2.01416 -0.205549 0)
(2.01632 -0.204908 0)
(2.01306 -0.202164 0)
(1.99921 -0.192164 0)
(1.98571 -0.177671 0)
(1.98138 -0.170569 0)
(1.97466 -0.157545 0)
(1.96718 -0.135899 0)
(1.9625 -0.116544 0)
(1.95803 -0.0987647 0)
(1.94248 -0.0544876 0)
(1.93571 -0.0212389 0)
(1.93278 -0.000149529 0)
(1.90582 0.0451904 0)
(1.89411 0.0689476 0)
(1.88105 0.0893152 0)
(1.85295 0.133467 0)
(1.84593 0.154849 0)
(1.8382 0.176466 0)
(1.81654 0.211909 0)
(1.80662 0.236593 0)
(1.80263 0.240896 0)
(1.8002 0.252533 0)
(1.79499 0.267369 0)
(1.7898 0.281447 0)
(1.78492 0.290903 0)
(1.78242 0.297018 0)
(1.78098 0.299856 0)
(1.78115 0.299846 0)
(1.78714 0.298137 0)
(1.79908 0.299465 0)
(1.80525 0.304999 0)
(1.80588 0.307254 0)
(1.80647 0.308653 0)
(1.80618 0.31007 0)
(1.80249 0.312055 0)
(1.79587 0.314455 0)
(1.79212 0.315255 0)
(1.7936 0.314821 0)
(1.79663 0.313803 0)
(1.80051 0.312094 0)
(1.80463 0.311118 0)
(1.80864 0.31091 0)
(1.81423 0.310923 0)
(1.82465 0.310939 0)
(1.83334 0.31163 0)
(1.83685 0.31271 0)
(1.84047 0.313911 0)
(1.84353 0.315314 0)
(1.84566 0.31724 0)
(1.84419 0.319789 0)
(1.83357 0.322915 0)
(1.81745 0.32498 0)
(1.81323 0.326048 0)
(1.81595 0.326534 0)
(1.81918 0.327099 0)
(1.82311 0.327972 0)
(1.82877 0.328901 0)
(1.83993 0.329296 0)
(1.85516 0.328131 0)
(1.8652 0.326529 0)
(1.86785 0.325527 0)
(1.87068 0.325264 0)
(1.8736 0.325487 0)
(1.87635 0.326282 0)
(1.87665 0.328554 0)
(1.86732 0.333367 0)
(1.85079 0.338942 0)
(1.84615 0.341611 0)
(1.84862 0.342164 0)
(1.85152 0.342182 0)
(1.85513 0.34209 0)
(1.86075 0.341767 0)
(1.87112 0.340277 0)
(1.88189 0.338388 0)
(1.88608 0.338 0)
(1.88966 0.338636 0)
(1.89279 0.339168 0)
(1.89551 0.339421 0)
(1.89786 0.339713 0)
(1.89834 0.340937 0)
(1.89366 0.34452 0)
(1.88651 0.348576 0)
(1.88123 0.350754 0)
(1.88108 0.351758 0)
(1.88382 0.351929 0)
(1.88706 0.350669 0)
(1.89134 0.349387 0)
(1.89563 0.348654 0)
(1.90098 0.348304 0)
(1.90903 0.347744 0)
(1.91569 0.347364 0)
(1.91894 0.3476 0)
(1.92245 0.348031 0)
(1.92571 0.348435 0)
(1.92901 0.349076 0)
(1.93051 0.350253 0)
(1.92565 0.352986 0)
(1.91369 0.357126 0)
(1.90746 0.359748 0)
(1.90987 0.360716 0)
(1.9128 0.360994 0)
(1.91598 0.361119 0)
(1.91958 0.360869 0)
(1.92629 0.360169 0)
(1.93611 0.358421 0)
(1.94285 0.356851 0)
(1.94565 0.356529 0)
(1.9488 0.356961 0)
(1.95169 0.35747 0)
(1.95395 0.358173 0)
(1.95452 0.358967 0)
(1.94868 0.361489 0)
(1.93645 0.364549 0)
(1.93317 0.365688 0)
(1.93539 0.366141 0)
(1.93768 0.365967 0)
(1.94049 0.364644 0)
(1.94448 0.362758 0)
(1.95101 0.360404 0)
(1.9592 0.357521 0)
(1.96396 0.355844 0)
(1.96629 0.355653 0)
(1.96814 0.355567 0)
(1.96921 0.354842 0)
(1.96881 0.352857 0)
(1.96471 0.348813 0)
(1.95807 0.343062 0)
(1.95564 0.340409 0)
(1.95204 0.333955 0)
(1.94926 0.324552 0)
(1.9461 0.313643 0)
(1.94154 0.301646 0)
(1.9348 0.28292 0)
(1.92985 0.264712 0)
(1.9257 0.249835 0)
(1.91759 0.223347 0)
(1.91462 0.198195 0)
(1.90991 0.170054 0)
(1.90711 0.146958 0)
(1.90939 0.128015 0)
(1.90163 0.0955395 0)
(1.89479 0.0780643 0)
(1.88845 0.0726514 0)
(1.87409 0.0595469 0)
(1.86513 0.0402069 0)
(1.86047 0.035856 0)
(1.85417 0.0243836 0)
(1.84733 0.000272935 0)
(1.84848 -0.0124916 0)
(1.84716 -0.0248519 0)
(1.84852 -0.042345 0)
(1.85547 -0.0495588 0)
(1.85871 -0.0568877 0)
(1.85618 -0.0621862 0)
(1.85489 -0.0668582 0)
(1.85408 -0.0714344 0)
(1.85498 -0.0775738 0)
(1.85578 -0.0846741 0)
(1.85495 -0.0877361 0)
(1.85486 -0.0909509 0)
(1.85349 -0.0942732 0)
(1.85013 -0.0918337 0)
(1.84913 -0.0862124 0)
(1.85049 -0.081984 0)
(1.85251 -0.0796687 0)
(1.85736 -0.0771204 0)
(1.8613 -0.076114 0)
(1.86301 -0.0771357 0)
(1.86516 -0.0796396 0)
(1.86753 -0.0820422 0)
(1.87114 -0.0824703 0)
(1.53983 -0.0749352 0)
(1.54561 -0.0751082 0)
(1.55013 -0.0762618 0)
(1.55254 -0.0792097 0)
(1.55427 -0.0833725 0)
(1.55937 -0.0867612 0)
(1.56639 -0.0891754 0)
(1.57439 -0.0920195 0)
(1.584 -0.0951899 0)
(1.59368 -0.0978433 0)
(1.60096 -0.0992103 0)
(1.60778 -0.100152 0)
(1.61431 -0.101175 0)
(1.6205 -0.102252 0)
(1.62613 -0.103254 0)
(1.63072 -0.104098 0)
(1.63284 -0.104845 0)
(1.62826 -0.103566 0)
(1.62337 -0.102412 0)
(1.62719 -0.103835 0)
(1.63325 -0.106138 0)
(1.63946 -0.108738 0)
(1.64599 -0.111379 0)
(1.65281 -0.113963 0)
(1.66007 -0.116619 0)
(1.66809 -0.11928 0)
(1.67644 -0.121361 0)
(1.68402 -0.122683 0)
(1.6911 -0.124344 0)
(1.69783 -0.126349 0)
(1.70447 -0.128058 0)
(1.71122 -0.129309 0)
(1.71707 -0.130119 0)
(1.71861 -0.129883 0)
(1.70948 -0.127417 0)
(1.69922 -0.126325 0)
(1.70258 -0.127384 0)
(1.7088 -0.129072 0)
(1.71555 -0.13105 0)
(1.72278 -0.132993 0)
(1.73066 -0.13534 0)
(1.73858 -0.138092 0)
(1.74533 -0.140375 0)
(1.75158 -0.141918 0)
(1.75763 -0.143178 0)
(1.76368 -0.14449 0)
(1.77027 -0.146162 0)
(1.77648 -0.147713 0)
(1.78324 -0.148572 0)
(1.78919 -0.149053 0)
(1.79127 -0.148628 0)
(1.78212 -0.14627 0)
(1.76795 -0.144617 0)
(1.76841 -0.145511 0)
(1.7738 -0.147051 0)
(1.77986 -0.148448 0)
(1.7866 -0.150015 0)
(1.79408 -0.151782 0)
(1.80283 -0.153884 0)
(1.81019 -0.1558 0)
(1.81659 -0.157168 0)
(1.82258 -0.158418 0)
(1.82817 -0.159725 0)
(1.8332 -0.161152 0)
(1.83797 -0.162731 0)
(1.84294 -0.164208 0)
(1.84804 -0.165363 0)
(1.8524 -0.165391 0)
(1.85239 -0.1642 0)
(1.84291 -0.162629 0)
(1.8341 -0.162306 0)
(1.83622 -0.162783 0)
(1.84111 -0.163662 0)
(1.84662 -0.164607 0)
(1.85248 -0.165761 0)
(1.8589 -0.167352 0)
(1.86855 -0.169402 0)
(1.87943 -0.170912 0)
(1.88602 -0.171228 0)
(1.89259 -0.171695 0)
(1.8986 -0.17223 0)
(1.90472 -0.172919 0)
(1.9107 -0.173784 0)
(1.91594 -0.17464 0)
(1.91864 -0.174835 0)
(1.91458 -0.173126 0)
(1.90039 -0.170289 0)
(1.89159 -0.169809 0)
(1.8956 -0.170193 0)
(1.90111 -0.170806 0)
(1.90663 -0.171486 0)
(1.91254 -0.172411 0)
(1.9186 -0.173527 0)
(1.92425 -0.174448 0)
(1.9298 -0.175298 0)
(1.93511 -0.176211 0)
(1.9399 -0.177225 0)
(1.94384 -0.17828 0)
(1.94808 -0.179173 0)
(1.95278 -0.179875 0)
(1.95732 -0.180568 0)
(1.96214 -0.181602 0)
(1.96688 -0.18181 0)
(1.96719 -0.180198 0)
(1.95676 -0.17744 0)
(1.94594 -0.177367 0)
(1.94852 -0.178058 0)
(1.95371 -0.178712 0)
(1.95942 -0.179348 0)
(1.96519 -0.179995 0)
(1.97102 -0.180551 0)
(1.9771 -0.180817 0)
(1.98382 -0.180967 0)
(1.99049 -0.180999 0)
(1.99621 -0.181286 0)
(2.00147 -0.181968 0)
(2.00625 -0.18279 0)
(2.01006 -0.183222 0)
(2.01274 -0.183012 0)
(2.01414 -0.181439 0)
(2.01237 -0.177733 0)
(2.00001 -0.173593 0)
(1.99227 -0.170876 0)
(1.99505 -0.170262 0)
(1.99665 -0.169298 0)
(1.99923 -0.167169 0)
(2.00204 -0.163788 0)
(2.00461 -0.158755 0)
(2.00646 -0.152324 0)
(2.0061 -0.140319 0)
(2.00341 -0.123136 0)
(2.00008 -0.112367 0)
(1.98672 -0.0861322 0)
(1.97783 -0.0579353 0)
(1.96536 -0.022484 0)
(1.94137 0.0259369 0)
(1.93147 0.0470402 0)
(1.91113 0.0766513 0)
(1.87699 0.128474 0)
(1.8631 0.163267 0)
(1.85521 0.170283 0)
(1.84373 0.195548 0)
(1.82916 0.233864 0)
(1.82223 0.262078 0)
(1.81793 0.271252 0)
(1.81733 0.271834 0)
(1.82798 0.277078 0)
(1.83736 0.295508 0)
(1.832 0.310539 0)
(1.82774 0.312145 0)
(1.82373 0.313817 0)
(1.81955 0.324446 0)
(1.81097 0.335158 0)
(1.8028 0.339452 0)
(1.79938 0.339631 0)
(1.79945 0.340066 0)
(1.8018 0.34193 0)
(1.80443 0.342636 0)
(1.80686 0.342411 0)
(1.81119 0.341127 0)
(1.82113 0.33824 0)
(1.83312 0.333964 0)
(1.83758 0.332451 0)
(1.84052 0.332922 0)
(1.84428 0.334119 0)
(1.84793 0.335889 0)
(1.85019 0.338342 0)
(1.84807 0.34094 0)
(1.83727 0.343353 0)
(1.82381 0.34405 0)
(1.82016 0.343582 0)
(1.82326 0.343665 0)
(1.82684 0.343835 0)
(1.83115 0.344283 0)
(1.83852 0.346072 0)
(1.85136 0.347563 0)
(1.86539 0.346228 0)
(1.87117 0.344361 0)
(1.87388 0.343486 0)
(1.87697 0.343024 0)
(1.87927 0.343137 0)
(1.8804 0.343895 0)
(1.87926 0.345591 0)
(1.87122 0.349563 0)
(1.85809 0.355134 0)
(1.85324 0.358429 0)
(1.85546 0.359775 0)
(1.85811 0.360392 0)
(1.86157 0.3612 0)
(1.86674 0.361472 0)
(1.87482 0.360365 0)
(1.88466 0.357879 0)
(1.89099 0.355726 0)
(1.89365 0.355218 0)
(1.89692 0.355743 0)
(1.89982 0.356308 0)
(1.90251 0.357303 0)
(1.90559 0.358533 0)
(1.90731 0.360922 0)
(1.90433 0.365068 0)
(1.89537 0.369325 0)
(1.88742 0.370774 0)
(1.8887 0.37125 0)
(1.89166 0.371017 0)
(1.89517 0.370616 0)
(1.89913 0.370382 0)
(1.90544 0.370092 0)
(1.91479 0.368207 0)
(1.9202 0.366503 0)
(1.92402 0.366751 0)
(1.92787 0.367362 0)
(1.93105 0.367761 0)
(1.93371 0.367811 0)
(1.93529 0.367996 0)
(1.9319 0.369645 0)
(1.9205 0.374007 0)
(1.91303 0.376616 0)
(1.91479 0.377698 0)
(1.91735 0.378231 0)
(1.92 0.378646 0)
(1.92323 0.37814 0)
(1.92948 0.376068 0)
(1.93842 0.373504 0)
(1.94663 0.371309 0)
(1.94969 0.37048 0)
(1.95103 0.370448 0)
(1.95302 0.370681 0)
(1.95451 0.371108 0)
(1.95384 0.371452 0)
(1.94619 0.372315 0)
(1.93535 0.370354 0)
(1.93288 0.36736 0)
(1.93294 0.365313 0)
(1.93312 0.361587 0)
(1.93325 0.356115 0)
(1.93339 0.347683 0)
(1.93355 0.335897 0)
(1.93336 0.322283 0)
(1.93157 0.305099 0)
(1.92765 0.287209 0)
(1.92242 0.267943 0)
(1.92037 0.249518 0)
(1.91663 0.222833 0)
(1.91218 0.199085 0)
(1.90908 0.190405 0)
(1.89688 0.173334 0)
(1.88082 0.145884 0)
(1.87365 0.133633 0)
(1.86447 0.121646 0)
(1.85215 0.0947864 0)
(1.85044 0.0833471 0)
(1.8497 0.0700947 0)
(1.84248 0.0441798 0)
(1.84048 0.021262 0)
(1.8396 0.00544781 0)
(1.84087 -0.00447448 0)
(1.84743 -0.0106667 0)
(1.85768 -0.016422 0)
(1.85724 -0.0195799 0)
(1.85441 -0.0197108 0)
(1.85325 -0.0214792 0)
(1.85127 -0.0278117 0)
(1.84655 -0.0329975 0)
(1.84159 -0.034373 0)
(1.83828 -0.0363445 0)
(1.83766 -0.0379482 0)
(1.83851 -0.0391015 0)
(1.841 -0.040594 0)
(1.84532 -0.0425548 0)
(1.84709 -0.0440696 0)
(1.84753 -0.0454623 0)
(1.84844 -0.0487387 0)
(1.85048 -0.05122 0)
(1.85346 -0.0533524 0)
(1.85748 -0.0561855 0)
(1.85961 -0.0570815 0)
(1.86277 -0.0575907 0)
(1.86473 -0.0577077 0)
(1.86461 -0.0576811 0)
(1.86267 -0.0580555 0)
(1.86017 -0.0583346 0)
(1.86048 -0.0582086 0)
(1.8634 -0.0591681 0)
(1.86599 -0.060891 0)
(1.86651 -0.0633464 0)
(1.86687 -0.0662688 0)
(1.86951 -0.0679737 0)
(1.87236 -0.0682725 0)
(1.51598 -0.0623903 0)
(1.5202 -0.0629819 0)
(1.51989 -0.0641133 0)
(1.51583 -0.0665475 0)
(1.51862 -0.0695325 0)
(1.5251 -0.0715606 0)
(1.53205 -0.073386 0)
(1.53961 -0.0753629 0)
(1.54847 -0.0776122 0)
(1.56007 -0.0802689 0)
(1.57084 -0.0824223 0)
(1.57859 -0.0834925 0)
(1.58571 -0.0843056 0)
(1.59255 -0.085277 0)
(1.59908 -0.0863997 0)
(1.60507 -0.0875279 0)
(1.60973 -0.088328 0)
(1.61175 -0.088772 0)
(1.60788 -0.0885502 0)
(1.60177 -0.0877816 0)
(1.60472 -0.0887211 0)
(1.61138 -0.0905315 0)
(1.61812 -0.0925285 0)
(1.62529 -0.094284 0)
(1.63292 -0.0960131 0)
(1.64169 -0.0979553 0)
(1.65241 -0.100324 0)
(1.66175 -0.102469 0)
(1.66948 -0.103994 0)
(1.67654 -0.105397 0)
(1.68306 -0.106801 0)
(1.68907 -0.108009 0)
(1.69448 -0.109057 0)
(1.6988 -0.109835 0)
(1.7006 -0.110177 0)
(1.69417 -0.10847 0)
(1.68489 -0.1061 0)
(1.6881 -0.106354 0)
(1.69431 -0.10764 0)
(1.70083 -0.108994 0)
(1.70772 -0.110279 0)
(1.71503 -0.111786 0)
(1.72334 -0.113802 0)
(1.73144 -0.115998 0)
(1.73828 -0.117408 0)
(1.74494 -0.118533 0)
(1.75152 -0.11995 0)
(1.75801 -0.121443 0)
(1.76393 -0.122436 0)
(1.76944 -0.123322 0)
(1.77405 -0.124048 0)
(1.7761 -0.124221 0)
(1.76934 -0.122301 0)
(1.75922 -0.119539 0)
(1.76188 -0.119647 0)
(1.76762 -0.120923 0)
(1.77379 -0.122144 0)
(1.78037 -0.123499 0)
(1.78761 -0.125343 0)
(1.7953 -0.127762 0)
(1.80191 -0.129623 0)
(1.80824 -0.130959 0)
(1.81422 -0.132398 0)
(1.81965 -0.133985 0)
(1.82435 -0.135484 0)
(1.82893 -0.136604 0)
(1.8342 -0.137047 0)
(1.8393 -0.136889 0)
(1.84382 -0.136464 0)
(1.84568 -0.135632 0)
(1.83845 -0.13286 0)
(1.83014 -0.13149 0)
(1.83294 -0.132461 0)
(1.83819 -0.133416 0)
(1.84399 -0.134421 0)
(1.84999 -0.135513 0)
(1.85646 -0.136824 0)
(1.86386 -0.13838 0)
(1.87055 -0.1397 0)
(1.8765 -0.140592 0)
(1.88229 -0.1415 0)
(1.88785 -0.14256 0)
(1.89315 -0.143658 0)
(1.89802 -0.14461 0)
(1.90236 -0.145262 0)
(1.90619 -0.14551 0)
(1.90832 -0.145112 0)
(1.90275 -0.142234 0)
(1.89101 -0.140083 0)
(1.89021 -0.141099 0)
(1.89469 -0.142408 0)
(1.89969 -0.143761 0)
(1.90481 -0.145386 0)
(1.90986 -0.147126 0)
(1.91485 -0.148836 0)
(1.91979 -0.150454 0)
(1.92472 -0.1518 0)
(1.92985 -0.152563 0)
(1.93525 -0.152751 0)
(1.94069 -0.152592 0)
(1.94621 -0.152184 0)
(1.95192 -0.151482 0)
(1.95685 -0.14999 0)
(1.96086 -0.14831 0)
(1.96204 -0.147092 0)
(1.95457 -0.145186 0)
(1.94719 -0.144455 0)
(1.95009 -0.145086 0)
(1.9549 -0.145744 0)
(1.96013 -0.146346 0)
(1.96548 -0.147089 0)
(1.97102 -0.148216 0)
(1.9764 -0.149546 0)
(1.98161 -0.150778 0)
(1.98675 -0.151735 0)
(1.99185 -0.152449 0)
(1.99678 -0.152931 0)
(2.0014 -0.152993 0)
(2.00581 -0.152416 0)
(2.00984 -0.151302 0)
(2.01262 -0.150029 0)
(2.00991 -0.148385 0)
(1.99673 -0.146233 0)
(1.99099 -0.145493 0)
(1.99486 -0.145415 0)
(1.99902 -0.145671 0)
(2.00365 -0.146282 0)
(2.00836 -0.147238 0)
(2.01292 -0.147635 0)
(2.01773 -0.147349 0)
(2.02446 -0.146862 0)
(2.03141 -0.144826 0)
(2.03667 -0.141373 0)
(2.04001 -0.136551 0)
(2.04221 -0.131409 0)
(2.04293 -0.124207 0)
(2.03802 -0.112089 0)
(2.02234 -0.09711 0)
(2.00184 -0.0696487 0)
(1.99002 -0.0519531 0)
(1.97126 -0.034025 0)
(1.94447 0.0110349 0)
(1.93526 0.0439251 0)
(1.93135 0.0672273 0)
(1.90945 0.117808 0)
(1.90083 0.148741 0)
(1.89227 0.179558 0)
(1.88423 0.222455 0)
(1.88361 0.237014 0)
(1.88406 0.248085 0)
(1.87276 0.267743 0)
(1.85756 0.291373 0)
(1.85207 0.304138 0)
(1.83909 0.309961 0)
(1.83073 0.31787 0)
(1.8217 0.331563 0)
(1.81278 0.344246 0)
(1.81024 0.35201 0)
(1.81018 0.353213 0)
(1.81196 0.355628 0)
(1.81775 0.359986 0)
(1.82634 0.360601 0)
(1.83512 0.356063 0)
(1.8405 0.352064 0)
(1.84305 0.351178 0)
(1.84611 0.351653 0)
(1.84846 0.353698 0)
(1.84975 0.356053 0)
(1.84971 0.358396 0)
(1.84509 0.362225 0)
(1.83566 0.366793 0)
(1.83308 0.368972 0)
(1.83586 0.369634 0)
(1.83869 0.369931 0)
(1.84216 0.37039 0)
(1.84785 0.370628 0)
(1.85762 0.368517 0)
(1.86904 0.363038 0)
(1.8736 0.359307 0)
(1.87792 0.359621 0)
(1.88116 0.360721 0)
(1.88344 0.361937 0)
(1.88432 0.36279 0)
(1.8833 0.363579 0)
(1.87858 0.365861 0)
(1.86984 0.370613 0)
(1.86318 0.374565 0)
(1.86385 0.377376 0)
(1.86657 0.378421 0)
(1.86981 0.379285 0)
(1.87392 0.38011 0)
(1.87933 0.380226 0)
(1.88632 0.378992 0)
(1.89556 0.376734 0)
(1.9015 0.375106 0)
(1.90417 0.375228 0)
(1.90733 0.37602 0)
(1.90995 0.37719 0)
(1.91233 0.379006 0)
(1.91445 0.381157 0)
(1.9145 0.3839 0)
(1.90682 0.389309 0)
(1.89592 0.39327 0)
(1.89454 0.39406 0)
(1.89733 0.393796 0)
(1.90027 0.393198 0)
(1.90335 0.392135 0)
(1.90799 0.391081 0)
(1.91644 0.388571 0)
(1.92616 0.384948 0)
(1.93055 0.382947 0)
(1.9332 0.382694 0)
(1.93497 0.382727 0)
(1.93624 0.382999 0)
(1.93596 0.383912 0)
(1.92997 0.385828 0)
(1.91868 0.388491 0)
(1.91636 0.389237 0)
(1.91761 0.389189 0)
(1.91844 0.387942 0)
(1.91995 0.386188 0)
(1.92247 0.383791 0)
(1.928 0.378845 0)
(1.93537 0.370637 0)
(1.93835 0.361959 0)
(1.93751 0.354058 0)
(1.93515 0.344503 0)
(1.93417 0.328786 0)
(1.92751 0.312494 0)
(1.91884 0.296563 0)
(1.91121 0.283708 0)
(1.9005 0.269561 0)
(1.88883 0.253116 0)
(1.8777 0.236054 0)
(1.86666 0.212312 0)
(1.85909 0.189193 0)
(1.85648 0.176488 0)
(1.84714 0.146032 0)
(1.84209 0.111268 0)
(1.84314 0.0971107 0)
(1.83652 0.0714134 0)
(1.83594 0.0452 0)
(1.8424 0.0315629 0)
(1.84566 0.0161628 0)
(1.84393 0.00798842 0)
(1.83626 0.00171672 0)
(1.83084 -0.00366362 0)
(1.82687 -0.0118626 0)
(1.82124 -0.0195091 0)
(1.81387 -0.0309014 0)
(1.80593 -0.0430484 0)
(1.80338 -0.0489699 0)
(1.80384 -0.0513959 0)
(1.80539 -0.052421 0)
(1.80961 -0.0533869 0)
(1.81751 -0.0527706 0)
(1.82742 -0.0537407 0)
(1.83426 -0.0593769 0)
(1.83603 -0.0614299 0)
(1.83765 -0.0630613 0)
(1.83919 -0.0669954 0)
(1.83902 -0.0714779 0)
(1.83666 -0.0729378 0)
(1.83292 -0.069422 0)
(1.83063 -0.0638363 0)
(1.8319 -0.0597376 0)
(1.83553 -0.0566884 0)
(1.84038 -0.0522807 0)
(1.84284 -0.0497401 0)
(1.8448 -0.049294 0)
(1.84613 -0.0501105 0)
(1.84745 -0.0512547 0)
(1.84979 -0.051707 0)
(1.85269 -0.0520289 0)
(1.85684 -0.0528826 0)
(1.86329 -0.0532737 0)
(1.86827 -0.051979 0)
(1.87089 -0.0494888 0)
(1.8734 -0.0467186 0)
(1.87555 -0.0443915 0)
(1.87676 -0.0421451 0)
(1.87684 -0.0409343 0)
(1.87423 -0.0414901 0)
(1.869 -0.0443101 0)
(1.86705 -0.0478545 0)
(1.86871 -0.0487675 0)
(1.87175 -0.0487567 0)
(1.87519 -0.0486913 0)
(1.49119 -0.0554049 0)
(1.49485 -0.0563172 0)
(1.49421 -0.0567675 0)
(1.48889 -0.0563575 0)
(1.48879 -0.0559889 0)
(1.49516 -0.0565503 0)
(1.50207 -0.0574856 0)
(1.50944 -0.0584726 0)
(1.51765 -0.0595452 0)
(1.52781 -0.0611553 0)
(1.54096 -0.0637668 0)
(1.55115 -0.0661897 0)
(1.55874 -0.0675542 0)
(1.56583 -0.0687692 0)
(1.57247 -0.0703379 0)
(1.57857 -0.0720162 0)
(1.58399 -0.0736347 0)
(1.58811 -0.0749373 0)
(1.5895 -0.0754937 0)
(1.58643 -0.0750564 0)
(1.58173 -0.0738122 0)
(1.58427 -0.0736259 0)
(1.59096 -0.0744717 0)
(1.59782 -0.075904 0)
(1.60517 -0.077185 0)
(1.61316 -0.0785341 0)
(1.62269 -0.0803259 0)
(1.63387 -0.0826702 0)
(1.6424 -0.0843732 0)
(1.64963 -0.0853467 0)
(1.65644 -0.0863033 0)
(1.66291 -0.0874915 0)
(1.66897 -0.0888062 0)
(1.6744 -0.0901755 0)
(1.67844 -0.0912248 0)
(1.67895 -0.0912291 0)
(1.6731 -0.0900832 0)
(1.66645 -0.0881741 0)
(1.66981 -0.0879854 0)
(1.67607 -0.0889651 0)
(1.68256 -0.089994 0)
(1.68938 -0.0909821 0)
(1.69659 -0.0921423 0)
(1.70487 -0.0936443 0)
(1.71395 -0.0954074 0)
(1.72124 -0.0965044 0)
(1.72805 -0.0971745 0)
(1.73464 -0.0979103 0)
(1.74103 -0.0988172 0)
(1.74716 -0.0998427 0)
(1.75278 -0.100935 0)
(1.75736 -0.101848 0)
(1.75911 -0.101998 0)
(1.7536 -0.100886 0)
(1.74473 -0.099116 0)
(1.74679 -0.0992779 0)
(1.75256 -0.10049 0)
(1.75878 -0.101641 0)
(1.76532 -0.102897 0)
(1.77218 -0.104385 0)
(1.77968 -0.106276 0)
(1.78658 -0.107938 0)
(1.79294 -0.10876 0)
(1.79917 -0.109345 0)
(1.80508 -0.109975 0)
(1.81079 -0.110525 0)
(1.81647 -0.110937 0)
(1.82204 -0.111274 0)
(1.82705 -0.111505 0)
(1.83 -0.111369 0)
(1.82624 -0.110352 0)
(1.81545 -0.108895 0)
(1.81424 -0.108851 0)
(1.81926 -0.109654 0)
(1.82496 -0.110308 0)
(1.83094 -0.110986 0)
(1.83706 -0.111822 0)
(1.84371 -0.112889 0)
(1.85117 -0.114249 0)
(1.85774 -0.115247 0)
(1.86401 -0.115867 0)
(1.87011 -0.116501 0)
(1.87603 -0.117253 0)
(1.88175 -0.118032 0)
(1.88716 -0.118739 0)
(1.89194 -0.119254 0)
(1.89474 -0.119145 0)
(1.89117 -0.118109 0)
(1.87886 -0.117239 0)
(1.87378 -0.117772 0)
(1.87772 -0.118626 0)
(1.88293 -0.119268 0)
(1.88867 -0.119891 0)
(1.89449 -0.120438 0)
(1.9003 -0.120959 0)
(1.9064 -0.121347 0)
(1.91345 -0.121334 0)
(1.92198 -0.120954 0)
(1.92912 -0.120592 0)
(1.93512 -0.120451 0)
(1.94061 -0.120363 0)
(1.94588 -0.120286 0)
(1.9509 -0.120168 0)
(1.95448 -0.120035 0)
(1.95182 -0.119709 0)
(1.93776 -0.118706 0)
(1.93026 -0.118684 0)
(1.9338 -0.119169 0)
(1.93867 -0.119602 0)
(1.94407 -0.120093 0)
(1.94958 -0.120621 0)
(1.95519 -0.121201 0)
(1.96117 -0.121702 0)
(1.96819 -0.12198 0)
(1.97596 -0.122001 0)
(1.98209 -0.122011 0)
(1.98764 -0.122119 0)
(1.99301 -0.12219 0)
(1.99831 -0.122103 0)
(2.00332 -0.121965 0)
(2.00643 -0.1219 0)
(2.00195 -0.121406 0)
(1.98691 -0.120529 0)
(1.98083 -0.121245 0)
(1.98468 -0.122413 0)
(1.98907 -0.123384 0)
(1.99368 -0.124616 0)
(1.99872 -0.125846 0)
(2.00387 -0.126781 0)
(2.00903 -0.127873 0)
(2.0148 -0.128602 0)
(2.02264 -0.127933 0)
(2.02896 -0.126451 0)
(2.03422 -0.125677 0)
(2.03918 -0.124728 0)
(2.04288 -0.123443 0)
(2.04605 -0.121968 0)
(2.04807 -0.119746 0)
(2.0429 -0.116426 0)
(2.02724 -0.110828 0)
(2.02187 -0.106708 0)
(2.02099 -0.103229 0)
(2.02057 -0.0953769 0)
(2.01879 -0.0832773 0)
(2.01657 -0.0710704 0)
(2.01035 -0.0506152 0)
(2.00291 -0.0255364 0)
(1.99503 0.00435111 0)
(1.98588 0.0362419 0)
(1.98494 0.0553314 0)
(1.97015 0.0992059 0)
(1.95359 0.14141 0)
(1.94748 0.158422 0)
(1.91919 0.190995 0)
(1.89292 0.231512 0)
(1.8829 0.243247 0)
(1.86241 0.264189 0)
(1.84608 0.297315 0)
(1.84334 0.310007 0)
(1.83484 0.326961 0)
(1.83032 0.352185 0)
(1.83192 0.3618 0)
(1.8349 0.358009 0)
(1.84316 0.355433 0)
(1.84923 0.362607 0)
(1.84892 0.372063 0)
(1.84935 0.372963 0)
(1.85035 0.371985 0)
(1.85081 0.372955 0)
(1.8496 0.378654 0)
(1.84716 0.384943 0)
(1.84344 0.389327 0)
(1.84078 0.391807 0)
(1.84167 0.393321 0)
(1.84408 0.394147 0)
(1.84713 0.394109 0)
(1.85126 0.392449 0)
(1.85653 0.389203 0)
(1.86528 0.385442 0)
(1.8746 0.381978 0)
(1.87823 0.381132 0)
(1.88222 0.381999 0)
(1.88594 0.382911 0)
(1.88832 0.383527 0)
(1.88876 0.384171 0)
(1.88763 0.384764 0)
(1.88355 0.387325 0)
(1.87628 0.391207 0)
(1.87033 0.394151 0)
(1.872 0.395909 0)
(1.87536 0.396548 0)
(1.87896 0.397473 0)
(1.88318 0.398794 0)
(1.89005 0.400112 0)
(1.90012 0.399916 0)
(1.90967 0.398474 0)
(1.91391 0.397273 0)
(1.91591 0.397118 0)
(1.91822 0.397275 0)
(1.92031 0.397295 0)
(1.92138 0.397641 0)
(1.91956 0.398937 0)
(1.90975 0.402125 0)
(1.89836 0.405576 0)
(1.89789 0.407057 0)
(1.89947 0.407434 0)
(1.90054 0.407117 0)
(1.90273 0.404652 0)
(1.90791 0.399801 0)
(1.91704 0.394829 0)
(1.926 0.390678 0)
(1.9296 0.386601 0)
(1.93064 0.383878 0)
(1.9307 0.380386 0)
(1.929 0.374107 0)
(1.92388 0.367248 0)
(1.91442 0.358275 0)
(1.90731 0.348861 0)
(1.90094 0.342163 0)
(1.89277 0.329095 0)
(1.88647 0.312305 0)
(1.88041 0.293051 0)
(1.87517 0.269887 0)
(1.87485 0.255618 0)
(1.86961 0.227467 0)
(1.86525 0.194351 0)
(1.86681 0.177386 0)
(1.85919 0.145919 0)
(1.85535 0.115035 0)
(1.8575 0.102003 0)
(1.85001 0.0821126 0)
(1.8393 0.0622933 0)
(1.8329 0.0576471 0)
(1.82447 0.0490412 0)
(1.81465 0.0340212 0)
(1.81039 0.0243713 0)
(1.80814 0.0200092 0)
(1.80383 0.00949556 0)
(1.80208 -0.00330681 0)
(1.8011 -0.00779744 0)
(1.80237 -0.00989825 0)
(1.80674 -0.0124809 0)
(1.81605 -0.0151628 0)
(1.8267 -0.0194752 0)
(1.82954 -0.0246597 0)
(1.82914 -0.0280529 0)
(1.82828 -0.0313701 0)
(1.82737 -0.0344799 0)
(1.82508 -0.0370267 0)
(1.82083 -0.0386837 0)
(1.81561 -0.0385912 0)
(1.81373 -0.037475 0)
(1.81479 -0.0364424 0)
(1.81581 -0.0359379 0)
(1.81828 -0.0357465 0)
(1.82489 -0.0365664 0)
(1.82825 -0.0377843 0)
(1.8324 -0.0395614 0)
(1.83629 -0.042462 0)
(1.84075 -0.0454645 0)
(1.84548 -0.0480869 0)
(1.84873 -0.04954 0)
(1.85043 -0.050552 0)
(1.85169 -0.0509516 0)
(1.85304 -0.0496469 0)
(1.85373 -0.0469227 0)
(1.85333 -0.0439875 0)
(1.85259 -0.0423189 0)
(1.8516 -0.0425066 0)
(1.8498 -0.043624 0)
(1.85002 -0.0443259 0)
(1.85171 -0.0445617 0)
(1.85376 -0.044783 0)
(1.85637 -0.0451173 0)
(1.85979 -0.0454197 0)
(1.86562 -0.0450814 0)
(1.87192 -0.0434205 0)
(1.87743 -0.040572 0)
(1.88032 -0.0380131 0)
(1.88325 -0.0366826 0)
(1.88628 -0.0364775 0)
(1.8884 -0.0364912 0)
(1.88691 -0.0362286 0)
(1.87771 -0.0361534 0)
(1.87018 -0.0362159 0)
(1.8706 -0.0357827 0)
(1.87262 -0.0349605 0)
(1.87495 -0.0344269 0)
(1.47022 -0.0450476 0)
(1.47511 -0.0456033 0)
(1.47831 -0.0455719 0)
(1.47832 -0.0445085 0)
(1.47549 -0.0427692 0)
(1.47624 -0.0418715 0)
(1.48235 -0.0420578 0)
(1.4892 -0.0426788 0)
(1.49652 -0.0436054 0)
(1.50469 -0.0448533 0)
(1.51432 -0.0468597 0)
(1.52539 -0.0499805 0)
(1.53478 -0.0531095 0)
(1.54225 -0.0549314 0)
(1.54919 -0.0562795 0)
(1.55549 -0.0578972 0)
(1.56116 -0.0593857 0)
(1.56633 -0.0604152 0)
(1.57092 -0.060857 0)
(1.57397 -0.06054 0)
(1.57336 -0.0590264 0)
(1.56949 -0.0569137 0)
(1.57079 -0.0560738 0)
(1.57716 -0.0565312 0)
(1.58392 -0.0573215 0)
(1.59107 -0.0582934 0)
(1.59887 -0.059529 0)
(1.60812 -0.0613779 0)
(1.61849 -0.0640351 0)
(1.62653 -0.0660874 0)
(1.63366 -0.067199 0)
(1.64036 -0.0684367 0)
(1.64646 -0.0698857 0)
(1.65199 -0.0711467 0)
(1.65691 -0.0720293 0)
(1.66094 -0.0724126 0)
(1.66273 -0.0718319 0)
(1.6595 -0.0696729 0)
(1.65421 -0.0672056 0)
(1.6566 -0.0664251 0)
(1.66273 -0.0670351 0)
(1.66924 -0.0677407 0)
(1.67603 -0.0686068 0)
(1.68327 -0.0697112 0)
(1.69168 -0.071263 0)
(1.70092 -0.0733376 0)
(1.70827 -0.0747358 0)
(1.71522 -0.0755806 0)
(1.72181 -0.0766504 0)
(1.72797 -0.0779314 0)
(1.73369 -0.0791235 0)
(1.73883 -0.0800758 0)
(1.74296 -0.0806206 0)
(1.74423 -0.0802408 0)
(1.7391 -0.0784882 0)
(1.73214 -0.0765892 0)
(1.73454 -0.0763444 0)
(1.74032 -0.0770549 0)
(1.74655 -0.0777727 0)
(1.75299 -0.0785815 0)
(1.75969 -0.0795213 0)
(1.7672 -0.0807067 0)
(1.77538 -0.0821569 0)
(1.78212 -0.0830124 0)
(1.78859 -0.0834794 0)
(1.79483 -0.0840275 0)
(1.80086 -0.0847404 0)
(1.80663 -0.085457 0)
(1.81199 -0.0860778 0)
(1.81629 -0.0865037 0)
(1.81706 -0.0863157 0)
(1.80936 -0.0846407 0)
(1.80105 -0.0828634 0)
(1.80396 -0.0827072 0)
(1.80947 -0.0832292 0)
(1.81545 -0.0837565 0)
(1.82162 -0.084385 0)
(1.82804 -0.0851779 0)
(1.83519 -0.0862166 0)
(1.84334 -0.0876247 0)
(1.85016 -0.0886561 0)
(1.85652 -0.0892724 0)
(1.8626 -0.0898744 0)
(1.86847 -0.0905751 0)
(1.87409 -0.0912781 0)
(1.87929 -0.0919163 0)
(1.88333 -0.0924176 0)
(1.88307 -0.0924311 0)
(1.87262 -0.0913109 0)
(1.86303 -0.0900515 0)
(1.86601 -0.08985 0)
(1.87107 -0.0899801 0)
(1.8766 -0.0901476 0)
(1.88222 -0.0902805 0)
(1.88799 -0.0903305 0)
(1.89431 -0.0904105 0)
(1.90203 -0.0906538 0)
(1.90966 -0.0909734 0)
(1.91588 -0.091245 0)
(1.92177 -0.0915229 0)
(1.92748 -0.09181 0)
(1.93318 -0.0921795 0)
(1.93861 -0.0926161 0)
(1.94295 -0.0930031 0)
(1.94261 -0.0929302 0)
(1.93124 -0.0917516 0)
(1.92192 -0.0905688 0)
(1.92506 -0.090571 0)
(1.9299 -0.0907831 0)
(1.93518 -0.0910203 0)
(1.94046 -0.091247 0)
(1.94582 -0.0914686 0)
(1.95162 -0.0917791 0)
(1.95859 -0.0923312 0)
(1.96556 -0.0930484 0)
(1.97126 -0.0936225 0)
(1.97669 -0.0940811 0)
(1.98201 -0.0944885 0)
(1.9873 -0.0949901 0)
(1.99238 -0.0956247 0)
(1.99622 -0.0962978 0)
(1.99471 -0.0964174 0)
(1.98177 -0.09556 0)
(1.97303 -0.095034 0)
(1.97653 -0.0951919 0)
(1.98121 -0.0952918 0)
(1.9864 -0.0953275 0)
(1.9918 -0.0953161 0)
(1.99752 -0.095204 0)
(2.00371 -0.0950626 0)
(2.01214 -0.0950268 0)
(2.01904 -0.0949791 0)
(2.02446 -0.0952182 0)
(2.03037 -0.0956905 0)
(2.03536 -0.0962017 0)
(2.03984 -0.0965512 0)
(2.04401 -0.0971093 0)
(2.04692 -0.0978752 0)
(2.04435 -0.0979627 0)
(2.03103 -0.0950942 0)
(2.02328 -0.091992 0)
(2.02629 -0.0915489 0)
(2.02914 -0.0912636 0)
(2.03244 -0.0900944 0)
(2.03579 -0.0877707 0)
(2.03971 -0.0860133 0)
(2.04414 -0.084406 0)
(2.04842 -0.081293 0)
(2.05145 -0.0755254 0)
(2.05254 -0.0663556 0)
(2.05169 -0.0543924 0)
(2.05121 -0.0440498 0)
(2.04872 -0.029042 0)
(2.03551 -0.00501751 0)
(2.01413 0.0237347 0)
(1.99483 0.0567225 0)
(1.97763 0.0804728 0)
(1.94856 0.12032 0)
(1.93222 0.154043 0)
(1.92316 0.175454 0)
(1.90224 0.222272 0)
(1.89615 0.251656 0)
(1.89264 0.265123 0)
(1.87917 0.301022 0)
(1.87681 0.330038 0)
(1.87749 0.33225 0)
(1.88312 0.340865 0)
(1.87751 0.354418 0)
(1.8737 0.369839 0)
(1.86847 0.382305 0)
(1.86326 0.384943 0)
(1.8603 0.388206 0)
(1.85626 0.392632 0)
(1.85174 0.40517 0)
(1.84532 0.415846 0)
(1.84436 0.41692 0)
(1.84686 0.415766 0)
(1.84936 0.415248 0)
(1.85246 0.415042 0)
(1.85951 0.413116 0)
(1.87121 0.409657 0)
(1.87919 0.407665 0)
(1.88242 0.407834 0)
(1.8859 0.408331 0)
(1.889 0.408012 0)
(1.8914 0.407451 0)
(1.89305 0.407992 0)
(1.89176 0.410118 0)
(1.88492 0.414453 0)
(1.87573 0.41787 0)
(1.87414 0.418466 0)
(1.87704 0.418455 0)
(1.87988 0.418062 0)
(1.88355 0.416623 0)
(1.89 0.415095 0)
(1.89996 0.411927 0)
(1.91147 0.408394 0)
(1.91719 0.406806 0)
(1.91859 0.405694 0)
(1.91972 0.404572 0)
(1.92011 0.403881 0)
(1.91924 0.403328 0)
(1.91254 0.401093 0)
(1.89899 0.395355 0)
(1.89358 0.390785 0)
(1.89137 0.387481 0)
(1.88921 0.380689 0)
(1.88762 0.371761 0)
(1.88497 0.355714 0)
(1.8836 0.341084 0)
(1.88225 0.325995 0)
(1.87962 0.297602 0)
(1.88251 0.278163 0)
(1.87983 0.249592 0)
(1.87692 0.216927 0)
(1.88022 0.200679 0)
(1.86906 0.172797 0)
(1.86132 0.154337 0)
(1.85378 0.142422 0)
(1.83863 0.118423 0)
(1.83157 0.107655 0)
(1.82203 0.0945586 0)
(1.81292 0.0725329 0)
(1.81302 0.0646046 0)
(1.80947 0.0475482 0)
(1.80372 0.0228972 0)
(1.80374 0.0111114 0)
(1.80129 -0.00160679 0)
(1.80169 -0.0115449 0)
(1.80523 -0.0172634 0)
(1.80958 -0.0245318 0)
(1.80802 -0.0311697 0)
(1.80529 -0.036019 0)
(1.80244 -0.0385774 0)
(1.80054 -0.0411163 0)
(1.79858 -0.0417829 0)
(1.79658 -0.0415696 0)
(1.79415 -0.0394802 0)
(1.79333 -0.0357739 0)
(1.7932 -0.0349116 0)
(1.79337 -0.0358975 0)
(1.79601 -0.0368734 0)
(1.80352 -0.0372024 0)
(1.81446 -0.0406538 0)
(1.81946 -0.0439712 0)
(1.82153 -0.0452366 0)
(1.82354 -0.0461762 0)
(1.82424 -0.046143 0)
(1.82305 -0.0451318 0)
(1.82177 -0.0426268 0)
(1.82238 -0.0389433 0)
(1.82419 -0.0350426 0)
(1.82613 -0.03104 0)
(1.82749 -0.0270519 0)
(1.82797 -0.023519 0)
(1.8283 -0.0219147 0)
(1.82982 -0.0219435 0)
(1.83249 -0.0225857 0)
(1.83614 -0.0236759 0)
(1.83992 -0.0245817 0)
(1.84356 -0.025193 0)
(1.84968 -0.0259784 0)
(1.8568 -0.0264497 0)
(1.8602 -0.0264718 0)
(1.86408 -0.0262109 0)
(1.86686 -0.0256733 0)
(1.86748 -0.0251023 0)
(1.86393 -0.0255681 0)
(1.8569 -0.027476 0)
(1.85429 -0.0286906 0)
(1.85644 -0.0284901 0)
(1.85904 -0.0282429 0)
(1.86165 -0.0280583 0)
(1.86427 -0.0277615 0)
(1.86738 -0.0274149 0)
(1.87332 -0.027345 0)
(1.88116 -0.0276558 0)
(1.88729 -0.0286618 0)
(1.89028 -0.0299127 0)
(1.89273 -0.0305049 0)
(1.89501 -0.0307351 0)
(1.89665 -0.030842 0)
(1.89571 -0.0307882 0)
(1.88725 -0.0298172 0)
(1.87652 -0.0283001 0)
(1.8755 -0.0272052 0)
(1.87718 -0.0261944 0)
(1.87909 -0.0251974 0)
(1.45802 -0.0325999 0)
(1.46444 -0.0328865 0)
(1.46988 -0.0328512 0)
(1.47344 -0.0322314 0)
(1.47375 -0.0306507 0)
(1.47096 -0.0285396 0)
(1.47044 -0.0279211 0)
(1.47537 -0.0286482 0)
(1.48192 -0.0298484 0)
(1.4888 -0.0313679 0)
(1.49608 -0.0331347 0)
(1.50396 -0.035143 0)
(1.51317 -0.0375809 0)
(1.52387 -0.0403948 0)
(1.53231 -0.0420379 0)
(1.53959 -0.0424936 0)
(1.54665 -0.0428272 0)
(1.55339 -0.0431834 0)
(1.55964 -0.043441 0)
(1.56501 -0.0433989 0)
(1.56846 -0.042836 0)
(1.56749 -0.0412543 0)
(1.5622 -0.0394248 0)
(1.56194 -0.0393212 0)
(1.56756 -0.0403062 0)
(1.57415 -0.0414649 0)
(1.58107 -0.0428323 0)
(1.58842 -0.0443665 0)
(1.59657 -0.0461749 0)
(1.6062 -0.0485113 0)
(1.61492 -0.05048 0)
(1.62216 -0.051125 0)
(1.62924 -0.051405 0)
(1.63603 -0.0516892 0)
(1.64247 -0.051889 0)
(1.64841 -0.0518958 0)
(1.65341 -0.0516737 0)
(1.65592 -0.0509573 0)
(1.65213 -0.0490889 0)
(1.64491 -0.0476561 0)
(1.64652 -0.0479938 0)
(1.65252 -0.0489056 0)
(1.65904 -0.0498147 0)
(1.66584 -0.0508799 0)
(1.67303 -0.052123 0)
(1.68114 -0.0536889 0)
(1.69036 -0.0556946 0)
(1.69801 -0.0569669 0)
(1.70506 -0.0573559 0)
(1.71192 -0.0576448 0)
(1.71849 -0.0579541 0)
(1.72472 -0.0581391 0)
(1.73041 -0.0581094 0)
(1.73492 -0.0578512 0)
(1.73593 -0.0570551 0)
(1.72892 -0.0551738 0)
(1.7216 -0.0541981 0)
(1.72482 -0.0546873 0)
(1.73065 -0.0553661 0)
(1.73691 -0.0560242 0)
(1.74339 -0.0567806 0)
(1.75019 -0.0576619 0)
(1.75786 -0.0587785 0)
(1.7665 -0.060179 0)
(1.77365 -0.060982 0)
(1.78038 -0.0612868 0)
(1.7869 -0.0615455 0)
(1.79323 -0.0618544 0)
(1.79928 -0.0621341 0)
(1.80475 -0.0622637 0)
(1.80874 -0.062106 0)
(1.8078 -0.0612128 0)
(1.79766 -0.0591606 0)
(1.79186 -0.0584492 0)
(1.79621 -0.0589551 0)
(1.80188 -0.0595272 0)
(1.80797 -0.0600925 0)
(1.81421 -0.0607443 0)
(1.82075 -0.061519 0)
(1.82811 -0.0625164 0)
(1.83625 -0.0638151 0)
(1.84298 -0.0646592 0)
(1.84937 -0.065116 0)
(1.85551 -0.0655323 0)
(1.86147 -0.0660137 0)
(1.86718 -0.0664696 0)
(1.87231 -0.066792 0)
(1.8755 -0.0667734 0)
(1.87174 -0.0656447 0)
(1.85885 -0.0632417 0)
(1.85543 -0.0623057 0)
(1.86012 -0.0623489 0)
(1.86545 -0.0624744 0)
(1.87108 -0.0626293 0)
(1.87679 -0.062764 0)
(1.88278 -0.0629359 0)
(1.88958 -0.0632943 0)
(1.89745 -0.0640634 0)
(1.90412 -0.0649205 0)
(1.91015 -0.0655613 0)
(1.91594 -0.0661012 0)
(1.92163 -0.0666201 0)
(1.92715 -0.0671069 0)
(1.9321 -0.0674719 0)
(1.93469 -0.0674926 0)
(1.92915 -0.0664597 0)
(1.91626 -0.0646655 0)
(1.91522 -0.0641944 0)
(1.91993 -0.0643817 0)
(1.92506 -0.0645621 0)
(1.93041 -0.0647419 0)
(1.93578 -0.0649508 0)
(1.94132 -0.065252 0)
(1.94741 -0.0657541 0)
(1.95437 -0.0666566 0)
(1.96041 -0.067627 0)
(1.96597 -0.0683126 0)
(1.97142 -0.0689258 0)
(1.97677 -0.0695842 0)
(1.98195 -0.0702352 0)
(1.98649 -0.0707395 0)
(1.98836 -0.0707864 0)
(1.98144 -0.0695497 0)
(1.96917 -0.0674477 0)
(1.96928 -0.0666394 0)
(1.97372 -0.066453 0)
(1.97863 -0.0663391 0)
(1.98383 -0.0662818 0)
(1.98922 -0.0662792 0)
(1.99497 -0.0664009 0)
(2.0016 -0.0669038 0)
(2.00749 -0.0678691 0)
(2.01306 -0.068623 0)
(2.01864 -0.0693736 0)
(2.02394 -0.0702661 0)
(2.02902 -0.0710521 0)
(2.03387 -0.0715791 0)
(2.03818 -0.0719359 0)
(2.04049 -0.0720724 0)
(2.0354 -0.0707758 0)
(2.02276 -0.0680654 0)
(2.02096 -0.0672407 0)
(2.02478 -0.0670422 0)
(2.02887 -0.0669848 0)
(2.03333 -0.0668242 0)
(2.03812 -0.0665684 0)
(2.04299 -0.0666226 0)
(2.04801 -0.066917 0)
(2.05271 -0.0670178 0)
(2.05699 -0.0671392 0)
(2.06077 -0.0671142 0)
(2.06412 -0.066336 0)
(2.06792 -0.0637775 0)
(2.07041 -0.060121 0)
(2.07259 -0.0561262 0)
(2.07283 -0.0513529 0)
(2.06442 -0.0395396 0)
(2.05118 -0.0234706 0)
(2.04493 -0.014159 0)
(2.03467 0.00357785 0)
(2.02809 0.0190698 0)
(2.01515 0.0498416 0)
(2.00531 0.0782063 0)
(1.99313 0.111446 0)
(1.97623 0.159738 0)
(1.97173 0.178603 0)
(1.9599 0.212697 0)
(1.94483 0.262356 0)
(1.94385 0.275698 0)
(1.93903 0.295437 0)
(1.91647 0.325188 0)
(1.90938 0.341258 0)
(1.89592 0.355037 0)
(1.88063 0.371902 0)
(1.87561 0.383524 0)
(1.86942 0.392548 0)
(1.85981 0.406021 0)
(1.85376 0.425504 0)
(1.85407 0.432242 0)
(1.85781 0.429185 0)
(1.86507 0.427111 0)
(1.87289 0.429064 0)
(1.88222 0.43007 0)
(1.88776 0.428936 0)
(1.89035 0.427624 0)
(1.89232 0.425108 0)
(1.89326 0.425908 0)
(1.89283 0.42745 0)
(1.89019 0.428271 0)
(1.88177 0.429114 0)
(1.87171 0.428573 0)
(1.86885 0.426134 0)
(1.86841 0.422797 0)
(1.86834 0.416869 0)
(1.86932 0.408343 0)
(1.8733 0.397182 0)
(1.88102 0.384736 0)
(1.88606 0.370579 0)
(1.88708 0.360286 0)
(1.88778 0.34987 0)
(1.88625 0.330681 0)
(1.88267 0.308451 0)
(1.87992 0.294185 0)
(1.87365 0.280905 0)
(1.86313 0.259479 0)
(1.8575 0.241282 0)
(1.85285 0.228932 0)
(1.84404 0.205037 0)
(1.83922 0.182519 0)
(1.83738 0.172656 0)
(1.83025 0.147517 0)
(1.8293 0.117908 0)
(1.83212 0.109956 0)
(1.82899 0.0906393 0)
(1.82927 0.069319 0)
(1.83377 0.0568381 0)
(1.83254 0.0446158 0)
(1.82623 0.0373023 0)
(1.81927 0.0296867 0)
(1.81117 0.0233296 0)
(1.80355 0.0166988 0)
(1.79465 0.00973084 0)
(1.78677 0.00286242 0)
(1.7805 -0.00474663 0)
(1.77505 -0.0140823 0)
(1.77252 -0.0220013 0)
(1.77257 -0.0245475 0)
(1.7737 -0.0257192 0)
(1.77639 -0.0260404 0)
(1.782 -0.0259988 0)
(1.79063 -0.0277012 0)
(1.79499 -0.0291961 0)
(1.79635 -0.0295883 0)
(1.79806 -0.0303986 0)
(1.79914 -0.0308841 0)
(1.79946 -0.030154 0)
(1.79895 -0.0279241 0)
(1.79728 -0.0251218 0)
(1.79503 -0.02419 0)
(1.79477 -0.0239683 0)
(1.79596 -0.0239075 0)
(1.79819 -0.0239503 0)
(1.80066 -0.0242416 0)
(1.80392 -0.0252577 0)
(1.80789 -0.0270695 0)
(1.81286 -0.0295539 0)
(1.81828 -0.0315446 0)
(1.8216 -0.0317557 0)
(1.82509 -0.0310001 0)
(1.8286 -0.0286056 0)
(1.8322 -0.0243594 0)
(1.8345 -0.0197495 0)
(1.83526 -0.0161333 0)
(1.83328 -0.0137399 0)
(1.82614 -0.0132308 0)
(1.81949 -0.014973 0)
(1.82024 -0.0168047 0)
(1.82269 -0.0181362 0)
(1.82556 -0.019198 0)
(1.82852 -0.0194497 0)
(1.83305 -0.0186829 0)
(1.84196 -0.0170485 0)
(1.85137 -0.0161069 0)
(1.85428 -0.0161331 0)
(1.8569 -0.0163932 0)
(1.85914 -0.0166477 0)
(1.86011 -0.0171898 0)
(1.8565 -0.0184936 0)
(1.84885 -0.0195429 0)
(1.84702 -0.0190323 0)
(1.8489 -0.0180595 0)
(1.85146 -0.016985 0)
(1.85432 -0.0158721 0)
(1.85749 -0.0147829 0)
(1.86124 -0.0140723 0)
(1.86658 -0.0143735 0)
(1.87284 -0.0163097 0)
(1.87775 -0.0191029 0)
(1.88106 -0.0218929 0)
(1.88316 -0.0237844 0)
(1.88487 -0.0247518 0)
(1.8863 -0.0253208 0)
(1.88713 -0.0255667 0)
(1.88604 -0.0249896 0)
(1.8801 -0.0226692 0)
(1.87491 -0.020473 0)
(1.87611 -0.0198885 0)
(1.87817 -0.0198707 0)
(1.45156 -0.0204333 0)
(1.45851 -0.0204535 0)
(1.46514 -0.0203307 0)
(1.47103 -0.0199727 0)
(1.47504 -0.0191331 0)
(1.47448 -0.0175863 0)
(1.46856 -0.0161435 0)
(1.46641 -0.016509 0)
(1.4714 -0.0175846 0)
(1.478 -0.0185364 0)
(1.48493 -0.0195129 0)
(1.49216 -0.0205894 0)
(1.50013 -0.02188 0)
(1.51021 -0.0234774 0)
(1.52283 -0.0251535 0)
(1.53202 -0.0258458 0)
(1.53955 -0.02606 0)
(1.54671 -0.026198 0)
(1.55364 -0.026247 0)
(1.56016 -0.026124 0)
(1.56569 -0.025763 0)
(1.56841 -0.0249504 0)
(1.56447 -0.0234817 0)
(1.55672 -0.0225688 0)
(1.55776 -0.0231881 0)
(1.56383 -0.0240037 0)
(1.57054 -0.0247505 0)
(1.57747 -0.0255773 0)
(1.58469 -0.0265773 0)
(1.59273 -0.0278288 0)
(1.60281 -0.0294082 0)
(1.61305 -0.0306893 0)
(1.62079 -0.0309625 0)
(1.62801 -0.031045 0)
(1.635 -0.0310922 0)
(1.64176 -0.0310292 0)
(1.64789 -0.0307838 0)
(1.65246 -0.030298 0)
(1.65232 -0.0294029 0)
(1.64398 -0.0280961 0)
(1.639 -0.0277526 0)
(1.64365 -0.0282505 0)
(1.64998 -0.0288276 0)
(1.65661 -0.0294365 0)
(1.66339 -0.0301536 0)
(1.67049 -0.0310303 0)
(1.6785 -0.0321642 0)
(1.68826 -0.0336442 0)
(1.69659 -0.0345877 0)
(1.70369 -0.0347497 0)
(1.7105 -0.0348253 0)
(1.71715 -0.0348297 0)
(1.72353 -0.0347207 0)
(1.72912 -0.0344169 0)
(1.73239 -0.0338096 0)
(1.72882 -0.0327266 0)
(1.71832 -0.0314992 0)
(1.71714 -0.0313568 0)
(1.7226 -0.0317492 0)
(1.72873 -0.0321825 0)
(1.73511 -0.0326478 0)
(1.7416 -0.0332014 0)
(1.74842 -0.033884 0)
(1.75618 -0.0348077 0)
(1.76509 -0.0360429 0)
(1.7723 -0.0367847 0)
(1.77895 -0.0370119 0)
(1.78537 -0.037141 0)
(1.79167 -0.0372321 0)
(1.79769 -0.037262 0)
(1.80284 -0.037142 0)
(1.805 -0.0366046 0)
(1.79882 -0.0353298 0)
(1.7883 -0.0339911 0)
(1.78959 -0.0338543 0)
(1.79508 -0.0341619 0)
(1.80103 -0.0345221 0)
(1.80715 -0.0349155 0)
(1.81337 -0.0354035 0)
(1.81988 -0.0360322 0)
(1.82718 -0.0369412 0)
(1.83503 -0.0381756 0)
(1.84153 -0.0389422 0)
(1.84775 -0.039298 0)
(1.85377 -0.0395669 0)
(1.85965 -0.0398659 0)
(1.86524 -0.0401429 0)
(1.86989 -0.0402231 0)
(1.87097 -0.0396351 0)
(1.86283 -0.0376438 0)
(1.85358 -0.0355687 0)
(1.85668 -0.0350184 0)
(1.86205 -0.035038 0)
(1.86776 -0.0351451 0)
(1.87356 -0.0352725 0)
(1.87942 -0.0354296 0)
(1.88554 -0.0356587 0)
(1.89224 -0.0360776 0)
(1.89889 -0.036713 0)
(1.90478 -0.0373216 0)
(1.91043 -0.0379016 0)
(1.91588 -0.0385887 0)
(1.92109 -0.0393879 0)
(1.92587 -0.0402124 0)
(1.92941 -0.040908 0)
(1.92848 -0.0408404 0)
(1.91838 -0.0391495 0)
(1.91194 -0.0376471 0)
(1.91624 -0.0372591 0)
(1.92143 -0.0372884 0)
(1.92696 -0.0373912 0)
(1.93254 -0.0375069 0)
(1.93818 -0.0376368 0)
(1.94408 -0.0377887 0)
(1.95053 -0.0380676 0)
(1.95684 -0.0386791 0)
(1.96239 -0.0392907 0)
(1.96781 -0.0398751 0)
(1.97305 -0.0406145 0)
(1.97802 -0.0415003 0)
(1.98253 -0.0424265 0)
(1.9859 -0.0432161 0)
(1.98494 -0.043176 0)
(1.97556 -0.0411392 0)
(1.97034 -0.0390689 0)
(1.97491 -0.0383451 0)
(1.97987 -0.0381398 0)
(1.98506 -0.0380376 0)
(1.99042 -0.0379432 0)
(1.99593 -0.0378452 0)
(2.00162 -0.0377411 0)
(2.00749 -0.0377071 0)
(2.0132 -0.0379073 0)
(2.01848 -0.0382973 0)
(2.02358 -0.0387685 0)
(2.02841 -0.0393284 0)
(2.03297 -0.0400626 0)
(2.03726 -0.0411681 0)
(2.04074 -0.0425017 0)
(2.04096 -0.0431867 0)
(2.03177 -0.0416628 0)
(2.02361 -0.0395805 0)
(2.02725 -0.0389891 0)
(2.03175 -0.0389604 0)
(2.03644 -0.0390561 0)
(2.04113 -0.0390864 0)
(2.04614 -0.0389717 0)
(2.05107 -0.0388126 0)
(2.05611 -0.0384988 0)
(2.06114 -0.038197 0)
(2.06589 -0.037837 0)
(2.07022 -0.0371743 0)
(2.07405 -0.0367555 0)
(2.07804 -0.0368591 0)
(2.08154 -0.037775 0)
(2.08353 -0.0388972 0)
(2.08284 -0.0392386 0)
(2.07635 -0.0362418 0)
(2.07205 -0.0320614 0)
(2.07306 -0.0289991 0)
(2.07353 -0.0259218 0)
(2.07467 -0.0216952 0)
(2.07481 -0.0143799 0)
(2.07412 -0.005246 0)
(2.07308 0.00489366 0)
(2.06948 0.0206433 0)
(2.0642 0.0401032 0)
(2.0571 0.0646341 0)
(2.05281 0.0795278 0)
(2.04438 0.104336 0)
(2.02592 0.147291 0)
(2.02187 0.165152 0)
(2.00048 0.19603 0)
(1.97279 0.239579 0)
(1.96549 0.253531 0)
(1.94666 0.280143 0)
(1.92592 0.325932 0)
(1.9231 0.340578 0)
(1.92538 0.34804 0)
(1.91253 0.374663 0)
(1.90675 0.403813 0)
(1.90442 0.406721 0)
(1.90499 0.405344 0)
(1.90784 0.412046 0)
(1.90581 0.408749 0)
(1.89613 0.403769 0)
(1.88455 0.396939 0)
(1.87403 0.387906 0)
(1.86177 0.375694 0)
(1.84664 0.360375 0)
(1.83372 0.347217 0)
(1.82155 0.331786 0)
(1.80713 0.306934 0)
(1.79858 0.285879 0)
(1.79188 0.267064 0)
(1.78301 0.238601 0)
(1.77988 0.213828 0)
(1.78305 0.193038 0)
(1.78 0.161073 0)
(1.77921 0.133197 0)
(1.78326 0.113447 0)
(1.77655 0.0814367 0)
(1.76963 0.052329 0)
(1.76835 0.0360453 0)
(1.75912 0.0185358 0)
(1.75068 0.00393578 0)
(1.7453 -0.00392935 0)
(1.736 -0.0102536 0)
(1.72925 -0.0162522 0)
(1.72398 -0.0187059 0)
(1.71832 -0.0292686 0)
(1.71688 -0.0410103 0)
(1.71648 -0.0408399 0)
(1.71772 -0.0460637 0)
(1.72231 -0.0536177 0)
(1.72972 -0.0519633 0)
(1.73624 -0.0490593 0)
(1.73658 -0.0483513 0)
(1.7359 -0.0475176 0)
(1.73555 -0.0459579 0)
(1.73489 -0.0435839 0)
(1.73317 -0.0410995 0)
(1.73061 -0.0395538 0)
(1.72959 -0.0396032 0)
(1.73122 -0.0398152 0)
(1.73488 -0.0394439 0)
(1.73875 -0.0384686 0)
(1.74296 -0.0363431 0)
(1.74903 -0.0329026 0)
(1.75799 -0.0294284 0)
(1.76848 -0.0272778 0)
(1.77622 -0.0263439 0)
(1.7797 -0.0258416 0)
(1.78305 -0.0255792 0)
(1.78617 -0.0250289 0)
(1.78878 -0.0233541 0)
(1.79053 -0.0195034 0)
(1.79069 -0.0146052 0)
(1.78898 -0.0107244 0)
(1.78543 -0.00839511 0)
(1.78299 -0.00771752 0)
(1.78443 -0.00777214 0)
(1.78734 -0.00792053 0)
(1.79034 -0.00794316 0)
(1.79356 -0.00773624 0)
(1.79741 -0.00769382 0)
(1.80493 -0.00826722 0)
(1.81443 -0.00900718 0)
(1.81947 -0.00866091 0)
(1.82238 -0.00749325 0)
(1.82494 -0.00518124 0)
(1.82685 -0.00242212 0)
(1.82805 -1.05852e-05 0)
(1.82571 0.00193136 0)
(1.81561 0.00214888 0)
(1.80798 0.000191265 0)
(1.80884 -0.00165103 0)
(1.81097 -0.00293757 0)
(1.81334 -0.00386441 0)
(1.81635 -0.00432733 0)
(1.82355 -0.00427528 0)
(1.83704 -0.00325987 0)
(1.84601 -0.00245609 0)
(1.84842 -0.00250277 0)
(1.85097 -0.0028701 0)
(1.85277 -0.00351367 0)
(1.8521 -0.0047452 0)
(1.84596 -0.00659663 0)
(1.84102 -0.00756718 0)
(1.8421 -0.00737994 0)
(1.84408 -0.00695303 0)
(1.84649 -0.00609919 0)
(1.84941 -0.00495534 0)
(1.85276 -0.00402059 0)
(1.85566 -0.00365223 0)
(1.85832 -0.00374168 0)
(1.86098 -0.0047966 0)
(1.86395 -0.00670699 0)
(1.86703 -0.00903351 0)
(1.8693 -0.0106446 0)
(1.8714 -0.011387 0)
(1.87345 -0.0120296 0)
(1.87534 -0.0129818 0)
(1.8768 -0.014062 0)
(1.87728 -0.0150106 0)
(1.87508 -0.0149621 0)
(1.87363 -0.013754 0)
(1.87639 -0.0129336 0)
(1.45189 -0.00646163 0)
(1.45873 -0.00638802 0)
(1.46546 -0.00626874 0)
(1.47194 -0.00609172 0)
(1.47714 -0.00588963 0)
(1.47754 -0.00565709 0)
(1.46876 -0.00556036 0)
(1.46201 -0.00582334 0)
(1.4663 -0.00613399 0)
(1.47306 -0.00639465 0)
(1.48015 -0.00662315 0)
(1.48736 -0.0068843 0)
(1.49517 -0.00723406 0)
(1.50498 -0.00762686 0)
(1.51945 -0.00803811 0)
(1.53245 -0.00825555 0)
(1.54031 -0.00822327 0)
(1.54742 -0.00817732 0)
(1.55427 -0.00813319 0)
(1.56098 -0.00801421 0)
(1.56707 -0.00784503 0)
(1.57075 -0.00764051 0)
(1.56686 -0.00744882 0)
(1.55523 -0.00749528 0)
(1.55333 -0.00779873 0)
(1.55931 -0.00808336 0)
(1.5662 -0.00833016 0)
(1.57332 -0.00855853 0)
(1.58059 -0.00884339 0)
(1.58849 -0.00920355 0)
(1.59839 -0.00959919 0)
(1.61211 -0.00996058 0)
(1.62264 -0.010087 0)
(1.63021 -0.0100481 0)
(1.63714 -0.0100229 0)
(1.64388 -0.00998061 0)
(1.65037 -0.00988379 0)
(1.65582 -0.00973513 0)
(1.65728 -0.00946718 0)
(1.64886 -0.00903398 0)
(1.63839 -0.00888833 0)
(1.64082 -0.00915998 0)
(1.64711 -0.00942648 0)
(1.65389 -0.00967393 0)
(1.66081 -0.00991437 0)
(1.66787 -0.010218 0)
(1.67559 -0.0105941 0)
(1.68522 -0.0109993 0)
(1.69743 -0.0113553 0)
(1.70616 -0.011479 0)
(1.71333 -0.0114949 0)
(1.71988 -0.011517 0)
(1.72628 -0.0115202 0)
(1.73231 -0.0114912 0)
(1.73686 -0.0113749 0)
(1.73578 -0.0109697 0)
(1.72393 -0.0102166 0)
(1.71607 -0.00999247 0)
(1.72023 -0.0102077 0)
(1.72629 -0.0104167 0)
(1.73278 -0.0106102 0)
(1.73936 -0.0107925 0)
(1.74608 -0.0110346 0)
(1.75339 -0.011335 0)
(1.7623 -0.0116589 0)
(1.77249 -0.0119831 0)
(1.78004 -0.012207 0)
(1.78675 -0.0123652 0)
(1.79305 -0.0124837 0)
(1.7992 -0.0126565 0)
(1.80494 -0.0128485 0)
(1.80911 -0.0129114 0)
(1.80728 -0.0124413 0)
(1.79476 -0.0113087 0)
(1.78786 -0.0109377 0)
(1.79217 -0.0111387 0)
(1.79792 -0.0113501 0)
(1.80406 -0.011566 0)
(1.81031 -0.0117695 0)
(1.81663 -0.0120041 0)
(1.82331 -0.0122898 0)
(1.83113 -0.0126111 0)
(1.83962 -0.0129887 0)
(1.84621 -0.0132866 0)
(1.85239 -0.013497 0)
(1.85834 -0.0137014 0)
(1.86409 -0.0140079 0)
(1.86945 -0.0143404 0)
(1.87356 -0.0145386 0)
(1.87272 -0.0140102 0)
(1.86181 -0.0123722 0)
(1.85393 -0.0116707 0)
(1.85753 -0.0118401 0)
(1.86293 -0.0120283 0)
(1.86875 -0.0122053 0)
(1.87464 -0.0123735 0)
(1.88059 -0.0125767 0)
(1.88681 -0.0128906 0)
(1.89303 -0.0132818 0)
(1.89897 -0.0135116 0)
(1.90484 -0.0137369 0)
(1.91057 -0.0140387 0)
(1.9161 -0.0144253 0)
(1.9213 -0.0148478 0)
(1.926 -0.0152339 0)
(1.92947 -0.0154726 0)
(1.92845 -0.0149523 0)
(1.91906 -0.0132377 0)
(1.91342 -0.012603 0)
(1.91732 -0.0127641 0)
(1.92243 -0.0129584 0)
(1.92793 -0.013145 0)
(1.93349 -0.0133226 0)
(1.93913 -0.0136827 0)
(1.94467 -0.0141094 0)
(1.95022 -0.0144329 0)
(1.95574 -0.0147498 0)
(1.96116 -0.0150958 0)
(1.96646 -0.0155199 0)
(1.97152 -0.015984 0)
(1.97629 -0.0163404 0)
(1.98087 -0.0166067 0)
(1.98494 -0.0168683 0)
(1.98646 -0.0164678 0)
(1.98116 -0.0143057 0)
(1.97353 -0.0128821 0)
(1.97548 -0.0130697 0)
(1.97993 -0.0132766 0)
(1.98475 -0.0134692 0)
(1.98978 -0.0137189 0)
(1.9948 -0.0140071 0)
(1.99972 -0.0143328 0)
(2.0045 -0.0147149 0)
(2.00918 -0.0151339 0)
(2.01378 -0.0154535 0)
(2.01828 -0.0156252 0)
(2.02262 -0.0159552 0)
(2.02671 -0.0165904 0)
(2.03056 -0.0170076 0)
(2.03415 -0.0169353 0)
(2.03642 -0.0166751 0)
(2.03326 -0.0154089 0)
(2.02427 -0.0145838 0)
(2.02335 -0.0145735 0)
(2.02717 -0.0144797 0)
(2.03167 -0.0146645 0)
(2.03648 -0.01512 0)
(2.04124 -0.015495 0)
(2.04598 -0.0157423 0)
(2.05066 -0.0162643 0)
(2.05514 -0.0169554 0)
(2.05943 -0.0176195 0)
(2.06358 -0.017853 0)
(2.06749 -0.0182979 0)
(2.07094 -0.0193502 0)
(2.07389 -0.0200305 0)
(2.07653 -0.0198499 0)
(2.07847 -0.0188952 0)
(2.07829 -0.0173103 0)
(2.07254 -0.0156081 0)
(2.06924 -0.0155054 0)
(2.07275 -0.0157851 0)
(2.07706 -0.0157369 0)
(2.08138 -0.0158251 0)
(2.08559 -0.0163016 0)
(2.08932 -0.0165581 0)
(2.09195 -0.0159438 0)
(2.09364 -0.0145087 0)
(2.0946 -0.0117783 0)
(2.09444 -0.00590981 0)
(2.09367 0.00208885 0)
(2.09287 0.00610893 0)
(2.08538 0.0158553 0)
(2.07117 0.0327412 0)
(2.05797 0.0436222 0)
(2.03489 0.0631915 0)
(2.01345 0.0807364 0)
(1.99316 0.0920129 0)
(1.96539 0.120228 0)
(1.94609 0.135818 0)
(1.92835 0.151474 0)
(1.90866 0.168501 0)
(1.88929 0.179137 0)
(1.87169 0.192232 0)
(1.85665 0.201553 0)
(1.84507 0.202039 0)
(1.83537 0.196138 0)
(1.82363 0.205619 0)
(1.81427 0.212725 0)
(1.80466 0.198972 0)
(1.79314 0.198301 0)
(1.78355 0.207926 0)
(1.7734 0.198447 0)
(1.76298 0.191666 0)
(1.75358 0.197627 0)
(1.7464 0.191145 0)
(1.73937 0.177651 0)
(1.73216 0.170587 0)
(1.72696 0.164781 0)
(1.72321 0.159553 0)
(1.72089 0.152245 0)
(1.71766 0.139462 0)
(1.71533 0.129607 0)
(1.71561 0.118921 0)
(1.71237 0.110103 0)
(1.70753 0.101727 0)
(1.70187 0.0913789 0)
(1.69338 0.0832107 0)
(1.6852 0.0733638 0)
(1.68386 0.0620816 0)
(1.68412 0.0507069 0)
(1.68443 0.0375082 0)
(1.68743 0.0280131 0)
(1.6933 0.0208501 0)
(1.70272 0.013024 0)
(1.70944 0.00798061 0)
(1.7167 0.00413885 0)
(1.72167 -0.000443989 0)
(1.72586 -0.00468042 0)
(1.73005 -0.00724824 0)
(1.7343 -0.00899662 0)
(1.73596 -0.0107387 0)
(1.73136 -0.0129888 0)
(1.72668 -0.0156024 0)
(1.72801 -0.0168436 0)
(1.73277 -0.016978 0)
(1.73545 -0.0168122 0)
(1.73829 -0.0156243 0)
(1.74283 -0.0140347 0)
(1.74926 -0.0132553 0)
(1.75631 -0.0138779 0)
(1.7626 -0.015617 0)
(1.76703 -0.0165334 0)
(1.76982 -0.016524 0)
(1.77277 -0.0161609 0)
(1.77584 -0.0149063 0)
(1.77861 -0.0128041 0)
(1.78075 -0.0108161 0)
(1.78156 -0.00946333 0)
(1.77887 -0.00935959 0)
(1.77369 -0.011077 0)
(1.77415 -0.0123777 0)
(1.77674 -0.0125274 0)
(1.77899 -0.0124387 0)
(1.78146 -0.0118189 0)
(1.78497 -0.0111508 0)
(1.7926 -0.0107312 0)
(1.8035 -0.0106077 0)
(1.81046 -0.0101336 0)
(1.81352 -0.0091281 0)
(1.81568 -0.00785623 0)
(1.8176 -0.00670387 0)
(1.81913 -0.0057032 0)
(1.81683 -0.00496736 0)
(1.80582 -0.00507612 0)
(1.79824 -0.00618013 0)
(1.7994 -0.00688213 0)
(1.80119 -0.00702629 0)
(1.80301 -0.00690042 0)
(1.80612 -0.00626932 0)
(1.81472 -0.00509763 0)
(1.83055 -0.00401423 0)
(1.83937 -0.00378118 0)
(1.84178 -0.0038675 0)
(1.84426 -0.00421102 0)
(1.84578 -0.00469306 0)
(1.84425 -0.0052833 0)
(1.83757 -0.00567984 0)
(1.83476 -0.00558875 0)
(1.83649 -0.00538464 0)
(1.83855 -0.00498809 0)
(1.84133 -0.00427221 0)
(1.84445 -0.00379212 0)
(1.84705 -0.00382307 0)
(1.84939 -0.00404079 0)
(1.85108 -0.00470084 0)
(1.85261 -0.00535772 0)
(1.85441 -0.00543501 0)
(1.85641 -0.00530718 0)
(1.8591 -0.00478564 0)
(1.86235 -0.00390805 0)
(1.8651 -0.0037199 0)
(1.86773 -0.00377242 0)
(1.87001 -0.00399195 0)
(1.87171 -0.00438503 0)
(1.87234 -0.00472461 0)
(1.87029 -0.004707 0)
(1.87004 -0.00461955 0)
)
;

boundaryField
{
    inlet
    {
        type            fixedValue;
        value           nonuniform 0();
    }
    outlet
    {
        type            inletOutlet;
        inletValue      uniform (2 0 0);
        value           nonuniform List<vector> 
16
(
(2.02 0.243477 0)
(2.03173 0.260725 0)
(2.02932 0.272879 0)
(2.02941 0.284602 0)
(2.01244 0.259543 0)
(1.94985 0.0961797 0)
(1.89739 -0.0592659 0)
(1.88649 -0.0683926 0)
(1.87114 -0.0824703 0)
(1.87236 -0.0682725 0)
(1.87519 -0.0486913 0)
(1.87495 -0.0344269 0)
(1.87909 -0.0251974 0)
(1.87817 -0.0198707 0)
(1.87639 -0.0129336 0)
(1.87004 -0.00461955 0)
)
;
    }
    bottom
    {
        type            symmetryPlane;
    }
    top
    {
        type            symmetryPlane;
    }
    obstacle
    {
        type            slip;
    }
    defaultFaces
    {
        type            empty;
    }
    procBoundary3to1
    {
        type            processor;
        value           nonuniform List<vector> 
288
(
(1.68464 -0.318497 0)
(1.68921 -0.321948 0)
(1.6913 -0.325952 0)
(1.68853 -0.330968 0)
(1.6882 -0.336396 0)
(1.69283 -0.34041 0)
(1.69797 -0.344103 0)
(1.70302 -0.348119 0)
(1.70768 -0.35204 0)
(1.71161 -0.355694 0)
(1.71351 -0.359071 0)
(1.71173 -0.362125 0)
(1.71234 -0.365183 0)
(1.71735 -0.367543 0)
(1.72284 -0.370171 0)
(1.72857 -0.373489 0)
(1.73401 -0.376763 0)
(1.73916 -0.379831 0)
(1.74393 -0.382828 0)
(1.74766 -0.385926 0)
(1.74778 -0.389412 0)
(1.74231 -0.393335 0)
(1.74189 -0.396372 0)
(1.74672 -0.398045 0)
(1.75183 -0.399606 0)
(1.75721 -0.401583 0)
(1.76254 -0.40362 0)
(1.76766 -0.405676 0)
(1.77261 -0.407656 0)
(1.77735 -0.409615 0)
(1.78134 -0.411711 0)
(1.78287 -0.414178 0)
(1.77831 -0.417531 0)
(1.77347 -0.421082 0)
(1.77656 -0.423137 0)
(1.78144 -0.424613 0)
(1.78658 -0.426399 0)
(1.79189 -0.42845 0)
(1.79735 -0.430705 0)
(1.80284 -0.433074 0)
(1.80836 -0.435834 0)
(1.81362 -0.439474 0)
(1.81781 -0.443231 0)
(1.8192 -0.447985 0)
(1.81591 -0.452905 0)
(1.81452 -0.453792 0)
(1.81824 -0.455591 0)
(1.82291 -0.45775 0)
(1.82748 -0.458649 0)
(1.83154 -0.458849 0)
(1.8357 -0.458566 0)
(1.83937 -0.457964 0)
(1.84126 -0.457979 0)
(1.84263 -0.458287 0)
(1.84052 -0.458086 0)
(1.83774 -0.455039 0)
(1.83647 -0.452249 0)
(1.8347 -0.444683 0)
(1.83227 -0.434467 0)
(1.82445 -0.413 0)
(1.81469 -0.387737 0)
(1.79795 -0.357348 0)
(1.77554 -0.32122 0)
(1.75196 -0.281253 0)
(1.7232 -0.228718 0)
(1.70159 -0.18896 0)
(1.68109 -0.142662 0)
(1.66011 -0.0851785 0)
(1.64929 -0.0573137 0)
(1.63905 -0.0302504 0)
(1.61649 0.00998971 0)
(1.60343 0.0363011 0)
(1.59642 0.0421247 0)
(1.58696 0.0576791 0)
(1.58 0.0826283 0)
(1.57774 0.0900536 0)
(1.58093 0.0924536 0)
(1.58519 0.100001 0)
(1.58605 0.105602 0)
(1.58546 0.107756 0)
(1.58469 0.112107 0)
(1.58109 0.115421 0)
(1.57653 0.116253 0)
(1.5772 0.116663 0)
(1.57939 0.116943 0)
(1.58274 0.117337 0)
(1.59025 0.118211 0)
(1.59636 0.119327 0)
(1.60005 0.120037 0)
(1.60362 0.121136 0)
(1.6056 0.122311 0)
(1.60349 0.123725 0)
(1.60053 0.124633 0)
(1.60316 0.124761 0)
(1.60657 0.124811 0)
(1.61034 0.125145 0)
(1.61584 0.12655 0)
(1.62202 0.129081 0)
(1.62603 0.130805 0)
(1.62979 0.131525 0)
(1.63287 0.131859 0)
(1.63348 0.13174 0)
(1.62882 0.131258 0)
(1.6254 0.131402 0)
(1.62814 0.132204 0)
(1.6318 0.132873 0)
(1.63598 0.133714 0)
(1.64135 0.13479 0)
(1.64871 0.136634 0)
(1.65357 0.138518 0)
(1.6573 0.139921 0)
(1.66065 0.141093 0)
(1.6633 0.142003 0)
(1.66316 0.142402 0)
(1.65868 0.142254 0)
(1.65841 0.142523 0)
(1.66191 0.14276 0)
(1.66534 0.143084 0)
(1.66913 0.143649 0)
(1.67306 0.144531 0)
(1.67668 0.145241 0)
(1.68025 0.146177 0)
(1.68355 0.147272 0)
(1.68639 0.148441 0)
(1.68816 0.149461 0)
(1.68727 0.150096 0)
(1.68584 0.150857 0)
(1.6884 0.151755 0)
(1.69182 0.152538 0)
(1.69557 0.153804 0)
(1.69931 0.155126 0)
(1.703 0.156247 0)
(1.70665 0.157286 0)
(1.71022 0.158308 0)
(1.71353 0.159356 0)
(1.71607 0.16046 0)
(1.71605 0.161519 0)
(1.7122 0.16241 0)
(1.71212 0.163246 0)
(1.71545 0.163773 0)
(1.71895 0.164223 0)
(1.72303 0.164665 0)
(1.7286 0.164968 0)
(1.73331 0.16509 0)
(1.73691 0.165459 0)
(1.74037 0.165843 0)
(1.74356 0.166323 0)
(1.74548 0.166956 0)
(1.74337 0.167404 0)
(1.73855 0.167381 0)
(1.73965 0.167621 0)
(1.74307 0.167977 0)
(1.74669 0.168348 0)
(1.75048 0.168812 0)
(1.75456 0.169648 0)
(1.75833 0.170791 0)
(1.76195 0.172144 0)
(1.76538 0.173756 0)
(1.7685 0.175432 0)
(1.77084 0.176932 0)
(1.77045 0.177757 0)
(1.76673 0.177685 0)
(1.76747 0.177835 0)
(1.77072 0.178355 0)
(1.77395 0.179308 0)
(1.77708 0.180575 0)
(1.78008 0.181752 0)
(1.7831 0.182902 0)
(1.78626 0.183815 0)
(1.78953 0.184419 0)
(1.79293 0.184903 0)
(1.79641 0.185274 0)
(1.79981 0.185436 0)
(1.80309 0.185356 0)
(1.80619 0.185217 0)
(1.80855 0.185382 0)
(1.80891 0.186316 0)
(1.80644 0.187543 0)
(1.80552 0.188189 0)
(1.8077 0.188449 0)
(1.81064 0.188638 0)
(1.81371 0.188774 0)
(1.8167 0.188885 0)
(1.81954 0.189013 0)
(1.82237 0.189167 0)
(1.82547 0.189407 0)
(1.82846 0.189839 0)
(1.83047 0.19078 0)
(1.83005 0.19236 0)
(1.82825 0.194163 0)
(1.83033 0.195376 0)
(1.83368 0.196052 0)
(1.8371 0.196561 0)
(1.8405 0.196978 0)
(1.84383 0.197381 0)
(1.84693 0.197862 0)
(1.84928 0.198726 0)
(1.85001 0.200304 0)
(1.84898 0.201661 0)
(1.8493 0.202279 0)
(1.85213 0.20254 0)
(1.85519 0.202563 0)
(1.85807 0.202264 0)
(1.86078 0.201687 0)
(1.86329 0.201088 0)
(1.8652 0.200787 0)
(1.8659 0.201077 0)
(1.86552 0.201406 0)
(1.86661 0.201465 0)
(1.86946 0.201486 0)
(1.87271 0.20154 0)
(1.87595 0.201646 0)
(1.87898 0.201933 0)
(1.88183 0.202591 0)
(1.88453 0.203592 0)
(1.88693 0.204814 0)
(1.8879 0.206423 0)
(1.88579 0.20895 0)
(1.88599 0.211051 0)
(1.88947 0.21205 0)
(1.89283 0.212696 0)
(1.89633 0.21337 0)
(1.90017 0.213945 0)
(1.90394 0.214278 0)
(1.90682 0.214475 0)
(1.9095 0.214721 0)
(1.91197 0.214916 0)
(1.9136 0.214906 0)
(1.91236 0.214083 0)
(1.91007 0.212664 0)
(1.91129 0.21195 0)
(1.91372 0.211666 0)
(1.91651 0.211497 0)
(1.91945 0.211381 0)
(1.92243 0.211322 0)
(1.92536 0.211359 0)
(1.92821 0.21148 0)
(1.93106 0.211585 0)
(1.93389 0.211698 0)
(1.93637 0.211873 0)
(1.93767 0.212275 0)
(1.93622 0.213484 0)
(1.93365 0.215499 0)
(1.93482 0.217407 0)
(1.93761 0.219123 0)
(1.94084 0.220905 0)
(1.94434 0.222508 0)
(1.94801 0.223633 0)
(1.95183 0.224315 0)
(1.95525 0.22453 0)
(1.958 0.224694 0)
(1.96083 0.224857 0)
(1.96322 0.224929 0)
(1.96335 0.224794 0)
(1.96101 0.224526 0)
(1.96099 0.224475 0)
(1.963 0.224256 0)
(1.96559 0.223985 0)
(1.96825 0.223756 0)
(1.97103 0.22325 0)
(1.97365 0.222653 0)
(1.97618 0.222522 0)
(1.97885 0.222342 0)
(1.98163 0.222178 0)
(1.98422 0.22213 0)
(1.98555 0.221858 0)
(1.9844 0.22113 0)
(1.98305 0.220795 0)
(1.98346 0.221629 0)
(1.98562 0.223179 0)
(1.98873 0.224413 0)
(1.99201 0.225417 0)
(1.99526 0.226573 0)
(1.9985 0.227951 0)
(2.00164 0.22949 0)
(2.00413 0.230889 0)
(2.00599 0.231761 0)
(2.00701 0.232306 0)
(2.0051 0.232132 0)
(2.00001 0.230938 0)
(1.999 0.230117 0)
(2.00103 0.229936 0)
(2.0033 0.229825 0)
(2.00578 0.229713 0)
(2.00878 0.229166 0)
(2.01298 0.228133 0)
(2.01467 0.22793 0)
(2.01842 0.228377 0)
)
;
    }
    procBoundary3to2
    {
        type            processor;
        value           nonuniform List<vector> 
16
(
(1.6661 -0.281263 0)
(1.65458 -0.252516 0)
(1.64121 -0.224455 0)
(1.62747 -0.200232 0)
(1.61067 -0.177847 0)
(1.59105 -0.157704 0)
(1.57031 -0.135909 0)
(1.56579 -0.111582 0)
(1.55591 -0.0894576 0)
(1.53366 -0.0751091 0)
(1.51025 -0.0619655 0)
(1.48565 -0.0544658 0)
(1.46447 -0.0439815 0)
(1.45113 -0.0322769 0)
(1.44435 -0.0203282 0)
(1.44456 -0.00656372 0)
)
;
    }
}


// ************************************************************************* //
