/*--------------------------------*- C++ -*----------------------------------*\
  =========                 |
  \\      /  F ield         | OpenFOAM: The Open Source CFD Toolbox
   \\    /   O peration     | Website:  https://openfoam.org
    \\  /    A nd           | Version:  7
     \\/     M anipulation  |
\*---------------------------------------------------------------------------*/
FoamFile
{
    version     2.0;
    format      ascii;
    class       volVectorField;
    location    "3.3";
    object      U;
}
// * * * * * * * * * * * * * * * * * * * * * * * * * * * * * * * * * * * * * //

dimensions      [0 1 -1 0 0 0 0];

internalField   nonuniform List<vector> 
4608
(
(3.85688 0.470044 0)
(3.8614 0.472793 0)
(3.87968 0.455419 0)
(3.89036 0.421317 0)
(3.89216 0.402099 0)
(3.89223 0.403481 0)
(3.88848 0.40325 0)
(3.89353 0.39372 0)
(3.90837 0.385799 0)
(3.92117 0.36431 0)
(3.93064 0.347173 0)
(3.9393 0.34454 0)
(3.94206 0.348457 0)
(3.93813 0.348749 0)
(3.94316 0.328885 0)
(3.95334 0.300349 0)
(3.9552 0.28133 0)
(3.96182 0.281917 0)
(3.96736 0.288843 0)
(3.9724 0.291453 0)
(3.98918 0.278254 0)
(3.99939 0.252248 0)
(4.00152 0.23777 0)
(4.00218 0.236711 0)
(3.99822 0.233449 0)
(3.99655 0.222576 0)
(4.00809 0.215864 0)
(4.0181 0.20335 0)
(4.02663 0.189596 0)
(4.0343 0.186394 0)
(4.0396 0.190434 0)
(4.04347 0.190956 0)
(4.0488 0.174116 0)
(4.04826 0.14847 0)
(4.04551 0.13403 0)
(4.04918 0.136055 0)
(4.05309 0.138658 0)
(4.06354 0.133932 0)
(4.07693 0.123001 0)
(4.08398 0.108444 0)
(4.08944 0.100814 0)
(4.09405 0.0964479 0)
(4.09083 0.0931322 0)
(4.08288 0.084294 0)
(4.09164 0.0727511 0)
(4.09656 0.0600512 0)
(4.10124 0.0461732 0)
(4.10717 0.0397113 0)
(4.09353 0.0117908 0)
(4.04158 -0.064367 0)
(3.95651 -0.168192 0)
(3.75277 -0.40845 0)
(3.583 -0.579138 0)
(3.40965 -0.736823 0)
(3.15814 -1.00011 0)
(3.05726 -1.09829 0)
(2.99712 -1.11096 0)
(2.93703 -1.1708 0)
(2.89305 -1.23566 0)
(2.88452 -1.23804 0)
(2.90165 -1.23341 0)
(2.93141 -1.22319 0)
(2.96095 -1.21433 0)
(2.99053 -1.21513 0)
(3.0122 -1.21582 0)
(3.02273 -1.20648 0)
(3.02291 -1.19664 0)
(3.03529 -1.20304 0)
(3.04702 -1.20825 0)
(3.06165 -1.20853 0)
(3.07314 -1.2055 0)
(3.08134 -1.20881 0)
(3.08676 -1.21677 0)
(3.08679 -1.2273 0)
(3.08896 -1.23378 0)
(3.0973 -1.23617 0)
(3.10741 -1.23669 0)
(3.11952 -1.2363 0)
(3.13206 -1.23914 0)
(3.14519 -1.24185 0)
(3.15725 -1.24221 0)
(3.16674 -1.24089 0)
(3.17419 -1.23955 0)
(3.18433 -1.23881 0)
(3.19779 -1.23851 0)
(3.21114 -1.23732 0)
(3.22331 -1.23641 0)
(3.23441 -1.23713 0)
(3.24414 -1.23811 0)
(3.251 -1.2378 0)
(3.25827 -1.2379 0)
(3.26863 -1.23948 0)
(3.27897 -1.2403 0)
(3.28885 -1.24011 0)
(3.29766 -1.24091 0)
(3.30525 -1.24329 0)
(3.31109 -1.24515 0)
(3.31881 -1.2448 0)
(3.32944 -1.24405 0)
(3.33986 -1.24216 0)
(3.35026 -1.24058 0)
(3.36023 -1.23965 0)
(3.36874 -1.23961 0)
(3.37629 -1.23725 0)
(3.3849 -1.23295 0)
(3.39343 -1.22866 0)
(3.40559 -1.22453 0)
(3.41817 -1.21904 0)
(3.42736 -1.2149 0)
(3.43521 -1.21307 0)
(3.44152 -1.20745 0)
(3.45029 -1.20544 0)
(3.45835 -1.20367 0)
(3.46846 -1.19884 0)
(3.4741 -1.19511 0)
(3.47982 -1.1914 0)
(3.48349 -1.18819 0)
(3.48784 -1.18592 0)
(3.49218 -1.18416 0)
(3.49819 -1.18217 0)
(3.50963 -1.17577 0)
(3.51708 -1.16984 0)
(3.52238 -1.16562 0)
(3.52581 -1.15778 0)
(3.52691 -1.15051 0)
(3.53212 -1.14367 0)
(3.53894 -1.13678 0)
(3.54846 -1.13128 0)
(3.55935 -1.12178 0)
(3.56973 -1.11189 0)
(3.57798 -1.10186 0)
(3.58036 -1.09123 0)
(3.58697 -1.07831 0)
(3.59296 -1.06785 0)
(3.60219 -1.06318 0)
(3.61077 -1.04725 0)
(3.62287 -1.03128 0)
(3.63375 -1.02673 0)
(3.63714 -1.01128 0)
(3.64153 -0.998895 0)
(3.64637 -0.993073 0)
(3.64653 -0.977219 0)
(3.65113 -0.959509 0)
(3.65817 -0.952771 0)
(3.66587 -0.942748 0)
(3.67083 -0.920856 0)
(3.67852 -0.904081 0)
(3.68587 -0.900221 0)
(3.69042 -0.891874 0)
(3.68894 -0.875196 0)
(3.69259 -0.856314 0)
(3.69936 -0.844334 0)
(3.70633 -0.840796 0)
(3.71592 -0.831113 0)
(3.72224 -0.814395 0)
(3.7255 -0.797116 0)
(3.73135 -0.787636 0)
(3.73773 -0.784515 0)
(3.74509 -0.776666 0)
(3.74739 -0.762317 0)
(3.75329 -0.742655 0)
(3.75973 -0.737602 0)
(3.76501 -0.733477 0)
(3.77103 -0.724388 0)
(3.77399 -0.719741 0)
(3.778 -0.708426 0)
(3.7809 -0.700119 0)
(3.78568 -0.697059 0)
(3.78788 -0.689388 0)
(3.79373 -0.679468 0)
(3.80059 -0.675798 0)
(3.80611 -0.674261 0)
(3.81235 -0.667848 0)
(3.81427 -0.654581 0)
(3.81181 -0.636212 0)
(3.81423 -0.619575 0)
(3.81202 -0.612216 0)
(3.80529 -0.594864 0)
(3.78633 -0.542376 0)
(3.77652 -0.496596 0)
(3.76636 -0.472996 0)
(3.73295 -0.412876 0)
(3.7038 -0.352417 0)
(3.67653 -0.284762 0)
(3.64221 -0.202514 0)
(3.61532 -0.164765 0)
(3.59464 -0.128258 0)
(3.55189 -0.0457096 0)
(3.52892 0.038164 0)
(3.51113 0.0566417 0)
(3.49639 0.0644973 0)
(3.47129 0.102974 0)
(3.44716 0.160575 0)
(3.43749 0.189425 0)
(3.42502 0.201076 0)
(3.40894 0.218068 0)
(3.40006 0.238696 0)
(3.398 0.249015 0)
(3.3907 0.267262 0)
(3.38375 0.288378 0)
(3.37763 0.291494 0)
(3.37156 0.295599 0)
(3.36836 0.301004 0)
(3.36893 0.31141 0)
(3.36962 0.319903 0)
(3.37239 0.321251 0)
(3.37606 0.322041 0)
(3.38031 0.325474 0)
(3.38425 0.327735 0)
(3.38794 0.329893 0)
(3.38958 0.327941 0)
(3.39135 0.320216 0)
(3.3937 0.313396 0)
(3.39595 0.313217 0)
(3.39713 0.312075 0)
(3.39872 0.305471 0)
(3.39964 0.30176 0)
(3.40057 0.303258 0)
(3.40134 0.300976 0)
(3.4015 0.296886 0)
(3.40276 0.299473 0)
(3.4037 0.303929 0)
(3.40505 0.301969 0)
(3.40507 0.298482 0)
(3.40626 0.300734 0)
(3.40698 0.306875 0)
(3.40628 0.309495 0)
(3.4059 0.306853 0)
(3.40554 0.306528 0)
(3.40549 0.311989 0)
(3.4046 0.315456 0)
(3.40491 0.314424 0)
(3.40655 0.3159 0)
(3.40809 0.319897 0)
(3.4094 0.319955 0)
(3.40978 0.317539 0)
(3.40974 0.320129 0)
(3.40908 0.326007 0)
(3.40921 0.327472 0)
(3.41052 0.323792 0)
(3.41111 0.32239 0)
(3.41254 0.325744 0)
(3.41401 0.328762 0)
(3.41625 0.328128 0)
(3.41737 0.325791 0)
(3.41666 0.325818 0)
(3.41532 0.328488 0)
(3.4147 0.33149 0)
(3.41512 0.332274 0)
(3.41693 0.330065 0)
(3.41875 0.32741 0)
(3.4209 0.327463 0)
(3.4241 0.331439 0)
(3.42593 0.336477 0)
(3.42563 0.336676 0)
(3.42368 0.331943 0)
(3.42203 0.329884 0)
(3.42391 0.333792 0)
(3.42597 0.337834 0)
(3.42809 0.337671 0)
(3.43009 0.335194 0)
(3.43244 0.335216 0)
(3.43529 0.339618 0)
(3.43551 0.344119 0)
(3.4335 0.342665 0)
(3.43144 0.338561 0)
(3.43223 0.338682 0)
(3.43512 0.342109 0)
(3.43734 0.343981 0)
(3.4398 0.34191 0)
(3.44162 0.338585 0)
(3.44319 0.338568 0)
(3.44374 0.342761 0)
(3.44204 0.346411 0)
(3.44111 0.344431 0)
(3.44165 0.34041 0)
(3.44331 0.339984 0)
(3.44651 0.343246 0)
(3.44911 0.346746 0)
(3.4511 0.346598 0)
(3.45141 0.343152 0)
(3.45001 0.341567 0)
(3.44945 0.345185 0)
(3.44923 0.350529 0)
(3.4508 0.350252 0)
(3.45296 0.346091 0)
(3.45513 0.346066 0)
(3.45937 0.348111 0)
(3.83685 0.552359 0)
(3.85193 0.525205 0)
(3.85841 0.505182 0)
(3.86054 0.500902 0)
(3.8542 0.500685 0)
(3.84978 0.490883 0)
(3.86445 0.478821 0)
(3.87911 0.460665 0)
(3.88809 0.443638 0)
(3.89726 0.440359 0)
(3.90433 0.446991 0)
(3.9095 0.447412 0)
(3.91849 0.422776 0)
(3.91759 0.388932 0)
(3.91702 0.378969 0)
(3.92077 0.384805 0)
(3.92466 0.384254 0)
(3.93916 0.378268 0)
(3.95371 0.364194 0)
(3.96214 0.344839 0)
(3.96995 0.335555 0)
(3.97416 0.333214 0)
(3.96721 0.331777 0)
(3.96102 0.320602 0)
(3.97387 0.304903 0)
(3.98297 0.287772 0)
(3.9888 0.279204 0)
(3.99703 0.282673 0)
(4.00317 0.286705 0)
(4.01454 0.278241 0)
(4.02262 0.255045 0)
(4.02183 0.237208 0)
(4.01821 0.234379 0)
(4.01343 0.22972 0)
(4.02105 0.223427 0)
(4.03144 0.220797 0)
(4.04221 0.20965 0)
(4.05173 0.19779 0)
(4.061 0.191328 0)
(4.06596 0.191694 0)
(4.0659 0.193949 0)
(4.0625 0.181544 0)
(4.05829 0.151435 0)
(4.059 0.133858 0)
(4.05312 0.116283 0)
(4.01356 0.0509412 0)
(3.94469 -0.0355876 0)
(3.79027 -0.209329 0)
(3.55571 -0.482795 0)
(3.41248 -0.595668 0)
(3.18465 -0.789071 0)
(2.99364 -1.02756 0)
(2.92258 -1.06759 0)
(2.90645 -1.06142 0)
(2.88791 -1.11177 0)
(2.86815 -1.14431 0)
(2.86235 -1.15243 0)
(2.87948 -1.14911 0)
(2.90805 -1.14197 0)
(2.93966 -1.13242 0)
(2.97316 -1.12569 0)
(2.99886 -1.12238 0)
(3.01771 -1.11757 0)
(3.02534 -1.11231 0)
(3.02246 -1.11891 0)
(3.03131 -1.12829 0)
(3.04063 -1.1308 0)
(3.05347 -1.12887 0)
(3.06706 -1.13127 0)
(3.07499 -1.13668 0)
(3.08298 -1.14462 0)
(3.08825 -1.15194 0)
(3.09038 -1.15589 0)
(3.09769 -1.15735 0)
(3.11067 -1.15887 0)
(3.12536 -1.15915 0)
(3.14031 -1.15919 0)
(3.15463 -1.15942 0)
(3.16763 -1.15922 0)
(3.1775 -1.15901 0)
(3.18275 -1.15843 0)
(3.19304 -1.15919 0)
(3.20652 -1.16059 0)
(3.21966 -1.16006 0)
(3.23202 -1.1586 0)
(3.24311 -1.15792 0)
(3.2525 -1.15879 0)
(3.25838 -1.16124 0)
(3.26527 -1.16457 0)
(3.27652 -1.16732 0)
(3.28822 -1.16709 0)
(3.29995 -1.16519 0)
(3.31079 -1.16563 0)
(3.32062 -1.16772 0)
(3.32787 -1.16892 0)
(3.33569 -1.16744 0)
(3.34586 -1.16712 0)
(3.35658 -1.1676 0)
(3.36866 -1.16733 0)
(3.38035 -1.16637 0)
(3.39106 -1.16553 0)
(3.40061 -1.16537 0)
(3.40699 -1.16504 0)
(3.41542 -1.16462 0)
(3.42653 -1.16507 0)
(3.43718 -1.16539 0)
(3.44886 -1.16534 0)
(3.45963 -1.16549 0)
(3.46923 -1.16607 0)
(3.47683 -1.16708 0)
(3.4836 -1.16814 0)
(3.49341 -1.16941 0)
(3.50349 -1.16919 0)
(3.5141 -1.16722 0)
(3.52348 -1.1672 0)
(3.53243 -1.16834 0)
(3.54056 -1.16822 0)
(3.54783 -1.16444 0)
(3.55777 -1.1602 0)
(3.56888 -1.15659 0)
(3.57958 -1.15165 0)
(3.58842 -1.15197 0)
(3.59821 -1.15083 0)
(3.60964 -1.14531 0)
(3.61648 -1.14011 0)
(3.6238 -1.13339 0)
(3.63533 -1.13092 0)
(3.64475 -1.12859 0)
(3.65143 -1.12548 0)
(3.66087 -1.12232 0)
(3.67042 -1.1196 0)
(3.6758 -1.11334 0)
(3.68368 -1.11 0)
(3.6888 -1.10908 0)
(3.69438 -1.10727 0)
(3.69618 -1.10217 0)
(3.70217 -1.09737 0)
(3.70802 -1.09152 0)
(3.71018 -1.0858 0)
(3.71803 -1.07994 0)
(3.72776 -1.07196 0)
(3.73238 -1.06579 0)
(3.73805 -1.05918 0)
(3.74591 -1.04995 0)
(3.755 -1.04256 0)
(3.75982 -1.03334 0)
(3.76581 -1.02177 0)
(3.77501 -1.01559 0)
(3.78414 -1.00799 0)
(3.78907 -0.992222 0)
(3.79863 -0.982141 0)
(3.80665 -0.970983 0)
(3.8148 -0.962318 0)
(3.82381 -0.957624 0)
(3.83098 -0.944233 0)
(3.83596 -0.925156 0)
(3.84144 -0.91522 0)
(3.84514 -0.913649 0)
(3.84643 -0.905897 0)
(3.84517 -0.885452 0)
(3.85124 -0.86566 0)
(3.85875 -0.859296 0)
(3.86621 -0.857248 0)
(3.87111 -0.845081 0)
(3.87152 -0.829531 0)
(3.87611 -0.8148 0)
(3.88279 -0.812027 0)
(3.88679 -0.803407 0)
(3.88678 -0.783376 0)
(3.89401 -0.765022 0)
(3.90121 -0.760358 0)
(3.90878 -0.757897 0)
(3.91995 -0.752014 0)
(3.93123 -0.741519 0)
(3.9348 -0.73249 0)
(3.94055 -0.719804 0)
(3.94618 -0.715827 0)
(3.9454 -0.708398 0)
(3.94626 -0.695852 0)
(3.95263 -0.681246 0)
(3.95783 -0.674192 0)
(3.96249 -0.672619 0)
(3.95864 -0.648155 0)
(3.94974 -0.606793 0)
(3.94738 -0.580055 0)
(3.94252 -0.572088 0)
(3.91603 -0.527218 0)
(3.88847 -0.464508 0)
(3.87078 -0.401802 0)
(3.84828 -0.325037 0)
(3.82945 -0.296517 0)
(3.80175 -0.245335 0)
(3.7499 -0.12681 0)
(3.73579 -0.0754165 0)
(3.72555 -0.0606758 0)
(3.67407 0.0169932 0)
(3.65414 0.0767045 0)
(3.64591 0.0873468 0)
(3.61566 0.131067 0)
(3.58987 0.18891 0)
(3.58062 0.204947 0)
(3.56248 0.223537 0)
(3.54227 0.243538 0)
(3.52645 0.276288 0)
(3.52173 0.288911 0)
(3.51269 0.306001 0)
(3.5066 0.324699 0)
(3.50431 0.329019 0)
(3.49813 0.334711 0)
(3.49287 0.344583 0)
(3.48872 0.356388 0)
(3.48535 0.358123 0)
(3.48527 0.358916 0)
(3.48672 0.363916 0)
(3.48839 0.369382 0)
(3.49302 0.372148 0)
(3.49814 0.374445 0)
(3.50239 0.377338 0)
(3.50522 0.374705 0)
(3.50559 0.367325 0)
(3.50602 0.364392 0)
(3.50689 0.366314 0)
(3.50881 0.362312 0)
(3.51029 0.351972 0)
(3.50951 0.347486 0)
(3.50971 0.350395 0)
(3.51145 0.349295 0)
(3.5133 0.341597 0)
(3.51335 0.339871 0)
(3.5137 0.344801 0)
(3.51451 0.345288 0)
(3.51465 0.344256 0)
(3.51485 0.346874 0)
(3.51567 0.34783 0)
(3.51626 0.347085 0)
(3.51574 0.349528 0)
(3.51417 0.352994 0)
(3.51342 0.352801 0)
(3.51258 0.351917 0)
(3.51158 0.355481 0)
(3.51062 0.360534 0)
(3.511 0.362266 0)
(3.51276 0.36063 0)
(3.51365 0.360139 0)
(3.51366 0.363662 0)
(3.51276 0.367342 0)
(3.51207 0.36665 0)
(3.51057 0.364305 0)
(3.50962 0.365716 0)
(3.51015 0.369423 0)
(3.5114 0.371024 0)
(3.51302 0.368928 0)
(3.5139 0.366931 0)
(3.51539 0.368945 0)
(3.51611 0.372867 0)
(3.51521 0.371743 0)
(3.51287 0.366216 0)
(3.51175 0.36557 0)
(3.51334 0.37047 0)
(3.51467 0.373583 0)
(3.51739 0.371151 0)
(3.51908 0.367396 0)
(3.52107 0.368845 0)
(3.52177 0.374701 0)
(3.52033 0.376388 0)
(3.51828 0.371127 0)
(3.51686 0.369255 0)
(3.51768 0.373292 0)
(3.51888 0.375218 0)
(3.5221 0.37234 0)
(3.52415 0.368702 0)
(3.52559 0.370346 0)
(3.52511 0.374864 0)
(3.52356 0.375333 0)
(3.52217 0.372668 0)
(3.52148 0.372177 0)
(3.52192 0.372913 0)
(3.52332 0.3728 0)
(3.52549 0.373409 0)
(3.52801 0.375787 0)
(3.52915 0.377171 0)
(3.52809 0.374516 0)
(3.52502 0.371281 0)
(3.52382 0.37438 0)
(3.52419 0.379889 0)
(3.52618 0.379515 0)
(3.52781 0.376766 0)
(3.53046 0.376927 0)
(3.8205 0.601177 0)
(3.82938 0.592532 0)
(3.83343 0.593402 0)
(3.8264 0.589741 0)
(3.82152 0.571502 0)
(3.8366 0.554525 0)
(3.84762 0.537581 0)
(3.85728 0.529147 0)
(3.86613 0.53295 0)
(3.87426 0.53286 0)
(3.88877 0.517618 0)
(3.89619 0.490795 0)
(3.89446 0.476974 0)
(3.88811 0.475753 0)
(3.88596 0.470275 0)
(3.89997 0.465165 0)
(3.91464 0.454803 0)
(3.92703 0.436033 0)
(3.93595 0.426224 0)
(3.94387 0.424898 0)
(3.94687 0.425266 0)
(3.9407 0.417383 0)
(3.94193 0.392769 0)
(3.94856 0.37281 0)
(3.95486 0.368112 0)
(3.96172 0.371439 0)
(3.96915 0.369767 0)
(3.98353 0.361168 0)
(3.99314 0.343794 0)
(3.99781 0.332694 0)
(3.99775 0.326101 0)
(3.98823 0.319208 0)
(3.98723 0.310882 0)
(3.99907 0.304322 0)
(4.01051 0.29411 0)
(4.01998 0.28315 0)
(4.02788 0.27969 0)
(4.03517 0.283565 0)
(4.0394 0.28517 0)
(4.03343 0.256527 0)
(4.02197 0.215061 0)
(3.98607 0.163152 0)
(3.90323 0.0558476 0)
(3.8014 -0.045384 0)
(3.55635 -0.313009 0)
(3.34419 -0.566698 0)
(3.21645 -0.655393 0)
(3.01577 -0.816507 0)
(2.86873 -1.01203 0)
(2.81764 -1.02812 0)
(2.81704 -1.01715 0)
(2.83097 -1.05626 0)
(2.8409 -1.06285 0)
(2.85843 -1.06795 0)
(2.87683 -1.067 0)
(2.89407 -1.06015 0)
(2.92169 -1.0537 0)
(2.95425 -1.05081 0)
(2.98365 -1.0436 0)
(3.00519 -1.03521 0)
(3.02087 -1.0306 0)
(3.02734 -1.03441 0)
(3.02508 -1.04775 0)
(3.03213 -1.05642 0)
(3.04115 -1.05814 0)
(3.0517 -1.05807 0)
(3.06628 -1.06298 0)
(3.076 -1.0667 0)
(3.08696 -1.07197 0)
(3.09574 -1.07717 0)
(3.10061 -1.08051 0)
(3.10797 -1.08239 0)
(3.12222 -1.08452 0)
(3.13762 -1.08436 0)
(3.15319 -1.0827 0)
(3.16783 -1.08203 0)
(3.18118 -1.08234 0)
(3.192 -1.08345 0)
(3.19872 -1.08473 0)
(3.2086 -1.08649 0)
(3.22187 -1.08808 0)
(3.23511 -1.08723 0)
(3.24769 -1.08602 0)
(3.25921 -1.08693 0)
(3.26972 -1.08935 0)
(3.27806 -1.09227 0)
(3.28476 -1.09419 0)
(3.29571 -1.09518 0)
(3.30775 -1.09508 0)
(3.31978 -1.09449 0)
(3.33148 -1.09578 0)
(3.34317 -1.09755 0)
(3.35415 -1.09818 0)
(3.36298 -1.09884 0)
(3.37014 -1.09926 0)
(3.38146 -1.09896 0)
(3.3935 -1.09886 0)
(3.40483 -1.09972 0)
(3.41631 -1.10094 0)
(3.42744 -1.10165 0)
(3.43763 -1.10285 0)
(3.4466 -1.10493 0)
(3.4556 -1.10613 0)
(3.46686 -1.1065 0)
(3.47801 -1.10675 0)
(3.48925 -1.10702 0)
(3.49995 -1.10792 0)
(3.50976 -1.10991 0)
(3.51858 -1.11191 0)
(3.5279 -1.1112 0)
(3.53949 -1.10899 0)
(3.5498 -1.10846 0)
(3.5603 -1.11022 0)
(3.57176 -1.11038 0)
(3.58282 -1.10662 0)
(3.59153 -1.10321 0)
(3.59913 -1.10432 0)
(3.60647 -1.10456 0)
(3.61859 -1.10356 0)
(3.63037 -1.10114 0)
(3.6405 -1.09822 0)
(3.65058 -1.10026 0)
(3.66092 -1.101 0)
(3.67026 -1.09692 0)
(3.67725 -1.09634 0)
(3.68445 -1.0968 0)
(3.69554 -1.09694 0)
(3.70559 -1.09591 0)
(3.71413 -1.09644 0)
(3.72424 -1.09675 0)
(3.73519 -1.09384 0)
(3.74292 -1.0909 0)
(3.7502 -1.09005 0)
(3.75683 -1.0862 0)
(3.76699 -1.08319 0)
(3.7742 -1.0816 0)
(3.78246 -1.07891 0)
(3.79448 -1.07324 0)
(3.80256 -1.07072 0)
(3.81272 -1.06485 0)
(3.82121 -1.05683 0)
(3.82524 -1.05399 0)
(3.83309 -1.05017 0)
(3.84286 -1.04939 0)
(3.85182 -1.04454 0)
(3.85627 -1.03959 0)
(3.86629 -1.0375 0)
(3.87481 -1.03417 0)
(3.87811 -1.031 0)
(3.88167 -1.02722 0)
(3.88581 -1.02423 0)
(3.8892 -1.02221 0)
(3.89076 -1.01785 0)
(3.89524 -1.01201 0)
(3.90011 -1.00849 0)
(3.90757 -1.00194 0)
(3.91556 -0.994564 0)
(3.9188 -0.991176 0)
(3.92276 -0.987076 0)
(3.92587 -0.97821 0)
(3.92944 -0.966033 0)
(3.93445 -0.956706 0)
(3.94269 -0.949113 0)
(3.95091 -0.94106 0)
(3.96424 -0.932618 0)
(3.9763 -0.920686 0)
(3.98173 -0.915078 0)
(3.98341 -0.909601 0)
(3.98425 -0.894446 0)
(3.9873 -0.876026 0)
(3.99348 -0.869395 0)
(3.99848 -0.862536 0)
(4.00252 -0.854308 0)
(4.01015 -0.844986 0)
(4.01591 -0.82686 0)
(4.02181 -0.815722 0)
(4.0259 -0.815348 0)
(4.02616 -0.810391 0)
(4.02495 -0.800702 0)
(4.02651 -0.784412 0)
(4.03293 -0.769959 0)
(4.03949 -0.764999 0)
(4.04002 -0.754952 0)
(4.04426 -0.744953 0)
(4.04954 -0.733893 0)
(4.05536 -0.723673 0)
(4.06243 -0.720658 0)
(4.06121 -0.703157 0)
(4.05909 -0.6786 0)
(4.06039 -0.656516 0)
(4.05768 -0.625698 0)
(4.05189 -0.606798 0)
(4.03979 -0.575891 0)
(4.02334 -0.51575 0)
(4.0144 -0.485471 0)
(3.99258 -0.433016 0)
(3.96106 -0.334364 0)
(3.94867 -0.300781 0)
(3.92736 -0.253716 0)
(3.88222 -0.136356 0)
(3.86968 -0.0924922 0)
(3.86277 -0.070511 0)
(3.80416 0.0232074 0)
(3.78337 0.0993944 0)
(3.77335 0.102799 0)
(3.74466 0.142755 0)
(3.71707 0.210252 0)
(3.7074 0.227871 0)
(3.69215 0.242902 0)
(3.66613 0.268711 0)
(3.64827 0.305475 0)
(3.64172 0.318451 0)
(3.62709 0.33166 0)
(3.61655 0.347167 0)
(3.60801 0.368458 0)
(3.60526 0.372874 0)
(3.60326 0.379846 0)
(3.59972 0.388821 0)
(3.59584 0.399158 0)
(3.59073 0.401477 0)
(3.5886 0.405425 0)
(3.58781 0.410518 0)
(3.58802 0.414432 0)
(3.59026 0.415371 0)
(3.59338 0.416928 0)
(3.59667 0.419118 0)
(3.6007 0.419202 0)
(3.60361 0.417226 0)
(3.60612 0.413438 0)
(3.60852 0.410484 0)
(3.60962 0.410608 0)
(3.61115 0.406552 0)
(3.61289 0.398471 0)
(3.61336 0.395991 0)
(3.61313 0.398365 0)
(3.61398 0.396708 0)
(3.61486 0.389427 0)
(3.61457 0.387399 0)
(3.61438 0.392853 0)
(3.61403 0.3947 0)
(3.61489 0.390247 0)
(3.6156 0.388922 0)
(3.61744 0.393665 0)
(3.61676 0.398495 0)
(3.61522 0.397164 0)
(3.61309 0.394301 0)
(3.61204 0.39728 0)
(3.61021 0.402727 0)
(3.60834 0.403096 0)
(3.60753 0.402482 0)
(3.6088 0.405764 0)
(3.60999 0.409382 0)
(3.61008 0.408521 0)
(3.60864 0.408281 0)
(3.60745 0.412197 0)
(3.6069 0.413555 0)
(3.60594 0.409413 0)
(3.60418 0.408871 0)
(3.60393 0.413535 0)
(3.6049 0.415832 0)
(3.60839 0.412213 0)
(3.60942 0.408411 0)
(3.60969 0.411944 0)
(3.60892 0.417177 0)
(3.60953 0.415434 0)
(3.60835 0.410397 0)
(3.60646 0.412613 0)
(3.60481 0.417458 0)
(3.60677 0.416373 0)
(3.6098 0.410777 0)
(3.61068 0.409181 0)
(3.61098 0.414107 0)
(3.61055 0.417283 0)
(3.61029 0.413852 0)
(3.60754 0.410863 0)
(3.60552 0.414278 0)
(3.60492 0.41751 0)
(3.60686 0.415934 0)
(3.60841 0.412822 0)
(3.60985 0.413348 0)
(3.61119 0.41749 0)
(3.61107 0.419623 0)
(3.60884 0.415284 0)
(3.60443 0.411495 0)
(3.60359 0.416051 0)
(3.60422 0.421464 0)
(3.60622 0.420111 0)
(3.60789 0.418835 0)
(3.79795 0.680609 0)
(3.80338 0.68462 0)
(3.80324 0.679909 0)
(3.80514 0.648898 0)
(3.81241 0.619426 0)
(3.81813 0.611922 0)
(3.82549 0.616326 0)
(3.8327 0.617692 0)
(3.85098 0.610802 0)
(3.86674 0.59016 0)
(3.87341 0.570881 0)
(3.87372 0.564365 0)
(3.86502 0.560711 0)
(3.86272 0.548958 0)
(3.87591 0.54144 0)
(3.88913 0.527909 0)
(3.89881 0.514963 0)
(3.90984 0.510074 0)
(3.9185 0.509804 0)
(3.92345 0.507998 0)
(3.92538 0.492024 0)
(3.92306 0.461447 0)
(3.92416 0.451887 0)
(3.92822 0.454633 0)
(3.93398 0.452061 0)
(3.94814 0.446648 0)
(3.96112 0.433062 0)
(3.96931 0.419914 0)
(3.9761 0.414079 0)
(3.97784 0.410531 0)
(3.96904 0.400511 0)
(3.96885 0.385459 0)
(3.97885 0.376292 0)
(3.98592 0.367864 0)
(3.9963 0.364756 0)
(3.99968 0.362583 0)
(3.99547 0.343985 0)
(3.97435 0.295544 0)
(3.89483 0.180332 0)
(3.75724 0.0127161 0)
(3.6147 -0.104062 0)
(3.31703 -0.398959 0)
(3.10973 -0.656967 0)
(3.00345 -0.724439 0)
(2.89565 -0.830521 0)
(2.79547 -0.947042 0)
(2.75061 -0.969566 0)
(2.75374 -0.980036 0)
(2.78289 -0.996885 0)
(2.81713 -0.99774 0)
(2.85186 -0.996395 0)
(2.88656 -0.988554 0)
(2.90727 -0.982301 0)
(2.9176 -0.974858 0)
(2.94175 -0.975382 0)
(2.96716 -0.976381 0)
(2.99441 -0.966372 0)
(3.01413 -0.955504 0)
(3.02887 -0.958835 0)
(3.036 -0.969451 0)
(3.03532 -0.982296 0)
(3.04081 -0.988986 0)
(3.04991 -0.991231 0)
(3.06011 -0.993844 0)
(3.07532 -0.998133 0)
(3.08768 -1.00029 0)
(3.10091 -1.004 0)
(3.11262 -1.0075 0)
(3.12056 -1.01001 0)
(3.12798 -1.01157 0)
(3.14222 -1.01328 0)
(3.15788 -1.01356 0)
(3.17402 -1.01224 0)
(3.18918 -1.01192 0)
(3.20317 -1.0129 0)
(3.21528 -1.01453 0)
(3.22371 -1.01626 0)
(3.23254 -1.01779 0)
(3.24589 -1.01947 0)
(3.25945 -1.01929 0)
(3.27285 -1.01856 0)
(3.28552 -1.0197 0)
(3.29761 -1.02177 0)
(3.30824 -1.02394 0)
(3.3161 -1.02537 0)
(3.32533 -1.02586 0)
(3.33776 -1.02646 0)
(3.3503 -1.0265 0)
(3.36285 -1.02697 0)
(3.37536 -1.02755 0)
(3.38704 -1.02815 0)
(3.39727 -1.02955 0)
(3.40618 -1.02959 0)
(3.41749 -1.02899 0)
(3.42879 -1.02989 0)
(3.44089 -1.03044 0)
(3.45314 -1.02983 0)
(3.46437 -1.02913 0)
(3.4746 -1.02968 0)
(3.48328 -1.03078 0)
(3.49279 -1.03106 0)
(3.50497 -1.03177 0)
(3.51703 -1.03182 0)
(3.52911 -1.03096 0)
(3.54069 -1.03175 0)
(3.5524 -1.03209 0)
(3.56275 -1.02969 0)
(3.57058 -1.02846 0)
(3.57753 -1.02924 0)
(3.58798 -1.02918 0)
(3.6009 -1.02982 0)
(3.61284 -1.02834 0)
(3.6242 -1.02672 0)
(3.635 -1.02726 0)
(3.64493 -1.02874 0)
(3.65351 -1.02588 0)
(3.66043 -1.02349 0)
(3.6678 -1.02477 0)
(3.6775 -1.02504 0)
(3.68988 -1.02578 0)
(3.70127 -1.0248 0)
(3.71168 -1.02463 0)
(3.72188 -1.026 0)
(3.73152 -1.02744 0)
(3.73909 -1.02646 0)
(3.74586 -1.02282 0)
(3.7544 -1.02098 0)
(3.76362 -1.02257 0)
(3.77307 -1.0246 0)
(3.78448 -1.02474 0)
(3.79575 -1.02246 0)
(3.80507 -1.02 0)
(3.81369 -1.01997 0)
(3.82071 -1.02059 0)
(3.82565 -1.01813 0)
(3.83556 -1.01509 0)
(3.84461 -1.01292 0)
(3.85395 -1.01391 0)
(3.864 -1.01642 0)
(3.87542 -1.01587 0)
(3.88444 -1.01295 0)
(3.89097 -1.01061 0)
(3.89534 -1.00876 0)
(3.90032 -1.00761 0)
(3.90948 -1.00881 0)
(3.9176 -1.00968 0)
(3.92658 -1.00868 0)
(3.93564 -1.00629 0)
(3.94431 -1.00454 0)
(3.95282 -1.00239 0)
(3.95903 -1.00033 0)
(3.96311 -0.99648 0)
(3.96563 -0.992275 0)
(3.96914 -0.987244 0)
(3.97864 -0.983098 0)
(3.98735 -0.981776 0)
(3.99583 -0.978166 0)
(4.00328 -0.973764 0)
(4.01114 -0.972481 0)
(4.01955 -0.970103 0)
(4.02712 -0.960795 0)
(4.0289 -0.953761 0)
(4.02981 -0.948533 0)
(4.0323 -0.943832 0)
(4.03559 -0.942334 0)
(4.03931 -0.939877 0)
(4.04407 -0.937588 0)
(4.05186 -0.935988 0)
(4.06006 -0.930169 0)
(4.06404 -0.925414 0)
(4.06655 -0.922049 0)
(4.06711 -0.916111 0)
(4.06338 -0.90896 0)
(4.06102 -0.902591 0)
(4.06556 -0.897172 0)
(4.07309 -0.892669 0)
(4.08149 -0.887995 0)
(4.09493 -0.879395 0)
(4.10237 -0.872008 0)
(4.10425 -0.870771 0)
(4.10453 -0.865195 0)
(4.10484 -0.851342 0)
(4.10869 -0.839743 0)
(4.11498 -0.831378 0)
(4.12224 -0.824954 0)
(4.12983 -0.820877 0)
(4.13914 -0.814132 0)
(4.1479 -0.806827 0)
(4.15097 -0.804723 0)
(4.15351 -0.800123 0)
(4.15439 -0.788699 0)
(4.15397 -0.775622 0)
(4.15691 -0.769185 0)
(4.16032 -0.765394 0)
(4.15849 -0.747124 0)
(4.15889 -0.729883 0)
(4.16104 -0.717412 0)
(4.15776 -0.692451 0)
(4.15317 -0.673339 0)
(4.14516 -0.646171 0)
(4.1316 -0.58889 0)
(4.12357 -0.549619 0)
(4.10773 -0.505089 0)
(4.08122 -0.417059 0)
(4.06854 -0.374695 0)
(4.05037 -0.326757 0)
(4.00028 -0.198608 0)
(3.98392 -0.125988 0)
(3.97886 -0.117676 0)
(3.92824 -0.0315048 0)
(3.89701 0.0772144 0)
(3.88861 0.0940054 0)
(3.87551 0.118364 0)
(3.82593 0.193778 0)
(3.80972 0.257325 0)
(3.79343 0.259918 0)
(3.77432 0.275317 0)
(3.75221 0.30735 0)
(3.7392 0.347535 0)
(3.73252 0.358666 0)
(3.71478 0.372058 0)
(3.70586 0.384628 0)
(3.69825 0.402973 0)
(3.69584 0.407401 0)
(3.69395 0.419746 0)
(3.69219 0.433153 0)
(3.6864 0.438813 0)
(3.68199 0.44404 0)
(3.67707 0.445605 0)
(3.67397 0.449632 0)
(3.67462 0.457323 0)
(3.67479 0.460566 0)
(3.67708 0.460216 0)
(3.67976 0.461429 0)
(3.68347 0.463452 0)
(3.68784 0.463339 0)
(3.69065 0.461773 0)
(3.6915 0.459125 0)
(3.6926 0.458762 0)
(3.69498 0.458881 0)
(3.69913 0.452773 0)
(3.70039 0.445624 0)
(3.70057 0.446296 0)
(3.70068 0.449325 0)
(3.70219 0.444614 0)
(3.70141 0.43521 0)
(3.70031 0.434641 0)
(3.6999 0.44163 0)
(3.69987 0.443434 0)
(3.70124 0.437896 0)
(3.7013 0.435037 0)
(3.70322 0.440122 0)
(3.70241 0.447382 0)
(3.70074 0.447112 0)
(3.69898 0.441543 0)
(3.69757 0.440583 0)
(3.69651 0.446824 0)
(3.69333 0.452105 0)
(3.69269 0.450723 0)
(3.69373 0.446984 0)
(3.69551 0.447268 0)
(3.6962 0.452797 0)
(3.69498 0.45614 0)
(3.69548 0.453029 0)
(3.6958 0.44948 0)
(3.69499 0.453343 0)
(3.69168 0.459016 0)
(3.69146 0.45714 0)
(3.69317 0.452305 0)
(3.69494 0.452809 0)
(3.69525 0.455862 0)
(3.69555 0.454903 0)
(3.69604 0.453018 0)
(3.69563 0.454664 0)
(3.69279 0.456081 0)
(3.6902 0.454191 0)
(3.6899 0.453393 0)
(3.69106 0.454621 0)
(3.69229 0.454132 0)
(3.69312 0.452033 0)
(3.69416 0.452867 0)
(3.69492 0.457231 0)
(3.69383 0.457825 0)
(3.6906 0.45145 0)
(3.68714 0.4488 0)
(3.68734 0.454864 0)
(3.6882 0.458062 0)
(3.68921 0.457419 0)
(3.78294 0.767309 0)
(3.79488 0.731355 0)
(3.79156 0.700685 0)
(3.78785 0.699669 0)
(3.78675 0.705606 0)
(3.79269 0.702076 0)
(3.80985 0.698152 0)
(3.82755 0.680371 0)
(3.83995 0.655154 0)
(3.84947 0.645768 0)
(3.85361 0.647462 0)
(3.84706 0.646266 0)
(3.83941 0.629771 0)
(3.85381 0.613372 0)
(3.86456 0.598017 0)
(3.8717 0.590093 0)
(3.88027 0.59202 0)
(3.88988 0.59349 0)
(3.90473 0.582346 0)
(3.91237 0.556426 0)
(3.90794 0.536363 0)
(3.90221 0.535221 0)
(3.90012 0.534936 0)
(3.91135 0.529086 0)
(3.92607 0.522792 0)
(3.93915 0.506646 0)
(3.94812 0.494867 0)
(3.95713 0.490394 0)
(3.96172 0.48628 0)
(3.95617 0.477511 0)
(3.95044 0.461965 0)
(3.94953 0.449873 0)
(3.9486 0.435746 0)
(3.92778 0.388099 0)
(3.88616 0.327944 0)
(3.75367 0.162962 0)
(3.53646 -0.10448 0)
(3.39344 -0.232411 0)
(3.14097 -0.438944 0)
(2.89631 -0.68879 0)
(2.78551 -0.801398 0)
(2.76604 -0.837956 0)
(2.75446 -0.88406 0)
(2.74999 -0.895466 0)
(2.74951 -0.918548 0)
(2.75835 -0.938339 0)
(2.7879 -0.941558 0)
(2.83019 -0.930734 0)
(2.87921 -0.908639 0)
(2.91645 -0.899816 0)
(2.94455 -0.902508 0)
(2.96071 -0.902995 0)
(2.96828 -0.900706 0)
(2.98392 -0.893579 0)
(3.00436 -0.891102 0)
(3.0228 -0.89446 0)
(3.03886 -0.902491 0)
(3.05067 -0.911376 0)
(3.06032 -0.917475 0)
(3.06508 -0.922283 0)
(3.06999 -0.927872 0)
(3.08097 -0.932314 0)
(3.09455 -0.93612 0)
(3.11088 -0.937601 0)
(3.12585 -0.939637 0)
(3.14079 -0.942384 0)
(3.15401 -0.944501 0)
(3.16297 -0.945506 0)
(3.17364 -0.946207 0)
(3.18907 -0.947418 0)
(3.20507 -0.947441 0)
(3.22099 -0.947395 0)
(3.23608 -0.94855 0)
(3.25014 -0.950356 0)
(3.26161 -0.952266 0)
(3.26971 -0.953752 0)
(3.28167 -0.955289 0)
(3.29552 -0.956282 0)
(3.30975 -0.955736 0)
(3.32341 -0.956298 0)
(3.33669 -0.958136 0)
(3.34909 -0.960137 0)
(3.35927 -0.96174 0)
(3.36805 -0.962456 0)
(3.38047 -0.963355 0)
(3.39355 -0.963981 0)
(3.40678 -0.964053 0)
(3.41975 -0.964386 0)
(3.43216 -0.965212 0)
(3.44339 -0.965943 0)
(3.45244 -0.966074 0)
(3.46248 -0.966961 0)
(3.47486 -0.968353 0)
(3.48806 -0.968973 0)
(3.5013 -0.968444 0)
(3.51384 -0.968229 0)
(3.52587 -0.968762 0)
(3.53696 -0.969424 0)
(3.54565 -0.968627 0)
(3.55366 -0.96852 0)
(3.56366 -0.968853 0)
(3.57624 -0.969003 0)
(3.58951 -0.968823 0)
(3.60186 -0.968555 0)
(3.61378 -0.968951 0)
(3.62514 -0.970574 0)
(3.63524 -0.971702 0)
(3.64363 -0.968177 0)
(3.65151 -0.966094 0)
(3.66016 -0.967309 0)
(3.6707 -0.9677 0)
(3.68355 -0.968682 0)
(3.69541 -0.968074 0)
(3.70631 -0.967275 0)
(3.71693 -0.967873 0)
(3.72666 -0.969192 0)
(3.73488 -0.966163 0)
(3.74144 -0.96164 0)
(3.74861 -0.962183 0)
(3.75679 -0.962785 0)
(3.7691 -0.962471 0)
(3.78074 -0.961358 0)
(3.79043 -0.960259 0)
(3.80021 -0.960813 0)
(3.80984 -0.962189 0)
(3.81764 -0.960695 0)
(3.82384 -0.954962 0)
(3.83064 -0.951449 0)
(3.83847 -0.95304 0)
(3.84646 -0.95453 0)
(3.85773 -0.954446 0)
(3.86844 -0.952052 0)
(3.87726 -0.949798 0)
(3.88552 -0.950213 0)
(3.89255 -0.951159 0)
(3.8971 -0.948698 0)
(3.90413 -0.944575 0)
(3.91193 -0.942202 0)
(3.92014 -0.942948 0)
(3.92867 -0.944932 0)
(3.93901 -0.944212 0)
(3.94809 -0.941585 0)
(3.95469 -0.940936 0)
(3.95965 -0.940404 0)
(3.96213 -0.936843 0)
(3.96767 -0.933896 0)
(3.97684 -0.933909 0)
(3.98468 -0.933074 0)
(3.99328 -0.933383 0)
(4.00267 -0.934072 0)
(4.01286 -0.932692 0)
(4.02128 -0.930003 0)
(4.0268 -0.92839 0)
(4.02941 -0.925853 0)
(4.02929 -0.920981 0)
(4.03528 -0.91902 0)
(4.04321 -0.91988 0)
(4.05056 -0.918646 0)
(4.05828 -0.919475 0)
(4.06744 -0.920585 0)
(4.07683 -0.920631 0)
(4.08447 -0.918202 0)
(4.08954 -0.914674 0)
(4.09077 -0.910814 0)
(4.08842 -0.907246 0)
(4.09336 -0.905829 0)
(4.10026 -0.905842 0)
(4.10682 -0.903914 0)
(4.11373 -0.899602 0)
(4.12011 -0.89673 0)
(4.12805 -0.895584 0)
(4.13542 -0.895247 0)
(4.14099 -0.889888 0)
(4.14096 -0.88253 0)
(4.13833 -0.875511 0)
(4.14212 -0.867348 0)
(4.14856 -0.865738 0)
(4.15283 -0.864739 0)
(4.15981 -0.86262 0)
(4.16412 -0.859358 0)
(4.17327 -0.857389 0)
(4.1799 -0.851866 0)
(4.18105 -0.846224 0)
(4.17726 -0.84172 0)
(4.17184 -0.835686 0)
(4.17497 -0.830612 0)
(4.17861 -0.827722 0)
(4.18166 -0.826442 0)
(4.18638 -0.825489 0)
(4.1946 -0.820821 0)
(4.20274 -0.814047 0)
(4.20582 -0.812228 0)
(4.2076 -0.80957 0)
(4.20429 -0.801652 0)
(4.21051 -0.791429 0)
(4.21792 -0.785795 0)
(4.22252 -0.780022 0)
(4.22882 -0.775141 0)
(4.2363 -0.770096 0)
(4.23902 -0.767649 0)
(4.23996 -0.765716 0)
(4.24206 -0.753087 0)
(4.24333 -0.735401 0)
(4.24747 -0.727405 0)
(4.24817 -0.717477 0)
(4.24446 -0.701312 0)
(4.23893 -0.680568 0)
(4.23076 -0.647798 0)
(4.21862 -0.603088 0)
(4.20363 -0.570219 0)
(4.18998 -0.528627 0)
(4.16312 -0.437889 0)
(4.14449 -0.37641 0)
(4.13017 -0.335097 0)
(4.08659 -0.217059 0)
(4.06457 -0.136881 0)
(4.05925 -0.124118 0)
(4.00373 -0.0266514 0)
(3.96984 0.102637 0)
(3.96063 0.117649 0)
(3.9485 0.137247 0)
(3.89666 0.225374 0)
(3.8857 0.276112 0)
(3.88086 0.27681 0)
(3.84736 0.318672 0)
(3.82689 0.374202 0)
(3.8195 0.381378 0)
(3.80141 0.393172 0)
(3.78768 0.404842 0)
(3.77555 0.431392 0)
(3.77281 0.441798 0)
(3.76708 0.455306 0)
(3.76339 0.46733 0)
(3.75893 0.471758 0)
(3.75427 0.476143 0)
(3.75323 0.48157 0)
(3.7513 0.490024 0)
(3.74951 0.499451 0)
(3.74851 0.500648 0)
(3.74841 0.50072 0)
(3.74817 0.504116 0)
(3.74824 0.507329 0)
(3.75015 0.509175 0)
(3.75317 0.509715 0)
(3.75714 0.508104 0)
(3.76111 0.504137 0)
(3.76401 0.503097 0)
(3.76583 0.506133 0)
(3.76748 0.50542 0)
(3.77007 0.496625 0)
(3.76973 0.491381 0)
(3.76954 0.495011 0)
(3.76958 0.498036 0)
(3.77381 0.492125 0)
(3.77481 0.482478 0)
(3.77431 0.482192 0)
(3.77302 0.489874 0)
(3.77077 0.492649 0)
(3.77059 0.486378 0)
(3.76979 0.482475 0)
(3.77233 0.487245 0)
(3.77209 0.493331 0)
(3.7734 0.492752 0)
(3.77484 0.487288 0)
(3.77493 0.486517 0)
(3.77325 0.493841 0)
(3.76967 0.497838 0)
(3.76866 0.493737 0)
(3.76848 0.491605 0)
(3.76987 0.496364 0)
(3.77002 0.499606 0)
(3.77134 0.497496 0)
(3.77196 0.4961 0)
(3.77161 0.499029 0)
(3.7696 0.499798 0)
(3.7668 0.497128 0)
(3.76535 0.49821 0)
(3.76521 0.502247 0)
(3.76602 0.502578 0)
(3.76735 0.498653 0)
(3.76798 0.496898 0)
(3.76911 0.5008 0)
(3.76903 0.503775 0)
(3.76847 0.497979 0)
(3.76531 0.491913 0)
(3.76472 0.497218 0)
(3.76454 0.502498 0)
(3.76496 0.501976 0)
(3.77272 0.792978 0)
(3.77664 0.792273 0)
(3.76612 0.7954 0)
(3.75586 0.79117 0)
(3.77101 0.781495 0)
(3.78991 0.76276 0)
(3.8035 0.736475 0)
(3.81245 0.72904 0)
(3.82051 0.733371 0)
(3.82574 0.740487 0)
(3.82976 0.731029 0)
(3.83176 0.692634 0)
(3.8303 0.669506 0)
(3.83579 0.67333 0)
(3.84131 0.677723 0)
(3.85427 0.673769 0)
(3.87191 0.662921 0)
(3.88416 0.638693 0)
(3.89081 0.62416 0)
(3.89293 0.620844 0)
(3.88285 0.620664 0)
(3.87682 0.614345 0)
(3.89147 0.605625 0)
(3.90722 0.590574 0)
(3.91804 0.571986 0)
(3.92501 0.565663 0)
(3.9326 0.572341 0)
(3.93907 0.571987 0)
(3.91829 0.534009 0)
(3.89614 0.486817 0)
(3.82591 0.390385 0)
(3.72097 0.287581 0)
(3.53879 0.0927844 0)
(3.27031 -0.231468 0)
(3.11396 -0.380189 0)
(2.96236 -0.511609 0)
(2.77644 -0.690551 0)
(2.68084 -0.834986 0)
(2.6559 -0.826485 0)
(2.67699 -0.834498 0)
(2.72337 -0.855151 0)
(2.7545 -0.857219 0)
(2.79111 -0.865087 0)
(2.81742 -0.869672 0)
(2.83221 -0.857987 0)
(2.86242 -0.838583 0)
(2.9004 -0.831392 0)
(2.93835 -0.830076 0)
(2.9709 -0.827012 0)
(2.99587 -0.821368 0)
(3.01322 -0.81793 0)
(3.01805 -0.825738 0)
(3.02358 -0.83686 0)
(3.0361 -0.841864 0)
(3.05118 -0.846401 0)
(3.07072 -0.851534 0)
(3.08611 -0.856295 0)
(3.09949 -0.861184 0)
(3.11177 -0.867131 0)
(3.12119 -0.871867 0)
(3.13226 -0.873717 0)
(3.14778 -0.87503 0)
(3.1639 -0.876092 0)
(3.17996 -0.878717 0)
(3.19621 -0.881649 0)
(3.21177 -0.883451 0)
(3.22503 -0.88371 0)
(3.23651 -0.88284 0)
(3.25087 -0.883032 0)
(3.26615 -0.88448 0)
(3.28141 -0.886311 0)
(3.29642 -0.888315 0)
(3.31086 -0.890433 0)
(3.32399 -0.892341 0)
(3.33464 -0.893164 0)
(3.34647 -0.893341 0)
(3.36024 -0.894174 0)
(3.37428 -0.895322 0)
(3.38841 -0.896778 0)
(3.40229 -0.898349 0)
(3.41529 -0.899726 0)
(3.42592 -0.900672 0)
(3.43517 -0.900816 0)
(3.44811 -0.901406 0)
(3.46182 -0.902282 0)
(3.47569 -0.902806 0)
(3.48958 -0.903282 0)
(3.50277 -0.904089 0)
(3.51478 -0.90524 0)
(3.52464 -0.905663 0)
(3.53187 -0.903909 0)
(3.54434 -0.903583 0)
(3.55697 -0.903926 0)
(3.56934 -0.904541 0)
(3.58307 -0.905063 0)
(3.59625 -0.905252 0)
(3.60835 -0.905523 0)
(3.61958 -0.906696 0)
(3.62928 -0.906473 0)
(3.63759 -0.901817 0)
(3.64621 -0.899974 0)
(3.65548 -0.901001 0)
(3.6669 -0.900828 0)
(3.68044 -0.900343 0)
(3.6922 -0.899537 0)
(3.7033 -0.899381 0)
(3.71406 -0.900776 0)
(3.7238 -0.901049 0)
(3.73207 -0.895839 0)
(3.739 -0.892005 0)
(3.74654 -0.892918 0)
(3.75527 -0.892673 0)
(3.76777 -0.892822 0)
(3.7792 -0.891855 0)
(3.7891 -0.890268 0)
(3.79918 -0.891413 0)
(3.80956 -0.89224 0)
(3.8187 -0.887678 0)
(3.82393 -0.883228 0)
(3.82821 -0.882947 0)
(3.83444 -0.880708 0)
(3.84609 -0.880618 0)
(3.85632 -0.880109 0)
(3.86537 -0.878854 0)
(3.875 -0.879282 0)
(3.88475 -0.880444 0)
(3.89305 -0.879525 0)
(3.89871 -0.873958 0)
(3.90291 -0.869325 0)
(3.90794 -0.869942 0)
(3.91425 -0.870452 0)
(3.92455 -0.871265 0)
(3.93448 -0.870363 0)
(3.94344 -0.868245 0)
(3.95199 -0.868384 0)
(3.96002 -0.868871 0)
(3.96518 -0.867439 0)
(3.96883 -0.862818 0)
(3.9744 -0.859205 0)
(3.98099 -0.859945 0)
(3.98861 -0.861091 0)
(3.99885 -0.859934 0)
(4.00767 -0.857879 0)
(4.01449 -0.857687 0)
(4.01984 -0.857334 0)
(4.02214 -0.854047 0)
(4.0231 -0.850898 0)
(4.0314 -0.850203 0)
(4.03853 -0.849441 0)
(4.04617 -0.849982 0)
(4.05476 -0.850949 0)
(4.06458 -0.850436 0)
(4.07319 -0.849272 0)
(4.07981 -0.848876 0)
(4.08397 -0.847949 0)
(4.0836 -0.844646 0)
(4.08194 -0.842217 0)
(4.08928 -0.841294 0)
(4.09586 -0.840555 0)
(4.10288 -0.841104 0)
(4.11063 -0.842916 0)
(4.1203 -0.843006 0)
(4.12921 -0.841344 0)
(4.1358 -0.840467 0)
(4.13969 -0.839314 0)
(4.13898 -0.835217 0)
(4.13603 -0.830811 0)
(4.14328 -0.829303 0)
(4.14973 -0.828313 0)
(4.15638 -0.828787 0)
(4.16404 -0.830197 0)
(4.1735 -0.829848 0)
(4.18214 -0.827558 0)
(4.18798 -0.825398 0)
(4.18988 -0.823403 0)
(4.18652 -0.819771 0)
(4.18554 -0.816526 0)
(4.19215 -0.816089 0)
(4.19772 -0.815571 0)
(4.20401 -0.813864 0)
(4.21036 -0.813258 0)
(4.21826 -0.813289 0)
(4.22518 -0.812305 0)
(4.23 -0.809434 0)
(4.22956 -0.804522 0)
(4.2225 -0.797384 0)
(4.22413 -0.791679 0)
(4.23231 -0.791015 0)
(4.23826 -0.789151 0)
(4.24432 -0.784418 0)
(4.24772 -0.781949 0)
(4.25596 -0.778932 0)
(4.26258 -0.775893 0)
(4.26649 -0.772093 0)
(4.2658 -0.76545 0)
(4.26003 -0.759217 0)
(4.25939 -0.757789 0)
(4.26153 -0.757659 0)
(4.26668 -0.755319 0)
(4.27461 -0.748489 0)
(4.27688 -0.742726 0)
(4.27939 -0.741041 0)
(4.28214 -0.740833 0)
(4.28236 -0.739263 0)
(4.28137 -0.733472 0)
(4.2869 -0.727311 0)
(4.29176 -0.723131 0)
(4.29624 -0.719444 0)
(4.30294 -0.714785 0)
(4.3053 -0.711703 0)
(4.30619 -0.70928 0)
(4.30906 -0.701385 0)
(4.30644 -0.685935 0)
(4.30728 -0.663306 0)
(4.30903 -0.648005 0)
(4.30526 -0.627213 0)
(4.29573 -0.599999 0)
(4.28295 -0.57458 0)
(4.25957 -0.508057 0)
(4.24249 -0.436177 0)
(4.23106 -0.411132 0)
(4.19375 -0.331527 0)
(4.15821 -0.21826 0)
(4.14936 -0.189096 0)
(4.11254 -0.111 0)
(4.07002 0.0236748 0)
(4.06129 0.0462554 0)
(4.05722 0.071548 0)
(3.98838 0.190459 0)
(3.9735 0.268066 0)
(3.96989 0.262583 0)
(3.93266 0.306732 0)
(3.90593 0.379639 0)
(3.89865 0.388965 0)
(3.88798 0.39866 0)
(3.85989 0.428537 0)
(3.84905 0.460802 0)
(3.84569 0.470965 0)
(3.83232 0.482522 0)
(3.82512 0.490826 0)
(3.81788 0.501921 0)
(3.81701 0.507342 0)
(3.81583 0.518669 0)
(3.81515 0.531677 0)
(3.81369 0.534507 0)
(3.81192 0.534388 0)
(3.80952 0.538225 0)
(3.80755 0.546914 0)
(3.80677 0.548766 0)
(3.80781 0.548504 0)
(3.80881 0.550338 0)
(3.81022 0.55335 0)
(3.81361 0.554995 0)
(3.81828 0.552826 0)
(3.82132 0.547715 0)
(3.82297 0.54655 0)
(3.82479 0.549368 0)
(3.82782 0.547405 0)
(3.82893 0.537629 0)
(3.82727 0.534733 0)
(3.82622 0.540691 0)
(3.8265 0.5425 0)
(3.83231 0.536414 0)
(3.83433 0.528656 0)
(3.83604 0.530198 0)
(3.83566 0.538072 0)
(3.83533 0.538207 0)
(3.83425 0.530593 0)
(3.83305 0.530446 0)
(3.83253 0.537701 0)
(3.8324 0.539922 0)
(3.83491 0.535596 0)
(3.8357 0.532729 0)
(3.83612 0.537389 0)
(3.83457 0.54121 0)
(3.83308 0.538641 0)
(3.8317 0.538169 0)
(3.83119 0.54305 0)
(3.83046 0.545808 0)
(3.8312 0.542088 0)
(3.83095 0.53827 0)
(3.83186 0.540775 0)
(3.83227 0.545394 0)
(3.83356 0.542735 0)
(3.8326 0.537515 0)
(3.83225 0.541106 0)
(3.83211 0.545468 0)
(3.83214 0.544766 0)
(3.75712 0.888312 0)
(3.74953 0.885342 0)
(3.74603 0.861054 0)
(3.76064 0.834248 0)
(3.76782 0.815363 0)
(3.77714 0.815029 0)
(3.78498 0.824557 0)
(3.79523 0.824905 0)
(3.81348 0.806505 0)
(3.82065 0.774698 0)
(3.81871 0.758694 0)
(3.81205 0.75998 0)
(3.80735 0.757344 0)
(3.82131 0.753103 0)
(3.83731 0.743008 0)
(3.85252 0.72011 0)
(3.86235 0.706408 0)
(3.86979 0.707329 0)
(3.8723 0.712089 0)
(3.86594 0.707356 0)
(3.86943 0.683581 0)
(3.87659 0.660753 0)
(3.88285 0.648407 0)
(3.88665 0.645456 0)
(3.88811 0.638734 0)
(3.86904 0.604071 0)
(3.80416 0.514393 0)
(3.65834 0.317163 0)
(3.51196 0.178652 0)
(3.28214 -0.0422765 0)
(3.00452 -0.364249 0)
(2.86578 -0.498767 0)
(2.78555 -0.571324 0)
(2.69637 -0.696359 0)
(2.63146 -0.793449 0)
(2.62988 -0.800104 0)
(2.65591 -0.809508 0)
(2.69828 -0.818692 0)
(2.75112 -0.812952 0)
(2.80287 -0.802731 0)
(2.84668 -0.793775 0)
(2.87943 -0.787319 0)
(2.8964 -0.777323 0)
(2.91553 -0.772978 0)
(2.94498 -0.779002 0)
(2.97595 -0.774138 0)
(3.00928 -0.757121 0)
(3.03365 -0.755483 0)
(3.05198 -0.763708 0)
(3.06352 -0.776353 0)
(3.06698 -0.787886 0)
(3.07622 -0.793737 0)
(3.09054 -0.796776 0)
(3.10633 -0.800387 0)
(3.12776 -0.804869 0)
(3.1461 -0.807067 0)
(3.16337 -0.811032 0)
(3.18014 -0.814517 0)
(3.19347 -0.816726 0)
(3.20394 -0.818039 0)
(3.21972 -0.820002 0)
(3.2371 -0.821981 0)
(3.25488 -0.822509 0)
(3.27211 -0.82257 0)
(3.28842 -0.823702 0)
(3.30363 -0.825687 0)
(3.31646 -0.827441 0)
(3.3283 -0.82794 0)
(3.34353 -0.82871 0)
(3.35855 -0.829752 0)
(3.37347 -0.831035 0)
(3.38809 -0.832718 0)
(3.40222 -0.834487 0)
(3.41554 -0.836103 0)
(3.42782 -0.836557 0)
(3.4399 -0.836499 0)
(3.45279 -0.837632 0)
(3.46662 -0.839046 0)
(3.4804 -0.84086 0)
(3.49414 -0.842529 0)
(3.5076 -0.842615 0)
(3.51939 -0.842237 0)
(3.52949 -0.841917 0)
(3.54056 -0.841212 0)
(3.55303 -0.842355 0)
(3.5659 -0.844357 0)
(3.57994 -0.845391 0)
(3.59376 -0.844955 0)
(3.60599 -0.844234 0)
(3.61698 -0.844688 0)
(3.6265 -0.846127 0)
(3.63577 -0.843537 0)
(3.64638 -0.840001 0)
(3.65676 -0.840486 0)
(3.66783 -0.841592 0)
(3.68094 -0.841585 0)
(3.69278 -0.840833 0)
(3.70392 -0.84234 0)
(3.71512 -0.84448 0)
(3.7267 -0.842132 0)
(3.73572 -0.836438 0)
(3.74261 -0.834904 0)
(3.74914 -0.835638 0)
(3.75686 -0.834138 0)
(3.76955 -0.833193 0)
(3.78034 -0.831733 0)
(3.79067 -0.831532 0)
(3.80108 -0.833642 0)
(3.81158 -0.833481 0)
(3.82087 -0.828634 0)
(3.82704 -0.825273 0)
(3.83187 -0.824946 0)
(3.83728 -0.823118 0)
(3.84812 -0.823195 0)
(3.85815 -0.822615 0)
(3.86733 -0.822735 0)
(3.87779 -0.82429 0)
(3.88927 -0.823126 0)
(3.89795 -0.820446 0)
(3.90366 -0.818612 0)
(3.90678 -0.8157 0)
(3.90923 -0.812141 0)
(3.91824 -0.812387 0)
(3.92695 -0.812056 0)
(3.9357 -0.811226 0)
(3.94542 -0.811574 0)
(3.95513 -0.812744 0)
(3.96359 -0.81284 0)
(3.9703 -0.809154 0)
(3.97389 -0.802916 0)
(3.97612 -0.801143 0)
(3.97912 -0.802295 0)
(3.98642 -0.802072 0)
(3.99688 -0.801448 0)
(4.00594 -0.799788 0)
(4.01455 -0.7995 0)
(4.02273 -0.800033 0)
(4.0292 -0.799264 0)
(4.03332 -0.793959 0)
(4.03564 -0.788443 0)
(4.03888 -0.789108 0)
(4.04467 -0.789733 0)
(4.05471 -0.787945 0)
(4.06302 -0.786008 0)
(4.06974 -0.785485 0)
(4.07582 -0.784105 0)
(4.07884 -0.781291 0)
(4.07735 -0.777507 0)
(4.08154 -0.774384 0)
(4.08798 -0.77255 0)
(4.09484 -0.772632 0)
(4.10219 -0.773653 0)
(4.1118 -0.77291 0)
(4.1203 -0.771155 0)
(4.12671 -0.770597 0)
(4.13158 -0.769828 0)
(4.13344 -0.766358 0)
(4.12921 -0.762214 0)
(4.13141 -0.758444 0)
(4.13716 -0.756819 0)
(4.14324 -0.757646 0)
(4.14975 -0.759467 0)
(4.15916 -0.759355 0)
(4.16815 -0.757019 0)
(4.17451 -0.755695 0)
(4.17923 -0.755657 0)
(4.18086 -0.754744 0)
(4.17753 -0.750817 0)
(4.17994 -0.745831 0)
(4.18536 -0.744211 0)
(4.19138 -0.745129 0)
(4.19806 -0.747843 0)
(4.20651 -0.748472 0)
(4.21523 -0.746444 0)
(4.22152 -0.744623 0)
(4.22495 -0.744121 0)
(4.22363 -0.741851 0)
(4.21851 -0.738076 0)
(4.22377 -0.736839 0)
(4.2296 -0.735792 0)
(4.23487 -0.735589 0)
(4.24156 -0.737249 0)
(4.24936 -0.738722 0)
(4.25771 -0.73713 0)
(4.26352 -0.734551 0)
(4.26495 -0.733551 0)
(4.26069 -0.730464 0)
(4.25716 -0.725677 0)
(4.26616 -0.725395 0)
(4.2729 -0.72496 0)
(4.2786 -0.723912 0)
(4.28538 -0.724704 0)
(4.29339 -0.725591 0)
(4.30127 -0.725319 0)
(4.30665 -0.723416 0)
(4.30653 -0.719071 0)
(4.29915 -0.713496 0)
(4.29892 -0.711909 0)
(4.3037 -0.712331 0)
(4.30894 -0.71122 0)
(4.31527 -0.707867 0)
(4.32159 -0.705038 0)
(4.3284 -0.701824 0)
(4.33306 -0.698327 0)
(4.33222 -0.695178 0)
(4.32407 -0.689448 0)
(4.32344 -0.685384 0)
(4.32854 -0.685653 0)
(4.3337 -0.68532 0)
(4.33918 -0.682574 0)
(4.34472 -0.678719 0)
(4.34734 -0.674553 0)
(4.34799 -0.672849 0)
(4.34973 -0.671073 0)
(4.34923 -0.66716 0)
(4.34863 -0.661025 0)
(4.35231 -0.656921 0)
(4.35452 -0.653669 0)
(4.3591 -0.648978 0)
(4.36447 -0.642701 0)
(4.36674 -0.636535 0)
(4.3696 -0.6299 0)
(4.36211 -0.612209 0)
(4.35762 -0.585635 0)
(4.35432 -0.568464 0)
(4.34197 -0.5386 0)
(4.32616 -0.493684 0)
(4.31474 -0.467227 0)
(4.28658 -0.394812 0)
(4.2619 -0.296823 0)
(4.25569 -0.274512 0)
(4.21723 -0.1994 0)
(4.16695 -0.0602235 0)
(4.15659 -0.0346908 0)
(4.13629 0.00958248 0)
(4.0731 0.15351 0)
(4.06168 0.200912 0)
(4.06981 0.202586 0)
(4.01144 0.289147 0)
(3.98919 0.378665 0)
(3.98166 0.377243 0)
(3.96368 0.394338 0)
(3.9271 0.44936 0)
(3.91921 0.486779 0)
(3.91431 0.489004 0)
(3.89744 0.504685 0)
(3.88485 0.52254 0)
(3.88283 0.533939 0)
(3.87559 0.546744 0)
(3.86889 0.556842 0)
(3.86097 0.56591 0)
(3.85979 0.571935 0)
(3.86091 0.577011 0)
(3.86036 0.585217 0)
(3.85943 0.58788 0)
(3.85887 0.587645 0)
(3.85885 0.589947 0)
(3.85869 0.593202 0)
(3.85858 0.593888 0)
(3.85797 0.594629 0)
(3.85822 0.595942 0)
(3.86113 0.595524 0)
(3.86683 0.590589 0)
(3.87082 0.587966 0)
(3.87403 0.59202 0)
(3.87718 0.594258 0)
(3.88165 0.587249 0)
(3.88145 0.580504 0)
(3.87944 0.584955 0)
(3.87621 0.589719 0)
(3.87966 0.58451 0)
(3.88125 0.5768 0)
(3.88223 0.576789 0)
(3.88277 0.582888 0)
(3.88404 0.583715 0)
(3.88555 0.577093 0)
(3.88523 0.574897 0)
(3.88589 0.58134 0)
(3.88431 0.587973 0)
(3.8839 0.585508 0)
(3.88266 0.579623 0)
(3.88319 0.581072 0)
(3.88406 0.58631 0)
(3.88603 0.586163 0)
(3.88692 0.582173 0)
(3.88759 0.58359 0)
(3.88797 0.587618 0)
(3.88777 0.588383 0)
(3.74922 0.953261 0)
(3.74701 0.920005 0)
(3.74578 0.89583 0)
(3.75066 0.899655 0)
(3.75513 0.904002 0)
(3.76907 0.899357 0)
(3.78803 0.886188 0)
(3.80084 0.860543 0)
(3.80801 0.845802 0)
(3.80906 0.845031 0)
(3.79688 0.846113 0)
(3.7937 0.83372 0)
(3.8112 0.820069 0)
(3.825 0.800603 0)
(3.83249 0.78819 0)
(3.84257 0.793535 0)
(3.85222 0.799606 0)
(3.86006 0.790496 0)
(3.85819 0.767215 0)
(3.84844 0.723104 0)
(3.83702 0.706011 0)
(3.80501 0.662435 0)
(3.74217 0.594737 0)
(3.61221 0.44265 0)
(3.40027 0.164875 0)
(3.24116 0.0036016 0)
(3.03797 -0.20175 0)
(2.80423 -0.466876 0)
(2.6921 -0.585803 0)
(2.66562 -0.614904 0)
(2.64444 -0.694549 0)
(2.64639 -0.75876 0)
(2.66402 -0.761599 0)
(2.69839 -0.76196 0)
(2.73287 -0.760349 0)
(2.77507 -0.757007 0)
(2.82534 -0.746493 0)
(2.87513 -0.726635 0)
(2.91616 -0.713556 0)
(2.9502 -0.708301 0)
(2.97307 -0.702789 0)
(2.98588 -0.705247 0)
(3.00913 -0.709861 0)
(3.03401 -0.708775 0)
(3.06059 -0.704577 0)
(3.08906 -0.708649 0)
(3.11017 -0.717964 0)
(3.12801 -0.725174 0)
(3.14303 -0.731474 0)
(3.15041 -0.737435 0)
(3.15909 -0.742931 0)
(3.17528 -0.74644 0)
(3.193 -0.7483 0)
(3.21513 -0.747765 0)
(3.23574 -0.747785 0)
(3.25436 -0.751273 0)
(3.27219 -0.754518 0)
(3.28717 -0.756947 0)
(3.29781 -0.758012 0)
(3.31264 -0.758628 0)
(3.33039 -0.759539 0)
(3.34809 -0.759463 0)
(3.3653 -0.760298 0)
(3.38195 -0.761893 0)
(3.39745 -0.763481 0)
(3.41093 -0.765285 0)
(3.42165 -0.766939 0)
(3.43397 -0.767897 0)
(3.44937 -0.76907 0)
(3.46446 -0.769508 0)
(3.47953 -0.769736 0)
(3.49403 -0.770566 0)
(3.50755 -0.771898 0)
(3.51965 -0.773277 0)
(3.52948 -0.773409 0)
(3.54032 -0.77234 0)
(3.55372 -0.772735 0)
(3.56702 -0.774255 0)
(3.58031 -0.776288 0)
(3.5935 -0.77804 0)
(3.6068 -0.778608 0)
(3.61978 -0.77745 0)
(3.63127 -0.774618 0)
(3.63991 -0.772202 0)
(3.64803 -0.773598 0)
(3.6575 -0.776378 0)
(3.66896 -0.777175 0)
(3.68319 -0.777356 0)
(3.69656 -0.775319 0)
(3.70852 -0.773725 0)
(3.71986 -0.775659 0)
(3.73037 -0.776979 0)
(3.73922 -0.77412 0)
(3.74518 -0.769754 0)
(3.75098 -0.768166 0)
(3.76107 -0.767483 0)
(3.77205 -0.767178 0)
(3.78263 -0.768689 0)
(3.79325 -0.770822 0)
(3.8055 -0.770532 0)
(3.81759 -0.766846 0)
(3.82699 -0.763167 0)
(3.83386 -0.762288 0)
(3.83742 -0.761909 0)
(3.83948 -0.759509 0)
(3.85004 -0.757011 0)
(3.86017 -0.75485 0)
(3.86979 -0.754109 0)
(3.87947 -0.755987 0)
(3.89011 -0.755826 0)
(3.90001 -0.752721 0)
(3.9069 -0.750129 0)
(3.91044 -0.747702 0)
(3.9112 -0.744508 0)
(3.91932 -0.741817 0)
(3.92722 -0.742733 0)
(3.93622 -0.743909 0)
(3.94779 -0.743428 0)
(3.95801 -0.741731 0)
(3.96627 -0.740085 0)
(3.9733 -0.738188 0)
(3.97686 -0.735538 0)
(3.97508 -0.732789 0)
(3.97998 -0.730612 0)
(3.98768 -0.729694 0)
(3.99652 -0.728372 0)
(4.00589 -0.727201 0)
(4.01495 -0.728659 0)
(4.02313 -0.730313 0)
(4.0308 -0.728027 0)
(4.03525 -0.720661 0)
(4.03525 -0.716593 0)
(4.03466 -0.717296 0)
(4.03795 -0.716368 0)
(4.04859 -0.717089 0)
(4.05781 -0.716796 0)
(4.06619 -0.715302 0)
(4.0742 -0.715228 0)
(4.08164 -0.713808 0)
(4.08729 -0.708891 0)
(4.08927 -0.705283 0)
(4.08858 -0.706032 0)
(4.09102 -0.705883 0)
(4.09986 -0.704005 0)
(4.10851 -0.70179 0)
(4.11553 -0.699753 0)
(4.12158 -0.698662 0)
(4.12562 -0.697813 0)
(4.12457 -0.695456 0)
(4.12372 -0.68962 0)
(4.12875 -0.686455 0)
(4.13494 -0.687502 0)
(4.14164 -0.68821 0)
(4.15098 -0.688045 0)
(4.15908 -0.686887 0)
(4.1655 -0.686404 0)
(4.1713 -0.685851 0)
(4.17528 -0.684103 0)
(4.17279 -0.680989 0)
(4.16923 -0.67586 0)
(4.17308 -0.673635 0)
(4.17837 -0.674938 0)
(4.18422 -0.675694 0)
(4.1937 -0.675773 0)
(4.20236 -0.674605 0)
(4.20869 -0.673425 0)
(4.21429 -0.674586 0)
(4.21855 -0.675168 0)
(4.21779 -0.670809 0)
(4.21541 -0.66485 0)
(4.21912 -0.661957 0)
(4.22502 -0.663048 0)
(4.2309 -0.665058 0)
(4.23942 -0.665039 0)
(4.24768 -0.662871 0)
(4.25378 -0.660499 0)
(4.25815 -0.661257 0)
(4.25882 -0.661869 0)
(4.25514 -0.656331 0)
(4.25505 -0.65052 0)
(4.25914 -0.650043 0)
(4.26476 -0.651744 0)
(4.27153 -0.65476 0)
(4.2787 -0.656451 0)
(4.28642 -0.654854 0)
(4.29234 -0.651113 0)
(4.29427 -0.651046 0)
(4.29028 -0.652198 0)
(4.28624 -0.64864 0)
(4.29482 -0.646133 0)
(4.30071 -0.643555 0)
(4.30606 -0.642401 0)
(4.31323 -0.644806 0)
(4.32128 -0.646676 0)
(4.32894 -0.645347 0)
(4.33337 -0.643558 0)
(4.33306 -0.640159 0)
(4.32881 -0.637544 0)
(4.32527 -0.638244 0)
(4.32967 -0.636778 0)
(4.33868 -0.635515 0)
(4.34543 -0.634274 0)
(4.35235 -0.634533 0)
(4.35902 -0.634774 0)
(4.36389 -0.633655 0)
(4.36427 -0.62983 0)
(4.3562 -0.625796 0)
(4.35221 -0.626154 0)
(4.35901 -0.62738 0)
(4.36432 -0.628114 0)
(4.36992 -0.628523 0)
(4.3762 -0.626698 0)
(4.38064 -0.62439 0)
(4.38548 -0.621869 0)
(4.3892 -0.619174 0)
(4.38585 -0.615544 0)
(4.37825 -0.612396 0)
(4.38178 -0.612059 0)
(4.3846 -0.611888 0)
(4.38906 -0.609746 0)
(4.39467 -0.606157 0)
(4.39986 -0.602585 0)
(4.40121 -0.598933 0)
(4.40114 -0.597111 0)
(4.39959 -0.594634 0)
(4.39881 -0.589063 0)
(4.40147 -0.585234 0)
(4.40227 -0.583618 0)
(4.40484 -0.580246 0)
(4.40888 -0.569838 0)
(4.41292 -0.559904 0)
(4.4147 -0.550464 0)
(4.40431 -0.525537 0)
(4.39592 -0.493912 0)
(4.38842 -0.473932 0)
(4.3677 -0.429455 0)
(4.34563 -0.371862 0)
(4.33271 -0.343559 0)
(4.29453 -0.254295 0)
(4.26702 -0.143591 0)
(4.26494 -0.134221 0)
(4.23476 -0.0730117 0)
(4.16443 0.0876095 0)
(4.15165 0.136606 0)
(4.15002 0.14298 0)
(4.08203 0.25937 0)
(4.06311 0.348113 0)
(4.06588 0.342002 0)
(4.0437 0.380458 0)
(4.00136 0.464432 0)
(3.99227 0.50206 0)
(3.98165 0.498499 0)
(3.95162 0.521667 0)
(3.93578 0.562207 0)
(3.93213 0.574481 0)
(3.92246 0.58186 0)
(3.91571 0.593951 0)
(3.90855 0.603047 0)
(3.90502 0.612041 0)
(3.90178 0.620639 0)
(3.89842 0.628296 0)
(3.89455 0.632307 0)
(3.89339 0.632992 0)
(3.89362 0.63325 0)
(3.8952 0.635132 0)
(3.89676 0.637919 0)
(3.89913 0.638494 0)
(3.90079 0.639866 0)
(3.90187 0.64198 0)
(3.90235 0.643562 0)
(3.90427 0.63966 0)
(3.90662 0.633054 0)
(3.90947 0.633612 0)
(3.91261 0.63719 0)
(3.91807 0.635391 0)
(3.92268 0.627283 0)
(3.92374 0.625093 0)
(3.92397 0.631566 0)
(3.92292 0.635389 0)
(3.92321 0.627667 0)
(3.92113 0.619789 0)
(3.92265 0.621947 0)
(3.92474 0.62779 0)
(3.92742 0.629305 0)
(3.93011 0.624791 0)
(3.93107 0.624138 0)
(3.93201 0.627409 0)
(3.93256 0.628623 0)
(3.74991 0.996964 0)
(3.74301 0.977531 0)
(3.7382 0.979202 0)
(3.74271 0.975045 0)
(3.76209 0.966696 0)
(3.77946 0.947525 0)
(3.78903 0.930698 0)
(3.79774 0.92797 0)
(3.8027 0.932148 0)
(3.79576 0.929495 0)
(3.7966 0.897726 0)
(3.80309 0.871917 0)
(3.80674 0.872817 0)
(3.81889 0.871432 0)
(3.82267 0.869141 0)
(3.82399 0.855893 0)
(3.79879 0.800457 0)
(3.75392 0.718082 0)
(3.65966 0.580239 0)
(3.52526 0.450461 0)
(3.33309 0.239744 0)
(3.10676 -0.0527845 0)
(2.97385 -0.19313 0)
(2.83564 -0.363726 0)
(2.6984 -0.552222 0)
(2.64859 -0.609402 0)
(2.61884 -0.645562 0)
(2.62918 -0.710077 0)
(2.67067 -0.735542 0)
(2.71175 -0.732348 0)
(2.76615 -0.727667 0)
(2.81369 -0.722389 0)
(2.85361 -0.719018 0)
(2.89171 -0.709236 0)
(2.93356 -0.692471 0)
(2.97374 -0.675619 0)
(3.01215 -0.666272 0)
(3.0454 -0.664926 0)
(3.07417 -0.665776 0)
(3.09607 -0.664881 0)
(3.10852 -0.665478 0)
(3.12568 -0.669092 0)
(3.14485 -0.67215 0)
(3.16592 -0.674748 0)
(3.19161 -0.677189 0)
(3.21207 -0.679817 0)
(3.23143 -0.684277 0)
(3.24833 -0.689561 0)
(3.26056 -0.694649 0)
(3.27161 -0.696795 0)
(3.28907 -0.697197 0)
(3.30802 -0.697298 0)
(3.32788 -0.696592 0)
(3.34648 -0.697568 0)
(3.36481 -0.699304 0)
(3.38166 -0.700353 0)
(3.3951 -0.701322 0)
(3.40536 -0.70267 0)
(3.41947 -0.703973 0)
(3.4365 -0.705322 0)
(3.45348 -0.706054 0)
(3.47001 -0.706429 0)
(3.48588 -0.706949 0)
(3.50076 -0.707383 0)
(3.51328 -0.707571 0)
(3.52153 -0.707512 0)
(3.53219 -0.707999 0)
(3.54606 -0.709332 0)
(3.55979 -0.710904 0)
(3.57415 -0.712054 0)
(3.58892 -0.712193 0)
(3.6032 -0.711142 0)
(3.6159 -0.710168 0)
(3.62597 -0.710352 0)
(3.6321 -0.710927 0)
(3.63783 -0.710283 0)
(3.65161 -0.710089 0)
(3.66529 -0.709719 0)
(3.6782 -0.70886 0)
(3.69045 -0.709013 0)
(3.70253 -0.710836 0)
(3.71451 -0.71308 0)
(3.72581 -0.712372 0)
(3.73391 -0.70642 0)
(3.73845 -0.701186 0)
(3.74524 -0.702876 0)
(3.75392 -0.705874 0)
(3.76444 -0.706627 0)
(3.77823 -0.706638 0)
(3.79151 -0.703801 0)
(3.80304 -0.700606 0)
(3.81278 -0.700825 0)
(3.82082 -0.703398 0)
(3.82655 -0.70423 0)
(3.8293 -0.699107 0)
(3.83644 -0.692643 0)
(3.84488 -0.689456 0)
(3.85388 -0.690383 0)
(3.86298 -0.69423 0)
(3.87197 -0.696315 0)
(3.88421 -0.694493 0)
(3.89574 -0.688886 0)
(3.90415 -0.684907 0)
(3.90991 -0.686205 0)
(3.9122 -0.688822 0)
(3.91292 -0.6866 0)
(3.9215 -0.680424 0)
(3.93031 -0.676176 0)
(3.93851 -0.675657 0)
(3.94707 -0.677445 0)
(3.95653 -0.677703 0)
(3.9656 -0.677347 0)
(3.97345 -0.675351 0)
(3.97815 -0.669573 0)
(3.97879 -0.665146 0)
(3.98044 -0.666301 0)
(3.98485 -0.66632 0)
(3.99633 -0.665528 0)
(4.00738 -0.664076 0)
(4.01611 -0.662061 0)
(4.02411 -0.661419 0)
(4.03146 -0.661631 0)
(4.03597 -0.661487 0)
(4.03398 -0.658875 0)
(4.03426 -0.654895 0)
(4.04189 -0.651981 0)
(4.04987 -0.649869 0)
(4.05843 -0.649674 0)
(4.06735 -0.652978 0)
(4.07499 -0.654787 0)
(4.08295 -0.652015 0)
(4.08837 -0.645271 0)
(4.08942 -0.641683 0)
(4.08552 -0.64108 0)
(4.08595 -0.641257 0)
(4.09602 -0.642736 0)
(4.1039 -0.64309 0)
(4.11204 -0.641195 0)
(4.12008 -0.639791 0)
(4.12847 -0.637972 0)
(4.13515 -0.634761 0)
(4.13834 -0.633917 0)
(4.13747 -0.636389 0)
(4.13495 -0.635287 0)
(4.14445 -0.629722 0)
(4.15191 -0.625519 0)
(4.15702 -0.624092 0)
(4.16227 -0.625009 0)
(4.16719 -0.62682 0)
(4.17027 -0.625647 0)
(4.16959 -0.617694 0)
(4.17034 -0.612699 0)
(4.17457 -0.613978 0)
(4.17993 -0.614319 0)
(4.18887 -0.613605 0)
(4.19599 -0.612705 0)
(4.20221 -0.612311 0)
(4.20842 -0.612298 0)
(4.21382 -0.612358 0)
(4.21457 -0.609601 0)
(4.2091 -0.601632 0)
(4.20882 -0.599388 0)
(4.21281 -0.601109 0)
(4.21847 -0.600884 0)
(4.22834 -0.601078 0)
(4.23551 -0.599406 0)
(4.24163 -0.599391 0)
(4.24806 -0.601244 0)
(4.25341 -0.601094 0)
(4.2537 -0.597488 0)
(4.25006 -0.590614 0)
(4.25186 -0.587314 0)
(4.25744 -0.589313 0)
(4.26292 -0.589912 0)
(4.27146 -0.587832 0)
(4.2779 -0.584606 0)
(4.28345 -0.583252 0)
(4.28848 -0.583685 0)
(4.29036 -0.583509 0)
(4.28783 -0.578643 0)
(4.28658 -0.573881 0)
(4.2894 -0.571957 0)
(4.2939 -0.572541 0)
(4.29919 -0.575125 0)
(4.30537 -0.575799 0)
(4.31213 -0.57311 0)
(4.31681 -0.571903 0)
(4.31705 -0.573311 0)
(4.31186 -0.572003 0)
(4.315 -0.5679 0)
(4.32059 -0.566587 0)
(4.32564 -0.565851 0)
(4.33187 -0.566078 0)
(4.33892 -0.567565 0)
(4.34603 -0.567443 0)
(4.35151 -0.565922 0)
(4.35347 -0.563162 0)
(4.35027 -0.559343 0)
(4.34742 -0.559953 0)
(4.34972 -0.562698 0)
(4.35583 -0.562544 0)
(4.36275 -0.561205 0)
(4.36879 -0.558481 0)
(4.37465 -0.555131 0)
(4.38011 -0.553403 0)
(4.38311 -0.55461 0)
(4.38027 -0.556989 0)
(4.37416 -0.557592 0)
(4.37537 -0.557064 0)
(4.38015 -0.557485 0)
(4.38511 -0.557931 0)
(4.39148 -0.557063 0)
(4.39757 -0.555448 0)
(4.40328 -0.553443 0)
(4.40879 -0.55357 0)
(4.41135 -0.556367 0)
(4.40658 -0.555806 0)
(4.40037 -0.553061 0)
(4.40191 -0.553527 0)
(4.40604 -0.553594 0)
(4.41203 -0.553465 0)
(4.41796 -0.55227 0)
(4.42336 -0.549821 0)
(4.42829 -0.546774 0)
(4.43173 -0.543747 0)
(4.42968 -0.542908 0)
(4.42402 -0.541687 0)
(4.42314 -0.537884 0)
(4.42422 -0.535629 0)
(4.4273 -0.532318 0)
(4.42915 -0.528592 0)
(4.43203 -0.526603 0)
(4.43558 -0.524757 0)
(4.43814 -0.523462 0)
(4.43962 -0.521353 0)
(4.43765 -0.516564 0)
(4.43349 -0.509417 0)
(4.43184 -0.505337 0)
(4.43129 -0.502653 0)
(4.43128 -0.495289 0)
(4.43231 -0.484957 0)
(4.43295 -0.472941 0)
(4.42075 -0.436906 0)
(4.40336 -0.382489 0)
(4.39268 -0.35394 0)
(4.37502 -0.324497 0)
(4.33488 -0.229071 0)
(4.31525 -0.168376 0)
(4.29865 -0.12538 0)
(4.24546 0.00835282 0)
(4.2268 0.0845355 0)
(4.2293 0.0821249 0)
(4.16383 0.178445 0)
(4.11712 0.322546 0)
(4.11055 0.33797 0)
(4.10921 0.345479 0)
(4.05276 0.443405 0)
(4.04352 0.511728 0)
(4.04076 0.507259 0)
(4.01665 0.530554 0)
(3.9892 0.576683 0)
(3.98112 0.611577 0)
(3.97192 0.6114 0)
(3.95145 0.622782 0)
(3.94393 0.643347 0)
(3.9453 0.652946 0)
(3.93908 0.663108 0)
(3.93506 0.668997 0)
(3.93157 0.673992 0)
(3.92607 0.678366 0)
(3.92019 0.682385 0)
(3.91954 0.684373 0)
(3.92057 0.685062 0)
(3.92252 0.686665 0)
(3.92707 0.688003 0)
(3.92918 0.687672 0)
(3.93158 0.688226 0)
(3.93407 0.689167 0)
(3.93694 0.688514 0)
(3.93819 0.68595 0)
(3.93826 0.679899 0)
(3.93979 0.680704 0)
(3.94242 0.685037 0)
(3.94743 0.68376 0)
(3.9516 0.677655 0)
(3.95321 0.675589 0)
(3.95512 0.679449 0)
(3.95841 0.680018 0)
(3.74906 1.04993 0)
(3.74264 1.05184 0)
(3.74028 1.04926 0)
(3.75778 1.03798 0)
(3.77374 1.02094 0)
(3.78124 1.0038 0)
(3.78906 1.00613 0)
(3.79915 1.00768 0)
(3.79956 0.996812 0)
(3.78526 0.957148 0)
(3.77741 0.927503 0)
(3.76177 0.907804 0)
(3.7251 0.85717 0)
(3.66053 0.76696 0)
(3.53494 0.573151 0)
(3.39185 0.363649 0)
(3.26528 0.210544 0)
(3.04118 -0.0562301 0)
(2.8926 -0.263071 0)
(2.8158 -0.351549 0)
(2.73269 -0.496664 0)
(2.70279 -0.587849 0)
(2.70847 -0.605969 0)
(2.73063 -0.639774 0)
(2.75202 -0.666029 0)
(2.78356 -0.671027 0)
(2.82011 -0.66264 0)
(2.86672 -0.638734 0)
(2.91196 -0.615051 0)
(2.95114 -0.616616 0)
(2.99215 -0.612594 0)
(3.0319 -0.593801 0)
(3.0639 -0.584153 0)
(3.09229 -0.585133 0)
(3.12303 -0.583552 0)
(3.15357 -0.582997 0)
(3.18151 -0.585449 0)
(3.20708 -0.590445 0)
(3.22844 -0.59707 0)
(3.24476 -0.602563 0)
(3.2615 -0.604037 0)
(3.28074 -0.604665 0)
(3.29989 -0.606547 0)
(3.31892 -0.609314 0)
(3.33787 -0.61264 0)
(3.35628 -0.615831 0)
(3.37244 -0.617446 0)
(3.3844 -0.6175 0)
(3.39594 -0.618373 0)
(3.41126 -0.620158 0)
(3.42903 -0.621812 0)
(3.44736 -0.623021 0)
(3.46478 -0.62351 0)
(3.48075 -0.624057 0)
(3.49525 -0.625067 0)
(3.50674 -0.626568 0)
(3.51394 -0.626784 0)
(3.52533 -0.627087 0)
(3.53914 -0.628437 0)
(3.55404 -0.629797 0)
(3.56967 -0.630697 0)
(3.58523 -0.63094 0)
(3.59981 -0.631048 0)
(3.61231 -0.631956 0)
(3.62119 -0.633328 0)
(3.62437 -0.633002 0)
(3.63307 -0.631326 0)
(3.6473 -0.63075 0)
(3.65988 -0.630767 0)
(3.67259 -0.632418 0)
(3.68532 -0.634659 0)
(3.69872 -0.634725 0)
(3.71148 -0.631727 0)
(3.72101 -0.628405 0)
(3.72537 -0.628743 0)
(3.72656 -0.630746 0)
(3.73295 -0.630498 0)
(3.74735 -0.630349 0)
(3.76106 -0.628137 0)
(3.77326 -0.625069 0)
(3.78424 -0.624804 0)
(3.79472 -0.627748 0)
(3.80442 -0.631292 0)
(3.81171 -0.630572 0)
(3.81583 -0.621619 0)
(3.81928 -0.613917 0)
(3.82749 -0.616808 0)
(3.83666 -0.622262 0)
(3.84555 -0.624397 0)
(3.85863 -0.623382 0)
(3.87109 -0.617274 0)
(3.88048 -0.610783 0)
(3.88815 -0.612696 0)
(3.89254 -0.61904 0)
(3.89227 -0.621353 0)
(3.89903 -0.614324 0)
(3.9086 -0.606696 0)
(3.91603 -0.60171 0)
(3.92463 -0.604525 0)
(3.93191 -0.611225 0)
(3.93819 -0.613972 0)
(3.94838 -0.607976 0)
(3.95667 -0.59805 0)
(3.9626 -0.594592 0)
(3.96886 -0.60117 0)
(3.97255 -0.608632 0)
(3.97764 -0.606724 0)
(3.98538 -0.596731 0)
(3.99081 -0.588825 0)
(3.99611 -0.58802 0)
(4.00268 -0.591936 0)
(4.00971 -0.595326 0)
(4.01831 -0.594578 0)
(4.02688 -0.588976 0)
(4.032 -0.58295 0)
(4.03392 -0.583291 0)
(4.03335 -0.585579 0)
(4.0354 -0.583583 0)
(4.04759 -0.581386 0)
(4.05658 -0.578392 0)
(4.06413 -0.577257 0)
(4.07185 -0.577923 0)
(4.07926 -0.579385 0)
(4.08447 -0.580297 0)
(4.08301 -0.577537 0)
(4.0817 -0.570901 0)
(4.08741 -0.566529 0)
(4.09395 -0.564545 0)
(4.10282 -0.567176 0)
(4.11045 -0.570741 0)
(4.11894 -0.571039 0)
(4.12723 -0.56751 0)
(4.1336 -0.561805 0)
(4.13505 -0.558348 0)
(4.12818 -0.557623 0)
(4.12673 -0.55858 0)
(4.13507 -0.55965 0)
(4.14188 -0.559667 0)
(4.14993 -0.55781 0)
(4.15873 -0.552917 0)
(4.16633 -0.549539 0)
(4.17328 -0.551591 0)
(4.17813 -0.555435 0)
(4.17853 -0.557444 0)
(4.17596 -0.549917 0)
(4.17929 -0.540957 0)
(4.18299 -0.537132 0)
(4.1882 -0.536723 0)
(4.19546 -0.540464 0)
(4.20238 -0.544933 0)
(4.20781 -0.544376 0)
(4.20881 -0.537001 0)
(4.20581 -0.530371 0)
(4.20612 -0.527796 0)
(4.21011 -0.528058 0)
(4.21604 -0.52783 0)
(4.22291 -0.527033 0)
(4.22961 -0.527155 0)
(4.2368 -0.528654 0)
(4.24397 -0.529025 0)
(4.24787 -0.524619 0)
(4.24358 -0.519119 0)
(4.23786 -0.517945 0)
(4.23708 -0.516984 0)
(4.24437 -0.515996 0)
(4.25273 -0.51637 0)
(4.25929 -0.515159 0)
(4.26546 -0.514536 0)
(4.27208 -0.515253 0)
(4.27839 -0.516782 0)
(4.28244 -0.515174 0)
(4.27822 -0.509454 0)
(4.27185 -0.506105 0)
(4.27894 -0.507428 0)
(4.28588 -0.508249 0)
(4.29294 -0.508102 0)
(4.2998 -0.506905 0)
(4.3065 -0.50571 0)
(4.31284 -0.503936 0)
(4.31464 -0.500954 0)
(4.30811 -0.497351 0)
(4.30771 -0.496072 0)
(4.31226 -0.496558 0)
(4.31767 -0.497768 0)
(4.32373 -0.499991 0)
(4.33054 -0.500673 0)
(4.33674 -0.499535 0)
(4.34093 -0.496885 0)
(4.34069 -0.492421 0)
(4.33033 -0.485479 0)
(4.32341 -0.480549 0)
(4.32985 -0.480216 0)
(4.33587 -0.481344 0)
(4.34212 -0.483748 0)
(4.34845 -0.487124 0)
(4.35487 -0.488383 0)
(4.36138 -0.486271 0)
(4.36635 -0.48276 0)
(4.36763 -0.478191 0)
(4.36091 -0.47513 0)
(4.3584 -0.475366 0)
(4.36219 -0.475971 0)
(4.36639 -0.476352 0)
(4.37273 -0.476124 0)
(4.38099 -0.475838 0)
(4.3885 -0.475948 0)
(4.3944 -0.475906 0)
(4.39585 -0.473619 0)
(4.38799 -0.468459 0)
(4.37963 -0.464906 0)
(4.38192 -0.46383 0)
(4.38617 -0.464067 0)
(4.39036 -0.465332 0)
(4.39484 -0.467445 0)
(4.40033 -0.470046 0)
(4.40691 -0.472926 0)
(4.41326 -0.474808 0)
(4.41655 -0.473318 0)
(4.41085 -0.46592 0)
(4.40135 -0.460078 0)
(4.40083 -0.460016 0)
(4.4036 -0.461152 0)
(4.40729 -0.463846 0)
(4.414 -0.469732 0)
(4.42166 -0.475069 0)
(4.4282 -0.476782 0)
(4.43174 -0.473036 0)
(4.42928 -0.462907 0)
(4.42311 -0.453326 0)
(4.42335 -0.450166 0)
(4.42789 -0.449126 0)
(4.4329 -0.44953 0)
(4.43801 -0.449627 0)
(4.4426 -0.447555 0)
(4.44551 -0.44557 0)
(4.44658 -0.446359 0)
(4.44366 -0.450263 0)
(4.43885 -0.452297 0)
(4.43897 -0.452105 0)
(4.44022 -0.452018 0)
(4.44135 -0.450817 0)
(4.44189 -0.448788 0)
(4.44236 -0.446076 0)
(4.44574 -0.442381 0)
(4.44861 -0.4423 0)
(4.44978 -0.440935 0)
(4.4487 -0.436977 0)
(4.44429 -0.42569 0)
(4.44008 -0.405464 0)
(4.4372 -0.396372 0)
(4.42812 -0.375413 0)
(4.41807 -0.344839 0)
(4.40763 -0.324172 0)
(4.38625 -0.266855 0)
(4.36772 -0.193865 0)
(4.35923 -0.166155 0)
(4.32516 -0.0844484 0)
(4.29118 0.04627 0)
(4.28458 0.0670478 0)
(4.26871 0.100318 0)
(4.1934 0.245945 0)
(4.17554 0.307429 0)
(4.17746 0.306629 0)
(4.11106 0.396929 0)
(4.08063 0.50999 0)
(4.07622 0.520244 0)
(4.07313 0.523501 0)
(4.03756 0.577594 0)
(4.02398 0.635062 0)
(4.01816 0.638919 0)
(3.99171 0.650677 0)
(3.97623 0.668258 0)
(3.969 0.694285 0)
(3.96342 0.700191 0)
(3.96142 0.705691 0)
(3.96206 0.716162 0)
(3.95868 0.723008 0)
(3.95565 0.723192 0)
(3.95321 0.723922 0)
(3.95182 0.72795 0)
(3.94853 0.732081 0)
(3.94448 0.735181 0)
(3.94472 0.736723 0)
(3.94722 0.736607 0)
(3.94983 0.735847 0)
(3.95326 0.735414 0)
(3.95708 0.736059 0)
(3.96713 0.735211 0)
(3.75231 1.12056 0)
(3.75086 1.11905 0)
(3.7572 1.10472 0)
(3.76251 1.09471 0)
(3.76424 1.07366 0)
(3.76501 1.06065 0)
(3.74066 1.01113 0)
(3.69953 0.935313 0)
(3.62174 0.806045 0)
(3.51687 0.655285 0)
(3.39885 0.495036 0)
(3.22135 0.220243 0)
(3.11462 0.0500556 0)
(3.01919 -0.107419 0)
(2.87796 -0.332942 0)
(2.81975 -0.430649 0)
(2.7821 -0.49513 0)
(2.74446 -0.59392 0)
(2.74767 -0.638947 0)
(2.78613 -0.657433 0)
(2.82904 -0.671964 0)
(2.8702 -0.675963 0)
(2.9184 -0.673341 0)
(2.96563 -0.668207 0)
(3.00903 -0.654418 0)
(3.05417 -0.62888 0)
(3.09053 -0.616819 0)
(3.12981 -0.60569 0)
(3.17121 -0.589064 0)
(3.19948 -0.579375 0)
(3.22314 -0.57573 0)
(3.24819 -0.563326 0)
(3.26886 -0.559365 0)
(3.28794 -0.561077 0)
(3.30958 -0.55986 0)
(3.32931 -0.557787 0)
(3.34891 -0.55822 0)
(3.36786 -0.558666 0)
(3.38318 -0.556743 0)
(3.39532 -0.556485 0)
(3.40936 -0.55908 0)
(3.427 -0.560552 0)
(3.44608 -0.560288 0)
(3.4634 -0.558988 0)
(3.47872 -0.558724 0)
(3.49257 -0.560434 0)
(3.50389 -0.561304 0)
(3.51229 -0.557789 0)
(3.52224 -0.555057 0)
(3.53527 -0.557323 0)
(3.54922 -0.560271 0)
(3.56496 -0.561045 0)
(3.5811 -0.559285 0)
(3.59517 -0.558051 0)
(3.60677 -0.560347 0)
(3.61478 -0.564645 0)
(3.61883 -0.564575 0)
(3.62694 -0.558091 0)
(3.63747 -0.555135 0)
(3.65051 -0.558484 0)
(3.66329 -0.562634 0)
(3.67737 -0.563811 0)
(3.69201 -0.560962 0)
(3.70408 -0.557242 0)
(3.7119 -0.558105 0)
(3.71394 -0.560485 0)
(3.71367 -0.559235 0)
(3.72702 -0.556995 0)
(3.74001 -0.55409 0)
(3.7511 -0.55242 0)
(3.76306 -0.555444 0)
(3.77422 -0.559886 0)
(3.78605 -0.559587 0)
(3.79657 -0.55234 0)
(3.80132 -0.544777 0)
(3.80168 -0.547007 0)
(3.80384 -0.552769 0)
(3.8109 -0.553417 0)
(3.82552 -0.552042 0)
(3.8394 -0.546526 0)
(3.85064 -0.541 0)
(3.86044 -0.542215 0)
(3.86841 -0.547687 0)
(3.87361 -0.55273 0)
(3.87538 -0.549293 0)
(3.88144 -0.538659 0)
(3.88818 -0.531758 0)
(3.89732 -0.533281 0)
(3.90734 -0.540805 0)
(3.91522 -0.544856 0)
(3.92678 -0.541172 0)
(3.93604 -0.530109 0)
(3.9418 -0.522889 0)
(3.94549 -0.529488 0)
(3.94456 -0.536137 0)
(3.94804 -0.535275 0)
(3.96038 -0.533364 0)
(3.97036 -0.525042 0)
(3.97876 -0.519323 0)
(3.98694 -0.522042 0)
(3.9922 -0.527558 0)
(3.99276 -0.528305 0)
(3.99618 -0.519595 0)
(4.0017 -0.512369 0)
(4.00929 -0.51262 0)
(4.0193 -0.520881 0)
(4.02583 -0.527697 0)
(4.03484 -0.524448 0)
(4.0421 -0.513045 0)
(4.04467 -0.502318 0)
(4.04616 -0.50446 0)
(4.04739 -0.512584 0)
(4.05187 -0.513874 0)
(4.06295 -0.509751 0)
(4.07058 -0.5038 0)
(4.07691 -0.501735 0)
(4.08187 -0.503955 0)
(4.08282 -0.506378 0)
(4.082 -0.503603 0)
(4.09006 -0.497623 0)
(4.09684 -0.49515 0)
(4.1039 -0.494753 0)
(4.11164 -0.49673 0)
(4.11937 -0.500018 0)
(4.12568 -0.501419 0)
(4.12627 -0.496695 0)
(4.12356 -0.488571 0)
(4.12528 -0.483416 0)
(4.13194 -0.484998 0)
(4.13978 -0.489709 0)
(4.14748 -0.491728 0)
(4.15737 -0.489738 0)
(4.16555 -0.485268 0)
(4.17179 -0.482224 0)
(4.17296 -0.481087 0)
(4.16516 -0.479603 0)
(4.16144 -0.479607 0)
(4.16862 -0.479566 0)
(4.17537 -0.478899 0)
(4.18306 -0.475711 0)
(4.19065 -0.471754 0)
(4.19915 -0.471961 0)
(4.20769 -0.476294 0)
(4.21398 -0.479076 0)
(4.2141 -0.475503 0)
(4.20859 -0.467645 0)
(4.20818 -0.461465 0)
(4.21255 -0.459434 0)
(4.21882 -0.460655 0)
(4.22579 -0.463953 0)
(4.23198 -0.46725 0)
(4.23711 -0.466665 0)
(4.2394 -0.459722 0)
(4.23675 -0.452539 0)
(4.23649 -0.453882 0)
(4.24131 -0.45564 0)
(4.24777 -0.454478 0)
(4.25362 -0.453118 0)
(4.25936 -0.452933 0)
(4.26563 -0.453742 0)
(4.27191 -0.453341 0)
(4.27521 -0.450523 0)
(4.27173 -0.448706 0)
(4.26477 -0.449109 0)
(4.26673 -0.446919 0)
(4.27537 -0.444822 0)
(4.28173 -0.442761 0)
(4.28801 -0.441639 0)
(4.29504 -0.4433 0)
(4.30114 -0.446798 0)
(4.30546 -0.448562 0)
(4.30762 -0.444383 0)
(4.30597 -0.436801 0)
(4.29919 -0.432045 0)
(4.29021 -0.429442 0)
(4.2947 -0.428001 0)
(4.30035 -0.428171 0)
(4.30576 -0.428974 0)
(4.31247 -0.429668 0)
(4.32039 -0.428001 0)
(4.32657 -0.422561 0)
(4.32781 -0.415127 0)
(4.32282 -0.410222 0)
(4.31815 -0.409145 0)
(4.32062 -0.410669 0)
(4.32559 -0.411718 0)
(4.32982 -0.41229 0)
(4.33311 -0.413509 0)
(4.33604 -0.416213 0)
(4.33858 -0.418482 0)
(4.33982 -0.416737 0)
(4.34306 -0.41225 0)
(4.34957 -0.411311 0)
(4.35649 -0.412684 0)
(4.36366 -0.414717 0)
(4.37104 -0.415693 0)
(4.37469 -0.415173 0)
(4.36726 -0.414771 0)
(4.36599 -0.414242 0)
(4.37356 -0.412524 0)
(4.37757 -0.410445 0)
(4.38117 -0.40746 0)
(4.3843 -0.401101 0)
(4.38512 -0.392531 0)
(4.38171 -0.387749 0)
(4.37409 -0.389828 0)
(4.37518 -0.393817 0)
(4.38022 -0.395819 0)
(4.38397 -0.398354 0)
(4.38759 -0.398981 0)
(4.39383 -0.396728 0)
(4.39992 -0.394261 0)
(4.40513 -0.393138 0)
(4.41008 -0.391991 0)
(4.41321 -0.39009 0)
(4.40791 -0.387717 0)
(4.39879 -0.388961 0)
(4.40171 -0.39128 0)
(4.4052 -0.391797 0)
(4.40869 -0.39034 0)
(4.41362 -0.386287 0)
(4.41936 -0.385734 0)
(4.4247 -0.387567 0)
(4.42585 -0.387577 0)
(4.41853 -0.385402 0)
(4.41455 -0.384931 0)
(4.41787 -0.385764 0)
(4.42051 -0.386869 0)
(4.42377 -0.387212 0)
(4.43007 -0.38519 0)
(4.43606 -0.38206 0)
(4.44106 -0.379676 0)
(4.44653 -0.37751 0)
(4.45279 -0.376575 0)
(4.45922 -0.378848 0)
(4.46289 -0.385009 0)
(4.46185 -0.390189 0)
(4.45772 -0.385711 0)
(4.45361 -0.374139 0)
(4.44919 -0.367618 0)
(4.4455 -0.366517 0)
(4.44391 -0.368178 0)
(4.44407 -0.371817 0)
(4.44509 -0.375452 0)
(4.44878 -0.376371 0)
(4.45157 -0.375788 0)
(4.45322 -0.374093 0)
(4.45359 -0.371169 0)
(4.45177 -0.368373 0)
(4.44959 -0.364625 0)
(4.45112 -0.362367 0)
(4.45249 -0.361707 0)
(4.45336 -0.361486 0)
(4.45435 -0.36217 0)
(4.45789 -0.361542 0)
(4.46098 -0.354914 0)
(4.46208 -0.345277 0)
(4.46332 -0.337095 0)
(4.4577 -0.313942 0)
(4.44751 -0.285884 0)
(4.43544 -0.260517 0)
(4.41138 -0.207757 0)
(4.39076 -0.162014 0)
(4.37152 -0.132779 0)
(4.32552 -0.0307685 0)
(4.30274 0.0637216 0)
(4.30197 0.0780371 0)
(4.25785 0.171112 0)
(4.21823 0.30409 0)
(4.21396 0.310249 0)
(4.19759 0.340095 0)
(4.11599 0.46791 0)
(4.10297 0.543185 0)
(4.10489 0.527935 0)
(4.07375 0.575045 0)
(4.04889 0.659436 0)
(4.04589 0.67124 0)
(4.03754 0.675546 0)
(4.02326 0.695376 0)
(4.01162 0.724734 0)
(4.0098 0.737487 0)
(3.99709 0.745873 0)
(3.97953 0.756922 0)
(3.97406 0.766513 0)
(3.97177 0.773753 0)
(3.97245 0.779642 0)
(3.9723 0.779314 0)
(3.97235 0.776716 0)
(3.72585 1.14899 0)
(3.70227 1.10916 0)
(3.64093 0.995488 0)
(3.57024 0.851909 0)
(3.48986 0.698602 0)
(3.34376 0.426452 0)
(3.27437 0.277133 0)
(3.16802 0.0903419 0)
(3.05372 -0.141895 0)
(3.02285 -0.214516 0)
(2.97392 -0.320886 0)
(2.93753 -0.438714 0)
(2.93531 -0.459159 0)
(2.9311 -0.494351 0)
(2.94683 -0.536757 0)
(2.96446 -0.540757 0)
(2.98832 -0.534188 0)
(3.0164 -0.521294 0)
(3.04766 -0.505981 0)
(3.07891 -0.496714 0)
(3.11424 -0.481404 0)
(3.1468 -0.463031 0)
(3.17755 -0.458486 0)
(3.20689 -0.460911 0)
(3.23849 -0.450971 0)
(3.26911 -0.441106 0)
(3.30109 -0.450494 0)
(3.32948 -0.456192 0)
(3.35565 -0.447043 0)
(3.37677 -0.44399 0)
(3.39436 -0.454258 0)
(3.40696 -0.46063 0)
(3.42337 -0.456627 0)
(3.44019 -0.452059 0)
(3.45679 -0.454553 0)
(3.47178 -0.460736 0)
(3.48531 -0.463847 0)
(3.4992 -0.459858 0)
(3.51035 -0.452137 0)
(3.51754 -0.45137 0)
(3.52486 -0.458552 0)
(3.53487 -0.462816 0)
(3.5506 -0.462229 0)
(3.56704 -0.458553 0)
(3.58095 -0.456291 0)
(3.59314 -0.460709 0)
(3.60225 -0.467422 0)
(3.60923 -0.467137 0)
(3.61505 -0.458847 0)
(3.62104 -0.455011 0)
(3.6328 -0.46073 0)
(3.64397 -0.46601 0)
(3.65769 -0.466953 0)
(3.6729 -0.463545 0)
(3.68519 -0.461317 0)
(3.69373 -0.465998 0)
(3.69692 -0.472379 0)
(3.69979 -0.469484 0)
(3.70721 -0.460428 0)
(3.71577 -0.457724 0)
(3.72988 -0.463313 0)
(3.74118 -0.469669 0)
(3.75384 -0.47087 0)
(3.7674 -0.464708 0)
(3.77665 -0.457924 0)
(3.78068 -0.461048 0)
(3.77856 -0.466275 0)
(3.78062 -0.464744 0)
(3.79661 -0.460444 0)
(3.80781 -0.455127 0)
(3.81817 -0.454128 0)
(3.83002 -0.459903 0)
(3.84026 -0.466329 0)
(3.8505 -0.465458 0)
(3.85725 -0.455121 0)
(3.85608 -0.444806 0)
(3.85794 -0.450378 0)
(3.86446 -0.458991 0)
(3.87236 -0.460976 0)
(3.88712 -0.457904 0)
(3.90024 -0.448971 0)
(3.90979 -0.442324 0)
(3.91756 -0.446508 0)
(3.92123 -0.454394 0)
(3.91918 -0.458014 0)
(3.92434 -0.451292 0)
(3.93484 -0.444366 0)
(3.94359 -0.440966 0)
(3.95322 -0.442276 0)
(3.96276 -0.446296 0)
(3.97162 -0.448813 0)
(3.97963 -0.44539 0)
(3.98284 -0.434927 0)
(3.98079 -0.431208 0)
(3.98209 -0.439597 0)
(3.98574 -0.44262 0)
(3.99763 -0.441765 0)
(4.00982 -0.437987 0)
(4.02017 -0.432811 0)
(4.02901 -0.431519 0)
(4.03509 -0.432389 0)
(4.03456 -0.433333 0)
(4.02626 -0.431874 0)
(4.0305 -0.427583 0)
(4.03835 -0.424771 0)
(4.04749 -0.425471 0)
(4.05759 -0.430658 0)
(4.0664 -0.432926 0)
(4.07662 -0.428704 0)
(4.08374 -0.419861 0)
(4.08528 -0.417735 0)
(4.07797 -0.419885 0)
(4.07404 -0.420153 0)
(4.08472 -0.420404 0)
(4.09367 -0.418169 0)
(4.1021 -0.414953 0)
(4.11052 -0.414271 0)
(4.11742 -0.41599 0)
(4.11972 -0.417361 0)
(4.11505 -0.412884 0)
(4.11549 -0.406991 0)
(4.12145 -0.405486 0)
(4.12897 -0.407117 0)
(4.13759 -0.410889 0)
(4.14683 -0.414519 0)
(4.15587 -0.413443 0)
(4.15896 -0.40587 0)
(4.15149 -0.396563 0)
(4.14791 -0.396743 0)
(4.15387 -0.401583 0)
(4.15995 -0.403168 0)
(4.17017 -0.403289 0)
(4.18026 -0.401636 0)
(4.18913 -0.398564 0)
(4.19614 -0.395905 0)
(4.1978 -0.39437 0)
(4.18832 -0.393745 0)
(4.17734 -0.391438 0)
(4.18404 -0.38976 0)
(4.19241 -0.38886 0)
(4.20008 -0.387272 0)
(4.20881 -0.387613 0)
(4.21829 -0.389004 0)
(4.22742 -0.390004 0)
(4.23456 -0.389257 0)
(4.23556 -0.384979 0)
(4.22561 -0.377302 0)
(4.2179 -0.374008 0)
(4.22578 -0.377326 0)
(4.2333 -0.380183 0)
(4.24071 -0.381674 0)
(4.24896 -0.381727 0)
(4.25617 -0.379469 0)
(4.26143 -0.375114 0)
(4.25952 -0.369699 0)
(4.24664 -0.367696 0)
(4.24436 -0.368828 0)
(4.25265 -0.368549 0)
(4.2599 -0.367997 0)
(4.26705 -0.36833 0)
(4.27497 -0.369204 0)
(4.28343 -0.369961 0)
(4.29059 -0.369273 0)
(4.28977 -0.365895 0)
(4.27582 -0.361853 0)
(4.26711 -0.359845 0)
(4.27218 -0.358216 0)
(4.27917 -0.357239 0)
(4.28622 -0.35686 0)
(4.29276 -0.356478 0)
(4.29811 -0.355585 0)
(4.30083 -0.354001 0)
(4.29682 -0.352618 0)
(4.29529 -0.353838 0)
(4.30018 -0.35441 0)
(4.30486 -0.353354 0)
(4.31015 -0.353408 0)
(4.31521 -0.354674 0)
(4.32057 -0.354206 0)
(4.32531 -0.352362 0)
(4.32878 -0.350699 0)
(4.33164 -0.349549 0)
(4.33478 -0.34903 0)
(4.33727 -0.349026 0)
(4.33912 -0.347457 0)
(4.34337 -0.343986 0)
(4.34775 -0.341721 0)
(4.35171 -0.340421 0)
(4.35553 -0.339517 0)
(4.35903 -0.339797 0)
(4.35813 -0.341664 0)
(4.34438 -0.343255 0)
(4.33459 -0.342061 0)
(4.33823 -0.338976 0)
(4.3439 -0.336783 0)
(4.34861 -0.334639 0)
(4.35369 -0.332397 0)
(4.35808 -0.332555 0)
(4.36398 -0.332473 0)
(4.36479 -0.330518 0)
(4.35987 -0.326228 0)
(4.36331 -0.324131 0)
(4.36768 -0.321801 0)
(4.37164 -0.320267 0)
(4.37928 -0.321287 0)
(4.38727 -0.322269 0)
(4.39281 -0.321746 0)
(4.39666 -0.321166 0)
(4.39826 -0.321814 0)
(4.39262 -0.324045 0)
(4.37742 -0.323939 0)
(4.37558 -0.320677 0)
(4.38189 -0.319214 0)
(4.38746 -0.318163 0)
(4.39387 -0.316584 0)
(4.40026 -0.315629 0)
(4.40613 -0.314899 0)
(4.41171 -0.312748 0)
(4.41433 -0.311896 0)
(4.4094 -0.311042 0)
(4.39681 -0.30853 0)
(4.39924 -0.306774 0)
(4.40445 -0.3065 0)
(4.40969 -0.305863 0)
(4.41671 -0.304003 0)
(4.42119 -0.302463 0)
(4.42776 -0.300681 0)
(4.43201 -0.301792 0)
(4.42804 -0.306349 0)
(4.41487 -0.310428 0)
(4.41163 -0.310546 0)
(4.41472 -0.310033 0)
(4.41857 -0.309666 0)
(4.42295 -0.309258 0)
(4.42601 -0.307604 0)
(4.42225 -0.302816 0)
(4.41864 -0.29592 0)
(4.42226 -0.294453 0)
(4.42908 -0.293617 0)
(4.43503 -0.293503 0)
(4.44228 -0.294115 0)
(4.45119 -0.294355 0)
(4.4581 -0.294703 0)
(4.46211 -0.294494 0)
(4.45843 -0.293127 0)
(4.4521 -0.296145 0)
(4.45366 -0.300235 0)
(4.45623 -0.301403 0)
(4.46181 -0.301105 0)
(4.46617 -0.298908 0)
(4.46909 -0.296821 0)
(4.47136 -0.296305 0)
(4.47244 -0.297126 0)
(4.47223 -0.298808 0)
(4.46879 -0.298494 0)
(4.46022 -0.294525 0)
(4.45021 -0.292094 0)
(4.44889 -0.290028 0)
(4.45188 -0.288257 0)
(4.45428 -0.28769 0)
(4.45481 -0.28674 0)
(4.44726 -0.286089 0)
(4.44694 -0.28134 0)
(4.44793 -0.279237 0)
(4.45002 -0.275535 0)
(4.45232 -0.268259 0)
(4.45256 -0.253978 0)
(4.45099 -0.240243 0)
(4.43844 -0.200398 0)
(4.42267 -0.145408 0)
(4.4117 -0.11994 0)
(4.37702 -0.0533042 0)
(4.34572 0.0385661 0)
(4.33818 0.0528817 0)
(4.30129 0.121654 0)
(4.24715 0.27737 0)
(4.24376 0.302753 0)
(4.24532 0.32238 0)
(4.16993 0.460423 0)
(4.15731 0.526406 0)
(4.16913 0.514551 0)
(4.11478 0.578276 0)
(4.07777 0.674201 0)
(4.07122 0.679354 0)
(4.07244 0.677528 0)
(4.04046 0.733471 0)
(4.03962 0.756601 0)
(4.02766 0.773585 0)
(3.34029 0.351002 0)
(3.2796 0.202207 0)
(3.14351 -0.0642261 0)
(3.09172 -0.201381 0)
(3.06225 -0.29371 0)
(2.99665 -0.423361 0)
(2.98414 -0.494228 0)
(2.97423 -0.537517 0)
(2.98545 -0.579935 0)
(3.01169 -0.613786 0)
(3.0275 -0.618332 0)
(3.04776 -0.618943 0)
(3.07275 -0.609863 0)
(3.10367 -0.597656 0)
(3.13996 -0.578141 0)
(3.17348 -0.557586 0)
(3.21011 -0.533811 0)
(3.25147 -0.503097 0)
(3.28149 -0.487254 0)
(3.3071 -0.475675 0)
(3.33302 -0.44575 0)
(3.34889 -0.423007 0)
(3.36226 -0.416337 0)
(3.3768 -0.405737 0)
(3.39458 -0.394446 0)
(3.41243 -0.386555 0)
(3.43249 -0.380327 0)
(3.4492 -0.379167 0)
(3.46358 -0.377534 0)
(3.47778 -0.370191 0)
(3.48865 -0.364556 0)
(3.49694 -0.369502 0)
(3.50531 -0.375134 0)
(3.52046 -0.372249 0)
(3.53626 -0.366766 0)
(3.55081 -0.367923 0)
(3.56392 -0.376009 0)
(3.57441 -0.381536 0)
(3.5858 -0.37699 0)
(3.59433 -0.367375 0)
(3.59957 -0.368182 0)
(3.60554 -0.378146 0)
(3.61346 -0.382719 0)
(3.62806 -0.379835 0)
(3.64328 -0.373245 0)
(3.65636 -0.372002 0)
(3.6669 -0.380176 0)
(3.67264 -0.387991 0)
(3.6784 -0.384073 0)
(3.68372 -0.372469 0)
(3.68972 -0.369684 0)
(3.70048 -0.378349 0)
(3.70956 -0.384444 0)
(3.72256 -0.383367 0)
(3.73668 -0.376548 0)
(3.74758 -0.373806 0)
(3.75437 -0.381256 0)
(3.75582 -0.388175 0)
(3.75963 -0.382618 0)
(3.76588 -0.373269 0)
(3.77685 -0.37472 0)
(3.78894 -0.38227 0)
(3.79917 -0.386283 0)
(3.81182 -0.382567 0)
(3.82267 -0.373806 0)
(3.82912 -0.371821 0)
(3.82957 -0.380239 0)
(3.82547 -0.385134 0)
(3.83635 -0.378665 0)
(3.84934 -0.370652 0)
(3.85899 -0.366782 0)
(3.87109 -0.371345 0)
(3.88156 -0.380356 0)
(3.89031 -0.384279 0)
(3.89687 -0.376708 0)
(3.89659 -0.364087 0)
(3.89574 -0.362171 0)
(3.90309 -0.372297 0)
(3.90962 -0.378441 0)
(3.92036 -0.377078 0)
(3.93337 -0.369813 0)
(3.94375 -0.35934 0)
(3.95168 -0.356947 0)
(3.95515 -0.364984 0)
(3.95141 -0.372413 0)
(3.95112 -0.370595 0)
(3.96367 -0.36364 0)
(3.97231 -0.358203 0)
(3.98155 -0.357331 0)
(3.99166 -0.362003 0)
(4.00059 -0.365973 0)
(4.00776 -0.363123 0)
(4.00912 -0.352681 0)
(4.00306 -0.343738 0)
(4.00408 -0.349509 0)
(4.00985 -0.35581 0)
(4.01806 -0.356291 0)
(4.03024 -0.353843 0)
(4.04077 -0.348708 0)
(4.04965 -0.346619 0)
(4.05621 -0.348865 0)
(4.05735 -0.35272 0)
(4.04917 -0.350468 0)
(4.04748 -0.340935 0)
(4.05317 -0.336149 0)
(4.06088 -0.336182 0)
(4.07201 -0.340693 0)
(4.08112 -0.344762 0)
(4.09109 -0.343135 0)
(4.09934 -0.336657 0)
(4.10334 -0.333248 0)
(4.0976 -0.335035 0)
(4.08718 -0.334694 0)
(4.09415 -0.333693 0)
(4.10373 -0.331975 0)
(4.1119 -0.327514 0)
(4.12014 -0.326338 0)
(4.12839 -0.329616 0)
(4.13472 -0.334185 0)
(4.13566 -0.332995 0)
(4.13025 -0.323197 0)
(4.12597 -0.317716 0)
(4.13363 -0.319521 0)
(4.14336 -0.32319 0)
(4.15164 -0.328377 0)
(4.16047 -0.329822 0)
(4.16794 -0.326148 0)
(4.1705 -0.320247 0)
(4.16286 -0.312229 0)
(4.159 -0.314324 0)
(4.16435 -0.318484 0)
(4.17045 -0.319422 0)
(4.17975 -0.317366 0)
(4.18886 -0.313504 0)
(4.19656 -0.310809 0)
(4.20223 -0.312232 0)
(4.2027 -0.316677 0)
(4.19442 -0.317453 0)
(4.1889 -0.308887 0)
(4.19281 -0.302347 0)
(4.19658 -0.29988 0)
(4.20288 -0.301017 0)
(4.21162 -0.304358 0)
(4.2196 -0.30678 0)
(4.22803 -0.307654 0)
(4.23583 -0.306524 0)
(4.23989 -0.301829 0)
(4.23264 -0.294812 0)
(4.21828 -0.293944 0)
(4.2162 -0.296366 0)
(4.22086 -0.296304 0)
(4.23029 -0.296135 0)
(4.23918 -0.295243 0)
(4.24717 -0.29329 0)
(4.25487 -0.293892 0)
(4.25969 -0.296033 0)
(4.25688 -0.296592 0)
(4.2456 -0.290795 0)
(4.24395 -0.285668 0)
(4.24913 -0.285205 0)
(4.25506 -0.285512 0)
(4.26245 -0.286338 0)
(4.27112 -0.287319 0)
(4.27964 -0.288228 0)
(4.28376 -0.288439 0)
(4.27767 -0.285549 0)
(4.26872 -0.280657 0)
(4.26894 -0.279763 0)
(4.27463 -0.281292 0)
(4.28202 -0.282056 0)
(4.29001 -0.281959 0)
(4.29749 -0.28089 0)
(4.30318 -0.277611 0)
(4.30492 -0.27315 0)
(4.29801 -0.274414 0)
(4.28416 -0.280855 0)
(4.28162 -0.282622 0)
(4.28851 -0.280678 0)
(4.29504 -0.277805 0)
(4.30066 -0.274872 0)
(4.30652 -0.274907 0)
(4.31192 -0.277215 0)
(4.31517 -0.279881 0)
(4.31201 -0.282511 0)
(4.30621 -0.284055 0)
(4.31238 -0.281913 0)
(4.31734 -0.278697 0)
(4.32178 -0.275411 0)
(4.32679 -0.273222 0)
(4.33256 -0.273061 0)
(4.33901 -0.275013 0)
(4.34412 -0.27698 0)
(4.34296 -0.272843 0)
(4.33839 -0.262269 0)
(4.33546 -0.256208 0)
(4.33389 -0.255184 0)
(4.33941 -0.256645 0)
(4.34628 -0.257949 0)
(4.35213 -0.260175 0)
(4.35854 -0.262046 0)
(4.3636 -0.2617 0)
(4.36214 -0.260023 0)
(4.35151 -0.260952 0)
(4.34699 -0.263343 0)
(4.35237 -0.264338 0)
(4.35909 -0.26456 0)
(4.36606 -0.264129 0)
(4.37113 -0.262539 0)
(4.37012 -0.258763 0)
(4.36966 -0.252831 0)
(4.37478 -0.251529 0)
(4.37866 -0.251234 0)
(4.38318 -0.250472 0)
(4.38799 -0.250357 0)
(4.39211 -0.251918 0)
(4.39446 -0.253895 0)
(4.39265 -0.253117 0)
(4.38469 -0.248172 0)
(4.3838 -0.244153 0)
(4.39101 -0.243743 0)
(4.39734 -0.24465 0)
(4.4034 -0.244983 0)
(4.40875 -0.244219 0)
(4.41277 -0.242885 0)
(4.41461 -0.241687 0)
(4.41208 -0.241339 0)
(4.40438 -0.242704 0)
(4.39635 -0.241641 0)
(4.40115 -0.23908 0)
(4.40823 -0.238477 0)
(4.41259 -0.237171 0)
(4.41586 -0.235361 0)
(4.41847 -0.234256 0)
(4.42058 -0.233687 0)
(4.42186 -0.232368 0)
(4.42106 -0.230294 0)
(4.41706 -0.229033 0)
(4.41156 -0.230375 0)
(4.41143 -0.231459 0)
(4.41553 -0.23132 0)
(4.41996 -0.230964 0)
(4.42537 -0.229617 0)
(4.43088 -0.226249 0)
(4.43336 -0.221352 0)
(4.43344 -0.219048 0)
(4.43693 -0.221066 0)
(4.44123 -0.223209 0)
(4.44533 -0.223983 0)
(4.44918 -0.223436 0)
(4.45224 -0.22405 0)
(4.4536 -0.226941 0)
(4.45174 -0.22989 0)
(4.44631 -0.231047 0)
(4.4412 -0.230763 0)
(4.44073 -0.229387 0)
(4.44518 -0.227467 0)
(4.452 -0.225937 0)
(4.45774 -0.226092 0)
(4.46163 -0.227222 0)
(4.46288 -0.228841 0)
(4.45981 -0.226225 0)
(4.44932 -0.223522 0)
(4.4459 -0.224846 0)
(4.45017 -0.225244 0)
(4.45099 -0.225641 0)
(4.45263 -0.226457 0)
(4.45419 -0.22607 0)
(4.45463 -0.221474 0)
(4.45543 -0.216139 0)
(4.4562 -0.213889 0)
(4.45533 -0.211684 0)
(4.44807 -0.203502 0)
(4.44506 -0.199015 0)
(4.44351 -0.192713 0)
(4.44177 -0.184962 0)
(4.43628 -0.163946 0)
(4.43021 -0.133149 0)
(4.42616 -0.110382 0)
(4.39833 -0.0401609 0)
(4.37941 0.0222518 0)
(4.37436 0.0379307 0)
(4.32033 0.133921 0)
(4.285 0.226325 0)
(4.28422 0.233352 0)
(4.23204 0.330463 0)
(4.18887 0.460181 0)
(4.1921 0.471553 0)
(4.14915 0.553077 0)
(3.1476 -0.219719 0)
(3.12652 -0.235682 0)
(3.0971 -0.27676 0)
(3.08825 -0.306967 0)
(3.08419 -0.309061 0)
(3.08377 -0.311401 0)
(3.0889 -0.31267 0)
(3.09763 -0.309396 0)
(3.11117 -0.306804 0)
(3.13151 -0.309902 0)
(3.16544 -0.308586 0)
(3.21097 -0.297766 0)
(3.24995 -0.297211 0)
(3.28081 -0.299735 0)
(3.30653 -0.297984 0)
(3.32996 -0.291723 0)
(3.35411 -0.285785 0)
(3.37966 -0.286737 0)
(3.40335 -0.287548 0)
(3.42082 -0.281032 0)
(3.43298 -0.281465 0)
(3.44332 -0.286598 0)
(3.45262 -0.279588 0)
(3.45713 -0.268093 0)
(3.46527 -0.270645 0)
(3.47676 -0.275139 0)
(3.49132 -0.273042 0)
(3.50351 -0.270864 0)
(3.51498 -0.273361 0)
(3.52604 -0.275224 0)
(3.5358 -0.271927 0)
(3.54246 -0.270367 0)
(3.54854 -0.275884 0)
(3.55716 -0.279258 0)
(3.57059 -0.27513 0)
(3.58287 -0.270097 0)
(3.59559 -0.273936 0)
(3.60814 -0.284872 0)
(3.61901 -0.292525 0)
(3.63149 -0.287891 0)
(3.6397 -0.275124 0)
(3.6435 -0.272892 0)
(3.64995 -0.2851 0)
(3.65723 -0.293811 0)
(3.67133 -0.290277 0)
(3.68471 -0.278907 0)
(3.69359 -0.274489 0)
(3.70329 -0.283896 0)
(3.7103 -0.293997 0)
(3.7186 -0.290487 0)
(3.72369 -0.27522 0)
(3.72531 -0.268798 0)
(3.73186 -0.278123 0)
(3.73925 -0.284891 0)
(3.75277 -0.281088 0)
(3.76481 -0.271467 0)
(3.77303 -0.269048 0)
(3.77909 -0.277014 0)
(3.7821 -0.281021 0)
(3.78431 -0.271336 0)
(3.78574 -0.262042 0)
(3.79343 -0.266007 0)
(3.80212 -0.271588 0)
(3.81344 -0.270268 0)
(3.8254 -0.262548 0)
(3.8335 -0.256463 0)
(3.83724 -0.260204 0)
(3.83318 -0.267624 0)
(3.82949 -0.264484 0)
(3.83948 -0.253005 0)
(3.84743 -0.246649 0)
(3.85751 -0.248194 0)
(3.86835 -0.255931 0)
(3.87697 -0.261675 0)
(3.88348 -0.25761 0)
(3.88353 -0.246438 0)
(3.87846 -0.239798 0)
(3.88186 -0.245925 0)
(3.88961 -0.253454 0)
(3.89811 -0.254863 0)
(3.90918 -0.250064 0)
(3.91845 -0.24086 0)
(3.92448 -0.235429 0)
(3.92421 -0.241523 0)
(3.91539 -0.248782 0)
(3.91464 -0.24782 0)
(3.92781 -0.245203 0)
(3.93769 -0.239531 0)
(3.94686 -0.236227 0)
(3.95712 -0.238949 0)
(3.96586 -0.243068 0)
(3.97168 -0.243588 0)
(3.97084 -0.238101 0)
(3.96162 -0.231051 0)
(3.95947 -0.233622 0)
(3.96579 -0.239133 0)
(3.97307 -0.240238 0)
(3.98424 -0.238047 0)
(3.99418 -0.233377 0)
(4.00277 -0.230462 0)
(4.0099 -0.231316 0)
(4.01319 -0.235201 0)
(4.00719 -0.237278 0)
(3.99956 -0.231531 0)
(4.00316 -0.226391 0)
(4.01089 -0.226318 0)
(4.02115 -0.229638 0)
(4.03045 -0.232901 0)
(4.03944 -0.231681 0)
(4.04721 -0.226188 0)
(4.0519 -0.221319 0)
(4.04958 -0.223886 0)
(4.03912 -0.228641 0)
(4.04186 -0.227112 0)
(4.0519 -0.223615 0)
(4.05983 -0.220429 0)
(4.06812 -0.219596 0)
(4.07612 -0.222249 0)
(4.08163 -0.226242 0)
(4.08027 -0.227158 0)
(4.07405 -0.221026 0)
(4.0748 -0.215277 0)
(4.08094 -0.214999 0)
(4.09006 -0.218332 0)
(4.09841 -0.223142 0)
(4.10515 -0.22557 0)
(4.11135 -0.221869 0)
(4.11394 -0.212952 0)
(4.10987 -0.207345 0)
(4.10753 -0.214569 0)
(4.10999 -0.220701 0)
(4.11486 -0.221176 0)
(4.12402 -0.218193 0)
(4.1322 -0.212715 0)
(4.13911 -0.208164 0)
(4.14484 -0.20944 0)
(4.14653 -0.213058 0)
(4.14035 -0.216024 0)
(4.13325 -0.213386 0)
(4.13901 -0.207845 0)
(4.14455 -0.205192 0)
(4.15085 -0.204343 0)
(4.15909 -0.207307 0)
(4.16684 -0.211698 0)
(4.17424 -0.213346 0)
(4.18113 -0.209743 0)
(4.184 -0.20245 0)
(4.17845 -0.197017 0)
(4.17084 -0.200853 0)
(4.17279 -0.206605 0)
(4.17717 -0.208275 0)
(4.18447 -0.20651 0)
(4.19184 -0.202571 0)
(4.19757 -0.198442 0)
(4.2025 -0.198245 0)
(4.2049 -0.202525 0)
(4.20072 -0.206114 0)
(4.19744 -0.201793 0)
(4.20319 -0.197284 0)
(4.20852 -0.196004 0)
(4.21405 -0.196306 0)
(4.22004 -0.19782 0)
(4.22608 -0.199821 0)
(4.23055 -0.201196 0)
(4.22909 -0.200088 0)
(4.2216 -0.19433 0)
(4.21906 -0.189518 0)
(4.22452 -0.190947 0)
(4.23252 -0.1948 0)
(4.23986 -0.197687 0)
(4.24739 -0.197133 0)
(4.25393 -0.193876 0)
(4.25895 -0.189652 0)
(4.26124 -0.187221 0)
(4.25774 -0.191343 0)
(4.2511 -0.19673 0)
(4.25426 -0.196183 0)
(4.2619 -0.195127 0)
(4.26762 -0.191463 0)
(4.27271 -0.188928 0)
(4.27808 -0.189505 0)
(4.28252 -0.191564 0)
(4.284 -0.194434 0)
(4.27775 -0.196958 0)
(4.272 -0.196591 0)
(4.27583 -0.194336 0)
(4.27875 -0.19053 0)
(4.2822 -0.18811 0)
(4.28752 -0.188726 0)
(4.29273 -0.190078 0)
(4.29585 -0.192303 0)
(4.29283 -0.193278 0)
(4.28816 -0.186136 0)
(4.29026 -0.178951 0)
(4.29362 -0.176006 0)
(4.29924 -0.176759 0)
(4.30844 -0.180014 0)
(4.31459 -0.183685 0)
(4.31973 -0.186916 0)
(4.32363 -0.18809 0)
(4.32432 -0.185165 0)
(4.31979 -0.180121 0)
(4.31365 -0.178383 0)
(4.31468 -0.181278 0)
(4.31942 -0.184697 0)
(4.32421 -0.187223 0)
(4.32923 -0.187262 0)
(4.33252 -0.183063 0)
(4.3305 -0.176182 0)
(4.32369 -0.171316 0)
(4.32279 -0.172452 0)
(4.32871 -0.175174 0)
(4.33529 -0.177157 0)
(4.34237 -0.178523 0)
(4.34916 -0.178534 0)
(4.35414 -0.176133 0)
(4.355 -0.171222 0)
(4.34918 -0.166606 0)
(4.343 -0.168543 0)
(4.34548 -0.174103 0)
(4.34939 -0.176823 0)
(4.35558 -0.176431 0)
(4.36284 -0.173589 0)
(4.36842 -0.1698 0)
(4.37234 -0.165838 0)
(4.37306 -0.164353 0)
(4.36829 -0.168349 0)
(4.36047 -0.169764 0)
(4.36373 -0.167462 0)
(4.36952 -0.166681 0)
(4.37372 -0.16336 0)
(4.37685 -0.159636 0)
(4.38027 -0.157394 0)
(4.38392 -0.15712 0)
(4.38637 -0.15954 0)
(4.38515 -0.163742 0)
(4.3821 -0.162497 0)
(4.38424 -0.157768 0)
(4.38815 -0.156085 0)
(4.3919 -0.155995 0)
(4.39634 -0.157592 0)
(4.40098 -0.158963 0)
(4.40563 -0.157705 0)
(4.40792 -0.154757 0)
(4.40607 -0.152454 0)
(4.40354 -0.151499 0)
(4.4061 -0.152317 0)
(4.41162 -0.152386 0)
(4.41797 -0.151393 0)
(4.42398 -0.150899 0)
(4.42776 -0.151402 0)
(4.42688 -0.152781 0)
(4.42059 -0.154237 0)
(4.41683 -0.154975 0)
(4.41911 -0.154933 0)
(4.4236 -0.1537 0)
(4.42909 -0.151888 0)
(4.43475 -0.152313 0)
(4.43916 -0.154688 0)
(4.44116 -0.15587 0)
(4.4389 -0.155292 0)
(4.43301 -0.153091 0)
(4.42848 -0.152442 0)
(4.43255 -0.153506 0)
(4.43792 -0.153843 0)
(4.44183 -0.154672 0)
(4.44551 -0.154864 0)
(4.44874 -0.153073 0)
(4.45163 -0.150671 0)
(4.45396 -0.147213 0)
(4.45095 -0.145461 0)
(4.44458 -0.148703 0)
(4.44454 -0.150584 0)
(4.44568 -0.150749 0)
(4.44772 -0.150565 0)
(4.45062 -0.148965 0)
(4.45545 -0.144786 0)
(4.45778 -0.141264 0)
(4.45914 -0.138004 0)
(4.45919 -0.135968 0)
(4.45534 -0.131122 0)
(4.45138 -0.12568 0)
(4.44461 -0.115347 0)
(4.437 -0.0985582 0)
(4.42796 -0.0796978 0)
(4.41397 -0.0389141 0)
(4.40176 0.00670884 0)
(4.37111 0.0931514 0)
(2.94142 -0.50978 0)
(2.96762 -0.477973 0)
(2.98887 -0.441592 0)
(3.03126 -0.40645 0)
(3.0639 -0.372525 0)
(3.09639 -0.335905 0)
(3.1326 -0.292185 0)
(3.15808 -0.263444 0)
(3.2018 -0.221062 0)
(3.2277 -0.194164 0)
(3.24574 -0.178209 0)
(3.27493 -0.150626 0)
(3.29561 -0.132751 0)
(3.3177 -0.122531 0)
(3.33857 -0.114092 0)
(3.357 -0.109323 0)
(3.37657 -0.112118 0)
(3.39713 -0.119424 0)
(3.41596 -0.118797 0)
(3.4321 -0.118745 0)
(3.45082 -0.132869 0)
(3.46572 -0.147538 0)
(3.47977 -0.14566 0)
(3.49234 -0.142615 0)
(3.50612 -0.151989 0)
(3.51723 -0.15936 0)
(3.52805 -0.156209 0)
(3.53859 -0.154993 0)
(3.54955 -0.160702 0)
(3.5595 -0.163073 0)
(3.56872 -0.157973 0)
(3.57679 -0.155756 0)
(3.58503 -0.161291 0)
(3.59283 -0.163942 0)
(3.60277 -0.155623 0)
(3.61064 -0.144894 0)
(3.61968 -0.146233 0)
(3.62984 -0.157677 0)
(3.63769 -0.164415 0)
(3.64793 -0.15657 0)
(3.65572 -0.14328 0)
(3.66304 -0.142211 0)
(3.67174 -0.155634 0)
(3.67703 -0.166192 0)
(3.68667 -0.15995 0)
(3.69563 -0.144976 0)
(3.70331 -0.139725 0)
(3.71531 -0.150646 0)
(3.72322 -0.163301 0)
(3.73076 -0.161446 0)
(3.73605 -0.14785 0)
(3.73985 -0.143389 0)
(3.74755 -0.155032 0)
(3.75343 -0.16365 0)
(3.7647 -0.158251 0)
(3.7748 -0.146933 0)
(3.78413 -0.144851 0)
(3.79352 -0.155358 0)
(3.79798 -0.16405 0)
(3.79988 -0.157563 0)
(3.80044 -0.148062 0)
(3.8086 -0.151943 0)
(3.81814 -0.158931 0)
(3.82893 -0.15817 0)
(3.84013 -0.149986 0)
(3.84848 -0.143605 0)
(3.85457 -0.148848 0)
(3.85294 -0.160004 0)
(3.84852 -0.161192 0)
(3.8569 -0.149877 0)
(3.86456 -0.14257 0)
(3.87547 -0.143678 0)
(3.88794 -0.151723 0)
(3.89706 -0.158762 0)
(3.90347 -0.156426 0)
(3.9037 -0.145884 0)
(3.89856 -0.138991 0)
(3.90241 -0.145116 0)
(3.91206 -0.153521 0)
(3.9206 -0.156846 0)
(3.93063 -0.153325 0)
(3.93933 -0.144693 0)
(3.94507 -0.138053 0)
(3.94472 -0.143026 0)
(3.93756 -0.153135 0)
(3.93679 -0.154579 0)
(3.94931 -0.150121 0)
(3.95952 -0.144414 0)
(3.96933 -0.140973 0)
(3.98041 -0.143296 0)
(3.98995 -0.147857 0)
(3.99579 -0.149728 0)
(3.99348 -0.146245 0)
(3.98166 -0.140397 0)
(3.97878 -0.141946 0)
(3.98662 -0.146435 0)
(3.99454 -0.147602 0)
(4.00513 -0.14585 0)
(4.01512 -0.141984 0)
(4.02409 -0.138955 0)
(4.03199 -0.139355 0)
(4.03627 -0.142982 0)
(4.03028 -0.145898 0)
(4.01919 -0.141931 0)
(4.02078 -0.137028 0)
(4.02875 -0.137276 0)
(4.03907 -0.139873 0)
(4.04881 -0.142004 0)
(4.05776 -0.141587 0)
(4.0659 -0.13798 0)
(4.07155 -0.133719 0)
(4.07043 -0.135225 0)
(4.06024 -0.140347 0)
(4.05983 -0.139214 0)
(4.06836 -0.135782 0)
(4.07641 -0.133445 0)
(4.08497 -0.132894 0)
(4.09318 -0.134617 0)
(4.09874 -0.137252 0)
(4.09672 -0.138517 0)
(4.0883 -0.134746 0)
(4.08812 -0.12986 0)
(4.09451 -0.129327 0)
(4.10381 -0.13177 0)
(4.11254 -0.135212 0)
(4.11953 -0.137455 0)
(4.12574 -0.134991 0)
(4.12913 -0.127419 0)
(4.12666 -0.122634 0)
(4.12155 -0.128778 0)
(4.12077 -0.134535 0)
(4.12633 -0.134249 0)
(4.13469 -0.131951 0)
(4.14227 -0.127957 0)
(4.14994 -0.125127 0)
(4.15702 -0.125527 0)
(4.16121 -0.128298 0)
(4.1581 -0.131838 0)
(4.14752 -0.130258 0)
(4.14752 -0.124851 0)
(4.15276 -0.121863 0)
(4.15945 -0.121056 0)
(4.16887 -0.124205 0)
(4.17732 -0.129153 0)
(4.18413 -0.131383 0)
(4.19017 -0.127998 0)
(4.19287 -0.120785 0)
(4.18918 -0.114947 0)
(4.18135 -0.118391 0)
(4.1809 -0.125466 0)
(4.18421 -0.127629 0)
(4.19123 -0.125654 0)
(4.19831 -0.121632 0)
(4.20452 -0.117589 0)
(4.21055 -0.11802 0)
(4.21368 -0.122836 0)
(4.21003 -0.126708 0)
(4.20502 -0.123041 0)
(4.20816 -0.117054 0)
(4.21366 -0.115224 0)
(4.2206 -0.116544 0)
(4.22764 -0.11934 0)
(4.23378 -0.122285 0)
(4.2372 -0.124088 0)
(4.2341 -0.12235 0)
(4.22687 -0.114865 0)
(4.22442 -0.110758 0)
(4.23261 -0.114868 0)
(4.24081 -0.119895 0)
(4.24755 -0.122532 0)
(4.25412 -0.121329 0)
(4.25958 -0.117976 0)
(4.26378 -0.114509 0)
(4.26349 -0.113542 0)
(4.25677 -0.116662 0)
(4.25267 -0.120579 0)
(4.25604 -0.119915 0)
(4.2631 -0.117318 0)
(4.26877 -0.113535 0)
(4.27446 -0.111728 0)
(4.28032 -0.113445 0)
(4.2847 -0.116406 0)
(4.28481 -0.119435 0)
(4.2759 -0.121725 0)
(4.27363 -0.117321 0)
(4.27722 -0.112545 0)
(4.281 -0.109739 0)
(4.2869 -0.109781 0)
(4.29335 -0.112421 0)
(4.29833 -0.11625 0)
(4.29947 -0.120351 0)
(4.29351 -0.11848 0)
(4.28934 -0.109235 0)
(4.29067 -0.104458 0)
(4.29543 -0.104604 0)
(4.30397 -0.107205 0)
(4.3112 -0.110162 0)
(4.31765 -0.113884 0)
(4.3228 -0.117046 0)
(4.32441 -0.117339 0)
(4.32014 -0.112662 0)
(4.3133 -0.106171 0)
(4.31181 -0.104751 0)
(4.31618 -0.107343 0)
(4.32147 -0.110627 0)
(4.32611 -0.113334 0)
(4.33051 -0.112609 0)
(4.3334 -0.107445 0)
(4.33247 -0.101497 0)
(4.32706 -0.099928 0)
(4.3255 -0.10348 0)
(4.33077 -0.10698 0)
(4.33562 -0.10901 0)
(4.34051 -0.109724 0)
(4.34585 -0.107914 0)
(4.3502 -0.10345 0)
(4.35238 -0.0977186 0)
(4.35025 -0.0950509 0)
(4.34568 -0.101303 0)
(4.34598 -0.108751 0)
(4.3477 -0.110792 0)
(4.35393 -0.108858 0)
(4.35998 -0.104941 0)
(4.36437 -0.100262 0)
(4.36855 -0.0963054 0)
(4.37098 -0.0959375 0)
(4.36807 -0.101164 0)
(4.36033 -0.103861 0)
(4.3623 -0.102207 0)
(4.36862 -0.101028 0)
(4.37321 -0.0975527 0)
(4.37776 -0.0947882 0)
(4.38316 -0.0941131 0)
(4.3884 -0.0951743 0)
(4.39128 -0.0973404 0)
(4.38676 -0.100002 0)
(4.38149 -0.100535 0)
(4.38502 -0.09764 0)
(4.3878 -0.0951264 0)
(4.39182 -0.0930063 0)
(4.39764 -0.0943518 0)
(4.40268 -0.0957483 0)
(4.40662 -0.0942109 0)
(4.40797 -0.0917971 0)
(4.40532 -0.0914928 0)
(4.40196 -0.090899 0)
(4.40449 -0.0916007 0)
(4.4092 -0.0923462 0)
(4.41405 -0.0918611 0)
(4.41888 -0.0906393 0)
(4.42294 -0.0895674 0)
(4.42446 -0.0898964 0)
(4.42116 -0.0909981 0)
(4.41777 -0.0917056 0)
(4.41979 -0.0917911 0)
(4.42444 -0.0904204 0)
(4.43014 -0.0887859 0)
(4.43641 -0.0898356 0)
(4.44155 -0.092556 0)
(4.44424 -0.0936098 0)
(4.44278 -0.09368 0)
(4.43711 -0.0943542 0)
(4.43468 -0.0945408 0)
(4.43792 -0.0948562 0)
(4.44353 -0.0962096 0)
(4.44852 -0.0977218 0)
(4.45324 -0.0990534 0)
(4.45818 -0.0982505 0)
(4.46233 -0.0949205 0)
(4.46455 -0.0914397 0)
(4.46232 -0.0914014 0)
(4.45488 -0.095603 0)
(4.45354 -0.100065 0)
(4.45517 -0.101932 0)
(4.45835 -0.100908 0)
(4.46303 -0.0981689 0)
(4.46648 -0.0954581 0)
(4.46959 -0.0944368 0)
(4.47289 -0.0945261 0)
(4.47689 -0.0928067 0)
(4.47588 -0.0884168 0)
(4.46851 -0.0819962 0)
(4.465 -0.0777 0)
(4.46477 -0.0761748 0)
(4.46573 -0.0708538 0)
(4.46753 -0.0643049 0)
(4.46897 -0.0619112 0)
(4.46977 -0.0550795 0)
(3.14802 -0.151198 0)
(3.18761 -0.158517 0)
(3.22924 -0.163801 0)
(3.26624 -0.17786 0)
(3.29682 -0.184032 0)
(3.32617 -0.16377 0)
(3.34861 -0.157174 0)
(3.35897 -0.171772 0)
(3.36322 -0.160276 0)
(3.36582 -0.127517 0)
(3.36806 -0.124222 0)
(3.36784 -0.137045 0)
(3.37001 -0.133941 0)
(3.37635 -0.120239 0)
(3.37914 -0.10427 0)
(3.384 -0.100215 0)
(3.38771 -0.107074 0)
(3.38743 -0.108322 0)
(3.39237 -0.0977421 0)
(3.40278 -0.0905834 0)
(3.41794 -0.0929413 0)
(3.43145 -0.0954706 0)
(3.44358 -0.0922182 0)
(3.45632 -0.0904252 0)
(3.46826 -0.0918818 0)
(3.47729 -0.0890985 0)
(3.48544 -0.084709 0)
(3.49586 -0.0875212 0)
(3.50638 -0.0920168 0)
(3.51734 -0.0872637 0)
(3.52781 -0.0788533 0)
(3.53935 -0.0791024 0)
(3.54999 -0.0880532 0)
(3.55664 -0.0912795 0)
(3.56413 -0.0809195 0)
(3.57082 -0.0699685 0)
(3.58057 -0.0728864 0)
(3.58879 -0.0858148 0)
(3.59241 -0.0907956 0)
(3.60088 -0.0800432 0)
(3.60928 -0.067774 0)
(3.62071 -0.0672064 0)
(3.63174 -0.079863 0)
(3.63512 -0.0896887 0)
(3.64067 -0.0816287 0)
(3.64744 -0.0679514 0)
(3.65745 -0.0650503 0)
(3.67 -0.0757062 0)
(3.67607 -0.0856459 0)
(3.68109 -0.0807309 0)
(3.6861 -0.0687533 0)
(3.69371 -0.0664752 0)
(3.70289 -0.0774851 0)
(3.70745 -0.08463 0)
(3.71643 -0.077531 0)
(3.72556 -0.0684305 0)
(3.73729 -0.0692236 0)
(3.74714 -0.079459 0)
(3.74983 -0.0843178 0)
(3.74965 -0.0764751 0)
(3.75184 -0.0699865 0)
(3.76185 -0.0749039 0)
(3.77145 -0.0819559 0)
(3.78128 -0.0805358 0)
(3.79143 -0.0730514 0)
(3.80104 -0.0690522 0)
(3.80844 -0.0751154 0)
(3.8055 -0.0847946 0)
(3.79988 -0.0833238 0)
(3.80841 -0.0736108 0)
(3.81786 -0.0690854 0)
(3.83152 -0.0710239 0)
(3.84478 -0.0787739 0)
(3.85287 -0.0843418 0)
(3.85672 -0.0811921 0)
(3.85594 -0.0726039 0)
(3.85418 -0.0684054 0)
(3.86002 -0.0740011 0)
(3.86921 -0.081072 0)
(3.87712 -0.0837184 0)
(3.88559 -0.0805062 0)
(3.89371 -0.0734626 0)
(3.90038 -0.0677971 0)
(3.90209 -0.0729634 0)
(3.89522 -0.0817452 0)
(3.89544 -0.081409 0)
(3.90733 -0.0791747 0)
(3.9173 -0.0749008 0)
(3.92867 -0.0728249 0)
(3.94108 -0.0749837 0)
(3.95083 -0.0789288 0)
(3.95514 -0.0799128 0)
(3.95039 -0.0764986 0)
(3.93913 -0.0725164 0)
(3.9394 -0.0738326 0)
(3.94789 -0.0778418 0)
(3.9563 -0.0786042 0)
(3.96681 -0.0771761 0)
(3.97668 -0.0747227 0)
(3.98665 -0.0735093 0)
(3.99545 -0.0741425 0)
(3.99928 -0.0769584 0)
(3.99033 -0.0787893 0)
(3.9788 -0.0761506 0)
(3.98275 -0.0730063 0)
(3.99184 -0.073491 0)
(4.00263 -0.0755109 0)
(4.01259 -0.0765567 0)
(4.02138 -0.076621 0)
(4.02948 -0.0744608 0)
(4.03537 -0.0716051 0)
(4.03399 -0.0735758 0)
(4.02344 -0.0770005 0)
(4.024 -0.0756411 0)
(4.03201 -0.0736107 0)
(4.04026 -0.0725265 0)
(4.04945 -0.0724245 0)
(4.05809 -0.0735411 0)
(4.0633 -0.0752428 0)
(4.0597 -0.0759687 0)
(4.05049 -0.0737548 0)
(4.05199 -0.0710691 0)
(4.05962 -0.0710011 0)
(4.06885 -0.0725276 0)
(4.07756 -0.0741815 0)
(4.08489 -0.0754406 0)
(4.09085 -0.0744639 0)
(4.09446 -0.0694471 0)
(4.09304 -0.0670009 0)
(4.08671 -0.0720287 0)
(4.08438 -0.074142 0)
(4.09227 -0.0740263 0)
(4.09946 -0.0730514 0)
(4.10708 -0.0708522 0)
(4.11582 -0.0692767 0)
(4.12426 -0.069446 0)
(4.1296 -0.071259 0)
(4.12629 -0.0734172 0)
(4.11391 -0.072835 0)
(4.11254 -0.0697281 0)
(4.11861 -0.0678269 0)
(4.12657 -0.0675545 0)
(4.13605 -0.0696866 0)
(4.14427 -0.0730031 0)
(4.15054 -0.0741072 0)
(4.15585 -0.0712251 0)
(4.15913 -0.0659636 0)
(4.15797 -0.0623483 0)
(4.15186 -0.0667806 0)
(4.14745 -0.0730801 0)
(4.15085 -0.0724579 0)
(4.1577 -0.0715289 0)
(4.16373 -0.0680253 0)
(4.17019 -0.0645705 0)
(4.17789 -0.0656957 0)
(4.18276 -0.0697791 0)
(4.17997 -0.0720957 0)
(4.17317 -0.0696616 0)
(4.17516 -0.0660782 0)
(4.18115 -0.0652749 0)
(4.18853 -0.0660594 0)
(4.19584 -0.0676752 0)
(4.20154 -0.0694728 0)
(4.20401 -0.0706281 0)
(4.20054 -0.0695762 0)
(4.19413 -0.0649716 0)
(4.19401 -0.0620778 0)
(4.20148 -0.0651735 0)
(4.2086 -0.0697079 0)
(4.21394 -0.0710368 0)
(4.21961 -0.0686123 0)
(4.22448 -0.0647711 0)
(4.22938 -0.0623671 0)
(4.2309 -0.0645159 0)
(4.22396 -0.0693954 0)
(4.21738 -0.0695946 0)
(4.2226 -0.0686128 0)
(4.22798 -0.0669231 0)
(4.23327 -0.0639607 0)
(4.23981 -0.062566 0)
(4.24665 -0.0638492 0)
(4.25164 -0.0662516 0)
(4.25158 -0.0683777 0)
(4.24227 -0.0700483 0)
(4.24 -0.0659561 0)
(4.24399 -0.0627211 0)
(4.24952 -0.0615313 0)
(4.25691 -0.0623081 0)
(4.26341 -0.0643135 0)
(4.26775 -0.0674337 0)
(4.26746 -0.0707198 0)
(4.25997 -0.0682421 0)
(4.25648 -0.0613768 0)
(4.25982 -0.0588123 0)
(4.26588 -0.0593186 0)
(4.2739 -0.06213 0)
(4.28038 -0.065236 0)
(4.28532 -0.0678256 0)
(4.28844 -0.0690662 0)
(4.2878 -0.0680109 0)
(4.2824 -0.062919 0)
(4.27825 -0.0577168 0)
(4.28093 -0.0577841 0)
(4.28693 -0.0604288 0)
(4.29265 -0.0635344 0)
(4.2971 -0.0660243 0)
(4.30079 -0.0654363 0)
(4.30324 -0.0617486 0)
(4.30293 -0.0579607 0)
(4.29874 -0.0570528 0)
(4.29733 -0.059385 0)
(4.30181 -0.0623138 0)
(4.3061 -0.0642127 0)
(4.31043 -0.0645661 0)
(4.31519 -0.0628028 0)
(4.31956 -0.0596184 0)
(4.3227 -0.0558884 0)
(4.32169 -0.0542968 0)
(4.31749 -0.0593802 0)
(4.31557 -0.0651692 0)
(4.31734 -0.0643948 0)
(4.32328 -0.0633235 0)
(4.32821 -0.0596194 0)
(4.33327 -0.0560169 0)
(4.33957 -0.0534568 0)
(4.34423 -0.0559711 0)
(4.34138 -0.0609182 0)
(4.33294 -0.0622245 0)
(4.3353 -0.061302 0)
(4.3401 -0.0604225 0)
(4.34435 -0.0579197 0)
(4.34969 -0.0559624 0)
(4.35611 -0.0557906 0)
(4.36168 -0.0570322 0)
(4.36343 -0.0584429 0)
(4.35628 -0.0604792 0)
(4.35144 -0.0594027 0)
(4.3548 -0.0568679 0)
(4.35849 -0.0551887 0)
(4.36409 -0.0543916 0)
(4.37094 -0.0561969 0)
(4.37603 -0.0573758 0)
(4.37938 -0.0565077 0)
(4.38017 -0.0548351 0)
(4.37708 -0.0541893 0)
(4.37406 -0.0536405 0)
(4.37718 -0.053712 0)
(4.38188 -0.054616 0)
(4.38635 -0.0549022 0)
(4.391 -0.0537642 0)
(4.39524 -0.052049 0)
(4.39788 -0.0517592 0)
(4.39649 -0.0536192 0)
(4.39302 -0.0560643 0)
(4.39451 -0.0557416 0)
(4.39905 -0.053579 0)
(4.40434 -0.0522138 0)
(4.41067 -0.0533217 0)
(4.4161 -0.0552272 0)
(4.41886 -0.0555962 0)
(4.41687 -0.0561205 0)
(4.40994 -0.0571619 0)
(4.40725 -0.0564741 0)
(4.41053 -0.0560895 0)
(4.41467 -0.0567533 0)
(4.41892 -0.0577256 0)
(4.42296 -0.0586418 0)
(4.42702 -0.057986 0)
(4.43074 -0.0550877 0)
(4.43307 -0.05241 0)
(4.43151 -0.0521422 0)
(4.42577 -0.0554835 0)
(4.424 -0.0601018 0)
(4.42614 -0.0608029 0)
(4.43047 -0.0590058 0)
(4.43469 -0.0571946 0)
(4.43915 -0.0562282 0)
(4.44376 -0.0561949 0)
(4.44795 -0.0567028 0)
(4.45067 -0.0575661 0)
(4.44718 -0.0582484 0)
(4.43696 -0.0582285 0)
(4.43566 -0.0567249 0)
(4.43755 -0.0550501 0)
(4.44017 -0.0538282 0)
(4.44471 -0.0539529 0)
(4.44908 -0.0567389 0)
(4.45517 -0.0572016 0)
)
;

boundaryField
{
    inlet
    {
        type            fixedValue;
        value           nonuniform 0();
    }
    outlet
    {
        type            inletOutlet;
        inletValue      uniform (5 0 0);
        value           nonuniform List<vector> 
16
(
(3.45937 0.348111 0)
(3.53046 0.376927 0)
(3.60789 0.418835 0)
(3.68921 0.457419 0)
(3.76496 0.501976 0)
(3.83214 0.544766 0)
(3.88777 0.588383 0)
(3.93256 0.628623 0)
(3.95841 0.680018 0)
(3.96713 0.735211 0)
(3.97235 0.776716 0)
(4.02766 0.773585 0)
(4.14915 0.553077 0)
(4.37111 0.0931514 0)
(4.46977 -0.0550795 0)
(4.45517 -0.0572016 0)
)
;
    }
    bottom
    {
        type            symmetryPlane;
    }
    top
    {
        type            symmetryPlane;
    }
    obstacle
    {
        type            slip;
    }
    defaultFaces
    {
        type            empty;
    }
    procBoundary3to1
    {
        type            processor;
        value           nonuniform List<vector> 
288
(
(3.88948 0.364034 0)
(3.89706 0.359657 0)
(3.90276 0.369112 0)
(3.90416 0.374792 0)
(3.91861 0.357157 0)
(3.93122 0.322978 0)
(3.93253 0.296783 0)
(3.93362 0.293509 0)
(3.93407 0.301551 0)
(3.93413 0.301181 0)
(3.94882 0.291781 0)
(3.96425 0.273869 0)
(3.97092 0.24779 0)
(3.97704 0.238248 0)
(3.98322 0.239839 0)
(3.98458 0.239533 0)
(3.97715 0.229657 0)
(3.98509 0.213614 0)
(3.99451 0.196945 0)
(3.99989 0.181558 0)
(4.00886 0.180774 0)
(4.01612 0.18732 0)
(4.02287 0.187216 0)
(4.03286 0.168964 0)
(4.03548 0.142774 0)
(4.03398 0.127228 0)
(4.03445 0.127276 0)
(4.03363 0.128868 0)
(4.04252 0.122464 0)
(4.05616 0.114271 0)
(4.06458 0.0985071 0)
(4.06968 0.087888 0)
(4.07558 0.0826058 0)
(4.08062 0.0799449 0)
(4.07841 0.0764289 0)
(4.07246 0.0636679 0)
(4.08077 0.0468777 0)
(4.08543 0.033016 0)
(4.0906 0.0289477 0)
(4.09768 0.0322037 0)
(4.10602 0.0309869 0)
(4.11763 0.017599 0)
(4.12189 -0.0010592 0)
(4.12057 -0.011389 0)
(4.11442 -0.016997 0)
(4.11042 -0.0253537 0)
(4.12243 -0.0296755 0)
(4.1322 -0.0340164 0)
(4.14135 -0.0490083 0)
(4.14566 -0.0563082 0)
(4.15154 -0.0645832 0)
(4.14389 -0.0854676 0)
(4.11276 -0.141232 0)
(4.0611 -0.209184 0)
(3.92961 -0.358049 0)
(3.74676 -0.572028 0)
(3.61909 -0.691704 0)
(3.35757 -0.939499 0)
(3.18633 -1.12807 0)
(3.11052 -1.15829 0)
(3.00053 -1.22767 0)
(2.94666 -1.32531 0)
(2.92217 -1.3219 0)
(2.9312 -1.31353 0)
(2.95688 -1.30645 0)
(2.97591 -1.30579 0)
(3.00041 -1.31054 0)
(3.01768 -1.3095 0)
(3.02973 -1.29774 0)
(3.03846 -1.28774 0)
(3.0555 -1.28936 0)
(3.069 -1.29336 0)
(3.08138 -1.29046 0)
(3.09075 -1.28466 0)
(3.09694 -1.28655 0)
(3.09735 -1.29536 0)
(3.09639 -1.30513 0)
(3.10133 -1.30921 0)
(3.10825 -1.31078 0)
(3.11861 -1.31026 0)
(3.12847 -1.31003 0)
(3.13817 -1.31172 0)
(3.14769 -1.31392 0)
(3.15619 -1.3153 0)
(3.16353 -1.3141 0)
(3.17575 -1.31147 0)
(3.18884 -1.30809 0)
(3.20146 -1.30386 0)
(3.21427 -1.29821 0)
(3.22485 -1.29397 0)
(3.23278 -1.29213 0)
(3.23988 -1.28741 0)
(3.25076 -1.28426 0)
(3.26183 -1.28073 0)
(3.27174 -1.27591 0)
(3.27922 -1.27344 0)
(3.28376 -1.2696 0)
(3.28788 -1.26591 0)
(3.29419 -1.26612 0)
(3.30025 -1.26512 0)
(3.31004 -1.2628 0)
(3.3201 -1.25782 0)
(3.32433 -1.25597 0)
(3.32768 -1.253 0)
(3.3283 -1.24747 0)
(3.3313 -1.243 0)
(3.33686 -1.23969 0)
(3.34477 -1.23573 0)
(3.35859 -1.2287 0)
(3.36876 -1.2194 0)
(3.37544 -1.21274 0)
(3.37906 -1.20655 0)
(3.38238 -1.19866 0)
(3.38851 -1.18945 0)
(3.39666 -1.17946 0)
(3.40881 -1.17135 0)
(3.42509 -1.16042 0)
(3.435 -1.14785 0)
(3.43873 -1.1385 0)
(3.43889 -1.12709 0)
(3.44153 -1.11208 0)
(3.44649 -1.1072 0)
(3.45093 -1.10108 0)
(3.45591 -1.07954 0)
(3.46588 -1.05704 0)
(3.47529 -1.05094 0)
(3.48073 -1.04111 0)
(3.47874 -1.02276 0)
(3.48251 -1.00901 0)
(3.48745 -0.99905 0)
(3.48837 -0.978007 0)
(3.49476 -0.958728 0)
(3.50298 -0.952105 0)
(3.51229 -0.942168 0)
(3.51467 -0.921422 0)
(3.51983 -0.903477 0)
(3.52658 -0.900315 0)
(3.52792 -0.888546 0)
(3.52995 -0.867607 0)
(3.53626 -0.860078 0)
(3.54155 -0.85305 0)
(3.54918 -0.840059 0)
(3.55597 -0.824748 0)
(3.56512 -0.817505 0)
(3.57507 -0.808386 0)
(3.57843 -0.798652 0)
(3.58006 -0.787862 0)
(3.58393 -0.777029 0)
(3.58729 -0.770944 0)
(3.59302 -0.766822 0)
(3.59954 -0.757498 0)
(3.60204 -0.747904 0)
(3.60584 -0.744868 0)
(3.60916 -0.742093 0)
(3.61073 -0.740111 0)
(3.61326 -0.733354 0)
(3.61619 -0.726907 0)
(3.62005 -0.725861 0)
(3.62728 -0.722792 0)
(3.63119 -0.716975 0)
(3.63458 -0.711072 0)
(3.64002 -0.708316 0)
(3.64629 -0.705449 0)
(3.65395 -0.699627 0)
(3.65937 -0.693753 0)
(3.66887 -0.683618 0)
(3.67669 -0.675144 0)
(3.6819 -0.668381 0)
(3.68608 -0.657748 0)
(3.68588 -0.638856 0)
(3.6829 -0.614862 0)
(3.67599 -0.594415 0)
(3.65827 -0.555542 0)
(3.63277 -0.490224 0)
(3.6125 -0.450336 0)
(3.57534 -0.392076 0)
(3.53813 -0.319677 0)
(3.51841 -0.277415 0)
(3.47417 -0.191366 0)
(3.4398 -0.100047 0)
(3.42024 -0.0763609 0)
(3.40307 -0.0470651 0)
(3.3653 0.0193954 0)
(3.3432 0.0898842 0)
(3.32809 0.110974 0)
(3.31425 0.115879 0)
(3.30336 0.139294 0)
(3.28891 0.173733 0)
(3.27899 0.210351 0)
(3.26763 0.213336 0)
(3.2639 0.216218 0)
(3.26195 0.228852 0)
(3.255 0.250168 0)
(3.24989 0.258785 0)
(3.24591 0.259108 0)
(3.24957 0.264754 0)
(3.25127 0.272447 0)
(3.25329 0.277573 0)
(3.25663 0.284255 0)
(3.25923 0.286842 0)
(3.26168 0.283982 0)
(3.26489 0.282859 0)
(3.26921 0.282873 0)
(3.27286 0.280602 0)
(3.27479 0.274179 0)
(3.27588 0.266265 0)
(3.27666 0.26461 0)
(3.27659 0.266209 0)
(3.27867 0.263881 0)
(3.28133 0.257972 0)
(3.28431 0.257857 0)
(3.28756 0.261289 0)
(3.29078 0.260728 0)
(3.29256 0.258294 0)
(3.29335 0.260544 0)
(3.29315 0.265832 0)
(3.29301 0.267537 0)
(3.29335 0.265834 0)
(3.29323 0.265613 0)
(3.29426 0.268919 0)
(3.29548 0.273637 0)
(3.29652 0.275596 0)
(3.29778 0.273751 0)
(3.29909 0.273362 0)
(3.30117 0.276813 0)
(3.30252 0.280809 0)
(3.30321 0.28322 0)
(3.30421 0.284127 0)
(3.30606 0.283169 0)
(3.30745 0.28148 0)
(3.30823 0.28232 0)
(3.30973 0.285764 0)
(3.31165 0.288733 0)
(3.3139 0.287839 0)
(3.31546 0.283497 0)
(3.31599 0.281151 0)
(3.31768 0.284543 0)
(3.31887 0.290523 0)
(3.31963 0.292072 0)
(3.32163 0.287669 0)
(3.32306 0.284364 0)
(3.32569 0.286467 0)
(3.32778 0.29026 0)
(3.32918 0.290404 0)
(3.32951 0.288887 0)
(3.32982 0.290998 0)
(3.33014 0.294761 0)
(3.3316 0.294656 0)
(3.33384 0.291193 0)
(3.33537 0.289631 0)
(3.33841 0.292704 0)
(3.34136 0.29772 0)
(3.34364 0.300083 0)
(3.3448 0.297266 0)
(3.34375 0.294757 0)
(3.34397 0.298238 0)
(3.34543 0.303283 0)
(3.34843 0.303904 0)
(3.35193 0.300195 0)
(3.35356 0.297404 0)
(3.35601 0.299603 0)
(3.35854 0.304649 0)
(3.35995 0.307218 0)
(3.36021 0.304048 0)
(3.35911 0.300742 0)
(3.36043 0.302944 0)
(3.36309 0.306834 0)
(3.36641 0.307427 0)
(3.36994 0.303595 0)
(3.37126 0.299663 0)
(3.37245 0.300902 0)
(3.37347 0.305629 0)
(3.3734 0.308542 0)
(3.37384 0.30603 0)
(3.3746 0.302526 0)
(3.37688 0.303005 0)
(3.38064 0.306684 0)
(3.38367 0.309848 0)
(3.38609 0.30896 0)
(3.38694 0.305641 0)
(3.38682 0.30518 0)
(3.38716 0.309451 0)
(3.38705 0.313954 0)
(3.38879 0.313153 0)
(3.39104 0.309728 0)
(3.39381 0.309674 0)
(3.39738 0.31242 0)
(3.40179 0.313738 0)
)
;
    }
    procBoundary3to2
    {
        type            processor;
        value           nonuniform List<vector> 
16
(
(3.85035 0.460878 0)
(3.81709 0.562603 0)
(3.8086 0.625532 0)
(3.7895 0.678789 0)
(3.76322 0.780312 0)
(3.76346 0.809804 0)
(3.75231 0.884029 0)
(3.74721 0.960937 0)
(3.74694 1.02558 0)
(3.75232 1.07369 0)
(3.75727 1.1213 0)
(3.73285 1.17526 0)
(3.42174 0.549996 0)
(3.18931 -0.162434 0)
(2.9326 -0.530629 0)
(3.10591 -0.127188 0)
)
;
    }
}


// ************************************************************************* //
