/*--------------------------------*- C++ -*----------------------------------*\
  =========                 |
  \\      /  F ield         | OpenFOAM: The Open Source CFD Toolbox
   \\    /   O peration     | Website:  https://openfoam.org
    \\  /    A nd           | Version:  7
     \\/     M anipulation  |
\*---------------------------------------------------------------------------*/
FoamFile
{
    version     2.0;
    format      ascii;
    class       volScalarField;
    location    "2.8";
    object      rho;
}
// * * * * * * * * * * * * * * * * * * * * * * * * * * * * * * * * * * * * * //

dimensions      [1 -3 0 0 0 0 0];

internalField   nonuniform List<scalar> 
18432
(
1.40001
1.40001
1.40001
1.40001
1.40001
1.40001
1.40001
1.40001
1.40001
1.40001
1.40001
1.40001
1.40001
1.40001
1.40001
1.40001
1.40001
1.40001
1.40001
1.40001
1.40001
1.40001
1.40001
1.40001
1.40001
1.40001
1.40001
1.40001
1.40001
1.40001
1.40001
1.40001
1.40001
1.40001
1.40001
1.40001
1.40001
1.40001
1.40001
1.40001
1.40001
1.40001
1.40001
1.40001
1.40001
1.40001
1.40001
1.40001
1.40001
1.40001
1.40001
1.40001
1.40001
1.40001
1.40001
1.40001
1.40001
1.40001
1.40001
2.86972
6.62026
7.01994
7.02606
7.05521
7.08755
7.12283
7.15917
7.19541
7.22962
7.26003
7.28487
7.30272
7.31482
7.32569
7.34039
7.36062
7.3833
7.40541
7.42583
7.44209
7.45346
7.46238
7.47185
7.48293
7.49496
7.50715
7.51876
7.52919
7.53821
7.54587
7.55225
7.55751
7.56178
7.56505
7.56754
7.56947
1.40001
1.40001
1.40001
1.40001
1.40001
1.40001
1.40001
1.40001
1.40001
1.40001
1.40001
1.40001
1.40001
1.40001
1.40001
1.40001
1.40001
1.40001
1.40001
1.40001
1.40001
1.40001
1.40001
1.40001
1.40001
1.40001
1.40001
1.40001
1.40001
1.40001
1.40001
1.40001
1.40001
1.40001
1.40001
1.40001
1.40001
1.40001
1.40001
1.40001
1.40001
1.40001
1.40001
1.40001
1.40001
1.40001
1.40001
1.40001
1.40001
1.40001
1.40001
1.40001
1.40001
1.40001
1.40001
1.40001
1.40001
1.40001
1.40001
2.84338
6.59404
7.01618
7.02626
7.05613
7.0884
7.1234
7.15947
7.19557
7.22978
7.26027
7.28516
7.30293
7.31483
7.32549
7.34009
7.36034
7.38314
7.40536
7.42579
7.44191
7.45309
7.46181
7.47113
7.48209
7.49404
7.50617
7.51767
7.52793
7.53677
7.54427
7.55057
7.55581
7.56008
7.56335
7.56584
7.56778
1.40001
1.40001
1.40001
1.40001
1.40001
1.40001
1.40001
1.40001
1.40001
1.40001
1.40001
1.40001
1.40001
1.40001
1.40001
1.40001
1.40001
1.40001
1.40001
1.40001
1.40001
1.40001
1.40001
1.40001
1.40001
1.40001
1.40001
1.40001
1.40001
1.40001
1.40001
1.40001
1.40001
1.40001
1.40001
1.40001
1.40001
1.40001
1.40001
1.40001
1.40001
1.40001
1.40001
1.40001
1.40001
1.40001
1.40001
1.40001
1.40001
1.40001
1.40001
1.40001
1.40001
1.40001
1.40001
1.40001
1.40001
1.40001
1.40001
2.78664
6.56174
7.0119
7.0245
7.05552
7.08786
7.12263
7.15836
7.19424
7.2284
7.25891
7.28375
7.30139
7.31306
7.32351
7.3381
7.35852
7.38154
7.40399
7.42451
7.44052
7.45154
7.46018
7.46949
7.48046
7.49242
7.50451
7.51589
7.52591
7.53448
7.54174
7.54789
7.55305
7.55727
7.56051
7.56295
7.56484
1.40001
1.40001
1.40001
1.40001
1.40001
1.40001
1.40001
1.40001
1.40001
1.40001
1.40001
1.40001
1.40001
1.40001
1.40001
1.40001
1.40001
1.40001
1.40001
1.40001
1.40001
1.40001
1.40001
1.40001
1.40001
1.40001
1.40001
1.40001
1.40001
1.40001
1.40001
1.40001
1.40001
1.40001
1.40001
1.40001
1.40001
1.40001
1.40001
1.40001
1.40001
1.40001
1.40001
1.40001
1.40001
1.40001
1.40001
1.40001
1.40001
1.40001
1.40001
1.40001
1.40001
1.40001
1.40001
1.40001
1.40001
1.40001
1.40001
2.70199
6.52715
7.01474
7.02631
7.05702
7.08869
7.12286
7.15808
7.19362
7.22762
7.25812
7.28293
7.30046
7.31191
7.32217
7.33669
7.35723
7.38041
7.40297
7.42339
7.43899
7.44956
7.45791
7.46712
7.47808
7.49001
7.50198
7.51309
7.52275
7.53097
7.53799
7.54401
7.5491
7.55327
7.55646
7.55883
7.56066
1.40001
1.40001
1.40001
1.40001
1.40001
1.40001
1.40001
1.40001
1.40001
1.40001
1.40001
1.40001
1.40001
1.40001
1.40001
1.40001
1.40001
1.40001
1.40001
1.40001
1.40001
1.40001
1.40001
1.40001
1.40001
1.40001
1.40001
1.40001
1.40001
1.40001
1.40001
1.40001
1.40001
1.40001
1.40001
1.40001
1.40001
1.40001
1.40001
1.40001
1.40001
1.40001
1.40001
1.40001
1.40001
1.40001
1.40001
1.40001
1.40001
1.40001
1.40001
1.40001
1.40001
1.40001
1.40001
1.40001
1.40001
1.40001
1.40001
2.5864
6.48214
7.02512
7.03097
7.05912
7.08905
7.12243
7.15709
7.19229
7.22614
7.25666
7.28151
7.29904
7.31037
7.32039
7.3347
7.35518
7.37849
7.40117
7.42148
7.43675
7.44697
7.45512
7.46434
7.47535
7.48725
7.49898
7.50962
7.51874
7.52648
7.53318
7.53903
7.54402
7.5481
7.55121
7.5535
7.55527
1.40001
1.40001
1.40001
1.40001
1.40001
1.40001
1.40001
1.40001
1.40001
1.40001
1.40001
1.40001
1.40001
1.40001
1.40001
1.40001
1.40001
1.40001
1.40001
1.40001
1.40001
1.40001
1.40001
1.40001
1.40001
1.40001
1.40001
1.40001
1.40001
1.40001
1.40001
1.40001
1.40001
1.40001
1.40001
1.40001
1.40001
1.40001
1.40001
1.40001
1.40001
1.40001
1.40001
1.40001
1.40001
1.40001
1.40001
1.40001
1.40001
1.40001
1.40001
1.40001
1.40001
1.40001
1.40001
1.40001
1.40001
1.40001
1.40001
2.44674
6.40833
7.03502
7.0359
7.06092
7.08841
7.12085
7.15513
7.19021
7.22402
7.25462
7.27964
7.2974
7.30881
7.31859
7.33246
7.35261
7.37589
7.39861
7.41882
7.43386
7.44384
7.45184
7.46103
7.47206
7.48389
7.49533
7.50548
7.51403
7.52127
7.5276
7.5332
7.53798
7.54188
7.54485
7.54704
7.54878
1.40001
1.40001
1.40001
1.40001
1.40001
1.40001
1.40001
1.40001
1.40001
1.40001
1.40001
1.40001
1.40001
1.40001
1.40001
1.40001
1.40001
1.40001
1.40001
1.40001
1.40001
1.40001
1.40001
1.40001
1.40001
1.40001
1.40001
1.40001
1.40001
1.40001
1.40001
1.40001
1.40001
1.40001
1.40001
1.40001
1.40001
1.40001
1.40001
1.40001
1.40001
1.40001
1.40001
1.40001
1.40001
1.40001
1.40001
1.40001
1.40001
1.40001
1.40001
1.40001
1.40001
1.40001
1.40001
1.40001
1.40001
1.40001
1.40001
2.29912
6.30414
7.0389
7.03941
7.06298
7.08789
7.11925
7.15307
7.188
7.22162
7.25213
7.27722
7.29523
7.30684
7.31652
7.32994
7.34956
7.37257
7.3952
7.41524
7.43022
7.44016
7.44812
7.45726
7.46822
7.47988
7.49096
7.50061
7.50865
7.51547
7.52145
7.52672
7.53116
7.53473
7.53748
7.53953
7.54122
1.40001
1.40001
1.40001
1.40001
1.40001
1.40001
1.40001
1.40001
1.40001
1.40001
1.40001
1.40001
1.40001
1.40001
1.40001
1.40001
1.40001
1.40001
1.40001
1.40001
1.40001
1.40001
1.40001
1.40001
1.40001
1.40001
1.40001
1.40001
1.40001
1.40001
1.40001
1.40001
1.40001
1.40001
1.40001
1.40001
1.40001
1.40001
1.40001
1.40001
1.40001
1.40001
1.40001
1.40001
1.40001
1.40001
1.40001
1.40001
1.40001
1.40001
1.40001
1.40001
1.40001
1.40001
1.40001
1.40001
1.40001
1.40001
1.40001
2.13936
6.1719
7.04069
7.03876
7.0644
7.08801
7.11809
7.15056
7.18432
7.21694
7.2467
7.27163
7.2905
7.3035
7.31414
7.32751
7.34633
7.36859
7.39068
7.41031
7.4253
7.43547
7.44359
7.45269
7.4635
7.47489
7.48558
7.4948
7.50245
7.50894
7.51462
7.51955
7.52359
7.52676
7.52926
7.53115
7.5328
1.40001
1.40001
1.40001
1.40001
1.40001
1.40001
1.40001
1.40001
1.40001
1.40001
1.40001
1.40001
1.40001
1.40001
1.40001
1.40001
1.40001
1.40001
1.40001
1.40001
1.40001
1.40001
1.40001
1.40001
1.40001
1.40001
1.40001
1.40001
1.40001
1.40001
1.40001
1.40001
1.40001
1.40001
1.40001
1.40001
1.40001
1.40001
1.40001
1.40001
1.40001
1.40001
1.40001
1.40001
1.40001
1.40001
1.40001
1.40001
1.40001
1.40001
1.40001
1.40001
1.40001
1.40001
1.40001
1.40001
1.40001
1.40001
1.40001
1.96957
6.00558
7.04619
7.04064
7.066
7.08734
7.11548
7.14646
7.17882
7.21044
7.24016
7.2659
7.28613
7.30033
7.3113
7.32394
7.34137
7.36249
7.38414
7.40384
7.41937
7.43018
7.43856
7.44746
7.45784
7.46877
7.47905
7.48793
7.49531
7.50158
7.50697
7.51154
7.51516
7.51792
7.52017
7.5219
7.52351
1.40001
1.40001
1.40001
1.40001
1.40001
1.40001
1.40001
1.40001
1.40001
1.40001
1.40001
1.40001
1.40001
1.40001
1.40001
1.40001
1.40001
1.40001
1.40001
1.40001
1.40001
1.40001
1.40001
1.40001
1.40001
1.40001
1.40001
1.40001
1.40001
1.40001
1.40001
1.40001
1.40001
1.40001
1.40001
1.40001
1.40001
1.40001
1.40001
1.40001
1.40001
1.40001
1.40001
1.40001
1.40001
1.40001
1.40001
1.40001
1.40001
1.40001
1.40001
1.40001
1.40001
1.40001
1.40001
1.40001
1.40001
1.40001
1.40001
1.80535
5.81555
7.05321
7.03915
7.06693
7.08644
7.11237
7.1416
7.17288
7.20386
7.23312
7.25869
7.27951
7.29497
7.30695
7.31957
7.33622
7.35663
7.37791
7.39732
7.41285
7.42386
7.43223
7.4408
7.45076
7.46135
7.47135
7.48004
7.48726
7.49332
7.4984
7.50257
7.50579
7.50817
7.5102
7.51179
7.51335
1.40001
1.40001
1.40001
1.40001
1.40001
1.40001
1.40001
1.40001
1.40001
1.40001
1.40001
1.40001
1.40001
1.40001
1.40001
1.40001
1.40001
1.40001
1.40001
1.40001
1.40001
1.40001
1.40001
1.40001
1.40001
1.40001
1.40001
1.40001
1.40001
1.40001
1.40001
1.40001
1.40001
1.40001
1.40001
1.40001
1.40001
1.40001
1.40001
1.40001
1.40001
1.40001
1.40001
1.40001
1.40001
1.40001
1.40001
1.40001
1.40001
1.40001
1.40001
1.40001
1.40001
1.40001
1.40001
1.40001
1.40001
1.40001
1.40001
1.65535
5.60301
7.05387
7.03333
7.06146
7.08265
7.10901
7.13717
7.16661
7.1959
7.22404
7.24935
7.27098
7.2881
7.30178
7.31516
7.33126
7.35043
7.37059
7.38928
7.40471
7.41609
7.42479
7.43326
7.4428
7.45289
7.46247
7.47088
7.47792
7.48379
7.48863
7.49248
7.49539
7.49746
7.4993
7.50074
7.50221
1.40001
1.40001
1.40001
1.40001
1.40001
1.40001
1.40001
1.40001
1.40001
1.40001
1.40001
1.40001
1.40001
1.40001
1.40001
1.40001
1.40001
1.40001
1.40001
1.40001
1.40001
1.40001
1.40001
1.40001
1.40001
1.40001
1.40001
1.40001
1.40001
1.40001
1.40001
1.40001
1.40001
1.40001
1.40001
1.40001
1.40001
1.40001
1.40001
1.40001
1.40001
1.40001
1.40001
1.40001
1.40001
1.40001
1.40001
1.40001
1.40001
1.40001
1.40001
1.40001
1.40001
1.40001
1.40001
1.40001
1.40001
1.40001
1.40001
1.5138
5.35876
7.02434
7.02079
7.05102
7.07576
7.10235
7.12926
7.15739
7.18546
7.2127
7.23787
7.26045
7.27952
7.29522
7.30953
7.32515
7.34313
7.36226
7.38038
7.39579
7.40753
7.41642
7.42458
7.43349
7.44299
7.45221
7.46047
7.46745
7.4732
7.4778
7.48133
7.48393
7.4857
7.48731
7.48854
7.48986
1.40001
1.40001
1.40001
1.40001
1.40001
1.40001
1.40001
1.40001
1.40001
1.40001
1.40001
1.40001
1.40001
1.40001
1.40001
1.40001
1.40001
1.40001
1.40001
1.40001
1.40001
1.40001
1.40001
1.40001
1.40001
1.40001
1.40001
1.40001
1.40001
1.40001
1.40001
1.40001
1.40001
1.40001
1.40001
1.40001
1.40001
1.40001
1.40001
1.40001
1.40001
1.40001
1.40001
1.40001
1.40001
1.40001
1.40001
1.40001
1.40001
1.40001
1.40001
1.40001
1.40001
1.40001
1.40001
1.40001
1.40001
1.40001
1.40001
1.40414
5.072
6.96052
6.99573
7.02896
7.05883
7.08807
7.11653
7.1447
7.17188
7.19874
7.22439
7.24802
7.26867
7.28631
7.30192
7.31763
7.33485
7.35313
7.37069
7.38589
7.39771
7.40662
7.41447
7.42284
7.43184
7.44074
7.4488
7.4556
7.46114
7.46546
7.46873
7.47115
7.47271
7.47414
7.47514
7.47631
1.40001
1.40001
1.40001
1.40001
1.40001
1.40001
1.40001
1.40001
1.40001
1.40001
1.40001
1.40001
1.40001
1.40001
1.40001
1.40001
1.40001
1.40001
1.40001
1.40001
1.40001
1.40001
1.40001
1.40001
1.40001
1.40001
1.40001
1.40001
1.40001
1.40001
1.40001
1.40001
1.40001
1.40001
1.40001
1.40001
1.40001
1.40001
1.40001
1.40001
1.40001
1.40001
1.40001
1.40001
1.40001
1.40001
1.40001
1.40001
1.40001
1.40001
1.40001
1.40001
1.40001
1.40001
1.40001
1.40001
1.40001
1.40001
1.40001
1.40002
4.71852
6.88466
6.9614
7.00267
7.03849
7.06897
7.0988
7.12782
7.15578
7.18309
7.20873
7.23299
7.2551
7.27469
7.2919
7.30819
7.32504
7.34259
7.35956
7.37447
7.38634
7.39538
7.40309
7.41106
7.41959
7.4281
7.43585
7.44237
7.44763
7.45171
7.45478
7.45707
7.4584
7.4596
7.46024
7.46118
1.40001
1.40001
1.40001
1.40001
1.40001
1.40001
1.40001
1.40001
1.40001
1.40001
1.40001
1.40001
1.40001
1.40001
1.40001
1.40001
1.40001
1.40001
1.40001
1.40001
1.40001
1.40001
1.40001
1.40001
1.40001
1.40001
1.40001
1.40001
1.40001
1.40001
1.40001
1.40001
1.40001
1.40001
1.40001
1.40001
1.40001
1.40001
1.40001
1.40001
1.40001
1.40001
1.40001
1.40001
1.40001
1.40001
1.40001
1.40001
1.40001
1.40001
1.40001
1.40001
1.40001
1.40001
1.40001
1.40001
1.40001
1.40001
1.40001
1.40001
4.30514
6.82175
6.93306
6.97618
7.01695
7.05134
7.08189
7.11015
7.13725
7.16428
7.19063
7.21557
7.23837
7.25949
7.27841
7.29575
7.31275
7.32991
7.34654
7.36134
7.37338
7.38264
7.39032
7.39791
7.40593
7.41394
7.42126
7.4274
7.43235
7.4362
7.43916
7.44139
7.44256
7.44355
7.44384
7.44457
1.40001
1.40001
1.40001
1.40001
1.40001
1.40001
1.40001
1.40001
1.40001
1.40001
1.40001
1.40001
1.40001
1.40001
1.40001
1.40001
1.40001
1.40001
1.40001
1.40001
1.40001
1.40001
1.40001
1.40001
1.40001
1.40001
1.40001
1.40001
1.40001
1.40001
1.40001
1.40001
1.40001
1.40001
1.40001
1.40001
1.40001
1.40001
1.40001
1.40001
1.40001
1.40001
1.40001
1.40001
1.40001
1.40001
1.40001
1.40001
1.40001
1.40001
1.40001
1.40001
1.40001
1.40001
1.40001
1.40001
1.40001
1.40001
1.40001
1.40001
3.86053
6.77394
6.91683
6.96194
6.99902
7.03201
7.06417
7.09379
7.12126
7.14725
7.1723
7.1963
7.21945
7.24125
7.26152
7.28012
7.29773
7.31495
7.33153
7.34639
7.35866
7.36819
7.37592
7.38326
7.39084
7.39837
7.40523
7.41093
7.41551
7.41908
7.42186
7.42396
7.42489
7.42562
7.42546
7.426
1.40001
1.40001
1.40001
1.40001
1.40001
1.40001
1.40001
1.40001
1.40001
1.40001
1.40001
1.40001
1.40001
1.40001
1.40001
1.40001
1.40001
1.40001
1.40001
1.40001
1.40001
1.40001
1.40001
1.40001
1.40001
1.40001
1.40001
1.40001
1.40001
1.40001
1.40001
1.40001
1.40001
1.40001
1.40001
1.40001
1.40001
1.40001
1.40001
1.40001
1.40001
1.40001
1.40001
1.40001
1.40001
1.40001
1.40001
1.40001
1.40001
1.40001
1.40001
1.40001
1.40001
1.40001
1.40001
1.40001
1.40001
1.40001
1.40001
1.40001
3.3817
6.69816
6.92549
6.95769
6.99077
7.02255
7.05107
7.07749
7.10396
7.12999
7.15475
7.17785
7.19977
7.2214
7.24192
7.26131
7.27962
7.29716
7.31398
7.32912
7.34176
7.35167
7.3596
7.36681
7.374
7.38101
7.3873
7.39247
7.3966
7.39985
7.40246
7.40444
7.40514
7.40572
7.40529
7.40577
1.40001
1.40001
1.40001
1.40001
1.40001
1.40001
1.40001
1.40001
1.40001
1.40001
1.40001
1.40001
1.40001
1.40001
1.40001
1.40001
1.40001
1.40001
1.40001
1.40001
1.40001
1.40001
1.40001
1.40001
1.40001
1.40001
1.40001
1.40001
1.40001
1.40001
1.40001
1.40001
1.40001
1.40001
1.40001
1.40001
1.40001
1.40001
1.40001
1.40001
1.40001
1.40001
1.40001
1.40001
1.40001
1.40001
1.40001
1.40001
1.40001
1.40001
1.40001
1.40001
1.40001
1.40001
1.40001
1.40001
1.40001
1.40001
1.40001
1.40001
2.89712
6.5309
6.98099
6.98097
7.00278
7.0254
7.04893
7.07201
7.09337
7.11437
7.13633
7.15891
7.18037
7.20104
7.22135
7.24038
7.25882
7.27669
7.29385
7.3094
7.32253
7.33294
7.3412
7.34843
7.35535
7.36189
7.36763
7.37225
7.37589
7.37873
7.381
7.38264
7.38294
7.38327
7.38256
7.38295
1.40001
1.40001
1.40001
1.40001
1.40001
1.40001
1.40001
1.40001
1.40001
1.40001
1.40001
1.40001
1.40001
1.40001
1.40001
1.40001
1.40001
1.40001
1.40001
1.40001
1.40001
1.40001
1.40001
1.40001
1.40001
1.40001
1.40001
1.40001
1.40001
1.40001
1.40001
1.40001
1.40001
1.40001
1.40001
1.40001
1.40001
1.40001
1.40001
1.40001
1.40001
1.40001
1.40001
1.40001
1.40001
1.40001
1.40001
1.40001
1.40001
1.40001
1.40001
1.40001
1.40001
1.40001
1.40001
1.40001
1.40001
1.40001
1.40001
1.40001
2.40244
6.26716
7.04697
7.02823
7.04004
7.04568
7.05849
7.07364
7.08983
7.10718
7.12474
7.14214
7.16064
7.18009
7.19955
7.21871
7.2366
7.25387
7.27127
7.28715
7.30077
7.31171
7.32041
7.32777
7.33446
7.3405
7.34561
7.34959
7.35265
7.35501
7.35686
7.3581
7.35808
7.35829
7.35753
7.35798
1.40001
1.40001
1.40001
1.40001
1.40001
1.40001
1.40001
1.40001
1.40001
1.40001
1.40001
1.40001
1.40001
1.40001
1.40001
1.40001
1.40001
1.40001
1.40001
1.40001
1.40001
1.40001
1.40001
1.40001
1.40001
1.40001
1.40001
1.40001
1.40001
1.40001
1.40001
1.40001
1.40001
1.40001
1.40001
1.40001
1.40001
1.40001
1.40001
1.40001
1.40001
1.40001
1.40001
1.40001
1.40001
1.40001
1.40001
1.40001
1.40001
1.40001
1.40001
1.40001
1.40001
1.40001
1.40001
1.40001
1.40001
1.40001
1.40001
1.40001
1.8806
6.02192
7.14939
7.06433
7.07834
7.07693
7.08058
7.08659
7.09534
7.10536
7.11747
7.13156
7.14606
7.16111
7.1775
7.19526
7.21294
7.22995
7.24639
7.26245
7.27644
7.28792
7.29713
7.30472
7.31127
7.31687
7.32139
7.32477
7.32723
7.32895
7.33011
7.3307
7.33015
7.32998
7.32902
7.32943
1.40001
1.40001
1.40001
1.40001
1.40001
1.40001
1.40001
1.40001
1.40001
1.40001
1.40001
1.40001
1.40001
1.40001
1.40001
1.40001
1.40001
1.40001
1.40001
1.40001
1.40001
1.40001
1.40001
1.40001
1.40001
1.40001
1.40001
1.40001
1.40001
1.40001
1.40001
1.40001
1.40001
1.40001
1.40001
1.40001
1.40001
1.40001
1.40001
1.40001
1.40001
1.40001
1.40001
1.40001
1.40001
1.40001
1.40001
1.40001
1.40001
1.40001
1.40001
1.40001
1.40001
1.40001
1.40001
1.40001
1.40001
1.40001
1.40001
1.40001
1.44564
5.50321
7.1438
7.07394
7.07509
7.08372
7.09622
7.10253
7.1062
7.11137
7.11789
7.12562
7.13548
7.14701
7.15952
7.1731
7.18823
7.20391
7.22005
7.2354
7.24944
7.26137
7.27108
7.27892
7.28532
7.29042
7.29425
7.29686
7.29848
7.2994
7.29979
7.29973
7.2988
7.29842
7.29745
7.29793
1.40001
1.40001
1.40001
1.40001
1.40001
1.40001
1.40001
1.40001
1.40001
1.40001
1.40001
1.40001
1.40001
1.40001
1.40001
1.40001
1.40001
1.40001
1.40001
1.40001
1.40001
1.40001
1.40001
1.40001
1.40001
1.40001
1.40001
1.40001
1.40001
1.40001
1.40001
1.40001
1.40001
1.40001
1.40001
1.40001
1.40001
1.40001
1.40001
1.40001
1.40001
1.40001
1.40001
1.40001
1.40001
1.40001
1.40001
1.40001
1.40001
1.40001
1.40001
1.40001
1.40001
1.40001
1.40001
1.40001
1.40001
1.40001
1.40001
1.40001
1.39986
4.8931
6.95553
6.95827
7.01585
7.05694
7.08383
7.10325
7.11541
7.1198
7.123
7.12602
7.13032
7.13638
7.14441
7.15435
7.16556
7.178
7.19162
7.20646
7.22005
7.23201
7.24207
7.25017
7.25648
7.26115
7.26435
7.26622
7.26698
7.26699
7.26634
7.2652
7.26337
7.26231
7.26097
7.26119
1.40001
1.40001
1.40001
1.40001
1.40001
1.40001
1.40001
1.40001
1.40001
1.40001
1.40001
1.40001
1.40001
1.40001
1.40001
1.40001
1.40001
1.40001
1.40001
1.40001
1.40001
1.40001
1.40001
1.40001
1.40001
1.40001
1.40001
1.40001
1.40001
1.40001
1.40001
1.40001
1.40001
1.40001
1.40001
1.40001
1.40001
1.40001
1.40001
1.40001
1.40001
1.40001
1.40001
1.40001
1.40001
1.40001
1.40001
1.40001
1.40001
1.40001
1.40001
1.40001
1.40001
1.40001
1.40001
1.40001
1.40001
1.40001
1.40001
1.40001
1.39998
4.21907
6.76054
6.90802
6.97878
7.0252
7.06326
7.09164
7.10849
7.12191
7.12766
7.1296
7.13001
7.13105
7.13358
7.13815
7.14516
7.15381
7.16413
7.17605
7.18886
7.20026
7.21012
7.21818
7.22428
7.22844
7.23082
7.23163
7.23121
7.22991
7.228
7.22577
7.22322
7.22169
7.22015
7.22035
1.40001
1.40001
1.40001
1.40001
1.40001
1.40001
1.40001
1.40001
1.40001
1.40001
1.40001
1.40001
1.40001
1.40001
1.40001
1.40001
1.40001
1.40001
1.40001
1.40001
1.40001
1.40001
1.40001
1.40001
1.40001
1.40001
1.40001
1.40001
1.40001
1.40001
1.40001
1.40001
1.40001
1.40001
1.40001
1.40001
1.40001
1.40001
1.40001
1.40001
1.40001
1.40001
1.40001
1.40001
1.40001
1.40001
1.40001
1.40001
1.40001
1.40001
1.40001
1.40001
1.40001
1.40001
1.40001
1.40001
1.40001
1.40001
1.40001
1.40001
1.4
3.57044
6.56273
6.83548
6.92784
6.99414
7.03681
7.06773
7.09506
7.11167
7.12431
7.1302
7.13089
7.12891
7.12667
7.12572
7.12713
7.13124
7.13757
7.14632
7.15652
7.16673
7.1757
7.18319
7.18882
7.19228
7.19377
7.19357
7.19191
7.18924
7.18573
7.18178
7.17761
7.17465
7.17212
7.17159
1.40001
1.40001
1.40001
1.40001
1.40001
1.40001
1.40001
1.40001
1.40001
1.40001
1.40001
1.40001
1.40001
1.40001
1.40001
1.40001
1.40001
1.40001
1.40001
1.40001
1.40001
1.40001
1.40001
1.40001
1.40001
1.40001
1.40001
1.40001
1.40001
1.40001
1.40001
1.40001
1.40001
1.40001
1.40001
1.40001
1.40001
1.40001
1.40001
1.40001
1.40001
1.40001
1.40001
1.40001
1.40001
1.40001
1.40001
1.40001
1.40001
1.40001
1.40001
1.40001
1.40001
1.40001
1.40001
1.40001
1.40001
1.40001
1.40001
1.40001
1.40001
2.91919
6.33956
6.85897
6.93481
6.9804
7.01382
7.04276
7.06932
7.09215
7.11036
7.12218
7.12712
7.12572
7.12144
7.11606
7.11223
7.11089
7.11232
7.11693
7.12401
7.13139
7.13901
7.1452
7.14969
7.15216
7.15253
7.15075
7.14715
7.14225
7.13645
7.13048
7.12478
7.12072
7.11754
7.11678
1.40001
1.40001
1.40001
1.40001
1.40001
1.40001
1.40001
1.40001
1.40001
1.40001
1.40001
1.40001
1.40001
1.40001
1.40001
1.40001
1.40001
1.40001
1.40001
1.40001
1.40001
1.40001
1.40001
1.40001
1.40001
1.40001
1.40001
1.40001
1.40001
1.40001
1.40001
1.40001
1.40001
1.40001
1.40001
1.40001
1.40001
1.40001
1.40001
1.40001
1.40001
1.40001
1.40001
1.40001
1.40001
1.40001
1.40001
1.40001
1.40001
1.40001
1.40001
1.40001
1.40001
1.40001
1.40001
1.40001
1.40001
1.40001
1.40001
1.40001
1.40001
2.18347
6.07466
7.00097
6.96594
6.97809
6.99678
7.02227
7.04565
7.06774
7.0878
7.10534
7.11585
7.11888
7.11542
7.10865
7.10041
7.09356
7.08935
7.08889
7.09137
7.0954
7.10026
7.10461
7.10753
7.10848
7.10705
7.10334
7.09772
7.09055
7.08219
7.07338
7.06458
7.0572
7.05143
7.04887
1.40001
1.40001
1.40001
1.40001
1.40001
1.40001
1.40001
1.40001
1.40001
1.40001
1.40001
1.40001
1.40001
1.40001
1.40001
1.40001
1.40001
1.40001
1.40001
1.40001
1.40001
1.40001
1.40001
1.40001
1.40001
1.40001
1.40001
1.40001
1.40001
1.40001
1.40001
1.40001
1.40001
1.40001
1.40001
1.40001
1.40001
1.40001
1.40001
1.40001
1.40001
1.40001
1.40001
1.40001
1.40001
1.40001
1.40001
1.40001
1.40001
1.40001
1.40001
1.40001
1.40001
1.40001
1.40001
1.40001
1.40001
1.40001
1.40001
1.40001
1.40001
1.51737
5.55779
7.13491
7.02188
6.98968
6.99069
7.00407
7.02299
7.04436
7.06432
7.0808
7.09543
7.10324
7.10363
7.09806
7.08866
7.07786
7.06801
7.06184
7.05902
7.05876
7.05975
7.06129
7.06197
7.0606
7.05688
7.05057
7.04172
7.0306
7.01771
7.00445
6.99185
6.9816
6.97405
6.97104
1.40001
1.40001
1.40001
1.40001
1.40001
1.40001
1.40001
1.40001
1.40001
1.40001
1.40001
1.40001
1.40001
1.40001
1.40001
1.40001
1.40001
1.40001
1.40001
1.40001
1.40001
1.40001
1.40001
1.40001
1.40001
1.40001
1.40001
1.40001
1.40001
1.40001
1.40001
1.40001
1.40001
1.40001
1.40001
1.40001
1.40001
1.40001
1.40001
1.40001
1.40001
1.40001
1.40001
1.40001
1.40001
1.40001
1.40001
1.40001
1.40001
1.40001
1.40001
1.40001
1.40001
1.40001
1.40001
1.40001
1.40001
1.40001
1.40001
1.40001
1.40001
1.39975
4.79427
6.90483
6.92237
6.97154
6.98425
6.99922
7.01161
7.02526
7.04129
7.05742
7.07067
7.08141
7.08587
7.08373
7.07608
7.06358
7.04922
7.03663
7.0277
7.02199
7.01811
7.0156
7.01329
7.00906
7.00235
6.99244
6.97947
6.96394
6.94642
6.92799
6.90902
6.89116
6.87657
6.86797
1.40001
1.40001
1.40001
1.40001
1.40001
1.40001
1.40001
1.40001
1.40001
1.40001
1.40001
1.40001
1.40001
1.40001
1.40001
1.40001
1.40001
1.40001
1.40001
1.40001
1.40001
1.40001
1.40001
1.40001
1.40001
1.40001
1.40001
1.40001
1.40001
1.40001
1.40001
1.40001
1.40001
1.40001
1.40001
1.40001
1.40001
1.40001
1.40001
1.40001
1.40001
1.40001
1.40001
1.40001
1.40001
1.40001
1.40001
1.40001
1.40001
1.40001
1.40001
1.40001
1.40001
1.40001
1.40001
1.40001
1.40001
1.40001
1.40001
1.40001
1.40001
1.39996
3.88338
6.64711
6.87359
6.94845
6.98377
7.0045
7.01237
7.01604
7.02321
7.03376
7.0452
7.05518
7.06163
7.0626
7.05737
7.0463
7.03038
7.01306
6.99741
6.98567
6.97627
6.96812
6.96123
6.95312
6.94243
6.92827
6.91013
6.88776
6.86125
6.83217
6.80244
6.77562
6.75472
6.74399
1.40001
1.40001
1.40001
1.40001
1.40001
1.40001
1.40001
1.40001
1.40001
1.40001
1.40001
1.40001
1.40001
1.40001
1.40001
1.40001
1.40001
1.40001
1.40001
1.40001
1.40001
1.40001
1.40001
1.40001
1.40001
1.40001
1.40001
1.40001
1.40001
1.40001
1.40001
1.40001
1.40001
1.40001
1.40001
1.40001
1.40001
1.40001
1.40001
1.40001
1.40001
1.40001
1.40001
1.40001
1.40001
1.40001
1.40001
1.40001
1.40001
1.40001
1.40001
1.40001
1.40001
1.40001
1.40001
1.40001
1.40001
1.40001
1.40001
1.40001
1.40001
1.4
3.01562
6.36779
6.87767
6.94425
6.98536
7.00178
7.00802
7.01041
7.01126
7.01451
7.02101
7.02823
7.03453
7.03739
7.03505
7.02617
7.01046
6.98973
6.96782
6.94922
6.9335
6.91935
6.9066
6.89403
6.87862
6.8586
6.83298
6.80176
6.76552
6.72571
6.68245
6.63788
6.59606
6.56723
1.40001
1.40001
1.40001
1.40001
1.40001
1.40001
1.40001
1.40001
1.40001
1.40001
1.40001
1.40001
1.40001
1.40001
1.40001
1.40001
1.40001
1.40001
1.40001
1.40001
1.40001
1.40001
1.40001
1.40001
1.40001
1.40001
1.40001
1.40001
1.40001
1.40001
1.40001
1.40001
1.40001
1.40001
1.40001
1.40001
1.40001
1.40001
1.40001
1.40001
1.40001
1.40001
1.40001
1.40001
1.40001
1.40001
1.40001
1.40001
1.40001
1.40001
1.40001
1.40001
1.40001
1.40001
1.40001
1.40001
1.40001
1.40001
1.40001
1.40001
1.40001
1.4
2.09848
5.92904
6.96598
6.95118
6.97423
6.99087
7.00225
7.00552
7.00385
7.00141
7.00085
7.00241
7.00495
7.00622
7.00463
6.99789
6.98491
6.96499
6.94019
6.91518
6.89257
6.87165
6.85056
6.83045
6.80832
6.78159
6.74816
6.70649
6.65522
6.59313
6.51983
6.44052
6.37009
6.31991
1.40001
1.40001
1.40001
1.40001
1.40001
1.40001
1.40001
1.40001
1.40001
1.40001
1.40001
1.40001
1.40001
1.40001
1.40001
1.40001
1.40001
1.40001
1.40001
1.40001
1.40001
1.40001
1.40001
1.40001
1.40001
1.40001
1.40001
1.40001
1.40001
1.40001
1.40001
1.40001
1.40001
1.40001
1.40001
1.40001
1.40001
1.40001
1.40001
1.40001
1.40001
1.40001
1.40001
1.40001
1.40001
1.40001
1.40001
1.40001
1.40001
1.40001
1.40001
1.40001
1.40001
1.40001
1.40001
1.40001
1.40001
1.40001
1.40001
1.40001
1.40001
1.40001
1.48505
4.83337
7.01514
6.91715
6.94836
6.9688
6.98249
6.9912
6.99262
6.98927
6.98423
6.98014
6.97818
6.97703
6.97345
6.96574
6.95338
6.9347
6.90953
6.88077
6.85195
6.82403
6.79517
6.76609
6.7356
6.70044
6.65659
6.60215
6.53576
6.4551
6.35811
6.24494
6.11996
6.06254
1.40001
1.40001
1.40001
1.40001
1.40001
1.40001
1.40001
1.40001
1.40001
1.40001
1.40001
1.40001
1.40001
1.40001
1.40001
1.40001
1.40001
1.40001
1.40001
1.40001
1.40001
1.40001
1.40001
1.40001
1.40001
1.40001
1.40001
1.40001
1.40001
1.40001
1.40001
1.40001
1.40001
1.40001
1.40001
1.40001
1.40001
1.40001
1.40001
1.40001
1.40001
1.40001
1.40001
1.40001
1.40001
1.40001
1.40001
1.40001
1.40001
1.40001
1.40001
1.40001
1.40001
1.40001
1.40001
1.40001
1.40001
1.40001
1.40001
1.40001
1.40001
1.40001
1.40058
2.11348
6.03502
6.95238
6.94082
6.93884
6.94152
6.94107
6.9412
6.93679
6.93023
6.92105
6.90999
6.89909
6.88752
6.87503
6.86034
6.84133
6.81592
6.78386
6.74597
6.70372
6.65676
6.60721
6.55325
6.4948
6.42573
6.34381
6.23696
6.10037
5.90853
5.64465
5.15561
4.15643
1.40001
1.40001
1.40001
1.40001
1.40001
1.40001
1.40001
1.40001
1.40001
1.40001
1.40001
1.40001
1.40001
1.40001
1.40001
1.40001
1.40001
1.40001
1.40001
1.40001
1.40001
1.40001
1.40001
1.40001
1.40001
1.40001
1.40001
1.40001
1.40001
1.40001
1.40001
1.40001
1.40001
1.40001
1.40001
1.40001
1.40001
1.40001
1.40001
1.40001
1.40001
1.40001
1.40001
1.40001
1.40001
1.40001
1.40001
1.40001
1.40001
1.40001
1.40001
1.40001
1.40001
1.40001
1.40001
1.40001
1.40001
1.40001
1.40001
1.40001
1.40001
1.40001
1.40001
1.40638
2.32115
6.16205
6.9428
6.89908
6.8678
6.8526
6.83917
6.82726
6.81552
6.80139
6.78484
6.76574
6.7444
6.71986
6.69424
6.66483
6.63196
6.59292
6.54662
6.4915
6.42644
6.35167
6.26536
6.16787
6.05512
5.92266
5.76284
5.56255
5.31887
4.95031
4.47805
3.86146
1.40001
1.40001
1.40001
1.40001
1.40001
1.40001
1.40001
1.40001
1.40001
1.40001
1.40001
1.40001
1.40001
1.40001
1.40001
1.40001
1.40001
1.40001
1.40001
1.40001
1.40001
1.40001
1.40001
1.40001
1.40001
1.40001
1.40001
1.40001
1.40001
1.40001
1.40001
1.40001
1.40001
1.40001
1.40001
1.40001
1.40001
1.40001
1.40001
1.40001
1.40001
1.40001
1.40001
1.40001
1.40001
1.40001
1.40001
1.40001
1.40001
1.40001
1.40001
1.40001
1.40001
1.40001
1.40001
1.40001
1.40001
1.40001
1.40001
1.40001
1.40001
1.40001
1.40001
1.40001
1.41398
2.01078
5.76052
6.83828
6.81158
6.76362
6.7543
6.73295
6.71192
6.68904
6.66479
6.63703
6.60612
6.57142
6.53269
6.49197
6.44501
6.39609
6.33879
6.27521
6.20049
6.11492
6.01527
5.9005
5.76908
5.61649
5.44413
5.23475
4.98645
4.68807
4.36367
3.95804
1.40001
1.40001
1.40001
1.40001
1.40001
1.40001
1.40001
1.40001
1.40001
1.40001
1.40001
1.40001
1.40001
1.40001
1.40001
1.40001
1.40001
1.40001
1.40001
1.40001
1.40001
1.40001
1.40001
1.40001
1.40001
1.40001
1.40001
1.40001
1.40001
1.40001
1.40001
1.40001
1.40001
1.40001
1.40001
1.40001
1.40001
1.40001
1.40001
1.40001
1.40001
1.40001
1.40001
1.40001
1.40001
1.40001
1.40001
1.40001
1.40001
1.40001
1.40001
1.40001
1.40001
1.40001
1.40001
1.40001
1.40001
1.40001
1.40001
1.40001
1.40001
1.40001
1.40001
1.40001
1.40002
1.40561
1.76823
4.68397
6.64423
6.70441
6.66443
6.64908
6.62035
6.58799
6.55383
6.51659
6.47703
6.43263
6.38462
6.33313
6.27596
6.21431
6.14761
6.07324
5.99291
5.9008
5.80203
5.68651
5.55685
5.40919
5.24538
5.05798
4.84839
4.63125
4.38948
4.10235
1.40001
1.40001
1.40001
1.40001
1.40001
1.40001
1.40001
1.40001
1.40001
1.40001
1.40001
1.40001
1.40001
1.40001
1.40001
1.40001
1.40001
1.40001
1.40001
1.40001
1.40001
1.40001
1.40001
1.40001
1.40001
1.40001
1.40001
1.40001
1.40001
1.40001
1.40001
1.40001
1.40001
1.40001
1.40001
1.40001
1.40001
1.40001
1.40001
1.40001
1.40001
1.40001
1.40001
1.40001
1.40001
1.40001
1.40001
1.40001
1.40001
1.40001
1.40001
1.40001
1.40001
1.40001
1.40001
1.40001
1.40001
1.40001
1.40001
1.40001
1.40001
1.40001
1.40001
1.40001
1.40001
1.40001
1.40184
1.60561
3.083
6.28267
6.70228
6.66273
6.58339
6.55337
6.50177
6.45101
6.39872
6.34473
6.28632
6.22481
6.15854
6.08782
6.01212
5.93027
5.84276
5.74764
5.64502
5.5331
5.41088
5.27834
5.136
4.97828
4.81171
4.63996
4.4467
4.25064
1.40001
1.40001
1.40001
1.40001
1.40001
1.40001
1.40001
1.40001
1.40001
1.40001
1.40001
1.40001
1.40001
1.40001
1.40001
1.40001
1.40001
1.40001
1.40001
1.40001
1.40001
1.40001
1.40001
1.40001
1.40001
1.40001
1.40001
1.40001
1.40001
1.40001
1.40001
1.40001
1.40001
1.40001
1.40001
1.40001
1.40001
1.40001
1.40001
1.40001
1.40001
1.40001
1.40001
1.40001
1.40001
1.40001
1.40001
1.40001
1.40001
1.40001
1.40001
1.40001
1.40001
1.40001
1.40001
1.40001
1.40001
1.40001
1.40001
1.40001
1.40001
1.40001
1.40001
1.40001
1.40001
1.40001
1.40001
1.40072
1.4547
2.03188
4.6686
6.53054
6.58018
6.52842
6.45995
6.41947
6.35767
6.29403
6.22691
6.15573
6.08175
6.00437
5.92297
5.83721
5.74674
5.65068
5.54964
5.44279
5.32898
5.21046
5.0856
4.9511
4.8104
4.66188
4.51186
4.36417
1.40001
1.40001
1.40001
1.40001
1.40001
1.40001
1.40001
1.40001
1.40001
1.40001
1.40001
1.40001
1.40001
1.40001
1.40001
1.40001
1.40001
1.40001
1.40001
1.40001
1.40001
1.40001
1.40001
1.40001
1.40001
1.40001
1.40001
1.40001
1.40001
1.40001
1.40001
1.40001
1.40001
1.40001
1.40001
1.40001
1.40001
1.40001
1.40001
1.40001
1.40001
1.40001
1.40001
1.40001
1.40001
1.40001
1.40001
1.40001
1.40001
1.40001
1.40001
1.40001
1.40001
1.40001
1.40001
1.40001
1.40001
1.40001
1.40001
1.40001
1.40001
1.40001
1.40001
1.40001
1.40001
1.40001
1.40001
1.40001
1.40011
1.40591
1.63527
2.48853
5.28864
6.50861
6.50568
6.43447
6.34476
6.28331
6.20608
6.1294
6.04981
5.96589
5.87966
5.79055
5.69847
5.60273
5.50428
5.40188
5.29524
5.18574
5.07148
4.95028
4.82276
4.69511
4.56994
4.44697
1.40001
1.40001
1.40001
1.40001
1.40001
1.40001
1.40001
1.40001
1.40001
1.40001
1.40001
1.40001
1.40001
1.40001
1.40001
1.40001
1.40001
1.40001
1.40001
1.40001
1.40001
1.40001
1.40001
1.40001
1.40001
1.40001
1.40001
1.40001
1.40001
1.40001
1.40001
1.40001
1.40001
1.40001
1.40001
1.40001
1.40001
1.40001
1.40001
1.40001
1.40001
1.40001
1.40001
1.40001
1.40001
1.40001
1.40001
1.40001
1.40001
1.40001
1.40001
1.40001
1.40001
1.40001
1.40001
1.40001
1.40001
1.40001
1.40001
1.40001
1.40001
1.40001
1.40001
1.40001
1.40001
1.40001
1.40001
1.40001
1.40001
1.40001
1.40106
1.42088
1.79042
2.81236
5.49507
6.46294
6.44631
6.36603
6.24334
6.1721
6.08853
5.99901
5.90705
5.81245
5.7157
5.61876
5.51993
5.41793
5.31164
5.2022
5.0893
4.97463
4.86096
4.74835
4.63659
4.52555
1.40001
1.40001
1.40001
1.40001
1.40001
1.40001
1.40001
1.40001
1.40001
1.40001
1.40001
1.40001
1.40001
1.40001
1.40001
1.40001
1.40001
1.40001
1.40001
1.40001
1.40001
1.40001
1.40001
1.40001
1.40001
1.40001
1.40001
1.40001
1.40001
1.40001
1.40001
1.40001
1.40001
1.40001
1.40001
1.40001
1.40001
1.40001
1.40001
1.40001
1.40001
1.40001
1.40001
1.40001
1.40001
1.40001
1.40001
1.40001
1.40001
1.40001
1.40001
1.40001
1.40001
1.40001
1.40001
1.40001
1.40001
1.40001
1.40001
1.40001
1.40001
1.40001
1.40001
1.40001
1.40001
1.40001
1.40001
1.40001
1.40001
1.40001
1.40001
1.40002
1.40255
1.43758
1.87224
2.9581
5.27881
6.37795
6.38695
6.32403
6.14062
6.04124
5.96175
5.87304
5.7796
5.67864
5.57305
5.46314
5.35488
5.2487
5.14263
5.03584
4.92962
4.82357
4.71737
4.61218
1.40001
1.40001
1.40001
1.40001
1.40001
1.40001
1.40001
1.40001
1.40001
1.40001
1.40001
1.40001
1.40001
1.40001
1.40001
1.40001
1.40001
1.40001
1.40001
1.40001
1.40001
1.40001
1.40001
1.40001
1.40001
1.40001
1.40001
1.40001
1.40001
1.40001
1.40001
1.40001
1.40001
1.40001
1.40001
1.40001
1.40001
1.40001
1.40001
1.40001
1.40001
1.40001
1.40001
1.40001
1.40001
1.40001
1.40001
1.40001
1.40001
1.40001
1.40001
1.40001
1.40001
1.40001
1.40001
1.40001
1.40001
1.40001
1.40001
1.40001
1.40001
1.40001
1.40001
1.40001
1.40001
1.40001
1.40001
1.40001
1.40001
1.40001
1.40001
1.40001
1.40001
1.40004
1.40357
1.4465
1.84788
2.86659
4.76981
6.23891
6.21063
6.20013
6.11027
5.98308
5.87841
5.77087
5.65815
5.55312
5.44935
5.34694
5.24362
5.13852
5.03145
4.92418
4.81956
4.71916
1.40001
1.40001
1.40001
1.40001
1.40001
1.40001
1.40001
1.40001
1.40001
1.40001
1.40001
1.40001
1.40001
1.40001
1.40001
1.40001
1.40001
1.40001
1.40001
1.40001
1.40001
1.40001
1.40001
1.40001
1.40001
1.40001
1.40001
1.40001
1.40001
1.40001
1.40001
1.40001
1.40001
1.40001
1.40001
1.40001
1.40001
1.40001
1.40001
1.40001
1.40001
1.40001
1.40001
1.40001
1.40001
1.40001
1.40001
1.40001
1.40001
1.40001
1.40001
1.40001
1.40001
1.40001
1.40001
1.40001
1.40001
1.40001
1.40001
1.40001
1.40001
1.40001
1.40001
1.40001
1.40001
1.40001
1.40001
1.40001
1.40001
1.40001
1.40001
1.40001
1.40001
1.40001
1.40001
1.40006
1.40322
1.44156
1.73252
2.61765
4.02569
5.68814
6.18336
6.18594
6.14232
5.92134
5.75597
5.66549
5.58453
5.49372
5.39298
5.28113
5.16366
5.05019
4.94731
4.85268
1.40001
1.40001
1.40001
1.40001
1.40001
1.40001
1.40001
1.40001
1.40001
1.40001
1.40001
1.40001
1.40001
1.40001
1.40001
1.40001
1.40001
1.40001
1.40001
1.40001
1.40001
1.40001
1.40001
1.40001
1.40001
1.40001
1.40001
1.40001
1.40001
1.40001
1.40001
1.40001
1.40001
1.40001
1.40001
1.40001
1.40001
1.40001
1.40001
1.40001
1.40001
1.40001
1.40001
1.40001
1.40001
1.40001
1.40001
1.40001
1.40001
1.40001
1.40001
1.40001
1.40001
1.40001
1.40001
1.40001
1.40001
1.40001
1.40001
1.40001
1.40001
1.40001
1.40001
1.40001
1.40001
1.40001
1.40001
1.40001
1.40001
1.40001
1.40001
1.40001
1.40001
1.40001
1.40001
1.40001
1.40001
1.40006
1.40186
1.42776
1.58735
2.24028
3.36425
4.84974
6.03968
6.04035
5.97246
5.9387
5.78321
5.66551
5.55864
5.44114
5.31564
5.20323
5.11038
5.02328
1.40001
1.40001
1.40001
1.40001
1.40001
1.40001
1.40001
1.40001
1.40001
1.40001
1.40001
1.40001
1.40001
1.40001
1.40001
1.40001
1.40001
1.40001
1.40001
1.40001
1.40001
1.40001
1.40001
1.40001
1.40001
1.40001
1.40001
1.40001
1.40001
1.40001
1.40001
1.40001
1.40001
1.40001
1.40001
1.40001
1.40001
1.40001
1.40001
1.40001
1.40001
1.40001
1.40001
1.40001
1.40001
1.40001
1.40001
1.40001
1.40001
1.40001
1.40001
1.40001
1.40001
1.40001
1.40001
1.40001
1.40001
1.40001
1.40001
1.40001
1.40001
1.40001
1.40001
1.40001
1.40001
1.40001
1.40001
1.40001
1.40001
1.40001
1.40001
1.40001
1.40001
1.40001
1.40001
1.40001
1.40001
1.40001
1.40001
1.40004
1.40067
1.41247
1.49351
1.85939
2.69307
4.01272
5.16863
5.82676
5.9521
5.92532
5.89478
5.72247
5.50238
5.35871
5.28009
5.21143
1.40001
1.40001
1.40001
1.40001
1.40001
1.40001
1.40001
1.40001
1.40001
1.40001
1.40001
1.40001
1.40001
1.40001
1.40001
1.40001
1.40001
1.40001
1.40001
1.40001
1.40001
1.40001
1.40001
1.40001
1.40001
1.40001
1.40001
1.40001
1.40001
1.40001
1.40001
1.40001
1.40001
1.40001
1.40001
1.40001
1.40001
1.40001
1.40001
1.40001
1.40001
1.40001
1.40001
1.40001
1.40001
1.40001
1.40001
1.40001
1.40001
1.40001
1.40001
1.40001
1.40001
1.40001
1.40001
1.40001
1.40001
1.40001
1.40001
1.40001
1.40001
1.40001
1.40001
1.40001
1.40001
1.40001
1.40001
1.40001
1.40001
1.40001
1.40001
1.40001
1.40001
1.40001
1.40001
1.40001
1.40001
1.40001
1.40001
1.40001
1.40001
1.40001
1.4002
1.40395
1.43458
1.61341
2.07436
3.05993
4.25476
5.1316
5.80229
5.8907
5.84379
5.71506
5.54288
5.4215
1.40001
1.40001
1.40001
1.40001
1.40001
1.40001
1.40001
1.40001
1.40001
1.40001
1.40001
1.40001
1.40001
1.40001
1.40001
1.40001
1.40001
1.40001
1.40001
1.40001
1.40001
1.40001
1.40001
1.40001
1.40001
1.40001
1.40001
1.40001
1.40001
1.40001
1.40001
1.40001
1.40001
1.40001
1.40001
1.40001
1.40001
1.40001
1.40001
1.40001
1.40001
1.40001
1.40001
1.40001
1.40001
1.40001
1.40001
1.40001
1.40001
1.40001
1.40001
1.40001
1.40001
1.40001
1.40001
1.40001
1.40001
1.40001
1.40001
1.40001
1.40001
1.40001
1.40001
1.40001
1.40001
1.40001
1.40001
1.40001
1.40001
1.40001
1.40001
1.40001
1.40001
1.40001
1.40001
1.40001
1.40001
1.40001
1.40001
1.40001
1.40001
1.40001
1.40001
1.40001
1.40004
1.40095
1.40918
1.46682
1.69734
2.19974
3.21277
4.29965
5.03157
5.63256
5.78001
5.74497
1.40001
1.40001
1.40001
1.40001
1.40001
1.40001
1.40001
1.40001
1.40001
1.40001
1.40001
1.40001
1.40001
1.40001
1.40001
1.40001
1.40001
1.40001
1.40001
1.40001
1.40001
1.40001
1.40001
1.40001
1.40001
1.40001
1.40001
1.40001
1.40001
1.40001
1.40001
1.40001
1.40001
1.40001
1.40001
1.40001
1.40001
1.40001
1.40001
1.40001
1.40001
1.40001
1.40001
1.40001
1.40001
1.40001
1.40001
1.40001
1.40001
1.40001
1.40001
1.40001
1.40001
1.40001
1.40001
1.40001
1.40001
1.40001
1.40001
1.40001
1.40001
1.40001
1.40001
1.40001
1.40001
1.40001
1.40001
1.40001
1.40001
1.40001
1.40001
1.40001
1.40001
1.40001
1.40001
1.40001
1.40001
1.40001
1.40001
1.40001
1.40001
1.40001
1.40001
1.40001
1.40001
1.40001
1.40001
1.40012
1.4018
1.41417
1.48727
1.74104
2.23341
3.12892
4.22652
4.85328
1.40001
1.40001
1.40001
1.40001
1.40001
1.40001
1.40001
1.40001
1.40001
1.40001
1.40001
1.40001
1.40001
1.40001
1.40001
1.40001
1.40001
1.40001
1.40001
1.40001
1.40001
1.40001
1.40001
1.40001
1.40001
1.40001
1.40001
1.40001
1.40001
1.40001
1.40001
1.40001
1.40001
1.40001
1.40001
1.40001
1.40001
1.40001
1.40001
1.40001
1.40001
1.40001
1.40001
1.40001
1.40001
1.40001
1.40001
1.40001
1.40001
1.40001
1.40001
1.40001
1.40001
1.40001
1.40001
1.40001
1.40001
1.40001
1.40001
1.40001
1.40001
1.40001
1.40001
1.40001
1.40001
1.40001
1.40001
1.40001
1.40001
1.40001
1.40001
1.40001
1.40001
1.40001
1.40001
1.40001
1.40001
1.40001
1.40001
1.40001
1.40001
1.40001
1.40001
1.40001
1.40001
1.40001
1.40001
1.40001
1.40001
1.40002
1.4002
1.40236
1.41685
1.4863
1.72379
2.18441
1.40001
1.40001
1.40001
1.40001
1.40001
1.40001
1.40001
1.40001
1.40001
1.40001
1.40001
1.40001
1.40001
1.40001
1.40001
1.40001
1.40001
1.40001
1.40001
1.40001
1.40001
1.40001
1.40001
1.40001
1.40001
1.40001
1.40001
1.40001
1.40001
1.40001
1.40001
1.40001
1.40001
1.40001
1.40001
1.40001
1.40001
1.40001
1.40001
1.40001
1.40001
1.40001
1.40001
1.40001
1.40001
1.40001
1.40001
1.40001
1.40001
1.40001
1.40001
1.40001
1.40001
1.40001
1.40001
1.40001
1.40001
1.40001
1.40001
1.40001
1.40001
1.40001
1.40001
1.40001
1.40001
1.40001
1.40001
1.40001
1.40001
1.40001
1.40001
1.40001
1.40001
1.40001
1.40001
1.40001
1.40001
1.40001
1.40001
1.40001
1.40001
1.40001
1.40001
1.40001
1.40001
1.40001
1.40001
1.40001
1.40001
1.40001
1.40001
1.40001
1.40002
1.40023
1.40209
1.41528
1.40001
1.40001
1.40001
1.40001
1.40001
1.40001
1.40001
1.40001
1.40001
1.40001
1.40001
1.40001
1.40001
1.40001
1.40001
1.40001
1.40001
1.40001
1.40001
1.40001
1.40001
1.40001
1.40001
1.40001
1.40001
1.40001
1.40001
1.40001
1.40001
1.40001
1.40001
1.40001
1.40001
1.40001
1.40001
1.40001
1.40001
1.40001
1.40001
1.40001
1.40001
1.40001
1.40001
1.40001
1.40001
1.40001
1.40001
1.40001
1.40001
1.40001
1.40001
1.40001
1.40001
1.40001
1.40001
1.40001
1.40001
1.40001
1.40001
1.40001
1.40001
1.40001
1.40001
1.40001
1.40001
1.40001
1.40001
1.40001
1.40001
1.40001
1.40001
1.40001
1.40001
1.40001
1.40001
1.40001
1.40001
1.40001
1.40001
1.40001
1.40001
1.40001
1.40001
1.40001
1.40001
1.40001
1.40001
1.40001
1.40001
1.40001
1.40001
1.40001
1.40001
1.40001
1.40001
1.40002
1.40001
1.40001
1.40001
1.40001
1.40001
1.40001
1.40001
1.40001
1.40001
1.40001
1.40001
1.40001
1.40001
1.40001
1.40001
1.40001
1.40001
1.40001
1.40001
1.40001
1.40001
1.40001
1.40001
1.40001
1.40001
1.40001
1.40001
1.40001
1.40001
1.40001
1.40001
1.40001
1.40001
1.40001
1.40001
1.40001
1.40001
1.40001
1.40001
1.40001
1.40001
1.40001
1.40001
1.40001
1.40001
1.40001
1.40001
1.40001
1.40001
1.40001
1.40001
1.40001
1.40001
1.40001
1.40001
1.40001
1.40001
1.40001
1.40001
1.40001
1.40001
1.40001
1.40001
1.40001
1.40001
1.40001
1.40001
1.40001
1.40001
1.40001
1.40001
1.40001
1.40001
1.40001
1.40001
1.40001
1.40001
1.40001
1.40001
1.40001
1.40001
1.40001
1.40001
1.40001
1.40001
1.40001
1.40001
1.40001
1.40001
1.40001
1.40001
1.40001
1.40001
1.40001
1.40001
1.40001
1.40001
1.40001
1.40001
1.40001
1.40001
1.40001
1.40001
1.40001
1.40001
1.40001
1.40001
1.40001
1.40001
1.40001
1.40001
1.40001
1.40001
1.40001
1.40001
1.40001
1.40001
1.40001
1.40001
1.40001
1.40001
1.40001
1.40001
1.40001
1.40001
1.40001
1.40001
1.40001
1.40001
1.40001
1.40001
1.40001
1.40001
1.40001
1.40001
1.40001
1.40001
1.40001
1.40001
1.40001
1.40001
1.40001
1.40001
1.40001
1.40001
1.40001
1.40001
1.40001
1.40001
1.40001
1.40001
1.40001
1.40001
1.40001
1.40001
1.40001
1.40001
1.40001
1.40001
1.40001
1.40001
1.40001
1.40001
1.40001
1.40001
1.40001
1.40001
1.40001
1.40001
1.40001
1.40001
1.40001
1.40001
1.40001
1.40001
1.40001
1.40001
1.40001
1.40001
1.40001
1.40001
1.40001
1.40001
1.40001
1.40001
1.40001
1.40001
1.40001
1.40001
1.40001
1.40001
1.40001
1.40001
1.40001
1.40001
1.40001
1.40001
1.40001
1.40001
1.40001
1.40001
1.40001
1.40001
1.40001
1.40001
1.40001
1.40001
1.40001
1.40001
1.40001
1.40001
1.40001
1.40001
1.40001
1.40001
1.40001
1.40001
1.40001
1.40001
1.40001
1.40001
1.40001
1.40001
1.40001
1.40001
1.40001
1.40001
1.40001
1.40001
1.40001
1.40001
1.40001
1.40001
1.40001
1.40001
1.40001
1.40001
1.40001
1.40001
1.40001
1.40001
1.40001
1.40001
1.40001
1.40001
1.40001
1.40001
1.40001
1.40001
1.40001
1.40001
1.40001
1.40001
1.40001
1.40001
1.40001
1.40001
1.40001
1.40001
1.40001
1.40001
1.40001
1.40001
1.40001
1.40001
1.40001
1.40001
1.40001
1.40001
1.40001
1.40001
1.40001
1.40001
1.40001
1.40001
1.40001
1.40001
1.40001
1.40001
1.40001
1.40001
1.40001
1.40001
1.40001
1.40001
1.40001
1.40001
1.40001
1.40001
1.40001
1.40001
1.40001
1.40001
1.40001
1.40001
1.40001
1.40001
1.40001
1.40001
1.40001
1.40001
1.40001
1.40001
1.40001
1.40001
1.40001
1.40001
1.40001
1.40001
1.40001
1.40001
1.40001
1.40001
1.40001
1.40001
1.40001
1.40001
1.40001
1.40001
1.40001
1.40001
1.40001
1.40001
1.40001
1.40001
1.40001
1.40001
1.40001
1.40001
1.40001
1.40001
1.40001
1.40001
1.40001
1.40001
1.40001
1.40001
1.40001
1.40001
1.40001
1.40001
1.40001
1.40001
1.40001
1.40001
1.40001
1.40001
1.40001
1.40001
1.40001
1.40001
1.40001
1.40001
1.40001
1.40001
1.40001
1.40001
1.40001
1.40001
1.40001
1.40001
1.40001
1.40001
1.40001
1.40001
1.40001
1.40001
1.40001
1.40001
1.40001
1.40001
1.40001
1.40001
1.40001
1.40001
1.40001
1.40001
1.40001
1.40001
1.40001
1.40001
1.40001
1.40001
1.40001
1.40001
1.40001
1.40001
1.40001
1.40001
1.40001
1.40001
1.40001
1.40001
1.40001
1.40001
1.40001
1.40001
1.40001
1.40001
1.40001
1.40001
1.40001
1.40001
1.40001
1.40001
1.40001
1.40001
1.40001
1.40001
1.40001
1.40001
1.40001
1.40001
1.40001
1.40001
1.40001
1.40001
1.40001
1.40001
1.40001
1.40001
1.40001
1.40001
1.40001
1.40001
1.40001
1.40001
1.40001
1.40001
1.40001
1.40001
1.40001
1.40001
1.40001
1.40001
1.40001
1.40001
1.40001
1.40001
1.40001
1.40001
1.40001
1.40001
1.40001
1.40001
1.40001
1.40001
1.40001
1.40001
1.40001
1.40001
1.40001
1.40001
1.40001
1.40001
1.40001
1.40001
1.40001
1.40001
1.40001
1.40001
1.40001
1.40001
1.40001
1.40001
1.40001
1.40001
1.40001
1.40001
1.40001
1.40001
1.40001
1.40001
1.40001
1.40001
1.40001
1.40001
1.40001
1.40001
1.40001
1.40001
1.40001
1.40001
1.40001
1.40001
1.40001
1.40001
1.40001
1.40001
1.40001
1.40001
1.40001
1.40001
1.40001
1.40001
1.40001
1.40001
1.40001
1.40001
1.40001
1.40001
1.40001
1.40001
1.40001
1.40001
1.40001
1.40001
1.40001
1.40001
1.40001
1.40001
1.40001
1.40001
1.40001
1.40001
1.40001
1.40001
1.40001
1.40001
1.40001
1.40001
1.40001
1.40001
1.40001
1.40001
1.40001
1.40001
1.40001
1.40001
1.40001
1.40001
1.40001
1.40001
1.40001
1.40001
1.40001
1.40001
1.40001
1.40001
1.40001
1.40001
1.40001
1.40001
1.40001
1.40001
1.40001
1.40001
1.40001
1.40001
1.40001
1.40001
1.40001
1.40001
1.40001
1.40001
1.40001
1.40001
1.40001
1.40001
1.40001
1.40001
1.40001
1.40001
1.40001
1.40001
1.40001
1.40001
1.40001
1.40001
1.40001
1.40001
1.40001
1.40001
1.40001
1.40001
1.40001
1.40001
1.40001
1.40001
1.40001
1.40001
1.40001
1.40001
1.40001
1.40001
1.40001
1.40001
1.40001
1.40001
1.40001
1.40001
1.40001
1.40001
1.40001
1.40001
1.40001
1.40001
1.40001
1.40001
1.40001
1.40001
1.40001
1.40001
1.40001
1.40001
1.40001
1.40001
1.40001
1.40001
1.40001
1.40001
1.40001
1.40001
1.40001
1.40001
1.40001
1.40001
1.40001
1.40001
1.40001
1.40001
1.40001
1.40001
1.40001
1.40001
1.40001
1.40001
1.40001
1.40001
1.40001
1.40001
1.40001
1.40001
1.40001
1.40001
1.40001
1.40001
1.40001
1.40001
1.40001
1.40001
1.40001
1.40001
1.40001
1.40001
1.40001
1.40001
1.40001
1.40001
1.40001
1.40001
1.40001
1.40001
1.40001
1.40001
1.40001
1.40001
1.40001
1.40001
1.40001
1.40001
1.40001
1.40001
1.40001
1.40001
1.40001
1.40001
1.40001
1.40001
1.40001
1.40001
1.40001
1.40001
1.40001
1.40001
1.40001
1.40001
1.40001
1.40001
1.40001
1.40001
1.40001
1.40001
1.40001
1.40001
1.40001
1.40001
1.40001
1.40001
1.40001
1.40001
1.40001
1.40001
1.40001
1.40001
1.40001
1.40001
1.40001
1.40001
1.40001
1.40001
1.40001
1.40001
1.40001
1.40001
1.40001
1.40001
1.40001
1.40001
1.40001
1.40001
1.40001
1.40001
1.40001
1.40001
1.40001
1.40001
1.40001
1.40001
1.40001
1.40001
1.40001
1.40001
1.40001
1.40001
1.40001
1.40001
1.40001
1.40001
1.40001
1.40001
1.40001
1.40001
1.40001
1.40001
1.40001
1.40001
1.40001
1.40001
1.40001
1.40001
1.40001
1.40001
1.40001
1.40001
1.40001
1.40001
1.40001
1.40001
1.40001
1.40001
1.40001
1.40001
1.40001
1.40001
1.40001
1.40001
1.40001
1.40001
1.40001
1.40001
1.40001
1.40001
1.40001
1.40001
1.40001
1.40001
1.40001
1.40001
1.40001
1.40001
1.40001
1.40001
1.40001
1.40001
1.40001
1.40001
1.40001
1.40001
1.40001
1.40001
1.40001
1.40001
1.40001
1.40001
1.40001
1.40001
1.40001
1.40001
1.40001
1.40001
1.40001
1.40001
1.40001
1.40001
1.40001
1.40001
1.40001
1.40001
1.40001
1.40001
1.40001
1.40001
1.40001
1.40001
1.40001
1.40001
1.40001
1.40001
1.40001
1.40001
1.40001
1.40001
1.40001
1.40001
1.40001
1.40001
1.40001
1.40001
1.40001
1.40001
1.40001
1.40001
1.40001
1.40001
1.40001
1.40001
1.40001
1.40001
1.40001
1.40001
1.40001
1.40001
1.40001
1.40001
1.40001
1.40001
1.40001
1.40001
1.40001
1.40001
1.40001
1.40001
1.40001
1.40001
1.40001
1.40001
1.40001
1.40001
1.40001
1.40001
1.40001
1.40001
1.40001
1.40001
1.40001
1.40001
1.40001
1.40001
1.40001
1.40001
1.40001
1.40001
1.40001
1.40001
1.40001
1.40001
1.40001
1.40001
1.40001
1.40001
1.40001
1.40001
1.40001
1.40001
1.40001
1.40001
1.40001
1.40001
1.40001
1.40001
1.40001
1.40001
1.40001
1.40001
1.40001
1.40001
1.40001
1.40001
1.40001
1.40001
1.40001
1.40001
1.40001
1.40001
1.40001
1.40001
1.40001
1.40001
1.40001
1.40001
1.40001
1.40001
1.40001
1.40001
1.40001
1.40001
1.40001
1.40001
1.40001
1.40001
1.40001
1.40001
1.40001
1.40001
1.40001
1.40001
1.40001
1.40001
1.40001
1.40001
1.40001
1.40001
1.40001
1.40001
1.40001
1.40001
1.40001
1.40001
1.40001
1.40001
1.40001
1.40001
1.40001
1.40001
1.40001
1.40001
1.40001
1.40001
1.40001
1.40001
1.40001
1.40001
1.40001
1.40001
1.40001
1.40001
1.40001
1.40001
1.40001
1.40001
1.40001
1.40001
1.40001
1.40001
1.40001
1.40001
1.40001
1.40001
1.40001
1.40001
1.40001
1.40001
1.40001
1.40001
1.40001
1.40001
1.40001
1.40001
1.40001
1.40001
1.40001
1.40001
1.40001
1.40001
1.40001
1.40001
1.40001
1.40001
1.40001
1.40001
1.40001
1.40001
1.40001
1.40001
1.40001
1.40001
1.40001
1.40001
1.40001
1.40001
1.40001
1.40001
1.40001
1.40001
1.40001
1.40001
1.40001
1.40001
1.40001
1.40001
1.40001
1.40001
1.40001
1.40001
1.40001
1.40001
1.40001
1.40001
1.40001
1.40001
1.40001
1.40001
1.40001
1.40001
1.40001
1.40001
1.40001
1.40001
1.40001
1.40001
1.40001
1.40001
1.40001
1.40001
1.40001
1.40001
1.40001
1.40001
1.40001
1.40001
1.40001
1.40001
1.40001
1.40001
1.40001
1.40001
1.40001
1.40001
1.40001
1.40001
1.40001
1.40001
1.40001
1.40001
1.40001
1.40001
1.40001
1.40001
1.40001
1.40001
1.40001
1.40001
1.40001
1.40001
1.40001
1.40001
1.40001
1.40001
1.40001
1.40001
1.40001
1.40001
1.40001
1.40001
1.40001
1.40001
1.40001
1.40001
1.40001
1.40001
1.40001
1.40001
1.40001
1.40001
1.40001
1.40001
1.40001
1.40001
1.40001
1.40001
1.40001
1.40001
1.40001
1.40001
1.40001
1.40001
1.40001
1.40001
1.40001
1.40001
1.40001
1.40001
1.40001
1.40001
1.40001
1.40001
1.40001
1.40001
1.40001
1.40001
1.40001
1.40001
1.40001
1.40001
1.40001
1.40001
1.40001
1.40001
1.40001
1.40001
1.40001
1.40001
1.40001
1.40001
1.40001
1.40001
1.40001
1.40001
1.40001
1.40001
1.40001
1.40001
1.40001
1.40001
1.40001
1.40001
1.40001
1.40001
1.40001
1.40001
1.40001
1.40001
1.40001
1.40001
1.40001
1.40001
1.40001
1.40001
1.40001
1.40001
1.40001
1.40001
1.40001
1.40001
1.40001
1.40001
1.40001
1.40001
1.40001
1.40001
1.40001
1.40001
1.40001
1.40001
1.40001
1.40001
1.40001
1.40001
1.40001
1.40001
1.40001
1.40001
1.40001
1.40001
1.40001
1.40001
1.40001
1.40001
1.40001
1.40001
1.40001
1.40001
1.40001
1.40001
1.40001
1.40001
1.40001
1.40001
1.40001
1.40001
1.40001
1.40001
1.40001
1.40001
1.40001
1.40001
1.40001
1.40001
1.40001
1.40001
1.40001
1.40001
1.40001
1.40001
1.40001
1.40001
1.40001
1.40001
1.40001
1.40001
1.40001
1.40001
1.40001
1.40001
1.40001
1.40001
1.40001
1.40001
1.40001
1.40001
1.40001
1.40001
1.40001
1.40001
1.40001
1.40001
1.40001
1.40001
1.40001
1.40001
1.40001
1.40001
1.40001
1.40001
1.40001
1.40001
1.40001
1.40001
1.40001
1.40001
1.40001
1.40001
1.40001
1.40001
1.40001
1.40001
1.40001
1.40001
1.40001
1.40001
1.40001
1.40001
1.40001
1.40001
1.40001
1.40001
1.40001
2.1746
1.46838
1.11429
0.848744
0.659993
0.579792
0.523101
0.429598
0.308532
0.284864
0.279656
0.262423
0.22775
0.212298
0.216956
0.228376
0.229361
0.229429
0.231087
0.241592
0.260578
0.290432
0.312971
0.325946
0.339067
0.357737
0.390626
0.418626
0.444125
0.472829
0.517361
0.556457
0.583756
0.611018
0.645263
0.67915
0.71419
0.752209
0.791146
0.826608
0.854917
0.876952
0.896165
0.910236
0.926475
0.947004
0.976107
1.00384
1.02171
1.03418
1.04857
1.05902
1.0602
1.06279
1.07265
1.09007
1.11258
1.12207
1.12375
1.12653
1.13269
1.13928
1.14712
1.15774
1.16851
1.17898
1.18281
1.18332
1.18177
1.17841
1.17935
1.18238
1.18663
1.1924
1.19347
1.19123
1.18564
1.17844
1.17482
1.17292
1.17222
1.17464
1.17587
1.17326
1.16981
1.16444
1.15922
1.15758
1.15656
1.15636
1.15828
1.15822
1.15684
1.15458
1.15097
1.14917
1.14874
1.14858
1.14961
1.15254
1.15397
1.15413
1.15411
1.15361
1.1537
1.15441
1.15632
1.16011
1.16389
1.16484
1.16501
1.16511
1.16533
1.16568
1.16636
1.16798
1.17068
1.17239
1.17259
1.17255
1.17229
1.17157
1.17115
1.17096
1.17124
1.17284
1.17339
1.1727
1.17146
1.16928
1.16683
1.16571
1.16498
1.16448
1.16375
1.16274
1.16154
1.15965
1.15682
1.15466
1.15342
1.15247
1.15158
1.15063
1.1495
1.14811
1.14623
1.14365
1.14147
1.14043
1.1397
1.13901
1.13834
1.13763
1.13668
1.13499
1.13262
1.13151
1.13105
1.1306
1.13021
1.1298
1.12931
1.1286
1.12717
1.12565
1.12513
1.12477
1.12441
1.12406
1.12366
1.1232
1.12255
1.12146
1.1204
1.11996
1.11963
1.11931
1.11897
1.11862
1.11824
1.11768
1.11671
1.11555
1.11487
1.11439
1.11389
1.1134
1.11291
1.11237
1.11163
1.11055
1.1092
1.10806
1.10736
1.10673
1.10605
1.10537
1.10468
1.10387
1.10271
1.10103
1.09972
1.0995
1.10055
1.10441
1.11546
2.53646
3.4551
3.52219
3.54354
3.56205
3.57587
3.58749
3.59883
3.60976
3.61582
3.61782
3.61689
3.61344
3.60904
3.60105
3.58729
3.5704
3.55379
3.53996
3.5299
3.5227
3.51588
3.50746
3.49715
3.48695
3.47733
3.46833
3.45896
3.44818
3.43622
3.42394
3.41207
3.40093
3.39013
3.37833
3.36443
3.34939
3.33506
3.3225
3.31223
3.30362
3.29437
3.28312
3.27069
3.25822
3.24669
3.23733
3.23069
3.2215
3.20764
3.19304
3.17871
3.16506
3.15309
3.14422
3.13577
3.12355
3.11044
3.09774
3.08569
3.07486
3.0665
3.06052
3.05203
3.04132
3.03048
3.0201
3.01036
3.00157
2.99373
2.98474
2.97515
2.96517
2.95516
2.94586
2.93701
2.92956
2.92426
2.9175
2.90846
2.89905
2.88913
2.87935
2.87005
2.86083
2.85152
2.8421
2.83238
2.82194
2.81039
2.79862
2.78842
2.77945
2.77079
2.7621
2.75316
2.74433
2.73627
2.72869
2.72129
2.714
2.70676
2.69946
2.6919
2.68394
2.67604
2.66885
2.66217
2.65561
2.64896
2.64203
2.63467
2.62709
2.61976
2.61282
2.60605
2.59927
2.59232
2.58505
2.57732
2.5692
2.56128
2.55421
2.54783
2.54169
2.53552
2.52914
2.52231
2.51479
2.50674
2.49931
2.49321
2.48774
2.4824
2.47696
2.47103
2.46386
2.45552
2.44886
2.44397
2.4393
2.43468
2.43003
2.42528
2.42019
2.41432
2.40749
2.40061
2.39465
2.38922
2.38379
2.37808
2.37167
2.36406
2.35516
2.34624
2.33882
2.33262
2.32689
2.32125
2.31549
2.30937
2.30261
2.29509
2.28723
2.28015
2.27423
2.2689
2.26365
2.25823
2.25234
2.24566
2.23828
2.23143
2.22593
2.22194
2.21492
2.96216
2.44991
2.10126
1.77999
1.55979
1.45641
1.35382
1.21679
1.06032
1.02279
0.991942
0.938808
0.853933
0.805913
0.803067
0.784599
0.737646
0.697216
0.695217
0.69823
0.692012
0.668021
0.656421
0.659622
0.660486
0.656725
0.643891
0.640922
0.645008
0.652873
0.651779
0.64691
0.6476
0.650806
0.650663
0.650297
0.651086
0.660055
0.675313
0.68226
0.686984
0.694342
0.709693
0.728999
0.736973
0.746147
0.761965
0.789409
0.804647
0.807125
0.813777
0.828825
0.849468
0.865868
0.883105
0.90527
0.931927
0.957541
0.973339
0.983931
0.994739
1.00677
1.02342
1.04487
1.06252
1.0765
1.08922
1.10343
1.10833
1.10818
1.11266
1.12272
1.13514
1.14936
1.15661
1.15792
1.15763
1.1574
1.15689
1.15537
1.15487
1.15836
1.16519
1.16579
1.16471
1.16327
1.16219
1.16285
1.16408
1.166
1.17102
1.17671
1.17798
1.17835
1.17833
1.17791
1.17817
1.17934
1.18199
1.18628
1.18853
1.18856
1.18781
1.18545
1.18329
1.1828
1.18279
1.18364
1.18385
1.18287
1.18175
1.1801
1.1771
1.17496
1.17451
1.17447
1.17525
1.17601
1.17596
1.17554
1.17437
1.17173
1.16957
1.16914
1.1693
1.17024
1.17016
1.16937
1.16817
1.166
1.1631
1.16188
1.16143
1.16124
1.16135
1.16106
1.16046
1.15961
1.15796
1.15619
1.15562
1.15533
1.15519
1.15527
1.15518
1.15482
1.1542
1.15296
1.15136
1.15076
1.15053
1.15033
1.1501
1.14973
1.14913
1.14815
1.14646
1.14498
1.14441
1.14386
1.14328
1.14274
1.14208
1.14124
1.13997
1.13815
1.13689
1.13606
1.1352
1.13445
1.13387
1.13318
1.13227
1.1311
1.12965
1.12825
1.12719
1.12646
1.1259
1.12539
1.12481
1.12405
1.12304
1.12163
1.12006
1.11882
1.11784
1.11722
1.11669
1.11604
1.11522
1.11408
1.11255
1.1107
1.1093
1.10821
1.10738
1.10717
1.10704
1.1072
1.10801
1.11195
1.12347
1.14704
1.19981
1.28801
1.38811
2.06899
3.46447
3.71845
3.75461
3.74605
3.72705
3.72037
3.71134
3.69316
3.66763
3.63731
3.61423
3.60181
3.59882
3.59437
3.57701
3.55598
3.53737
3.52357
3.51608
3.51326
3.51103
3.50731
3.50313
3.49806
3.49185
3.48631
3.47937
3.46793
3.45381
3.44079
3.42969
3.42037
3.41226
3.40282
3.38814
3.37077
3.35483
3.34144
3.33142
3.32479
3.31658
3.30376
3.29023
3.27743
3.26584
3.25659
3.25053
3.24221
3.22924
3.21512
3.20023
3.18655
3.17398
3.16387
3.15499
3.14326
3.13056
3.11744
3.10527
3.0942
3.08485
3.07782
3.06971
3.05957
3.0492
3.03867
3.02889
3.01976
3.01158
3.00267
2.99311
2.98299
2.97215
2.96222
2.95319
2.94517
2.93879
2.93133
2.92227
2.91282
2.90257
2.89184
2.882
2.87285
2.86382
2.85479
2.8456
2.83587
2.82503
2.81315
2.80224
2.7932
2.78483
2.77656
2.76815
2.75942
2.75054
2.74212
2.73437
2.72701
2.71982
2.71265
2.70531
2.69755
2.68929
2.68116
2.67384
2.66705
2.66035
2.65352
2.64634
2.63864
2.63059
2.62286
2.61581
2.60914
2.60249
2.59566
2.58846
2.58072
2.57241
2.56432
2.55742
2.55132
2.54535
2.53926
2.53285
2.52589
2.5181
2.50975
2.50226
2.49622
2.49072
2.48525
2.47956
2.47323
2.46572
2.45751
2.45058
2.4451
2.4402
2.43536
2.43044
2.42533
2.41977
2.41348
2.40647
2.39929
2.3928
2.38705
2.38141
2.37546
2.36877
2.36104
2.35274
2.34491
2.33802
2.33182
2.32602
2.32038
2.31459
2.30843
2.30165
2.29425
2.28697
2.2806
2.27511
2.26996
2.26476
2.25927
2.2532
2.24628
2.23906
2.23298
2.2288
2.2218
3.53528
3.22266
2.90253
2.62664
2.44928
2.27778
2.0688
1.89065
1.81585
1.74865
1.65707
1.51766
1.43732
1.40082
1.35591
1.28286
1.18131
1.15339
1.14266
1.12248
1.08489
1.01488
0.987341
0.97004
0.954169
0.932616
0.895692
0.882472
0.871135
0.858556
0.84388
0.819315
0.803021
0.789379
0.775896
0.759223
0.754968
0.754331
0.750491
0.742865
0.73251
0.725128
0.725142
0.727253
0.731393
0.738877
0.75085
0.762585
0.774194
0.781701
0.788164
0.797319
0.810196
0.826228
0.843829
0.860863
0.876738
0.890772
0.90195
0.910149
0.916572
0.923248
0.933764
0.953781
0.975503
0.989506
0.998419
1.01059
1.02597
1.03181
1.03545
1.04441
1.06565
1.09577
1.10602
1.10738
1.1117
1.1232
1.13732
1.14344
1.14829
1.15849
1.17486
1.18704
1.18976
1.19038
1.19318
1.1996
1.20505
1.21043
1.22097
1.23302
1.23566
1.23586
1.23608
1.23582
1.23492
1.23494
1.2359
1.23884
1.24016
1.23943
1.23679
1.23074
1.22188
1.21749
1.21627
1.21507
1.21357
1.21206
1.21045
1.20797
1.20286
1.19625
1.19392
1.19341
1.19315
1.19329
1.1929
1.19214
1.19078
1.18721
1.18327
1.1826
1.18258
1.18301
1.18414
1.18497
1.18521
1.18531
1.18442
1.18284
1.18282
1.18323
1.18399
1.18531
1.18619
1.18632
1.1863
1.18554
1.18408
1.18353
1.18344
1.18346
1.18398
1.18412
1.18377
1.18283
1.18104
1.17892
1.17765
1.1768
1.17594
1.17506
1.17405
1.17278
1.17112
1.16893
1.16641
1.1643
1.1629
1.16171
1.16061
1.15945
1.1581
1.15646
1.15444
1.1522
1.15016
1.14879
1.14784
1.14704
1.14633
1.14546
1.14424
1.1425
1.14026
1.13861
1.13786
1.13725
1.13669
1.13615
1.13551
1.13453
1.1329
1.13082
1.12889
1.12799
1.12756
1.12704
1.12637
1.12559
1.12468
1.12334
1.12146
1.12115
1.1229
1.12766
1.14088
1.17072
1.21656
1.31286
1.43407
1.57288
1.78001
1.93257
2.05728
2.17879
2.52865
2.96764
3.29921
3.47076
3.61466
3.77104
3.84585
3.85489
3.83112
3.78189
3.74604
3.73927
3.76152
3.78352
3.7873
3.76163
3.72334
3.6938
3.67221
3.65746
3.65469
3.65434
3.6495
3.64396
3.63247
3.61915
3.6051
3.58483
3.5639
3.54537
3.53344
3.52584
3.5189
3.50831
3.49194
3.47305
3.45324
3.43888
3.42833
3.42037
3.41043
3.39768
3.38311
3.36699
3.35398
3.34338
3.33472
3.32508
3.31291
3.29926
3.28335
3.26773
3.2552
3.24405
3.23296
3.221
3.2085
3.19474
3.17997
3.16764
3.15731
3.14772
3.13769
3.1272
3.11578
3.10269
3.08985
3.07977
3.07036
3.06081
3.05102
3.04062
3.029
3.0167
3.00624
2.99736
2.98908
2.98062
2.97173
2.96246
2.95231
2.94091
2.92879
2.91759
2.90797
2.89907
2.89023
2.88107
2.87107
2.85976
2.84766
2.83656
2.82724
2.81884
2.81063
2.80219
2.79319
2.78355
2.77363
2.76437
2.75612
2.74845
2.74091
2.73313
2.72471
2.7155
2.70631
2.69837
2.69144
2.68478
2.67802
2.67074
2.66249
2.65316
2.64422
2.63716
2.63098
2.62487
2.61859
2.61181
2.60395
2.59459
2.58499
2.57756
2.57164
2.56589
2.55999
2.55375
2.54678
2.53844
2.52857
2.51903
2.51198
2.50632
2.5009
2.49538
2.48934
2.48221
2.47352
2.46387
2.45639
2.45129
2.44646
2.44162
2.4367
2.43147
2.42548
2.41803
2.4089
2.40005
2.39366
2.3885
2.38334
2.37787
2.37196
2.36546
2.3583
2.35064
2.34313
2.33657
2.33084
2.32535
2.31973
2.31364
2.30686
2.29967
2.29299
2.28733
2.28221
2.27714
2.27181
2.26581
2.25871
2.25075
2.24494
2.23715
3.86382
3.63981
3.39655
3.19835
3.01894
2.81575
2.65197
2.54432
2.42019
2.26025
2.1496
2.08119
2.00477
1.89619
1.77143
1.71712
1.67976
1.63767
1.56564
1.48575
1.45125
1.41532
1.37661
1.31697
1.2556
1.24067
1.22912
1.20958
1.17816
1.12566
1.10395
1.0904
1.07355
1.0512
1.01445
0.999431
0.997477
0.992312
0.981308
0.959761
0.926249
0.909164
0.908689
0.906172
0.898816
0.883722
0.877398
0.87421
0.869406
0.86019
0.844766
0.839431
0.838873
0.841208
0.846363
0.846558
0.844005
0.839263
0.834295
0.833237
0.834103
0.83527
0.837306
0.844021
0.854157
0.857569
0.858533
0.861696
0.870574
0.883408
0.895536
0.909533
0.928476
0.953491
0.976392
0.988361
0.999464
1.01423
1.03218
1.05204
1.07212
1.09448
1.11601
1.13762
1.15256
1.15591
1.15704
1.1627
1.17109
1.17885
1.1901
1.20389
1.20786
1.20751
1.20771
1.21023
1.20977
1.21023
1.21484
1.22301
1.22776
1.22899
1.2291
1.22609
1.22177
1.22166
1.22315
1.2269
1.23312
1.23666
1.2372
1.23691
1.23418
1.23113
1.23019
1.22979
1.23021
1.23306
1.23388
1.23285
1.23048
1.22567
1.22036
1.21869
1.21815
1.21798
1.21848
1.21836
1.21769
1.21639
1.21334
1.20964
1.20859
1.20844
1.20849
1.20891
1.20873
1.20822
1.20725
1.20496
1.20177
1.20051
1.20017
1.19997
1.2
1.19988
1.1995
1.19873
1.19684
1.19405
1.19278
1.19244
1.19231
1.19226
1.19198
1.19145
1.1906
1.18896
1.18634
1.18498
1.18447
1.18398
1.1835
1.18302
1.18241
1.18152
1.17998
1.17755
1.17543
1.17426
1.17341
1.17268
1.17204
1.17128
1.17029
1.16869
1.166
1.16342
1.1621
1.16121
1.16029
1.15953
1.15865
1.15753
1.15588
1.15351
1.15081
1.14913
1.14851
1.14839
1.14879
1.14999
1.15224
1.15865
1.17034
1.19892
1.25663
1.33215
1.47406
1.63871
1.78133
1.98637
2.14069
2.21625
2.29519
2.36088
2.4052
2.4007
2.39323
2.4128
2.48406
2.61246
2.79784
3.03179
3.24685
3.4054
3.52991
3.59847
3.6519
3.72019
3.79915
3.86528
3.9102
3.90856
3.87617
3.83446
3.80076
3.78743
3.78578
3.78399
3.77477
3.75982
3.74337
3.72232
3.6987
3.67265
3.64932
3.62773
3.61219
3.60387
3.59587
3.58639
3.57373
3.5597
3.54216
3.52488
3.51285
3.50197
3.49048
3.47827
3.46466
3.44803
3.43151
3.41923
3.40783
3.39613
3.38397
3.37087
3.35583
3.33935
3.32496
3.31306
3.30178
3.29054
3.27893
3.26619
3.2515
3.23628
3.22407
3.21408
3.20441
3.19445
3.18353
3.17052
3.15501
3.14091
3.13067
3.12151
3.11233
3.1028
3.0925
3.08086
3.06778
3.05495
3.04472
3.03612
3.02782
3.01944
3.01055
3.00045
2.98842
2.97484
2.96218
2.9521
2.9434
2.93495
2.92617
2.91642
2.90512
2.89262
2.88076
2.87087
2.86223
2.85398
2.84562
2.83664
2.82662
2.81585
2.80565
2.79695
2.78914
2.78144
2.77337
2.76444
2.75444
2.74461
2.73669
2.73004
2.72364
2.71705
2.70972
2.70079
2.68997
2.67997
2.67307
2.66724
2.66143
2.65541
2.64874
2.64056
2.63023
2.61913
2.61061
2.60461
2.59893
2.59301
2.58675
2.57965
2.57088
2.55994
2.54881
2.54079
2.53492
2.52962
2.52423
2.51835
2.51131
2.50242
2.49166
2.48252
2.4767
2.47173
2.46685
2.46197
2.45691
2.45092
2.44283
2.43228
2.42179
2.41477
2.41007
2.4056
2.40094
2.39591
2.39019
2.38339
2.37548
2.36729
2.36015
2.35422
2.34883
2.34333
2.33724
2.33021
2.3226
2.31592
2.31063
2.30588
2.30111
2.2959
2.28963
2.28124
2.27326
2.2639
4.07167
3.89055
3.72041
3.54664
3.36845
3.2275
3.09828
2.94686
2.81157
2.71452
2.61404
2.48334
2.35867
2.29065
2.22952
2.15509
2.04862
1.97364
1.93174
1.88256
1.81956
1.72604
1.67362
1.64615
1.61388
1.57309
1.50737
1.47272
1.45168
1.42224
1.38486
1.32409
1.292
1.28488
1.27061
1.25271
1.21919
1.18359
1.16822
1.15057
1.13112
1.10468
1.07212
1.06396
1.0616
1.05278
1.03732
1.0124
0.979282
0.966212
0.959832
0.95151
0.941346
0.928357
0.91897
0.91161
0.901871
0.886605
0.867825
0.861924
0.861641
0.863399
0.867858
0.870494
0.870873
0.869497
0.865698
0.863218
0.86375
0.865686
0.868896
0.874984
0.881248
0.883846
0.884705
0.88491
0.885958
0.888868
0.894318
0.904139
0.919492
0.938113
0.95148
0.961577
0.975312
0.989431
0.998395
1.00794
1.02538
1.04391
1.05936
1.07995
1.0957
1.1013
1.10905
1.12027
1.12714
1.1356
1.15063
1.17035
1.17943
1.18544
1.19395
1.19871
1.20016
1.20269
1.2083
1.21675
1.22629
1.22972
1.23043
1.2303
1.22857
1.22819
1.22818
1.22874
1.23199
1.23654
1.23773
1.23784
1.23724
1.23452
1.23251
1.23266
1.2336
1.23619
1.23884
1.23917
1.23884
1.23735
1.23399
1.23128
1.23058
1.23018
1.23056
1.23133
1.23066
1.22903
1.22627
1.2218
1.21833
1.21704
1.21599
1.21515
1.21461
1.21402
1.21319
1.21172
1.20876
1.20513
1.20407
1.20381
1.20373
1.20386
1.20394
1.20381
1.20349
1.20231
1.20025
1.19946
1.19938
1.19938
1.19969
1.19997
1.19989
1.19946
1.19829
1.19617
1.19489
1.19452
1.1941
1.1935
1.1929
1.1922
1.19117
1.18948
1.18692
1.18446
1.18302
1.1818
1.18057
1.17944
1.17837
1.17717
1.17551
1.17289
1.17088
1.17126
1.17282
1.17827
1.19359
1.21983
1.28091
1.37925
1.48955
1.6814
1.86607
1.99682
2.1745
2.31034
2.35198
2.39288
2.41995
2.44374
2.45218
2.45028
2.43941
2.42378
2.4119
2.40579
2.40056
2.39929
2.40602
2.43062
2.48725
2.5815
2.71335
2.87117
3.0336
3.21603
3.38395
3.50716
3.62637
3.71014
3.74472
3.77589
3.80177
3.82019
3.83371
3.84898
3.85442
3.84071
3.82324
3.79882
3.77006
3.74631
3.72501
3.70145
3.67902
3.66118
3.6468
3.63459
3.62337
3.61193
3.59717
3.58371
3.57258
3.56144
3.55027
3.5386
3.52507
3.50916
3.49467
3.48234
3.47055
3.45871
3.44624
3.43237
3.41635
3.39993
3.38604
3.37401
3.36257
3.35114
3.33915
3.32571
3.3099
3.2929
3.27842
3.26711
3.25705
3.24721
3.23678
3.22431
3.20852
3.19183
3.17932
3.16974
3.16081
3.15189
3.14256
3.13199
3.11927
3.10474
3.09121
3.08085
3.07236
3.06432
3.05607
3.04701
3.03616
3.02293
3.00864
2.99642
2.98696
2.97865
2.9705
2.96184
2.95203
2.94061
2.92834
2.91707
2.90764
2.89933
2.89113
2.88253
2.87301
2.86248
2.85195
2.84248
2.83408
2.82618
2.8183
2.8097
2.79962
2.78859
2.77902
2.7717
2.76536
2.75904
2.75221
2.7443
2.73442
2.72255
2.71217
2.70495
2.69884
2.69295
2.68693
2.6801
2.67152
2.66067
2.64873
2.63903
2.63256
2.6268
2.62086
2.6145
2.60732
2.59849
2.58722
2.57546
2.56653
2.55998
2.55458
2.54926
2.54345
2.53662
2.52799
2.51718
2.50665
2.49942
2.4943
2.48943
2.48443
2.47931
2.4734
2.46551
2.4552
2.44456
2.43678
2.43191
2.42775
2.42343
2.41884
2.41368
2.40753
2.4002
2.39244
2.38543
2.37948
2.37395
2.36811
2.36138
2.35367
2.34644
2.34098
2.33643
2.33201
2.32733
2.32189
2.31438
2.30548
2.29347
4.21396
4.06476
3.92135
3.77591
3.63661
3.4995
3.36556
3.25484
3.14984
3.02385
2.89487
2.80676
2.72677
2.62845
2.52065
2.45191
2.39422
2.32648
2.23215
2.14038
2.0977
2.05549
2.00434
1.92999
1.86961
1.83972
1.80446
1.76106
1.69225
1.64091
1.62026
1.59387
1.56437
1.51706
1.47921
1.46436
1.44355
1.41509
1.37101
1.32796
1.31961
1.31142
1.29442
1.27052
1.23664
1.22086
1.21009
1.19334
1.17001
1.13697
1.12097
1.12024
1.11677
1.10374
1.08193
1.05648
1.04386
1.03514
1.02518
1.00782
0.99432
0.991771
0.989595
0.984102
0.972643
0.953753
0.937245
0.933789
0.933136
0.930654
0.925687
0.920701
0.917171
0.914347
0.908568
0.899387
0.896837
0.896236
0.896628
0.897522
0.897009
0.895093
0.891967
0.889056
0.88822
0.889009
0.890962
0.895638
0.902945
0.906747
0.910013
0.91519
0.923722
0.933136
0.942847
0.95604
0.971426
0.986324
1.00492
1.02367
1.03768
1.0516
1.0676
1.08192
1.09708
1.11211
1.12674
1.14267
1.16481
1.17483
1.1772
1.18215
1.18808
1.19606
1.20239
1.2077
1.21475
1.22447
1.22795
1.22821
1.22714
1.22629
1.22722
1.22809
1.22994
1.23451
1.23756
1.23788
1.23768
1.23604
1.23255
1.23049
1.23022
1.23058
1.23252
1.23349
1.23327
1.23262
1.23086
1.22693
1.22432
1.22394
1.2239
1.225
1.22571
1.22523
1.22415
1.22251
1.21969
1.21761
1.21719
1.21696
1.21671
1.21627
1.21576
1.21509
1.21386
1.2118
1.21047
1.20993
1.20949
1.20899
1.20843
1.20779
1.20702
1.20558
1.20349
1.20187
1.20096
1.20028
1.19991
1.1998
1.19952
1.1987
1.1971
1.19472
1.19315
1.19287
1.1927
1.19194
1.191
1.19075
1.19034
1.19021
1.19151
1.19584
1.21116
1.24545
1.29964
1.41427
1.55235
1.69559
1.92802
2.09016
2.19628
2.33184
2.42538
2.44963
2.46723
2.47391
2.47633
2.48163
2.48158
2.4734
2.45908
2.44162
2.42963
2.42211
2.41629
2.40903
2.39861
2.38518
2.37151
2.36355
2.35964
2.35786
2.36328
2.37615
2.40694
2.46792
2.56229
2.6805
2.82313
2.99334
3.15299
3.31242
3.47935
3.57804
3.64307
3.706
3.74087
3.7545
3.76937
3.77397
3.76925
3.75985
3.74495
3.72071
3.69454
3.66865
3.64654
3.63045
3.61693
3.60349
3.58977
3.57707
3.56499
3.5554
3.54642
3.5357
3.52177
3.50788
3.49524
3.48355
3.47263
3.4616
3.44969
3.43578
3.42004
3.40565
3.39399
3.38341
3.37295
3.36212
3.35043
3.3372
3.32226
3.30733
3.29445
3.28307
3.27214
3.26124
3.24998
3.2378
3.22441
3.21088
3.19872
3.18764
3.17702
3.16689
3.157
3.14677
3.13579
3.12392
3.11183
3.1003
3.08967
3.08009
3.07107
3.06192
3.05197
3.04083
3.02902
3.01759
3.00695
2.99698
2.98758
2.97853
2.96929
2.95941
2.94921
2.9396
2.9306
2.92182
2.91279
2.90337
2.8937
2.88392
2.87489
2.86654
2.8588
2.85147
2.84366
2.83505
2.82493
2.81359
2.80383
2.79589
2.78933
2.78308
2.77629
2.76893
2.7604
2.75021
2.73915
2.72893
2.72109
2.71445
2.70799
2.70156
2.69422
2.68558
2.67568
2.66437
2.65431
2.64725
2.64071
2.63444
2.62806
2.62098
2.61265
2.60241
2.59182
2.58307
2.57548
2.56974
2.56456
2.55857
2.55176
2.54382
2.53418
2.52438
2.51692
2.51076
2.50544
2.50029
2.49507
2.48927
2.48181
2.47302
2.46425
2.45652
2.45053
2.44572
2.4412
2.43655
2.43146
2.42565
2.41918
2.41278
2.40676
2.40081
2.39434
2.38664
2.37803
2.37078
2.36548
2.36106
2.3568
2.35236
2.34737
2.34105
2.33331
2.3193
4.32234
4.19312
4.06877
3.94704
3.82065
3.69933
3.58918
3.47588
3.36338
3.26616
3.17201
3.06468
2.95486
2.87866
2.81356
2.73426
2.63241
2.55419
2.49836
2.43707
2.36
2.28136
2.23885
2.19989
2.15176
2.08253
2.00786
1.97382
1.94099
1.90179
1.84626
1.79854
1.77612
1.74963
1.71643
1.66408
1.61335
1.59599
1.57602
1.55214
1.51814
1.48207
1.46672
1.4504
1.42824
1.39633
1.35313
1.33875
1.33205
1.31815
1.3008
1.27332
1.25323
1.241
1.22536
1.20764
1.18036
1.15752
1.15355
1.14865
1.13872
1.12397
1.0993
1.08174
1.06964
1.05714
1.04659
1.03187
1.02262
1.01802
1.01197
1.00234
0.986193
0.963626
0.951236
0.949912
0.948037
0.943369
0.937935
0.932816
0.92785
0.919519
0.906912
0.901357
0.900174
0.899606
0.900355
0.904558
0.907295
0.907179
0.904705
0.90206
0.901994
0.902583
0.90406
0.907644
0.913526
0.91715
0.918413
0.920033
0.922426
0.925701
0.930861
0.93839
0.949412
0.963688
0.976374
0.988457
1.00368
1.01489
1.02442
1.03962
1.05459
1.06652
1.08086
1.10628
1.121
1.1279
1.13862
1.15023
1.15462
1.16029
1.17117
1.17884
1.18657
1.19855
1.20387
1.20376
1.2031
1.2052
1.20684
1.20812
1.21067
1.21549
1.21834
1.21893
1.21897
1.21851
1.21754
1.21764
1.21898
1.2212
1.22403
1.22517
1.22529
1.22528
1.22451
1.22446
1.22482
1.22529
1.22654
1.2275
1.22733
1.2266
1.22519
1.22288
1.22116
1.22053
1.22017
1.21976
1.219
1.21806
1.2168
1.21471
1.21098
1.2078
1.20695
1.20624
1.20518
1.20405
1.203
1.20189
1.20029
1.19772
1.19582
1.19539
1.19537
1.19555
1.19602
1.19685
1.19922
1.20554
1.21983
1.26016
1.32668
1.42197
1.5991
1.75816
1.92302
2.15569
2.27331
2.35256
2.43936
2.49683
2.51556
2.51416
2.50602
2.50144
2.49976
2.50118
2.49702
2.4856
2.47001
2.4503
2.43221
2.42278
2.41829
2.41392
2.4066
2.39751
2.38501
2.36965
2.36064
2.35431
2.34714
2.33839
2.33096
2.32288
2.31209
2.30521
2.30422
2.30873
2.32593
2.35925
2.41671
2.50279
2.62686
2.77964
2.92731
3.09394
3.24933
3.35983
3.47454
3.57158
3.61291
3.64337
3.65745
3.66651
3.67041
3.66418
3.65049
3.6314
3.60851
3.5879
3.5715
3.5579
3.54644
3.53802
3.52885
3.51465
3.49842
3.48492
3.47389
3.46579
3.45721
3.44743
3.43579
3.42181
3.40713
3.39447
3.3839
3.374
3.36391
3.35322
3.34164
3.3293
3.31722
3.306
3.29507
3.28361
3.27069
3.25596
3.24315
3.23359
3.22468
3.21557
3.20582
3.19472
3.18085
3.16529
3.15375
3.14517
3.13696
3.12857
3.11969
3.10966
3.09731
3.08248
3.06946
3.06032
3.05232
3.04437
3.0363
3.0277
3.01775
3.0054
2.99151
2.98008
2.97175
2.9643
2.95722
2.95007
2.94239
2.93378
2.92321
2.91071
2.89961
2.89145
2.88485
2.87833
2.87188
2.86509
2.85722
2.84823
2.83784
2.82679
2.81721
2.80881
2.80142
2.79453
2.78741
2.78008
2.77235
2.76412
2.75515
2.74504
2.73448
2.72446
2.71607
2.70958
2.7031
2.69636
2.6892
2.68049
2.67008
2.65915
2.64898
2.64192
2.63606
2.62997
2.62379
2.6168
2.609
2.60016
2.58914
2.57953
2.57394
2.56843
2.56272
2.55705
2.55051
2.54296
2.5345
2.52508
2.51745
2.51162
2.50636
2.50157
2.49637
2.49071
2.48452
2.47723
2.46885
2.46071
2.45434
2.4493
2.44469
2.44003
2.43524
2.43035
2.42514
2.41934
2.4123
2.40313
2.39305
2.38539
2.37997
2.37546
2.37111
2.36661
2.36188
2.35662
2.35066
2.33686
4.4132
4.29931
4.18915
4.07964
3.9727
3.86673
3.75616
3.65241
3.56011
3.46126
3.35749
3.27053
3.19071
3.09993
3.00475
2.93484
2.87218
2.79967
2.70783
2.63017
2.58353
2.53477
2.47173
2.39423
2.34353
2.30108
2.25152
2.18779
2.12322
2.09341
2.06645
2.03129
1.97997
1.91952
1.88889
1.8603
1.82732
1.78229
1.7417
1.72531
1.70669
1.68121
1.64286
1.59282
1.57322
1.5576
1.53694
1.51107
1.47932
1.4646
1.45252
1.43442
1.40924
1.36998
1.3477
1.34294
1.3325
1.31801
1.2969
1.27693
1.26615
1.25313
1.23614
1.212
1.18627
1.18017
1.17853
1.17111
1.15847
1.13942
1.12211
1.11105
1.09949
1.08636
1.06948
1.06122
1.05792
1.05376
1.04707
1.03597
1.01818
0.997728
0.991594
0.9902
0.986865
0.980701
0.974635
0.970508
0.965504
0.957544
0.944552
0.936444
0.934443
0.932946
0.932246
0.932035
0.931065
0.928434
0.922627
0.916764
0.915356
0.914998
0.915248
0.91611
0.915446
0.91404
0.911663
0.909135
0.909268
0.910716
0.913594
0.920343
0.928606
0.933738
0.938781
0.947449
0.958668
0.967153
0.976546
0.991399
1.00797
1.02354
1.04314
1.06093
1.0739
1.08702
1.10535
1.11328
1.11961
1.13175
1.14649
1.15791
1.17213
1.18199
1.18594
1.18963
1.19453
1.19563
1.19726
1.20272
1.21052
1.21703
1.21872
1.21918
1.22026
1.22044
1.21901
1.21804
1.21881
1.22075
1.22274
1.22336
1.22332
1.22259
1.22007
1.2156
1.213
1.21264
1.21223
1.21123
1.21021
1.20956
1.20825
1.20539
1.20411
1.20408
1.20431
1.20448
1.20426
1.20405
1.20381
1.20299
1.20127
1.20007
1.20003
1.20065
1.20343
1.21315
1.23202
1.27024
1.35553
1.45936
1.60121
1.82405
1.97665
2.1369
2.33381
2.40764
2.45332
2.49318
2.52485
2.54422
2.54624
2.53956
2.52449
2.51429
2.50769
2.50053
2.49163
2.48065
2.46778
2.45349
2.43623
2.42325
2.4171
2.4126
2.40705
2.39973
2.3908
2.37848
2.36758
2.36015
2.35306
2.34627
2.33849
2.32934
2.31974
2.30806
2.29553
2.28767
2.2823
2.27881
2.27626
2.27227
2.26761
2.2645
2.26648
2.28037
2.31329
2.36767
2.45153
2.56055
2.69272
2.8522
2.99627
3.13772
3.28884
3.38321
3.45451
3.52258
3.55995
3.5667
3.56468
3.55978
3.55383
3.5492
3.54294
3.52972
3.51101
3.49245
3.475
3.46235
3.45288
3.44487
3.43417
3.42287
3.41174
3.40137
3.39276
3.38427
3.37467
3.36368
3.35125
3.33841
3.32771
3.31893
3.31033
3.30112
3.29094
3.27923
3.26492
3.24973
3.23858
3.22974
3.22114
3.21245
3.20344
3.19334
3.18077
3.16571
3.15252
3.14291
3.13453
3.1264
3.11818
3.10931
3.0984
3.08431
3.07024
3.06
3.05197
3.04444
3.03701
3.0292
3.0203
3.00888
2.99477
2.98294
2.97479
2.96776
2.961
2.95418
2.9469
2.93858
2.92817
2.9158
2.90534
2.89774
2.89104
2.88455
2.87793
2.8708
2.86281
2.8537
2.84371
2.83382
2.82489
2.81657
2.80828
2.79981
2.79131
2.78334
2.77605
2.76901
2.76173
2.75331
2.74265
2.73024
2.71943
2.71233
2.70659
2.7008
2.69471
2.68782
2.67925
2.66807
2.65472
2.64545
2.63977
2.6343
2.62907
2.62376
2.6179
2.61057
2.59993
2.5873
2.5793
2.57386
2.56881
2.56402
2.55896
2.55331
2.54608
2.53629
2.5256
2.51797
2.51337
2.50925
2.50502
2.50072
2.49599
2.49004
2.48183
2.47154
2.46282
2.45732
2.45286
2.44849
2.44408
2.43964
2.43489
2.4294
2.42251
2.4135
2.40335
2.39459
2.38824
2.38318
2.37843
2.37391
2.36948
2.36465
2.35967
2.34698
4.50853
4.40344
4.29933
4.19858
4.10005
4.00175
3.90629
3.81267
3.71613
3.62497
3.54252
3.45463
3.3594
3.27904
3.20938
3.13074
3.04241
2.97366
2.91593
2.85172
2.77224
2.7012
2.65584
2.60871
2.55057
2.47361
2.41771
2.38212
2.34219
2.29049
2.23014
2.19429
2.16222
2.12276
2.06993
2.01058
1.98546
1.96547
1.93877
1.90065
1.8531
1.82587
1.80081
1.77157
1.73327
1.69284
1.67877
1.66726
1.64851
1.62222
1.58019
1.55348
1.53831
1.5196
1.49888
1.4707
1.4553
1.44714
1.43427
1.41556
1.38494
1.35135
1.34326
1.33578
1.32411
1.30989
1.29142
1.27967
1.26814
1.25323
1.23429
1.20694
1.19266
1.19031
1.18607
1.17812
1.16695
1.14913
1.13248
1.11801
1.10528
1.0944
1.0818
1.07578
1.07216
1.06684
1.05899
1.04603
1.02414
1.00552
1.00159
0.999408
0.995711
0.991304
0.985879
0.979648
0.970878
0.956837
0.941426
0.936863
0.935193
0.934141
0.934382
0.934023
0.932011
0.927881
0.919757
0.91377
0.912962
0.912793
0.913738
0.917886
0.921723
0.922091
0.921627
0.919569
0.917526
0.917533
0.918252
0.920691
0.926382
0.93367
0.938564
0.943198
0.947598
0.951864
0.958999
0.969322
0.979059
0.990996
1.00967
1.02535
1.03798
1.05366
1.06333
1.07081
1.08281
1.09551
1.1056
1.11768
1.13862
1.15413
1.15488
1.15637
1.16352
1.16962
1.1692
1.17095
1.17966
1.19005
1.19294
1.19289
1.19293
1.19452
1.19446
1.19403
1.19501
1.19882
1.20269
1.20363
1.20399
1.20418
1.20369
1.2035
1.20403
1.20563
1.20832
1.20875
1.20833
1.20747
1.20582
1.20509
1.20702
1.21658
1.24158
1.28509
1.37461
1.51106
1.64133
1.83429
2.05172
2.16961
2.30569
2.44982
2.49867
2.52719
2.54104
2.54598
2.5471
2.54956
2.54633
2.54124
2.53459
2.5243
2.51018
2.49664
2.48499
2.47388
2.46151
2.44846
2.43354
2.42304
2.41809
2.41467
2.40993
2.40357
2.39492
2.38253
2.37129
2.36474
2.35904
2.35319
2.34599
2.33728
2.32646
2.31302
2.30515
2.30129
2.29837
2.29392
2.28818
2.28072
2.26979
2.25845
2.25139
2.24629
2.24206
2.23904
2.23401
2.22807
2.22363
2.22532
2.23644
2.26544
2.31602
2.39199
2.50014
2.63589
2.77938
2.93829
3.09402
3.20327
3.29948
3.39586
3.44629
3.46322
3.4786
3.4823
3.48249
3.47905
3.47332
3.46607
3.45407
3.43962
3.42274
3.40813
3.39839
3.39341
3.38789
3.38015
3.36989
3.35833
3.34545
3.33167
3.32096
3.31377
3.30646
3.29825
3.28902
3.27857
3.26652
3.25338
3.24115
3.23084
3.22173
3.21286
3.20374
3.19422
3.18402
3.17313
3.16177
3.15029
3.13917
3.12863
3.11857
3.10894
3.09927
3.08922
3.07948
3.06992
3.06036
3.05092
3.04135
3.03151
3.02163
3.01187
3.00249
2.99448
2.98687
2.97883
2.97031
2.96118
2.95117
2.94075
2.93107
2.92288
2.91603
2.90943
2.90238
2.89455
2.88562
2.87539
2.86447
2.85446
2.84623
2.8391
2.83231
2.82529
2.81732
2.80771
2.79649
2.78568
2.7773
2.77031
2.76355
2.75665
2.74893
2.73967
2.72889
2.71783
2.70914
2.70293
2.69702
2.69084
2.68421
2.67652
2.66719
2.65677
2.64754
2.6403
2.63428
2.62899
2.62364
2.61776
2.61061
2.60153
2.59188
2.58388
2.57786
2.57255
2.56718
2.56122
2.5538
2.54431
2.53418
2.52696
2.52236
2.51809
2.5137
2.50904
2.50371
2.49706
2.4884
2.47872
2.47165
2.46698
2.46249
2.45756
2.45219
2.44634
2.43961
2.43166
2.42302
2.41561
2.40963
2.40415
2.3986
2.39258
2.38549
2.37679
2.36806
2.36105
2.35644
2.34822
4.62218
4.52461
4.42503
4.32536
4.22738
4.13271
4.04104
3.9512
3.86536
3.78213
3.6964
3.61246
3.53527
3.45616
3.37002
3.29361
3.22987
3.16111
3.08072
3.01106
2.95642
2.8986
2.82787
2.75828
2.71238
2.66724
2.61426
2.54598
2.49147
2.45789
2.42029
2.37241
2.30856
2.26655
2.23686
2.20239
2.15861
2.10718
2.08006
2.05727
2.02646
1.98416
1.92877
1.90374
1.88721
1.86476
1.83479
1.79618
1.77401
1.75514
1.73
1.69664
1.654
1.63732
1.63083
1.61697
1.59768
1.56765
1.53992
1.52392
1.50562
1.48608
1.46004
1.44124
1.4364
1.42961
1.41579
1.39505
1.36315
1.34268
1.33652
1.32639
1.31453
1.29856
1.28668
1.27988
1.27008
1.25465
1.23047
1.2056
1.19932
1.19836
1.19369
1.18426
1.17341
1.15941
1.14576
1.13212
1.11939
1.10734
1.09545
1.09072
1.08917
1.0859
1.07816
1.06445
1.04461
1.02817
1.02427
1.02245
1.01821
1.01184
1.0064
1.00218
0.996735
0.985208
0.968481
0.962423
0.960027
0.958535
0.958038
0.956684
0.953637
0.948645
0.941145
0.934117
0.930639
0.929374
0.928987
0.929253
0.930265
0.92962
0.926865
0.922461
0.918857
0.918242
0.91832
0.919679
0.922429
0.924551
0.926185
0.926699
0.926547
0.928398
0.932742
0.939377
0.949047
0.961066
0.973664
0.985926
0.998429
1.01121
1.02313
1.03377
1.04516
1.06068
1.07657
1.09028
1.10398
1.12445
1.13666
1.13765
1.14039
1.14716
1.1565
1.16302
1.17143
1.1856
1.19279
1.19336
1.19342
1.19423
1.1938
1.19417
1.19549
1.1982
1.20169
1.20584
1.20965
1.2176
1.23883
1.28024
1.36506
1.5174
1.67636
1.84797
2.09654
2.23768
2.32795
2.44654
2.5096
2.53228
2.56024
2.57285
2.57153
2.56664
2.55977
2.551
2.54376
2.53736
2.53
2.52008
2.50789
2.49369
2.48011
2.46769
2.45489
2.44464
2.43679
2.42867
2.42064
2.41488
2.41012
2.40417
2.39697
2.38854
2.37823
2.36946
2.36225
2.35482
2.34762
2.34068
2.33368
2.32514
2.31717
2.31304
2.30853
2.30286
2.29791
2.29262
2.28595
2.27828
2.27066
2.26482
2.25929
2.25246
2.24477
2.23616
2.22548
2.21629
2.21068
2.20657
2.20544
2.20326
2.20033
2.20023
2.20336
2.21503
2.24105
2.28773
2.36107
2.46425
2.58712
2.72841
2.87898
3.00876
3.12491
3.23907
3.30536
3.3455
3.38544
3.41205
3.42488
3.42471
3.42442
3.42277
3.4175
3.41104
3.4027
3.38945
3.37849
3.37186
3.365
3.35631
3.34673
3.3364
3.3237
3.31089
3.29977
3.29023
3.28115
3.2718
3.26198
3.25114
3.23981
3.22857
3.21825
3.20886
3.19985
3.19082
3.1812
3.17049
3.15856
3.14567
3.13284
3.12164
3.11254
3.10447
3.09658
3.08822
3.07906
3.06893
3.05759
3.04543
3.03469
3.02663
3.01988
3.01326
3.00614
2.99805
2.98834
2.97661
2.96354
2.95172
2.94396
2.9376
2.93102
2.9242
2.91679
2.90814
2.89749
2.88443
2.87157
2.86179
2.85474
2.84843
2.84199
2.83525
2.8276
2.81823
2.80679
2.79484
2.78504
2.77751
2.77084
2.76427
2.75777
2.75065
2.74196
2.73194
2.72166
2.71241
2.70539
2.69939
2.69331
2.68695
2.68005
2.67228
2.6639
2.65555
2.6479
2.64103
2.63468
2.62865
2.62263
2.61575
2.60775
2.60006
2.59319
2.5868
2.58059
2.57356
2.56468
2.55421
2.54524
2.53944
2.53474
2.5301
2.52526
2.51983
2.51302
2.50385
2.49363
2.48645
2.48162
2.4772
2.47261
2.46734
2.46111
2.4536
2.44369
2.43216
2.425
2.42084
2.41662
2.41212
2.40739
2.40168
2.39377
2.38196
2.36966
2.36201
2.35801
2.35106
4.76083
4.66652
4.56742
4.46482
4.36386
4.27045
4.18312
4.09661
4.0117
3.92921
3.84559
3.76207
3.68305
3.60765
3.53525
3.46381
3.3887
3.31645
3.25396
3.19076
3.1176
3.0469
2.99398
2.94219
2.8803
2.81285
2.76512
2.72229
2.67238
2.60909
2.55426
2.52092
2.48388
2.43854
2.37957
2.33792
2.31133
2.27892
2.23654
2.18293
2.15237
2.12836
2.09733
2.05771
2.0116
1.99035
1.97364
1.94857
1.91397
1.86688
1.84306
1.82697
1.80553
1.779
1.74571
1.72808
1.71543
1.69583
1.66804
1.62768
1.60472
1.5994
1.58813
1.57188
1.54905
1.52675
1.51289
1.49676
1.47719
1.45173
1.42836
1.42275
1.4201
1.41035
1.3951
1.37384
1.34865
1.33722
1.32668
1.31491
1.30137
1.28789
1.28215
1.27683
1.26686
1.24954
1.2238
1.20576
1.20301
1.20095
1.19294
1.18372
1.17433
1.16378
1.15147
1.13564
1.12215
1.1099
1.10114
1.09803
1.09586
1.09109
1.08249
1.06942
1.04944
1.03612
1.03246
1.0285
1.02316
1.01718
1.01365
1.00984
1.00194
0.985442
0.968818
0.96531
0.963763
0.960607
0.958552
0.957576
0.955251
0.949738
0.939214
0.928919
0.925963
0.925175
0.924842
0.926275
0.928005
0.927854
0.927271
0.925237
0.921675
0.920419
0.920336
0.920917
0.923604
0.927948
0.93056
0.931405
0.931782
0.931732
0.933042
0.935544
0.939712
0.947486
0.958521
0.970652
0.979827
0.987691
0.996733
1.0087
1.0175
1.02589
1.0404
1.0589
1.07247
1.08675
1.10435
1.10867
1.11176
1.11914
1.12652
1.13851
1.15114
1.16361
1.18924
1.23211
1.29938
1.44963
1.63115
1.80063
2.05014
2.22516
2.31772
2.4204
2.50021
2.52069
2.54701
2.57088
2.58337
2.58994
2.58882
2.58606
2.58071
2.57484
2.56867
2.55993
2.55133
2.54198
2.5256
2.50638
2.48907
2.472
2.46186
2.45509
2.44805
2.44214
2.43681
2.43017
2.42199
2.41503
2.4098
2.40321
2.39461
2.38562
2.37703
2.36835
2.36082
2.35394
2.34635
2.33795
2.33133
2.32762
2.32515
2.32324
2.3193
2.31309
2.30526
2.29552
2.28747
2.28247
2.27777
2.27279
2.26703
2.25988
2.25048
2.23901
2.23057
2.22616
2.22358
2.22128
2.21747
2.213
2.20662
2.19975
2.19476
2.19155
2.18998
2.18937
2.18891
2.19134
2.19852
2.21554
2.25325
2.31791
2.41031
2.52016
2.6573
2.79686
2.91997
3.05142
3.14693
3.21379
3.28763
3.34702
3.36031
3.37054
3.38494
3.39024
3.38908
3.39003
3.39289
3.39286
3.38439
3.37247
3.35836
3.34357
3.33201
3.32458
3.31717
3.30869
3.2993
3.28679
3.27246
3.25785
3.24427
3.23325
3.22464
3.21712
3.20917
3.20002
3.18949
3.17737
3.16412
3.15202
3.14263
3.13495
3.12767
3.12012
3.11198
3.10258
3.09133
3.07885
3.06749
3.05903
3.05162
3.04397
3.0361
3.02743
3.01701
3.00424
2.99053
2.97934
2.97075
2.96347
2.95586
2.94768
2.93919
2.92939
2.9176
2.90461
2.89295
2.88425
2.87697
2.87009
2.86272
2.85476
2.84636
2.83713
2.82701
2.81678
2.80749
2.79947
2.79217
2.78489
2.77734
2.77023
2.76307
2.7552
2.74688
2.73812
2.72898
2.72077
2.71347
2.7066
2.70017
2.69361
2.68712
2.68064
2.67331
2.66521
2.65671
2.64775
2.63979
2.6336
2.62739
2.62106
2.61482
2.60812
2.6009
2.59256
2.58162
2.56982
2.56142
2.55571
2.55085
2.54594
2.54059
2.53434
2.52597
2.51457
2.50431
2.49826
2.49371
2.48933
2.48476
2.47957
2.47287
2.46319
2.45069
2.44015
2.43453
2.43036
2.42606
2.42138
2.41689
2.41179
2.40486
2.39489
2.38256
2.3714
2.3657
2.35839
4.93402
4.83832
4.7334
4.6222
4.51539
4.42162
4.33974
4.26147
4.17839
4.08859
3.99977
3.91678
3.83471
3.75612
3.68929
3.62579
3.55394
3.47522
3.40517
3.34434
3.28172
3.21697
3.15369
3.09527
3.04164
2.98738
2.92792
2.86699
2.8179
2.77318
2.72477
2.66923
2.61963
2.58419
2.54642
2.50066
2.44514
2.40616
2.3781
2.34398
2.30032
2.252
2.22502
2.20125
2.17062
2.12975
2.08616
2.06424
2.04353
2.0159
1.97968
1.93975
1.92197
1.9068
1.88518
1.85528
1.81747
1.79732
1.78125
1.76051
1.73542
1.70487
1.68959
1.68032
1.66527
1.64362
1.60983
1.58337
1.57577
1.56465
1.54954
1.5293
1.51133
1.50151
1.48965
1.47235
1.44736
1.42056
1.41298
1.41091
1.40268
1.38978
1.37411
1.35734
1.34472
1.33106
1.31623
1.29897
1.28784
1.28544
1.28254
1.27366
1.2599
1.24291
1.22152
1.21095
1.2077
1.20093
1.19216
1.18367
1.17624
1.16975
1.16009
1.14541
1.12518
1.11369
1.11158
1.11092
1.10705
1.09899
1.09003
1.08157
1.07077
1.05234
1.04133
1.03979
1.03819
1.03407
1.02815
1.02374
1.01849
1.00782
0.990017
0.98175
0.979982
0.978258
0.976767
0.975243
0.972573
0.967691
0.958622
0.948281
0.945523
0.943922
0.941468
0.940217
0.939924
0.939445
0.938467
0.935875
0.931085
0.928885
0.928345
0.927814
0.928328
0.928612
0.92781
0.926549
0.924313
0.922342
0.922539
0.924097
0.927864
0.933883
0.939916
0.946288
0.952033
0.957501
0.966583
0.97865
0.989873
1.00331
1.02122
1.05893
1.13087
1.24289
1.45592
1.64389
1.84225
2.0995
2.2074
2.2883
2.37832
2.41971
2.43574
2.45745
2.47127
2.48032
2.49028
2.50172
2.50982
2.51068
2.50791
2.51
2.50811
2.50152
2.50296
2.49679
2.48747
2.48392
2.47532
2.47262
2.47207
2.46761
2.46606
2.46442
2.45947
2.45464
2.44895
2.4424
2.43744
2.43008
2.42141
2.41263
2.40115
2.38827
2.38079
2.37683
2.37364
2.36971
2.36438
2.35687
2.35129
2.34772
2.34389
2.33994
2.33316
2.32456
2.31731
2.30707
2.29502
2.28866
2.28092
2.27336
2.26919
2.26485
2.25898
2.25292
2.24743
2.24323
2.24111
2.23782
2.23271
2.22888
2.22361
2.21568
2.20964
2.20273
2.19399
2.18918
2.18439
2.17677
2.17244
2.1713
2.16628
2.16519
2.16922
2.17708
2.19205
2.22488
2.27839
2.35083
2.45313
2.56983
2.68747
2.83098
2.94831
3.03691
3.14016
3.22179
3.25303
3.2856
3.3209
3.34383
3.35023
3.35876
3.37215
3.37851
3.37758
3.37539
3.37155
3.36402
3.35243
3.34228
3.33262
3.32046
3.3083
3.2971
3.28666
3.27567
3.26363
3.251
3.23843
3.22599
3.21405
3.20323
3.19354
3.18507
3.1772
3.16924
3.16047
3.15079
3.14019
3.12873
3.11752
3.10742
3.09836
3.08958
3.08022
3.07026
3.05928
3.04704
3.03442
3.0229
3.01341
3.00456
2.9957
2.9863
2.97649
2.96588
2.95333
2.94128
2.93127
2.92267
2.91512
2.90729
2.89918
2.89041
2.88034
2.87017
2.8605
2.85184
2.84389
2.8361
2.82866
2.82096
2.81263
2.80356
2.79515
2.78783
2.78065
2.77334
2.76533
2.75661
2.74807
2.73957
2.73167
2.72474
2.71777
2.71156
2.70569
2.69829
2.68936
2.67965
2.66891
2.66033
2.65478
2.64847
2.64181
2.63509
2.62738
2.61901
2.60881
2.59708
2.58741
2.57962
2.5733
2.56768
2.5615
2.55447
2.54618
2.53625
2.52647
2.5187
2.51209
2.50677
2.50196
2.49624
2.48895
2.4796
2.46832
2.45942
2.45377
2.44843
2.44344
2.43818
2.43241
2.42696
2.42059
2.41236
2.40263
2.39253
2.38505
2.37507
5.13418
5.04082
4.92711
4.80191
4.69168
4.60454
4.52609
4.447
4.3639
4.27289
4.17054
4.06958
3.99618
3.93367
3.86284
3.78783
3.71943
3.64926
3.56834
3.4844
3.42837
3.38351
3.32858
3.25911
3.191
3.1406
3.09022
3.03118
2.96811
2.92028
2.88073
2.83651
2.78398
2.72675
2.68374
2.64714
2.6064
2.55866
2.50964
2.47641
2.446
2.41154
2.36743
2.32232
2.29529
2.26839
2.23679
2.19483
2.1549
2.13472
2.11359
2.08786
2.0526
2.01318
1.99304
1.97427
1.95124
1.9205
1.88463
1.86772
1.85318
1.83479
1.81036
1.77735
1.75809
1.74327
1.72509
1.70377
1.67524
1.65877
1.64933
1.63686
1.62082
1.59461
1.57157
1.55775
1.54409
1.52993
1.51217
1.49875
1.48922
1.47848
1.46493
1.44419
1.41909
1.41098
1.40494
1.39376
1.38049
1.36721
1.36037
1.35266
1.3392
1.31967
1.2968
1.28809
1.28673
1.28366
1.27554
1.26503
1.25349
1.23698
1.22245
1.21391
1.20609
1.19676
1.18766
1.18414
1.18068
1.17313
1.15926
1.14013
1.12877
1.12366
1.11809
1.11277
1.1085
1.10366
1.09669
1.08641
1.07237
1.05546
1.04833
1.04606
1.04371
1.03993
1.03488
1.02944
1.0224
1.01052
0.992574
0.984726
0.983252
0.982438
0.980243
0.977002
0.973977
0.969368
0.958802
0.945793
0.941724
0.94117
0.940777
0.938948
0.937803
0.93748
0.936674
0.933313
0.925917
0.92273
0.92232
0.922265
0.923846
0.92823
0.930257
0.930355
0.929863
0.930876
0.937103
0.953307
1.00977
1.10424
1.23499
1.476
1.65657
1.82777
2.04822
2.13236
2.18479
2.22488
2.24881
2.2653
2.27287
2.27559
2.28054
2.28567
2.29391
2.30127
2.30191
2.30897
2.31509
2.31987
2.32669
2.33383
2.34358
2.35415
2.36794
2.37645
2.37946
2.38522
2.39053
2.39633
2.4089
2.41588
2.41786
2.42116
2.42056
2.4139
2.40889
2.40759
2.40965
2.40445
2.40118
2.39906
2.39306
2.38821
2.38584
2.38606
2.38598
2.38415
2.38233
2.37644
2.37043
2.36553
2.3564
2.34883
2.33901
2.32855
2.32277
2.31371
2.30647
2.30119
2.29367
2.28751
2.28432
2.28146
2.27849
2.27576
2.27212
2.26653
2.26074
2.25393
2.24706
2.24162
2.23373
2.22654
2.22149
2.21433
2.20418
2.19807
2.19313
2.1858
2.18126
2.17946
2.17587
2.17264
2.16986
2.16512
2.16365
2.16145
2.15998
2.16005
2.16333
2.17475
2.19219
2.22801
2.28861
2.36446
2.45583
2.57418
2.69385
2.80062
2.91974
3.02858
3.09612
3.15908
3.23232
3.28282
3.2952
3.31308
3.33974
3.35409
3.35351
3.36134
3.37403
3.3815
3.37986
3.36968
3.35626
3.3442
3.3323
3.3209
3.31157
3.30059
3.288
3.27592
3.26346
3.24804
3.23325
3.22044
3.20895
3.19764
3.18682
3.17684
3.16664
3.15612
3.14565
3.13577
3.12571
3.1162
3.1069
3.09722
3.08704
3.07653
3.06612
3.05664
3.04715
3.03756
3.02727
3.01695
3.00543
2.99428
2.98333
2.97336
2.96443
2.95569
2.94715
2.93829
2.92844
2.91798
2.90774
2.89884
2.89059
2.88286
2.87527
2.86778
2.85965
2.8506
2.8413
2.83219
2.8243
2.81701
2.8099
2.8026
2.79447
2.78583
2.7769
2.76806
2.75996
2.75179
2.74444
2.73788
2.73007
2.72134
2.71189
2.70129
2.69239
2.68479
2.67651
2.6689
2.66079
2.65245
2.6444
2.63512
2.62588
2.61607
2.60622
2.59823
2.59056
2.58305
2.57555
2.5681
2.56046
2.5525
2.5444
2.53557
2.52756
2.52009
2.51146
2.50359
2.49664
2.49001
2.48446
2.47859
2.47216
2.46534
2.457
2.44894
2.44203
2.43473
2.42768
2.42094
2.41519
2.40432
5.3367
5.24601
5.13594
5.0062
4.88788
4.80338
4.73325
4.66242
4.58113
4.48195
4.36609
4.25795
4.17559
4.10981
4.05056
3.98847
3.9131
3.8141
3.72659
3.66644
3.60315
3.53649
3.4866
3.43833
3.37831
3.2984
3.21754
3.17629
3.14016
3.09389
3.03367
2.97867
2.9381
2.8939
2.84222
2.78093
2.73962
2.70972
2.67498
2.63442
2.58139
2.54078
2.50981
2.47612
2.43647
2.39009
2.36142
2.33536
2.30632
2.27147
2.22775
2.20241
2.17986
2.1536
2.12183
2.08065
2.05854
2.04067
2.01968
1.99557
1.9592
1.93554
1.91836
1.89802
1.8761
1.84296
1.82127
1.80866
1.7922
1.77614
1.75072
1.72485
1.71086
1.69387
1.67753
1.65676
1.6335
1.62363
1.61183
1.59762
1.58124
1.5618
1.54693
1.52975
1.50931
1.49698
1.49001
1.48287
1.47261
1.45758
1.43698
1.42004
1.41071
1.40049
1.3899
1.37689
1.36384
1.35842
1.35321
1.34398
1.32877
1.30583
1.28937
1.28651
1.28479
1.2787
1.26923
1.25852
1.24947
1.23967
1.22736
1.21075
1.19844
1.19547
1.19386
1.19005
1.18396
1.17552
1.16215
1.14605
1.13547
1.12968
1.12247
1.1174
1.11548
1.11218
1.10581
1.09569
1.08031
1.06765
1.06078
1.0547
1.05083
1.0488
1.04622
1.04181
1.03478
1.02409
1.01015
1.00005
0.997363
0.996424
0.995795
0.992756
0.988129
0.983126
0.976382
0.964723
0.95735
0.954652
0.952368
0.952005
0.953136
0.956579
0.963804
0.976796
1.00657
1.08554
1.19987
1.35848
1.61505
1.78144
1.93867
2.12004
2.17133
2.19222
2.19946
2.20085
2.20677
2.20182
2.19456
2.18505
2.16605
2.15249
2.14835
2.14877
2.15458
2.15868
2.15823
2.15506
2.15028
2.14799
2.14833
2.15563
2.16828
2.17338
2.17434
2.17941
2.18299
2.18598
2.19485
2.20222
2.21146
2.22739
2.23426
2.23912
2.24712
2.25437
2.26003
2.26883
2.28427
2.29278
2.29789
2.3075
2.31517
2.3229
2.33046
2.33082
2.33059
2.33219
2.33474
2.32971
2.3264
2.32828
2.32357
2.32103
2.31974
2.31613
2.31607
2.31319
2.31072
2.31035
2.30733
2.30534
2.30516
2.30277
2.29544
2.28935
2.28518
2.27987
2.27074
2.26297
2.25895
2.25251
2.24189
2.23511
2.23158
2.22628
2.2232
2.22164
2.21864
2.21294
2.20793
2.20494
2.20067
2.19631
2.19049
2.1841
2.17883
2.17308
2.16401
2.15795
2.15554
2.14964
2.14805
2.14583
2.14472
2.14592
2.15149
2.16558
2.18796
2.22483
2.27968
2.35296
2.44845
2.54623
2.65342
2.78053
2.88353
2.96761
3.06263
3.1517
3.19246
3.22597
3.26985
3.30638
3.31414
3.32497
3.34513
3.36179
3.36606
3.37096
3.3779
3.37835
3.37527
3.36421
3.35032
3.33688
3.3215
3.30705
3.29453
3.28199
3.27004
3.25832
3.24357
3.22748
3.21108
3.19587
3.18282
3.17281
3.16404
3.15661
3.1489
3.14028
3.12948
3.11856
3.10813
3.09821
3.08902
3.08028
3.07159
3.06239
3.05192
3.04057
3.02997
3.0201
3.01054
3.00162
2.99297
2.9838
2.97365
2.96348
2.95354
2.94407
2.9346
2.92624
2.91792
2.9095
2.90054
2.89113
2.88173
2.87256
2.86397
2.85582
2.84756
2.83876
2.82971
2.82084
2.81191
2.80291
2.79335
2.78414
2.77645
2.76824
2.75931
2.74965
2.73909
2.7299
2.72078
2.71127
2.70267
2.69371
2.68599
2.67872
2.67039
2.66099
2.64999
2.63934
2.62957
2.62128
2.61443
2.60792
2.60191
2.59502
2.58704
2.577
2.56432
2.55355
2.54473
2.53849
2.53394
2.52856
2.52331
2.5177
2.51051
2.50182
2.49049
2.47902
2.47215
2.46606
2.46073
2.45518
2.45019
2.44007
5.65129
5.54635
5.41607
5.27126
5.13126
5.0272
4.95146
4.8754
4.79077
4.69452
4.58704
4.48112
4.39473
4.33049
4.26693
4.19345
4.11296
4.02069
3.9189
3.83288
3.77853
3.73608
3.6875
3.62201
3.53877
3.46617
3.40529
3.34154
3.28086
3.24449
3.21011
3.16401
3.10371
3.02203
2.96984
2.94129
2.90767
2.86363
2.81206
2.77559
2.74026
2.69937
2.64796
2.59471
2.56609
2.5421
2.51416
2.4784
2.43215
2.39878
2.36986
2.33998
2.30103
2.2649
2.24443
2.2212
2.19645
2.16351
2.12543
2.10468
2.08348
2.06081
2.03236
1.9979
1.98032
1.96289
1.9436
1.92291
1.89038
1.86963
1.85448
1.83482
1.81705
1.79213
1.76643
1.75479
1.74158
1.72625
1.71167
1.68699
1.66176
1.65015
1.63748
1.62278
1.61132
1.59659
1.57452
1.5619
1.55336
1.54116
1.5268
1.50748
1.48336
1.47472
1.47183
1.46491
1.4548
1.43976
1.42117
1.40965
1.3987
1.38738
1.37515
1.3612
1.35476
1.35097
1.34505
1.33526
1.31892
1.29672
1.28846
1.28471
1.27946
1.27181
1.26273
1.25658
1.25025
1.24169
1.22607
1.20568
1.19867
1.1966
1.19355
1.18905
1.18316
1.17633
1.16698
1.15128
1.13465
1.12949
1.1264
1.12221
1.11746
1.11239
1.10716
1.10094
1.09064
1.07305
1.06317
1.06098
1.05834
1.05433
1.05101
1.04775
1.04199
1.03016
1.01207
1.00056
0.999539
1.00011
1.00262
1.0152
1.03998
1.09784
1.22025
1.35803
1.57112
1.8278
1.97005
2.14238
2.27581
2.3004
2.29863
2.28956
2.27899
2.2751
2.26306
2.24255
2.21701
2.18596
2.16791
2.1614
2.16176
2.16237
2.15812
2.1515
2.14295
2.13862
2.13629
2.13526
2.13858
2.14044
2.13547
2.12585
2.11538
2.10853
2.10335
2.09942
2.09805
2.09582
2.09039
2.08064
2.07017
2.06522
2.06355
2.06815
2.07726
2.07867
2.0762
2.07391
2.07451
2.08192
2.09382
2.10579
2.11906
2.12829
2.13858
2.14822
2.15286
2.15974
2.16982
2.1774
2.18581
2.19939
2.20961
2.21387
2.21841
2.22444
2.23386
2.24058
2.24326
2.24765
2.2518
2.25238
2.25577
2.25462
2.24992
2.24808
2.24814
2.24929
2.2477
2.24581
2.24524
2.24651
2.24456
2.24136
2.23949
2.23776
2.23753
2.238
2.2379
2.23213
2.22457
2.22129
2.21962
2.2145
2.20445
2.19733
2.19409
2.18738
2.17674
2.17177
2.17043
2.16649
2.16095
2.15956
2.15801
2.15439
2.15283
2.15248
2.15384
2.15111
2.15036
2.15192
2.15555
2.16533
2.18313
2.2155
2.26378
2.33012
2.40542
2.49655
2.61125
2.70758
2.81092
2.91992
2.9974
3.07498
3.15206
3.21116
3.25796
3.27646
3.29358
3.32419
3.34688
3.3454
3.35079
3.3707
3.3818
3.3811
3.3777
3.37328
3.36483
3.35415
3.34233
3.32599
3.30859
3.29425
3.27964
3.26546
3.25348
3.24088
3.22754
3.21377
3.19964
3.18378
3.16937
3.15746
3.14877
3.14138
3.1357
3.12922
3.12151
3.11178
3.10121
3.09033
3.0808
3.0727
3.0647
3.05648
3.04782
3.03868
3.02886
3.01809
3.00671
2.9959
2.98627
2.97715
2.96759
2.95772
2.94794
2.93803
2.92677
2.91474
2.90337
2.89326
2.88398
2.87486
2.86675
2.85857
2.84984
2.83961
2.82835
2.81873
2.80886
2.79934
2.79053
2.78143
2.77324
2.76389
2.75435
2.74485
2.73533
2.72777
2.71982
2.71155
2.70236
2.69213
2.68152
2.67159
2.66368
2.65631
2.65024
2.64406
2.63664
2.62729
2.61391
2.59881
2.5898
2.58394
2.57925
2.57407
2.56835
2.56276
2.55549
2.54517
2.53247
2.51931
2.51119
2.5068
2.50177
2.49634
2.49076
2.47999
5.4296
5.66793
5.66897
5.61475
5.52136
5.3796
5.24202
5.12716
5.02705
4.92767
4.81995
4.70862
4.61948
4.55421
4.49266
4.42495
4.34672
4.25139
4.13523
4.04752
3.99365
3.93539
3.8781
3.82344
3.75476
3.66252
3.56117
3.506
3.47648
3.44098
3.39094
3.3246
3.25921
3.20057
3.14475
3.08327
3.03988
3.0159
2.98789
2.9485
2.8903
2.81339
2.77423
2.75217
2.72357
2.68275
2.64198
2.61546
2.58462
2.54677
2.49544
2.44709
2.42573
2.40859
2.38678
2.35691
2.31632
2.28535
2.25812
2.23092
2.19674
2.16371
2.14735
2.13017
2.10904
2.08503
2.04762
2.02043
2.00339
1.9841
1.96472
1.93698
1.91281
1.89991
1.88338
1.86572
1.84421
1.81266
1.79674
1.78489
1.76801
1.75379
1.73608
1.7096
1.69745
1.68834
1.67395
1.65958
1.63829
1.61338
1.60427
1.59416
1.58227
1.57102
1.55237
1.53867
1.53005
1.51865
1.50607
1.48717
1.46709
1.46166
1.45595
1.44755
1.43863
1.42328
1.4101
1.39994
1.38747
1.37718
1.36508
1.3535
1.34938
1.34458
1.3375
1.32878
1.31232
1.29626
1.28727
1.27943
1.27518
1.26859
1.25998
1.25489
1.24821
1.2395
1.22721
1.20828
1.19865
1.19665
1.19419
1.18909
1.18397
1.17859
1.17021
1.15508
1.14175
1.13667
1.13261
1.12844
1.1245
1.11946
1.11283
1.10644
1.09836
1.08445
1.08145
1.0875
1.11408
1.16581
1.28372
1.45517
1.62057
1.89152
2.11295
2.23206
2.37469
2.45896
2.46988
2.45537
2.42833
2.40706
2.38982
2.36563
2.34585
2.32709
2.30085
2.27029
2.25923
2.2555
2.25257
2.24968
2.24507
2.23933
2.22951
2.21722
2.20868
2.20128
2.19352
2.18359
2.17349
2.16333
2.14887
2.13605
2.12754
2.11584
2.10614
2.09812
2.08679
2.07559
2.07073
2.06922
2.0683
2.06387
2.05695
2.04882
2.04472
2.04288
2.04314
2.04846
2.04984
2.0452
2.0387
2.03117
2.02566
2.0205
2.017
2.01815
2.02421
2.02326
2.01858
2.01285
2.00876
2.00733
2.0092
2.02275
2.0411
2.04559
2.0469
2.05119
2.06041
2.06864
2.07739
2.08892
2.10624
2.11475
2.12022
2.13095
2.13712
2.13836
2.14211
2.15328
2.16121
2.16509
2.17132
2.18131
2.18272
2.18121
2.18119
2.18382
2.18588
2.18194
2.18021
2.18157
2.18594
2.1866
2.18339
2.18237
2.18377
2.18407
2.18083
2.18024
2.18102
2.18357
2.18099
2.17841
2.17663
2.17164
2.16839
2.16787
2.16339
2.1556
2.1536
2.15026
2.14632
2.14239
2.14037
2.13829
2.13845
2.14012
2.14241
2.14831
2.16483
2.19499
2.2376
2.29749
2.36425
2.44463
2.54641
2.6368
2.73792
2.84661
2.91979
3.0018
3.10699
3.14946
3.18491
3.2427
3.28299
3.29219
3.31845
3.33701
3.34096
3.35457
3.37868
3.38703
3.38588
3.39146
3.39033
3.3845
3.3736
3.35973
3.34601
3.33029
3.31723
3.30459
3.2881
3.2722
3.25989
3.24851
3.23572
3.22295
3.20986
3.19549
3.18101
3.16842
3.15715
3.14648
3.13645
3.12843
3.12016
3.11131
3.10298
3.09363
3.08296
3.07137
3.06002
3.04979
3.03917
3.02991
3.02083
3.01156
3.00041
2.98789
2.97355
2.96042
2.94947
2.94015
2.93157
2.92416
2.91647
2.90671
2.89426
2.88149
2.86985
2.85885
2.85046
2.84192
2.83478
2.82679
2.81758
2.80713
2.79535
2.7856
2.77665
2.76887
2.76121
2.75317
2.7439
2.73315
2.72266
2.71276
2.70505
2.69889
2.69167
2.6833
2.67321
2.65984
2.64674
2.63737
2.63028
2.62505
2.61923
2.61286
2.60546
2.59532
2.58345
2.57138
2.5605
2.55364
2.54762
2.54238
2.53676
2.52434
2.87384
3.99038
4.71012
5.13287
5.48842
5.59156
5.57445
5.51732
5.41404
5.27724
5.12731
4.98859
4.89482
4.8115
4.72246
4.6405
4.56156
4.47156
4.37446
4.30154
4.23806
4.17072
4.10916
4.04215
3.95565
3.86081
3.78435
3.72273
3.66343
3.61898
3.58275
3.53447
3.46244
3.36265
3.29168
3.2628
3.23712
3.19866
3.14565
3.0987
3.0507
2.99254
2.92905
2.87653
2.85347
2.83735
2.81176
2.77664
2.71902
2.65471
2.62451
2.60019
2.57305
2.53581
2.50947
2.49068
2.46229
2.42638
2.37618
2.33076
2.31228
2.29949
2.28266
2.26159
2.22849
2.19615
2.16863
2.14241
2.1159
2.08386
2.06694
2.05614
2.03947
2.02024
1.99537
1.95723
1.93452
1.92016
1.90481
1.88971
1.86668
1.84896
1.83757
1.82021
1.80175
1.77817
1.74994
1.73947
1.72995
1.71563
1.70402
1.68625
1.66551
1.65438
1.64154
1.62817
1.6112
1.58927
1.58098
1.57276
1.56081
1.55113
1.53486
1.51802
1.51021
1.49942
1.48803
1.47499
1.45732
1.45062
1.44482
1.4355
1.4271
1.41332
1.39822
1.39028
1.37913
1.36928
1.36183
1.35008
1.34355
1.33863
1.33051
1.32137
1.30944
1.29184
1.28248
1.27742
1.27121
1.26611
1.26242
1.25539
1.24489
1.23497
1.22268
1.20991
1.20591
1.20319
1.19502
1.18765
1.18531
1.18239
1.17648
1.17603
1.19023
1.23247
1.31895
1.50797
1.7127
1.92636
2.24766
2.40531
2.49825
2.59676
2.64947
2.64832
2.62669
2.58312
2.55007
2.52019
2.4943
2.47883
2.46402
2.44376
2.41498
2.39704
2.39175
2.3875
2.38551
2.38166
2.37494
2.36434
2.35056
2.3381
2.32667
2.31417
2.30091
2.28795
2.27414
2.25809
2.24148
2.22684
2.21471
2.20544
2.19568
2.18391
2.17208
2.16103
2.15041
2.14241
2.13613
2.12971
2.12232
2.11407
2.10498
2.09503
2.08677
2.08091
2.07391
2.06443
2.0566
2.0492
2.03865
2.02885
2.02455
2.02154
2.01553
2.00604
1.99766
1.99421
1.99287
1.99402
1.99779
1.99729
1.99344
1.98614
1.98157
1.97946
1.97791
1.97889
1.98261
1.98088
1.97658
1.97181
1.96631
1.96176
1.96001
1.96279
1.97145
1.97243
1.97102
1.97334
1.97659
1.97708
1.98043
1.99381
2.0119
2.02313
2.02955
2.03768
2.04857
2.05398
2.05837
2.0651
2.07972
2.08638
2.09034
2.09569
2.10645
2.10976
2.10998
2.11278
2.1175
2.1225
2.12091
2.11629
2.11527
2.11782
2.12249
2.12804
2.12731
2.12367
2.1238
2.12703
2.12893
2.12592
2.12308
2.12354
2.12635
2.13076
2.13079
2.12783
2.12772
2.12873
2.13159
2.13382
2.1345
2.13697
2.14752
2.17446
2.20759
2.24804
2.30193
2.36536
2.45853
2.55344
2.62996
2.73496
2.83939
2.91246
3.00669
3.09457
3.13448
3.1784
3.24515
3.29265
3.29442
3.30676
3.34428
3.36948
3.36808
3.37502
3.39961
3.4099
3.41623
3.42538
3.42452
3.41793
3.40464
3.38776
3.36934
3.34882
3.33137
3.31746
3.29985
3.2814
3.26674
3.25218
3.23455
3.21825
3.20326
3.18808
3.17208
3.15943
3.14758
3.13531
3.12216
3.11106
3.10221
3.09376
3.08502
3.07673
3.06839
3.05837
3.0457
3.03325
3.0218
3.01328
3.00487
2.99594
2.98882
2.98056
2.97001
2.95658
2.94359
2.9325
2.9235
2.9136
2.90476
2.89628
2.88708
2.87575
2.86236
2.85054
2.83972
2.8313
2.8229
2.81554
2.80767
2.79737
2.78602
2.77168
2.76141
2.75513
2.74794
2.74119
2.73343
2.72401
2.7121
2.69805
2.68687
2.6781
2.67207
2.66666
2.65958
2.65143
2.64118
2.63012
2.6192
2.6092
2.60099
2.5927
2.58628
2.57331
1.46578
1.65543
2.07589
2.60902
3.52336
4.48354
4.8516
5.26187
5.49542
5.51436
5.48388
5.40572
5.2909
5.16686
5.05086
4.9502
4.83695
4.71037
4.61465
4.53979
4.46534
4.39931
4.34493
4.28339
4.2044
4.104
4.00397
3.94776
3.90538
3.85333
3.78474
3.72041
3.65707
3.58208
3.50319
3.44209
3.4103
3.38403
3.34677
3.29841
3.2212
3.13247
3.09476
3.06889
3.03809
2.99444
2.958
2.92857
2.88402
2.82644
2.76074
2.7206
2.70382
2.6896
2.66822
2.64077
2.59273
2.53207
2.49953
2.47621
2.45411
2.42354
2.39993
2.38647
2.36418
2.33209
2.28893
2.24048
2.21759
2.20682
2.1959
2.18179
2.1615
2.129
2.09805
2.07004
2.04756
2.02396
2.00126
1.99159
1.98292
1.96711
1.94792
1.92061
1.88197
1.86345
1.85309
1.84164
1.82997
1.81217
1.79812
1.78506
1.76654
1.74527
1.71791
1.70067
1.6944
1.68617
1.67467
1.66494
1.64965
1.62971
1.61512
1.60076
1.58854
1.57344
1.55932
1.55409
1.54804
1.53802
1.52663
1.50792
1.48929
1.48197
1.47264
1.46257
1.45282
1.44146
1.43566
1.42881
1.4184
1.40728
1.39168
1.37492
1.36934
1.36364
1.35539
1.35022
1.34334
1.33212
1.32458
1.31619
1.30412
1.29346
1.28144
1.26981
1.26835
1.26982
1.2681
1.26696
1.27695
1.31989
1.39925
1.55569
1.8146
2.03115
2.30473
2.59977
2.69359
2.76179
2.8168
2.83821
2.83041
2.80281
2.75374
2.7059
2.66254
2.63648
2.6227
2.6104
2.5941
2.57137
2.54846
2.5393
2.5334
2.52941
2.52677
2.51964
2.50918
2.49481
2.47623
2.45905
2.44577
2.43374
2.42173
2.40868
2.39367
2.37543
2.35501
2.3419
2.33307
2.32432
2.31479
2.30399
2.29092
2.27489
2.26319
2.25536
2.24748
2.23871
2.22873
2.21664
2.20236
2.18973
2.17974
2.17099
2.16318
2.15515
2.14506
2.13211
2.11974
2.10925
2.10044
2.0941
2.08887
2.08268
2.0751
2.06598
2.05508
2.0473
2.04279
2.03786
2.03117
2.02544
2.01933
2.00898
1.99955
1.9955
1.98803
1.98084
1.97705
1.97064
1.96123
1.95701
1.95689
1.95327
1.94964
1.94819
1.94459
1.94312
1.94253
1.94214
1.94395
1.94888
1.94777
1.9428
1.9358
1.92724
1.92327
1.92223
1.92513
1.92948
1.92777
1.92479
1.92215
1.91919
1.91712
1.91705
1.92533
1.94308
1.95475
1.95577
1.95711
1.96137
1.97043
1.97703
1.98337
1.99226
2.00359
2.02055
2.02959
2.03217
2.0344
2.04293
2.04886
2.04778
2.04979
2.05443
2.05995
2.06573
2.06798
2.06626
2.06511
2.06527
2.06873
2.06878
2.06303
2.06152
2.06306
2.06739
2.07533
2.07958
2.08396
2.0939
2.10921
2.12798
2.14979
2.18028
2.22876
2.29139
2.35685
2.43919
2.52983
2.60659
2.69294
2.82064
2.89817
2.9526
3.03571
3.14508
3.17751
3.20413
3.26243
3.29429
3.30403
3.33361
3.3667
3.36887
3.36703
3.37872
3.40084
3.40443
3.40469
3.41381
3.41537
3.41245
3.40329
3.38889
3.37113
3.35197
3.33311
3.31607
3.29664
3.27435
3.25715
3.24363
3.22839
3.21201
3.19927
3.18577
3.16984
3.15348
3.14072
3.12861
3.11655
3.10401
3.09411
3.08596
3.07853
3.06841
3.05857
3.05164
3.04269
3.03225
3.02136
3.01194
3.00415
2.9948
2.98402
2.97386
2.96437
2.95285
2.9393
2.9274
2.91677
2.90755
2.89704
2.88713
2.87881
2.86911
2.85782
2.84229
2.82851
2.81957
2.81181
2.8057
2.7986
2.7907
2.7803
2.76738
2.75419
2.74085
2.73206
2.72602
2.71995
2.71366
2.70498
2.6942
2.68369
2.6727
2.66265
2.65276
2.64371
2.62958
1.40016
1.40134
1.41082
1.44549
1.56298
1.90299
2.36364
2.98766
4.06247
4.5652
4.94216
5.32374
5.43607
5.43063
5.36605
5.30281
5.22592
5.12189
5.00995
4.88082
4.74748
4.66235
4.58871
4.49988
4.40406
4.33835
4.28102
4.21779
4.13988
4.07789
4.02972
3.96677
3.88586
3.78238
3.71038
3.67811
3.64095
3.59135
3.52816
3.47599
3.41691
3.35077
3.28543
3.23288
3.20889
3.18662
3.15192
3.10874
3.0415
2.9573
2.92248
2.90292
2.87882
2.84256
2.80854
2.78456
2.74691
2.69495
2.63548
2.59449
2.57797
2.56633
2.54976
2.52885
2.49695
2.43836
2.39332
2.37376
2.35682
2.33657
2.31036
2.29552
2.28208
2.25654
2.22056
2.17367
2.14229
2.12907
2.12153
2.11201
2.09955
2.07989
2.04585
2.01215
1.98794
1.97201
1.95378
1.93723
1.92993
1.92207
1.90706
1.88617
1.8542
1.81919
1.80582
1.79991
1.79163
1.78262
1.7697
1.75487
1.73952
1.71881
1.6981
1.67702
1.66247
1.65673
1.65324
1.6456
1.63461
1.62143
1.59851
1.57741
1.56761
1.55827
1.54795
1.53694
1.53134
1.52653
1.51766
1.50459
1.48494
1.46213
1.45393
1.45053
1.44445
1.43726
1.43028
1.42128
1.41219
1.40008
1.38617
1.37236
1.35703
1.353
1.35334
1.35961
1.36984
1.40482
1.49518
1.62738
1.8773
2.18015
2.40662
2.70645
2.93468
2.99117
3.02186
3.02343
3.0157
3.0113
2.97817
2.93353
2.88111
2.81682
2.78292
2.7676
2.76158
2.75191
2.73736
2.7195
2.69753
2.68468
2.67742
2.67223
2.66984
2.66073
2.6482
2.63198
2.60889
2.58719
2.57404
2.56222
2.55005
2.53688
2.52225
2.50477
2.485
2.47164
2.46208
2.45286
2.44295
2.43194
2.41916
2.40361
2.38949
2.38007
2.37141
2.36197
2.35176
2.34088
2.32831
2.31264
2.30141
2.29332
2.28437
2.27525
2.26636
2.25675
2.2442
2.23077
2.22194
2.21343
2.20441
2.19562
2.18632
2.17621
2.16485
2.15263
2.14325
2.13569
2.12744
2.11702
2.10512
2.09468
2.08501
2.07418
2.06631
2.06087
2.05432
2.04652
2.03722
2.02474
2.01469
2.00902
2.00401
2.00011
1.99558
1.98981
1.9835
1.97556
1.96395
1.95596
1.95262
1.94769
1.94002
1.93583
1.93234
1.92444
1.91325
1.90958
1.90566
1.90116
1.89971
1.90104
1.90467
1.9041
1.90246
1.89914
1.8915
1.88771
1.88689
1.88668
1.89001
1.8961
1.89763
1.89602
1.88848
1.87754
1.87401
1.87199
1.87052
1.87362
1.88737
1.89594
1.89581
1.89112
1.88705
1.88723
1.89169
1.90082
1.91555
1.93004
1.93576
1.93886
1.94761
1.95268
1.95269
1.95347
1.95739
1.9665
1.97353
1.97398
1.97337
1.9759
1.98413
1.98485
1.98198
1.9822
1.98498
1.99553
2.01646
2.03235
2.04966
2.07822
2.11337
2.15429
2.21219
2.27449
2.33933
2.4376
2.53441
2.61035
2.71227
2.80421
2.87
2.94635
3.06247
3.11603
3.14738
3.19857
3.27293
3.30109
3.29789
3.31475
3.3516
3.35748
3.35419
3.36323
3.38209
3.38584
3.38694
3.39686
3.40063
3.398
3.39061
3.38057
3.36848
3.35381
3.33638
3.31732
3.29574
3.2741
3.25492
3.23821
3.22312
3.20824
3.19294
3.17899
3.16543
3.15089
3.13349
3.11827
3.10669
3.0956
3.08552
3.07449
3.06706
3.05854
3.04819
3.03833
3.02955
3.02036
3.00938
2.99799
2.98897
2.98026
2.9709
2.96005
2.95032
2.94196
2.93238
2.9184
2.90345
2.89063
2.88279
2.8754
2.86702
2.85887
2.85005
2.83885
2.82431
2.80946
2.79829
2.79031
2.78314
2.77574
2.76767
2.75766
2.74652
2.73482
2.72358
2.71398
2.70441
2.68934
1.40001
1.40001
1.40001
1.40009
1.40066
1.40542
1.42766
1.49093
1.703
2.10267
2.57616
3.37421
4.22203
4.57741
5.01972
5.31806
5.3488
5.32447
5.28939
5.26485
5.18828
5.08422
4.97278
4.84082
4.72913
4.64116
4.54133
4.42351
4.35778
4.32077
4.26968
4.20209
4.11672
4.04561
3.98971
3.92935
3.85411
3.79549
3.75768
3.70532
3.63589
3.54604
3.47364
3.44933
3.423
3.38408
3.33255
3.27422
3.22013
3.16509
3.1187
3.06714
3.03602
3.019
2.99398
2.95611
2.90495
2.82739
2.77735
2.7636
2.74645
2.72307
2.68929
2.66182
2.63339
2.58906
2.54084
2.49509
2.47384
2.46286
2.45168
2.43396
2.41229
2.3735
2.31235
2.2852
2.27404
2.26073
2.24195
2.22034
2.20811
2.19215
2.16363
2.12409
2.08369
2.06687
2.0578
2.05162
2.04246
2.03072
2.01081
1.97234
1.93724
1.92285
1.91312
1.90077
1.88537
1.87717
1.87015
1.85585
1.83268
1.79846
1.77267
1.76345
1.759
1.75305
1.74403
1.73555
1.72284
1.69841
1.67339
1.65811
1.6484
1.63867
1.62862
1.62283
1.61798
1.60938
1.59493
1.57033
1.54447
1.53746
1.53395
1.5273
1.51979
1.51227
1.50424
1.49503
1.48097
1.45698
1.44505
1.4466
1.45975
1.49351
1.58701
1.74745
1.94471
2.2935
2.614
2.8317
3.08947
3.25829
3.29854
3.27659
3.24305
3.20795
3.18115
3.1478
3.10992
3.06945
3.01649
2.95585
2.92685
2.91314
2.90755
2.9029
2.89346
2.88199
2.86311
2.84228
2.83108
2.82222
2.81574
2.80622
2.79234
2.77616
2.7549
2.72924
2.71188
2.69936
2.68763
2.6752
2.66159
2.64585
2.62613
2.60815
2.59714
2.5877
2.57813
2.56747
2.5556
2.54115
2.52345
2.50991
2.50028
2.49096
2.48136
2.47093
2.45909
2.44502
2.43009
2.41826
2.40951
2.40129
2.39184
2.3813
2.3701
2.35798
2.34407
2.33252
2.3243
2.3161
2.30698
2.29604
2.28219
2.26973
2.2599
2.24936
2.24043
2.23347
2.22565
2.21631
2.20482
2.18917
2.17823
2.17141
2.16354
2.15562
2.14914
2.1425
2.13435
2.12288
2.11029
2.09985
2.08886
2.08028
2.07504
2.06931
2.06212
2.0532
2.04308
2.03273
2.02212
2.00935
2.00192
1.9981
1.99338
1.9871
1.97883
1.96878
1.95879
1.95018
1.94486
1.94101
1.93885
1.93616
1.93155
1.92518
1.91521
1.90223
1.89335
1.88929
1.88706
1.8855
1.88295
1.88014
1.87636
1.86968
1.86316
1.85916
1.854
1.85018
1.84857
1.84781
1.84905
1.85646
1.86053
1.85854
1.85441
1.84801
1.84039
1.83614
1.83298
1.83165
1.83638
1.84572
1.84655
1.84208
1.83204
1.82753
1.82656
1.8277
1.83189
1.8397
1.84806
1.85047
1.85103
1.85126
1.85051
1.85031
1.85348
1.86014
1.86403
1.86649
1.87438
1.8803
1.88293
1.88885
1.90179
1.92116
1.94623
1.976
2.01477
2.06457
2.12816
2.19529
2.26651
2.35698
2.45877
2.54167
2.63852
2.77477
2.84744
2.90198
3.00076
3.08841
3.11729
3.16076
3.2436
3.27303
3.27925
3.30547
3.33553
3.33755
3.33274
3.34445
3.36164
3.36471
3.36152
3.36238
3.36664
3.36424
3.36386
3.36109
3.35444
3.34482
3.33044
3.31109
3.29029
3.26996
3.24987
3.2298
3.2124
3.19815
3.18503
3.16755
3.15237
3.1391
3.12653
3.11242
3.09947
3.08886
3.07748
3.06347
3.05085
3.04263
3.03356
3.02543
3.0167
3.00834
3.00089
2.98759
2.97282
2.96242
2.95438
2.94716
2.93851
2.92935
2.92059
2.91004
2.89674
2.88321
2.87206
2.86384
2.85531
2.8458
2.83441
2.82395
2.81305
2.80127
2.79022
2.78023
2.76991
2.75346
1.40001
1.40001
1.40001
1.40001
1.40001
1.40001
1.40004
1.40029
1.40201
1.41272
1.44651
1.5528
1.81364
2.23049
2.74596
3.52578
4.28983
4.58854
4.96369
5.24973
5.29474
5.27797
5.23735
5.21717
5.15218
5.05753
4.95438
4.82533
4.7162
4.62655
4.52214
4.41127
4.34974
4.29813
4.23468
4.15649
4.09568
4.06017
4.01012
3.9414
3.85138
3.77271
3.73587
3.69464
3.64081
3.57442
3.52887
3.48675
3.42894
3.36435
3.29281
3.25928
3.24396
3.21397
3.17343
3.11972
3.05639
3.00981
2.97501
2.94196
2.89949
2.87562
2.85965
2.83107
2.78942
2.72993
2.6671
2.64498
2.6355
2.61887
2.59627
2.56455
2.53655
2.50174
2.45915
2.42144
2.3899
2.37654
2.36869
2.35587
2.33755
2.313
2.26519
2.21441
2.2022
2.1941
2.18268
2.16517
2.14628
2.13413
2.11489
2.08297
2.04573
2.01696
2.00653
2.00078
1.99467
1.98409
1.97262
1.95329
1.91238
1.87815
1.87228
1.86709
1.85952
1.84991
1.83553
1.82361
1.80914
1.78419
1.76011
1.74082
1.72859
1.72307
1.72044
1.71435
1.7029
1.6885
1.66574
1.63666
1.62462
1.61924
1.61246
1.60278
1.59622
1.59247
1.58473
1.56837
1.56883
1.59624
1.66301
1.84154
2.09724
2.37259
2.80941
3.10948
3.28342
3.44777
3.56815
3.58125
3.55499
3.48983
3.42376
3.36962
3.32257
3.28853
3.25575
3.21949
3.17484
3.12156
3.09418
3.08034
3.07253
3.07227
3.06833
3.05605
3.03874
3.0147
2.99535
2.98242
2.97098
2.961
2.94668
2.92996
2.91009
2.88433
2.86121
2.84699
2.83518
2.82409
2.81125
2.797
2.77998
2.75873
2.7418
2.73059
2.7206
2.71027
2.69885
2.68638
2.67107
2.65301
2.63952
2.62865
2.61819
2.60803
2.59718
2.58463
2.56989
2.55525
2.54272
2.53219
2.52284
2.51343
2.50321
2.49119
2.47492
2.4621
2.45315
2.44297
2.43287
2.4244
2.41549
2.40486
2.39069
2.37347
2.36373
2.35593
2.34663
2.33747
2.32984
2.32186
2.31245
2.30003
2.28283
2.27065
2.26276
2.25397
2.2451
2.23879
2.23188
2.22304
2.21317
2.20197
2.18674
2.17245
2.16645
2.16069
2.15336
2.14477
2.13756
2.13057
2.12132
2.10667
2.0922
2.08683
2.08214
2.07579
2.06786
2.05847
2.04752
2.03605
2.0245
2.01288
2.00734
2.00387
1.99908
1.99258
1.98454
1.9749
1.96279
1.95007
1.93768
1.92986
1.92619
1.92405
1.92082
1.9165
1.91205
1.90678
1.8977
1.88169
1.87107
1.86724
1.86444
1.86392
1.86317
1.85971
1.85518
1.84823
1.83964
1.83234
1.82288
1.8154
1.81449
1.81403
1.81377
1.81542
1.81581
1.81442
1.81001
1.80036
1.79587
1.79494
1.79398
1.79435
1.79966
1.80224
1.80056
1.79282
1.78092
1.77667
1.7746
1.773
1.77281
1.77473
1.77501
1.77401
1.77126
1.76533
1.7636
1.76318
1.76386
1.76787
1.77569
1.78631
1.79636
1.80763
1.82653
1.85385
1.88697
1.93482
2.00483
2.07495
2.14422
2.24124
2.34903
2.42837
2.52521
2.64819
2.73028
2.80378
2.93082
3.01093
3.03995
3.09014
3.18739
3.22916
3.23249
3.26052
3.2985
3.29926
3.29974
3.31696
3.33335
3.33659
3.3323
3.32804
3.3285
3.32773
3.33115
3.33113
3.32665
3.31591
3.30019
3.28245
3.26584
3.25145
3.23766
3.2207
3.20173
3.18396
3.16824
3.15065
3.13227
3.12075
3.11039
3.10016
3.08567
3.07149
3.05918
3.04237
3.03055
3.02064
3.01298
3.00578
2.99596
2.98487
2.97465
2.96437
2.95503
2.94694
2.93836
2.93063
2.92073
2.90918
2.89615
2.88444
2.87539
2.86671
2.85692
2.84562
2.83316
2.81443
1.40001
1.40001
1.40001
1.40001
1.40001
1.40001
1.40001
1.40001
1.40001
1.40001
1.40008
1.40069
1.40404
1.41981
1.46537
1.59582
1.87946
2.3069
2.80549
3.52138
4.2923
4.5581
4.86312
5.16715
5.24675
5.2351
5.18842
5.16818
5.13742
5.05498
4.95205
4.82662
4.71957
4.63343
4.52717
4.4051
4.34563
4.29854
4.23339
4.15088
4.08834
4.05208
4.00485
3.94217
3.86234
3.81104
3.77353
3.71739
3.6485
3.5627
3.51723
3.49621
3.45837
3.40911
3.34738
3.30094
3.25896
3.2121
3.16345
3.10924
3.08534
3.06975
3.03821
2.99663
2.937
2.87822
2.85118
2.82864
2.79996
2.76358
2.74455
2.72567
2.69292
2.64665
2.58657
2.55114
2.5403
2.53026
2.51422
2.49113
2.45957
2.42911
2.39117
2.35787
2.32915
2.30662
2.2977
2.29084
2.27575
2.25602
2.22607
2.17485
2.14149
2.13482
2.12889
2.1196
2.10571
2.0847
2.06764
2.04617
2.01429
1.99156
1.973
1.95765
1.95159
1.94959
1.93945
1.92223
1.89948
1.86441
1.83922
1.83124
1.82661
1.81869
1.80956
1.80192
1.78893
1.76031
1.73292
1.7204
1.71248
1.70123
1.6952
1.69688
1.70779
1.73992
1.81413
1.94633
2.23888
2.56914
2.90163
3.36738
3.642
3.75049
3.83029
3.85623
3.85492
3.81537
3.75152
3.67988
3.60002
3.53017
3.48828
3.4568
3.42789
3.39558
3.35836
3.31838
3.29122
3.27658
3.26733
3.26506
3.26142
3.2465
3.22839
3.2041
3.17582
3.15606
3.14047
3.12775
3.11519
3.09887
3.08067
3.05836
3.03054
3.00963
2.99569
2.98406
2.97278
2.95916
2.94438
2.92709
2.90534
2.88741
2.87548
2.86453
2.85287
2.84014
2.82684
2.81198
2.79259
2.77692
2.76658
2.75512
2.74307
2.73174
2.7199
2.70548
2.68655
2.67296
2.66288
2.65161
2.64016
2.62987
2.61931
2.6072
2.59079
2.57207
2.56251
2.55425
2.54378
2.53332
2.5246
2.51537
2.50384
2.48768
2.4685
2.45774
2.44945
2.43981
2.42987
2.42231
2.41483
2.40582
2.39424
2.37736
2.35972
2.34936
2.34149
2.33298
2.32521
2.31926
2.31307
2.30516
2.29403
2.27735
2.26256
2.25459
2.24736
2.23886
2.23202
2.22678
2.22064
2.21167
2.196
2.18104
2.1746
2.1691
2.16231
2.15462
2.14671
2.13716
2.12487
2.10906
2.09536
2.09016
2.08675
2.08211
2.07601
2.06894
2.06064
2.04949
2.03484
2.01718
2.00592
2.00197
1.99912
1.99502
1.9895
1.98319
1.97604
1.96603
1.95209
1.93567
1.92184
1.91672
1.91412
1.91115
1.90682
1.90139
1.89551
1.88722
1.875
1.85828
1.84649
1.84296
1.8416
1.84174
1.83967
1.83537
1.82979
1.82007
1.80668
1.7986
1.79153
1.78676
1.78537
1.78495
1.78276
1.78007
1.77658
1.76948
1.76059
1.75694
1.75326
1.7505
1.74975
1.75029
1.75278
1.75376
1.75147
1.74323
1.73393
1.72987
1.72782
1.7275
1.72756
1.72589
1.72311
1.71683
1.70898
1.70579
1.70574
1.70832
1.71562
1.72943
1.74942
1.77196
1.79661
1.83318
1.88496
1.9423
2.01093
2.10632
2.20478
2.28414
2.38709
2.52615
2.60784
2.68241
2.80974
2.88657
2.93329
3.01811
3.11412
3.13152
3.15785
3.21974
3.25373
3.25147
3.26285
3.28625
3.28906
3.28414
3.28166
3.28535
3.2898
3.29191
3.2917
3.28754
3.27682
3.2679
3.2619
3.25368
3.24165
3.22782
3.21288
3.19636
3.17547
3.15325
3.13493
3.12026
3.10855
3.0947
3.08403
3.07318
3.06008
3.04169
3.02517
3.01589
3.00916
3.00117
2.99225
2.98437
2.97185
2.9573
2.94617
2.93633
2.93075
2.92463
2.91504
2.90328
2.88926
2.86939
1.40001
1.40001
1.40001
1.40001
1.40001
1.40001
1.40001
1.40001
1.40001
1.40001
1.40001
1.40001
1.40001
1.40003
1.40014
1.40109
1.40577
1.42505
1.47525
1.60971
1.89486
2.30921
2.80305
3.38509
4.19807
4.55793
4.74632
5.02167
5.18286
5.20253
5.17801
5.12818
5.10951
5.06206
4.97014
4.8487
4.72653
4.6411
4.55253
4.43719
4.35935
4.30516
4.2369
4.14676
4.09167
4.06537
4.02222
3.96202
3.87728
3.81562
3.78408
3.73963
3.68149
3.60803
3.5635
3.52715
3.47695
3.41785
3.34748
3.31766
3.29866
3.26319
3.21722
3.15761
3.11458
3.07969
3.04462
3.00089
2.95884
2.9427
2.92389
2.89095
2.84621
2.78195
2.74527
2.72868
2.70931
2.68009
2.6525
2.63681
2.6129
2.57572
2.52454
2.47893
2.46268
2.45484
2.44318
2.4276
2.40362
2.3691
2.33509
2.30231
2.28047
2.2586
2.23916
2.2318
2.22524
2.20946
2.18804
2.15274
2.10489
2.08586
2.08047
2.07733
2.06726
2.05414
2.03956
2.01506
1.97511
1.9547
1.9464
1.93575
1.92524
1.91276
1.89482
1.88479
1.87334
1.85058
1.82124
1.81958
1.83132
1.86851
1.97439
2.14788
2.39801
2.82934
3.20682
3.53557
3.93231
4.11234
4.22011
4.23
4.18859
4.14345
4.08327
4.0075
3.93778
3.86269
3.78222
3.72175
3.68154
3.65258
3.62722
3.59928
3.57394
3.54408
3.51455
3.49671
3.4829
3.47399
3.46921
3.453
3.43328
3.4101
3.3788
3.34746
3.32721
3.31055
3.29674
3.28212
3.26484
3.24596
3.22291
3.19473
3.17404
3.15967
3.14735
3.1349
3.12052
3.10503
3.08665
3.06351
3.04496
3.03137
3.01896
3.00716
2.99417
2.97971
2.96405
2.9465
2.92606
2.90958
2.89886
2.88811
2.87595
2.86342
2.85054
2.8353
2.8141
2.79711
2.78666
2.77576
2.76336
2.75194
2.74179
2.73066
2.71722
2.69857
2.67743
2.66703
2.65818
2.64678
2.63729
2.62937
2.62033
2.60885
2.59304
2.57226
2.557
2.54727
2.53763
2.52769
2.52025
2.51331
2.50513
2.49501
2.4803
2.45908
2.44339
2.43419
2.4242
2.41688
2.41201
2.40631
2.39871
2.38809
2.37301
2.35569
2.343
2.33353
2.32445
2.31861
2.31369
2.30752
2.29846
2.28292
2.2655
2.25704
2.25118
2.2444
2.23686
2.22925
2.22033
2.20845
2.18979
2.17222
2.16688
2.16349
2.15876
2.15243
2.14556
2.13817
2.12867
2.11469
2.09306
2.07756
2.07348
2.07052
2.06609
2.06012
2.05369
2.04725
2.03872
2.02609
2.0078
1.98906
1.98302
1.98041
1.977
1.97266
1.96755
1.96167
1.95363
1.94107
1.92329
1.90512
1.89871
1.89611
1.89289
1.88849
1.88282
1.87603
1.86712
1.85376
1.83609
1.82282
1.81903
1.81686
1.815
1.81241
1.80913
1.80464
1.79622
1.7803
1.76298
1.75657
1.75383
1.75191
1.75179
1.75082
1.74805
1.74371
1.73439
1.72179
1.71409
1.71078
1.70897
1.70778
1.70601
1.70336
1.70039
1.69657
1.69109
1.68578
1.68289
1.6818
1.68149
1.68337
1.6855
1.68424
1.67993
1.67452
1.67114
1.67228
1.67992
1.69464
1.71472
1.74851
1.7979
1.84411
1.89861
1.97957
2.0576
2.13439
2.24823
2.36129
2.44468
2.55684
2.70203
2.76325
2.81755
2.93436
3.00231
3.02174
3.06668
3.14822
3.16507
3.1764
3.21288
3.2274
3.22368
3.22379
3.2344
3.24094
3.2432
3.24374
3.242
3.23874
3.23379
3.22742
3.21962
3.21368
3.2033
3.18624
3.16819
3.15159
3.13508
3.11617
3.09707
3.08333
3.07197
3.05938
3.04429
3.03182
3.01844
3.00681
2.99457
2.98107
2.97453
2.96593
2.95476
2.94316
2.93018
2.91326
1.40001
1.40001
1.40001
1.40001
1.40001
1.40001
1.40001
1.40001
1.40001
1.40001
1.40001
1.40001
1.40001
1.40001
1.40001
1.40001
1.40001
1.40004
1.40019
1.40124
1.40653
1.42572
1.478
1.59234
1.86221
2.25164
2.73938
3.23538
3.90072
4.54208
4.68365
4.85412
5.06356
5.15563
5.15695
5.11373
5.06874
5.05327
5.0006
4.89516
4.76829
4.67516
4.58257
4.46305
4.38653
4.33344
4.26383
4.16411
4.10057
4.0729
4.03321
3.97988
3.90527
3.85691
3.82062
3.76971
3.70486
3.62479
3.5877
3.56224
3.521
3.46329
3.39698
3.36216
3.32689
3.28404
3.2281
3.1772
3.1608
3.13933
3.10404
3.05568
2.99873
2.96497
2.93706
2.9073
2.8654
2.83846
2.82579
2.80258
2.76662
2.71412
2.659
2.64273
2.62979
2.61083
2.58294
2.56185
2.54433
2.51503
2.47437
2.42593
2.4011
2.39151
2.38328
2.37071
2.35605
2.33047
2.29288
2.25959
2.23415
2.215
2.20195
2.19179
2.17903
2.16295
2.1448
2.11736
2.08326
2.0624
2.04742
2.02747
2.01793
2.01897
2.01697
2.00488
2.01208
2.05081
2.14948
2.37194
2.66458
3.04745
3.59885
3.94585
4.28836
4.5256
4.58517
4.61204
4.60187
4.54192
4.47371
4.3927
4.30599
4.23645
4.16367
4.0904
4.02726
3.96699
3.92267
3.8933
3.87102
3.85101
3.83031
3.80615
3.77522
3.74436
3.72411
3.70595
3.69127
3.67735
3.65697
3.63507
3.60989
3.57623
3.54258
3.52183
3.50434
3.48911
3.47287
3.45479
3.43529
3.41127
3.38113
3.35893
3.34407
3.33058
3.31681
3.30154
3.28575
3.26845
3.24478
3.21859
3.20272
3.18838
3.17511
3.16296
3.14955
3.13423
3.11702
3.09691
3.07518
3.05498
3.04187
3.03111
3.01946
3.00684
2.99372
2.97857
2.95733
2.93274
2.91855
2.90742
2.89535
2.88253
2.87208
2.86197
2.84991
2.8345
2.8121
2.78975
2.77682
2.76464
2.75462
2.74707
2.73893
2.7294
2.71756
2.70121
2.67793
2.65889
2.64796
2.63806
2.627
2.61881
2.61205
2.60423
2.59383
2.57889
2.55824
2.5389
2.52276
2.51224
2.50703
2.50231
2.49612
2.48785
2.47665
2.4614
2.44221
2.42652
2.41511
2.40613
2.4009
2.39586
2.38925
2.37976
2.36346
2.34308
2.33333
2.32767
2.32134
2.31426
2.30706
2.29865
2.28597
2.26305
2.24453
2.23923
2.23466
2.22893
2.22253
2.21662
2.21033
2.20232
2.18877
2.16308
2.14404
2.13981
2.13661
2.13173
2.1254
2.1193
2.11359
2.10632
2.09517
2.07543
2.05381
2.04763
2.04433
2.03994
2.03505
2.03007
2.02504
2.018
2.00658
1.98835
1.9675
1.95965
1.95564
1.95111
1.94538
1.93942
1.93334
1.92475
1.90987
1.89217
1.87993
1.87234
1.86888
1.86591
1.86213
1.85735
1.85119
1.84159
1.82504
1.80644
1.79557
1.78908
1.78475
1.78167
1.77894
1.77629
1.77283
1.76512
1.74564
1.7275
1.72402
1.72258
1.72057
1.71731
1.71323
1.70839
1.70117
1.68978
1.67635
1.66998
1.66841
1.66808
1.66787
1.66563
1.66219
1.65947
1.65713
1.65005
1.63842
1.6352
1.63472
1.63515
1.63854
1.63988
1.6379
1.63638
1.63647
1.6376
1.64578
1.66621
1.69644
1.73538
1.79603
1.87186
1.93361
2.00912
2.12061
2.20816
2.28729
2.41854
2.52681
2.59842
2.71685
2.82962
2.85987
2.8992
2.99388
3.04813
3.05877
3.09165
3.15027
3.16057
3.15946
3.17374
3.18479
3.18396
3.17934
3.179
3.17845
3.17689
3.17459
3.17055
3.16296
3.15408
3.14592
3.13778
3.12347
3.10566
3.08996
3.07607
3.05966
3.03858
3.02048
3.00454
2.99044
2.97637
2.9677
2.95417
1.40001
1.40001
1.40001
1.40001
1.40001
1.40001
1.40001
1.40001
1.40001
1.40001
1.40001
1.40001
1.40001
1.40001
1.40001
1.40001
1.40001
1.40001
1.40001
1.40001
1.40001
1.40004
1.40022
1.40104
1.40584
1.4225
1.47059
1.56573
1.77839
2.1405
2.61178
3.08961
3.56973
4.29409
4.6766
4.7505
4.90081
5.06086
5.11497
5.10917
5.06036
5.0178
4.99814
4.93238
4.82783
4.73505
4.63164
4.5007
4.4269
4.37303
4.29773
4.1863
4.13114
4.10194
4.05658
3.99447
3.92454
3.88988
3.8578
3.80925
3.7389
3.66981
3.64037
3.60653
3.55784
3.48807
3.42472
3.40518
3.37884
3.33777
3.2803
3.22886
3.20109
3.16741
3.12803
3.07407
3.0424
3.03091
3.00652
2.96951
2.9168
2.86517
2.84352
2.82257
2.79505
2.75802
2.73928
2.72514
2.69837
2.6585
2.60177
2.56699
2.55976
2.548
2.5296
2.50426
2.48511
2.46374
2.43046
2.39016
2.35111
2.33741
2.33082
2.32008
2.30432
2.28468
2.25736
2.22643
2.19315
2.17718
2.17961
2.19284
2.23361
2.32432
2.46811
2.71652
3.10499
3.46791
3.95754
4.42841
4.69762
4.98093
5.11943
5.09921
5.06377
4.99032
4.89978
4.81287
4.71565
4.61766
4.53716
4.45548
4.3802
4.33381
4.29142
4.24899
4.20501
4.16859
4.14265
4.11964
4.09906
4.07578
4.05117
4.02461
3.99241
3.95952
3.93454
3.91333
3.89306
3.87122
3.84862
3.82395
3.79335
3.75744
3.73234
3.71452
3.69762
3.68035
3.66209
3.64325
3.62207
3.5929
3.55886
3.54002
3.52586
3.51091
3.49505
3.47913
3.46281
3.44424
3.42014
3.39116
3.36802
3.35171
3.33833
3.32558
3.31206
3.29695
3.27989
3.25877
3.2332
3.21076
3.19263
3.17904
3.16793
3.15612
3.14288
3.12837
3.10986
3.08089
3.05411
3.04262
3.0317
3.01928
3.00666
2.99548
2.98453
2.97065
2.95077
2.92592
2.90311
2.88406
2.8733
2.86625
2.85843
2.849
2.83869
2.82566
2.80502
2.77666
2.75961
2.74936
2.73869
2.72791
2.7176
2.70956
2.70096
2.68933
2.67312
2.65258
2.62784
2.61062
2.60411
2.59835
2.59147
2.58392
2.57406
2.56056
2.5424
2.52242
2.50763
2.49728
2.48848
2.48227
2.47574
2.46721
2.45548
2.43491
2.41238
2.40458
2.39939
2.39329
2.38628
2.37804
2.36728
2.35097
2.32824
2.30911
2.30065
2.2954
2.28986
2.28364
2.27814
2.27198
2.26328
2.24685
2.2166
2.19733
2.19322
2.18968
2.18461
2.17853
2.17234
2.16594
2.15769
2.14536
2.12376
2.1042
2.09979
2.0969
2.09228
2.08584
2.07882
2.07222
2.06388
2.0514
2.03182
2.0157
2.01066
2.00636
2.00045
1.99338
1.98584
1.97705
1.96545
1.94939
1.93395
1.92715
1.92358
1.91987
1.91538
1.91002
1.90317
1.89369
1.87945
1.85972
1.8437
1.83603
1.83135
1.82755
1.82447
1.82182
1.81816
1.81121
1.79696
1.77478
1.7587
1.75327
1.74963
1.74558
1.74088
1.73558
1.72901
1.71923
1.70559
1.69107
1.6821
1.67963
1.67824
1.67655
1.67416
1.67083
1.66543
1.65499
1.63742
1.62508
1.62244
1.62185
1.62229
1.6211
1.61831
1.61544
1.61227
1.60759
1.60221
1.5959
1.58656
1.58157
1.58099
1.58161
1.5839
1.58884
1.60212
1.61912
1.63249
1.65544
1.6994
1.75165
1.80963
1.89511
1.98684
2.05793
2.15592
2.28347
2.36447
2.43921
2.58532
2.68062
2.72856
2.81412
2.91702
2.93415
2.9578
3.02103
3.06165
3.06307
3.08109
3.10675
3.10806
3.10316
3.1042
3.1044
3.10313
3.10456
3.10503
3.10354
3.09872
3.08744
3.07183
3.06007
3.05321
3.043
3.03202
3.01029
1.40001
1.40001
1.40001
1.40001
1.40001
1.40001
1.40001
1.40001
1.40001
1.40001
1.40001
1.40001
1.40001
1.40001
1.40001
1.40001
1.40001
1.40001
1.40001
1.40001
1.40001
1.40001
1.40001
1.40001
1.40001
1.40003
1.4002
1.40082
1.40403
1.41639
1.45422
1.53855
1.6837
1.98824
2.40867
2.91763
3.34491
3.82714
4.52103
4.72901
4.78148
4.9007
5.02521
5.0706
5.06442
5.02096
4.97957
4.95051
4.88314
4.78939
4.69239
4.58035
4.4825
4.41232
4.33862
4.23732
4.1723
4.13754
4.08956
4.01726
3.94933
3.92568
3.89831
3.85124
3.7813
3.70976
3.6829
3.6533
3.60737
3.54146
3.48335
3.4583
3.42382
3.37714
3.31098
3.26622
3.2544
3.22977
3.19019
3.13458
3.08564
3.06252
3.0355
3.00162
2.95485
2.93207
2.9197
2.89351
2.85503
2.79779
2.75805
2.74527
2.72823
2.70156
2.67119
2.65592
2.63737
2.60788
2.56386
2.50913
2.49071
2.48653
2.47604
2.45895
2.44455
2.43319
2.43203
2.4561
2.51947
2.66494
2.91752
3.21834
3.69098
4.17025
4.56455
5.0433
5.2963
5.45279
5.61054
5.61875
5.59316
5.53255
5.435
5.33945
5.25092
5.15207
5.06705
4.99169
4.90734
4.81673
4.73829
4.67841
4.62894
4.58848
4.55341
4.5197
4.48394
4.44552
4.40981
4.37969
4.35202
4.32466
4.2969
4.26773
4.2362
4.20174
4.16739
4.14098
4.11836
4.09615
4.07345
4.04785
4.01644
3.98224
3.95276
3.93102
3.91268
3.8941
3.87555
3.8561
3.83444
3.80799
3.77108
3.73793
3.72147
3.70649
3.69029
3.67354
3.65604
3.63667
3.61211
3.58183
3.55103
3.52797
3.51325
3.49949
3.48469
3.46922
3.45146
3.42867
3.39982
3.37185
3.35272
3.33625
3.32253
3.31146
3.29837
3.28242
3.26406
3.23754
3.19889
3.1782
3.16928
3.15825
3.14537
3.13285
3.11984
3.10563
3.08714
3.05812
3.02855
3.00961
2.99478
2.98559
2.97815
2.96791
2.95582
2.94323
2.92503
2.89248
2.8658
2.85646
2.84649
2.83404
2.82287
2.81146
2.80141
2.79027
2.77207
2.74869
2.72779
2.70681
2.69568
2.6897
2.68168
2.67192
2.66155
2.64662
2.62385
2.60243
2.58983
2.57949
2.56999
2.56063
2.55213
2.5424
2.52906
2.51229
2.487
2.46826
2.46338
2.45891
2.45217
2.44371
2.43365
2.42048
2.39996
2.37618
2.36006
2.35066
2.34248
2.33449
2.33021
2.32636
2.32032
2.31114
2.29498
2.26485
2.23928
2.23289
2.22812
2.22195
2.21724
2.21334
2.20894
2.20322
2.19255
2.16841
2.14166
2.13353
2.12927
2.1236
2.11894
2.116
2.11276
2.10721
2.09426
2.06638
2.04412
2.03819
2.03481
2.03198
2.02939
2.02585
2.02057
2.01305
2.0004
1.97556
1.95563
1.95159
1.94945
1.94682
1.94385
1.94063
1.93616
1.92772
1.91057
1.8847
1.86533
1.85953
1.85697
1.85444
1.85131
1.84742
1.84248
1.83444
1.81963
1.79815
1.78362
1.77685
1.77143
1.76574
1.76063
1.75633
1.75119
1.74142
1.72462
1.71079
1.70448
1.69993
1.69382
1.68623
1.68197
1.67924
1.67633
1.67116
1.65689
1.63568
1.62835
1.62598
1.62363
1.62153
1.61978
1.61808
1.61506
1.60671
1.58898
1.57669
1.57273
1.57013
1.56714
1.56377
1.56071
1.55848
1.55724
1.55578
1.55292
1.54901
1.54374
1.54311
1.54718
1.55542
1.56665
1.58951
1.62547
1.66159
1.71135
1.7921
1.86691
1.93955
2.05361
2.15538
2.22744
2.34317
2.46302
2.52549
2.60086
2.73853
2.78508
2.8109
2.87601
2.93202
2.93772
2.95775
3.00445
3.0203
3.0205
3.02545
3.02507
3.01842
3.01509
3.01964
3.02487
3.02336
1.40001
1.40001
1.40001
1.40001
1.40001
1.40001
1.40001
1.40001
1.40001
1.40001
1.40001
1.40001
1.40001
1.40001
1.40001
1.40001
1.40001
1.40001
1.40001
1.40001
1.40001
1.40001
1.40001
1.40001
1.40001
1.40001
1.40001
1.40001
1.40001
1.40002
1.40013
1.40065
1.40237
1.41024
1.43444
1.50104
1.61646
1.81586
2.18093
2.63982
3.13424
3.51615
4.00915
4.62552
4.73569
4.78457
4.89134
4.99421
5.02807
5.01963
4.96779
4.93485
4.91097
4.84769
4.76668
4.66584
4.54237
4.46439
4.40343
4.31038
4.21315
4.17229
4.13049
4.0654
3.98356
3.95245
3.93137
3.89342
3.83469
3.76239
3.73094
3.70038
3.65647
3.59057
3.52585
3.50693
3.48187
3.44016
3.37805
3.32065
3.2974
3.26814
3.22952
3.17322
3.14106
3.12895
3.10311
3.06342
3.00446
2.96387
2.94545
2.92355
2.89104
2.85208
2.83575
2.82023
2.79221
2.74372
2.69842
2.68994
2.69658
2.71812
2.76665
2.87503
3.04025
3.25507
3.63214
4.03544
4.43847
5.03478
5.43644
5.75246
6.07746
6.17524
6.20507
6.1788
6.13997
6.06198
5.95747
5.83265
5.7079
5.59607
5.47825
5.37098
5.31239
5.2601
5.20305
5.15156
5.09616
5.03192
4.98604
4.9544
4.91777
4.87942
4.84413
4.8084
4.76709
4.71987
4.67853
4.64632
4.61737
4.58828
4.55857
4.52848
4.49519
4.45924
4.42044
4.38486
4.36024
4.33737
4.3153
4.29244
4.26417
4.2324
4.19593
4.15755
4.1349
4.11628
4.09656
4.07761
4.05474
4.02788
3.99755
3.95605
3.92162
3.9046
3.88731
3.8688
3.8506
3.82853
3.80318
3.77112
3.73533
3.70779
3.68643
3.67041
3.65492
3.638
3.61886
3.59219
3.55526
3.52316
3.50282
3.48691
3.47143
3.45697
3.44472
3.42871
3.4063
3.37769
3.3375
3.30429
3.29345
3.28487
3.27339
3.25994
3.24529
3.22822
3.20568
3.17515
3.14025
3.11918
3.10663
3.09397
3.08537
3.0767
3.06215
3.04478
3.02504
2.9921
2.95655
2.94627
2.93908
2.92789
2.91512
2.90269
2.88885
2.87306
2.85259
2.82483
2.80402
2.78913
2.77577
2.76895
2.76092
2.74796
2.7344
2.71776
2.68834
2.66306
2.65541
2.64811
2.63822
2.62853
2.61812
2.60703
2.59049
2.56801
2.54489
2.52548
2.51815
2.51408
2.50916
2.50197
2.49192
2.47612
2.44899
2.41987
2.40896
2.40318
2.39656
2.38905
2.38098
2.3711
2.35842
2.34449
2.32732
2.30307
2.28991
2.28694
2.28393
2.27614
2.26216
2.24612
2.23482
2.22657
2.21794
2.20616
2.19387
2.18411
2.17436
2.16251
2.15037
2.13977
2.13016
2.12001
2.10821
2.09743
2.09025
2.08433
2.07723
2.06739
2.05422
2.03805
2.02295
2.01452
2.01077
2.00786
2.00502
2.00014
1.99177
1.98161
1.96961
1.95581
1.94361
1.93485
1.92989
1.92752
1.9259
1.92154
1.91474
1.90913
1.90426
1.89863
1.88887
1.86958
1.85243
1.84943
1.84872
1.8452
1.83824
1.83185
1.8272
1.82304
1.81774
1.80828
1.78998
1.771
1.76349
1.75929
1.75411
1.74547
1.72838
1.70479
1.69314
1.68819
1.68373
1.67994
1.67691
1.67306
1.66532
1.64942
1.63344
1.62359
1.61595
1.61183
1.60898
1.60598
1.60245
1.59826
1.59249
1.5823
1.56725
1.55555
1.54972
1.54615
1.54298
1.53866
1.53403
1.53029
1.52641
1.52247
1.51693
1.51278
1.51241
1.51078
1.50714
1.50737
1.51009
1.5167
1.52924
1.55144
1.57549
1.60459
1.65617
1.71543
1.76926
1.85306
1.95052
2.02206
2.11613
2.24091
2.31447
2.38089
2.51937
2.59912
2.63924
2.71367
2.78918
2.80163
2.82053
2.86965
2.91052
2.92655
1.40001
1.40001
1.40001
1.40001
1.40001
1.40001
1.40001
1.40001
1.40001
1.40001
1.40001
1.40001
1.40001
1.40001
1.40001
1.40001
1.40001
1.40001
1.40001
1.40001
1.40001
1.40001
1.40001
1.40001
1.40001
1.40001
1.40001
1.40001
1.40001
1.40001
1.40001
1.40001
1.40001
1.40001
1.40006
1.40039
1.4015
1.4053
1.41931
1.45903
1.55204
1.69326
1.94018
2.32329
2.82306
3.27273
3.6094
4.14173
4.66157
4.70276
4.75953
4.87365
4.96503
4.98991
4.97956
4.92567
4.89596
4.87478
4.82102
4.73914
4.6328
4.55216
4.48547
4.38122
4.26778
4.22548
4.18769
4.11928
4.02634
3.99659
3.97544
3.93666
3.87389
3.80578
3.7835
3.75861
3.71679
3.65338
3.59127
3.56727
3.53746
3.49553
3.42984
3.38313
3.36905
3.34367
3.30219
3.23453
3.18755
3.1691
3.14569
3.10372
3.06479
3.06416
3.05771
3.0656
3.08563
3.14554
3.29205
3.5091
3.86616
4.27709
4.71006
5.29513
5.65137
6.00206
6.4213
6.62248
6.81091
6.97986
6.9984
6.96019
6.89014
6.80267
6.71856
6.60626
6.49429
6.38994
6.27166
6.14809
6.0276
5.90829
5.79752
5.70519
5.64221
5.57662
5.51419
5.45279
5.39285
5.33044
5.28115
5.24673
5.21371
5.18168
5.14657
5.10768
5.06411
5.00828
4.96078
4.92639
4.89469
4.86921
4.84125
4.81211
4.77893
4.73518
4.69119
4.6478
4.61156
4.58791
4.563
4.53968
4.51604
4.48307
4.44517
4.40069
4.35313
4.33116
4.31242
4.28919
4.26725
4.23955
4.20682
4.17264
4.12669
4.09155
4.073
4.05222
4.03117
4.00867
3.97928
3.94605
3.90797
3.87246
3.84874
3.82827
3.81072
3.79253
3.77184
3.744
3.69865
3.65426
3.63336
3.61822
3.60244
3.58717
3.57244
3.55659
3.53294
3.4966
3.45434
3.41597
3.3994
3.39109
3.38116
3.3679
3.35243
3.33313
3.30423
3.26333
3.23057
3.21115
3.19652
3.18469
3.17319
3.16288
3.14961
3.12777
3.09952
3.06357
3.02858
3.01765
3.01186
3.00241
2.98953
2.97609
2.95981
2.93456
2.90229
2.87914
2.86324
2.85104
2.84021
2.83075
2.82244
2.80835
2.78721
2.76057
2.72642
2.71014
2.70615
2.70056
2.68959
2.67716
2.66419
2.64953
2.63111
2.60727
2.58832
2.57288
2.56026
2.55462
2.54869
2.53956
2.53
2.51894
2.50239
2.48304
2.462
2.43721
2.42412
2.4205
2.41758
2.4149
2.41014
2.40176
2.39284
2.38142
2.35812
2.32278
2.30866
2.30501
2.30138
2.29768
2.29163
2.2844
2.27614
2.26549
2.24693
2.22546
2.21831
2.21426
2.20662
2.19557
2.18476
2.17492
2.16515
2.15557
2.14723
2.13973
2.13181
2.12217
2.10905
2.09269
2.07858
2.06726
2.05235
2.03949
2.037
2.03523
2.03065
2.02244
2.01237
2.00133
1.99177
1.98432
1.97625
1.96335
1.93944
1.91105
1.89699
1.89178
1.88801
1.88519
1.88401
1.88246
1.87896
1.87209
1.85772
1.83549
1.81894
1.8131
1.80953
1.80585
1.80136
1.79406
1.77897
1.75779
1.74858
1.74629
1.74451
1.74255
1.73968
1.73571
1.73016
1.72425
1.72297
1.72159
1.71803
1.71294
1.70607
1.69616
1.6842
1.67282
1.66358
1.653
1.6314
1.61209
1.60796
1.60614
1.60572
1.60697
1.60585
1.6013
1.59348
1.58407
1.577
1.57184
1.56688
1.56141
1.55522
1.5481
1.54031
1.53144
1.52016
1.50711
1.49678
1.49306
1.4919
1.49188
1.4922
1.49124
1.48686
1.47543
1.46383
1.4628
1.46349
1.46653
1.47623
1.4904
1.50818
1.5418
1.58602
1.62697
1.69356
1.77874
1.84587
1.9379
2.04213
2.11384
2.19624
2.30968
2.38403
2.49953
1.40001
1.40001
1.40001
1.40001
1.40001
1.40001
1.40001
1.40001
1.40001
1.40001
1.40001
1.40001
1.40001
1.40001
1.40001
1.40001
1.40001
1.40001
1.40001
1.40001
1.40001
1.40001
1.40001
1.40001
1.40001
1.40001
1.40001
1.40001
1.40001
1.40001
1.40001
1.40001
1.40001
1.40001
1.40001
1.40001
1.40001
1.40001
1.40003
1.40014
1.40084
1.40269
1.4096
1.42967
1.48302
1.60345
1.75287
2.02606
2.46963
2.89642
3.31594
3.69599
4.18695
4.62767
4.67488
4.73373
4.83664
4.9277
4.95437
4.94523
4.89799
4.86767
4.85357
4.80653
4.72817
4.62909
4.54768
4.4735
4.38072
4.30861
4.25171
4.17753
4.07426
4.03516
4.01408
3.98017
3.92674
3.85626
3.82037
3.78831
3.74626
3.67629
3.62197
3.61262
3.59472
3.55393
3.48894
3.46959
3.45767
3.46438
3.49572
3.56903
3.72347
3.9283
4.27758
4.76575
5.17952
5.76716
6.30624
6.7238
7.24057
7.46477
7.61088
7.73486
7.69372
7.67438
7.64473
7.57376
7.48303
7.3618
7.20509
7.03307
6.91935
6.81567
6.68505
6.59445
6.53708
6.45582
6.37579
6.30923
6.23112
6.15692
6.10376
6.05548
6.00488
5.95019
5.89019
5.82524
5.75475
5.68648
5.62955
5.58637
5.55081
5.51506
5.47744
5.43287
5.38443
5.3267
5.2647
5.21942
5.17781
5.1453
5.11881
5.08741
5.05221
5.00573
4.95109
4.90169
4.85433
4.82011
4.79082
4.75853
4.73185
4.70142
4.65916
4.61239
4.55685
4.51268
4.49144
4.468
4.44183
4.41353
4.37599
4.33727
4.29507
4.24679
4.21871
4.19591
4.17131
4.14793
4.11772
4.08201
4.04247
3.99893
3.96919
3.94734
3.92738
3.90836
3.88665
3.85869
3.81352
3.75936
3.73045
3.71451
3.69936
3.68375
3.66808
3.65193
3.62959
3.59162
3.54339
3.50168
3.4828
3.47392
3.46423
3.45204
3.43741
3.41782
3.38577
3.33602
3.29861
3.28257
3.26975
3.25727
3.24548
3.23463
3.22165
3.19887
3.16236
3.11684
3.08753
3.07938
3.07287
3.06367
3.0522
3.03964
3.02236
2.99054
2.94728
2.92341
2.91175
2.90132
2.89155
2.88322
2.87509
2.86166
2.83733
2.79578
2.75897
2.75047
2.74642
2.74135
2.73344
2.7234
2.7105
2.68869
2.65274
2.6248
2.6109
2.60071
2.59567
2.59274
2.58836
2.57972
2.56222
2.52521
2.49067
2.48398
2.47997
2.47469
2.4696
2.46409
2.45494
2.43487
2.39839
2.37224
2.36481
2.36061
2.3568
2.35207
2.34668
2.33958
2.32495
2.29292
2.26094
2.24989
2.24442
2.2395
2.23536
2.2311
2.22513
2.21387
2.19109
2.16394
2.15264
2.14756
2.14172
2.13478
2.12816
2.12185
2.11471
2.10338
2.08228
2.05925
2.04951
2.04495
2.04135
2.03755
2.03303
2.02667
2.01621
1.99961
1.98022
1.96804
1.96192
1.95636
1.94957
1.93898
1.92087
1.90828
1.90531
1.903
1.89994
1.89632
1.89191
1.88481
1.87167
1.85017
1.8303
1.8226
1.81893
1.8156
1.81256
1.80952
1.80599
1.80082
1.79094
1.77412
1.76079
1.75638
1.75388
1.75039
1.74448
1.73657
1.72961
1.72425
1.71884
1.71195
1.70254
1.69013
1.67846
1.6704
1.66404
1.65688
1.64738
1.63987
1.63616
1.63275
1.62945
1.62597
1.62159
1.61527
1.60509
1.59045
1.57624
1.56835
1.5637
1.55922
1.55431
1.54914
1.54313
1.5348
1.52356
1.50993
1.49827
1.49448
1.49265
1.49115
1.49002
1.48923
1.48827
1.4864
1.48115
1.46822
1.45189
1.44431
1.44342
1.44341
1.4445
1.4463
1.44603
1.44397
1.43899
1.43372
1.43367
1.43695
1.44361
1.45267
1.46981
1.49265
1.52044
1.56684
1.61725
1.72365
1.40001
1.40001
1.40001
1.40001
1.40001
1.40001
1.40001
1.40001
1.40001
1.40001
1.40001
1.40001
1.40001
1.40001
1.40001
1.40001
1.40001
1.40001
1.40001
1.40001
1.40001
1.40001
1.40001
1.40001
1.40001
1.40001
1.40001
1.40001
1.40001
1.40001
1.40001
1.40001
1.40001
1.40001
1.40001
1.40001
1.40001
1.40001
1.40001
1.40001
1.40001
1.40001
1.40001
1.40005
1.40025
1.40145
1.40445
1.41246
1.44161
1.50918
1.62308
1.80004
2.09082
2.46394
2.97858
3.3706
3.65897
4.17809
4.62562
4.63693
4.68964
4.81895
4.89669
4.91058
4.89929
4.85276
4.83191
4.82557
4.78276
4.71025
4.64791
4.5548
4.43872
4.38219
4.34119
4.27941
4.2105
4.18182
4.15294
4.10917
4.06693
4.06327
4.08303
4.11401
4.17574
4.29317
4.50333
4.74671
5.0568
5.53269
5.99479
6.58916
7.1656
7.6249
8.21988
8.58112
8.78183
9.03785
9.16817
9.21199
9.21456
9.17506
9.08598
8.97963
8.85098
8.66864
8.45475
8.19804
7.92067
7.67237
7.44922
7.26015
7.10084
6.95162
6.82196
6.72535
6.63825
6.55056
6.48318
6.42661
6.36596
6.30922
6.2682
6.22275
6.18389
6.14167
6.094
6.04197
5.98406
5.92403
5.86631
5.81312
5.76569
5.7191
5.67255
5.62604
5.57651
5.52643
5.46697
5.40769
5.35724
5.30341
5.26341
5.227
5.18348
5.14366
5.09783
5.04694
4.99821
4.94289
4.90096
4.86664
4.83046
4.79895
4.75842
4.71053
4.66817
4.62117
4.58354
4.55516
4.52292
4.49347
4.45981
4.41733
4.37513
4.32673
4.29005
4.26841
4.24494
4.22065
4.19224
4.15751
4.11544
4.06531
4.02678
4.00191
3.9823
3.96529
3.9461
3.92155
3.88291
3.82553
3.78193
3.76177
3.74653
3.7316
3.71667
3.70102
3.68028
3.64449
3.59238
3.54822
3.52834
3.51832
3.50819
3.49652
3.48277
3.46319
3.42873
3.37499
3.33717
3.32213
3.31017
3.29836
3.28693
3.27522
3.26099
3.23717
3.19479
3.14965
3.12779
3.11742
3.10885
3.09973
3.08933
3.07741
3.05916
3.02343
2.97887
2.95779
2.94722
2.93728
2.92759
2.91851
2.90878
2.89427
2.86731
2.82757
2.79595
2.78468
2.77915
2.77322
2.76592
2.7568
2.7432
2.7196
2.68495
2.65752
2.64462
2.63563
2.62844
2.62259
2.61526
2.60443
2.58852
2.56379
2.52993
2.50943
2.50152
2.4943
2.48707
2.47905
2.46822
2.45232
2.42914
2.40377
2.38907
2.38142
2.37378
2.36607
2.35915
2.34977
2.33375
2.30555
2.27841
2.27104
2.2679
2.26459
2.26007
2.25408
2.24514
2.22931
2.20101
2.17752
2.17175
2.16794
2.16252
2.15624
2.14934
2.14229
2.1341
2.11854
2.09043
2.07373
2.06983
2.06653
2.06258
2.05832
2.05294
2.04452
2.03064
2.01133
1.99275
1.98433
1.98096
1.977
1.97121
1.962
1.94555
1.93009
1.92409
1.92003
1.91539
1.91035
1.90506
1.89836
1.88778
1.8701
1.85138
1.84309
1.83873
1.83475
1.83174
1.82862
1.82443
1.81751
1.80427
1.78511
1.77316
1.76825
1.76403
1.75943
1.75449
1.74941
1.74441
1.73936
1.73378
1.72591
1.71337
1.69814
1.68695
1.68109
1.6771
1.67312
1.66776
1.65895
1.64875
1.64279
1.6392
1.63531
1.63036
1.62445
1.61673
1.605
1.59089
1.58184
1.57697
1.57265
1.56816
1.56373
1.55843
1.55005
1.53653
1.52277
1.51456
1.51088
1.50914
1.50761
1.50583
1.50367
1.50074
1.49624
1.48823
1.47425
1.45985
1.45293
1.45097
1.44998
1.4495
1.44805
1.44531
1.44132
1.43505
1.42846
1.42654
1.42602
1.42488
1.4232
1.42114
1.41801
1.41322
1.40928
1.40867
1.41441
1.40001
1.40001
1.40001
1.40001
1.40001
1.40001
1.40001
1.40001
1.40001
1.40001
1.40001
1.40001
1.40001
1.40001
1.40001
1.40001
1.40001
1.40001
1.40001
1.40001
1.40001
1.40001
1.40001
1.40001
1.40001
1.40001
1.40001
1.40001
1.40001
1.40001
1.40001
1.40001
1.40001
1.40001
1.40001
1.40001
1.40001
1.40001
1.40001
1.40001
1.40001
1.40001
1.40001
1.40001
1.40001
1.40001
1.40001
1.40002
1.40008
1.40047
1.40178
1.40514
1.41727
1.44548
1.51387
1.65561
1.81669
2.06858
2.57707
2.93473
3.2136
3.79995
4.16517
4.31439
4.57663
4.71635
4.7757
4.85031
4.87886
4.89732
4.94857
4.97832
4.97865
5.01652
5.14084
5.23291
5.27833
5.40649
5.72802
5.96734
6.18101
6.59915
6.98021
7.33708
7.68994
8.13798
8.66227
8.85825
9.14762
9.44554
9.55253
9.64373
9.708
9.74631
9.75235
9.69865
9.58178
9.49412
9.37181
9.23061
9.11844
8.94468
8.80516
8.67216
8.47191
8.35666
8.24754
8.10213
8.00391
7.91405
7.8164
7.71644
7.61258
7.51029
7.41174
7.30835
7.20464
7.10868
7.01754
6.93249
6.85902
6.78726
6.72164
6.65045
6.58463
6.51765
6.45076
6.38874
6.32852
6.26991
6.21268
6.15479
6.09461
6.02929
5.96902
5.91374
5.85973
5.8129
5.75926
5.70416
5.64996
5.58244
5.5266
5.47809
5.42805
5.38894
5.34186
5.29003
5.24153
5.18311
5.13518
5.09145
5.04322
5.00593
4.96243
4.91423
4.87395
4.82367
4.78083
4.74972
4.71474
4.68403
4.64688
4.59545
4.5489
4.50181
4.46532
4.44338
4.41774
4.39059
4.36068
4.32337
4.27679
4.22096
4.17854
4.15391
4.13488
4.11721
4.09662
4.07009
4.0289
3.96667
3.91646
3.89305
3.87691
3.86205
3.84721
3.83134
3.80967
3.77117
3.71314
3.66619
3.64523
3.63374
3.62226
3.60901
3.59366
3.57237
3.53513
3.47836
3.43913
3.42268
3.40997
3.39809
3.38642
3.37388
3.35797
3.33019
3.27985
3.2355
3.21866
3.20819
3.19896
3.18962
3.1785
3.16492
3.14347
3.10191
3.05639
3.03881
3.02887
3.0185
3.00862
2.99916
2.98855
2.97245
2.94103
2.89784
2.87061
2.85983
2.8538
2.84783
2.84045
2.83075
2.8159
2.78977
2.7524
2.72574
2.7138
2.70532
2.69784
2.69127
2.68389
2.6738
2.65897
2.63184
2.59032
2.57044
2.56393
2.55699
2.54909
2.54093
2.53187
2.5195
2.49752
2.46602
2.4446
2.43531
2.42772
2.42173
2.416
2.40651
2.39005
2.36469
2.34021
2.33127
2.32701
2.32181
2.31507
2.308
2.29911
2.28277
2.25611
2.23823
2.23078
2.22391
2.21753
2.21154
2.20466
2.19765
2.18772
2.16661
2.13895
2.12948
2.12597
2.12163
2.11681
2.11201
2.10533
2.09399
2.07683
2.05744
2.04508
2.04107
2.03746
2.03164
2.02358
2.01182
1.99131
1.97202
1.96521
1.96113
1.95664
1.95201
1.94739
1.94142
1.93154
1.91376
1.89286
1.88295
1.87812
1.8738
1.8697
1.86556
1.86059
1.85251
1.83659
1.8164
1.80744
1.80387
1.80009
1.79606
1.79231
1.78851
1.78444
1.77976
1.77331
1.76228
1.74523
1.73025
1.72398
1.72116
1.71803
1.71334
1.70537
1.69084
1.67683
1.67203
1.6692
1.66574
1.66166
1.65744
1.65191
1.6419
1.62742
1.61795
1.61335
1.60935
1.60531
1.60118
1.5957
1.58675
1.57359
1.55837
1.54875
1.54623
1.54479
1.54339
1.54139
1.53874
1.5353
1.53038
1.52203
1.50776
1.49348
1.4879
1.48553
1.48311
1.47988
1.47563
1.47025
1.46274
1.45404
1.44898
1.44634
1.44333
1.43943
1.43522
1.43094
1.42572
1.41784
1.40469
1.39551
1.39258
1.40001
1.40001
1.40001
1.40001
1.40001
1.40001
1.40001
1.40001
1.40001
1.40001
1.40001
1.40001
1.40001
1.40001
1.40001
1.40001
1.40001
1.40001
1.40001
1.40001
1.40001
1.40001
1.40001
1.40001
1.40001
1.40001
1.40001
1.40001
1.40001
1.40001
1.40001
1.40001
1.40001
1.40001
1.40001
1.40001
1.40001
1.40001
1.40001
1.40001
1.40001
1.40001
1.40001
1.40001
1.40001
1.40001
1.40001
1.40001
1.40001
1.40001
1.40001
1.40001
1.40002
1.40011
1.40046
1.40216
1.40687
1.41558
1.45196
1.5348
1.63088
1.84216
2.14222
2.49847
3.02487
3.50316
4.00568
4.78163
5.45542
6.04476
6.74573
7.47469
8.15718
8.8682
9.57542
10.1947
10.7316
11.3153
11.8523
12.2627
12.7153
13.1315
13.2766
13.4805
13.5629
13.6032
13.6512
13.5858
13.4113
13.1331
12.7874
12.4323
12.0469
11.6082
11.1444
10.6841
10.224
9.77639
9.35656
9.01415
8.71971
8.46711
8.26824
8.12402
8.00747
7.91467
7.80002
7.72354
7.66213
7.5952
7.53524
7.49297
7.45336
7.39914
7.32815
7.24592
7.1525
7.06329
6.9728
6.87988
6.79223
6.71408
6.64455
6.56355
6.47711
6.39173
6.31549
6.24894
6.18689
6.13044
6.07622
6.0188
5.95282
5.88031
5.82252
5.76969
5.71707
5.66975
5.6198
5.57623
5.52947
5.46467
5.40274
5.34479
5.29698
5.26469
5.22135
5.16949
5.11796
5.06294
5.02104
4.97842
4.92803
4.88277
4.83423
4.79131
4.75637
4.71098
4.66706
4.63024
4.59579
4.56833
4.53166
4.47931
4.4288
4.37909
4.35006
4.33175
4.30609
4.27609
4.24374
4.20719
4.1617
4.10855
4.06837
4.04356
4.02567
4.00897
3.98807
3.95937
3.91501
3.85372
3.81
3.78875
3.77191
3.75629
3.74173
3.72661
3.70491
3.6655
3.60799
3.56167
3.54354
3.53398
3.5231
3.5097
3.49356
3.47117
3.43275
3.37785
3.34379
3.3287
3.31592
3.30383
3.2923
3.28018
3.26426
3.23515
3.18473
3.14388
3.12793
3.11854
3.11102
3.10252
3.09177
3.0777
3.05414
3.00991
2.96915
2.95549
2.94603
2.93552
2.92596
2.9172
2.90698
2.89049
2.85782
2.8151
2.78935
2.78148
2.77669
2.77127
2.76399
2.75396
2.7384
2.71076
2.67391
2.65129
2.6403
2.63213
2.62571
2.62026
2.61366
2.60397
2.58779
2.55541
2.51679
2.50468
2.49923
2.49222
2.48411
2.47602
2.46711
2.45358
2.42883
2.39853
2.38054
2.37198
2.36546
2.36053
2.35538
2.34622
2.33036
2.30396
2.27654
2.26894
2.26578
2.26091
2.25436
2.2474
2.2387
2.22351
2.19891
2.18109
2.17313
2.16611
2.15914
2.15272
2.14656
2.14056
2.13102
2.11095
2.0855
2.0745
2.07023
2.0664
2.06291
2.05881
2.05221
2.04069
2.02333
2.00386
1.99381
1.99098
1.98732
1.98123
1.97281
1.95999
1.93892
1.92176
1.91629
1.91268
1.90833
1.9036
1.8986
1.89222
1.88224
1.86432
1.84431
1.8353
1.83096
1.82722
1.82359
1.8197
1.81464
1.80599
1.78949
1.77083
1.76332
1.75992
1.75595
1.75163
1.74775
1.74441
1.74109
1.73673
1.72964
1.71663
1.69838
1.68666
1.68298
1.68056
1.67739
1.67243
1.66391
1.64894
1.63619
1.63251
1.6301
1.62681
1.62279
1.61846
1.61268
1.60221
1.588
1.57998
1.57597
1.57198
1.56783
1.56357
1.55813
1.55033
1.53839
1.52122
1.51325
1.51141
1.51012
1.50877
1.50701
1.50489
1.50214
1.49788
1.48988
1.47568
1.46134
1.45596
1.45384
1.4516
1.44854
1.44441
1.43839
1.42956
1.4217
1.4182
1.41577
1.41284
1.40926
1.40508
1.40026
1.39436
1.38587
1.37294
1.36446
1.36026
)
;

boundaryField
{
    inlet
    {
        type            calculated;
        value           uniform 1.40001;
    }
    outlet
    {
        type            calculated;
        value           nonuniform List<scalar> 
32
(
2.21491
2.22178
2.2371
2.26385
2.29351
2.31952
2.33715
2.34722
2.34813
2.35087
2.35822
2.375
2.40432
2.44003
2.47996
2.52437
2.57337
2.62965
2.6894
2.7535
2.81456
2.86961
2.9133
2.95396
3.01013
3.02346
2.9275
2.50018
1.72431
1.41459
1.39263
1.3603
)
;
    }
    bottom
    {
        type            symmetryPlane;
    }
    top
    {
        type            symmetryPlane;
    }
    obstacle
    {
        type            calculated;
        value           nonuniform List<scalar> 
416
(
7.56947
7.56778
7.56484
7.56066
7.55527
7.54878
7.54122
7.5328
7.52351
7.51335
7.50221
7.48986
7.47631
7.46118
7.44457
7.426
7.40577
7.38295
7.35798
7.32943
7.29793
7.26119
7.22035
7.17159
7.11678
7.04887
6.97104
6.86797
6.74399
6.56723
6.31991
6.06254
2.1746
1.46838
1.11429
0.848744
0.659993
0.579792
0.523101
0.429598
0.308532
0.284864
0.279656
0.262423
0.22775
0.212298
0.216956
0.228376
0.229361
0.229429
0.231087
0.241592
0.260578
0.290432
0.312971
0.325946
0.339067
0.357737
0.390626
0.418626
0.444125
0.472829
0.517361
0.556457
0.583756
0.611018
0.645263
0.67915
0.71419
0.752209
0.791146
0.826608
0.854917
0.876952
0.896165
0.910236
0.926475
0.947004
0.976107
1.00384
1.02171
1.03418
1.04857
1.05902
1.0602
1.06279
1.07265
1.09007
1.11258
1.12207
1.12375
1.12653
1.13269
1.13928
1.14712
1.15774
1.16851
1.17898
1.18281
1.18332
1.18177
1.17841
1.17935
1.18238
1.18663
1.1924
1.19347
1.19123
1.18564
1.17844
1.17482
1.17292
1.17222
1.17464
1.17587
1.17326
1.16981
1.16444
1.15922
1.15758
1.15656
1.15636
1.15828
1.15822
1.15684
1.15458
1.15097
1.14917
1.14874
1.14858
1.14961
1.15254
1.15397
1.15413
1.15411
1.15361
1.1537
1.15441
1.15632
1.16011
1.16389
1.16484
1.16501
1.16511
1.16533
1.16568
1.16636
1.16798
1.17068
1.17239
1.17259
1.17255
1.17229
1.17157
1.17115
1.17096
1.17124
1.17284
1.17339
1.1727
1.17146
1.16928
1.16683
1.16571
1.16498
1.16448
1.16375
1.16274
1.16154
1.15965
1.15682
1.15466
1.15342
1.15247
1.15158
1.15063
1.1495
1.14811
1.14623
1.14365
1.14147
1.14043
1.1397
1.13901
1.13834
1.13763
1.13668
1.13499
1.13262
1.13151
1.13105
1.1306
1.13021
1.1298
1.12931
1.1286
1.12717
1.12565
1.12513
1.12477
1.12441
1.12406
1.12366
1.1232
1.12255
1.12146
1.1204
1.11996
1.11963
1.11931
1.11897
1.11862
1.11824
1.11768
1.11671
1.11555
1.11487
1.11439
1.11389
1.1134
1.11291
1.11237
1.11163
1.11055
1.1092
1.10806
1.10736
1.10673
1.10605
1.10537
1.10468
1.10387
1.10271
1.10103
1.09972
1.0995
1.10055
1.10441
1.11546
2.53646
3.4551
3.52219
3.54354
3.56205
3.57587
3.58749
3.59883
3.60976
3.61582
3.61782
3.61689
3.61344
3.60904
3.60105
3.58729
3.5704
3.55379
3.53996
3.5299
3.5227
3.51588
3.50746
3.49715
3.48695
3.47733
3.46833
3.45896
3.44818
3.43622
3.42394
3.41207
3.40093
3.39013
3.37833
3.36443
3.34939
3.33506
3.3225
3.31223
3.30362
3.29437
3.28312
3.27069
3.25822
3.24669
3.23733
3.23069
3.2215
3.20764
3.19304
3.17871
3.16506
3.15309
3.14422
3.13577
3.12355
3.11044
3.09774
3.08569
3.07486
3.0665
3.06052
3.05203
3.04132
3.03048
3.0201
3.01036
3.00157
2.99373
2.98474
2.97515
2.96517
2.95516
2.94586
2.93701
2.92956
2.92426
2.9175
2.90846
2.89905
2.88913
2.87935
2.87005
2.86083
2.85152
2.8421
2.83238
2.82194
2.81039
2.79862
2.78842
2.77945
2.77079
2.7621
2.75316
2.74433
2.73627
2.72869
2.72129
2.714
2.70676
2.69946
2.6919
2.68394
2.67604
2.66885
2.66217
2.65561
2.64896
2.64203
2.63467
2.62709
2.61976
2.61282
2.60605
2.59927
2.59232
2.58505
2.57732
2.5692
2.56128
2.55421
2.54783
2.54169
2.53552
2.52914
2.52231
2.51479
2.50674
2.49931
2.49321
2.48774
2.4824
2.47696
2.47103
2.46386
2.45552
2.44886
2.44397
2.4393
2.43468
2.43003
2.42528
2.42019
2.41432
2.40749
2.40061
2.39465
2.38922
2.38379
2.37808
2.37167
2.36406
2.35516
2.34624
2.33882
2.33262
2.32689
2.32125
2.31549
2.30937
2.30261
2.29509
2.28723
2.28015
2.27423
2.2689
2.26365
2.25823
2.25234
2.24566
2.23828
2.23143
2.22593
2.22194
2.21492
)
;
    }
    defaultFaces
    {
        type            empty;
    }
}


// ************************************************************************* //
