/*--------------------------------*- C++ -*----------------------------------*\
  =========                 |
  \\      /  F ield         | OpenFOAM: The Open Source CFD Toolbox
   \\    /   O peration     | Website:  https://openfoam.org
    \\  /    A nd           | Version:  7
     \\/     M anipulation  |
\*---------------------------------------------------------------------------*/
FoamFile
{
    version     2.0;
    format      ascii;
    class       volScalarField;
    location    "1.9";
    object      T;
}
// * * * * * * * * * * * * * * * * * * * * * * * * * * * * * * * * * * * * * //

dimensions      [0 0 0 1 0 0 0];

internalField   nonuniform List<scalar> 
16128
(
1
1
1
1
1
1
1
1
1
1
1
1
1
1
1
1
1
1
1
1
1
1
1
1
1
1
1
1
1
3.54942
5.75705
5.86675
5.86781
5.87905
5.89551
5.91766
5.94394
5.96947
5.98762
5.99484
5.99513
5.9948
5.99759
6.00694
6.02074
6.03265
6.03962
6.04277
1
1
1
1
1
1
1
1
1
1
1
1
1
1
1
1
1
1
1
1
1
1
1
1
1
1
1
1
1
3.51534
5.74718
5.86727
5.86814
5.87914
5.89562
5.91785
5.94416
5.96949
5.98707
5.99372
5.99371
5.99324
5.99598
6.00525
6.01883
6.03052
6.03738
6.04048
1
1
1
1
1
1
1
1
1
1
1
1
1
1
1
1
1
1
1
1
1
1
1
1
1
1
1
1
1
3.41507
5.72531
5.86572
5.86517
5.876
5.893
5.91585
5.9426
5.96786
5.98472
5.99063
5.99042
5.98994
5.99293
6.00242
6.01579
6.02704
6.03362
6.03667
1
1
1
1
1
1
1
1
1
1
1
1
1
1
1
1
1
1
1
1
1
1
1
1
1
1
1
1
1
3.24516
5.67704
5.8596
5.85982
5.87164
5.88958
5.91335
5.9407
5.96584
5.98181
5.98685
5.98634
5.98584
5.98914
5.99885
6.01171
6.02206
6.02788
6.03061
1
1
1
1
1
1
1
1
1
1
1
1
1
1
1
1
1
1
1
1
1
1
1
1
1
1
1
1
1
2.99742
5.5966
5.84655
5.84962
5.86365
5.8826
5.9072
5.93518
5.96051
5.97624
5.98097
5.98046
5.9802
5.98406
5.99433
6.00693
6.01635
6.0211
6.02336
1
1
1
1
1
1
1
1
1
1
1
1
1
1
1
1
1
1
1
1
1
1
1
1
1
1
1
1
1
2.70407
5.50123
5.8328
5.83671
5.85293
5.87263
5.89757
5.92593
5.95192
5.96846
5.97373
5.97338
5.97334
5.97765
5.98839
6.00074
6.00929
6.01296
6.01472
1
1
1
1
1
1
1
1
1
1
1
1
1
1
1
1
1
1
1
1
1
1
1
1
1
1
1
1
1
2.31836
5.36141
5.81945
5.82376
5.84111
5.86022
5.88456
5.91278
5.93962
5.95788
5.96458
5.96462
5.96478
5.96943
5.98044
5.99264
6.00065
6.00356
6.00512
1
1
1
1
1
1
1
1
1
1
1
1
1
1
1
1
1
1
1
1
1
1
1
1
1
1
1
1
1
1.80404
5.16579
5.8148
5.80863
5.82741
5.84423
5.8666
5.89407
5.92198
5.94295
5.95257
5.95424
5.95507
5.96026
5.97124
5.98261
5.98987
5.99223
5.99349
1
1
1
1
1
1
1
1
1
1
1
1
1
1
1
1
1
1
1
1
1
1
1
1
1
1
1
1
1
1.23133
4.94811
5.81216
5.79728
5.81297
5.82604
5.84525
5.87062
5.89878
5.92245
5.93582
5.94018
5.94224
5.94809
5.95892
5.96955
5.9766
5.979
5.98033
1
1
1
1
1
1
1
1
1
1
1
1
1
1
1
1
1
1
1
1
1
1
1
1
1
1
1
1
1
1.00353
4.7368
5.79346
5.78875
5.80109
5.81185
5.82634
5.84766
5.87356
5.89814
5.91491
5.92292
5.92722
5.93397
5.94434
5.95403
5.96045
5.96225
5.96306
1
1
1
1
1
1
1
1
1
1
1
1
1
1
1
1
1
1
1
1
1
1
1
1
1
1
1
1
1
1
4.4489
5.79596
5.79567
5.80398
5.81324
5.82216
5.83255
5.85003
5.87125
5.88921
5.9004
5.90736
5.91479
5.92423
5.93342
5.93995
5.9421
5.94341
1
1
1
1
1
1
1
1
1
1
1
1
1
1
1
1
1
1
1
1
1
1
1
1
1
1
1
1
1
1
4.02915
5.73386
5.78786
5.80048
5.81026
5.8145
5.81978
5.82953
5.84415
5.86018
5.87301
5.88237
5.89093
5.90007
5.90912
5.91482
5.91537
5.91471
1
1
1
1
1
1
1
1
1
1
1
1
1
1
1
1
1
1
1
1
1
1
1
1
1
1
1
1
1
1
3.46921
5.56935
5.76321
5.79484
5.81267
5.81523
5.81421
5.81547
5.82191
5.83202
5.84307
5.85252
5.86031
5.86811
5.87502
5.87986
5.87927
5.87995
1
1
1
1
1
1
1
1
1
1
1
1
1
1
1
1
1
1
1
1
1
1
1
1
1
1
1
1
1
1
2.58717
5.21091
5.70979
5.76659
5.79582
5.806
5.80644
5.80555
5.80558
5.80828
5.81364
5.81857
5.82349
5.82915
5.83439
5.83824
5.83246
5.81996
1
1
1
1
1
1
1
1
1
1
1
1
1
1
1
1
1
1
1
1
1
1
1
1
1
1
1
1
1
1
1.23553
4.82329
5.67117
5.70408
5.75055
5.77876
5.78888
5.79033
5.78824
5.7862
5.78504
5.78305
5.78266
5.78231
5.77989
5.77105
5.75484
5.73749
1
1
1
1
1
1
1
1
1
1
1
1
1
1
1
1
1
1
1
1
1
1
1
1
1
1
1
1
1
1
1.0037
4.57472
5.58123
5.61828
5.67247
5.72062
5.7516
5.76556
5.76697
5.76374
5.75716
5.74801
5.73788
5.72636
5.71264
5.6953
5.67969
5.69064
1
1
1
1
1
1
1
1
1
1
1
1
1
1
1
1
1
1
1
1
1
1
1
1
1
1
1
1
1
1
0.99999
4.06242
5.52916
5.58616
5.62714
5.66437
5.70215
5.72822
5.73777
5.73561
5.72667
5.71202
5.69233
5.66952
5.63808
5.58693
5.46341
5.21663
1
1
1
1
1
1
1
1
1
1
1
1
1
1
1
1
1
1
1
1
1
1
1
1
1
1
1
1
1
1
0.999998
3.14742
5.31768
5.5496
5.59444
5.62216
5.65168
5.68002
5.69761
5.70007
5.69224
5.67458
5.64643
5.60789
5.55154
5.45608
5.3046
4.91699
1
1
1
1
1
1
1
1
1
1
1
1
1
1
1
1
1
1
1
1
1
1
1
1
1
1
1
1
1
1
1
1.68514
4.90553
5.54662
5.55442
5.57294
5.59613
5.62232
5.64506
5.65472
5.64955
5.63201
5.59843
5.54798
5.47118
5.35943
5.15128
4.75652
1
1
1
1
1
1
1
1
1
1
1
1
1
1
1
1
1
1
1
1
1
1
1
1
1
1
1
1
1
1
1
1.03254
4.58125
5.49081
5.49099
5.51072
5.53617
5.56019
5.58402
5.59898
5.59671
5.58234
5.54777
5.49127
5.40113
5.27671
5.04542
4.68992
1
1
1
1
1
1
1
1
1
1
1
1
1
1
1
1
1
1
1
1
1
1
1
1
1
1
1
1
1
1
1
0.999974
3.82308
5.37216
5.45026
5.47844
5.49149
5.50625
5.52367
5.53798
5.53769
5.52671
5.49482
5.43724
5.34511
5.2102
4.98755
4.70865
1
1
1
1
1
1
1
1
1
1
1
1
1
1
1
1
1
1
1
1
1
1
1
1
1
1
1
1
1
1
1
0.999988
2.37771
5.01426
5.40151
5.43887
5.45488
5.46325
5.47051
5.47635
5.47417
5.46322
5.43427
5.38122
5.29393
5.16038
4.96183
4.72418
1
1
1
1
1
1
1
1
1
1
1
1
1
1
1
1
1
1
1
1
1
1
1
1
1
1
1
1
1
1
1
0.999999
1.13036
4.59031
5.40333
5.39772
5.40974
5.41701
5.41709
5.4161
5.41108
5.39863
5.37158
5.32431
5.24299
5.11997
4.95109
4.75399
1
1
1
1
1
1
1
1
1
1
1
1
1
1
1
1
1
1
1
1
1
1
1
1
1
1
1
1
1
1
1
1
1.00058
3.78479
5.23155
5.33083
5.36584
5.36867
5.36568
5.35961
5.34929
5.33301
5.30503
5.26298
5.18986
5.08354
4.94398
4.77579
1
1
1
1
1
1
1
1
1
1
1
1
1
1
1
1
1
1
1
1
1
1
1
1
1
1
1
1
1
1
1
1
0.999984
1.99699
4.77174
5.31569
5.31313
5.31767
5.31706
5.31106
5.29765
5.27648
5.24486
5.20262
5.13757
5.04838
4.93292
4.79424
1
1
1
1
1
1
1
1
1
1
1
1
1
1
1
1
1
1
1
1
1
1
1
1
1
1
1
1
1
1
1
1
0.999997
1.06605
4.41794
5.23608
5.22586
5.23997
5.25064
5.25147
5.24249
5.22146
5.18898
5.14548
5.08574
5.00988
4.91173
4.79441
1
1
1
1
1
1
1
1
1
1
1
1
1
1
1
1
1
1
1
1
1
1
1
1
1
1
1
1
1
1
1
1
1
1.00005
3.22344
4.98774
5.15158
5.17962
5.19572
5.19856
5.19105
5.17141
5.13946
5.09552
5.03887
4.97018
4.88456
4.78741
1
1
1
1
1
1
1
1
1
1
1
1
1
1
1
1
1
1
1
1
1
1
1
1
1
1
1
1
1
1
1
1
1
0.999981
1.40671
4.51716
5.16476
5.14636
5.14974
5.14904
5.13912
5.11934
5.08922
5.04766
4.99501
4.93102
4.85453
4.77037
1
1
1
1
1
1
1
1
1
1
1
1
1
1
1
1
1
1
1
1
1
1
1
1
1
1
1
1
1
1
1
1
1
0.999997
1.00809
3.72431
4.98843
5.07125
5.09253
5.08979
5.08028
5.06393
5.03801
5.00086
4.95258
4.89275
4.82336
4.74722
1
1
1
1
1
1
1
1
1
1
1
1
1
1
1
1
1
1
1
1
1
1
1
1
1
1
1
1
1
1
1
1
1
1
0.999992
1.77723
4.45111
5.0479
5.04697
5.0419
5.03025
5.01339
4.98851
4.95396
4.90942
4.85444
4.79162
4.72213
1
1
1
1
1
1
1
1
1
1
1
1
1
1
1
1
1
1
1
1
1
1
1
1
1
1
1
1
1
1
1
1
1
1
0.999998
1.0336
3.85019
4.92452
4.98824
4.97926
4.96905
4.95501
4.93289
4.90172
4.86155
4.813
4.75724
4.6948
1
1
1
1
1
1
1
1
1
1
1
1
1
1
1
1
1
1
1
1
1
1
1
1
1
1
1
1
1
1
1
1
1
1
1
1
1.97759
4.38312
4.92988
4.91669
4.9149
4.90448
4.88382
4.85477
4.8193
4.77745
4.72793
4.67088
1
1
1
1
1
1
1
1
1
1
1
1
1
1
1
1
1
1
1
1
1
1
1
1
1
1
1
1
1
1
1
1
1
1
1
0.999993
1.05519
3.7919
4.83252
4.85516
4.85003
4.84122
4.82536
4.80196
4.77241
4.73695
4.69439
4.64437
1
1
1
1
1
1
1
1
1
1
1
1
1
1
1
1
1
1
1
1
1
1
1
1
1
1
1
1
1
1
1
1
1
1
1
0.999999
1.00005
1.98154
4.28195
4.79253
4.77655
4.78024
4.77436
4.75888
4.73448
4.70218
4.66335
4.619
1
1
1
1
1
1
1
1
1
1
1
1
1
1
1
1
1
1
1
1
1
1
1
1
1
1
1
1
1
1
1
1
1
1
1
1
0.999992
1.05454
3.50174
4.65676
4.73359
4.72569
4.71702
4.70507
4.6864
4.66031
4.62708
4.58768
1
1
1
1
1
1
1
1
1
1
1
1
1
1
1
1
1
1
1
1
1
1
1
1
1
1
1
1
1
1
1
1
1
1
1
1
0.999999
1.00008
1.74903
4.08519
4.66953
4.64939
4.6522
4.64787
4.63672
4.61857
4.59283
4.55859
1
1
1
1
1
1
1
1
1
1
1
1
1
1
1
1
1
1
1
1
1
1
1
1
1
1
1
1
1
1
1
1
1
1
1
1
1
0.999997
1.02817
2.89998
4.33481
4.59866
4.58768
4.58824
4.58421
4.57253
4.55273
4.52527
1
1
1
1
1
1
1
1
1
1
1
1
1
1
1
1
1
1
1
1
1
1
1
1
1
1
1
1
1
1
1
1
1
1
1
1
1
0.999999
1.00004
1.36517
3.7116
4.54902
4.52551
4.53015
4.52827
4.52117
4.5065
4.48527
1
1
1
1
1
1
1
1
1
1
1
1
1
1
1
1
1
1
1
1
1
1
1
1
1
1
1
1
1
1
1
1
1
1
1
1
1
1
1
1.00557
2.19408
4.02007
4.45683
4.43756
4.44331
4.44512
4.44084
4.42867
1
1
1
1
1
1
1
1
1
1
1
1
1
1
1
1
1
1
1
1
1
1
1
1
1
1
1
1
1
1
1
1
1
1
1
1
1
1
1
1.00001
1.10135
3.12512
4.23097
4.40786
4.3978
4.39629
4.39371
4.38696
1
1
1
1
1
1
1
1
1
1
1
1
1
1
1
1
1
1
1
1
1
1
1
1
1
1
1
1
1
1
1
1
1
1
1
1
1
1
1
1
1.00043
1.56291
3.60489
4.33631
4.33229
4.3344
4.33384
4.32861
1
1
1
1
1
1
1
1
1
1
1
1
1
1
1
1
1
1
1
1
1
1
1
1
1
1
1
1
1
1
1
1
1
1
1
1
1
1
1
1
1
1.0145
2.19709
3.84124
4.26429
4.25055
4.25315
4.25634
1
1
1
1
1
1
1
1
1
1
1
1
1
1
1
1
1
1
1
1
1
1
1
1
1
1
1
1
1
1
1
1
1
1
1
1
1
1
1
1
1
1.00003
1.10591
2.85857
3.96605
4.21343
4.19407
4.1948
1
1
1
1
1
1
1
1
1
1
1
1
1
1
1
1
1
1
1
1
1
1
1
1
1
1
1
1
1
1
1
1
1
1
1
1
1
1
1
1
1
1
1.00055
1.41457
3.29089
4.06018
4.16367
4.15118
1
1
1
1
1
1
1
1
1
1
1
1
1
1
1
1
1
1
1
1
1
1
1
1
1
1
1
1
1
1
1
1
1
1
1
1
1
1
1
1
1
1
1
1.0076
1.8659
3.50346
4.05098
4.09468
1
1
1
1
1
1
1
1
1
1
1
1
1
1
1
1
1
1
1
1
1
1
1
1
1
1
1
1
1
1
1
1
1
1
1
1
1
1
1
1
1
1
1
1.00001
1.04435
2.28206
3.61733
4.0237
1
1
1
1
1
1
1
1
1
1
1
1
1
1
1
1
1
1
1
1
1
1
1
1
1
1
1
1
1
1
1
1
1
1
1
1
1
1
1
1
1
1
1
1
1.00016
1.14295
2.65442
3.7002
1
1
1
1
1
1
1
1
1
1
1
1
1
1
1
1
1
1
1
1
1
1
1
1
1
1
1
1
1
1
1
1
1
1
1
1
1
1
1
1
1
1
1
1
1
1.00107
1.33565
2.94877
1
1
1
1
1
1
1
1
1
1
1
1
1
1
1
1
1
1
1
1
1
1
1
1
1
1
1
1
1
1
1
1
1
1
1
1
1
1
1
1
1
1
1
1
1
1
1.00535
1.59914
1
1
1
1
1
1
1
1
1
1
1
1
1
1
1
1
1
1
1
1
1
1
1
1
1
1
1
1
1
1
1
1
1
1
1
1
1
1
1
1
1
1
1
1
1
1
1.00001
1.01891
1
1
1
1
1
1
1
1
1
1
1
1
1
1
1
1
1
1
1
1
1
1
1
1
1
1
1
1
1
1
1
1
1
1
1
1
1
1
1
1
1
1
1
1
1
1
1
1.00005
1
1
1
1
1
1
1
1
1
1
1
1
1
1
1
1
1
1
1
1
1
1
1
1
1
1
1
1
1
1
1
1
1
1
1
1
1
1
1
1
1
1
1
1
1
1
1
1
1
1
1
1
1
1
1
1
1
1
1
1
1
1
1
1
1
1
1
1
1
1
1
1
1
1
1
1
1
1
1
1
1
1
1
1
1
1
1
1
1
1
1
1
1
1
1
1
1
1
1
1
1
1
1
1
1
1
1
1
1
1
1
1
1
1
1
1
1
1
1
1
1
1
1
1
1
1
1
1
1
1
1
1
1
1
1
1
1
1
1
1
1
1
1
1
1
1
1
1
1
1
1
1
1
1
1
1
1
1
1
1
1
1
1
1
1
1
1
1
1
1
1
1
1
1
1
1
1
1
1
1
1
1
1
1
1
1
1
1
1
1
1
1
1
1
1
1
1
1
1
1
1
1
1
1
1
1
1
1
1
1
1
1
1
1
1
1
1
1
1
1
1
1
1
1
1
1
1
1
1
1
1
1
1
1
1
1
1
1
1
1
1
1
1
1
1
1
1
1
1
1
1
1
1
1
1
1
1
1
1
1
1
1
1
1
1
1
1
1
1
1
1
1
1
1
1
1
1
1
1
1
1
1
1
1
1
1
1
1
1
1
1
1
1
1
1
1
1
1
1
1
1
1
1
1
1
1
1
1
1
1
1
1
1
1
1
1
1
1
1
1
1
1
1
1
1
1
1
1
1
1
1
1
1
1
1
1
1
1
1
1
1
1
1
1
1
1
1
1
1
1
1
1
1
1
1
1
1
1
1
1
1
1
1
1
1
1
1
1
1
1
1
1
1
1
1
1
1
1
1
1
1
1
1
1
1
1
1
1
1
1
1
1
1
1
1
1
1
1
1
1
1
1
1
1
1
1
1
1
1
1
1
1
1
1
1
1
1
1
1
1
1
1
1
1
1
1
1
1
1
1
1
1
1
1
1
1
1
1
1
1
1
1
1
1
1
1
1
1
1
1
1
1
1
1
1
1
1
1
1
1
1
1
1
1
1
1
1
1
1
1
1
1
1
1
1
1
1
1
1
1
1
1
1
1
1
1
1
1
1
1
1
1
1
1
1
1
1
1
1
1
1
1
1
1
1
1
1
1
1
1
1
1
1
1
1
1
1
1
1
1
1
1
1
1
1
1
1
1
1
1
1
1
1
1
1
1
1
1
1
1
1
1
1
1
1
1
1
1
1
1
1
1
1
1
1
1
1
1
1
1
1
1
1
1
1
1
1
1
1
1
1
1
1
1
1
1
1
1
1
1
1
1
1
1
1
1
1
1
1
1
1
1
1
1
1
1
1
1
1
1
1
1
1
1
1
1
1
1
1
1
1
1
1
1
1
1
1
1
1
1
1
1
1
1
1
1
1
1
1
1
1
1
1
1
1
1
1
1
1
1
1
1
1
1
1
1
1
1
1
1
1
1
1
1
1
1
1
1
1
1
1
1
1
1
1
1
1
1
1
1
1
1
1
1
1
1
1
1
1
1
1
1
1
1
1
1
1
1
1
1
1
1
1
1
1
1
1
1
1
1
1
1
1
1
1
1
1
1
1
1
1
1
1
1
1
1
1
1
1
1
1
1
1
1
1
1
1
1
1
1
1
1
1
1
1
1
1
1
1
1
1
1
1
1
1
1
1
1
1
1
1
1
1
1
1
1
1
1
1
1
1
1
1
1
1
1
1
1
1
1
1
1
1
1
1
1
1
1
1
1
1
1
1
1
1
1
1
1
1
1
1
1
1
1
1
1
1
1
1
1
1
1
1
1
1
1
1
1
1
1
1
1
1
1
1
1
1
1
1
1
1
1
1
1
1
1
1
1
1
1
1
1
1
1
1
1
1
1
1
1
1
1
1
1
1
1
1
1
1
1
1
1
1
1
1
1
1
1
1
1
1
1
1
1
1
1
1
1
1
1
1
1
1
1
1
1
1
1
1
1
1
1
1
1
1
1
1
1
1
1
1
1
1
1
1
1
1
1
1
1
1
1
1
1
1
1
1
1
1
1
1
1
1
1
1
1
1
1
1
1
1
1
1
1
1
1
1
1
1
1
1
1
1
1
1
1
1
1
1
1
1
1
1
1
1
1
1
1
1
1
1
1
1
1
1
1
1
1
1
1
1
1
1
1
1
1
1
1
1
1
1
1
1
1
1
1
1
1
1
1
1
1
1
1
1
1
1
1
1
1
1
1
1
1
1
1
1
1
1
1
1
1
1
1
1
1
1
1
1
1
1
1
1
1
1
1
1
1
1
1
1
1
1
1
1
1
1
1
1
1
1
1
1
1
1
1
1
1
1
1
1
1
1
1
1
1
1
1
1
1
1
1
1
1
1
1
1
1
1
1
1
1
1
1
1
1
1
1
1
1
1
1
1
1
1
1
1
1
1
1
1
1
1
1
1
1
1
1
1
1
1
1
1
1
1
1
1
1
1
1
1
1
1
1
1
1
1
1
1
1
1
1
1
1
1
1
1
1
1
1
1
1
1
1
1
1
1
1
1
1
1
1
1
1
1
1
1
1
1
1
1
1
1
1
1
1
1
1
1
1
1
1
1
1
1
1
1
1
1
1
1
1
1
1
1
1
1
1
1
1
1
1
1
1
1
1
1
1
1
1
1
1
1
1
1
1
1
1
1
1
1
1
1
1
1
1
1
1
1
1
1
1
1
1
1
1
1
1
1
1
1
1
1
1
1
1
1
1
1
1
1
1
1
1
1
1
1
1
1
1
1
1
1
1
1
1
1
1
1
1
1
1
1
1
1
1
1
1
1
1
1
1
1
1
1
1
1
1
1
1
1
1
1
1
1
1
1
1
1
1
1
1
1
1
1
1
1
1
1
1
1
1
1
1
1
1
1
1
1
1
1
1
1
1
1
1
1
1
1
1
1
1
1
1
1
1
1
1
1
1
1
1
1
1
1
1
1
1
1
1
1
1
1
1
1
1
1
1
1
1
1
1
1
1
1
1
1
1
1
1
1
1
1
1
1
1
1
1
1
1
1
1
1
1
1
1
1
1
1
1
1
1
1
1
1
1
1
1
1
1
1
1
1
1
1
1
1
1
1
1
1
1
1
1
1
1
1
1
1
1
1
1
3.32462
1.77557
1.60102
1.94203
2.16911
2.2985
2.46458
2.55351
2.50862
2.50663
2.679
2.98314
3.26724
3.3252
3.29909
3.24039
3.21091
3.20678
3.23266
3.34236
3.394
3.37759
3.33074
3.29924
3.29723
3.30249
3.30846
3.31121
3.31723
3.32665
3.32677
3.32724
3.33126
3.339
3.35222
3.3622
3.36202
3.35803
3.35822
3.3621
3.37327
3.3837
3.38303
3.37574
3.35303
3.32653
3.3212
3.32823
3.34618
3.35221
3.35166
3.34606
3.33023
3.30639
3.28598
3.2785
3.27857
3.28653
3.297
3.30098
3.30187
3.30092
3.29731
3.29432
3.29353
3.29349
3.29293
3.28954
3.28178
3.27167
3.26308
3.25932
3.25529
3.25095
3.24686
3.24156
3.23463
3.2264
3.21966
3.2181
3.21904
3.22081
3.22362
3.22415
3.22034
3.21411
3.21143
3.2094
3.20817
3.20783
3.20514
3.19612
3.18486
3.17235
3.1623
3.15745
3.15554
3.1567
3.15772
3.15607
3.15271
3.14607
3.13631
3.13098
3.12997
3.12992
3.13198
3.15901
3.45136
5.17349
5.93114
5.88726
5.78582
5.68915
5.60921
5.5533
5.50618
5.46316
5.42774
5.39746
5.37284
5.34526
5.31968
5.2959
5.27548
5.26072
5.23862
5.205
5.17047
5.1376
5.10935
5.08623
5.06654
5.04593
5.02511
5.00555
4.9885
4.97418
4.9608
4.94289
4.92132
4.89513
4.86471
4.83967
4.82296
4.81092
4.80612
4.80579
4.79772
4.78449
4.76823
4.74218
4.71469
4.69913
4.69179
4.68646
4.68484
4.68812
4.68476
4.67274
4.65756
4.63259
4.60228
4.5805
4.56759
4.55751
4.55113
4.55327
4.55442
4.54265
4.52544
4.50481
4.47459
4.44549
4.42894
4.42184
4.41841
4.41809
4.42311
4.42205
4.41278
4.39869
4.37514
4.3461
4.32544
4.31383
4.30601
4.30254
4.30691
4.31016
4.30399
4.28561
3.86754
3.11169
2.67108
2.34603
2.33607
2.38142
2.41705
2.35576
2.24121
2.23615
2.27333
2.40248
2.55517
2.65621
2.71385
2.73303
2.77444
2.82789
2.89206
2.98898
3.07332
3.1125
3.13559
3.16514
3.17743
3.19204
3.21378
3.21953
3.22024
3.22508
3.23075
3.23643
3.24773
3.26041
3.27655
3.28939
3.29195
3.28993
3.28976
3.29378
3.3065
3.32052
3.32244
3.31819
3.30014
3.27712
3.27086
3.27454
3.28756
3.2981
3.29953
3.298
3.29028
3.27332
3.25697
3.25144
3.25132
3.25765
3.26887
3.2721
3.2724
3.27029
3.26237
3.25665
3.25655
3.25868
3.26217
3.2623
3.2581
3.24958
3.24072
3.23396
3.22885
3.22614
3.22499
3.22304
3.21899
3.2121
3.20404
3.19762
3.19515
3.19554
3.19834
3.20102
3.20134
3.20135
3.19998
3.1961
3.19152
3.18675
3.18109
3.17411
3.16586
3.15864
3.15331
3.14836
3.14433
3.14163
3.14013
3.13913
3.13711
3.13329
3.12885
3.12465
3.11866
3.11885
3.13895
3.38009
3.83526
4.60285
5.51035
5.66398
5.62189
5.54783
5.49475
5.46023
5.43211
5.39695
5.36794
5.3472
5.32835
5.30743
5.2822
5.25756
5.23439
5.21466
5.19463
5.16711
5.13737
5.11003
5.08572
5.06556
5.04686
5.02651
5.00481
4.98211
4.96301
4.94755
4.93552
4.9229
4.90552
4.8853
4.86172
4.83548
4.81302
4.79822
4.78786
4.78009
4.77199
4.76319
4.75151
4.73687
4.7202
4.70182
4.6859
4.6759
4.66871
4.66172
4.6548
4.64796
4.6376
4.62383
4.60833
4.58874
4.56873
4.55463
4.54482
4.5353
4.52522
4.51664
4.50584
4.49097
4.47365
4.45557
4.43672
4.42125
4.41268
4.40812
4.40321
4.39887
4.39427
4.38479
4.36986
4.35254
4.33378
4.31686
4.3058
4.29939
4.29376
4.28693
4.28222
4.26752
4.10772
3.6819
3.28205
2.82251
2.71025
2.66184
2.52172
2.35573
2.32525
2.31867
2.24317
2.23379
2.26905
2.31708
2.36576
2.4007
2.41569
2.46681
2.53866
2.60806
2.68314
2.74499
2.83232
2.92959
2.9776
3.0116
3.04617
3.0657
3.06627
3.07468
3.09228
3.10152
3.11222
3.12679
3.13899
3.14335
3.14535
3.14514
3.14645
3.15261
3.16529
3.18079
3.18589
3.18471
3.17749
3.17147
3.17159
3.17469
3.18022
3.18391
3.18601
3.18851
3.19031
3.18995
3.18592
3.18108
3.17894
3.17919
3.18362
3.18838
3.1911
3.1922
3.18926
3.18097
3.17758
3.17759
3.17838
3.18053
3.18158
3.18037
3.17516
3.16802
3.16053
3.15717
3.15717
3.15745
3.15902
3.16047
3.15994
3.15769
3.15257
3.14333
3.13545
3.13452
3.1365
3.14196
3.1467
3.1478
3.14633
3.14146
3.13125
3.11811
3.11065
3.10782
3.10751
3.10938
3.10996
3.10747
3.1024
3.09439
3.08841
3.08746
3.08701
3.08526
3.0872
3.11195
3.30273
3.87902
4.0808
4.14096
4.65485
5.23737
5.40118
5.38014
5.35851
5.33241
5.30701
5.27592
5.24882
5.2276
5.21157
5.19557
5.17758
5.15784
5.13699
5.11557
5.09377
5.06959
5.04616
5.02582
5.00911
4.9951
4.98086
4.9649
4.94684
4.9254
4.90251
4.8835
4.8687
4.85482
4.84239
4.83135
4.81835
4.80364
4.78771
4.76711
4.74354
4.72792
4.71795
4.70714
4.69899
4.69632
4.69172
4.68484
4.67302
4.65255
4.62771
4.61152
4.60138
4.59097
4.58314
4.58185
4.5797
4.57269
4.56252
4.54414
4.51855
4.49699
4.48202
4.46852
4.45705
4.45059
4.44686
4.43971
4.43245
4.41997
4.39982
4.37964
4.36774
4.35936
4.35064
4.34229
4.33713
4.33192
4.32241
4.31218
4.29852
4.28106
4.26348
4.24994
4.24002
4.22708
4.22766
3.9028
3.58235
3.20872
3.05892
2.93952
2.76915
2.58265
2.57368
2.55138
2.42417
2.34636
2.35022
2.3431
2.32143
2.31615
2.32619
2.34325
2.36502
2.39699
2.44127
2.48666
2.56609
2.68051
2.77193
2.80606
2.82534
2.85669
2.87978
2.91271
2.95585
2.98035
2.99178
3.00694
3.01632
3.01535
3.01533
3.01549
3.01835
3.02256
3.0309
3.03949
3.03881
3.039
3.04002
3.04481
3.05373
3.05938
3.06048
3.06082
3.06083
3.06212
3.06696
3.07546
3.08424
3.08667
3.08533
3.08055
3.07573
3.07526
3.07686
3.08057
3.08141
3.07916
3.07812
3.07786
3.07769
3.07856
3.08141
3.08159
3.081
3.07858
3.07238
3.06685
3.06568
3.06594
3.06771
3.07128
3.0745
3.07551
3.07461
3.06918
3.0613
3.05885
3.05886
3.06004
3.0628
3.06307
3.06216
3.05861
3.05138
3.04312
3.03965
3.03883
3.03963
3.04296
3.0431
3.04201
3.03825
3.03022
3.02616
3.0247
3.02251
3.02657
3.06215
3.26517
3.74258
4.08987
4.07588
4.04824
4.09987
4.53563
4.9651
5.13982
5.20105
5.17335
5.14533
5.12179
5.10663
5.0886
5.07394
5.05851
5.04156
5.02506
5.00865
4.99119
4.97235
4.95226
4.93218
4.91549
4.90367
4.89332
4.8821
4.86937
4.85466
4.83737
4.81692
4.79568
4.77931
4.76682
4.75556
4.74673
4.74062
4.73367
4.72407
4.711
4.68885
4.66035
4.64008
4.63036
4.62562
4.62525
4.62882
4.62831
4.62273
4.61038
4.5846
4.55
4.52591
4.51534
4.51088
4.51337
4.52208
4.52409
4.52058
4.51099
4.48871
4.45301
4.42289
4.4073
4.39851
4.39407
4.39649
4.40101
4.39806
4.39153
4.37888
4.3527
4.32185
4.30409
4.29522
4.28903
4.28761
4.29119
4.29258
4.28487
4.27233
4.25393
4.22504
4.19827
4.18545
4.17422
4.34262
4.05339
3.79702
3.52648
3.31373
3.16361
2.99177
2.83322
2.81072
2.76444
2.64158
2.52692
2.50838
2.48512
2.43077
2.39963
2.40605
2.39864
2.37898
2.38968
2.38818
2.38115
2.38398
2.40932
2.47262
2.54467
2.59959
2.67303
2.74845
2.79493
2.83535
2.86592
2.88065
2.89609
2.90711
2.91558
2.92605
2.93425
2.9394
2.94297
2.95172
2.96052
2.96383
2.9694
2.9785
2.98598
2.98952
2.98986
2.9859
2.97336
2.9657
2.96591
2.96943
2.98012
2.99739
3.01198
3.01559
3.01465
3.00895
3.00193
2.99851
2.99634
2.99335
2.98981
2.98823
2.98801
2.98858
2.99259
2.99754
2.99916
2.99973
2.99876
2.99356
2.98898
2.98874
2.98917
2.99066
2.99385
2.99612
2.99588
2.99241
2.98624
2.98416
2.98415
2.98511
2.98484
2.98418
2.9823
2.97703
2.96967
2.96526
2.96485
2.96561
2.96927
2.97474
2.9764
2.97603
2.97165
2.96117
2.95479
2.95439
2.95452
2.96135
3.00308
3.27817
3.67555
4.01511
4.05939
4.04871
4.03055
4.00246
4.05052
4.37471
4.79335
5.00009
5.07564
5.06921
5.04262
5.0122
4.98594
4.97036
4.95709
4.94558
4.93154
4.9145
4.89712
4.87759
4.85821
4.84094
4.82616
4.81379
4.80296
4.7922
4.78058
4.76765
4.75326
4.73661
4.71596
4.69435
4.68056
4.67152
4.6642
4.65978
4.65526
4.64745
4.63755
4.62099
4.5934
4.56669
4.55535
4.55101
4.54976
4.5526
4.55321
4.54913
4.53989
4.52154
4.49201
4.46256
4.44785
4.44213
4.44199
4.45041
4.4533
4.45134
4.44571
4.43177
4.40714
4.37647
4.35193
4.33977
4.3338
4.33463
4.33971
4.33791
4.33322
4.32547
4.30959
4.28419
4.25848
4.24452
4.23793
4.23517
4.23962
4.24264
4.23599
4.22471
4.20848
4.18171
4.14987
4.13261
4.12198
4.43732
4.1936
3.94869
3.70658
3.53055
3.39412
3.22594
3.0488
2.98672
2.92355
2.8308
2.74119
2.70487
2.66091
2.57761
2.5336
2.52661
2.50563
2.45566
2.4281
2.41383
2.39651
2.3725
2.37129
2.37778
2.39511
2.42031
2.46321
2.54339
2.61599
2.67667
2.7358
2.77231
2.80415
2.83196
2.85588
2.87711
2.88779
2.8912
2.89446
2.89873
2.90507
2.91192
2.92325
2.94083
2.9525
2.95538
2.95462
2.94884
2.93471
2.92499
2.92452
2.92727
2.93711
2.95671
2.97284
2.97561
2.97445
2.96725
2.9548
2.94702
2.94404
2.94107
2.93966
2.93992
2.94073
2.94493
2.95137
2.95474
2.95573
2.95567
2.95228
2.94569
2.94427
2.94448
2.94487
2.94547
2.9467
2.94708
2.9454
2.93854
2.93274
2.93171
2.93151
2.93226
2.93192
2.93012
2.92649
2.92006
2.9158
2.91508
2.91525
2.91749
2.92209
2.92348
2.92324
2.91975
2.91047
2.90235
2.90044
2.90106
2.90811
2.94508
3.22611
3.74235
3.94248
4.03298
4.04022
4.03426
4.02419
3.99782
3.97504
4.00259
4.24955
4.67052
4.92749
5.01585
5.00406
4.96483
4.933
4.91518
4.90475
4.89807
4.8839
4.86483
4.84267
4.82123
4.8041
4.79012
4.77588
4.75999
4.7443
4.73108
4.7195
4.70844
4.69696
4.68411
4.66763
4.64472
4.6211
4.60757
4.59943
4.59307
4.58915
4.58414
4.57553
4.56341
4.54569
4.5235
4.50253
4.49075
4.48579
4.48349
4.48168
4.4763
4.46732
4.45479
4.43912
4.42097
4.40203
4.3894
4.38418
4.38238
4.38007
4.37534
4.36817
4.358
4.34515
4.33003
4.31153
4.29214
4.28054
4.2748
4.27139
4.2684
4.26399
4.25769
4.24859
4.23628
4.22074
4.20347
4.19201
4.18675
4.18427
4.18222
4.17603
4.16514
4.149
4.12837
4.10713
4.09067
4.07559
4.51969
4.29797
4.09945
3.89204
3.68278
3.54921
3.4134
3.26607
3.17203
3.09794
2.98763
2.87573
2.83696
2.80264
2.72912
2.67042
2.64696
2.61752
2.5711
2.52514
2.50115
2.47803
2.4511
2.42132
2.41066
2.41714
2.42608
2.42208
2.42534
2.43724
2.46517
2.52271
2.58724
2.64804
2.71817
2.77
2.82527
2.84926
2.85553
2.86665
2.87082
2.87458
2.88223
2.89051
2.90789
2.93012
2.93622
2.93499
2.9296
2.92053
2.91637
2.91628
2.91759
2.92292
2.93547
2.94562
2.94767
2.94768
2.943
2.93197
2.92411
2.92144
2.921
2.9221
2.92772
2.93436
2.93666
2.93659
2.93579
2.93403
2.93001
2.92305
2.91956
2.91977
2.92045
2.92235
2.92375
2.92364
2.92313
2.92142
2.91702
2.91217
2.91004
2.90926
2.90869
2.90657
2.90275
2.89778
2.89404
2.89374
2.89403
2.89437
2.89443
2.89449
2.89334
2.88892
2.88187
2.87611
2.87513
2.87624
2.88308
2.92151
3.17175
3.7461
3.97796
4.02366
4.03256
4.03264
4.02108
4.01433
3.99746
3.97587
3.95784
3.97151
4.15131
4.54876
4.87521
4.96544
4.93782
4.91295
4.89621
4.88682
4.87312
4.85691
4.83281
4.8068
4.78968
4.77733
4.76628
4.75268
4.73464
4.71271
4.69637
4.68565
4.67617
4.6666
4.65484
4.64071
4.62235
4.59874
4.57639
4.56171
4.55275
4.5464
4.54066
4.53294
4.52256
4.51196
4.50011
4.48433
4.46273
4.44232
4.43042
4.42322
4.4184
4.41467
4.40944
4.40371
4.39672
4.38557
4.36571
4.33998
4.32285
4.31433
4.30851
4.30424
4.30063
4.2965
4.291
4.28268
4.26748
4.2434
4.22308
4.21508
4.2104
4.2061
4.20189
4.19798
4.19392
4.18869
4.1797
4.16459
4.14747
4.13739
4.13018
4.12085
4.10851
4.09414
4.08246
4.0734
4.06438
4.04686
4.58198
4.38989
4.20561
4.03294
3.85461
3.69422
3.56461
3.4347
3.31995
3.24109
3.16132
3.05342
2.97576
2.91805
2.83932
2.78066
2.76068
2.73634
2.69165
2.63952
2.60661
2.57944
2.55274
2.52553
2.49892
2.48337
2.46734
2.4449
2.42281
2.42152
2.42278
2.42729
2.4422
2.4711
2.5273
2.5884
2.65018
2.70808
2.74924
2.7892
2.83125
2.8528
2.86939
2.87982
2.89243
2.90734
2.913
2.91497
2.91565
2.91418
2.91254
2.91452
2.91757
2.92176
2.92815
2.93072
2.9317
2.93196
2.92838
2.91897
2.91361
2.91263
2.91374
2.92088
2.93209
2.93642
2.93633
2.93466
2.93039
2.92514
2.91802
2.91084
2.9087
2.9087
2.90911
2.91106
2.91545
2.91612
2.91531
2.91473
2.91366
2.91107
2.9066
2.90099
2.89503
2.89133
2.88936
2.88814
2.88781
2.88778
2.88792
2.88733
2.88566
2.88273
2.87788
2.87214
2.86811
2.86794
2.86983
2.87707
2.92941
3.18504
3.71268
4.03124
4.04269
4.03797
4.03431
4.02967
4.0085
3.99627
3.99021
3.97688
3.95925
3.93729
3.94109
4.05238
4.4048
4.78438
4.8892
4.8978
4.89721
4.88094
4.85836
4.8351
4.80891
4.78699
4.77188
4.7628
4.75422
4.74107
4.72344
4.69776
4.67547
4.66379
4.65544
4.64824
4.6387
4.6269
4.61282
4.59551
4.57444
4.5504
4.5277
4.51001
4.49982
4.49438
4.49353
4.48823
4.48127
4.47283
4.45794
4.43235
4.40659
4.39252
4.38564
4.3823
4.38875
4.39108
4.38409
4.37312
4.35521
4.32461
4.29252
4.2748
4.26645
4.26182
4.26238
4.26617
4.26413
4.25752
4.24777
4.22989
4.20222
4.17974
4.16894
4.16399
4.16209
4.16439
4.16652
4.16488
4.16028
4.15099
4.13117
4.10393
4.08329
4.07005
4.06059
4.05467
4.05315
4.05307
4.04846
4.03256
4.63265
4.4641
4.30204
4.14691
3.98486
3.82361
3.70197
3.58563
3.47039
3.37427
3.28965
3.19255
3.10447
3.04568
2.96905
2.89514
2.86426
2.83227
2.78841
2.74285
2.70866
2.67695
2.63947
2.61055
2.59634
2.58101
2.55798
2.52744
2.48017
2.45892
2.45047
2.45047
2.45474
2.4629
2.46731
2.47648
2.49065
2.51902
2.55368
2.59807
2.66508
2.73147
2.80673
2.86806
2.89278
2.8967
2.89488
2.89329
2.89263
2.8955
2.90107
2.90934
2.91968
2.92948
2.93326
2.93361
2.92975
2.92349
2.91666
2.91099
2.90866
2.90832
2.91076
2.92151
2.93339
2.93669
2.93693
2.93591
2.93201
2.9238
2.91544
2.91068
2.90884
2.9084
2.90812
2.90888
2.90984
2.91079
2.913
2.91414
2.91367
2.91186
2.90744
2.89943
2.89046
2.88482
2.88275
2.88224
2.88246
2.88503
2.88606
2.88552
2.88401
2.87915
2.87237
2.86972
2.86944
2.86993
2.8744
2.94481
3.29423
3.71651
4.02693
4.07192
4.05356
4.0403
4.03198
4.02676
4.0093
3.98964
3.97936
3.97138
3.95806
3.93199
3.91166
3.90194
3.96159
4.25917
4.63543
4.82931
4.88437
4.87908
4.85161
4.82042
4.79219
4.77492
4.76198
4.75654
4.74795
4.73462
4.71829
4.69435
4.66926
4.65014
4.63519
4.62473
4.61772
4.61236
4.60287
4.59016
4.57517
4.55468
4.5253
4.49727
4.48001
4.47039
4.4644
4.46611
4.46635
4.46025
4.45174
4.43678
4.41061
4.38442
4.37268
4.3671
4.36315
4.36452
4.36529
4.35524
4.33972
4.31877
4.29148
4.26394
4.2483
4.24086
4.23696
4.23821
4.24135
4.23673
4.22845
4.21711
4.19971
4.17358
4.15216
4.14437
4.14206
4.1437
4.15214
4.15192
4.14764
4.13999
4.12332
4.09361
4.06519
4.04928
4.04136
4.03688
4.04187
4.0502
4.04525
4.02543
4.65946
4.5111
4.37526
4.23849
4.08364
3.93576
3.82506
3.71139
3.59436
3.50205
3.41282
3.31001
3.2106
3.14667
3.07864
3.01436
2.97673
2.94805
2.89789
2.83948
2.79727
2.76657
2.74
2.70556
2.6842
2.66618
2.64005
2.61082
2.5732
2.54016
2.51478
2.49635
2.49275
2.48889
2.48253
2.48403
2.48705
2.47617
2.4668
2.47104
2.49321
2.53674
2.61064
2.70415
2.77421
2.83693
2.86533
2.87159
2.87165
2.87152
2.87704
2.89289
2.91848
2.93076
2.93272
2.93254
2.9282
2.91807
2.90945
2.9078
2.90776
2.90798
2.91085
2.91963
2.92846
2.93061
2.9316
2.93168
2.92818
2.92003
2.91543
2.9143
2.91411
2.91389
2.91358
2.91247
2.91156
2.91074
2.90944
2.90852
2.90782
2.90701
2.90474
2.89812
2.88897
2.88476
2.88344
2.88255
2.88257
2.88572
2.88724
2.88702
2.88521
2.87779
2.87144
2.86973
2.87002
2.8728
2.93726
3.35585
3.81591
4.02382
4.07579
4.06656
4.05456
4.03634
4.02269
4.01305
4.00433
3.98544
3.96839
3.95753
3.94378
3.92325
3.90084
3.88681
3.87341
3.90484
4.11685
4.49244
4.76145
4.85185
4.84304
4.80879
4.77891
4.76433
4.75528
4.7523
4.74164
4.72683
4.70964
4.69002
4.67028
4.64917
4.62762
4.60988
4.59763
4.58796
4.583
4.57997
4.56863
4.55457
4.53432
4.5023
4.47257
4.45821
4.45028
4.44537
4.4488
4.45152
4.44492
4.43619
4.42213
4.39952
4.37315
4.3565
4.34728
4.33962
4.33391
4.33058
4.32239
4.30934
4.29397
4.27523
4.25102
4.23021
4.21912
4.21202
4.20735
4.20722
4.20668
4.20049
4.19204
4.17945
4.15968
4.13882
4.12978
4.12684
4.12557
4.12743
4.12715
4.12274
4.11173
4.09148
4.06447
4.04581
4.03754
4.03162
4.02972
4.03062
4.03136
4.01559
4.67174
4.54514
4.42478
4.30089
4.1624
4.03628
3.91983
3.81082
3.70096
3.60375
3.51229
3.41651
3.32759
3.25395
3.18448
3.11918
3.07898
3.04368
2.99984
2.95122
2.90232
2.85358
2.81268
2.78325
2.76399
2.74207
2.71493
2.68493
2.65259
2.62018
2.59849
2.57846
2.56322
2.54975
2.53261
2.5189
2.51072
2.4955
2.47684
2.47523
2.47718
2.48327
2.49593
2.5266
2.56975
2.62641
2.68626
2.74322
2.81062
2.83732
2.85271
2.87204
2.90287
2.91937
2.92035
2.91892
2.91362
2.90591
2.90383
2.90447
2.90631
2.91016
2.91678
2.92484
2.9267
2.92603
2.92448
2.92098
2.91463
2.91089
2.911
2.91231
2.91612
2.91944
2.91979
2.91812
2.91527
2.91242
2.9103
2.9081
2.90516
2.90194
2.89833
2.89296
2.88728
2.88558
2.88503
2.88477
2.88715
2.8905
2.89012
2.88822
2.8834
2.87384
2.86879
2.86905
2.87214
2.93928
3.32926
3.87983
4.0427
4.07383
4.07729
4.06173
4.04929
4.03898
4.01608
4.00015
3.98829
3.97509
3.95418
3.94024
3.92956
3.91635
3.89767
3.88157
3.86542
3.85167
3.86423
3.99975
4.32535
4.67832
4.78771
4.78503
4.76956
4.75974
4.75426
4.74212
4.72675
4.71055
4.69477
4.682
4.66931
4.65422
4.63232
4.60288
4.58154
4.57031
4.56161
4.55899
4.55936
4.54916
4.53616
4.51545
4.48336
4.45479
4.44151
4.4346
4.43021
4.43164
4.43864
4.43399
4.42405
4.40986
4.3866
4.35672
4.33378
4.31972
4.3105
4.30327
4.30265
4.30166
4.29119
4.27977
4.26283
4.23728
4.21181
4.19757
4.19046
4.18575
4.18676
4.19073
4.18555
4.179
4.16814
4.14916
4.12748
4.11596
4.11083
4.10679
4.10276
4.09805
4.09189
4.08258
4.07093
4.0572
4.04175
4.03035
4.02196
4.01532
4.01004
3.99514
4.66915
4.56246
4.45198
4.34093
4.23092
4.11513
3.99107
3.88871
3.8004
3.70631
3.60357
3.506
3.42783
3.36238
3.28747
3.22617
3.18508
3.14113
3.08302
3.03248
2.98774
2.94741
2.90696
2.86408
2.84076
2.81261
2.78219
2.75642
2.72912
2.69963
2.67376
2.65646
2.64241
2.62559
2.60704
2.57984
2.54793
2.51511
2.49336
2.49254
2.49527
2.50078
2.503
2.50285
2.50193
2.50175
2.51106
2.5398
2.60235
2.68377
2.75961
2.83426
2.86034
2.87788
2.88356
2.88379
2.88727
2.89468
2.89764
2.89831
2.90203
2.91387
2.92627
2.93064
2.93092
2.929
2.92186
2.91228
2.90509
2.90333
2.90343
2.90542
2.91109
2.91846
2.91978
2.91888
2.91712
2.91455
2.91178
2.90881
2.90496
2.89947
2.89237
2.88741
2.88622
2.88608
2.88652
2.88899
2.89392
2.89478
2.89369
2.89063
2.88149
2.86923
2.86774
2.87329
2.964
3.34234
3.90095
4.06864
4.0866
4.07773
4.07674
4.05865
4.03457
4.02246
4.00871
3.98732
3.97202
3.95938
3.94409
3.92676
3.9161
3.90864
3.89849
3.88255
3.86731
3.84821
3.83363
3.83563
3.90049
4.17147
4.50776
4.70989
4.75351
4.7674
4.75641
4.73752
4.71318
4.69514
4.68224
4.67324
4.66407
4.65203
4.6358
4.60854
4.57576
4.55632
4.54573
4.5379
4.53648
4.53968
4.53078
4.51645
4.49653
4.46897
4.44081
4.42424
4.41702
4.41246
4.41031
4.41382
4.41373
4.40413
4.3907
4.36784
4.33475
4.30831
4.29418
4.28599
4.27986
4.28179
4.28497
4.27542
4.26386
4.24723
4.22021
4.19246
4.17943
4.17361
4.16958
4.1709
4.17852
4.17463
4.16654
4.15442
4.13455
4.11055
4.09436
4.08563
4.07955
4.07421
4.07089
4.06994
4.06825
4.0634
4.05326
4.03525
4.01509
3.99956
3.98896
3.97496
4.65868
4.5653
4.46979
4.36781
4.268
4.1699
4.06452
3.95696
3.86616
3.78559
3.69769
3.60071
3.51775
3.4538
3.38892
3.32655
3.27852
3.22803
3.17122
3.12343
3.06939
3.01744
2.97583
2.94212
2.91757
2.89189
2.85831
2.82384
2.79106
2.75941
2.73196
2.71576
2.70676
2.69238
2.67497
2.65325
2.62312
2.5907
2.55592
2.5331
2.52761
2.52628
2.5215
2.51683
2.51295
2.50445
2.48612
2.48233
2.48861
2.51528
2.56723
2.65102
2.72562
2.78378
2.82578
2.84587
2.86835
2.88061
2.88019
2.88299
2.8918
2.91128
2.9244
2.92702
2.92756
2.92602
2.91971
2.90656
2.89808
2.89779
2.89858
2.90134
2.90747
2.91063
2.91037
2.91028
2.91068
2.91102
2.91055
2.90887
2.90557
2.89866
2.88942
2.88378
2.88217
2.88189
2.88363
2.89207
2.89738
2.89695
2.89508
2.88967
2.87546
2.86661
2.87353
3.00969
3.41907
3.88206
4.11332
4.10432
4.08029
4.06227
4.05309
4.04958
4.02736
4.00562
3.99216
3.97594
3.95799
3.94543
3.93533
3.92125
3.90756
3.89922
3.89322
3.88396
3.86879
3.84916
3.82905
3.81574
3.81115
3.83941
4.00997
4.34204
4.60566
4.72749
4.74247
4.73186
4.69576
4.6727
4.66191
4.65928
4.65428
4.64423
4.63154
4.61231
4.58365
4.55258
4.5318
4.5211
4.51325
4.50773
4.50912
4.50504
4.49212
4.47704
4.45438
4.42567
4.40241
4.39193
4.38673
4.38314
4.3849
4.38794
4.37973
4.36687
4.34636
4.31481
4.2852
4.271
4.26337
4.25711
4.25704
4.26228
4.2563
4.24432
4.22896
4.20518
4.17792
4.16305
4.15754
4.15413
4.15304
4.15418
4.15195
4.14612
4.13517
4.1144
4.08819
4.07246
4.06541
4.06225
4.06141
4.06832
4.06791
4.06269
4.05487
4.0386
4.01012
3.98354
3.97002
3.95679
4.6432
4.56164
4.47608
4.38321
4.29658
4.20805
4.10941
4.01184
3.93316
3.84982
3.76078
3.67738
3.61036
3.54093
3.46782
3.41096
3.36421
3.30755
3.24378
3.19452
3.14762
3.09792
3.05155
3.00826
2.98025
2.95387
2.92489
2.89602
2.86832
2.8354
2.79017
2.77259
2.76392
2.74821
2.72952
2.70854
2.67999
2.64885
2.61729
2.59983
2.59409
2.58524
2.57229
2.55552
2.5385
2.51557
2.491
2.48515
2.48621
2.48891
2.49773
2.51706
2.55257
2.59256
2.64064
2.69543
2.7471
2.78921
2.8113
2.83941
2.86665
2.89041
2.90421
2.90825
2.91283
2.91423
2.9106
2.89967
2.89443
2.89507
2.89716
2.90121
2.90521
2.90538
2.90382
2.90043
2.89907
2.89874
2.90036
2.90197
2.90123
2.89636
2.88688
2.88022
2.8791
2.87924
2.88266
2.88983
2.89174
2.8905
2.88791
2.88118
2.86806
2.87164
3.01515
3.52585
3.89774
4.09221
4.11554
4.09785
4.06639
4.04518
4.03489
4.02942
4.01679
3.99514
3.97758
3.96464
3.95098
3.93669
3.92512
3.91658
3.90434
3.89212
3.88444
3.87821
3.86928
3.85421
3.83234
3.81028
3.7947
3.78745
3.79615
3.88451
4.15278
4.47348
4.65441
4.68232
4.67118
4.65196
4.63791
4.62531
4.61981
4.62055
4.61396
4.60035
4.58403
4.5615
4.5318
4.50439
4.48902
4.4808
4.47441
4.47436
4.47563
4.46427
4.45149
4.43317
4.40286
4.37304
4.35952
4.35385
4.34991
4.3507
4.35741
4.35232
4.34097
4.3242
4.29657
4.26449
4.24636
4.23846
4.23228
4.22995
4.2346
4.23278
4.22194
4.20909
4.18905
4.16239
4.14322
4.13467
4.13029
4.12821
4.12889
4.12772
4.12312
4.11303
4.09422
4.07003
4.05838
4.0555
4.05388
4.05279
4.0573
4.05781
4.04873
4.03349
4.00742
3.9747
3.95767
3.94524
4.6259
4.5531
4.47429
4.39436
4.31651
4.2337
4.1436
4.0616
3.98277
3.90326
3.82136
3.75274
3.68126
3.61242
3.54082
3.48914
3.43679
3.37689
3.3131
3.26399
3.21679
3.16707
3.11741
3.08123
3.05194
3.02316
2.98457
2.95103
2.92353
2.89415
2.85996
2.84026
2.8242
2.80178
2.77369
2.75001
2.72521
2.69911
2.66786
2.65307
2.64833
2.63939
2.62771
2.61449
2.5954
2.56002
2.51388
2.50014
2.49823
2.49979
2.50284
2.50981
2.51257
2.51132
2.5134
2.52613
2.55734
2.61596
2.68981
2.76411
2.83617
2.85963
2.86979
2.8749
2.87972
2.88283
2.88037
2.8801
2.88185
2.88487
2.89099
2.90112
2.90517
2.90485
2.90045
2.8916
2.88839
2.8878
2.88743
2.88686
2.88703
2.88647
2.88235
2.88036
2.88026
2.88016
2.88306
2.88669
2.88625
2.88388
2.87806
2.86799
2.87346
2.99879
3.55407
3.96293
4.07346
4.11027
4.09896
4.07723
4.04952
4.0264
4.01729
4.00854
4.00159
3.98703
3.96991
3.9585
3.94906
3.9355
3.91889
3.90621
3.89524
3.88404
3.87451
3.86873
3.86361
3.85501
3.83692
3.80918
3.78344
3.76649
3.7577
3.75143
3.78664
3.9601
4.26718
4.5141
4.61718
4.62744
4.61317
4.59498
4.58363
4.57489
4.5716
4.57116
4.56247
4.54995
4.53294
4.50368
4.46809
4.44641
4.43686
4.43051
4.43097
4.4381
4.43122
4.41922
4.40294
4.37275
4.33845
4.32352
4.31861
4.31529
4.31559
4.3239
4.32188
4.31181
4.29814
4.27448
4.24154
4.21868
4.20978
4.20417
4.2009
4.20528
4.20623
4.19682
4.18493
4.16592
4.13599
4.11415
4.10547
4.10163
4.09974
4.10076
4.10099
4.09834
4.09245
4.08033
4.06143
4.04712
4.04172
4.03912
4.03719
4.03414
4.02815
4.01773
4.00068
3.97643
3.95325
3.93622
4.60937
4.54296
4.46954
4.39904
4.32803
4.24927
4.16956
4.0974
4.02312
3.94436
3.87331
3.80923
3.74141
3.6716
3.60388
3.55121
3.49471
3.43901
3.37677
3.32436
3.27679
3.23001
3.18393
3.14373
3.11099
3.07933
3.04654
3.01571
2.98397
2.94383
2.90407
2.88873
2.87366
2.85494
2.82832
2.79823
2.76967
2.74484
2.71845
2.70798
2.69978
2.68778
2.67195
2.65447
2.63124
2.59885
2.56864
2.55542
2.54748
2.5372
2.5235
2.51853
2.51657
2.51072
2.49977
2.48904
2.48959
2.4984
2.52908
2.5829
2.66429
2.73512
2.79846
2.83694
2.84765
2.84994
2.8468
2.84763
2.8518
2.85811
2.87324
2.89078
2.89536
2.89534
2.89382
2.88807
2.88373
2.88139
2.8788
2.87613
2.87254
2.87008
2.8702
2.87176
2.87312
2.8758
2.88124
2.88321
2.88189
2.87702
2.86571
2.87523
3.02153
3.50864
4.01451
4.09503
4.09075
4.0913
4.0842
4.05539
4.03045
4.00997
4.00026
3.99488
3.98763
3.98145
3.96869
3.95613
3.94675
3.93479
3.91498
3.89601
3.8842
3.87364
3.86653
3.85825
3.85155
3.84392
3.82991
3.80222
3.76832
3.74382
3.72876
3.71541
3.70757
3.71914
3.80353
4.05026
4.33038
4.51056
4.5658
4.55308
4.53391
4.52323
4.51771
4.51964
4.52243
4.51825
4.50837
4.49227
4.46181
4.41993
4.39469
4.38552
4.38073
4.38177
4.39125
4.38833
4.37964
4.36637
4.34145
4.30679
4.28622
4.28003
4.27717
4.27637
4.28431
4.28546
4.27698
4.26531
4.24637
4.21462
4.18708
4.17592
4.17074
4.16759
4.17167
4.17386
4.16667
4.15468
4.13522
4.10426
4.08211
4.07531
4.0727
4.07155
4.07397
4.07686
4.07577
4.07243
4.06462
4.04772
4.02792
4.01695
4.01035
4.00409
3.99769
3.98988
3.98023
3.96797
3.95392
3.92976
4.58791
4.52725
4.46369
4.39829
4.3295
4.25871
4.19264
4.12292
4.04995
3.97712
3.91773
3.8522
3.78674
3.71432
3.65935
3.60298
3.54519
3.48414
3.43183
3.38455
3.3343
3.28264
3.2377
3.20689
3.17198
3.13764
3.09939
3.0668
3.03319
3.00019
2.96797
2.94132
2.91556
2.88898
2.86522
2.84303
2.82084
2.79648
2.76681
2.75406
2.74119
2.72764
2.71562
2.69805
2.66749
2.62777
2.60759
2.60147
2.59592
2.58841
2.5776
2.56211
2.5457
2.52586
2.50077
2.48904
2.48809
2.48954
2.49255
2.50228
2.52512
2.56151
2.61029
2.66714
2.7182
2.77664
2.80952
2.81845
2.82641
2.83343
2.84646
2.86285
2.87494
2.87817
2.87954
2.88048
2.88093
2.88034
2.87718
2.87115
2.86334
2.8571
2.85607
2.85642
2.85954
2.86813
2.87688
2.87765
2.87514
2.86629
2.87816
3.08836
3.54082
3.97529
4.11612
4.10671
4.0973
4.07723
4.05931
4.04052
4.01766
3.9986
3.98991
3.98486
3.98025
3.97504
3.96728
3.9534
3.94058
3.92783
3.90869
3.88551
3.87066
3.85953
3.85045
3.84474
3.8335
3.82186
3.80879
3.78848
3.7558
3.72194
3.69977
3.68428
3.66922
3.6647
3.66228
3.69467
3.84433
4.12001
4.35307
4.45613
4.4721
4.46525
4.46042
4.45761
4.46541
4.46769
4.46091
4.45292
4.43908
4.41186
4.3727
4.34327
4.33162
4.32783
4.32901
4.33766
4.33721
4.3316
4.32226
4.30472
4.27387
4.24581
4.23489
4.23137
4.22923
4.23495
4.24045
4.23553
4.22624
4.21054
4.1812
4.14999
4.136
4.13083
4.12779
4.13003
4.13216
4.12688
4.11766
4.10206
4.07576
4.05259
4.04539
4.04393
4.04369
4.04734
4.05257
4.05211
4.04954
4.04049
4.01846
3.99206
3.97832
3.9705
3.96351
3.95785
3.9545
3.9487
3.9396
3.92064
4.56723
4.51092
4.45511
4.39523
4.32892
4.26614
4.20567
4.14049
4.06733
4.00571
3.94643
3.8852
3.81793
3.75511
3.70094
3.64162
3.58665
3.52762
3.4821
3.43139
3.38465
3.333
3.29475
3.26054
3.22256
3.18407
3.14944
3.11623
3.0815
3.04399
3.01285
2.98683
2.96069
2.93397
2.90396
2.87959
2.85794
2.83705
2.81669
2.80174
2.7859
2.76618
2.74715
2.72486
2.6954
2.6693
2.65461
2.64692
2.63862
2.62923
2.61869
2.60581
2.58932
2.56095
2.51678
2.49783
2.49433
2.48941
2.48967
2.49707
2.50556
2.50504
2.50772
2.52186
2.54656
2.59464
2.65806
2.71635
2.77861
2.81142
2.82356
2.83397
2.84019
2.84476
2.851
2.86327
2.8709
2.87179
2.87069
2.86717
2.85859
2.84777
2.8451
2.84539
2.84873
2.85986
2.86427
2.86304
2.86096
2.87174
3.08545
3.64323
3.94546
4.09087
4.1108
4.10504
4.09253
4.06247
4.03786
4.02518
4.01346
3.99396
3.98563
3.98206
3.97507
3.96723
3.9591
3.94671
3.93115
3.9162
3.89796
3.87293
3.85267
3.83927
3.82671
3.81616
3.80593
3.79198
3.77867
3.76361
3.74241
3.71159
3.67848
3.65442
3.63723
3.62495
3.61233
3.60768
3.61649
3.68324
3.88163
4.13765
4.32801
4.39134
4.39652
4.39962
4.39977
4.40093
4.40115
4.39579
4.38886
4.37766
4.35738
4.32635
4.29416
4.27697
4.27163
4.26872
4.27449
4.2804
4.27764
4.27232
4.26004
4.23367
4.20013
4.18264
4.1781
4.17688
4.18326
4.18965
4.18601
4.17986
4.16709
4.1412
4.10832
4.0907
4.0854
4.08298
4.08406
4.08552
4.0827
4.07723
4.06611
4.04555
4.02248
4.01344
4.01194
4.01208
4.01733
4.01996
4.01869
4.01408
4.00108
3.97528
3.94744
3.93443
3.92802
3.92329
3.9234
3.92359
3.91775
3.90204
4.54247
4.494
4.44193
4.38542
4.32654
4.27047
4.21073
4.14656
4.08377
4.02798
3.96746
3.90664
3.84331
3.79147
3.73307
3.67842
3.61825
3.5702
3.52405
3.4751
3.43025
3.38148
3.34567
3.30646
3.2696
3.22933
3.19136
3.15592
3.1224
3.09256
3.06218
3.02855
2.99672
2.96872
2.94543
2.92392
2.90319
2.87621
2.85478
2.83773
2.81991
2.80231
2.78129
2.75396
2.7253
2.69966
2.68959
2.68577
2.67795
2.66802
2.65791
2.6439
2.62282
2.58935
2.55141
2.5416
2.53756
2.53014
2.5183
2.50985
2.50531
2.49781
2.4949
2.48957
2.48317
2.488
2.51018
2.54882
2.61393
2.68354
2.75007
2.7973
2.80859
2.81385
2.81936
2.83034
2.84253
2.85291
2.85607
2.85451
2.84729
2.83913
2.83835
2.83936
2.84353
2.85147
2.8515
2.84991
2.86258
3.04482
3.66863
3.98511
4.06843
4.10112
4.09916
4.08566
4.07471
4.05351
4.02873
4.01625
4.00911
3.99613
3.98048
3.97426
3.96847
3.95649
3.94389
3.93116
3.91477
3.8972
3.87959
3.85827
3.83318
3.81301
3.79636
3.78113
3.76638
3.75282
3.74113
3.72854
3.7139
3.69592
3.67022
3.63792
3.60781
3.5886
3.57542
3.56199
3.55388
3.55134
3.57305
3.68013
3.91675
4.14731
4.29307
4.32069
4.32844
4.32939
4.33662
4.3359
4.32957
4.32443
4.31661
4.30277
4.27834
4.24397
4.21859
4.21099
4.20851
4.2134
4.22278
4.22191
4.21876
4.2095
4.18666
4.15191
4.12947
4.12347
4.12191
4.12641
4.13307
4.13072
4.12648
4.11659
4.09544
4.0642
4.04329
4.03714
4.03475
4.03603
4.03927
4.03745
4.03433
4.0266
4.00997
3.98752
3.97644
3.97443
3.97387
3.97444
3.97473
3.97162
3.96402
3.94963
3.92623
3.90393
3.89437
3.88896
3.88579
3.88655
3.88454
3.87216
4.51811
4.4757
4.42822
4.37388
4.32117
4.26864
4.21196
4.15094
4.09745
4.04088
3.98292
3.91938
3.86862
3.81665
3.7624
3.70685
3.65082
3.60804
3.55748
3.51423
3.46559
3.42766
3.38914
3.34689
3.3065
3.26521
3.23239
3.19568
3.16173
3.12686
3.09993
3.068
3.03793
3.01055
2.98467
2.9585
2.93486
2.91304
2.89551
2.87742
2.85633
2.8278
2.80261
2.77824
2.75828
2.74223
2.72997
2.72177
2.71086
2.69755
2.68579
2.67191
2.64956
2.6108
2.58307
2.57761
2.57348
2.56612
2.55674
2.54678
2.53547
2.52315
2.50698
2.48685
2.47228
2.46848
2.46861
2.47174
2.48897
2.52668
2.57977
2.64075
2.69123
2.75043
2.78481
2.79675
2.80787
2.81818
2.82548
2.82642
2.82483
2.82366
2.82553
2.83247
2.84353
2.84702
2.8459
2.87098
3.06249
3.62572
4.05094
4.08827
4.0895
4.09733
4.09325
4.07009
4.06142
4.04733
4.02188
4.00784
4.00017
3.99494
3.97737
3.96117
3.94916
3.9362
3.92027
3.90449
3.88731
3.86915
3.85138
3.83437
3.81511
3.79154
3.76591
3.74289
3.72434
3.7086
3.69609
3.68813
3.67824
3.66548
3.64902
3.62659
3.59527
3.56072
3.53875
3.525
3.51322
3.50048
3.50192
3.50823
3.5478
3.69848
3.9405
4.14784
4.23423
4.25037
4.25754
4.26321
4.27595
4.27271
4.26784
4.26101
4.25063
4.22926
4.19391
4.16408
4.15387
4.1511
4.15426
4.16487
4.16493
4.16261
4.1554
4.1367
4.10404
4.07634
4.06767
4.06586
4.06819
4.07364
4.07256
4.07038
4.064
4.04745
4.01854
3.99575
3.98883
3.98664
3.98815
3.99092
3.98946
3.98724
3.98126
3.96723
3.9459
3.93189
3.92801
3.92616
3.92471
3.922
3.91675
3.9092
3.89773
3.87978
3.86062
3.85117
3.84658
3.84317
3.84061
3.83168
4.49062
4.45068
4.40696
4.36108
4.31365
4.26175
4.20619
4.15547
4.10543
4.05071
3.99101
3.9356
3.88851
3.83571
3.78552
3.72921
3.68607
3.63779
3.59054
3.54292
3.49933
3.46504
3.42157
3.38307
3.33842
3.30296
3.26744
3.23167
3.1964
3.16352
3.13408
3.10215
3.07234
3.04671
3.0248
3.00018
2.97265
2.94255
2.92476
2.90641
2.887
2.86069
2.83274
2.80943
2.78931
2.77048
2.76273
2.75478
2.74283
2.73023
2.71605
2.6931
2.66208
2.63075
2.61916
2.6162
2.61126
2.60262
2.58916
2.57556
2.56395
2.55082
2.53313
2.50927
2.4839
2.46675
2.46282
2.46368
2.46876
2.47982
2.4899
2.50791
2.53578
2.58412
2.64606
2.70152
2.76367
2.78431
2.79379
2.79609
2.7933
2.79365
2.80055
2.81907
2.83239
2.83863
2.87744
3.1743
3.62942
4.04706
4.11228
4.10552
4.10157
4.09857
4.09501
4.07167
4.05079
4.03321
4.01368
3.99612
3.98564
3.97833
3.96337
3.94269
3.92582
3.90918
3.88902
3.86954
3.85027
3.8327
3.81679
3.8014
3.78662
3.7689
3.74332
3.71038
3.68328
3.6654
3.65174
3.64345
3.64078
3.63398
3.6203
3.60329
3.58202
3.55115
3.5145
3.48982
3.4766
3.46478
3.45578
3.45692
3.46006
3.46708
3.52795
3.71532
3.93097
4.11157
4.15825
4.17935
4.19352
4.21532
4.22638
4.22006
4.21083
4.19919
4.17956
4.14506
4.11154
4.09851
4.09526
4.0949
4.1063
4.1108
4.10854
4.10262
4.08692
4.05612
4.02446
4.01286
4.01047
4.01049
4.01774
4.01804
4.01704
4.01324
3.9998
3.97242
3.94789
3.94002
3.93762
3.93848
3.93969
3.93885
3.93722
3.9325
3.91974
3.898
3.88263
3.87801
3.87522
3.87294
3.86989
3.86525
3.85949
3.85032
3.83383
3.81334
3.8022
3.79715
3.79447
3.78817
4.45803
4.42333
4.38267
4.34291
4.30179
4.25451
4.20139
4.15419
4.10638
4.05674
4.00044
3.95293
3.9017
3.85281
3.799
3.75368
3.71101
3.66264
3.61963
3.56808
3.53289
3.49208
3.45102
3.4109
3.36937
3.33745
3.29968
3.26674
3.22758
3.19487
3.16433
3.13488
3.1093
3.08383
3.05679
3.02827
3.00256
2.97928
2.95947
2.93665
2.90672
2.87825
2.85865
2.84198
2.82812
2.81038
2.79497
2.78155
2.76579
2.75074
2.7366
2.71341
2.68002
2.65518
2.64873
2.64585
2.64073
2.63305
2.6242
2.61263
2.59734
2.57815
2.54989
2.52337
2.50643
2.49445
2.48629
2.48148
2.48073
2.48002
2.47957
2.47898
2.4775
2.48251
2.50256
2.53702
2.5943
2.65207
2.70453
2.74739
2.76333
2.76876
2.78382
2.79516
2.80574
2.84643
3.19065
3.7532
4.01646
4.11954
4.11203
4.10212
4.10089
4.094
4.07924
4.05945
4.03778
4.01742
3.99768
3.97928
3.96438
3.95139
3.93573
3.91353
3.89264
3.8738
3.85447
3.83443
3.81378
3.79666
3.78285
3.76644
3.75222
3.73746
3.71766
3.68812
3.65284
3.62766
3.61212
3.60121
3.59781
3.59631
3.58792
3.57273
3.55639
3.53582
3.50611
3.46984
3.44489
3.43188
3.42171
3.41584
3.41283
3.41416
3.40727
3.42145
3.50391
3.69944
3.89888
4.05483
4.09336
4.12359
4.15174
4.1766
4.17061
4.1597
4.14618
4.12752
4.09663
4.06251
4.0467
4.04317
4.04289
4.054
4.06078
4.05815
4.05229
4.03808
4.00806
3.97424
3.96146
3.95923
3.95933
3.96794
3.96965
3.96875
3.96545
3.95269
3.92521
3.89947
3.89092
3.88801
3.88802
3.8898
3.88948
3.88832
3.88417
3.87178
3.84941
3.83352
3.82895
3.82605
3.82399
3.82182
3.81773
3.8123
3.80303
3.78551
3.76375
3.75147
3.74882
3.74516
4.40904
4.38478
4.35529
4.31933
4.27952
4.23877
4.1982
4.15252
4.10264
4.05047
4.00777
3.96335
3.91389
3.86134
3.81043
3.77253
3.72666
3.68547
3.63773
3.59759
3.55987
3.51533
3.47675
3.43139
3.40021
3.36505
3.32919
3.29303
3.25434
3.22594
3.19469
3.16745
3.1377
3.11483
3.08822
3.0606
3.03054
3.00696
2.98622
2.96196
2.93539
2.90831
2.88921
2.87182
2.85286
2.8378
2.82582
2.81181
2.79663
2.77827
2.75194
2.72049
2.69651
2.68323
2.6791
2.67562
2.66866
2.65778
2.64654
2.63573
2.62226
2.60471
2.5783
2.54582
2.52948
2.5222
2.51284
2.5059
2.5026
2.49706
2.49039
2.47965
2.4725
2.4651
2.45925
2.4605
2.47093
2.49804
2.53813
2.59757
2.6553
2.70998
2.76324
2.76936
2.80001
3.13237
3.78343
4.03651
4.09333
4.10094
4.11049
4.10435
4.09541
4.08193
4.05275
4.02501
4.00705
3.98919
3.973
3.95661
3.93932
3.92283
3.90505
3.88014
3.85252
3.83107
3.815
3.79715
3.77737
3.76133
3.74976
3.73095
3.71554
3.70149
3.68508
3.66299
3.63283
3.60177
3.58028
3.56621
3.55623
3.5495
3.5432
3.53509
3.52154
3.50639
3.48767
3.46118
3.42807
3.40361
3.39063
3.38173
3.37391
3.36856
3.36241
3.36116
3.3501
3.37161
3.4739
3.66983
3.87656
3.99237
4.04736
4.08232
4.11242
4.11823
4.10611
4.09404
4.07661
4.05107
4.01967
4.0012
3.99616
3.99507
4.00376
4.01137
4.00868
4.0026
3.98877
3.96045
3.92874
3.91662
3.91428
3.91557
3.92355
3.92367
3.92242
3.91802
3.90391
3.87684
3.85241
3.84406
3.84117
3.84101
3.84342
3.84328
3.84224
3.83786
3.82476
3.80217
3.78717
3.78279
3.77982
3.77753
3.77486
3.77057
3.76488
3.75517
3.73678
3.71535
3.70861
3.70556
4.37295
4.35313
4.32892
4.29895
4.26192
4.22317
4.18663
4.14588
4.09921
4.0507
4.00885
3.96421
3.92119
3.8696
3.82982
3.78732
3.74382
3.70028
3.65642
3.62232
3.57856
3.53971
3.49533
3.45768
3.42638
3.38745
3.35539
3.31476
3.28366
3.25381
3.22422
3.19692
3.16746
3.14263
3.11364
3.08732
3.06006
3.03668
3.01079
2.98338
2.95488
2.93698
2.9213
2.90524
2.8855
2.86312
2.84693
2.83146
2.81527
2.79743
2.7701
2.7397
2.71995
2.70904
2.70505
2.7012
2.69277
2.68261
2.67112
2.65705
2.64024
2.61841
2.58967
2.56857
2.56175
2.55693
2.54999
2.54151
2.5332
2.52421
2.51269
2.49572
2.47767
2.46432
2.4558
2.45216
2.45334
2.45514
2.45831
2.47358
2.50805
2.56451
2.63876
2.71158
3.03908
3.69785
4.01308
4.0685
4.08432
4.08566
4.10141
4.09725
4.07712
4.05009
4.01677
3.98693
3.9636
3.94593
3.93506
3.92576
3.91024
3.89227
3.87206
3.8474
3.81881
3.79205
3.77281
3.75644
3.73958
3.72623
3.71818
3.6982
3.67944
3.66439
3.64937
3.63223
3.61057
3.58492
3.55959
3.53784
3.52159
3.50911
3.49862
3.4887
3.48012
3.46863
3.45465
3.43822
3.41594
3.38684
3.36214
3.34828
3.33783
3.32817
3.31984
3.317
3.31142
3.30588
3.29467
3.32582
3.45036
3.64316
3.82893
3.9259
3.98909
4.02947
4.05484
4.05406
4.04404
4.0277
4.00653
3.97811
3.95519
3.94839
3.94708
3.95366
3.95982
3.9573
3.95177
3.93959
3.91572
3.88773
3.87578
3.87324
3.87329
3.8762
3.87542
3.87369
3.86829
3.85485
3.83092
3.80859
3.80064
3.79802
3.79798
3.7996
3.7993
3.79783
3.79257
3.7783
3.75594
3.74218
3.73779
3.73467
3.73206
3.72918
3.72535
3.72
3.71013
3.69169
3.67526
3.66951
4.31961
4.30577
4.28539
4.25901
4.2304
4.2003
4.16523
4.12761
4.08547
4.04855
4.00769
3.96616
3.92069
3.87998
3.84241
3.79881
3.75783
3.70958
3.67547
3.63604
3.59451
3.5551
3.51123
3.4823
3.44501
3.41049
3.37393
3.33731
3.31123
3.279
3.25274
3.22094
3.19364
3.16703
3.13901
3.11324
3.08489
3.05948
3.03158
3.00704
2.98368
2.96694
2.9486
2.92834
2.9069
2.88947
2.87414
2.85857
2.8381
2.8074
2.77677
2.75898
2.74771
2.73934
2.73554
2.72911
2.71766
2.70086
2.6866
2.67342
2.65774
2.63395
2.60283
2.59006
2.58681
2.58114
2.57394
2.56924
2.56313
2.5534
2.54077
2.52258
2.49849
2.47911
2.46795
2.45995
2.45607
2.45259
2.45056
2.4495
2.45251
2.46641
2.51571
2.86476
3.51934
3.90363
3.94657
3.97269
4.00602
4.0263
4.0448
4.04339
4.02278
3.99652
3.96995
3.94103
3.91898
3.90321
3.89957
3.8977
3.88326
3.86235
3.8395
3.81359
3.78672
3.76057
3.73702
3.71999
3.70504
3.69337
3.67969
3.65669
3.63631
3.62156
3.60889
3.59612
3.58027
3.56221
3.54424
3.52099
3.49359
3.4731
3.46033
3.44829
3.43586
3.42542
3.41661
3.40412
3.38938
3.3707
3.34418
3.31713
3.30116
3.28969
3.27913
3.27239
3.27284
3.26845
3.25951
3.24488
3.23717
3.27466
3.3975
3.59264
3.76216
3.87988
3.93809
3.97519
4.00211
3.99748
3.98207
3.95816
3.92717
3.90563
3.8983
3.89662
3.89847
3.90532
3.90413
3.90018
3.89092
3.8718
3.84651
3.8325
3.82848
3.82665
3.82688
3.82619
3.82431
3.82005
3.80932
3.78757
3.76609
3.75914
3.75659
3.75577
3.75557
3.75491
3.75289
3.74654
3.73117
3.70998
3.69835
3.69444
3.6917
3.68973
3.68769
3.68445
3.67934
3.66913
3.65183
3.63643
4.25303
4.24434
4.23266
4.21781
4.19709
4.16974
4.14051
4.11011
4.08056
4.04502
4.00507
3.9636
3.92276
3.88949
3.84824
3.80916
3.76277
3.72303
3.68758
3.64502
3.60978
3.56551
3.53371
3.50088
3.4632
3.43107
3.39002
3.36509
3.33559
3.30568
3.27675
3.24371
3.21933
3.18932
3.16334
3.13525
3.10894
3.08146
3.05408
3.02961
3.00985
2.99528
2.97542
2.95431
2.92828
2.909
2.89313
2.8767
2.85543
2.82366
2.79702
2.78424
2.77191
2.76347
2.75942
2.7514
2.73968
2.7246
2.70727
2.68866
2.66827
2.64134
2.61897
2.61512
2.61233
2.60743
2.59977
2.59138
2.58375
2.57318
2.55916
2.54355
2.52615
2.50837
2.49043
2.47333
2.46034
2.45067
2.44807
2.44905
2.45134
2.48136
2.78445
3.40817
3.76076
3.77341
3.77127
3.79609
3.84209
3.88317
3.90342
3.91413
3.91735
3.9104
3.90034
3.88296
3.87637
3.87103
3.86804
3.86369
3.84519
3.82283
3.79962
3.77299
3.74845
3.72806
3.70988
3.69345
3.67724
3.65792
3.6344
3.60936
3.59035
3.57622
3.56454
3.55522
3.54668
3.53691
3.52386
3.50358
3.47624
3.44446
3.42272
3.40891
3.39508
3.38079
3.37223
3.36989
3.35994
3.34419
3.32577
3.29726
3.26657
3.25015
3.23942
3.22992
3.22654
3.22841
3.22508
3.21
3.20205
3.18283
3.16768
3.20642
3.33619
3.54277
3.7071
3.82193
3.89064
3.92277
3.93476
3.92517
3.90208
3.87635
3.85171
3.84403
3.84294
3.84371
3.84896
3.84843
3.84613
3.83913
3.82269
3.79914
3.78471
3.78073
3.77936
3.77936
3.77902
3.77827
3.77515
3.76384
3.74059
3.72312
3.7173
3.71344
3.71114
3.71026
3.70946
3.70718
3.70012
3.68467
3.66604
3.65685
3.65405
3.65239
3.65131
3.64967
3.6464
3.64032
3.62896
3.6086
4.19771
4.19556
4.18866
4.17918
4.16536
4.14544
4.11913
4.09185
4.06553
4.03356
3.99874
3.95692
3.92234
3.88504
3.84602
3.80685
3.76539
3.73259
3.69146
3.6557
3.61631
3.58025
3.55195
3.51386
3.48306
3.44469
3.414
3.38909
3.35632
3.32917
3.29312
3.26679
3.23996
3.21096
3.18491
3.15376
3.12854
3.10008
3.07693
3.05426
3.03748
3.01905
2.99568
2.97192
2.94982
2.93338
2.91641
2.89568
2.86138
2.83368
2.8203
2.81177
2.80203
2.79364
2.7854
2.77136
2.75206
2.73581
2.72268
2.70621
2.68429
2.6543
2.6398
2.63705
2.63305
2.62743
2.62234
2.6153
2.60474
2.59202
2.57677
2.55897
2.54256
2.52966
2.51637
2.50112
2.48908
2.47822
2.46666
2.46367
2.48484
2.75254
3.40082
3.71721
3.73315
3.72709
3.72615
3.72175
3.71696
3.71433
3.70224
3.69075
3.6949
3.71175
3.73991
3.77446
3.80458
3.80575
3.802
3.79853
3.78357
3.76655
3.74895
3.72626
3.70544
3.69168
3.68801
3.6779
3.65546
3.62864
3.59784
3.5668
3.54689
3.53209
3.51995
3.51152
3.51061
3.50994
3.50136
3.48052
3.45597
3.42215
3.38618
3.36789
3.3553
3.34196
3.33193
3.33185
3.3305
3.31594
3.29862
3.27781
3.24426
3.21258
3.19752
3.18753
3.1802
3.18015
3.18251
3.17501
3.16091
3.14736
3.13723
3.10565
3.09499
3.14346
3.29892
3.49257
3.66901
3.76138
3.82249
3.84886
3.85187
3.84211
3.81909
3.79877
3.79114
3.78795
3.78695
3.78904
3.78914
3.78808
3.78264
3.7668
3.74436
3.73523
3.73378
3.73331
3.7331
3.73312
3.73236
3.72726
3.71161
3.68875
3.67598
3.67059
3.66689
3.66485
3.66418
3.66339
3.66087
3.65374
3.63985
3.62418
3.61638
3.61491
3.61405
3.61321
3.61122
3.60668
3.59921
3.58143
4.14661
4.14225
4.13667
4.13048
4.12099
4.10604
4.08416
4.06294
4.03793
4.0111
3.97776
3.94504
3.91349
3.87651
3.84169
3.80123
3.77097
3.73457
3.69704
3.66197
3.62307
3.59825
3.56398
3.53029
3.49751
3.45975
3.43721
3.40529
3.37586
3.3447
3.31072
3.28718
3.25697
3.23144
3.20062
3.17226
3.14744
3.12121
3.10061
3.07776
3.06131
3.03919
3.01556
2.99076
2.9699
2.95257
2.93373
2.91117
2.87624
2.85649
2.84661
2.83606
2.82407
2.81582
2.80623
2.79168
2.77293
2.75243
2.73318
2.71344
2.69304
2.67067
2.6642
2.66217
2.65739
2.64993
2.64141
2.63251
2.6185
2.60182
2.58815
2.57471
2.55913
2.54546
2.53405
2.52381
2.51615
2.50818
2.4954
2.50639
2.7375
3.42072
3.75159
3.75452
3.73564
3.72881
3.71854
3.70431
3.68376
3.65619
3.6182
3.5845
3.56412
3.56079
3.56627
3.59157
3.63639
3.67045
3.67292
3.67279
3.66907
3.66056
3.65466
3.65199
3.65112
3.65032
3.65409
3.65151
3.62947
3.60095
3.57016
3.53604
3.50779
3.48915
3.47526
3.47128
3.47689
3.47944
3.46864
3.4476
3.42602
3.39674
3.35649
3.32595
3.31227
3.30163
3.29432
3.29594
3.29629
3.28337
3.26543
3.2493
3.22604
3.19031
3.16039
3.1453
3.13471
3.12969
3.13047
3.12915
3.1167
3.10388
3.09369
3.08092
3.06248
3.03316
3.03712
3.09655
3.25832
3.44457
3.60552
3.70596
3.74197
3.76948
3.77125
3.75818
3.74155
3.73226
3.72965
3.72862
3.72895
3.72848
3.72748
3.72165
3.70527
3.68932
3.68613
3.68445
3.68343
3.68336
3.68304
3.68058
3.67194
3.65339
3.63332
3.62412
3.62021
3.61821
3.61769
3.61767
3.61729
3.6151
3.60818
3.5947
3.58013
3.57374
3.5729
3.57225
3.57114
3.56813
3.56315
3.54983
4.08788
4.08222
4.07841
4.07275
4.06374
4.05171
4.04052
4.02362
4.00192
3.97744
3.95279
3.92976
3.89824
3.86768
3.83149
3.8023
3.77263
3.73626
3.70546
3.66558
3.63848
3.60921
3.57335
3.54442
3.50551
3.48039
3.45226
3.41872
3.39078
3.35306
3.3295
3.30262
3.27377
3.24816
3.21397
3.191
3.16507
3.14307
3.12128
3.10043
3.08111
3.05565
3.03192
3.00782
2.99079
2.97117
2.94926
2.9184
2.89084
2.88199
2.87268
2.86291
2.851
2.83836
2.82131
2.80118
2.78422
2.76906
2.75045
2.72834
2.70516
2.68906
2.68501
2.68237
2.67712
2.67043
2.66154
2.65016
2.63519
2.61727
2.60002
2.58459
2.56964
2.55555
2.54607
2.54002
2.53616
2.53089
2.54279
2.74288
3.40807
3.82149
3.79751
3.76017
3.74335
3.74964
3.73173
3.6996
3.6731
3.63987
3.59573
3.56323
3.5442
3.53131
3.53128
3.52578
3.51083
3.49736
3.48698
3.47277
3.47249
3.47518
3.48891
3.51339
3.5431
3.5701
3.58328
3.58198
3.56734
3.54626
3.52258
3.50042
3.47122
3.4451
3.43018
3.42884
3.43689
3.4385
3.42535
3.40562
3.38538
3.36114
3.32847
3.29307
3.2725
3.26236
3.2566
3.25771
3.25788
3.24596
3.22723
3.21072
3.19312
3.16951
3.13939
3.11223
3.09469
3.0834
3.0781
3.07308
3.06484
3.05606
3.04813
3.03899
3.02749
3.01126
2.99214
2.97097
2.98051
3.05351
3.19513
3.38064
3.51517
3.62612
3.66537
3.67548
3.68639
3.67948
3.67528
3.67704
3.67454
3.67002
3.66798
3.66498
3.65694
3.64316
3.63311
3.62891
3.62741
3.62681
3.62631
3.62519
3.62187
3.6126
3.5946
3.57716
3.56946
3.56769
3.56781
3.56887
3.57017
3.57018
3.56803
3.55978
3.54391
3.52915
3.52525
3.52488
3.52435
3.52349
3.52109
3.51209
4.01929
4.01687
4.01921
4.01719
4.01068
4.00324
3.99507
3.98166
3.96545
3.94558
3.93059
3.90762
3.88195
3.8528
3.82384
3.80066
3.76831
3.73853
3.70394
3.67245
3.64585
3.61033
3.58254
3.54827
3.51772
3.49301
3.45839
3.43115
3.39678
3.36754
3.34536
3.31488
3.29071
3.25779
3.23127
3.20962
3.18401
3.16444
3.13914
3.11973
3.09602
3.07087
3.04811
3.02696
3.0086
2.98613
2.96305
2.93054
2.91556
2.90739
2.89596
2.88321
2.87015
2.85654
2.83819
2.81828
2.79748
2.77936
2.75896
2.73966
2.72264
2.71347
2.71087
2.70619
2.69811
2.68709
2.67322
2.65689
2.64293
2.63075
2.61709
2.60176
2.58548
2.57238
2.56399
2.5562
2.55069
2.56406
2.76541
3.39623
3.85971
3.84526
3.79997
3.77282
3.76719
3.77024
3.74735
3.71116
3.67308
3.63079
3.58541
3.5582
3.53748
3.51982
3.51022
3.49759
3.4804
3.46364
3.43666
3.39462
3.36115
3.339
3.32922
3.34023
3.36444
3.39183
3.42075
3.43399
3.43636
3.43742
3.43594
3.4286
3.40955
3.39294
3.38827
3.38463
3.38631
3.38428
3.37139
3.35413
3.33589
3.31749
3.29441
3.26715
3.24292
3.22687
3.21711
3.21135
3.20495
3.1945
3.17857
3.16161
3.14575
3.13111
3.11446
3.09234
3.06509
3.04324
3.03065
3.02071
3.01126
3.00496
3.00065
2.99438
2.98565
2.97584
2.9622
2.94028
2.91976
2.90685
2.91877
2.98698
3.11874
3.29802
3.43568
3.52585
3.57918
3.59355
3.60826
3.62617
3.62461
3.61956
3.61274
3.60431
3.59754
3.58972
3.57885
3.56863
3.5652
3.56465
3.56426
3.56427
3.56421
3.56221
3.55396
3.53611
3.51912
3.51397
3.51408
3.51531
3.51803
3.5198
3.51967
3.51634
3.50463
3.48525
3.47327
3.47224
3.47219
3.47258
3.47283
3.46828
3.97367
3.95448
3.95571
3.96033
3.95737
3.95481
3.94967
3.94133
3.9255
3.91267
3.89937
3.87981
3.86004
3.83211
3.81302
3.7875
3.75921
3.732
3.69956
3.67558
3.64318
3.61203
3.58201
3.549
3.52754
3.4958
3.46592
3.43798
3.40238
3.38288
3.35479
3.32768
3.3021
3.26869
3.24988
3.2251
3.20316
3.17961
3.15501
3.13506
3.10854
3.08614
3.06227
3.04444
3.02318
2.99926
2.97435
2.94796
2.94044
2.93022
2.91774
2.90417
2.88729
2.86786
2.8472
2.83004
2.81322
2.79433
2.77199
2.75317
2.73875
2.73298
2.73061
2.72557
2.71755
2.70613
2.6908
2.67101
2.65016
2.63363
2.62201
2.61148
2.59861
2.58909
2.58405
2.577
2.58668
2.78916
3.42587
3.88588
3.89073
3.84299
3.79792
3.78287
3.78321
3.78038
3.75171
3.71904
3.67779
3.62491
3.58816
3.56345
3.54214
3.52369
3.50693
3.48532
3.46254
3.43891
3.41143
3.37601
3.3463
3.32599
3.30428
3.27798
3.25684
3.2446
3.24061
3.23891
3.24021
3.24342
3.2568
3.27854
3.30253
3.312
3.31672
3.3169
3.31005
3.29829
3.28673
3.28213
3.2767
3.26284
3.24968
3.241
3.22594
3.20472
3.18064
3.15909
3.14297
3.12937
3.11673
3.10674
3.10089
3.09518
3.08324
3.06667
3.04499
3.01427
2.98635
2.97108
2.96014
2.9502
2.94674
2.94933
2.94843
2.93924
2.92728
2.91126
2.88612
2.86455
2.85391
2.84461
2.85591
2.91204
3.05205
3.20877
3.36303
3.44251
3.49883
3.52931
3.544
3.55759
3.55649
3.54886
3.53939
3.53104
3.52208
3.51216
3.50472
3.50219
3.50204
3.50293
3.50441
3.50491
3.5037
3.49518
3.47579
3.45953
3.45667
3.45742
3.46
3.46343
3.46491
3.46448
3.45891
3.44293
3.42383
3.41744
3.41761
3.41861
3.42053
3.41814
3.73138
3.92473
3.90777
3.89653
3.89862
3.90256
3.90035
3.89379
3.88218
3.87633
3.86235
3.84778
3.8263
3.8095
3.79226
3.76677
3.7452
3.71565
3.6945
3.66891
3.63729
3.61187
3.57799
3.55614
3.52898
3.49621
3.47207
3.43713
3.41561
3.39309
3.36273
3.34055
3.30667
3.2848
3.26465
3.23878
3.21886
3.19027
3.16939
3.14618
3.12136
3.09999
3.0778
3.0595
3.0347
3.01237
2.98585
2.97175
2.96403
2.95048
2.93614
2.91885
2.90113
2.8809
2.86127
2.843
2.82356
2.80351
2.78389
2.77204
2.76284
2.75799
2.75169
2.74143
2.72866
2.71276
2.69781
2.68309
2.66756
2.6513
2.63363
2.6201
2.60845
2.60029
2.59717
2.608
2.79865
3.43308
3.91906
3.91616
3.87325
3.83084
3.80382
3.79696
3.79577
3.77894
3.749
3.71269
3.66622
3.62173
3.59366
3.57083
3.54961
3.53157
3.50702
3.47872
3.45121
3.4236
3.39525
3.36651
3.34186
3.31893
3.29396
3.26602
3.23651
3.20918
3.18274
3.1628
3.14677
3.13312
3.13305
3.13499
3.13898
3.15324
3.16331
3.16176
3.16004
3.16319
3.16797
3.17155
3.17849
3.18306
3.18633
3.18886
3.18919
3.17711
3.15097
3.11888
3.08972
3.07162
3.06088
3.05699
3.06393
3.06783
3.05795
3.03782
3.01758
2.99229
2.95613
2.92586
2.91241
2.9039
2.89999
2.90425
2.90897
2.90422
2.89257
2.87767
2.85395
2.82696
2.81316
2.80384
2.7946
2.79169
2.80408
2.85603
2.97939
3.14594
3.28077
3.37791
3.41223
3.44681
3.46584
3.47923
3.48041
3.4764
3.46732
3.45843
3.45216
3.44543
3.44216
3.44289
3.44404
3.44526
3.44562
3.44257
3.43028
3.41308
3.40105
3.39789
3.39883
3.40219
3.40588
3.40667
3.40499
3.39676
3.38049
3.36575
3.36313
3.36405
3.36617
3.36491
3.11863
3.73895
3.87906
3.85477
3.84136
3.84511
3.84583
3.84037
3.83716
3.83222
3.82161
3.80792
3.79089
3.78208
3.76224
3.74312
3.71911
3.6991
3.68216
3.65399
3.63098
3.60149
3.57667
3.55584
3.52459
3.50067
3.47096
3.4432
3.42456
3.39448
3.3711
3.34431
3.31559
3.29955
3.27393
3.25216
3.22632
3.19961
3.1808
3.15523
3.13485
3.11156
3.09199
3.07078
3.04594
3.02561
3.00252
2.99446
2.98286
2.9673
2.95084
2.9306
2.91076
2.89054
2.8741
2.85644
2.83566
2.81514
2.79918
2.7876
2.7808
2.77747
2.77058
2.75868
2.74394
2.72441
2.70232
2.68481
2.67329
2.66267
2.64784
2.6359
2.62826
2.61924
2.62716
2.81347
3.46744
3.92828
3.93451
3.91895
3.88431
3.85058
3.82778
3.80602
3.78062
3.75589
3.72482
3.68603
3.64735
3.61835
3.59598
3.57615
3.55249
3.52346
3.49219
3.46194
3.43304
3.4045
3.37859
3.3579
3.33827
3.31635
3.29188
3.2646
3.22995
3.18832
3.15345
3.13262
3.11606
3.10092
3.08895
3.08606
3.08022
3.0624
3.04148
3.01472
2.98667
2.98096
2.98453
2.99617
3.0173
3.04636
3.08404
3.10759
3.11053
3.10564
3.0872
3.06141
3.03511
3.01866
3.01034
3.00875
3.01511
3.02133
3.01327
2.99983
2.98467
2.96365
2.93056
2.89466
2.87482
2.86493
2.86101
2.86503
2.86937
2.86378
2.85308
2.83954
2.81638
2.7879
2.77363
2.76606
2.75833
2.75338
2.7569
2.75313
2.75809
2.80576
2.89699
3.04985
3.17776
3.28004
3.3482
3.37177
3.39281
3.41691
3.416
3.41056
3.404
3.39508
3.38937
3.38673
3.38332
3.38248
3.38308
3.38223
3.37657
3.3651
3.35239
3.34406
3.34148
3.34228
3.34511
3.34688
3.34686
3.34403
3.33407
3.31968
3.31155
3.31037
3.31173
3.31099
1.84657
3.21649
3.72052
3.81862
3.80116
3.79559
3.79053
3.78513
3.78737
3.78309
3.77732
3.76114
3.7551
3.74615
3.72979
3.71333
3.69046
3.68005
3.6591
3.63714
3.61552
3.58933
3.57382
3.54751
3.5214
3.49848
3.46822
3.4512
3.42465
3.39732
3.37648
3.34416
3.32763
3.30592
3.2803
3.26059
3.22975
3.21059
3.18893
3.16545
3.14567
3.12157
3.10391
3.07975
3.05903
3.0381
3.0228
3.01396
2.99752
2.98085
2.95998
2.94
2.92118
2.90264
2.887
2.86594
2.8448
2.82813
2.81758
2.80956
2.80238
2.79502
2.78242
2.76624
2.74923
2.73256
2.71594
2.70156
2.6861
2.66835
2.65258
2.64655
2.6438
2.65577
2.84444
3.48063
3.97937
3.99238
3.93978
3.89574
3.86913
3.84968
3.83431
3.8064
3.77191
3.7368
3.69908
3.66012
3.6354
3.61452
3.59742
3.57983
3.55402
3.52241
3.48576
3.44414
3.40306
3.37485
3.35331
3.33593
3.32417
3.31099
3.29029
3.26398
3.22779
3.17892
3.13855
3.11664
3.09953
3.08359
3.07039
3.05896
3.04479
3.02863
3.01222
2.99483
2.95839
2.91551
2.89173
2.88019
2.88132
2.89269
2.9109
2.93266
2.94836
2.96294
2.96735
2.96441
2.95958
2.95432
2.94665
2.93874
2.93536
2.93968
2.94713
2.94479
2.93634
2.92044
2.89513
2.86895
2.85004
2.83795
2.83412
2.83552
2.83336
2.82175
2.80988
2.79644
2.77446
2.74716
2.73134
2.72427
2.719
2.71794
2.72316
2.72223
2.71424
2.6997
2.69243
2.71996
2.8054
2.92841
3.08441
3.18801
3.27074
3.31373
3.32917
3.34613
3.35533
3.35021
3.34369
3.33675
3.32899
3.32115
3.31946
3.31744
3.31368
3.30915
3.30394
3.29668
3.28983
3.28804
3.28855
3.28992
3.29002
3.28818
3.282
3.27196
3.26153
3.25668
3.25759
3.25745
1.04744
2.05459
3.27123
3.68065
3.76185
3.75395
3.73836
3.73703
3.73775
3.73446
3.72681
3.71589
3.71661
3.7062
3.69516
3.67434
3.66447
3.65428
3.63363
3.6173
3.59135
3.57831
3.56043
3.53444
3.51672
3.48818
3.46989
3.44952
3.42015
3.40104
3.37256
3.35133
3.33431
3.30671
3.28698
3.26008
3.23547
3.21903
3.19447
3.1761
3.15245
3.1317
3.11274
3.08896
3.07197
3.05102
3.04099
3.02742
3.00866
2.9896
2.96671
2.94894
2.93072
2.91467
2.8969
2.87353
2.85699
2.84402
2.83462
2.82585
2.82
2.81061
2.79433
2.77515
2.75402
2.73497
2.7214
2.71164
2.6985
2.6823
2.66983
2.66185
2.67222
2.87273
3.51946
4.00496
4.01543
3.96459
3.91004
3.87386
3.85574
3.85353
3.83774
3.80978
3.77384
3.72344
3.67598
3.64483
3.62074
3.60087
3.58885
3.57119
3.54721
3.51884
3.47709
3.42485
3.38468
3.35911
3.33762
3.31906
3.30892
3.2979
3.27521
3.25053
3.22066
3.17674
3.12916
3.10027
3.08107
3.0654
3.05666
3.04387
3.02453
3.00701
2.98916
2.96956
2.94281
2.906
2.87396
2.85393
2.83831
2.82403
2.81492
2.80866
2.80548
2.80469
2.80416
2.80414
2.80777
2.81339
2.82317
2.83483
2.84477
2.84955
2.85472
2.85439
2.85121
2.8468
2.84036
2.82925
2.81981
2.81445
2.80767
2.80375
2.7955
2.78283
2.77021
2.75737
2.74092
2.71862
2.69647
2.68384
2.67906
2.68063
2.68782
2.68893
2.67945
2.6668
2.65818
2.63735
2.61988
2.63298
2.71242
2.8515
3.00031
3.12708
3.19793
3.2473
3.2697
3.28378
3.2903
3.28743
3.27907
3.26916
3.26466
3.25916
3.25472
3.25355
3.25049
3.24564
3.24185
3.23822
3.23636
3.23666
3.23683
3.23565
3.23076
3.22172
3.21155
3.20364
3.20261
3.20421
1.0002
1.09198
2.21602
3.29208
3.64557
3.7106
3.69094
3.69002
3.69025
3.68904
3.67664
3.67612
3.67382
3.66473
3.6537
3.63634
3.63552
3.6226
3.60814
3.58739
3.57065
3.56125
3.53868
3.5219
3.49993
3.4791
3.46557
3.43917
3.41814
3.39688
3.37016
3.35628
3.33171
3.30815
3.28858
3.25874
3.24387
3.22288
3.20062
3.18231
3.15626
3.1406
3.11929
3.10015
3.08231
3.06482
3.05412
3.03524
3.01648
2.9936
2.97396
2.95799
2.94073
2.92566
2.90269
2.88253
2.87069
2.86014
2.85217
2.84291
2.83415
2.81922
2.79893
2.77836
2.76194
2.74915
2.73597
2.71922
2.70029
2.68997
2.68626
2.69841
2.90376
3.55482
4.03987
4.03155
3.9809
3.93475
3.90326
3.88536
3.88185
3.86436
3.82882
3.79347
3.74821
3.69208
3.65292
3.62761
3.60526
3.58932
3.58029
3.55825
3.53048
3.50128
3.45896
3.40444
3.36564
3.34148
3.32177
3.30535
3.29206
3.27133
3.24872
3.22693
3.20329
3.1732
3.13356
3.09807
3.07257
3.05186
3.03353
3.01729
3.00123
2.98594
2.9704
2.95303
2.93323
2.90734
2.87553
2.84378
2.81713
2.79983
2.78633
2.77259
2.75695
2.74261
2.73351
2.72711
2.71683
2.70048
2.68503
2.68624
2.69401
2.70499
2.71341
2.72643
2.74043
2.74868
2.75911
2.76479
2.76104
2.75684
2.7543
2.75122
2.74709
2.73831
2.72719
2.71869
2.71309
2.70096
2.67893
2.65885
2.64689
2.63878
2.63446
2.63489
2.63679
2.63213
2.62347
2.61235
2.59832
2.57293
2.56367
2.58151
2.6459
2.78985
2.93198
3.06462
3.13213
3.17761
3.20254
3.21156
3.21317
3.21858
3.21758
3.21556
3.21398
3.21001
3.20466
3.19887
3.19101
3.18389
3.18247
3.18282
3.1848
3.18497
3.18182
3.17524
3.16727
3.15731
3.15088
3.15201
1
1.00057
1.1484
2.33908
3.30616
3.60967
3.64758
3.6401
3.64304
3.64174
3.63247
3.63555
3.62937
3.62366
3.60639
3.6034
3.60145
3.58867
3.57612
3.55303
3.54893
3.53598
3.51775
3.50245
3.47839
3.46918
3.44997
3.4265
3.41193
3.38465
3.37086
3.3528
3.32619
3.30977
3.28235
3.26348
3.24771
3.22313
3.20675
3.18237
3.16262
3.14707
3.12485
3.10967
3.089
3.07608
3.06103
3.04014
3.02055
2.99653
2.98204
2.96598
2.95011
2.93251
2.90686
2.89544
2.88504
2.87533
2.86574
2.85627
2.84428
2.82395
2.80286
2.7829
2.76841
2.75778
2.74499
2.72955
2.71273
2.70334
2.71654
2.93826
3.5783
4.06006
4.07201
4.04249
3.97554
3.93329
3.9069
3.88892
3.87243
3.84382
3.8091
3.77206
3.72505
3.67285
3.63953
3.61502
3.59249
3.57634
3.55941
3.53084
3.50215
3.47268
3.43565
3.39283
3.35618
3.32716
3.30347
3.28345
3.26255
3.23967
3.21755
3.19602
3.17527
3.15344
3.12696
3.09874
3.07128
3.04312
3.01588
2.99267
2.97327
2.95592
2.93962
2.9239
2.90904
2.89245
2.87111
2.84091
2.80959
2.78693
2.76878
2.75039
2.73129
2.71541
2.70198
2.68911
2.67306
2.6581
2.64237
2.62441
2.61317
2.6048
2.59571
2.59524
2.60085
2.61798
2.63823
2.65662
2.65786
2.65303
2.65589
2.66212
2.66132
2.66039
2.66337
2.66804
2.66863
2.66451
2.6588
2.64958
2.6328
2.61165
2.5961
2.58691
2.58236
2.58322
2.58311
2.57882
2.57182
2.56091
2.54514
2.52753
2.519
2.53635
2.59958
2.70797
2.85069
2.97418
3.06607
3.10053
3.11864
3.13562
3.15033
3.17075
3.17735
3.1778
3.17397
3.16581
3.15468
3.13953
3.12742
3.12657
3.12984
3.13209
3.13161
3.13015
3.12681
3.12144
3.11315
3.1069
1
1
1.00129
1.21261
2.43659
3.30204
3.56131
3.59836
3.59678
3.58776
3.58861
3.59083
3.58649
3.57995
3.5651
3.5699
3.56255
3.5532
3.53477
3.52366
3.52203
3.50719
3.49527
3.47238
3.46128
3.45126
3.42818
3.41514
3.39335
3.37611
3.3652
3.34037
3.32267
3.30354
3.27874
3.26691
3.24487
3.22491
3.20761
3.18167
3.1692
3.14961
3.13095
3.11456
3.09467
3.08238
3.06231
3.04311
3.02093
3.00237
2.98975
2.97294
2.95779
2.93393
2.91604
2.90852
2.89774
2.88857
2.87747
2.86529
2.84735
2.82491
2.80506
2.79116
2.78152
2.7681
2.74871
2.73174
2.72619
2.74243
2.97919
3.63415
4.09182
4.09815
4.06507
3.99796
3.94841
3.91934
3.89918
3.88388
3.85808
3.82821
3.79368
3.75105
3.70361
3.66182
3.62999
3.60507
3.58317
3.56086
3.53109
3.50058
3.47052
3.43903
3.40651
3.37697
3.35162
3.32496
3.29406
3.26174
3.23269
3.20757
3.18386
3.16106
3.14089
3.12393
3.10907
3.09033
3.0646
3.03216
2.99876
2.97278
2.95233
2.9339
2.91688
2.90097
2.88579
2.87003
2.85243
2.8298
2.79702
2.76775
2.75137
2.73667
2.72085
2.70487
2.689
2.67238
2.65473
2.63631
2.61539
2.58888
2.56963
2.56122
2.55496
2.54993
2.54466
2.53924
2.53453
2.53072
2.53119
2.52906
2.52544
2.5284
2.53753
2.54934
2.56307
2.57905
2.59602
2.60328
2.60463
2.60489
2.59839
2.58742
2.57402
2.55651
2.54451
2.5389
2.53905
2.5396
2.54105
2.54038
2.53431
2.51988
2.49755
2.4808
2.47314
2.48179
2.52792
2.61633
2.74358
2.87319
2.98264
3.03765
3.06157
3.08218
3.11121
3.13373
3.13658
3.13164
3.12126
3.1079
3.09361
3.08255
3.0778
3.07683
3.07786
3.08179
3.08196
3.08182
3.08127
3.07522
1
1
1
1.00249
1.27737
2.49407
3.2756
3.52616
3.55355
3.53518
3.53718
3.54215
3.54345
3.53265
3.53094
3.53222
3.52244
3.5149
3.49413
3.4957
3.49045
3.47829
3.46311
3.44283
3.44077
3.4258
3.40994
3.39557
3.37282
3.36654
3.34858
3.32712
3.31526
3.28937
3.27801
3.26288
3.23934
3.22576
3.20128
3.18513
3.17118
3.1493
3.13525
3.11424
3.09932
3.08368
3.06184
3.04429
3.02122
3.00924
2.99515
2.9787
2.96164
2.9359
2.92825
2.91981
2.90893
2.89786
2.88423
2.86878
2.84649
2.82702
2.81133
2.80028
2.78923
2.7733
2.75572
2.7449
2.76263
3.0227
3.68092
4.12285
4.11033
4.06911
4.01546
3.96516
3.93554
3.91375
3.89718
3.87258
3.84309
3.81334
3.77596
3.72767
3.68342
3.64949
3.61892
3.59373
3.5679
3.53683
3.50313
3.4714
3.44006
3.40878
3.38351
3.36226
3.34136
3.31636
3.28721
3.25149
3.21116
3.17836
3.15487
3.13314
3.11267
3.0958
3.08275
3.06615
3.04597
3.01969
2.98133
2.94544
2.92567
2.90983
2.894
2.87927
2.86594
2.85177
2.83582
2.81702
2.78938
2.74998
2.72389
2.71116
2.69901
2.68655
2.67536
2.66419
2.64925
2.63213
2.61109
2.58176
2.5486
2.53061
2.52132
2.51336
2.50566
2.5001
2.49621
2.49229
2.48399
2.47102
2.45203
2.42915
2.42437
2.42836
2.43773
2.45361
2.47386
2.49466
2.51709
2.53218
2.53978
2.53901
2.53571
2.52513
2.50564
2.49461
2.4938
2.49931
2.50708
2.50736
2.5051
2.496
2.47977
2.46179
2.44658
2.43732
2.42855
2.43113
2.45794
2.52913
2.65481
2.78632
2.91956
2.98784
3.02067
3.04639
3.06577
3.07315
3.07271
3.07015
3.06216
3.05005
3.03791
3.03182
3.03145
3.032
3.03546
3.03972
3.04111
3.04056
1
1
1
1
1.0042
1.33028
2.51798
3.26316
3.48517
3.49381
3.48571
3.49118
3.4942
3.48631
3.49292
3.48898
3.48382
3.4727
3.46224
3.46619
3.45604
3.44609
3.42308
3.41803
3.41499
3.39949
3.38937
3.3658
3.35778
3.34914
3.32664
3.31605
3.29626
3.28017
3.2721
3.25012
3.23478
3.21861
3.19545
3.18593
3.16719
3.14965
3.1343
3.11311
3.10073
3.08058
3.06165
3.04287
3.02482
3.01488
2.99808
2.98279
2.96082
2.94408
2.93905
2.92813
2.91715
2.90272
2.88625
2.86755
2.84565
2.8314
2.81901
2.80951
2.7943
2.77454
2.76483
2.79473
3.10289
3.72656
4.12248
4.13444
4.11885
4.07199
4.01413
3.97211
3.93848
3.91072
3.88127
3.85019
3.81929
3.78513
3.74236
3.69792
3.66362
3.63492
3.61105
3.58436
3.55414
3.51964
3.47797
3.43406
3.40173
3.37586
3.35252
3.33356
3.31828
3.29789
3.27324
3.24091
3.19448
3.15265
3.12841
3.10808
3.08903
3.0742
3.05971
3.04102
3.02234
3.00123
2.96844
2.92275
2.89462
2.87924
2.86478
2.85182
2.84108
2.82775
2.81296
2.79744
2.7784
2.74696
2.70687
2.68476
2.6727
2.66119
2.6512
2.64583
2.63599
2.6227
2.60776
2.58759
2.55745
2.52208
2.50297
2.49316
2.48405
2.4742
2.46516
2.45877
2.45053
2.44182
2.43276
2.41589
2.38996
2.37714
2.36757
2.36358
2.36728
2.37443
2.38258
2.39624
2.41028
2.41953
2.43068
2.44117
2.44627
2.4459
2.44552
2.44847
2.45037
2.44793
2.44501
2.44564
2.44567
2.44069
2.42897
2.41446
2.40203
2.39594
2.39216
2.38952
2.40653
2.46241
2.57985
2.72397
2.84848
2.9299
2.96367
2.98043
2.99431
3.00404
3.0101
3.00944
3.00433
2.99938
2.99808
2.99595
2.99443
2.99455
2.99492
2.99708
1
1
1
1
1.00001
1.00597
1.36622
2.54263
3.22937
3.43135
3.44776
3.44669
3.43969
3.43908
3.44845
3.44488
3.44459
3.43029
3.43367
3.4315
3.41992
3.40885
3.38885
3.39248
3.38539
3.37446
3.3582
3.33956
3.33898
3.32429
3.30954
3.29751
3.2751
3.27108
3.25631
3.23606
3.22639
3.20226
3.19219
3.18053
3.15954
3.14776
3.12668
3.11198
3.09785
3.07595
3.06136
3.04045
3.02946
3.0169
2.99927
2.9841
2.96083
2.95406
2.9463
2.93369
2.92078
2.90213
2.88483
2.86509
2.84878
2.83759
2.82646
2.81236
2.79479
2.78382
2.81265
3.19596
3.82136
4.16116
4.16495
4.14122
4.09417
4.04221
4.0019
3.96528
3.9294
3.89555
3.85852
3.82358
3.78883
3.7494
3.70591
3.66979
3.63799
3.61049
3.58891
3.56314
3.53417
3.50001
3.45363
3.40345
3.37012
3.34505
3.32185
3.3023
3.28742
3.26811
3.24541
3.21903
3.17853
3.12701
3.09724
3.07818
3.06025
3.04744
3.03658
3.01761
2.99915
2.98095
2.95748
2.91868
2.87579
2.85326
2.83822
2.82496
2.816
2.80237
2.78726
2.77345
2.75935
2.74012
2.7072
2.67066
2.65115
2.6391
2.62799
2.6193
2.61212
2.60117
2.58969
2.57628
2.55744
2.5296
2.50199
2.48456
2.47223
2.46106
2.44972
2.4376
2.42551
2.41461
2.40508
2.39324
2.37056
2.35199
2.34457
2.33819
2.33143
2.32141
2.31142
2.30814
2.30619
2.30828
2.31085
2.31719
2.32832
2.34243
2.35573
2.37248
2.38747
2.38712
2.38142
2.38209
2.38806
2.3882
2.3867
2.38404
2.38093
2.37769
2.37133
2.36219
2.35074
2.3414
2.35205
2.40326
2.49734
2.62763
2.75602
2.8529
2.88961
2.91146
2.92659
2.93868
2.95276
2.9707
2.97379
2.97309
2.96936
2.96302
2.95406
2.94795
1
1
1
1
1
1.00001
1.00758
1.40029
2.52747
3.18275
3.39059
3.41409
3.39339
3.39139
3.39817
3.40257
3.3988
3.3916
3.39902
3.39061
3.38435
3.36876
3.36269
3.36543
3.35491
3.34528
3.32137
3.31833
3.31509
3.2991
3.2906
3.26779
3.26051
3.25515
3.23459
3.22443
3.20707
3.18989
3.18462
3.16639
3.15183
3.13815
3.11728
3.10805
3.08964
3.07262
3.05792
3.03977
3.03152
3.01516
2.99969
2.98182
2.96562
2.9608
2.9489
2.93611
2.91886
2.89832
2.88231
2.86536
2.85442
2.84299
2.82895
2.81078
2.80309
2.83585
3.20644
3.92557
4.18869
4.17077
4.12765
4.0832
4.03864
4.00795
3.98261
3.95402
3.92266
3.88383
3.84094
3.79944
3.75727
3.71237
3.67224
3.64028
3.61008
3.58376
3.56229
3.53555
3.50559
3.47203
3.42557
3.37092
3.33773
3.31521
3.2944
3.27729
3.25998
3.23802
3.21552
3.19146
3.15978
3.11276
3.07083
3.04865
3.03149
3.01643
3.00259
2.98496
2.96785
2.95144
2.9343
2.91012
2.87208
2.83631
2.81686
2.80216
2.78837
2.77418
2.75933
2.74625
2.73452
2.72187
2.70196
2.66958
2.63896
2.62124
2.60795
2.59581
2.58472
2.57524
2.56499
2.55438
2.542
2.52406
2.49892
2.47596
2.46199
2.45096
2.43896
2.42546
2.41133
2.39758
2.38451
2.37176
2.35627
2.33623
2.32461
2.317
2.30699
2.29664
2.28804
2.28164
2.2744
2.26748
2.25709
2.24622
2.24302
2.24459
2.24845
2.25628
2.26974
2.28944
2.30056
2.30192
2.3038
2.30905
2.31568
2.32307
2.33098
2.33906
2.34157
2.33923
2.33093
2.31725
2.29915
2.29084
2.29745
2.33447
2.40838
2.53078
2.65564
2.77312
2.82168
2.8399
2.86423
2.89423
2.92625
2.94175
2.94194
2.93634
2.92647
2.91287
1
1
1
1
1
1
1.00002
1.00939
1.40291
2.49048
3.15174
3.34815
3.36276
3.34749
3.34915
3.35535
3.34845
3.354
3.35708
3.35007
3.3471
3.33115
3.33684
3.33387
3.32299
3.31046
3.29197
3.29569
3.2873
3.2762
3.26171
3.24212
3.2435
3.23172
3.21639
3.2068
3.18273
3.17937
3.16952
3.15051
3.14163
3.12031
3.10956
3.09903
3.07924
3.06864
3.04997
3.03931
3.02935
3.01119
2.99841
2.97823
2.97052
2.96242
2.94813
2.93437
2.91111
2.89476
2.88177
2.86844
2.85935
2.84486
2.82417
2.81954
2.87857
3.28024
3.96158
4.19823
4.1834
4.1535
4.10506
4.05747
4.02322
3.99462
3.96596
3.93537
3.89803
3.85418
3.80973
3.7645
3.71886
3.67535
3.63909
3.60825
3.57926
3.55293
3.52836
3.49888
3.46896
3.43855
3.4012
3.35156
3.30802
3.28267
3.26256
3.24457
3.22486
3.20393
3.18276
3.16109
3.13663
3.10275
3.05965
3.02693
3.00601
2.9876
2.96966
2.95097
2.93269
2.91582
2.90031
2.88403
2.86052
2.82742
2.79834
2.78096
2.76552
2.74896
2.73198
2.71627
2.70272
2.69082
2.67845
2.65982
2.63187
2.60742
2.59133
2.57742
2.56413
2.55151
2.53932
2.52718
2.51585
2.50515
2.4906
2.4676
2.447
2.43535
2.42497
2.41299
2.40049
2.38809
2.37626
2.36426
2.34922
2.32753
2.30641
2.29421
2.28574
2.27802
2.27095
2.26158
2.25162
2.2426
2.23284
2.21813
2.20582
2.20163
2.19781
2.1952
2.19439
2.19336
2.19053
2.19317
2.20142
2.20948
2.21792
2.22913
2.24391
2.26266
2.2805
2.28945
2.29009
2.28527
2.27306
2.25769
2.24688
2.24508
2.2481
2.27653
2.34094
2.45309
2.57965
2.70052
2.76585
2.78999
2.82115
2.85078
2.87386
2.88751
2.89134
2.88639
1
1
1
1
1
1
1
1.00002
1.00935
1.38397
2.45921
3.10637
3.29536
3.3179
3.31286
3.308
3.30063
3.31299
3.31169
3.31081
3.30396
3.29819
3.30605
3.29712
3.29003
3.27301
3.26864
3.27053
3.25939
3.25015
3.22677
3.22384
3.22187
3.20543
3.19796
3.17806
3.16678
3.16469
3.14799
3.13696
3.12338
3.10425
3.09975
3.08453
3.07066
3.05939
3.04116
3.03565
3.02135
3.00623
2.99248
2.97605
2.97109
2.95891
2.94436
2.92584
2.90317
2.89408
2.88162
2.87242
2.86012
2.83943
2.8344
2.91552
3.43074
3.99511
4.25347
4.25005
4.20175
4.13781
4.08336
4.04102
4.0076
3.97731
3.94101
3.90174
3.86031
3.81652
3.77177
3.72831
3.68851
3.65018
3.61131
3.57639
3.54657
3.51852
3.48982
3.4605
3.43141
3.4021
3.37141
3.33548
3.293
3.25616
3.23231
3.21058
3.18863
3.16739
3.14658
3.12597
3.10499
3.08122
3.05059
3.01511
2.98555
2.96327
2.94306
2.92274
2.90234
2.88298
2.86557
2.8497
2.83348
2.81102
2.7814
2.75978
2.74455
2.72884
2.71216
2.69575
2.68009
2.6654
2.65163
2.63703
2.61604
2.58997
2.57231
2.5597
2.54737
2.53496
2.52203
2.50818
2.49485
2.48213
2.46823
2.45006
2.42945
2.41558
2.40523
2.39416
2.38321
2.37226
2.36174
2.35206
2.34173
2.32719
2.30651
2.28549
2.27109
2.2617
2.25257
2.24265
2.23281
2.22433
2.2166
2.20403
2.1848
2.17292
2.16745
2.16236
2.15666
2.15142
2.1486
2.14446
2.13724
2.13037
2.12678
2.12875
2.13618
2.15141
2.16952
2.1861
2.20295
2.21824
2.22266
2.2208
2.21432
2.20457
2.19884
2.1988
2.20339
2.22726
2.2918
2.39541
2.51044
2.62893
2.69972
2.72987
2.75897
2.78832
2.81496
2.8374
1
1
1
1
1
1
1
1
1.00002
1.00882
1.37527
2.40103
3.05085
3.24318
3.29338
3.27921
3.25871
3.26774
3.26792
3.2697
3.25862
3.26574
3.26726
3.25808
3.25475
3.23932
3.24428
3.24228
3.23189
3.21724
3.19834
3.2028
3.19523
3.18352
3.17304
3.15105
3.15238
3.14389
3.127
3.12048
3.09849
3.09256
3.08612
3.06875
3.06091
3.04332
3.03333
3.02661
3.00961
2.99904
2.98168
2.97338
2.96642
2.95051
2.93628
2.91204
2.90068
2.89295
2.88261
2.87197
2.85343
2.85251
2.94367
3.51387
4.11232
4.26192
4.2484
4.19439
4.139
4.08289
4.03878
4.00176
3.96615
3.93317
3.89462
3.85282
3.81142
3.77063
3.72952
3.6919
3.65948
3.62779
3.59161
3.54903
3.50889
3.47694
3.44715
3.41778
3.38875
3.36104
3.33566
3.31036
3.28032
3.24172
3.20319
3.17519
3.15227
3.13007
3.10827
3.08827
3.06883
3.04931
3.0276
2.99875
2.96299
2.93544
2.91631
2.8979
2.87892
2.86009
2.84195
2.82464
2.80736
2.7869
2.75757
2.72923
2.71497
2.70304
2.68985
2.67605
2.6626
2.64908
2.63526
2.62025
2.6
2.56987
2.54207
2.52962
2.52178
2.51318
2.50301
2.49211
2.48153
2.46969
2.45494
2.43499
2.40931
2.38948
2.37869
2.36984
2.36147
2.35255
2.34215
2.33072
2.31948
2.30774
2.29242
2.27431
2.26148
2.25348
2.24455
2.23341
2.2215
2.2107
2.20186
2.19315
2.17893
2.15886
2.14731
2.14127
2.13394
2.12439
2.11671
2.11095
2.10628
2.10412
2.09987
2.08587
2.07173
2.0694
2.07201
2.07808
2.08908
2.10401
2.11957
2.13439
2.14575
2.15517
2.15541
2.14915
2.14811
2.15205
2.16129
2.18282
2.23502
2.31712
2.41507
2.51164
2.60791
2.65763
2.69339
2.7459
1
1
1
1
1
1
1
1
1
1.00002
1.00878
1.33483
2.32452
2.99322
3.20652
3.25581
3.2335
3.22197
3.22412
3.22207
3.21644
3.2286
3.22343
3.22162
3.21713
3.2107
3.21817
3.20955
3.19952
3.18116
3.1755
3.17911
3.17007
3.16175
3.13984
3.13387
3.13378
3.11819
3.10977
3.09575
3.07993
3.07997
3.06695
3.05447
3.04567
3.02632
3.02318
3.0123
2.99782
2.98731
2.97042
2.9663
2.9549
2.93947
2.92296
2.90225
2.8987
2.89042
2.88083
2.86504
2.86928
3.01743
3.60045
4.1679
4.24519
4.23582
4.2022
4.14282
4.09422
4.04865
4.00471
3.96371
3.92633
3.88914
3.8478
3.80483
3.76267
3.72225
3.68671
3.65505
3.62514
3.59492
3.56079
3.51945
3.47148
3.43298
3.40344
3.3751
3.34886
3.32419
3.30143
3.27927
3.25476
3.22409
3.18187
3.14283
3.11806
3.0967
3.07646
3.05756
3.0391
3.02035
3.00006
2.97602
2.94183
2.90289
2.87971
2.8639
2.8493
2.83475
2.82032
2.80582
2.79019
2.77169
2.7452
2.70681
2.67758
2.66498
2.65481
2.6454
2.63942
2.62868
2.61706
2.60594
2.59206
2.56795
2.52967
2.50129
2.48958
2.48097
2.47316
2.46735
2.46116
2.45284
2.44196
2.42708
2.40564
2.37755
2.35626
2.34536
2.3371
2.32976
2.32217
2.31245
2.30083
2.2881
2.27305
2.25234
2.23773
2.23083
2.22448
2.21659
2.20763
2.19844
2.18941
2.18087
2.17058
2.15519
2.14055
2.13056
2.11997
2.10808
2.09704
2.08683
2.078
2.07295
2.07044
2.06571
2.0559
2.04529
2.03758
2.03059
2.02343
2.02201
2.02383
2.03073
2.04157
2.05438
2.06628
2.07481
2.08241
2.092
2.09522
2.0974
2.10336
2.11859
2.15395
2.21011
2.30042
2.42
2.51339
2.62253
1
1
1
1
1
1
1
1
1
1
1.00002
1.00665
1.28336
2.25778
2.93758
3.15709
3.20824
3.19242
3.18871
3.17523
3.17962
3.19154
3.18682
3.18736
3.17621
3.18219
3.18288
3.17009
3.1656
3.15048
3.15381
3.15471
3.14557
3.13296
3.11133
3.11478
3.1104
3.09724
3.08941
3.06749
3.06711
3.06284
3.04535
3.03956
3.02261
3.01325
3.01003
2.99479
2.98522
2.97056
2.95974
2.95473
2.93964
2.92704
2.90638
2.89785
2.89407
2.88525
2.87433
2.88895
3.11755
3.74343
4.21719
4.30474
4.2726
4.21281
4.15453
4.10063
4.05551
4.01503
3.97662
3.93693
3.89746
3.85664
3.81025
3.75842
3.7122
3.67606
3.64413
3.61407
3.58627
3.55825
3.52679
3.48982
3.44014
3.38771
3.35667
3.33303
3.30954
3.28681
3.26665
3.24644
3.2236
3.19751
3.16074
3.11079
3.07758
3.05916
3.04211
3.02527
3.01015
2.99402
2.975
2.95395
2.92581
2.88195
2.84347
2.82608
2.81304
2.80032
2.78936
2.78033
2.7677
2.7533
2.73612
2.70797
2.66555
2.63629
2.62357
2.61333
2.60479
2.6001
2.59158
2.58282
2.57345
2.55959
2.53436
2.49761
2.47185
2.45923
2.44911
2.43931
2.43018
2.42318
2.41627
2.40771
2.39416
2.37239
2.34879
2.33136
2.31957
2.31033
2.30086
2.29026
2.27978
2.27041
2.25971
2.24204
2.22122
2.20837
2.2004
2.19271
2.1843
2.17572
2.16826
2.16171
2.15392
2.14199
2.12992
2.1208
2.11193
2.10135
2.08795
2.07285
2.05918
2.04889
2.04223
2.03901
2.03587
2.02974
2.01945
2.01115
2.00407
1.99635
1.98597
1.97835
1.97589
1.9765
1.97954
1.98315
1.98716
1.99387
2.00668
2.02134
2.02477
2.02931
2.03776
2.04765
2.06864
2.12839
2.21253
2.40201
1
1
1
1
1
1
1
1
1
1
1
1.00001
1.005
1.25234
2.15195
2.86933
3.10192
3.17756
3.17405
3.14581
3.14624
3.15104
3.14928
3.14307
3.13576
3.14743
3.14187
3.13574
3.13031
3.12298
3.13193
3.1258
3.115
3.09985
3.08865
3.09375
3.08671
3.07794
3.06011
3.04786
3.05084
3.03955
3.02821
3.0197
3.00016
3.00056
2.99264
2.97736
2.96982
2.95225
2.94784
2.93963
2.92447
2.91282
2.89435
2.89097
2.88562
2.87883
2.90412
3.24639
3.88884
4.28923
4.29636
4.25943
4.20543
4.14814
4.09157
4.04477
4.00255
3.96462
3.9327
3.89862
3.86101
3.82047
3.77081
3.70829
3.65672
3.62338
3.59417
3.56757
3.54533
3.52117
3.49161
3.45954
3.41769
3.35946
3.31442
3.29055
3.26907
3.24784
3.22948
3.21016
3.18768
3.16436
3.1351
3.08914
3.04249
3.02044
3.00475
2.9894
2.97618
2.96307
2.94649
2.92852
2.90687
2.87286
2.8258
2.79581
2.78139
2.7691
2.75733
2.74764
2.73756
2.72546
2.71271
2.69614
2.66702
2.62657
2.60137
2.58901
2.5785
2.56762
2.55689
2.54855
2.54174
2.53337
2.52061
2.49702
2.46715
2.44735
2.43461
2.42266
2.4106
2.39872
2.38698
2.3749
2.36318
2.35117
2.33331
2.31658
2.30733
2.29951
2.2901
2.27752
2.26229
2.24659
2.23202
2.21975
2.20713
2.1944
2.18549
2.17839
2.17025
2.16019
2.14894
2.13712
2.12623
2.11852
2.11114
2.10356
2.09699
2.08983
2.07998
2.06638
2.05064
2.03585
2.02478
2.01838
2.01395
2.00909
2.00339
1.99846
1.99217
1.98267
1.97083
1.95979
1.94966
1.94024
1.93603
1.93513
1.93437
1.93232
1.93277
1.93646
1.94503
1.95534
1.95938
1.9586
1.9618
1.97344
1.99583
2.11643
1
1
1
1
1
1
1
1
1
1
1
1
1.00001
1.00419
1.18987
2.03683
2.78817
3.04116
3.14533
3.13054
3.1053
3.10416
3.10855
3.10388
3.10144
3.1117
3.10746
3.10493
3.09233
3.09634
3.10124
3.08951
3.08317
3.069
3.06842
3.07177
3.06317
3.05236
3.02975
3.03046
3.03036
3.01758
3.01078
2.99171
2.98614
2.98553
2.97054
2.9615
2.94953
2.93616
2.9344
2.92223
2.91017
2.89861
2.88366
2.87863
2.88026
2.93408
3.35192
4.06168
4.28377
4.25947
4.22483
4.1832
4.13984
4.0961
4.04144
3.99095
3.94943
3.91431
3.88441
3.85108
3.81487
3.77678
3.73057
3.66867
3.6092
3.57334
3.54552
3.5207
3.50029
3.4768
3.44863
3.41979
3.38646
3.33918
3.28413
3.25018
3.2288
3.20876
3.19101
3.17292
3.15178
3.13017
3.10589
3.07098
3.02207
2.98683
2.96902
2.95401
2.94022
2.928
2.91325
2.89712
2.87961
2.85615
2.81834
2.7757
2.75244
2.73878
2.72639
2.71441
2.70315
2.69202
2.68038
2.66817
2.65109
2.62172
2.58852
2.56915
2.55623
2.54371
2.5314
2.51982
2.50852
2.49732
2.48637
2.4734
2.45234
2.43193
2.41988
2.40962
2.39814
2.38493
2.37032
2.35406
2.33505
2.31455
2.29812
2.28851
2.28166
2.27606
2.27003
2.26231
2.25137
2.2364
2.21624
2.19355
2.17866
2.17203
2.16762
2.16311
2.15727
2.14912
2.13856
2.12563
2.10897
2.0915
2.08245
2.07896
2.07615
2.07251
2.06694
2.05851
2.04726
2.03397
2.01858
2.0037
1.99353
1.98648
1.98344
1.98081
1.97694
1.97071
1.9622
1.95171
1.93848
1.92307
1.91134
1.90569
1.90323
1.90038
1.89932
1.89952
1.89966
1.89842
1.8968
1.89392
1.89122
1.89273
1.89603
1.92693
1
1
1
1
1
1
1
1
1
1
1
1
1
1.00001
1.00242
1.1354
1.95641
2.69082
3.013
3.10899
3.09558
3.08626
3.08309
3.06866
3.0756
3.08107
3.07509
3.06519
3.05325
3.06549
3.06547
3.05743
3.05191
3.03922
3.04694
3.04556
3.03456
3.02176
3.00552
3.01077
3.00775
2.99855
2.9871
2.9686
2.97179
2.96586
2.95066
2.94458
2.92599
2.92352
2.92016
2.90398
2.89749
2.88342
2.87063
2.87635
2.98984
3.50957
4.14092
4.31922
4.29592
4.24081
4.18577
4.14492
4.10435
4.05996
4.00608
3.94755
3.90296
3.86558
3.83015
3.7944
3.75961
3.72426
3.68544
3.63791
3.58017
3.53178
3.50123
3.47527
3.44998
3.42405
3.39733
3.37053
3.3432
3.31078
3.26624
3.21918
3.19018
3.16981
3.1499
3.13029
3.1102
3.09013
3.06996
3.04589
3.01
2.96561
2.93689
2.91992
2.90459
2.88948
2.87467
2.85965
2.84444
2.82768
2.80391
2.76697
2.73097
2.71087
2.69684
2.6838
2.67126
2.65916
2.6473
2.6353
2.62186
2.60214
2.57244
2.54784
2.5349
2.52405
2.512
2.49864
2.48463
2.47018
2.45482
2.43764
2.4192
2.40374
2.39434
2.38625
2.37773
2.3688
2.35827
2.34386
2.32189
2.29372
2.27004
2.25643
2.24778
2.24092
2.23596
2.23144
2.22527
2.21717
2.20435
2.18242
2.15587
2.14386
2.14014
2.13751
2.13518
2.13117
2.12502
2.11583
2.10214
2.0814
2.06132
2.05316
2.0494
2.04609
2.04395
2.04101
2.03499
2.02706
2.01591
1.99889
1.98049
1.9719
1.96907
1.96604
1.96193
1.95605
1.94776
1.93875
1.92995
1.91817
1.9016
1.8898
1.88482
1.88145
1.87829
1.87557
1.87377
1.87349
1.87299
1.86769
1.85311
1.84417
1.84304
1.84705
1
1
1
1
1
1
1
1
1
1
1
1
1
1
1
1.00134
1.11235
1.82241
2.6108
2.96248
3.05532
3.07579
3.06814
3.03672
3.04234
3.03866
3.03193
3.02563
3.02093
3.03394
3.03252
3.02888
3.01643
3.01346
3.0216
3.01264
3.00288
2.99136
2.98435
2.99064
2.98597
2.9773
2.95657
2.9508
2.9539
2.94388
2.93483
2.9219
2.90861
2.91111
2.90149
2.88828
2.88181
2.86912
2.88079
3.06459
3.7021
4.23834
4.3527
4.30067
4.21714
4.16537
4.12632
4.09162
4.05191
4.00698
3.95963
3.90428
3.84586
3.80194
3.7657
3.73133
3.69813
3.66583
3.63386
3.59968
3.55729
3.50429
3.45842
3.42739
3.39983
3.37218
3.34457
3.31782
3.2927
3.26839
3.24018
3.20114
3.15929
3.13141
3.11033
3.08961
3.06879
3.04839
3.02895
3.0097
2.98648
2.95226
2.91302
2.88767
2.87037
2.85422
2.83871
2.82389
2.80927
2.79411
2.77682
2.75241
2.71707
2.68505
2.66689
2.65362
2.64078
2.62809
2.61583
2.60364
2.59061
2.57435
2.54951
2.52144
2.50636
2.49666
2.48684
2.47634
2.46495
2.45204
2.43622
2.41527
2.38867
2.36888
2.35989
2.35289
2.34664
2.34112
2.33335
2.3234
2.30942
2.28691
2.25767
2.23502
2.22306
2.21514
2.20915
2.20357
2.19774
2.19161
2.18445
2.17317
2.15109
2.12696
2.11727
2.11265
2.10853
2.10458
2.10074
2.09576
2.08889
2.07643
2.05601
2.03824
2.03082
2.02654
2.02243
2.01809
2.0136
2.00923
2.00409
1.99584
1.9796
1.96341
1.95738
1.95373
1.94922
1.94308
1.93457
1.92525
1.91792
1.9116
1.90217
1.88867
1.87843
1.87213
1.86808
1.86415
1.86004
1.85661
1.85348
1.84933
1.84105
1.82794
1.822
1.81891
1
1
1
1
1
1
1
1
1
1
1
1
1
1
1
1
1.00108
1.06908
1.63826
2.5145
2.8567
3.01974
3.04672
3.01701
2.99856
2.99454
3.00045
2.99597
2.99443
3.00677
3.00539
2.9987
2.98018
2.98632
2.98924
2.97872
2.97473
2.96261
2.96482
2.96959
2.96119
2.94975
2.93078
2.93236
2.93353
2.92478
2.91589
2.89629
2.89604
2.89604
2.87954
2.87412
2.86895
2.90348
3.21851
3.87008
4.32837
4.33848
4.29287
4.20902
4.13259
4.08956
4.05687
4.02568
3.9914
3.94862
3.9066
3.85751
3.79209
3.73637
3.70045
3.66859
3.63849
3.61094
3.58382
3.55505
3.52314
3.48015
3.42369
3.37814
3.34886
3.32289
3.29697
3.27192
3.24871
3.22684
3.20471
3.17679
3.13557
3.0939
3.06804
3.04784
3.02793
3.00833
2.98982
2.97246
2.9545
2.93084
2.89419
2.855
2.83177
2.81562
2.80056
2.78608
2.77198
2.75786
2.74319
2.72575
2.69967
2.66399
2.63739
2.62289
2.61068
2.59846
2.58619
2.57367
2.56041
2.54509
2.5234
2.49381
2.47352
2.46312
2.45406
2.44531
2.43697
2.42811
2.41695
2.40057
2.37476
2.34575
2.32933
2.32044
2.31274
2.3052
2.29873
2.29171
2.2837
2.27081
2.24806
2.22064
2.20318
2.19376
2.18617
2.17916
2.17313
2.16829
2.16372
2.15729
2.14301
2.12109
2.10592
2.09866
2.09306
2.08715
2.08089
2.07464
2.06775
2.05853
2.0431
2.0255
2.01774
2.01377
2.00994
2.00563
2.00057
1.99504
1.98911
1.98256
1.97089
1.95394
1.94513
1.94089
1.93717
1.93338
1.93021
1.92779
1.92217
1.91318
1.90025
1.8844
1.87403
1.86845
1.86369
1.859
1.85455
1.85008
1.84581
1.84099
1.833
1.82121
1.81433
1.80917
1
1
1
1
1
1
1
1
1
1
1
1
1
1
1
1
1
1.00045
1.03342
1.58017
2.34468
2.81724
2.99408
3.00273
2.98458
2.98371
2.98446
2.96828
2.975
2.98041
2.97264
2.95681
2.94674
2.95841
2.95974
2.95466
2.94443
2.93375
2.94406
2.94272
2.93141
2.92182
2.90768
2.9123
2.91223
2.90452
2.8904
2.87465
2.8797
2.87329
2.86214
2.86641
2.954
3.46893
4.05009
4.3436
4.33235
4.27028
4.19866
4.12396
4.0644
4.02908
3.99697
3.96552
3.93221
3.89246
3.8535
3.80995
3.74957
3.68202
3.63932
3.6093
3.58113
3.55614
3.53196
3.50476
3.47674
3.44302
3.39338
3.3354
3.29758
3.27313
3.25075
3.22865
3.20718
3.18601
3.16466
3.14077
3.10617
3.05838
3.02274
3.00203
2.98431
2.96723
2.95098
2.93522
2.91943
2.90134
2.87417
2.83211
2.79561
2.77628
2.76151
2.7473
2.73362
2.72026
2.70675
2.69214
2.67292
2.64286
2.60919
2.58934
2.5772
2.56647
2.5558
2.54473
2.53279
2.51882
2.49918
2.46929
2.44266
2.43037
2.42166
2.41292
2.40434
2.39608
2.3875
2.37688
2.35963
2.33242
2.30899
2.29691
2.28719
2.27708
2.26787
2.25992
2.25271
2.2451
2.23166
2.20667
2.1864
2.17666
2.16871
2.16112
2.1542
2.14759
2.1405
2.13123
2.12068
2.10751
2.09363
2.08533
2.0798
2.07482
2.06968
2.06417
2.05774
2.04851
2.03491
2.01982
2.01051
2.00583
2.00211
1.99894
1.99531
1.99012
1.9828
1.97307
1.95977
1.94445
1.9351
1.93174
1.92916
1.92597
1.92241
1.91772
1.91176
1.90591
1.89963
1.88987
1.88081
1.87638
1.8724
1.86873
1.86515
1.86103
1.85609
1.84958
1.83856
1.82167
1.81077
1.8033
1
1
1
1
1
1
1
1
1
1
1
1
1
1
1
1
1
1
1.00015
1.02877
1.44269
2.17697
2.77082
2.94408
2.97975
2.98033
2.9634
2.93014
2.93958
2.93688
2.92922
2.92765
2.92183
2.92928
2.9329
2.9297
2.91159
2.90915
2.91684
2.90874
2.90127
2.89499
2.88681
2.8932
2.89042
2.87964
2.8602
2.85548
2.85851
2.85302
2.86801
3.0534
3.69203
4.20473
4.32909
4.31749
4.27881
4.21134
4.14248
4.07373
4.00587
3.96328
3.9298
3.89839
3.86612
3.83039
3.795
3.75687
3.70872
3.64603
3.5893
3.55431
3.52668
3.50033
3.47488
3.44917
3.42317
3.39483
3.35777
3.30563
3.25422
3.2242
3.20307
3.18259
3.1624
3.14244
3.12231
3.10104
3.07287
3.02743
2.97904
2.95515
2.93904
2.92301
2.90806
2.89413
2.88004
2.86533
2.84566
2.8116
2.76636
2.7374
2.72125
2.70742
2.69431
2.68184
2.66954
2.65645
2.64042
2.61604
2.58183
2.55602
2.54283
2.53249
2.52267
2.51326
2.50358
2.49217
2.47617
2.44967
2.41676
2.40036
2.39167
2.38284
2.37287
2.36253
2.35257
2.34303
2.33151
2.31215
2.28877
2.27491
2.26566
2.25619
2.2464
2.2371
2.22863
2.2205
2.21022
2.19113
2.17193
2.16329
2.15705
2.15051
2.14376
2.13762
2.13116
2.12119
2.10392
2.08746
2.07622
2.06919
2.06453
2.06041
2.05704
2.05461
2.05216
2.04661
2.03093
2.00717
1.995
1.99082
1.98763
1.98536
1.9845
1.98436
1.98295
1.97782
1.96582
1.94784
1.93475
1.93021
1.92723
1.92335
1.91872
1.91378
1.9088
1.90368
1.89594
1.8828
1.87142
1.86584
1.86213
1.85944
1.85678
1.85335
1.84911
1.84372
1.83506
1.82207
1.81003
1.8002
1
1
1
1
1
1
1
1
1
1
1
1
1
1
1
1
1
1
1
1.00013
1.01451
1.24508
2.06892
2.67151
2.86906
2.96238
2.95501
2.91045
2.89595
2.89006
2.89867
2.90772
2.90266
2.90961
2.91029
2.89738
2.87042
2.87769
2.88865
2.88398
2.88005
2.86504
2.86559
2.87181
2.86235
2.8518
2.83513
2.8355
2.8412
2.90185
3.26526
3.89384
4.32229
4.29815
4.24994
4.21616
4.17796
4.13198
4.08387
4.02925
3.96104
3.89709
3.85586
3.82096
3.78699
3.75443
3.72289
3.69013
3.65373
3.60923
3.55422
3.50365
3.46966
3.44172
3.41499
3.38922
3.36398
3.33828
3.30986
3.27331
3.22476
3.17991
3.1529
3.13263
3.11301
3.09327
3.07343
3.05313
3.03016
2.99745
2.94931
2.91159
2.89332
2.87781
2.86211
2.84694
2.83273
2.8189
2.80324
2.77936
2.74006
2.70235
2.68271
2.669
2.65606
2.64376
2.63186
2.61949
2.60498
2.58388
2.55147
2.52265
2.50806
2.49776
2.48864
2.48038
2.47226
2.46309
2.45084
2.4299
2.3965
2.37473
2.36543
2.35671
2.34703
2.33662
2.32548
2.31394
2.30255
2.28767
2.26802
2.25312
2.24387
2.23578
2.22823
2.22106
2.21407
2.20528
2.19312
2.17871
2.16204
2.15047
2.14442
2.13835
2.13192
2.12679
2.12299
2.11732
2.10048
2.07766
2.07136
2.06904
2.06712
2.06281
2.05738
2.0528
2.04859
2.04171
2.02583
2.0024
1.99001
1.98613
1.98405
1.98303
1.98218
1.98081
1.97787
1.9712
1.95725
1.93674
1.92283
1.9181
1.91518
1.91188
1.90967
1.90847
1.90689
1.90327
1.89395
1.87983
1.86766
1.8611
1.85773
1.85554
1.85298
1.84949
1.84545
1.84122
1.83478
1.82181
1.80899
1.79969
1
1
1
1
1
1
1
1
1
1
1
1
1
1
1
1
1
1
1
1
1.00004
1.00393
1.18308
1.97737
2.53012
2.81461
2.92764
2.91407
2.89546
2.89004
2.89216
2.88339
2.88491
2.89076
2.88016
2.85814
2.84366
2.84644
2.86045
2.86433
2.85744
2.83889
2.84522
2.84448
2.82966
2.82514
2.8169
2.83069
2.97905
3.5771
4.10188
4.37478
4.36638
4.27985
4.18602
4.11028
4.06557
4.03684
4.00411
3.96596
3.91486
3.848
3.78872
3.74741
3.7122
3.67985
3.64943
3.62046
3.59188
3.56061
3.51921
3.46329
3.41347
3.3808
3.35355
3.32743
3.30237
3.27841
3.25435
3.22719
3.18997
3.14044
3.10081
3.07798
3.0591
3.04019
3.02087
3.00127
2.98134
2.95816
2.92241
2.87562
2.84772
2.83178
2.81632
2.8009
2.78616
2.77186
2.75696
2.73842
2.70907
2.67025
2.645
2.63109
2.6189
2.60717
2.59604
2.585
2.57251
2.55403
2.523
2.49149
2.47505
2.46459
2.45562
2.44761
2.4403
2.43289
2.42347
2.40722
2.37767
2.35085
2.34029
2.33277
2.32502
2.3171
2.30793
2.29648
2.28405
2.26927
2.24883
2.23577
2.23132
2.22789
2.22277
2.21627
2.2093
2.20091
2.18744
2.16763
2.15647
2.15258
2.14885
2.14416
2.13856
2.13268
2.12668
2.1184
2.10141
2.07801
2.06327
2.0583
2.05421
2.04918
2.04436
2.04085
2.03801
2.03473
2.02919
2.01494
1.99969
1.99403
1.99143
1.98927
1.98723
1.98472
1.98037
1.97158
1.95487
1.93277
1.9193
1.91475
1.9117
1.90957
1.90836
1.90659
1.90378
1.90019
1.8962
1.88714
1.874
1.86644
1.86375
1.8613
1.85792
1.8535
1.8486
1.84339
1.83538
1.82107
1.8135
1.80795
1
1
1
1
1
1
1
1
1
1
1
1
1
1
1
1
1
1
1
1
1
1.00001
1.00275
1.14718
1.77666
2.37698
2.76684
2.8776
2.88855
2.89722
2.88903
2.85615
2.85941
2.8525
2.82711
2.82351
2.82655
2.82752
2.84025
2.84282
2.82519
2.81167
2.81853
2.81205
2.80387
2.80679
2.85555
3.21235
3.80429
4.29997
4.30976
4.28888
4.22229
4.14495
4.0763
4.02399
3.9817
3.95052
3.91993
3.88862
3.85209
3.80261
3.73894
3.68143
3.64057
3.60796
3.57871
3.55169
3.52597
3.49933
3.46665
3.41871
3.35868
3.31437
3.28603
3.26178
3.23922
3.21787
3.19635
3.17284
3.14313
3.1001
3.05162
3.02058
3.0011
2.98372
2.96633
2.94861
2.93049
2.91072
2.88435
2.84492
2.80543
2.78424
2.7699
2.75574
2.74134
2.72701
2.71264
2.69692
2.67532
2.64188
2.60977
2.59355
2.58232
2.57153
2.56116
2.55113
2.54064
2.52638
2.50157
2.46866
2.44793
2.43751
2.42918
2.42132
2.4142
2.40775
2.39964
2.38559
2.36222
2.33786
2.32297
2.31413
2.30691
2.30087
2.29656
2.29282
2.28577
2.27121
2.24736
2.22519
2.216
2.21157
2.20718
2.2021
2.19639
2.18909
2.18028
2.16803
2.15012
2.13785
2.13327
2.12949
2.12501
2.12031
2.11552
2.10878
2.09814
2.08021
2.06233
2.05484
2.04971
2.04443
2.04005
2.0375
2.03579
2.03315
2.02501
2.00639
1.9895
1.98377
1.98124
1.97913
1.97718
1.97503
1.97175
1.96585
1.95598
1.94034
1.92662
1.92144
1.91911
1.91721
1.91501
1.91221
1.90857
1.90278
1.8926
1.87642
1.86193
1.8572
1.85469
1.85154
1.84746
1.84308
1.83925
1.83597
1.83203
1.8218
1.80821
1.80015
1
1
1
1
1
1
1
1
1
1
1
1
1
1
1
1
1
1
1
1
1
1
1.00001
1.00187
1.07142
1.46082
2.26645
2.7048
2.81
2.87559
2.86809
2.82856
2.81391
2.80194
2.80467
2.81907
2.81274
2.81093
2.82197
2.81792
2.79029
2.78152
2.78945
2.78957
2.80475
2.97319
3.55279
4.05764
4.33147
4.36811
4.32934
4.23683
4.1229
4.04119
3.98224
3.94369
3.90673
3.87354
3.84185
3.80898
3.77714
3.73981
3.68578
3.61936
3.5678
3.53291
3.5035
3.47654
3.45137
3.42666
3.39914
3.36157
3.30645
3.25009
3.21588
3.19337
3.17386
3.15511
3.13565
3.11426
3.08887
3.05421
3.00751
2.96732
2.94523
2.92906
2.91336
2.8972
2.88024
2.86201
2.84054
2.81026
2.7699
2.74028
2.72613
2.71481
2.70286
2.69018
2.67695
2.66281
2.64506
2.6176
2.58414
2.56427
2.55364
2.5439
2.53369
2.5231
2.51225
2.5011
2.48601
2.46
2.43299
2.41976
2.41154
2.40344
2.39504
2.38672
2.37902
2.37173
2.35985
2.3373
2.3193
2.31154
2.30533
2.29873
2.29167
2.28463
2.27436
2.25743
2.23509
2.21564
2.2088
2.20529
2.20157
2.19756
2.19331
2.1881
2.17961
2.1643
2.14292
2.1307
2.12627
2.12232
2.1179
2.11376
2.10977
2.10524
2.09612
2.07899
2.06795
2.06262
2.05762
2.05255
2.04855
2.0457
2.04283
2.03775
2.02522
2.00261
1.98508
1.9796
1.97717
1.97515
1.97332
1.9714
1.96883
1.9641
1.95337
1.93428
1.9183
1.91297
1.91087
1.90913
1.90736
1.90535
1.90288
1.899
1.88991
1.87287
1.85849
1.8546
1.85188
1.84819
1.84357
1.8391
1.83591
1.83365
1.83048
1.81963
1.80508
1.79689
1
1
1
1
1
1
1
1
1
1
1
1
1
1
1
1
1
1
1
1
1
1
1
1
1.00047
1.01599
1.36242
2.19562
2.57382
2.76781
2.84802
2.82544
2.79581
2.79442
2.80791
2.80944
2.801
2.80581
2.80189
2.77751
2.75563
2.75598
2.76486
2.84465
3.24534
3.8768
4.28445
4.25735
4.23647
4.20634
4.16529
4.10816
4.04568
3.98176
3.91666
3.86671
3.82815
3.79421
3.76164
3.72895
3.69592
3.65923
3.61277
3.55396
3.49553
3.45441
3.42429
3.39704
3.37148
3.3471
3.3218
3.29105
3.24813
3.19462
3.15237
3.12785
3.10969
3.09292
3.07568
3.05667
3.03445
3.00584
2.96608
2.92169
2.8938
2.87862
2.8658
2.85296
2.8394
2.8241
2.80488
2.77764
2.74042
2.70615
2.6879
2.6781
2.67014
2.66172
2.65211
2.64044
2.62359
2.59689
2.56383
2.54147
2.53099
2.52314
2.51563
2.50829
2.49933
2.48604
2.46928
2.44948
2.43526
2.42409
2.41483
2.406
2.39625
2.38488
2.37375
2.3628
2.34681
2.32234
2.30371
2.29775
2.29454
2.29231
2.28932
2.2834
2.27198
2.2522
2.23226
2.22259
2.21833
2.21536
2.2118
2.20669
2.19918
2.1903
2.18052
2.16535
2.14679
2.1383
2.13444
2.12987
2.12426
2.11677
2.10897
2.10192
2.09323
2.08139
2.06588
2.05301
2.04612
2.04153
2.03787
2.03505
2.03225
2.02774
2.01948
2.00635
1.99229
1.98637
1.98399
1.98215
1.98044
1.97833
1.97476
1.96757
1.95271
1.93196
1.91548
1.91006
1.90795
1.9062
1.90458
1.90291
1.90082
1.89755
1.89094
1.87558
1.865
1.86208
1.85915
1.85503
1.85054
1.84649
1.84318
1.83975
1.83299
1.81845
1.80441
1.79631
1
1
1
1
1
1
1
1
1
1
1
1
1
1
1
1
1
1
1
1
1
1
1
1
1
1.00006
1.01222
1.34381
1.98423
2.43331
2.71388
2.8036
2.80825
2.81335
2.81593
2.79081
2.78714
2.78618
2.75464
2.73653
2.74574
2.77612
3.04481
3.65759
4.14601
4.36436
4.33804
4.25566
4.15181
4.05674
3.99845
3.97745
3.95641
3.91418
3.84932
3.78441
3.73405
3.69671
3.66508
3.63247
3.59742
3.56085
3.52301
3.48012
3.42789
3.37896
3.34505
3.3179
3.29323
3.2701
3.24726
3.22256
3.19173
3.14982
3.10448
3.07302
3.0537
3.03843
3.02346
3.00687
2.9875
2.96372
2.93179
2.89095
2.85763
2.84045
2.8284
2.81741
2.80652
2.79434
2.7788
2.7561
2.72222
2.68704
2.66741
2.65768
2.65064
2.64352
2.6347
2.62346
2.60909
2.58674
2.5528
2.52926
2.52059
2.51417
2.50656
2.49866
2.49321
2.48884
2.47916
2.45709
2.4253
2.40761
2.39957
2.3928
2.38626
2.38193
2.37641
2.36583
2.34634
2.31733
2.29943
2.29507
2.29222
2.28829
2.28294
2.27664
2.2687
2.25668
2.23364
2.21206
2.20579
2.20332
2.20089
2.19782
2.19362
2.18754
2.17824
2.16355
2.14148
2.12697
2.12255
2.11846
2.11387
2.11346
2.11362
2.10884
2.10201
2.09044
2.0694
2.04932
2.04111
2.0368
2.03328
2.03048
2.0278
2.0241
2.01695
2.00231
1.98451
1.97574
1.97296
1.97118
1.96983
1.96849
1.9661
1.96149
1.95407
1.93979
1.92473
1.9183
1.91578
1.91375
1.91192
1.90996
1.90715
1.90166
1.88791
1.86701
1.8572
1.85428
1.851
1.84684
1.84235
1.8383
1.83534
1.83292
1.83016
1.82348
1.81281
1.80318
1
1
1
1
1
1
1
1
1
1
1
1
1
1
1
1
1
1
1
1
1
1
1
1
1
1
1.00005
1.01026
1.17534
1.61224
2.30354
2.66716
2.7572
2.81001
2.80654
2.76661
2.74224
2.72257
2.72027
2.73588
2.89458
3.4257
4.04098
4.25866
4.24672
4.2072
4.16169
4.11155
4.04442
3.96845
3.9084
3.87904
3.85375
3.81698
3.76652
3.70793
3.64913
3.60394
3.57094
3.54035
3.50765
3.47515
3.44491
3.41367
3.37292
3.32258
3.28315
3.25748
3.236
3.21562
3.19563
3.17497
3.15046
3.11657
3.07533
3.04482
3.02575
3.00913
2.99261
2.97556
2.9577
2.93807
2.91435
2.88567
2.85805
2.83728
2.82169
2.80729
2.79371
2.78059
2.76653
2.74886
2.7242
2.69585
2.67438
2.66075
2.64985
2.64058
2.63152
2.62046
2.604
2.57972
2.55533
2.54027
2.52957
2.51927
2.50956
2.50108
2.4929
2.48224
2.46555
2.43771
2.40877
2.39745
2.39263
2.38818
2.38342
2.37767
2.36862
2.35489
2.33194
2.30705
2.29616
2.2914
2.28764
2.28368
2.27974
2.27561
2.26865
2.25273
2.22501
2.20565
2.20162
2.19926
2.19671
2.19405
2.19117
2.18722
2.18128
2.16781
2.14203
2.12333
2.11872
2.11591
2.11282
2.10904
2.10424
2.09917
2.09242
2.07969
2.05896
2.04461
2.0391
2.03524
2.03177
2.02866
2.02541
2.02119
2.01422
2.00073
1.98206
1.97155
1.96858
1.96718
1.96646
1.96575
1.96415
1.95988
1.94943
1.93201
1.91634
1.91009
1.90717
1.90464
1.90252
1.90072
1.89863
1.8946
1.8838
1.8651
1.85547
1.85233
1.84889
1.8447
1.84017
1.83614
1.83328
1.83099
1.82727
1.81798
1.80626
1.79663
1
1
1
1
1
1
1
1
1
1
1
1
1
1
1
1
1
1
1
1
1
1
1
1
1
1
1
1.00003
1.00216
1.03508
1.45161
2.27206
2.57864
2.71939
2.78102
2.75597
2.73369
2.72825
2.78522
3.10492
3.76961
4.2079
4.33805
4.31635
4.22346
4.09423
4.00634
3.9523
3.89885
3.85618
3.81387
3.77439
3.74087
3.71006
3.67786
3.63478
3.57883
3.5281
3.49445
3.4688
3.44295
3.41672
3.39169
3.36628
3.33489
3.29233
3.24876
3.21929
3.19879
3.18054
3.16259
3.1439
3.12292
3.09679
3.06193
3.02517
3.0012
2.98555
2.97126
2.95696
2.9424
2.92652
2.90629
2.87704
2.84278
2.81961
2.805
2.79299
2.78197
2.77138
2.75991
2.74458
2.72012
2.68714
2.66281
2.65001
2.64124
2.63357
2.62561
2.61517
2.60011
2.57971
2.55489
2.53318
2.52173
2.51427
2.50678
2.49861
2.48907
2.47714
2.46004
2.4323
2.4065
2.39785
2.39308
2.38783
2.38206
2.37537
2.36669
2.35328
2.33125
2.30796
2.29597
2.29052
2.28673
2.28359
2.28053
2.27635
2.26856
2.25162
2.22303
2.20531
2.20184
2.19976
2.19767
2.19516
2.19165
2.18666
2.17877
2.16373
2.13876
2.12301
2.11913
2.11599
2.11176
2.10659
2.10143
2.09635
2.08974
2.07706
2.05691
2.04403
2.03893
2.0351
2.03167
2.02841
2.02479
2.02005
2.01277
2.00016
1.98245
1.97087
1.9675
1.9665
1.96621
1.96575
1.96415
1.95947
1.94887
1.93077
1.91446
1.90799
1.90467
1.90175
1.89934
1.89745
1.89547
1.89174
1.88224
1.86628
1.85657
1.85248
1.84886
1.84494
1.84055
1.83637
1.83316
1.83037
1.82609
1.81664
1.80483
1.79522
1
1
1
1
1
1
1
1
1
1
1
1
1
1
1
1
1
1
1
1
1
1
1
1
1
1
1
1
1
1.00018
1.02392
1.49225
2.1334
2.44976
2.63815
2.76898
2.89168
3.1577
3.55592
3.87318
4.0009
4.07744
4.10776
4.09489
4.07776
4.02599
3.95165
3.88015
3.81621
3.78192
3.75841
3.73297
3.70877
3.68491
3.65652
3.61919
3.56326
3.50865
3.47656
3.45627
3.43864
3.42045
3.4007
3.37767
3.34712
3.30367
3.25604
3.22518
3.20684
3.19139
3.17612
3.15988
3.14086
3.11503
3.07665
3.03335
3.00713
2.99299
2.98112
2.96942
2.95724
2.94305
2.92277
2.88961
2.84961
2.82496
2.81193
2.80131
2.79143
2.78215
2.77197
2.75708
2.731
2.69453
2.66858
2.65712
2.64948
2.64241
2.63496
2.62575
2.61307
2.59432
2.56714
2.54044
2.52799
2.52192
2.51551
2.50746
2.49792
2.48636
2.46984
2.44477
2.4211
2.41085
2.40498
2.3993
2.39354
2.38735
2.37929
2.36572
2.34192
2.31573
2.30383
2.29938
2.29631
2.29379
2.29109
2.2869
2.27872
2.26103
2.23298
2.21651
2.21248
2.20989
2.20714
2.20389
2.19978
2.19423
2.1855
2.16927
2.14566
2.13246
2.12805
2.1242
2.11977
2.11491
2.10993
2.10483
2.09803
2.08478
2.06426
2.05161
2.0467
2.04312
2.03978
2.03649
2.03298
2.0287
2.02223
2.01046
1.99234
1.97949
1.97634
1.97551
1.97494
1.97409
1.97212
1.96721
1.95615
1.93712
1.92068
1.91421
1.9107
1.90772
1.9054
1.90367
1.90189
1.89859
1.89036
1.87586
1.86436
1.85912
1.85592
1.85222
1.84776
1.84336
1.83987
1.83688
1.83258
1.82307
1.81135
1.80178
1
1
1
1
1
1
1
1
1
1
1
1
1
1
1
1
1
1
1
1
1
1
1
1
1
1
1
1
1
1
1.00016
1.02705
1.32406
1.78502
2.39031
3.08053
3.64567
4.14507
4.42454
4.48297
4.3755
4.17806
4.01364
3.91856
3.92212
3.9221
3.8994
3.83571
3.75934
3.71684
3.70106
3.68492
3.66702
3.64874
3.6257
3.58774
3.53143
3.47444
3.4412
3.42212
3.4075
3.39304
3.37608
3.35445
3.32399
3.27936
3.23015
3.1991
3.18172
3.16753
3.15363
3.13878
3.12083
3.0951
3.0552
3.00958
2.98301
2.97009
2.95952
2.94899
2.93788
2.92459
2.90455
2.86996
2.82765
2.8035
2.79157
2.78152
2.77217
2.7634
2.75364
2.7389
2.71229
2.67509
2.64981
2.63902
2.63173
2.62503
2.61791
2.60908
2.59672
2.57804
2.55064
2.52367
2.51131
2.50514
2.49864
2.49067
2.48122
2.46971
2.45384
2.43071
2.40818
2.39712
2.3907
2.38469
2.37876
2.37266
2.36489
2.35168
2.32773
2.30209
2.29179
2.28771
2.28452
2.2818
2.27889
2.27453
2.26596
2.24734
2.21953
2.20475
2.20067
2.19776
2.19488
2.19172
2.18786
2.18254
2.17373
2.15689
2.13341
2.12045
2.11634
2.11297
2.10876
2.10382
2.09876
2.09365
2.08678
2.07321
2.05258
2.04074
2.03634
2.03301
2.02979
2.02651
2.02302
2.01894
2.01268
2.00072
1.98208
1.96934
1.96658
1.96589
1.96544
1.96467
1.9627
1.9578
1.94674
1.92764
1.91144
1.90516
1.90161
1.89839
1.89575
1.89379
1.89184
1.8886
1.88081
1.86709
1.85572
1.85081
1.84773
1.84397
1.83941
1.83507
1.83161
1.8286
1.82427
1.81493
1.80329
1.79352
)
;

boundaryField
{
    inlet
    {
        type            fixedValue;
        value           uniform 1;
    }
    outlet
    {
        type            inletOutlet;
        inletValue      uniform 1;
        value           nonuniform List<scalar> 
64
(
4.28441
4.26715
4.22722
4.17509
4.12293
4.07603
4.04619
4.03219
4.0249
4.0148
3.9952
3.97521
3.95729
3.94588
3.93666
3.92835
3.91944
3.90151
3.87191
3.83181
3.78865
3.74607
3.70653
3.67038
3.63642
3.60706
3.57956
3.54855
3.51157
3.46836
3.41863
3.36546
3.31149
3.25803
3.20511
3.15287
3.10674
3.07415
3.04083
2.99791
2.94772
2.91129
2.88543
2.83775
2.74788
2.62196
2.40106
2.1169
1.92762
1.84748
1.81931
1.80958
1.80379
1.8006
1.80019
1.80867
1.8008
1.79751
1.79687
1.80351
1.79698
1.79558
1.80215
1.79385
)
;
    }
    bottom
    {
        type            symmetryPlane;
    }
    top
    {
        type            symmetryPlane;
    }
    obstacle
    {
        type            zeroGradient;
    }
    defaultFaces
    {
        type            empty;
    }
}


// ************************************************************************* //
