/*--------------------------------*- C++ -*----------------------------------*\
  =========                 |
  \\      /  F ield         | OpenFOAM: The Open Source CFD Toolbox
   \\    /   O peration     | Website:  https://openfoam.org
    \\  /    A nd           | Version:  7
     \\/     M anipulation  |
\*---------------------------------------------------------------------------*/
FoamFile
{
    version     2.0;
    format      ascii;
    class       volScalarField;
    location    "2.7";
    object      T;
}
// * * * * * * * * * * * * * * * * * * * * * * * * * * * * * * * * * * * * * //

dimensions      [0 0 0 1 0 0 0];

internalField   nonuniform List<scalar> 
18432
(
1
1
1
1
1
1
1
1
1
1
1
1
1
1
1
1
1
1
1
1
1
1
1
1
1
1
1
1
1.09464
1.60453
1.70913
1.70988
1.71285
1.71709
1.72087
1.72378
1.72628
1.72847
1.73089
1.73317
1.73474
1.73588
1.73748
1.7401
1.7438
1.74823
1.75263
1.75611
1.75824
1.75906
1.75901
1.75886
1.75863
1.75846
1.75847
1.75923
1.76205
1.76761
1.77502
1.78223
1.78644
1.78677
1.78549
1.78336
1.78194
1.78208
1.7833
1.78572
1.78905
1.79276
1.79613
1.79849
1.79981
1.80054
1.80112
1.80169
1.80243
1.80371
1.80598
1.80921
1.81268
1.81518
1.81616
1.81609
1.81597
1.81663
1.81867
1.82174
1.8245
1.82601
1.82711
1.82957
1.8342
1.8406
1.84641
1.84967
1
1
1
1
1
1
1
1
1
1
1
1
1
1
1
1
1
1
1
1
1
1
1
1
1
1
1
1
1.09156
1.60227
1.70829
1.70973
1.71299
1.71714
1.72097
1.72406
1.72662
1.72879
1.73111
1.73324
1.73473
1.73593
1.73762
1.74027
1.74388
1.74822
1.75254
1.75603
1.75823
1.75909
1.75903
1.7588
1.75854
1.7584
1.75849
1.75935
1.76222
1.76773
1.77503
1.78216
1.78634
1.78669
1.78542
1.78332
1.78191
1.78206
1.7833
1.78571
1.78897
1.79257
1.79584
1.79817
1.7995
1.80027
1.80092
1.80166
1.80268
1.80429
1.80663
1.80942
1.81214
1.81422
1.81537
1.81581
1.81624
1.81724
1.81905
1.82149
1.82387
1.82548
1.82684
1.82963
1.83448
1.84073
1.84622
1.84931
1
1
1
1
1
1
1
1
1
1
1
1
1
1
1
1
1
1
1
1
1
1
1
1
1
1
1
1
1.08538
1.59795
1.70737
1.70926
1.71282
1.717
1.72096
1.72437
1.72707
1.72929
1.73151
1.73349
1.73487
1.73607
1.73782
1.7405
1.744
1.74818
1.75238
1.75582
1.75809
1.75902
1.75897
1.75869
1.75838
1.75829
1.75846
1.75949
1.76244
1.76788
1.77504
1.78204
1.78615
1.78653
1.7853
1.78325
1.78187
1.78201
1.78324
1.78564
1.78885
1.79236
1.79554
1.79783
1.79913
1.79986
1.80054
1.80143
1.80282
1.80492
1.80748
1.80988
1.81171
1.81301
1.81409
1.8152
1.81648
1.818
1.81968
1.82138
1.82311
1.82463
1.82634
1.82962
1.83484
1.84092
1.84601
1.84885
1
1
1
1
1
1
1
1
1
1
1
1
1
1
1
1
1
1
1
1
1
1
1
1
1
1
1
1
1.07693
1.59142
1.70614
1.70871
1.71253
1.71677
1.72086
1.72459
1.72755
1.72995
1.73217
1.73405
1.73535
1.73649
1.73821
1.74082
1.74415
1.74812
1.75215
1.75552
1.75779
1.75878
1.75879
1.75853
1.75821
1.75813
1.7584
1.7596
1.76265
1.76801
1.775
1.78182
1.78584
1.78624
1.78508
1.78316
1.78185
1.78195
1.7831
1.78541
1.78854
1.79201
1.79518
1.79748
1.79874
1.79941
1.80009
1.8012
1.80303
1.80556
1.80819
1.81013
1.81112
1.81172
1.81271
1.81448
1.8167
1.81874
1.82021
1.8212
1.82216
1.82352
1.82575
1.82956
1.83512
1.84106
1.84578
1.84829
1
1
1
1
1
1
1
1
1
1
1
1
1
1
1
1
1
1
1
1
1
1
1
1
1
1
1
1
1.06601
1.58186
1.70493
1.70848
1.7124
1.71656
1.72066
1.72457
1.72783
1.73052
1.73289
1.73485
1.73623
1.73736
1.73893
1.74128
1.7443
1.74797
1.75182
1.7551
1.7573
1.75832
1.75847
1.7583
1.75804
1.758
1.75834
1.75963
1.76273
1.76803
1.77486
1.78151
1.78543
1.78585
1.78477
1.78303
1.78181
1.78184
1.78287
1.78502
1.78805
1.79154
1.79481
1.7972
1.79847
1.79907
1.79969
1.80094
1.8031
1.80586
1.80849
1.81012
1.81055
1.8107
1.81156
1.81378
1.81672
1.81915
1.82045
1.82088
1.82126
1.82249
1.82508
1.82929
1.83514
1.84112
1.84554
1.84773
1
1
1
1
1
1
1
1
1
1
1
1
1
1
1
1
1
1
1
1
1
1
1
1
1
1
1
1
1.05241
1.5691
1.70431
1.70843
1.71238
1.71643
1.72053
1.72449
1.72791
1.7308
1.73344
1.73574
1.73741
1.73865
1.74003
1.74194
1.74445
1.7477
1.75128
1.75445
1.75659
1.75762
1.75798
1.75798
1.75788
1.75795
1.7584
1.75975
1.76279
1.76795
1.77459
1.78106
1.78492
1.78539
1.7844
1.78282
1.78167
1.78163
1.78253
1.7845
1.78744
1.79099
1.79442
1.79697
1.79832
1.79893
1.7995
1.80069
1.80285
1.80563
1.80822
1.80973
1.81002
1.81005
1.81088
1.81322
1.8164
1.81898
1.82022
1.82042
1.82054
1.82168
1.82441
1.82882
1.83485
1.84094
1.84524
1.84726
1
1
1
1
1
1
1
1
1
1
1
1
1
1
1
1
1
1
1
1
1
1
1
1
1
1
1
1
1.03555
1.55312
1.70427
1.70877
1.71274
1.71655
1.7204
1.72419
1.72763
1.73073
1.73378
1.73662
1.73876
1.74018
1.74136
1.74274
1.74461
1.74727
1.75049
1.75351
1.75562
1.7567
1.75728
1.75756
1.75772
1.758
1.75862
1.76
1.76291
1.76782
1.77419
1.78045
1.7843
1.78486
1.78396
1.78249
1.78139
1.78128
1.7821
1.78396
1.78685
1.79043
1.79396
1.79665
1.79815
1.79887
1.79946
1.80051
1.80236
1.80488
1.80741
1.80903
1.80954
1.80979
1.81067
1.81278
1.8157
1.81824
1.81958
1.81985
1.82
1.82108
1.82373
1.82814
1.83425
1.84046
1.84485
1.84689
1
1
1
1
1
1
1
1
1
1
1
1
1
1
1
1
1
1
1
1
1
1
1
1
1
1
1
1
1.01496
1.53481
1.7052
1.7097
1.7133
1.71684
1.72034
1.72375
1.72705
1.73041
1.73398
1.73744
1.74007
1.7417
1.74268
1.74353
1.74472
1.74673
1.74948
1.75229
1.75439
1.75561
1.75641
1.75703
1.75751
1.75809
1.75893
1.76035
1.76311
1.76771
1.77374
1.77975
1.78357
1.78425
1.78343
1.78202
1.78093
1.78083
1.78164
1.7835
1.78639
1.78992
1.7934
1.79615
1.79782
1.79873
1.79941
1.80033
1.80179
1.80386
1.8062
1.80809
1.80917
1.80981
1.81069
1.81238
1.81475
1.81706
1.81856
1.8192
1.81958
1.82063
1.82301
1.82726
1.83333
1.8397
1.84433
1.84655
1
1
1
1
1
1
1
1
1
1
1
1
1
1
1
1
1
1
1
1
1
1
1
1
1
1
1
1
1.00072
1.51565
1.70564
1.71082
1.71393
1.71714
1.72024
1.72329
1.72649
1.73008
1.73416
1.73815
1.74117
1.74297
1.74376
1.74412
1.74471
1.74609
1.74835
1.75085
1.75294
1.7544
1.75553
1.75652
1.75735
1.75818
1.75918
1.76067
1.76332
1.76764
1.77332
1.77903
1.78275
1.78351
1.78274
1.78135
1.7803
1.78029
1.78118
1.78317
1.78611
1.78955
1.79281
1.79544
1.79721
1.79835
1.79923
1.80009
1.80117
1.80276
1.80488
1.80709
1.80879
1.80986
1.81071
1.81187
1.81359
1.8156
1.81728
1.8184
1.81918
1.82019
1.82225
1.82621
1.83219
1.83871
1.84367
1.84618
1
1
1
1
1
1
1
1
1
1
1
1
1
1
1
1
1
1
1
1
1
1
1
1
1
1
1
1
1.00001
1.49546
1.70638
1.7118
1.71432
1.71716
1.71994
1.72285
1.72612
1.72996
1.73441
1.73872
1.74196
1.74384
1.74446
1.74439
1.74451
1.74536
1.74714
1.74929
1.75135
1.75314
1.75476
1.75619
1.75733
1.7583
1.75937
1.76087
1.76345
1.76757
1.77295
1.77831
1.78184
1.78258
1.78184
1.78048
1.77952
1.77964
1.78071
1.78291
1.78596
1.78929
1.79224
1.79463
1.79635
1.79767
1.79876
1.79965
1.80049
1.80171
1.80368
1.80612
1.80829
1.8097
1.8105
1.8112
1.81235
1.81407
1.81592
1.81749
1.81864
1.81963
1.82143
1.82508
1.83091
1.83755
1.84285
1.84565
1
1
1
1
1
1
1
1
1
1
1
1
1
1
1
1
1
1
1
1
1
1
1
1
1
1
1
1
1
1.47385
1.70649
1.71219
1.71427
1.71687
1.71949
1.72251
1.726
1.73006
1.73472
1.73914
1.74246
1.74433
1.74476
1.74444
1.74412
1.74456
1.74585
1.74766
1.7497
1.7519
1.75414
1.7561
1.75754
1.75856
1.75957
1.76099
1.76348
1.76744
1.77255
1.77757
1.78083
1.78148
1.78075
1.77947
1.77863
1.77886
1.78013
1.78259
1.78579
1.78905
1.79173
1.79385
1.79541
1.79674
1.79795
1.79894
1.79972
1.80081
1.8027
1.80524
1.80763
1.8092
1.80992
1.81033
1.81111
1.81261
1.81456
1.81647
1.81787
1.81885
1.82049
1.82389
1.82955
1.8363
1.84188
1.84489
1
1
1
1
1
1
1
1
1
1
1
1
1
1
1
1
1
1
1
1
1
1
1
1
1
1
1
1
1
1.45021
1.7058
1.71194
1.71366
1.71622
1.71898
1.72227
1.726
1.73021
1.73494
1.73936
1.74271
1.74453
1.74473
1.74416
1.74343
1.74359
1.74449
1.746
1.74805
1.75067
1.7536
1.75616
1.75791
1.75894
1.75984
1.76112
1.76344
1.7672
1.77204
1.77673
1.77969
1.78022
1.77952
1.77838
1.77767
1.77795
1.77937
1.78205
1.78543
1.78869
1.79124
1.79316
1.79452
1.79569
1.79687
1.79793
1.79882
1.8
1.8019
1.80439
1.8067
1.80824
1.80894
1.80928
1.80993
1.81131
1.81324
1.81528
1.81681
1.81781
1.81939
1.82265
1.82816
1.83496
1.84072
1.84388
1
1
1
1
1
1
1
1
1
1
1
1
1
1
1
1
1
1
1
1
1
1
1
1
1
1
1
1
1
1.42416
1.704
1.71125
1.71269
1.71535
1.71836
1.72196
1.7259
1.73026
1.73501
1.73936
1.74268
1.74436
1.74428
1.7434
1.74245
1.74238
1.74294
1.74424
1.74634
1.74938
1.753
1.7562
1.75831
1.75938
1.7602
1.76132
1.76342
1.76691
1.77143
1.77577
1.77843
1.77882
1.7782
1.77723
1.77666
1.77699
1.77847
1.78128
1.7848
1.78813
1.79069
1.79254
1.79373
1.79465
1.79564
1.79669
1.79777
1.7992
1.80118
1.80348
1.80551
1.80687
1.80762
1.8081
1.80883
1.81016
1.81195
1.81389
1.81542
1.8165
1.81813
1.82133
1.82673
1.83352
1.83938
1.84262
1
1
1
1
1
1
1
1
1
1
1
1
1
1
1
1
1
1
1
1
1
1
1
1
1
1
1
1
1
1.39541
1.70092
1.71072
1.71187
1.71453
1.71769
1.72151
1.72565
1.73016
1.73487
1.73908
1.74222
1.74361
1.74331
1.74214
1.74123
1.74092
1.74134
1.74254
1.74472
1.74816
1.75238
1.75612
1.75854
1.75972
1.76052
1.76154
1.76342
1.7666
1.77075
1.77472
1.77706
1.7773
1.77676
1.77598
1.7756
1.776
1.77756
1.78042
1.78397
1.78735
1.78999
1.79182
1.79287
1.79356
1.79433
1.79532
1.7966
1.7983
1.80037
1.80243
1.80408
1.80523
1.80606
1.80681
1.80774
1.80905
1.81063
1.81232
1.81376
1.81494
1.81668
1.81989
1.82523
1.83198
1.83784
1.84109
1
1
1
1
1
1
1
1
1
1
1
1
1
1
1
1
1
1
1
1
1
1
1
1
1
1
1
1
1
1.36381
1.696
1.71093
1.71161
1.71394
1.71695
1.72071
1.72491
1.72958
1.73428
1.73837
1.74125
1.74236
1.74185
1.74069
1.73985
1.73945
1.73983
1.74106
1.74343
1.74725
1.75188
1.75597
1.75855
1.75981
1.76065
1.76165
1.7634
1.7663
1.77006
1.7736
1.77558
1.77566
1.77518
1.77457
1.77441
1.77497
1.77669
1.77962
1.78314
1.78647
1.7891
1.79088
1.79182
1.79235
1.79297
1.79392
1.79535
1.79726
1.79936
1.80117
1.80247
1.80343
1.80436
1.8054
1.80657
1.80786
1.80921
1.81058
1.81186
1.81313
1.81501
1.81829
1.82363
1.83032
1.83612
1.83931
1
1
1
1
1
1
1
1
1
1
1
1
1
1
1
1
1
1
1
1
1
1
1
1
1
1
1
1
1
1.32978
1.68865
1.71213
1.71197
1.71362
1.71612
1.71954
1.72369
1.72843
1.73316
1.73721
1.73987
1.74075
1.74022
1.73923
1.73845
1.7381
1.73852
1.73985
1.74247
1.74664
1.75156
1.75582
1.75843
1.75968
1.76054
1.76158
1.76328
1.76596
1.76934
1.77241
1.77399
1.77392
1.77342
1.77296
1.77301
1.77384
1.77587
1.77895
1.78245
1.78566
1.78809
1.78966
1.79047
1.79092
1.79149
1.79246
1.79399
1.79601
1.79809
1.79971
1.80076
1.80158
1.80257
1.80386
1.80524
1.80651
1.80767
1.80872
1.80979
1.8111
1.8131
1.81649
1.82189
1.82852
1.8342
1.83729
1
1
1
1
1
1
1
1
1
1
1
1
1
1
1
1
1
1
1
1
1
1
1
1
1
1
1
1
1
1.2937
1.6788
1.71348
1.71273
1.71364
1.7152
1.71798
1.72191
1.7267
1.73152
1.73562
1.73821
1.73915
1.73878
1.73794
1.73729
1.737
1.73746
1.73888
1.74175
1.74622
1.75136
1.75568
1.75822
1.75938
1.7602
1.76125
1.76292
1.76545
1.76847
1.77109
1.77228
1.7721
1.77156
1.77121
1.77142
1.77258
1.77499
1.77832
1.78185
1.7849
1.78701
1.78826
1.78888
1.78927
1.78986
1.79087
1.79248
1.79453
1.79659
1.79811
1.79903
1.79976
1.80074
1.80214
1.80361
1.80487
1.8059
1.8067
1.80755
1.80883
1.8109
1.81444
1.81995
1.82655
1.83208
1.83506
1
1
1
1
1
1
1
1
1
1
1
1
1
1
1
1
1
1
1
1
1
1
1
1
1
1
1
1
1
1.25498
1.66639
1.71389
1.71303
1.7135
1.71424
1.71621
1.71967
1.72433
1.72933
1.73367
1.73647
1.73781
1.73769
1.7371
1.73649
1.73623
1.73666
1.7381
1.74116
1.74588
1.75116
1.75548
1.75791
1.75892
1.75962
1.76061
1.76222
1.7646
1.76732
1.7696
1.77051
1.77027
1.7697
1.76941
1.76974
1.77117
1.77396
1.77758
1.78117
1.78409
1.78589
1.78678
1.78719
1.7875
1.78807
1.7891
1.79071
1.79275
1.79483
1.79639
1.79731
1.79798
1.79887
1.80019
1.80166
1.80292
1.8039
1.80454
1.80524
1.8064
1.80848
1.81212
1.81775
1.8243
1.82969
1.83253
1
1
1
1
1
1
1
1
1
1
1
1
1
1
1
1
1
1
1
1
1
1
1
1
1
1
1
1
1
1.21333
1.65091
1.71337
1.71258
1.71293
1.7132
1.7145
1.71742
1.72182
1.72691
1.73158
1.73487
1.73689
1.73704
1.73666
1.73604
1.73564
1.73596
1.73737
1.74061
1.74553
1.75088
1.75514
1.75746
1.75832
1.75885
1.75966
1.76111
1.76327
1.76576
1.76789
1.76871
1.7685
1.76798
1.76772
1.76811
1.76972
1.77277
1.77662
1.78029
1.78312
1.78467
1.78527
1.78548
1.78568
1.78615
1.78711
1.78866
1.79069
1.79286
1.79459
1.79561
1.79623
1.79695
1.79805
1.79937
1.80062
1.80159
1.80216
1.80275
1.80378
1.80579
1.80949
1.81521
1.8218
1.82708
1.82977
1
1
1
1
1
1
1
1
1
1
1
1
1
1
1
1
1
1
1
1
1
1
1
1
1
1
1
1
1
1.1692
1.63196
1.71208
1.71133
1.71178
1.71205
1.71309
1.71557
1.7196
1.72464
1.72966
1.73359
1.73615
1.73664
1.73638
1.73574
1.73518
1.73538
1.73674
1.74008
1.74508
1.75042
1.75457
1.75678
1.75748
1.75779
1.75836
1.75955
1.76145
1.7638
1.76598
1.76695
1.76687
1.76648
1.76627
1.76668
1.76831
1.77146
1.77542
1.77911
1.78188
1.7833
1.78373
1.78377
1.78383
1.78415
1.78496
1.78638
1.7884
1.7907
1.79267
1.79387
1.79446
1.79494
1.7957
1.7968
1.798
1.79898
1.79953
1.80008
1.80098
1.80289
1.80657
1.81234
1.81897
1.82415
1.82669
1
1
1
1
1
1
1
1
1
1
1
1
1
1
1
1
1
1
1
1
1
1
1
1
1
1
1
1
1
1.12326
1.60874
1.70994
1.70949
1.71024
1.71101
1.71229
1.71463
1.71826
1.72305
1.72814
1.73255
1.73553
1.73634
1.73616
1.73551
1.73484
1.73495
1.73626
1.73955
1.74444
1.74962
1.75363
1.75573
1.75629
1.7564
1.75674
1.75764
1.75929
1.76157
1.76392
1.76524
1.76542
1.76524
1.76507
1.76544
1.76697
1.77005
1.77398
1.77763
1.78035
1.78172
1.78211
1.78202
1.78193
1.78206
1.78265
1.78393
1.78594
1.78839
1.79061
1.792
1.79257
1.79279
1.79316
1.79395
1.79503
1.796
1.79656
1.79709
1.7979
1.7997
1.80331
1.80908
1.81576
1.82087
1.82327
1
1
1
1
1
1
1
1
1
1
1
1
1
1
1
1
1
1
1
1
1
1
1
1
1
1
1
1
1
1.07804
1.58084
1.70765
1.70787
1.70913
1.71052
1.71222
1.7147
1.71811
1.7225
1.72733
1.73173
1.73476
1.73573
1.73564
1.73511
1.73451
1.73464
1.73596
1.73912
1.74369
1.7485
1.75224
1.7542
1.75463
1.75461
1.75479
1.75548
1.75693
1.7592
1.76174
1.76351
1.76415
1.76416
1.76408
1.76437
1.76571
1.76858
1.77238
1.77593
1.77857
1.77992
1.78032
1.78014
1.77987
1.77981
1.78021
1.78138
1.7834
1.78596
1.78837
1.78989
1.79043
1.79042
1.79042
1.79089
1.79178
1.79269
1.79332
1.79383
1.79457
1.79627
1.79976
1.80543
1.81208
1.81708
1.81929
1
1
1
1
1
1
1
1
1
1
1
1
1
1
1
1
1
1
1
1
1
1
1
1
1
1
1
1
1
1.03211
1.54761
1.7061
1.70733
1.70894
1.71071
1.71261
1.7151
1.71827
1.72221
1.72653
1.73058
1.73356
1.73485
1.73496
1.73464
1.73419
1.73436
1.73562
1.7385
1.74257
1.74687
1.75029
1.75213
1.75252
1.75248
1.75261
1.75321
1.75459
1.7569
1.75962
1.76181
1.76298
1.76326
1.76324
1.76344
1.76451
1.76707
1.77063
1.77405
1.77661
1.77796
1.77839
1.77814
1.77767
1.77739
1.77767
1.77878
1.78083
1.78345
1.78591
1.78748
1.78796
1.78778
1.7875
1.78767
1.78826
1.78907
1.78968
1.79009
1.79075
1.79239
1.7958
1.80134
1.80788
1.81282
1.81485
1
1
1
1
1
1
1
1
1
1
1
1
1
1
1
1
1
1
1
1
1
1
1
1
1
1
1
1
1
1.00235
1.50868
1.70421
1.70769
1.70953
1.71153
1.71349
1.71588
1.71867
1.72205
1.72572
1.72915
1.73176
1.73319
1.73367
1.73366
1.73359
1.73388
1.73511
1.73766
1.74119
1.74495
1.748
1.74969
1.75009
1.75005
1.75019
1.75082
1.75229
1.75471
1.75761
1.76017
1.76182
1.76239
1.76241
1.76253
1.76333
1.76548
1.76873
1.77198
1.77446
1.7758
1.77623
1.77594
1.77529
1.77485
1.77505
1.77614
1.77819
1.7808
1.78321
1.7847
1.78512
1.78481
1.78434
1.7842
1.78453
1.78519
1.78571
1.78596
1.78656
1.78821
1.7915
1.7968
1.80303
1.80775
1.80949
1
1
1
1
1
1
1
1
1
1
1
1
1
1
1
1
1
1
1
1
1
1
1
1
1
1
1
1
1
1.00004
1.45974
1.7003
1.70904
1.71097
1.7129
1.71455
1.71652
1.71888
1.72165
1.72452
1.72709
1.72916
1.73062
1.73154
1.73206
1.73244
1.73301
1.73423
1.73642
1.73946
1.74276
1.74552
1.74714
1.74759
1.74757
1.74776
1.7485
1.75012
1.75271
1.75581
1.75867
1.76068
1.76148
1.76152
1.76158
1.76213
1.76384
1.76667
1.76971
1.77207
1.77337
1.77374
1.77348
1.7728
1.7723
1.77244
1.77347
1.77544
1.77793
1.7802
1.78157
1.78194
1.78158
1.78096
1.78049
1.78058
1.78099
1.78125
1.78123
1.7817
1.78334
1.78653
1.79159
1.79751
1.80197
1.80338
1
1
1
1
1
1
1
1
1
1
1
1
1
1
1
1
1
1
1
1
1
1
1
1
1
1
1
1
1
1
1.40516
1.69327
1.7099
1.71174
1.71361
1.71497
1.71649
1.71838
1.72055
1.72268
1.72453
1.72606
1.72739
1.72863
1.7297
1.7306
1.73153
1.73282
1.73482
1.73758
1.74067
1.74333
1.74493
1.74536
1.74529
1.74543
1.7462
1.74796
1.75074
1.75411
1.75725
1.75958
1.76054
1.76056
1.76055
1.76088
1.76214
1.76449
1.76727
1.76947
1.77066
1.77099
1.77083
1.77027
1.76979
1.76987
1.77074
1.7725
1.77478
1.77685
1.77807
1.77838
1.77805
1.77734
1.77654
1.77629
1.77638
1.77632
1.77606
1.77652
1.77814
1.78106
1.78563
1.79096
1.79488
1.79575
1
1
1
1
1
1
1
1
1
1
1
1
1
1
1
1
1
1
1
1
1
1
1
1
1
1
1
1
1
1
1.34558
1.6821
1.70917
1.71126
1.7133
1.71447
1.71563
1.71703
1.71874
1.72046
1.72189
1.72301
1.72408
1.72534
1.72671
1.72803
1.72932
1.73083
1.7329
1.73568
1.73884
1.74163
1.74331
1.74367
1.74353
1.74359
1.7443
1.74605
1.74888
1.75244
1.75578
1.75834
1.75947
1.75945
1.75932
1.75945
1.76028
1.76214
1.76462
1.76661
1.7676
1.76791
1.76792
1.76759
1.76726
1.76734
1.76798
1.76941
1.7714
1.77321
1.77425
1.7745
1.77423
1.7735
1.77246
1.77176
1.77134
1.77078
1.77022
1.77054
1.77187
1.77431
1.77833
1.78314
1.78661
1.78714
1
1
1
1
1
1
1
1
1
1
1
1
1
1
1
1
1
1
1
1
1
1
1
1
1
1
1
1
1
1
1.2807
1.66597
1.70674
1.70896
1.71129
1.71254
1.71372
1.71513
1.71677
1.71839
1.71962
1.72051
1.7213
1.7223
1.72358
1.72507
1.7267
1.72858
1.73101
1.73412
1.73758
1.74062
1.7424
1.74263
1.74236
1.74226
1.74275
1.74424
1.74691
1.75051
1.75403
1.75688
1.75827
1.75828
1.75804
1.75792
1.75835
1.75969
1.76179
1.76353
1.76427
1.76467
1.7649
1.76487
1.76476
1.76484
1.76515
1.7662
1.76782
1.76937
1.77019
1.7703
1.77006
1.76932
1.76809
1.76687
1.76574
1.76461
1.76389
1.76408
1.76507
1.76692
1.76999
1.77368
1.77619
1.77597
1
1
1
1
1
1
1
1
1
1
1
1
1
1
1
1
1
1
1
1
1
1
1
1
1
1
1
1
1
1
1.20937
1.64096
1.70308
1.70551
1.70824
1.70998
1.71178
1.71379
1.71583
1.7175
1.71857
1.71923
1.7197
1.72024
1.72109
1.72228
1.72387
1.72603
1.72896
1.73259
1.7364
1.73962
1.74141
1.74153
1.74123
1.74106
1.74142
1.74262
1.74496
1.74838
1.75196
1.75502
1.75669
1.75679
1.75649
1.75614
1.75627
1.75713
1.75881
1.76021
1.76078
1.76126
1.76175
1.76205
1.76209
1.76208
1.76209
1.76277
1.7641
1.76534
1.76593
1.7659
1.76555
1.76477
1.76341
1.76165
1.75969
1.75787
1.75689
1.75662
1.75664
1.75721
1.75889
1.7614
1.76318
1.76274
1
1
1
1
1
1
1
1
1
1
1
1
1
1
1
1
1
1
1
1
1
1
1
1
1
1
1
1
1
1
1.13335
1.60475
1.70056
1.70335
1.70643
1.70843
1.71064
1.71317
1.71561
1.71757
1.71886
1.71951
1.7194
1.71922
1.71937
1.72006
1.72153
1.72401
1.72756
1.73182
1.7361
1.73947
1.74116
1.74111
1.74061
1.74023
1.74036
1.74113
1.74293
1.7459
1.74934
1.75251
1.75451
1.75488
1.75464
1.7542
1.75406
1.75452
1.75569
1.7567
1.75724
1.75785
1.75857
1.75913
1.75932
1.75918
1.75888
1.75932
1.76037
1.76122
1.76152
1.76132
1.76076
1.75988
1.75831
1.75593
1.75308
1.75062
1.7492
1.74826
1.74728
1.74656
1.74646
1.74662
1.74564
1.74255
1
1
1
1
1
1
1
1
1
1
1
1
1
1
1
1
1
1
1
1
1
1
1
1
1
1
1
1
1
1
1.05689
1.55874
1.70312
1.70396
1.70693
1.70927
1.7117
1.71435
1.71685
1.71889
1.7202
1.72049
1.72005
1.71925
1.71864
1.7188
1.71986
1.72237
1.72633
1.73105
1.73568
1.7392
1.74089
1.7408
1.74022
1.73966
1.73952
1.73987
1.74104
1.74331
1.74637
1.74946
1.75174
1.75253
1.75245
1.75203
1.75164
1.75176
1.7524
1.753
1.75361
1.75442
1.75532
1.75602
1.75632
1.75611
1.75562
1.75583
1.75653
1.75694
1.75694
1.75657
1.7558
1.75474
1.75286
1.74978
1.74614
1.74308
1.74091
1.73877
1.73597
1.73261
1.72908
1.7253
1.72055
1.71405
1
1
1
1
1
1
1
1
1
1
1
1
1
1
1
1
1
1
1
1
1
1
1
1
1
1
1
1
1
1
1.00507
1.50585
1.70826
1.70636
1.70873
1.71094
1.71338
1.71589
1.7183
1.72041
1.72175
1.72178
1.72106
1.71959
1.71837
1.71811
1.71882
1.72116
1.72523
1.73015
1.73498
1.73868
1.74055
1.74053
1.73995
1.73919
1.73872
1.73874
1.73926
1.74072
1.74315
1.74596
1.74837
1.74965
1.74986
1.74958
1.74906
1.74878
1.74902
1.74937
1.75014
1.75117
1.75207
1.7527
1.75306
1.753
1.75257
1.75241
1.75251
1.75241
1.75222
1.75181
1.75096
1.74957
1.74701
1.74314
1.73886
1.73529
1.73235
1.72905
1.72449
1.71853
1.7115
1.70421
1.69851
1.70232
1
1
1
1
1
1
1
1
1
1
1
1
1
1
1
1
1
1
1
1
1
1
1
1
1
1
1
1
1
1
1.00015
1.30521
1.66669
1.70216
1.70779
1.71128
1.71374
1.71564
1.71739
1.71904
1.72021
1.72027
1.71976
1.71862
1.71732
1.71666
1.71699
1.71854
1.72175
1.726
1.73038
1.73404
1.73639
1.73727
1.73714
1.73674
1.73623
1.73579
1.73569
1.73597
1.73712
1.73916
1.74124
1.74287
1.7435
1.74341
1.74279
1.74205
1.74183
1.74191
1.7426
1.7436
1.74432
1.74468
1.7448
1.74477
1.7443
1.74331
1.74202
1.74082
1.73995
1.7391
1.73759
1.73485
1.73078
1.72579
1.72046
1.71497
1.70903
1.70176
1.69225
1.67901
1.66053
1.63385
1.59024
1.50119
1
1
1
1
1
1
1
1
1
1
1
1
1
1
1
1
1
1
1
1
1
1
1
1
1
1
1
1
1
1
1
1.01561
1.4722
1.69187
1.70079
1.70398
1.70725
1.70969
1.71149
1.71301
1.71433
1.71537
1.7159
1.7157
1.71501
1.71415
1.71387
1.71429
1.71571
1.71813
1.72088
1.72353
1.72599
1.72808
1.72964
1.73044
1.73042
1.73
1.72932
1.72867
1.72869
1.7294
1.73053
1.73182
1.73246
1.73269
1.7325
1.73207
1.73161
1.731
1.73078
1.73094
1.73119
1.73126
1.73099
1.73026
1.72887
1.72691
1.72451
1.72188
1.71912
1.7161
1.71253
1.70822
1.70318
1.69722
1.68991
1.68088
1.66997
1.65684
1.64079
1.62048
1.59403
1.55497
1.4978
1.41315
1
1
1
1
1
1
1
1
1
1
1
1
1
1
1
1
1
1
1
1
1
1
1
1
1
1
1
1
1
1
1
1.00003
1.11656
1.58575
1.68629
1.69214
1.69468
1.69781
1.70067
1.7032
1.70547
1.70766
1.70962
1.71104
1.7117
1.71166
1.71142
1.71124
1.7114
1.71196
1.71275
1.71378
1.71535
1.71764
1.72023
1.72239
1.72334
1.72324
1.72271
1.72187
1.72139
1.72152
1.72167
1.72208
1.7223
1.72226
1.72207
1.72186
1.72129
1.72017
1.71894
1.71798
1.71731
1.71672
1.71584
1.71444
1.71245
1.70994
1.70682
1.70296
1.69843
1.69346
1.68828
1.68292
1.67714
1.67037
1.6619
1.65135
1.63855
1.62333
1.60521
1.58335
1.55686
1.52254
1.48168
1.42849
1
1
1
1
1
1
1
1
1
1
1
1
1
1
1
1
1
1
1
1
1
1
1
1
1
1
1
1
1
1
1
1
1.00152
1.25829
1.63723
1.68422
1.68541
1.68749
1.6897
1.69191
1.69387
1.69632
1.69921
1.70223
1.70479
1.70642
1.70694
1.70674
1.70637
1.70597
1.70564
1.70571
1.70632
1.70777
1.70983
1.71194
1.71317
1.71321
1.71301
1.71268
1.71241
1.71231
1.71218
1.71205
1.71186
1.71165
1.71148
1.7111
1.71008
1.70832
1.7063
1.70452
1.7031
1.7019
1.70056
1.69878
1.69635
1.69323
1.68934
1.68469
1.67943
1.67375
1.66775
1.66138
1.65438
1.64647
1.63739
1.62693
1.61478
1.6004
1.5837
1.56381
1.54037
1.51366
1.48564
1.45061
1
1
1
1
1
1
1
1
1
1
1
1
1
1
1
1
1
1
1
1
1
1
1
1
1
1
1
1
1
1
1
1
1
1.01045
1.34769
1.657
1.6823
1.68116
1.68206
1.68294
1.68481
1.68703
1.68963
1.69257
1.69546
1.69784
1.69909
1.69903
1.69861
1.69806
1.69784
1.69801
1.69866
1.69982
1.70116
1.70198
1.70198
1.70148
1.70138
1.7015
1.70172
1.70194
1.70185
1.70148
1.70093
1.70068
1.70054
1.70014
1.69882
1.6964
1.69352
1.69102
1.68911
1.68754
1.68592
1.68386
1.68113
1.67767
1.67349
1.66877
1.66359
1.65791
1.65151
1.64431
1.63629
1.62761
1.61822
1.60813
1.59725
1.58502
1.57136
1.5546
1.53545
1.51544
1.49246
1.46844
1
1
1
1
1
1
1
1
1
1
1
1
1
1
1
1
1
1
1
1
1
1
1
1
1
1
1
1
1
1
1
1
1
1.00002
1.02301
1.3857
1.65849
1.67817
1.67711
1.67811
1.67912
1.68007
1.68121
1.68255
1.68422
1.68637
1.68854
1.68918
1.68896
1.68864
1.68854
1.68915
1.69061
1.69207
1.69309
1.69329
1.69251
1.69038
1.68913
1.68921
1.68962
1.69031
1.69063
1.69038
1.68972
1.68921
1.6889
1.68847
1.68729
1.68494
1.68191
1.67902
1.67656
1.67431
1.67197
1.66939
1.6665
1.66316
1.65924
1.65474
1.6497
1.64417
1.63788
1.63066
1.62251
1.61372
1.60448
1.5946
1.58453
1.57395
1.56281
1.55016
1.53575
1.5188
1.50094
1.48456
1
1
1
1
1
1
1
1
1
1
1
1
1
1
1
1
1
1
1
1
1
1
1
1
1
1
1
1
1
1
1
1
1
1
1.00008
1.03145
1.38985
1.64945
1.67263
1.67228
1.67419
1.67525
1.67587
1.67585
1.67594
1.67691
1.67863
1.67977
1.6796
1.6788
1.67821
1.67885
1.6807
1.68261
1.68398
1.68427
1.68371
1.68119
1.67829
1.67768
1.67778
1.6783
1.67896
1.67896
1.67857
1.67786
1.67693
1.67592
1.67471
1.67299
1.67075
1.66834
1.66585
1.66284
1.65933
1.65588
1.65263
1.64938
1.6458
1.64163
1.63678
1.63139
1.62551
1.61912
1.61184
1.60357
1.5948
1.58519
1.57562
1.56575
1.55604
1.54665
1.53607
1.52319
1.50972
1.49559
1
1
1
1
1
1
1
1
1
1
1
1
1
1
1
1
1
1
1
1
1
1
1
1
1
1
1
1
1
1
1
1
1
1
1
1.00014
1.0331
1.37072
1.63553
1.66772
1.66817
1.66931
1.66986
1.66982
1.67006
1.67092
1.67192
1.67241
1.67193
1.66984
1.66821
1.66843
1.66969
1.67159
1.67338
1.67421
1.67418
1.67282
1.66974
1.66772
1.66725
1.66727
1.66734
1.66735
1.66728
1.66687
1.66566
1.66377
1.66203
1.6605
1.65887
1.65721
1.65535
1.65224
1.64812
1.64408
1.64036
1.63682
1.63315
1.629
1.6242
1.61893
1.61339
1.6077
1.60188
1.59508
1.58748
1.57868
1.5697
1.56044
1.55133
1.54269
1.5345
1.52552
1.51478
1.50249
1
1
1
1
1
1
1
1
1
1
1
1
1
1
1
1
1
1
1
1
1
1
1
1
1
1
1
1
1
1
1
1
1
1
1
1
1.00017
1.02911
1.32545
1.62068
1.65848
1.6617
1.66275
1.66404
1.66546
1.66631
1.66638
1.66573
1.66398
1.66122
1.65905
1.65858
1.65889
1.65979
1.66105
1.6625
1.66321
1.66303
1.66207
1.66048
1.65904
1.65805
1.65722
1.65651
1.65612
1.65565
1.65441
1.65242
1.65035
1.64858
1.64689
1.64529
1.64349
1.64041
1.63648
1.63267
1.629
1.62563
1.6221
1.61769
1.61259
1.60721
1.60183
1.59644
1.59141
1.58634
1.58094
1.57392
1.56582
1.55724
1.54849
1.53976
1.53167
1.52445
1.51671
1.50714
1
1
1
1
1
1
1
1
1
1
1
1
1
1
1
1
1
1
1
1
1
1
1
1
1
1
1
1
1
1
1
1
1
1
1
1
1
1.00014
1.02031
1.25202
1.5922
1.65227
1.65767
1.65708
1.65747
1.65733
1.65729
1.65673
1.6553
1.65327
1.65124
1.64984
1.64925
1.64895
1.64911
1.64969
1.65083
1.65217
1.65245
1.65227
1.6516
1.65054
1.64922
1.64779
1.64647
1.64505
1.64321
1.64127
1.63958
1.63802
1.63626
1.63413
1.63149
1.62798
1.62416
1.62072
1.61753
1.61481
1.61223
1.60842
1.60356
1.59811
1.59279
1.58762
1.58272
1.57817
1.57442
1.56978
1.56316
1.55569
1.54799
1.54017
1.53248
1.52533
1.5191
1.51328
1
1
1
1
1
1
1
1
1
1
1
1
1
1
1
1
1
1
1
1
1
1
1
1
1
1
1
1
1
1
1
1
1
1
1
1
1
1
1.00009
1.01008
1.1598
1.54222
1.6378
1.65243
1.64944
1.64831
1.64709
1.64619
1.6453
1.64416
1.6429
1.64183
1.64118
1.64061
1.64036
1.64036
1.64067
1.6412
1.64157
1.64202
1.64217
1.64201
1.64147
1.64046
1.63883
1.63646
1.6336
1.63122
1.6293
1.62764
1.62617
1.62404
1.62102
1.61731
1.61317
1.60944
1.60646
1.60413
1.60251
1.60049
1.59686
1.59247
1.58748
1.58267
1.57805
1.5738
1.57053
1.56873
1.5661
1.56157
1.55652
1.5517
1.54731
1.5432
1.53961
1.53717
1
1
1
1
1
1
1
1
1
1
1
1
1
1
1
1
1
1
1
1
1
1
1
1
1
1
1
1
1
1
1
1
1
1
1
1
1
1
1
1.00003
1.00313
1.10085
1.43793
1.61279
1.63987
1.64049
1.63941
1.63867
1.63711
1.63534
1.63387
1.63307
1.63275
1.63278
1.63297
1.63321
1.6335
1.63354
1.63315
1.63225
1.63169
1.6314
1.63129
1.63114
1.63024
1.62851
1.62596
1.62296
1.62055
1.61847
1.61655
1.6148
1.61249
1.60933
1.60568
1.60186
1.59888
1.59669
1.59529
1.59466
1.59403
1.59266
1.59053
1.58828
1.58645
1.58575
1.58566
1.58629
1.58855
1.59096
1.59157
1.59137
1.59057
1.58913
1.58767
1.58662
1
1
1
1
1
1
1
1
1
1
1
1
1
1
1
1
1
1
1
1
1
1
1
1
1
1
1
1
1
1
1
1
1
1
1
1
1
1
1
1
1
1.00117
1.05143
1.29423
1.57922
1.62376
1.63199
1.63096
1.63078
1.63005
1.62914
1.62763
1.62555
1.6243
1.62413
1.62448
1.62534
1.62561
1.62553
1.62462
1.62262
1.62109
1.62047
1.62028
1.62031
1.61992
1.61866
1.6167
1.61409
1.61192
1.6101
1.60848
1.60719
1.60574
1.60394
1.6021
1.60124
1.60143
1.60239
1.60505
1.60921
1.61383
1.61774
1.62072
1.62317
1.6253
1.62717
1.62917
1.63153
1.63419
1.63579
1.63523
1.6332
1.62997
1.62617
1.6222
1
1
1
1
1
1
1
1
1
1
1
1
1
1
1
1
1
1
1
1
1
1
1
1
1
1
1
1
1
1
1
1
1
1
1
1
1
1
1
1
1
1
1.00037
1.0168
1.15202
1.48268
1.6025
1.6217
1.62336
1.6244
1.62428
1.62318
1.62058
1.61746
1.61634
1.616
1.61628
1.61648
1.61628
1.61563
1.61435
1.61282
1.61203
1.61196
1.61211
1.612
1.61162
1.61106
1.61021
1.61024
1.6105
1.61181
1.61431
1.61773
1.62149
1.62566
1.63042
1.63541
1.64041
1.64564
1.65101
1.65577
1.65928
1.66143
1.66234
1.66182
1.66083
1.65981
1.65872
1.65763
1.65661
1.65491
1.65165
1.64727
1.64229
1.63705
1
1
1
1
1
1
1
1
1
1
1
1
1
1
1
1
1
1
1
1
1
1
1
1
1
1
1
1
1
1
1
1
1
1
1
1
1
1
1
1
1
1
1
1.00007
1.00292
1.07707
1.30979
1.56433
1.61248
1.61952
1.61631
1.61281
1.6107
1.60988
1.6094
1.60958
1.6093
1.60837
1.60703
1.60564
1.60534
1.60559
1.60649
1.60787
1.60891
1.60983
1.61173
1.61548
1.62118
1.62868
1.63732
1.64611
1.65402
1.66065
1.66588
1.67017
1.67396
1.67716
1.67958
1.68135
1.68182
1.68135
1.68016
1.67822
1.67578
1.6732
1.67073
1.66843
1.66596
1.66307
1.65965
1.65594
1.65234
1.64901
1.64555
1.64143
1
1
1
1
1
1
1
1
1
1
1
1
1
1
1
1
1
1
1
1
1
1
1
1
1
1
1
1
1
1
1
1
1
1
1
1
1
1
1
1
1
1
1
1
1
1.00077
1.01972
1.15716
1.44492
1.58968
1.60884
1.60439
1.60122
1.60037
1.6004
1.60243
1.60296
1.60235
1.60119
1.59956
1.59987
1.60282
1.60841
1.61649
1.62556
1.63535
1.64502
1.65469
1.66474
1.67494
1.68469
1.69237
1.69655
1.69774
1.69697
1.69592
1.69513
1.69473
1.6948
1.6942
1.69178
1.68833
1.68457
1.681
1.67791
1.6755
1.67378
1.67183
1.66843
1.66434
1.66025
1.65643
1.65309
1.65064
1.64867
1.64528
1
1
1
1
1
1
1
1
1
1
1
1
1
1
1
1
1
1
1
1
1
1
1
1
1
1
1
1
1
1
1
1
1
1
1
1
1
1
1
1
1
1
1
1
1
1
1.00009
1.00337
1.06382
1.2394
1.52063
1.58699
1.59505
1.59301
1.59177
1.59476
1.59892
1.60232
1.60589
1.61048
1.61828
1.63107
1.64642
1.66248
1.67689
1.68759
1.69454
1.69873
1.70213
1.70531
1.70909
1.71207
1.71122
1.70849
1.70491
1.70173
1.699
1.69738
1.69735
1.69614
1.69267
1.6883
1.68386
1.68028
1.67745
1.67591
1.67551
1.67321
1.66906
1.66447
1.66008
1.6563
1.65332
1.65179
1.6508
1.64771
1
1
1
1
1
1
1
1
1
1
1
1
1
1
1
1
1
1
1
1
1
1
1
1
1
1
1
1
1
1
1
1
1
1
1
1
1
1
1
1
1
1
1
1
1
1
1
1
1.00063
1.0098
1.11899
1.33755
1.54958
1.57708
1.59098
1.59977
1.6115
1.62796
1.64528
1.66056
1.67349
1.68511
1.69568
1.70452
1.71119
1.71354
1.71193
1.70917
1.70781
1.70679
1.70757
1.70866
1.70687
1.70376
1.69992
1.69676
1.69426
1.69357
1.69428
1.69298
1.68973
1.68555
1.68158
1.67857
1.67636
1.67576
1.6755
1.67265
1.66852
1.664
1.66008
1.65694
1.65492
1.6542
1.65234
1.64849
1
1
1
1
1
1
1
1
1
1
1
1
1
1
1
1
1
1
1
1
1
1
1
1
1
1
1
1
1
1
1
1
1
1
1
1
1
1
1
1
1
1
1
1
1
1
1
1
1
1.00003
1.00192
1.02827
1.16302
1.41625
1.60661
1.66232
1.67847
1.69309
1.70559
1.7118
1.71407
1.71586
1.71724
1.71886
1.71941
1.71752
1.71439
1.71075
1.70789
1.70608
1.70607
1.70594
1.70345
1.69972
1.6956
1.69259
1.69056
1.69042
1.69089
1.68906
1.68589
1.68193
1.67887
1.67659
1.67543
1.67552
1.67399
1.67047
1.66619
1.66229
1.65918
1.65708
1.65655
1.6553
1.65185
1.64756
1
1
1
1
1
1
1
1
1
1
1
1
1
1
1
1
1
1
1
1
1
1
1
1
1
1
1
1
1
1
1
1
1
1
1
1
1
1
1
1
1
1
1
1
1
1
1
1
1
1
1
1.00016
1.00389
1.05471
1.56667
1.77534
1.76864
1.76193
1.75721
1.75243
1.74675
1.74154
1.73769
1.73491
1.73193
1.72793
1.72296
1.71756
1.71263
1.70912
1.70759
1.7063
1.70306
1.69916
1.69525
1.69194
1.68956
1.6891
1.68906
1.6867
1.68337
1.67976
1.67706
1.6751
1.67452
1.67455
1.67235
1.66871
1.66459
1.66119
1.65856
1.65723
1.65666
1.65406
1.65015
1.64601
1
1
1
1
1
1
1
1
1
1
1
1
1
1
1
1
1
1
1
1
1
1
1
1
1
1
1
1
1
1
1
1
1
1
1
1
1
1
1
1
1
1
1
1
1
1
1
1
1
1
1
1
1.00001
1.00042
1.48303
1.82548
1.82117
1.81312
1.8047
1.79501
1.7854
1.77647
1.76877
1.76229
1.75636
1.75038
1.74394
1.73706
1.73028
1.72431
1.71945
1.71531
1.71139
1.70738
1.70323
1.69934
1.69629
1.69458
1.69321
1.68995
1.68614
1.68248
1.67935
1.67692
1.67591
1.67558
1.67307
1.66929
1.66526
1.66181
1.65902
1.65747
1.65607
1.65303
1.64929
1.64559
1
1
1
1
1
1
1
1
1
1
1
1
1
1
1
1
1
1
1
1
1
1
1
1
1
1
1
1
1
1
1
1
1
1
1
1
1
1
1
1
1
1
1
1
1
1
1
1
1
1
1
1
1
1
1.3497
1.79828
1.8322
1.82745
1.82352
1.81931
1.81384
1.80869
1.80398
1.79916
1.79356
1.7871
1.77991
1.77218
1.76422
1.75632
1.74886
1.74223
1.73664
1.73169
1.72689
1.72209
1.71744
1.71288
1.70817
1.70331
1.69861
1.69425
1.69029
1.68706
1.68488
1.68299
1.67991
1.67562
1.67126
1.66726
1.66385
1.6615
1.65934
1.65596
1.65207
1.64832
1
1
1
1
1
1
1
1
1
1
1
1
1
1
1
1
1
1
1
1
1
1
1
1
1
1
1
1
1
1
1
1
1
1
1
1
1
1
1
1
1
1
1
1
1
1
1
1
1
1
1
1
1
1
1.1695
1.7056
1.82754
1.83135
1.83158
1.83186
1.83086
1.82855
1.82558
1.82182
1.81724
1.81208
1.80637
1.80022
1.794
1.78814
1.78311
1.77864
1.77445
1.77004
1.76506
1.75923
1.75264
1.74542
1.73791
1.73068
1.72414
1.71846
1.71366
1.70957
1.70579
1.70193
1.69777
1.69323
1.68849
1.68377
1.67931
1.67513
1.67096
1.66674
1.66256
1.65853
1
1
1
1
1
1
1
1
1
1
1
1
1
1
1
1
1
1
1
1
1
1
1
1
1
1
1
1
1
1
1
1
1
1
1
1
1
1
1
1
1
1
1
1
1
1
1
1
1
1
1
1
1
1
1.01238
1.588
1.83484
1.8369
1.83373
1.83205
1.83062
1.82873
1.82587
1.82264
1.81949
1.81681
1.81507
1.81396
1.81255
1.81061
1.80815
1.80521
1.80176
1.79757
1.79241
1.78649
1.78014
1.77371
1.76755
1.76197
1.75719
1.75293
1.74878
1.74436
1.73924
1.73371
1.72797
1.72217
1.71635
1.71053
1.70465
1.69868
1.6929
1.68772
1.68333
1.67954
1
1
1
1
1
1
1
1
1
1
1
1
1
1
1
1
1
1
1
1
1
1
1
1
1
1
1
1
1
1
1
1
1
1
1
1
1
1
1
1
1
1
1
1
1
1
1
1
1
1
1
1
1
1
1.00001
1.48006
1.83392
1.83427
1.83027
1.82864
1.82678
1.82431
1.82193
1.82046
1.82064
1.82153
1.82186
1.82153
1.82056
1.81898
1.81656
1.81338
1.80983
1.80612
1.80205
1.79786
1.79417
1.79152
1.78977
1.78794
1.78561
1.7826
1.77887
1.77438
1.76904
1.76316
1.75705
1.75104
1.74537
1.74003
1.73482
1.72971
1.72491
1.72054
1.71654
1.71271
1
1
1
1
1
1
1
1
1
1
1
1
1
1
1
1
1
1
1
1
1
1
1
1
1
1
1
1
1
1
1
1
1
1
1
1
1
1
1
1
1
1
1
1
1
1
1
1
1
1
1
1
1
1
1
1.36735
1.80138
1.82853
1.82542
1.82456
1.82312
1.82183
1.82208
1.82305
1.82403
1.82415
1.82355
1.82199
1.81971
1.81695
1.81373
1.81029
1.80715
1.80447
1.80315
1.80326
1.80366
1.80352
1.80259
1.80093
1.79843
1.795
1.79093
1.78656
1.78199
1.77737
1.77296
1.76907
1.76612
1.76394
1.76177
1.75898
1.75562
1.75177
1.74753
1.74273
1
1
1
1
1
1
1
1
1
1
1
1
1
1
1
1
1
1
1
1
1
1
1
1
1
1
1
1
1
1
1
1
1
1
1
1
1
1
1
1
1
1
1
1
1
1
1
1
1
1
1
1
1
1
1
1.24689
1.746
1.82293
1.82489
1.82513
1.82556
1.82605
1.82689
1.82709
1.82655
1.82476
1.82212
1.81908
1.81574
1.81239
1.80954
1.80732
1.80653
1.80704
1.80798
1.80829
1.80794
1.80666
1.80431
1.80123
1.79777
1.79385
1.78999
1.78633
1.78321
1.78157
1.78153
1.78184
1.78159
1.78027
1.77799
1.77494
1.77111
1.76661
1.76171
1.75668
1
1
1
1
1
1
1
1
1
1
1
1
1
1
1
1
1
1
1
1
1
1
1
1
1
1
1
1
1
1
1
1
1
1
1
1
1
1
1
1
1
1
1
1
1
1
1
1
1
1
1
1
1
1
1
1.13436
1.68288
1.82455
1.83012
1.83076
1.8313
1.83134
1.83044
1.82864
1.82603
1.8225
1.81852
1.81479
1.8118
1.80944
1.80839
1.80906
1.81053
1.81163
1.81159
1.81048
1.80815
1.80534
1.80203
1.79818
1.79439
1.79128
1.78877
1.7878
1.7884
1.78927
1.78952
1.78902
1.78744
1.78456
1.7809
1.77677
1.77217
1.76767
1.76341
1.75952
1
1
1
1
1
1
1
1
1
1
1
1
1
1
1
1
1
1
1
1
1
1
1
1
1
1
1
1
1
1
1
1
1
1
1
1
1
1
1
1
1
1
1
1
1
1
1
1
1
1
1
1
1
1
1
1.05115
1.62733
1.83224
1.83644
1.83622
1.83493
1.83223
1.83018
1.82727
1.82312
1.81859
1.81497
1.81242
1.81084
1.81116
1.81291
1.81482
1.81559
1.81473
1.81236
1.80948
1.80595
1.80184
1.79783
1.7947
1.79224
1.79089
1.79132
1.79295
1.79436
1.79438
1.79286
1.79004
1.78679
1.7829
1.77834
1.77384
1.77008
1.76692
1.76527
1.76558
1
1
1
1
1
1
1
1
1
1
1
1
1
1
1
1
1
1
1
1
1
1
1
1
1
1
1
1
1
1
1
1
1
1
1
1
1
1
1
1
1
1
1
1
1
1
1
1
1
1
1
1
1
1
1
1.00746
1.58557
1.83881
1.84118
1.8377
1.83378
1.83095
1.82827
1.8242
1.81953
1.81597
1.81355
1.81272
1.814
1.81676
1.81909
1.81947
1.81762
1.8147
1.81116
1.80669
1.80184
1.79794
1.79515
1.79304
1.79257
1.79417
1.79689
1.7986
1.79782
1.79521
1.79201
1.78797
1.78297
1.77805
1.77439
1.77156
1.76963
1.76939
1.77086
1.77282
1
1
1
1
1
1
1
1
1
1
1
1
1
1
1
1
1
1
1
1
1
1
1
1
1
1
1
1
1
1
1
1
1
1
1
1
1
1
1
1
1
1
1
1
1
1
1
1
1
1
1
1
1
1
1
1
1.55788
1.84284
1.84292
1.8358
1.83224
1.82951
1.8262
1.82173
1.81789
1.81517
1.81397
1.81509
1.8182
1.8213
1.82223
1.82028
1.81721
1.81329
1.80815
1.80267
1.79867
1.79592
1.79388
1.79361
1.79574
1.79942
1.80188
1.80096
1.79802
1.79432
1.78936
1.78324
1.7776
1.77393
1.77121
1.76951
1.7702
1.77338
1.77696
1.77762
1
1
1
1
1
1
1
1
1
1
1
1
1
1
1
1
1
1
1
1
1
1
1
1
1
1
1
1
1
1
1
1
1
1
1
1
1
1
1
1
1
1
1
1
1
1
1
1
1
1
1
1
1
1
1
1
1.54361
1.84329
1.84155
1.83389
1.83115
1.82845
1.82469
1.82061
1.81736
1.81509
1.81488
1.81708
1.8208
1.82338
1.82261
1.81969
1.81607
1.81114
1.80528
1.80075
1.79782
1.79546
1.79436
1.79556
1.79919
1.80323
1.80399
1.80143
1.79781
1.79274
1.7858
1.77924
1.77536
1.77244
1.77036
1.77015
1.77259
1.7772
1.78046
1.77918
1.1813
1.0044
0.880218
0.769497
0.693223
0.669437
0.638284
0.569203
0.525584
0.545772
0.577741
0.573226
0.567233
0.576509
0.609177
0.649069
0.664617
0.671443
0.681008
0.699126
0.718967
0.743517
0.768325
0.784509
0.798952
0.81515
0.839099
0.84704
0.852752
0.866563
0.89768
0.922135
0.933416
0.942121
0.95309
0.962656
0.972181
0.984523
1.00007
1.01607
1.03345
1.04205
1.04665
1.05253
1.05948
1.06631
1.07245
1.08104
1.09607
1.10794
1.10876
1.10872
1.10931
1.11273
1.11682
1.12203
1.13149
1.14245
1.14384
1.14379
1.14241
1.14146
1.14165
1.14141
1.14381
1.15298
1.15691
1.15676
1.15578
1.15643
1.15735
1.15923
1.16485
1.1765
1.19178
1.20843
1.22472
1.24196
1.26131
1.28221
1.30742
1.33945
1.3758
1.40805
1.43371
1.45613
1.47808
1.49987
1.52193
1.54618
1.57413
1.59302
1.6024
1.61077
1.62249
1.63474
1.64768
1.66095
1.66764
1.66728
1.66151
1.65145
1.64479
1.64124
1.6399
1.64079
1.6384
1.63482
1.62908
1.62378
1.62319
1.62379
1.62681
1.62816
1.62768
1.6252
1.62132
1.61938
1.61873
1.62028
1.62267
1.62247
1.62101
1.61757
1.61369
1.61267
1.61241
1.61394
1.61653
1.61619
1.61446
1.61115
1.60672
1.60449
1.60324
1.6028
1.60261
1.60136
1.59951
1.59688
1.59456
1.59247
1.59098
1.58993
1.58814
1.58616
1.58324
1.57974
1.57768
1.57616
1.57553
1.57604
1.5753
1.57394
1.57234
1.56982
1.56777
1.56647
1.56521
1.56438
1.56353
1.56127
1.55862
1.55595
1.55305
1.5503
1.54807
1.54606
1.54388
1.54138
1.53935
1.53771
1.53617
1.53518
1.53539
1.53547
1.53391
1.53217
1.52989
1.52586
1.52038
1.51733
1.51582
1.51453
1.51414
1.51625
1.51779
1.51628
1.514
1.51154
1.50816
1.5023
1.49518
1.49188
1.49056
1.48941
1.48858
1.4888
1.49041
1.49018
1.48849
1.48667
1.48434
1.48013
1.47497
1.47282
1.47176
1.47086
1.47057
1.47076
1.47001
1.4686
1.46698
1.46474
1.46106
1.45774
1.45612
1.45467
1.45327
1.4524
1.45179
1.45019
1.44853
1.4469
1.44481
1.44105
1.43627
1.43406
1.43303
1.43201
1.43108
1.43062
1.43023
1.42898
1.42761
1.42618
1.42411
1.4202
1.41587
1.41406
1.4129
1.41177
1.4111
1.41202
1.41341
1.41245
1.41081
1.40924
1.40738
1.40396
1.3968
1.38965
1.38733
1.3861
1.3849
1.38392
1.38381
1.38582
1.3868
1.38576
1.38478
1.38394
1.38283
1.3803
1.37449
1.36947
1.36792
1.36661
1.36499
1.36339
1.36272
1.36228
1.36054
1.35929
1.35845
1.35769
1.35661
1.35432
1.35103
1.34959
1.34883
1.34786
1.34663
1.3451
1.34331
1.34126
1.3386
1.33506
1.33209
1.33052
1.3295
1.32868
1.32798
1.32732
1.32665
1.32589
1.32498
1.32377
1.32181
1.31853
1.31578
1.31477
1.31414
1.31353
1.3129
1.31221
1.3112
1.31002
1.30702
1.30335
1.30094
1.29938
1.29739
1.29517
1.29416
1.29408
1.29446
1.29464
1.29462
1.29446
1.29374
1.2918
1.28887
1.28436
1.28111
1.27979
1.27875
1.2776
1.27723
1.27725
1.27737
1.27739
1.27727
1.27656
1.27439
1.27062
1.26697
1.26369
1.26121
1.26001
1.25963
1.25956
1.25959
1.25974
1.25977
1.25932
1.25669
1.2514
1.24754
1.24536
1.24369
1.24298
1.24299
1.24338
1.24432
1.24536
1.24594
1.24616
1.24624
1.2461
1.24468
1.2398
1.2337
1.2299
1.22728
1.22558
1.2248
1.22478
1.2253
1.22643
1.22747
1.22787
1.22789
1.22767
1.22652
1.22334
1.2184
1.2149
1.21297
1.21184
1.21135
1.21116
1.2111
1.21073
1.28465
1.20832
1.15048
1.09005
1.03884
1.01025
0.974698
0.927002
0.889743
0.893736
0.890683
0.868155
0.828795
0.82284
0.827282
0.823764
0.812023
0.80054
0.797558
0.798302
0.797555
0.796216
0.795465
0.794557
0.792511
0.791125
0.788435
0.78727
0.787878
0.792285
0.797436
0.799667
0.801594
0.805797
0.809934
0.814769
0.82231
0.835245
0.848533
0.857747
0.865382
0.876779
0.885234
0.888675
0.893931
0.903378
0.913799
0.924108
0.935679
0.94703
0.957068
0.962804
0.968466
0.976581
0.987706
1.00125
1.01502
1.02684
1.0367
1.04174
1.04552
1.05014
1.056
1.06317
1.07369
1.0892
1.10619
1.11436
1.12117
1.13234
1.14492
1.1572
1.17593
1.19715
1.2162
1.23868
1.25404
1.2613
1.26977
1.27988
1.2919
1.3086
1.32403
1.33589
1.34642
1.35603
1.36751
1.38266
1.40196
1.42625
1.45048
1.46813
1.48278
1.49426
1.50311
1.51773
1.53673
1.55834
1.57657
1.58564
1.58944
1.58978
1.59192
1.59517
1.60152
1.60878
1.61016
1.60978
1.60748
1.60683
1.60718
1.60922
1.61336
1.61414
1.61251
1.60842
1.60387
1.60224
1.6019
1.60448
1.60816
1.60843
1.60752
1.60476
1.59998
1.59823
1.5979
1.59885
1.60163
1.60226
1.60138
1.59951
1.5961
1.5937
1.59253
1.59194
1.5913
1.59025
1.58869
1.5867
1.58494
1.58338
1.58269
1.58239
1.58081
1.57898
1.57624
1.5719
1.56896
1.56752
1.56675
1.56744
1.56789
1.56682
1.5656
1.56362
1.56054
1.55817
1.55671
1.55535
1.55434
1.55275
1.55038
1.54803
1.54564
1.54325
1.54113
1.53921
1.53712
1.53441
1.53144
1.52956
1.52809
1.52693
1.52661
1.52746
1.52739
1.52592
1.52426
1.52186
1.51775
1.5125
1.50947
1.50802
1.50696
1.50703
1.50883
1.5097
1.50815
1.50599
1.50357
1.50016
1.49465
1.48823
1.48503
1.48375
1.48274
1.48236
1.48364
1.48495
1.48391
1.48225
1.48046
1.47769
1.47273
1.46827
1.46675
1.46575
1.46515
1.46548
1.46558
1.46453
1.46313
1.4614
1.45869
1.45456
1.4512
1.44944
1.44793
1.44684
1.44676
1.44624
1.44467
1.44319
1.44164
1.43937
1.43537
1.43092
1.42893
1.42789
1.42691
1.42625
1.4262
1.42583
1.4246
1.42331
1.42183
1.41945
1.4153
1.41136
1.40963
1.4084
1.4073
1.40698
1.40838
1.40915
1.40782
1.40621
1.40455
1.40225
1.39779
1.39032
1.38522
1.38356
1.38236
1.38123
1.38059
1.38155
1.38353
1.38305
1.38206
1.3812
1.38027
1.37867
1.37481
1.36849
1.36517
1.3638
1.36229
1.36065
1.35958
1.35933
1.35797
1.35664
1.35576
1.35504
1.35416
1.35237
1.34902
1.34687
1.34607
1.34519
1.34409
1.34275
1.3411
1.33926
1.33708
1.33417
1.33075
1.32837
1.32707
1.32622
1.3256
1.32506
1.32452
1.32387
1.32309
1.32212
1.32081
1.3188
1.31577
1.31297
1.31169
1.31094
1.31025
1.30945
1.30835
1.30754
1.30574
1.30222
1.29965
1.29828
1.29705
1.29488
1.29239
1.2918
1.29194
1.29203
1.29201
1.29189
1.29135
1.28969
1.28723
1.28317
1.27963
1.27816
1.27726
1.27597
1.27514
1.2751
1.27525
1.27531
1.27524
1.27475
1.27313
1.26979
1.26594
1.26257
1.25993
1.25861
1.2583
1.25831
1.25851
1.25873
1.25876
1.25848
1.25682
1.25245
1.24746
1.24451
1.24234
1.24132
1.24132
1.24158
1.24236
1.24348
1.24423
1.2445
1.24461
1.24456
1.24379
1.24044
1.23413
1.22922
1.22624
1.22419
1.22323
1.22318
1.22354
1.22461
1.22592
1.22644
1.22648
1.22636
1.2256
1.2232
1.21856
1.21424
1.21197
1.21071
1.21011
1.20997
1.21013
1.20993
1.36541
1.32306
1.28045
1.23592
1.20724
1.17972
1.14268
1.10755
1.09621
1.08549
1.06768
1.03443
1.01045
1.00041
0.989341
0.973606
0.951718
0.940296
0.932006
0.923215
0.912707
0.899057
0.892988
0.884826
0.875514
0.861945
0.85288
0.852622
0.85047
0.846848
0.839112
0.830028
0.825221
0.820958
0.817602
0.817629
0.818118
0.81818
0.817219
0.816422
0.815552
0.815634
0.818816
0.823963
0.828597
0.835002
0.845068
0.854937
0.862109
0.866284
0.870772
0.876914
0.883286
0.888841
0.895782
0.908925
0.924123
0.935223
0.944866
0.954954
0.96494
0.976742
0.990203
1.00549
1.02465
1.04709
1.07197
1.09233
1.11302
1.13654
1.15418
1.16999
1.18974
1.20548
1.21753
1.23176
1.24441
1.25073
1.25678
1.26129
1.26532
1.26937
1.27322
1.27621
1.27922
1.282
1.28479
1.28933
1.2972
1.30879
1.31912
1.32714
1.3368
1.34943
1.36278
1.37895
1.39838
1.42074
1.44552
1.46872
1.48697
1.50122
1.51576
1.52897
1.54443
1.55768
1.5661
1.57176
1.57416
1.57767
1.58131
1.58704
1.59002
1.58859
1.58566
1.57933
1.57279
1.57121
1.57083
1.57258
1.57666
1.57778
1.57723
1.57574
1.57151
1.56823
1.56789
1.56789
1.56949
1.57096
1.57088
1.57038
1.56919
1.56825
1.56755
1.56681
1.56579
1.56407
1.56188
1.56063
1.55958
1.55881
1.55951
1.56085
1.55993
1.55846
1.55626
1.55172
1.54644
1.54439
1.54343
1.5433
1.5448
1.54501
1.54426
1.54321
1.54129
1.53816
1.53487
1.53306
1.53177
1.53041
1.52896
1.52743
1.52602
1.52475
1.52341
1.52207
1.52055
1.51833
1.51458
1.51051
1.50855
1.50732
1.5064
1.50639
1.50807
1.50916
1.50832
1.50724
1.50569
1.50292
1.4981
1.49258
1.48999
1.4888
1.48813
1.48834
1.49014
1.49061
1.48916
1.48741
1.48513
1.48132
1.47511
1.46982
1.46811
1.46713
1.46664
1.46766
1.46977
1.46946
1.46821
1.4668
1.4644
1.45962
1.45413
1.45204
1.45108
1.45044
1.45084
1.452
1.45137
1.45026
1.4488
1.44644
1.4424
1.43733
1.43446
1.43297
1.43181
1.43143
1.43215
1.43175
1.43058
1.42942
1.42784
1.42494
1.42026
1.41689
1.41574
1.41487
1.41426
1.4142
1.41455
1.41399
1.413
1.41182
1.40997
1.40665
1.40198
1.39898
1.39759
1.3964
1.39556
1.39561
1.39619
1.39531
1.39394
1.39249
1.39053
1.38717
1.38147
1.37626
1.37431
1.37317
1.37215
1.3715
1.37174
1.373
1.37266
1.37191
1.37116
1.37024
1.36861
1.3649
1.35899
1.35568
1.35433
1.35293
1.35149
1.35044
1.34982
1.34875
1.34789
1.34724
1.34662
1.34565
1.34343
1.3397
1.33758
1.3367
1.33576
1.33469
1.33356
1.33217
1.33061
1.32895
1.32708
1.32458
1.32111
1.31818
1.31692
1.31615
1.31558
1.31533
1.31524
1.31484
1.31415
1.31328
1.31212
1.31047
1.30786
1.3047
1.30303
1.30213
1.30107
1.29963
1.29794
1.29611
1.29363
1.29208
1.29124
1.29045
1.2891
1.28696
1.28563
1.28514
1.28481
1.28467
1.2843
1.2832
1.28099
1.2781
1.27445
1.27243
1.27183
1.27141
1.2703
1.26858
1.26792
1.26778
1.26755
1.26715
1.26631
1.26476
1.2625
1.25978
1.25707
1.2549
1.25327
1.25188
1.25098
1.25082
1.2508
1.25071
1.25021
1.24884
1.24636
1.24274
1.23931
1.23757
1.23719
1.23717
1.23728
1.23756
1.23779
1.23782
1.23781
1.23775
1.23736
1.23615
1.23352
1.22887
1.22406
1.22084
1.21903
1.21862
1.21865
1.21893
1.21957
1.21994
1.21993
1.21981
1.21943
1.21848
1.21673
1.21399
1.21022
1.20689
1.20535
1.20471
1.20469
1.2044
1.41622
1.38833
1.35663
1.32492
1.2998
1.27086
1.24005
1.22438
1.2086
1.18404
1.16293
1.15039
1.13661
1.11692
1.09196
1.07958
1.07034
1.06048
1.04379
1.02789
1.02062
1.01125
1.00033
0.983369
0.970526
0.966407
0.961787
0.956366
0.947046
0.935345
0.927893
0.920375
0.913539
0.904766
0.89966
0.898045
0.897079
0.892732
0.885716
0.877948
0.869948
0.866766
0.866623
0.86676
0.863958
0.86279
0.863781
0.863795
0.861118
0.857746
0.857889
0.860022
0.864889
0.871699
0.875577
0.87859
0.883123
0.889254
0.898117
0.909348
0.924891
0.945345
0.966497
0.987141
1.00798
1.03167
1.05352
1.07087
1.09014
1.10676
1.11413
1.12429
1.13725
1.14734
1.1566
1.16843
1.17933
1.1881
1.19682
1.20198
1.20616
1.21062
1.21459
1.21698
1.22018
1.22416
1.22802
1.23289
1.24064
1.24707
1.24886
1.25001
1.25279
1.25695
1.26181
1.26831
1.27722
1.28914
1.30546
1.32552
1.34759
1.36896
1.39239
1.41528
1.43599
1.45807
1.47783
1.48987
1.49944
1.50858
1.51777
1.52983
1.5411
1.54578
1.54723
1.54568
1.54224
1.54154
1.54281
1.54539
1.54976
1.55348
1.55364
1.55282
1.55052
1.54699
1.54506
1.54426
1.54359
1.54271
1.54152
1.54065
1.54001
1.53948
1.53886
1.53808
1.53695
1.53466
1.53127
1.52952
1.52873
1.52835
1.52973
1.53247
1.53254
1.53166
1.53031
1.52728
1.52162
1.51746
1.51635
1.51582
1.51608
1.51785
1.51796
1.51729
1.51614
1.51438
1.51181
1.5083
1.50522
1.5039
1.50291
1.50181
1.50081
1.50031
1.49969
1.49848
1.49724
1.49567
1.49276
1.48784
1.48408
1.48263
1.48162
1.48088
1.48094
1.4828
1.48403
1.48357
1.4829
1.48191
1.48002
1.47608
1.46977
1.46551
1.46416
1.4633
1.46312
1.46513
1.4674
1.46682
1.46557
1.46404
1.46125
1.45557
1.449
1.44655
1.44561
1.44505
1.44594
1.44884
1.44931
1.44837
1.44725
1.44518
1.44065
1.43423
1.43121
1.43021
1.42958
1.4298
1.43157
1.43165
1.4308
1.42964
1.42781
1.42424
1.41845
1.41433
1.41282
1.41174
1.41118
1.41196
1.41289
1.41214
1.41118
1.41003
1.40791
1.40348
1.3988
1.39725
1.39645
1.39583
1.39568
1.39656
1.3966
1.39589
1.39495
1.39357
1.39096
1.38622
1.38181
1.37995
1.37872
1.37767
1.37711
1.37724
1.37691
1.37598
1.3749
1.37354
1.37134
1.36721
1.36178
1.35918
1.35806
1.35706
1.35628
1.35602
1.35662
1.35656
1.35603
1.35536
1.35448
1.35298
1.34964
1.34401
1.34058
1.33929
1.33805
1.33684
1.33606
1.33581
1.33514
1.33441
1.3338
1.33314
1.33195
1.32905
1.32492
1.32305
1.32224
1.32143
1.32057
1.31977
1.31907
1.31802
1.31674
1.3152
1.31287
1.30906
1.30522
1.30349
1.30265
1.30203
1.30155
1.30129
1.30135
1.30132
1.30073
1.29979
1.2986
1.29667
1.29322
1.28976
1.2883
1.28723
1.28592
1.28431
1.28282
1.28121
1.27989
1.2791
1.27853
1.27773
1.27612
1.27403
1.27249
1.27202
1.27178
1.27123
1.26998
1.26799
1.26552
1.2627
1.26142
1.26103
1.26059
1.25921
1.2567
1.25551
1.2554
1.25526
1.25496
1.25432
1.25336
1.25165
1.24941
1.24748
1.24585
1.24406
1.24155
1.23961
1.2392
1.23898
1.23866
1.23818
1.23705
1.23502
1.23286
1.23096
1.22939
1.22819
1.22758
1.22742
1.22737
1.22726
1.22691
1.2268
1.22675
1.22647
1.22549
1.22335
1.21965
1.21509
1.21196
1.21061
1.21013
1.21003
1.21003
1.21002
1.20992
1.20963
1.20939
1.20908
1.20832
1.20679
1.20438
1.20085
1.1975
1.19612
1.19583
1.19532
1.44811
1.42595
1.40422
1.38399
1.35995
1.33464
1.31608
1.29602
1.27298
1.2569
1.2435
1.22531
1.20369
1.19042
1.17979
1.16679
1.14789
1.13442
1.12559
1.11519
1.10068
1.08102
1.07232
1.0661
1.05918
1.04883
1.03699
1.03042
1.02256
1.01328
0.999978
0.985902
0.982372
0.979899
0.975741
0.969897
0.961425
0.956116
0.950156
0.9426
0.933119
0.928218
0.927843
0.928572
0.927497
0.924554
0.92076
0.916652
0.916028
0.916648
0.919427
0.927099
0.93941
0.945208
0.953831
0.963124
0.968636
0.978341
0.997403
1.00994
1.0172
1.03234
1.04302
1.04777
1.05575
1.0655
1.06678
1.0655
1.06655
1.06818
1.06941
1.07163
1.07469
1.0787
1.08474
1.09198
1.09802
1.10253
1.10575
1.10728
1.10922
1.11278
1.11793
1.1238
1.13034
1.13769
1.14683
1.15676
1.16589
1.17432
1.18008
1.18455
1.1895
1.19495
1.19969
1.20384
1.2086
1.21438
1.22175
1.23072
1.24152
1.25604
1.27384
1.2926
1.30746
1.32422
1.34702
1.36657
1.38677
1.40793
1.42719
1.44906
1.47415
1.49264
1.50456
1.51091
1.51287
1.51319
1.51547
1.51825
1.52237
1.52769
1.53088
1.53205
1.53331
1.53423
1.53385
1.53336
1.53214
1.52949
1.52616
1.52486
1.5241
1.52331
1.52251
1.52118
1.51942
1.5174
1.51417
1.51087
1.50919
1.50826
1.5087
1.51078
1.51114
1.51065
1.50976
1.50803
1.5049
1.5008
1.49817
1.49706
1.49646
1.49646
1.49695
1.49695
1.49618
1.49487
1.49339
1.49133
1.48785
1.48459
1.48316
1.48214
1.48118
1.48058
1.47989
1.47858
1.47705
1.47523
1.47266
1.46901
1.46555
1.46364
1.4624
1.46139
1.46065
1.46042
1.4607
1.46097
1.46074
1.46004
1.45905
1.45742
1.45409
1.44877
1.44474
1.44336
1.44254
1.44224
1.44396
1.44646
1.44614
1.44507
1.44381
1.44141
1.43619
1.42949
1.42675
1.42583
1.42522
1.42599
1.42876
1.42903
1.42792
1.42659
1.4245
1.42045
1.41443
1.41079
1.4096
1.40886
1.40877
1.41005
1.41014
1.4094
1.40843
1.40695
1.40401
1.39888
1.3948
1.39325
1.39224
1.39164
1.39225
1.39331
1.39266
1.39172
1.39059
1.38837
1.38351
1.37866
1.37718
1.37639
1.37584
1.37583
1.37659
1.37635
1.37576
1.37494
1.37368
1.37088
1.36565
1.36204
1.36076
1.35973
1.35883
1.35841
1.35872
1.35864
1.35789
1.3569
1.35574
1.35384
1.34971
1.34409
1.34158
1.34056
1.33969
1.33902
1.33884
1.33924
1.33912
1.33868
1.33795
1.337
1.33541
1.33173
1.32591
1.32295
1.32187
1.32088
1.31996
1.31944
1.31946
1.31905
1.31825
1.31749
1.3166
1.31496
1.31133
1.30721
1.30575
1.30504
1.30441
1.30383
1.30341
1.30293
1.30206
1.30099
1.29967
1.29761
1.29393
1.29002
1.2884
1.28762
1.28702
1.28656
1.28634
1.2864
1.28622
1.28546
1.28448
1.28327
1.28122
1.27733
1.27347
1.27208
1.27126
1.27036
1.26922
1.26794
1.26674
1.26553
1.26466
1.26404
1.26336
1.26201
1.25933
1.25687
1.25644
1.25614
1.25549
1.25423
1.25248
1.25013
1.24803
1.24711
1.24674
1.24626
1.24461
1.24174
1.24063
1.24042
1.24022
1.23987
1.23918
1.23828
1.2371
1.2356
1.23438
1.23333
1.23192
1.2292
1.22634
1.22549
1.22502
1.2244
1.22362
1.22271
1.22143
1.22016
1.21917
1.2182
1.21672
1.21492
1.21396
1.21348
1.21296
1.21273
1.21265
1.21246
1.21206
1.21113
1.20953
1.20715
1.20383
1.20074
1.19922
1.19846
1.19797
1.19764
1.19738
1.19712
1.19685
1.19652
1.19599
1.19508
1.19358
1.19098
1.18728
1.18478
1.18421
1.18356
1.46759
1.44832
1.43212
1.41666
1.39908
1.38148
1.36311
1.34477
1.32917
1.3126
1.29174
1.27557
1.26499
1.2511
1.23475
1.22286
1.21261
1.20084
1.184
1.16528
1.15626
1.14809
1.13771
1.12474
1.11746
1.11149
1.10362
1.09266
1.07602
1.06757
1.06154
1.05556
1.04762
1.03975
1.0374
1.0338
1.02712
1.01847
1.01139
1.01047
1.01185
1.01036
1.0085
1.00912
1.01436
1.01656
1.01538
1.02018
1.02918
1.03459
1.04634
1.05631
1.05591
1.05954
1.07246
1.07551
1.0784
1.08888
1.09009
1.09115
1.09585
1.09838
1.10063
1.10283
1.10312
1.10239
1.10088
1.09882
1.0966
1.09432
1.09188
1.0902
1.08962
1.08922
1.08869
1.08876
1.08906
1.08996
1.09123
1.09244
1.09306
1.09256
1.09131
1.09198
1.09316
1.0948
1.09756
1.10151
1.10597
1.11048
1.11447
1.11829
1.12127
1.12286
1.12461
1.12774
1.13117
1.13522
1.14023
1.14643
1.15421
1.1643
1.17625
1.18715
1.19654
1.20298
1.20989
1.22042
1.23337
1.24957
1.27031
1.29514
1.32453
1.35713
1.38929
1.42275
1.44603
1.46126
1.4771
1.48565
1.4912
1.49846
1.50355
1.50862
1.5151
1.52129
1.52551
1.52652
1.52615
1.5242
1.52079
1.51773
1.5166
1.51571
1.51493
1.51535
1.51475
1.51311
1.51104
1.50799
1.50478
1.50262
1.50151
1.50084
1.50078
1.5011
1.50077
1.49962
1.49799
1.49608
1.4936
1.49019
1.48613
1.48365
1.48277
1.48251
1.48361
1.48456
1.48379
1.48238
1.4804
1.47788
1.47623
1.47487
1.47323
1.47133
1.46958
1.4678
1.46579
1.46336
1.46102
1.45928
1.45783
1.45665
1.45544
1.454
1.45209
1.44925
1.44717
1.44605
1.44542
1.44535
1.44477
1.44369
1.44252
1.44058
1.43713
1.43265
1.43009
1.42909
1.42848
1.42867
1.43087
1.43109
1.43017
1.42911
1.42726
1.4232
1.41697
1.41349
1.41229
1.41136
1.41096
1.41248
1.41311
1.41173
1.41011
1.4082
1.40529
1.40049
1.39568
1.39374
1.39278
1.39214
1.39222
1.39255
1.39208
1.39131
1.39024
1.38833
1.3849
1.38115
1.37921
1.37811
1.37735
1.37752
1.37779
1.3767
1.37525
1.37334
1.36997
1.36469
1.36088
1.35954
1.35875
1.35839
1.35852
1.35845
1.35794
1.35731
1.35655
1.35506
1.3514
1.34696
1.3454
1.34456
1.34373
1.34314
1.34324
1.3439
1.34339
1.34238
1.34124
1.33984
1.3372
1.33171
1.32685
1.32537
1.32452
1.32379
1.32339
1.32364
1.32391
1.32363
1.32308
1.32231
1.32128
1.31926
1.31449
1.30922
1.30755
1.3067
1.30583
1.30505
1.3047
1.30472
1.30413
1.30314
1.30211
1.30086
1.29861
1.29433
1.29072
1.28958
1.28894
1.28844
1.28806
1.28777
1.28728
1.28663
1.28584
1.28473
1.28266
1.2788
1.2755
1.27433
1.27356
1.2729
1.27242
1.27227
1.27208
1.27129
1.2702
1.26901
1.26743
1.26455
1.25999
1.25732
1.25662
1.25609
1.25547
1.2547
1.25382
1.25286
1.25182
1.25101
1.25038
1.24954
1.24737
1.24362
1.24219
1.24184
1.2413
1.24038
1.23901
1.2375
1.23543
1.23398
1.23328
1.23286
1.23209
1.23011
1.2276
1.22626
1.22597
1.22574
1.22535
1.22474
1.22398
1.22318
1.22224
1.2213
1.22022
1.21854
1.21556
1.21299
1.21208
1.21147
1.21085
1.21022
1.20957
1.2087
1.20785
1.20698
1.2056
1.20326
1.20109
1.20008
1.19961
1.19929
1.19889
1.19823
1.19772
1.19726
1.1966
1.19557
1.19385
1.1909
1.18805
1.18657
1.18556
1.18475
1.18414
1.1837
1.18336
1.18302
1.1826
1.18198
1.18087
1.17866
1.17507
1.17226
1.17153
1.17086
1.48027
1.46455
1.44939
1.43571
1.42396
1.41037
1.39528
1.38126
1.36584
1.34935
1.33408
1.31884
1.30286
1.29037
1.28179
1.27161
1.25727
1.24232
1.23109
1.21976
1.20628
1.19359
1.18689
1.18119
1.17334
1.16114
1.15156
1.1458
1.1384
1.1296
1.12103
1.11854
1.11678
1.11164
1.10394
1.10015
1.10192
1.10074
1.09915
1.10283
1.1107
1.1116
1.11015
1.11596
1.11893
1.12201
1.1317
1.1411
1.14027
1.14136
1.14953
1.15258
1.15118
1.15318
1.15698
1.15778
1.15887
1.1589
1.15623
1.15067
1.14769
1.14731
1.14755
1.14636
1.1449
1.14272
1.13959
1.13543
1.13193
1.13043
1.1291
1.12748
1.12479
1.11988
1.11653
1.11583
1.11585
1.11706
1.11821
1.11846
1.11814
1.11711
1.1141
1.11059
1.11008
1.11064
1.11149
1.1121
1.11308
1.11478
1.11647
1.11687
1.11693
1.11697
1.11677
1.11466
1.11053
1.10944
1.11005
1.11138
1.114
1.11873
1.12354
1.12612
1.12747
1.12832
1.12891
1.12823
1.12564
1.12739
1.13165
1.13879
1.14987
1.16634
1.18996
1.21874
1.24989
1.27986
1.3101
1.3412
1.36471
1.38996
1.41456
1.43213
1.45404
1.4779
1.49561
1.5103
1.52061
1.52335
1.52376
1.51956
1.51365
1.51202
1.51161
1.51155
1.5124
1.5155
1.51742
1.51639
1.51473
1.5116
1.50623
1.50106
1.49877
1.49756
1.49707
1.49778
1.50001
1.49942
1.49703
1.49409
1.48983
1.48331
1.47844
1.47689
1.47581
1.47556
1.47663
1.47889
1.47881
1.4778
1.47706
1.47587
1.47395
1.47076
1.46573
1.46078
1.45803
1.45648
1.45527
1.45448
1.45543
1.45679
1.45579
1.45422
1.45226
1.44868
1.44288
1.43904
1.43737
1.43603
1.43557
1.43694
1.43721
1.43573
1.43403
1.43143
1.42679
1.42163
1.41951
1.41854
1.41802
1.41853
1.42114
1.42137
1.42053
1.41912
1.416
1.4104
1.40565
1.40367
1.40217
1.40077
1.40022
1.40163
1.40198
1.4001
1.39811
1.39589
1.39251
1.38729
1.38332
1.38211
1.38131
1.3808
1.38125
1.38149
1.38111
1.38052
1.37954
1.37791
1.3753
1.37168
1.36871
1.36698
1.36545
1.36404
1.36269
1.36097
1.359
1.35627
1.35235
1.34884
1.34721
1.34627
1.34565
1.34522
1.34478
1.3444
1.34403
1.34345
1.34167
1.33766
1.33512
1.3344
1.3337
1.33302
1.33263
1.33331
1.33389
1.33282
1.33136
1.32981
1.32748
1.32265
1.3163
1.31362
1.3126
1.31177
1.3111
1.31083
1.31144
1.31161
1.31135
1.31087
1.31019
1.30906
1.3061
1.30037
1.2971
1.29613
1.29522
1.29424
1.29345
1.29328
1.29314
1.29201
1.29068
1.28939
1.28784
1.28512
1.28058
1.2775
1.2765
1.27589
1.27547
1.27516
1.27489
1.27459
1.27423
1.27373
1.27288
1.27107
1.26742
1.26416
1.26291
1.26199
1.26107
1.26027
1.25968
1.25881
1.25766
1.25645
1.25514
1.25341
1.25039
1.24611
1.24386
1.24332
1.24293
1.24251
1.24198
1.2414
1.2407
1.23994
1.23927
1.23856
1.23719
1.23391
1.23088
1.23007
1.2294
1.22844
1.22721
1.226
1.22432
1.22278
1.22176
1.22112
1.22051
1.2193
1.21689
1.21512
1.21465
1.21441
1.21417
1.21382
1.2133
1.21274
1.2121
1.21129
1.21031
1.20915
1.20773
1.20575
1.20276
1.19962
1.1981
1.1973
1.19652
1.19569
1.19483
1.19405
1.19334
1.19258
1.19163
1.19035
1.18877
1.18732
1.18642
1.18596
1.18569
1.1854
1.18489
1.18411
1.18315
1.18184
1.17984
1.17731
1.17542
1.17416
1.17313
1.17228
1.17162
1.17106
1.17054
1.16994
1.16898
1.16697
1.16344
1.16091
1.16021
1.15937
1.48943
1.47591
1.46199
1.44916
1.43839
1.42823
1.4174
1.40507
1.39207
1.37968
1.36612
1.34978
1.33691
1.32703
1.31486
1.30439
1.29678
1.28735
1.27515
1.26427
1.25769
1.25128
1.24265
1.2318
1.22628
1.22362
1.21677
1.21184
1.21172
1.21212
1.20884
1.20596
1.20476
1.2021
1.19701
1.19746
1.20425
1.20627
1.20897
1.21585
1.21929
1.21612
1.21607
1.22063
1.22004
1.21982
1.22273
1.22243
1.21724
1.21421
1.21392
1.21455
1.21562
1.21424
1.21223
1.21065
1.20708
1.20151
1.19388
1.18677
1.18471
1.18379
1.1826
1.1812
1.17921
1.17613
1.17352
1.17206
1.17085
1.16985
1.16875
1.16655
1.16139
1.15531
1.15357
1.15348
1.15492
1.15713
1.15754
1.15665
1.15495
1.15188
1.14731
1.14392
1.14192
1.14091
1.1396
1.13741
1.13592
1.13522
1.13443
1.13329
1.13204
1.13099
1.12993
1.12768
1.12244
1.11851
1.11793
1.11765
1.11765
1.11878
1.12072
1.12137
1.12145
1.12138
1.12128
1.12131
1.11947
1.11455
1.11283
1.11284
1.11312
1.11448
1.11822
1.12291
1.12639
1.12958
1.13463
1.1417
1.15212
1.16791
1.19088
1.21957
1.25224
1.29252
1.33161
1.36665
1.40503
1.43016
1.44886
1.46895
1.48257
1.48799
1.49433
1.50098
1.50654
1.51352
1.52249
1.52731
1.52724
1.52488
1.51943
1.51072
1.5041
1.50153
1.49991
1.49965
1.5032
1.50767
1.50685
1.50416
1.50073
1.49428
1.48492
1.4791
1.47669
1.47466
1.47377
1.47478
1.47848
1.48093
1.48005
1.47879
1.47727
1.47433
1.46792
1.46072
1.45787
1.4564
1.45515
1.45448
1.45564
1.45866
1.45894
1.45741
1.45551
1.45254
1.44677
1.44067
1.4377
1.43544
1.43342
1.43297
1.43511
1.4359
1.43398
1.43178
1.42851
1.42249
1.41644
1.41456
1.41369
1.41304
1.41293
1.41443
1.41591
1.41562
1.41486
1.41278
1.40802
1.40231
1.39954
1.39764
1.39573
1.39455
1.3954
1.39675
1.39527
1.39284
1.39045
1.38687
1.38136
1.37709
1.37552
1.37463
1.374
1.37375
1.37433
1.37542
1.37527
1.375
1.37417
1.37215
1.36817
1.36288
1.35953
1.35737
1.35519
1.35298
1.35088
1.349
1.34708
1.34517
1.343
1.3408
1.33924
1.3382
1.3374
1.33672
1.33608
1.3353
1.33386
1.33133
1.32974
1.3292
1.32874
1.3283
1.32792
1.32724
1.32582
1.32412
1.32233
1.32036
1.31784
1.31373
1.30845
1.30583
1.30469
1.30374
1.30305
1.30292
1.30318
1.3031
1.30286
1.30247
1.30197
1.3012
1.2994
1.29495
1.29051
1.28909
1.28815
1.28706
1.28588
1.28487
1.28455
1.28411
1.28256
1.28108
1.27969
1.27784
1.27427
1.26957
1.26738
1.26647
1.26585
1.26551
1.26543
1.26544
1.26539
1.26532
1.26514
1.26449
1.26219
1.25779
1.25513
1.25393
1.25267
1.25131
1.25013
1.24913
1.24792
1.24673
1.2456
1.24438
1.24257
1.23917
1.2353
1.23365
1.23303
1.23268
1.23245
1.23218
1.23184
1.23144
1.23102
1.23057
1.22987
1.22792
1.22391
1.22151
1.22054
1.21941
1.21801
1.21661
1.21543
1.21404
1.21297
1.21224
1.21172
1.21115
1.20977
1.20683
1.20502
1.20469
1.20448
1.20432
1.20423
1.2041
1.20384
1.20339
1.20277
1.20181
1.20052
1.19896
1.19664
1.19279
1.18894
1.18736
1.18652
1.18574
1.18499
1.18436
1.1839
1.18354
1.18317
1.18267
1.18179
1.18061
1.17938
1.17811
1.1772
1.17696
1.17681
1.17667
1.17638
1.17547
1.17392
1.17148
1.16843
1.16628
1.16493
1.16383
1.1629
1.16216
1.16155
1.161
1.16022
1.15854
1.15502
1.15213
1.15141
1.15053
1.49636
1.48483
1.47298
1.46154
1.45093
1.44177
1.43424
1.42597
1.4165
1.40721
1.39745
1.38575
1.37336
1.36364
1.35575
1.34833
1.34328
1.34123
1.33685
1.33005
1.32638
1.3237
1.31776
1.31042
1.30781
1.30643
1.30475
1.30678
1.31268
1.31169
1.30683
1.3052
1.30355
1.29761
1.29163
1.29235
1.29357
1.29203
1.29369
1.2945
1.29139
1.28819
1.28676
1.28517
1.28249
1.27848
1.27257
1.26461
1.25861
1.25643
1.25532
1.25621
1.25559
1.25284
1.24981
1.24632
1.2416
1.23494
1.22667
1.223
1.22103
1.21915
1.21737
1.21518
1.21342
1.21246
1.21167
1.21093
1.21008
1.20871
1.20605
1.20036
1.19263
1.18955
1.18892
1.18915
1.19097
1.19141
1.19018
1.18837
1.1855
1.18101
1.17654
1.17432
1.17281
1.17103
1.16813
1.16452
1.16275
1.16184
1.16103
1.16019
1.15937
1.1584
1.15713
1.15521
1.15123
1.14492
1.14166
1.1405
1.13966
1.13914
1.1386
1.13789
1.13719
1.13633
1.13512
1.13368
1.13137
1.12602
1.12028
1.11881
1.11815
1.11762
1.11789
1.11986
1.12105
1.12146
1.12183
1.12206
1.12118
1.11724
1.11465
1.11539
1.11795
1.12239
1.13044
1.14407
1.16333
1.18693
1.21305
1.24431
1.28016
1.31269
1.34534
1.38245
1.40995
1.43532
1.46445
1.48033
1.49126
1.50188
1.5082
1.51016
1.50862
1.50512
1.50306
1.50335
1.50627
1.51165
1.51232
1.51041
1.50739
1.50247
1.49478
1.48753
1.48394
1.48171
1.48037
1.48098
1.48337
1.48382
1.48143
1.47945
1.47786
1.475
1.46892
1.46305
1.46104
1.45977
1.45901
1.45897
1.46074
1.46176
1.46055
1.45881
1.45679
1.45369
1.44854
1.4434
1.44
1.43709
1.43457
1.433
1.43304
1.43274
1.43064
1.42897
1.42756
1.42535
1.4207
1.41569
1.41412
1.4134
1.41292
1.41295
1.41437
1.41451
1.41396
1.41283
1.41064
1.40623
1.40101
1.39803
1.39561
1.39323
1.392
1.39218
1.39081
1.38825
1.38632
1.38451
1.38177
1.37699
1.37275
1.37149
1.37077
1.37027
1.37019
1.3712
1.37223
1.3724
1.37229
1.37153
1.36934
1.36406
1.35822
1.35545
1.35325
1.35088
1.34859
1.34627
1.34405
1.34201
1.34011
1.33817
1.3359
1.33383
1.33256
1.33173
1.33109
1.33051
1.32993
1.32943
1.3288
1.32737
1.32493
1.32342
1.32232
1.321
1.31968
1.31809
1.31609
1.31406
1.31187
1.30867
1.30382
1.30039
1.29885
1.29763
1.29688
1.29682
1.2966
1.2964
1.29624
1.29605
1.29577
1.29527
1.29414
1.29117
1.28667
1.28471
1.2838
1.28276
1.28156
1.28041
1.2795
1.27804
1.27631
1.27468
1.2731
1.27138
1.26884
1.26472
1.26149
1.26031
1.25954
1.25898
1.25869
1.25862
1.25862
1.25863
1.25858
1.25824
1.25709
1.25391
1.24986
1.24811
1.24676
1.24508
1.24336
1.24191
1.24032
1.23892
1.23767
1.23645
1.23508
1.23313
1.22992
1.22695
1.22591
1.22555
1.22535
1.22519
1.22502
1.22482
1.22458
1.22425
1.22366
1.22203
1.21818
1.21517
1.21397
1.2127
1.21122
1.20998
1.20856
1.20718
1.20611
1.20524
1.20456
1.20398
1.20324
1.20176
1.19919
1.19773
1.1974
1.19717
1.19702
1.19699
1.1969
1.19663
1.1961
1.19539
1.1943
1.19288
1.19126
1.18844
1.18404
1.18096
1.1798
1.17903
1.17828
1.1775
1.17689
1.17654
1.17633
1.17627
1.17638
1.17635
1.17632
1.17617
1.17554
1.17428
1.17209
1.16909
1.16682
1.1655
1.1642
1.16275
1.16127
1.15982
1.15845
1.15723
1.15615
1.15519
1.15433
1.15342
1.15213
1.14985
1.1466
1.14454
1.14397
1.14314
1.50653
1.49881
1.49063
1.48265
1.47516
1.46838
1.46312
1.45975
1.45646
1.45251
1.4484
1.44259
1.43487
1.42848
1.4239
1.41937
1.41667
1.41794
1.41847
1.41365
1.41081
1.40922
1.40359
1.39685
1.39216
1.38709
1.3843
1.38542
1.38774
1.38428
1.37851
1.3753
1.37198
1.36622
1.35977
1.35633
1.35248
1.34852
1.34533
1.34203
1.33821
1.33438
1.33052
1.3262
1.32123
1.31499
1.30586
1.29636
1.2925
1.29085
1.29046
1.2892
1.28749
1.28539
1.28221
1.27827
1.27374
1.26826
1.26162
1.25709
1.25482
1.25306
1.25177
1.2509
1.25029
1.24977
1.24898
1.24761
1.24545
1.24183
1.23489
1.22647
1.22348
1.2226
1.22275
1.22351
1.2226
1.221
1.21885
1.21529
1.21026
1.20744
1.20601
1.20455
1.20289
1.20074
1.19721
1.19235
1.18993
1.18897
1.18849
1.18815
1.18734
1.1862
1.18477
1.18287
1.17986
1.1739
1.16663
1.16374
1.1624
1.16135
1.16122
1.16071
1.15894
1.15718
1.15545
1.15343
1.15029
1.14392
1.13686
1.13483
1.134
1.13346
1.13365
1.13453
1.13431
1.13382
1.13303
1.1315
1.12757
1.12108
1.11809
1.11709
1.11592
1.11574
1.11646
1.11697
1.11714
1.11685
1.11616
1.11579
1.11747
1.12219
1.13044
1.14689
1.17131
1.20128
1.23684
1.27308
1.30627
1.33967
1.37004
1.3939
1.4174
1.44213
1.45765
1.47139
1.48905
1.49928
1.50186
1.50185
1.50073
1.49878
1.49642
1.49316
1.48975
1.48713
1.48682
1.48857
1.49041
1.48806
1.48473
1.48119
1.47681
1.47086
1.46585
1.46438
1.46378
1.46361
1.46462
1.4671
1.46775
1.46623
1.46383
1.46023
1.45515
1.45076
1.44788
1.4451
1.44214
1.43959
1.43855
1.43774
1.43518
1.43233
1.42941
1.42719
1.42569
1.42429
1.4223
1.41924
1.41741
1.41663
1.416
1.4157
1.41586
1.41566
1.41472
1.41314
1.41084
1.40733
1.40253
1.39898
1.3964
1.39394
1.39221
1.39145
1.38909
1.38647
1.38436
1.38221
1.37925
1.37461
1.37131
1.3703
1.36964
1.36936
1.36962
1.37079
1.37123
1.37128
1.37095
1.36985
1.36718
1.36178
1.35715
1.35475
1.3525
1.35035
1.34886
1.34656
1.34401
1.34176
1.33959
1.33714
1.33432
1.33223
1.33112
1.33043
1.33004
1.32982
1.32969
1.32954
1.32924
1.32836
1.32574
1.32148
1.31904
1.31738
1.31548
1.31347
1.31134
1.30917
1.30704
1.30484
1.302
1.29819
1.29548
1.29389
1.29257
1.29172
1.29153
1.29156
1.2916
1.29173
1.29179
1.29171
1.29085
1.28774
1.28458
1.28357
1.28265
1.28147
1.2801
1.27879
1.27741
1.27541
1.27336
1.27144
1.26959
1.26757
1.26459
1.26016
1.25781
1.25708
1.25657
1.25608
1.25564
1.25541
1.25528
1.25517
1.25494
1.25431
1.25221
1.24804
1.24606
1.24531
1.24431
1.24288
1.24128
1.23963
1.23765
1.23609
1.23482
1.23366
1.23249
1.23093
1.22821
1.22498
1.22347
1.22288
1.22253
1.22225
1.22196
1.22165
1.22131
1.22086
1.22006
1.21812
1.21356
1.20952
1.20807
1.20675
1.20516
1.2036
1.20243
1.20159
1.20073
1.20008
1.19956
1.19912
1.19865
1.1975
1.19509
1.19275
1.19178
1.19161
1.19162
1.19159
1.19155
1.19149
1.19128
1.19069
1.1896
1.1877
1.18402
1.17917
1.17627
1.17499
1.17412
1.17346
1.17293
1.17254
1.17231
1.17216
1.17205
1.17193
1.17175
1.17144
1.17087
1.16947
1.16721
1.16534
1.16413
1.16264
1.16049
1.15909
1.15835
1.1576
1.15687
1.15651
1.15584
1.15464
1.15345
1.15232
1.15118
1.14973
1.14716
1.14341
1.14201
1.14188
1.14195
1.14173
1.53602
1.53473
1.53269
1.52986
1.5262
1.52291
1.52047
1.5181
1.51618
1.51588
1.51527
1.51071
1.50467
1.4995
1.49358
1.48703
1.48264
1.48125
1.47891
1.47352
1.46957
1.46646
1.46116
1.45371
1.44592
1.43873
1.43363
1.4311
1.42788
1.42262
1.41783
1.41427
1.4104
1.40556
1.39945
1.39212
1.38518
1.37971
1.3757
1.37194
1.36797
1.36425
1.36043
1.35603
1.35092
1.34456
1.33612
1.32936
1.32628
1.32379
1.32172
1.32036
1.31865
1.31601
1.31304
1.30982
1.30599
1.30071
1.29342
1.28756
1.28505
1.28362
1.28298
1.28319
1.28318
1.28205
1.28027
1.27781
1.27371
1.26559
1.25646
1.25344
1.25239
1.25265
1.25296
1.25165
1.24979
1.2472
1.24229
1.236
1.23355
1.2325
1.23134
1.22983
1.22805
1.22584
1.22238
1.21683
1.21283
1.21136
1.21039
1.20993
1.20944
1.20834
1.20687
1.20503
1.20248
1.19782
1.18949
1.18345
1.18147
1.18008
1.17959
1.18032
1.17969
1.17788
1.17622
1.17438
1.17125
1.16468
1.15792
1.15608
1.15527
1.15492
1.15556
1.15553
1.15477
1.15374
1.15219
1.14909
1.14236
1.13622
1.13444
1.13313
1.13186
1.13113
1.12989
1.12821
1.12639
1.12416
1.12029
1.1142
1.11086
1.10909
1.10924
1.10963
1.11051
1.11215
1.11466
1.1188
1.12338
1.12961
1.14204
1.16071
1.18546
1.21729
1.25331
1.28749
1.32417
1.3582
1.38012
1.4047
1.42665
1.4363
1.44909
1.45559
1.45809
1.46274
1.46764
1.47459
1.48026
1.48103
1.47931
1.47566
1.46957
1.46389
1.46253
1.4626
1.46286
1.46448
1.46958
1.47256
1.47126
1.46908
1.46569
1.45952
1.45208
1.44825
1.44574
1.44304
1.44128
1.44169
1.44291
1.44134
1.4379
1.43464
1.43025
1.42517
1.42324
1.42248
1.42171
1.42099
1.42035
1.41965
1.41887
1.41808
1.41719
1.41599
1.41444
1.4125
1.40997
1.40632
1.40223
1.39948
1.39689
1.39422
1.39258
1.39162
1.38905
1.38651
1.38442
1.3823
1.37929
1.37447
1.37097
1.36989
1.36921
1.36895
1.36937
1.37117
1.37177
1.3719
1.37167
1.37055
1.36712
1.36079
1.3564
1.35403
1.3517
1.34934
1.34778
1.34719
1.34493
1.34228
1.34002
1.33739
1.33364
1.3301
1.32847
1.3276
1.32714
1.327
1.32692
1.32682
1.32659
1.32604
1.32488
1.3224
1.31818
1.31506
1.31301
1.31081
1.30856
1.30653
1.30473
1.30277
1.30074
1.29853
1.29562
1.29199
1.28962
1.28839
1.28764
1.28731
1.2872
1.28714
1.28706
1.28685
1.28622
1.28448
1.28066
1.27762
1.27645
1.27518
1.27362
1.27206
1.27048
1.26833
1.2662
1.26422
1.26234
1.26041
1.25841
1.25681
1.25558
1.25421
1.25199
1.24926
1.24802
1.24763
1.24748
1.24743
1.24735
1.24701
1.24609
1.24478
1.24301
1.24046
1.23851
1.23686
1.23487
1.23296
1.23099
1.22917
1.22782
1.2267
1.22558
1.2241
1.22156
1.2182
1.21635
1.2157
1.21535
1.21512
1.21493
1.21473
1.21449
1.2141
1.21334
1.2114
1.20741
1.20467
1.2035
1.20215
1.20056
1.19919
1.19811
1.1969
1.19593
1.19511
1.19432
1.19333
1.19167
1.18877
1.18676
1.18659
1.18661
1.18685
1.18742
1.1887
1.18943
1.18946
1.18938
1.18875
1.18723
1.18372
1.17738
1.17269
1.17099
1.16986
1.16898
1.16831
1.16774
1.16757
1.16762
1.16767
1.16771
1.16771
1.16767
1.16755
1.16687
1.16489
1.16158
1.15878
1.15724
1.15635
1.15573
1.15517
1.15448
1.15364
1.15266
1.15116
1.14848
1.14605
1.14483
1.1439
1.14299
1.14203
1.14081
1.13945
1.13854
1.1378
1.13696
1.13523
1.58592
1.58552
1.5852
1.58301
1.57894
1.57464
1.56976
1.56455
1.56061
1.55805
1.55478
1.55004
1.54494
1.53905
1.53147
1.52319
1.51691
1.51188
1.5067
1.50169
1.49792
1.49424
1.48899
1.48209
1.47456
1.46814
1.46206
1.45626
1.45144
1.44712
1.44315
1.43959
1.43592
1.43153
1.42593
1.41833
1.40935
1.40325
1.39906
1.39528
1.39187
1.38853
1.38514
1.38156
1.37753
1.37291
1.36766
1.36174
1.35588
1.35137
1.34826
1.34627
1.345
1.34336
1.34094
1.33794
1.33401
1.32776
1.31906
1.31387
1.31174
1.31048
1.31046
1.31079
1.30953
1.30752
1.30498
1.30121
1.29425
1.28434
1.27984
1.27845
1.27826
1.27865
1.27748
1.27574
1.27353
1.26979
1.26277
1.25733
1.25578
1.25471
1.2536
1.25222
1.25054
1.24854
1.24593
1.2418
1.23616
1.23302
1.23157
1.23047
1.22965
1.22852
1.22683
1.2247
1.22197
1.21775
1.21043
1.20382
1.20126
1.1995
1.19837
1.19856
1.19789
1.19611
1.19451
1.1927
1.18951
1.18311
1.17776
1.17633
1.17544
1.17501
1.17503
1.17449
1.17345
1.17214
1.17021
1.1663
1.15956
1.15545
1.15391
1.1524
1.1508
1.14933
1.14749
1.1453
1.14282
1.13964
1.13462
1.12775
1.12329
1.12126
1.1197
1.11825
1.11704
1.11605
1.1152
1.11454
1.11365
1.11147
1.10793
1.10744
1.10791
1.10972
1.11359
1.11909
1.12657
1.1398
1.15687
1.17813
1.20481
1.23183
1.26024
1.29214
1.31835
1.34136
1.36919
1.38768
1.40371
1.42245
1.43069
1.43777
1.44325
1.44592
1.44678
1.4488
1.45098
1.45433
1.46056
1.46556
1.46591
1.46499
1.46262
1.45738
1.45006
1.44497
1.44255
1.44086
1.44025
1.44207
1.44408
1.44223
1.43883
1.43526
1.43017
1.42403
1.42078
1.4197
1.41897
1.41885
1.41874
1.41823
1.41768
1.41688
1.41559
1.41368
1.4116
1.4097
1.40767
1.4052
1.40214
1.39951
1.39721
1.39479
1.39254
1.39116
1.38909
1.38641
1.38421
1.38206
1.37931
1.37494
1.37105
1.36978
1.36911
1.36887
1.36941
1.37086
1.3712
1.37126
1.37095
1.36963
1.36564
1.35908
1.35517
1.35294
1.35072
1.3486
1.34761
1.3468
1.34399
1.3414
1.33918
1.33655
1.33281
1.32928
1.32771
1.32711
1.32689
1.32688
1.3271
1.32708
1.32695
1.32654
1.32531
1.3219
1.31661
1.31363
1.31172
1.30964
1.30762
1.30588
1.30364
1.30131
1.29893
1.29632
1.29315
1.28987
1.28798
1.28684
1.28607
1.28561
1.28538
1.28521
1.28502
1.28471
1.28413
1.28279
1.27936
1.27514
1.27343
1.27219
1.2706
1.26873
1.26689
1.26515
1.26306
1.26111
1.25936
1.25778
1.25635
1.25491
1.25313
1.25055
1.24698
1.24416
1.24314
1.24263
1.24234
1.24218
1.24205
1.24192
1.24172
1.24124
1.24012
1.23774
1.23431
1.23208
1.23021
1.22816
1.22649
1.22459
1.22307
1.22184
1.22063
1.21916
1.21664
1.21305
1.21119
1.21062
1.21031
1.21016
1.21008
1.21001
1.20994
1.20984
1.20949
1.20813
1.20556
1.20407
1.20285
1.20129
1.19963
1.19823
1.19666
1.19525
1.19399
1.19276
1.1912
1.18824
1.18401
1.18248
1.1824
1.18241
1.18247
1.18263
1.18277
1.18276
1.18254
1.18218
1.18165
1.18072
1.17864
1.17405
1.16912
1.16712
1.16588
1.16465
1.16363
1.16307
1.16367
1.16472
1.16442
1.16447
1.1645
1.1644
1.16373
1.1611
1.15662
1.15451
1.15403
1.15372
1.15341
1.15305
1.15297
1.15292
1.15212
1.15105
1.14974
1.14752
1.14338
1.13926
1.13743
1.13642
1.13552
1.13477
1.13429
1.13399
1.13377
1.13349
1.13284
1.13033
1.61834
1.61491
1.61212
1.60914
1.60438
1.5982
1.59125
1.58426
1.57819
1.57318
1.56952
1.56711
1.56382
1.55837
1.55146
1.54424
1.53803
1.53222
1.52666
1.52212
1.51841
1.51411
1.50871
1.50234
1.49585
1.48984
1.48356
1.47725
1.4722
1.46842
1.46545
1.46236
1.45866
1.45415
1.44853
1.44144
1.43289
1.42552
1.42064
1.41685
1.41368
1.41096
1.40847
1.40579
1.40274
1.39925
1.39492
1.38881
1.38122
1.37574
1.37261
1.37072
1.37
1.36881
1.36644
1.36348
1.35954
1.35305
1.34377
1.33832
1.33595
1.3345
1.33446
1.33419
1.3321
1.32932
1.32572
1.31991
1.31035
1.30366
1.30165
1.30063
1.30083
1.3006
1.29914
1.29728
1.29478
1.29049
1.28296
1.27682
1.27466
1.27328
1.27237
1.27145
1.26997
1.26817
1.26608
1.26331
1.25847
1.25216
1.24923
1.24772
1.24645
1.24484
1.24282
1.24047
1.23773
1.23416
1.22847
1.22142
1.21783
1.21584
1.21425
1.21329
1.21206
1.21068
1.20924
1.20749
1.20462
1.19908
1.19439
1.19317
1.19244
1.19201
1.19133
1.19029
1.18903
1.18743
1.18481
1.17954
1.17381
1.17162
1.17014
1.16856
1.16712
1.16542
1.1633
1.16105
1.15847
1.15491
1.14904
1.14303
1.14001
1.13792
1.13601
1.13428
1.13272
1.1313
1.12992
1.12831
1.12622
1.12268
1.1169
1.11399
1.11313
1.11236
1.11157
1.1109
1.11111
1.11137
1.11136
1.11113
1.11081
1.10939
1.11017
1.11415
1.12248
1.13524
1.15452
1.1779
1.20238
1.233
1.2589
1.28228
1.31126
1.33247
1.34954
1.37169
1.38782
1.39949
1.41514
1.42358
1.42818
1.43363
1.43599
1.43634
1.43583
1.43288
1.43186
1.43195
1.43328
1.43642
1.43821
1.43708
1.4347
1.43158
1.42649
1.41927
1.41481
1.41332
1.41239
1.41235
1.41297
1.41272
1.41257
1.41206
1.41043
1.40734
1.40513
1.40395
1.40283
1.40176
1.40067
1.39913
1.39678
1.39425
1.39188
1.38934
1.38692
1.38468
1.3824
1.38031
1.37808
1.37504
1.3711
1.36887
1.3681
1.36772
1.36776
1.36839
1.36847
1.36831
1.36774
1.36637
1.36269
1.35662
1.35306
1.35109
1.34914
1.3474
1.34686
1.34591
1.34311
1.34084
1.33875
1.33599
1.33188
1.32865
1.32734
1.32672
1.32647
1.32653
1.32657
1.32635
1.32594
1.3252
1.32386
1.32113
1.31609
1.31211
1.3102
1.3083
1.30622
1.3042
1.30262
1.30078
1.29854
1.29631
1.29404
1.2915
1.28858
1.2861
1.2847
1.28385
1.28324
1.28271
1.28219
1.28163
1.28096
1.2799
1.2775
1.27362
1.27146
1.27018
1.26862
1.26688
1.26526
1.26312
1.26103
1.25907
1.25716
1.25523
1.25339
1.25179
1.25035
1.2488
1.24632
1.24282
1.24062
1.23957
1.23867
1.23779
1.23684
1.23585
1.23508
1.23445
1.23361
1.23216
1.2305
1.22903
1.2272
1.22493
1.22232
1.21954
1.21741
1.21588
1.21462
1.21343
1.21207
1.21034
1.2082
1.20646
1.20566
1.20526
1.20494
1.20467
1.20445
1.20417
1.20359
1.20188
1.19882
1.19706
1.19583
1.19428
1.19264
1.19129
1.1899
1.18854
1.18733
1.18618
1.18492
1.18288
1.17952
1.17754
1.17701
1.17669
1.17649
1.17637
1.1763
1.17623
1.17615
1.17598
1.17567
1.17503
1.17324
1.16864
1.16433
1.16268
1.16135
1.15994
1.15878
1.15841
1.15903
1.15878
1.15823
1.15816
1.15807
1.15772
1.15671
1.15406
1.15038
1.14917
1.14894
1.14873
1.14842
1.14797
1.14738
1.14632
1.14498
1.14355
1.14203
1.13977
1.13626
1.13372
1.13254
1.13161
1.13074
1.13001
1.12947
1.12901
1.12852
1.12784
1.12681
1.12456
1.63182
1.62685
1.62244
1.61842
1.61388
1.60826
1.60179
1.59489
1.58859
1.58346
1.57961
1.57699
1.57391
1.56928
1.56385
1.55829
1.55262
1.54657
1.5408
1.53645
1.53352
1.53026
1.52562
1.52041
1.51509
1.50954
1.5036
1.49794
1.49323
1.48927
1.4858
1.48221
1.47788
1.47284
1.46715
1.46061
1.45303
1.4456
1.4402
1.43632
1.43342
1.43132
1.42954
1.42745
1.42483
1.42151
1.41683
1.40964
1.40191
1.39746
1.39478
1.39313
1.39257
1.39165
1.38948
1.3865
1.38241
1.37567
1.36634
1.36093
1.35823
1.35634
1.35576
1.35451
1.35175
1.34838
1.344
1.33682
1.32748
1.32299
1.32103
1.3201
1.32025
1.31967
1.31817
1.31626
1.31358
1.30885
1.30059
1.29435
1.29239
1.29126
1.29075
1.29002
1.28863
1.28698
1.28502
1.28238
1.27781
1.27053
1.26582
1.26373
1.26194
1.26028
1.25829
1.25591
1.25324
1.25021
1.24629
1.24021
1.2337
1.23068
1.22881
1.22741
1.22627
1.22498
1.2236
1.22204
1.22002
1.2166
1.2115
1.20846
1.20726
1.20621
1.20518
1.20397
1.20252
1.2008
1.19843
1.19439
1.18896
1.18581
1.18406
1.18233
1.18055
1.17862
1.17641
1.17409
1.17151
1.16819
1.16294
1.15714
1.15416
1.15217
1.15048
1.14897
1.14751
1.14604
1.14456
1.14284
1.14032
1.13596
1.13069
1.12784
1.12634
1.12494
1.12339
1.12171
1.12004
1.11836
1.11653
1.11423
1.11053
1.1047
1.10077
1.09954
1.09887
1.09848
1.09858
1.09922
1.10064
1.10334
1.10676
1.11034
1.11869
1.13305
1.15055
1.17338
1.20085
1.22654
1.25538
1.28333
1.30301
1.32686
1.34547
1.35607
1.37102
1.3816
1.3883
1.39717
1.4068
1.41255
1.41501
1.41451
1.41286
1.41114
1.40829
1.40536
1.4043
1.40384
1.40417
1.40708
1.40867
1.40819
1.40794
1.40651
1.40225
1.39761
1.39629
1.39568
1.39532
1.39559
1.39614
1.39545
1.39405
1.39169
1.38767
1.38368
1.38122
1.379
1.37711
1.37523
1.37346
1.37167
1.36916
1.36591
1.36429
1.36369
1.36328
1.36314
1.3629
1.36233
1.36161
1.36036
1.35718
1.35177
1.34879
1.34731
1.34586
1.34466
1.34437
1.34346
1.34136
1.33945
1.33745
1.33452
1.32999
1.32682
1.32557
1.32477
1.32436
1.32442
1.32433
1.32392
1.32332
1.32242
1.32087
1.31751
1.31203
1.30891
1.30751
1.30603
1.30447
1.30325
1.30209
1.29999
1.29775
1.29543
1.29281
1.2896
1.28638
1.28442
1.28326
1.28239
1.28164
1.28094
1.28028
1.27963
1.27895
1.27809
1.27664
1.27355
1.2699
1.26806
1.26643
1.26446
1.26236
1.26059
1.25915
1.25744
1.25579
1.25419
1.25256
1.25085
1.24885
1.24595
1.24247
1.24023
1.23889
1.23752
1.2359
1.23444
1.23338
1.23245
1.23168
1.23111
1.23057
1.22993
1.22899
1.22761
1.22536
1.22144
1.21792
1.21598
1.21439
1.21297
1.21176
1.21071
1.20969
1.20835
1.20597
1.20305
1.2019
1.20151
1.20116
1.2008
1.20041
1.19988
1.19899
1.19701
1.19347
1.19129
1.19007
1.1888
1.18754
1.18642
1.18525
1.18407
1.18293
1.18175
1.18017
1.17753
1.17494
1.17379
1.17314
1.17265
1.17227
1.17201
1.17188
1.17184
1.17182
1.17179
1.17153
1.17012
1.16644
1.16387
1.16273
1.16135
1.15964
1.15797
1.15686
1.1567
1.15571
1.1546
1.15426
1.1541
1.1539
1.15325
1.151
1.14813
1.14721
1.14686
1.14657
1.14626
1.14579
1.14506
1.14404
1.14268
1.14082
1.13783
1.13384
1.13175
1.13103
1.1306
1.1303
1.13016
1.13006
1.1299
1.12958
1.12909
1.12841
1.12724
1.12559
1.12385
1.63671
1.63172
1.62676
1.62191
1.61702
1.61224
1.60761
1.6025
1.59705
1.59175
1.58694
1.58304
1.58037
1.57816
1.57469
1.57013
1.56479
1.55861
1.55272
1.54836
1.54531
1.54296
1.53995
1.53592
1.53107
1.52531
1.51893
1.51329
1.5088
1.50518
1.50224
1.49879
1.49421
1.48892
1.48291
1.47586
1.46794
1.46135
1.45703
1.45406
1.4522
1.45069
1.44866
1.4461
1.44293
1.43849
1.43166
1.42444
1.42041
1.41788
1.41588
1.4145
1.41347
1.41202
1.40976
1.4066
1.40195
1.3943
1.3852
1.38038
1.37747
1.37548
1.3744
1.37196
1.36866
1.36479
1.35954
1.35138
1.34348
1.34018
1.33834
1.33762
1.3375
1.3365
1.33486
1.33274
1.32966
1.3241
1.31553
1.31067
1.30899
1.30784
1.30737
1.30679
1.30543
1.30362
1.30137
1.29824
1.29301
1.28531
1.28021
1.27783
1.27574
1.27382
1.27183
1.2695
1.26693
1.26414
1.26098
1.25662
1.24978
1.24381
1.24136
1.23971
1.2385
1.23736
1.23606
1.2347
1.23315
1.23108
1.22747
1.22226
1.21918
1.21764
1.21621
1.21471
1.21306
1.21128
1.2093
1.20672
1.20263
1.19803
1.1952
1.19314
1.1912
1.18909
1.18677
1.18433
1.18174
1.17864
1.17409
1.16864
1.16562
1.16378
1.16207
1.16056
1.15916
1.15775
1.15622
1.15439
1.15165
1.14697
1.14215
1.13992
1.13856
1.13725
1.13589
1.13445
1.13286
1.13108
1.12889
1.12555
1.11986
1.11398
1.11092
1.10881
1.10692
1.1051
1.10335
1.10166
1.10003
1.09868
1.09734
1.09547
1.09168
1.08927
1.08929
1.08972
1.09141
1.09445
1.09876
1.10752
1.11942
1.1338
1.15276
1.17309
1.19611
1.22164
1.24262
1.26626
1.2936
1.30978
1.32727
1.34562
1.35165
1.36034
1.36806
1.36995
1.37382
1.37775
1.38176
1.38817
1.39367
1.39532
1.39543
1.3941
1.39023
1.38537
1.38378
1.38381
1.38398
1.38459
1.38699
1.38734
1.38587
1.3839
1.38047
1.3749
1.37061
1.36872
1.36713
1.36594
1.36526
1.36407
1.36281
1.36124
1.35869
1.35694
1.35618
1.35542
1.3547
1.35391
1.35311
1.35197
1.34936
1.34463
1.34183
1.34071
1.33973
1.33907
1.33899
1.33875
1.33753
1.33593
1.33411
1.33131
1.32653
1.3228
1.32143
1.32038
1.31957
1.31939
1.31923
1.3186
1.31782
1.31683
1.31521
1.31158
1.30627
1.30415
1.30324
1.30224
1.30125
1.30072
1.30016
1.29857
1.29669
1.29464
1.29218
1.28864
1.28455
1.28239
1.28124
1.2803
1.27946
1.27869
1.27798
1.27733
1.27666
1.27583
1.27436
1.27113
1.26721
1.26532
1.26379
1.26202
1.26029
1.25892
1.25743
1.25587
1.25437
1.25283
1.25121
1.24939
1.24687
1.24301
1.23939
1.23771
1.23675
1.23589
1.2351
1.23423
1.23312
1.23175
1.23018
1.22856
1.22711
1.22584
1.22462
1.22326
1.2217
1.21985
1.2172
1.21387
1.21149
1.20991
1.20853
1.20724
1.20608
1.20518
1.2045
1.20376
1.20264
1.20092
1.19853
1.19642
1.19519
1.1942
1.19323
1.19223
1.19101
1.18907
1.18628
1.18418
1.18297
1.18187
1.18075
1.17958
1.17835
1.17706
1.17568
1.17388
1.17108
1.16897
1.16833
1.16792
1.16761
1.16731
1.16698
1.16664
1.16629
1.16584
1.16508
1.16327
1.15937
1.15636
1.15517
1.15385
1.15222
1.15074
1.15012
1.14989
1.14862
1.14766
1.14729
1.14701
1.14669
1.14607
1.14428
1.14145
1.14022
1.13993
1.13974
1.13952
1.1392
1.13867
1.13786
1.13663
1.13476
1.1318
1.12837
1.12646
1.1256
1.1251
1.12476
1.12446
1.12408
1.12365
1.12313
1.12245
1.12137
1.11958
1.11811
1.11716
1.64075
1.63576
1.63055
1.6254
1.62082
1.61735
1.615
1.61144
1.60645
1.60099
1.59558
1.59092
1.58739
1.58534
1.5837
1.58012
1.57517
1.5691
1.56294
1.55815
1.55472
1.55291
1.5515
1.54829
1.54376
1.53785
1.53077
1.52495
1.5207
1.51746
1.51546
1.51281
1.50827
1.50278
1.49606
1.48778
1.48018
1.47534
1.47215
1.47047
1.46955
1.46766
1.46489
1.46143
1.45648
1.44887
1.44185
1.43878
1.43721
1.43636
1.43496
1.43287
1.43065
1.42833
1.42536
1.42122
1.4154
1.40776
1.40117
1.39722
1.39405
1.39156
1.38964
1.38683
1.38329
1.37915
1.37363
1.36574
1.35934
1.3565
1.35459
1.3536
1.35298
1.3516
1.34959
1.34702
1.34321
1.33645
1.32918
1.32644
1.32497
1.32418
1.32348
1.32195
1.32
1.31769
1.31482
1.31086
1.30507
1.29875
1.29461
1.29186
1.28934
1.28689
1.28452
1.28218
1.27971
1.27704
1.27411
1.27051
1.26493
1.25791
1.25437
1.25261
1.25128
1.25023
1.24894
1.24748
1.24583
1.24369
1.24027
1.23497
1.23089
1.22893
1.22728
1.22563
1.2239
1.22207
1.22008
1.21761
1.21384
1.20906
1.20573
1.20363
1.20169
1.19962
1.19739
1.19501
1.1924
1.18915
1.18434
1.17875
1.17613
1.17445
1.17276
1.17111
1.16957
1.16804
1.16634
1.16425
1.1611
1.15631
1.15221
1.15028
1.14889
1.14753
1.14612
1.14463
1.14303
1.1412
1.13879
1.13488
1.1289
1.12442
1.12227
1.12043
1.11855
1.11665
1.11473
1.11273
1.11063
1.10835
1.10584
1.10252
1.09766
1.09278
1.09047
1.0892
1.08811
1.08696
1.08662
1.08637
1.08631
1.08603
1.08559
1.08464
1.0833
1.08447
1.08853
1.09565
1.10843
1.12433
1.14235
1.16529
1.1855
1.20639
1.23138
1.2495
1.26704
1.28926
1.30312
1.31692
1.33578
1.34387
1.35003
1.35676
1.35856
1.35961
1.35944
1.35764
1.35822
1.3604
1.36375
1.36726
1.36767
1.36747
1.36673
1.36414
1.36089
1.35959
1.35869
1.35803
1.35845
1.35819
1.35699
1.35549
1.35291
1.3496
1.3479
1.34674
1.34563
1.34453
1.34349
1.34238
1.34063
1.33704
1.33307
1.33154
1.33083
1.33043
1.33041
1.33069
1.33047
1.32944
1.32796
1.32566
1.3211
1.31635
1.31461
1.31347
1.31243
1.3119
1.31172
1.31103
1.31016
1.30919
1.30794
1.30546
1.30065
1.29737
1.29637
1.2955
1.29476
1.29469
1.29548
1.29498
1.29365
1.292
1.28989
1.28641
1.28134
1.27839
1.27719
1.27626
1.27545
1.27477
1.27408
1.2734
1.27271
1.27187
1.27056
1.2678
1.26365
1.26139
1.26005
1.2586
1.25721
1.25606
1.25471
1.25334
1.252
1.25063
1.24913
1.24712
1.24369
1.23943
1.23722
1.23629
1.23559
1.23492
1.23411
1.23291
1.23123
1.22964
1.22809
1.22658
1.22532
1.22403
1.22271
1.22145
1.22
1.21747
1.21315
1.21016
1.20876
1.20752
1.20631
1.20521
1.20422
1.20329
1.20229
1.2011
1.19955
1.19703
1.19459
1.1933
1.19212
1.19085
1.18954
1.18819
1.18678
1.18526
1.18348
1.18126
1.17984
1.17901
1.1782
1.17733
1.17635
1.17522
1.17365
1.17081
1.16747
1.16607
1.16533
1.16461
1.16407
1.164
1.16386
1.16338
1.16288
1.16227
1.16114
1.15819
1.15336
1.15122
1.15032
1.14914
1.14778
1.14682
1.14676
1.14653
1.14494
1.14371
1.14291
1.14207
1.14077
1.13845
1.13611
1.1351
1.13476
1.13456
1.13433
1.13416
1.134
1.13368
1.13304
1.13185
1.12978
1.12705
1.12474
1.12296
1.12162
1.12065
1.11991
1.11922
1.11842
1.11765
1.11698
1.11612
1.11445
1.11181
1.11108
1.11057
1.64325
1.63807
1.63283
1.62824
1.62456
1.62232
1.62103
1.618
1.61348
1.60798
1.60242
1.59809
1.59481
1.59283
1.59131
1.58802
1.58324
1.57718
1.57095
1.56627
1.56305
1.56163
1.56081
1.55788
1.55352
1.54755
1.54022
1.53461
1.53068
1.52781
1.52653
1.52446
1.52014
1.51467
1.50746
1.49915
1.49333
1.48959
1.4873
1.48662
1.48527
1.48234
1.47855
1.47331
1.46544
1.4579
1.45459
1.45295
1.45272
1.45262
1.45094
1.44829
1.44468
1.43903
1.43278
1.42866
1.42521
1.42159
1.41768
1.4133
1.40887
1.40518
1.40195
1.3987
1.39509
1.39103
1.38602
1.37963
1.3745
1.37172
1.36976
1.36847
1.367
1.36494
1.36247
1.35929
1.35422
1.34687
1.3426
1.34082
1.3397
1.33903
1.33753
1.33543
1.33281
1.32902
1.3231
1.31711
1.3136
1.31102
1.30846
1.3057
1.30249
1.29899
1.29605
1.29351
1.29101
1.28839
1.28556
1.28226
1.27763
1.27134
1.26734
1.26543
1.26377
1.26223
1.26061
1.25882
1.2568
1.25423
1.25027
1.24481
1.24114
1.23916
1.23741
1.23564
1.23382
1.2319
1.22971
1.22674
1.2221
1.21738
1.21467
1.21278
1.21092
1.20892
1.20677
1.20448
1.20182
1.1981
1.19274
1.18789
1.18544
1.18372
1.18199
1.18024
1.17851
1.17676
1.17481
1.17232
1.16836
1.16315
1.15987
1.15817
1.15674
1.15533
1.15388
1.15238
1.15076
1.14883
1.14592
1.14093
1.1354
1.13253
1.13084
1.12921
1.12752
1.12576
1.12397
1.12215
1.12023
1.11799
1.11486
1.11019
1.1051
1.10197
1.09999
1.09814
1.09622
1.09429
1.09236
1.09047
1.08864
1.08673
1.08448
1.08144
1.07689
1.07375
1.07326
1.07283
1.07269
1.07301
1.07342
1.07429
1.07575
1.077
1.07964
1.08646
1.09628
1.11147
1.13062
1.14988
1.17454
1.19693
1.21569
1.23896
1.25319
1.26533
1.28248
1.29236
1.30058
1.3137
1.32334
1.32972
1.33678
1.34085
1.34275
1.34386
1.34319
1.34252
1.34302
1.34414
1.34649
1.34842
1.34813
1.34723
1.34523
1.34162
1.3393
1.33815
1.33695
1.33545
1.33371
1.33192
1.33
1.32707
1.32248
1.32012
1.31973
1.31958
1.3197
1.32024
1.3203
1.31996
1.31915
1.31759
1.31389
1.30823
1.30553
1.30433
1.3032
1.30224
1.30183
1.30226
1.30208
1.30137
1.3006
1.29921
1.29564
1.29063
1.28852
1.28781
1.2873
1.2871
1.2872
1.2868
1.28576
1.28439
1.28272
1.2802
1.27596
1.2724
1.27102
1.27006
1.26923
1.26855
1.26798
1.26729
1.26658
1.26576
1.26459
1.26217
1.25825
1.25614
1.25509
1.25405
1.25313
1.25205
1.25083
1.24965
1.24846
1.24715
1.2455
1.24274
1.23848
1.23561
1.23453
1.2338
1.23316
1.2325
1.23169
1.23073
1.22962
1.2283
1.22666
1.2247
1.22245
1.22015
1.21816
1.21657
1.21513
1.2134
1.21066
1.20748
1.2058
1.20469
1.20356
1.20243
1.20141
1.20057
1.19986
1.19915
1.1982
1.19636
1.19346
1.19135
1.18982
1.18827
1.18676
1.18538
1.18409
1.18281
1.18138
1.17948
1.17735
1.17604
1.17519
1.17432
1.17328
1.17204
1.1706
1.16909
1.16761
1.16609
1.16458
1.16328
1.16216
1.16114
1.16022
1.15943
1.15867
1.15774
1.15602
1.15263
1.15036
1.14982
1.14917
1.14829
1.1474
1.14697
1.14714
1.14651
1.14471
1.14317
1.14185
1.14036
1.13793
1.1338
1.1305
1.12959
1.12936
1.12926
1.12915
1.12895
1.12863
1.12814
1.12734
1.12597
1.12365
1.12032
1.11724
1.11525
1.11398
1.11332
1.11308
1.11352
1.11426
1.11405
1.11395
1.11355
1.11229
1.10929
1.10554
1.10354
1.64382
1.63925
1.63533
1.63208
1.62982
1.62827
1.62539
1.62123
1.6164
1.61203
1.6085
1.60555
1.60318
1.60082
1.59749
1.59327
1.58828
1.58297
1.57805
1.57401
1.57103
1.56952
1.56815
1.56496
1.56057
1.55465
1.54786
1.54292
1.5393
1.53673
1.53574
1.53383
1.5298
1.52452
1.51746
1.51066
1.50631
1.50321
1.50166
1.50093
1.4984
1.49454
1.48946
1.48201
1.47388
1.46979
1.46753
1.46671
1.46672
1.46542
1.46291
1.45957
1.4543
1.4462
1.44003
1.43711
1.43531
1.43431
1.43161
1.42787
1.4231
1.41702
1.41237
1.40913
1.40607
1.40275
1.399
1.39445
1.38939
1.38591
1.38345
1.38131
1.37913
1.37669
1.37386
1.37023
1.3647
1.35846
1.35547
1.35363
1.3523
1.35107
1.34914
1.34666
1.3435
1.33853
1.33116
1.32654
1.32437
1.32237
1.32012
1.31762
1.31482
1.3114
1.30713
1.30344
1.30072
1.29817
1.29554
1.2927
1.28939
1.28503
1.28027
1.27742
1.27543
1.27344
1.27135
1.2691
1.26653
1.26319
1.25834
1.25348
1.2508
1.24889
1.24703
1.24512
1.24315
1.241
1.23833
1.23421
1.22878
1.22559
1.22359
1.22169
1.21981
1.21782
1.21567
1.21326
1.21005
1.2049
1.19926
1.19603
1.19402
1.1923
1.19052
1.18868
1.18682
1.18491
1.18275
1.17989
1.17552
1.1706
1.16776
1.166
1.16441
1.16282
1.16115
1.15933
1.15728
1.15474
1.15094
1.14566
1.14198
1.14009
1.13849
1.13691
1.13528
1.13356
1.13172
1.12969
1.12736
1.12454
1.12061
1.11571
1.11245
1.11059
1.10894
1.10731
1.10564
1.10386
1.10189
1.09969
1.09714
1.09434
1.09074
1.086
1.08177
1.07927
1.07752
1.07589
1.07427
1.07259
1.07087
1.06924
1.06787
1.06623
1.06372
1.06041
1.05885
1.05823
1.05828
1.05894
1.06078
1.06494
1.07055
1.07726
1.08678
1.09798
1.11341
1.1325
1.15043
1.17245
1.1948
1.21195
1.23396
1.2521
1.26065
1.27348
1.2866
1.29085
1.29718
1.30649
1.31187
1.31732
1.32124
1.3218
1.32113
1.31892
1.31672
1.31633
1.31655
1.31771
1.31863
1.31824
1.31747
1.31572
1.31232
1.31046
1.30999
1.30974
1.30993
1.31012
1.31007
1.31006
1.30958
1.30794
1.30401
1.2988
1.29632
1.29525
1.29425
1.29326
1.29237
1.29128
1.28997
1.28832
1.28678
1.28594
1.28514
1.28346
1.28098
1.27925
1.27856
1.27794
1.27724
1.27643
1.2755
1.27443
1.27319
1.27143
1.268
1.26419
1.26271
1.26181
1.26101
1.26046
1.25996
1.25931
1.25859
1.25773
1.25638
1.25352
1.25029
1.24912
1.24837
1.24769
1.2471
1.24627
1.24535
1.2444
1.24333
1.24194
1.23937
1.23481
1.23154
1.23053
1.22986
1.22925
1.22868
1.22811
1.22748
1.22672
1.22573
1.22443
1.22282
1.22083
1.21823
1.21541
1.21339
1.21196
1.21073
1.20939
1.2072
1.20381
1.20179
1.20093
1.20011
1.1993
1.19857
1.19796
1.19744
1.19689
1.19613
1.19481
1.19237
1.18943
1.18734
1.18556
1.18386
1.18229
1.18088
1.17952
1.17808
1.17625
1.17419
1.17299
1.17233
1.17173
1.17106
1.17027
1.16929
1.16791
1.16544
1.16224
1.16052
1.15935
1.15818
1.15718
1.15628
1.15533
1.15438
1.15337
1.15213
1.15009
1.14653
1.14356
1.14269
1.14209
1.14136
1.14066
1.14046
1.1404
1.13943
1.13786
1.13643
1.13497
1.13267
1.12866
1.12609
1.1256
1.12539
1.12538
1.12553
1.12544
1.12525
1.1249
1.12422
1.12286
1.11994
1.11537
1.11252
1.11097
1.1096
1.10845
1.10769
1.10732
1.10701
1.10676
1.10651
1.10609
1.10517
1.10281
1.09971
1.09819
1.64337
1.6399
1.63719
1.63569
1.6341
1.63077
1.62661
1.62217
1.61845
1.61557
1.61365
1.61223
1.60934
1.60507
1.59996
1.59512
1.59134
1.58825
1.58491
1.58118
1.57772
1.57484
1.57235
1.56925
1.56517
1.56013
1.55463
1.55018
1.54668
1.5441
1.54279
1.54089
1.5373
1.53256
1.52654
1.52125
1.51756
1.51482
1.51341
1.51185
1.50846
1.50392
1.4977
1.48981
1.48448
1.4815
1.47968
1.4791
1.47782
1.47529
1.472
1.46716
1.45962
1.45278
1.44956
1.44735
1.44628
1.44512
1.44231
1.4387
1.43374
1.42697
1.42208
1.4192
1.41696
1.41449
1.41143
1.40768
1.40267
1.39788
1.39479
1.39217
1.38957
1.38681
1.38373
1.37991
1.37459
1.36965
1.36703
1.36495
1.36297
1.36084
1.35837
1.3555
1.35189
1.34654
1.34012
1.33662
1.33435
1.33223
1.33006
1.32767
1.32499
1.32167
1.31694
1.31203
1.30902
1.30662
1.30427
1.30184
1.29928
1.29639
1.2927
1.28818
1.2847
1.28227
1.27996
1.27752
1.2748
1.27146
1.26693
1.26203
1.25902
1.25701
1.25505
1.253
1.25088
1.24854
1.24551
1.24066
1.2355
1.23301
1.23109
1.22921
1.22733
1.22534
1.22315
1.22057
1.21676
1.21081
1.20595
1.2035
1.20154
1.19967
1.19776
1.1958
1.1938
1.19167
1.1891
1.18534
1.18028
1.17675
1.17481
1.17315
1.17156
1.16997
1.16831
1.16639
1.16361
1.15852
1.15224
1.14921
1.14758
1.14603
1.14447
1.14292
1.14135
1.13973
1.13793
1.13565
1.13195
1.12557
1.12082
1.11892
1.11733
1.1157
1.11409
1.11256
1.111
1.1093
1.10745
1.10552
1.10342
1.10058
1.096
1.09135
1.08884
1.08698
1.08513
1.08316
1.08098
1.07829
1.07505
1.07198
1.06973
1.06777
1.06552
1.0621
1.05745
1.05464
1.05337
1.05232
1.05173
1.05148
1.0511
1.05029
1.04922
1.04668
1.04354
1.04333
1.04424
1.04661
1.05256
1.06178
1.0728
1.08641
1.10027
1.11571
1.13564
1.15337
1.17048
1.19282
1.2102
1.2254
1.24593
1.25583
1.26083
1.27044
1.27649
1.27901
1.28428
1.29
1.2956
1.29945
1.3001
1.2993
1.2969
1.29488
1.2947
1.29517
1.29681
1.2994
1.29982
1.29981
1.29972
1.2986
1.2947
1.2905
1.28858
1.287
1.28563
1.28447
1.28328
1.28194
1.28021
1.27785
1.27456
1.27158
1.2705
1.27006
1.26977
1.26955
1.26927
1.26885
1.26817
1.26722
1.266
1.26462
1.26299
1.26041
1.25706
1.25521
1.2543
1.25344
1.25259
1.25179
1.25107
1.2505
1.24988
1.24906
1.24748
1.2441
1.24153
1.2408
1.24019
1.23966
1.23921
1.23861
1.23793
1.23714
1.23613
1.23414
1.22976
1.22545
1.22404
1.22337
1.2228
1.22238
1.22203
1.22159
1.22106
1.22041
1.21964
1.2187
1.2174
1.21478
1.2112
1.20905
1.20759
1.20628
1.2051
1.20395
1.20238
1.19968
1.19689
1.19577
1.19517
1.19462
1.19418
1.19383
1.19353
1.19316
1.19257
1.19148
1.1894
1.18656
1.18434
1.18255
1.18087
1.1793
1.17781
1.17617
1.17385
1.17123
1.16987
1.16929
1.16886
1.16847
1.16803
1.16742
1.16659
1.16542
1.1636
1.1605
1.15753
1.15606
1.15485
1.15365
1.15252
1.15138
1.15015
1.14878
1.14734
1.14581
1.14387
1.14142
1.13967
1.13908
1.13866
1.13818
1.13757
1.13674
1.13574
1.1347
1.13349
1.13206
1.1305
1.12826
1.12524
1.12291
1.12168
1.12086
1.12027
1.11993
1.11971
1.11945
1.11895
1.11785
1.11541
1.11209
1.10996
1.10811
1.1062
1.10462
1.1036
1.10305
1.10271
1.10243
1.10217
1.10186
1.10141
1.10053
1.0992
1.09676
1.64249
1.63961
1.638
1.63742
1.63498
1.63117
1.62675
1.62279
1.61976
1.61773
1.61693
1.61514
1.61151
1.60682
1.60173
1.59758
1.59442
1.59248
1.59028
1.58655
1.58221
1.57806
1.57472
1.57207
1.56914
1.56532
1.56096
1.55645
1.55253
1.54942
1.54732
1.54551
1.54255
1.53859
1.53367
1.52894
1.52543
1.52279
1.52112
1.51887
1.51515
1.51035
1.50395
1.49763
1.49378
1.49107
1.48954
1.48827
1.48583
1.48264
1.47836
1.47181
1.46476
1.46116
1.45872
1.45725
1.45604
1.45348
1.45018
1.44577
1.43962
1.43456
1.43169
1.42956
1.42764
1.42503
1.42181
1.4176
1.41174
1.40696
1.40406
1.40143
1.39873
1.39586
1.39266
1.3886
1.38329
1.37907
1.37648
1.37413
1.37172
1.36914
1.36629
1.36305
1.35895
1.35332
1.34833
1.34559
1.34329
1.34104
1.33872
1.33624
1.33349
1.33002
1.32479
1.31896
1.31585
1.31364
1.31153
1.30937
1.30708
1.30463
1.30177
1.29785
1.29279
1.28871
1.28594
1.28345
1.28085
1.278
1.27466
1.27046
1.26623
1.26353
1.26138
1.25921
1.25693
1.25443
1.25129
1.24665
1.24194
1.23951
1.23752
1.23551
1.23348
1.23135
1.22897
1.22599
1.22151
1.21569
1.21178
1.20956
1.20758
1.2056
1.20357
1.20149
1.19932
1.1969
1.19375
1.18914
1.18456
1.18204
1.18021
1.17848
1.17678
1.17504
1.17318
1.17095
1.16762
1.16204
1.15706
1.15491
1.15328
1.15165
1.14997
1.14824
1.14641
1.14442
1.14213
1.13894
1.1335
1.12778
1.12544
1.12387
1.12228
1.12074
1.11923
1.11773
1.11615
1.11439
1.11212
1.10828
1.10218
1.09843
1.09691
1.09554
1.09413
1.09263
1.09109
1.08946
1.0876
1.08532
1.08221
1.07838
1.07536
1.07326
1.07122
1.06853
1.06445
1.06003
1.05741
1.05562
1.05392
1.05236
1.05086
1.04928
1.04745
1.0447
1.04034
1.0368
1.03542
1.03505
1.03485
1.03434
1.03374
1.03324
1.03225
1.03065
1.03097
1.03345
1.03791
1.04543
1.05754
1.07113
1.08591
1.10236
1.11644
1.13279
1.15077
1.16482
1.18165
1.19967
1.21292
1.22774
1.2445
1.24877
1.25328
1.25906
1.26016
1.26243
1.26725
1.27147
1.27557
1.27841
1.27857
1.27769
1.27565
1.27358
1.27325
1.27315
1.27323
1.27468
1.27505
1.27407
1.27273
1.27046
1.26624
1.26174
1.26056
1.26017
1.25998
1.26012
1.26031
1.26051
1.26058
1.26036
1.25911
1.25555
1.25094
1.24879
1.2479
1.24716
1.24639
1.2457
1.24493
1.24394
1.24268
1.2408
1.23746
1.23431
1.23344
1.23298
1.23247
1.23193
1.23135
1.23087
1.23045
1.22991
1.22924
1.22824
1.2259
1.22086
1.21714
1.21621
1.21559
1.21499
1.21455
1.21444
1.21444
1.21418
1.2138
1.21334
1.21268
1.21122
1.20768
1.20423
1.20274
1.20161
1.20043
1.19922
1.1981
1.19711
1.19605
1.19436
1.19153
1.18899
1.1879
1.18736
1.18718
1.18717
1.18726
1.18746
1.18738
1.18696
1.18576
1.18348
1.18058
1.17832
1.17655
1.1748
1.17281
1.1702
1.16754
1.16611
1.16559
1.16532
1.16513
1.16497
1.16479
1.16454
1.16412
1.16343
1.16212
1.15906
1.15392
1.15091
1.14964
1.14845
1.14726
1.14644
1.14649
1.14609
1.14477
1.14384
1.14307
1.14205
1.14019
1.13767
1.13629
1.13576
1.13526
1.13459
1.13356
1.13229
1.13088
1.12913
1.1268
1.12379
1.1209
1.11927
1.1184
1.11788
1.11756
1.11734
1.1171
1.11683
1.11643
1.11574
1.11454
1.11254
1.10973
1.10655
1.10418
1.10271
1.10165
1.10079
1.09991
1.09896
1.09806
1.0973
1.0966
1.09577
1.09449
1.09174
1.64235
1.6398
1.63873
1.63813
1.63534
1.63138
1.6269
1.62316
1.62033
1.61861
1.61789
1.61559
1.61174
1.60709
1.6028
1.59939
1.59687
1.59541
1.59298
1.58919
1.58467
1.58017
1.5765
1.57369
1.5719
1.56957
1.5659
1.56151
1.55689
1.55321
1.55051
1.54866
1.54629
1.5429
1.53857
1.53388
1.5303
1.52759
1.52562
1.52307
1.51937
1.51472
1.50892
1.50386
1.50047
1.49802
1.4965
1.49447
1.49147
1.4877
1.48236
1.47566
1.4714
1.46867
1.46673
1.46516
1.46259
1.45935
1.4551
1.44922
1.44438
1.44167
1.43973
1.43815
1.43573
1.43264
1.42877
1.4232
1.41712
1.41367
1.41115
1.40878
1.40612
1.40319
1.39975
1.3951
1.38982
1.38644
1.38387
1.3813
1.37861
1.37573
1.37257
1.36873
1.3635
1.35836
1.35538
1.353
1.35066
1.34825
1.3457
1.34294
1.33973
1.33528
1.32893
1.32413
1.32169
1.31958
1.31751
1.31534
1.31303
1.31055
1.30771
1.30394
1.2987
1.29407
1.29116
1.28867
1.28614
1.28346
1.28043
1.27662
1.27207
1.26865
1.26632
1.26409
1.26177
1.25924
1.25621
1.25208
1.24738
1.24443
1.24239
1.24039
1.23834
1.2362
1.23386
1.23105
1.22711
1.22165
1.21703
1.21437
1.21225
1.2102
1.20812
1.20596
1.20358
1.20062
1.19632
1.19152
1.18873
1.18686
1.18508
1.18333
1.18155
1.17965
1.17733
1.17365
1.16765
1.16308
1.1611
1.15948
1.15788
1.15629
1.15467
1.15297
1.15105
1.14846
1.14379
1.13665
1.13265
1.1311
1.12955
1.1279
1.1263
1.12474
1.12315
1.12149
1.11968
1.11764
1.11502
1.11045
1.10401
1.10024
1.09839
1.09685
1.09538
1.09391
1.09242
1.09099
1.0896
1.0881
1.08602
1.08282
1.0795
1.07718
1.0752
1.0728
1.06921
1.06521
1.06281
1.06115
1.0595
1.05782
1.05611
1.05432
1.05234
1.04969
1.04573
1.04173
1.03932
1.03757
1.03583
1.03387
1.03166
1.02957
1.02707
1.0232
1.02099
1.02062
1.02045
1.02042
1.02064
1.02073
1.02049
1.02024
1.01992
1.01965
1.02168
1.02712
1.03552
1.04775
1.06303
1.07923
1.09845
1.11603
1.13172
1.15117
1.16429
1.17442
1.19068
1.20396
1.21254
1.22502
1.23525
1.23813
1.24398
1.24814
1.24836
1.25063
1.25335
1.25517
1.25673
1.25708
1.25663
1.25589
1.25416
1.2513
1.25037
1.25033
1.25035
1.25179
1.25418
1.25415
1.25417
1.25377
1.25176
1.24668
1.24211
1.24045
1.23902
1.23777
1.23726
1.2371
1.23651
1.2357
1.23457
1.23231
1.22714
1.22111
1.2192
1.21851
1.21809
1.21792
1.21855
1.22082
1.22123
1.22096
1.22059
1.21972
1.21651
1.20992
1.20647
1.20571
1.20511
1.20464
1.2045
1.20632
1.20774
1.20728
1.20699
1.20659
1.20537
1.20135
1.19611
1.19423
1.19338
1.19247
1.19151
1.19062
1.18961
1.1887
1.18792
1.18712
1.18582
1.1833
1.18072
1.17972
1.17938
1.17932
1.17931
1.1792
1.17844
1.17702
1.17575
1.17455
1.17317
1.17183
1.1704
1.16894
1.16747
1.16544
1.16174
1.15824
1.15755
1.15735
1.15722
1.15715
1.1571
1.15689
1.15654
1.156
1.15514
1.15364
1.15048
1.1467
1.14522
1.14429
1.14332
1.14213
1.14084
1.13959
1.13837
1.13735
1.13684
1.13652
1.13642
1.1362
1.1358
1.13522
1.13458
1.13391
1.13294
1.13085
1.12684
1.12297
1.12075
1.11904
1.11731
1.11603
1.11577
1.11587
1.116
1.11598
1.1159
1.11565
1.11496
1.11315
1.10985
1.10694
1.10511
1.10363
1.10229
1.10107
1.09991
1.09876
1.09785
1.09705
1.09624
1.09543
1.09435
1.09229
1.08995
1.08807
1.64498
1.6424
1.6412
1.64001
1.63671
1.63259
1.6281
1.62427
1.62125
1.61917
1.61824
1.61621
1.61263
1.60846
1.60466
1.60156
1.5993
1.59748
1.59451
1.59064
1.58618
1.58189
1.57834
1.57556
1.574
1.57246
1.56915
1.5649
1.56
1.55605
1.55318
1.55106
1.54854
1.54514
1.54089
1.53651
1.53313
1.53046
1.52844
1.52593
1.52245
1.51821
1.51298
1.50827
1.50503
1.50267
1.50102
1.49861
1.4953
1.49103
1.48528
1.48045
1.47741
1.47504
1.47303
1.47036
1.46711
1.46299
1.45729
1.4522
1.44936
1.44734
1.44593
1.44375
1.44076
1.43713
1.43205
1.4256
1.42143
1.41879
1.41665
1.41431
1.41153
1.40836
1.40422
1.39885
1.39485
1.39219
1.38961
1.38691
1.384
1.38074
1.37664
1.37118
1.36648
1.36369
1.3613
1.35896
1.35655
1.35401
1.35128
1.34821
1.34427
1.3384
1.33202
1.32867
1.32635
1.32415
1.32194
1.31963
1.31719
1.31452
1.31138
1.30714
1.30184
1.29792
1.29536
1.29292
1.29042
1.28778
1.2848
1.28098
1.27628
1.27256
1.27008
1.26781
1.26547
1.26295
1.26
1.25608
1.25124
1.24769
1.24549
1.24345
1.24135
1.23918
1.23689
1.2344
1.23148
1.22765
1.22283
1.21872
1.21601
1.21377
1.21159
1.20931
1.20663
1.20275
1.19765
1.19427
1.1923
1.19048
1.18869
1.18691
1.18505
1.18298
1.18028
1.17596
1.16998
1.16627
1.16432
1.16257
1.16087
1.15919
1.15749
1.1557
1.15363
1.1505
1.14477
1.13854
1.13598
1.13436
1.13283
1.13138
1.12991
1.12834
1.12657
1.12456
1.12234
1.11943
1.11467
1.10948
1.10683
1.10508
1.10321
1.10109
1.09881
1.09672
1.09473
1.09236
1.089
1.08608
1.08462
1.08346
1.08236
1.08121
1.0799
1.07806
1.07494
1.06963
1.06396
1.06104
1.05934
1.05776
1.05625
1.05482
1.05343
1.05205
1.05065
1.04909
1.04715
1.04483
1.04174
1.03684
1.03095
1.02802
1.02656
1.02541
1.02443
1.02348
1.02236
1.02072
1.01874
1.01721
1.0161
1.01498
1.01276
1.00842
1.00549
1.00445
1.00382
1.00361
1.00387
1.00502
1.0068
1.00936
1.01371
1.01997
1.0275
1.03587
1.04745
1.06292
1.077
1.09366
1.11254
1.12659
1.14418
1.16302
1.17219
1.18338
1.19946
1.20575
1.21261
1.2218
1.22387
1.22655
1.23073
1.23074
1.23088
1.23226
1.2336
1.23636
1.23927
1.23953
1.23921
1.23852
1.23685
1.23312
1.2303
1.22954
1.22896
1.22858
1.22951
1.23138
1.23093
1.22972
1.22824
1.22587
1.22086
1.21403
1.21138
1.2107
1.21033
1.2102
1.21084
1.21252
1.21232
1.21177
1.21108
1.2098
1.20595
1.19975
1.19757
1.19714
1.19676
1.19648
1.19697
1.19817
1.1975
1.19668
1.196
1.19524
1.19358
1.18924
1.18527
1.18424
1.18354
1.18278
1.18198
1.18126
1.1805
1.17967
1.17899
1.17834
1.17715
1.17504
1.17345
1.17263
1.17207
1.17158
1.17072
1.16913
1.16823
1.16775
1.16728
1.16672
1.1659
1.16476
1.16341
1.16198
1.16046
1.15849
1.1551
1.15121
1.15024
1.15013
1.1501
1.15004
1.14994
1.14987
1.14976
1.1496
1.14931
1.14863
1.14665
1.14233
1.1388
1.13752
1.13646
1.13548
1.13454
1.13356
1.13296
1.13248
1.13201
1.13153
1.13097
1.13019
1.12927
1.12845
1.1279
1.12747
1.12675
1.12456
1.12105
1.11917
1.11778
1.11601
1.11404
1.11271
1.11229
1.11216
1.11205
1.11188
1.11151
1.11068
1.10934
1.10777
1.10627
1.10489
1.10359
1.10233
1.10115
1.10008
1.09914
1.09819
1.09708
1.09571
1.09402
1.0919
1.08958
1.08805
1.0874
1.08633
1.65483
1.65181
1.64998
1.64776
1.64363
1.63902
1.63432
1.63017
1.62657
1.62376
1.6221
1.6201
1.61657
1.61262
1.60897
1.6058
1.60322
1.60065
1.59725
1.59319
1.58874
1.58472
1.58137
1.5787
1.57723
1.57587
1.57264
1.56843
1.56346
1.55923
1.55609
1.55343
1.55033
1.54652
1.54227
1.53845
1.53533
1.53283
1.53092
1.52837
1.52507
1.52112
1.51611
1.51146
1.50829
1.50598
1.50428
1.50166
1.49811
1.49349
1.48864
1.48525
1.48254
1.48018
1.47746
1.47426
1.47045
1.46523
1.45941
1.45593
1.45349
1.45186
1.45007
1.44722
1.44381
1.43938
1.43325
1.42824
1.42537
1.42304
1.42081
1.41817
1.41519
1.41136
1.40626
1.40206
1.39929
1.39667
1.39397
1.3911
1.38796
1.38405
1.37849
1.37344
1.37072
1.36839
1.36599
1.36346
1.36082
1.35805
1.35509
1.35172
1.34735
1.34154
1.33606
1.33271
1.3302
1.32782
1.32545
1.32298
1.32038
1.31756
1.31429
1.31002
1.30502
1.30131
1.29869
1.29623
1.29371
1.29103
1.28802
1.28429
1.27989
1.27631
1.27377
1.27145
1.26908
1.26657
1.26371
1.25992
1.25479
1.25069
1.2483
1.24619
1.24403
1.24179
1.2395
1.23716
1.23473
1.23196
1.22842
1.22415
1.22035
1.21739
1.2147
1.21189
1.20854
1.20416
1.20013
1.1977
1.19575
1.19383
1.19187
1.18983
1.18766
1.18522
1.18197
1.17688
1.17153
1.16878
1.16685
1.16499
1.16326
1.16163
1.15998
1.15809
1.15534
1.15031
1.14439
1.14182
1.14025
1.13856
1.13664
1.13437
1.13215
1.13035
1.12862
1.12661
1.12316
1.11799
1.11516
1.11387
1.11267
1.11129
1.10977
1.10805
1.10587
1.10309
1.0994
1.09406
1.09015
1.08871
1.08759
1.08645
1.08516
1.08371
1.08227
1.08086
1.07919
1.07649
1.07179
1.06585
1.06237
1.0608
1.05962
1.05845
1.05724
1.05618
1.05567
1.05501
1.05385
1.05224
1.04983
1.04571
1.03894
1.03337
1.03135
1.03022
1.02916
1.02826
1.0279
1.02721
1.02602
1.02476
1.02299
1.02026
1.01604
1.01
1.00603
1.00443
1.00314
1.00182
1.00055
0.99985
0.999259
0.998687
0.998536
0.998499
0.998026
0.996701
0.995045
0.994779
0.995261
0.996841
1.0003
1.00559
1.01258
1.02378
1.03711
1.05017
1.06735
1.08197
1.09594
1.11358
1.12447
1.13543
1.15225
1.16274
1.17096
1.1844
1.19521
1.20118
1.21034
1.21493
1.2159
1.21834
1.2187
1.21757
1.21678
1.21669
1.21698
1.21843
1.22168
1.22335
1.2229
1.22196
1.22096
1.21968
1.21681
1.2123
1.21011
1.20927
1.20842
1.20775
1.20765
1.20743
1.20659
1.20531
1.20354
1.20083
1.19617
1.19153
1.19012
1.18959
1.18925
1.18906
1.1897
1.19089
1.19051
1.18976
1.18885
1.18723
1.18324
1.17804
1.17612
1.1754
1.17473
1.17405
1.17353
1.17333
1.17291
1.17212
1.17092
1.16938
1.16854
1.16776
1.16697
1.16638
1.16603
1.16574
1.16509
1.16286
1.15882
1.15714
1.15667
1.15612
1.15552
1.15548
1.15627
1.15574
1.15473
1.15361
1.15193
1.14866
1.14376
1.14138
1.14103
1.14075
1.1406
1.14093
1.14157
1.14198
1.14201
1.14182
1.1408
1.13731
1.13213
1.12969
1.12864
1.12781
1.12726
1.12724
1.12777
1.12764
1.12724
1.12671
1.12607
1.12529
1.12443
1.12367
1.12312
1.1223
1.11986
1.11658
1.11553
1.11486
1.11379
1.11235
1.11047
1.10934
1.10897
1.10888
1.10885
1.1088
1.10854
1.10737
1.10461
1.10218
1.10118
1.10047
1.09978
1.09922
1.09886
1.09868
1.09811
1.09723
1.09603
1.09435
1.09153
1.08703
1.08456
1.08388
1.08362
1.08315
1.67604
1.67269
1.66909
1.66449
1.6592
1.65391
1.64898
1.64444
1.64027
1.63666
1.6337
1.63095
1.62777
1.62412
1.6204
1.61692
1.61362
1.6099
1.60581
1.60144
1.5971
1.59311
1.58951
1.58659
1.58492
1.58321
1.57961
1.57517
1.56996
1.56556
1.5621
1.55877
1.55506
1.55107
1.54717
1.54369
1.54056
1.53812
1.53612
1.53343
1.53005
1.52597
1.52079
1.51612
1.51294
1.5106
1.50862
1.50551
1.50164
1.49725
1.4935
1.49042
1.48759
1.48475
1.48163
1.478
1.47331
1.46734
1.4628
1.45986
1.45764
1.45608
1.45362
1.45043
1.44666
1.4415
1.43562
1.43206
1.42949
1.4273
1.4249
1.42188
1.41778
1.41268
1.40905
1.40644
1.40387
1.4012
1.39839
1.39532
1.39146
1.38573
1.38008
1.37714
1.3749
1.37295
1.37067
1.36805
1.36519
1.3619
1.35777
1.35275
1.34812
1.34452
1.34147
1.33862
1.33561
1.33208
1.32849
1.3255
1.32275
1.31992
1.31687
1.31335
1.30893
1.30455
1.30168
1.29935
1.29701
1.29451
1.2917
1.2883
1.28422
1.28057
1.2779
1.27553
1.27311
1.2704
1.26682
1.26159
1.25683
1.25423
1.2521
1.24996
1.24779
1.24557
1.24328
1.24088
1.2383
1.2355
1.23242
1.22894
1.22509
1.22158
1.21873
1.21573
1.21164
1.20685
1.20389
1.20203
1.20027
1.19848
1.19665
1.1947
1.19248
1.18936
1.18406
1.17861
1.17643
1.17489
1.17323
1.17153
1.16982
1.16806
1.16613
1.16392
1.16106
1.15705
1.1524
1.14803
1.14486
1.14301
1.14154
1.14007
1.13842
1.13613
1.13268
1.12703
1.1226
1.12106
1.12001
1.11917
1.11805
1.11669
1.11511
1.11236
1.10644
1.10035
1.09845
1.09743
1.09681
1.09613
1.09497
1.09376
1.09248
1.09087
1.08879
1.08595
1.08167
1.07694
1.07451
1.07332
1.0722
1.07068
1.06873
1.06687
1.06521
1.06341
1.06092
1.05714
1.05369
1.05173
1.05021
1.04873
1.04684
1.04363
1.04014
1.03804
1.03664
1.03526
1.03371
1.03192
1.0298
1.02724
1.02438
1.02139
1.01863
1.01673
1.0154
1.01395
1.01192
1.00918
1.00656
1.0048
1.00347
1.0022
1.00086
0.999268
0.996847
0.992907
0.990565
0.990188
0.990226
0.990565
0.990557
0.989797
0.988452
0.987784
0.98774
0.987636
0.988025
0.989075
0.990343
0.993522
0.999006
1.00636
1.01649
1.0302
1.04407
1.06103
1.07977
1.09497
1.11462
1.12794
1.13654
1.15101
1.16035
1.165
1.17382
1.17996
1.18304
1.19033
1.20027
1.20269
1.20342
1.20489
1.20491
1.20454
1.2031
1.20036
1.19943
1.19961
1.20062
1.20051
1.19962
1.19851
1.19787
1.19716
1.19606
1.1942
1.19116
1.1889
1.18757
1.18646
1.1856
1.18487
1.18407
1.18316
1.18228
1.18123
1.1798
1.17707
1.17388
1.17216
1.17137
1.17087
1.17037
1.1698
1.1691
1.16794
1.16538
1.16314
1.16225
1.16151
1.16117
1.16117
1.16026
1.15951
1.15917
1.15888
1.15831
1.15635
1.1514
1.14833
1.14787
1.1474
1.14703
1.14697
1.14728
1.14698
1.14608
1.14496
1.14368
1.14187
1.13875
1.13494
1.13331
1.13287
1.13271
1.13271
1.13288
1.13299
1.13293
1.13248
1.13132
1.12916
1.12627
1.12425
1.12312
1.12197
1.12008
1.11867
1.11833
1.11818
1.11825
1.1182
1.11806
1.11787
1.11771
1.11764
1.11756
1.11715
1.11506
1.11086
1.10892
1.10822
1.10728
1.10652
1.10686
1.10758
1.10708
1.10673
1.10658
1.10639
1.10585
1.10375
1.09912
1.09669
1.0962
1.09586
1.09564
1.09554
1.09589
1.09646
1.09605
1.09496
1.09349
1.09168
1.08918
1.08495
1.08061
1.07934
1.07905
1.07845
1.70864
1.70379
1.69778
1.69103
1.68426
1.678
1.67249
1.66773
1.6635
1.65948
1.65558
1.65186
1.6483
1.64481
1.64134
1.63729
1.63236
1.62726
1.62233
1.61772
1.61341
1.60931
1.60553
1.60256
1.60074
1.59803
1.59359
1.58858
1.58333
1.57876
1.5746
1.57043
1.56613
1.56189
1.55797
1.55451
1.55172
1.54951
1.54683
1.54345
1.53966
1.5352
1.52987
1.52512
1.52158
1.51866
1.5166
1.51427
1.51093
1.5075
1.50422
1.50098
1.49763
1.49403
1.49003
1.48537
1.47973
1.47409
1.47011
1.46697
1.46451
1.4628
1.46007
1.45661
1.45218
1.4472
1.44415
1.44157
1.43855
1.43496
1.43048
1.4249
1.42026
1.41726
1.41481
1.41237
1.40972
1.4069
1.40379
1.39992
1.39429
1.3882
1.38492
1.38265
1.38072
1.37843
1.37583
1.37302
1.36981
1.36588
1.36108
1.35656
1.35335
1.3507
1.34772
1.34374
1.33907
1.33565
1.33298
1.33037
1.32768
1.32493
1.3221
1.31917
1.31598
1.31224
1.30772
1.30328
1.29978
1.29664
1.29342
1.29049
1.2882
1.2861
1.28399
1.28184
1.27958
1.2771
1.27409
1.2697
1.26343
1.2583
1.25556
1.25327
1.25096
1.2486
1.24637
1.24436
1.24247
1.24061
1.23869
1.23661
1.23401
1.22968
1.22188
1.21563
1.2134
1.21166
1.20993
1.20816
1.20637
1.20455
1.20271
1.20085
1.19886
1.1965
1.19309
1.18754
1.18078
1.17679
1.17467
1.17279
1.17076
1.16853
1.16656
1.16502
1.16376
1.16272
1.16129
1.15943
1.15697
1.15377
1.14957
1.1439
1.13789
1.13494
1.13353
1.13231
1.1316
1.13147
1.1315
1.13041
1.12876
1.12706
1.12509
1.12203
1.11597
1.10789
1.1039
1.10228
1.10094
1.09971
1.09872
1.09858
1.09875
1.09757
1.09624
1.09428
1.09138
1.08784
1.08451
1.08161
1.07864
1.07483
1.06992
1.0662
1.06435
1.0631
1.06203
1.06095
1.06001
1.05914
1.05796
1.05529
1.05008
1.04674
1.04543
1.04428
1.04309
1.04181
1.04049
1.03907
1.03703
1.03309
1.02978
1.02916
1.02878
1.02828
1.02738
1.02621
1.02466
1.02238
1.01919
1.01634
1.01453
1.01299
1.01127
1.00917
1.00622
1.00167
0.996682
0.994285
0.993238
0.992384
0.991608
0.990959
0.990132
0.988973
0.98764
0.986137
0.983872
0.980178
0.977376
0.976106
0.975144
0.974069
0.973543
0.973789
0.974687
0.976534
0.980097
0.984941
0.992853
1.00255
1.01015
1.02048
1.03417
1.04571
1.0595
1.07496
1.08724
1.10247
1.12373
1.13282
1.14013
1.15338
1.162
1.16493
1.1697
1.17853
1.18251
1.18486
1.1889
1.19117
1.19114
1.18942
1.18873
1.18875
1.18831
1.18754
1.18662
1.18615
1.1865
1.18819
1.18873
1.18787
1.18611
1.18377
1.18061
1.17567
1.17189
1.17115
1.17059
1.16998
1.17001
1.17055
1.17033
1.16992
1.16914
1.16712
1.16185
1.15547
1.15356
1.15269
1.15207
1.15219
1.15463
1.15638
1.15604
1.15561
1.15501
1.15333
1.14804
1.14097
1.13928
1.13909
1.13896
1.13895
1.14016
1.14221
1.14203
1.14101
1.14002
1.13911
1.13804
1.13595
1.13148
1.12636
1.12496
1.12493
1.12485
1.12477
1.12489
1.12552
1.12518
1.12465
1.12403
1.12328
1.12228
1.12071
1.1178
1.11317
1.11035
1.1098
1.10943
1.10927
1.10962
1.11209
1.11331
1.11319
1.11335
1.11328
1.11208
1.10744
1.10183
1.10015
1.09957
1.09908
1.09879
1.09915
1.09981
1.09964
1.09951
1.09932
1.09881
1.09743
1.09399
1.09046
1.08994
1.08988
1.08985
1.08988
1.09105
1.09323
1.09353
1.09261
1.0913
1.08992
1.08813
1.0843
1.07891
1.07726
1.07717
1.07687
1.73705
1.73056
1.72379
1.71737
1.71185
1.70734
1.70357
1.70013
1.69659
1.69269
1.68839
1.68381
1.67915
1.67449
1.66955
1.66406
1.65834
1.65271
1.64738
1.64247
1.63801
1.63406
1.63069
1.62808
1.6248
1.61962
1.61406
1.60855
1.60348
1.59886
1.59456
1.59032
1.58601
1.58177
1.57784
1.57465
1.57246
1.56988
1.56592
1.56147
1.55665
1.55134
1.5459
1.54124
1.53722
1.53358
1.53061
1.5284
1.52565
1.52218
1.51862
1.51502
1.51129
1.50733
1.50299
1.4979
1.49246
1.48827
1.48485
1.48182
1.4795
1.4772
1.47401
1.47041
1.46637
1.46187
1.45696
1.45204
1.44742
1.44319
1.43962
1.43667
1.43428
1.43231
1.42998
1.42713
1.42412
1.42091
1.41729
1.41257
1.40621
1.40144
1.39868
1.39632
1.39423
1.39147
1.38837
1.38478
1.38014
1.37567
1.37281
1.37047
1.368
1.36492
1.36069
1.35486
1.34952
1.34629
1.34369
1.34127
1.33895
1.3366
1.33427
1.33194
1.32949
1.32635
1.3212
1.31482
1.31063
1.30787
1.30537
1.3028
1.29971
1.29617
1.29325
1.29082
1.28849
1.28608
1.28346
1.28021
1.27525
1.26981
1.26689
1.26464
1.26248
1.26035
1.25823
1.25586
1.25263
1.2491
1.24618
1.24347
1.24048
1.23656
1.23073
1.22406
1.2204
1.21853
1.21677
1.215
1.2134
1.21183
1.20996
1.20796
1.20588
1.20365
1.20109
1.19739
1.19111
1.1851
1.18273
1.18148
1.18014
1.1786
1.1767
1.17388
1.17114
1.16922
1.16753
1.16598
1.16447
1.16289
1.16079
1.15613
1.14845
1.14417
1.14265
1.14135
1.13983
1.13811
1.13619
1.13424
1.13243
1.13063
1.12868
1.12635
1.12313
1.11841
1.11382
1.11142
1.10982
1.10832
1.10708
1.10579
1.10392
1.10067
1.09661
1.09441
1.09325
1.09218
1.09117
1.08993
1.08844
1.08577
1.08054
1.07524
1.07302
1.07182
1.07063
1.069
1.06649
1.06371
1.06216
1.06115
1.06007
1.05863
1.05627
1.05337
1.05145
1.04993
1.04833
1.04655
1.04426
1.04116
1.03757
1.03469
1.03285
1.03137
1.02985
1.02821
1.02621
1.02331
1.01961
1.01712
1.01581
1.01466
1.01346
1.01192
1.00945
1.00681
1.00555
1.00469
1.00373
1.00245
1.00087
0.998906
0.99555
0.990458
0.98653
0.984544
0.983074
0.98177
0.980821
0.979958
0.978901
0.977102
0.973276
0.969682
0.968976
0.968458
0.968045
0.968096
0.968195
0.96878
0.969404
0.969329
0.969512
0.969607
0.970568
0.972184
0.97576
0.981462
0.991112
1.00249
1.01392
1.02761
1.04267
1.05972
1.07408
1.08719
1.10498
1.12263
1.12819
1.13533
1.14572
1.14834
1.15174
1.15934
1.16306
1.16475
1.16742
1.1709
1.17584
1.1806
1.18184
1.18184
1.18078
1.17845
1.17508
1.16991
1.1657
1.16455
1.16405
1.1639
1.16565
1.17027
1.17142
1.1705
1.16892
1.16609
1.16105
1.15384
1.14876
1.14727
1.14638
1.14577
1.14639
1.14933
1.1507
1.15016
1.14938
1.14841
1.14604
1.14031
1.13464
1.13329
1.13283
1.13225
1.13189
1.13229
1.13239
1.13192
1.13149
1.13109
1.13073
1.13007
1.12882
1.12586
1.12096
1.11802
1.11736
1.1168
1.11639
1.11626
1.11645
1.11722
1.11704
1.1166
1.11582
1.1147
1.11311
1.1101
1.10497
1.1018
1.10118
1.10079
1.10059
1.10114
1.1027
1.10286
1.10296
1.10295
1.10257
1.10109
1.09702
1.09259
1.09155
1.09123
1.091
1.09086
1.0912
1.09313
1.09379
1.09329
1.09265
1.09186
1.09022
1.08662
1.08462
1.0846
1.08471
1.08505
1.08597
1.08743
1.08896
1.08908
1.08825
1.08718
1.08574
1.08297
1.07929
1.07855
1.07865
1.07973
1.7516
1.74674
1.74237
1.73912
1.73718
1.73567
1.73344
1.73028
1.72641
1.72199
1.71709
1.71169
1.70587
1.69995
1.69428
1.68924
1.68495
1.68113
1.67747
1.67384
1.67028
1.6669
1.66383
1.65984
1.65396
1.64759
1.64127
1.63533
1.62995
1.62531
1.62137
1.61768
1.6138
1.60978
1.60609
1.60319
1.59973
1.59461
1.58914
1.58329
1.57755
1.57241
1.56783
1.56368
1.55989
1.55661
1.55413
1.55211
1.54878
1.54456
1.54013
1.53553
1.53082
1.52591
1.5207
1.51574
1.51159
1.50794
1.50482
1.5025
1.50014
1.4965
1.49258
1.4885
1.4841
1.47911
1.47332
1.4672
1.4623
1.45872
1.45568
1.45324
1.45168
1.44973
1.44657
1.44328
1.43992
1.43635
1.43221
1.42669
1.42002
1.41561
1.41279
1.41034
1.40851
1.4071
1.40476
1.40186
1.39885
1.39566
1.3922
1.38822
1.3832
1.37673
1.36985
1.36561
1.36294
1.36058
1.35903
1.35803
1.35581
1.35311
1.35033
1.34734
1.34386
1.33908
1.33147
1.32278
1.31866
1.31667
1.31501
1.31407
1.31408
1.31314
1.31112
1.30889
1.30656
1.30406
1.30109
1.29639
1.28751
1.27783
1.27385
1.27178
1.2699
1.26854
1.26823
1.26813
1.26666
1.26464
1.26244
1.26009
1.25719
1.2524
1.24376
1.23601
1.2335
1.23191
1.23037
1.22908
1.22826
1.22726
1.22565
1.22384
1.22194
1.21997
1.21785
1.21524
1.21113
1.20382
1.19526
1.1902
1.18806
1.18662
1.18538
1.18482
1.18454
1.18332
1.18173
1.18018
1.17853
1.17627
1.17177
1.16437
1.16052
1.15916
1.15764
1.15549
1.15315
1.1508
1.14835
1.14574
1.14352
1.14192
1.14044
1.13894
1.13716
1.13475
1.13126
1.12664
1.12204
1.11743
1.11229
1.10821
1.10618
1.10483
1.10378
1.10309
1.10251
1.10165
1.10068
1.09974
1.0987
1.0971
1.09377
1.08968
1.08717
1.08538
1.0835
1.0811
1.07787
1.07349
1.06912
1.06673
1.0652
1.06383
1.06251
1.06136
1.06061
1.05992
1.05856
1.05662
1.0537
1.04999
1.04652
1.04343
1.04051
1.03842
1.03705
1.03579
1.03405
1.03059
1.02625
1.02406
1.02277
1.02151
1.02021
1.01891
1.01755
1.01582
1.01294
1.01019
1.009
1.0079
1.00626
1.00345
0.998794
0.9947
0.992921
0.99184
0.99084
0.989744
0.988479
0.987084
0.985343
0.982215
0.976274
0.97181
0.970431
0.969412
0.968532
0.96788
0.967366
0.966947
0.966573
0.966171
0.965499
0.964852
0.964115
0.961285
0.955869
0.953389
0.953323
0.953456
0.953783
0.954666
0.956666
0.960333
0.965561
0.972141
0.983286
0.996089
1.00389
1.01305
1.02813
1.0391
1.0497
1.06752
1.08023
1.09242
1.10651
1.11636
1.12792
1.14438
1.14967
1.15241
1.15608
1.15749
1.15587
1.15552
1.156
1.15526
1.15572
1.15777
1.16218
1.16682
1.1674
1.16698
1.16569
1.16346
1.16076
1.15658
1.1512
1.14795
1.1466
1.14568
1.14529
1.14696
1.14977
1.14951
1.14813
1.14655
1.14473
1.14149
1.13582
1.13131
1.13002
1.12915
1.12806
1.12716
1.12628
1.12615
1.12603
1.12496
1.12411
1.12345
1.12267
1.12135
1.11837
1.11358
1.11112
1.11059
1.11022
1.11001
1.11014
1.11215
1.11381
1.11331
1.11259
1.11173
1.11061
1.10858
1.10342
1.09645
1.09435
1.09402
1.09381
1.09371
1.09436
1.09613
1.09612
1.09546
1.09472
1.09371
1.09168
1.08822
1.08661
1.08643
1.08632
1.08627
1.08664
1.08824
1.08941
1.08908
1.0884
1.08787
1.0872
1.08538
1.0833
1.08321
1.08387
1.08519
1.08693
1.08926
1.0923
1.09544
1.09926
1.10232
1.10486
1.10877
1.11427
1.12066
1.12723
1.14251
1.75705
1.75683
1.75761
1.75791
1.75681
1.75406
1.75029
1.74585
1.74105
1.73603
1.73098
1.72601
1.72134
1.71715
1.71379
1.71169
1.71044
1.70873
1.70602
1.70254
1.69859
1.69414
1.68868
1.68253
1.67618
1.6702
1.66491
1.66062
1.65738
1.65462
1.6518
1.64864
1.64511
1.64157
1.63817
1.63378
1.62816
1.62183
1.61507
1.60894
1.60361
1.5991
1.59552
1.5926
1.59003
1.58793
1.58586
1.58213
1.57735
1.57233
1.56687
1.56085
1.55447
1.5486
1.54365
1.53932
1.53573
1.53317
1.53198
1.53078
1.52734
1.5232
1.51881
1.51393
1.50834
1.50189
1.49508
1.48952
1.48541
1.48186
1.47897
1.47733
1.477
1.47512
1.47177
1.46825
1.46453
1.46024
1.45466
1.44717
1.44023
1.43616
1.43301
1.4302
1.4281
1.42713
1.42613
1.42369
1.4206
1.41736
1.41385
1.40948
1.4031
1.39413
1.38702
1.38339
1.3804
1.37774
1.37588
1.37513
1.37392
1.37144
1.36855
1.36553
1.36224
1.35812
1.35182
1.34291
1.33622
1.33293
1.33037
1.32806
1.32629
1.32527
1.32436
1.32273
1.32062
1.31829
1.31564
1.31237
1.30747
1.29986
1.29223
1.28777
1.28485
1.28229
1.27996
1.27791
1.27628
1.27494
1.27332
1.27138
1.26927
1.26691
1.26373
1.25877
1.25113
1.2441
1.24043
1.23799
1.23586
1.23399
1.23226
1.23064
1.22905
1.22736
1.22557
1.22363
1.22149
1.21896
1.21488
1.20879
1.20181
1.19713
1.19432
1.19206
1.19018
1.18859
1.18708
1.18557
1.18392
1.18209
1.18039
1.1787
1.17647
1.17303
1.1674
1.16136
1.158
1.15592
1.15393
1.15146
1.14837
1.14586
1.1442
1.14281
1.14153
1.14056
1.13997
1.1386
1.13656
1.13323
1.12706
1.12013
1.11662
1.11477
1.1131
1.11158
1.11008
1.10838
1.1066
1.10496
1.10291
1.09982
1.09588
1.09266
1.09065
1.0889
1.08687
1.08382
1.08001
1.07819
1.0773
1.07641
1.07547
1.07445
1.07317
1.0717
1.06995
1.06753
1.06384
1.05941
1.05612
1.05387
1.05179
1.04932
1.04547
1.04062
1.03861
1.03787
1.03721
1.03688
1.03642
1.03536
1.03416
1.03288
1.03153
1.03009
1.02856
1.02667
1.02338
1.01674
1.01036
1.00855
1.00769
1.00697
1.00619
1.00508
1.0041
1.00297
1.00172
1.00051
0.999255
0.997806
0.995776
0.991676
0.983688
0.977774
0.975996
0.974817
0.973707
0.972649
0.971568
0.970318
0.968663
0.966392
0.964346
0.962946
0.961565
0.959816
0.957087
0.953487
0.951468
0.950145
0.948897
0.94814
0.947825
0.947567
0.947577
0.94784
0.948311
0.948354
0.947808
0.947167
0.946419
0.945874
0.9474
0.953266
0.9627
0.972634
0.985894
0.999314
1.01408
1.03211
1.0435
1.05537
1.06926
1.07722
1.08527
1.09697
1.1094
1.11481
1.11945
1.12802
1.14058
1.14827
1.14867
1.14972
1.14971
1.14916
1.14816
1.14628
1.14503
1.14378
1.14226
1.14187
1.14193
1.1425
1.14382
1.14391
1.14285
1.14154
1.1404
1.13908
1.1367
1.13333
1.13091
1.12902
1.12675
1.12438
1.12298
1.12227
1.12217
1.12154
1.1202
1.11949
1.11914
1.11867
1.11739
1.1136
1.10739
1.1046
1.10391
1.10336
1.10304
1.10379
1.10493
1.1048
1.10426
1.10353
1.10266
1.10139
1.09842
1.0929
1.09039
1.09028
1.09024
1.09029
1.09103
1.09274
1.09404
1.09375
1.09294
1.09229
1.09145
1.0893
1.08749
1.0874
1.08767
1.08831
1.08923
1.09074
1.09297
1.09569
1.09947
1.10378
1.10812
1.11323
1.11904
1.12509
1.13228
1.14048
1.14898
1.1586
1.16843
1.17829
1.18997
1.19912
1.20764
1.21852
1.22812
1.23645
1.24449
1.2576
1.76654
1.76714
1.76683
1.76487
1.76144
1.75748
1.75288
1.74776
1.74288
1.73847
1.73428
1.73114
1.7301
1.73072
1.73153
1.73097
1.72821
1.72437
1.72012
1.71562
1.71069
1.7054
1.70021
1.69529
1.69072
1.68703
1.68479
1.68405
1.68327
1.68098
1.67731
1.67306
1.66876
1.66412
1.65882
1.65315
1.64765
1.64258
1.63782
1.63338
1.62947
1.62637
1.62399
1.62181
1.61928
1.61595
1.61156
1.60654
1.60095
1.59516
1.5896
1.5844
1.57952
1.57486
1.57053
1.56692
1.56426
1.56279
1.56171
1.55877
1.55471
1.55008
1.54474
1.53848
1.53169
1.52543
1.52012
1.51567
1.51163
1.50798
1.5052
1.50381
1.50291
1.50062
1.4974
1.49365
1.48931
1.48383
1.47663
1.46922
1.46403
1.4603
1.45694
1.45389
1.45145
1.44983
1.44838
1.44613
1.4431
1.43955
1.4355
1.43029
1.42297
1.41492
1.40938
1.40556
1.40227
1.39932
1.39691
1.39516
1.39339
1.39111
1.38847
1.38546
1.38207
1.37793
1.37226
1.3651
1.35913
1.35518
1.35206
1.34939
1.34701
1.34477
1.3423
1.33991
1.33753
1.33492
1.33199
1.3286
1.32442
1.31885
1.31266
1.30802
1.30461
1.30159
1.29874
1.29592
1.29304
1.29039
1.28786
1.28532
1.28269
1.27991
1.2769
1.27305
1.26784
1.26254
1.25877
1.2559
1.25331
1.25079
1.24815
1.24517
1.2422
1.23952
1.23703
1.23449
1.23178
1.22886
1.22561
1.22146
1.21683
1.21307
1.21025
1.20777
1.20532
1.20257
1.19924
1.19595
1.1933
1.19093
1.18855
1.18619
1.18389
1.18126
1.17793
1.17404
1.17057
1.16787
1.1655
1.16317
1.16059
1.15745
1.15447
1.15224
1.15025
1.14814
1.14588
1.14367
1.14145
1.13842
1.13357
1.12935
1.12747
1.12603
1.12463
1.12284
1.12054
1.1176
1.11383
1.10969
1.1062
1.10371
1.10185
1.10025
1.09866
1.09694
1.09499
1.09257
1.08927
1.08435
1.07931
1.07681
1.0754
1.07413
1.07274
1.07108
1.06876
1.06637
1.06496
1.06376
1.06271
1.06169
1.06035
1.05833
1.05447
1.04805
1.04199
1.03913
1.03748
1.03608
1.03487
1.03376
1.03278
1.03168
1.03044
1.02919
1.02789
1.02649
1.02484
1.02189
1.01581
1.00945
1.00678
1.00533
1.00408
1.00295
1.00197
1.00092
0.999824
0.998791
0.99777
0.996664
0.995255
0.993031
0.989371
0.985721
0.983833
0.982506
0.981197
0.979834
0.978384
0.976744
0.974568
0.971205
0.967297
0.9648
0.962995
0.961236
0.95953
0.957521
0.953763
0.948925
0.947143
0.946468
0.945841
0.945224
0.944704
0.944199
0.943315
0.942319
0.941395
0.940388
0.938494
0.934296
0.93031
0.929493
0.929485
0.929525
0.930214
0.931704
0.933547
0.936754
0.939893
0.943574
0.950267
0.959992
0.970347
0.980893
0.994642
1.01042
1.02241
1.03432
1.05318
1.06739
1.07385
1.08295
1.09867
1.10436
1.10575
1.11094
1.12098
1.12515
1.12422
1.12582
1.13031
1.13212
1.13151
1.1319
1.13216
1.1324
1.13294
1.13295
1.1323
1.13048
1.12897
1.12769
1.12607
1.12389
1.1218
1.1203
1.11921
1.11868
1.11852
1.11752
1.11648
1.11538
1.11391
1.11137
1.10669
1.10286
1.10209
1.10183
1.10179
1.1021
1.10279
1.10373
1.10387
1.10309
1.10213
1.10108
1.09878
1.09435
1.0925
1.09251
1.09282
1.09367
1.09504
1.09723
1.10027
1.10349
1.10727
1.11144
1.11457
1.11784
1.12152
1.1266
1.13372
1.14142
1.1492
1.15846
1.1695
1.18026
1.18968
1.19958
1.21144
1.2224
1.23114
1.23937
1.24952
1.25494
1.25896
1.26534
1.27281
1.27497
1.27734
1.28165
1.28617
1.29115
1.29635
1.30093
1.30281
1.3035
1.77343
1.77164
1.76842
1.76465
1.75986
1.75425
1.74931
1.74554
1.74238
1.74018
1.74008
1.74136
1.74265
1.74272
1.74029
1.73665
1.73255
1.72721
1.72115
1.71607
1.71199
1.70829
1.70525
1.70404
1.70492
1.70632
1.70585
1.70234
1.69793
1.69344
1.68825
1.68227
1.67673
1.67183
1.66745
1.66366
1.66083
1.65963
1.65942
1.65793
1.6544
1.65005
1.64537
1.64074
1.6357
1.63004
1.62457
1.6198
1.61572
1.61252
1.61024
1.60875
1.60684
1.60321
1.59891
1.5943
1.5897
1.58525
1.58054
1.57537
1.57044
1.56614
1.56251
1.5597
1.55747
1.55437
1.55044
1.54618
1.54155
1.53671
1.53209
1.52779
1.52338
1.51892
1.51497
1.51168
1.50892
1.50569
1.50187
1.49795
1.49411
1.49011
1.48588
1.48124
1.47607
1.47098
1.46651
1.46251
1.45889
1.45559
1.45235
1.44879
1.445
1.44097
1.4371
1.43325
1.42927
1.42494
1.41991
1.41446
1.40975
1.40595
1.4026
1.39961
1.39681
1.39387
1.39078
1.38735
1.38373
1.38032
1.37692
1.37325
1.36885
1.36309
1.35724
1.35313
1.34996
1.34706
1.34434
1.34173
1.339
1.33601
1.33257
1.32909
1.3258
1.32249
1.31888
1.31417
1.3078
1.30211
1.29864
1.29588
1.2933
1.29088
1.28855
1.28611
1.28342
1.28043
1.27742
1.27449
1.27145
1.26794
1.26287
1.25606
1.25113
1.2484
1.24601
1.24365
1.2413
1.23901
1.23676
1.23437
1.23189
1.22944
1.2269
1.224
1.21998
1.21351
1.20693
1.20356
1.20129
1.19908
1.19685
1.19463
1.19245
1.19022
1.18817
1.18632
1.18448
1.18246
1.17996
1.17584
1.16866
1.16262
1.15996
1.15794
1.15588
1.15368
1.15128
1.14876
1.1466
1.14473
1.14312
1.14171
1.1399
1.13765
1.13416
1.12799
1.12139
1.11784
1.11576
1.11387
1.11206
1.11039
1.10877
1.10714
1.1056
1.10413
1.10252
1.10082
1.09888
1.09559
1.08924
1.08252
1.07946
1.07774
1.07617
1.07465
1.07315
1.07172
1.07031
1.06871
1.0669
1.06493
1.0626
1.05925
1.05346
1.04689
1.04373
1.04201
1.04056
1.03926
1.03802
1.03684
1.0359
1.03514
1.03398
1.03265
1.03125
1.02959
1.02651
1.01974
1.01261
1.01008
1.00881
1.00761
1.00642
1.0053
1.00413
1.00291
1.00168
1.00047
0.99924
0.997928
0.996386
0.994055
0.989378
0.983308
0.980429
0.979086
0.977812
0.97639
0.974831
0.973585
0.972556
0.971638
0.97097
0.969837
0.968449
0.966715
0.963452
0.956906
0.951547
0.949763
0.948584
0.94754
0.94677
0.946006
0.945178
0.944288
0.943416
0.942449
0.941422
0.940396
0.939252
0.937492
0.933586
0.92859
0.926555
0.925891
0.925343
0.924773
0.923987
0.923115
0.922406
0.921698
0.921072
0.920727
0.920376
0.919984
0.920586
0.921489
0.924018
0.927802
0.934478
0.944048
0.953021
0.962862
0.978238
0.991707
1.00364
1.01751
1.03244
1.04455
1.05364
1.06258
1.07609
1.08472
1.08706
1.09156
1.10039
1.10702
1.10884
1.11329
1.11752
1.11796
1.11759
1.11726
1.11711
1.11635
1.11504
1.11385
1.11295
1.11221
1.11241
1.11394
1.11434
1.11367
1.11302
1.11202
1.1099
1.10793
1.10776
1.10785
1.10814
1.10904
1.11089
1.11352
1.11651
1.11997
1.12399
1.12639
1.12779
1.13022
1.13364
1.13793
1.14358
1.15041
1.15813
1.16654
1.17602
1.1857
1.1951
1.20536
1.21775
1.22736
1.23405
1.24218
1.25084
1.25491
1.25944
1.26709
1.27304
1.2765
1.281
1.28791
1.29784
1.30348
1.30707
1.31004
1.31194
1.31267
1.31189
1.31082
1.31001
1.30937
1.30991
1.31054
1.3117
1.31578
1.31971
1.32
1.31946
1.31818
1.77514
1.77161
1.76709
1.76096
1.75384
1.74824
1.74477
1.74211
1.74114
1.74295
1.74681
1.74994
1.74934
1.74625
1.74241
1.73724
1.73024
1.72249
1.71688
1.7133
1.71051
1.70956
1.71155
1.71526
1.71799
1.71703
1.71335
1.70894
1.70305
1.69493
1.68638
1.68018
1.67599
1.67257
1.67039
1.67098
1.67417
1.67676
1.67586
1.67182
1.66719
1.66129
1.65294
1.64348
1.63612
1.63133
1.62741
1.62431
1.62357
1.62609
1.62991
1.62951
1.62546
1.62096
1.6158
1.60894
1.60013
1.59138
1.58503
1.58057
1.5768
1.57411
1.57449
1.57828
1.58013
1.57697
1.5727
1.56796
1.56216
1.55446
1.54537
1.53733
1.53185
1.52775
1.52423
1.52202
1.52288
1.52554
1.52481
1.52116
1.51701
1.5124
1.50652
1.4982
1.48798
1.4797
1.47461
1.47058
1.46699
1.46433
1.46421
1.46601
1.4657
1.46225
1.45835
1.45424
1.44937
1.44232
1.43219
1.42272
1.41733
1.41359
1.41024
1.40742
1.40601
1.407
1.4077
1.40541
1.4021
1.39871
1.39493
1.38978
1.38119
1.37036
1.36358
1.35994
1.35678
1.35386
1.35151
1.35061
1.35108
1.35028
1.34746
1.34444
1.34129
1.33759
1.33191
1.32207
1.31199
1.30717
1.3042
1.30145
1.29893
1.29698
1.29627
1.29659
1.29541
1.29285
1.29023
1.28743
1.28395
1.27808
1.26782
1.25909
1.25549
1.25303
1.25074
1.24868
1.24713
1.24645
1.24583
1.24409
1.24193
1.23956
1.23689
1.23335
1.22701
1.2169
1.2102
1.20752
1.20536
1.20329
1.20141
1.19998
1.19924
1.19823
1.19643
1.19437
1.19214
1.1896
1.18611
1.17977
1.17037
1.16472
1.16236
1.16041
1.15855
1.15684
1.15547
1.15445
1.15307
1.15132
1.14944
1.14738
1.14504
1.14182
1.13592
1.12716
1.12201
1.12003
1.11843
1.11686
1.11541
1.11426
1.11357
1.11254
1.11094
1.1092
1.10735
1.10518
1.10195
1.09581
1.08769
1.08387
1.08217
1.08059
1.07904
1.0776
1.07641
1.07533
1.07388
1.07229
1.07071
1.06908
1.06709
1.0636
1.05653
1.04952
1.04706
1.04562
1.04424
1.04291
1.04174
1.04083
1.03984
1.03853
1.03712
1.03569
1.03418
1.03211
1.02788
1.01994
1.01463
1.01308
1.01186
1.01057
1.00924
1.00793
1.00676
1.00558
1.00429
1.00303
1.00179
1.00048
0.998823
0.995828
0.989702
0.983451
0.981105
0.979839
0.97862
0.977439
0.976362
0.975437
0.974593
0.973619
0.97243
0.971043
0.969443
0.967324
0.963513
0.957093
0.953029
0.951607
0.950369
0.949379
0.948541
0.947667
0.946705
0.945678
0.944635
0.94357
0.942405
0.940937
0.938658
0.934471
0.92904
0.926815
0.92604
0.925326
0.924535
0.923513
0.922635
0.921833
0.920817
0.919588
0.918258
0.916902
0.9155
0.913446
0.909429
0.905816
0.905486
0.90551
0.905527
0.905937
0.906472
0.907027
0.90813
0.910338
0.91445
0.921307
0.926679
0.932181
0.939501
0.94814
0.958767
0.970597
0.982827
0.995028
1.01118
1.02581
1.0354
1.04708
1.06537
1.07211
1.07391
1.08012
1.08889
1.08961
1.09095
1.09493
1.10064
1.1047
1.10966
1.11551
1.12154
1.12873
1.13658
1.14264
1.1482
1.15472
1.16048
1.16602
1.17222
1.17942
1.18641
1.19231
1.19937
1.20967
1.21529
1.21897
1.2264
1.23127
1.23358
1.23935
1.24412
1.24712
1.25281
1.25833
1.26054
1.26287
1.26686
1.27388
1.28358
1.28835
1.28976
1.29117
1.29233
1.29304
1.29304
1.29375
1.29437
1.29518
1.29705
1.30171
1.31048
1.3169
1.31872
1.31951
1.31958
1.3186
1.31626
1.31315
1.31088
1.30982
1.30922
1.30887
1.30978
1.31412
1.31728
1.31649
1.31493
1.31258
1.77583
1.7714
1.7648
1.75636
1.75008
1.74663
1.74383
1.74215
1.74256
1.74612
1.75143
1.75349
1.7512
1.74772
1.74271
1.73482
1.72555
1.71988
1.71662
1.71383
1.71209
1.71254
1.71639
1.72205
1.72355
1.72061
1.71658
1.71084
1.70186
1.69097
1.6838
1.67986
1.67643
1.67404
1.67389
1.67719
1.68293
1.68492
1.68171
1.67728
1.67138
1.66227
1.65026
1.64119
1.63654
1.63273
1.62949
1.62792
1.62966
1.63523
1.63944
1.63738
1.63322
1.6283
1.62106
1.60989
1.59795
1.59118
1.58712
1.58334
1.58019
1.57911
1.58209
1.58819
1.58944
1.58574
1.58148
1.57658
1.56912
1.55707
1.5452
1.53921
1.5352
1.53138
1.52812
1.52696
1.53017
1.53493
1.53378
1.52963
1.52537
1.52047
1.51319
1.50122
1.48862
1.48215
1.478
1.47401
1.47036
1.46827
1.47019
1.47489
1.4744
1.47032
1.46628
1.46205
1.45633
1.44661
1.43311
1.42442
1.42026
1.41665
1.41316
1.41037
1.4101
1.41391
1.41562
1.41263
1.40904
1.40554
1.40132
1.39447
1.38248
1.37085
1.36579
1.36246
1.35924
1.35623
1.35437
1.3556
1.35828
1.35671
1.3533
1.35008
1.34674
1.34227
1.33421
1.32133
1.3123
1.30867
1.30577
1.30295
1.30044
1.29925
1.30116
1.3029
1.30083
1.2979
1.29518
1.2922
1.28782
1.27915
1.2664
1.25937
1.25651
1.25403
1.25162
1.24957
1.24873
1.25053
1.25121
1.24911
1.24665
1.24428
1.24156
1.23712
1.22775
1.21585
1.21065
1.20825
1.20603
1.20386
1.20198
1.20111
1.20213
1.20216
1.2001
1.19795
1.19585
1.19339
1.1893
1.18047
1.16942
1.16475
1.16259
1.16061
1.15867
1.15692
1.15585
1.15622
1.15632
1.1545
1.15257
1.15069
1.14852
1.14488
1.13678
1.12642
1.12224
1.12041
1.1187
1.117
1.11548
1.1146
1.11495
1.11486
1.11316
1.11138
1.10966
1.10768
1.10452
1.09773
1.08856
1.08444
1.0826
1.08093
1.07927
1.07769
1.07633
1.07547
1.07454
1.07312
1.07167
1.0702
1.06859
1.06632
1.06162
1.05405
1.04974
1.04803
1.04657
1.04515
1.04374
1.04229
1.04074
1.03909
1.03733
1.03549
1.0335
1.03099
1.02677
1.02019
1.01609
1.01462
1.01342
1.01218
1.01092
1.00973
1.00847
1.0071
1.00576
1.00449
1.00324
1.00185
0.999869
0.995697
0.988154
0.983411
0.981922
0.980757
0.979584
0.978426
0.977339
0.976312
0.975259
0.974128
0.972914
0.971583
0.970078
0.968137
0.964669
0.958514
0.953982
0.952381
0.951307
0.950348
0.949446
0.948529
0.947536
0.946444
0.945299
0.944144
0.942931
0.941432
0.938907
0.933637
0.927696
0.925837
0.925016
0.924115
0.923276
0.92256
0.921893
0.921904
0.921806
0.920525
0.919237
0.918169
0.917053
0.914725
0.908429
0.902236
0.901279
0.901008
0.900746
0.900599
0.900168
0.899589
0.898938
0.898786
0.898836
0.898134
0.897346
0.896641
0.895026
0.892438
0.892342
0.893762
0.896807
0.90154
0.908565
0.917943
0.928612
0.941326
0.958738
0.975867
0.989927
1.00582
1.02454
1.04087
1.05695
1.07619
1.09526
1.11341
1.1321
1.1506
1.16648
1.18141
1.1985
1.21388
1.22606
1.23725
1.24707
1.25575
1.26484
1.27414
1.28252
1.29186
1.30219
1.31225
1.32139
1.32982
1.33965
1.34526
1.34938
1.35367
1.35577
1.35708
1.36007
1.36161
1.36049
1.35979
1.36097
1.36421
1.36989
1.37167
1.37091
1.36738
1.36245
1.35774
1.35229
1.34447
1.33729
1.33436
1.33269
1.33266
1.33538
1.33582
1.33336
1.32979
1.32572
1.32149
1.31652
1.30904
1.30323
1.30195
1.30124
1.30085
1.30195
1.3062
1.30883
1.30853
1.30727
1.30478
)
;

boundaryField
{
    inlet
    {
        type            fixedValue;
        value           uniform 1;
    }
    outlet
    {
        type            inletOutlet;
        inletValue      uniform 1;
        value           nonuniform List<scalar> 
32
(
1.21103
1.21024
1.20466
1.19555
1.18379
1.17109
1.15957
1.15073
1.14334
1.14201
1.1352
1.12999
1.1244
1.12394
1.11736
1.11078
1.10369
1.09838
1.09658
1.0915
1.08817
1.08641
1.08346
1.07862
1.07695
1.07973
1.14194
1.25716
1.30316
1.31788
1.31229
1.3045
)
;
    }
    bottom
    {
        type            symmetryPlane;
    }
    top
    {
        type            symmetryPlane;
    }
    obstacle
    {
        type            zeroGradient;
    }
    defaultFaces
    {
        type            empty;
    }
}


// ************************************************************************* //
