/*--------------------------------*- C++ -*----------------------------------*\
  =========                 |
  \\      /  F ield         | OpenFOAM: The Open Source CFD Toolbox
   \\    /   O peration     | Website:  https://openfoam.org
    \\  /    A nd           | Version:  7
     \\/     M anipulation  |
\*---------------------------------------------------------------------------*/
FoamFile
{
    version     2.0;
    format      ascii;
    class       volVectorField;
    location    "0.7";
    object      U;
}
// * * * * * * * * * * * * * * * * * * * * * * * * * * * * * * * * * * * * * //

dimensions      [0 1 -1 0 0 0 0];

internalField   nonuniform List<vector> 
4608
(
(4.05428 0.00430695 0)
(4.06181 0.00438666 0)
(4.07094 0.00453162 0)
(4.07838 0.00578142 0)
(4.08249 0.00747342 0)
(4.08424 0.00798116 0)
(4.08235 0.00796751 0)
(4.07384 0.00747663 0)
(4.0639 0.00727163 0)
(4.06359 0.00732418 0)
(4.06588 0.00795074 0)
(4.06914 0.00844599 0)
(4.07369 0.00934747 0)
(4.07856 0.0100737 0)
(4.08293 0.0101776 0)
(4.08489 0.00980794 0)
(4.08493 0.00897222 0)
(4.0893 0.00831228 0)
(4.09361 0.00780723 0)
(4.09889 0.00621304 0)
(4.10471 0.00401193 0)
(4.11084 0.00285436 0)
(4.11596 0.00233954 0)
(4.12056 0.00200931 0)
(4.12392 0.00183474 0)
(4.1245 0.00144667 0)
(4.12713 0.000801296 0)
(4.13273 0.000679099 0)
(4.13717 0.000429329 0)
(4.14208 -0.000229008 0)
(4.14606 -0.00102444 0)
(4.15148 -0.00107573 0)
(4.15823 -0.000357941 0)
(4.16461 0.000902536 0)
(4.17042 0.00238674 0)
(4.1743 0.00387551 0)
(4.1741 0.00502491 0)
(4.176 0.00556618 0)
(4.18065 0.00583556 0)
(4.18565 0.00556856 0)
(4.19212 0.00511759 0)
(4.1985 0.00473988 0)
(4.20464 0.00443043 0)
(4.20963 0.00506574 0)
(4.21294 0.0056898 0)
(4.21556 0.00630508 0)
(4.21723 0.00629537 0)
(4.21889 0.00644336 0)
(4.22198 0.00692707 0)
(4.22682 0.00688298 0)
(4.23263 0.00590871 0)
(4.23801 0.00448763 0)
(4.24207 0.00311337 0)
(4.244 0.00179026 0)
(4.24464 0.000987425 0)
(4.24763 0.000692741 0)
(4.25088 0.000576303 0)
(4.25565 0.000483745 0)
(4.2617 -0.000353274 0)
(4.26853 -0.00138468 0)
(4.27559 -0.00207049 0)
(4.2821 -0.00225924 0)
(4.28776 -0.00137617 0)
(4.29177 0.000285296 0)
(4.29412 0.00215318 0)
(4.29612 0.00318009 0)
(4.29883 0.00302548 0)
(4.30235 0.00268753 0)
(4.30688 0.00316865 0)
(4.31216 0.00450678 0)
(4.31773 0.00464792 0)
(4.32351 0.00342048 0)
(4.32959 0.00358631 0)
(4.33454 0.00487264 0)
(4.33611 0.00360209 0)
(4.33242 0.00371367 0)
(4.33188 0.00747695 0)
(4.33941 0.00907933 0)
(4.3444 0.0114497 0)
(4.34843 0.0135599 0)
(4.35234 0.0150483 0)
(4.35596 0.016139 0)
(4.35912 0.015489 0)
(4.36239 0.0125496 0)
(4.3671 0.0102347 0)
(4.37385 0.00895128 0)
(4.38196 0.00847458 0)
(4.39044 0.00846865 0)
(4.39841 0.00775828 0)
(4.40493 0.00702542 0)
(4.40986 0.00780521 0)
(4.4157 0.00959889 0)
(4.4213 0.0100937 0)
(4.42634 0.0110455 0)
(4.43162 0.0127919 0)
(4.43671 0.0132569 0)
(4.44241 0.0134985 0)
(4.44804 0.0142775 0)
(4.45358 0.0159816 0)
(4.45942 0.0153622 0)
(4.46687 0.0115296 0)
(4.47466 0.00731621 0)
(4.48264 0.00496591 0)
(4.49086 0.0059117 0)
(4.49717 0.0077175 0)
(4.50026 0.00843182 0)
(4.49891 0.0107711 0)
(4.49446 0.0161754 0)
(4.4931 0.0182508 0)
(4.4959 0.0164949 0)
(4.49999 0.0144348 0)
(4.5048 0.0127208 0)
(4.50888 0.0116965 0)
(4.51049 0.0114437 0)
(4.5124 0.011476 0)
(4.51565 0.011114 0)
(4.52001 0.0101242 0)
(4.5272 0.00973972 0)
(4.53366 0.00869909 0)
(4.54098 0.0057246 0)
(4.54928 0.00429578 0)
(4.55613 0.00430686 0)
(4.56252 0.00390069 0)
(4.56683 0.00328564 0)
(4.57242 0.00280106 0)
(4.57827 0.0029043 0)
(4.58151 0.00495849 0)
(4.57817 0.00793206 0)
(4.57487 0.00842336 0)
(4.57835 0.00710995 0)
(4.58336 0.00574837 0)
(4.58861 0.0049418 0)
(4.59238 0.004466 0)
(4.59208 0.004787 0)
(4.58958 0.00514599 0)
(4.59139 0.00447024 0)
(4.59553 0.00353296 0)
(4.60072 0.00223248 0)
(4.60651 0.00138959 0)
(4.61276 0.00183077 0)
(4.61887 0.0023868 0)
(4.62496 0.00288007 0)
(4.63136 0.004718 0)
(4.6376 0.00760789 0)
(4.6431 0.00957403 0)
(4.64841 0.0105003 0)
(4.65249 0.0114071 0)
(4.65754 0.0125712 0)
(4.66284 0.0127987 0)
(4.66624 0.0124207 0)
(4.67097 0.00887756 0)
(4.67401 0.00526042 0)
(4.67986 0.00223809 0)
(4.68764 0.00109201 0)
(4.69537 0.00326701 0)
(4.70179 0.00714624 0)
(4.70635 0.00834336 0)
(4.70711 0.00781421 0)
(4.70281 0.0108651 0)
(4.6994 0.0142087 0)
(4.70032 0.0135024 0)
(4.70738 0.0125705 0)
(4.71393 0.0118541 0)
(4.72084 0.010087 0)
(4.72741 0.00977389 0)
(4.73066 0.0108864 0)
(4.73213 0.0140323 0)
(4.73269 0.0123142 0)
(4.73273 0.0058103 0)
(4.73619 0.00610995 0)
(4.74293 0.0117664 0)
(4.74778 0.0149339 0)
(4.75362 0.0162666 0)
(4.76075 0.0163724 0)
(4.7655 0.0147332 0)
(4.77011 0.0102554 0)
(4.77534 0.00871813 0)
(4.78117 0.00906918 0)
(4.78515 0.00838272 0)
(4.78531 0.00578624 0)
(4.77871 0.00594224 0)
(4.77244 0.013458 0)
(4.77385 0.0196129 0)
(4.77752 0.0209207 0)
(4.78221 0.0190536 0)
(4.78762 0.0168191 0)
(4.79327 0.0151273 0)
(4.79871 0.0142697 0)
(4.80382 0.0143335 0)
(4.80836 0.0140055 0)
(4.81282 0.0141786 0)
(4.81773 0.0158668 0)
(4.82361 0.0149913 0)
(4.83054 0.0155573 0)
(4.83639 0.0154463 0)
(4.84374 0.0135722 0)
(4.85213 0.0132644 0)
(4.85851 0.0124234 0)
(4.86466 0.0109555 0)
(4.87252 0.01021 0)
(4.87925 0.0104028 0)
(4.87941 0.0105787 0)
(4.87815 0.0110974 0)
(4.87557 0.0152498 0)
(4.8711 0.0209985 0)
(4.86903 0.018661 0)
(4.86933 0.0152692 0)
(4.87167 0.0151599 0)
(4.87595 0.0159842 0)
(4.8807 0.0150233 0)
(4.88355 0.0125325 0)
(4.8824 0.0100511 0)
(4.88655 0.00962379 0)
(4.89151 0.00923837 0)
(4.89611 0.00821006 0)
(4.90192 0.00690898 0)
(4.9083 0.00808293 0)
(4.9148 0.0112864 0)
(4.92065 0.0138439 0)
(4.92888 0.0153361 0)
(4.93654 0.0148323 0)
(4.93886 0.0136506 0)
(4.93932 0.0122354 0)
(4.93993 0.00832565 0)
(4.93717 0.00512361 0)
(4.92672 0.00498183 0)
(4.9195 0.00591915 0)
(4.92459 0.00606429 0)
(4.92851 0.00627598 0)
(4.93299 0.00682443 0)
(4.93826 0.00899901 0)
(4.94328 0.0109669 0)
(4.94817 0.0120613 0)
(4.95294 0.0117888 0)
(4.95821 0.0104848 0)
(4.96392 0.00947741 0)
(4.96872 0.0087399 0)
(4.97079 0.00812088 0)
(4.97593 0.00798893 0)
(4.98053 0.00809694 0)
(4.98479 0.00839778 0)
(4.98912 0.00859172 0)
(4.99352 0.00879632 0)
(5.00138 0.0095169 0)
(5.00979 0.0108949 0)
(5.012 0.0115419 0)
(5.01134 0.0115774 0)
(5.00906 0.0113772 0)
(5.00511 0.0104208 0)
(5.00213 0.00906683 0)
(5.00128 0.0081821 0)
(5.00408 0.00765031 0)
(5.01157 0.00758165 0)
(5.01574 0.00757596 0)
(5.02001 0.00763323 0)
(5.02479 0.00772711 0)
(5.02954 0.00770119 0)
(5.03854 0.00726917 0)
(5.04498 0.00674764 0)
(5.04956 0.00671363 0)
(5.05827 0.00633044 0)
(5.06462 0.00596065 0)
(5.06853 0.00635279 0)
(5.07081 0.00725072 0)
(5.06963 0.00827667 0)
(5.06352 0.00965316 0)
(5.05791 0.0107732 0)
(5.05687 0.0110994 0)
(5.05548 0.0116501 0)
(5.05422 0.0111735 0)
(5.05479 0.00950035 0)
(5.06424 0.00736146 0)
(5.07274 0.00594248 0)
(5.08153 0.00536545 0)
(5.09604 0.0042682 0)
(5.10894 0.00402271 0)
(5.12067 0.00468991 0)
(5.1319 0.00549903 0)
(5.14024 0.00595388 0)
(5.14326 0.00595344 0)
(5.13645 0.00564943 0)
(5.12167 0.00526383 0)
(5.11588 0.00507844 0)
(5.11482 0.00495768 0)
(5.11241 0.00438648 0)
(5.11169 0.00411456 0)
(5.11669 0.00364601 0)
(5.13056 0.00350283 0)
(4.06071 0.0216339 0)
(4.06587 0.0175495 0)
(4.07661 0.011773 0)
(4.08339 0.00865402 0)
(4.08945 0.0069248 0)
(4.09344 0.00406705 0)
(4.09287 0.000171578 0)
(4.08606 -0.00475784 0)
(4.07877 -0.00823962 0)
(4.07981 -0.00847162 0)
(4.08278 -0.00823861 0)
(4.08746 -0.00778128 0)
(4.09348 -0.00681807 0)
(4.09922 -0.00560435 0)
(4.10391 -0.00506873 0)
(4.10571 -0.00507494 0)
(4.10422 -0.00501605 0)
(4.10858 -0.00528143 0)
(4.11361 -0.0056621 0)
(4.11906 -0.00749464 0)
(4.12476 -0.0100151 0)
(4.13093 -0.0108793 0)
(4.13666 -0.0108372 0)
(4.14114 -0.0109001 0)
(4.14364 -0.0102689 0)
(4.14254 -0.00890979 0)
(4.14464 -0.00841326 0)
(4.14918 -0.0084769 0)
(4.15303 -0.00856752 0)
(4.15793 -0.00844903 0)
(4.16115 -0.00842703 0)
(4.16661 -0.00818121 0)
(4.17254 -0.00709225 0)
(4.17805 -0.00511505 0)
(4.18304 -0.00265186 0)
(4.18593 -0.000425652 0)
(4.18429 0.00130598 0)
(4.18609 0.00208898 0)
(4.19191 0.00276425 0)
(4.19771 0.00360646 0)
(4.20362 0.00456144 0)
(4.20991 0.00410297 0)
(4.21559 0.00386358 0)
(4.22088 0.00491574 0)
(4.22452 0.00730408 0)
(4.22614 0.00868582 0)
(4.2273 0.00834918 0)
(4.22968 0.00829395 0)
(4.23397 0.00911797 0)
(4.23964 0.0100388 0)
(4.24576 0.00968465 0)
(4.25118 0.00851076 0)
(4.25524 0.00723978 0)
(4.25718 0.00604757 0)
(4.25699 0.0057843 0)
(4.25896 0.00617244 0)
(4.26337 0.00623037 0)
(4.26925 0.00621024 0)
(4.27576 0.00617956 0)
(4.28223 0.00548484 0)
(4.28833 0.0052272 0)
(4.2939 0.00596216 0)
(4.29871 0.00716309 0)
(4.30196 0.00910747 0)
(4.30346 0.0125934 0)
(4.30458 0.0153367 0)
(4.30734 0.0150621 0)
(4.31103 0.0137792 0)
(4.31556 0.0134466 0)
(4.32128 0.0156744 0)
(4.32699 0.0178126 0)
(4.33298 0.0169086 0)
(4.33909 0.0165814 0)
(4.34405 0.0170376 0)
(4.34523 0.0155952 0)
(4.34037 0.015953 0)
(4.33936 0.0191537 0)
(4.34665 0.0208115 0)
(4.35203 0.0240713 0)
(4.35671 0.0270209 0)
(4.36152 0.0293352 0)
(4.36592 0.0313723 0)
(4.36967 0.0314492 0)
(4.37337 0.0279226 0)
(4.37778 0.0241519 0)
(4.3835 0.0230215 0)
(4.39014 0.0221189 0)
(4.39734 0.020101 0)
(4.40428 0.0181009 0)
(4.41041 0.0168048 0)
(4.41577 0.0163051 0)
(4.42009 0.0176219 0)
(4.42556 0.0201383 0)
(4.43165 0.0215493 0)
(4.43747 0.0246809 0)
(4.44273 0.0265659 0)
(4.44816 0.0271297 0)
(4.45363 0.0267142 0)
(4.45916 0.0263936 0)
(4.46511 0.0247251 0)
(4.47245 0.0201523 0)
(4.48005 0.0141734 0)
(4.48643 0.00860499 0)
(4.49228 0.00670625 0)
(4.49806 0.00828369 0)
(4.50229 0.0108222 0)
(4.50289 0.0131266 0)
(4.49977 0.0133527 0)
(4.49852 0.0139242 0)
(4.50169 0.0168986 0)
(4.50643 0.0192765 0)
(4.51182 0.0179642 0)
(4.51535 0.012918 0)
(4.51531 0.00712772 0)
(4.51493 0.00451199 0)
(4.51839 0.00526911 0)
(4.52366 0.00604316 0)
(4.52963 0.0050566 0)
(4.5385 0.00360335 0)
(4.54545 0.00112679 0)
(4.55056 -0.00183848 0)
(4.5576 -0.00344152 0)
(4.56415 -0.00333503 0)
(4.57012 -0.00339709 0)
(4.57622 -0.00412444 0)
(4.58147 -0.00466777 0)
(4.58426 -0.00221718 0)
(4.58226 0.00148294 0)
(4.57893 0.00244462 0)
(4.58187 0.00119149 0)
(4.5878 -0.000276768 0)
(4.59359 -0.00204529 0)
(4.59782 -0.00363322 0)
(4.59882 -0.00245324 0)
(4.59632 0.00175367 0)
(4.59616 0.00305384 0)
(4.60167 0.00105722 0)
(4.60683 -0.000675277 0)
(4.6123 -0.00173503 0)
(4.61852 -0.0007693 0)
(4.62498 0.00170559 0)
(4.63168 0.0057337 0)
(4.63805 0.00960226 0)
(4.64402 0.00990531 0)
(4.64949 0.00988209 0)
(4.6559 0.0142536 0)
(4.66142 0.01958 0)
(4.66554 0.0226353 0)
(4.66937 0.0252681 0)
(4.67591 0.0261004 0)
(4.68035 0.0256926 0)
(4.68515 0.0217853 0)
(4.68857 0.0143441 0)
(4.6929 0.0103018 0)
(4.70066 0.0132215 0)
(4.70693 0.0169793 0)
(4.71224 0.0191761 0)
(4.71505 0.0195914 0)
(4.71166 0.0223847 0)
(4.70986 0.0298241 0)
(4.71285 0.0333699 0)
(4.71658 0.033224 0)
(4.72429 0.0327041 0)
(4.73066 0.0324384 0)
(4.73597 0.0334629 0)
(4.73901 0.0365791 0)
(4.74052 0.0417034 0)
(4.74118 0.043934 0)
(4.74196 0.0361697 0)
(4.74331 0.0316403 0)
(4.74929 0.0349345 0)
(4.7552 0.0369326 0)
(4.76247 0.0385764 0)
(4.7716 0.0390849 0)
(4.77536 0.0379839 0)
(4.78032 0.0318602 0)
(4.78245 0.0257267 0)
(4.78579 0.0229306 0)
(4.79067 0.0192898 0)
(4.79329 0.0158566 0)
(4.78891 0.0182243 0)
(4.78213 0.0279241 0)
(4.78071 0.0335717 0)
(4.78195 0.0318763 0)
(4.78998 0.0268309 0)
(4.7964 0.0219177 0)
(4.8015 0.0190112 0)
(4.80749 0.0182254 0)
(4.81336 0.0183812 0)
(4.81861 0.0194762 0)
(4.82343 0.0218642 0)
(4.82832 0.022719 0)
(4.8341 0.023668 0)
(4.84018 0.0245333 0)
(4.84557 0.0222331 0)
(4.85255 0.0185482 0)
(4.85875 0.016314 0)
(4.86391 0.0117804 0)
(4.87203 0.00789668 0)
(4.87963 0.00736043 0)
(4.88755 0.0102743 0)
(4.88869 0.0121429 0)
(4.88945 0.0129732 0)
(4.8893 0.0153098 0)
(4.88585 0.0194867 0)
(4.88325 0.0179557 0)
(4.88334 0.0160658 0)
(4.88505 0.0150541 0)
(4.88874 0.013742 0)
(4.89405 0.0105705 0)
(4.898 0.00591533 0)
(4.89713 0.0024594 0)
(4.89329 0.00143038 0)
(4.89913 0.00205529 0)
(4.9055 0.00209987 0)
(4.9107 0.00190731 0)
(4.91602 0.0022452 0)
(4.92203 0.00467322 0)
(4.92871 0.00810864 0)
(4.93829 0.0111889 0)
(4.94668 0.013247 0)
(4.94926 0.0130697 0)
(4.95339 0.0102867 0)
(4.95642 0.00495093 0)
(4.95443 0.000200037 0)
(4.94427 -0.000353452 0)
(4.93159 0.00175012 0)
(4.93418 0.00292788 0)
(4.93843 0.00364666 0)
(4.94323 0.00458532 0)
(4.9493 0.00745672 0)
(4.95554 0.0112137 0)
(4.96162 0.0145789 0)
(4.96753 0.0153866 0)
(4.97348 0.0133491 0)
(4.97931 0.0115329 0)
(4.98497 0.0118675 0)
(4.98833 0.0146552 0)
(4.99032 0.018347 0)
(4.99564 0.0190777 0)
(4.99925 0.0197428 0)
(5.00274 0.0212525 0)
(5.00597 0.0223966 0)
(5.01126 0.0233733 0)
(5.01915 0.0256829 0)
(5.02464 0.0287788 0)
(5.02512 0.0297042 0)
(5.02467 0.0304377 0)
(5.02194 0.026624 0)
(5.01606 0.0180864 0)
(5.01444 0.0134743 0)
(5.01498 0.0144074 0)
(5.01988 0.0163654 0)
(5.02631 0.0165476 0)
(5.03104 0.0169841 0)
(5.03632 0.0177358 0)
(5.04151 0.0187608 0)
(5.04999 0.020362 0)
(5.05562 0.0222526 0)
(5.05992 0.0224187 0)
(5.06792 0.0215569 0)
(5.07322 0.021359 0)
(5.0762 0.0228878 0)
(5.07866 0.0246419 0)
(5.07908 0.0255662 0)
(5.07575 0.0264986 0)
(5.07018 0.0275342 0)
(5.06894 0.0278235 0)
(5.0674 0.0283502 0)
(5.06637 0.0283911 0)
(5.06675 0.0273194 0)
(5.07455 0.0259366 0)
(5.08361 0.0248099 0)
(5.09134 0.0246414 0)
(5.105 0.0241878 0)
(5.11679 0.0218865 0)
(5.1266 0.0176703 0)
(5.13663 0.0137839 0)
(5.14461 0.0111415 0)
(5.14855 0.00853614 0)
(5.14496 0.00473694 0)
(5.13113 -2.54677e-05 0)
(5.12209 -0.00247429 0)
(5.12112 -0.00289862 0)
(5.11939 -0.00208625 0)
(5.11897 0.00049503 0)
(5.12457 0.00335559 0)
(5.13879 0.00471706 0)
(4.10776 0.0360546 0)
(4.11743 0.0418869 0)
(4.12794 0.0440308 0)
(4.13216 0.044853 0)
(4.13787 0.0496462 0)
(4.13894 0.0553151 0)
(4.13416 0.0585576 0)
(4.12614 0.0589768 0)
(4.12259 0.0578391 0)
(4.12387 0.0579058 0)
(4.12652 0.0578638 0)
(4.13043 0.0583133 0)
(4.1356 0.0591219 0)
(4.14125 0.0579861 0)
(4.14435 0.0566891 0)
(4.14231 0.0541659 0)
(4.13746 0.0469473 0)
(4.14294 0.0424177 0)
(4.1496 0.0402031 0)
(4.15547 0.0358097 0)
(4.16178 0.0311932 0)
(4.16857 0.0262187 0)
(4.17397 0.0226899 0)
(4.17692 0.0198948 0)
(4.17482 0.0146372 0)
(4.17109 0.0074308 0)
(4.17451 0.00459366 0)
(4.17782 0.00282237 0)
(4.182 0.000234076 0)
(4.18767 -0.0026318 0)
(4.19087 -0.0035226 0)
(4.19583 -0.0045214 0)
(4.20075 -0.00363973 0)
(4.20443 -0.00172585 0)
(4.206 -0.000187516 0)
(4.20419 0.000834829 0)
(4.20232 0.00154854 0)
(4.20725 0.00265711 0)
(4.21301 0.00324777 0)
(4.21925 0.00460327 0)
(4.22533 0.00690632 0)
(4.23096 0.00872638 0)
(4.23592 0.00960689 0)
(4.2395 0.0105974 0)
(4.23949 0.0130319 0)
(4.24004 0.0152972 0)
(4.24395 0.0167649 0)
(4.24731 0.0178348 0)
(4.2519 0.0190959 0)
(4.25758 0.0207437 0)
(4.26313 0.0230563 0)
(4.26722 0.0242391 0)
(4.26899 0.0224135 0)
(4.26717 0.0184359 0)
(4.26856 0.0158444 0)
(4.27338 0.0155445 0)
(4.27826 0.0155045 0)
(4.28393 0.0151672 0)
(4.29029 0.0154508 0)
(4.29652 0.0167568 0)
(4.30173 0.0184575 0)
(4.3056 0.0202093 0)
(4.30777 0.0217051 0)
(4.30677 0.0222505 0)
(4.30776 0.0220984 0)
(4.31116 0.0225746 0)
(4.31425 0.0230944 0)
(4.31782 0.0234686 0)
(4.32192 0.0243094 0)
(4.32637 0.0255277 0)
(4.33138 0.0257727 0)
(4.33685 0.0250232 0)
(4.3416 0.0253701 0)
(4.34371 0.0269514 0)
(4.34159 0.0255746 0)
(4.33831 0.0218169 0)
(4.34188 0.0221534 0)
(4.34894 0.0245457 0)
(4.35529 0.028045 0)
(4.36059 0.0318702 0)
(4.36464 0.0336693 0)
(4.36792 0.0341904 0)
(4.37066 0.0335091 0)
(4.37575 0.0289219 0)
(4.3817 0.0247409 0)
(4.38643 0.0230529 0)
(4.39181 0.0203122 0)
(4.39913 0.0168693 0)
(4.40508 0.0115691 0)
(4.40935 0.00783416 0)
(4.41405 0.00627305 0)
(4.41761 0.00778582 0)
(4.42357 0.012668 0)
(4.42862 0.0143776 0)
(4.43387 0.0142599 0)
(4.43949 0.0149751 0)
(4.44567 0.0179512 0)
(4.45098 0.021268 0)
(4.45639 0.0218075 0)
(4.4628 0.019365 0)
(4.46941 0.0162813 0)
(4.47573 0.0148264 0)
(4.48066 0.0136656 0)
(4.48444 0.00970736 0)
(4.48664 0.0041917 0)
(4.48715 0.00205792 0)
(4.49109 0.0109376 0)
(4.49352 0.0212403 0)
(4.49473 0.0265095 0)
(4.49837 0.0258456 0)
(4.50285 0.0229645 0)
(4.50699 0.023169 0)
(4.5097 0.0273327 0)
(4.5095 0.0310042 0)
(4.51035 0.0285478 0)
(4.5157 0.0232914 0)
(4.52096 0.0200388 0)
(4.52849 0.0210014 0)
(4.53725 0.0266655 0)
(4.54336 0.0305841 0)
(4.55024 0.0285802 0)
(4.55719 0.0264302 0)
(4.56101 0.0211186 0)
(4.56396 0.0194263 0)
(4.56836 0.0226752 0)
(4.57022 0.0295735 0)
(4.57 0.0313357 0)
(4.56872 0.0290474 0)
(4.5696 0.0303108 0)
(4.5744 0.0349842 0)
(4.58053 0.0389769 0)
(4.58636 0.0413631 0)
(4.58961 0.0426427 0)
(4.58862 0.0404917 0)
(4.58861 0.0349369 0)
(4.59466 0.032745 0)
(4.59961 0.0308147 0)
(4.60405 0.0268395 0)
(4.60854 0.0256557 0)
(4.6141 0.0248009 0)
(4.61965 0.0238127 0)
(4.62614 0.0245363 0)
(4.63423 0.0307013 0)
(4.64083 0.0390374 0)
(4.64494 0.0456988 0)
(4.64833 0.0462964 0)
(4.65433 0.043923 0)
(4.6601 0.0438713 0)
(4.66654 0.0428631 0)
(4.67499 0.0394912 0)
(4.68072 0.0381019 0)
(4.685 0.0336377 0)
(4.68715 0.029686 0)
(4.69043 0.0275036 0)
(4.69442 0.0282802 0)
(4.69798 0.028216 0)
(4.70048 0.0282774 0)
(4.70132 0.0331345 0)
(4.69918 0.0377154 0)
(4.70241 0.0403593 0)
(4.70949 0.0406245 0)
(4.71546 0.0400653 0)
(4.72179 0.0368087 0)
(4.72652 0.0332764 0)
(4.73121 0.0325222 0)
(4.73426 0.0332993 0)
(4.73539 0.0359421 0)
(4.73621 0.0382526 0)
(4.73955 0.035922 0)
(4.74265 0.0314867 0)
(4.7477 0.0337094 0)
(4.75596 0.0408856 0)
(4.76152 0.0433798 0)
(4.76955 0.0439266 0)
(4.7754 0.0434739 0)
(4.7797 0.0383145 0)
(4.78151 0.0328924 0)
(4.7846 0.0293968 0)
(4.78621 0.0241024 0)
(4.78162 0.019207 0)
(4.77542 0.0210071 0)
(4.77584 0.0259165 0)
(4.77866 0.0299795 0)
(4.78274 0.0332533 0)
(4.78832 0.0332172 0)
(4.79564 0.0298166 0)
(4.80273 0.0259869 0)
(4.80872 0.0234333 0)
(4.81422 0.0238422 0)
(4.8192 0.0255909 0)
(4.82387 0.0275 0)
(4.82942 0.0279386 0)
(4.83606 0.025811 0)
(4.84418 0.0269552 0)
(4.85269 0.0326823 0)
(4.8582 0.0361834 0)
(4.86392 0.03457 0)
(4.87152 0.0327826 0)
(4.87645 0.0274091 0)
(4.88351 0.0232242 0)
(4.88864 0.0187591 0)
(4.88978 0.0156637 0)
(4.88974 0.0133006 0)
(4.89035 0.0226867 0)
(4.88951 0.0361939 0)
(4.88948 0.0390238 0)
(4.89094 0.0380754 0)
(4.89298 0.0391502 0)
(4.89564 0.0432313 0)
(4.89864 0.0484707 0)
(4.9022 0.0486374 0)
(4.90603 0.0386368 0)
(4.9071 0.0279539 0)
(4.90797 0.0275768 0)
(4.91077 0.0354045 0)
(4.91915 0.0397328 0)
(4.92518 0.0405099 0)
(4.93056 0.0424367 0)
(4.93725 0.0476505 0)
(4.94152 0.053104 0)
(4.94695 0.0553315 0)
(4.95283 0.0578918 0)
(4.95637 0.059491 0)
(4.95699 0.0575412 0)
(4.95271 0.0499086 0)
(4.94294 0.0422966 0)
(4.93433 0.0406279 0)
(4.93963 0.04138 0)
(4.9451 0.041526 0)
(4.95016 0.0417723 0)
(4.95615 0.0419016 0)
(4.96323 0.0420704 0)
(4.97067 0.0433579 0)
(4.97762 0.0444234 0)
(4.98426 0.0433484 0)
(4.99027 0.0421657 0)
(4.99581 0.0411465 0)
(5.0009 0.0413518 0)
(5.00534 0.0447225 0)
(5.00737 0.0512994 0)
(5.01102 0.0543008 0)
(5.01347 0.0548771 0)
(5.0151 0.0563054 0)
(5.01691 0.0566235 0)
(5.02045 0.0541564 0)
(5.02577 0.052348 0)
(5.02761 0.0535555 0)
(5.02758 0.0554889 0)
(5.02346 0.0522616 0)
(5.01536 0.0457334 0)
(5.01356 0.0433636 0)
(5.01721 0.0356697 0)
(5.02843 0.0293369 0)
(5.03591 0.0281647 0)
(5.04214 0.0268318 0)
(5.04819 0.0256531 0)
(5.05504 0.0247437 0)
(5.06482 0.0240057 0)
(5.06854 0.0238619 0)
(5.07125 0.0244846 0)
(5.07629 0.0271204 0)
(5.079 0.0296858 0)
(5.08041 0.0308658 0)
(5.08217 0.0303562 0)
(5.08163 0.0287676 0)
(5.0789 0.0266009 0)
(5.07788 0.0254186 0)
(5.07769 0.0247938 0)
(5.07777 0.0230403 0)
(5.07827 0.0205797 0)
(5.07918 0.0188844 0)
(5.08748 0.0176828 0)
(5.09739 0.0168357 0)
(5.10296 0.0165455 0)
(5.11402 0.0161188 0)
(5.12422 0.0155501 0)
(5.13246 0.015244 0)
(5.14057 0.0160404 0)
(5.14639 0.0169324 0)
(5.14724 0.015896 0)
(5.13947 0.00921876 0)
(5.12835 -0.00151086 0)
(5.12588 -0.00626487 0)
(5.12626 -0.00777308 0)
(5.12736 -0.0111738 0)
(5.12805 -0.0120757 0)
(5.13613 -0.00849166 0)
(5.14847 -0.00243774 0)
(4.16856 -0.0530888 0)
(4.17327 -0.0377782 0)
(4.17988 -0.0280545 0)
(4.18061 -0.0248616 0)
(4.18024 -0.017768 0)
(4.17625 -0.00789897 0)
(4.1696 0.00768571 0)
(4.16506 0.0172858 0)
(4.16277 0.0194555 0)
(4.16159 0.0270781 0)
(4.16346 0.0377691 0)
(4.16453 0.0432059 0)
(4.164 0.0452667 0)
(4.16317 0.0486156 0)
(4.1611 0.0552474 0)
(4.15735 0.0606237 0)
(4.15664 0.0623321 0)
(4.15763 0.0631529 0)
(4.1625 0.0646277 0)
(4.17112 0.0658694 0)
(4.17511 0.0659166 0)
(4.17655 0.0658616 0)
(4.17882 0.0658769 0)
(4.17887 0.0646891 0)
(4.17509 0.0616629 0)
(4.17577 0.0595396 0)
(4.17883 0.0585856 0)
(4.18136 0.0573843 0)
(4.18562 0.0560622 0)
(4.19161 0.0545372 0)
(4.19503 0.0538606 0)
(4.20085 0.0514223 0)
(4.20518 0.0494965 0)
(4.20638 0.0468322 0)
(4.20504 0.0450253 0)
(4.20484 0.0446445 0)
(4.2089 0.0434893 0)
(4.21377 0.0431733 0)
(4.21925 0.0413397 0)
(4.225 0.0375411 0)
(4.22983 0.0356856 0)
(4.23414 0.0345646 0)
(4.23798 0.0293677 0)
(4.23885 0.0257271 0)
(4.23701 0.0224741 0)
(4.24215 0.0203174 0)
(4.2475 0.0197902 0)
(4.2519 0.0184943 0)
(4.2566 0.0177247 0)
(4.26148 0.0173937 0)
(4.26573 0.0172032 0)
(4.26729 0.0152227 0)
(4.26448 0.0105611 0)
(4.26417 0.00864404 0)
(4.2675 0.007314 0)
(4.2742 0.00668763 0)
(4.27983 0.00665378 0)
(4.2851 0.00631321 0)
(4.29001 0.00581198 0)
(4.29508 0.00519202 0)
(4.29919 0.00601837 0)
(4.29974 0.00861028 0)
(4.29648 0.0104135 0)
(4.29923 0.0106762 0)
(4.30315 0.0109722 0)
(4.30653 0.0123516 0)
(4.3109 0.0160284 0)
(4.31303 0.0187095 0)
(4.31648 0.0209693 0)
(4.32016 0.0232816 0)
(4.32358 0.0246823 0)
(4.32656 0.0244476 0)
(4.32738 0.0215787 0)
(4.32483 0.0204011 0)
(4.32427 0.0236126 0)
(4.32809 0.0251254 0)
(4.33313 0.0261146 0)
(4.33892 0.028375 0)
(4.34392 0.0304552 0)
(4.34698 0.0339583 0)
(4.34946 0.0358858 0)
(4.35362 0.0367364 0)
(4.35908 0.0377592 0)
(4.36477 0.0387478 0)
(4.37091 0.0392553 0)
(4.37743 0.039134 0)
(4.38282 0.0376161 0)
(4.38755 0.0363208 0)
(4.39207 0.0347915 0)
(4.39563 0.0310378 0)
(4.39736 0.0273457 0)
(4.39829 0.0294252 0)
(4.40372 0.0321958 0)
(4.40912 0.0326829 0)
(4.41484 0.0342712 0)
(4.42155 0.0354503 0)
(4.42684 0.0392881 0)
(4.43147 0.0420759 0)
(4.43822 0.0413706 0)
(4.44502 0.0381355 0)
(4.45081 0.036129 0)
(4.45614 0.0379113 0)
(4.46008 0.0396692 0)
(4.4631 0.0351221 0)
(4.46301 0.0281296 0)
(4.46357 0.0290519 0)
(4.46666 0.0359427 0)
(4.46889 0.0407902 0)
(4.47235 0.0420174 0)
(4.47626 0.0406297 0)
(4.47909 0.0407511 0)
(4.4805 0.0421933 0)
(4.48174 0.0392211 0)
(4.48561 0.0324672 0)
(4.49091 0.0288362 0)
(4.49689 0.0276389 0)
(4.50397 0.0284843 0)
(4.51137 0.0303546 0)
(4.51905 0.0305677 0)
(4.52724 0.031989 0)
(4.53465 0.0321981 0)
(4.54133 0.0319502 0)
(4.54421 0.029403 0)
(4.5447 0.0257864 0)
(4.54429 0.0249723 0)
(4.54279 0.0266003 0)
(4.54068 0.0291235 0)
(4.54059 0.0289984 0)
(4.54392 0.0284427 0)
(4.54982 0.0293372 0)
(4.55684 0.0302019 0)
(4.5629 0.0307951 0)
(4.5654 0.0315857 0)
(4.56766 0.0314596 0)
(4.5743 0.0309927 0)
(4.57941 0.0307233 0)
(4.58446 0.029353 0)
(4.58957 0.0243023 0)
(4.59261 0.0220046 0)
(4.59805 0.0217774 0)
(4.60316 0.0209533 0)
(4.60698 0.0190396 0)
(4.61049 0.0204645 0)
(4.61604 0.0273056 0)
(4.6214 0.0321115 0)
(4.62793 0.0310409 0)
(4.63374 0.0277277 0)
(4.6389 0.0266484 0)
(4.64824 0.0300558 0)
(4.65573 0.0341302 0)
(4.66129 0.0353333 0)
(4.66676 0.033239 0)
(4.66949 0.0286799 0)
(4.67077 0.0257737 0)
(4.67169 0.0236782 0)
(4.67116 0.0211086 0)
(4.6669 0.0209211 0)
(4.67177 0.025476 0)
(4.67747 0.0290987 0)
(4.6823 0.0305055 0)
(4.69004 0.0297116 0)
(4.69654 0.027415 0)
(4.70164 0.0239475 0)
(4.70612 0.0209804 0)
(4.70865 0.0236183 0)
(4.70815 0.02838 0)
(4.71007 0.0286505 0)
(4.71495 0.0284827 0)
(4.72076 0.0301543 0)
(4.72547 0.0322548 0)
(4.73338 0.0324696 0)
(4.7396 0.0328989 0)
(4.74604 0.0348976 0)
(4.75226 0.0376253 0)
(4.7586 0.0381784 0)
(4.76464 0.0354519 0)
(4.76854 0.0310602 0)
(4.76682 0.0273729 0)
(4.75712 0.0253333 0)
(4.75414 0.027072 0)
(4.75766 0.0308274 0)
(4.76007 0.0353312 0)
(4.76281 0.0397485 0)
(4.768 0.0401564 0)
(4.77529 0.0379946 0)
(4.78321 0.0376051 0)
(4.79008 0.0386602 0)
(4.79446 0.0398458 0)
(4.80036 0.0399209 0)
(4.80447 0.0394871 0)
(4.80906 0.0397513 0)
(4.8148 0.0407386 0)
(4.82118 0.0404488 0)
(4.8307 0.0445719 0)
(4.84138 0.0538383 0)
(4.84763 0.0605911 0)
(4.85734 0.0583636 0)
(4.86489 0.0534824 0)
(4.87037 0.0533084 0)
(4.8747 0.0517527 0)
(4.87628 0.0464298 0)
(4.87235 0.0430684 0)
(4.86692 0.0434222 0)
(4.87054 0.0463626 0)
(4.87311 0.0477352 0)
(4.87678 0.0487035 0)
(4.88075 0.0539051 0)
(4.88285 0.056119 0)
(4.88448 0.0498527 0)
(4.88641 0.0497392 0)
(4.88934 0.0563919 0)
(4.89579 0.0520116 0)
(4.90251 0.0434448 0)
(4.90467 0.03851 0)
(4.91372 0.0341039 0)
(4.92152 0.0333275 0)
(4.92675 0.033653 0)
(4.93185 0.0373768 0)
(4.93832 0.0463833 0)
(4.94181 0.0494131 0)
(4.94894 0.0541355 0)
(4.95554 0.0615942 0)
(4.95803 0.0670055 0)
(4.95463 0.0595462 0)
(4.94487 0.0427092 0)
(4.94074 0.0332046 0)
(4.9432 0.0311912 0)
(4.94752 0.0321091 0)
(4.9521 0.0318964 0)
(4.95615 0.0309479 0)
(4.95972 0.030689 0)
(4.96503 0.0325003 0)
(4.97082 0.0367593 0)
(4.97693 0.0377129 0)
(4.98681 0.0310727 0)
(4.99362 0.0259356 0)
(4.9998 0.023303 0)
(5.00489 0.0231573 0)
(5.00805 0.02531 0)
(5.01125 0.0295672 0)
(5.01592 0.0305743 0)
(5.01889 0.0318594 0)
(5.02153 0.0358316 0)
(5.02295 0.0369535 0)
(5.02653 0.0367591 0)
(5.02879 0.0361093 0)
(5.02967 0.0375318 0)
(5.02552 0.0408165 0)
(5.01371 0.0330502 0)
(5.00963 0.0215258 0)
(5.01537 0.0196955 0)
(5.02283 0.018126 0)
(5.03353 0.0131733 0)
(5.04479 0.0122361 0)
(5.0516 0.011944 0)
(5.05761 0.0118552 0)
(5.06561 0.0117073 0)
(5.07332 0.011607 0)
(5.07453 0.0116168 0)
(5.07685 0.0126318 0)
(5.08059 0.015878 0)
(5.08357 0.0196414 0)
(5.087 0.0233943 0)
(5.0892 0.0267454 0)
(5.08593 0.0298257 0)
(5.08164 0.0318643 0)
(5.08117 0.0322584 0)
(5.08129 0.0323307 0)
(5.08171 0.0323411 0)
(5.08205 0.0315714 0)
(5.08265 0.0296734 0)
(5.09118 0.027374 0)
(5.10302 0.0257723 0)
(5.10755 0.0254959 0)
(5.1169 0.0250728 0)
(5.12637 0.0246495 0)
(5.13487 0.0245717 0)
(5.14282 0.0246703 0)
(5.14656 0.0242254 0)
(5.14057 0.021666 0)
(5.12691 0.0166338 0)
(5.12465 0.0142038 0)
(5.12661 0.0138899 0)
(5.12831 0.0135574 0)
(5.13113 0.0135845 0)
(5.1332 0.0135854 0)
(5.14163 0.0133563 0)
(5.15056 0.0132677 0)
(4.20237 -0.145304 0)
(4.20147 -0.127615 0)
(4.19994 -0.113755 0)
(4.1973 -0.0980071 0)
(4.19685 -0.0939913 0)
(4.18857 -0.0865631 0)
(4.18058 -0.0701595 0)
(4.18035 -0.0604423 0)
(4.17961 -0.0585465 0)
(4.17927 -0.048943 0)
(4.17477 -0.0366909 0)
(4.17042 -0.0344549 0)
(4.16932 -0.0342347 0)
(4.1677 -0.0323738 0)
(4.16604 -0.023177 0)
(4.16363 -0.0111874 0)
(4.16367 -0.00707186 0)
(4.16482 -0.00288007 0)
(4.16882 0.00559897 0)
(4.17276 0.01786 0)
(4.17254 0.0234207 0)
(4.17201 0.0237937 0)
(4.171 0.0248342 0)
(4.16929 0.0303682 0)
(4.16795 0.0377984 0)
(4.16853 0.0412883 0)
(4.17027 0.0443011 0)
(4.17384 0.0489742 0)
(4.17912 0.0541016 0)
(4.18187 0.0570298 0)
(4.1822 0.0577273 0)
(4.18216 0.0596915 0)
(4.18051 0.0623586 0)
(4.18191 0.0637799 0)
(4.18489 0.0644695 0)
(4.18867 0.0682684 0)
(4.19164 0.0728953 0)
(4.19471 0.0755477 0)
(4.1972 0.0746943 0)
(4.19832 0.0736121 0)
(4.19868 0.0733356 0)
(4.19933 0.0721313 0)
(4.20146 0.0702086 0)
(4.20556 0.068882 0)
(4.21066 0.0687121 0)
(4.21657 0.0677399 0)
(4.22316 0.0644926 0)
(4.22805 0.0620577 0)
(4.23166 0.0623353 0)
(4.23471 0.0610287 0)
(4.23659 0.0555852 0)
(4.23539 0.0527518 0)
(4.23398 0.0520537 0)
(4.23922 0.0469651 0)
(4.24634 0.0425633 0)
(4.25277 0.0413236 0)
(4.25886 0.0394303 0)
(4.26508 0.035103 0)
(4.26921 0.029727 0)
(4.27195 0.0277826 0)
(4.27292 0.0277389 0)
(4.27125 0.0262365 0)
(4.27461 0.0245597 0)
(4.28057 0.0238433 0)
(4.28554 0.0230239 0)
(4.29137 0.0232884 0)
(4.2962 0.0243504 0)
(4.2998 0.0270779 0)
(4.30258 0.0285002 0)
(4.30511 0.0293897 0)
(4.30637 0.0291622 0)
(4.30565 0.0255024 0)
(4.3025 0.0186915 0)
(4.30064 0.0159734 0)
(4.304 0.0178727 0)
(4.30886 0.0210936 0)
(4.31321 0.0241155 0)
(4.31698 0.026705 0)
(4.31934 0.0289844 0)
(4.32435 0.0298561 0)
(4.32895 0.0305812 0)
(4.33368 0.0325885 0)
(4.33947 0.0378301 0)
(4.34353 0.0398035 0)
(4.35098 0.0425671 0)
(4.35801 0.0431588 0)
(4.36341 0.0431255 0)
(4.36777 0.0431078 0)
(4.36975 0.0425969 0)
(4.36879 0.0401248 0)
(4.36726 0.0385192 0)
(4.36906 0.039649 0)
(4.37614 0.0416737 0)
(4.38233 0.0435987 0)
(4.38876 0.0448455 0)
(4.39446 0.0475205 0)
(4.40004 0.0530654 0)
(4.40364 0.05417 0)
(4.40991 0.0539075 0)
(4.41548 0.0539644 0)
(4.42018 0.0553614 0)
(4.42416 0.0578575 0)
(4.42793 0.058283 0)
(4.43136 0.0552812 0)
(4.43286 0.0512611 0)
(4.433 0.0497249 0)
(4.43353 0.0505339 0)
(4.43452 0.0510752 0)
(4.43648 0.0495139 0)
(4.43946 0.0467445 0)
(4.44274 0.0456207 0)
(4.44623 0.0464308 0)
(4.45031 0.0473231 0)
(4.45547 0.0465664 0)
(4.46119 0.0458688 0)
(4.46705 0.0460344 0)
(4.47375 0.0475186 0)
(4.48117 0.0496641 0)
(4.48952 0.0506293 0)
(4.49856 0.0518327 0)
(4.50614 0.0534204 0)
(4.51083 0.052308 0)
(4.51265 0.0474555 0)
(4.51037 0.0395254 0)
(4.50524 0.0348636 0)
(4.50017 0.0367317 0)
(4.49818 0.0367644 0)
(4.50094 0.0344745 0)
(4.50668 0.0318451 0)
(4.513 0.0300916 0)
(4.52025 0.0348697 0)
(4.52629 0.04112 0)
(4.53109 0.0428393 0)
(4.53662 0.0424189 0)
(4.54566 0.042475 0)
(4.55095 0.042154 0)
(4.55679 0.0392267 0)
(4.5604 0.0354344 0)
(4.56466 0.0337518 0)
(4.56975 0.0355094 0)
(4.57333 0.0368867 0)
(4.57488 0.0352067 0)
(4.57694 0.0373223 0)
(4.58237 0.0433677 0)
(4.58784 0.0458957 0)
(4.59406 0.0449231 0)
(4.59946 0.0438359 0)
(4.60568 0.0460112 0)
(4.61348 0.0495291 0)
(4.62042 0.053128 0)
(4.62606 0.0569574 0)
(4.63017 0.057714 0)
(4.63235 0.0530257 0)
(4.63143 0.0470352 0)
(4.62679 0.0442381 0)
(4.6279 0.0461334 0)
(4.63546 0.0495599 0)
(4.64028 0.0527057 0)
(4.64634 0.0535422 0)
(4.65302 0.0523964 0)
(4.65842 0.0503267 0)
(4.66232 0.0461992 0)
(4.6642 0.0394771 0)
(4.66376 0.036686 0)
(4.6683 0.0432635 0)
(4.67411 0.0475182 0)
(4.67982 0.0494974 0)
(4.68561 0.0531707 0)
(4.69242 0.0585 0)
(4.6997 0.0593063 0)
(4.70479 0.0601252 0)
(4.7118 0.0622186 0)
(4.71563 0.0638219 0)
(4.72201 0.0640508 0)
(4.72812 0.0558084 0)
(4.72827 0.0445362 0)
(4.72018 0.0389198 0)
(4.71409 0.037604 0)
(4.72049 0.0380856 0)
(4.72482 0.0410481 0)
(4.72779 0.04815 0)
(4.73128 0.0515525 0)
(4.73645 0.0513932 0)
(4.74275 0.0522344 0)
(4.75021 0.0548864 0)
(4.75701 0.0551957 0)
(4.76233 0.0508675 0)
(4.76911 0.0484862 0)
(4.77364 0.0480269 0)
(4.77814 0.0482691 0)
(4.78309 0.0505474 0)
(4.78682 0.0527844 0)
(4.79216 0.053661 0)
(4.80371 0.0586121 0)
(4.81559 0.0660804 0)
(4.82444 0.0717909 0)
(4.83471 0.0732819 0)
(4.84356 0.0712816 0)
(4.8481 0.0667833 0)
(4.8465 0.0597909 0)
(4.84172 0.0526819 0)
(4.84113 0.0503475 0)
(4.84336 0.0504314 0)
(4.84606 0.0501899 0)
(4.84908 0.0488079 0)
(4.85237 0.0495672 0)
(4.85438 0.0547414 0)
(4.85443 0.0594757 0)
(4.85512 0.0642232 0)
(4.85742 0.0682359 0)
(4.86027 0.0677343 0)
(4.8648 0.0624992 0)
(4.88059 0.056999 0)
(4.88974 0.0537536 0)
(4.90061 0.0505461 0)
(4.90868 0.0497522 0)
(4.91384 0.0521015 0)
(4.91762 0.0581881 0)
(4.9216 0.0592671 0)
(4.92827 0.0615627 0)
(4.93394 0.0689474 0)
(4.9363 0.0754136 0)
(4.93254 0.0766775 0)
(4.92561 0.0671438 0)
(4.92927 0.0573029 0)
(4.93333 0.0528211 0)
(4.93874 0.0492771 0)
(4.94504 0.0496631 0)
(4.94817 0.0509559 0)
(4.94831 0.0506061 0)
(4.94882 0.0515057 0)
(4.95195 0.0523415 0)
(4.95815 0.0515995 0)
(4.96721 0.0521515 0)
(4.9776 0.0548235 0)
(4.98631 0.0559266 0)
(4.99638 0.055156 0)
(5.00157 0.054878 0)
(5.00476 0.0543883 0)
(5.00753 0.0551448 0)
(5.01099 0.0577857 0)
(5.0154 0.0635472 0)
(5.01723 0.0661935 0)
(5.0208 0.0679866 0)
(5.02477 0.0685312 0)
(5.02635 0.0662394 0)
(5.02129 0.0659031 0)
(5.00571 0.0691312 0)
(4.99589 0.0605418 0)
(5.00457 0.0498914 0)
(5.01036 0.0472827 0)
(5.01778 0.0458784 0)
(5.0273 0.0428902 0)
(5.04304 0.0419616 0)
(5.05054 0.0420038 0)
(5.05674 0.0419375 0)
(5.06646 0.0407482 0)
(5.07155 0.0376043 0)
(5.07182 0.0369565 0)
(5.07404 0.0380693 0)
(5.07749 0.0412318 0)
(5.08114 0.0447632 0)
(5.08524 0.0478936 0)
(5.08696 0.0499561 0)
(5.0815 0.0508695 0)
(5.07599 0.0522143 0)
(5.07659 0.0537731 0)
(5.07727 0.0547501 0)
(5.07835 0.0556082 0)
(5.07898 0.0550679 0)
(5.07914 0.0515522 0)
(5.08698 0.0469586 0)
(5.10034 0.0438723 0)
(5.10438 0.0436064 0)
(5.11254 0.0427472 0)
(5.12218 0.0396371 0)
(5.13087 0.0360695 0)
(5.13606 0.0324769 0)
(5.13157 0.0264211 0)
(5.11668 0.0192858 0)
(5.1139 0.0168596 0)
(5.11714 0.0168499 0)
(5.11949 0.0169186 0)
(5.12266 0.0166422 0)
(5.12638 0.0172087 0)
(5.13154 0.0179182 0)
(5.14148 0.0203356 0)
(5.1496 0.0199372 0)
(4.24448 -0.343739 0)
(4.2426 -0.339089 0)
(4.21876 -0.30545 0)
(4.21279 -0.270896 0)
(4.21425 -0.265527 0)
(4.21074 -0.249934 0)
(4.20341 -0.207857 0)
(4.20637 -0.193522 0)
(4.20845 -0.183307 0)
(4.19118 -0.149824 0)
(4.18169 -0.126824 0)
(4.17351 -0.128345 0)
(4.16331 -0.123337 0)
(4.15144 -0.11122 0)
(4.14954 -0.0851335 0)
(4.15485 -0.07358 0)
(4.1582 -0.0664524 0)
(4.16608 -0.0515534 0)
(4.17068 -0.0351744 0)
(4.16727 -0.0224253 0)
(4.16793 -0.0133542 0)
(4.15831 -0.0108882 0)
(4.15554 -0.0112296 0)
(4.15564 -0.00605901 0)
(4.15824 0.00117216 0)
(4.16155 0.00286987 0)
(4.1657 0.0130285 0)
(4.17229 0.0260255 0)
(4.17558 0.0296545 0)
(4.17138 0.029643 0)
(4.17047 0.0295986 0)
(4.16925 0.0301604 0)
(4.16937 0.0331671 0)
(4.17337 0.036064 0)
(4.17695 0.0384746 0)
(4.18203 0.0445658 0)
(4.18375 0.0521049 0)
(4.18373 0.0580573 0)
(4.18359 0.0606586 0)
(4.18225 0.0607827 0)
(4.17945 0.061483 0)
(4.17894 0.0644535 0)
(4.18265 0.0661193 0)
(4.18643 0.0677775 0)
(4.19328 0.0714246 0)
(4.19683 0.0731799 0)
(4.20187 0.0739816 0)
(4.2057 0.0763327 0)
(4.20693 0.0798536 0)
(4.20555 0.0811933 0)
(4.20338 0.0801521 0)
(4.20373 0.0795731 0)
(4.2066 0.07937 0)
(4.21088 0.078467 0)
(4.21544 0.0773702 0)
(4.22011 0.0760931 0)
(4.22554 0.0731594 0)
(4.23033 0.0681483 0)
(4.23247 0.0629223 0)
(4.23376 0.0593766 0)
(4.23677 0.0584765 0)
(4.24113 0.0589493 0)
(4.247 0.0579363 0)
(4.25341 0.0548113 0)
(4.2593 0.0542316 0)
(4.26476 0.0569314 0)
(4.27003 0.0564521 0)
(4.27438 0.0523023 0)
(4.27665 0.0509247 0)
(4.27808 0.0506302 0)
(4.27935 0.0464357 0)
(4.27927 0.0389382 0)
(4.2779 0.032363 0)
(4.27859 0.0324399 0)
(4.28151 0.0365194 0)
(4.28528 0.0366648 0)
(4.28934 0.0316864 0)
(4.29186 0.0290327 0)
(4.29711 0.0295755 0)
(4.30437 0.0297953 0)
(4.31032 0.0303686 0)
(4.31669 0.0323206 0)
(4.32241 0.0353378 0)
(4.32855 0.0366286 0)
(4.33567 0.0365466 0)
(4.3416 0.0361158 0)
(4.34596 0.0360503 0)
(4.34693 0.0367944 0)
(4.34294 0.0372467 0)
(4.34225 0.0364242 0)
(4.34557 0.0362169 0)
(4.35043 0.0364627 0)
(4.35581 0.0370388 0)
(4.36245 0.0375922 0)
(4.3677 0.0377811 0)
(4.3724 0.0382617 0)
(4.37666 0.0391733 0)
(4.38116 0.0407008 0)
(4.38514 0.0441558 0)
(4.38779 0.0479975 0)
(4.39076 0.0520887 0)
(4.39428 0.0550753 0)
(4.39808 0.0543329 0)
(4.39996 0.0524303 0)
(4.39772 0.0513365 0)
(4.39326 0.0509063 0)
(4.39674 0.0500678 0)
(4.40118 0.0493713 0)
(4.40544 0.0490656 0)
(4.40925 0.0492144 0)
(4.41306 0.0514729 0)
(4.41543 0.0538143 0)
(4.41984 0.0567134 0)
(4.4275 0.0613172 0)
(4.43303 0.0638824 0)
(4.43886 0.0648235 0)
(4.4454 0.065722 0)
(4.45243 0.0658848 0)
(4.45943 0.0656528 0)
(4.46602 0.0669193 0)
(4.47118 0.0680981 0)
(4.47288 0.0642301 0)
(4.46844 0.056779 0)
(4.46058 0.0521108 0)
(4.45669 0.0508027 0)
(4.45721 0.0502241 0)
(4.46032 0.0482498 0)
(4.46525 0.0442227 0)
(4.47082 0.0424745 0)
(4.47734 0.0479484 0)
(4.48346 0.0517456 0)
(4.48989 0.0520951 0)
(4.49741 0.0533028 0)
(4.50552 0.0560957 0)
(4.51296 0.0579207 0)
(4.5197 0.0566901 0)
(4.5251 0.0542502 0)
(4.5293 0.0516935 0)
(4.53276 0.0489457 0)
(4.53534 0.0474387 0)
(4.53763 0.0488006 0)
(4.54003 0.0504008 0)
(4.54392 0.04969 0)
(4.54884 0.0484596 0)
(4.55461 0.0493457 0)
(4.56047 0.0512653 0)
(4.56609 0.0517013 0)
(4.57201 0.052484 0)
(4.5781 0.0552426 0)
(4.58268 0.058825 0)
(4.58508 0.0600152 0)
(4.58533 0.0565962 0)
(4.58412 0.0512626 0)
(4.5841 0.0483198 0)
(4.588 0.0507334 0)
(4.59297 0.0527203 0)
(4.602 0.0519214 0)
(4.6096 0.0498531 0)
(4.61469 0.0460246 0)
(4.61783 0.04344 0)
(4.61912 0.0418468 0)
(4.61939 0.0389678 0)
(4.61968 0.0372115 0)
(4.62603 0.0410067 0)
(4.63428 0.0455715 0)
(4.64154 0.0488853 0)
(4.64999 0.0535679 0)
(4.6588 0.0591 0)
(4.66529 0.0634804 0)
(4.67132 0.064487 0)
(4.67692 0.0635857 0)
(4.68051 0.0614106 0)
(4.68083 0.0564619 0)
(4.6767 0.0522027 0)
(4.66864 0.0491107 0)
(4.66634 0.0373609 0)
(4.66708 0.02862 0)
(4.67089 0.0315439 0)
(4.68336 0.0358911 0)
(4.69048 0.0398625 0)
(4.69514 0.0441962 0)
(4.69981 0.0455153 0)
(4.70538 0.0482866 0)
(4.71182 0.0519989 0)
(4.71909 0.0536714 0)
(4.72596 0.0506024 0)
(4.73347 0.0486122 0)
(4.73759 0.0478338 0)
(4.74167 0.0480101 0)
(4.74636 0.0499573 0)
(4.75395 0.054245 0)
(4.75938 0.0577487 0)
(4.76628 0.0606011 0)
(4.77685 0.0683189 0)
(4.78635 0.0721743 0)
(4.7956 0.07276 0)
(4.80274 0.072139 0)
(4.80626 0.0695034 0)
(4.80185 0.0630837 0)
(4.79992 0.0569072 0)
(4.80536 0.0537936 0)
(4.80934 0.0521166 0)
(4.81361 0.0499306 0)
(4.81646 0.0485659 0)
(4.81653 0.0487963 0)
(4.81441 0.050998 0)
(4.81349 0.0538195 0)
(4.81525 0.0562185 0)
(4.8194 0.0583091 0)
(4.82442 0.0591403 0)
(4.82851 0.0563431 0)
(4.84294 0.0541166 0)
(4.85425 0.0541825 0)
(4.86518 0.0563101 0)
(4.87499 0.0589728 0)
(4.88627 0.0635634 0)
(4.89436 0.0706268 0)
(4.89883 0.0743256 0)
(4.90198 0.0740146 0)
(4.9024 0.0727683 0)
(4.89887 0.0758572 0)
(4.89337 0.0792153 0)
(4.89285 0.075991 0)
(4.89867 0.070838 0)
(4.90576 0.0676484 0)
(4.91272 0.0650728 0)
(4.91966 0.0630514 0)
(4.92471 0.0626126 0)
(4.92586 0.0622888 0)
(4.92532 0.0623118 0)
(4.92649 0.0624452 0)
(4.93015 0.061307 0)
(4.93666 0.0597166 0)
(4.94607 0.0593418 0)
(4.95744 0.0592056 0)
(4.97606 0.0579751 0)
(4.98482 0.0577481 0)
(4.98904 0.0576876 0)
(4.9935 0.0587401 0)
(4.9976 0.0637939 0)
(5.00151 0.0713528 0)
(5.00468 0.0743396 0)
(5.00597 0.0746645 0)
(5.008 0.0737969 0)
(5.00813 0.0705937 0)
(5.00125 0.0673233 0)
(4.98695 0.0663337 0)
(4.97738 0.0637766 0)
(4.98158 0.0581449 0)
(4.99117 0.0556986 0)
(4.99738 0.0530212 0)
(5.00476 0.0524019 0)
(5.01392 0.0504767 0)
(5.03213 0.0448142 0)
(5.04406 0.0440745 0)
(5.05114 0.0431364 0)
(5.0594 0.0414591 0)
(5.06626 0.0368418 0)
(5.06761 0.0344037 0)
(5.06809 0.0343244 0)
(5.07007 0.0356377 0)
(5.07213 0.0390213 0)
(5.0736 0.042545 0)
(5.0714 0.0445355 0)
(5.06414 0.0440809 0)
(5.06361 0.044342 0)
(5.06646 0.0454215 0)
(5.06916 0.0471229 0)
(5.07153 0.0488704 0)
(5.07461 0.0493575 0)
(5.07842 0.0485073 0)
(5.08742 0.0464046 0)
(5.09822 0.0440665 0)
(5.10122 0.0435225 0)
(5.10805 0.0412465 0)
(5.11708 0.0354616 0)
(5.1217 0.0276632 0)
(5.11446 0.0181145 0)
(5.0966 0.00922003 0)
(5.09495 0.00648847 0)
(5.09959 0.00672723 0)
(5.10326 0.00832833 0)
(5.10674 0.0098732 0)
(5.11154 0.0116132 0)
(5.1147 0.0150673 0)
(5.12307 0.0192881 0)
(5.1328 0.0201297 0)
(5.14248 0.0173243 0)
(4.26004 -0.423554 0)
(4.25811 -0.42233 0)
(4.25595 -0.419523 0)
(4.25678 -0.417229 0)
(4.25947 -0.415492 0)
(4.26411 -0.407449 0)
(4.27137 -0.387421 0)
(4.26476 -0.366779 0)
(4.25849 -0.354068 0)
(4.25414 -0.348157 0)
(4.24537 -0.337531 0)
(4.23354 -0.320537 0)
(4.22478 -0.30708 0)
(4.21759 -0.295315 0)
(4.2103 -0.267857 0)
(4.2117 -0.23209 0)
(4.21997 -0.215383 0)
(4.2344 -0.201715 0)
(4.22469 -0.177617 0)
(4.2093 -0.155612 0)
(4.20499 -0.131748 0)
(4.1996 -0.13054 0)
(4.18332 -0.117579 0)
(4.17177 -0.0886046 0)
(4.1752 -0.0690977 0)
(4.18083 -0.0658013 0)
(4.19036 -0.0534203 0)
(4.18543 -0.0246984 0)
(4.18293 -0.0156812 0)
(4.17776 -0.012447 0)
(4.16816 -0.00184466 0)
(4.16698 0.00569205 0)
(4.16892 0.00848215 0)
(4.17318 0.01337 0)
(4.18067 0.0205741 0)
(4.18504 0.0276485 0)
(4.18613 0.0358259 0)
(4.18288 0.0468744 0)
(4.1758 0.0539409 0)
(4.16999 0.0563862 0)
(4.16729 0.0563596 0)
(4.16667 0.0559297 0)
(4.16832 0.0551995 0)
(4.17731 0.0542771 0)
(4.19216 0.056159 0)
(4.19839 0.0593443 0)
(4.20119 0.0641103 0)
(4.20168 0.0708443 0)
(4.1979 0.0762183 0)
(4.19283 0.0788982 0)
(4.19112 0.0796745 0)
(4.19213 0.079991 0)
(4.19459 0.0795857 0)
(4.19796 0.0787007 0)
(4.20149 0.0777912 0)
(4.20402 0.0765379 0)
(4.20562 0.0744889 0)
(4.20776 0.0734533 0)
(4.20993 0.073356 0)
(4.21276 0.0736225 0)
(4.21646 0.0748664 0)
(4.22574 0.0783102 0)
(4.23242 0.0804234 0)
(4.23917 0.08042 0)
(4.24561 0.0806777 0)
(4.24884 0.081303 0)
(4.24969 0.0814503 0)
(4.2487 0.0814926 0)
(4.24808 0.0813464 0)
(4.24977 0.0796806 0)
(4.25256 0.0779515 0)
(4.25537 0.0752039 0)
(4.25764 0.0724551 0)
(4.25935 0.0737217 0)
(4.26147 0.0738959 0)
(4.26542 0.0688233 0)
(4.26918 0.0648079 0)
(4.2739 0.0642355 0)
(4.27954 0.0648807 0)
(4.28578 0.0646754 0)
(4.2923 0.0642755 0)
(4.2991 0.0653239 0)
(4.30536 0.0669123 0)
(4.31241 0.0655535 0)
(4.31879 0.0620144 0)
(4.32287 0.0594844 0)
(4.32267 0.0573821 0)
(4.31728 0.0536005 0)
(4.31975 0.0508821 0)
(4.32485 0.0491669 0)
(4.32911 0.0470546 0)
(4.33457 0.0467778 0)
(4.34093 0.0491927 0)
(4.34605 0.0529613 0)
(4.35122 0.05266 0)
(4.35491 0.0501787 0)
(4.35774 0.0488692 0)
(4.36218 0.0487473 0)
(4.36526 0.0493412 0)
(4.36801 0.0504912 0)
(4.37129 0.0513933 0)
(4.37497 0.0516674 0)
(4.37719 0.0509209 0)
(4.37461 0.0501035 0)
(4.36782 0.0493425 0)
(4.37107 0.0489898 0)
(4.37632 0.0490235 0)
(4.38061 0.0489901 0)
(4.38508 0.0491922 0)
(4.3896 0.0502007 0)
(4.39703 0.0528806 0)
(4.40207 0.055845 0)
(4.40729 0.0573907 0)
(4.41354 0.0605037 0)
(4.4179 0.0644541 0)
(4.42283 0.0660035 0)
(4.42911 0.0679184 0)
(4.43538 0.0692816 0)
(4.44088 0.0688283 0)
(4.44351 0.0669932 0)
(4.44067 0.0643035 0)
(4.43247 0.0601366 0)
(4.42906 0.0569892 0)
(4.43016 0.0570916 0)
(4.43288 0.0581614 0)
(4.43604 0.0601522 0)
(4.43837 0.0625362 0)
(4.44233 0.0623693 0)
(4.44797 0.0634916 0)
(4.45443 0.0672175 0)
(4.46033 0.0690687 0)
(4.4665 0.0699008 0)
(4.47278 0.0710541 0)
(4.47888 0.0720642 0)
(4.4849 0.0732253 0)
(4.49093 0.0746052 0)
(4.49621 0.0746937 0)
(4.50012 0.0736627 0)
(4.50315 0.0719932 0)
(4.507 0.0719563 0)
(4.5103 0.0726363 0)
(4.51408 0.0729693 0)
(4.51813 0.072259 0)
(4.52212 0.0720167 0)
(4.52703 0.0730128 0)
(4.53308 0.0746992 0)
(4.5399 0.0745997 0)
(4.54569 0.071541 0)
(4.54833 0.0670023 0)
(4.5459 0.0617366 0)
(4.54047 0.0599557 0)
(4.54099 0.0607152 0)
(4.54516 0.061933 0)
(4.55051 0.0633836 0)
(4.55695 0.0635219 0)
(4.56448 0.0612895 0)
(4.57147 0.0595562 0)
(4.57733 0.0595886 0)
(4.58123 0.0595243 0)
(4.58302 0.0581725 0)
(4.58333 0.0573574 0)
(4.5861 0.0602745 0)
(4.59087 0.0639502 0)
(4.59712 0.0656915 0)
(4.60521 0.0654447 0)
(4.61424 0.0654788 0)
(4.62381 0.0667244 0)
(4.63205 0.0674436 0)
(4.63845 0.0672934 0)
(4.6431 0.0664011 0)
(4.64429 0.0646816 0)
(4.63846 0.0606343 0)
(4.62545 0.0534005 0)
(4.61866 0.0506207 0)
(4.6196 0.0520853 0)
(4.6247 0.0501044 0)
(4.63166 0.0461533 0)
(4.63909 0.0456932 0)
(4.65149 0.0495982 0)
(4.66054 0.050246 0)
(4.66626 0.0526434 0)
(4.67037 0.057793 0)
(4.6744 0.0604681 0)
(4.68163 0.0630524 0)
(4.69069 0.0638681 0)
(4.69941 0.0636692 0)
(4.70349 0.063438 0)
(4.70734 0.0642749 0)
(4.71176 0.0660356 0)
(4.72008 0.0695573 0)
(4.72419 0.0716002 0)
(4.73075 0.0739234 0)
(4.73852 0.0769871 0)
(4.74663 0.0797373 0)
(4.75381 0.0806973 0)
(4.75793 0.0765055 0)
(4.75634 0.0716346 0)
(4.75156 0.0689015 0)
(4.75557 0.0635563 0)
(4.76405 0.0593518 0)
(4.77011 0.0558845 0)
(4.77543 0.0529894 0)
(4.77959 0.0551287 0)
(4.77911 0.0597712 0)
(4.77628 0.0624935 0)
(4.77599 0.0624899 0)
(4.7768 0.0623037 0)
(4.78011 0.0620645 0)
(4.78662 0.0616061 0)
(4.79352 0.0609344 0)
(4.80645 0.0611213 0)
(4.81636 0.0624652 0)
(4.82532 0.0659905 0)
(4.83398 0.0679578 0)
(4.84481 0.0742764 0)
(4.85436 0.0846122 0)
(4.86138 0.0911762 0)
(4.8658 0.0904533 0)
(4.86462 0.0810777 0)
(4.85755 0.0685438 0)
(4.8537 0.0648646 0)
(4.86112 0.0708208 0)
(4.86753 0.0759964 0)
(4.87329 0.0791726 0)
(4.87855 0.0792342 0)
(4.88296 0.0766896 0)
(4.88678 0.0740708 0)
(4.88988 0.0722144 0)
(4.89316 0.0716676 0)
(4.89635 0.0724978 0)
(4.90016 0.0733753 0)
(4.90617 0.0743804 0)
(4.91353 0.0745025 0)
(4.9229 0.0725364 0)
(4.9346 0.0738654 0)
(4.95511 0.0786923 0)
(4.96356 0.0826072 0)
(4.96933 0.0870978 0)
(4.97501 0.0894258 0)
(4.9769 0.0893455 0)
(4.97751 0.0885638 0)
(4.97831 0.0862594 0)
(4.97853 0.078638 0)
(4.9743 0.0674024 0)
(4.96473 0.0590751 0)
(4.95691 0.0590333 0)
(4.9524 0.0638695 0)
(4.95769 0.0673995 0)
(4.9662 0.0675617 0)
(4.97267 0.0674825 0)
(4.98007 0.0689602 0)
(4.98918 0.071703 0)
(4.99958 0.070159 0)
(5.01389 0.0642698 0)
(5.0269 0.0619472 0)
(5.03775 0.0574134 0)
(5.04514 0.0542195 0)
(5.05164 0.0539186 0)
(5.05551 0.0555934 0)
(5.05655 0.0576564 0)
(5.05661 0.0586117 0)
(5.05665 0.0593653 0)
(5.05499 0.0590764 0)
(5.04843 0.0560219 0)
(5.04535 0.0534601 0)
(5.04797 0.0534587 0)
(5.05091 0.0541605 0)
(5.05458 0.055826 0)
(5.05824 0.0587005 0)
(5.06434 0.0619718 0)
(5.0751 0.0657361 0)
(5.08585 0.0649277 0)
(5.08978 0.062569 0)
(5.09237 0.0594315 0)
(5.09629 0.0530683 0)
(5.09913 0.0455624 0)
(5.09222 0.035635 0)
(5.0738 0.0247959 0)
(5.07245 0.0209146 0)
(5.07706 0.0207853 0)
(5.08146 0.0209121 0)
(5.08606 0.0217789 0)
(5.09204 0.0232466 0)
(5.09752 0.0251583 0)
(5.10086 0.0261525 0)
(5.11124 0.0259599 0)
(5.11978 0.0253146 0)
(5.13027 0.0227839 0)
(4.27413 -0.437997 0)
(4.27457 -0.437282 0)
(4.27574 -0.437569 0)
(4.27924 -0.436379 0)
(4.28745 -0.431963 0)
(4.29682 -0.422405 0)
(4.30175 -0.410701 0)
(4.29927 -0.404466 0)
(4.29072 -0.406911 0)
(4.28152 -0.407826 0)
(4.28064 -0.401943 0)
(4.28037 -0.396633 0)
(4.28225 -0.393729 0)
(4.28337 -0.387444 0)
(4.28394 -0.374485 0)
(4.28707 -0.363441 0)
(4.29005 -0.358779 0)
(4.29196 -0.353976 0)
(4.29311 -0.341966 0)
(4.2836 -0.325471 0)
(4.27747 -0.308599 0)
(4.27454 -0.301856 0)
(4.26541 -0.291811 0)
(4.24945 -0.26617 0)
(4.24587 -0.244711 0)
(4.24659 -0.241381 0)
(4.24428 -0.227199 0)
(4.23642 -0.19006 0)
(4.23416 -0.176434 0)
(4.23277 -0.180149 0)
(4.22459 -0.157132 0)
(4.22162 -0.118303 0)
(4.2268 -0.104242 0)
(4.23007 -0.092216 0)
(4.22018 -0.076582 0)
(4.21414 -0.0681406 0)
(4.20954 -0.049485 0)
(4.20693 -0.0460114 0)
(4.19655 -0.0378811 0)
(4.18173 -0.0226389 0)
(4.17687 -0.00559018 0)
(4.17591 0.00368462 0)
(4.17933 0.0104025 0)
(4.19482 0.0176711 0)
(4.21263 0.0257038 0)
(4.21705 0.0319463 0)
(4.21624 0.0378438 0)
(4.21085 0.0461585 0)
(4.20231 0.0509474 0)
(4.19723 0.0548278 0)
(4.19707 0.0595499 0)
(4.19927 0.0630308 0)
(4.20142 0.0660632 0)
(4.20319 0.0669545 0)
(4.20621 0.0700045 0)
(4.20622 0.0729059 0)
(4.20397 0.071951 0)
(4.20475 0.0696352 0)
(4.20674 0.067981 0)
(4.20943 0.0672991 0)
(4.21627 0.0682878 0)
(4.2296 0.0714214 0)
(4.23952 0.0757058 0)
(4.24337 0.0791405 0)
(4.24794 0.0862008 0)
(4.24998 0.0896734 0)
(4.24726 0.0902122 0)
(4.23998 0.0911002 0)
(4.23774 0.0922799 0)
(4.23783 0.0925975 0)
(4.23818 0.0927671 0)
(4.24044 0.0925804 0)
(4.24553 0.0942027 0)
(4.24952 0.0964334 0)
(4.25145 0.0983946 0)
(4.25501 0.0979709 0)
(4.25952 0.0976677 0)
(4.26499 0.0987465 0)
(4.27062 0.100309 0)
(4.27594 0.101466 0)
(4.2812 0.102317 0)
(4.28638 0.102909 0)
(4.29135 0.102414 0)
(4.29526 0.0999352 0)
(4.29511 0.092623 0)
(4.29141 0.0829947 0)
(4.2937 0.0758385 0)
(4.29974 0.0722144 0)
(4.30484 0.0697958 0)
(4.31022 0.0685925 0)
(4.31679 0.0679601 0)
(4.32344 0.067562 0)
(4.32969 0.0662909 0)
(4.3352 0.0663117 0)
(4.33869 0.0690693 0)
(4.34037 0.0668672 0)
(4.34731 0.0628718 0)
(4.35218 0.0613338 0)
(4.35572 0.0588812 0)
(4.35857 0.0583567 0)
(4.36186 0.0583895 0)
(4.36478 0.0583995 0)
(4.36466 0.0579553 0)
(4.35884 0.0566901 0)
(4.35191 0.0545746 0)
(4.3572 0.0535863 0)
(4.3651 0.0536006 0)
(4.37133 0.0532333 0)
(4.3772 0.0530493 0)
(4.38488 0.0544073 0)
(4.38979 0.0560083 0)
(4.39684 0.0566552 0)
(4.40382 0.0574242 0)
(4.4106 0.0605484 0)
(4.41424 0.0633092 0)
(4.41926 0.0645888 0)
(4.42465 0.0653048 0)
(4.43002 0.0666882 0)
(4.43324 0.0655961 0)
(4.42886 0.0627554 0)
(4.41748 0.0598039 0)
(4.41569 0.0576991 0)
(4.41938 0.0575071 0)
(4.42182 0.0581755 0)
(4.4242 0.060512 0)
(4.42709 0.063555 0)
(4.43205 0.0664496 0)
(4.4372 0.0698573 0)
(4.44024 0.0708928 0)
(4.44622 0.073574 0)
(4.45206 0.0755112 0)
(4.4572 0.077141 0)
(4.46128 0.0782738 0)
(4.46435 0.0790839 0)
(4.46657 0.0803639 0)
(4.47076 0.0815468 0)
(4.47908 0.0816821 0)
(4.48323 0.0816428 0)
(4.48689 0.0826491 0)
(4.49185 0.0851037 0)
(4.49424 0.0857758 0)
(4.49944 0.0860186 0)
(4.50452 0.0858738 0)
(4.50861 0.0843273 0)
(4.51251 0.0828542 0)
(4.51743 0.0817592 0)
(4.52274 0.0806575 0)
(4.52438 0.0785486 0)
(4.51579 0.0748064 0)
(4.50946 0.0719794 0)
(4.51233 0.0734575 0)
(4.51578 0.0739902 0)
(4.52096 0.0742534 0)
(4.52765 0.0761121 0)
(4.5337 0.0768211 0)
(4.54105 0.0761313 0)
(4.54675 0.0744169 0)
(4.55141 0.0739406 0)
(4.55583 0.0735685 0)
(4.55992 0.072483 0)
(4.56441 0.0732887 0)
(4.56982 0.0766232 0)
(4.5756 0.0795819 0)
(4.58164 0.0793578 0)
(4.58698 0.0762188 0)
(4.5923 0.0725897 0)
(4.59889 0.0699198 0)
(4.60496 0.0681792 0)
(4.60898 0.0668811 0)
(4.61034 0.0658496 0)
(4.60569 0.0637141 0)
(4.59358 0.0592466 0)
(4.58867 0.0580827 0)
(4.59295 0.0601472 0)
(4.59732 0.0610261 0)
(4.60268 0.0609367 0)
(4.60955 0.0599706 0)
(4.61782 0.0590922 0)
(4.62782 0.0596316 0)
(4.63802 0.0598921 0)
(4.64417 0.0617175 0)
(4.64924 0.066812 0)
(4.65435 0.0687469 0)
(4.66219 0.0726797 0)
(4.67166 0.0738668 0)
(4.67767 0.0752386 0)
(4.68323 0.0771948 0)
(4.68957 0.0785821 0)
(4.69309 0.0790336 0)
(4.69804 0.0791107 0)
(4.70383 0.0806925 0)
(4.70953 0.0815702 0)
(4.71273 0.0791719 0)
(4.71049 0.0779863 0)
(4.70637 0.0703316 0)
(4.70553 0.0604594 0)
(4.71032 0.0588753 0)
(4.71784 0.0590283 0)
(4.72495 0.0582813 0)
(4.73213 0.0573385 0)
(4.7398 0.0588738 0)
(4.74483 0.0652279 0)
(4.74574 0.0684724 0)
(4.74643 0.0683875 0)
(4.74714 0.0676173 0)
(4.74961 0.0659284 0)
(4.75216 0.0642178 0)
(4.75719 0.0648456 0)
(4.76566 0.0640963 0)
(4.77483 0.0628209 0)
(4.78545 0.0652632 0)
(4.79456 0.0679355 0)
(4.80282 0.0698955 0)
(4.8098 0.0724595 0)
(4.81295 0.0767645 0)
(4.81104 0.0787027 0)
(4.80869 0.0733001 0)
(4.81164 0.0692533 0)
(4.81713 0.0672424 0)
(4.82288 0.0661416 0)
(4.83011 0.0681624 0)
(4.83763 0.0689434 0)
(4.84422 0.0712343 0)
(4.84849 0.0756611 0)
(4.85016 0.0788935 0)
(4.85224 0.0787421 0)
(4.85549 0.0778538 0)
(4.85883 0.0783344 0)
(4.86619 0.0795997 0)
(4.87356 0.0809327 0)
(4.8795 0.0836286 0)
(4.88603 0.087918 0)
(4.89495 0.0893397 0)
(4.90608 0.088746 0)
(4.91984 0.0890692 0)
(4.93467 0.0930536 0)
(4.94583 0.0975303 0)
(4.95066 0.0979426 0)
(4.94984 0.0956414 0)
(4.94476 0.0910038 0)
(4.93733 0.0831781 0)
(4.93146 0.0740857 0)
(4.92822 0.0659363 0)
(4.92694 0.0624143 0)
(4.92875 0.062241 0)
(4.93379 0.0625878 0)
(4.94032 0.0648099 0)
(4.94566 0.0692326 0)
(4.95044 0.0722422 0)
(4.95678 0.0735062 0)
(4.96497 0.0751281 0)
(4.97558 0.0778108 0)
(4.98966 0.0783126 0)
(4.99756 0.0770575 0)
(5.00421 0.0741205 0)
(5.01207 0.0735343 0)
(5.02288 0.0706571 0)
(5.03247 0.0698145 0)
(5.03788 0.0685688 0)
(5.03999 0.067045 0)
(5.04035 0.0656769 0)
(5.03792 0.0632591 0)
(5.03119 0.0596614 0)
(5.02741 0.0574809 0)
(5.02945 0.0578683 0)
(5.03267 0.0587495 0)
(5.03682 0.0603793 0)
(5.04132 0.063477 0)
(5.04846 0.0667133 0)
(5.0605 0.0703083 0)
(5.06664 0.0714511 0)
(5.071 0.0700584 0)
(5.07535 0.0667408 0)
(5.07671 0.063593 0)
(5.07308 0.0590701 0)
(5.0614 0.048915 0)
(5.04728 0.0353586 0)
(5.05023 0.0301856 0)
(5.05568 0.0293606 0)
(5.06124 0.0281631 0)
(5.06733 0.0257786 0)
(5.07305 0.0224937 0)
(5.07998 0.0204007 0)
(5.08473 0.0195446 0)
(5.08783 0.020746 0)
(5.09535 0.0213212 0)
(5.10371 0.0210275 0)
(5.11073 0.0207436 0)
(4.23026 -0.273264 0)
(4.23834 -0.27897 0)
(4.24687 -0.28571 0)
(4.25598 -0.293688 0)
(4.26521 -0.299367 0)
(4.26956 -0.300699 0)
(4.26513 -0.308366 0)
(4.25483 -0.321414 0)
(4.25082 -0.319918 0)
(4.24947 -0.317298 0)
(4.25754 -0.318801 0)
(4.2632 -0.319289 0)
(4.26672 -0.322142 0)
(4.27048 -0.327896 0)
(4.27526 -0.331808 0)
(4.28092 -0.334919 0)
(4.28647 -0.336216 0)
(4.29101 -0.33769 0)
(4.29647 -0.338689 0)
(4.29939 -0.338428 0)
(4.30129 -0.338127 0)
(4.30351 -0.338536 0)
(4.30021 -0.339984 0)
(4.29266 -0.34057 0)
(4.29164 -0.339975 0)
(4.29194 -0.339349 0)
(4.2926 -0.337686 0)
(4.29296 -0.333441 0)
(4.29434 -0.326622 0)
(4.2975 -0.317185 0)
(4.30224 -0.301621 0)
(4.31222 -0.28112 0)
(4.31114 -0.264574 0)
(4.30161 -0.254084 0)
(4.29741 -0.246977 0)
(4.29092 -0.238935 0)
(4.27976 -0.224652 0)
(4.27362 -0.208198 0)
(4.26723 -0.19717 0)
(4.25748 -0.180364 0)
(4.24574 -0.147642 0)
(4.24305 -0.118355 0)
(4.24591 -0.101898 0)
(4.25493 -0.0841558 0)
(4.26868 -0.0582443 0)
(4.26946 -0.0410716 0)
(4.26419 -0.0294563 0)
(4.2589 -0.0135333 0)
(4.25522 -0.0110725 0)
(4.23991 -0.00207126 0)
(4.22983 0.0143007 0)
(4.22749 0.0224673 0)
(4.22469 0.025877 0)
(4.22498 0.0348389 0)
(4.22516 0.0393431 0)
(4.22418 0.0504791 0)
(4.22445 0.0604241 0)
(4.22479 0.0623727 0)
(4.22527 0.0668114 0)
(4.23034 0.0738768 0)
(4.24047 0.0818786 0)
(4.24474 0.0850604 0)
(4.24498 0.084802 0)
(4.24595 0.0847291 0)
(4.24932 0.087742 0)
(4.25104 0.0931073 0)
(4.24652 0.0965008 0)
(4.23885 0.102761 0)
(4.2386 0.109582 0)
(4.23898 0.110625 0)
(4.23901 0.109389 0)
(4.24001 0.10433 0)
(4.24406 0.101985 0)
(4.24781 0.103779 0)
(4.25213 0.106287 0)
(4.25898 0.108714 0)
(4.26748 0.111858 0)
(4.27084 0.1134 0)
(4.27675 0.116951 0)
(4.28131 0.120787 0)
(4.28549 0.122359 0)
(4.28898 0.121393 0)
(4.28891 0.117195 0)
(4.28182 0.108707 0)
(4.27583 0.100644 0)
(4.27837 0.0973566 0)
(4.28221 0.0965942 0)
(4.28725 0.0958424 0)
(4.29697 0.0949734 0)
(4.30627 0.0940214 0)
(4.31281 0.0937854 0)
(4.3224 0.0930638 0)
(4.33036 0.0915941 0)
(4.33611 0.0909975 0)
(4.33927 0.0928455 0)
(4.34053 0.0930127 0)
(4.34408 0.0893948 0)
(4.34851 0.0869997 0)
(4.35203 0.0864431 0)
(4.35533 0.0855894 0)
(4.35848 0.0854434 0)
(4.36077 0.0853186 0)
(4.3584 0.0834476 0)
(4.35133 0.0820027 0)
(4.34893 0.0813657 0)
(4.35199 0.0770051 0)
(4.36076 0.0738261 0)
(4.3676 0.0730093 0)
(4.3742 0.0731094 0)
(4.38053 0.0737101 0)
(4.38793 0.0737618 0)
(4.39574 0.0736881 0)
(4.40304 0.072852 0)
(4.41036 0.0724752 0)
(4.41553 0.0725527 0)
(4.42095 0.0720806 0)
(4.42497 0.07106 0)
(4.42636 0.0701886 0)
(4.42105 0.0673546 0)
(4.41085 0.0645886 0)
(4.4085 0.0661673 0)
(4.41243 0.0680921 0)
(4.41594 0.0691723 0)
(4.41902 0.070158 0)
(4.42193 0.0714737 0)
(4.42546 0.0729526 0)
(4.43122 0.0754342 0)
(4.43694 0.0781469 0)
(4.43982 0.0786114 0)
(4.44506 0.0798251 0)
(4.44962 0.0819454 0)
(4.45249 0.0845381 0)
(4.45381 0.0861213 0)
(4.45365 0.0857466 0)
(4.45325 0.085342 0)
(4.46242 0.085664 0)
(4.46813 0.0857288 0)
(4.47271 0.0857555 0)
(4.47754 0.0859179 0)
(4.48288 0.0859465 0)
(4.49146 0.0859668 0)
(4.49546 0.0862134 0)
(4.49873 0.0863052 0)
(4.50349 0.0861909 0)
(4.50721 0.0855016 0)
(4.51063 0.0839604 0)
(4.51227 0.0815558 0)
(4.50651 0.08022 0)
(4.49444 0.0836965 0)
(4.49527 0.0884266 0)
(4.4996 0.0893375 0)
(4.50488 0.089311 0)
(4.51052 0.0888965 0)
(4.51613 0.088226 0)
(4.52265 0.0879164 0)
(4.52969 0.0882813 0)
(4.53541 0.0892231 0)
(4.53807 0.0894718 0)
(4.54285 0.0901066 0)
(4.54825 0.0905438 0)
(4.55381 0.0916322 0)
(4.55924 0.0937649 0)
(4.56405 0.0961358 0)
(4.56762 0.0956404 0)
(4.5689 0.0913228 0)
(4.5714 0.0853024 0)
(4.57728 0.0811565 0)
(4.58291 0.0778861 0)
(4.5859 0.0745161 0)
(4.5846 0.0708834 0)
(4.57765 0.068876 0)
(4.57468 0.0689215 0)
(4.57613 0.0714177 0)
(4.58157 0.0773657 0)
(4.58818 0.080374 0)
(4.59313 0.0809143 0)
(4.59734 0.0810145 0)
(4.60415 0.0798767 0)
(4.612 0.0782888 0)
(4.62103 0.0802321 0)
(4.62804 0.08264 0)
(4.63596 0.0852429 0)
(4.64395 0.0856785 0)
(4.65081 0.0850853 0)
(4.65766 0.0843692 0)
(4.66436 0.0847124 0)
(4.67144 0.0860147 0)
(4.67752 0.087585 0)
(4.68295 0.08796 0)
(4.68683 0.0875559 0)
(4.68806 0.0866121 0)
(4.68447 0.084965 0)
(4.67603 0.078398 0)
(4.6686 0.0738056 0)
(4.6707 0.0690649 0)
(4.67613 0.0661374 0)
(4.68629 0.0680421 0)
(4.69457 0.0700231 0)
(4.70122 0.0703978 0)
(4.70764 0.0724992 0)
(4.71626 0.0757227 0)
(4.72007 0.0772593 0)
(4.72291 0.0802727 0)
(4.72634 0.0813053 0)
(4.73067 0.0795086 0)
(4.73516 0.0763445 0)
(4.73827 0.0759596 0)
(4.74497 0.0774401 0)
(4.75319 0.0773952 0)
(4.76143 0.0756797 0)
(4.76923 0.0752001 0)
(4.77734 0.0764535 0)
(4.78289 0.0759798 0)
(4.77918 0.0721102 0)
(4.76998 0.0667456 0)
(4.77156 0.0651062 0)
(4.77569 0.0663707 0)
(4.78009 0.0681075 0)
(4.78627 0.0695675 0)
(4.79571 0.0710169 0)
(4.80778 0.0737557 0)
(4.81717 0.0770409 0)
(4.82467 0.0799149 0)
(4.82821 0.0809412 0)
(4.83064 0.0826089 0)
(4.83466 0.0855496 0)
(4.83857 0.0885452 0)
(4.84103 0.0895251 0)
(4.84626 0.0921421 0)
(4.85646 0.0958781 0)
(4.86431 0.102908 0)
(4.8713 0.106492 0)
(4.88066 0.105 0)
(4.8913 0.0993681 0)
(4.90288 0.0958039 0)
(4.9136 0.095616 0)
(4.9185 0.0944861 0)
(4.91386 0.0917093 0)
(4.90688 0.0874433 0)
(4.90369 0.0835942 0)
(4.90139 0.0808116 0)
(4.90279 0.0748013 0)
(4.90402 0.0699685 0)
(4.90686 0.0684384 0)
(4.91287 0.0663054 0)
(4.92073 0.0657004 0)
(4.92916 0.0712159 0)
(4.93363 0.0773755 0)
(4.93713 0.0777673 0)
(4.94186 0.0804907 0)
(4.9552 0.0903386 0)
(4.9666 0.0925638 0)
(4.97215 0.0954055 0)
(4.97758 0.0960268 0)
(4.98652 0.0942809 0)
(4.99032 0.0929986 0)
(4.9988 0.0927307 0)
(5.00967 0.0920768 0)
(5.01756 0.0893854 0)
(5.01951 0.0851756 0)
(5.01535 0.0799199 0)
(5.00794 0.0741112 0)
(5.00865 0.0699269 0)
(5.01296 0.0689523 0)
(5.01682 0.0689683 0)
(5.02152 0.0693889 0)
(5.02698 0.071027 0)
(5.03507 0.0745697 0)
(5.03866 0.0760534 0)
(5.04607 0.0770472 0)
(5.05199 0.0771896 0)
(5.05578 0.0763105 0)
(5.05703 0.073136 0)
(5.05056 0.0711351 0)
(5.03309 0.066504 0)
(5.02608 0.0580986 0)
(5.03266 0.0555458 0)
(5.03555 0.054022 0)
(5.03975 0.0495396 0)
(5.04268 0.0472274 0)
(5.05452 0.0429986 0)
(5.0605 0.0418697 0)
(5.06506 0.0400064 0)
(5.06925 0.0360189 0)
(5.07418 0.0313759 0)
(5.08042 0.0283622 0)
(5.08638 0.025626 0)
(5.09019 0.0292418 0)
(4.22848 -0.194234 0)
(4.24457 -0.207466 0)
(4.25495 -0.228577 0)
(4.26207 -0.241889 0)
(4.26527 -0.246877 0)
(4.25874 -0.248015 0)
(4.24495 -0.264789 0)
(4.24451 -0.28718 0)
(4.25025 -0.29615 0)
(4.25683 -0.299129 0)
(4.26443 -0.299563 0)
(4.27452 -0.30634 0)
(4.28236 -0.315739 0)
(4.28618 -0.320912 0)
(4.28582 -0.329772 0)
(4.29413 -0.338836 0)
(4.2999 -0.341149 0)
(4.30463 -0.344712 0)
(4.3101 -0.345379 0)
(4.31787 -0.344902 0)
(4.32458 -0.342804 0)
(4.32587 -0.341809 0)
(4.3168 -0.346101 0)
(4.30673 -0.353262 0)
(4.30909 -0.355859 0)
(4.31276 -0.356536 0)
(4.31659 -0.356449 0)
(4.32255 -0.353686 0)
(4.33301 -0.343794 0)
(4.34258 -0.333998 0)
(4.34599 -0.330064 0)
(4.3502 -0.325293 0)
(4.35038 -0.321444 0)
(4.3422 -0.321259 0)
(4.33018 -0.3205 0)
(4.32879 -0.317731 0)
(4.32865 -0.314951 0)
(4.32826 -0.309106 0)
(4.33045 -0.302146 0)
(4.33175 -0.293648 0)
(4.32994 -0.281788 0)
(4.32709 -0.268543 0)
(4.32506 -0.255768 0)
(4.32561 -0.241581 0)
(4.3311 -0.224894 0)
(4.33896 -0.206912 0)
(4.33986 -0.188869 0)
(4.33082 -0.178661 0)
(4.32222 -0.164583 0)
(4.31591 -0.157631 0)
(4.29829 -0.142414 0)
(4.28667 -0.126194 0)
(4.27933 -0.122344 0)
(4.2726 -0.113585 0)
(4.26725 -0.0923492 0)
(4.26946 -0.0690143 0)
(4.27489 -0.0569921 0)
(4.28122 -0.0579384 0)
(4.28697 -0.0367387 0)
(4.29744 -0.0112889 0)
(4.30821 -0.0014446 0)
(4.29761 0.00614476 0)
(4.28817 0.00715392 0)
(4.28451 0.0130468 0)
(4.27793 0.0253449 0)
(4.27094 0.0392055 0)
(4.26837 0.0430127 0)
(4.26742 0.045993 0)
(4.26512 0.0566022 0)
(4.26739 0.0668432 0)
(4.26826 0.0662463 0)
(4.26877 0.0662605 0)
(4.26931 0.0774213 0)
(4.27454 0.0879718 0)
(4.28147 0.092398 0)
(4.28987 0.0952277 0)
(4.29547 0.0971101 0)
(4.29741 0.0981021 0)
(4.301 0.102417 0)
(4.30304 0.107001 0)
(4.30524 0.109252 0)
(4.30721 0.109484 0)
(4.30532 0.108613 0)
(4.29575 0.107426 0)
(4.28871 0.105244 0)
(4.29007 0.10337 0)
(4.29267 0.102222 0)
(4.29642 0.101518 0)
(4.30291 0.101671 0)
(4.31582 0.103281 0)
(4.32382 0.104934 0)
(4.32879 0.106128 0)
(4.33609 0.108324 0)
(4.34143 0.111364 0)
(4.34416 0.115319 0)
(4.34448 0.118209 0)
(4.34538 0.117488 0)
(4.34844 0.115298 0)
(4.35147 0.114289 0)
(4.3547 0.113517 0)
(4.35807 0.112816 0)
(4.36058 0.112151 0)
(4.35871 0.110912 0)
(4.35272 0.110082 0)
(4.35277 0.109689 0)
(4.35552 0.107986 0)
(4.36008 0.104967 0)
(4.36685 0.103948 0)
(4.37232 0.102516 0)
(4.37949 0.100365 0)
(4.38828 0.0970579 0)
(4.39611 0.0925487 0)
(4.40377 0.089594 0)
(4.4117 0.0874579 0)
(4.41843 0.0865981 0)
(4.42289 0.0851854 0)
(4.42229 0.0824715 0)
(4.41286 0.0780615 0)
(4.40455 0.0735574 0)
(4.40894 0.0716328 0)
(4.41286 0.0716457 0)
(4.41741 0.0728137 0)
(4.42273 0.0750397 0)
(4.42735 0.0775574 0)
(4.4311 0.0794433 0)
(4.43588 0.081185 0)
(4.44004 0.0834199 0)
(4.44201 0.0840309 0)
(4.44647 0.0864356 0)
(4.4508 0.0901909 0)
(4.45331 0.092301 0)
(4.45282 0.091997 0)
(4.44965 0.0894687 0)
(4.44951 0.0869471 0)
(4.45155 0.0853966 0)
(4.46166 0.0851569 0)
(4.4692 0.0853743 0)
(4.47462 0.0855571 0)
(4.47985 0.0854099 0)
(4.48546 0.0851181 0)
(4.49431 0.0845485 0)
(4.49834 0.0842022 0)
(4.50171 0.0844362 0)
(4.50636 0.0848267 0)
(4.51008 0.084805 0)
(4.5124 0.0841978 0)
(4.50899 0.0825889 0)
(4.49743 0.08183 0)
(4.49123 0.0847686 0)
(4.49371 0.0888044 0)
(4.49833 0.0911443 0)
(4.5034 0.0918791 0)
(4.50846 0.0926549 0)
(4.51427 0.0944363 0)
(4.52323 0.0968593 0)
(4.53196 0.0987722 0)
(4.53608 0.0993046 0)
(4.53794 0.0992921 0)
(4.54225 0.100281 0)
(4.54748 0.101698 0)
(4.55307 0.101793 0)
(4.55745 0.0996053 0)
(4.55776 0.0970755 0)
(4.55374 0.0962005 0)
(4.55082 0.0952889 0)
(4.55577 0.0910751 0)
(4.56375 0.0862982 0)
(4.56934 0.0828656 0)
(4.57285 0.080328 0)
(4.57354 0.0787932 0)
(4.57225 0.0799952 0)
(4.57294 0.08215 0)
(4.57419 0.0835371 0)
(4.57639 0.0882691 0)
(4.58302 0.0939097 0)
(4.58794 0.0957254 0)
(4.59137 0.0982854 0)
(4.59593 0.0989098 0)
(4.60335 0.0974257 0)
(4.61165 0.0979435 0)
(4.61942 0.0993763 0)
(4.62824 0.0976914 0)
(4.63705 0.0969248 0)
(4.64353 0.0932555 0)
(4.64851 0.0895439 0)
(4.65507 0.0880116 0)
(4.66237 0.0887947 0)
(4.66834 0.0908838 0)
(4.67156 0.0925223 0)
(4.67075 0.0920186 0)
(4.66296 0.0889636 0)
(4.65054 0.0843145 0)
(4.64927 0.0802793 0)
(4.65332 0.07912 0)
(4.65716 0.0779436 0)
(4.6625 0.0764307 0)
(4.67048 0.0759878 0)
(4.68104 0.0793842 0)
(4.6881 0.0815724 0)
(4.6949 0.0854271 0)
(4.7027 0.0880069 0)
(4.70752 0.0898367 0)
(4.71265 0.090186 0)
(4.71759 0.0899733 0)
(4.72027 0.0898435 0)
(4.72581 0.0895424 0)
(4.73282 0.0910783 0)
(4.73918 0.0922084 0)
(4.74589 0.0902351 0)
(4.7509 0.0862807 0)
(4.7545 0.0836261 0)
(4.75558 0.0790945 0)
(4.74844 0.0697928 0)
(4.744 0.0631141 0)
(4.74747 0.0629444 0)
(4.75072 0.06425 0)
(4.75447 0.0674123 0)
(4.7628 0.0731231 0)
(4.76762 0.0757173 0)
(4.77675 0.0753387 0)
(4.7892 0.0772873 0)
(4.80396 0.0814967 0)
(4.81185 0.0821322 0)
(4.81615 0.0844456 0)
(4.81949 0.0888914 0)
(4.82444 0.0940466 0)
(4.82944 0.0999883 0)
(4.83138 0.101025 0)
(4.83812 0.104891 0)
(4.84638 0.110259 0)
(4.85364 0.113661 0)
(4.86039 0.114577 0)
(4.86507 0.110403 0)
(4.86755 0.102126 0)
(4.87029 0.096736 0)
(4.87221 0.0900868 0)
(4.87375 0.0802847 0)
(4.87992 0.0754944 0)
(4.88272 0.0743697 0)
(4.88512 0.0741187 0)
(4.88712 0.0742205 0)
(4.89051 0.0755257 0)
(4.89565 0.0783214 0)
(4.89834 0.0792014 0)
(4.90396 0.0781844 0)
(4.90942 0.076784 0)
(4.91487 0.0807293 0)
(4.92049 0.0821699 0)
(4.92664 0.0814884 0)
(4.93459 0.0858739 0)
(4.94955 0.0974995 0)
(4.95618 0.104608 0)
(4.96087 0.107905 0)
(4.96692 0.107963 0)
(4.96979 0.107373 0)
(4.97177 0.107672 0)
(4.97727 0.108947 0)
(4.98521 0.110011 0)
(4.98886 0.106078 0)
(4.99024 0.0888865 0)
(4.99019 0.0791712 0)
(4.98997 0.0768832 0)
(4.99205 0.0762851 0)
(5.00103 0.0764277 0)
(5.00679 0.0766175 0)
(5.01334 0.0769701 0)
(5.01786 0.0771855 0)
(5.02379 0.0776596 0)
(5.03175 0.0789453 0)
(5.03703 0.0802056 0)
(5.03993 0.0803319 0)
(5.03773 0.0766321 0)
(5.0254 0.070861 0)
(5.01392 0.0717069 0)
(5.00768 0.0709383 0)
(5.01514 0.0679413 0)
(5.02128 0.0678468 0)
(5.0256 0.0642575 0)
(5.02833 0.0579561 0)
(5.03119 0.056176 0)
(5.03794 0.0482088 0)
(5.04875 0.0433498 0)
(5.05447 0.0402008 0)
(5.05939 0.0344402 0)
(5.06477 0.0284509 0)
(5.06985 0.0264039 0)
(5.07424 0.027746 0)
(5.0738 0.0368896 0)
(4.20416 -0.0501049 0)
(4.21127 -0.0624406 0)
(4.21472 -0.0637703 0)
(4.21124 -0.0558911 0)
(4.20178 -0.0647081 0)
(4.2054 -0.103487 0)
(4.20685 -0.124867 0)
(4.21612 -0.122681 0)
(4.22233 -0.115381 0)
(4.23266 -0.11889 0)
(4.24288 -0.131902 0)
(4.24925 -0.142919 0)
(4.25293 -0.147205 0)
(4.24978 -0.15018 0)
(4.2504 -0.163311 0)
(4.26138 -0.173811 0)
(4.26795 -0.179362 0)
(4.27523 -0.183791 0)
(4.28418 -0.188407 0)
(4.29408 -0.194056 0)
(4.3002 -0.201946 0)
(4.29193 -0.21452 0)
(4.27535 -0.226593 0)
(4.2762 -0.230736 0)
(4.28067 -0.234831 0)
(4.28974 -0.239617 0)
(4.30063 -0.242297 0)
(4.31319 -0.245281 0)
(4.32688 -0.253506 0)
(4.33168 -0.259816 0)
(4.33756 -0.264998 0)
(4.34164 -0.268058 0)
(4.33771 -0.27026 0)
(4.3258 -0.272278 0)
(4.31712 -0.273846 0)
(4.32261 -0.274453 0)
(4.3282 -0.274528 0)
(4.33092 -0.274196 0)
(4.33389 -0.275268 0)
(4.33749 -0.27545 0)
(4.33979 -0.273382 0)
(4.34073 -0.271475 0)
(4.34241 -0.270759 0)
(4.34758 -0.270019 0)
(4.35754 -0.268251 0)
(4.36374 -0.266207 0)
(4.36711 -0.264093 0)
(4.36994 -0.260336 0)
(4.36884 -0.258186 0)
(4.35918 -0.257029 0)
(4.34646 -0.2547 0)
(4.34327 -0.253279 0)
(4.34267 -0.25248 0)
(4.34155 -0.248628 0)
(4.34078 -0.238575 0)
(4.34304 -0.225255 0)
(4.34726 -0.211751 0)
(4.35372 -0.199856 0)
(4.36425 -0.173936 0)
(4.36814 -0.13656 0)
(4.36952 -0.129122 0)
(4.36678 -0.124185 0)
(4.34884 -0.108716 0)
(4.33924 -0.097221 0)
(4.3338 -0.0944569 0)
(4.32059 -0.0783682 0)
(4.3149 -0.0585221 0)
(4.31643 -0.0515017 0)
(4.31174 -0.0326041 0)
(4.30481 -0.0025714 0)
(4.30589 0.017485 0)
(4.30589 0.0302803 0)
(4.30559 0.0455787 0)
(4.31295 0.0619494 0)
(4.32925 0.0779901 0)
(4.33916 0.0911396 0)
(4.33692 0.0963494 0)
(4.3339 0.100196 0)
(4.32995 0.105025 0)
(4.32413 0.108957 0)
(4.32054 0.108944 0)
(4.31915 0.110897 0)
(4.31736 0.119051 0)
(4.3118 0.124704 0)
(4.30897 0.124931 0)
(4.30783 0.123798 0)
(4.30686 0.118994 0)
(4.3094 0.114507 0)
(4.31773 0.113972 0)
(4.33175 0.115485 0)
(4.33841 0.116005 0)
(4.34147 0.116625 0)
(4.3465 0.119561 0)
(4.35 0.122866 0)
(4.3516 0.127638 0)
(4.35007 0.13155 0)
(4.34904 0.132264 0)
(4.35054 0.131238 0)
(4.3517 0.129541 0)
(4.35348 0.12825 0)
(4.35656 0.127893 0)
(4.35971 0.128104 0)
(4.36074 0.129288 0)
(4.35813 0.131339 0)
(4.35702 0.132076 0)
(4.36151 0.131455 0)
(4.36825 0.13131 0)
(4.37479 0.131176 0)
(4.38162 0.128851 0)
(4.38897 0.125079 0)
(4.39827 0.119146 0)
(4.40498 0.113483 0)
(4.41206 0.109339 0)
(4.41819 0.10719 0)
(4.42086 0.106003 0)
(4.41669 0.104045 0)
(4.40494 0.100442 0)
(4.40041 0.0968031 0)
(4.40579 0.0955502 0)
(4.41148 0.0950987 0)
(4.41833 0.0935822 0)
(4.42561 0.0922131 0)
(4.43704 0.0932695 0)
(4.44468 0.0995019 0)
(4.44592 0.103766 0)
(4.44726 0.106756 0)
(4.44998 0.106693 0)
(4.45231 0.106976 0)
(4.45446 0.110405 0)
(4.45552 0.115512 0)
(4.45439 0.114464 0)
(4.44977 0.105959 0)
(4.44848 0.101025 0)
(4.45244 0.0994719 0)
(4.45813 0.0985393 0)
(4.4645 0.0979239 0)
(4.47467 0.0981268 0)
(4.48111 0.0984561 0)
(4.48665 0.0982672 0)
(4.49235 0.0967642 0)
(4.50112 0.0932314 0)
(4.50499 0.091169 0)
(4.50905 0.0902256 0)
(4.51381 0.0897178 0)
(4.51694 0.0896102 0)
(4.5161 0.0895137 0)
(4.50581 0.0909481 0)
(4.49351 0.0956649 0)
(4.49318 0.0991758 0)
(4.49569 0.100317 0)
(4.49939 0.100919 0)
(4.50419 0.1012 0)
(4.50982 0.101537 0)
(4.52048 0.104004 0)
(4.53059 0.107089 0)
(4.53774 0.106982 0)
(4.54065 0.105954 0)
(4.54249 0.105814 0)
(4.54678 0.105715 0)
(4.55211 0.105535 0)
(4.55659 0.104961 0)
(4.55658 0.102408 0)
(4.54925 0.0985393 0)
(4.54221 0.0965262 0)
(4.54151 0.0962428 0)
(4.54859 0.0961417 0)
(4.5564 0.0962275 0)
(4.56227 0.0957876 0)
(4.5668 0.0948514 0)
(4.57002 0.094308 0)
(4.57361 0.0956111 0)
(4.57513 0.0972746 0)
(4.57618 0.0980044 0)
(4.57731 0.100618 0)
(4.57949 0.106832 0)
(4.58388 0.108947 0)
(4.58711 0.1118 0)
(4.59093 0.113905 0)
(4.59781 0.114875 0)
(4.60721 0.112123 0)
(4.61568 0.11079 0)
(4.62278 0.110477 0)
(4.63003 0.107188 0)
(4.63673 0.101792 0)
(4.64194 0.0975541 0)
(4.64711 0.0955817 0)
(4.65269 0.0957933 0)
(4.657 0.0975281 0)
(4.6562 0.0983582 0)
(4.64649 0.096435 0)
(4.63649 0.0940148 0)
(4.63696 0.0948876 0)
(4.64062 0.0968466 0)
(4.64547 0.0990574 0)
(4.65102 0.0994594 0)
(4.65924 0.0976027 0)
(4.66317 0.0967917 0)
(4.67179 0.0995934 0)
(4.67978 0.103382 0)
(4.68795 0.10364 0)
(4.69589 0.103579 0)
(4.70162 0.102683 0)
(4.70623 0.102343 0)
(4.71142 0.102647 0)
(4.71734 0.102743 0)
(4.72364 0.103701 0)
(4.72925 0.106437 0)
(4.73449 0.106309 0)
(4.73762 0.0998398 0)
(4.735 0.0938028 0)
(4.72831 0.0887151 0)
(4.72205 0.0798288 0)
(4.72499 0.0753914 0)
(4.72794 0.0757146 0)
(4.73137 0.0771478 0)
(4.73609 0.0785683 0)
(4.74347 0.0802695 0)
(4.7549 0.0832892 0)
(4.75932 0.0835709 0)
(4.76789 0.0818902 0)
(4.77781 0.0834933 0)
(4.79295 0.087969 0)
(4.80122 0.0891758 0)
(4.80595 0.0930343 0)
(4.81304 0.102132 0)
(4.8157 0.110101 0)
(4.81838 0.111308 0)
(4.82465 0.110432 0)
(4.83125 0.109505 0)
(4.83831 0.111912 0)
(4.84421 0.10935 0)
(4.84366 0.102245 0)
(4.83356 0.100486 0)
(4.82705 0.0896657 0)
(4.8295 0.0806522 0)
(4.83432 0.0766262 0)
(4.85189 0.0725262 0)
(4.86146 0.0720357 0)
(4.86605 0.0732169 0)
(4.87079 0.0752441 0)
(4.87629 0.0772975 0)
(4.88172 0.0794597 0)
(4.88489 0.0798746 0)
(4.88671 0.0790328 0)
(4.89339 0.0770034 0)
(4.89854 0.0770746 0)
(4.90272 0.0791842 0)
(4.90851 0.0798556 0)
(4.91589 0.0811281 0)
(4.92926 0.0847517 0)
(4.93944 0.0852783 0)
(4.94618 0.0884708 0)
(4.95112 0.0904413 0)
(4.95362 0.0892305 0)
(4.95393 0.0848789 0)
(4.94928 0.0802012 0)
(4.94613 0.079225 0)
(4.94775 0.0779391 0)
(4.95228 0.0693875 0)
(4.96412 0.0609003 0)
(4.96932 0.0581778 0)
(4.97195 0.0535116 0)
(4.98028 0.0473593 0)
(4.98641 0.0434312 0)
(4.99454 0.0390859 0)
(5.00112 0.0323756 0)
(5.00371 0.0302337 0)
(5.00965 0.0257673 0)
(5.01458 0.0221064 0)
(5.01508 0.0202094 0)
(5.00806 0.0182244 0)
(4.9974 0.0170732 0)
(4.99528 0.0174032 0)
(4.99568 0.0190099 0)
(4.99689 0.0200359 0)
(5.00386 0.016373 0)
(5.00968 0.0125818 0)
(5.0129 0.0064542 0)
(5.01613 0.00385481 0)
(5.02004 -0.00153666 0)
(5.02946 -0.0084704 0)
(5.03592 -0.0131734 0)
(5.0419 -0.0181222 0)
(5.04843 -0.0217245 0)
(5.05336 -0.0231737 0)
(5.05803 -0.0232332 0)
(5.06012 -0.020958 0)
(5.06816 -0.0194763 0)
(4.16706 0.0704057 0)
(4.1747 0.0752734 0)
(4.17815 0.0657665 0)
(4.17709 0.032966 0)
(4.17272 0.00515793 0)
(4.17549 -0.000581289 0)
(4.18454 0.00492524 0)
(4.19317 0.0120877 0)
(4.20728 0.00833802 0)
(4.22425 -0.0129574 0)
(4.22797 -0.0387948 0)
(4.22613 -0.0507834 0)
(4.22552 -0.0500776 0)
(4.22578 -0.0578791 0)
(4.24306 -0.0722121 0)
(4.25986 -0.083741 0)
(4.26976 -0.101605 0)
(4.27655 -0.113881 0)
(4.28443 -0.122864 0)
(4.29245 -0.131942 0)
(4.29316 -0.143808 0)
(4.27714 -0.160623 0)
(4.27512 -0.174571 0)
(4.28273 -0.178925 0)
(4.293 -0.18884 0)
(4.29871 -0.197225 0)
(4.31194 -0.205022 0)
(4.32586 -0.209667 0)
(4.3381 -0.215068 0)
(4.34651 -0.22348 0)
(4.34845 -0.233713 0)
(4.33985 -0.247698 0)
(4.32072 -0.261801 0)
(4.31933 -0.272857 0)
(4.32526 -0.274803 0)
(4.33169 -0.27555 0)
(4.34117 -0.276795 0)
(4.34902 -0.278996 0)
(4.3557 -0.281254 0)
(4.36057 -0.282711 0)
(4.36219 -0.281459 0)
(4.36381 -0.279966 0)
(4.36603 -0.277745 0)
(4.37033 -0.27413 0)
(4.37314 -0.272953 0)
(4.37945 -0.270766 0)
(4.38657 -0.265741 0)
(4.38989 -0.261122 0)
(4.38172 -0.26143 0)
(4.36642 -0.266447 0)
(4.36514 -0.271134 0)
(4.36871 -0.273357 0)
(4.37274 -0.27524 0)
(4.37788 -0.275695 0)
(4.38312 -0.273954 0)
(4.39093 -0.271586 0)
(4.40123 -0.266639 0)
(4.41107 -0.257255 0)
(4.41771 -0.247896 0)
(4.4199 -0.242828 0)
(4.41974 -0.240006 0)
(4.41616 -0.235999 0)
(4.40383 -0.228728 0)
(4.39087 -0.219627 0)
(4.38788 -0.216806 0)
(4.38376 -0.210674 0)
(4.38064 -0.202521 0)
(4.37766 -0.189726 0)
(4.37312 -0.168152 0)
(4.37107 -0.146801 0)
(4.37084 -0.131078 0)
(4.36956 -0.114715 0)
(4.36979 -0.0971605 0)
(4.37832 -0.075188 0)
(4.39565 -0.0450204 0)
(4.40019 -0.0305567 0)
(4.39529 -0.0255179 0)
(4.38859 -0.0185356 0)
(4.37757 -0.00732853 0)
(4.3633 0.00262654 0)
(4.35244 0.00630477 0)
(4.34831 0.00718651 0)
(4.34435 0.0121028 0)
(4.3439 0.0263727 0)
(4.34791 0.0356765 0)
(4.34851 0.0405313 0)
(4.34881 0.0405236 0)
(4.35252 0.0449124 0)
(4.36423 0.0571819 0)
(4.37768 0.0685865 0)
(4.37991 0.0726268 0)
(4.3796 0.0740714 0)
(4.37844 0.0755358 0)
(4.37721 0.0777149 0)
(4.37682 0.0840285 0)
(4.3745 0.092261 0)
(4.37218 0.0998244 0)
(4.37391 0.106528 0)
(4.37457 0.113296 0)
(4.37451 0.115368 0)
(4.37652 0.117573 0)
(4.37895 0.121128 0)
(4.3792 0.12462 0)
(4.37599 0.127679 0)
(4.37264 0.130184 0)
(4.37686 0.131327 0)
(4.38283 0.13192 0)
(4.38872 0.132984 0)
(4.39959 0.133448 0)
(4.40616 0.132492 0)
(4.41164 0.129252 0)
(4.41746 0.124806 0)
(4.42223 0.12293 0)
(4.42516 0.122154 0)
(4.42196 0.120378 0)
(4.40963 0.116642 0)
(4.40222 0.114936 0)
(4.40489 0.116554 0)
(4.40949 0.117822 0)
(4.41568 0.118226 0)
(4.42229 0.118628 0)
(4.42964 0.120166 0)
(4.44299 0.126566 0)
(4.45213 0.13498 0)
(4.45381 0.137462 0)
(4.45416 0.138599 0)
(4.455 0.139484 0)
(4.45578 0.137788 0)
(4.45552 0.133493 0)
(4.45302 0.12935 0)
(4.44863 0.128062 0)
(4.44778 0.124961 0)
(4.45341 0.119386 0)
(4.45837 0.115571 0)
(4.46455 0.114736 0)
(4.4714 0.115984 0)
(4.47794 0.11428 0)
(4.48789 0.111407 0)
(4.49534 0.110064 0)
(4.50235 0.106214 0)
(4.50867 0.0999031 0)
(4.51233 0.0963822 0)
(4.51723 0.0950575 0)
(4.52081 0.0946017 0)
(4.52126 0.0939924 0)
(4.51403 0.0931296 0)
(4.50192 0.0939761 0)
(4.49911 0.0972497 0)
(4.50054 0.0997348 0)
(4.50291 0.101458 0)
(4.5068 0.102234 0)
(4.51158 0.103384 0)
(4.52025 0.106058 0)
(4.53303 0.110753 0)
(4.53887 0.113005 0)
(4.54443 0.113 0)
(4.54848 0.111736 0)
(4.55203 0.111279 0)
(4.55637 0.11049 0)
(4.55954 0.108469 0)
(4.55786 0.104013 0)
(4.54874 0.0956455 0)
(4.53907 0.0914028 0)
(4.5388 0.0920031 0)
(4.5478 0.0920319 0)
(4.55405 0.0918819 0)
(4.55939 0.0927004 0)
(4.5645 0.0954489 0)
(4.56942 0.098311 0)
(4.5756 0.100886 0)
(4.57991 0.10417 0)
(4.58123 0.106018 0)
(4.58164 0.106875 0)
(4.58126 0.108858 0)
(4.57991 0.111675 0)
(4.58328 0.11426 0)
(4.58617 0.115826 0)
(4.59073 0.117042 0)
(4.59752 0.117493 0)
(4.60541 0.117217 0)
(4.61283 0.116309 0)
(4.61959 0.114827 0)
(4.62591 0.113094 0)
(4.63205 0.111065 0)
(4.63749 0.108567 0)
(4.6418 0.106618 0)
(4.64497 0.105381 0)
(4.64386 0.104505 0)
(4.6342 0.103397 0)
(4.62848 0.103909 0)
(4.63093 0.10548 0)
(4.63382 0.108476 0)
(4.63766 0.112341 0)
(4.64187 0.114589 0)
(4.64679 0.115827 0)
(4.65576 0.117109 0)
(4.66207 0.117392 0)
(4.66673 0.117166 0)
(4.6754 0.116265 0)
(4.68373 0.116717 0)
(4.69025 0.116552 0)
(4.69773 0.114876 0)
(4.70369 0.112921 0)
(4.70891 0.111589 0)
(4.71453 0.111298 0)
(4.72 0.111416 0)
(4.72432 0.108981 0)
(4.72419 0.103255 0)
(4.7148 0.0986355 0)
(4.69747 0.0935564 0)
(4.70058 0.0838681 0)
(4.70759 0.0816416 0)
(4.71023 0.0806994 0)
(4.71608 0.0790094 0)
(4.72236 0.0761357 0)
(4.72891 0.0736588 0)
(4.73843 0.0708496 0)
(4.74724 0.0676013 0)
(4.75124 0.0655874 0)
(4.7601 0.0634266 0)
(4.76809 0.0605455 0)
(4.77774 0.0598777 0)
(4.78556 0.0611281 0)
(4.79214 0.0615438 0)
(4.79837 0.0601218 0)
(4.80217 0.0563584 0)
(4.80582 0.0513107 0)
(4.80811 0.0435383 0)
(4.80585 0.0355532 0)
(4.79517 0.0241645 0)
(4.78407 -0.000447234 0)
(4.78462 -0.0148513 0)
(4.78659 -0.0213644 0)
(4.78986 -0.0289917 0)
(4.79607 -0.0353831 0)
(4.80504 -0.045337 0)
(4.81786 -0.056888 0)
(4.82925 -0.0685093 0)
(4.83755 -0.0790235 0)
(4.84379 -0.0873529 0)
(4.84893 -0.0948191 0)
(4.85162 -0.107462 0)
(4.8533 -0.12362 0)
(4.85755 -0.138073 0)
(4.86529 -0.147896 0)
(4.87471 -0.151234 0)
(4.88178 -0.154294 0)
(4.88768 -0.15886 0)
(4.89213 -0.168184 0)
(4.89861 -0.178665 0)
(4.90569 -0.190219 0)
(4.9007 -0.205926 0)
(4.89891 -0.22227 0)
(4.89865 -0.237448 0)
(4.89792 -0.249964 0)
(4.89846 -0.259958 0)
(4.90292 -0.273165 0)
(4.91337 -0.293097 0)
(4.91687 -0.305345 0)
(4.92511 -0.312868 0)
(4.93271 -0.322517 0)
(4.93936 -0.339586 0)
(4.94725 -0.349764 0)
(4.95611 -0.354511 0)
(4.95868 -0.365508 0)
(4.95623 -0.378628 0)
(4.95544 -0.393076 0)
(4.96059 -0.401159 0)
(4.96643 -0.408821 0)
(4.96873 -0.417521 0)
(4.96984 -0.423737 0)
(4.9713 -0.427044 0)
(4.97247 -0.430227 0)
(4.97539 -0.435044 0)
(4.98291 -0.441654 0)
(4.98659 -0.443395 0)
(4.99352 -0.450215 0)
(4.9982 -0.462462 0)
(5.00618 -0.471171 0)
(5.01454 -0.473683 0)
(5.02032 -0.475812 0)
(5.02554 -0.479231 0)
(5.0317 -0.482009 0)
(5.03984 -0.484062 0)
(5.04664 -0.485751 0)
(5.05436 -0.487087 0)
(5.04845 -0.478693 0)
(5.09713 -0.474294 0)
(4.14199 0.170904 0)
(4.13781 0.14454 0)
(4.13556 0.144104 0)
(4.13341 0.153999 0)
(4.13775 0.148542 0)
(4.15755 0.14048 0)
(4.17114 0.121401 0)
(4.17696 0.105541 0)
(4.18442 0.101282 0)
(4.19092 0.100041 0)
(4.18917 0.0944767 0)
(4.18529 0.080563 0)
(4.19824 0.0667424 0)
(4.20861 0.0537481 0)
(4.21963 0.0379571 0)
(4.2304 0.0327933 0)
(4.24088 0.0357621 0)
(4.2501 0.034151 0)
(4.25752 0.0171464 0)
(4.25484 -0.00795882 0)
(4.24214 -0.0275139 0)
(4.23943 -0.0338437 0)
(4.24582 -0.0336834 0)
(4.2541 -0.0355274 0)
(4.26977 -0.038978 0)
(4.28408 -0.0459173 0)
(4.29578 -0.0637121 0)
(4.30177 -0.0758186 0)
(4.30988 -0.0814323 0)
(4.31478 -0.083558 0)
(4.30343 -0.0858323 0)
(4.2887 -0.107693 0)
(4.28861 -0.125808 0)
(4.29116 -0.128512 0)
(4.30055 -0.129982 0)
(4.31177 -0.130811 0)
(4.32166 -0.131831 0)
(4.33201 -0.133727 0)
(4.34034 -0.136628 0)
(4.34117 -0.14287 0)
(4.33673 -0.152095 0)
(4.34077 -0.155895 0)
(4.34465 -0.158987 0)
(4.34976 -0.16111 0)
(4.35673 -0.163687 0)
(4.36464 -0.167989 0)
(4.37097 -0.175476 0)
(4.36839 -0.184635 0)
(4.35186 -0.190824 0)
(4.34622 -0.193104 0)
(4.35299 -0.193708 0)
(4.35834 -0.195141 0)
(4.36509 -0.19914 0)
(4.37324 -0.203708 0)
(4.38341 -0.207014 0)
(4.39326 -0.210922 0)
(4.40231 -0.21678 0)
(4.41262 -0.222384 0)
(4.41888 -0.224523 0)
(4.42237 -0.225204 0)
(4.42529 -0.225927 0)
(4.42144 -0.226068 0)
(4.40773 -0.226632 0)
(4.40012 -0.227039 0)
(4.4011 -0.226487 0)
(4.40193 -0.22543 0)
(4.40302 -0.224208 0)
(4.40507 -0.221798 0)
(4.40731 -0.21537 0)
(4.41023 -0.206599 0)
(4.4139 -0.198341 0)
(4.41784 -0.192177 0)
(4.42314 -0.185405 0)
(4.43199 -0.175816 0)
(4.44085 -0.167791 0)
(4.44331 -0.163915 0)
(4.44369 -0.15964 0)
(4.44005 -0.153168 0)
(4.42826 -0.145255 0)
(4.41254 -0.135867 0)
(4.407 -0.13225 0)
(4.40178 -0.128974 0)
(4.39447 -0.114953 0)
(4.39482 -0.093667 0)
(4.39955 -0.0862902 0)
(4.40227 -0.0806245 0)
(4.39675 -0.0551156 0)
(4.39857 -0.0298301 0)
(4.41115 -0.0145354 0)
(4.42757 0.00379711 0)
(4.42281 0.0153035 0)
(4.41649 0.0194876 0)
(4.41178 0.0267172 0)
(4.40178 0.0370877 0)
(4.39236 0.0534942 0)
(4.39098 0.0621725 0)
(4.38804 0.066092 0)
(4.3823 0.0760251 0)
(4.38339 0.0902724 0)
(4.39171 0.103639 0)
(4.39854 0.11502 0)
(4.39951 0.119352 0)
(4.39847 0.121102 0)
(4.39486 0.12498 0)
(4.3925 0.131616 0)
(4.39459 0.137646 0)
(4.39902 0.141174 0)
(4.40907 0.147157 0)
(4.41498 0.151315 0)
(4.41789 0.151899 0)
(4.42242 0.150277 0)
(4.42467 0.147208 0)
(4.42504 0.144388 0)
(4.42285 0.140588 0)
(4.41518 0.132261 0)
(4.40688 0.123571 0)
(4.40594 0.121959 0)
(4.40749 0.122411 0)
(4.41268 0.123484 0)
(4.42221 0.12405 0)
(4.43398 0.128295 0)
(4.44671 0.139582 0)
(4.45801 0.152785 0)
(4.46109 0.158098 0)
(4.46036 0.158411 0)
(4.4577 0.158012 0)
(4.4531 0.157572 0)
(4.44605 0.157264 0)
(4.43886 0.156042 0)
(4.43985 0.151699 0)
(4.44339 0.149971 0)
(4.4486 0.14822 0)
(4.45707 0.144569 0)
(4.46502 0.140339 0)
(4.47319 0.138814 0)
(4.48167 0.139844 0)
(4.48979 0.139952 0)
(4.49691 0.136796 0)
(4.50197 0.13201 0)
(4.50641 0.127114 0)
(4.51077 0.122649 0)
(4.51449 0.11992 0)
(4.51696 0.118076 0)
(4.51663 0.116008 0)
(4.51046 0.113063 0)
(4.50314 0.111153 0)
(4.50301 0.112596 0)
(4.50446 0.114603 0)
(4.50583 0.116879 0)
(4.50826 0.118999 0)
(4.51199 0.120538 0)
(4.51667 0.122713 0)
(4.52808 0.126721 0)
(4.53856 0.129794 0)
(4.54409 0.129595 0)
(4.55187 0.128164 0)
(4.55757 0.12751 0)
(4.56261 0.126274 0)
(4.56567 0.12313 0)
(4.56305 0.116745 0)
(4.55025 0.107675 0)
(4.53941 0.103187 0)
(4.53916 0.104557 0)
(4.54634 0.105289 0)
(4.55269 0.105602 0)
(4.55827 0.106941 0)
(4.5633 0.109345 0)
(4.56881 0.112277 0)
(4.57563 0.11703 0)
(4.58133 0.122116 0)
(4.58411 0.124457 0)
(4.58476 0.124825 0)
(4.58505 0.125156 0)
(4.58269 0.12516 0)
(4.58024 0.125613 0)
(4.58248 0.126115 0)
(4.58564 0.126241 0)
(4.59029 0.126096 0)
(4.59617 0.125501 0)
(4.60255 0.124479 0)
(4.60918 0.123339 0)
(4.61588 0.122339 0)
(4.62323 0.120415 0)
(4.62998 0.117951 0)
(4.63488 0.115583 0)
(4.63768 0.113192 0)
(4.63574 0.11095 0)
(4.6258 0.108749 0)
(4.62151 0.10773 0)
(4.62255 0.107885 0)
(4.62509 0.109269 0)
(4.62896 0.111866 0)
(4.63189 0.113558 0)
(4.63508 0.113917 0)
(4.63995 0.113658 0)
(4.64876 0.109744 0)
(4.65888 0.101726 0)
(4.66191 0.093255 0)
(4.66551 0.0859276 0)
(4.67142 0.0797413 0)
(4.67891 0.0715167 0)
(4.68543 0.061742 0)
(4.69121 0.0519213 0)
(4.69485 0.0406377 0)
(4.69463 0.0294699 0)
(4.69049 0.0196586 0)
(4.67707 0.000550598 0)
(4.66315 -0.0248832 0)
(4.65957 -0.0355941 0)
(4.65426 -0.0561392 0)
(4.65664 -0.0759471 0)
(4.66202 -0.0975595 0)
(4.66751 -0.123182 0)
(4.67437 -0.150186 0)
(4.68237 -0.172987 0)
(4.69024 -0.192127 0)
(4.69658 -0.214429 0)
(4.70175 -0.23752 0)
(4.70545 -0.260462 0)
(4.70915 -0.284776 0)
(4.71581 -0.306918 0)
(4.72248 -0.322542 0)
(4.72768 -0.32971 0)
(4.73548 -0.338657 0)
(4.72889 -0.367818 0)
(4.71312 -0.395643 0)
(4.7115 -0.420888 0)
(4.71689 -0.43895 0)
(4.70474 -0.468149 0)
(4.69553 -0.49966 0)
(4.69776 -0.525722 0)
(4.70543 -0.544685 0)
(4.71385 -0.563814 0)
(4.72266 -0.584679 0)
(4.73396 -0.600115 0)
(4.74518 -0.612007 0)
(4.75243 -0.626252 0)
(4.75824 -0.644943 0)
(4.76693 -0.662783 0)
(4.7779 -0.677547 0)
(4.78297 -0.696844 0)
(4.786 -0.711734 0)
(4.79004 -0.718333 0)
(4.79558 -0.726051 0)
(4.80829 -0.740315 0)
(4.82287 -0.753965 0)
(4.82546 -0.757021 0)
(4.82878 -0.76125 0)
(4.82974 -0.772171 0)
(4.8234 -0.787711 0)
(4.82649 -0.809581 0)
(4.83185 -0.815457 0)
(4.83704 -0.823771 0)
(4.83681 -0.841409 0)
(4.84362 -0.853671 0)
(4.85229 -0.85667 0)
(4.86281 -0.859047 0)
(4.87434 -0.871016 0)
(4.87851 -0.882891 0)
(4.8845 -0.888463 0)
(4.89319 -0.891413 0)
(4.90119 -0.900125 0)
(4.90168 -0.907496 0)
(4.90554 -0.916971 0)
(4.90922 -0.923735 0)
(4.9114 -0.928321 0)
(4.9159 -0.931471 0)
(4.92133 -0.934078 0)
(4.93002 -0.937054 0)
(4.93586 -0.937429 0)
(4.9381 -0.937269 0)
(4.9438 -0.941309 0)
(4.94985 -0.945361 0)
(4.95615 -0.94898 0)
(4.9648 -0.954006 0)
(4.97101 -0.958557 0)
(4.97922 -0.961477 0)
(4.99163 -0.96449 0)
(5.0014 -0.965719 0)
(5.00914 -0.964243 0)
(5.01718 -0.960963 0)
(5.0246 -0.960237 0)
(5.03114 -0.959635 0)
(5.03646 -0.959647 0)
(5.04401 -0.961051 0)
(5.05394 -0.957761 0)
(5.05214 -0.941004 0)
(5.09872 -0.938888 0)
(4.09545 0.292586 0)
(4.08941 0.276461 0)
(4.10315 0.259796 0)
(4.11322 0.243389 0)
(4.12079 0.231281 0)
(4.13119 0.230513 0)
(4.14135 0.23641 0)
(4.14843 0.243256 0)
(4.15406 0.230633 0)
(4.15745 0.194994 0)
(4.15576 0.170571 0)
(4.16116 0.170516 0)
(4.16798 0.175272 0)
(4.17921 0.17069 0)
(4.20105 0.157242 0)
(4.21611 0.133538 0)
(4.22224 0.117064 0)
(4.22691 0.111682 0)
(4.22736 0.108368 0)
(4.21594 0.0962033 0)
(4.21434 0.0805638 0)
(4.22372 0.0756971 0)
(4.23384 0.0602097 0)
(4.23805 0.0449515 0)
(4.24973 0.0415701 0)
(4.26396 0.041217 0)
(4.27833 0.0364 0)
(4.28952 0.0243693 0)
(4.29432 0.00789433 0)
(4.28799 -0.0145113 0)
(4.26989 -0.0362641 0)
(4.26818 -0.0387237 0)
(4.27454 -0.0364997 0)
(4.28569 -0.0405795 0)
(4.30402 -0.0451497 0)
(4.31813 -0.0561112 0)
(4.32504 -0.0686805 0)
(4.32918 -0.0710917 0)
(4.33165 -0.0682739 0)
(4.32929 -0.0669825 0)
(4.33243 -0.0822948 0)
(4.34512 -0.101389 0)
(4.34979 -0.113994 0)
(4.35518 -0.119829 0)
(4.36068 -0.122599 0)
(4.3656 -0.127455 0)
(4.36759 -0.138372 0)
(4.35591 -0.150809 0)
(4.34133 -0.16802 0)
(4.35157 -0.174337 0)
(4.36077 -0.176521 0)
(4.36883 -0.181728 0)
(4.38118 -0.189267 0)
(4.38769 -0.194539 0)
(4.40105 -0.197338 0)
(4.41195 -0.20199 0)
(4.42111 -0.212151 0)
(4.42628 -0.21525 0)
(4.43399 -0.218821 0)
(4.43831 -0.22233 0)
(4.43387 -0.226778 0)
(4.41628 -0.233692 0)
(4.40425 -0.239334 0)
(4.41067 -0.240442 0)
(4.41533 -0.24008 0)
(4.41909 -0.238694 0)
(4.42258 -0.238319 0)
(4.42748 -0.238247 0)
(4.43289 -0.235168 0)
(4.43852 -0.227791 0)
(4.44473 -0.216235 0)
(4.44902 -0.201771 0)
(4.45237 -0.194608 0)
(4.4561 -0.194015 0)
(4.46361 -0.19392 0)
(4.46975 -0.193178 0)
(4.46922 -0.192157 0)
(4.46029 -0.191552 0)
(4.44572 -0.192251 0)
(4.43415 -0.193577 0)
(4.43773 -0.193322 0)
(4.44007 -0.19322 0)
(4.44201 -0.191361 0)
(4.44588 -0.187405 0)
(4.45119 -0.183839 0)
(4.45572 -0.17931 0)
(4.4581 -0.170985 0)
(4.46244 -0.161357 0)
(4.47256 -0.151019 0)
(4.48167 -0.134498 0)
(4.47564 -0.121131 0)
(4.46731 -0.114503 0)
(4.45851 -0.101598 0)
(4.45209 -0.0971968 0)
(4.43979 -0.088793 0)
(4.42564 -0.0679474 0)
(4.42047 -0.0549363 0)
(4.4186 -0.0511038 0)
(4.41426 -0.027037 0)
(4.42183 0.000354923 0)
(4.43978 0.00960532 0)
(4.44244 0.0221877 0)
(4.4366 0.0288885 0)
(4.43239 0.0427642 0)
(4.43374 0.0517402 0)
(4.43459 0.0614521 0)
(4.43964 0.0730116 0)
(4.44789 0.0804953 0)
(4.45041 0.0821052 0)
(4.4506 0.0829153 0)
(4.45051 0.0851225 0)
(4.44889 0.084177 0)
(4.44422 0.0828845 0)
(4.43796 0.0866991 0)
(4.43262 0.0890111 0)
(4.43029 0.0892945 0)
(4.42658 0.0912767 0)
(4.42623 0.0951704 0)
(4.43214 0.0984431 0)
(4.4443 0.101758 0)
(4.45738 0.108823 0)
(4.46732 0.121196 0)
(4.47345 0.134306 0)
(4.47317 0.139924 0)
(4.47146 0.141337 0)
(4.46715 0.144381 0)
(4.46084 0.147538 0)
(4.45153 0.1488 0)
(4.44352 0.150692 0)
(4.44482 0.153241 0)
(4.45054 0.154119 0)
(4.4576 0.154372 0)
(4.46833 0.153022 0)
(4.47832 0.150761 0)
(4.48411 0.150987 0)
(4.49352 0.15453 0)
(4.4995 0.158556 0)
(4.50205 0.159873 0)
(4.5038 0.155344 0)
(4.50532 0.149632 0)
(4.50746 0.146025 0)
(4.5103 0.143394 0)
(4.51164 0.140131 0)
(4.50803 0.135667 0)
(4.50109 0.132882 0)
(4.50077 0.135303 0)
(4.50281 0.138614 0)
(4.5034 0.141889 0)
(4.50367 0.145501 0)
(4.50565 0.147566 0)
(4.50868 0.148954 0)
(4.51802 0.152246 0)
(4.53239 0.156733 0)
(4.53848 0.157405 0)
(4.54902 0.154902 0)
(4.55734 0.151137 0)
(4.56282 0.14796 0)
(4.56603 0.143744 0)
(4.56376 0.136225 0)
(4.55038 0.12596 0)
(4.5409 0.116412 0)
(4.54162 0.114912 0)
(4.5458 0.114168 0)
(4.55313 0.114065 0)
(4.55887 0.113728 0)
(4.56375 0.114691 0)
(4.56854 0.118181 0)
(4.57488 0.124204 0)
(4.58045 0.129108 0)
(4.58388 0.12998 0)
(4.58644 0.129161 0)
(4.58826 0.12736 0)
(4.58778 0.125999 0)
(4.58188 0.122637 0)
(4.58203 0.118182 0)
(4.58308 0.116839 0)
(4.58514 0.114976 0)
(4.58795 0.110611 0)
(4.58964 0.100587 0)
(4.59356 0.0900543 0)
(4.59928 0.0803419 0)
(4.60603 0.0706898 0)
(4.61256 0.0600284 0)
(4.61728 0.0489717 0)
(4.61594 0.0359605 0)
(4.60466 0.0200449 0)
(4.59428 -0.00378695 0)
(4.59248 -0.0201745 0)
(4.58864 -0.0340733 0)
(4.58248 -0.0533973 0)
(4.57801 -0.0824991 0)
(4.58058 -0.106517 0)
(4.58326 -0.122653 0)
(4.57868 -0.151522 0)
(4.57422 -0.199578 0)
(4.58547 -0.23288 0)
(4.59687 -0.256613 0)
(4.58694 -0.300044 0)
(4.58268 -0.333891 0)
(4.58948 -0.348282 0)
(4.59372 -0.376376 0)
(4.58854 -0.420251 0)
(4.58485 -0.454089 0)
(4.5832 -0.480793 0)
(4.57893 -0.512156 0)
(4.57117 -0.54152 0)
(4.56329 -0.561792 0)
(4.55054 -0.590277 0)
(4.53954 -0.631239 0)
(4.54517 -0.663104 0)
(4.55816 -0.675177 0)
(4.56564 -0.692673 0)
(4.56127 -0.732197 0)
(4.56629 -0.771499 0)
(4.58034 -0.796985 0)
(4.59477 -0.820719 0)
(4.6083 -0.842167 0)
(4.62097 -0.846507 0)
(4.6291 -0.847237 0)
(4.63281 -0.858062 0)
(4.63754 -0.876215 0)
(4.63677 -0.892836 0)
(4.62995 -0.90046 0)
(4.62655 -0.915172 0)
(4.62744 -0.927492 0)
(4.61985 -0.9388 0)
(4.61432 -0.958751 0)
(4.6158 -0.96388 0)
(4.61594 -0.969491 0)
(4.61017 -0.988668 0)
(4.61703 -1.0166 0)
(4.63434 -1.02434 0)
(4.65816 -1.013 0)
(4.67971 -1.01506 0)
(4.68597 -1.03058 0)
(4.69305 -1.03891 0)
(4.70006 -1.03994 0)
(4.70806 -1.03996 0)
(4.71604 -1.04213 0)
(4.72737 -1.04507 0)
(4.73093 -1.04406 0)
(4.73043 -1.04178 0)
(4.73032 -1.0443 0)
(4.73448 -1.05235 0)
(4.74017 -1.06433 0)
(4.74942 -1.08207 0)
(4.75278 -1.0891 0)
(4.75943 -1.09252 0)
(4.76657 -1.09533 0)
(4.77282 -1.09953 0)
(4.77689 -1.10595 0)
(4.7846 -1.10913 0)
(4.79144 -1.10887 0)
(4.79899 -1.10393 0)
(4.80698 -1.09786 0)
(4.81542 -1.09437 0)
(4.8188 -1.10025 0)
(4.82401 -1.10871 0)
(4.8291 -1.11209 0)
(4.83485 -1.11318 0)
(4.84203 -1.11547 0)
(4.85063 -1.1187 0)
(4.8597 -1.12069 0)
(4.86685 -1.12145 0)
(4.87337 -1.12183 0)
(4.87979 -1.12121 0)
(4.88623 -1.1197 0)
(4.89264 -1.11922 0)
(4.89868 -1.12166 0)
(4.90273 -1.12516 0)
(4.90183 -1.12599 0)
(4.90618 -1.12464 0)
(4.9156 -1.12536 0)
(4.92357 -1.12627 0)
(4.93262 -1.12788 0)
(4.94152 -1.12853 0)
(4.95076 -1.12704 0)
(4.96008 -1.1268 0)
(4.97068 -1.12775 0)
(4.98009 -1.12489 0)
(4.98943 -1.11923 0)
(5.00049 -1.11454 0)
(5.00932 -1.10793 0)
(5.01669 -1.10017 0)
(5.02716 -1.09468 0)
(5.04051 -1.08782 0)
(5.04647 -1.08138 0)
(5.06183 -1.08468 0)
(4.05811 0.352228 0)
(4.06218 0.344097 0)
(4.07356 0.353041 0)
(4.08158 0.360096 0)
(4.09792 0.354483 0)
(4.1159 0.333333 0)
(4.12177 0.310369 0)
(4.12497 0.304442 0)
(4.12475 0.307808 0)
(4.11702 0.30286 0)
(4.1227 0.289248 0)
(4.13917 0.28075 0)
(4.15135 0.263853 0)
(4.16292 0.245196 0)
(4.17402 0.239392 0)
(4.18496 0.239969 0)
(4.19486 0.235828 0)
(4.19867 0.221026 0)
(4.19074 0.19733 0)
(4.17984 0.175484 0)
(4.18673 0.172309 0)
(4.19455 0.174661 0)
(4.20439 0.174707 0)
(4.22134 0.168764 0)
(4.23694 0.151929 0)
(4.24433 0.129195 0)
(4.25057 0.120965 0)
(4.25731 0.11946 0)
(4.25526 0.114907 0)
(4.24095 0.0982381 0)
(4.24101 0.0843899 0)
(4.2479 0.0709441 0)
(4.25163 0.0600025 0)
(4.2608 0.0540573 0)
(4.27715 0.0549141 0)
(4.28754 0.0626988 0)
(4.29466 0.0708256 0)
(4.30549 0.0662445 0)
(4.31406 0.0475361 0)
(4.31433 0.0288322 0)
(4.31618 0.0124737 0)
(4.31879 0.00162517 0)
(4.32266 0.00606651 0)
(4.32509 0.014415 0)
(4.32915 0.00846878 0)
(4.33131 -0.01514 0)
(4.3267 -0.0373208 0)
(4.32536 -0.0458352 0)
(4.32794 -0.0485402 0)
(4.33453 -0.0530526 0)
(4.34512 -0.0539675 0)
(4.35294 -0.0569304 0)
(4.3605 -0.0589195 0)
(4.3711 -0.0634299 0)
(4.38841 -0.0745758 0)
(4.39973 -0.0892691 0)
(4.40552 -0.0947899 0)
(4.4108 -0.0956826 0)
(4.4146 -0.0984058 0)
(4.40986 -0.107883 0)
(4.39002 -0.121921 0)
(4.38022 -0.132468 0)
(4.38146 -0.134326 0)
(4.38995 -0.130516 0)
(4.40075 -0.128895 0)
(4.40606 -0.12536 0)
(4.41155 -0.125831 0)
(4.42034 -0.129548 0)
(4.42651 -0.131124 0)
(4.43112 -0.128442 0)
(4.43891 -0.125722 0)
(4.44393 -0.12677 0)
(4.4476 -0.132344 0)
(4.45236 -0.138935 0)
(4.45724 -0.144528 0)
(4.45878 -0.149078 0)
(4.45447 -0.154001 0)
(4.44417 -0.15753 0)
(4.43351 -0.158726 0)
(4.42891 -0.161053 0)
(4.43128 -0.16646 0)
(4.43798 -0.169579 0)
(4.44577 -0.170806 0)
(4.45268 -0.173441 0)
(4.45843 -0.175322 0)
(4.46533 -0.175946 0)
(4.47242 -0.176465 0)
(4.48065 -0.176574 0)
(4.49089 -0.175186 0)
(4.49734 -0.172837 0)
(4.49804 -0.171133 0)
(4.49657 -0.169773 0)
(4.48935 -0.166394 0)
(4.47669 -0.160332 0)
(4.46867 -0.15517 0)
(4.46594 -0.152246 0)
(4.46366 -0.147105 0)
(4.46411 -0.142284 0)
(4.46735 -0.13473 0)
(4.47589 -0.12448 0)
(4.48217 -0.110427 0)
(4.48103 -0.0999762 0)
(4.47906 -0.0855978 0)
(4.48248 -0.0751443 0)
(4.48517 -0.0706918 0)
(4.48271 -0.0522655 0)
(4.48341 -0.0282599 0)
(4.48814 -0.0205616 0)
(4.48376 -0.0134135 0)
(4.47828 -0.00863506 0)
(4.4736 -0.00300175 0)
(4.46982 0.00198927 0)
(4.4675 0.00520781 0)
(4.46169 0.016799 0)
(4.45916 0.025962 0)
(4.45657 0.0359879 0)
(4.45416 0.0500178 0)
(4.45833 0.057942 0)
(4.47302 0.0639949 0)
(4.48345 0.0804481 0)
(4.48549 0.0959164 0)
(4.48688 0.107618 0)
(4.4847 0.115754 0)
(4.48177 0.118479 0)
(4.4776 0.122709 0)
(4.47141 0.131911 0)
(4.46494 0.13854 0)
(4.45802 0.139933 0)
(4.45443 0.142311 0)
(4.45649 0.14648 0)
(4.46081 0.150605 0)
(4.47101 0.154631 0)
(4.48717 0.156194 0)
(4.49419 0.152922 0)
(4.49697 0.150889 0)
(4.50306 0.154192 0)
(4.50628 0.163734 0)
(4.50495 0.169122 0)
(4.50482 0.16553 0)
(4.50607 0.159293 0)
(4.50628 0.15372 0)
(4.50607 0.149814 0)
(4.50413 0.148873 0)
(4.50179 0.148539 0)
(4.50093 0.148708 0)
(4.49727 0.152957 0)
(4.49585 0.162057 0)
(4.49651 0.171626 0)
(4.49874 0.17693 0)
(4.50301 0.180386 0)
(4.51341 0.184144 0)
(4.53004 0.186962 0)
(4.53704 0.186559 0)
(4.54344 0.184718 0)
(4.55105 0.18142 0)
(4.55623 0.177842 0)
(4.5567 0.171063 0)
(4.54685 0.159423 0)
(4.53257 0.145903 0)
(4.53218 0.139307 0)
(4.53483 0.138214 0)
(4.53925 0.134258 0)
(4.54574 0.127494 0)
(4.55202 0.118485 0)
(4.55687 0.109458 0)
(4.55984 0.104967 0)
(4.56177 0.102458 0)
(4.56168 0.0967098 0)
(4.55884 0.0851135 0)
(4.55348 0.0633734 0)
(4.54969 0.0380998 0)
(4.54635 0.0148243 0)
(4.54005 -0.0115066 0)
(4.52947 -0.0504331 0)
(4.52409 -0.0902835 0)
(4.52636 -0.111127 0)
(4.52007 -0.144352 0)
(4.50023 -0.205834 0)
(4.49658 -0.258079 0)
(4.50446 -0.29437 0)
(4.50698 -0.338936 0)
(4.50155 -0.391588 0)
(4.49253 -0.439102 0)
(4.48431 -0.476771 0)
(4.47591 -0.506756 0)
(4.46435 -0.541825 0)
(4.44947 -0.59342 0)
(4.4457 -0.63312 0)
(4.44494 -0.639691 0)
(4.44306 -0.655549 0)
(4.43194 -0.719944 0)
(4.43924 -0.776405 0)
(4.45275 -0.775066 0)
(4.46888 -0.775547 0)
(4.45996 -0.838488 0)
(4.46799 -0.877667 0)
(4.47801 -0.873206 0)
(4.47559 -0.879053 0)
(4.46255 -0.908737 0)
(4.46527 -0.943689 0)
(4.47494 -0.944995 0)
(4.477 -0.952177 0)
(4.4685 -0.969951 0)
(4.46251 -1.00105 0)
(4.47041 -1.02642 0)
(4.47331 -1.0255 0)
(4.47396 -1.01273 0)
(4.47785 -1.02079 0)
(4.47934 -1.02982 0)
(4.48485 -1.06182 0)
(4.4896 -1.0748 0)
(4.49409 -1.06902 0)
(4.49673 -1.07176 0)
(4.50356 -1.08693 0)
(4.51946 -1.09604 0)
(4.54047 -1.09288 0)
(4.56148 -1.08949 0)
(4.57764 -1.09382 0)
(4.58578 -1.10135 0)
(4.58681 -1.10554 0)
(4.58664 -1.10943 0)
(4.58728 -1.10863 0)
(4.5858 -1.10278 0)
(4.57967 -1.10165 0)
(4.5725 -1.12188 0)
(4.56415 -1.14294 0)
(4.5608 -1.14803 0)
(4.56216 -1.14555 0)
(4.56538 -1.14164 0)
(4.57297 -1.13998 0)
(4.58312 -1.13999 0)
(4.60664 -1.13837 0)
(4.63882 -1.13104 0)
(4.65565 -1.12668 0)
(4.66269 -1.12582 0)
(4.67037 -1.12567 0)
(4.67836 -1.12145 0)
(4.6885 -1.11159 0)
(4.69697 -1.10038 0)
(4.7026 -1.10124 0)
(4.69761 -1.11589 0)
(4.68294 -1.13083 0)
(4.67255 -1.13787 0)
(4.67495 -1.14042 0)
(4.68185 -1.14238 0)
(4.68958 -1.1446 0)
(4.70084 -1.14747 0)
(4.7198 -1.14951 0)
(4.72987 -1.14627 0)
(4.74396 -1.13982 0)
(4.75189 -1.12998 0)
(4.75914 -1.12809 0)
(4.76731 -1.12924 0)
(4.77623 -1.12764 0)
(4.78357 -1.12554 0)
(4.78321 -1.12696 0)
(4.77733 -1.1267 0)
(4.78346 -1.12568 0)
(4.79126 -1.12537 0)
(4.79809 -1.12365 0)
(4.80706 -1.12289 0)
(4.81746 -1.12433 0)
(4.82693 -1.12605 0)
(4.83713 -1.12594 0)
(4.84777 -1.12277 0)
(4.85611 -1.11871 0)
(4.86434 -1.11678 0)
(4.87224 -1.11676 0)
(4.87671 -1.11942 0)
(4.87569 -1.12327 0)
(4.87211 -1.12196 0)
(4.87411 -1.11906 0)
(4.88617 -1.12086 0)
(4.8948 -1.12135 0)
(4.90389 -1.12083 0)
(4.91274 -1.12047 0)
(4.92246 -1.11655 0)
(4.93424 -1.10586 0)
(4.94774 -1.09855 0)
(4.96508 -1.0915 0)
(4.97049 -1.08197 0)
(4.97942 -1.07588 0)
(4.99183 -1.07038 0)
(4.99777 -1.06581 0)
(5.00269 -1.06633 0)
(5.00852 -1.07335 0)
(5.01115 -1.08203 0)
(5.01512 -1.09253 0)
(4.01607 0.465808 0)
(4.03399 0.459701 0)
(4.0516 0.446875 0)
(4.06401 0.426054 0)
(4.07485 0.417707 0)
(4.0832 0.421011 0)
(4.08683 0.42808 0)
(4.08298 0.429365 0)
(4.09077 0.399555 0)
(4.09846 0.364639 0)
(4.10237 0.352882 0)
(4.11158 0.359601 0)
(4.11875 0.366067 0)
(4.13647 0.358685 0)
(4.15837 0.337225 0)
(4.16679 0.309374 0)
(4.17073 0.298769 0)
(4.16895 0.295756 0)
(4.15668 0.288413 0)
(4.15699 0.28142 0)
(4.16532 0.279035 0)
(4.1759 0.26692 0)
(4.18649 0.250232 0)
(4.19954 0.243343 0)
(4.21038 0.239151 0)
(4.21777 0.2312 0)
(4.22101 0.225587 0)
(4.22054 0.212818 0)
(4.21461 0.180293 0)
(4.21429 0.161836 0)
(4.22005 0.161925 0)
(4.22494 0.163312 0)
(4.23087 0.164419 0)
(4.23848 0.160393 0)
(4.25602 0.15502 0)
(4.27358 0.145152 0)
(4.28548 0.128304 0)
(4.29216 0.121281 0)
(4.29452 0.128159 0)
(4.2896 0.139651 0)
(4.28509 0.142602 0)
(4.29018 0.124117 0)
(4.29967 0.0940976 0)
(4.30412 0.0704539 0)
(4.30318 0.055073 0)
(4.29897 0.0492818 0)
(4.29991 0.0536428 0)
(4.3051 0.0580055 0)
(4.31358 0.0528696 0)
(4.32844 0.0436992 0)
(4.33871 0.0347742 0)
(4.34424 0.0241027 0)
(4.35142 0.016537 0)
(4.36344 0.00575655 0)
(4.37421 -0.00193201 0)
(4.38395 -0.00859672 0)
(4.3935 -0.0188039 0)
(4.39968 -0.0323176 0)
(4.39797 -0.0484092 0)
(4.38199 -0.0663422 0)
(4.36995 -0.0768535 0)
(4.37433 -0.0756793 0)
(4.38002 -0.0752884 0)
(4.39239 -0.0754014 0)
(4.40488 -0.0752967 0)
(4.41202 -0.0750279 0)
(4.42006 -0.0801346 0)
(4.42357 -0.0912105 0)
(4.42573 -0.0927299 0)
(4.43195 -0.0871318 0)
(4.43968 -0.0844815 0)
(4.45223 -0.0972662 0)
(4.45663 -0.113102 0)
(4.45688 -0.124151 0)
(4.45528 -0.131297 0)
(4.45006 -0.138284 0)
(4.44356 -0.145526 0)
(4.43908 -0.152758 0)
(4.43287 -0.159188 0)
(4.43633 -0.169779 0)
(4.44095 -0.174783 0)
(4.44571 -0.175706 0)
(4.45593 -0.180081 0)
(4.46903 -0.181915 0)
(4.47574 -0.184931 0)
(4.48231 -0.187965 0)
(4.49134 -0.188988 0)
(4.49976 -0.18633 0)
(4.50481 -0.182269 0)
(4.50576 -0.180492 0)
(4.5054 -0.177929 0)
(4.5006 -0.176533 0)
(4.49016 -0.17891 0)
(4.48479 -0.179774 0)
(4.48495 -0.178228 0)
(4.48473 -0.175158 0)
(4.48633 -0.170852 0)
(4.49142 -0.163997 0)
(4.49858 -0.158524 0)
(4.50123 -0.157614 0)
(4.50676 -0.156536 0)
(4.51364 -0.155944 0)
(4.51942 -0.150525 0)
(4.52161 -0.13839 0)
(4.52189 -0.132246 0)
(4.52395 -0.127609 0)
(4.52503 -0.121948 0)
(4.52508 -0.119639 0)
(4.52373 -0.117641 0)
(4.51922 -0.114275 0)
(4.51288 -0.108752 0)
(4.5099 -0.104517 0)
(4.50914 -0.101602 0)
(4.50873 -0.0963236 0)
(4.50862 -0.0904815 0)
(4.50634 -0.0754173 0)
(4.50711 -0.054847 0)
(4.51669 -0.0434548 0)
(4.5343 -0.0307429 0)
(4.53744 -0.00551217 0)
(4.52759 0.00651173 0)
(4.52059 0.0151493 0)
(4.51683 0.022037 0)
(4.5056 0.0264141 0)
(4.49619 0.0339688 0)
(4.49313 0.0408576 0)
(4.48585 0.0520147 0)
(4.48263 0.0661223 0)
(4.48526 0.0742733 0)
(4.49083 0.081065 0)
(4.50196 0.094613 0)
(4.5178 0.111609 0)
(4.52589 0.117133 0)
(4.52642 0.116464 0)
(4.52574 0.114795 0)
(4.52375 0.113229 0)
(4.52416 0.115599 0)
(4.52633 0.120064 0)
(4.52526 0.120813 0)
(4.52435 0.118775 0)
(4.52435 0.117755 0)
(4.5224 0.117507 0)
(4.52128 0.123694 0)
(4.52011 0.126196 0)
(4.51805 0.125223 0)
(4.51189 0.129482 0)
(4.50533 0.142654 0)
(4.50412 0.15154 0)
(4.50673 0.154245 0)
(4.51488 0.155338 0)
(4.53007 0.156265 0)
(4.54217 0.14996 0)
(4.54419 0.139217 0)
(4.5426 0.130204 0)
(4.53864 0.118839 0)
(4.52386 0.096003 0)
(4.49986 0.0531353 0)
(4.49462 0.0212914 0)
(4.48459 -0.00340776 0)
(4.46742 -0.0434362 0)
(4.45803 -0.0969721 0)
(4.46289 -0.143284 0)
(4.4654 -0.185721 0)
(4.45668 -0.2298 0)
(4.44249 -0.278073 0)
(4.43036 -0.334051 0)
(4.42436 -0.366342 0)
(4.41768 -0.384109 0)
(4.38446 -0.447391 0)
(4.36279 -0.535241 0)
(4.36614 -0.57374 0)
(4.36398 -0.59733 0)
(4.35943 -0.637191 0)
(4.34967 -0.703535 0)
(4.34368 -0.777464 0)
(4.3502 -0.801472 0)
(4.36241 -0.788307 0)
(4.34865 -0.816894 0)
(4.33086 -0.894279 0)
(4.34353 -0.930361 0)
(4.36224 -0.931305 0)
(4.36108 -0.95825 0)
(4.35136 -0.990708 0)
(4.35323 -1.01053 0)
(4.35412 -1.02239 0)
(4.34613 -1.03676 0)
(4.34051 -1.06232 0)
(4.34084 -1.06554 0)
(4.33881 -1.06595 0)
(4.33864 -1.08075 0)
(4.35222 -1.08601 0)
(4.37599 -1.07355 0)
(4.39883 -1.06798 0)
(4.41699 -1.08728 0)
(4.42726 -1.10868 0)
(4.42743 -1.11418 0)
(4.4291 -1.11475 0)
(4.4301 -1.10903 0)
(4.43396 -1.11947 0)
(4.43278 -1.13976 0)
(4.42638 -1.14691 0)
(4.42882 -1.14458 0)
(4.43282 -1.14272 0)
(4.43855 -1.14534 0)
(4.44473 -1.15097 0)
(4.44915 -1.1531 0)
(4.45806 -1.14771 0)
(4.46418 -1.1436 0)
(4.47303 -1.14441 0)
(4.47915 -1.14956 0)
(4.4847 -1.15024 0)
(4.48934 -1.14689 0)
(4.49639 -1.13832 0)
(4.50548 -1.1345 0)
(4.52168 -1.1332 0)
(4.54268 -1.12789 0)
(4.55138 -1.12482 0)
(4.56327 -1.12308 0)
(4.57603 -1.12385 0)
(4.58567 -1.12387 0)
(4.59055 -1.12033 0)
(4.58999 -1.1166 0)
(4.5833 -1.11927 0)
(4.56536 -1.1296 0)
(4.55188 -1.13793 0)
(4.55689 -1.13914 0)
(4.56292 -1.13796 0)
(4.56887 -1.13378 0)
(4.57607 -1.12545 0)
(4.58606 -1.11753 0)
(4.60555 -1.11023 0)
(4.63282 -1.09774 0)
(4.64419 -1.08696 0)
(4.66454 -1.07876 0)
(4.67955 -1.06731 0)
(4.68908 -1.06558 0)
(4.69625 -1.06784 0)
(4.70207 -1.06949 0)
(4.70491 -1.07129 0)
(4.69538 -1.07759 0)
(4.67568 -1.08571 0)
(4.67016 -1.08937 0)
(4.67521 -1.0892 0)
(4.68105 -1.08745 0)
(4.68841 -1.08343 0)
(4.69701 -1.07828 0)
(4.71392 -1.0736 0)
(4.73916 -1.06599 0)
(4.74989 -1.06162 0)
(4.76131 -1.05627 0)
(4.77273 -1.04911 0)
(4.7815 -1.04817 0)
(4.78715 -1.05254 0)
(4.79102 -1.05509 0)
(4.79238 -1.05332 0)
(4.78419 -1.05173 0)
(4.7857 -1.0531 0)
(4.79135 -1.05313 0)
(4.79886 -1.0517 0)
(4.80874 -1.0517 0)
(4.8173 -1.05075 0)
(4.82653 -1.04826 0)
(4.83738 -1.04165 0)
(4.84467 -1.03842 0)
(4.85569 -1.03604 0)
(4.86493 -1.03812 0)
(4.87296 -1.04048 0)
(4.88034 -1.0415 0)
(4.88374 -1.04019 0)
(4.87936 -1.03818 0)
(4.87426 -1.03438 0)
(4.88046 -1.02896 0)
(4.89021 -1.02637 0)
(4.89722 -1.02167 0)
(4.90522 -1.01369 0)
(4.91392 -1.00762 0)
(4.92479 -1.00535 0)
(4.9421 -0.997889 0)
(4.95599 -0.985434 0)
(4.96154 -0.982101 0)
(4.96966 -0.98398 0)
(4.97701 -0.98721 0)
(4.98437 -0.990577 0)
(4.99175 -0.99341 0)
(4.99349 -1.00477 0)
(4.98143 -1.01704 0)
(4.98231 -1.02068 0)
(4.98816 -1.01797 0)
)
;

boundaryField
{
    inlet
    {
        type            fixedValue;
        value           nonuniform 0();
    }
    outlet
    {
        type            inletOutlet;
        inletValue      uniform (5 0 0);
        value           nonuniform List<vector> 
16
(
(5.13056 0.00350283 0)
(5.13879 0.00471706 0)
(5.14847 -0.00243774 0)
(5.15056 0.0132677 0)
(5.1496 0.0199372 0)
(5.14248 0.0173243 0)
(5.13027 0.0227839 0)
(5.11073 0.0207436 0)
(5.09019 0.0292418 0)
(5.0738 0.0368896 0)
(5.06816 -0.0194763 0)
(5.09713 -0.474294 0)
(5.09872 -0.938888 0)
(5.06183 -1.08468 0)
(5.01512 -1.09253 0)
(4.98816 -1.01797 0)
)
;
    }
    bottom
    {
        type            symmetryPlane;
    }
    top
    {
        type            symmetryPlane;
    }
    obstacle
    {
        type            slip;
    }
    defaultFaces
    {
        type            empty;
    }
    procBoundary1to0
    {
        type            processor;
        value           nonuniform List<vector> 8((4.04912 0.00404658 0) (4.05844 0.0246302 0) (4.10564 0.0278461 0) (4.16985 -0.0625007 0) (4.20352 -0.148831 0) (4.24582 -0.347575 0) (4.26095 -0.424344 0) (4.27259 -0.438 0));
    }
    procBoundary1to2
    {
        type            processor;
        value           nonuniform List<vector> 8((4.22926 -0.269193 0) (4.21969 -0.187944 0) (4.18809 -0.0274929 0) (4.15864 0.0723623 0) (4.13558 0.205584 0) (4.09547 0.293956 0) (4.05723 0.378338 0) (4.01435 0.471852 0));
    }
    procBoundary1to3
    {
        type            processor;
        value           nonuniform List<vector> 
288
(
(4.00289 0.536137 0)
(4.00818 0.520276 0)
(4.0203 0.521798 0)
(4.02973 0.532426 0)
(4.03992 0.535826 0)
(4.06014 0.514451 0)
(4.06614 0.47966 0)
(4.0643 0.46473 0)
(4.06307 0.473581 0)
(4.06042 0.47544 0)
(4.07206 0.464619 0)
(4.0902 0.455876 0)
(4.10558 0.432236 0)
(4.11908 0.412054 0)
(4.13128 0.403263 0)
(4.1358 0.403543 0)
(4.13477 0.406349 0)
(4.12768 0.398691 0)
(4.12937 0.374104 0)
(4.14179 0.359338 0)
(4.14594 0.346316 0)
(4.1511 0.344614 0)
(4.15821 0.350565 0)
(4.16887 0.349715 0)
(4.19045 0.332044 0)
(4.1987 0.305595 0)
(4.19806 0.285147 0)
(4.19406 0.269828 0)
(4.18487 0.262989 0)
(4.18521 0.263754 0)
(4.19548 0.264703 0)
(4.20511 0.263907 0)
(4.21873 0.253185 0)
(4.2284 0.22806 0)
(4.23511 0.216794 0)
(4.25039 0.217762 0)
(4.25683 0.225866 0)
(4.25609 0.244185 0)
(4.25407 0.254435 0)
(4.26292 0.232697 0)
(4.26896 0.194527 0)
(4.27146 0.166404 0)
(4.27615 0.157124 0)
(4.27731 0.158528 0)
(4.27249 0.15874 0)
(4.27379 0.154717 0)
(4.27832 0.155254 0)
(4.28638 0.153951 0)
(4.30383 0.140405 0)
(4.31643 0.123828 0)
(4.32304 0.119359 0)
(4.32743 0.119166 0)
(4.33113 0.118686 0)
(4.33962 0.109525 0)
(4.35234 0.0905881 0)
(4.36012 0.0733095 0)
(4.36596 0.0633867 0)
(4.36623 0.0566496 0)
(4.35386 0.0462762 0)
(4.34581 0.0386082 0)
(4.34642 0.0373642 0)
(4.35386 0.0319104 0)
(4.36673 0.0258319 0)
(4.37624 0.0222754 0)
(4.38559 0.0251689 0)
(4.39185 0.033806 0)
(4.39392 0.0379314 0)
(4.40221 0.0342901 0)
(4.4143 0.0183763 0)
(4.41985 0.00641352 0)
(4.42455 -0.00470227 0)
(4.42751 -0.0143199 0)
(4.42636 -0.02303 0)
(4.42054 -0.0297641 0)
(4.41501 -0.0261327 0)
(4.41529 -0.0271865 0)
(4.42288 -0.0412057 0)
(4.42506 -0.0476192 0)
(4.42233 -0.0519004 0)
(4.42047 -0.0624553 0)
(4.42429 -0.0646875 0)
(4.42919 -0.0652608 0)
(4.44275 -0.0742337 0)
(4.45765 -0.0787325 0)
(4.4656 -0.0847687 0)
(4.47633 -0.0901702 0)
(4.48145 -0.0924677 0)
(4.48457 -0.0931034 0)
(4.48896 -0.0952031 0)
(4.49041 -0.0978942 0)
(4.48248 -0.100995 0)
(4.46802 -0.103486 0)
(4.46642 -0.104303 0)
(4.47024 -0.104558 0)
(4.47485 -0.103135 0)
(4.48052 -0.0992591 0)
(4.48602 -0.0981766 0)
(4.49172 -0.0987978 0)
(4.49714 -0.106216 0)
(4.49925 -0.112128 0)
(4.50549 -0.115559 0)
(4.5137 -0.115508 0)
(4.518 -0.115472 0)
(4.51886 -0.117037 0)
(4.52166 -0.117519 0)
(4.52369 -0.117115 0)
(4.52614 -0.116594 0)
(4.52888 -0.116589 0)
(4.53053 -0.117931 0)
(4.5279 -0.121218 0)
(4.52226 -0.125865 0)
(4.52456 -0.12794 0)
(4.52799 -0.128305 0)
(4.531 -0.128511 0)
(4.53378 -0.127914 0)
(4.53944 -0.126477 0)
(4.54757 -0.122172 0)
(4.55835 -0.114365 0)
(4.56866 -0.106806 0)
(4.57062 -0.0968022 0)
(4.56487 -0.0914697 0)
(4.55958 -0.0891301 0)
(4.55251 -0.0858606 0)
(4.53954 -0.0787414 0)
(4.5316 -0.071211 0)
(4.5289 -0.0678452 0)
(4.52463 -0.0576599 0)
(4.52309 -0.0452107 0)
(4.52668 -0.0323466 0)
(4.53584 -0.0173144 0)
(4.55352 0.00270937 0)
(4.56387 0.0203411 0)
(4.56015 0.0226495 0)
(4.55556 0.0214995 0)
(4.54529 0.0169358 0)
(4.53794 0.0149896 0)
(4.5311 0.01483 0)
(4.52542 0.0203524 0)
(4.52526 0.0259671 0)
(4.52288 0.022492 0)
(4.51512 0.00806755 0)
(4.50874 0.0079429 0)
(4.50872 0.0147489 0)
(4.50407 0.00503816 0)
(4.49368 -0.0210324 0)
(4.48468 -0.0312198 0)
(4.47516 -0.0390067 0)
(4.45828 -0.0680729 0)
(4.44799 -0.108585 0)
(4.45484 -0.154221 0)
(4.46282 -0.197829 0)
(4.45609 -0.245489 0)
(4.4276 -0.319558 0)
(4.40869 -0.378907 0)
(4.39418 -0.417371 0)
(4.35383 -0.486977 0)
(4.3199 -0.577515 0)
(4.31011 -0.633403 0)
(4.29722 -0.673832 0)
(4.28342 -0.724963 0)
(4.28125 -0.798928 0)
(4.29021 -0.853897 0)
(4.29991 -0.858677 0)
(4.29828 -0.875002 0)
(4.27623 -0.928392 0)
(4.27239 -0.972394 0)
(4.26759 -0.967071 0)
(4.26701 -0.951129 0)
(4.25206 -0.986997 0)
(4.25775 -1.04579 0)
(4.2707 -1.0563 0)
(4.27892 -1.03435 0)
(4.29117 -1.03196 0)
(4.30392 -1.05269 0)
(4.30521 -1.07517 0)
(4.31023 -1.10413 0)
(4.31098 -1.10497 0)
(4.31099 -1.09906 0)
(4.3156 -1.10037 0)
(4.32175 -1.10915 0)
(4.32804 -1.12008 0)
(4.33945 -1.13169 0)
(4.345 -1.13633 0)
(4.34948 -1.14383 0)
(4.351 -1.15419 0)
(4.3505 -1.15794 0)
(4.34793 -1.15022 0)
(4.34858 -1.14063 0)
(4.35415 -1.13712 0)
(4.36055 -1.13468 0)
(4.37045 -1.13109 0)
(4.39693 -1.12047 0)
(4.42568 -1.10772 0)
(4.43451 -1.10695 0)
(4.4463 -1.11318 0)
(4.4531 -1.11996 0)
(4.45667 -1.12327 0)
(4.45826 -1.1252 0)
(4.45589 -1.12768 0)
(4.44875 -1.12944 0)
(4.44539 -1.12702 0)
(4.45149 -1.1232 0)
(4.45953 -1.12094 0)
(4.46852 -1.11548 0)
(4.47475 -1.1127 0)
(4.48396 -1.11214 0)
(4.49586 -1.11064 0)
(4.50688 -1.10953 0)
(4.51544 -1.1039 0)
(4.52446 -1.0949 0)
(4.53307 -1.08929 0)
(4.54193 -1.08478 0)
(4.55108 -1.07922 0)
(4.5603 -1.07427 0)
(4.57485 -1.06823 0)
(4.58694 -1.05899 0)
(4.59297 -1.05641 0)
(4.6023 -1.05627 0)
(4.6119 -1.06158 0)
(4.62139 -1.0652 0)
(4.62824 -1.06177 0)
(4.62028 -1.05345 0)
(4.60217 -1.04652 0)
(4.60308 -1.0463 0)
(4.60588 -1.04712 0)
(4.60939 -1.04697 0)
(4.61272 -1.04529 0)
(4.62031 -1.03749 0)
(4.63026 -1.03004 0)
(4.64994 -1.02357 0)
(4.67509 -1.01227 0)
(4.6855 -1.00874 0)
(4.69185 -1.0089 0)
(4.70188 -1.00877 0)
(4.7138 -1.00511 0)
(4.72661 -0.996445 0)
(4.73201 -0.990588 0)
(4.72082 -0.996314 0)
(4.69862 -1.00739 0)
(4.68771 -1.00812 0)
(4.6908 -1.00126 0)
(4.69642 -0.994414 0)
(4.70332 -0.986706 0)
(4.71223 -0.978939 0)
(4.72172 -0.972454 0)
(4.73493 -0.968033 0)
(4.75931 -0.962382 0)
(4.78685 -0.958114 0)
(4.7965 -0.958229 0)
(4.80264 -0.959229 0)
(4.81379 -0.958392 0)
(4.82368 -0.95474 0)
(4.82634 -0.951264 0)
(4.8141 -0.952893 0)
(4.79448 -0.952395 0)
(4.7905 -0.946977 0)
(4.80758 -0.949341 0)
(4.81525 -0.950843 0)
(4.82216 -0.950781 0)
(4.82915 -0.949426 0)
(4.84041 -0.944572 0)
(4.84559 -0.940526 0)
(4.85218 -0.939264 0)
(4.86462 -0.93625 0)
(4.87364 -0.935964 0)
(4.8791 -0.935605 0)
(4.88365 -0.935729 0)
(4.88627 -0.934939 0)
(4.88199 -0.9294 0)
(4.87982 -0.917794 0)
(4.88784 -0.913066 0)
(4.89382 -0.911363 0)
(4.89925 -0.911628 0)
(4.90501 -0.913206 0)
(4.91711 -0.914017 0)
(4.93452 -0.90665 0)
(4.94888 -0.897027 0)
(4.95351 -0.895005 0)
(4.95994 -0.893264 0)
(4.96603 -0.893789 0)
(4.97122 -0.897429 0)
(4.97465 -0.903057 0)
(4.97419 -0.909323 0)
(4.96551 -0.917397 0)
(4.9592 -0.918905 0)
(4.9627 -0.91853 0)
(4.96697 -0.916921 0)
(4.97841 -0.909551 0)
)
;
    }
}


// ************************************************************************* //
